timestamp,project_name,run_id,experiment_id,duration,emissions,emissions_rate,cpu_power,gpu_power,ram_power,cpu_energy,gpu_energy,ram_energy,energy_consumed,water_consumed,country_name,country_iso_code,region,cloud_provider,cloud_region,os,python_version,codecarbon_version,cpu_count,cpu_model,gpu_count,gpu_model,longitude,latitude,ram_total_size,tracking_mode,cpu_utilization_percent,gpu_utilization_percent,ram_utilization_percent,ram_used_gb,on_cloud,pue,wue
2026-09-27T05:50:33,mobilenet_v3_small_batch0_node_0_local_train,abd2c5d9-53d6-4806-9c66-fc2bdc747f68,5b0fa12a-3dd7-45bb-9766-cc326314d9f1,40.7040731520392,0.0006946201031304859,1.7065125166612145e-05,115.77795050700001,118.88091518105408,6.0,0.0012101374892948115,0.0016508229873295477,6.26601587185481e-05,0.002923620635342907,0.0,United Kingdom,GBR,england,,,Linux-6.4.0-150600.23.73_15.0.14-cray_shasta_c_64k-aarch64-with-glibc2.38,3.11.7,3.3.0,72,Neoverse-V2,1,1 x NVIDIA GH200 120GB,-2.5917,51.4535,64,machine,4.77027027027027,6.351351351351352,22.486486486486488,192.82270936708193,N,1.0,0.0
2026-09-27T05:50:43,mobilenet_v3_small_batch0_node_0_evaluate,49aa8bce-e56f-4ffa-a89d-d02ede0fd590,5b0fa12a-3dd7-45bb-9766-cc326314d9f1,8.08056437713094,9.052814230491289e-05,1.1203195479899824e-05,115.7515070976,803.1705961941018,6.0,0.00016185409132585645,0.00021081127977140568,8.362969040172175e-06,0.00038102834013743433,0.0,United Kingdom,GBR,england,,,Linux-6.4.0-150600.23.73_15.0.14-cray_shasta_c_64k-aarch64-with-glibc2.38,3.11.7,3.3.0,72,Neoverse-V2,1,1 x NVIDIA GH200 120GB,-2.5917,51.4535,64,machine,0.0,0.6,22.52,193.06513671875,N,1.0,0.0
2026-09-27T05:51:37,mobilenet_v3_small_batch0_node_1_local_train,e5d90b09-9ba7-4fb2-87c8-1ecf3621a415,5b0fa12a-3dd7-45bb-9766-cc326314d9f1,35.11880112695508,0.0005830040898629221,1.6600910940990046e-05,115.82407794528001,154.02498041172137,6.0,0.0010315962267764482,0.0013813311050512311,4.0907188553828746e-05,0.002453834520381508,0.0,United Kingdom,GBR,england,,,Linux-6.4.0-150600.23.73_15.0.14-cray_shasta_c_64k-aarch64-with-glibc2.38,3.11.7,3.3.0,72,Neoverse-V2,1,1 x NVIDIA GH200 120GB,-2.5917,51.4535,64,machine,6.378125,4.65625,22.543750000000003,193.02568817138672,N,1.0,0.0
2026-09-27T05:52:27,mobilenet_v3_small_batch0_node_1_evaluate,d15125c5-8698-464f-b4da-9dca0f037178,5b0fa12a-3dd7-45bb-9766-cc326314d9f1,11.634235773002729,0.0001491345038216627,1.2818590471385294e-05,115.7613600672,146.18386618281824,6.0,0.00027587770791561323,0.0003495591685123145,2.2626543654284126e-06,0.0006276995307933562,0.0,United Kingdom,GBR,england,,,Linux-6.4.0-150600.23.73_15.0.14-cray_shasta_c_64k-aarch64-with-glibc2.38,3.11.7,3.3.0,72,Neoverse-V2,1,1 x NVIDIA GH200 120GB,-2.5917,51.4535,64,machine,13.875,0.5,22.599999999999998,193.36373901367188,N,1.0,0.0
2026-09-27T05:53:50,mobilenet_v3_small_batch0_node_0_upload,fec87e5e-8acc-43e4-98c3-879dcf7e69fe,5b0fa12a-3dd7-45bb-9766-cc326314d9f1,5.636302946135402,4.5042061175119556e-05,7.991419482872754e-06,115.7509980288,148.94635755415723,6.0,8.295846640584079e-05,0.0001066156408455754,5.634130211547017e-09,0.00018957974138162774,0.0,United Kingdom,GBR,england,,,Linux-6.4.0-150600.23.73_15.0.14-cray_shasta_c_64k-aarch64-with-glibc2.38,3.11.7,3.3.0,72,Neoverse-V2,1,1 x NVIDIA GH200 120GB,-2.5917,51.4535,64,machine,0.0,0.0,22.6,193.49795532226562,N,1.0,0.0
2026-09-27T05:53:57,mobilenet_v3_small_batch0_node_1_upload,ae5be40d-1c2b-4d29-a58d-a922db6b7c8d,5b0fa12a-3dd7-45bb-9766-cc326314d9f1,4.061657833168283,1.847008015054188e-05,4.547423960657551e-06,115.76132818560001,160.73761082003392,6.0,3.260335329003713e-05,4.513086943802591e-05,5.4038983459273976e-09,7.773962662640897e-05,0.0,United Kingdom,GBR,england,,,Linux-6.4.0-150600.23.73_15.0.14-cray_shasta_c_64k-aarch64-with-glibc2.38,3.11.7,3.3.0,72,Neoverse-V2,1,1 x NVIDIA GH200 120GB,-2.5917,51.4535,64,machine,0.0,0.0,22.6,193.49072265625,N,1.0,0.0
2026-09-27T05:54:01,mobilenet_v3_small_batch0_node_0_exchange,50a54767-db6b-4a9a-811a-51647800195e,5b0fa12a-3dd7-45bb-9766-cc326314d9f1,3.0706568090245128,1.0579532951538887e-07,3.4453648224204505e-08,115.7509980288,0.0,6.0,4.393390581608322e-07,0.0,5.948095349594951e-09,4.4528715351042717e-07,0.0,United Kingdom,GBR,england,,,Linux-6.4.0-150600.23.73_15.0.14-cray_shasta_c_64k-aarch64-with-glibc2.38,3.11.7,3.3.0,72,Neoverse-V2,1,1 x NVIDIA GH200 120GB,-2.5917,51.4535,64,machine,0,0,0,0,N,1.0,0.0
2026-09-27T05:54:08,mobilenet_v3_small_batch0_node_1_exchange,26ade3a3-d9b0-451c-b05d-4e1eb6daf7c2,5b0fa12a-3dd7-45bb-9766-cc326314d9f1,4.080688068876043,1.751157644560723e-05,4.291329342022092e-06,115.7509980288,145.7364060454189,6.0,3.2682164776704695e-05,4.101531061451169e-05,7.857960105563204e-09,7.370533335132194e-05,0.0,United Kingdom,GBR,england,,,Linux-6.4.0-150600.23.73_15.0.14-cray_shasta_c_64k-aarch64-with-glibc2.38,3.11.7,3.3.0,72,Neoverse-V2,1,1 x NVIDIA GH200 120GB,-2.5917,51.4535,64,machine,0.0,0.0,22.4,191.84033203125,N,1.0,0.0
2026-09-27T05:54:15,mobilenet_v3_small_batch0_node_0_evaluate,2514b15e-d522-41e3-b2cb-35c686f6a5fb,5b0fa12a-3dd7-45bb-9766-cc326314d9f1,5.029436132172123,3.58515349658665e-05,7.128340836566676e-06,115.76803602240001,77.11806031292778,6.0,6.367446858428551e-05,8.395173387043542e-05,3.271082208569472e-06,0.00015089728466329038,0.0,United Kingdom,GBR,england,,,Linux-6.4.0-150600.23.73_15.0.14-cray_shasta_c_64k-aarch64-with-glibc2.38,3.11.7,3.3.0,72,Neoverse-V2,1,1 x NVIDIA GH200 120GB,-2.5917,51.4535,64,machine,0.0,3.0,22.6,193.64971923828125,N,1.0,0.0
2026-09-27T05:54:22,mobilenet_v3_small_batch0_node_1_evaluate,4b44a408-0cac-424d-bf0e-d1035a725efa,5b0fa12a-3dd7-45bb-9766-cc326314d9f1,5.389616115950048,4.110268342805676e-05,7.626272918848031e-06,115.761455712,146.7370446140273,6.0,7.539229627425922e-05,9.539646524103773e-05,2.210339571271713e-06,0.00017299910108656866,0.0,United Kingdom,GBR,england,,,Linux-6.4.0-150600.23.73_15.0.14-cray_shasta_c_64k-aarch64-with-glibc2.38,3.11.7,3.3.0,72,Neoverse-V2,1,1 x NVIDIA GH200 120GB,-2.5917,51.4535,64,machine,0.0,1.0,22.6,193.70803833007812,N,1.0,0.0
2026-09-27T05:55:12,efficientnet_lite0_batch0_node_0_local_train,8795da17-ac77-411a-8e8c-cb9574e24c4e,5b0fa12a-3dd7-45bb-9766-cc326314d9f1,42.4626039089635,0.0008294376763078614,1.9533368186419064e-05,115.78834597928727,185.26192923745748,6.0,0.0012676775818548198,0.002160125894789644,6.325745760696009e-05,0.0034910609342514234,0.0,United Kingdom,GBR,england,,,Linux-6.4.0-150600.23.73_15.0.14-cray_shasta_c_64k-aarch64-with-glibc2.38,3.11.7,3.3.0,72,Neoverse-V2,1,1 x NVIDIA GH200 120GB,-2.5917,51.4535,64,machine,3.3205128205128207,18.897435897435898,22.887179487179477,196.13485483022836,N,1.0,0.0
2026-09-27T05:56:25,efficientnet_lite0_batch0_node_0_evaluate,c18b7082-086b-4ccb-9404-e143a6db7a18,5b0fa12a-3dd7-45bb-9766-cc326314d9f1,6.0488229799084365,5.556308005382587e-05,9.185767253957058e-06,115.77242972159999,158.07610810905297,6.0,9.644442424329528e-05,0.0001341173295088538,3.3004202282366655e-06,0.00023386217398038575,0.0,United Kingdom,GBR,england,,,Linux-6.4.0-150600.23.73_15.0.14-cray_shasta_c_64k-aarch64-with-glibc2.38,3.11.7,3.3.0,72,Neoverse-V2,1,1 x NVIDIA GH200 120GB,-2.5917,51.4535,64,machine,0.0,4.5,23.0,196.59124755859375,N,1.0,0.0
2026-09-27T05:57:16,efficientnet_lite0_batch0_node_1_local_train,9b92930d-05ec-42a3-8c32-c6f9306ab461,5b0fa12a-3dd7-45bb-9766-cc326314d9f1,29.644104538019747,0.0005556766532338208,1.8744929620698893e-05,115.78875126336,180.36067267803188,6.0,0.0008553924673368263,0.0014408055970704936,4.261666705676665e-05,0.0023388147314640866,0.0,United Kingdom,GBR,england,,,Linux-6.4.0-150600.23.73_15.0.14-cray_shasta_c_64k-aarch64-with-glibc2.38,3.11.7,3.3.0,72,Neoverse-V2,1,1 x NVIDIA GH200 120GB,-2.5917,51.4535,64,machine,6.711538461538462,18.423076923076923,23.0,196.99091045673077,N,1.0,0.0
2026-09-27T05:57:29,efficientnet_lite0_batch0_node_1_evaluate,090b8b78-a741-403e-b803-3ecac9873f88,5b0fa12a-3dd7-45bb-9766-cc326314d9f1,5.81011485401541,4.9743130322996286e-05,8.561471084968048e-06,115.7666207904,154.76648865514068,6.0,8.887177666777672e-05,0.00011827426129684682,2.2202640232474854e-06,0.00020936630198787102,0.0,United Kingdom,GBR,england,,,Linux-6.4.0-150600.23.73_15.0.14-cray_shasta_c_64k-aarch64-with-glibc2.38,3.11.7,3.3.0,72,Neoverse-V2,1,1 x NVIDIA GH200 120GB,-2.5917,51.4535,64,machine,0.0,3.5,23.0,197.00973510742188,N,1.0,0.0
2026-09-27T05:57:39,efficientnet_lite0_batch0_node_0_upload,b645b870-c2f7-442c-a622-7c6fcc5944ee,5b0fa12a-3dd7-45bb-9766-cc326314d9f1,8.452550549991429,9.449817589523273e-05,1.1179841556265943e-05,115.8114194496,149.40453357826618,6.0,0.0001737363055148643,0.0002239960125507423,5.691249777252475e-09,0.0003977380093153839,0.0,United Kingdom,GBR,england,,,Linux-6.4.0-150600.23.73_15.0.14-cray_shasta_c_64k-aarch64-with-glibc2.38,3.11.7,3.3.0,72,Neoverse-V2,1,1 x NVIDIA GH200 120GB,-2.5917,51.4535,64,machine,0.0,0.0,23.220000000000002,198.8724365234375,N,1.0,0.0
2026-09-27T05:57:46,efficientnet_lite0_batch0_node_1_upload,80f30a23-ee66-43d9-ba92-35e6b6e20272,5b0fa12a-3dd7-45bb-9766-cc326314d9f1,4.077220550971106,1.8666705632893903e-05,4.578291853367583e-06,115.8145155072,162.37061398846248,6.0,3.2968678397491754e-05,4.5593092039553085e-05,5.4428299578527605e-09,7.85672132670027e-05,0.0,United Kingdom,GBR,england,,,Linux-6.4.0-150600.23.73_15.0.14-cray_shasta_c_64k-aarch64-with-glibc2.38,3.11.7,3.3.0,72,Neoverse-V2,1,1 x NVIDIA GH200 120GB,-2.5917,51.4535,64,machine,0.0,0.0,23.3,199.68707275390625,N,1.0,0.0
2026-09-27T05:57:52,efficientnet_lite0_batch0_node_0_exchange,fe0c2c45-ff36-4a60-bb2c-a4875702c7cb,5b0fa12a-3dd7-45bb-9766-cc326314d9f1,5.081371643813327,3.510563419144728e-05,6.908692505140634e-06,115.8145155072,148.0854302733333,6.0,6.489961545769142e-05,8.285228850013482e-05,5.922336519385378e-09,0.00014775782629434562,0.0,United Kingdom,GBR,england,,,Linux-6.4.0-150600.23.73_15.0.14-cray_shasta_c_64k-aarch64-with-glibc2.38,3.11.7,3.3.0,72,Neoverse-V2,1,1 x NVIDIA GH200 120GB,-2.5917,51.4535,64,machine,0.0,0.0,23.3,199.72457885742188,N,1.0,0.0
2026-09-27T05:58:03,efficientnet_lite0_batch0_node_1_exchange,cd222ec9-41f5-407c-b09d-049715c138c2,5b0fa12a-3dd7-45bb-9766-cc326314d9f1,8.148057094076648,8.890670556818339e-05,1.0911399434451123e-05,115.80797917439999,149.07177462822898,6.0,0.00016366271261550623,0.0002105357239940986,5.3588867497940855e-09,0.0003742037954963546,0.0,United Kingdom,GBR,england,,,Linux-6.4.0-150600.23.73_15.0.14-cray_shasta_c_64k-aarch64-with-glibc2.38,3.11.7,3.3.0,72,Neoverse-V2,1,1 x NVIDIA GH200 120GB,-2.5917,51.4535,64,machine,9.72,0.0,23.3,199.74222412109376,N,1.0,0.0
2026-09-27T05:58:16,efficientnet_lite0_batch0_node_0_evaluate,9dd821fe-57ae-43bf-a015-fd6005092a38,5b0fa12a-3dd7-45bb-9766-cc326314d9f1,6.467736323131248,6.245251341533098e-05,9.656007959380697e-06,115.82200673279999,157.8724516528286,6.0,0.00010986214518107028,0.00014975900867852943,3.2382942433469e-06,0.0002628594481029466,0.0,United Kingdom,GBR,england,,,Linux-6.4.0-150600.23.73_15.0.14-cray_shasta_c_64k-aarch64-with-glibc2.38,3.11.7,3.3.0,72,Neoverse-V2,1,1 x NVIDIA GH200 120GB,-2.5917,51.4535,64,machine,0.0,5.666666666666667,23.3,199.7684326171875,N,1.0,0.0
2026-09-27T05:58:29,efficientnet_lite0_batch0_node_1_evaluate,cbeec46e-d26c-4a09-9e4a-27ab9190f0c6,5b0fa12a-3dd7-45bb-9766-cc326314d9f1,5.370200908044353,4.208640276269093e-05,7.837025743235625e-06,115.7773350816,155.22566446457216,6.0,7.457527643009882e-05,0.00010039202476264109,2.1722244700261705e-06,0.0001771395256627661,0.0,United Kingdom,GBR,england,,,Linux-6.4.0-150600.23.73_15.0.14-cray_shasta_c_64k-aarch64-with-glibc2.38,3.11.7,3.3.0,72,Neoverse-V2,1,1 x NVIDIA GH200 120GB,-2.5917,51.4535,64,machine,0.0,2.0,23.3,199.89700317382812,N,1.0,0.0
2026-09-27T05:59:21,mobilevit_xxs_batch0_node_0_local_train,3bbbb07e-cce4-453b-9614-d75e8a418804,5b0fa12a-3dd7-45bb-9766-cc326314d9f1,44.87250662012957,0.0008303187941220933,1.8503953905477095e-05,115.84619861807077,134.35548762750665,6.0,0.0013462311122070132,0.0020788691630855283,6.966923896145696e-05,0.0034947695142539988,0.0,United Kingdom,GBR,england,,,Linux-6.4.0-150600.23.73_15.0.14-cray_shasta_c_64k-aarch64-with-glibc2.38,3.11.7,3.3.0,72,Neoverse-V2,1,1 x NVIDIA GH200 120GB,-2.5917,51.4535,64,machine,4.114634146341463,18.29268292682927,23.38536585365852,199.98546321217606,N,1.0,0.0
2026-09-27T06:00:02,mobilevit_xxs_batch0_node_0_evaluate,427fcd8a-f0a4-4af2-b740-16eb1f484db5,5b0fa12a-3dd7-45bb-9766-cc326314d9f1,9.6001080670394,0.00011608442511587159,1.2091991496890632e-05,115.76457516672001,153.60207404408493,6.0,0.00021059119183479522,0.0002744935529506165,3.5086880581608664e-06,0.0004885934328435727,0.0,United Kingdom,GBR,england,,,Linux-6.4.0-150600.23.73_15.0.14-cray_shasta_c_64k-aarch64-with-glibc2.38,3.11.7,3.3.0,72,Neoverse-V2,1,1 x NVIDIA GH200 120GB,-2.5917,51.4535,64,machine,3.3333333333333335,3.3333333333333335,23.366666666666664,200.06501261393228,N,1.0,0.0
2026-09-27T06:01:43,mobilevit_xxs_batch0_node_1_local_train,135addf1-b3d8-4b8b-b0db-a2e9ad9246a0,5b0fa12a-3dd7-45bb-9766-cc326314d9f1,30.985452143941075,0.000550712095674676,1.7773247042398342e-05,115.78261601243076,118.1738057912897,6.0,0.0008981348611817073,0.001373286654200001,4.6497646173229445e-05,0.0023179191615549377,0.0,United Kingdom,GBR,england,,,Linux-6.4.0-150600.23.73_15.0.14-cray_shasta_c_64k-aarch64-with-glibc2.38,3.11.7,3.3.0,72,Neoverse-V2,1,1 x NVIDIA GH200 120GB,-2.5917,51.4535,64,machine,5.725925925925925,17.037037037037038,23.370370370370367,200.26112648292823,N,1.0,0.0
2026-09-27T06:02:03,mobilevit_xxs_batch0_node_1_evaluate,01a737cb-9abc-4066-9b60-19ac91e0c062,5b0fa12a-3dd7-45bb-9766-cc326314d9f1,5.484350195154548,4.3719495475767375e-05,7.971681953204553e-06,115.7670033696,151.87096521267313,6.0,7.839128654981365e-05,0.00010325536038635619,2.366482778452337e-06,0.0001840131297146222,0.0,United Kingdom,GBR,england,,,Linux-6.4.0-150600.23.73_15.0.14-cray_shasta_c_64k-aarch64-with-glibc2.38,3.11.7,3.3.0,72,Neoverse-V2,1,1 x NVIDIA GH200 120GB,-2.5917,51.4535,64,machine,0.0,5.5,23.4,200.46343994140625,N,1.0,0.0
2026-09-27T06:02:25,mobilevit_xxs_batch0_node_0_upload,b295af10-1322-4479-894d-5cc1d4721836,5b0fa12a-3dd7-45bb-9766-cc326314d9f1,4.463677632855251,2.4462875582340665e-05,5.48043062121685e-06,115.7409198144,147.92400770958582,6.0,4.525569048281101e-05,5.7701990613168164e-05,5.3162748614947e-09,0.00010296299737084067,0.0,United Kingdom,GBR,england,,,Linux-6.4.0-150600.23.73_15.0.14-cray_shasta_c_64k-aarch64-with-glibc2.38,3.11.7,3.3.0,72,Neoverse-V2,1,1 x NVIDIA GH200 120GB,-2.5917,51.4535,64,machine,39.1,0.0,23.4,200.6630859375,N,1.0,0.0
2026-09-27T06:02:48,mobilevit_xxs_batch0_node_1_upload,07d0ca80-05fe-4a97-811b-f919c6b47d16,5b0fa12a-3dd7-45bb-9766-cc326314d9f1,7.073852746980265,6.984124569486252e-05,9.873155152215579e-06,115.77681559295999,147.6127924333078,6.0,0.00012927021421759474,0.0001646826317198702,5.400003477310141e-09,0.00029395824594094223,0.0,United Kingdom,GBR,england,,,Linux-6.4.0-150600.23.73_15.0.14-cray_shasta_c_64k-aarch64-with-glibc2.38,3.11.7,3.3.0,72,Neoverse-V2,1,1 x NVIDIA GH200 120GB,-2.5917,51.4535,64,machine,9.1,0.0,23.4,200.66526794433594,N,1.0,0.0
2026-09-27T06:05:41,mobilevit_xxs_batch0_node_0_exchange,01e72d44-4be4-49f1-9846-15d4462b4f0b,5b0fa12a-3dd7-45bb-9766-cc326314d9f1,51.63948473101482,0.0008595120189624613,1.6644473186353e-05,115.80090852984002,148.13363987493244,6.0,0.0015624764703035471,0.0019986027099889725,5.656313043087721e-05,0.0036176423107233974,0.0,United Kingdom,GBR,england,,,Linux-6.4.0-150600.23.73_15.0.14-cray_shasta_c_64k-aarch64-with-glibc2.38,3.11.7,3.3.0,72,Neoverse-V2,1,1 x NVIDIA GH200 120GB,-2.5917,51.4535,64,machine,6.2375,0.0,23.456249999999997,200.76005172729492,N,1.0,0.0
2026-09-27T06:06:09,mobilevit_xxs_batch0_node_1_exchange,b63c38f8-38c5-4ed3-b2d0-a92f16270209,5b0fa12a-3dd7-45bb-9766-cc326314d9f1,10.087213139049709,0.00012209883760497297,1.2104318201853282e-05,115.72642068480002,147.63840956336077,6.0,0.0002258759465150123,0.0002880260637709853,5.778395182763537e-09,0.0005139077886811803,0.0,United Kingdom,GBR,england,,,Linux-6.4.0-150600.23.73_15.0.14-cray_shasta_c_64k-aarch64-with-glibc2.38,3.11.7,3.3.0,72,Neoverse-V2,1,1 x NVIDIA GH200 120GB,-2.5917,51.4535,64,machine,21.114285714285717,0.0,23.47142857142857,200.77262660435267,N,1.0,0.0
2026-09-27T06:08:36,mobilevit_xxs_batch0_node_0_evaluate,338f7f7f-eac8-4516-b456-3e004eae09d1,5b0fa12a-3dd7-45bb-9766-cc326314d9f1,83.13036749907769,0.0014857690113508726,1.787275884913364e-05,115.75663023290222,128.74436418049618,6.0,0.0026591503416492648,0.0033993093861113266,0.0001950663670959572,0.0062535260948565485,0.0,United Kingdom,GBR,england,,,Linux-6.4.0-150600.23.73_15.0.14-cray_shasta_c_64k-aarch64-with-glibc2.38,3.11.7,3.3.0,72,Neoverse-V2,1,1 x NVIDIA GH200 120GB,-2.5917,51.4535,64,machine,6.2575,0.1125,23.50499999999999,201.51460723876954,N,1.0,0.0
2026-09-27T06:08:41,mobilevit_xxs_batch0_node_1_evaluate,a2f406e1-cee0-49ee-8801-9c6a028c697a,5b0fa12a-3dd7-45bb-9766-cc326314d9f1,4.471289066132158,2.6193612603630494e-05,5.858179199827267e-06,115.7666207904,81.67930966277076,6.0,4.553895393295643e-05,6.23889388009502e-05,2.3196886087923004e-06,0.00011024758134269892,0.0,United Kingdom,GBR,england,,,Linux-6.4.0-150600.23.73_15.0.14-cray_shasta_c_64k-aarch64-with-glibc2.38,3.11.7,3.3.0,72,Neoverse-V2,1,1 x NVIDIA GH200 120GB,-2.5917,51.4535,64,machine,29.0,13.0,23.6,201.7469482421875,N,1.0,0.0
2026-09-27T06:09:22,mobilenet_v3_small_batch1_node_0_local_train,f00e0fb3-b42f-4053-9d01-21e7c7ccd335,5b0fa12a-3dd7-45bb-9766-cc326314d9f1,9.528653025161475,0.00011835034704761813,1.242046979096634e-05,115.59807847131428,79.05648054627592,6.0,0.00020704237705408506,0.00028035827980943395,1.072992598172277e-05,0.0004981305828452417,0.0,United Kingdom,GBR,england,,,Linux-6.4.0-150600.23.73_15.0.14-cray_shasta_c_64k-aarch64-with-glibc2.38,3.11.7,3.3.0,72,Neoverse-V2,1,1 x NVIDIA GH200 120GB,-2.5917,51.4535,64,machine,10.0,5.833333333333333,23.266666666666666,199.42000325520834,N,1.0,0.0
2026-09-27T06:12:13,mobilenet_v3_small_batch1_node_0_evaluate,1676e101-2daf-4475-86e5-212991cc6d6a,5b0fa12a-3dd7-45bb-9766-cc326314d9f1,16.403880995931104,0.0002351129481105534,1.4332763580086441e-05,115.71786659520001,149.04343811558266,6.0,0.0004292265736183159,0.0005526659976737847,7.68585241671341e-06,0.000989578423708814,0.0,United Kingdom,GBR,england,,,Linux-6.4.0-150600.23.73_15.0.14-cray_shasta_c_64k-aarch64-with-glibc2.38,3.11.7,3.3.0,72,Neoverse-V2,1,1 x NVIDIA GH200 120GB,-2.5917,51.4535,64,machine,6.684615384615385,0.15384615384615385,23.300000000000008,199.8917752779447,N,1.0,0.0
2026-09-27T06:12:18,mobilenet_v3_small_batch1_node_1_local_train,c6c6e900-8edf-4c72-891d-99fd76bebbae,5b0fa12a-3dd7-45bb-9766-cc326314d9f1,4.6557868488598615,2.9280455954601438e-05,6.289045633988124e-06,115.77811423680001,79.03865338196313,6.0,5.131159817109999e-05,6.929283318868329e-05,2.63551642652601e-06,0.0001232399477863093,0.0,United Kingdom,GBR,england,,,Linux-6.4.0-150600.23.73_15.0.14-cray_shasta_c_64k-aarch64-with-glibc2.38,3.11.7,3.3.0,72,Neoverse-V2,1,1 x NVIDIA GH200 120GB,-2.5917,51.4535,64,machine,0.0,9.0,23.4,199.9874267578125,N,1.0,0.0
2026-09-27T06:13:35,mobilenet_v3_small_batch1_node_1_evaluate,b92924ab-857b-4170-bdb5-425a8324bffe,5b0fa12a-3dd7-45bb-9766-cc326314d9f1,5.623113295063376,4.487707704810908e-05,7.980823912530342e-06,115.789886064,145.7020144556322,6.0,8.26374141980019e-05,0.00010366147182594432,2.586445570147286e-06,0.0001888853315940935,0.0,United Kingdom,GBR,england,,,Linux-6.4.0-150600.23.73_15.0.14-cray_shasta_c_64k-aarch64-with-glibc2.38,3.11.7,3.3.0,72,Neoverse-V2,1,1 x NVIDIA GH200 120GB,-2.5917,51.4535,64,machine,12.5,1.5,23.4,200.23284912109375,N,1.0,0.0
2026-09-27T06:14:05,mobilenet_v3_small_batch1_node_0_exchange,318931b1-fb0a-4fd9-9196-5df1c8950953,5b0fa12a-3dd7-45bb-9766-cc326314d9f1,4.089435569010675,1.8494546048155354e-05,4.522518018942549e-06,115.76132818560001,159.81805245279565,6.0,3.293603667570889e-05,4.490114704935877e-05,5.418618287270268e-09,7.784260234335493e-05,0.0,United Kingdom,GBR,england,,,Linux-6.4.0-150600.23.73_15.0.14-cray_shasta_c_64k-aarch64-with-glibc2.38,3.11.7,3.3.0,72,Neoverse-V2,1,1 x NVIDIA GH200 120GB,-2.5917,51.4535,64,machine,32.1,0.0,23.0,196.9200439453125,N,1.0,0.0
2026-09-27T06:14:20,mobilenet_v3_small_batch1_node_0_evaluate,5e5fec21-f03c-435f-a709-3623c789532a,5b0fa12a-3dd7-45bb-9766-cc326314d9f1,4.743075302103534,3.0489886658304685e-05,6.428294875432938e-06,115.7775948,76.53387981920375,6.0,5.4379461730513994e-05,7.115644581290326e-05,2.7944724754585577e-06,0.0001283303800188758,0.0,United Kingdom,GBR,england,,,Linux-6.4.0-150600.23.73_15.0.14-cray_shasta_c_64k-aarch64-with-glibc2.38,3.11.7,3.3.0,72,Neoverse-V2,1,1 x NVIDIA GH200 120GB,-2.5917,51.4535,64,machine,25.8,3.0,23.0,197.04974365234375,N,1.0,0.0
2026-09-27T06:20:25,efficientnet_lite0_batch1_node_0_local_train,cc51b22d-4a3e-4d51-b7ca-a5aeb4c84fe6,5b0fa12a-3dd7-45bb-9766-cc326314d9f1,8.410219216020778,0.00010818273967226894,1.2863248494901262e-05,115.7721715584,175.26857721817368,6.0,0.00017235878073191359,0.0002757654983724933,7.211362159578129e-06,0.000455335641263985,0.0,United Kingdom,GBR,england,,,Linux-6.4.0-150600.23.73_15.0.14-cray_shasta_c_64k-aarch64-with-glibc2.38,3.11.7,3.3.0,72,Neoverse-V2,1,1 x NVIDIA GH200 120GB,-2.5917,51.4535,64,machine,0.0,12.8,23.3,199.2170166015625,N,1.0,0.0
2026-09-27T06:20:35,efficientnet_lite0_batch1_node_0_evaluate,1b0f6289-c253-492a-b426-debbbf65d4c1,5b0fa12a-3dd7-45bb-9766-cc326314d9f1,5.764631935860962,4.9830761801819085e-05,8.644222624488642e-06,115.78909757760002,157.18940491104058,6.0,8.721874328741303e-05,0.0001196953735416173,2.8210215899161996e-06,0.00020973513841894654,0.0,United Kingdom,GBR,england,,,Linux-6.4.0-150600.23.73_15.0.14-cray_shasta_c_64k-aarch64-with-glibc2.38,3.11.7,3.3.0,72,Neoverse-V2,1,1 x NVIDIA GH200 120GB,-2.5917,51.4535,64,machine,12.5,5.0,23.4,200.12777709960938,N,1.0,0.0
2026-09-27T06:21:44,efficientnet_lite0_batch1_node_1_local_train,ccb2f154-165c-4fbc-b3ae-ee6f17f2a63f,5b0fa12a-3dd7-45bb-9766-cc326314d9f1,5.155668482882902,3.9819508269047496e-05,7.723442343364476e-06,115.7668773984,167.82088553129654,6.0,6.763493411285714e-05,9.815007851443625e-05,1.8132695703146357e-06,0.00016759828219760803,0.0,United Kingdom,GBR,england,,,Linux-6.4.0-150600.23.73_15.0.14-cray_shasta_c_64k-aarch64-with-glibc2.38,3.11.7,3.3.0,72,Neoverse-V2,1,1 x NVIDIA GH200 120GB,-2.5917,51.4535,64,machine,3.85,9.0,23.4,200.27667236328125,N,1.0,0.0
2026-09-27T06:21:57,efficientnet_lite0_batch1_node_1_evaluate,c75f54e7-71db-4f41-9870-2f775643466b,5b0fa12a-3dd7-45bb-9766-cc326314d9f1,4.59182323794812,2.872497243000945e-05,6.255679049798388e-06,115.756799184,81.36067507892047,6.0,4.953376205443886e-05,6.882505505245717e-05,2.5431288165661193e-06,0.00012090194592346216,0.0,United Kingdom,GBR,england,,,Linux-6.4.0-150600.23.73_15.0.14-cray_shasta_c_64k-aarch64-with-glibc2.38,3.11.7,3.3.0,72,Neoverse-V2,1,1 x NVIDIA GH200 120GB,-2.5917,51.4535,64,machine,0.0,7.0,23.4,200.2767333984375,N,1.0,0.0
2026-09-27T06:22:11,mobilevit_xxs_batch1_node_0_local_train,409c5d28-689d-463c-9795-9a1f5371461f,5b0fa12a-3dd7-45bb-9766-cc326314d9f1,11.052274401998147,0.00015391208142541966,1.3925828822852408e-05,115.7770057865143,160.37409042143267,6.0,0.0002572003323836956,0.00037897252542506976,1.1635253784867625e-05,0.0006478081115936329,0.0,United Kingdom,GBR,england,,,Linux-6.4.0-150600.23.73_15.0.14-cray_shasta_c_64k-aarch64-with-glibc2.38,3.11.7,3.3.0,72,Neoverse-V2,1,1 x NVIDIA GH200 120GB,-2.5917,51.4535,64,machine,3.9,12.571428571428571,23.400000000000002,200.41976492745536,N,1.0,0.0
2026-09-27T06:22:20,mobilevit_xxs_batch1_node_0_evaluate,009e6cdf-ca5c-48dc-a012-10bd66a75ca4,5b0fa12a-3dd7-45bb-9766-cc326314d9f1,5.846489374991506,5.079359055928237e-05,8.687878708298544e-06,115.79001203520001,154.18346752046165,6.0,8.987147151024473e-05,0.00012095648565946249,2.9596784501336514e-06,0.00021378763561984086,0.0,United Kingdom,GBR,england,,,Linux-6.4.0-150600.23.73_15.0.14-cray_shasta_c_64k-aarch64-with-glibc2.38,3.11.7,3.3.0,72,Neoverse-V2,1,1 x NVIDIA GH200 120GB,-2.5917,51.4535,64,machine,0.0,5.5,23.4,200.4132080078125,N,1.0,0.0
2026-09-27T06:23:37,mobilevit_xxs_batch1_node_1_local_train,d955e925-67f7-4512-bbe7-5506ab0b4b8a,5b0fa12a-3dd7-45bb-9766-cc326314d9f1,54.64126865915023,0.0009151246239910345,1.674786560501625e-05,115.76979495333819,152.88178526802423,6.0,0.0016586704093403933,0.002126005311907875,6.703721155179666e-05,0.003851712932800065,0.0,United Kingdom,GBR,england,,,Linux-6.4.0-150600.23.73_15.0.14-cray_shasta_c_64k-aarch64-with-glibc2.38,3.11.7,3.3.0,72,Neoverse-V2,1,1 x NVIDIA GH200 120GB,-2.5917,51.4535,64,machine,6.270588235294118,0.37254901960784315,23.388235294117646,200.26672004250918,N,1.0,0.0
2026-09-27T06:23:48,mobilevit_xxs_batch1_node_1_evaluate,d0f1187b-8a90-4739-8c98-0ad5a64fbc58,5b0fa12a-3dd7-45bb-9766-cc326314d9f1,6.09468154492788,5.447901659929495e-05,8.938779852186618e-06,115.77002166720001,152.6812306442494,6.0,9.769538114241339e-05,0.00012893426981008815,2.669755161817496e-06,0.00022929940611431904,0.0,United Kingdom,GBR,england,,,Linux-6.4.0-150600.23.73_15.0.14-cray_shasta_c_64k-aarch64-with-glibc2.38,3.11.7,3.3.0,72,Neoverse-V2,1,1 x NVIDIA GH200 120GB,-2.5917,51.4535,64,machine,0.0,5.0,23.399999999999995,200.4996134440104,N,1.0,0.0
2026-09-27T06:23:55,mobilevit_xxs_batch1_node_0_exchange,2652102a-cd7e-4125-ae5d-debd5ba6c728,5b0fa12a-3dd7-45bb-9766-cc326314d9f1,3.077924519078806,1.0485320125464643e-07,3.4066202924959324e-08,115.7509980288,0.0,6.0,4.359355920704254e-07,0.0,5.386191575477521e-09,4.4132178364590296e-07,0.0,United Kingdom,GBR,england,,,Linux-6.4.0-150600.23.73_15.0.14-cray_shasta_c_64k-aarch64-with-glibc2.38,3.11.7,3.3.0,72,Neoverse-V2,1,1 x NVIDIA GH200 120GB,-2.5917,51.4535,64,machine,0,0,0,0,N,1.0,0.0
2026-09-27T06:24:11,mobilevit_xxs_batch1_node_1_exchange,bf71a42a-e1e3-4b50-969a-96c975140d24,5b0fa12a-3dd7-45bb-9766-cc326314d9f1,10.50062618101947,0.00012999353118903955,1.2379598030449925e-05,115.76662079040001,149.22447905045615,6.0,0.0002390829757780906,0.0003080477464436626,5.429658340290189e-09,0.0005471361518800935,0.0,United Kingdom,GBR,england,,,Linux-6.4.0-150600.23.73_15.0.14-cray_shasta_c_64k-aarch64-with-glibc2.38,3.11.7,3.3.0,72,Neoverse-V2,1,1 x NVIDIA GH200 120GB,-2.5917,51.4535,64,machine,0.0,0.0,23.400000000000002,200.64608328683036,N,1.0,0.0
2026-09-27T06:24:27,mobilevit_xxs_batch1_node_0_evaluate,ae095207-4a68-4a53-b646-8faeeb82b54c,5b0fa12a-3dd7-45bb-9766-cc326314d9f1,11.003669256810099,0.00014097736326315347,1.2811850299472015e-05,115.78144429028572,156.95295019167497,6.0,0.0002556163308452393,0.0003348480456679681,2.902165132885178e-06,0.0005933665416460926,0.0,United Kingdom,GBR,england,,,Linux-6.4.0-150600.23.73_15.0.14-cray_shasta_c_64k-aarch64-with-glibc2.38,3.11.7,3.3.0,72,Neoverse-V2,1,1 x NVIDIA GH200 120GB,-2.5917,51.4535,64,machine,0.0,1.8571428571428572,23.400000000000002,200.54426792689733,N,1.0,0.0
2026-09-27T06:24:34,mobilevit_xxs_batch1_node_1_evaluate,c5391c05-add2-4152-8fec-f44425832a40,5b0fa12a-3dd7-45bb-9766-cc326314d9f1,6.007722695125267,5.381933718850453e-05,8.958359085410872e-06,115.76183829120001,156.42372323941703,6.0,9.520436916856431e-05,0.00012870538077436322,2.6130991304914155e-06,0.00022652284907341894,0.0,United Kingdom,GBR,england,,,Linux-6.4.0-150600.23.73_15.0.14-cray_shasta_c_64k-aarch64-with-glibc2.38,3.11.7,3.3.0,72,Neoverse-V2,1,1 x NVIDIA GH200 120GB,-2.5917,51.4535,64,machine,0.0,4.5,23.4,200.55902099609375,N,1.0,0.0
2026-09-27T06:26:38,mobilenet_v3_small_batch2_node_0_local_train,fecc2ddf-58fc-43cf-92fa-ab41effd9b15,5b0fa12a-3dd7-45bb-9766-cc326314d9f1,9.995362543035299,0.0001268407231126827,1.2689957224319437e-05,115.66093343451429,78.75979631505614,6.0,0.00022227498806236723,0.00030007079561755745,1.1520359587157146e-05,0.0005338661432670818,0.0,United Kingdom,GBR,england,,,Linux-6.4.0-150600.23.73_15.0.14-cray_shasta_c_64k-aarch64-with-glibc2.38,3.11.7,3.3.0,72,Neoverse-V2,1,1 x NVIDIA GH200 120GB,-2.5917,51.4535,64,machine,0.0,5.0,23.0,197.3097941080729,N,1.0,0.0
2026-09-27T06:26:47,mobilenet_v3_small_batch2_node_0_evaluate,ebe5cbed-dfad-422a-84b5-e43f3851f2de,5b0fa12a-3dd7-45bb-9766-cc326314d9f1,7.863128767115995,8.730552691204395e-05,1.1103153655216751e-05,117.86781548160002,74.63207884378468,6.0,0.00016053546832825078,0.0001989273813478576,8.001666408575451e-06,0.00036746451608468385,0.0,United Kingdom,GBR,england,,,Linux-6.4.0-150600.23.73_15.0.14-cray_shasta_c_64k-aarch64-with-glibc2.38,3.11.7,3.3.0,72,Neoverse-V2,1,1 x NVIDIA GH200 120GB,-2.5917,51.4535,64,machine,9.775,1.0,23.0,197.27137756347656,N,1.0,0.0
2026-09-27T06:27:09,mobilenet_v3_small_batch2_node_1_local_train,744e0362-f33a-44db-81e0-0de937dc48cd,5b0fa12a-3dd7-45bb-9766-cc326314d9f1,11.704078227980062,0.0001516478832050927,1.2956841218179787e-05,115.77333374640001,148.4255138061683,6.0,0.0002782923826859605,0.00035749945266161376,2.486381257961815e-06,0.0006382782166055361,0.0,United Kingdom,GBR,england,,,Linux-6.4.0-150600.23.73_15.0.14-cray_shasta_c_64k-aarch64-with-glibc2.38,3.11.7,3.3.0,72,Neoverse-V2,1,1 x NVIDIA GH200 120GB,-2.5917,51.4535,64,machine,0.0,0.875,23.0,197.2308349609375,N,1.0,0.0
2026-09-27T06:27:15,mobilenet_v3_small_batch2_node_1_evaluate,20fe9443-b7fa-4684-92b9-51e4fb78557d,5b0fa12a-3dd7-45bb-9766-cc326314d9f1,4.792109304107726,3.200264201120819e-05,6.678195337442741e-06,115.756799184,79.56589868601158,6.0,5.613795769909239e-05,7.570006056312195e-05,2.859471988631412e-06,0.00013469749025084575,0.0,United Kingdom,GBR,england,,,Linux-6.4.0-150600.23.73_15.0.14-cray_shasta_c_64k-aarch64-with-glibc2.38,3.11.7,3.3.0,72,Neoverse-V2,1,1 x NVIDIA GH200 120GB,-2.5917,51.4535,64,machine,39.1,4.0,23.0,197.29620361328125,N,1.0,0.0
2026-09-27T06:30:07,mobilenet_v3_small_batch2_node_0_exchange,cddecac8-0c75-433b-a682-a4b0dd088e0d,5b0fa12a-3dd7-45bb-9766-cc326314d9f1,154.8602321660146,0.0027790328585424297,1.7945426141187924e-05,115.82447926398544,147.67241811413317,6.0,0.004996035077314427,0.00636247120107214,0.00033830148014783235,0.011696807758534402,0.0,United Kingdom,GBR,england,,,Linux-6.4.0-150600.23.73_15.0.14-cray_shasta_c_64k-aarch64-with-glibc2.38,3.11.7,3.3.0,72,Neoverse-V2,1,1 x NVIDIA GH200 120GB,-2.5917,51.4535,64,machine,4.712337662337662,0.0,23.02272727272725,197.33378224558643,N,1.0,0.0
2026-09-27T06:30:26,mobilenet_v3_small_batch2_node_1_exchange,6f3b1a68-f324-44b1-8d9b-1089de96552d,5b0fa12a-3dd7-45bb-9766-cc326314d9f1,4.071936096064746,1.7486413007652975e-05,4.294373142189638e-06,115.7308416,145.88662138865575,6.0,3.2612020590263366e-05,4.098197723578778e-05,5.423896557961901e-09,7.35994217226091e-05,0.0,United Kingdom,GBR,england,,,Linux-6.4.0-150600.23.73_15.0.14-cray_shasta_c_64k-aarch64-with-glibc2.38,3.11.7,3.3.0,72,Neoverse-V2,1,1 x NVIDIA GH200 120GB,-2.5917,51.4535,64,machine,34.6,0.0,23.2,198.761962890625,N,1.0,0.0
2026-09-27T06:30:43,mobilenet_v3_small_batch2_node_0_evaluate,16ebe4d3-2acf-4dde-896b-6356fc3df5c6,5b0fa12a-3dd7-45bb-9766-cc326314d9f1,5.916401070076972,5.134464982994384e-05,8.678358553078255e-06,115.79426265600001,154.28039435630072,6.0,9.225092547102159e-05,0.00012078481887556336,3.071271676647787e-06,0.00021610701602323273,0.0,United Kingdom,GBR,england,,,Linux-6.4.0-150600.23.73_15.0.14-cray_shasta_c_64k-aarch64-with-glibc2.38,3.11.7,3.3.0,72,Neoverse-V2,1,1 x NVIDIA GH200 120GB,-2.5917,51.4535,64,machine,0.0,2.0,23.6,202.19717407226562,N,1.0,0.0
2026-09-27T06:30:59,mobilenet_v3_small_batch2_node_1_evaluate,88a84a12-cd5c-4c69-aaca-e475dc708f24,5b0fa12a-3dd7-45bb-9766-cc326314d9f1,4.745379249099642,3.061912584914419e-05,6.452408594097862e-06,115.77204247680001,76.90118000477091,6.0,5.465517589327571e-05,7.140950157236148e-05,2.809663725007946e-06,0.00012887434119064514,0.0,United Kingdom,GBR,england,,,Linux-6.4.0-150600.23.73_15.0.14-cray_shasta_c_64k-aarch64-with-glibc2.38,3.11.7,3.3.0,72,Neoverse-V2,1,1 x NVIDIA GH200 120GB,-2.5917,51.4535,64,machine,0.0,4.0,23.7,202.598876953125,N,1.0,0.0
2026-09-27T06:31:11,efficientnet_lite0_batch2_node_0_local_train,cbf4257e-a308-41ee-a273-3b9976247591,5b0fa12a-3dd7-45bb-9766-cc326314d9f1,9.126996566075832,0.00011948540958306195,1.3091427033858841e-05,115.7665782816,164.67742623260256,6.0,0.00019517866583253113,0.00029989968439281256,7.829653020016848e-06,0.0005029080032453605,0.0,United Kingdom,GBR,england,,,Linux-6.4.0-150600.23.73_15.0.14-cray_shasta_c_64k-aarch64-with-glibc2.38,3.11.7,3.3.0,72,Neoverse-V2,1,1 x NVIDIA GH200 120GB,-2.5917,51.4535,64,machine,0.0,11.5,23.916666666666668,204.7014363606771,N,1.0,0.0
2026-09-27T06:33:04,efficientnet_lite0_batch2_node_0_evaluate,395c894b-a1ae-43d1-a03d-fde67c9ec839,5b0fa12a-3dd7-45bb-9766-cc326314d9f1,5.946872503962368,5.350665092603642e-05,8.997443763992794e-06,115.7561631072,161.28671222938715,6.0,9.32254457172142e-05,0.0001288637141669824,3.11760863638483e-06,0.00022520676852058141,0.0,United Kingdom,GBR,england,,,Linux-6.4.0-150600.23.73_15.0.14-cray_shasta_c_64k-aarch64-with-glibc2.38,3.11.7,3.3.0,72,Neoverse-V2,1,1 x NVIDIA GH200 120GB,-2.5917,51.4535,64,machine,32.2,3.5,23.95,205.23040771484375,N,1.0,0.0
2026-09-27T06:33:18,efficientnet_lite0_batch2_node_1_local_train,57c57724-929b-4f81-b8b0-762102ca9763,5b0fa12a-3dd7-45bb-9766-cc326314d9f1,5.113112069200724,3.947500867467283e-05,7.720348809182959e-06,115.7668773984,170.9885098724986,6.0,6.6442663462791e-05,9.795730059636298e-05,1.7483368919541438e-06,0.00016614830095110813,0.0,United Kingdom,GBR,england,,,Linux-6.4.0-150600.23.73_15.0.14-cray_shasta_c_64k-aarch64-with-glibc2.38,3.11.7,3.3.0,72,Neoverse-V2,1,1 x NVIDIA GH200 120GB,-2.5917,51.4535,64,machine,0.0,9.0,24.0,205.91433715820312,N,1.0,0.0
2026-09-27T06:37:25,efficientnet_lite0_batch2_node_1_evaluate,36b4cb30-a7d4-4e3a-9c97-b2dca90c48ad,5b0fa12a-3dd7-45bb-9766-cc326314d9f1,4.782550926087424,3.344104916040357e-05,6.992303830575515e-06,115.7688151776,86.65779796392141,6.0,5.567898783862842e-05,8.222089911669173e-05,2.851785724827399e-06,0.00014075167268014753,0.0,United Kingdom,GBR,england,,,Linux-6.4.0-150600.23.73_15.0.14-cray_shasta_c_64k-aarch64-with-glibc2.38,3.11.7,3.3.0,72,Neoverse-V2,1,1 x NVIDIA GH200 120GB,-2.5917,51.4535,64,machine,30.0,8.0,24.2,207.21270751953125,N,1.0,0.0
2026-09-27T06:37:46,efficientnet_lite0_batch2_node_1_upload,949dbcb9-86ec-4d66-9677-86d39402a16f,5b0fa12a-3dd7-45bb-9766-cc326314d9f1,4.073914837092161,1.750962420200071e-05,4.29798483821487e-06,115.7509980288,145.43775354710615,6.0,3.272365579158412e-05,4.096392163432938e-05,9.539031501238545e-09,7.369711645741474e-05,0.0,United Kingdom,GBR,england,,,Linux-6.4.0-150600.23.73_15.0.14-cray_shasta_c_64k-aarch64-with-glibc2.38,3.11.7,3.3.0,72,Neoverse-V2,1,1 x NVIDIA GH200 120GB,-2.5917,51.4535,64,machine,0.0,0.0,24.0,205.6512451171875,N,1.0,0.0
2026-09-27T06:38:10,mobilevit_xxs_batch2_node_0_local_train,edf6ee68-25f8-4604-a0c7-81aa3e99cc4b,5b0fa12a-3dd7-45bb-9766-cc326314d9f1,10.583695069886744,0.00014636919394824273,1.3829687361713552e-05,115.76955830400001,86.53675042968493,6.0,0.00024226882368532046,0.00036126223346855113,1.2529425226384775e-05,0.0006160604823802564,0.0,United Kingdom,GBR,england,,,Linux-6.4.0-150600.23.73_15.0.14-cray_shasta_c_64k-aarch64-with-glibc2.38,3.11.7,3.3.0,72,Neoverse-V2,1,1 x NVIDIA GH200 120GB,-2.5917,51.4535,64,machine,0.0,15.142857142857142,24.142857142857142,206.83515276227678,N,1.0,0.0
2026-09-27T06:38:27,mobilevit_xxs_batch2_node_0_evaluate,7db4c980-5c63-4274-b2ef-3ad49619bc89,5b0fa12a-3dd7-45bb-9766-cc326314d9f1,6.0369022560771555,5.445216502415593e-05,9.019885152081215e-06,115.7564166048,154.3573235188528,6.0,9.595093817276913e-05,0.0001299578817679503,3.2775692614571504e-06,0.00022918638920217657,0.0,United Kingdom,GBR,england,,,Linux-6.4.0-150600.23.73_15.0.14-cray_shasta_c_64k-aarch64-with-glibc2.38,3.11.7,3.3.0,72,Neoverse-V2,1,1 x NVIDIA GH200 120GB,-2.5917,51.4535,64,machine,0.0,4.5,24.2,207.22463989257812,N,1.0,0.0
2026-09-27T06:38:42,mobilevit_xxs_batch2_node_1_local_train,b3638112-484f-435b-8d86-7cbfa086bfeb,5b0fa12a-3dd7-45bb-9766-cc326314d9f1,5.7739088628441095,5.144169229196382e-05,8.909335688167529e-06,115.7564166048,166.38807880761152,6.0,8.769743660378188e-05,0.00012599760077591782,2.820425423560664e-06,0.00021651546280326034,0.0,United Kingdom,GBR,england,,,Linux-6.4.0-150600.23.73_15.0.14-cray_shasta_c_64k-aarch64-with-glibc2.38,3.11.7,3.3.0,72,Neoverse-V2,1,1 x NVIDIA GH200 120GB,-2.5917,51.4535,64,machine,0.0,7.5,24.2,207.19671630859375,N,1.0,0.0
2026-09-27T06:41:09,mobilevit_xxs_batch2_node_1_evaluate,9c1d1081-5463-4ac9-ac98-e163b735c715,5b0fa12a-3dd7-45bb-9766-cc326314d9f1,98.9120514378883,0.001707518373570479,1.7262996255241083e-05,115.74966752704289,130.3878018024874,6.0,0.003082057686213818,0.003929984810667975,0.00017481536930931424,0.007186857866191107,0.0,United Kingdom,GBR,england,,,Linux-6.4.0-150600.23.73_15.0.14-cray_shasta_c_64k-aarch64-with-glibc2.38,3.11.7,3.3.0,72,Neoverse-V2,1,1 x NVIDIA GH200 120GB,-2.5917,51.4535,64,machine,5.502105263157895,0.1368421052631579,24.189473684210537,207.05367046155428,N,1.0,0.0
2026-09-27T06:41:22,mobilevit_xxs_batch2_node_0_upload,fdd3b12c-9374-44a1-936b-d84012ab7e95,5b0fa12a-3dd7-45bb-9766-cc326314d9f1,9.062003318918869,0.0001041627786292555,1.1494453815945249e-05,115.7478065856,147.71647620621292,6.0,0.00019287345852942158,0.00024553686307626776,5.5083748884499075e-09,0.0004384158299805778,0.0,United Kingdom,GBR,england,,,Linux-6.4.0-150600.23.73_15.0.14-cray_shasta_c_64k-aarch64-with-glibc2.38,3.11.7,3.3.0,72,Neoverse-V2,1,1 x NVIDIA GH200 120GB,-2.5917,51.4535,64,machine,6.25,0.0,24.2,207.212158203125,N,1.0,0.0
2026-09-27T06:42:00,mobilevit_xxs_batch2_node_0_exchange,acccc734-aa0d-4bb1-b24c-dec97e5c385d,5b0fa12a-3dd7-45bb-9766-cc326314d9f1,3.088159538106993,1.17875837527999e-06,3.81702551547112e-07,115.7509980288,1380.2642633493535,6.0,8.514552760977801e-07,4.1038921949621e-06,5.986493391295274e-09,4.961333964451175e-06,0.0,United Kingdom,GBR,england,,,Linux-6.4.0-150600.23.73_15.0.14-cray_shasta_c_64k-aarch64-with-glibc2.38,3.11.7,3.3.0,72,Neoverse-V2,1,1 x NVIDIA GH200 120GB,-2.5917,51.4535,64,machine,0,0,0,0,N,1.0,0.0
2026-09-27T06:42:17,mobilevit_xxs_batch2_node_1_exchange,d5dc4572-2a30-436a-a3f2-64fb16e79dd6,5b0fa12a-3dd7-45bb-9766-cc326314d9f1,3.0814341329969466,1.048604208932087e-07,3.402974601025249e-08,115.7509980288,0.0,6.0,4.355127106731716e-07,0.0,5.8394600637257094e-09,4.4135217073689733e-07,0.0,United Kingdom,GBR,england,,,Linux-6.4.0-150600.23.73_15.0.14-cray_shasta_c_64k-aarch64-with-glibc2.38,3.11.7,3.3.0,72,Neoverse-V2,1,1 x NVIDIA GH200 120GB,-2.5917,51.4535,64,machine,0,0,0,0,N,1.0,0.0
2026-09-27T06:42:45,mobilevit_xxs_batch2_node_0_evaluate,3bd234da-008e-441f-b199-628a0014fa94,5b0fa12a-3dd7-45bb-9766-cc326314d9f1,9.02270623901859,0.00010574022661634544,1.17193471465438e-05,115.79444057088,152.7849554595765,6.0,0.0001920334417151601,0.0002497660331641782,3.255753335542977e-06,0.0004450552282148813,0.0,United Kingdom,GBR,england,,,Linux-6.4.0-150600.23.73_15.0.14-cray_shasta_c_64k-aarch64-with-glibc2.38,3.11.7,3.3.0,72,Neoverse-V2,1,1 x NVIDIA GH200 120GB,-2.5917,51.4535,64,machine,0.0,2.0,23.919999999999998,204.9220703125,N,1.0,0.0
2026-09-27T06:43:11,mobilevit_xxs_batch2_node_1_evaluate,bae13fa3-3f83-419a-9728-eed0c47136bc,5b0fa12a-3dd7-45bb-9766-cc326314d9f1,17.01451822812669,0.00024516162218854594,1.4408966442744727e-05,115.77688479138462,155.62175375527048,6.0,0.00044904826356893443,0.0005798810194903581,2.943498039773355e-06,0.0010318727810990657,0.0,United Kingdom,GBR,england,,,Linux-6.4.0-150600.23.73_15.0.14-cray_shasta_c_64k-aarch64-with-glibc2.38,3.11.7,3.3.0,72,Neoverse-V2,1,1 x NVIDIA GH200 120GB,-2.5917,51.4535,64,machine,0.0,0.8461538461538461,24.384615384615383,208.78785118689905,N,1.0,0.0
2026-09-27T06:44:04,mobilenet_v3_small_batch3_node_0_local_train,4d1fbaee-afe9-49a6-bf7b-c451546662b4,5b0fa12a-3dd7-45bb-9766-cc326314d9f1,9.288585498929024,0.00011425310024041072,1.2300376656228672e-05,115.59901670125714,79.27771837372178,6.0,0.00019969559108072032,0.0002708499389143526,1.0339949721625696e-05,0.00048088547971669867,0.0,United Kingdom,GBR,england,,,Linux-6.4.0-150600.23.73_15.0.14-cray_shasta_c_64k-aarch64-with-glibc2.38,3.11.7,3.3.0,72,Neoverse-V2,1,1 x NVIDIA GH200 120GB,-2.5917,51.4535,64,machine,0.0,7.0,24.3,208.16030883789062,N,1.0,0.0
2026-09-27T06:44:20,mobilenet_v3_small_batch3_node_0_evaluate,a019b659-a46a-4797-bc16-c0f9ce20c190,5b0fa12a-3dd7-45bb-9766-cc326314d9f1,7.7616099489387125,8.426849458051028e-05,1.0857089590289548e-05,115.77485966975999,74.81840837213325,6.0,0.00015161671675275682,0.0001952315450637343,7.833539868394534e-06,0.0003546818016848856,0.0,United Kingdom,GBR,england,,,Linux-6.4.0-150600.23.73_15.0.14-cray_shasta_c_64k-aarch64-with-glibc2.38,3.11.7,3.3.0,72,Neoverse-V2,1,1 x NVIDIA GH200 120GB,-2.5917,51.4535,64,machine,0.0,1.0,24.3,208.32876586914062,N,1.0,0.0
2026-09-27T06:44:48,mobilenet_v3_small_batch3_node_1_local_train,a29d60af-c0b2-4799-a392-5b1c3841d70d,5b0fa12a-3dd7-45bb-9766-cc326314d9f1,6.911288119154051,6.887003900240745e-05,9.964862962598817e-06,115.67142838080002,154.1700689688306,6.0,0.0001239611483275594,0.0001637390198823141,2.1703182285030684e-06,0.0002898704864383766,0.0,United Kingdom,GBR,england,,,Linux-6.4.0-150600.23.73_15.0.14-cray_shasta_c_64k-aarch64-with-glibc2.38,3.11.7,3.3.0,72,Neoverse-V2,1,1 x NVIDIA GH200 120GB,-2.5917,51.4535,64,machine,0.0,3.3333333333333335,24.3,208.37508138020834,N,1.0,0.0
2026-09-27T06:44:57,mobilenet_v3_small_batch3_node_1_evaluate,90db8fad-e921-4d1f-98ae-24496e359d2d,5b0fa12a-3dd7-45bb-9766-cc326314d9f1,6.498521919129416,6.08143596770465e-05,9.35818335828489e-06,115.739240112,147.31753585666496,6.0,0.00011081083130155692,0.00014165150224698664,3.5022089052169274e-06,0.0002559645424537605,0.0,United Kingdom,GBR,england,,,Linux-6.4.0-150600.23.73_15.0.14-cray_shasta_c_64k-aarch64-with-glibc2.38,3.11.7,3.3.0,72,Neoverse-V2,1,1 x NVIDIA GH200 120GB,-2.5917,51.4535,64,machine,25.166666666666668,1.3333333333333333,24.3,208.4116007486979,N,1.0,0.0
2026-09-27T06:45:10,mobilenet_v3_small_batch3_node_0_exchange,5771a2aa-9df6-4d50-aed5-833ec332aafe,5b0fa12a-3dd7-45bb-9766-cc326314d9f1,9.088445290923119,0.00010563163494356784,1.1622629785653776e-05,115.72803320502855,150.10347251315994,6.0,0.00019379699584418783,0.00025079575618747185,5.41936334532996e-09,0.000444598171395005,0.0,United Kingdom,GBR,england,,,Linux-6.4.0-150600.23.73_15.0.14-cray_shasta_c_64k-aarch64-with-glibc2.38,3.11.7,3.3.0,72,Neoverse-V2,1,1 x NVIDIA GH200 120GB,-2.5917,51.4535,64,machine,0.0,0.0,24.3,208.42253621419272,N,1.0,0.0
2026-09-27T06:45:17,mobilenet_v3_small_batch3_node_1_exchange,051b8124-a4ba-4f02-9f73-8bdc728a6770,5b0fa12a-3dd7-45bb-9766-cc326314d9f1,3.0703700769227,1.0170434428771888e-07,3.3124457879570265e-08,115.7111828352,0.0,6.0,4.2255480350289044e-07,0.0,5.513601548348864e-09,4.280684050512393e-07,0.0,United Kingdom,GBR,england,,,Linux-6.4.0-150600.23.73_15.0.14-cray_shasta_c_64k-aarch64-with-glibc2.38,3.11.7,3.3.0,72,Neoverse-V2,1,1 x NVIDIA GH200 120GB,-2.5917,51.4535,64,machine,0,0,0,0,N,1.0,0.0
2026-09-27T06:45:34,mobilenet_v3_small_batch3_node_0_evaluate,be9a6511-2c2f-42f7-939f-2e0dc24a75e4,5b0fa12a-3dd7-45bb-9766-cc326314d9f1,5.371795969083905,4.162697231337588e-05,7.749172260627549e-06,115.7615842752,75.66469726317018,6.0,7.470364221321649e-05,9.666424398346862e-05,3.837920104851947e-06,0.00017520580630153704,0.0,United Kingdom,GBR,england,,,Linux-6.4.0-150600.23.73_15.0.14-cray_shasta_c_64k-aarch64-with-glibc2.38,3.11.7,3.3.0,72,Neoverse-V2,1,1 x NVIDIA GH200 120GB,-2.5917,51.4535,64,machine,12.9,2.5,24.4,208.71322631835938,N,1.0,0.0
2026-09-27T06:45:44,mobilenet_v3_small_batch3_node_1_evaluate,3df8ad4c-3a82-4f0a-a4a1-d7d6f6056b24,5b0fa12a-3dd7-45bb-9766-cc326314d9f1,6.497978165047243,6.0782493357544815e-05,9.354062419676182e-06,115.73978443200001,149.19145546314238,6.0,0.000110621352112182,0.0001417809467341158,3.4281198917112e-06,0.00025583041873800897,0.0,United Kingdom,GBR,england,,,Linux-6.4.0-150600.23.73_15.0.14-cray_shasta_c_64k-aarch64-with-glibc2.38,3.11.7,3.3.0,72,Neoverse-V2,1,1 x NVIDIA GH200 120GB,-2.5917,51.4535,64,machine,0.0,1.3333333333333333,24.399999999999995,208.67191569010416,N,1.0,0.0
2026-09-27T06:46:01,efficientnet_lite0_batch3_node_0_local_train,300b7279-7141-49db-af3e-360595021f2e,5b0fa12a-3dd7-45bb-9766-cc326314d9f1,8.261953023029491,0.00010471864100785556,1.2674804700046255e-05,115.76119003200002,168.0886556246227,6.0,0.00016769407144490836,0.00026611104621565573,6.950308760084833e-06,0.00044075542642064893,0.0,United Kingdom,GBR,england,,,Linux-6.4.0-150600.23.73_15.0.14-cray_shasta_c_64k-aarch64-with-glibc2.38,3.11.7,3.3.0,72,Neoverse-V2,1,1 x NVIDIA GH200 120GB,-2.5917,51.4535,64,machine,4.0,19.8,24.479999999999997,209.491943359375,N,1.0,0.0
2026-09-27T06:46:21,efficientnet_lite0_batch3_node_0_evaluate,26d15178-83c9-47cd-92a9-1450c5c579f8,5b0fa12a-3dd7-45bb-9766-cc326314d9f1,6.366634354926646,6.094863548697296e-05,9.573132692913255e-06,115.7719994496,155.28569728634238,6.0,0.00010673185291874855,0.00014595956122320786,3.838288356782869e-06,0.00025652970249873927,0.0,United Kingdom,GBR,england,,,Linux-6.4.0-150600.23.73_15.0.14-cray_shasta_c_64k-aarch64-with-glibc2.38,3.11.7,3.3.0,72,Neoverse-V2,1,1 x NVIDIA GH200 120GB,-2.5917,51.4535,64,machine,0.0,5.0,24.566666666666666,210.6949462890625,N,1.0,0.0
2026-09-27T06:46:40,efficientnet_lite0_batch3_node_1_local_train,3ed0b7aa-ce74-4dd8-be32-aaa52a9d20a8,5b0fa12a-3dd7-45bb-9766-cc326314d9f1,4.9999369671568274,3.764845180650113e-05,7.529785286055238e-06,115.7719133952,176.94935227540032,6.0,6.27445557880577e-05,9.420590868103318e-05,1.5099516549768548e-06,0.00015846041612406774,0.0,United Kingdom,GBR,england,,,Linux-6.4.0-150600.23.73_15.0.14-cray_shasta_c_64k-aarch64-with-glibc2.38,3.11.7,3.3.0,72,Neoverse-V2,1,1 x NVIDIA GH200 120GB,-2.5917,51.4535,64,machine,40.9,0.0,24.7,211.6605224609375,N,1.0,0.0
2026-09-27T06:48:23,efficientnet_lite0_batch3_node_1_evaluate,45c9cfe3-5cc8-4340-8e7a-90a57cfd560d,5b0fa12a-3dd7-45bb-9766-cc326314d9f1,6.146302744979039,5.6707445209888505e-05,9.226269444051263e-06,115.75150398720001,155.28021116692827,6.0,9.93883736715529e-05,0.000135834275340585,3.4560996247455484e-06,0.00023867874863688348,0.0,United Kingdom,GBR,england,,,Linux-6.4.0-150600.23.73_15.0.14-cray_shasta_c_64k-aarch64-with-glibc2.38,3.11.7,3.3.0,72,Neoverse-V2,1,1 x NVIDIA GH200 120GB,-2.5917,51.4535,64,machine,0.0,3.6666666666666665,24.7,211.5848388671875,N,1.0,0.0
2026-09-27T06:48:45,efficientnet_lite0_batch3_node_1_upload,0b426c37-945f-4ff3-8e1e-0b27bccb28f2,5b0fa12a-3dd7-45bb-9766-cc326314d9f1,4.076587849063799,1.7509027635745683e-05,4.295020316995422e-06,115.7308416,145.25864762163448,6.0,3.273174624014903e-05,4.095197721198929e-05,1.0882088293631872e-08,7.369460554043194e-05,0.0,United Kingdom,GBR,england,,,Linux-6.4.0-150600.23.73_15.0.14-cray_shasta_c_64k-aarch64-with-glibc2.38,3.11.7,3.3.0,72,Neoverse-V2,1,1 x NVIDIA GH200 120GB,-2.5917,51.4535,64,machine,0.0,0.0,24.7,211.58990478515625,N,1.0,0.0
2026-09-27T06:49:46,mobilevit_xxs_batch3_node_0_local_train,9136db85-e525-4b23-8426-b23cc94ffe6e,5b0fa12a-3dd7-45bb-9766-cc326314d9f1,33.351509399944916,0.0005489927438001666,1.646080653252453e-05,115.7585029776,162.4794179305601,6.0,0.0009741388033636745,0.0013002182623722547,3.632543135007533e-05,0.002310682497086004,0.0,United Kingdom,GBR,england,,,Linux-6.4.0-150600.23.73_15.0.14-cray_shasta_c_64k-aarch64-with-glibc2.38,3.11.7,3.3.0,72,Neoverse-V2,1,1 x NVIDIA GH200 120GB,-2.5917,51.4535,64,machine,7.586666666666668,3.6333333333333333,24.673333333333343,211.48282267252605,N,1.0,0.0
2026-09-27T06:51:32,mobilevit_xxs_batch3_node_0_evaluate,2c9ea4b3-4705-4a61-b944-dd825d028120,5b0fa12a-3dd7-45bb-9766-cc326314d9f1,6.506829881109297,6.352971261375463e-05,9.763542888710648e-06,115.768556064,155.0207328967457,6.0,0.00011126034674931005,0.00015206512165377717,4.067856261584287e-06,0.0002673933246646715,0.0,United Kingdom,GBR,england,,,Linux-6.4.0-150600.23.73_15.0.14-cray_shasta_c_64k-aarch64-with-glibc2.38,3.11.7,3.3.0,72,Neoverse-V2,1,1 x NVIDIA GH200 120GB,-2.5917,51.4535,64,machine,18.666666666666668,3.0,24.633333333333336,210.88972981770834,N,1.0,0.0
2026-09-27T06:52:05,mobilevit_xxs_batch3_node_1_local_train,350f1301-47e4-4cf6-8371-62239c4a6da2,5b0fa12a-3dd7-45bb-9766-cc326314d9f1,5.554071465041488,4.6646915669434e-05,8.398688414983432e-06,115.77242972159999,160.17300502139506,6.0,8.068814073674906e-05,0.00011316009053530252,2.4862609369059407e-06,0.0001963344922089575,0.0,United Kingdom,GBR,england,,,Linux-6.4.0-150600.23.73_15.0.14-cray_shasta_c_64k-aarch64-with-glibc2.38,3.11.7,3.3.0,72,Neoverse-V2,1,1 x NVIDIA GH200 120GB,-2.5917,51.4535,64,machine,0.0,9.5,25.0,214.1761474609375,N,1.0,0.0
2026-09-27T06:52:19,mobilevit_xxs_batch3_node_1_evaluate,63fbe734-0094-4faf-ac03-5cfac2f92117,5b0fa12a-3dd7-45bb-9766-cc326314d9f1,12.273818920832127,0.00016416077035161835,1.337487308640274e-05,115.79664809520001,156.50480541529015,6.0,0.0002966545042080932,0.0003906744792345762,3.6153378500603145e-06,0.0006909443212927297,0.0,United Kingdom,GBR,england,,,Linux-6.4.0-150600.23.73_15.0.14-cray_shasta_c_64k-aarch64-with-glibc2.38,3.11.7,3.3.0,72,Neoverse-V2,1,1 x NVIDIA GH200 120GB,-2.5917,51.4535,64,machine,3.177777777777778,1.2222222222222223,25.01111111111111,214.05634223090277,N,1.0,0.0
2026-09-27T06:55:15,mobilevit_xxs_batch3_node_0_upload,a9987e3f-d50b-4c44-abcc-7adf218b8676,5b0fa12a-3dd7-45bb-9766-cc326314d9f1,8.567189889028668,9.565376915585881e-05,1.116512770171642e-05,115.730924544,147.26447797848627,6.0,0.00017723172333843117,0.000225364624697022,5.494456660623352e-09,0.00040260184249211377,0.0,United Kingdom,GBR,england,,,Linux-6.4.0-150600.23.73_15.0.14-cray_shasta_c_64k-aarch64-with-glibc2.38,3.11.7,3.3.0,72,Neoverse-V2,1,1 x NVIDIA GH200 120GB,-2.5917,51.4535,64,machine,0.0,0.0,24.98,213.70771484375,N,1.0,0.0
2026-09-27T06:55:31,mobilevit_xxs_batch3_node_0_exchange,05b3de11-4c26-405a-a26a-28c397dce6b8,5b0fa12a-3dd7-45bb-9766-cc326314d9f1,4.084819508017972,1.751712699185252e-05,4.288347859059297e-06,115.7210122176,145.37559855746838,6.0,3.275623131751077e-05,4.096225501371009e-05,1.0208986544360718e-08,7.372869531776522e-05,0.0,United Kingdom,GBR,england,,,Linux-6.4.0-150600.23.73_15.0.14-cray_shasta_c_64k-aarch64-with-glibc2.38,3.11.7,3.3.0,72,Neoverse-V2,1,1 x NVIDIA GH200 120GB,-2.5917,51.4535,64,machine,0.0,0.0,24.9,213.63153076171875,N,1.0,0.0
2026-09-27T06:55:47,mobilevit_xxs_batch3_node_1_exchange,6876af6b-64a1-4633-993c-d193ab75c601,5b0fa12a-3dd7-45bb-9766-cc326314d9f1,4.077782557811588,1.749198167139233e-05,4.289581757586334e-06,115.7111828352,145.82902872696212,6.0,3.262794349814e-05,4.0989477241737404e-05,5.4392047847310705e-09,7.362285994466213e-05,0.0,United Kingdom,GBR,england,,,Linux-6.4.0-150600.23.73_15.0.14-cray_shasta_c_64k-aarch64-with-glibc2.38,3.11.7,3.3.0,72,Neoverse-V2,1,1 x NVIDIA GH200 120GB,-2.5917,51.4535,64,machine,0.0,0.0,25.0,213.782470703125,N,1.0,0.0
2026-09-27T06:57:46,mobilevit_xxs_batch3_node_0_evaluate,442b04c2-de5f-40fe-8770-b62dd9f518fc,5b0fa12a-3dd7-45bb-9766-cc326314d9f1,100.11472183605656,0.0017253069306707584,1.7233298949739325e-05,115.75849707985263,149.59544088952472,6.0,0.003121001894758045,0.003991777637850191,0.0001489494644023944,0.00726172899701063,0.0,United Kingdom,GBR,england,,,Linux-6.4.0-150600.23.73_15.0.14-cray_shasta_c_64k-aarch64-with-glibc2.38,3.11.7,3.3.0,72,Neoverse-V2,1,1 x NVIDIA GH200 120GB,-2.5917,51.4535,64,machine,5.687628865979381,0.17525773195876287,24.939175257732003,213.55977921633377,N,1.0,0.0
2026-09-27T06:58:24,mobilevit_xxs_batch3_node_1_evaluate,8c34a742-47ba-471d-a447-7fd29f6eb31f,5b0fa12a-3dd7-45bb-9766-cc326314d9f1,6.207393049960956,5.798222762555369e-05,9.340833931229534e-06,115.80284874239999,155.2106928057563,6.0,0.00010157895297025331,0.0001388953888863398,3.56990103997911e-06,0.0002440442428965722,0.0,United Kingdom,GBR,england,,,Linux-6.4.0-150600.23.73_15.0.14-cray_shasta_c_64k-aarch64-with-glibc2.38,3.11.7,3.3.0,72,Neoverse-V2,1,1 x NVIDIA GH200 120GB,-2.5917,51.4535,64,machine,12.5,5.666666666666667,24.899999999999995,213.55712890625,N,1.0,0.0
2026-09-27T07:00:15,mobilenet_v3_small_batch4_node_0_local_train,4756bf8d-1353-4422-acf8-89f0733b0c50,5b0fa12a-3dd7-45bb-9766-cc326314d9f1,9.899229760048911,0.00012507018616400743,1.2634335114511927e-05,115.65624806125716,210.86514746963405,6.0,0.0002191412921551584,0.0002959235700643603,1.1349181208449105e-05,0.0005264140434279678,0.0,United Kingdom,GBR,england,,,Linux-6.4.0-150600.23.73_15.0.14-cray_shasta_c_64k-aarch64-with-glibc2.38,3.11.7,3.3.0,72,Neoverse-V2,1,1 x NVIDIA GH200 120GB,-2.5917,51.4535,64,machine,4.166666666666667,5.833333333333333,23.900000000000002,205.0020548502604,N,1.0,0.0
2026-09-27T07:00:31,mobilenet_v3_small_batch4_node_0_evaluate,4db58179-c212-410e-a37a-64a59f54bcff,5b0fa12a-3dd7-45bb-9766-cc326314d9f1,9.754348165122792,0.00011915759524840947,1.2215843973507528e-05,115.61870960640002,147.92667733100234,6.0,0.0002154304627060251,0.00027729077740445973,8.807009296724573e-06,0.0005015282494072094,0.0,United Kingdom,GBR,england,,,Linux-6.4.0-150600.23.73_15.0.14-cray_shasta_c_64k-aarch64-with-glibc2.38,3.11.7,3.3.0,72,Neoverse-V2,1,1 x NVIDIA GH200 120GB,-2.5917,51.4535,64,machine,10.883333333333333,0.8333333333333334,24.099999999999998,206.63720703125,N,1.0,0.0
2026-09-27T07:00:50,mobilenet_v3_small_batch4_node_1_local_train,70a5f576-1481-41f6-885c-a27613c55ddb,5b0fa12a-3dd7-45bb-9766-cc326314d9f1,11.628059665905312,0.00015082066855118628,1.297040717751116e-05,115.83050445360001,152.40423998998622,6.0,0.00027607173135099704,0.00035621889608705715,2.5058848212938754e-06,0.0006347965122593482,0.0,United Kingdom,GBR,england,,,Linux-6.4.0-150600.23.73_15.0.14-cray_shasta_c_64k-aarch64-with-glibc2.38,3.11.7,3.3.0,72,Neoverse-V2,1,1 x NVIDIA GH200 120GB,-2.5917,51.4535,64,machine,17.3875,0.875,24.15,206.8431625366211,N,1.0,0.0
2026-09-27T07:01:07,mobilenet_v3_small_batch4_node_1_evaluate,18013e0e-4f91-47dc-afc8-1d6f9479988c,5b0fa12a-3dd7-45bb-9766-cc326314d9f1,6.125352717004716,5.5037017596722326e-05,8.985118104943237e-06,115.7737211424,150.3980818535685,6.0,9.885610512021606e-05,0.00012936232573679263,3.4295730351004753e-06,0.00023164800389210917,0.0,United Kingdom,GBR,england,,,Linux-6.4.0-150600.23.73_15.0.14-cray_shasta_c_64k-aarch64-with-glibc2.38,3.11.7,3.3.0,72,Neoverse-V2,1,1 x NVIDIA GH200 120GB,-2.5917,51.4535,64,machine,0.0,1.0,24.166666666666668,206.849365234375,N,1.0,0.0
2026-09-27T07:01:33,mobilenet_v3_small_batch4_node_0_exchange,674e6d52-3fa3-428b-a546-eb193b14b43a,5b0fa12a-3dd7-45bb-9766-cc326314d9f1,13.212041458114982,0.0001768063173082818,1.3382210301776295e-05,115.71868889018184,148.2502272375579,6.0,0.00032629033714062983,0.0004178731120703105,5.335153158133229e-09,0.0007441687843640985,0.0,United Kingdom,GBR,england,,,Linux-6.4.0-150600.23.73_15.0.14-cray_shasta_c_64k-aarch64-with-glibc2.38,3.11.7,3.3.0,72,Neoverse-V2,1,1 x NVIDIA GH200 120GB,-2.5917,51.4535,64,machine,11.030000000000001,0.0,24.099999999999998,206.71668090820313,N,1.0,0.0
2026-09-27T07:01:48,mobilenet_v3_small_batch4_node_1_exchange,8d71b844-b598-4fa3-bf03-039936a851ad,5b0fa12a-3dd7-45bb-9766-cc326314d9f1,5.088758192956448,3.5932763540115785e-05,7.0612047532248144e-06,115.7442792192,153.7452156446672,6.0,6.524144460072475e-05,8.599229099104377e-05,5.43600336338083e-09,0.00015123917159513188,0.0,United Kingdom,GBR,england,,,Linux-6.4.0-150600.23.73_15.0.14-cray_shasta_c_64k-aarch64-with-glibc2.38,3.11.7,3.3.0,72,Neoverse-V2,1,1 x NVIDIA GH200 120GB,-2.5917,51.4535,64,machine,0.0,0.0,24.1,206.71292114257812,N,1.0,0.0
2026-09-27T07:02:01,mobilenet_v3_small_batch4_node_0_evaluate,ff4b4434-d93f-44fb-b32b-375c9b043f77,5b0fa12a-3dd7-45bb-9766-cc326314d9f1,11.256734261056408,0.00014393024291644164,1.2786145571045421e-05,115.83862589622859,149.71365230761643,6.0,0.0002640163217645859,0.00033813471497978753,3.6440249648876487e-06,0.0006057950617092611,0.0,United Kingdom,GBR,england,,,Linux-6.4.0-150600.23.73_15.0.14-cray_shasta_c_64k-aarch64-with-glibc2.38,3.11.7,3.3.0,72,Neoverse-V2,1,1 x NVIDIA GH200 120GB,-2.5917,51.4535,64,machine,0.0,0.5,24.099999999999998,206.65406036376953,N,1.0,0.0
2026-09-27T07:02:46,mobilenet_v3_small_batch4_node_1_evaluate,c57ef0d6-c50b-4a74-95b3-1fd9d1bf5df4,5b0fa12a-3dd7-45bb-9766-cc326314d9f1,8.094102553091943,8.853765871817332e-05,1.0938539280596585e-05,115.7426617248,148.40079222993765,6.0,0.00016227411463677502,0.0002069990545123801,3.3773269519830748e-06,0.0003726504961011382,0.0,United Kingdom,GBR,england,,,Linux-6.4.0-150600.23.73_15.0.14-cray_shasta_c_64k-aarch64-with-glibc2.38,3.11.7,3.3.0,72,Neoverse-V2,1,1 x NVIDIA GH200 120GB,-2.5917,51.4535,64,machine,0.0,0.8,24.1,206.76427001953124,N,1.0,0.0
2026-09-27T07:03:22,efficientnet_lite0_batch4_node_0_local_train,fecad87e-54b0-43ee-9c80-fff317f51d3e,5b0fa12a-3dd7-45bb-9766-cc326314d9f1,7.730010295053944,9.606887260308093e-05,1.2428039412127394e-05,115.75055624832001,95.2587732130595,6.0,0.00015032898913998533,0.00024625908585562684,7.760916763606171e-06,0.0004043489917592184,0.0,United Kingdom,GBR,england,,,Linux-6.4.0-150600.23.73_15.0.14-cray_shasta_c_64k-aarch64-with-glibc2.38,3.11.7,3.3.0,72,Neoverse-V2,1,1 x NVIDIA GH200 120GB,-2.5917,51.4535,64,machine,0.0,14.5,24.35,208.83847045898438,N,1.0,0.0
2026-09-27T07:03:36,efficientnet_lite0_batch4_node_0_evaluate,aa635125-f8f7-441a-adb0-d55d78dd0e01,5b0fa12a-3dd7-45bb-9766-cc326314d9f1,5.353485243860632,4.3261906007307e-05,8.08107317694014e-06,115.79025628800002,82.77721989070389,6.0,7.398454297298958e-05,0.00010431508346187002,3.787532513185094e-06,0.00018208715894804472,0.0,United Kingdom,GBR,england,,,Linux-6.4.0-150600.23.73_15.0.14-cray_shasta_c_64k-aarch64-with-glibc2.38,3.11.7,3.3.0,72,Neoverse-V2,1,1 x NVIDIA GH200 120GB,-2.5917,51.4535,64,machine,0.0,7.5,24.4,209.16842651367188,N,1.0,0.0
2026-09-27T07:04:09,efficientnet_lite0_batch4_node_1_local_train,cee9718b-c0c4-451f-a63a-451a2b9d2841,5b0fa12a-3dd7-45bb-9766-cc326314d9f1,5.582448876928538,4.6806166087724336e-05,8.384522119166647e-06,115.7775948,166.10374630564272,6.0,8.134531439889059e-05,0.00011386759112497202,1.7918635846581308e-06,0.00019700476910852074,0.0,United Kingdom,GBR,england,,,Linux-6.4.0-150600.23.73_15.0.14-cray_shasta_c_64k-aarch64-with-glibc2.38,3.11.7,3.3.0,72,Neoverse-V2,1,1 x NVIDIA GH200 120GB,-2.5917,51.4535,64,machine,0.0,9.0,24.4,209.23428344726562,N,1.0,0.0
2026-09-27T07:04:32,efficientnet_lite0_batch4_node_1_evaluate,2c88aed9-21e5-43eb-bddc-d03596ecf496,5b0fa12a-3dd7-45bb-9766-cc326314d9f1,11.518034057924524,0.0001504016844998648,1.3057930176581385e-05,115.75382044525713,154.69027385316798,6.0,0.00027237826079219794,0.0003572072302233664,3.447538711673891e-06,0.0006330330297272382,0.0,United Kingdom,GBR,england,,,Linux-6.4.0-150600.23.73_15.0.14-cray_shasta_c_64k-aarch64-with-glibc2.38,3.11.7,3.3.0,72,Neoverse-V2,1,1 x NVIDIA GH200 120GB,-2.5917,51.4535,64,machine,17.262500000000003,1.375,24.4375,209.5042266845703,N,1.0,0.0
2026-09-27T07:05:02,efficientnet_lite0_batch4_node_0_upload,f64fb320-009a-4815-ad6c-be1dfefa2b61,5b0fa12a-3dd7-45bb-9766-cc326314d9f1,4.130791592877358,1.8881423636618235e-05,4.570897178442771e-06,115.7509980288,153.12149049746125,6.0,3.426748225197088e-05,4.519392501833863e-05,9.543138245741527e-09,7.947095040855526e-05,0.0,United Kingdom,GBR,england,,,Linux-6.4.0-150600.23.73_15.0.14-cray_shasta_c_64k-aarch64-with-glibc2.38,3.11.7,3.3.0,72,Neoverse-V2,1,1 x NVIDIA GH200 120GB,-2.5917,51.4535,64,machine,0.0,0.0,24.7,211.56976318359375,N,1.0,0.0
2026-09-27T07:05:11,efficientnet_lite0_batch4_node_1_upload,8075fa29-bfb2-4d67-ab85-48ea01a3d09f,5b0fa12a-3dd7-45bb-9766-cc326314d9f1,4.137804095866159,1.7981587391778297e-05,4.345683598153586e-06,115.731090432,137.54079332593196,6.0,3.4635722728413394e-05,4.103864392845935e-05,9.21882805414498e-09,7.56835854849269e-05,0.0,United Kingdom,GBR,england,,,Linux-6.4.0-150600.23.73_15.0.14-cray_shasta_c_64k-aarch64-with-glibc2.38,3.11.7,3.3.0,72,Neoverse-V2,1,1 x NVIDIA GH200 120GB,-2.5917,51.4535,64,machine,0.0,0.0,24.7,211.52044677734375,N,1.0,0.0
2026-09-27T07:05:38,mobilevit_xxs_batch4_node_0_local_train,22af5355-341f-4414-8b88-002be18d8293,5b0fa12a-3dd7-45bb-9766-cc326314d9f1,17.593100647907704,0.0002684902627248111,1.5261111051322375e-05,115.78356158400001,160.6934654898503,6.0,0.0004677541021011223,0.0006499480199408936,1.235971888837715e-05,0.001130061840930393,0.0,United Kingdom,GBR,england,,,Linux-6.4.0-150600.23.73_15.0.14-cray_shasta_c_64k-aarch64-with-glibc2.38,3.11.7,3.3.0,72,Neoverse-V2,1,1 x NVIDIA GH200 120GB,-2.5917,51.4535,64,machine,8.735714285714286,9.785714285714286,24.699999999999992,211.62268938337053,N,1.0,0.0
2026-09-27T07:08:35,mobilevit_xxs_batch4_node_0_evaluate,74d4671d-f3f2-4974-907b-5a66e4d87c3e,5b0fa12a-3dd7-45bb-9766-cc326314d9f1,6.464797894936055,6.212228979907893e-05,9.609316611079208e-06,115.7614132032,152.60247829131765,6.0,0.00010964316297728738,0.00014787900715873548,3.947383585230758e-06,0.0002614695537212536,0.0,United Kingdom,GBR,england,,,Linux-6.4.0-150600.23.73_15.0.14-cray_shasta_c_64k-aarch64-with-glibc2.38,3.11.7,3.3.0,72,Neoverse-V2,1,1 x NVIDIA GH200 120GB,-2.5917,51.4535,64,machine,0.0,3.3333333333333335,24.7,211.6558837890625,N,1.0,0.0
2026-09-27T07:09:35,mobilevit_xxs_batch4_node_1_local_train,0c1d28ec-6767-47f7-bdc8-ca178ee81e94,5b0fa12a-3dd7-45bb-9766-cc326314d9f1,13.47474959003739,0.00018417382455554837,1.3668070291392875e-05,115.790569344,158.32766032627012,6.0,0.000335032499501062,0.0004372634053595448,2.8823422617278993e-06,0.0007751782471223347,0.0,United Kingdom,GBR,england,,,Linux-6.4.0-150600.23.73_15.0.14-cray_shasta_c_64k-aarch64-with-glibc2.38,3.11.7,3.3.0,72,Neoverse-V2,1,1 x NVIDIA GH200 120GB,-2.5917,51.4535,64,machine,6.5699999999999985,3.3,24.659999999999997,211.24759521484376,N,1.0,0.0
2026-09-27T07:21:56,mobilevit_xxs_batch4_node_1_evaluate,a5e83b58-d10c-4064-898c-724e94ed5297,5b0fa12a-3dd7-45bb-9766-cc326314d9f1,6.238880373071879,5.822874759116705e-05,9.333204695267554e-06,115.7721705216,154.4155147974296,6.0,0.00010252395335552603,0.00013894705560346665,3.6108239169698207e-06,0.0002450818328759625,0.0,United Kingdom,GBR,england,,,Linux-6.4.0-150600.23.73_15.0.14-cray_shasta_c_64k-aarch64-with-glibc2.38,3.11.7,3.3.0,72,Neoverse-V2,1,1 x NVIDIA GH200 120GB,-2.5917,51.4535,64,machine,17.8,3.3333333333333335,24.399999999999995,209.10223388671875,N,1.0,0.0
2026-09-27T07:23:25,mobilevit_xxs_batch4_node_0_upload,69f23913-c5a4-46f2-9f16-6e791bc23f39,5b0fa12a-3dd7-45bb-9766-cc326314d9f1,10.21181375393644,0.00012399133146465902,1.2141949946635383e-05,115.75616310720001,146.98729891412958,6.0,0.00023002962082920977,0.0002918380112362229,5.56688173674047e-09,0.0005218731989471693,0.0,United Kingdom,GBR,england,,,Linux-6.4.0-150600.23.73_15.0.14-cray_shasta_c_64k-aarch64-with-glibc2.38,3.11.7,3.3.0,72,Neoverse-V2,1,1 x NVIDIA GH200 120GB,-2.5917,51.4535,64,machine,0.0,0.0,24.400000000000002,209.07818603515625,N,1.0,0.0
2026-09-27T07:31:18,mobilevit_xxs_batch4_node_1_upload,511ede87-a549-462c-9610-96f8a1236468,5b0fa12a-3dd7-45bb-9766-cc326314d9f1,3.072371343150735,1.0756406005180709e-07,3.501011044501526e-08,115.7509980288,0.0,6.0,4.473662586024297e-07,0.0,5.365391649926702e-09,4.527316502523564e-07,0.0,United Kingdom,GBR,england,,,Linux-6.4.0-150600.23.73_15.0.14-cray_shasta_c_64k-aarch64-with-glibc2.38,3.11.7,3.3.0,72,Neoverse-V2,1,1 x NVIDIA GH200 120GB,-2.5917,51.4535,64,machine,0,0,0,0,N,1.0,0.0
2026-09-27T07:32:07,mobilevit_xxs_batch4_node_0_exchange,f78b5c42-de68-4ef3-bd18-9c22a4f3c710,5b0fa12a-3dd7-45bb-9766-cc326314d9f1,7.124857097165659,7.10425817454631e-05,9.971088651549877e-06,115.74293545728001,149.52352850398717,6.0,0.00013058731110574125,0.00016842152359686224,5.773488276948532e-09,0.0002990146081908805,0.0,United Kingdom,GBR,england,,,Linux-6.4.0-150600.23.73_15.0.14-cray_shasta_c_64k-aarch64-with-glibc2.38,3.11.7,3.3.0,72,Neoverse-V2,1,1 x NVIDIA GH200 120GB,-2.5917,51.4535,64,machine,0.0,0.0,24.7,211.33798217773438,N,1.0,0.0
2026-09-27T07:32:13,mobilevit_xxs_batch4_node_1_exchange,31fb8d23-0a53-4918-a4a1-8d8974c77ff2,5b0fa12a-3dd7-45bb-9766-cc326314d9f1,3.088247525971383,1.6153104693648728e-07,5.230508421946489e-08,115.7308416,0.0,6.0,6.745587160291672e-07,0.0,5.3172333476444085e-09,6.798759493768115e-07,0.0,United Kingdom,GBR,england,,,Linux-6.4.0-150600.23.73_15.0.14-cray_shasta_c_64k-aarch64-with-glibc2.38,3.11.7,3.3.0,72,Neoverse-V2,1,1 x NVIDIA GH200 120GB,-2.5917,51.4535,64,machine,0,0,0,0,N,1.0,0.0
2026-09-27T07:35:09,mobilevit_xxs_batch4_node_0_evaluate,f380d20d-33f0-4d52-9e31-e61a9806eb8b,5b0fa12a-3dd7-45bb-9766-cc326314d9f1,158.39713426702656,0.0027630908831407694,1.744407116913327e-05,115.74780008747142,149.7176971508969,6.0,0.004993762705623028,0.006395924005630604,0.00024002208477972697,0.011629708796033358,0.0,United Kingdom,GBR,england,,,Linux-6.4.0-150600.23.73_15.0.14-cray_shasta_c_64k-aarch64-with-glibc2.38,3.11.7,3.3.0,72,Neoverse-V2,1,1 x NVIDIA GH200 120GB,-2.5917,51.4535,64,machine,5.210967741935484,0.05806451612903226,24.754193548387086,212.23352405178932,N,1.0,0.0
2026-09-27T07:35:23,mobilevit_xxs_batch4_node_1_evaluate,776ae713-a666-4b2d-af4c-8b98db197b22,5b0fa12a-3dd7-45bb-9766-cc326314d9f1,6.19225279497914,5.697811607027503e-05,9.201516468525728e-06,115.76015755200001,153.05238992045355,6.0,0.00010095917574126317,0.00013532427493601062,3.5345378250349313e-06,0.00023981798850230873,0.0,United Kingdom,GBR,england,,,Linux-6.4.0-150600.23.73_15.0.14-cray_shasta_c_64k-aarch64-with-glibc2.38,3.11.7,3.3.0,72,Neoverse-V2,1,1 x NVIDIA GH200 120GB,-2.5917,51.4535,64,machine,0.0,3.0,25.3,217.0572713216146,N,1.0,0.0
2026-09-27T07:36:24,mobilenet_v3_small_batch5_node_0_local_train,8854dda9-8040-46e0-a8eb-71cc1599c048,5b0fa12a-3dd7-45bb-9766-cc326314d9f1,9.073601664043963,0.00011067652246148045,1.2197639543739199e-05,115.5150525888,79.80083525818318,6.0,0.00019265003143713395,0.000263196599433968,9.985215138100709e-06,0.0004658318460092026,0.0,United Kingdom,GBR,england,,,Linux-6.4.0-150600.23.73_15.0.14-cray_shasta_c_64k-aarch64-with-glibc2.38,3.11.7,3.3.0,72,Neoverse-V2,1,1 x NVIDIA GH200 120GB,-2.5917,51.4535,64,machine,5.720000000000001,5.6,25.0,214.21024169921876,N,1.0,0.0
2026-09-27T07:36:33,mobilenet_v3_small_batch5_node_0_evaluate,30d31377-c3ea-48bd-bd3a-894d12e40745,5b0fa12a-3dd7-45bb-9766-cc326314d9f1,8.054035282926634,8.944666417295616e-05,1.110581975752824e-05,115.7107536,74.7667208804769,6.0,0.00016088950598015057,0.00020726516578406518,8.321781998189787e-06,0.0003764764537624055,0.0,United Kingdom,GBR,england,,,Linux-6.4.0-150600.23.73_15.0.14-cray_shasta_c_64k-aarch64-with-glibc2.38,3.11.7,3.3.0,72,Neoverse-V2,1,1 x NVIDIA GH200 120GB,-2.5917,51.4535,64,machine,0.0,0.6,25.0,214.24833984375,N,1.0,0.0
2026-09-27T07:36:54,mobilenet_v3_small_batch5_node_1_local_train,596681e5-e294-4599-9634-f10334e8fdf8,5b0fa12a-3dd7-45bb-9766-cc326314d9f1,4.787672009086236,3.1409600521254824e-05,6.560516355682766e-06,115.7839324992,76.81425839515819,6.0,5.590141486879268e-05,7.342672540744388e-05,2.87326854847682e-06,0.00013220140882471337,0.0,United Kingdom,GBR,england,,,Linux-6.4.0-150600.23.73_15.0.14-cray_shasta_c_64k-aarch64-with-glibc2.38,3.11.7,3.3.0,72,Neoverse-V2,1,1 x NVIDIA GH200 120GB,-2.5917,51.4535,64,machine,27.6,7.0,25.0,214.51055908203125,N,1.0,0.0
2026-09-27T07:38:19,mobilenet_v3_small_batch5_node_1_evaluate,4cf15632-e375-4437-980f-8abcf4f85348,5b0fa12a-3dd7-45bb-9766-cc326314d9f1,72.07522095297463,0.0012337047253664793,1.711690521450372e-05,115.7660478889871,148.88741572893477,6.0,0.0022187997201260664,0.002842234218263684,0.00013156641502088559,0.005192600353410634,0.0,United Kingdom,GBR,england,,,Linux-6.4.0-150600.23.73_15.0.14-cray_shasta_c_64k-aarch64-with-glibc2.38,3.11.7,3.3.0,72,Neoverse-V2,1,1 x NVIDIA GH200 120GB,-2.5917,51.4535,64,machine,5.298550724637682,0.057971014492753624,25.00144927536232,214.35932281051856,N,1.0,0.0
2026-09-27T07:39:24,mobilenet_v3_small_batch5_node_1_upload,4e34c4ae-1d07-4523-930b-b833c82de574,5b0fa12a-3dd7-45bb-9766-cc326314d9f1,4.078407265013084,1.753342403268679e-05,4.2990861121444535e-06,115.7509980288,146.3292494677326,6.0,3.264666282485422e-05,4.1144477336274576e-05,6.148571458955606e-09,7.379728873258775e-05,0.0,United Kingdom,GBR,england,,,Linux-6.4.0-150600.23.73_15.0.14-cray_shasta_c_64k-aarch64-with-glibc2.38,3.11.7,3.3.0,72,Neoverse-V2,1,1 x NVIDIA GH200 120GB,-2.5917,51.4535,64,machine,0.0,0.0,24.8,212.2083740234375,N,1.0,0.0
2026-09-27T07:39:38,mobilenet_v3_small_batch5_node_0_exchange,2cca5939-94f5-4918-b621-acf8f566c493,5b0fa12a-3dd7-45bb-9766-cc326314d9f1,8.46684018499218,9.402659759199887e-05,1.1105276057845624e-05,115.7477226048,147.894896766538,6.0,0.00017381348240828778,0.0002219343442391164,5.333608326812586e-09,0.000395753160255731,0.0,United Kingdom,GBR,england,,,Linux-6.4.0-150600.23.73_15.0.14-cray_shasta_c_64k-aarch64-with-glibc2.38,3.11.7,3.3.0,72,Neoverse-V2,1,1 x NVIDIA GH200 120GB,-2.5917,51.4535,64,machine,7.82,0.0,24.759999999999998,211.94320068359374,N,1.0,0.0
2026-09-27T07:40:01,mobilenet_v3_small_batch5_node_1_exchange,65923076-63fa-40c9-9d37-ebddfca9499b,5b0fa12a-3dd7-45bb-9766-cc326314d9f1,10.599113832926378,0.0001307592211396918,1.2336806944509402e-05,115.7363138304,147.08398543002613,6.0,0.0002424142249000326,0.00030793719079724724,7.486186611155669e-09,0.0005503589018838911,0.0,United Kingdom,GBR,england,,,Linux-6.4.0-150600.23.73_15.0.14-cray_shasta_c_64k-aarch64-with-glibc2.38,3.11.7,3.3.0,72,Neoverse-V2,1,1 x NVIDIA GH200 120GB,-2.5917,51.4535,64,machine,0.0,0.0,24.800000000000004,212.01988874162947,N,1.0,0.0
2026-09-27T07:40:18,mobilenet_v3_small_batch5_node_0_evaluate,27c82dcb-25af-4682-a83e-b6aad459ed48,5b0fa12a-3dd7-45bb-9766-cc326314d9f1,6.140491405967623,5.517994348070145e-05,8.986242278113922e-06,115.76304987840001,150.1958744286095,6.0,9.923924288996135e-05,0.00012956204813008299,3.4482806381614258e-06,0.00023224957165820576,0.0,United Kingdom,GBR,england,,,Linux-6.4.0-150600.23.73_15.0.14-cray_shasta_c_64k-aarch64-with-glibc2.38,3.11.7,3.3.0,72,Neoverse-V2,1,1 x NVIDIA GH200 120GB,-2.5917,51.4535,64,machine,0.0,1.3333333333333333,24.733333333333334,211.57568359375,N,1.0,0.0
2026-09-27T07:40:36,mobilenet_v3_small_batch5_node_1_evaluate,7aa69104-b2ac-45e1-9edb-7507d685263b,5b0fa12a-3dd7-45bb-9766-cc326314d9f1,6.509277075063437,6.188462601545792e-05,9.507142698308753e-06,115.7687292096,151.7999190125755,6.0,0.00011133135518809196,0.00014589872785109037,3.239155921619386e-06,0.0002604692389608017,0.0,United Kingdom,GBR,england,,,Linux-6.4.0-150600.23.73_15.0.14-cray_shasta_c_64k-aarch64-with-glibc2.38,3.11.7,3.3.0,72,Neoverse-V2,1,1 x NVIDIA GH200 120GB,-2.5917,51.4535,64,machine,0.0,1.3333333333333333,24.7,211.9373779296875,N,1.0,0.0
2026-09-27T07:40:55,efficientnet_lite0_batch5_node_0_local_train,4a744bcf-eb8d-4a0a-9f30-8e67fe599b2f,5b0fa12a-3dd7-45bb-9766-cc326314d9f1,8.080829689046368,0.00010122839077160099,1.252697986059735e-05,115.77172858559999,169.95293271346995,6.0,0.0001618366783868955,0.0002575393727113351,6.689089845167472e-06,0.000426065140943398,0.0,United Kingdom,GBR,england,,,Linux-6.4.0-150600.23.73_15.0.14-cray_shasta_c_64k-aarch64-with-glibc2.38,3.11.7,3.3.0,72,Neoverse-V2,1,1 x NVIDIA GH200 120GB,-2.5917,51.4535,64,machine,0.0,13.4,24.96,213.9399658203125,N,1.0,0.0
2026-09-27T07:41:08,efficientnet_lite0_batch5_node_0_evaluate,99be847d-a5fa-47b7-893d-c73dc60bcc92,5b0fa12a-3dd7-45bb-9766-cc326314d9f1,6.151328227948397,5.7391931460731266e-05,9.330006355370949e-06,115.7649416064,157.28406286916973,6.0,9.973023492399345e-05,0.00013835344401513794,3.4760374649583053e-06,0.0002415597164040897,0.0,United Kingdom,GBR,england,,,Linux-6.4.0-150600.23.73_15.0.14-cray_shasta_c_64k-aarch64-with-glibc2.38,3.11.7,3.3.0,72,Neoverse-V2,1,1 x NVIDIA GH200 120GB,-2.5917,51.4535,64,machine,0.0,3.6666666666666665,25.0,214.49365234375,N,1.0,0.0
2026-09-27T07:41:20,efficientnet_lite0_batch5_node_1_local_train,da08e0e3-3117-42fa-897f-bfd29db95c19,5b0fa12a-3dd7-45bb-9766-cc326314d9f1,10.327634338987991,0.00012862923689023332,1.245485971599937e-05,115.76518104548573,162.67422178626828,6.0,0.000234028927442053,0.0003053669109931434,1.9980682281311604e-06,0.0005413939066633275,0.0,United Kingdom,GBR,england,,,Linux-6.4.0-150600.23.73_15.0.14-cray_shasta_c_64k-aarch64-with-glibc2.38,3.11.7,3.3.0,72,Neoverse-V2,1,1 x NVIDIA GH200 120GB,-2.5917,51.4535,64,machine,5.442857142857143,4.428571428571429,25.014285714285712,214.50347028459822,N,1.0,0.0
2026-09-27T07:41:37,efficientnet_lite0_batch5_node_1_evaluate,7882bc4d-7371-4156-8244-1b6f49c90d84,5b0fa12a-3dd7-45bb-9766-cc326314d9f1,6.092529104789719,5.547233507338416e-05,9.104976622889479e-06,115.75301469120001,157.3452293997907,6.0,9.751791502988318e-05,0.0001326887172865554,3.2736006631360698e-06,0.00023348023297957465,0.0,United Kingdom,GBR,england,,,Linux-6.4.0-150600.23.73_15.0.14-cray_shasta_c_64k-aarch64-with-glibc2.38,3.11.7,3.3.0,72,Neoverse-V2,1,1 x NVIDIA GH200 120GB,-2.5917,51.4535,64,machine,0.0,5.0,25.0,214.5018310546875,N,1.0,0.0
2026-09-27T07:41:51,efficientnet_lite0_batch5_node_0_upload,7acef738-7c88-4409-945c-a040bd0640a5,5b0fa12a-3dd7-45bb-9766-cc326314d9f1,3.089560355991125,1.084756775147321e-07,3.511039274710441e-08,115.7111828352,0.0,6.0,4.5095303005386556e-07,0.0,5.61557166899244e-09,4.56568601722858e-07,0.0,United Kingdom,GBR,england,,,Linux-6.4.0-150600.23.73_15.0.14-cray_shasta_c_64k-aarch64-with-glibc2.38,3.11.7,3.3.0,72,Neoverse-V2,1,1 x NVIDIA GH200 120GB,-2.5917,51.4535,64,machine,0,0,0,0,N,1.0,0.0
2026-09-27T07:42:11,efficientnet_lite0_batch5_node_1_upload,d26fabf7-8d1b-4a2e-9f3f-3264a230a19f,5b0fa12a-3dd7-45bb-9766-cc326314d9f1,9.0176251179073,0.00010434222045148309,1.1570920179890727e-05,115.72781500800002,149.74105611916607,6.0,0.00019150731486738945,0.0002476582536701244,5.522933400546511e-09,0.0004391710914709144,0.0,United Kingdom,GBR,england,,,Linux-6.4.0-150600.23.73_15.0.14-cray_shasta_c_64k-aarch64-with-glibc2.38,3.11.7,3.3.0,72,Neoverse-V2,1,1 x NVIDIA GH200 120GB,-2.5917,51.4535,64,machine,0.0,0.0,25.1,214.61553955078125,N,1.0,0.0
2026-09-27T07:43:36,mobilevit_xxs_batch5_node_0_local_train,a2f595dc-c7ab-47a7-9e5c-75daebbd24d1,5b0fa12a-3dd7-45bb-9766-cc326314d9f1,15.776184567948803,0.00023673310674627378,1.5005726240502109e-05,115.79091305142856,162.84200302427695,6.0,0.0004092229205880669,0.0005763326832948223,1.084198500495404e-05,0.0009963975888878432,0.0,United Kingdom,GBR,england,,,Linux-6.4.0-150600.23.73_15.0.14-cray_shasta_c_64k-aarch64-with-glibc2.38,3.11.7,3.3.0,72,Neoverse-V2,1,1 x NVIDIA GH200 120GB,-2.5917,51.4535,64,machine,0.0,9.333333333333334,24.991666666666664,214.31097412109375,N,1.0,0.0
2026-09-27T07:45:12,mobilevit_xxs_batch5_node_0_evaluate,2fe87ee4-b170-4fcd-aae2-0ad3b0fa4d6c,5b0fa12a-3dd7-45bb-9766-cc326314d9f1,8.27171944687143,9.338714040208742e-05,1.1289930830210733e-05,115.779315456,154.23091828317882,6.0,0.000167839591314677,0.00022155545502755558,3.6666711703098068e-06,0.0003930617175125424,0.0,United Kingdom,GBR,england,,,Linux-6.4.0-150600.23.73_15.0.14-cray_shasta_c_64k-aarch64-with-glibc2.38,3.11.7,3.3.0,72,Neoverse-V2,1,1 x NVIDIA GH200 120GB,-2.5917,51.4535,64,machine,21.66,2.6,25.1,214.821533203125,N,1.0,0.0
2026-09-27T07:46:06,mobilevit_xxs_batch5_node_1_local_train,3a007073-6689-4185-9769-1f262ba163aa,5b0fa12a-3dd7-45bb-9766-cc326314d9f1,6.037839127006009,5.547014823993623e-05,9.187086153360677e-06,115.73588070720001,159.93471296608968,6.0,9.606077299320567e-05,0.00013421094070054096,3.199315015226603e-06,0.0002334710287089732,0.0,United Kingdom,GBR,england,,,Linux-6.4.0-150600.23.73_15.0.14-cray_shasta_c_64k-aarch64-with-glibc2.38,3.11.7,3.3.0,72,Neoverse-V2,1,1 x NVIDIA GH200 120GB,-2.5917,51.4535,64,machine,0.0,5.5,25.0,214.43887329101562,N,1.0,0.0
2026-09-27T07:46:42,mobilevit_xxs_batch5_node_1_evaluate,6420c183-dc61-4494-a5f3-fc8ec7aeb6ea,5b0fa12a-3dd7-45bb-9766-cc326314d9f1,6.134280688827857,5.637593412155033e-05,9.190308853037287e-06,115.76747355840001,154.57377666779178,6.0,9.931639760798948e-05,0.00013452649653800108,3.440541204763577e-06,0.00023728343535075417,0.0,United Kingdom,GBR,england,,,Linux-6.4.0-150600.23.73_15.0.14-cray_shasta_c_64k-aarch64-with-glibc2.38,3.11.7,3.3.0,72,Neoverse-V2,1,1 x NVIDIA GH200 120GB,-2.5917,51.4535,64,machine,0.0,3.0,24.96666666666667,213.8098347981771,N,1.0,0.0
2026-09-27T07:47:00,mobilevit_xxs_batch5_node_1_upload,93ecc831-5155-411a-8a7a-929ca4360d73,5b0fa12a-3dd7-45bb-9766-cc326314d9f1,5.634473375044763,4.50860700625786e-05,8.001825026322076e-06,115.7308416,149.2432509559218,6.0,8.294707856413841e-05,0.00010681258544309458,5.308540227512519e-09,0.00018976497254746051,0.0,United Kingdom,GBR,england,,,Linux-6.4.0-150600.23.73_15.0.14-cray_shasta_c_64k-aarch64-with-glibc2.38,3.11.7,3.3.0,72,Neoverse-V2,1,1 x NVIDIA GH200 120GB,-2.5917,51.4535,64,machine,0.0,0.0,25.0,214.04241943359375,N,1.0,0.0
2026-09-27T07:47:07,mobilevit_xxs_batch5_node_0_exchange,b50401bf-4dbc-4caf-9642-57637ceb5818,5b0fa12a-3dd7-45bb-9766-cc326314d9f1,4.528060318902135,2.4861833877881318e-05,5.490614551687172e-06,115.7409198144,141.57570676450075,6.0,4.711984245369138e-05,5.7514768201372135e-05,7.58186176729699e-09,0.00010464219251683082,0.0,United Kingdom,GBR,england,,,Linux-6.4.0-150600.23.73_15.0.14-cray_shasta_c_64k-aarch64-with-glibc2.38,3.11.7,3.3.0,72,Neoverse-V2,1,1 x NVIDIA GH200 120GB,-2.5917,51.4535,64,machine,0.0,0.0,25.0,214.09857177734375,N,1.0,0.0
2026-09-27T07:50:19,mobilevit_xxs_batch5_node_1_exchange,00024768-2688-4e16-9429-5f7ac7a3f2da,5b0fa12a-3dd7-45bb-9766-cc326314d9f1,4.095206780126318,1.7624504467865965e-05,4.30369097682592e-06,115.7928287616,143.97967902137015,6.0,3.3124491994705965e-05,4.104669952198492e-05,9.450128612418969e-09,7.41806416453033e-05,0.0,United Kingdom,GBR,england,,,Linux-6.4.0-150600.23.73_15.0.14-cray_shasta_c_64k-aarch64-with-glibc2.38,3.11.7,3.3.0,72,Neoverse-V2,1,1 x NVIDIA GH200 120GB,-2.5917,51.4535,64,machine,30.0,0.0,25.3,216.5191650390625,N,1.0,0.0
2026-09-27T08:00:05,mobilevit_xxs_batch5_node_0_evaluate,20d9c930-83b4-472c-bf47-b2d7ea667472,5b0fa12a-3dd7-45bb-9766-cc326314d9f1,108.03124024393037,0.0018676609533471557,1.7288156177139588e-05,115.74503885242288,149.20605278065455,6.0,0.0033751972370788795,0.004317113175943632,0.00016857941498785902,0.00786088982801037,0.0,United Kingdom,GBR,england,,,Linux-6.4.0-150600.23.73_15.0.14-cray_shasta_c_64k-aarch64-with-glibc2.38,3.11.7,3.3.0,72,Neoverse-V2,1,1 x NVIDIA GH200 120GB,-2.5917,51.4535,64,machine,4.325961538461538,0.14423076923076922,25.483653846153832,218.0491438645583,N,1.0,0.0
2026-09-27T08:01:46,mobilevit_xxs_batch5_node_1_evaluate,8bdca64b-ab8e-479f-a883-3d973af4bec3,5b0fa12a-3dd7-45bb-9766-cc326314d9f1,5.1085014580748975,3.765355757780899e-05,7.370763791853446e-06,115.7615842752,78.88778862605461,6.0,6.608085891863154e-05,8.900979344161897e-05,3.391253695202371e-06,0.00015848190605545286,0.0,United Kingdom,GBR,england,,,Linux-6.4.0-150600.23.73_15.0.14-cray_shasta_c_64k-aarch64-with-glibc2.38,3.11.7,3.3.0,72,Neoverse-V2,1,1 x NVIDIA GH200 120GB,-2.5917,51.4535,64,machine,0.0,8.5,25.2,215.8438720703125,N,1.0,0.0
2026-09-27T08:02:23,mobilenet_v3_small_batch6_node_0_local_train,378afa55-3314-4527-b2d9-aa5f9e7a8203,5b0fa12a-3dd7-45bb-9766-cc326314d9f1,8.970656001009047,0.00010785553595905672,1.2023149248719915e-05,118.25210894400001,78.50321549499739,6.0,0.00018960667761918864,0.0002545313147379602,9.820465143226708e-06,0.00045395845750037555,0.0,United Kingdom,GBR,england,,,Linux-6.4.0-150600.23.73_15.0.14-cray_shasta_c_64k-aarch64-with-glibc2.38,3.11.7,3.3.0,72,Neoverse-V2,1,1 x NVIDIA GH200 120GB,-2.5917,51.4535,64,machine,0.0,6.6,24.9,213.4572509765625,N,1.0,0.0
2026-09-27T08:03:05,mobilenet_v3_small_batch6_node_0_evaluate,32415e16-12fa-4065-93b1-1faf4abd31fe,5b0fa12a-3dd7-45bb-9766-cc326314d9f1,37.26286084810272,0.0006036254269022713,1.6199116577840685e-05,115.74154808514783,146.63502278544615,6.0,0.0010996150753770438,0.0014075630704724063,3.3450531834581244e-05,0.0025406286776840314,0.0,United Kingdom,GBR,england,,,Linux-6.4.0-150600.23.73_15.0.14-cray_shasta_c_64k-aarch64-with-glibc2.38,3.11.7,3.3.0,72,Neoverse-V2,1,1 x NVIDIA GH200 120GB,-2.5917,51.4535,64,machine,4.473529411764706,0.08823529411764706,24.899999999999988,213.3361188103171,N,1.0,0.0
2026-09-27T08:03:10,mobilenet_v3_small_batch6_node_1_local_train,bd2c40c3-fdf9-407d-a786-4155cd0a7408,5b0fa12a-3dd7-45bb-9766-cc326314d9f1,4.40864848298952,2.5333614633454852e-05,5.746344878981152e-06,115.7790828672,758.1083530595965,6.0,4.3445538933122164e-05,6.095560434005165e-05,2.2267504148961354e-06,0.00010662789368806995,0.0,United Kingdom,GBR,england,,,Linux-6.4.0-150600.23.73_15.0.14-cray_shasta_c_64k-aarch64-with-glibc2.38,3.11.7,3.3.0,72,Neoverse-V2,1,1 x NVIDIA GH200 120GB,-2.5917,51.4535,64,machine,40.0,5.0,24.9,213.36541748046875,N,1.0,0.0
2026-09-27T08:03:38,mobilenet_v3_small_batch6_node_1_evaluate,849e8862-0967-4652-8c54-e077c4a3ec23,5b0fa12a-3dd7-45bb-9766-cc326314d9f1,12.726635810919106,0.0001695609379725182,1.3323311870607592e-05,115.7857710264,150.32518637443923,6.0,0.0003107958815171924,0.00039940865286780536,3.4688173801017304e-06,0.0007136733517650994,0.0,United Kingdom,GBR,england,,,Linux-6.4.0-150600.23.73_15.0.14-cray_shasta_c_64k-aarch64-with-glibc2.38,3.11.7,3.3.0,72,Neoverse-V2,1,1 x NVIDIA GH200 120GB,-2.5917,51.4535,64,machine,0.0,0.4444444444444444,24.900000000000002,213.27499728732639,N,1.0,0.0
2026-09-27T08:03:57,mobilenet_v3_small_batch6_node_0_upload,fc842ce1-db55-4c2d-9189-ac574269da09,5b0fa12a-3dd7-45bb-9766-cc326314d9f1,9.793465452967212,0.00011674912766970528,1.1921125186011942e-05,115.75402148571432,146.7307295055087,6.0,0.0002167566377323696,0.00027462716411719157,7.330188139652213e-09,0.0004913911320377007,0.0,United Kingdom,GBR,england,,,Linux-6.4.0-150600.23.73_15.0.14-cray_shasta_c_64k-aarch64-with-glibc2.38,3.11.7,3.3.0,72,Neoverse-V2,1,1 x NVIDIA GH200 120GB,-2.5917,51.4535,64,machine,0.0,0.0,24.86666666666667,212.88880411783853,N,1.0,0.0
2026-09-27T08:04:43,mobilenet_v3_small_batch6_node_0_exchange,fbc3ad2b-c28d-49eb-9066-ea90276d4987,5b0fa12a-3dd7-45bb-9766-cc326314d9f1,34.406407507834956,0.0005533198626168881,1.6081884238884493e-05,115.75275476198401,146.69259876251593,6.0,0.0010078944785112502,0.001286015751048808,3.498489023457902e-05,0.0023288951197946374,0.0,United Kingdom,GBR,england,,,Linux-6.4.0-150600.23.73_15.0.14-cray_shasta_c_64k-aarch64-with-glibc2.38,3.11.7,3.3.0,72,Neoverse-V2,1,1 x NVIDIA GH200 120GB,-2.5917,51.4535,64,machine,2.8322580645161293,0.0,24.89354838709676,213.1673544606855,N,1.0,0.0
2026-09-27T08:11:38,mobilenet_v3_small_batch6_node_1_exchange,6c6af230-0681-4869-ad7f-4586ab3fe4f5,5b0fa12a-3dd7-45bb-9766-cc326314d9f1,4.080275174928829,1.7542293131592193e-05,4.299291684879606e-06,115.7308416,144.97269150566288,6.0,3.283368321616269e-05,4.099531057022432e-05,5.624531768262386e-09,7.383461831815527e-05,0.0,United Kingdom,GBR,england,,,Linux-6.4.0-150600.23.73_15.0.14-cray_shasta_c_64k-aarch64-with-glibc2.38,3.11.7,3.3.0,72,Neoverse-V2,1,1 x NVIDIA GH200 120GB,-2.5917,51.4535,64,machine,0.0,0.0,24.9,213.030517578125,N,1.0,0.0
2026-09-27T08:11:58,mobilenet_v3_small_batch6_node_0_evaluate,88d571b1-4de5-4436-a2dd-a3a4688a1d18,5b0fa12a-3dd7-45bb-9766-cc326314d9f1,9.441755671985447,0.00011257739954697739,1.1923354454193814e-05,115.75496292480003,150.43507948662523,6.0,0.00020514245693292938,0.0002647518784897329,3.9382054229887824e-06,0.0004738325408456511,0.0,United Kingdom,GBR,england,,,Linux-6.4.0-150600.23.73_15.0.14-cray_shasta_c_64k-aarch64-with-glibc2.38,3.11.7,3.3.0,72,Neoverse-V2,1,1 x NVIDIA GH200 120GB,-2.5917,51.4535,64,machine,14.016666666666666,0.6666666666666666,24.900000000000002,213.14910888671875,N,1.0,0.0
2026-09-27T08:12:07,mobilenet_v3_small_batch6_node_1_evaluate,f6dbbc43-1a3c-4f14-8a26-5cb201ff9b07,5b0fa12a-3dd7-45bb-9766-cc326314d9f1,5.1269908549729735,3.767944345149734e-05,7.3492316482191125e-06,115.73495786880001,77.29069376802119,6.0,6.689911842640238e-05,8.826062617117714e-05,3.4311137817955265e-06,0.00015859085837937505,0.0,United Kingdom,GBR,england,,,Linux-6.4.0-150600.23.73_15.0.14-cray_shasta_c_64k-aarch64-with-glibc2.38,3.11.7,3.3.0,72,Neoverse-V2,1,1 x NVIDIA GH200 120GB,-2.5917,51.4535,64,machine,0.0,2.5,24.9,213.26129150390625,N,1.0,0.0
2026-09-27T08:12:34,efficientnet_lite0_batch6_node_0_local_train,2520c7c3-400e-4af0-b4a3-81a4691b34b7,5b0fa12a-3dd7-45bb-9766-cc326314d9f1,22.59990932396613,0.00036058704088875993,1.595524281623442e-05,115.75954763280004,114.95111350203877,6.0,0.0006285408286194606,0.0008574970748895794,3.165458599493528e-05,0.001517692489503975,0.0,United Kingdom,GBR,england,,,Linux-6.4.0-150600.23.73_15.0.14-cray_shasta_c_64k-aarch64-with-glibc2.38,3.11.7,3.3.0,72,Neoverse-V2,1,1 x NVIDIA GH200 120GB,-2.5917,51.4535,64,machine,4.189473684210526,4.631578947368421,24.963157894736838,213.84976356907896,N,1.0,0.0
2026-09-27T08:12:48,efficientnet_lite0_batch6_node_0_evaluate,f24d1a76-5735-4091-9f32-8f4c33d4dcbb,5b0fa12a-3dd7-45bb-9766-cc326314d9f1,6.238715725019574,5.917612470864204e-05,9.485305520705765e-06,115.76747355840001,158.60384819877441,6.0,0.00010239238202365811,0.00014307650334899336,3.6004095384851097e-06,0.0002490692949111366,0.0,United Kingdom,GBR,england,,,Linux-6.4.0-150600.23.73_15.0.14-cray_shasta_c_64k-aarch64-with-glibc2.38,3.11.7,3.3.0,72,Neoverse-V2,1,1 x NVIDIA GH200 120GB,-2.5917,51.4535,64,machine,20.133333333333333,3.3333333333333335,25.2,216.2064005533854,N,1.0,0.0
2026-09-27T08:13:02,efficientnet_lite0_batch6_node_1_local_train,77e57e05-5acb-44aa-af91-954cbb841372,5b0fa12a-3dd7-45bb-9766-cc326314d9f1,6.622539865784347,6.42373047555203e-05,9.69979887737713e-06,115.7573124,163.64999627779537,6.0,0.00011473158205456427,0.00015407206765871706,1.567894236650318e-06,0.00027037154394993164,0.0,United Kingdom,GBR,england,,,Linux-6.4.0-150600.23.73_15.0.14-cray_shasta_c_64k-aarch64-with-glibc2.38,3.11.7,3.3.0,72,Neoverse-V2,1,1 x NVIDIA GH200 120GB,-2.5917,51.4535,64,machine,0.0,6.0,25.2,216.203369140625,N,1.0,0.0
2026-09-27T08:18:45,efficientnet_lite0_batch6_node_1_evaluate,5d728241-b410-45d1-b46a-cc7f32b0bf91,5b0fa12a-3dd7-45bb-9766-cc326314d9f1,328.7828963659704,0.005904118121104961,1.7957497748097728e-05,115.73624226079392,149.25757701938608,6.0,0.010568736750588146,0.013508307751095572,0.0007730879585941632,0.02485013246027788,0.0,United Kingdom,GBR,england,,,Linux-6.4.0-150600.23.73_15.0.14-cray_shasta_c_64k-aarch64-with-glibc2.38,3.11.7,3.3.0,72,Neoverse-V2,1,1 x NVIDIA GH200 120GB,-2.5917,51.4535,64,machine,4.70030487804878,0.03048780487804878,25.280487804878142,216.59372562315406,N,1.0,0.0
2026-09-27T08:19:01,efficientnet_lite0_batch6_node_1_upload,889456e4-8744-4723-987f-2e1e8ea91da4,5b0fa12a-3dd7-45bb-9766-cc326314d9f1,3.0773775330744684,1.0526808989924969e-07,3.420707689188889e-08,115.77165834240003,0.0,6.0,4.3579111892820924e-07,0.0,7.2769098915159706e-09,4.430680288197252e-07,0.0,United Kingdom,GBR,england,,,Linux-6.4.0-150600.23.73_15.0.14-cray_shasta_c_64k-aarch64-with-glibc2.38,3.11.7,3.3.0,72,Neoverse-V2,1,1 x NVIDIA GH200 120GB,-2.5917,51.4535,64,machine,0,0,0,0,N,1.0,0.0
2026-09-27T08:19:28,mobilevit_xxs_batch6_node_0_local_train,66cd6fcf-61cc-4ea3-9753-e58b44b8cde3,5b0fa12a-3dd7-45bb-9766-cc326314d9f1,18.831539176171646,0.00028957333131943814,1.537704000774656e-05,115.7926045955657,169.25270045358786,6.0,0.0005074741717761948,0.0007004508381385222,1.0874392917224516e-05,0.0012187994028319414,0.0,United Kingdom,GBR,england,,,Linux-6.4.0-150600.23.73_15.0.14-cray_shasta_c_64k-aarch64-with-glibc2.38,3.11.7,3.3.0,72,Neoverse-V2,1,1 x NVIDIA GH200 120GB,-2.5917,51.4535,64,machine,0.0,7.866666666666666,25.300000000000008,216.55277099609376,N,1.0,0.0
2026-09-27T08:19:48,mobilevit_xxs_batch6_node_0_evaluate,cf0b35b7-7ba9-480b-9ff0-656e7acb291a,5b0fa12a-3dd7-45bb-9766-cc326314d9f1,6.362445876002312,6.031613852563507e-05,9.480023830636223e-06,115.7721705216,153.2120698776674,6.0,0.00010659540414471676,0.00014344261475685016,3.8295361015480014e-06,0.00025386755500311493,0.0,United Kingdom,GBR,england,,,Linux-6.4.0-150600.23.73_15.0.14-cray_shasta_c_64k-aarch64-with-glibc2.38,3.11.7,3.3.0,72,Neoverse-V2,1,1 x NVIDIA GH200 120GB,-2.5917,51.4535,64,machine,0.0,5.0,25.399999999999995,217.1729939778646,N,1.0,0.0
2026-09-27T08:20:20,mobilevit_xxs_batch6_node_1_local_train,faef184b-7d83-44e5-99a8-2a6176509522,5b0fa12a-3dd7-45bb-9766-cc326314d9f1,5.6700813439674675,4.852603049759364e-05,8.558260023768728e-06,115.7360051232,158.8429527851204,6.0,8.401299930702489e-05,0.00011764231635424949,2.5882751514048623e-06,0.00020424359081267922,0.0,United Kingdom,GBR,england,,,Linux-6.4.0-150600.23.73_15.0.14-cray_shasta_c_64k-aarch64-with-glibc2.38,3.11.7,3.3.0,72,Neoverse-V2,1,1 x NVIDIA GH200 120GB,-2.5917,51.4535,64,machine,0.0,4.5,25.3,216.7945556640625,N,1.0,0.0
2026-09-27T08:20:26,mobilevit_xxs_batch6_node_1_evaluate,9852a496-893d-456b-ba57-76380c3423f0,5b0fa12a-3dd7-45bb-9766-cc326314d9f1,5.232161205960438,4.0851807975279265e-05,7.80782670242293e-06,115.7861120256,81.915726862333,6.0,7.019598944648082e-05,9.814730074708677e-05,3.599888889972742e-06,0.00017194317908354035,0.0,United Kingdom,GBR,england,,,Linux-6.4.0-150600.23.73_15.0.14-cray_shasta_c_64k-aarch64-with-glibc2.38,3.11.7,3.3.0,72,Neoverse-V2,1,1 x NVIDIA GH200 120GB,-2.5917,51.4535,64,machine,0.0,4.5,25.3,216.86419677734375,N,1.0,0.0
2026-09-27T08:20:34,mobilevit_xxs_batch6_node_0_upload,bdd9ea5c-9ccd-410e-96d6-a7534fb43290,5b0fa12a-3dd7-45bb-9766-cc326314d9f1,7.084835025016218,6.975551305044246e-05,9.84574980280261e-06,115.75109880576001,146.66629202385244,6.0,0.00012955085670522827,0.0001640195756635876,2.6969238339612882e-08,0.00029359740160715545,0.0,United Kingdom,GBR,england,,,Linux-6.4.0-150600.23.73_15.0.14-cray_shasta_c_64k-aarch64-with-glibc2.38,3.11.7,3.3.0,72,Neoverse-V2,1,1 x NVIDIA GH200 120GB,-2.5917,51.4535,64,machine,0.0,0.0,25.3,216.80111694335938,N,1.0,0.0
2026-09-27T08:20:44,mobilevit_xxs_batch6_node_0_exchange,30b99c2e-c266-43e3-a09a-29a8b8b64b89,5b0fa12a-3dd7-45bb-9766-cc326314d9f1,4.08296765293926,1.749234727456687e-05,4.28422381989101e-06,115.7308416,145.85416440162433,6.0,3.262828967712403e-05,4.098892171100488e-05,7.187361673762401e-09,7.362439874980268e-05,0.0,United Kingdom,GBR,england,,,Linux-6.4.0-150600.23.73_15.0.14-cray_shasta_c_64k-aarch64-with-glibc2.38,3.11.7,3.3.0,72,Neoverse-V2,1,1 x NVIDIA GH200 120GB,-2.5917,51.4535,64,machine,65.2,0.0,25.3,216.701416015625,N,1.0,0.0
2026-09-27T08:21:07,mobilevit_xxs_batch6_node_1_exchange,9b0b6ccb-18a5-47db-b462-7b1ba9660f61,5b0fa12a-3dd7-45bb-9766-cc326314d9f1,8.770868838997558,9.914099446918252e-05,1.1303440547232441e-05,115.73420100480001,147.52156184211935,6.0,0.00018357186705949158,0.00023370018692503436,7.342238289614519e-09,0.0004172793962228155,0.0,United Kingdom,GBR,england,,,Linux-6.4.0-150600.23.73_15.0.14-cray_shasta_c_64k-aarch64-with-glibc2.38,3.11.7,3.3.0,72,Neoverse-V2,1,1 x NVIDIA GH200 120GB,-2.5917,51.4535,64,machine,30.9,0.0,25.3,216.68487548828125,N,1.0,0.0
2026-09-27T08:21:45,mobilevit_xxs_batch6_node_0_evaluate,694673c8-eaa4-4649-a33b-9ed6a39cb624,5b0fa12a-3dd7-45bb-9766-cc326314d9f1,19.401966057019308,0.00028641525249481953,1.4762176763586248e-05,115.74454712832001,156.2556667046479,6.0,0.0005255769356413222,0.0006762219298934724,3.7083443731535227e-06,0.0012055072099079484,0.0,United Kingdom,GBR,england,,,Linux-6.4.0-150600.23.73_15.0.14-cray_shasta_c_64k-aarch64-with-glibc2.38,3.11.7,3.3.0,72,Neoverse-V2,1,1 x NVIDIA GH200 120GB,-2.5917,51.4535,64,machine,7.175000000000001,0.6875,25.262500000000006,216.5623435974121,N,1.0,0.0
2026-09-27T08:22:12,mobilevit_xxs_batch6_node_1_evaluate,07607de0-bf27-4539-8f2d-c38e67c73eda,5b0fa12a-3dd7-45bb-9766-cc326314d9f1,6.221705271163955,5.793612845559116e-05,9.311937150753604e-06,115.74444718080001,153.40443589859473,6.0,0.00010207769466792196,0.00013821538837532898,3.5571307948945713e-06,0.00024385021383814553,0.0,United Kingdom,GBR,england,,,Linux-6.4.0-150600.23.73_15.0.14-cray_shasta_c_64k-aarch64-with-glibc2.38,3.11.7,3.3.0,72,Neoverse-V2,1,1 x NVIDIA GH200 120GB,-2.5917,51.4535,64,machine,0.0,3.6666666666666665,25.3,216.71441650390625,N,1.0,0.0
2026-09-27T08:22:43,mobilenet_v3_small_batch7_node_0_local_train,99ef8493-6651-4fab-8b77-92882224d307,5b0fa12a-3dd7-45bb-9766-cc326314d9f1,8.828154873801395,0.000106817432420541,1.2099632816539557e-05,115.6324472064,216.14407569756355,6.0,0.0001844328806983253,0.0002555990933785779,9.55715850306054e-06,0.00044958913257996374,0.0,United Kingdom,GBR,england,,,Linux-6.4.0-150600.23.73_15.0.14-cray_shasta_c_64k-aarch64-with-glibc2.38,3.11.7,3.3.0,72,Neoverse-V2,1,1 x NVIDIA GH200 120GB,-2.5917,51.4535,64,machine,26.440000000000005,8.4,24.9,213.4861328125,N,1.0,0.0
2026-09-27T08:23:06,mobilenet_v3_small_batch7_node_0_evaluate,0553e335-16e0-4731-8f07-f7b7fd16f121,5b0fa12a-3dd7-45bb-9766-cc326314d9f1,9.523480844916776,0.00011561135987974608,1.2139611740958606e-05,115.6188796416,152.75613180328116,6.0,0.00020788266286669944,0.0002697027157694265,9.016946722986177e-06,0.0004866023253591121,0.0,United Kingdom,GBR,england,,,Linux-6.4.0-150600.23.73_15.0.14-cray_shasta_c_64k-aarch64-with-glibc2.38,3.11.7,3.3.0,72,Neoverse-V2,1,1 x NVIDIA GH200 120GB,-2.5917,51.4535,64,machine,0.0,0.5,24.866666666666664,213.24170939127603,N,1.0,0.0
2026-09-27T08:26:17,mobilenet_v3_small_batch7_node_1_local_train,0b475392-aece-44af-b6b2-1aba3e1c5dc5,5b0fa12a-3dd7-45bb-9766-cc326314d9f1,178.6261456918437,0.003175666462329527,1.7778284640413265e-05,115.73395413899559,149.29116155960764,6.0,0.005742362187544735,0.007353864216412376,0.00026999199137906545,0.013366218395336178,0.0,United Kingdom,GBR,england,,,Linux-6.4.0-150600.23.73_15.0.14-cray_shasta_c_64k-aarch64-with-glibc2.38,3.11.7,3.3.0,72,Neoverse-V2,1,1 x NVIDIA GH200 120GB,-2.5917,51.4535,64,machine,4.493820224719101,0.03932584269662921,24.88820224719104,213.37807953223754,N,1.0,0.0
2026-09-27T08:26:51,mobilenet_v3_small_batch7_node_1_evaluate,97056e85-7117-4515-9d59-390bed7715ce,5b0fa12a-3dd7-45bb-9766-cc326314d9f1,12.416497098049149,0.00016440478523103663,1.324083466800532e-05,115.7747332104,149.95425680584628,6.0,0.000301136613257098,0.0003873491987462785,3.485555488538618e-06,0.0006919713674919151,0.0,United Kingdom,GBR,england,,,Linux-6.4.0-150600.23.73_15.0.14-cray_shasta_c_64k-aarch64-with-glibc2.38,3.11.7,3.3.0,72,Neoverse-V2,1,1 x NVIDIA GH200 120GB,-2.5917,51.4535,64,machine,15.722222222222221,0.4444444444444444,24.900000000000002,213.2018568250868,N,1.0,0.0
2026-09-27T08:27:04,mobilenet_v3_small_batch7_node_0_upload,76bfa4c8-0efd-4de9-b3d3-1a0904a89213,5b0fa12a-3dd7-45bb-9766-cc326314d9f1,4.069592935964465,1.7518275654813222e-05,4.3046751678768365e-06,115.7308416,145.48301369954555,6.0,3.272349067316246e-05,4.100447728205836e-05,5.562026441718141e-09,7.373352998166254e-05,0.0,United Kingdom,GBR,england,,,Linux-6.4.0-150600.23.73_15.0.14-cray_shasta_c_64k-aarch64-with-glibc2.38,3.11.7,3.3.0,72,Neoverse-V2,1,1 x NVIDIA GH200 120GB,-2.5917,51.4535,64,machine,0.0,0.0,24.9,213.16778564453125,N,1.0,0.0
2026-09-27T08:27:12,mobilenet_v3_small_batch7_node_0_exchange,c470bba7-78ed-43d9-a8ad-fad5dd52346e,5b0fa12a-3dd7-45bb-9766-cc326314d9f1,3.0716916699893773,1.0928210551967307e-07,3.557717286124977e-08,115.7111828352,0.0,6.0,4.525627613272194e-07,0.0,7.4000547950466475e-09,4.59962816122266e-07,0.0,United Kingdom,GBR,england,,,Linux-6.4.0-150600.23.73_15.0.14-cray_shasta_c_64k-aarch64-with-glibc2.38,3.11.7,3.3.0,72,Neoverse-V2,1,1 x NVIDIA GH200 120GB,-2.5917,51.4535,64,machine,0,0,0,0,N,1.0,0.0
2026-09-27T08:28:18,mobilenet_v3_small_batch7_node_1_exchange,9f5de6ea-5211-4d7c-9b56-6da299ceee74,5b0fa12a-3dd7-45bb-9766-cc326314d9f1,32.093660827958956,0.0005115304482571005,1.5938675584540105e-05,115.7364153661091,148.3062914451869,6.0,0.0009333276176924659,0.0011946670668123716,2.501091868849471e-05,0.002153005603193332,0.0,United Kingdom,GBR,england,,,Linux-6.4.0-150600.23.73_15.0.14-cray_shasta_c_64k-aarch64-with-glibc2.38,3.11.7,3.3.0,72,Neoverse-V2,1,1 x NVIDIA GH200 120GB,-2.5917,51.4535,64,machine,3.9068965517241376,0.0,24.89310344827585,213.1152722588901,N,1.0,0.0
2026-09-27T08:30:38,mobilenet_v3_small_batch7_node_0_evaluate,763ad7c1-76ed-411d-a795-43349334c2c8,5b0fa12a-3dd7-45bb-9766-cc326314d9f1,12.74501494388096,0.00016946095253110715,1.3296253733501306e-05,115.7194354176,148.3579199510753,6.0,0.0003115584590345835,0.0003977847626970288,3.909296403095747e-06,0.000713252518134708,0.0,United Kingdom,GBR,england,,,Linux-6.4.0-150600.23.73_15.0.14-cray_shasta_c_64k-aarch64-with-glibc2.38,3.11.7,3.3.0,72,Neoverse-V2,1,1 x NVIDIA GH200 120GB,-2.5917,51.4535,64,machine,6.7555555555555555,0.3333333333333333,24.833333333333332,212.51217990451389,N,1.0,0.0
2026-09-27T08:30:53,mobilenet_v3_small_batch7_node_1_evaluate,922b7018-dcbe-4453-b521-02cde49a117f,5b0fa12a-3dd7-45bb-9766-cc326314d9f1,6.211835053050891,5.677301700691424e-05,9.139492037708029e-06,115.77944142720001,153.41902177399896,6.0,0.00010177608234642914,0.0001336862180778553,3.4924365665453178e-06,0.00023895473699082974,0.0,United Kingdom,GBR,england,,,Linux-6.4.0-150600.23.73_15.0.14-cray_shasta_c_64k-aarch64-with-glibc2.38,3.11.7,3.3.0,72,Neoverse-V2,1,1 x NVIDIA GH200 120GB,-2.5917,51.4535,64,machine,0.0,1.3333333333333333,24.899999999999995,213.07303873697916,N,1.0,0.0
2026-09-27T08:36:03,efficientnet_lite0_batch7_node_0_local_train,c05e0b0c-2957-4ffc-ae87-ff9195aafb50,5b0fa12a-3dd7-45bb-9766-cc326314d9f1,228.162448549876,0.004073024358540623,1.785142289814735e-05,115.74027280418825,144.9858796604889,6.0,0.00733495954901048,0.009442195053736668,0.00036599747306706074,0.017143152075814214,0.0,United Kingdom,GBR,england,,,Linux-6.4.0-150600.23.73_15.0.14-cray_shasta_c_64k-aarch64-with-glibc2.38,3.11.7,3.3.0,72,Neoverse-V2,1,1 x NVIDIA GH200 120GB,-2.5917,51.4535,64,machine,4.494298245614036,0.35964912280701755,25.037719298245673,214.50776324355812,N,1.0,0.0
2026-09-27T08:36:27,efficientnet_lite0_batch7_node_0_evaluate,a8fe0168-a56c-4f60-864e-9007e893d381,5b0fa12a-3dd7-45bb-9766-cc326314d9f1,13.128195013850927,0.00017862216847599625,1.3605995971840805e-05,115.722671292,157.2881755889066,6.0,0.00032392746728424857,0.00042398895027417893,3.895191884754846e-06,0.0007518116094431824,0.0,United Kingdom,GBR,england,,,Linux-6.4.0-150600.23.73_15.0.14-cray_shasta_c_64k-aarch64-with-glibc2.38,3.11.7,3.3.0,72,Neoverse-V2,1,1 x NVIDIA GH200 120GB,-2.5917,51.4535,64,machine,0.0,1.1,25.400000000000002,217.54930419921874,N,1.0,0.0
2026-09-27T08:37:56,efficientnet_lite0_batch7_node_1_local_train,9f62b470-dc50-45fb-9ba6-fa76c2df4706,5b0fa12a-3dd7-45bb-9766-cc326314d9f1,4.9758577139582485,3.714339749071265e-05,7.464722591748995e-06,115.74595892159999,175.82989385592572,6.0,6.206396361878292e-05,9.277174083877071e-05,1.498963775035615e-06,0.00015633466823258924,0.0,United Kingdom,GBR,england,,,Linux-6.4.0-150600.23.73_15.0.14-cray_shasta_c_64k-aarch64-with-glibc2.38,3.11.7,3.3.0,72,Neoverse-V2,1,1 x NVIDIA GH200 120GB,-2.5917,51.4535,64,machine,0.0,0.0,25.4,217.5347900390625,N,1.0,0.0
2026-09-27T08:38:46,efficientnet_lite0_batch7_node_1_evaluate,7ff01d92-7dfd-4c2b-a7d0-554a66f9fcb7,5b0fa12a-3dd7-45bb-9766-cc326314d9f1,6.169652350014076,5.713431893268703e-05,9.26054106315353e-06,115.80284874239999,154.91441377844242,6.0,0.00010037734263076373,0.00013660038706575506,3.4977086978809288e-06,0.0002404754383943997,0.0,United Kingdom,GBR,england,,,Linux-6.4.0-150600.23.73_15.0.14-cray_shasta_c_64k-aarch64-with-glibc2.38,3.11.7,3.3.0,72,Neoverse-V2,1,1 x NVIDIA GH200 120GB,-2.5917,51.4535,64,machine,0.0,3.6666666666666665,25.399999999999995,217.73994954427084,N,1.0,0.0
2026-09-27T08:39:50,mobilevit_xxs_batch7_node_0_local_train,13a89b3d-f312-44b5-96ad-5690c0ce4afe,5b0fa12a-3dd7-45bb-9766-cc326314d9f1,16.737922459142283,0.00025294022507025264,1.511180528453794e-05,115.76434660662858,162.63471581821472,6.0,0.0004400974063668738,0.000613966602287519,1.054851579014212e-05,0.001064612524444535,0.0,United Kingdom,GBR,england,,,Linux-6.4.0-150600.23.73_15.0.14-cray_shasta_c_64k-aarch64-with-glibc2.38,3.11.7,3.3.0,72,Neoverse-V2,1,1 x NVIDIA GH200 120GB,-2.5917,51.4535,64,machine,0.0,8.23076923076923,25.4,217.8733614408053,N,1.0,0.0
2026-09-27T08:41:16,mobilevit_xxs_batch7_node_0_evaluate,c40d5970-1064-41eb-bb06-5013d93dc31e,5b0fa12a-3dd7-45bb-9766-cc326314d9f1,73.77166993101127,0.0012533081507283817,1.698901694783963e-05,115.76094587395201,150.6743870578863,6.0,0.0022734376469053306,0.0029064903807238807,9.518214467835304e-05,0.005275110172307564,0.0,United Kingdom,GBR,england,,,Linux-6.4.0-150600.23.73_15.0.14-cray_shasta_c_64k-aarch64-with-glibc2.38,3.11.7,3.3.0,72,Neoverse-V2,1,1 x NVIDIA GH200 120GB,-2.5917,51.4535,64,machine,4.977142857142857,0.18571428571428572,25.39000000000003,217.6463370186942,N,1.0,0.0
2026-09-27T08:41:36,mobilevit_xxs_batch7_node_1_local_train,638426da-e88f-4051-818f-a5e2d1d1597d,5b0fa12a-3dd7-45bb-9766-cc326314d9f1,11.694084267830476,0.00015303557017302754,1.3086580074851742e-05,115.7862074976,158.475017815159,6.0,0.0002779986973514179,0.00036367029090911274,2.449932114686817e-06,0.0006441189203752175,0.0,United Kingdom,GBR,england,,,Linux-6.4.0-150600.23.73_15.0.14-cray_shasta_c_64k-aarch64-with-glibc2.38,3.11.7,3.3.0,72,Neoverse-V2,1,1 x NVIDIA GH200 120GB,-2.5917,51.4535,64,machine,9.2125,1.0,25.325000000000003,217.1070785522461,N,1.0,0.0
2026-09-27T08:41:59,mobilevit_xxs_batch7_node_1_evaluate,818f26c3-ba08-4ff1-abc1-1921c95b3380,5b0fa12a-3dd7-45bb-9766-cc326314d9f1,12.67816228303127,0.00017082507671488842,1.3473961990810327e-05,115.7819083416,155.11823613821701,6.0,0.0003095828572745599,0.0004057458801582925,3.665309913145999e-06,0.0007189940473459985,0.0,United Kingdom,GBR,england,,,Linux-6.4.0-150600.23.73_15.0.14-cray_shasta_c_64k-aarch64-with-glibc2.38,3.11.7,3.3.0,72,Neoverse-V2,1,1 x NVIDIA GH200 120GB,-2.5917,51.4535,64,machine,17.677777777777777,1.4444444444444444,24.900000000000002,213.33453369140625,N,1.0,0.0
2026-09-27T08:42:11,mobilevit_xxs_batch7_node_0_upload,b6b35be1-ebc5-4d32-bda8-b5990f99ecb8,5b0fa12a-3dd7-45bb-9766-cc326314d9f1,3.072422898840159,1.0295945145275334e-07,3.351083325528545e-08,115.7308416,0.0,6.0,4.2795625565052035e-07,0.0,5.394831532612443e-09,4.333510871831328e-07,0.0,United Kingdom,GBR,england,,,Linux-6.4.0-150600.23.73_15.0.14-cray_shasta_c_64k-aarch64-with-glibc2.38,3.11.7,3.3.0,72,Neoverse-V2,1,1 x NVIDIA GH200 120GB,-2.5917,51.4535,64,machine,0,0,0,0,N,1.0,0.0
2026-09-27T08:42:19,mobilevit_xxs_batch7_node_1_exchange,42e1c3c0-669b-41bd-ab7d-c1b24de689f0,5b0fa12a-3dd7-45bb-9766-cc326314d9f1,3.076576635008678,1.0840796275135014e-07,3.5236555305583785e-08,115.7308416,0.0,6.0,4.5085900372743606e-07,0.0,5.424590005228917e-09,4.56283593732665e-07,0.0,United Kingdom,GBR,england,,,Linux-6.4.0-150600.23.73_15.0.14-cray_shasta_c_64k-aarch64-with-glibc2.38,3.11.7,3.3.0,72,Neoverse-V2,1,1 x NVIDIA GH200 120GB,-2.5917,51.4535,64,machine,0,0,0,0,N,1.0,0.0
2026-09-27T08:42:28,mobilevit_xxs_batch7_node_1_evaluate,52ecb573-21f8-46c1-8d57-656c0f3436e0,5b0fa12a-3dd7-45bb-9766-cc326314d9f1,6.231177147012204,5.836872183039403e-05,9.367206300398846e-06,115.7565430944,155.43572604195754,6.0,0.00010225782965475984,0.00013980511184286115,3.6080358220109095e-06,0.00024567097731963193,0.0,United Kingdom,GBR,england,,,Linux-6.4.0-150600.23.73_15.0.14-cray_shasta_c_64k-aarch64-with-glibc2.38,3.11.7,3.3.0,72,Neoverse-V2,1,1 x NVIDIA GH200 120GB,-2.5917,51.4535,64,machine,0.0,5.0,24.899999999999995,213.37054443359375,N,1.0,0.0
2026-09-27T08:43:43,mobilenet_v3_small_batch8_node_0_local_train,aefc1420-4a7e-4b35-801d-9be88262a1e9,5b0fa12a-3dd7-45bb-9766-cc326314d9f1,9.707655254984275,0.00012176989457311828,1.2543697872933533e-05,115.63286000091429,79.19394520006982,6.0,0.00021280011319621905,0.00028869606430248496,1.1027106715288636e-05,0.0005125232842139926,0.0,United Kingdom,GBR,england,,,Linux-6.4.0-150600.23.73_15.0.14-cray_shasta_c_64k-aarch64-with-glibc2.38,3.11.7,3.3.0,72,Neoverse-V2,1,1 x NVIDIA GH200 120GB,-2.5917,51.4535,64,machine,0.0,7.666666666666667,24.8,212.33319091796875,N,1.0,0.0
2026-09-27T08:44:04,mobilenet_v3_small_batch8_node_0_evaluate,f19983e9-eb83-4165-a045-572f05418ef7,5b0fa12a-3dd7-45bb-9766-cc326314d9f1,7.70513374498114,8.381105841562584e-05,1.0877300925531304e-05,115.69388258304,76.15204496166676,6.0,0.00014946213794735523,0.00019558015648613036,7.714181731765468e-06,0.0003527564761652511,0.0,United Kingdom,GBR,england,,,Linux-6.4.0-150600.23.73_15.0.14-cray_shasta_c_64k-aarch64-with-glibc2.38,3.11.7,3.3.0,72,Neoverse-V2,1,1 x NVIDIA GH200 120GB,-2.5917,51.4535,64,machine,42.224999999999994,0.75,24.75,212.08663940429688,N,1.0,0.0
2026-09-27T08:44:10,mobilenet_v3_small_batch8_node_1_local_train,ab4c6913-594b-4806-bda2-0f02b304ae9c,5b0fa12a-3dd7-45bb-9766-cc326314d9f1,4.5451251631602645,2.760006427768257e-05,6.072454176045618e-06,115.74595892159999,80.66210281847809,6.0,4.803092258303451e-05,6.568394144323975e-05,2.4524007784202695e-06,0.00011616726480469453,0.0,United Kingdom,GBR,england,,,Linux-6.4.0-150600.23.73_15.0.14-cray_shasta_c_64k-aarch64-with-glibc2.38,3.11.7,3.3.0,72,Neoverse-V2,1,1 x NVIDIA GH200 120GB,-2.5917,51.4535,64,machine,0.0,7.0,24.8,212.44073486328125,N,1.0,0.0
2026-09-27T08:44:18,mobilenet_v3_small_batch8_node_1_evaluate,d35f0221-fd39-43f0-949a-dc17719cc4b2,5b0fa12a-3dd7-45bb-9766-cc326314d9f1,6.3902167160995305,5.894593171606958e-05,9.22440260399323e-06,115.73658832320001,148.23131811155577,6.0,0.00010731228003428168,0.00013761594340166994,3.172200893750414e-06,0.00024810042432970203,0.0,United Kingdom,GBR,england,,,Linux-6.4.0-150600.23.73_15.0.14-cray_shasta_c_64k-aarch64-with-glibc2.38,3.11.7,3.3.0,72,Neoverse-V2,1,1 x NVIDIA GH200 120GB,-2.5917,51.4535,64,machine,43.833333333333336,1.0,24.8,212.38763427734375,N,1.0,0.0
2026-09-27T08:44:28,mobilenet_v3_small_batch8_node_0_upload,e473424b-77f8-4752-864b-df3f54cfaaa9,5b0fa12a-3dd7-45bb-9766-cc326314d9f1,7.83671047585085,8.327974530478164e-05,1.0626875340286162e-05,115.71924416256002,148.71891258069493,6.0,0.0001536735132592226,0.00019684126854713213,5.424536454180877e-09,0.00035052020634280894,0.0,United Kingdom,GBR,england,,,Linux-6.4.0-150600.23.73_15.0.14-cray_shasta_c_64k-aarch64-with-glibc2.38,3.11.7,3.3.0,72,Neoverse-V2,1,1 x NVIDIA GH200 120GB,-2.5917,51.4535,64,machine,0.0,0.0,24.8,212.3480224609375,N,1.0,0.0
2026-09-27T08:50:29,mobilenet_v3_small_batch8_node_0_exchange,da1c98b4-5cd5-4041-aca5-c79a668b921b,5b0fa12a-3dd7-45bb-9766-cc326314d9f1,4.0961719390470535,1.7620388063665275e-05,4.301671982002918e-06,115.7308416,144.99532981080142,6.0,3.297513443193817e-05,4.118086627613593e-05,7.315201607222358e-09,7.416331590968132e-05,0.0,United Kingdom,GBR,england,,,Linux-6.4.0-150600.23.73_15.0.14-cray_shasta_c_64k-aarch64-with-glibc2.38,3.11.7,3.3.0,72,Neoverse-V2,1,1 x NVIDIA GH200 120GB,-2.5917,51.4535,64,machine,0.0,0.0,24.8,212.11920166015625,N,1.0,0.0
2026-09-27T08:52:22,mobilenet_v3_small_batch8_node_1_exchange,fb9e0131-44b7-4fee-b97d-9de5e00835d7,5b0fa12a-3dd7-45bb-9766-cc326314d9f1,18.030607238877565,0.0002595374585004461,1.4394271643876302e-05,115.74320295168003,147.172598797106,6.0,0.0004809525928266301,0.0006114204891218833,6.861990162481864e-09,0.001092379943938676,0.0,United Kingdom,GBR,england,,,Linux-6.4.0-150600.23.73_15.0.14-cray_shasta_c_64k-aarch64-with-glibc2.38,3.11.7,3.3.0,72,Neoverse-V2,1,1 x NVIDIA GH200 120GB,-2.5917,51.4535,64,machine,0.0,0.0,24.800000000000008,212.15509905133928,N,1.0,0.0
2026-09-27T08:52:39,mobilenet_v3_small_batch8_node_0_evaluate,6495e473-aceb-4908-b1da-ea79c50ef7a7,5b0fa12a-3dd7-45bb-9766-cc326314d9f1,11.075713242869824,0.00014059932670904294,1.2694381267008346e-05,115.74015060754286,150.45427021215886,6.0,0.00025802913705049883,0.00033047081993231586,3.2754480613706012e-06,0.0005917754050441854,0.0,United Kingdom,GBR,england,,,Linux-6.4.0-150600.23.73_15.0.14-cray_shasta_c_64k-aarch64-with-glibc2.38,3.11.7,3.3.0,72,Neoverse-V2,1,1 x NVIDIA GH200 120GB,-2.5917,51.4535,64,machine,0.0,0.625,24.800000000000004,212.2046890258789,N,1.0,0.0
2026-09-27T08:52:54,mobilenet_v3_small_batch8_node_1_evaluate,fa826ea0-b13c-4c26-919e-6cf7c7cc555a,5b0fa12a-3dd7-45bb-9766-cc326314d9f1,5.926684792153537,5.1464199727272014e-05,8.683471710087662e-06,115.74633839040001,153.9964696170556,6.0,9.263875900653148e-05,0.00012088176336533252,3.0896730802487583e-06,0.00021661019545211275,0.0,United Kingdom,GBR,england,,,Linux-6.4.0-150600.23.73_15.0.14-cray_shasta_c_64k-aarch64-with-glibc2.38,3.11.7,3.3.0,72,Neoverse-V2,1,1 x NVIDIA GH200 120GB,-2.5917,51.4535,64,machine,36.2,1.5,24.8,212.13494873046875,N,1.0,0.0
2026-09-27T08:53:20,efficientnet_lite0_batch8_node_0_local_train,762b02df-6e18-4a63-8f3f-bd6160f3eed1,5b0fa12a-3dd7-45bb-9766-cc326314d9f1,15.058263940969482,0.00022293040710413614,1.4804522485331295e-05,115.7475102768,168.7913154761664,6.0,0.00038620616682853037,0.0005447198802244202,7.376682047033682e-06,0.0009383027290999842,0.0,United Kingdom,GBR,england,,,Linux-6.4.0-150600.23.73_15.0.14-cray_shasta_c_64k-aarch64-with-glibc2.38,3.11.7,3.3.0,72,Neoverse-V2,1,1 x NVIDIA GH200 120GB,-2.5917,51.4535,64,machine,2.566666666666667,6.416666666666667,24.925,213.25565592447916,N,1.0,0.0
2026-09-27T08:53:41,efficientnet_lite0_batch8_node_0_evaluate,c476792f-0b45-45a7-a670-334f01384ec8,5b0fa12a-3dd7-45bb-9766-cc326314d9f1,13.31279320595786,0.00018188746065006637,1.3662606925244393e-05,115.74530392320003,157.5547415134398,6.0,0.00032965205372048275,0.00043256284604353823,3.3401581303526954e-06,0.0007655550578943738,0.0,United Kingdom,GBR,england,,,Linux-6.4.0-150600.23.73_15.0.14-cray_shasta_c_64k-aarch64-with-glibc2.38,3.11.7,3.3.0,72,Neoverse-V2,1,1 x NVIDIA GH200 120GB,-2.5917,51.4535,64,machine,14.780000000000001,1.3,25.06,214.47203369140624,N,1.0,0.0
2026-09-27T08:54:04,efficientnet_lite0_batch8_node_1_local_train,865e1dfd-6f88-4cf5-9c00-768f730fd55d,5b0fa12a-3dd7-45bb-9766-cc326314d9f1,10.175775674171746,0.00012721242169801418,1.2501496276191113e-05,115.76174583085714,164.97751856984138,6.0,0.0002288947616288713,0.0003047988549553793,1.7369870969559998e-06,0.0005354306036812065,0.0,United Kingdom,GBR,england,,,Linux-6.4.0-150600.23.73_15.0.14-cray_shasta_c_64k-aarch64-with-glibc2.38,3.11.7,3.3.0,72,Neoverse-V2,1,1 x NVIDIA GH200 120GB,-2.5917,51.4535,64,machine,0.0,2.5714285714285716,25.099999999999998,214.6668701171875,N,1.0,0.0
2026-09-27T08:54:22,efficientnet_lite0_batch8_node_1_evaluate,4743845c-34f6-42e6-8dc4-43d69f432727,5b0fa12a-3dd7-45bb-9766-cc326314d9f1,5.997864885954186,5.483629613185965e-05,9.142636117108175e-06,115.74633839040001,163.47635000809333,6.0,9.460305707170016e-05,0.00013301955087285933,3.180569525187214e-06,0.0002308031774697467,0.0,United Kingdom,GBR,england,,,Linux-6.4.0-150600.23.73_15.0.14-cray_shasta_c_64k-aarch64-with-glibc2.38,3.11.7,3.3.0,72,Neoverse-V2,1,1 x NVIDIA GH200 120GB,-2.5917,51.4535,64,machine,34.55,3.5,25.1,214.63839721679688,N,1.0,0.0
2026-09-27T08:54:44,efficientnet_lite0_batch8_node_0_upload,bdfe9733-d47c-4c47-bd85-e1ddf7c4efa5,5b0fa12a-3dd7-45bb-9766-cc326314d9f1,10.384449614910409,0.00012710759054856063,1.2240185591160697e-05,115.74117175679999,147.22766375289723,6.0,0.00023552249439324783,0.0002994613506643873,5.529654833177725e-09,0.0005349893747124683,0.0,United Kingdom,GBR,england,,,Linux-6.4.0-150600.23.73_15.0.14-cray_shasta_c_64k-aarch64-with-glibc2.38,3.11.7,3.3.0,72,Neoverse-V2,1,1 x NVIDIA GH200 120GB,-2.5917,51.4535,64,machine,15.585714285714285,0.0,25.099999999999998,214.68129185267858,N,1.0,0.0
2026-09-27T08:55:03,efficientnet_lite0_batch8_node_1_upload,43268913-1a2d-46ea-855c-8fa352c9cd7c,5b0fa12a-3dd7-45bb-9766-cc326314d9f1,9.11159184994176,0.00010569177966400255,1.1599705233139709e-05,115.7510700123429,149.0038122812182,6.0,0.0001946356417034255,0.00025020631127858906,9.364477979640166e-09,0.0004448513174599942,0.0,United Kingdom,GBR,england,,,Linux-6.4.0-150600.23.73_15.0.14-cray_shasta_c_64k-aarch64-with-glibc2.38,3.11.7,3.3.0,72,Neoverse-V2,1,1 x NVIDIA GH200 120GB,-2.5917,51.4535,64,machine,6.25,0.0,25.099999999999998,214.8252970377604,N,1.0,0.0
2026-09-27T08:55:20,mobilevit_xxs_batch8_node_0_local_train,6aee3270-eff8-4817-b8cd-bb71eae11398,5b0fa12a-3dd7-45bb-9766-cc326314d9f1,11.737389723071828,0.00016574044691041015,1.4120724524007174e-05,115.76051358480001,159.98216258108297,6.0,0.0002792965186703127,0.0004063311583877294,1.196542241377756e-05,0.0006975930994718196,0.0,United Kingdom,GBR,england,,,Linux-6.4.0-150600.23.73_15.0.14-cray_shasta_c_64k-aarch64-with-glibc2.38,3.11.7,3.3.0,72,Neoverse-V2,1,1 x NVIDIA GH200 120GB,-2.5917,51.4535,64,machine,3.225,12.625,25.099999999999998,215.15135955810547,N,1.0,0.0
2026-09-27T08:56:40,mobilevit_xxs_batch8_node_0_evaluate,93c4ed1b-4d93-455e-af7a-33b09f43f78a,5b0fa12a-3dd7-45bb-9766-cc326314d9f1,6.214279433945194,5.807657400382895e-05,9.345665031827912e-06,115.74797558400002,155.51725067839135,6.0,0.00010159144998600337,0.00013928011142638752,3.569780585045616e-06,0.00024444134199743653,0.0,United Kingdom,GBR,england,,,Linux-6.4.0-150600.23.73_15.0.14-cray_shasta_c_64k-aarch64-with-glibc2.38,3.11.7,3.3.0,72,Neoverse-V2,1,1 x NVIDIA GH200 120GB,-2.5917,51.4535,64,machine,0.0,4.333333333333333,25.03333333333333,214.4666544596354,N,1.0,0.0
2026-09-27T08:57:26,mobilevit_xxs_batch8_node_1_local_train,a5647494-a41d-4326-b0b0-19d503bffec7,5b0fa12a-3dd7-45bb-9766-cc326314d9f1,5.76021517906338,5.02564471772919e-05,8.72475170024181e-06,115.73588070720001,158.6678970152352,6.0,8.716753283226827e-05,0.00012153704165029922,2.8222520005268354e-06,0.00021152682648309433,0.0,United Kingdom,GBR,england,,,Linux-6.4.0-150600.23.73_15.0.14-cray_shasta_c_64k-aarch64-with-glibc2.38,3.11.7,3.3.0,72,Neoverse-V2,1,1 x NVIDIA GH200 120GB,-2.5917,51.4535,64,machine,0.0,9.5,25.1,215.15707397460938,N,1.0,0.0
2026-09-27T08:57:42,mobilevit_xxs_batch8_node_1_evaluate,5031a91e-1c37-4aec-93d3-153a94054031,5b0fa12a-3dd7-45bb-9766-cc326314d9f1,11.103548635030165,0.00014302339076340966,1.2880872184608673e-05,115.72669054902859,155.02547128809624,6.0,0.0002588459214375368,0.0003397816606991455,3.3505850487078232e-06,0.0006019781671853902,0.0,United Kingdom,GBR,england,,,Linux-6.4.0-150600.23.73_15.0.14-cray_shasta_c_64k-aarch64-with-glibc2.38,3.11.7,3.3.0,72,Neoverse-V2,1,1 x NVIDIA GH200 120GB,-2.5917,51.4535,64,machine,3.875,1.625,25.025000000000002,214.54415130615234,N,1.0,0.0
2026-09-27T08:58:26,mobilevit_xxs_batch8_node_1_exchange,ecaa2e16-64d0-43fd-9bde-75a87cf970f5,5b0fa12a-3dd7-45bb-9766-cc326314d9f1,3.341572623932734,5.046310438026052e-06,1.5101603364487086e-06,115.7509980288,161.90355578455294,6.0,8.947290159014057e-06,1.2286954301998776e-05,5.419151469444235e-09,2.123966361248228e-05,0.0,United Kingdom,GBR,england,,,Linux-6.4.0-150600.23.73_15.0.14-cray_shasta_c_64k-aarch64-with-glibc2.38,3.11.7,3.3.0,72,Neoverse-V2,1,1 x NVIDIA GH200 120GB,-2.5917,51.4535,64,machine,0,0,0,0,N,1.0,0.0
2026-09-27T08:58:43,mobilevit_xxs_batch8_node_1_evaluate,02a6187b-ac8c-4217-9ce0-69ec3d7a6b6f,5b0fa12a-3dd7-45bb-9766-cc326314d9f1,11.053564778994769,0.00014168020290646698,1.2817602804093001e-05,115.77202181485714,155.55500878958475,6.0,0.00025733388486927133,0.0003357088796747121,3.281993363440658e-06,0.0005963247579074241,0.0,United Kingdom,GBR,england,,,Linux-6.4.0-150600.23.73_15.0.14-cray_shasta_c_64k-aarch64-with-glibc2.38,3.11.7,3.3.0,72,Neoverse-V2,1,1 x NVIDIA GH200 120GB,-2.5917,51.4535,64,machine,0.0,1.2857142857142858,25.099999999999998,215.24098423549108,N,1.0,0.0
2026-09-27T08:59:19,mobilenet_v3_small_batch9_node_0_local_train,799ed4fc-60d4-46e6-9abe-4ba3fdb21669,5b0fa12a-3dd7-45bb-9766-cc326314d9f1,9.563928724033758,0.00012230713674972026,1.2788378111012839e-05,118.31415084617143,215.62044607176227,6.0,0.00021840236480930912,0.0002855796728908899,1.0802471472028022e-05,0.0005147845091722271,0.0,United Kingdom,GBR,england,,,Linux-6.4.0-150600.23.73_15.0.14-cray_shasta_c_64k-aarch64-with-glibc2.38,3.11.7,3.3.0,72,Neoverse-V2,1,1 x NVIDIA GH200 120GB,-2.5917,51.4535,64,machine,0.0,9.833333333333334,24.8,212.3140665690104,N,1.0,0.0
2026-09-27T08:59:42,mobilenet_v3_small_batch9_node_0_evaluate,15ab33b7-d3ae-4dbf-9dd1-94edee6b8a80,5b0fa12a-3dd7-45bb-9766-cc326314d9f1,8.356964654987678,9.48552390976553e-05,1.1350441579412802e-05,115.70911744320001,74.76349244556454,6.0,0.00017060289199693972,0.00021981239808610553,8.825580065216247e-06,0.00039924087014826153,0.0,United Kingdom,GBR,england,,,Linux-6.4.0-150600.23.73_15.0.14-cray_shasta_c_64k-aarch64-with-glibc2.38,3.11.7,3.3.0,72,Neoverse-V2,1,1 x NVIDIA GH200 120GB,-2.5917,51.4535,64,machine,34.67999999999999,1.0,24.8,212.38271484375,N,1.0,0.0
2026-09-27T09:00:09,mobilenet_v3_small_batch9_node_1_local_train,d6a5239d-a912-43ce-bada-a3a08492eaa9,5b0fa12a-3dd7-45bb-9766-cc326314d9f1,9.544636328937486,0.00011443825438670943,1.1989797247670384e-05,115.76561241600001,154.86150569904976,6.0,0.00020888535001129113,0.00027036771629695977,2.4117177798567958e-06,0.00048166478408810773,0.0,United Kingdom,GBR,england,,,Linux-6.4.0-150600.23.73_15.0.14-cray_shasta_c_64k-aarch64-with-glibc2.38,3.11.7,3.3.0,72,Neoverse-V2,1,1 x NVIDIA GH200 120GB,-2.5917,51.4535,64,machine,0.0,1.1666666666666667,24.766666666666666,212.20925903320312,N,1.0,0.0
2026-09-27T09:00:46,mobilenet_v3_small_batch9_node_1_evaluate,0b6cbebf-dddf-47c5-8788-b8447f0503ed,5b0fa12a-3dd7-45bb-9766-cc326314d9f1,6.267256977036595,5.7010700446665884e-05,9.096595313636361e-06,115.77117510720001,149.0456509755457,6.0,0.00010303482403662515,0.00013327538439966702,3.6449260466421648e-06,0.00023995513448293434,0.0,United Kingdom,GBR,england,,,Linux-6.4.0-150600.23.73_15.0.14-cray_shasta_c_64k-aarch64-with-glibc2.38,3.11.7,3.3.0,72,Neoverse-V2,1,1 x NVIDIA GH200 120GB,-2.5917,51.4535,64,machine,21.866666666666664,1.3333333333333333,24.8,212.51763916015625,N,1.0,0.0
2026-09-27T09:01:34,mobilenet_v3_small_batch9_node_0_upload,cdc54aec-5687-42c5-af2b-136980f3c4d9,5b0fa12a-3dd7-45bb-9766-cc326314d9f1,4.072503692936152,1.754524774409734e-05,4.30822144483993e-06,115.7509980288,146.34234938422185,6.0,3.267225366239643e-05,4.116808850085363e-05,6.7119684536010024e-09,7.384705413170366e-05,0.0,United Kingdom,GBR,england,,,Linux-6.4.0-150600.23.73_15.0.14-cray_shasta_c_64k-aarch64-with-glibc2.38,3.11.7,3.3.0,72,Neoverse-V2,1,1 x NVIDIA GH200 120GB,-2.5917,51.4535,64,machine,0.0,0.0,24.8,212.468994140625,N,1.0,0.0
2026-09-27T09:01:44,mobilenet_v3_small_batch9_node_1_upload,26eb3d0b-33be-4762-bfcf-ec014b181a0b,5b0fa12a-3dd7-45bb-9766-cc326314d9f1,4.095685458974913,1.868444369213678e-05,4.561982085609965e-06,115.7509980288,157.4959673765495,6.0,3.339400984847057e-05,4.52369806112074e-05,1.0881395234415928e-08,7.864187185491238e-05,0.0,United Kingdom,GBR,england,,,Linux-6.4.0-150600.23.73_15.0.14-cray_shasta_c_64k-aarch64-with-glibc2.38,3.11.7,3.3.0,72,Neoverse-V2,1,1 x NVIDIA GH200 120GB,-2.5917,51.4535,64,machine,0.0,0.0,24.8,212.49609375,N,1.0,0.0
2026-09-27T09:01:53,mobilenet_v3_small_batch9_node_0_exchange,b325cf2b-4f75-4b2a-8d24-53bd40061303,5b0fa12a-3dd7-45bb-9766-cc326314d9f1,4.525657708058134,2.5853374556897144e-05,5.712622611927559e-06,115.7409198144,151.9247836298426,6.0,4.710654722997509e-05,6.170088269641383e-05,8.10680678114295e-09,0.00010881553673317007,0.0,United Kingdom,GBR,england,,,Linux-6.4.0-150600.23.73_15.0.14-cray_shasta_c_64k-aarch64-with-glibc2.38,3.11.7,3.3.0,72,Neoverse-V2,1,1 x NVIDIA GH200 120GB,-2.5917,51.4535,64,machine,39.1,0.0,24.8,212.46099853515625,N,1.0,0.0
2026-09-27T09:02:45,mobilenet_v3_small_batch9_node_1_exchange,d001eb0e-fd7c-491a-a136-a38b87a1a307,5b0fa12a-3dd7-45bb-9766-cc326314d9f1,12.611558135831729,0.00016674117705489284,1.3221298689584663e-05,115.72519031424004,148.9942158445141,6.0,0.00030686524437364553,0.00039493281596492125,7.0613416998336714e-09,0.0007018051216802666,0.0,United Kingdom,GBR,england,,,Linux-6.4.0-150600.23.73_15.0.14-cray_shasta_c_64k-aarch64-with-glibc2.38,3.11.7,3.3.0,72,Neoverse-V2,1,1 x NVIDIA GH200 120GB,-2.5917,51.4535,64,machine,8.511111111111111,0.0,24.777777777777782,212.3915812174479,N,1.0,0.0
2026-09-27T09:03:02,mobilenet_v3_small_batch9_node_0_evaluate,ac7ed5b3-71bf-451b-89af-3d0253734e29,5b0fa12a-3dd7-45bb-9766-cc326314d9f1,7.914592816960067,8.651044091750625e-05,1.0930497995061006e-05,115.76562278400002,151.32778032799814,6.0,0.0001563714370857627,0.00020385044086879134,3.8961616748323045e-06,0.0003641180396293863,0.0,United Kingdom,GBR,england,,,Linux-6.4.0-150600.23.73_15.0.14-cray_shasta_c_64k-aarch64-with-glibc2.38,3.11.7,3.3.0,72,Neoverse-V2,1,1 x NVIDIA GH200 120GB,-2.5917,51.4535,64,machine,0.0,0.75,24.8,212.59109497070312,N,1.0,0.0
2026-09-27T09:06:46,mobilenet_v3_small_batch9_node_1_evaluate,04a19968-bf60-4fb5-bf13-88f799cee02e,5b0fa12a-3dd7-45bb-9766-cc326314d9f1,5.209797197021544,3.929630581504564e-05,7.542770731557737e-06,115.75615731840003,77.81903098055216,6.0,6.956089896646197e-05,9.227257382349308e-05,3.562676926764349e-06,0.00016539614971671938,0.0,United Kingdom,GBR,england,,,Linux-6.4.0-150600.23.73_15.0.14-cray_shasta_c_64k-aarch64-with-glibc2.38,3.11.7,3.3.0,72,Neoverse-V2,1,1 x NVIDIA GH200 120GB,-2.5917,51.4535,64,machine,14.3,2.0,25.1,214.70098876953125,N,1.0,0.0
2026-09-27T09:07:12,efficientnet_lite0_batch9_node_0_local_train,7fbb8981-1b3e-4f10-b382-0103381b8576,5b0fa12a-3dd7-45bb-9766-cc326314d9f1,7.495851263869554,9.0990268969933e-05,1.2138750592412563e-05,115.75599602688001,94.56001516763538,6.0,0.00014295973141211193,0.0002326279638964479,7.3857124246812115e-06,0.00038297340773324104,0.0,United Kingdom,GBR,england,,,Linux-6.4.0-150600.23.73_15.0.14-cray_shasta_c_64k-aarch64-with-glibc2.38,3.11.7,3.3.0,72,Neoverse-V2,1,1 x NVIDIA GH200 120GB,-2.5917,51.4535,64,machine,27.049999999999997,18.75,25.4,217.3449249267578,N,1.0,0.0
2026-09-27T09:07:35,efficientnet_lite0_batch9_node_0_evaluate,6f8dd6af-7d0c-425f-936e-e9071279b71b,5b0fa12a-3dd7-45bb-9766-cc326314d9f1,8.422544327098876,9.659261842265113e-05,1.1468341948865968e-05,115.7591527632,155.07299673153733,6.0,0.00017275319048595426,0.00022987712836197716,3.923092390177771e-06,0.0004065534112381092,0.0,United Kingdom,GBR,england,,,Linux-6.4.0-150600.23.73_15.0.14-cray_shasta_c_64k-aarch64-with-glibc2.38,3.11.7,3.3.0,72,Neoverse-V2,1,1 x NVIDIA GH200 120GB,-2.5917,51.4535,64,machine,15.780000000000001,3.0,25.4,217.34073486328126,N,1.0,0.0
2026-09-27T09:07:50,efficientnet_lite0_batch9_node_1_local_train,a242733c-84fd-4a44-99b2-bef80b854914,5b0fa12a-3dd7-45bb-9766-cc326314d9f1,5.084559325827286,3.823387248976208e-05,7.51960396952222e-06,115.7668773984,167.267731205953,6.0,6.536508508506476e-05,9.387174176822555e-05,1.687595109688118e-06,0.0001609244219629784,0.0,United Kingdom,GBR,england,,,Linux-6.4.0-150600.23.73_15.0.14-cray_shasta_c_64k-aarch64-with-glibc2.38,3.11.7,3.3.0,72,Neoverse-V2,1,1 x NVIDIA GH200 120GB,-2.5917,51.4535,64,machine,0.0,10.0,25.4,217.28775024414062,N,1.0,0.0
2026-09-27T09:13:57,efficientnet_lite0_batch9_node_1_evaluate,1dd33ac6-e621-4a42-9739-2d6cb3124769,5b0fa12a-3dd7-45bb-9766-cc326314d9f1,354.21376057201996,0.006332578373688715,1.7877844055132786e-05,115.75783695681466,147.8768022726614,6.0,0.01139711602405438,0.014489648258404486,0.0007667355583953516,0.026653499840854227,0.0,United Kingdom,GBR,england,,,Linux-6.4.0-150600.23.73_15.0.14-cray_shasta_c_64k-aarch64-with-glibc2.38,3.11.7,3.3.0,72,Neoverse-V2,1,1 x NVIDIA GH200 120GB,-2.5917,51.4535,64,machine,4.800282485875705,0.031073446327683617,25.322316384180844,217.00552971618998,N,1.0,0.0
2026-09-27T09:14:11,efficientnet_lite0_batch9_node_0_upload,98d5e2e7-c65c-4b3a-8928-4527b7d559d4,5b0fa12a-3dd7-45bb-9766-cc326314d9f1,3.0817662549670786,1.2078378575145268e-07,3.919303923741062e-08,115.7509980288,0.0,6.0,4.989938726308907e-07,0.0,9.378929777691763e-09,5.083728024085824e-07,0.0,United Kingdom,GBR,england,,,Linux-6.4.0-150600.23.73_15.0.14-cray_shasta_c_64k-aarch64-with-glibc2.38,3.11.7,3.3.0,72,Neoverse-V2,1,1 x NVIDIA GH200 120GB,-2.5917,51.4535,64,machine,0,0,0,0,N,1.0,0.0
2026-09-27T09:14:33,mobilevit_xxs_batch9_node_0_local_train,31335475-8d9e-4f73-b8a9-18bf874c5e74,5b0fa12a-3dd7-45bb-9766-cc326314d9f1,16.41721232002601,0.00024575290258689825,1.4969222410989011e-05,115.75965310560002,159.22472325078334,6.0,0.0004296607005896593,0.000592938529877074,1.1762219713612769e-05,0.001034361450180346,0.0,United Kingdom,GBR,england,,,Linux-6.4.0-150600.23.73_15.0.14-cray_shasta_c_64k-aarch64-with-glibc2.38,3.11.7,3.3.0,72,Neoverse-V2,1,1 x NVIDIA GH200 120GB,-2.5917,51.4535,64,machine,13.13076923076923,8.76923076923077,25.4,217.27130596454327,N,1.0,0.0
2026-09-27T09:14:50,mobilevit_xxs_batch9_node_0_evaluate,e7daffc5-9672-43e4-b035-ef3736bc9335,5b0fa12a-3dd7-45bb-9766-cc326314d9f1,11.52197140106,0.0001489554377574677,1.2927947186517413e-05,115.74159020434286,151.08833803729158,6.0,0.00027240959993372687,0.00035046555817075387,4.070692744959767e-06,0.0006269458508494404,0.0,United Kingdom,GBR,england,,,Linux-6.4.0-150600.23.73_15.0.14-cray_shasta_c_64k-aarch64-with-glibc2.38,3.11.7,3.3.0,72,Neoverse-V2,1,1 x NVIDIA GH200 120GB,-2.5917,51.4535,64,machine,0.0,1.625,25.400000000000002,217.28236389160156,N,1.0,0.0
2026-09-27T09:14:57,mobilevit_xxs_batch9_node_1_local_train,cf642a3f-bbf7-4178-ba87-4b09aa3a0d5e,5b0fa12a-3dd7-45bb-9766-cc326314d9f1,5.68632077681832,4.97722709786979e-05,8.752983331789293e-06,115.76132818560001,162.67047830133296,6.0,8.488939257246647e-05,0.00012189259751949066,2.7069634315557782e-06,0.00020948895352351288,0.0,United Kingdom,GBR,england,,,Linux-6.4.0-150600.23.73_15.0.14-cray_shasta_c_64k-aarch64-with-glibc2.38,3.11.7,3.3.0,72,Neoverse-V2,1,1 x NVIDIA GH200 120GB,-2.5917,51.4535,64,machine,14.05,9.5,25.4,217.29165649414062,N,1.0,0.0
2026-09-27T09:15:04,mobilevit_xxs_batch9_node_1_evaluate,a6041edb-98b4-4a6b-9c90-6396d4a375ee,5b0fa12a-3dd7-45bb-9766-cc326314d9f1,6.316782312002033,5.9765511723843734e-05,9.46138536550292e-06,115.7552428608,158.60384744823142,6.0,0.00010509997281353905,0.00014271705862256567,3.7329634030659995e-06,0.00025154999483917073,0.0,United Kingdom,GBR,england,,,Linux-6.4.0-150600.23.73_15.0.14-cray_shasta_c_64k-aarch64-with-glibc2.38,3.11.7,3.3.0,72,Neoverse-V2,1,1 x NVIDIA GH200 120GB,-2.5917,51.4535,64,machine,0.0,4.333333333333333,25.399999999999995,217.28605143229166,N,1.0,0.0
2026-09-27T09:15:41,mobilevit_xxs_batch9_node_1_upload,ec92bcc8-5be0-4358-a674-f91c65450440,5b0fa12a-3dd7-45bb-9766-cc326314d9f1,10.637139071011916,0.00013051155866027173,1.2269422989489608e-05,115.75118776320002,145.49998051347868,6.0,0.00024343836505743137,0.0003058713558061754,6.782258472715815e-09,0.0005493165031220795,0.0,United Kingdom,GBR,england,,,Linux-6.4.0-150600.23.73_15.0.14-cray_shasta_c_64k-aarch64-with-glibc2.38,3.11.7,3.3.0,72,Neoverse-V2,1,1 x NVIDIA GH200 120GB,-2.5917,51.4535,64,machine,0.0,0.0,25.400000000000002,217.27641950334822,N,1.0,0.0
2026-09-27T09:15:50,mobilevit_xxs_batch9_node_0_exchange,968239ac-abff-487d-98f6-e02fc223e32c,5b0fa12a-3dd7-45bb-9766-cc326314d9f1,3.082514027133584,1.2006191451546633e-07,3.894934895952813e-08,115.7509980288,0.0,6.0,4.95376368124734e-07,0.0,9.958115018283328e-09,5.053344831430173e-07,0.0,United Kingdom,GBR,england,,,Linux-6.4.0-150600.23.73_15.0.14-cray_shasta_c_64k-aarch64-with-glibc2.38,3.11.7,3.3.0,72,Neoverse-V2,1,1 x NVIDIA GH200 120GB,-2.5917,51.4535,64,machine,0,0,0,0,N,1.0,0.0
2026-09-27T09:16:35,mobilevit_xxs_batch9_node_1_exchange,14a721c0-547a-49a7-afd9-36a2e9b0e2d6,5b0fa12a-3dd7-45bb-9766-cc326314d9f1,3.0870704129338264,1.0767426906426014e-06,3.487911017939202e-07,115.7509980288,1415.6776233495368,6.0,4.4267258801676177e-07,4.083892150674728e-06,5.39040503402551e-09,4.5319551437255155e-06,0.0,United Kingdom,GBR,england,,,Linux-6.4.0-150600.23.73_15.0.14-cray_shasta_c_64k-aarch64-with-glibc2.38,3.11.7,3.3.0,72,Neoverse-V2,1,1 x NVIDIA GH200 120GB,-2.5917,51.4535,64,machine,0,0,0,0,N,1.0,0.0
2026-09-27T09:16:56,mobilevit_xxs_batch9_node_0_evaluate,7253b787-a1ac-4fd7-83b1-323b917dfa34,5b0fa12a-3dd7-45bb-9766-cc326314d9f1,12.023530812002718,0.00015780122058044668,1.3124366132360937e-05,115.75795678354287,151.1206879578101,6.0,0.00028849566752575824,0.00037156668614102273,4.114946546809127e-06,0.0006641773002135902,0.0,United Kingdom,GBR,england,,,Linux-6.4.0-150600.23.73_15.0.14-cray_shasta_c_64k-aarch64-with-glibc2.38,3.11.7,3.3.0,72,Neoverse-V2,1,1 x NVIDIA GH200 120GB,-2.5917,51.4535,64,machine,19.1125,2.25,25.2875,216.9074935913086,N,1.0,0.0
2026-09-27T09:17:05,mobilevit_xxs_batch9_node_1_evaluate,e6c8cd69-30b2-47e0-a81c-fa457b094c04,5b0fa12a-3dd7-45bb-9766-cc326314d9f1,6.338032340165228,5.886264517104362e-05,9.287211237156469e-06,115.7758720704,150.40241029116237,6.0,0.00010557119575379293,0.000138409277383289,3.7694023665972054e-06,0.0002477498755036791,0.0,United Kingdom,GBR,england,,,Linux-6.4.0-150600.23.73_15.0.14-cray_shasta_c_64k-aarch64-with-glibc2.38,3.11.7,3.3.0,72,Neoverse-V2,1,1 x NVIDIA GH200 120GB,-2.5917,51.4535,64,machine,0.0,4.333333333333333,25.3,217.04630533854166,N,1.0,0.0
2026-09-27T09:18:04,mobilenet_v3_small_batch10_node_0_local_train,3e652997-97cf-456e-bf37-0cbdd1b0d43c,5b0fa12a-3dd7-45bb-9766-cc326314d9f1,9.204657195834443,0.0001123785748277824,1.2208882138341795e-05,115.65190786834287,214.10805345197355,6.0,0.00019622177683163678,0.00026661132440608526,1.01625964914759e-05,0.0004729956977291979,0.0,United Kingdom,GBR,england,,,Linux-6.4.0-150600.23.73_15.0.14-cray_shasta_c_64k-aarch64-with-glibc2.38,3.11.7,3.3.0,72,Neoverse-V2,1,1 x NVIDIA GH200 120GB,-2.5917,51.4535,64,machine,0.0,8.666666666666666,25.0,214.33991495768228,N,1.0,0.0
2026-09-27T09:21:02,mobilenet_v3_small_batch10_node_0_evaluate,30c1b96f-c5c0-4607-bf51-b1a2be3be20a,5b0fa12a-3dd7-45bb-9766-cc326314d9f1,9.20584271196276,0.00010982758365770851,1.193020422942816e-05,115.61535072000001,147.94764242969657,6.0,0.0001976380457479441,0.0002560738159615994,8.546844113152473e-06,0.000462258705822696,0.0,United Kingdom,GBR,england,,,Linux-6.4.0-150600.23.73_15.0.14-cray_shasta_c_64k-aarch64-with-glibc2.38,3.11.7,3.3.0,72,Neoverse-V2,1,1 x NVIDIA GH200 120GB,-2.5917,51.4535,64,machine,0.0,0.5,25.0,214.4365437825521,N,1.0,0.0
2026-09-27T09:21:22,mobilenet_v3_small_batch10_node_1_local_train,da2af42e-f3a5-4924-89ce-0c4f8e64c5d6,5b0fa12a-3dd7-45bb-9766-cc326314d9f1,12.415188643848523,0.00016451653582783465,1.3251231257718286e-05,115.76567684880001,153.1706366821914,6.0,0.0003011873579039559,0.0003883278106684429,2.9265514897027364e-06,0.0006924417200621015,0.0,United Kingdom,GBR,england,,,Linux-6.4.0-150600.23.73_15.0.14-cray_shasta_c_64k-aarch64-with-glibc2.38,3.11.7,3.3.0,72,Neoverse-V2,1,1 x NVIDIA GH200 120GB,-2.5917,51.4535,64,machine,5.811111111111111,2.0,25.0,214.42855495876736,N,1.0,0.0
2026-09-27T09:21:46,mobilenet_v3_small_batch10_node_1_evaluate,975ff132-df1d-45c8-9db1-5106f9cb68d8,5b0fa12a-3dd7-45bb-9766-cc326314d9f1,5.250517833046615,3.9634061890018494e-05,7.548600566702735e-06,115.75796981760001,76.72685326466305,6.0,7.069467274997622e-05,9.249979623859872e-05,3.6232788449463747e-06,0.0001668177478335213,0.0,United Kingdom,GBR,england,,,Linux-6.4.0-150600.23.73_15.0.14-cray_shasta_c_64k-aarch64-with-glibc2.38,3.11.7,3.3.0,72,Neoverse-V2,1,1 x NVIDIA GH200 120GB,-2.5917,51.4535,64,machine,0.0,2.0,25.1,214.688720703125,N,1.0,0.0
2026-09-27T09:22:01,mobilenet_v3_small_batch10_node_0_upload,96df5398-59f7-496c-a905-55bcb88c43ac,5b0fa12a-3dd7-45bb-9766-cc326314d9f1,10.698700011940673,0.00013216121430739778,1.2353016175787194e-05,115.75628985600001,147.14288898047943,6.0,0.0002449848228038988,0.0003112696934408632,5.3034749968598285e-09,0.0005562598197197588,0.0,United Kingdom,GBR,england,,,Linux-6.4.0-150600.23.73_15.0.14-cray_shasta_c_64k-aarch64-with-glibc2.38,3.11.7,3.3.0,72,Neoverse-V2,1,1 x NVIDIA GH200 120GB,-2.5917,51.4535,64,machine,3.4285714285714284,0.0,25.071428571428573,214.44095284598214,N,1.0,0.0
2026-09-27T09:22:41,mobilenet_v3_small_batch10_node_1_upload,9c7e600d-bc40-447e-811a-b585e82bc3fb,5b0fa12a-3dd7-45bb-9766-cc326314d9f1,4.111924298806116,1.776085586036589e-05,4.31935380364923e-06,115.7308416,139.75090380528806,6.0,3.392366093632651e-05,4.0821977080440774e-05,8.899694851910076e-09,7.475453771161919e-05,0.0,United Kingdom,GBR,england,,,Linux-6.4.0-150600.23.73_15.0.14-cray_shasta_c_64k-aarch64-with-glibc2.38,3.11.7,3.3.0,72,Neoverse-V2,1,1 x NVIDIA GH200 120GB,-2.5917,51.4535,64,machine,0.0,0.0,25.1,214.6282958984375,N,1.0,0.0
2026-09-27T09:22:58,mobilenet_v3_small_batch10_node_0_exchange,31592899-643a-40ee-96ec-4de643e8cb1a,5b0fa12a-3dd7-45bb-9766-cc326314d9f1,3.0779208838939667,1.33804906470959e-07,4.3472497025874994e-08,115.7111828352,0.0,6.0,5.577840546180858e-07,0.0,5.3939817007631065e-09,5.631780363188489e-07,0.0,United Kingdom,GBR,england,,,Linux-6.4.0-150600.23.73_15.0.14-cray_shasta_c_64k-aarch64-with-glibc2.38,3.11.7,3.3.0,72,Neoverse-V2,1,1 x NVIDIA GH200 120GB,-2.5917,51.4535,64,machine,0,0,0,0,N,1.0,0.0
2026-09-27T09:23:14,mobilenet_v3_small_batch10_node_1_exchange,b5660306-3ee3-48bc-a1f7-f7efaaf21b2c,5b0fa12a-3dd7-45bb-9766-cc326314d9f1,10.486559079028666,0.00012850316629348923,1.2254083091037336e-05,115.7698409616,146.6380276046588,6.0,0.0002386751677464732,0.0003021827417626355,5.372433612744014e-09,0.0005408632819427214,0.0,United Kingdom,GBR,england,,,Linux-6.4.0-150600.23.73_15.0.14-cray_shasta_c_64k-aarch64-with-glibc2.38,3.11.7,3.3.0,72,Neoverse-V2,1,1 x NVIDIA GH200 120GB,-2.5917,51.4535,64,machine,0.0,0.0,25.071428571428566,214.45477294921875,N,1.0,0.0
2026-09-27T09:25:26,mobilenet_v3_small_batch10_node_0_evaluate,41b93dfb-ce84-4675-b25c-26248b0ef3b5,5b0fa12a-3dd7-45bb-9766-cc326314d9f1,52.85132089792751,0.0008819650266431782,1.6687662893923304e-05,115.730941040156,148.10642522156428,6.0,0.0016004933939948991,0.0020354960728354854,7.615640963350113e-05,0.003712145876463886,0.0,United Kingdom,GBR,england,,,Linux-6.4.0-150600.23.73_15.0.14-cray_shasta_c_64k-aarch64-with-glibc2.38,3.11.7,3.3.0,72,Neoverse-V2,1,1 x NVIDIA GH200 120GB,-2.5917,51.4535,64,machine,4.038775510204082,0.08163265306122448,25.083673469387747,214.73535031688456,N,1.0,0.0
2026-09-27T09:28:10,mobilenet_v3_small_batch10_node_1_evaluate,db7c7d4b-30d3-49b3-a129-dd1d30c4557a,5b0fa12a-3dd7-45bb-9766-cc326314d9f1,5.239191249012947,3.9438514384519595e-05,7.527595865478232e-06,115.7522784768,644.5495737766339,6.0,7.033683776039019e-05,9.203785140243781e-05,3.6200091797703257e-06,0.00016599469834259833,0.0,United Kingdom,GBR,england,,,Linux-6.4.0-150600.23.73_15.0.14-cray_shasta_c_64k-aarch64-with-glibc2.38,3.11.7,3.3.0,72,Neoverse-V2,1,1 x NVIDIA GH200 120GB,-2.5917,51.4535,64,machine,0.0,2.5,25.1,214.74566650390625,N,1.0,0.0
2026-09-27T09:29:54,efficientnet_lite0_batch10_node_0_local_train,db3ca490-fff3-4d7a-8f52-c080a50cfd40,5b0fa12a-3dd7-45bb-9766-cc326314d9f1,7.2638884170446545,8.720350331794639e-05,1.2005071982290379e-05,115.75599602688001,392.49371611289075,6.0,0.00013553728883514298,0.00022453879074646466,6.9590243918355555e-06,0.0003670351039734432,0.0,United Kingdom,GBR,england,,,Linux-6.4.0-150600.23.73_15.0.14-cray_shasta_c_64k-aarch64-with-glibc2.38,3.11.7,3.3.0,72,Neoverse-V2,1,1 x NVIDIA GH200 120GB,-2.5917,51.4535,64,machine,0.0,15.75,25.4,217.82443237304688,N,1.0,0.0
2026-09-27T09:30:11,efficientnet_lite0_batch10_node_0_evaluate,6eadeae5-2e3b-446b-86b9-181f69b8db0e,5b0fa12a-3dd7-45bb-9766-cc326314d9f1,6.45288567407988,6.274951910601907e-05,9.724257065032622e-06,115.7551184448,154.88317777110035,6.0,0.00010932882470625688,0.0001508706762649581,3.910028956597671e-06,0.0002641095299278126,0.0,United Kingdom,GBR,england,,,Linux-6.4.0-150600.23.73_15.0.14-cray_shasta_c_64k-aarch64-with-glibc2.38,3.11.7,3.3.0,72,Neoverse-V2,1,1 x NVIDIA GH200 120GB,-2.5917,51.4535,64,machine,0.0,2.3333333333333335,25.366666666666664,217.3751017252604,N,1.0,0.0
2026-09-27T09:30:40,efficientnet_lite0_batch10_node_1_local_train,94b93efc-e63b-4da5-8a3e-eb3cfacc8c39,5b0fa12a-3dd7-45bb-9766-cc326314d9f1,12.311951261945069,0.00016484241565611283,1.33888132066948e-05,115.741494828,168.04475266832844,6.0,0.00029748706156236657,0.00039424170429924743,2.084565799838553e-06,0.0006938133316614525,0.0,United Kingdom,GBR,england,,,Linux-6.4.0-150600.23.73_15.0.14-cray_shasta_c_64k-aarch64-with-glibc2.38,3.11.7,3.3.0,72,Neoverse-V2,1,1 x NVIDIA GH200 120GB,-2.5917,51.4535,64,machine,0.0,1.3333333333333333,25.5,218.36919487847223,N,1.0,0.0
2026-09-27T09:32:08,efficientnet_lite0_batch10_node_1_evaluate,9b98bbd3-eef3-4ec9-b75a-1cf3d431d3fa,5b0fa12a-3dd7-45bb-9766-cc326314d9f1,5.270571460016072,4.16702554401828e-05,7.90621202203674e-06,115.74117279360001,82.48230773439832,6.0,7.133891973555612e-05,0.00010037341363045016,3.6756494117435067e-06,0.0001753879827777498,0.0,United Kingdom,GBR,england,,,Linux-6.4.0-150600.23.73_15.0.14-cray_shasta_c_64k-aarch64-with-glibc2.38,3.11.7,3.3.0,72,Neoverse-V2,1,1 x NVIDIA GH200 120GB,-2.5917,51.4535,64,machine,0.0,5.5,25.5,218.51065063476562,N,1.0,0.0
2026-09-27T09:32:44,efficientnet_lite0_batch10_node_1_upload,e03c590d-af94-4044-9149-0bdd81ed35f5,5b0fa12a-3dd7-45bb-9766-cc326314d9f1,11.491719171172008,0.00014732452570956413,1.2820059689514578e-05,115.7332464,149.00084071275154,6.0,0.0002711510513638432,0.00034892083471049773,9.539031889289618e-09,0.0006200814251062302,0.0,United Kingdom,GBR,england,,,Linux-6.4.0-150600.23.73_15.0.14-cray_shasta_c_64k-aarch64-with-glibc2.38,3.11.7,3.3.0,72,Neoverse-V2,1,1 x NVIDIA GH200 120GB,-2.5917,51.4535,64,machine,0.0,0.0,25.599999999999998,219.09745025634766,N,1.0,0.0
2026-09-27T09:33:24,mobilevit_xxs_batch10_node_0_local_train,5c778b91-5e9d-4e0b-b1fc-4527d007c79c,5b0fa12a-3dd7-45bb-9766-cc326314d9f1,17.64775530504994,0.00026922914019769043,1.5255715842832995e-05,115.7784843096,162.33388570538227,6.0,0.00046921102783155166,0.0006528063555606423,1.1154355188676467e-05,0.0011331717385808704,0.0,United Kingdom,GBR,england,,,Linux-6.4.0-150600.23.73_15.0.14-cray_shasta_c_64k-aarch64-with-glibc2.38,3.11.7,3.3.0,72,Neoverse-V2,1,1 x NVIDIA GH200 120GB,-2.5917,51.4535,64,machine,10.264285714285714,8.214285714285714,25.6,219.23745727539062,N,1.0,0.0
2026-09-27T09:34:00,mobilevit_xxs_batch10_node_0_evaluate,cd99e9d5-1d89-4a85-ae4a-5a85702d1d04,5b0fa12a-3dd7-45bb-9766-cc326314d9f1,11.669169483939186,0.0001525991260972861,1.307711969624876e-05,115.75320752365715,152.62997642472462,6.0,0.00027710081543801893,0.00036108834444803506,4.09278960355247e-06,0.0006422819494896065,0.0,United Kingdom,GBR,england,,,Linux-6.4.0-150600.23.73_15.0.14-cray_shasta_c_64k-aarch64-with-glibc2.38,3.11.7,3.3.0,72,Neoverse-V2,1,1 x NVIDIA GH200 120GB,-2.5917,51.4535,64,machine,0.0,1.625,25.574999999999996,218.9546356201172,N,1.0,0.0
2026-09-27T09:34:59,mobilevit_xxs_batch10_node_1_local_train,aaa1b1f0-1f60-4507-8bf1-91473ae2ec82,5b0fa12a-3dd7-45bb-9766-cc326314d9f1,6.048975175945088,5.5658536932527704e-05,9.201316803855399e-06,115.7376443904,158.91272173743545,6.0,9.621377414007688e-05,0.00013473177446599038,3.318398514917741e-06,0.000234263947120985,0.0,United Kingdom,GBR,england,,,Linux-6.4.0-150600.23.73_15.0.14-cray_shasta_c_64k-aarch64-with-glibc2.38,3.11.7,3.3.0,72,Neoverse-V2,1,1 x NVIDIA GH200 120GB,-2.5917,51.4535,64,machine,0.0,9.5,25.6,219.16348266601562,N,1.0,0.0
2026-09-27T09:35:30,mobilevit_xxs_batch10_node_1_evaluate,7d80d051-aa75-4089-8687-46ec19df3b75,5b0fa12a-3dd7-45bb-9766-cc326314d9f1,12.920639302115887,0.0001747989109008775,1.3528658049625485e-05,115.73641116000002,154.74939031577907,6.0,0.0003171258679197978,0.00041476838734411103,3.8254577736370265e-06,0.0007357197130375459,0.0,United Kingdom,GBR,england,,,Linux-6.4.0-150600.23.73_15.0.14-cray_shasta_c_64k-aarch64-with-glibc2.38,3.11.7,3.3.0,72,Neoverse-V2,1,1 x NVIDIA GH200 120GB,-2.5917,51.4535,64,machine,0.0,1.0,25.599999999999998,219.36428493923611,N,1.0,0.0
2026-09-27T09:35:43,mobilevit_xxs_batch10_node_1_upload,37e40bd2-d0f8-427d-a89c-b3c11bd7787e,5b0fa12a-3dd7-45bb-9766-cc326314d9f1,3.082535146968439,1.1682578084152422e-06,3.7899253462338656e-07,115.7308416,1419.9761946040765,6.0,7.763886428189278e-07,4.135281074013619e-06,5.467896504948537e-09,4.917137613337495e-06,0.0,United Kingdom,GBR,england,,,Linux-6.4.0-150600.23.73_15.0.14-cray_shasta_c_64k-aarch64-with-glibc2.38,3.11.7,3.3.0,72,Neoverse-V2,1,1 x NVIDIA GH200 120GB,-2.5917,51.4535,64,machine,0,0,0,0,N,1.0,0.0
2026-09-27T09:40:34,mobilevit_xxs_batch10_node_0_exchange,190acbd2-e208-4783-ad72-270937a1a335,5b0fa12a-3dd7-45bb-9766-cc326314d9f1,278.85738739720546,0.004964131318149872,1.7801684812742457e-05,115.73265402757097,148.18801888837748,6.0,0.008963734951239736,0.011475300569088631,0.0004547403621824924,0.020893775882510856,0.0,United Kingdom,GBR,england,,,Linux-6.4.0-150600.23.73_15.0.14-cray_shasta_c_64k-aarch64-with-glibc2.38,3.11.7,3.3.0,72,Neoverse-V2,1,1 x NVIDIA GH200 120GB,-2.5917,51.4535,64,machine,4.83525179856115,0.0,25.58525179856125,219.1658702822898,N,1.0,0.0
2026-09-27T09:40:57,mobilevit_xxs_batch10_node_1_exchange,2a2d654e-ef60-4df7-9365-5f93731070b0,5b0fa12a-3dd7-45bb-9766-cc326314d9f1,5.633990888018161,4.387251901339989e-05,7.787112170646888e-06,115.73756040960001,145.24512493691057,6.0,8.194676886943399e-05,0.0001027050821278408,5.3469933724651735e-09,0.00018465719799064725,0.0,United Kingdom,GBR,england,,,Linux-6.4.0-150600.23.73_15.0.14-cray_shasta_c_64k-aarch64-with-glibc2.38,3.11.7,3.3.0,72,Neoverse-V2,1,1 x NVIDIA GH200 120GB,-2.5917,51.4535,64,machine,0.0,0.0,25.6,219.20428466796875,N,1.0,0.0
2026-09-27T09:41:27,mobilevit_xxs_batch10_node_0_evaluate,fffaa6b8-d187-4018-a1f9-232486623f22,5b0fa12a-3dd7-45bb-9766-cc326314d9f1,11.545578909805045,0.0001509025145426941,1.3070155747196068e-05,115.76132845714287,154.28022053919577,6.0,0.00027323266962876605,0.0003579130641355732,3.995264104645078e-06,0.0006351409978689843,0.0,United Kingdom,GBR,england,,,Linux-6.4.0-150600.23.73_15.0.14-cray_shasta_c_64k-aarch64-with-glibc2.38,3.11.7,3.3.0,72,Neoverse-V2,1,1 x NVIDIA GH200 120GB,-2.5917,51.4535,64,machine,17.7,1.625,25.599999999999998,218.95270538330078,N,1.0,0.0
2026-09-27T09:42:31,mobilevit_xxs_batch10_node_1_evaluate,700d55fc-4329-4ce3-88e6-a94685eed35c,5b0fa12a-3dd7-45bb-9766-cc326314d9f1,7.902484057936817,8.679125053611254e-05,1.0982780844580663e-05,115.7552915904,152.91141887811506,6.0,0.00015602174006139054,0.0002054951644367975,3.7830485135782513e-06,0.0003652999530117663,0.0,United Kingdom,GBR,england,,,Linux-6.4.0-150600.23.73_15.0.14-cray_shasta_c_64k-aarch64-with-glibc2.38,3.11.7,3.3.0,72,Neoverse-V2,1,1 x NVIDIA GH200 120GB,-2.5917,51.4535,64,machine,0.0,4.5,25.6,218.99351501464844,N,1.0,0.0
2026-09-27T09:43:04,mobilenet_v3_small_batch11_node_0_local_train,d60ab1e1-c78e-42f7-868d-e99792ca6b0c,5b0fa12a-3dd7-45bb-9766-cc326314d9f1,9.359162314096466,0.0001229284137864347,1.3134553035936126e-05,124.33230236160003,210.4581438297759,6.0,0.00023162065991794698,0.0002753413313882902,1.0437441270332783e-05,0.00051739943257657,0.0,United Kingdom,GBR,england,,,Linux-6.4.0-150600.23.73_15.0.14-cray_shasta_c_64k-aarch64-with-glibc2.38,3.11.7,3.3.0,72,Neoverse-V2,1,1 x NVIDIA GH200 120GB,-2.5917,51.4535,64,machine,0.0,7.333333333333333,24.666666666666668,211.23802693684897,N,1.0,0.0
2026-09-27T09:43:25,mobilenet_v3_small_batch11_node_0_evaluate,49b3eea5-5c89-4a90-8d58-d9ac621914e2,5b0fa12a-3dd7-45bb-9766-cc326314d9f1,9.873397012008354,0.00012106496647457523,1.226173386194559e-05,115.75516302720001,147.01327954168494,6.0,0.00021945945070434578,0.0002804202243282816,9.676602718342717e-06,0.0005095562777509701,0.0,United Kingdom,GBR,england,,,Linux-6.4.0-150600.23.73_15.0.14-cray_shasta_c_64k-aarch64-with-glibc2.38,3.11.7,3.3.0,72,Neoverse-V2,1,1 x NVIDIA GH200 120GB,-2.5917,51.4535,64,machine,0.0,0.6666666666666666,24.816666666666666,212.54296875,N,1.0,0.0
2026-09-27T09:43:53,mobilenet_v3_small_batch11_node_1_local_train,36ecca29-4b0d-4ece-937a-2af42b7ea5b5,5b0fa12a-3dd7-45bb-9766-cc326314d9f1,5.004343901062384,3.59796479482418e-05,7.189683335032909e-06,115.62460200000001,224.175163827272,6.0,6.277150604214489e-05,8.5504512838952e-05,3.160486799897626e-06,0.0001514365056809945,0.0,United Kingdom,GBR,england,,,Linux-6.4.0-150600.23.73_15.0.14-cray_shasta_c_64k-aarch64-with-glibc2.38,3.11.7,3.3.0,72,Neoverse-V2,1,1 x NVIDIA GH200 120GB,-2.5917,51.4535,64,machine,0.0,8.0,24.8,212.15850830078125,N,1.0,0.0
2026-09-27T09:44:11,mobilenet_v3_small_batch11_node_1_evaluate,91f81c28-7f83-4575-80fb-e27df51944b1,5b0fa12a-3dd7-45bb-9766-cc326314d9f1,6.473798519000411,6.057569643737631e-05,9.35705617955029e-06,115.80458244479999,147.7284516982454,6.0,0.00011004701235128407,0.0001409142793988849,3.99872928353337e-06,0.0002549600210337024,0.0,United Kingdom,GBR,england,,,Linux-6.4.0-150600.23.73_15.0.14-cray_shasta_c_64k-aarch64-with-glibc2.38,3.11.7,3.3.0,72,Neoverse-V2,1,1 x NVIDIA GH200 120GB,-2.5917,51.4535,64,machine,0.0,1.3333333333333333,25.0,213.7595011393229,N,1.0,0.0
2026-09-27T09:44:55,mobilenet_v3_small_batch11_node_0_upload,c679d993-92bf-4744-aa2f-8ad9cc33fd2c,5b0fa12a-3dd7-45bb-9766-cc326314d9f1,4.070868317969143,1.7479825446874762e-05,4.293881324954038e-06,115.7409198144,145.33760289639554,6.0,3.2670845911717556e-05,4.089475493174177e-05,6.094171355168025e-09,7.35716950148145e-05,0.0,United Kingdom,GBR,england,,,Linux-6.4.0-150600.23.73_15.0.14-cray_shasta_c_64k-aarch64-with-glibc2.38,3.11.7,3.3.0,72,Neoverse-V2,1,1 x NVIDIA GH200 120GB,-2.5917,51.4535,64,machine,0.0,0.0,24.9,213.322998046875,N,1.0,0.0
2026-09-27T09:47:18,mobilenet_v3_small_batch11_node_1_upload,478ae1ee-3e9e-4066-a9b8-35e0cc2e7238,5b0fa12a-3dd7-45bb-9766-cc326314d9f1,125.30684675299563,0.0021663827117671675,1.7288622033858474e-05,115.741183540464,148.45221219434214,6.0,0.003929540615495561,0.005004149558857307,0.00018450432020355946,0.00911819449455643,0.0,United Kingdom,GBR,england,,,Linux-6.4.0-150600.23.73_15.0.14-cray_shasta_c_64k-aarch64-with-glibc2.38,3.11.7,3.3.0,72,Neoverse-V2,1,1 x NVIDIA GH200 120GB,-2.5917,51.4535,64,machine,5.110655737704918,0.0,24.88524590163939,213.24030841764858,N,1.0,0.0
2026-09-27T09:47:29,mobilenet_v3_small_batch11_node_0_exchange,769b9dce-b2ec-406c-a644-7e58c6e6a126,5b0fa12a-3dd7-45bb-9766-cc326314d9f1,10.428295321995392,0.00012828106415255165,1.2301249647387799e-05,115.75408212,148.2458778231182,6.0,0.00023687771749882487,0.0003030438535347457,6.894310160229603e-09,0.0005399284653437308,0.0,United Kingdom,GBR,england,,,Linux-6.4.0-150600.23.73_15.0.14-cray_shasta_c_64k-aarch64-with-glibc2.38,3.11.7,3.3.0,72,Neoverse-V2,1,1 x NVIDIA GH200 120GB,-2.5917,51.4535,64,machine,2.042857142857143,0.0,25.17142857142857,215.78962053571428,N,1.0,0.0
2026-09-27T09:47:53,mobilenet_v3_small_batch11_node_1_exchange,b7a6c7dd-4364-4fe7-a961-4f5987115edc,5b0fa12a-3dd7-45bb-9766-cc326314d9f1,11.558451880933717,0.0001466588454513959,1.268845057817107e-05,115.7310620928,145.8845585862654,6.0,0.0002731249276833135,0.0003441458308941492,8.852226892486216e-09,0.0006172796108043551,0.0,United Kingdom,GBR,england,,,Linux-6.4.0-150600.23.73_15.0.14-cray_shasta_c_64k-aarch64-with-glibc2.38,3.11.7,3.3.0,72,Neoverse-V2,1,1 x NVIDIA GH200 120GB,-2.5917,51.4535,64,machine,9.1,0.0,25.187499999999996,215.81713104248047,N,1.0,0.0
2026-09-27T09:48:05,mobilenet_v3_small_batch11_node_0_evaluate,8d9a2a5c-a5f4-4aa3-8ab6-c096d05fc4b5,5b0fa12a-3dd7-45bb-9766-cc326314d9f1,5.931593199959025,5.1915808177966146e-05,8.752422229212343e-06,115.73420100480001,76.22912368097008,6.0,9.257618967272226e-05,0.00012116120805671926,4.773594690098737e-06,0.00021851099241954026,0.0,United Kingdom,GBR,england,,,Linux-6.4.0-150600.23.73_15.0.14-cray_shasta_c_64k-aarch64-with-glibc2.38,3.11.7,3.3.0,72,Neoverse-V2,1,1 x NVIDIA GH200 120GB,-2.5917,51.4535,64,machine,28.85,1.5,25.2,215.7093505859375,N,1.0,0.0
2026-09-27T09:52:18,mobilenet_v3_small_batch11_node_1_evaluate,e9f50c0b-ea80-49d3-a5b9-c945773b42b5,5b0fa12a-3dd7-45bb-9766-cc326314d9f1,5.43807508610189,4.3055645776312924e-05,7.917442310855621e-06,115.7376443904,76.66444048714452,6.0,7.68076848152348e-05,0.00010047396929735442,3.937366028549149e-06,0.00018121902014113836,0.0,United Kingdom,GBR,england,,,Linux-6.4.0-150600.23.73_15.0.14-cray_shasta_c_64k-aarch64-with-glibc2.38,3.11.7,3.3.0,72,Neoverse-V2,1,1 x NVIDIA GH200 120GB,-2.5917,51.4535,64,machine,0.0,2.0,25.2,215.7177734375,N,1.0,0.0
2026-09-27T09:53:07,efficientnet_lite0_batch11_node_0_local_train,e01c10f4-5252-4484-b778-70bc19ba2c11,5b0fa12a-3dd7-45bb-9766-cc326314d9f1,14.44394552288577,0.00021120139011891897,1.4622139759823938e-05,115.79905562688,168.562656004498,6.0,0.0003663825051192447,0.0005154615234630455,7.091865414986387e-06,0.0008889358939972767,0.0,United Kingdom,GBR,england,,,Linux-6.4.0-150600.23.73_15.0.14-cray_shasta_c_64k-aarch64-with-glibc2.38,3.11.7,3.3.0,72,Neoverse-V2,1,1 x NVIDIA GH200 120GB,-2.5917,51.4535,64,machine,7.981818181818183,6.545454545454546,25.30909090909091,216.7451726740057,N,1.0,0.0
2026-09-27T09:53:14,efficientnet_lite0_batch11_node_0_evaluate,c7c9f7d3-69fb-4988-a9e8-cdc3072523cd,5b0fa12a-3dd7-45bb-9766-cc326314d9f1,5.952889131149277,5.4406239945217064e-05,9.13946803754991e-06,115.768556064,786.0279631136143,6.0,9.33110833266674e-05,0.00013088982692011086,4.792182637223353e-06,0.00022899309288400163,0.0,United Kingdom,GBR,england,,,Linux-6.4.0-150600.23.73_15.0.14-cray_shasta_c_64k-aarch64-with-glibc2.38,3.11.7,3.3.0,72,Neoverse-V2,1,1 x NVIDIA GH200 120GB,-2.5917,51.4535,64,machine,0.0,7.5,25.5,218.43026733398438,N,1.0,0.0
2026-09-27T09:53:28,efficientnet_lite0_batch11_node_1_local_train,69f8bf47-ca05-4a60-8d5f-c9a550ccd164,5b0fa12a-3dd7-45bb-9766-cc326314d9f1,7.401735824067146,7.833740446809448e-05,1.0583653122741311e-05,115.80258258720002,163.29133245238847,6.0,0.00013893193424391903,0.00018861570646322434,2.170504779787734e-06,0.00032971814548693115,0.0,United Kingdom,GBR,england,,,Linux-6.4.0-150600.23.73_15.0.14-cray_shasta_c_64k-aarch64-with-glibc2.38,3.11.7,3.3.0,72,Neoverse-V2,1,1 x NVIDIA GH200 120GB,-2.5917,51.4535,64,machine,0.0,4.5,25.5,218.30905151367188,N,1.0,0.0
2026-09-27T09:53:45,efficientnet_lite0_batch11_node_1_evaluate,198ada65-c866-4b3b-abd0-beb35c4d76e5,5b0fa12a-3dd7-45bb-9766-cc326314d9f1,5.433416557032615,4.483899903762406e-05,8.252450105189846e-06,115.7614132032,82.284545226571,6.0,7.662919169074215e-05,0.00010814758650212752,3.948284994500378e-06,0.00018872506318737004,0.0,United Kingdom,GBR,england,,,Linux-6.4.0-150600.23.73_15.0.14-cray_shasta_c_64k-aarch64-with-glibc2.38,3.11.7,3.3.0,72,Neoverse-V2,1,1 x NVIDIA GH200 120GB,-2.5917,51.4535,64,machine,0.0,3.5,25.5,218.26397705078125,N,1.0,0.0
2026-09-27T09:53:58,efficientnet_lite0_batch11_node_0_upload,41ce84de-7d07-44d8-a230-71af611357f5,5b0fa12a-3dd7-45bb-9766-cc326314d9f1,4.084005957935005,1.8539703441142314e-05,4.539587755772163e-06,115.7409198144,160.58018329523904,6.0,3.2891965689775664e-05,4.513503611747183e-05,5.665703210979701e-09,7.803266751045846e-05,0.0,United Kingdom,GBR,england,,,Linux-6.4.0-150600.23.73_15.0.14-cray_shasta_c_64k-aarch64-with-glibc2.38,3.11.7,3.3.0,72,Neoverse-V2,1,1 x NVIDIA GH200 120GB,-2.5917,51.4535,64,machine,0.0,0.0,25.1,214.8819580078125,N,1.0,0.0
2026-09-27T09:54:07,efficientnet_lite0_batch11_node_1_upload,aa2f9f57-43f1-41ea-912e-e8d8289b64de,5b0fa12a-3dd7-45bb-9766-cc326314d9f1,8.625364323845133,9.709393702347979e-05,1.1256792568756785e-05,115.73453174400002,148.6750176601627,6.0,0.000178931773919126,0.00022972629489004248,5.3668864226589605e-09,0.0004086634356955911,0.0,United Kingdom,GBR,england,,,Linux-6.4.0-150600.23.73_15.0.14-cray_shasta_c_64k-aarch64-with-glibc2.38,3.11.7,3.3.0,72,Neoverse-V2,1,1 x NVIDIA GH200 120GB,-2.5917,51.4535,64,machine,0.0,0.0,25.46,217.9295166015625,N,1.0,0.0
2026-09-27T09:54:31,mobilevit_xxs_batch11_node_0_local_train,f02ade6f-1333-414f-b008-d80e8fa7d3a5,5b0fa12a-3dd7-45bb-9766-cc326314d9f1,10.983264634152874,0.00015418481996292422,1.4038159426977725e-05,115.75949738194288,165.9886653512727,6.0,0.00025519297170111584,0.00038228002804885364,1.1483054456766695e-05,0.0006489560542067361,0.0,United Kingdom,GBR,england,,,Linux-6.4.0-150600.23.73_15.0.14-cray_shasta_c_64k-aarch64-with-glibc2.38,3.11.7,3.3.0,72,Neoverse-V2,1,1 x NVIDIA GH200 120GB,-2.5917,51.4535,64,machine,0.0,13.714285714285714,25.557142857142853,218.73848179408483,N,1.0,0.0
2026-09-27T09:55:10,mobilevit_xxs_batch11_node_0_evaluate,1021f2e3-9ba4-4bdc-b5c4-191e3c2bb2e8,5b0fa12a-3dd7-45bb-9766-cc326314d9f1,28.820566227892414,0.0004514669330920731,1.5664748899178305e-05,115.75931681613912,153.36524110773712,6.0,0.0008285092839277815,0.0010667214089323807,4.970634188114976e-06,0.0019002013270482771,0.0,United Kingdom,GBR,england,,,Linux-6.4.0-150600.23.73_15.0.14-cray_shasta_c_64k-aarch64-with-glibc2.38,3.11.7,3.3.0,72,Neoverse-V2,1,1 x NVIDIA GH200 120GB,-2.5917,51.4535,64,machine,4.236000000000001,0.52,25.52,218.48074462890625,N,1.0,0.0
2026-09-27T09:59:59,mobilevit_xxs_batch11_node_1_local_train,50c0518d-340a-49af-9c61-1b94e810aad9,5b0fa12a-3dd7-45bb-9766-cc326314d9f1,280.4238452229183,0.0050978448977228984,1.8179070662376985e-05,115.79459900559198,140.9210002838878,6.0,0.00901842127572146,0.011547165348815724,0.0008909829040306313,0.021456569528567816,0.0,United Kingdom,GBR,england,,,Linux-6.4.0-150600.23.73_15.0.14-cray_shasta_c_64k-aarch64-with-glibc2.38,3.11.7,3.3.0,72,Neoverse-V2,1,1 x NVIDIA GH200 120GB,-2.5917,51.4535,64,machine,5.417142857142857,0.03214285714285714,25.23642857142853,216.2232670375279,N,1.0,0.0
2026-09-27T10:01:01,mobilevit_xxs_batch11_node_1_evaluate,f37d130b-6612-409e-8fb8-e5d128d68b74,5b0fa12a-3dd7-45bb-9766-cc326314d9f1,6.622223180020228,6.514860776294808e-05,9.837875588292853e-06,115.74100379520002,158.79217525566384,6.0,0.00011445374169971122,0.00015552512442695843,4.228305766591802e-06,0.0002742071718932614,0.0,United Kingdom,GBR,england,,,Linux-6.4.0-150600.23.73_15.0.14-cray_shasta_c_64k-aarch64-with-glibc2.38,3.11.7,3.3.0,72,Neoverse-V2,1,1 x NVIDIA GH200 120GB,-2.5917,51.4535,64,machine,9.200000000000001,5.666666666666667,24.633333333333336,211.14396158854166,N,1.0,0.0
2026-09-27T10:01:14,mobilevit_xxs_batch11_node_0_upload,73b80892-2c0a-45c3-a00d-45db6cd8db96,5b0fa12a-3dd7-45bb-9766-cc326314d9f1,4.071275640977547,1.7539744086611234e-05,4.308169142386979e-06,115.7509980288,146.14068990964947,6.0,3.2687779341753594e-05,4.112947735279704e-05,6.632823109005888e-09,7.382388951765963e-05,0.0,United Kingdom,GBR,england,,,Linux-6.4.0-150600.23.73_15.0.14-cray_shasta_c_64k-aarch64-with-glibc2.38,3.11.7,3.3.0,72,Neoverse-V2,1,1 x NVIDIA GH200 120GB,-2.5917,51.4535,64,machine,0.0,0.0,24.7,211.75311279296875,N,1.0,0.0
2026-09-27T10:01:35,mobilevit_xxs_batch11_node_1_upload,fb25103e-d63a-4930-a773-7789dd4c604e,5b0fa12a-3dd7-45bb-9766-cc326314d9f1,10.423594505991787,0.00012856623983816437,1.2334155915625914e-05,115.7260505472,148.68908618856935,6.0,0.00023688923414895104,0.00030422941006236215,1.0111068453018865e-08,0.0005411287552797662,0.0,United Kingdom,GBR,england,,,Linux-6.4.0-150600.23.73_15.0.14-cray_shasta_c_64k-aarch64-with-glibc2.38,3.11.7,3.3.0,72,Neoverse-V2,1,1 x NVIDIA GH200 120GB,-2.5917,51.4535,64,machine,0.0,0.0,24.742857142857144,211.85506766183036,N,1.0,0.0
2026-09-27T10:05:14,mobilevit_xxs_batch11_node_1_exchange,27be8c59-f713-466a-bfcd-4966835b444c,5b0fa12a-3dd7-45bb-9766-cc326314d9f1,70.12242981418967,0.0011866519337904932,1.6922572947555896e-05,115.72407984260573,147.83747346737474,6.0,0.002155580743539327,0.002753070535788993,8.59062708549512e-05,0.0049945575501832715,0.0,United Kingdom,GBR,england,,,Linux-6.4.0-150600.23.73_15.0.14-cray_shasta_c_64k-aarch64-with-glibc2.38,3.11.7,3.3.0,72,Neoverse-V2,1,1 x NVIDIA GH200 120GB,-2.5917,51.4535,64,machine,4.780597014925373,0.0,24.779104477611913,211.97068035068796,N,1.0,0.0
2026-09-27T10:05:27,mobilevit_xxs_batch11_node_1_evaluate,a86f8162-0769-4a97-98bc-de7e77aecda5,5b0fa12a-3dd7-45bb-9766-cc326314d9f1,7.019454062916338,7.237078182481047e-05,1.0310029978989981e-05,115.7796617472,156.11414403573497,6.0,0.00012765515964204325,0.00017276347153938332,4.186303494886186e-06,0.0003046049346763128,0.0,United Kingdom,GBR,england,,,Linux-6.4.0-150600.23.73_15.0.14-cray_shasta_c_64k-aarch64-with-glibc2.38,3.11.7,3.3.0,72,Neoverse-V2,1,1 x NVIDIA GH200 120GB,-2.5917,51.4535,64,machine,24.0,4.333333333333333,25.0,213.85601806640625,N,1.0,0.0
2026-09-27T10:06:09,mobilenet_v3_small_batch12_node_0_local_train,206b48f5-9fc2-4dd5-963e-c460807d52b2,5b0fa12a-3dd7-45bb-9766-cc326314d9f1,9.668188076931983,0.00012130573747879096,1.2546894672872877e-05,116.04837396754286,214.0862075888239,6.0,0.00021199244323522027,0.0002875960633730301,1.0981164036396271e-05,0.0005105696706446467,0.0,United Kingdom,GBR,england,,,Linux-6.4.0-150600.23.73_15.0.14-cray_shasta_c_64k-aarch64-with-glibc2.38,3.11.7,3.3.0,72,Neoverse-V2,1,1 x NVIDIA GH200 120GB,-2.5917,51.4535,64,machine,0.0,6.666666666666667,24.616666666666664,210.73311360677084,N,1.0,0.0
2026-09-27T10:06:39,mobilenet_v3_small_batch12_node_0_evaluate,7adedf6f-bbc0-4119-9b4c-79d72717ab62,5b0fa12a-3dd7-45bb-9766-cc326314d9f1,15.06678516487591,0.00021113987801001018,1.4013598501571861e-05,115.71443736336002,148.4998863521355,6.0,0.0003860454332218653,0.0004943187287835826,8.312830658396707e-06,0.0008886769926638447,0.0,United Kingdom,GBR,england,,,Linux-6.4.0-150600.23.73_15.0.14-cray_shasta_c_64k-aarch64-with-glibc2.38,3.11.7,3.3.0,72,Neoverse-V2,1,1 x NVIDIA GH200 120GB,-2.5917,51.4535,64,machine,2.5545454545454547,0.36363636363636365,24.699999999999992,211.25672496448863,N,1.0,0.0
2026-09-27T10:07:49,mobilenet_v3_small_batch12_node_1_local_train,42aab6b1-cc8d-4cf3-b9bd-0145e4ddee83,5b0fa12a-3dd7-45bb-9766-cc326314d9f1,5.250715796137229,3.948517217979303e-05,7.519959889819388e-06,115.7573124,153.94486346594584,6.0,7.045787008470075e-05,9.377368616014792e-05,1.9595223816577344e-06,0.00016619107862650642,0.0,United Kingdom,GBR,england,,,Linux-6.4.0-150600.23.73_15.0.14-cray_shasta_c_64k-aarch64-with-glibc2.38,3.11.7,3.3.0,72,Neoverse-V2,1,1 x NVIDIA GH200 120GB,-2.5917,51.4535,64,machine,0.0,2.5,24.6,210.78909301757812,N,1.0,0.0
2026-09-27T10:08:03,mobilenet_v3_small_batch12_node_1_evaluate,1551342a-d273-42fc-a842-b2428bb35fdb,5b0fa12a-3dd7-45bb-9766-cc326314d9f1,6.1753680009860545,5.6447562132611445e-05,9.140760862121602e-06,115.75284569280001,156.01136614216216,6.0,0.00010059059201545345,0.0001334859401254107,3.5083818602530913e-06,0.00023758491400111724,0.0,United Kingdom,GBR,england,,,Linux-6.4.0-150600.23.73_15.0.14-cray_shasta_c_64k-aarch64-with-glibc2.38,3.11.7,3.3.0,72,Neoverse-V2,1,1 x NVIDIA GH200 120GB,-2.5917,51.4535,64,machine,0.0,1.3333333333333333,24.7,211.73492431640625,N,1.0,0.0
2026-09-27T10:08:22,mobilenet_v3_small_batch12_node_0_upload,4b0367cc-8d16-42ab-b8b7-e48f1c0c15cf,5b0fa12a-3dd7-45bb-9766-cc326314d9f1,4.0961697599850595,1.770826272972589e-05,4.3231271571592484e-06,115.7308416,142.23614116445077,6.0,3.349244849657441e-05,4.1035310601955644e-05,5.416804924607277e-09,7.453317590345467e-05,0.0,United Kingdom,GBR,england,,,Linux-6.4.0-150600.23.73_15.0.14-cray_shasta_c_64k-aarch64-with-glibc2.38,3.11.7,3.3.0,72,Neoverse-V2,1,1 x NVIDIA GH200 120GB,-2.5917,51.4535,64,machine,0.0,0.0,24.7,211.6142578125,N,1.0,0.0
2026-09-27T10:08:32,mobilenet_v3_small_batch12_node_1_upload,f8a3d5cb-09a9-4d42-b599-eade566af78c,5b0fa12a-3dd7-45bb-9766-cc326314d9f1,4.521701211808249,2.579001545525358e-05,5.703608939906057e-06,115.7308416,151.49745169219463,6.0,4.7082855344452385e-05,6.146060471223791e-05,5.401444698994359e-09,0.0001085488615013893,0.0,United Kingdom,GBR,england,,,Linux-6.4.0-150600.23.73_15.0.14-cray_shasta_c_64k-aarch64-with-glibc2.38,3.11.7,3.3.0,72,Neoverse-V2,1,1 x NVIDIA GH200 120GB,-2.5917,51.4535,64,machine,0.0,0.0,24.7,211.60107421875,N,1.0,0.0
2026-09-27T10:09:06,mobilenet_v3_small_batch12_node_0_exchange,a544e074-7671-4e15-abbe-632c22776b58,5b0fa12a-3dd7-45bb-9766-cc326314d9f1,3.0759983570314944,1.3404127191468058e-07,4.35765095934699e-08,115.7308416,0.0,6.0,5.522794683585168e-07,0.0,1.1893418074275057e-08,5.641728864327918e-07,0.0,United Kingdom,GBR,england,,,Linux-6.4.0-150600.23.73_15.0.14-cray_shasta_c_64k-aarch64-with-glibc2.38,3.11.7,3.3.0,72,Neoverse-V2,1,1 x NVIDIA GH200 120GB,-2.5917,51.4535,64,machine,0,0,0,0,N,1.0,0.0
2026-09-27T10:10:00,mobilenet_v3_small_batch12_node_1_exchange,27f04f9e-5d72-42fa-9212-76835cf3e48a,5b0fa12a-3dd7-45bb-9766-cc326314d9f1,10.49596527311951,0.00012989274480430387,1.2375493003674774e-05,115.7387120784,148.90502078339978,6.0,0.00023916889903481637,0.00030753746824530026,5.5798399262130265e-09,0.0005467119471200428,0.0,United Kingdom,GBR,england,,,Linux-6.4.0-150600.23.73_15.0.14-cray_shasta_c_64k-aarch64-with-glibc2.38,3.11.7,3.3.0,72,Neoverse-V2,1,1 x NVIDIA GH200 120GB,-2.5917,51.4535,64,machine,6.357142857142857,0.0,24.67142857142857,211.3375244140625,N,1.0,0.0
2026-09-27T10:10:22,mobilenet_v3_small_batch12_node_0_evaluate,f914231f-bb55-405f-ac0b-ea7c65490b44,5b0fa12a-3dd7-45bb-9766-cc326314d9f1,5.396936638047919,4.171711459436598e-05,7.729776610728403e-06,115.7477226048,74.47077611804708,6.0,7.545125556549514e-05,9.624674365227293e-05,3.887211353285238e-06,0.0001755852105710533,0.0,United Kingdom,GBR,england,,,Linux-6.4.0-150600.23.73_15.0.14-cray_shasta_c_64k-aarch64-with-glibc2.38,3.11.7,3.3.0,72,Neoverse-V2,1,1 x NVIDIA GH200 120GB,-2.5917,51.4535,64,machine,0.0,2.0,24.7,211.61367797851562,N,1.0,0.0
2026-09-27T10:14:14,mobilenet_v3_small_batch12_node_1_evaluate,4592a57c-a74d-439f-8233-4c9d7d3f4fbf,5b0fa12a-3dd7-45bb-9766-cc326314d9f1,12.55221742996946,0.00016653058560347226,1.326702525132067e-05,115.7491395648,151.34164807531084,6.0,0.00030502333044660527,0.0003924744806340641,3.4209419065155092e-06,0.0007009187529871849,0.0,United Kingdom,GBR,england,,,Linux-6.4.0-150600.23.73_15.0.14-cray_shasta_c_64k-aarch64-with-glibc2.38,3.11.7,3.3.0,72,Neoverse-V2,1,1 x NVIDIA GH200 120GB,-2.5917,51.4535,64,machine,7.2555555555555555,0.5555555555555556,24.677777777777774,211.51044379340277,N,1.0,0.0
2026-09-27T10:15:03,efficientnet_lite0_batch12_node_0_local_train,5f38099a-c558-488c-a180-a9e8d638dd2e,5b0fa12a-3dd7-45bb-9766-cc326314d9f1,15.31355145899579,0.00022818727476176692,1.4901002904046836e-05,115.7626660464,170.24974810193237,6.0,0.00039439574864692697,0.0005587037802854411,7.329088393210745e-06,0.0009604286173255787,0.0,United Kingdom,GBR,england,,,Linux-6.4.0-150600.23.73_15.0.14-cray_shasta_c_64k-aarch64-with-glibc2.38,3.11.7,3.3.0,72,Neoverse-V2,1,1 x NVIDIA GH200 120GB,-2.5917,51.4535,64,machine,0.0,4.5,24.816666666666663,212.69010416666666,N,1.0,0.0
2026-09-27T10:15:31,efficientnet_lite0_batch12_node_0_evaluate,efa0f8ad-882c-4c9e-b6b6-0115ecc4d5aa,5b0fa12a-3dd7-45bb-9766-cc326314d9f1,13.348558113910258,0.00018350955496092785,1.3747518900164679e-05,115.75291954320001,157.88358087258266,6.0,0.0003311958422510389,0.0004372264608605292,3.960067119915038e-06,0.0007723823702314831,0.0,United Kingdom,GBR,england,,,Linux-6.4.0-150600.23.73_15.0.14-cray_shasta_c_64k-aarch64-with-glibc2.38,3.11.7,3.3.0,72,Neoverse-V2,1,1 x NVIDIA GH200 120GB,-2.5917,51.4535,64,machine,10.0,1.5,25.0,214.12711181640626,N,1.0,0.0
2026-09-27T10:15:45,efficientnet_lite0_batch12_node_1_local_train,1f3eb2ee-b933-4566-8b7f-ca98a4f7322f,5b0fa12a-3dd7-45bb-9766-cc326314d9f1,4.910883630160242,3.44714943466264e-05,7.019407695779913e-06,115.72605132480001,166.13496866237858,6.0,5.9530404492077156e-05,8.416423401058637e-05,1.3941254831540087e-06,0.00014508876398581754,0.0,United Kingdom,GBR,england,,,Linux-6.4.0-150600.23.73_15.0.14-cray_shasta_c_64k-aarch64-with-glibc2.38,3.11.7,3.3.0,72,Neoverse-V2,1,1 x NVIDIA GH200 120GB,-2.5917,51.4535,64,machine,0.0,0.0,25.0,214.2232666015625,N,1.0,0.0
2026-09-27T10:16:08,efficientnet_lite0_batch12_node_1_evaluate,8150d199-3f2e-4dfa-a261-764b9a4d74e3,5b0fa12a-3dd7-45bb-9766-cc326314d9f1,12.498882364947349,0.0001686585673969278,1.3493891891480193e-05,115.7417517168,159.06522864522373,6.0,0.00030376746266467006,0.0004026508777030813,3.456979604670778e-06,0.0007098753199724222,0.0,United Kingdom,GBR,england,,,Linux-6.4.0-150600.23.73_15.0.14-cray_shasta_c_64k-aarch64-with-glibc2.38,3.11.7,3.3.0,72,Neoverse-V2,1,1 x NVIDIA GH200 120GB,-2.5917,51.4535,64,machine,12.444444444444445,1.2222222222222223,25.0,214.4508260091146,N,1.0,0.0
2026-09-27T10:17:12,efficientnet_lite0_batch12_node_1_upload,cdf55ffc-5e43-4702-b47a-0c65f0ab6adc,5b0fa12a-3dd7-45bb-9766-cc326314d9f1,4.235393322072923,2.0729692951278465e-05,4.894396192968628e-06,115.7308416,151.08842899154607,6.0,3.791002112507153e-05,4.933087279823667e-05,9.327893688653906e-09,8.725022181699685e-05,0.0,United Kingdom,GBR,england,,,Linux-6.4.0-150600.23.73_15.0.14-cray_shasta_c_64k-aarch64-with-glibc2.38,3.11.7,3.3.0,72,Neoverse-V2,1,1 x NVIDIA GH200 120GB,-2.5917,51.4535,64,machine,0.0,0.0,25.0,213.9317626953125,N,1.0,0.0
2026-09-27T10:17:34,mobilevit_xxs_batch12_node_0_local_train,04fc9227-34de-472c-b88e-75850b62bbcb,5b0fa12a-3dd7-45bb-9766-cc326314d9f1,10.213282731128857,0.0001402122200999221,1.372841854975503e-05,115.77998410560002,87.77889486309944,6.0,0.00023027067729418016,0.00034797194501834383,1.1903470730176196e-05,0.0005901460930427002,0.0,United Kingdom,GBR,england,,,Linux-6.4.0-150600.23.73_15.0.14-cray_shasta_c_64k-aarch64-with-glibc2.38,3.11.7,3.3.0,72,Neoverse-V2,1,1 x NVIDIA GH200 120GB,-2.5917,51.4535,64,machine,0.0,16.571428571428573,24.985714285714288,214.29960414341517,N,1.0,0.0
2026-09-27T10:25:18,mobilevit_xxs_batch12_node_0_evaluate,c8f5bd98-366f-4ef2-a71d-1b5e75b750f4,5b0fa12a-3dd7-45bb-9766-cc326314d9f1,202.15424848999828,0.003623381192381204,1.7923843893691273e-05,115.79355670767428,138.30211795529084,6.0,0.0065119022559018015,0.008302173030614313,0.0004365516043803655,0.01525062689089648,0.0,United Kingdom,GBR,england,,,Linux-6.4.0-150600.23.73_15.0.14-cray_shasta_c_64k-aarch64-with-glibc2.38,3.11.7,3.3.0,72,Neoverse-V2,1,1 x NVIDIA GH200 120GB,-2.5917,51.4535,64,machine,4.327722772277228,0.06930693069306931,25.182673267326646,215.8055435029587,N,1.0,0.0
2026-09-27T10:25:27,mobilevit_xxs_batch12_node_1_local_train,850435ba-deb9-497f-9848-c03202871835,5b0fa12a-3dd7-45bb-9766-cc326314d9f1,4.456868646899238,2.7584888001791252e-05,6.1892979549627946e-06,115.73588070720001,89.42293681479117,6.0,4.514896110684263e-05,6.864227711389503e-05,2.312150411695863e-06,0.00011610338863243354,0.0,United Kingdom,GBR,england,,,Linux-6.4.0-150600.23.73_15.0.14-cray_shasta_c_64k-aarch64-with-glibc2.38,3.11.7,3.3.0,72,Neoverse-V2,1,1 x NVIDIA GH200 120GB,-2.5917,51.4535,64,machine,35.7,17.0,25.2,215.92803955078125,N,1.0,0.0
2026-09-27T10:26:07,mobilevit_xxs_batch12_node_1_evaluate,76e08733-2efd-466f-867d-03483b016189,5b0fa12a-3dd7-45bb-9766-cc326314d9f1,6.300944440066814,5.860876552428424e-05,9.301584243720575e-06,115.76243445120001,150.17903217632687,6.0,0.00010448611795285788,0.00013854649972699917,3.6486913213351126e-06,0.00024668130900119215,0.0,United Kingdom,GBR,england,,,Linux-6.4.0-150600.23.73_15.0.14-cray_shasta_c_64k-aarch64-with-glibc2.38,3.11.7,3.3.0,72,Neoverse-V2,1,1 x NVIDIA GH200 120GB,-2.5917,51.4535,64,machine,0.0,5.666666666666667,25.2,215.89664713541666,N,1.0,0.0
2026-09-27T10:26:50,mobilevit_xxs_batch12_node_1_upload,fb462667-0f45-407c-85c7-004b5876862e,5b0fa12a-3dd7-45bb-9766-cc326314d9f1,3.0700034759938717,1.1332258857837705e-07,3.6912853507988426e-08,115.7308416,0.0,6.0,4.70300181693554e-07,0.0,6.668821830923358e-09,4.769690035244773e-07,0.0,United Kingdom,GBR,england,,,Linux-6.4.0-150600.23.73_15.0.14-cray_shasta_c_64k-aarch64-with-glibc2.38,3.11.7,3.3.0,72,Neoverse-V2,1,1 x NVIDIA GH200 120GB,-2.5917,51.4535,64,machine,0,0,0,0,N,1.0,0.0
2026-09-27T10:26:59,mobilevit_xxs_batch12_node_0_exchange,f7ac702e-6c09-4457-8235-4e402e1d5c72,5b0fa12a-3dd7-45bb-9766-cc326314d9f1,4.858258292078972,3.126746235177882e-05,6.435940716194133e-06,115.7308416,148.22419289406818,6.0,5.7807450518061636e-05,7.378978125416324e-05,5.924736615270376e-09,0.00013160315650884014,0.0,United Kingdom,GBR,england,,,Linux-6.4.0-150600.23.73_15.0.14-cray_shasta_c_64k-aarch64-with-glibc2.38,3.11.7,3.3.0,72,Neoverse-V2,1,1 x NVIDIA GH200 120GB,-2.5917,51.4535,64,machine,0.0,0.0,25.2,215.8319091796875,N,1.0,0.0
2026-09-27T10:27:28,mobilevit_xxs_batch12_node_1_exchange,a6812f6e-ba8a-4980-b129-88f1c35094f9,5b0fa12a-3dd7-45bb-9766-cc326314d9f1,4.083187018055469,1.7524214666597893e-05,4.291798193202385e-06,115.7308416,145.33757346409996,6.0,3.2752277565735344e-05,4.1000310545769025e-05,5.938868271186949e-09,7.375852697977555e-05,0.0,United Kingdom,GBR,england,,,Linux-6.4.0-150600.23.73_15.0.14-cray_shasta_c_64k-aarch64-with-glibc2.38,3.11.7,3.3.0,72,Neoverse-V2,1,1 x NVIDIA GH200 120GB,-2.5917,51.4535,64,machine,0.0,0.0,25.2,215.91510009765625,N,1.0,0.0
2026-09-27T10:27:45,mobilevit_xxs_batch12_node_0_evaluate,56adfd0d-d9e2-408f-b6d5-8e242c11ae77,5b0fa12a-3dd7-45bb-9766-cc326314d9f1,13.131414562929422,0.00017821793709237987,1.357187652848134e-05,115.7527931832,154.59003908887547,6.0,0.000324184636269945,0.00042183644859505876,4.089135273049274e-06,0.000750110220138053,0.0,United Kingdom,GBR,england,,,Linux-6.4.0-150600.23.73_15.0.14-cray_shasta_c_64k-aarch64-with-glibc2.38,3.11.7,3.3.0,72,Neoverse-V2,1,1 x NVIDIA GH200 120GB,-2.5917,51.4535,64,machine,0.0,2.1,25.199999999999996,215.899609375,N,1.0,0.0
2026-09-27T10:30:29,mobilevit_xxs_batch12_node_1_evaluate,1e85e2a3-2bb8-4f8b-9bd1-66e22444f4cd,5b0fa12a-3dd7-45bb-9766-cc326314d9f1,5.234243934042752,3.973639798981153e-05,7.591621347903151e-06,115.74478725120001,77.97410681336305,6.0,7.016002976253733e-05,9.348563034450308e-05,3.602815158277129e-06,0.00016724847526531755,0.0,United Kingdom,GBR,england,,,Linux-6.4.0-150600.23.73_15.0.14-cray_shasta_c_64k-aarch64-with-glibc2.38,3.11.7,3.3.0,72,Neoverse-V2,1,1 x NVIDIA GH200 120GB,-2.5917,51.4535,64,machine,14.05,6.5,25.2,215.50619506835938,N,1.0,0.0
2026-09-27T10:31:32,mobilenet_v3_small_batch13_node_0_local_train,ca4d77a8-1ac5-4862-845b-ef6e2a46aafb,5b0fa12a-3dd7-45bb-9766-cc326314d9f1,9.37661613500677,0.00011688037856697805,1.2465091551590285e-05,115.65788028068573,216.93164737217631,6.0,0.00020241228920317572,0.0002790410565296497,1.0490214646561072e-05,0.0004919435603793865,0.0,United Kingdom,GBR,england,,,Linux-6.4.0-150600.23.73_15.0.14-cray_shasta_c_64k-aarch64-with-glibc2.38,3.11.7,3.3.0,72,Neoverse-V2,1,1 x NVIDIA GH200 120GB,-2.5917,51.4535,64,machine,9.333333333333334,6.666666666666667,24.900000000000002,213.01836140950522,N,1.0,0.0
2026-09-27T10:32:41,mobilenet_v3_small_batch13_node_0_evaluate,2b435736-4cad-468f-a239-0616cf831832,5b0fa12a-3dd7-45bb-9766-cc326314d9f1,16.59991507511586,0.000238052132216134,1.43405632582414e-05,115.73841188160003,148.4352839072531,6.0,0.00043556526974958997,0.0005572376680049729,9.146362154666956e-06,0.0010019492999092299,0.0,United Kingdom,GBR,england,,,Linux-6.4.0-150600.23.73_15.0.14-cray_shasta_c_64k-aarch64-with-glibc2.38,3.11.7,3.3.0,72,Neoverse-V2,1,1 x NVIDIA GH200 120GB,-2.5917,51.4535,64,machine,2.4846153846153842,0.38461538461538464,24.853846153846153,212.48475999098557,N,1.0,0.0
2026-09-27T10:35:28,mobilenet_v3_small_batch13_node_1_local_train,0c7a73a4-e78b-4784-b14b-970183d928ef,5b0fa12a-3dd7-45bb-9766-cc326314d9f1,53.38326691300608,0.0008959614816697473,1.6783564091905715e-05,116.02353662292707,150.03566212710544,6.0,0.00162820687426925,0.002071054156857599,7.179521166952328e-05,0.0037710562427963725,0.0,United Kingdom,GBR,england,,,Linux-6.4.0-150600.23.73_15.0.14-cray_shasta_c_64k-aarch64-with-glibc2.38,3.11.7,3.3.0,72,Neoverse-V2,1,1 x NVIDIA GH200 120GB,-2.5917,51.4535,64,machine,3.75,0.14,24.829999999999995,212.67734741210938,N,1.0,0.0
2026-09-27T10:36:31,mobilenet_v3_small_batch13_node_1_evaluate,92d0bf78-9e3e-4b82-8785-5c3b4a339c6c,5b0fa12a-3dd7-45bb-9766-cc326314d9f1,52.364263098919764,0.0008794444226441055,1.6794744556660204e-05,115.74142599744,119.11169540945896,6.0,0.001584673351457739,0.002028694122941488,8.816930821320663e-05,0.0037015367826124337,0.0,United Kingdom,GBR,england,,,Linux-6.4.0-150600.23.73_15.0.14-cray_shasta_c_64k-aarch64-with-glibc2.38,3.11.7,3.3.0,72,Neoverse-V2,1,1 x NVIDIA GH200 120GB,-2.5917,51.4535,64,machine,5.659183673469388,0.08163265306122448,24.39795918367345,208.8578877351722,N,1.0,0.0
2026-09-27T10:36:44,mobilenet_v3_small_batch13_node_0_upload,886da6cd-7ca7-4723-913f-e69ce75ffa23,5b0fa12a-3dd7-45bb-9766-cc326314d9f1,4.075164152076468,1.749161766692351e-05,4.292248609914473e-06,115.7308416,145.76998407577824,6.0,3.264011348171473e-05,4.097586611351289e-05,5.348273164903124e-09,7.362132786839252e-05,0.0,United Kingdom,GBR,england,,,Linux-6.4.0-150600.23.73_15.0.14-cray_shasta_c_64k-aarch64-with-glibc2.38,3.11.7,3.3.0,72,Neoverse-V2,1,1 x NVIDIA GH200 120GB,-2.5917,51.4535,64,machine,0.0,0.0,24.3,208.4869384765625,N,1.0,0.0
2026-09-27T10:37:05,mobilenet_v3_small_batch13_node_0_exchange,fde7f422-7da2-4d3a-9c9d-9ff658c6c174,5b0fa12a-3dd7-45bb-9766-cc326314d9f1,11.402735465904698,0.00014447362643115648,1.267008489876371e-05,115.72467229440001,146.8294407850572,6.0,0.00026808356351920256,0.0003399930498062531,5.521921363348762e-09,0.000608082135246819,0.0,United Kingdom,GBR,england,,,Linux-6.4.0-150600.23.73_15.0.14-cray_shasta_c_64k-aarch64-with-glibc2.38,3.11.7,3.3.0,72,Neoverse-V2,1,1 x NVIDIA GH200 120GB,-2.5917,51.4535,64,machine,0.0,0.0,24.5,210.13153839111328,N,1.0,0.0
2026-09-27T10:37:21,mobilenet_v3_small_batch13_node_1_exchange,055b5e1a-3927-4874-b098-d31f56eb5ae1,5b0fa12a-3dd7-45bb-9766-cc326314d9f1,4.107519608922303,1.7779704940330302e-05,4.328574573742618e-06,115.7308416,141.8795566641665,6.0,3.368938924865723e-05,4.1138088477055135e-05,6.394803446407119e-09,7.483387252915877e-05,0.0,United Kingdom,GBR,england,,,Linux-6.4.0-150600.23.73_15.0.14-cray_shasta_c_64k-aarch64-with-glibc2.38,3.11.7,3.3.0,72,Neoverse-V2,1,1 x NVIDIA GH200 120GB,-2.5917,51.4535,64,machine,0.0,0.0,24.4,208.60528564453125,N,1.0,0.0
2026-09-27T10:37:51,mobilenet_v3_small_batch13_node_0_evaluate,f3e898ca-f394-4f9e-8398-0c8f637dd05c,5b0fa12a-3dd7-45bb-9766-cc326314d9f1,5.497943862108514,4.359925622706965e-05,7.930102111000625e-06,115.75796981760001,74.92930181121557,6.0,7.852662700066791e-05,0.00010093369184005496,4.046730000215272e-06,0.00018350704884093815,0.0,United Kingdom,GBR,england,,,Linux-6.4.0-150600.23.73_15.0.14-cray_shasta_c_64k-aarch64-with-glibc2.38,3.11.7,3.3.0,72,Neoverse-V2,1,1 x NVIDIA GH200 120GB,-2.5917,51.4535,64,machine,0.0,2.0,24.5,209.7615966796875,N,1.0,0.0
2026-09-27T10:38:06,mobilenet_v3_small_batch13_node_1_evaluate,8ac7b70c-add3-42b7-b6ef-374ae1516e26,5b0fa12a-3dd7-45bb-9766-cc326314d9f1,6.4130393571686,6.034226036920412e-05,9.409307663417433e-06,115.77083296320001,153.15100944662296,6.0,0.00010822741066714419,0.00014188761355171664,3.86247629338565e-06,0.00025397750051224646,0.0,United Kingdom,GBR,england,,,Linux-6.4.0-150600.23.73_15.0.14-cray_shasta_c_64k-aarch64-with-glibc2.38,3.11.7,3.3.0,72,Neoverse-V2,1,1 x NVIDIA GH200 120GB,-2.5917,51.4535,64,machine,36.6,1.0,24.600000000000005,210.577392578125,N,1.0,0.0
2026-09-27T10:38:46,efficientnet_lite0_batch13_node_0_local_train,df20df86-8d40-4559-b0fe-c25fd05c3fab,5b0fa12a-3dd7-45bb-9766-cc326314d9f1,22.70747216208838,0.0003635270369955913,1.6009137186239675e-05,115.77087781776,115.15723854329626,6.0,0.0006320012804952531,0.0008659854150039337,3.20800878771115e-05,0.0015300667833762981,0.0,United Kingdom,GBR,england,,,Linux-6.4.0-150600.23.73_15.0.14-cray_shasta_c_64k-aarch64-with-glibc2.38,3.11.7,3.3.0,72,Neoverse-V2,1,1 x NVIDIA GH200 120GB,-2.5917,51.4535,64,machine,6.21578947368421,3.5789473684210527,24.63684210526316,210.76523309004935,N,1.0,0.0
2026-09-27T10:39:02,efficientnet_lite0_batch13_node_0_evaluate,05754f0b-edad-4e49-8171-8871f30f1201,5b0fa12a-3dd7-45bb-9766-cc326314d9f1,6.995098409010097,7.179550662223424e-05,1.0263687860310501e-05,115.78736810880001,155.27920913576378,6.0,0.00012669939763189478,0.00017146458165484546,4.019651362129177e-06,0.0003021836306488694,0.0,United Kingdom,GBR,england,,,Linux-6.4.0-150600.23.73_15.0.14-cray_shasta_c_64k-aarch64-with-glibc2.38,3.11.7,3.3.0,72,Neoverse-V2,1,1 x NVIDIA GH200 120GB,-2.5917,51.4535,64,machine,47.5,2.3333333333333335,24.8,212.7756144205729,N,1.0,0.0
2026-09-27T10:39:15,efficientnet_lite0_batch13_node_1_local_train,a530b087-5c25-4c8a-ad7a-8f895be92369,5b0fa12a-3dd7-45bb-9766-cc326314d9f1,4.032291950890794,2.0304629436542415e-05,5.035505782773694e-06,115.7618351808,97.31188655155135,6.0,3.167397851902429e-05,5.216948613906425e-05,1.6176864749286323e-06,8.546115113301717e-05,0.0,United Kingdom,GBR,england,,,Linux-6.4.0-150600.23.73_15.0.14-cray_shasta_c_64k-aarch64-with-glibc2.38,3.11.7,3.3.0,72,Neoverse-V2,1,1 x NVIDIA GH200 120GB,-2.5917,51.4535,64,machine,0,0,0,0,N,1.0,0.0
2026-09-27T10:39:39,efficientnet_lite0_batch13_node_1_evaluate,f50ce718-0d18-426d-9c15-31273f6101e5,5b0fa12a-3dd7-45bb-9766-cc326314d9f1,13.47362583479844,0.00018405771010452076,1.366059235734107e-05,115.7825158272,154.58536416286512,6.0,0.00033499240390921623,0.00043584673755958647,3.850385843155285e-06,0.0007746895273119579,0.0,United Kingdom,GBR,england,,,Linux-6.4.0-150600.23.73_15.0.14-cray_shasta_c_64k-aarch64-with-glibc2.38,3.11.7,3.3.0,72,Neoverse-V2,1,1 x NVIDIA GH200 120GB,-2.5917,51.4535,64,machine,3.4799999999999995,1.1,24.82,212.82616577148437,N,1.0,0.0
2026-09-27T10:39:59,efficientnet_lite0_batch13_node_0_upload,d5ab62fd-b286-4bcb-8d64-d00f5375fdef,5b0fa12a-3dd7-45bb-9766-cc326314d9f1,11.156198343960568,0.0001407471209297198,1.2616046845914457e-05,115.7158244736,147.70670788862964,6.0,0.0002602819630165744,0.0003321038768149265,1.162355998530984e-08,0.0005923974633914861,0.0,United Kingdom,GBR,england,,,Linux-6.4.0-150600.23.73_15.0.14-cray_shasta_c_64k-aarch64-with-glibc2.38,3.11.7,3.3.0,72,Neoverse-V2,1,1 x NVIDIA GH200 120GB,-2.5917,51.4535,64,machine,0.0,0.0,24.900000000000002,213.33875274658203,N,1.0,0.0
2026-09-27T10:40:24,mobilevit_xxs_batch13_node_0_local_train,83b32c00-9eb6-46ad-8f42-fe30cfc9ba2a,5b0fa12a-3dd7-45bb-9766-cc326314d9f1,10.963286916958168,0.00015301232153833654,1.3956792583951708e-05,115.76390056045715,157.78529315376989,6.0,0.00025455638567164536,0.0003780600246443555,1.140465773991309e-05,0.0006440210680559139,0.0,United Kingdom,GBR,england,,,Linux-6.4.0-150600.23.73_15.0.14-cray_shasta_c_64k-aarch64-with-glibc2.38,3.11.7,3.3.0,72,Neoverse-V2,1,1 x NVIDIA GH200 120GB,-2.5917,51.4535,64,machine,0.0,10.142857142857142,25.0,214.0048828125,N,1.0,0.0
2026-09-27T10:40:57,mobilevit_xxs_batch13_node_0_evaluate,8836b019-41c7-48a4-a44b-cd3f54aeeecd,5b0fa12a-3dd7-45bb-9766-cc326314d9f1,5.595178541960195,4.7761349230640594e-05,8.53616178151628e-06,115.7376443904,81.86628988159558,6.0,8.186495916804864e-05,0.00011494259194932965,4.217535189818591e-06,0.00020102508630719687,0.0,United Kingdom,GBR,england,,,Linux-6.4.0-150600.23.73_15.0.14-cray_shasta_c_64k-aarch64-with-glibc2.38,3.11.7,3.3.0,72,Neoverse-V2,1,1 x NVIDIA GH200 120GB,-2.5917,51.4535,64,machine,0.0,6.5,24.85,213.12924194335938,N,1.0,0.0
2026-09-27T10:41:13,mobilevit_xxs_batch13_node_1_local_train,fec37073-0ace-41b8-bafe-89c70b1f6154,5b0fa12a-3dd7-45bb-9766-cc326314d9f1,5.696859604911879,4.995099069459223e-05,8.768162489299205e-06,115.78909757760002,165.08993356586677,6.0,8.500405619291983e-05,0.00012260787585205435,2.629243660097321e-06,0.00021024117570507149,0.0,United Kingdom,GBR,england,,,Linux-6.4.0-150600.23.73_15.0.14-cray_shasta_c_64k-aarch64-with-glibc2.38,3.11.7,3.3.0,72,Neoverse-V2,1,1 x NVIDIA GH200 120GB,-2.5917,51.4535,64,machine,0.0,11.5,25.0,213.77859497070312,N,1.0,0.0
2026-09-27T10:42:10,mobilevit_xxs_batch13_node_1_evaluate,7a2da139-6645-4a09-9fe3-338eb550af2b,5b0fa12a-3dd7-45bb-9766-cc326314d9f1,30.471921590156853,0.0004847842325605005,1.5909211078998616e-05,115.753643036928,100.90225581324758,6.0,0.0008808439172253999,0.0011303072931241331,2.9280933228243764e-05,0.0020404321435777773,0.0,United Kingdom,GBR,england,,,Linux-6.4.0-150600.23.73_15.0.14-cray_shasta_c_64k-aarch64-with-glibc2.38,3.11.7,3.3.0,72,Neoverse-V2,1,1 x NVIDIA GH200 120GB,-2.5917,51.4535,64,machine,2.7370370370370374,0.4444444444444444,25.314814814814813,216.9429456922743,N,1.0,0.0
2026-09-27T10:42:25,mobilevit_xxs_batch13_node_0_upload,e8f8a0b0-ef75-4e50-891e-928564cf29e8,5b0fa12a-3dd7-45bb-9766-cc326314d9f1,4.083718805806711,1.7560493036770937e-05,4.300122969241018e-06,115.7509980288,144.5033657146545,6.0,3.2925695943353795e-05,4.097947723380457e-05,6.04761492771407e-09,7.391122079208608e-05,0.0,United Kingdom,GBR,england,,,Linux-6.4.0-150600.23.73_15.0.14-cray_shasta_c_64k-aarch64-with-glibc2.38,3.11.7,3.3.0,72,Neoverse-V2,1,1 x NVIDIA GH200 120GB,-2.5917,51.4535,64,machine,30.8,0.0,25.4,217.2225341796875,N,1.0,0.0
2026-09-27T10:44:11,mobilevit_xxs_batch13_node_1_upload,376eed1a-bce1-437f-99ed-33acb5a058cc,5b0fa12a-3dd7-45bb-9766-cc326314d9f1,61.80242754216306,0.0010216173553861928,1.653037584469027e-05,115.72401606443384,147.81793075382362,6.0,0.0018882053928408033,0.002411724707144458,5.315316763396065e-09,0.004299935415302025,0.0,United Kingdom,GBR,england,,,Linux-6.4.0-150600.23.73_15.0.14-cray_shasta_c_64k-aarch64-with-glibc2.38,3.11.7,3.3.0,72,Neoverse-V2,1,1 x NVIDIA GH200 120GB,-2.5917,51.4535,64,machine,5.0982758620689665,0.0,25.389655172413807,217.28558770541488,N,1.0,0.0
2026-09-27T10:44:55,mobilevit_xxs_batch13_node_1_exchange,693e5de9-0877-417e-b3b8-f09a7802273b,5b0fa12a-3dd7-45bb-9766-cc326314d9f1,4.0880052470602095,1.752722887784166e-05,4.287477099117215e-06,115.7308416,145.62126347637482,6.0,3.272000498666239e-05,4.104058837128832e-05,1.062028342857957e-08,7.377121364137928e-05,0.0,United Kingdom,GBR,england,,,Linux-6.4.0-150600.23.73_15.0.14-cray_shasta_c_64k-aarch64-with-glibc2.38,3.11.7,3.3.0,72,Neoverse-V2,1,1 x NVIDIA GH200 120GB,-2.5917,51.4535,64,machine,0.0,0.0,25.4,217.4632568359375,N,1.0,0.0
2026-09-27T10:45:43,mobilevit_xxs_batch13_node_1_evaluate,febdf499-415d-449f-925f-0ff8708546e7,5b0fa12a-3dd7-45bb-9766-cc326314d9f1,6.533877891954035,6.353963772879355e-05,9.724644197443252e-06,115.7551184448,152.38287243462298,6.0,0.000111913905269733,0.00015148623228355973,4.034961415066694e-06,0.00026743509896835944,0.0,United Kingdom,GBR,england,,,Linux-6.4.0-150600.23.73_15.0.14-cray_shasta_c_64k-aarch64-with-glibc2.38,3.11.7,3.3.0,72,Neoverse-V2,1,1 x NVIDIA GH200 120GB,-2.5917,51.4535,64,machine,21.733333333333334,4.333333333333333,25.399999999999995,217.1895751953125,N,1.0,0.0
2026-09-27T10:47:19,mobilenet_v3_small_batch14_node_0_local_train,ef8bc2ac-ec38-4289-881a-bc0ad710da6c,5b0fa12a-3dd7-45bb-9766-cc326314d9f1,9.730315456865355,0.0001228545921520336,1.2625961891641642e-05,121.64198091428574,210.7563642204069,6.0,0.0002135949436524038,0.0002924341228265348,1.1059654598357155e-05,0.0005170887210772957,0.0,United Kingdom,GBR,england,,,Linux-6.4.0-150600.23.73_15.0.14-cray_shasta_c_64k-aarch64-with-glibc2.38,3.11.7,3.3.0,72,Neoverse-V2,1,1 x NVIDIA GH200 120GB,-2.5917,51.4535,64,machine,0.0,5.833333333333333,24.900000000000002,213.22689819335938,N,1.0,0.0
2026-09-27T10:47:34,mobilenet_v3_small_batch14_node_0_evaluate,5ba6cf43-0cd1-43cd-9dc5-a2acff4513a4,5b0fa12a-3dd7-45bb-9766-cc326314d9f1,8.930130325024948,0.00010529499440603297,1.1790980710658196e-05,115.69689296640001,782.4250594054228,6.0,0.00018898690916458428,0.0002444140844204412,9.780274933436887e-06,0.0004431812685184624,0.0,United Kingdom,GBR,england,,,Linux-6.4.0-150600.23.73_15.0.14-cray_shasta_c_64k-aarch64-with-glibc2.38,3.11.7,3.3.0,72,Neoverse-V2,1,1 x NVIDIA GH200 120GB,-2.5917,51.4535,64,machine,0.0,1.0,24.9,213.1246337890625,N,1.0,0.0
2026-09-27T10:47:48,mobilenet_v3_small_batch14_node_1_local_train,ce736d46-cf77-4d77-8c9f-09c325c848b9,5b0fa12a-3dd7-45bb-9766-cc326314d9f1,5.606909642927349,4.6447042504154165e-05,8.283893528183259e-06,115.7561631072,156.15379568728432,6.0,8.228484589206236e-05,0.00011069675522890066,2.5116351153701545e-06,0.00019549323623633318,0.0,United Kingdom,GBR,england,,,Linux-6.4.0-150600.23.73_15.0.14-cray_shasta_c_64k-aarch64-with-glibc2.38,3.11.7,3.3.0,72,Neoverse-V2,1,1 x NVIDIA GH200 120GB,-2.5917,51.4535,64,machine,0.0,3.5,24.799999999999997,212.49014282226562,N,1.0,0.0
2026-09-27T10:48:10,mobilenet_v3_small_batch14_node_1_evaluate,dfb44d98-fc73-49c9-b47d-59889f939218,5b0fa12a-3dd7-45bb-9766-cc326314d9f1,5.387957692146301,4.16777595315485e-05,7.735353897136134e-06,115.75444141439999,74.89958270304244,6.0,7.512778282266569e-05,9.642424379308068e-05,3.86754050035961e-06,0.00017541956711610598,0.0,United Kingdom,GBR,england,,,Linux-6.4.0-150600.23.73_15.0.14-cray_shasta_c_64k-aarch64-with-glibc2.38,3.11.7,3.3.0,72,Neoverse-V2,1,1 x NVIDIA GH200 120GB,-2.5917,51.4535,64,machine,0.0,2.0,24.8,212.77377319335938,N,1.0,0.0
2026-09-27T10:49:41,mobilenet_v3_small_batch14_node_0_exchange,31a2a67b-ec5f-414a-b7ef-76681bb24242,5b0fa12a-3dd7-45bb-9766-cc326314d9f1,3.0767913069576025,1.179180799009571e-07,3.8325017245825825e-08,115.7111828352,0.0,6.0,4.907709791265723e-07,0.0,5.540213314816355e-09,4.963111924413887e-07,0.0,United Kingdom,GBR,england,,,Linux-6.4.0-150600.23.73_15.0.14-cray_shasta_c_64k-aarch64-with-glibc2.38,3.11.7,3.3.0,72,Neoverse-V2,1,1 x NVIDIA GH200 120GB,-2.5917,51.4535,64,machine,0,0,0,0,N,1.0,0.0
2026-09-27T10:49:58,mobilenet_v3_small_batch14_node_1_exchange,6fd53629-88dc-4fd2-8eb5-94f9a2f02209,5b0fa12a-3dd7-45bb-9766-cc326314d9f1,4.075985301984474,1.7536240738216294e-05,4.302331691352868e-06,115.7308416,146.4236887838881,6.0,3.2675041752784255e-05,4.112864399985483e-05,5.458350060507655e-09,7.380914410269959e-05,0.0,United Kingdom,GBR,england,,,Linux-6.4.0-150600.23.73_15.0.14-cray_shasta_c_64k-aarch64-with-glibc2.38,3.11.7,3.3.0,72,Neoverse-V2,1,1 x NVIDIA GH200 120GB,-2.5917,51.4535,64,machine,0.0,0.0,24.8,212.71929931640625,N,1.0,0.0
2026-09-27T10:50:16,mobilenet_v3_small_batch14_node_0_evaluate,02e0af4d-a92c-4f62-83fb-dac92a062874,5b0fa12a-3dd7-45bb-9766-cc326314d9f1,12.975306238979101,0.00017506306868450824,1.349201825839004e-05,115.747910892,150.81300913010205,6.0,0.0003191853266597075,0.0004134972752467547,4.148937788171073e-06,0.0007368315396946334,0.0,United Kingdom,GBR,england,,,Linux-6.4.0-150600.23.73_15.0.14-cray_shasta_c_64k-aarch64-with-glibc2.38,3.11.7,3.3.0,72,Neoverse-V2,1,1 x NVIDIA GH200 120GB,-2.5917,51.4535,64,machine,3.177777777777778,0.4444444444444444,24.78888888888889,212.5879923502604,N,1.0,0.0
2026-09-27T10:51:24,mobilenet_v3_small_batch14_node_1_evaluate,9f35e4ff-8a95-494c-a2d9-c2c49388e479,5b0fa12a-3dd7-45bb-9766-cc326314d9f1,5.378511925926432,4.2536722946388817e-05,7.908641559637705e-06,115.74478725120001,653.6020326445155,6.0,7.479031661742215e-05,0.00010042063587434313,3.8239478882557404e-06,0.00017903490038002104,0.0,United Kingdom,GBR,england,,,Linux-6.4.0-150600.23.73_15.0.14-cray_shasta_c_64k-aarch64-with-glibc2.38,3.11.7,3.3.0,72,Neoverse-V2,1,1 x NVIDIA GH200 120GB,-2.5917,51.4535,64,machine,0.0,1.5,24.9,212.9588623046875,N,1.0,0.0
2026-09-27T10:57:32,efficientnet_lite0_batch14_node_0_local_train,ca6e93e9-530b-42aa-95d5-78941f05a959,5b0fa12a-3dd7-45bb-9766-cc326314d9f1,8.533134961035103,0.00010973464583915042,1.2859827758523953e-05,115.74525467520002,168.80071699694335,6.0,0.0001758944409994546,0.0002785563339386954,7.4167603397897135e-06,0.00046186753527793973,0.0,United Kingdom,GBR,england,,,Linux-6.4.0-150600.23.73_15.0.14-cray_shasta_c_64k-aarch64-with-glibc2.38,3.11.7,3.3.0,72,Neoverse-V2,1,1 x NVIDIA GH200 120GB,-2.5917,51.4535,64,machine,7.2,8.8,24.44,209.65697021484374,N,1.0,0.0
2026-09-27T10:57:52,efficientnet_lite0_batch14_node_0_evaluate,16e0920a-e1aa-45e8-a7ad-570adc156514,5b0fa12a-3dd7-45bb-9766-cc326314d9f1,5.612243073061109,4.7321996606641007e-05,8.431922137119762e-06,115.74453219840001,80.9342966515727,6.0,8.16094542939822e-05,0.00011335925734101693,4.207161855107795e-06,0.0001991758734901069,0.0,United Kingdom,GBR,england,,,Linux-6.4.0-150600.23.73_15.0.14-cray_shasta_c_64k-aarch64-with-glibc2.38,3.11.7,3.3.0,72,Neoverse-V2,1,1 x NVIDIA GH200 120GB,-2.5917,51.4535,64,machine,16.65,5.5,24.5,210.24203491210938,N,1.0,0.0
2026-09-27T10:58:11,efficientnet_lite0_batch14_node_1_local_train,fd657b38-aae5-43d5-b972-68efc7e92143,5b0fa12a-3dd7-45bb-9766-cc326314d9f1,6.690833454020321,6.592938245839458e-05,9.853687572925552e-06,115.7561631072,169.3796889320383,6.0,0.0001164579601664139,0.00015927623852007855,1.759214133101826e-06,0.0002774934128195943,0.0,United Kingdom,GBR,england,,,Linux-6.4.0-150600.23.73_15.0.14-cray_shasta_c_64k-aarch64-with-glibc2.38,3.11.7,3.3.0,72,Neoverse-V2,1,1 x NVIDIA GH200 120GB,-2.5917,51.4535,64,machine,42.43333333333334,5.666666666666667,24.600000000000005,210.3074951171875,N,1.0,0.0
2026-09-27T11:00:52,efficientnet_lite0_batch14_node_1_evaluate,92995a49-6a37-4ceb-8bfa-24a8aa3721b6,5b0fa12a-3dd7-45bb-9766-cc326314d9f1,12.976226433180273,0.0001757010626937673,1.354022786196909e-05,115.79072999760001,155.41449443658155,6.0,0.00031922747090468205,0.0004164369997852191,3.852353295078501e-06,0.0007395168239849796,0.0,United Kingdom,GBR,england,,,Linux-6.4.0-150600.23.73_15.0.14-cray_shasta_c_64k-aarch64-with-glibc2.38,3.11.7,3.3.0,72,Neoverse-V2,1,1 x NVIDIA GH200 120GB,-2.5917,51.4535,64,machine,3.533333333333333,1.3333333333333333,24.677777777777774,211.72269015842014,N,1.0,0.0
2026-09-27T11:01:08,efficientnet_lite0_batch14_node_1_upload,ea8d0e9b-2a94-4515-82d3-d67d507cc1c6,5b0fa12a-3dd7-45bb-9766-cc326314d9f1,4.0739568651188165,1.7560337747005773e-05,4.310388727322381e-06,115.7409198144,146.5722786387804,6.0,3.266922116990319e-05,4.123503302366771e-05,6.312991802891096e-09,7.391056718537378e-05,0.0,United Kingdom,GBR,england,,,Linux-6.4.0-150600.23.73_15.0.14-cray_shasta_c_64k-aarch64-with-glibc2.38,3.11.7,3.3.0,72,Neoverse-V2,1,1 x NVIDIA GH200 120GB,-2.5917,51.4535,64,machine,0.0,0.0,24.8,212.021484375,N,1.0,0.0
2026-09-27T11:01:31,mobilevit_xxs_batch14_node_0_local_train,2bf969e0-5138-4084-b36d-dd9a6996b5c8,5b0fa12a-3dd7-45bb-9766-cc326314d9f1,15.855012357933447,0.00023828460730627527,1.5028976447756831e-05,115.76790473760002,161.54840283253648,6.0,0.000411872793020712,0.0005791824077903129,1.1872574912073711e-05,0.0010029277757230986,0.0,United Kingdom,GBR,england,,,Linux-6.4.0-150600.23.73_15.0.14-cray_shasta_c_64k-aarch64-with-glibc2.38,3.11.7,3.3.0,72,Neoverse-V2,1,1 x NVIDIA GH200 120GB,-2.5917,51.4535,64,machine,0.0,9.666666666666666,24.741666666666674,211.87388610839844,N,1.0,0.0
2026-09-27T11:05:20,mobilevit_xxs_batch14_node_0_evaluate,f978953f-6872-47f0-8639-02aa8a167106,5b0fa12a-3dd7-45bb-9766-cc326314d9f1,213.74161319294944,0.0038503017368233987,1.8013814340156792e-05,115.78630617177093,149.73151133279762,6.0,0.006886293529719046,0.008765670068100917,0.0005537603070047529,0.016205723904824713,0.0,United Kingdom,GBR,england,,,Linux-6.4.0-150600.23.73_15.0.14-cray_shasta_c_64k-aarch64-with-glibc2.38,3.11.7,3.3.0,72,Neoverse-V2,1,1 x NVIDIA GH200 120GB,-2.5917,51.4535,64,machine,5.0854460093896705,0.06572769953051644,24.788262910798213,212.15648783652435,N,1.0,0.0
2026-09-27T11:06:16,mobilevit_xxs_batch14_node_1_local_train,6f59d633-3594-4e69-8084-61f70dce12e4,5b0fa12a-3dd7-45bb-9766-cc326314d9f1,6.880070433951914,6.951877570210932e-05,1.0104369769101001e-05,115.75124997120002,158.58421516896226,6.0,0.00012286602747719737,0.00016687568904671934,2.85926964172783e-06,0.00029260098616564454,0.0,United Kingdom,GBR,england,,,Linux-6.4.0-150600.23.73_15.0.14-cray_shasta_c_64k-aarch64-with-glibc2.38,3.11.7,3.3.0,72,Neoverse-V2,1,1 x NVIDIA GH200 120GB,-2.5917,51.4535,64,machine,0.0,6.333333333333333,25.100000000000005,215.33333333333334,N,1.0,0.0
2026-09-27T11:06:32,mobilevit_xxs_batch14_node_1_evaluate,12e3c7b7-2839-4623-8716-a9439d8836bb,5b0fa12a-3dd7-45bb-9766-cc326314d9f1,6.476296977140009,6.217780264283506e-05,9.600826346029199e-06,115.75150398720001,152.75294498389167,6.0,0.0001101644955581686,0.00014752039578525,4.018313109797115e-06,0.0002617032044532157,0.0,United Kingdom,GBR,england,,,Linux-6.4.0-150600.23.73_15.0.14-cray_shasta_c_64k-aarch64-with-glibc2.38,3.11.7,3.3.0,72,Neoverse-V2,1,1 x NVIDIA GH200 120GB,-2.5917,51.4535,64,machine,0.0,3.6666666666666665,25.166666666666668,215.4111531575521,N,1.0,0.0
2026-09-27T11:06:54,mobilevit_xxs_batch14_node_0_upload,ee72378c-9ba9-4306-84aa-a9b686ec9fc9,5b0fa12a-3dd7-45bb-9766-cc326314d9f1,11.881800636881962,0.0001477581482079215,1.2435669703905786e-05,115.7179569408,147.64855668864007,6.0,0.0002733069935079249,0.000348594167775218,5.3588331987460455e-09,0.0006219065201163417,0.0,United Kingdom,GBR,england,,,Linux-6.4.0-150600.23.73_15.0.14-cray_shasta_c_64k-aarch64-with-glibc2.38,3.11.7,3.3.0,72,Neoverse-V2,1,1 x NVIDIA GH200 120GB,-2.5917,51.4535,64,machine,18.575,0.0,25.124999999999996,215.18611907958984,N,1.0,0.0
2026-09-27T11:07:07,mobilevit_xxs_batch14_node_1_upload,181fce12-27c3-4f1d-98d0-7a5f3a1c4e00,5b0fa12a-3dd7-45bb-9766-cc326314d9f1,4.538240076974034,2.5910411023460717e-05,5.709352212308923e-06,115.7111828352,150.45564208621488,6.0,4.754385262786563e-05,6.150449365804889e-05,7.2540300122151775e-09,0.00010905560031592673,0.0,United Kingdom,GBR,england,,,Linux-6.4.0-150600.23.73_15.0.14-cray_shasta_c_64k-aarch64-with-glibc2.38,3.11.7,3.3.0,72,Neoverse-V2,1,1 x NVIDIA GH200 120GB,-2.5917,51.4535,64,machine,0.0,0.0,25.1,215.3651123046875,N,1.0,0.0
2026-09-27T11:11:17,mobilenet_v3_small_batch15_node_0_local_train,63cfb58a-db44-4f9c-8478-7db0c8d67544,5b0fa12a-3dd7-45bb-9766-cc326314d9f1,9.60846924688667,0.00012071529170096624,1.2563425931771632e-05,115.66112724205715,214.4556085282372,6.0,0.00020950158443825518,0.0002877255079454244,1.0857422054978087e-05,0.0005080845144386577,0.0,United Kingdom,GBR,england,,,Linux-6.4.0-150600.23.73_15.0.14-cray_shasta_c_64k-aarch64-with-glibc2.38,3.11.7,3.3.0,72,Neoverse-V2,1,1 x NVIDIA GH200 120GB,-2.5917,51.4535,64,machine,0.0,8.333333333333334,24.883333333333336,212.8609415690104,N,1.0,0.0
2026-09-27T11:11:43,mobilenet_v3_small_batch15_node_0_evaluate,bdcb83bc-21e9-4305-97d8-60f049505f16,5b0fa12a-3dd7-45bb-9766-cc326314d9f1,9.967640401795506,0.00012388489294258087,1.2428708094271242e-05,115.62189949440001,151.59736738190477,6.0,0.00022232265323575689,0.00028935078705671913,9.751764336445678e-06,0.0005214252046289217,0.0,United Kingdom,GBR,england,,,Linux-6.4.0-150600.23.73_15.0.14-cray_shasta_c_64k-aarch64-with-glibc2.38,3.11.7,3.3.0,72,Neoverse-V2,1,1 x NVIDIA GH200 120GB,-2.5917,51.4535,64,machine,0.0,0.8333333333333334,24.86666666666667,212.63616943359375,N,1.0,0.0
2026-09-27T11:11:53,mobilenet_v3_small_batch15_node_1_local_train,1b12a2f7-e143-493d-913a-dfd1ac1a039b,5b0fa12a-3dd7-45bb-9766-cc326314d9f1,4.334940248169005,2.3804717549703565e-05,5.491360015806036e-06,115.74608489280001,81.50645069845099,6.0,4.1114501521800936e-05,5.697587891972944e-05,2.1024632915699233e-06,0.00010019284373310029,0.0,United Kingdom,GBR,england,,,Linux-6.4.0-150600.23.73_15.0.14-cray_shasta_c_64k-aarch64-with-glibc2.38,3.11.7,3.3.0,72,Neoverse-V2,1,1 x NVIDIA GH200 120GB,-2.5917,51.4535,64,machine,0.0,8.0,24.9,212.872314453125,N,1.0,0.0
2026-09-27T11:12:18,mobilenet_v3_small_batch15_node_1_evaluate,cde6530f-8abe-4ba7-b10c-e1e50e00e6bf,5b0fa12a-3dd7-45bb-9766-cc326314d9f1,13.38104456383735,0.0001810356286433745,1.3529259825696149e-05,115.7314975056,149.27815847501788,6.0,0.000332141834842353,0.0004255161737489743,4.311731772807738e-06,0.000761969740364135,0.0,United Kingdom,GBR,england,,,Linux-6.4.0-150600.23.73_15.0.14-cray_shasta_c_64k-aarch64-with-glibc2.38,3.11.7,3.3.0,72,Neoverse-V2,1,1 x NVIDIA GH200 120GB,-2.5917,51.4535,64,machine,10.129999999999999,0.6,24.890000000000004,212.8536376953125,N,1.0,0.0
2026-09-27T11:12:57,mobilenet_v3_small_batch15_node_0_upload,8301b345-b560-442d-982c-0dcc65c03fc9,5b0fa12a-3dd7-45bb-9766-cc326314d9f1,3.075362591072917,1.0749545657602077e-07,3.495375045793163e-08,115.7308416,0.0,6.0,4.468018366446495e-07,0.0,5.641065072268248e-09,4.5244290171691776e-07,0.0,United Kingdom,GBR,england,,,Linux-6.4.0-150600.23.73_15.0.14-cray_shasta_c_64k-aarch64-with-glibc2.38,3.11.7,3.3.0,72,Neoverse-V2,1,1 x NVIDIA GH200 120GB,-2.5917,51.4535,64,machine,0,0,0,0,N,1.0,0.0
2026-09-27T11:13:15,mobilenet_v3_small_batch15_node_1_upload,a7b66a7a-20e4-48d4-bbe1-8de79fea24e3,5b0fa12a-3dd7-45bb-9766-cc326314d9f1,4.0741244768723845,1.756474963193711e-05,4.3112942993389295e-06,115.7210122176,145.48246353675083,6.0,3.280895631371721e-05,4.111447734089779e-05,5.702929726491372e-09,7.39291365843415e-05,0.0,United Kingdom,GBR,england,,,Linux-6.4.0-150600.23.73_15.0.14-cray_shasta_c_64k-aarch64-with-glibc2.38,3.11.7,3.3.0,72,Neoverse-V2,1,1 x NVIDIA GH200 120GB,-2.5917,51.4535,64,machine,0.0,0.0,24.8,212.80804443359375,N,1.0,0.0
2026-09-27T11:13:42,mobilenet_v3_small_batch15_node_0_exchange,7540c257-0a68-4b55-a48e-af60eccfda0a,5b0fa12a-3dd7-45bb-9766-cc326314d9f1,5.6359148749616,4.4066354077753975e-05,7.818846638994742e-06,115.7308416,144.09187168929878,6.0,8.266904598905517e-05,0.0001027975822580629,6.4116568925480056e-09,0.00018547303990401062,0.0,United Kingdom,GBR,england,,,Linux-6.4.0-150600.23.73_15.0.14-cray_shasta_c_64k-aarch64-with-glibc2.38,3.11.7,3.3.0,72,Neoverse-V2,1,1 x NVIDIA GH200 120GB,-2.5917,51.4535,64,machine,0.0,0.0,24.8,212.79351806640625,N,1.0,0.0
2026-09-27T11:13:51,mobilenet_v3_small_batch15_node_1_exchange,32b51d09-dcb6-425c-8891-aafca640c910,5b0fa12a-3dd7-45bb-9766-cc326314d9f1,4.536488664103672,2.5964358626857476e-05,5.723448364879264e-06,115.7618351808,150.5512976768033,6.0,4.758144411701551e-05,6.169116048226897e-05,1.0058431653305888e-08,0.00010928266303093779,0.0,United Kingdom,GBR,england,,,Linux-6.4.0-150600.23.73_15.0.14-cray_shasta_c_64k-aarch64-with-glibc2.38,3.11.7,3.3.0,72,Neoverse-V2,1,1 x NVIDIA GH200 120GB,-2.5917,51.4535,64,machine,39.1,0.0,24.9,212.98162841796875,N,1.0,0.0
2026-09-27T11:14:17,mobilenet_v3_small_batch15_node_0_evaluate,f0e3393e-c59f-4ef0-b1eb-123f1936fbb0,5b0fa12a-3dd7-45bb-9766-cc326314d9f1,13.671142847044393,0.00018601364724720644,1.3606298268430521e-05,115.78268121120001,149.49400220222063,6.0,0.0003411047991928276,0.00043718257197156163,4.634595960378647e-06,0.0007829219671247678,0.0,United Kingdom,GBR,england,,,Linux-6.4.0-150600.23.73_15.0.14-cray_shasta_c_64k-aarch64-with-glibc2.38,3.11.7,3.3.0,72,Neoverse-V2,1,1 x NVIDIA GH200 120GB,-2.5917,51.4535,64,machine,2.8600000000000003,0.5,24.900000000000002,213.01572875976564,N,1.0,0.0
2026-09-27T11:15:02,mobilenet_v3_small_batch15_node_1_evaluate,e5b219ef-fa65-477c-ae87-48196862d89b,5b0fa12a-3dd7-45bb-9766-cc326314d9f1,5.595216961111873,4.624431358088133e-05,8.264972368773296e-06,115.74100379520002,77.5240360035858,6.0,8.172830688015014e-05,0.00010869980917505018,4.2118444685669e-06,0.00019463996052376722,0.0,United Kingdom,GBR,england,,,Linux-6.4.0-150600.23.73_15.0.14-cray_shasta_c_64k-aarch64-with-glibc2.38,3.11.7,3.3.0,72,Neoverse-V2,1,1 x NVIDIA GH200 120GB,-2.5917,51.4535,64,machine,16.0,1.5,24.9,212.9637451171875,N,1.0,0.0
2026-09-27T11:15:28,efficientnet_lite0_batch15_node_0_local_train,00632540-f9fd-4970-bf41-2bcc3f85e39a,5b0fa12a-3dd7-45bb-9766-cc326314d9f1,8.508004980860278,0.00010825308915552698,1.2723674868439144e-05,115.76426201856,166.717636468041,6.0,0.00017551677595546204,0.0002727174403958088,7.397522304672749e-06,0.00045563173865594356,0.0,United Kingdom,GBR,england,,,Linux-6.4.0-150600.23.73_15.0.14-cray_shasta_c_64k-aarch64-with-glibc2.38,3.11.7,3.3.0,72,Neoverse-V2,1,1 x NVIDIA GH200 120GB,-2.5917,51.4535,64,machine,18.98,12.2,25.14,214.93109130859375,N,1.0,0.0
2026-09-27T11:15:41,efficientnet_lite0_batch15_node_0_evaluate,960ad13d-80d6-4d0f-a875-53481171df46,5b0fa12a-3dd7-45bb-9766-cc326314d9f1,12.220013330923393,0.00016420309635093428,1.3437227268435921e-05,115.74004662514287,156.7509814744771,6.0,0.0002947356763610792,0.0003917480912036808,4.63870170332181e-06,0.0006911224692680818,0.0,United Kingdom,GBR,england,,,Linux-6.4.0-150600.23.73_15.0.14-cray_shasta_c_64k-aarch64-with-glibc2.38,3.11.7,3.3.0,72,Neoverse-V2,1,1 x NVIDIA GH200 120GB,-2.5917,51.4535,64,machine,9.044444444444444,1.2222222222222223,25.177777777777774,215.42918565538196,N,1.0,0.0
2026-09-27T11:15:57,efficientnet_lite0_batch15_node_1_local_train,758365e3-500d-4552-ac12-03eff35c5835,5b0fa12a-3dd7-45bb-9766-cc326314d9f1,4.9738919420633465,3.6413283234561976e-05,7.320883456799919e-06,115.7618351808,170.75374394117785,6.0,6.201542426422112e-05,8.978090517075543e-05,1.4653250800135234e-06,0.00015326165451499008,0.0,United Kingdom,GBR,england,,,Linux-6.4.0-150600.23.73_15.0.14-cray_shasta_c_64k-aarch64-with-glibc2.38,3.11.7,3.3.0,72,Neoverse-V2,1,1 x NVIDIA GH200 120GB,-2.5917,51.4535,64,machine,0.0,0.0,25.2,215.4881591796875,N,1.0,0.0
2026-09-27T11:19:07,efficientnet_lite0_batch15_node_1_evaluate,45d673d1-5c85-4d63-ae72-25be6c8f110c,5b0fa12a-3dd7-45bb-9766-cc326314d9f1,11.371687174076214,0.0001479610084290411,1.3011350573056966e-05,115.7603439168,154.71723195417383,6.0,0.00026754471471189024,0.000351005836364493,4.209797378474226e-06,0.0006227603484548574,0.0,United Kingdom,GBR,england,,,Linux-6.4.0-150600.23.73_15.0.14-cray_shasta_c_64k-aarch64-with-glibc2.38,3.11.7,3.3.0,72,Neoverse-V2,1,1 x NVIDIA GH200 120GB,-2.5917,51.4535,64,machine,12.4625,1.25,25.199999999999996,215.6689910888672,N,1.0,0.0
2026-09-27T11:19:56,efficientnet_lite0_batch15_node_1_upload,780b0283-9fb5-4636-a39f-0fbf9cdc059f,5b0fa12a-3dd7-45bb-9766-cc326314d9f1,11.90279473690316,0.0001533502997290295,1.2883554082772313e-05,115.72658288640002,147.136683514732,6.0,0.0002842928829395195,0.0003611436222570319,7.095849917580684e-09,0.000645443601046469,0.0,United Kingdom,GBR,england,,,Linux-6.4.0-150600.23.73_15.0.14-cray_shasta_c_64k-aarch64-with-glibc2.38,3.11.7,3.3.0,72,Neoverse-V2,1,1 x NVIDIA GH200 120GB,-2.5917,51.4535,64,machine,18.974999999999998,0.0,24.699999999999996,211.26361083984375,N,1.0,0.0
2026-09-27T11:21:57,mobilevit_xxs_batch15_node_0_local_train,82646eb4-c77f-4421-b822-b1da7c137b7d,5b0fa12a-3dd7-45bb-9766-cc326314d9f1,10.139574132859707,0.00013911252535303613,1.3719760172393122e-05,115.758777528,88.09017921880876,6.0,0.0002278965459621546,0.0003458377766776266,1.1783211223470669e-05,0.0005855175338632518,0.0,United Kingdom,GBR,england,,,Linux-6.4.0-150600.23.73_15.0.14-cray_shasta_c_64k-aarch64-with-glibc2.38,3.11.7,3.3.0,72,Neoverse-V2,1,1 x NVIDIA GH200 120GB,-2.5917,51.4535,64,machine,0.0,15.857142857142858,24.800000000000004,212.69512067522322,N,1.0,0.0
2026-09-27T11:22:27,mobilevit_xxs_batch15_node_0_evaluate,673eb895-0fef-4fa2-a80a-0e9afbe3cfe9,5b0fa12a-3dd7-45bb-9766-cc326314d9f1,7.0947035402059555,7.328387462836861e-05,1.0329377994875487e-05,115.7728768416,151.81491027486828,6.0,0.00013005133391665787,0.0001733540275949963,5.042734268742303e-06,0.0003084480957803965,0.0,United Kingdom,GBR,england,,,Linux-6.4.0-150600.23.73_15.0.14-cray_shasta_c_64k-aarch64-with-glibc2.38,3.11.7,3.3.0,72,Neoverse-V2,1,1 x NVIDIA GH200 120GB,-2.5917,51.4535,64,machine,6.825,3.5,24.8,212.6293487548828,N,1.0,0.0
2026-09-27T11:27:38,mobilevit_xxs_batch15_node_1_local_train,a5a307ca-d1cf-4224-9ce5-9255c44b04e8,5b0fa12a-3dd7-45bb-9766-cc326314d9f1,29.271766126155853,0.0004596911413578781,1.570425027914937e-05,115.74248527872001,164.9766512096427,6.0,0.0008428700699150282,0.00108953031607939,2.4162147652047375e-06,0.0019348166007596233,0.0,United Kingdom,GBR,england,,,Linux-6.4.0-150600.23.73_15.0.14-cray_shasta_c_64k-aarch64-with-glibc2.38,3.11.7,3.3.0,72,Neoverse-V2,1,1 x NVIDIA GH200 120GB,-2.5917,51.4535,64,machine,4.542307692307692,0.9230769230769231,24.799999999999997,212.36778611403244,N,1.0,0.0
2026-09-27T11:28:04,mobilevit_xxs_batch15_node_1_evaluate,d08fbd8b-037a-4bb3-8fcb-35bff3279569,5b0fa12a-3dd7-45bb-9766-cc326314d9f1,6.767860184889287,6.739143442016756e-05,9.957568947809165e-06,115.768556064,150.05075498263383,6.0,0.00011966088590323466,0.00015955762765429427,4.428601503216972e-06,0.0002836471150607459,0.0,United Kingdom,GBR,england,,,Linux-6.4.0-150600.23.73_15.0.14-cray_shasta_c_64k-aarch64-with-glibc2.38,3.11.7,3.3.0,72,Neoverse-V2,1,1 x NVIDIA GH200 120GB,-2.5917,51.4535,64,machine,22.3,4.333333333333333,24.8,212.44952392578125,N,1.0,0.0
2026-09-27T11:28:19,mobilevit_xxs_batch15_node_0_upload,14df579d-aed5-4351-a4a7-57ab67eea06d,5b0fa12a-3dd7-45bb-9766-cc326314d9f1,4.097812328021973,1.7683338422552036e-05,4.3153119291550955e-06,115.7409198144,143.0264594772469,6.0,3.3345408134510346e-05,4.1075866192841204e-05,6.9964366654555005e-09,7.4428270764017e-05,0.0,United Kingdom,GBR,england,,,Linux-6.4.0-150600.23.73_15.0.14-cray_shasta_c_64k-aarch64-with-glibc2.38,3.11.7,3.3.0,72,Neoverse-V2,1,1 x NVIDIA GH200 120GB,-2.5917,51.4535,64,machine,0.0,0.0,24.8,212.41448974609375,N,1.0,0.0
2026-09-27T11:28:34,mobilevit_xxs_batch15_node_1_upload,57fd4831-cc62-4f94-b29c-7539e5085eb1,5b0fa12a-3dd7-45bb-9766-cc326314d9f1,10.3308265209198,0.00012665206156301507,1.2259625239717865e-05,115.7261127552,148.0541058592935,6.0,0.00023392809645178823,0.000299137739290245,6.240671500563622e-09,0.0005330720764135338,0.0,United Kingdom,GBR,england,,,Linux-6.4.0-150600.23.73_15.0.14-cray_shasta_c_64k-aarch64-with-glibc2.38,3.11.7,3.3.0,72,Neoverse-V2,1,1 x NVIDIA GH200 120GB,-2.5917,51.4535,64,machine,0.0,0.0,24.800000000000004,212.320068359375,N,1.0,0.0
2026-09-27T11:39:50,mobilenet_v3_small_batch16_node_0_local_train,9b641b93-e8fb-4a72-b064-204f507ef9af,5b0fa12a-3dd7-45bb-9766-cc326314d9f1,9.390483502997085,0.0001158460559945198,1.2336537938386893e-05,117.26557368685715,79.13485317561141,6.0,0.00020261556429735451,0.0002744738307001171,1.0500754355064904e-05,0.0004875901493525365,0.0,United Kingdom,GBR,england,,,Linux-6.4.0-150600.23.73_15.0.14-cray_shasta_c_64k-aarch64-with-glibc2.38,3.11.7,3.3.0,72,Neoverse-V2,1,1 x NVIDIA GH200 120GB,-2.5917,51.4535,64,machine,14.583333333333334,7.833333333333333,24.7,211.60603841145834,N,1.0,0.0
2026-09-27T11:40:06,mobilenet_v3_small_batch16_node_0_evaluate,37c3fdb4-3cd5-41c0-b798-6db1a88b6d39,5b0fa12a-3dd7-45bb-9766-cc326314d9f1,9.47105166502297,0.0001141593499104687,1.2053503026708686e-05,115.63808109120001,147.84838100033505,6.0,0.00020638989658899244,0.00026510160097359403,8.999391790324201e-06,0.0004804908893529107,0.0,United Kingdom,GBR,england,,,Linux-6.4.0-150600.23.73_15.0.14-cray_shasta_c_64k-aarch64-with-glibc2.38,3.11.7,3.3.0,72,Neoverse-V2,1,1 x NVIDIA GH200 120GB,-2.5917,51.4535,64,machine,1.6500000000000001,0.5,24.633333333333336,211.0302734375,N,1.0,0.0
2026-09-27T11:40:28,mobilenet_v3_small_batch16_node_1_local_train,79d3dd72-e4c4-44f3-96a8-753e75bfa531,5b0fa12a-3dd7-45bb-9766-cc326314d9f1,5.54752863291651,4.492624231543347e-05,8.09842459376624e-06,115.7513774976,153.91135581943234,6.0,8.039772548719119e-05,0.00010627841837163032,2.4161218413307024e-06,0.00018909226570015223,0.0,United Kingdom,GBR,england,,,Linux-6.4.0-150600.23.73_15.0.14-cray_shasta_c_64k-aarch64-with-glibc2.38,3.11.7,3.3.0,72,Neoverse-V2,1,1 x NVIDIA GH200 120GB,-2.5917,51.4535,64,machine,0.0,4.0,24.7,211.48660278320312,N,1.0,0.0
2026-09-27T11:40:54,mobilenet_v3_small_batch16_node_1_evaluate,79c9e8f0-6f65-4cac-ad08-f519a6e2efeb,5b0fa12a-3dd7-45bb-9766-cc326314d9f1,13.279542186995968,0.00017906194183853186,1.3484044804939044e-05,115.7539654656,149.64196847302077,6.0,0.00032873413735834585,0.00042141561490893764,3.5128408600576224e-06,0.0007536625931273412,0.0,United Kingdom,GBR,england,,,Linux-6.4.0-150600.23.73_15.0.14-cray_shasta_c_64k-aarch64-with-glibc2.38,3.11.7,3.3.0,72,Neoverse-V2,1,1 x NVIDIA GH200 120GB,-2.5917,51.4535,64,machine,12.45,0.4,24.679999999999996,211.3434631347656,N,1.0,0.0
2026-09-27T11:40:58,mobilenet_v3_small_batch16_node_0_upload,8a5a27f8-12ff-4240-a8e9-e8f982744d43,5b0fa12a-3dd7-45bb-9766-cc326314d9f1,3.0707683430518955,1.2168881281431585e-07,3.9628131861413854e-08,115.7509980288,0.0,6.0,5.068420102601934e-07,0.0,5.340004960695902e-09,5.121820152208893e-07,0.0,United Kingdom,GBR,england,,,Linux-6.4.0-150600.23.73_15.0.14-cray_shasta_c_64k-aarch64-with-glibc2.38,3.11.7,3.3.0,72,Neoverse-V2,1,1 x NVIDIA GH200 120GB,-2.5917,51.4535,64,machine,0,0,0,0,N,1.0,0.0
2026-09-27T11:41:06,mobilenet_v3_small_batch16_node_0_exchange,f98c023b-7b62-484e-9377-2c12966b45a4,5b0fa12a-3dd7-45bb-9766-cc326314d9f1,3.073949243174866,1.200472782742687e-07,3.9053110112605607e-08,115.7308416,0.0,6.0,4.951840514793396e-07,0.0,1.0088828469937047e-08,5.052728799492767e-07,0.0,United Kingdom,GBR,england,,,Linux-6.4.0-150600.23.73_15.0.14-cray_shasta_c_64k-aarch64-with-glibc2.38,3.11.7,3.3.0,72,Neoverse-V2,1,1 x NVIDIA GH200 120GB,-2.5917,51.4535,64,machine,0,0,0,0,N,1.0,0.0
2026-09-27T11:41:21,mobilenet_v3_small_batch16_node_1_exchange,ecd16978-dbc1-49ec-9da4-345c1b1037cf,5b0fa12a-3dd7-45bb-9766-cc326314d9f1,3.0824419579003006,1.0631397700567437e-07,3.449017968795538e-08,115.69201551360001,0.0,6.0,4.421271229792775e-07,0.0,5.342991401751836e-09,4.474701143810293e-07,0.0,United Kingdom,GBR,england,,,Linux-6.4.0-150600.23.73_15.0.14-cray_shasta_c_64k-aarch64-with-glibc2.38,3.11.7,3.3.0,72,Neoverse-V2,1,1 x NVIDIA GH200 120GB,-2.5917,51.4535,64,machine,0,0,0,0,N,1.0,0.0
2026-09-27T11:41:42,mobilenet_v3_small_batch16_node_0_evaluate,29c2cb08-98c1-4456-9333-18534a07e955,5b0fa12a-3dd7-45bb-9766-cc326314d9f1,6.3064165089745075,5.750540916954026e-05,9.118555535890425e-06,115.75301469120001,146.04954390875164,6.0,0.0001047718525718971,0.00013359344021068864,3.6720455181784926e-06,0.0002420373383007642,0.0,United Kingdom,GBR,england,,,Linux-6.4.0-150600.23.73_15.0.14-cray_shasta_c_64k-aarch64-with-glibc2.38,3.11.7,3.3.0,72,Neoverse-V2,1,1 x NVIDIA GH200 120GB,-2.5917,51.4535,64,machine,0.0,1.6666666666666667,24.7,211.5057169596354,N,1.0,0.0
2026-09-27T11:41:58,mobilenet_v3_small_batch16_node_1_evaluate,e04a68e0-39e3-49ed-8164-8510291cbe17,5b0fa12a-3dd7-45bb-9766-cc326314d9f1,12.663318407954648,0.00016842398752802966,1.3300146304639364e-05,115.7316776496,150.58869151973818,6.0,0.00030870301333791423,0.00039672587291761374,3.459098996439328e-06,0.0007088879852519673,0.0,United Kingdom,GBR,england,,,Linux-6.4.0-150600.23.73_15.0.14-cray_shasta_c_64k-aarch64-with-glibc2.38,3.11.7,3.3.0,72,Neoverse-V2,1,1 x NVIDIA GH200 120GB,-2.5917,51.4535,64,machine,7.333333333333333,0.4444444444444444,24.677777777777774,211.35518391927084,N,1.0,0.0
2026-09-27T11:42:37,efficientnet_lite0_batch16_node_0_local_train,9bcd11b8-1009-4717-b47a-6a6915d9a006,5b0fa12a-3dd7-45bb-9766-cc326314d9f1,7.31025823415257,8.912894363382785e-05,1.2192311239762923e-05,115.7537750976,97.98618861664019,6.0,0.00013705723870283056,0.00023100407369724962,7.077871795433263e-06,0.00037513918419551347,0.0,United Kingdom,GBR,england,,,Linux-6.4.0-150600.23.73_15.0.14-cray_shasta_c_64k-aarch64-with-glibc2.38,3.11.7,3.3.0,72,Neoverse-V2,1,1 x NVIDIA GH200 120GB,-2.5917,51.4535,64,machine,0.0,21.25,25.0,214.1678009033203,N,1.0,0.0
2026-09-27T11:42:51,efficientnet_lite0_batch16_node_0_evaluate,758295a0-1091-40ba-a291-b33470a52514,5b0fa12a-3dd7-45bb-9766-cc326314d9f1,5.30992021295242,4.309975173895973e-05,8.116836037164374e-06,115.748146656,84.13097057754577,6.0,7.273248958063314e-05,0.00010492508394577271,3.747086365086337e-06,0.00018140465989149217,0.0,United Kingdom,GBR,england,,,Linux-6.4.0-150600.23.73_15.0.14-cray_shasta_c_64k-aarch64-with-glibc2.38,3.11.7,3.3.0,72,Neoverse-V2,1,1 x NVIDIA GH200 120GB,-2.5917,51.4535,64,machine,0.0,5.5,25.0,214.187255859375,N,1.0,0.0
2026-09-27T11:43:17,efficientnet_lite0_batch16_node_1_local_train,09c54ca9-536a-4792-91ef-54b0ce5615e7,5b0fa12a-3dd7-45bb-9766-cc326314d9f1,4.0973942840937525,2.0548052459706823e-05,5.014907288633456e-06,115.761455712,89.82289311817446,6.0,3.355426153953154e-05,5.121559655663077e-05,1.7158481432124975e-06,8.648570623937481e-05,0.0,United Kingdom,GBR,england,,,Linux-6.4.0-150600.23.73_15.0.14-cray_shasta_c_64k-aarch64-with-glibc2.38,3.11.7,3.3.0,72,Neoverse-V2,1,1 x NVIDIA GH200 120GB,-2.5917,51.4535,64,machine,0.0,18.0,25.0,214.37493896484375,N,1.0,0.0
2026-09-27T11:43:44,efficientnet_lite0_batch16_node_1_evaluate,0cbdb248-291c-416d-b24b-901dff942d42,5b0fa12a-3dd7-45bb-9766-cc326314d9f1,5.185936965048313,4.1012425946668486e-05,7.908392682572146e-06,115.748146656,85.85792316073353,6.0,6.853407934453801e-05,0.00010056591381157887,3.5192187883270285e-06,0.00017261921194444392,0.0,United Kingdom,GBR,england,,,Linux-6.4.0-150600.23.73_15.0.14-cray_shasta_c_64k-aarch64-with-glibc2.38,3.11.7,3.3.0,72,Neoverse-V2,1,1 x NVIDIA GH200 120GB,-2.5917,51.4535,64,machine,26.15,5.5,25.0,214.17791748046875,N,1.0,0.0
2026-09-27T11:47:43,efficientnet_lite0_batch16_node_0_upload,d5030ff0-5739-4b53-be21-1cef55623aca,5b0fa12a-3dd7-45bb-9766-cc326314d9f1,236.11136707896367,0.00424665870420036,1.7985829131132568e-05,115.77159071757006,138.52414652044973,6.0,0.0076049183733261265,0.009676279129905652,0.000592772689834237,0.01787397019306601,0.0,United Kingdom,GBR,england,,,Linux-6.4.0-150600.23.73_15.0.14-cray_shasta_c_64k-aarch64-with-glibc2.38,3.11.7,3.3.0,72,Neoverse-V2,1,1 x NVIDIA GH200 120GB,-2.5917,51.4535,64,machine,4.369491525423728,0.0,24.722457627118594,211.82850233174986,N,1.0,0.0
2026-09-27T11:47:55,efficientnet_lite0_batch16_node_1_upload,8dc33791-60b6-45e6-a468-756d5c292e3f,5b0fa12a-3dd7-45bb-9766-cc326314d9f1,3.068149714032188,1.0398559124381699e-07,3.389195474009587e-08,115.7308416,0.0,6.0,4.3233117225456244e-07,0.0,5.338885045299928e-09,4.3767005729986234e-07,0.0,United Kingdom,GBR,england,,,Linux-6.4.0-150600.23.73_15.0.14-cray_shasta_c_64k-aarch64-with-glibc2.38,3.11.7,3.3.0,72,Neoverse-V2,1,1 x NVIDIA GH200 120GB,-2.5917,51.4535,64,machine,0,0,0,0,N,1.0,0.0
2026-09-27T11:48:30,mobilevit_xxs_batch16_node_0_local_train,fd621d83-e2f8-4cad-abe9-1d33e50fb990,5b0fa12a-3dd7-45bb-9766-cc326314d9f1,12.397501097992063,0.0001775443537649289,1.432097907163602e-05,115.75553940719999,161.07131346010988,6.0,0.0003005219733809761,0.00043538395942732677,1.1369209411786867e-05,0.0007472751422200898,0.0,United Kingdom,GBR,england,,,Linux-6.4.0-150600.23.73_15.0.14-cray_shasta_c_64k-aarch64-with-glibc2.38,3.11.7,3.3.0,72,Neoverse-V2,1,1 x NVIDIA GH200 120GB,-2.5917,51.4535,64,machine,0.0,12.88888888888889,24.777777777777786,211.99967447916666,N,1.0,0.0
2026-09-27T11:50:44,mobilevit_xxs_batch16_node_0_evaluate,74cff499-b736-40dd-937a-8023bfa918bb,5b0fa12a-3dd7-45bb-9766-cc326314d9f1,99.62732515810058,0.001718584176250048,1.725012865218245e-05,115.75919810841084,149.46281461758053,6.0,0.003105183357690635,0.003972875956094413,0.00015537395227545255,0.007233433266060499,0.0,United Kingdom,GBR,england,,,Linux-6.4.0-150600.23.73_15.0.14-cray_shasta_c_64k-aarch64-with-glibc2.38,3.11.7,3.3.0,72,Neoverse-V2,1,1 x NVIDIA GH200 120GB,-2.5917,51.4535,64,machine,4.353125,0.13541666666666666,24.97083333333329,213.60120582580566,N,1.0,0.0
2026-09-27T11:50:59,mobilevit_xxs_batch16_node_1_local_train,d5fdb0f3-b474-4cf1-9b7a-4f4e2e368aa9,5b0fa12a-3dd7-45bb-9766-cc326314d9f1,4.70336279598996,3.151398302258814e-05,6.700308776830196e-06,115.7409198144,85.43304485531189,6.0,5.279781774989024e-05,7.71292283729963e-05,2.7137033334778004e-06,0.00013264074945636432,0.0,United Kingdom,GBR,england,,,Linux-6.4.0-150600.23.73_15.0.14-cray_shasta_c_64k-aarch64-with-glibc2.38,3.11.7,3.3.0,72,Neoverse-V2,1,1 x NVIDIA GH200 120GB,-2.5917,51.4535,64,machine,0.0,19.0,25.1,214.56732177734375,N,1.0,0.0
2026-09-27T11:51:16,mobilevit_xxs_batch16_node_1_evaluate,96eec75f-6c23-4beb-8a1a-b63bd3525e7f,5b0fa12a-3dd7-45bb-9766-cc326314d9f1,5.291658710921183,4.223316019835578e-05,7.981081642924728e-06,115.74478725120001,741.8973658694346,6.0,7.155955376088213e-05,0.00010254480426397095,3.652862209904318e-06,0.00017775722023475742,0.0,United Kingdom,GBR,england,,,Linux-6.4.0-150600.23.73_15.0.14-cray_shasta_c_64k-aarch64-with-glibc2.38,3.11.7,3.3.0,72,Neoverse-V2,1,1 x NVIDIA GH200 120GB,-2.5917,51.4535,64,machine,13.9,5.0,25.1,214.71795654296875,N,1.0,0.0
2026-09-27T11:51:34,mobilevit_xxs_batch16_node_1_upload,59c25396-cc4b-4b56-91e9-1fe0fc201395,5b0fa12a-3dd7-45bb-9766-cc326314d9f1,5.620751935057342,4.48243568850283e-05,7.974797216268007e-06,115.7308416,150.50555633928568,6.0,8.207131207444144e-05,0.00010658675194008538,5.371098329002658e-09,0.0001886634351128558,0.0,United Kingdom,GBR,england,,,Linux-6.4.0-150600.23.73_15.0.14-cray_shasta_c_64k-aarch64-with-glibc2.38,3.11.7,3.3.0,72,Neoverse-V2,1,1 x NVIDIA GH200 120GB,-2.5917,51.4535,64,machine,53.3,0.0,25.1,214.56353759765625,N,1.0,0.0
2026-09-27T11:52:14,mobilenet_v3_small_batch17_node_0_local_train,d9c23797-cfd7-41c8-b5e5-dce134f156c1,5b0fa12a-3dd7-45bb-9766-cc326314d9f1,9.03460212587379,0.00010948999416587517,1.2118961371006225e-05,115.6624118496,79.2621877801836,6.0,0.00019132135373428854,0.00025959881881476576,9.917636296789472e-06,0.0004608378088458438,0.0,United Kingdom,GBR,england,,,Linux-6.4.0-150600.23.73_15.0.14-cray_shasta_c_64k-aarch64-with-glibc2.38,3.11.7,3.3.0,72,Neoverse-V2,1,1 x NVIDIA GH200 120GB,-2.5917,51.4535,64,machine,0.0,7.4,24.8,212.280810546875,N,1.0,0.0
2026-09-27T11:52:30,mobilenet_v3_small_batch17_node_0_evaluate,16ff066f-badf-47be-94bc-81830ecf1b4b,5b0fa12a-3dd7-45bb-9766-cc326314d9f1,9.925656277919188,0.00012180314909439593,1.2271546151095482e-05,115.612202304,145.76462535974235,6.0,0.0002209502162036336,0.00028199078116131204,9.72225343536896e-06,0.0005126632508003146,0.0,United Kingdom,GBR,england,,,Linux-6.4.0-150600.23.73_15.0.14-cray_shasta_c_64k-aarch64-with-glibc2.38,3.11.7,3.3.0,72,Neoverse-V2,1,1 x NVIDIA GH200 120GB,-2.5917,51.4535,64,machine,28.7,0.5,24.8,212.10399373372397,N,1.0,0.0
2026-09-27T11:53:00,mobilenet_v3_small_batch17_node_1_local_train,e3feeac6-3f1d-4e80-a378-cf6b53d730af,5b0fa12a-3dd7-45bb-9766-cc326314d9f1,11.172315113944933,0.00014368478911959724,1.2860789160901342e-05,115.76060733805714,155.17403452346633,6.0,0.0002612095553178915,0.00034125610636692727,2.2962974950981638e-06,0.0006047619591799168,0.0,United Kingdom,GBR,england,,,Linux-6.4.0-150600.23.73_15.0.14-cray_shasta_c_64k-aarch64-with-glibc2.38,3.11.7,3.3.0,72,Neoverse-V2,1,1 x NVIDIA GH200 120GB,-2.5917,51.4535,64,machine,0.0,1.75,24.800000000000004,212.16271209716797,N,1.0,0.0
2026-09-27T11:53:19,mobilenet_v3_small_batch17_node_1_evaluate,e727fdef-7350-4dc9-8bda-6a7d71ca7584,5b0fa12a-3dd7-45bb-9766-cc326314d9f1,6.446357149863616,6.0562771380946756e-05,9.394883028196486e-06,115.7599024992,149.5787279545272,6.0,0.00010903988196174323,0.00014190900242283533,3.956735744917144e-06,0.0002549056201294957,0.0,United Kingdom,GBR,england,,,Linux-6.4.0-150600.23.73_15.0.14-cray_shasta_c_64k-aarch64-with-glibc2.38,3.11.7,3.3.0,72,Neoverse-V2,1,1 x NVIDIA GH200 120GB,-2.5917,51.4535,64,machine,0.0,1.0,24.8,212.2691650390625,N,1.0,0.0
2026-09-27T11:58:25,mobilenet_v3_small_batch17_node_0_upload,78a4d05f-4db6-4e7e-ba06-f864ecd34400,5b0fa12a-3dd7-45bb-9766-cc326314d9f1,4.078664404107258,1.7557279735459533e-05,4.304663977202725e-06,115.7308416,144.99479538074584,6.0,3.2896481822284224e-05,4.099169947835435e-05,9.514869889244438e-09,7.389769617052782e-05,0.0,United Kingdom,GBR,england,,,Linux-6.4.0-150600.23.73_15.0.14-cray_shasta_c_64k-aarch64-with-glibc2.38,3.11.7,3.3.0,72,Neoverse-V2,1,1 x NVIDIA GH200 120GB,-2.5917,51.4535,64,machine,0.0,0.0,24.8,212.153076171875,N,1.0,0.0
2026-09-27T11:58:30,mobilenet_v3_small_batch17_node_1_upload,9862e867-19a4-4a0f-b8f8-1303b5bbf9c3,5b0fa12a-3dd7-45bb-9766-cc326314d9f1,4.070979123003781,1.750524391680043e-05,4.300008275130663e-06,115.7210122176,145.99964164642154,6.0,3.263294555917777e-05,4.104031060592206e-05,5.4238950057576104e-09,7.36786800601056e-05,0.0,United Kingdom,GBR,england,,,Linux-6.4.0-150600.23.73_15.0.14-cray_shasta_c_64k-aarch64-with-glibc2.38,3.11.7,3.3.0,72,Neoverse-V2,1,1 x NVIDIA GH200 120GB,-2.5917,51.4535,64,machine,63.4,0.0,24.8,212.0904541015625,N,1.0,0.0
2026-09-27T11:58:35,mobilenet_v3_small_batch17_node_0_exchange,68891bae-d856-4dc0-a428-70e9479da7ad,5b0fa12a-3dd7-45bb-9766-cc326314d9f1,4.076310137053952,1.752029347930262e-05,4.298076664982356e-06,115.7308416,145.6228210732721,6.0,3.2707117718165874e-05,4.102503282865655e-05,9.87235534315308e-09,7.374202290216558e-05,0.0,United Kingdom,GBR,england,,,Linux-6.4.0-150600.23.73_15.0.14-cray_shasta_c_64k-aarch64-with-glibc2.38,3.11.7,3.3.0,72,Neoverse-V2,1,1 x NVIDIA GH200 120GB,-2.5917,51.4535,64,machine,0.0,0.0,24.8,212.130126953125,N,1.0,0.0
2026-09-27T11:58:49,mobilenet_v3_small_batch17_node_1_exchange,57ce64d7-09c4-4679-a9ec-e072ced5bc7d,5b0fa12a-3dd7-45bb-9766-cc326314d9f1,4.064276943914592,1.74415630287421e-05,4.2914307438761534e-06,115.7409198144,147.596472131366,6.0,3.237962667240673e-05,4.102503280023484e-05,5.990973052879174e-09,7.341065044569445e-05,0.0,United Kingdom,GBR,england,,,Linux-6.4.0-150600.23.73_15.0.14-cray_shasta_c_64k-aarch64-with-glibc2.38,3.11.7,3.3.0,72,Neoverse-V2,1,1 x NVIDIA GH200 120GB,-2.5917,51.4535,64,machine,0.0,0.0,24.8,212.3267822265625,N,1.0,0.0
2026-09-27T11:59:10,mobilenet_v3_small_batch17_node_0_evaluate,1a284156-9c67-4b2a-b286-6583f65f019f,5b0fa12a-3dd7-45bb-9766-cc326314d9f1,6.618314653867856,6.390074094334414e-05,9.65513794452179e-06,115.768384992,148.98454858403477,6.0,0.00011465128335357187,0.00015010095341949636,4.202727233447756e-06,0.000268954964006516,0.0,United Kingdom,GBR,england,,,Linux-6.4.0-150600.23.73_15.0.14-cray_shasta_c_64k-aarch64-with-glibc2.38,3.11.7,3.3.0,72,Neoverse-V2,1,1 x NVIDIA GH200 120GB,-2.5917,51.4535,64,machine,0.0,1.3333333333333333,24.8,212.2494099934896,N,1.0,0.0
2026-09-27T11:59:35,mobilenet_v3_small_batch17_node_1_evaluate,b07ac45f-703c-4ce5-9f19-2c0d8d80a080,5b0fa12a-3dd7-45bb-9766-cc326314d9f1,14.465654604136944,0.0001996164797020396,1.3799339550451627e-05,115.78210296192,148.37435077550603,6.0,0.00036680506979004424,0.0004694750977876083,3.895428523343677e-06,0.0008401755961009962,0.0,United Kingdom,GBR,england,,,Linux-6.4.0-150600.23.73_15.0.14-cray_shasta_c_64k-aarch64-with-glibc2.38,3.11.7,3.3.0,72,Neoverse-V2,1,1 x NVIDIA GH200 120GB,-2.5917,51.4535,64,machine,10.490909090909092,0.36363636363636365,24.800000000000008,212.14793257279828,N,1.0,0.0
2026-09-27T12:03:01,efficientnet_lite0_batch17_node_0_local_train,0856ac3e-74c1-4d54-9d33-e8056cd4e6b2,5b0fa12a-3dd7-45bb-9766-cc326314d9f1,7.083966217935085,8.390466038775793e-05,1.1844305549528074e-05,115.74948938112001,97.63280708312442,6.0,0.0001293212516275857,0.000217151284857664,6.677905613323675e-06,0.00035315044209857334,0.0,United Kingdom,GBR,england,,,Linux-6.4.0-150600.23.73_15.0.14-cray_shasta_c_64k-aarch64-with-glibc2.38,3.11.7,3.3.0,72,Neoverse-V2,1,1 x NVIDIA GH200 120GB,-2.5917,51.4535,64,machine,0.0,22.25,25.1,214.81980895996094,N,1.0,0.0
2026-09-27T12:04:28,efficientnet_lite0_batch17_node_0_evaluate,5f7524ac-3b79-4ebf-8a0e-0cb7ba35ea17,5b0fa12a-3dd7-45bb-9766-cc326314d9f1,6.622245460981503,6.597993340315037e-05,9.963377798649476e-06,115.78492264319999,159.76854212444425,6.0,0.00011483086471504417,0.00015864484913663546,4.230465319706127e-06,0.00027770617917138575,0.0,United Kingdom,GBR,england,,,Linux-6.4.0-150600.23.73_15.0.14-cray_shasta_c_64k-aarch64-with-glibc2.38,3.11.7,3.3.0,72,Neoverse-V2,1,1 x NVIDIA GH200 120GB,-2.5917,51.4535,64,machine,0.0,3.6666666666666665,24.8,212.2774861653646,N,1.0,0.0
2026-09-27T12:05:10,efficientnet_lite0_batch17_node_1_local_train,bf7bfb69-0439-49a5-b1bc-f475257d1daa,5b0fa12a-3dd7-45bb-9766-cc326314d9f1,4.035689059179276,2.02050878158153e-05,5.00660172761782e-06,115.7618351808,96.87894685026124,6.0,3.1588223585298736e-05,5.184309702599421e-05,1.610864909986655e-06,8.50421855212796e-05,0.0,United Kingdom,GBR,england,,,Linux-6.4.0-150600.23.73_15.0.14-cray_shasta_c_64k-aarch64-with-glibc2.38,3.11.7,3.3.0,72,Neoverse-V2,1,1 x NVIDIA GH200 120GB,-2.5917,51.4535,64,machine,0,0,0,0,N,1.0,0.0
2026-09-27T12:05:46,efficientnet_lite0_batch17_node_1_evaluate,2350f339-1bd1-4434-88b9-79e5b2b82ecf,5b0fa12a-3dd7-45bb-9766-cc326314d9f1,6.425900549860671,6.201416848128241e-05,9.65065798950577e-06,115.78400775360001,154.91033608281927,6.0,0.00010856540587731546,0.00014852984105573341,3.9192296684874846e-06,0.00026101447660153635,0.0,United Kingdom,GBR,england,,,Linux-6.4.0-150600.23.73_15.0.14-cray_shasta_c_64k-aarch64-with-glibc2.38,3.11.7,3.3.0,72,Neoverse-V2,1,1 x NVIDIA GH200 120GB,-2.5917,51.4535,64,machine,0.0,3.0,25.0,213.7923787434896,N,1.0,0.0
2026-09-27T12:06:09,efficientnet_lite0_batch17_node_0_upload,581bf334-2a0d-4c4a-a507-974251253b2f,5b0fa12a-3dd7-45bb-9766-cc326314d9f1,4.080630151089281,1.744377693154141e-05,4.2747752885384574e-06,115.75124997120001,144.96603606686293,6.0,3.265229171486076e-05,4.076225479821005e-05,5.422136746346951e-09,7.341996864981716e-05,0.0,United Kingdom,GBR,england,,,Linux-6.4.0-150600.23.73_15.0.14-cray_shasta_c_64k-aarch64-with-glibc2.38,3.11.7,3.3.0,72,Neoverse-V2,1,1 x NVIDIA GH200 120GB,-2.5917,51.4535,64,machine,0.0,0.0,25.0,213.99810791015625,N,1.0,0.0
2026-09-27T12:06:16,efficientnet_lite0_batch17_node_1_upload,91a32ca0-95a7-4d38-8bf4-e8377b50d67a,5b0fa12a-3dd7-45bb-9766-cc326314d9f1,3.0695997609291226,1.0733007504376472e-06,3.49654949840358e-07,115.77165834240003,1547.6971681291093,6.0,4.4438156568104554e-07,4.0677810204670095e-06,5.30560656140248e-09,4.517468192709457e-06,0.0,United Kingdom,GBR,england,,,Linux-6.4.0-150600.23.73_15.0.14-cray_shasta_c_64k-aarch64-with-glibc2.38,3.11.7,3.3.0,72,Neoverse-V2,1,1 x NVIDIA GH200 120GB,-2.5917,51.4535,64,machine,0,0,0,0,N,1.0,0.0
2026-09-27T12:13:03,mobilevit_xxs_batch17_node_0_local_train,157a1c3b-22ac-4d8a-8d1d-5049b37ff10c,5b0fa12a-3dd7-45bb-9766-cc326314d9f1,18.769130284897983,0.00028671049818674075,1.5275641110415954e-05,115.78357724214857,163.91191524014246,6.0,0.0005055149573896828,0.0006905658302400752,1.066909635788761e-05,0.0012067498839876457,0.0,United Kingdom,GBR,england,,,Linux-6.4.0-150600.23.73_15.0.14-cray_shasta_c_64k-aarch64-with-glibc2.38,3.11.7,3.3.0,72,Neoverse-V2,1,1 x NVIDIA GH200 120GB,-2.5917,51.4535,64,machine,4.319999999999999,7.533333333333333,24.600000000000005,210.8647257486979,N,1.0,0.0
2026-09-27T12:13:38,mobilevit_xxs_batch17_node_0_evaluate,ff4a511c-00c2-4def-9dbe-d970c990f8fe,5b0fa12a-3dd7-45bb-9766-cc326314d9f1,8.187234536977485,9.257986954670609e-05,1.1307831616227789e-05,115.7600302848,154.96250943700886,6.0,0.00016491546345247438,0.00022038878742591805,4.359704720166822e-06,0.00038966395559855927,0.0,United Kingdom,GBR,england,,,Linux-6.4.0-150600.23.73_15.0.14-cray_shasta_c_64k-aarch64-with-glibc2.38,3.11.7,3.3.0,72,Neoverse-V2,1,1 x NVIDIA GH200 120GB,-2.5917,51.4535,64,machine,12.040000000000001,4.2,24.559999999999995,210.67783203125,N,1.0,0.0
2026-09-27T12:13:53,mobilevit_xxs_batch17_node_1_local_train,4be032ce-1d2c-4218-aeb7-4dab702d872d,5b0fa12a-3dd7-45bb-9766-cc326314d9f1,11.51471421890892,0.00015008502592334488,1.3034194602666068e-05,115.70512513371429,161.55750032213234,6.0,0.00027205603016041384,0.00035706223010834037,2.5819696381222457e-06,0.0006317002299068765,0.0,United Kingdom,GBR,england,,,Linux-6.4.0-150600.23.73_15.0.14-cray_shasta_c_64k-aarch64-with-glibc2.38,3.11.7,3.3.0,72,Neoverse-V2,1,1 x NVIDIA GH200 120GB,-2.5917,51.4535,64,machine,0.0,2.375,24.599999999999998,211.06198120117188,N,1.0,0.0
2026-09-27T12:14:39,mobilevit_xxs_batch17_node_1_evaluate,e6eff108-c7ce-4bf5-8f5d-51d3f0578036,5b0fa12a-3dd7-45bb-9766-cc326314d9f1,6.499268329935148,6.293909625795561e-05,9.684027964819178e-06,115.74797558400002,158.0081153233333,6.0,0.00011083718772549866,0.00015003345336594975,4.036809413228184e-06,0.00026490745050467663,0.0,United Kingdom,GBR,england,,,Linux-6.4.0-150600.23.73_15.0.14-cray_shasta_c_64k-aarch64-with-glibc2.38,3.11.7,3.3.0,72,Neoverse-V2,1,1 x NVIDIA GH200 120GB,-2.5917,51.4535,64,machine,0.0,4.333333333333333,24.7,211.1663614908854,N,1.0,0.0
2026-09-27T12:14:52,mobilevit_xxs_batch17_node_1_upload,e63667ab-e696-45bd-899e-01cf05e0750d,5b0fa12a-3dd7-45bb-9766-cc326314d9f1,3.0685112399514765,1.1062942947354974e-07,3.605312831615998e-08,115.7111828352,0.0,6.0,4.590454507557653e-07,0.0,6.588183265800277e-09,4.656336340215656e-07,0.0,United Kingdom,GBR,england,,,Linux-6.4.0-150600.23.73_15.0.14-cray_shasta_c_64k-aarch64-with-glibc2.38,3.11.7,3.3.0,72,Neoverse-V2,1,1 x NVIDIA GH200 120GB,-2.5917,51.4535,64,machine,0,0,0,0,N,1.0,0.0
2026-09-27T12:16:04,mobilenet_v3_small_batch18_node_0_local_train,e023c912-254d-4ede-abcb-0dc83faa33fe,5b0fa12a-3dd7-45bb-9766-cc326314d9f1,9.197244812035933,0.00011534179176259569,1.254090699115176e-05,119.44414805760002,214.02175644375103,6.0,0.0002086220709526369,0.0002666946578244733,1.0150998106691987e-05,0.00048546772688380223,0.0,United Kingdom,GBR,england,,,Linux-6.4.0-150600.23.73_15.0.14-cray_shasta_c_64k-aarch64-with-glibc2.38,3.11.7,3.3.0,72,Neoverse-V2,1,1 x NVIDIA GH200 120GB,-2.5917,51.4535,64,machine,16.833333333333332,7.166666666666667,24.400000000000002,208.9599609375,N,1.0,0.0
2026-09-27T12:16:21,mobilenet_v3_small_batch18_node_0_evaluate,c859ab10-27b9-4a7d-987b-90f35671e204,5b0fa12a-3dd7-45bb-9766-cc326314d9f1,9.427032769890502,0.0001125023743734063,1.1934017534417995e-05,115.5883432896,143.98272228458205,6.0,0.00020457081410408937,0.0002601085414255522,8.837408181667948e-06,0.00047351676371130947,0.0,United Kingdom,GBR,england,,,Linux-6.4.0-150600.23.73_15.0.14-cray_shasta_c_64k-aarch64-with-glibc2.38,3.11.7,3.3.0,72,Neoverse-V2,1,1 x NVIDIA GH200 120GB,-2.5917,51.4535,64,machine,0.0,0.5,24.400000000000002,208.98346964518228,N,1.0,0.0
2026-09-27T12:16:59,mobilenet_v3_small_batch18_node_1_local_train,6593a98d-980f-498f-8c5b-5706a6039dbd,5b0fa12a-3dd7-45bb-9766-cc326314d9f1,14.057946385117248,0.000192570435873438,1.3698333355240769e-05,115.78698739584001,150.13394630029669,6.0,0.0003540535948076035,0.00045357869618101176,2.886865510372445e-06,0.0008105191564989877,0.0,United Kingdom,GBR,england,,,Linux-6.4.0-150600.23.73_15.0.14-cray_shasta_c_64k-aarch64-with-glibc2.38,3.11.7,3.3.0,72,Neoverse-V2,1,1 x NVIDIA GH200 120GB,-2.5917,51.4535,64,machine,6.618181818181818,1.2727272727272727,24.672727272727272,211.28058971058238,N,1.0,0.0
2026-09-27T12:17:21,mobilenet_v3_small_batch18_node_1_evaluate,31ba83ca-5417-4fcb-bf05-a37a692e436e,5b0fa12a-3dd7-45bb-9766-cc326314d9f1,6.280339325079694,5.719446005148481e-05,9.106906027049588e-06,115.7735500704,146.83829915058823,6.0,0.00010387551349303484,0.00013322093991519068,3.632115892056997e-06,0.00024072856930028248,0.0,United Kingdom,GBR,england,,,Linux-6.4.0-150600.23.73_15.0.14-cray_shasta_c_64k-aarch64-with-glibc2.38,3.11.7,3.3.0,72,Neoverse-V2,1,1 x NVIDIA GH200 120GB,-2.5917,51.4535,64,machine,0.0,1.3333333333333333,24.633333333333336,211.04951985677084,N,1.0,0.0
2026-09-27T12:17:50,mobilenet_v3_small_batch18_node_0_upload,05a08b8a-c246-46f3-b07a-51d64614016c,5b0fa12a-3dd7-45bb-9766-cc326314d9f1,9.620005123084411,0.00011429937032090193,1.1881425098893786e-05,115.7255074121143,148.20587868026314,6.0,0.0002110204272960032,0.0002700543826961166,5.418136715888977e-09,0.00048108022812883564,0.0,United Kingdom,GBR,england,,,Linux-6.4.0-150600.23.73_15.0.14-cray_shasta_c_64k-aarch64-with-glibc2.38,3.11.7,3.3.0,72,Neoverse-V2,1,1 x NVIDIA GH200 120GB,-2.5917,51.4535,64,machine,5.3500000000000005,0.0,24.7,211.54931640625,N,1.0,0.0
2026-09-27T12:19:44,mobilenet_v3_small_batch18_node_0_exchange,f0732e94-af9a-404b-b944-9ca0afdf6940,5b0fa12a-3dd7-45bb-9766-cc326314d9f1,9.2471758259926,0.00010730802756330407,1.1604410858250934e-05,115.73148323108572,147.44165441241228,6.0,0.00019867076724052035,0.0002529732579432675,9.997364832088352e-09,0.00045165402254862,0.0,United Kingdom,GBR,england,,,Linux-6.4.0-150600.23.73_15.0.14-cray_shasta_c_64k-aarch64-with-glibc2.38,3.11.7,3.3.0,72,Neoverse-V2,1,1 x NVIDIA GH200 120GB,-2.5917,51.4535,64,machine,12.133333333333333,0.0,24.7,211.4810994466146,N,1.0,0.0
2026-09-27T12:19:58,mobilenet_v3_small_batch18_node_1_exchange,02b2ec1f-8cc6-4b46-a874-6e45908ce6ed,5b0fa12a-3dd7-45bb-9766-cc326314d9f1,4.566903837025166,2.6082825359215596e-05,5.711270981393311e-06,115.7308416,146.3612761209819,6.0,4.853084173913241e-05,6.12450489825278e-05,5.392751966913541e-09,0.00010978128347362712,0.0,United Kingdom,GBR,england,,,Linux-6.4.0-150600.23.73_15.0.14-cray_shasta_c_64k-aarch64-with-glibc2.38,3.11.7,3.3.0,72,Neoverse-V2,1,1 x NVIDIA GH200 120GB,-2.5917,51.4535,64,machine,0.0,0.0,24.7,211.5743408203125,N,1.0,0.0
2026-09-27T12:20:20,mobilenet_v3_small_batch18_node_0_evaluate,3f734cc1-48f2-4ab3-970d-75f027517e01,5b0fa12a-3dd7-45bb-9766-cc326314d9f1,5.329808265902102,4.127380882106896e-05,7.743957523785918e-06,115.73495786880001,76.72336498567738,6.0,7.343296166553868e-05,9.650757718304703e-05,3.7788203013284756e-06,0.00017371935914991418,0.0,United Kingdom,GBR,england,,,Linux-6.4.0-150600.23.73_15.0.14-cray_shasta_c_64k-aarch64-with-glibc2.38,3.11.7,3.3.0,72,Neoverse-V2,1,1 x NVIDIA GH200 120GB,-2.5917,51.4535,64,machine,29.75,1.5,24.7,211.89862060546875,N,1.0,0.0
2026-09-27T12:22:10,mobilenet_v3_small_batch18_node_1_evaluate,381685e2-4bd2-4677-b0b6-dcc4cb8604d2,5b0fa12a-3dd7-45bb-9766-cc326314d9f1,99.22285446897149,0.0017123404793391217,1.7257520845407616e-05,115.95487226688002,147.94447310182005,6.0,0.003108410220883289,0.003939522040496968,0.0001592216023892009,0.007207153863769458,0.0,United Kingdom,GBR,england,,,Linux-6.4.0-150600.23.73_15.0.14-cray_shasta_c_64k-aarch64-with-glibc2.38,3.11.7,3.3.0,72,Neoverse-V2,1,1 x NVIDIA GH200 120GB,-2.5917,51.4535,64,machine,3.989583333333334,0.041666666666666664,24.689583333333335,211.27533594767252,N,1.0,0.0
2026-09-27T12:23:01,efficientnet_lite0_batch18_node_0_local_train,a7c19b0b-beb4-4204-8a14-128a0a47a719,5b0fa12a-3dd7-45bb-9766-cc326314d9f1,8.189040892990306,0.00010304170696660316,1.2582878546229422e-05,115.80654541824,169.3586462578204,6.0,0.000165432675946118,0.0002613779868738675,6.886633631462853e-06,0.00043369729645144833,0.0,United Kingdom,GBR,england,,,Linux-6.4.0-150600.23.73_15.0.14-cray_shasta_c_64k-aarch64-with-glibc2.38,3.11.7,3.3.0,72,Neoverse-V2,1,1 x NVIDIA GH200 120GB,-2.5917,51.4535,64,machine,0.0,14.8,24.9,213.31729736328126,N,1.0,0.0
2026-09-27T12:23:35,efficientnet_lite0_batch18_node_0_evaluate,52b8bfc3-c36c-4591-8085-334c1eaa434a,5b0fa12a-3dd7-45bb-9766-cc326314d9f1,6.35022321715951,6.052785706023502e-05,9.531610935608886e-06,115.75150398720001,154.64418294987496,6.0,0.00010617834720723018,0.00014476983804456722,3.8104822800960394e-06,0.0002547586675318934,0.0,United Kingdom,GBR,england,,,Linux-6.4.0-150600.23.73_15.0.14-cray_shasta_c_64k-aarch64-with-glibc2.38,3.11.7,3.3.0,72,Neoverse-V2,1,1 x NVIDIA GH200 120GB,-2.5917,51.4535,64,machine,0.0,3.6666666666666665,25.0,214.29412841796875,N,1.0,0.0
2026-09-27T12:23:58,efficientnet_lite0_batch18_node_1_local_train,a8708815-0a10-4e49-9220-5a7241f6d690,5b0fa12a-3dd7-45bb-9766-cc326314d9f1,11.642095252871513,0.0001522185379547619,1.3074840451697671e-05,115.7420224512,165.3504299701214,6.0,0.0002759058845005808,0.0003627722346664086,2.0019542150354633e-06,0.0006406800733820249,0.0,United Kingdom,GBR,england,,,Linux-6.4.0-150600.23.73_15.0.14-cray_shasta_c_64k-aarch64-with-glibc2.38,3.11.7,3.3.0,72,Neoverse-V2,1,1 x NVIDIA GH200 120GB,-2.5917,51.4535,64,machine,0.0,0.0,25.0,214.53347778320312,N,1.0,0.0
2026-09-27T12:24:19,efficientnet_lite0_batch18_node_1_evaluate,3f91facc-d857-48d1-8f12-f437b64fe348,5b0fa12a-3dd7-45bb-9766-cc326314d9f1,5.2317764279432595,4.1063328153540694e-05,7.848830835778604e-06,115.7376443904,82.1538203857051,6.0,7.028427155399066e-05,9.893119025150554e-05,3.6179949350965523e-06,0.00017283345674059275,0.0,United Kingdom,GBR,england,,,Linux-6.4.0-150600.23.73_15.0.14-cray_shasta_c_64k-aarch64-with-glibc2.38,3.11.7,3.3.0,72,Neoverse-V2,1,1 x NVIDIA GH200 120GB,-2.5917,51.4535,64,machine,0.0,7.5,25.1,214.6077880859375,N,1.0,0.0
2026-09-27T12:25:16,efficientnet_lite0_batch18_node_1_upload,bf5d7018-7023-4375-8132-404c13ce6b63,5b0fa12a-3dd7-45bb-9766-cc326314d9f1,30.334487691055983,0.00047862685294980357,1.5778306784819215e-05,115.7330336098909,146.89092189765273,6.0,0.0008765782532404497,0.0011129183903335615,2.5019402833034595e-05,0.002014516046407046,0.0,United Kingdom,GBR,england,,,Linux-6.4.0-150600.23.73_15.0.14-cray_shasta_c_64k-aarch64-with-glibc2.38,3.11.7,3.3.0,72,Neoverse-V2,1,1 x NVIDIA GH200 120GB,-2.5917,51.4535,64,machine,4.625925925925926,0.0,25.011111111111113,214.51400417751736,N,1.0,0.0
2026-09-27T12:25:51,mobilevit_xxs_batch18_node_0_local_train,8cf83c30-629b-4c03-a24d-3f37db58af2c,5b0fa12a-3dd7-45bb-9766-cc326314d9f1,19.26215972797945,0.00029536593865942315,1.5333999033887477e-05,115.76265368996572,165.4814052690003,6.0,0.000521337252200258,0.0007108036241731952,1.103931572055444e-05,0.0012431801920940076,0.0,United Kingdom,GBR,england,,,Linux-6.4.0-150600.23.73_15.0.14-cray_shasta_c_64k-aarch64-with-glibc2.38,3.11.7,3.3.0,72,Neoverse-V2,1,1 x NVIDIA GH200 120GB,-2.5917,51.4535,64,machine,5.35,8.125,25.087500000000006,214.93585968017578,N,1.0,0.0
2026-09-27T12:26:15,mobilevit_xxs_batch18_node_0_evaluate,7b6642e4-3698-431e-a65a-306d1dae7c51,5b0fa12a-3dd7-45bb-9766-cc326314d9f1,6.6469443121459335,6.529940125222897e-05,9.823972969490302e-06,115.7502037536,154.26820729669333,6.0,0.00011569827182352838,0.00015510984630395797,4.033735881869991e-06,0.00027484185400935635,0.0,United Kingdom,GBR,england,,,Linux-6.4.0-150600.23.73_15.0.14-cray_shasta_c_64k-aarch64-with-glibc2.38,3.11.7,3.3.0,72,Neoverse-V2,1,1 x NVIDIA GH200 120GB,-2.5917,51.4535,64,machine,0.0,3.0,25.2,215.697265625,N,1.0,0.0
2026-09-27T12:27:08,mobilevit_xxs_batch18_node_1_local_train,7cae6fec-d4f7-4a66-a4e2-bd9a289db625,5b0fa12a-3dd7-45bb-9766-cc326314d9f1,13.833425053860992,0.00018941114148689575,1.3692280888457913e-05,115.7309794944,155.40020904550192,6.0,0.0003467142484440362,0.0004472589689044071,3.248629988326381e-06,0.0007972218473367696,0.0,United Kingdom,GBR,england,,,Linux-6.4.0-150600.23.73_15.0.14-cray_shasta_c_64k-aarch64-with-glibc2.38,3.11.7,3.3.0,72,Neoverse-V2,1,1 x NVIDIA GH200 120GB,-2.5917,51.4535,64,machine,0.0,1.9,25.099999999999998,215.27404174804687,N,1.0,0.0
2026-09-27T12:27:28,mobilevit_xxs_batch18_node_1_evaluate,409f29a5-e82b-46c0-b32e-7c451534a552,5b0fa12a-3dd7-45bb-9766-cc326314d9f1,5.351659388048574,4.284119863441324e-05,8.005217733043138e-06,115.748146656,80.65919126094761,6.0,7.410663540417689e-05,0.00010239202637762901,3.817761261404181e-06,0.00018031642304321008,0.0,United Kingdom,GBR,england,,,Linux-6.4.0-150600.23.73_15.0.14-cray_shasta_c_64k-aarch64-with-glibc2.38,3.11.7,3.3.0,72,Neoverse-V2,1,1 x NVIDIA GH200 120GB,-2.5917,51.4535,64,machine,0.0,4.5,25.1,215.22415161132812,N,1.0,0.0
2026-09-27T12:28:02,mobilevit_xxs_batch18_node_0_upload,5ec4a74f-31cd-470e-9b69-4deef55fa422,5b0fa12a-3dd7-45bb-9766-cc326314d9f1,13.044105831999332,0.0001737681826806311,1.3321586386883588e-05,115.74333669888001,147.95994564124967,6.0,0.0003210715858224535,0.00041030449492041043,5.349713222434123e-09,0.0007313814304560864,0.0,United Kingdom,GBR,england,,,Linux-6.4.0-150600.23.73_15.0.14-cray_shasta_c_64k-aarch64-with-glibc2.38,3.11.7,3.3.0,72,Neoverse-V2,1,1 x NVIDIA GH200 120GB,-2.5917,51.4535,64,machine,8.577777777777778,0.0,25.099999999999998,215.10447862413196,N,1.0,0.0
2026-09-27T12:28:40,mobilenet_v3_small_batch19_node_0_local_train,45abdd44-bbcd-46ef-a051-199d97924e77,5b0fa12a-3dd7-45bb-9766-cc326314d9f1,9.086757141863927,0.00011120767197312964,1.2238433385743386e-05,115.50235688640001,80.15955975652416,6.0,0.00019305919935586058,0.0002649999342452247,1.0008293649880216e-05,0.0004680674272509655,0.0,United Kingdom,GBR,england,,,Linux-6.4.0-150600.23.73_15.0.14-cray_shasta_c_64k-aarch64-with-glibc2.38,3.11.7,3.3.0,72,Neoverse-V2,1,1 x NVIDIA GH200 120GB,-2.5917,51.4535,64,machine,0.0,7.6,24.8,212.19117431640626,N,1.0,0.0
2026-09-27T12:29:06,mobilenet_v3_small_batch19_node_0_evaluate,8453f3f3-37e9-4f0f-86d2-b2e1dbb3da02,5b0fa12a-3dd7-45bb-9766-cc326314d9f1,17.48647357383743,0.00025408960693871986,1.4530637401864643e-05,115.70953962816,149.10511769481283,6.0,0.00046378815370119443,0.0005968607552517824,8.801305235053103e-06,0.00106945021418803,0.0,United Kingdom,GBR,england,,,Linux-6.4.0-150600.23.73_15.0.14-cray_shasta_c_64k-aarch64-with-glibc2.38,3.11.7,3.3.0,72,Neoverse-V2,1,1 x NVIDIA GH200 120GB,-2.5917,51.4535,64,machine,6.792857142857144,0.21428571428571427,24.800000000000008,212.20114135742188,N,1.0,0.0
2026-09-27T12:29:16,mobilenet_v3_small_batch19_node_1_local_train,407f3dd2-1836-4c96-b198-38b835a26015,5b0fa12a-3dd7-45bb-9766-cc326314d9f1,4.474653308978304,2.6947897237884333e-05,6.022343045843106e-06,115.7419306944,83.67886619891061,6.0,4.576353731218985e-05,6.531199670689602e-05,2.3467929315908504e-06,0.00011342232695067672,0.0,United Kingdom,GBR,england,,,Linux-6.4.0-150600.23.73_15.0.14-cray_shasta_c_64k-aarch64-with-glibc2.38,3.11.7,3.3.0,72,Neoverse-V2,1,1 x NVIDIA GH200 120GB,-2.5917,51.4535,64,machine,0.0,7.0,24.6,210.630615234375,N,1.0,0.0
2026-09-27T12:29:33,mobilenet_v3_small_batch19_node_1_evaluate,36b4c4ce-394b-4266-b45f-ec2881923353,5b0fa12a-3dd7-45bb-9766-cc326314d9f1,6.560890059918165,6.232770349935893e-05,9.499885370756595e-06,115.746589296,148.18493430568034,6.0,0.00011285069122971187,0.00014532761625218882,4.155822041599701e-06,0.0002623341295235004,0.0,United Kingdom,GBR,england,,,Linux-6.4.0-150600.23.73_15.0.14-cray_shasta_c_64k-aarch64-with-glibc2.38,3.11.7,3.3.0,72,Neoverse-V2,1,1 x NVIDIA GH200 120GB,-2.5917,51.4535,64,machine,8.066666666666666,1.0,24.8,212.28116861979166,N,1.0,0.0
2026-09-27T12:31:41,mobilenet_v3_small_batch19_node_0_exchange,3783a795-1167-4c27-b97c-2e7c993ebbd3,5b0fa12a-3dd7-45bb-9766-cc326314d9f1,18.146238170098513,0.0002619257325813879,1.4434161511943052e-05,115.73880539040003,147.55404642903255,6.0,0.000484699214451112,0.0006177263275617406,6.525891755397121e-09,0.001102432067904608,0.0,United Kingdom,GBR,england,,,Linux-6.4.0-150600.23.73_15.0.14-cray_shasta_c_64k-aarch64-with-glibc2.38,3.11.7,3.3.0,72,Neoverse-V2,1,1 x NVIDIA GH200 120GB,-2.5917,51.4535,64,machine,0.0,0.0,24.699999999999992,211.86591389973958,N,1.0,0.0
2026-09-27T12:32:37,mobilenet_v3_small_batch19_node_1_exchange,14f1ddab-d8c9-4d1e-a445-7ae3b4fbbfdb,5b0fa12a-3dd7-45bb-9766-cc326314d9f1,13.400466210907325,0.00018032001839753134,1.3456249622924286e-05,115.6739619037091,148.5110254021592,6.0,0.00033236450090193286,0.0004265833968304378,9.875554824247957e-09,0.0007589577732871949,0.0,United Kingdom,GBR,england,,,Linux-6.4.0-150600.23.73_15.0.14-cray_shasta_c_64k-aarch64-with-glibc2.38,3.11.7,3.3.0,72,Neoverse-V2,1,1 x NVIDIA GH200 120GB,-2.5917,51.4535,64,machine,0.0,0.0,24.699999999999996,211.41427612304688,N,1.0,0.0
2026-09-27T12:32:59,mobilenet_v3_small_batch19_node_0_evaluate,bd2e27ab-129e-49b2-91ff-80c228fd31c7,5b0fa12a-3dd7-45bb-9766-cc326314d9f1,6.273130907909945,5.74286348813803e-05,9.154700535416394e-06,115.7601546576,152.2106440254368,6.0,0.00010359174620035496,0.00013372094034025395,4.401512691595902e-06,0.0002417141992322048,0.0,United Kingdom,GBR,england,,,Linux-6.4.0-150600.23.73_15.0.14-cray_shasta_c_64k-aarch64-with-glibc2.38,3.11.7,3.3.0,72,Neoverse-V2,1,1 x NVIDIA GH200 120GB,-2.5917,51.4535,64,machine,6.266666666666667,2.3333333333333335,24.7,211.52176920572916,N,1.0,0.0
2026-09-27T12:34:09,mobilenet_v3_small_batch19_node_1_evaluate,5b0ef430-4c3a-4830-86de-7f43b864d3ac,5b0fa12a-3dd7-45bb-9766-cc326314d9f1,6.546104872832075,6.230010220844159e-05,9.517125591281336e-06,115.73756040960001,149.34572177726238,6.0,0.00011222710267020562,0.00014587233891916185,4.118515506464368e-06,0.00026221795709583187,0.0,United Kingdom,GBR,england,,,Linux-6.4.0-150600.23.73_15.0.14-cray_shasta_c_64k-aarch64-with-glibc2.38,3.11.7,3.3.0,72,Neoverse-V2,1,1 x NVIDIA GH200 120GB,-2.5917,51.4535,64,machine,0.0,1.0,24.7,211.34688313802084,N,1.0,0.0
2026-09-27T12:35:05,efficientnet_lite0_batch19_node_0_local_train,54fed8b8-330c-46e3-9e87-9169dcb84c07,5b0fa12a-3dd7-45bb-9766-cc326314d9f1,13.697894315002486,0.00020012388376817192,1.4609828282073119e-05,115.75242998290287,172.91061401338368,6.0,0.0003421791310945696,0.0004933792835970507,6.752819280372933e-06,0.0008423112339719934,0.0,United Kingdom,GBR,england,,,Linux-6.4.0-150600.23.73_15.0.14-cray_shasta_c_64k-aarch64-with-glibc2.38,3.11.7,3.3.0,72,Neoverse-V2,1,1 x NVIDIA GH200 120GB,-2.5917,51.4535,64,machine,0.0,7.2,24.82,212.23955688476562,N,1.0,0.0
2026-09-27T12:35:32,efficientnet_lite0_batch19_node_0_evaluate,66b96b55-7d8b-46a0-bce3-7b6fcb04d1a7,5b0fa12a-3dd7-45bb-9766-cc326314d9f1,15.438837941037491,0.00021940556992168763,1.4211274887373004e-05,115.73842185216002,155.45401399950634,6.0,0.0003982892588990497,0.0005206915276687596,4.48608235999321e-06,0.0009234668689278024,0.0,United Kingdom,GBR,england,,,Linux-6.4.0-150600.23.73_15.0.14-cray_shasta_c_64k-aarch64-with-glibc2.38,3.11.7,3.3.0,72,Neoverse-V2,1,1 x NVIDIA GH200 120GB,-2.5917,51.4535,64,machine,9.991666666666667,1.4166666666666667,25.0,213.75379435221353,N,1.0,0.0
2026-09-27T12:36:08,efficientnet_lite0_batch19_node_1_local_train,4014e620-6e31-4492-b57b-2e7234c321af,5b0fa12a-3dd7-45bb-9766-cc326314d9f1,5.131881220964715,3.934955857063781e-05,7.667667445202619e-06,115.7425683264,169.42225036865372,6.0,6.69046178941343e-05,9.702535538735901e-05,1.6903145712179443e-06,0.00016562028785271123,0.0,United Kingdom,GBR,england,,,Linux-6.4.0-150600.23.73_15.0.14-cray_shasta_c_64k-aarch64-with-glibc2.38,3.11.7,3.3.0,72,Neoverse-V2,1,1 x NVIDIA GH200 120GB,-2.5917,51.4535,64,machine,0.0,12.0,25.0,213.79391479492188,N,1.0,0.0
2026-09-27T12:39:28,efficientnet_lite0_batch19_node_1_evaluate,cf98339e-8d77-4ae6-a0f9-d9eb31fbfdce,5b0fa12a-3dd7-45bb-9766-cc326314d9f1,194.89542372897267,0.0034617674087138316,1.7762179031601417e-05,115.74254301962638,148.8495501161007,6.0,0.00626509799713917,0.008007976406389616,0.00029732830330457847,0.014570402706833362,0.0,United Kingdom,GBR,england,,,Linux-6.4.0-150600.23.73_15.0.14-cray_shasta_c_64k-aarch64-with-glibc2.38,3.11.7,3.3.0,72,Neoverse-V2,1,1 x NVIDIA GH200 120GB,-2.5917,51.4535,64,machine,5.108762886597939,0.05154639175257732,24.729896907216524,211.5855829297882,N,1.0,0.0
2026-09-27T12:39:55,efficientnet_lite0_batch19_node_1_upload,33a95e7b-1a5a-43fe-a009-db74f6247ab1,5b0fa12a-3dd7-45bb-9766-cc326314d9f1,10.44434684398584,0.00012857756598451178,1.2310733060205722e-05,115.7334855696,148.29092920728766,6.0,0.0002372782182408395,0.0003038910764701086,7.131741925453147e-09,0.0005411764264528735,0.0,United Kingdom,GBR,england,,,Linux-6.4.0-150600.23.73_15.0.14-cray_shasta_c_64k-aarch64-with-glibc2.38,3.11.7,3.3.0,72,Neoverse-V2,1,1 x NVIDIA GH200 120GB,-2.5917,51.4535,64,machine,0.0,0.0,24.800000000000004,212.27598353794642,N,1.0,0.0
2026-09-27T12:40:14,mobilevit_xxs_batch19_node_0_local_train,9f33b0e0-d18f-4ba0-a853-ab2ff3d65a85,5b0fa12a-3dd7-45bb-9766-cc326314d9f1,10.58442929922603,0.00014571858965540814,1.3767259956667062e-05,115.75566577645714,164.3866794540885,6.0,0.00024245320934385026,0.0003600758435879925,1.0793069116771222e-05,0.000613322122048614,0.0,United Kingdom,GBR,england,,,Linux-6.4.0-150600.23.73_15.0.14-cray_shasta_c_64k-aarch64-with-glibc2.38,3.11.7,3.3.0,72,Neoverse-V2,1,1 x NVIDIA GH200 120GB,-2.5917,51.4535,64,machine,0.0,16.428571428571427,24.771428571428572,212.04822649274553,N,1.0,0.0
2026-09-27T12:42:41,mobilevit_xxs_batch19_node_0_evaluate,b3c68ad4-27fb-4a72-afc9-d034a808c4d7,5b0fa12a-3dd7-45bb-9766-cc326314d9f1,12.532727691112086,0.0001680819715472943,1.3411443676901561e-05,115.74605643634285,153.14502148376897,6.0,0.00030465308040134574,0.0003980978184756623,4.6975585317704825e-06,0.0007074484574087786,0.0,United Kingdom,GBR,england,,,Linux-6.4.0-150600.23.73_15.0.14-cray_shasta_c_64k-aarch64-with-glibc2.38,3.11.7,3.3.0,72,Neoverse-V2,1,1 x NVIDIA GH200 120GB,-2.5917,51.4535,64,machine,8.055555555555555,1.4444444444444444,24.800000000000004,212.39126247829861,N,1.0,0.0
2026-09-27T12:43:01,mobilevit_xxs_batch19_node_1_local_train,71ae8c51-60d5-4fe4-8f61-33d27a4adc75,5b0fa12a-3dd7-45bb-9766-cc326314d9f1,7.236923360964283,7.651854557179567e-05,1.0573353033491287e-05,115.7244535296,161.67315053278116,6.0,0.00013448257442037252,0.00018485625898279068,2.7238276282635826e-06,0.00032206266103142683,0.0,United Kingdom,GBR,england,,,Linux-6.4.0-150600.23.73_15.0.14-cray_shasta_c_64k-aarch64-with-glibc2.38,3.11.7,3.3.0,72,Neoverse-V2,1,1 x NVIDIA GH200 120GB,-2.5917,51.4535,64,machine,0.0,8.75,24.8,212.3756866455078,N,1.0,0.0
2026-09-27T12:43:52,mobilevit_xxs_batch19_node_1_evaluate,91a5255e-2883-48f4-8971-ec5443e4e6d7,5b0fa12a-3dd7-45bb-9766-cc326314d9f1,14.816550637129694,0.0002077269681052693,1.401992766013391e-05,115.76559893760003,153.3624508454607,6.0,0.00037825967103947153,0.0004917303933780204,4.322164285307129e-06,0.000874312228702799,0.0,United Kingdom,GBR,england,,,Linux-6.4.0-150600.23.73_15.0.14-cray_shasta_c_64k-aarch64-with-glibc2.38,3.11.7,3.3.0,72,Neoverse-V2,1,1 x NVIDIA GH200 120GB,-2.5917,51.4535,64,machine,9.736363636363636,0.8181818181818182,24.800000000000008,212.42386696555397,N,1.0,0.0
2026-09-27T12:44:18,mobilevit_xxs_batch19_node_1_upload,fdf27c2b-c70a-44d2-b8ab-219567332c58,5b0fa12a-3dd7-45bb-9766-cc326314d9f1,12.507618848001584,0.00016391592733887333,1.3105286412294466e-05,115.73320622976001,147.04037725471707,6.0,0.00030391433719298996,0.00038599280878770514,6.6435418557375664e-09,0.0006899137895225509,0.0,United Kingdom,GBR,england,,,Linux-6.4.0-150600.23.73_15.0.14-cray_shasta_c_64k-aarch64-with-glibc2.38,3.11.7,3.3.0,72,Neoverse-V2,1,1 x NVIDIA GH200 120GB,-2.5917,51.4535,64,machine,0.0,0.0,24.75555555555556,212.03641086154514,N,1.0,0.0
2026-09-27T12:46:07,mobilenet_v3_small_batch20_node_0_local_train,50a9e865-61b8-42a8-97e4-ffc050c93315,5b0fa12a-3dd7-45bb-9766-cc326314d9f1,9.350868380861357,0.00011872182609938847,1.2696342335689297e-05,119.37422989440002,214.19595178269645,6.0,0.00021420844225821523,0.00027504827559710066,1.043740139847311e-05,0.000499694119253789,0.0,United Kingdom,GBR,england,,,Linux-6.4.0-150600.23.73_15.0.14-cray_shasta_c_64k-aarch64-with-glibc2.38,3.11.7,3.3.0,72,Neoverse-V2,1,1 x NVIDIA GH200 120GB,-2.5917,51.4535,64,machine,5.8,8.166666666666666,24.333333333333332,208.51551310221353,N,1.0,0.0
2026-09-27T12:46:25,mobilenet_v3_small_batch20_node_0_evaluate,ee4030e8-f972-4ad5-8793-6d595db1fb4c,5b0fa12a-3dd7-45bb-9766-cc326314d9f1,14.002888064831495,0.00019327100016526257,1.380222417478764e-05,115.71709880118857,148.93044594975373,6.0,0.0003521150574849018,0.000453121751377239,8.230987059650943e-06,0.0008134677959217917,0.0,United Kingdom,GBR,england,,,Linux-6.4.0-150600.23.73_15.0.14-cray_shasta_c_64k-aarch64-with-glibc2.38,3.11.7,3.3.0,72,Neoverse-V2,1,1 x NVIDIA GH200 120GB,-2.5917,51.4535,64,machine,0.0,0.3,24.400000000000002,209.07507934570313,N,1.0,0.0
2026-09-27T12:46:31,mobilenet_v3_small_batch20_node_1_local_train,b0029c5a-d963-4bb0-82ea-70e925970ef5,5b0fa12a-3dd7-45bb-9766-cc326314d9f1,5.701976742129773,4.6923637006590364e-05,8.22936310137661e-06,115.74633839040001,150.5068397770806,6.0,8.521803089911151e-05,0.00011019453256722045,2.0866347566091767e-06,0.00019749919822294114,0.0,United Kingdom,GBR,england,,,Linux-6.4.0-150600.23.73_15.0.14-cray_shasta_c_64k-aarch64-with-glibc2.38,3.11.7,3.3.0,72,Neoverse-V2,1,1 x NVIDIA GH200 120GB,-2.5917,51.4535,64,machine,0.0,2.0,24.4,209.07748413085938,N,1.0,0.0
2026-09-27T12:47:30,mobilenet_v3_small_batch20_node_1_evaluate,167e8d75-722e-49ff-8060-f9325120a2de,5b0fa12a-3dd7-45bb-9766-cc326314d9f1,14.290138421813026,0.0001960086840257549,1.3716360068742203e-05,115.74767477376002,147.7421847896494,6.0,0.0003611560101791928,0.00046058703512130705,3.247522553040957e-06,0.0008249905678535408,0.0,United Kingdom,GBR,england,,,Linux-6.4.0-150600.23.73_15.0.14-cray_shasta_c_64k-aarch64-with-glibc2.38,3.11.7,3.3.0,72,Neoverse-V2,1,1 x NVIDIA GH200 120GB,-2.5917,51.4535,64,machine,7.1000000000000005,0.36363636363636365,24.400000000000002,209.10246693004262,N,1.0,0.0
2026-09-27T12:47:48,mobilenet_v3_small_batch20_node_0_exchange,0fc88854-5aa6-4a83-bebc-8811fc4c315e,5b0fa12a-3dd7-45bb-9766-cc326314d9f1,4.110640411963686,1.8736128743403902e-05,4.557958582043303e-06,115.7210122176,154.86236091297968,6.0,3.378003555662319e-05,4.507392495156637e-05,5.4510950576514e-09,7.885941160324721e-05,0.0,United Kingdom,GBR,england,,,Linux-6.4.0-150600.23.73_15.0.14-cray_shasta_c_64k-aarch64-with-glibc2.38,3.11.7,3.3.0,72,Neoverse-V2,1,1 x NVIDIA GH200 120GB,-2.5917,51.4535,64,machine,0.0,0.0,24.4,209.07025146484375,N,1.0,0.0
2026-09-27T12:48:05,mobilenet_v3_small_batch20_node_1_exchange,4d2eaae4-b419-47d2-82dd-7cbabf94290a,5b0fa12a-3dd7-45bb-9766-cc326314d9f1,10.9917440158315,0.00013735457140508822,1.2496158135347338e-05,115.7435653392,146.97614198296864,6.0,0.00025477804239899495,0.00032333275865426003,7.594180060550572e-09,0.0005781183952333156,0.0,United Kingdom,GBR,england,,,Linux-6.4.0-150600.23.73_15.0.14-cray_shasta_c_64k-aarch64-with-glibc2.38,3.11.7,3.3.0,72,Neoverse-V2,1,1 x NVIDIA GH200 120GB,-2.5917,51.4535,64,machine,11.685714285714285,0.0,24.400000000000002,209.06593540736608,N,1.0,0.0
2026-09-27T12:48:35,mobilenet_v3_small_batch20_node_0_evaluate,c931e3ed-aa2a-4f93-a671-9de336859cbd,5b0fa12a-3dd7-45bb-9766-cc326314d9f1,14.62493742723018,0.00020253281901554346,1.3848457131751381e-05,115.75615726656001,151.0281383742876,6.0,0.0003720779618347009,0.0004769539926883226,3.418365212079759e-06,0.0008524503197351033,0.0,United Kingdom,GBR,england,,,Linux-6.4.0-150600.23.73_15.0.14-cray_shasta_c_64k-aarch64-with-glibc2.38,3.11.7,3.3.0,72,Neoverse-V2,1,1 x NVIDIA GH200 120GB,-2.5917,51.4535,64,machine,2.1818181818181817,0.36363636363636365,24.38181818181818,208.99237060546875,N,1.0,0.0
2026-09-27T12:49:07,mobilenet_v3_small_batch20_node_1_evaluate,030d9f04-70f2-4c96-8099-ba533245e9be,5b0fa12a-3dd7-45bb-9766-cc326314d9f1,14.963544042082503,0.00020784963034976617,1.389040121546228e-05,115.75608097536,148.844035101974,6.0,0.0003828530639028923,0.0004887870576908426,3.18838624865748e-06,0.0008748285078423924,0.0,United Kingdom,GBR,england,,,Linux-6.4.0-150600.23.73_15.0.14-cray_shasta_c_64k-aarch64-with-glibc2.38,3.11.7,3.3.0,72,Neoverse-V2,1,1 x NVIDIA GH200 120GB,-2.5917,51.4535,64,machine,12.227272727272727,0.36363636363636365,24.481818181818184,209.50553755326703,N,1.0,0.0
2026-09-27T12:50:03,efficientnet_lite0_batch20_node_0_local_train,fc0cf7c0-f6b6-4cde-aa31-e26d2ccfa5da,5b0fa12a-3dd7-45bb-9766-cc326314d9f1,8.370582264149562,0.00010605496272399499,1.2669962420442207e-05,115.75140238080002,173.23033982429638,6.0,0.00017092716590488342,0.00026829660353655527,7.1561670202451445e-06,0.0004463799364616838,0.0,United Kingdom,GBR,england,,,Linux-6.4.0-150600.23.73_15.0.14-cray_shasta_c_64k-aarch64-with-glibc2.38,3.11.7,3.3.0,72,Neoverse-V2,1,1 x NVIDIA GH200 120GB,-2.5917,51.4535,64,machine,22.4,11.0,24.64,211.13240966796874,N,1.0,0.0
2026-09-27T12:50:20,efficientnet_lite0_batch20_node_0_evaluate,1671e399-be7c-403c-84fd-555fac746a5d,5b0fa12a-3dd7-45bb-9766-cc326314d9f1,12.620425855042413,0.00017069688196865059,1.3525445490450681e-05,115.79214151440002,157.50915267423676,6.0,0.0003078638115559428,0.00040705921449557536,3.5314561368431896e-06,0.0007184544821883614,0.0,United Kingdom,GBR,england,,,Linux-6.4.0-150600.23.73_15.0.14-cray_shasta_c_64k-aarch64-with-glibc2.38,3.11.7,3.3.0,72,Neoverse-V2,1,1 x NVIDIA GH200 120GB,-2.5917,51.4535,64,machine,4.0,1.0,24.699999999999996,211.80059136284723,N,1.0,0.0
2026-09-27T12:54:44,efficientnet_lite0_batch20_node_1_local_train,1344e5cd-c4dc-4982-996e-88bae2812104,5b0fa12a-3dd7-45bb-9766-cc326314d9f1,258.95854390901513,0.0045994194239740264,1.776121905284588e-05,115.73763769842267,149.80281370289057,6.0,0.008324372182622837,0.010612360712116242,0.0004219892008715154,0.019358722095610598,0.0,United Kingdom,GBR,england,,,Linux-6.4.0-150600.23.73_15.0.14-cray_shasta_c_64k-aarch64-with-glibc2.38,3.11.7,3.3.0,72,Neoverse-V2,1,1 x NVIDIA GH200 120GB,-2.5917,51.4535,64,machine,4.718217054263564,0.0,24.75155038759683,212.0998447625212,N,1.0,0.0
2026-09-27T12:55:19,efficientnet_lite0_batch20_node_1_evaluate,ee875dd0-fc74-4eb7-872b-9f5cdd074a11,5b0fa12a-3dd7-45bb-9766-cc326314d9f1,6.018893284955993,5.5385512885049656e-05,9.201942992324477e-06,115.73613109440001,159.4848703868174,6.0,9.544027733091474e-05,0.000134428718666868,3.245806813162441e-06,0.0002331148028109452,0.0,United Kingdom,GBR,england,,,Linux-6.4.0-150600.23.73_15.0.14-cray_shasta_c_64k-aarch64-with-glibc2.38,3.11.7,3.3.0,72,Neoverse-V2,1,1 x NVIDIA GH200 120GB,-2.5917,51.4535,64,machine,6.8,3.5,25.0,214.37033081054688,N,1.0,0.0
2026-09-27T12:59:05,mobilevit_xxs_batch20_node_0_local_train,49792ae2-a6d4-4fef-acdf-6970ef76d6ee,5b0fa12a-3dd7-45bb-9766-cc326314d9f1,11.003253618022427,0.00015258247173069954,1.386703215499659e-05,115.75146858788573,158.19933139461605,6.0,0.00025540416512771807,0.00037530668913632326,1.1500997844850645e-05,0.000642211852108892,0.0,United Kingdom,GBR,england,,,Linux-6.4.0-150600.23.73_15.0.14-cray_shasta_c_64k-aarch64-with-glibc2.38,3.11.7,3.3.0,72,Neoverse-V2,1,1 x NVIDIA GH200 120GB,-2.5917,51.4535,64,machine,9.728571428571428,13.428571428571429,25.0,214.32015555245536,N,1.0,0.0
2026-09-27T12:59:20,mobilevit_xxs_batch20_node_0_evaluate,763fecba-1945-4bc5-b73a-053bb5aea446,5b0fa12a-3dd7-45bb-9766-cc326314d9f1,12.730368144111708,0.0001712116374401521,1.3449071975137196e-05,115.73863937280001,156.73576320909135,6.0,0.0003108319844290846,0.000406071991534418,3.717085786629468e-06,0.000720621061750132,0.0,United Kingdom,GBR,england,,,Linux-6.4.0-150600.23.73_15.0.14-cray_shasta_c_64k-aarch64-with-glibc2.38,3.11.7,3.3.0,72,Neoverse-V2,1,1 x NVIDIA GH200 120GB,-2.5917,51.4535,64,machine,8.97777777777778,1.8888888888888888,25.0,214.38353135850696,N,1.0,0.0
2026-09-27T12:59:56,mobilevit_xxs_batch20_node_1_local_train,cba105d9-3478-4538-bafd-10cfe873309e,5b0fa12a-3dd7-45bb-9766-cc326314d9f1,4.576911513926461,2.9141571530247415e-05,6.367082134224464e-06,115.756799184,89.5091636262658,6.0,4.7621836922988184e-05,7.25950580999779e-05,2.4384952949670453e-06,0.00012265539031793314,0.0,United Kingdom,GBR,england,,,Linux-6.4.0-150600.23.73_15.0.14-cray_shasta_c_64k-aarch64-with-glibc2.38,3.11.7,3.3.0,72,Neoverse-V2,1,1 x NVIDIA GH200 120GB,-2.5917,51.4535,64,machine,0.0,19.0,25.0,213.95220947265625,N,1.0,0.0
2026-09-27T13:00:16,mobilevit_xxs_batch20_node_1_evaluate,364ed2f7-2cf8-4b26-af1a-88b2be5fe245,5b0fa12a-3dd7-45bb-9766-cc326314d9f1,13.724842584924772,0.0001891693286958423,1.3782987129019895e-05,115.7665995072,157.5178087103851,6.0,0.00034290639418957955,0.000449882026572368,3.41564885340631e-06,0.0007962040696153539,0.0,United Kingdom,GBR,england,,,Linux-6.4.0-150600.23.73_15.0.14-cray_shasta_c_64k-aarch64-with-glibc2.38,3.11.7,3.3.0,72,Neoverse-V2,1,1 x NVIDIA GH200 120GB,-2.5917,51.4535,64,machine,0.0,2.2,24.98,213.65963134765624,N,1.0,0.0
2026-09-27T13:01:03,mobilevit_xxs_batch20_node_0_upload,693e9b9c-94e6-4481-9de4-a5e5240864c9,5b0fa12a-3dd7-45bb-9766-cc326314d9f1,31.186063615139574,0.0004907589498757573,1.5736482678035507e-05,115.73132145964136,148.7021320836274,6.0,0.0009041401859882361,0.0011614298180404603,9.420421750595174e-09,0.002065579424450447,0.0,United Kingdom,GBR,england,,,Linux-6.4.0-150600.23.73_15.0.14-cray_shasta_c_64k-aarch64-with-glibc2.38,3.11.7,3.3.0,72,Neoverse-V2,1,1 x NVIDIA GH200 120GB,-2.5917,51.4535,64,machine,5.578571428571428,0.0,25.0,213.94082641601562,N,1.0,0.0
2026-09-27T13:11:55,mobilevit_xxs_batch20_node_1_upload,f63ee4cc-c33d-4c8e-a5da-2682185b9949,5b0fa12a-3dd7-45bb-9766-cc326314d9f1,637.0646042260341,0.011410293113862843,1.7910731561872186e-05,115.7311858579459,147.3081792950159,6.0,0.020478386409340098,0.02606870002162509,0.0014782561306131538,0.048025342561578366,0.0,United Kingdom,GBR,england,,,Linux-6.4.0-150600.23.73_15.0.14-cray_shasta_c_64k-aarch64-with-glibc2.38,3.11.7,3.3.0,72,Neoverse-V2,1,1 x NVIDIA GH200 120GB,-2.5917,51.4535,64,machine,4.804088050314464,0.0,24.90911949685545,213.44028199393793,N,1.0,0.0
2026-09-27T13:12:47,mobilenet_v3_small_batch21_node_0_local_train,c1329f26-f98a-45cd-a3eb-cf0d3bc3d26f,5b0fa12a-3dd7-45bb-9766-cc326314d9f1,10.197050998918712,0.00012999400491846456,1.2748196015911761e-05,115.63488588960001,213.1289422901351,6.0,0.00022754693177138696,0.0003077988573352286,1.1792356676499669e-05,0.0005471381457831153,0.0,United Kingdom,GBR,england,,,Linux-6.4.0-150600.23.73_15.0.14-cray_shasta_c_64k-aarch64-with-glibc2.38,3.11.7,3.3.0,72,Neoverse-V2,1,1 x NVIDIA GH200 120GB,-2.5917,51.4535,64,machine,0.0,5.428571428571429,24.47142857142857,209.4146990094866,N,1.0,0.0
2026-09-27T13:13:07,mobilenet_v3_small_batch21_node_0_evaluate,0128c0e7-8a4a-497b-a841-d5d2bd357422,5b0fa12a-3dd7-45bb-9766-cc326314d9f1,8.8296103940811,9.759423714327888e-05,1.1053062681984343e-05,117.52417779840002,74.96857475364331,6.0,0.0001784221741329502,0.00022339990093200868,8.947098353334392e-06,0.0004107691734182933,0.0,United Kingdom,GBR,england,,,Linux-6.4.0-150600.23.73_15.0.14-cray_shasta_c_64k-aarch64-with-glibc2.38,3.11.7,3.3.0,72,Neoverse-V2,1,1 x NVIDIA GH200 120GB,-2.5917,51.4535,64,machine,13.939999999999998,0.8,24.46,209.32454833984374,N,1.0,0.0
2026-09-27T13:13:28,mobilenet_v3_small_batch21_node_1_local_train,a67374ae-1cf4-4beb-ad2e-3835c8f4140a,5b0fa12a-3dd7-45bb-9766-cc326314d9f1,6.121747245080769,3.3774327907420405e-07,5.5171059103363543e-08,115.77242972159999,80.23509317991673,6.0,3.5513953445637556e-05,4.844837209816433e-05,1.8169036069108794e-06,8.577922915071276e-05,0.0,Canada,CAN,quebec,,,Linux-6.4.0-150600.23.73_15.0.14-cray_shasta_c_64k-aarch64-with-glibc2.38,3.11.7,3.3.0,72,Neoverse-V2,1,1 x NVIDIA GH200 120GB,-71.2,46.8,64,machine,0.0,12.0,24.5,209.74847412109375,N,1.0,0.0
2026-09-27T13:14:58,mobilenet_v3_small_batch21_node_1_evaluate,5017a6c8-ae58-4a73-ac03-b7302a84d268,5b0fa12a-3dd7-45bb-9766-cc326314d9f1,63.760700420010835,0.0010605647431925754,1.6633517765744692e-05,115.71193204770186,147.42188630529859,6.0,0.0019286489770872328,0.002456953076659829,7.826093314448372e-05,0.004463862986891546,0.0,United Kingdom,GBR,england,,,Linux-6.4.0-150600.23.73_15.0.14-cray_shasta_c_64k-aarch64-with-glibc2.38,3.11.7,3.3.0,72,Neoverse-V2,1,1 x NVIDIA GH200 120GB,-2.5917,51.4535,64,machine,5.803333333333334,0.05,24.74833333333331,211.82262268066407,N,1.0,0.0
2026-09-27T13:15:16,mobilenet_v3_small_batch21_node_0_exchange,d82e88ca-927f-403c-ae4b-1b511a67e8fb,5b0fa12a-3dd7-45bb-9766-cc326314d9f1,4.0795345769729465,1.8449970784740565e-05,4.522567571526902e-06,115.7111828352,160.17537312078173,6.0,3.2631595313103514e-05,4.50180915834153e-05,5.300433452551564e-09,7.765498732997136e-05,0.0,United Kingdom,GBR,england,,,Linux-6.4.0-150600.23.73_15.0.14-cray_shasta_c_64k-aarch64-with-glibc2.38,3.11.7,3.3.0,72,Neoverse-V2,1,1 x NVIDIA GH200 120GB,-2.5917,51.4535,64,machine,0.0,0.0,24.8,212.2230224609375,N,1.0,0.0
2026-09-27T13:15:34,mobilenet_v3_small_batch21_node_1_exchange,a9eec886-9a81-4a4e-b027-f7b903e86f70,5b0fa12a-3dd7-45bb-9766-cc326314d9f1,6.528003341984004,4.320684429993769e-07,6.61869212321913e-08,115.7308416,147.3136875982477,6.0,4.839659614419031e-05,6.132921572543637e-05,9.896513462687533e-09,0.00010973570838308938,0.0,Canada,CAN,quebec,,,Linux-6.4.0-150600.23.73_15.0.14-cray_shasta_c_64k-aarch64-with-glibc2.38,3.11.7,3.3.0,72,Neoverse-V2,1,1 x NVIDIA GH200 120GB,-71.2,46.8,64,machine,0.0,0.0,24.8,212.16876220703125,N,1.0,0.0
2026-09-27T13:15:52,mobilenet_v3_small_batch21_node_0_evaluate,59395768-3561-4a58-8ed1-b8ee240ae2d1,5b0fa12a-3dd7-45bb-9766-cc326314d9f1,15.69051542202942,0.00021963002614333441,1.3997629793281025e-05,115.7766429154909,150.39127076735926,6.0,0.0004030027756367351,0.0005177601364323436,3.6486816635200134e-06,0.0009244115937325988,0.0,United Kingdom,GBR,england,,,Linux-6.4.0-150600.23.73_15.0.14-cray_shasta_c_64k-aarch64-with-glibc2.38,3.11.7,3.3.0,72,Neoverse-V2,1,1 x NVIDIA GH200 120GB,-2.5917,51.4535,64,machine,0.0,0.3333333333333333,24.783333333333335,212.03180440266928,N,1.0,0.0
2026-09-27T13:16:29,mobilenet_v3_small_batch21_node_1_evaluate,4afbe561-c2c7-4158-bb42-d105158493fd,5b0fa12a-3dd7-45bb-9766-cc326314d9f1,14.134322321042418,0.00019269013833212126,1.363278224137103e-05,115.78452941952003,147.24888572747838,6.0,0.000355873589733952,0.0004519009170849131,3.2484712319759033e-06,0.000811022978050841,0.0,United Kingdom,GBR,england,,,Linux-6.4.0-150600.23.73_15.0.14-cray_shasta_c_64k-aarch64-with-glibc2.38,3.11.7,3.3.0,72,Neoverse-V2,1,1 x NVIDIA GH200 120GB,-2.5917,51.4535,64,machine,10.345454545454546,0.36363636363636365,24.781818181818185,212.00473854758522,N,1.0,0.0
2026-09-27T13:16:53,efficientnet_lite0_batch21_node_0_local_train,b528fe7b-16cd-490e-a4de-6c7caf54af4e,5b0fa12a-3dd7-45bb-9766-cc326314d9f1,10.575437183957547,0.00014185894458420794,1.3414002855541655e-05,115.76050125120001,165.48442095679218,6.0,0.00023714568039033925,0.00035190472596013933,8.026666174797964e-06,0.0005970770725252766,0.0,United Kingdom,GBR,england,,,Linux-6.4.0-150600.23.73_15.0.14-cray_shasta_c_64k-aarch64-with-glibc2.38,3.11.7,3.3.0,72,Neoverse-V2,1,1 x NVIDIA GH200 120GB,-2.5917,51.4535,64,machine,7.871428571428571,10.142857142857142,24.985714285714284,213.81501116071428,N,1.0,0.0
2026-09-27T13:18:50,efficientnet_lite0_batch21_node_0_evaluate,46b13e33-a711-44e7-8faf-301eb802b025,5b0fa12a-3dd7-45bb-9766-cc326314d9f1,6.310417660977691,6.034698110152593e-05,9.563072421449866e-06,115.73756040960001,160.52889333380745,6.0,0.00010478935240061152,0.00014548150528526094,3.7265121482778343e-06,0.0002539973698341503,0.0,United Kingdom,GBR,england,,,Linux-6.4.0-150600.23.73_15.0.14-cray_shasta_c_64k-aarch64-with-glibc2.38,3.11.7,3.3.0,72,Neoverse-V2,1,1 x NVIDIA GH200 120GB,-2.5917,51.4535,64,machine,12.0,3.0,25.100000000000005,214.84708658854166,N,1.0,0.0
2026-09-27T13:19:07,efficientnet_lite0_batch21_node_1_local_train,375e1f2c-6f3f-4694-8084-db40ac7bccb3,5b0fa12a-3dd7-45bb-9766-cc326314d9f1,12.745050702011213,0.0001712912764275621,1.3439826991079115e-05,115.7563229184,177.19822643795578,6.0,0.0003108078499745882,0.0004088433826439086,1.3050255734318247e-06,0.0007209562581919286,0.0,United Kingdom,GBR,england,,,Linux-6.4.0-150600.23.73_15.0.14-cray_shasta_c_64k-aarch64-with-glibc2.38,3.11.7,3.3.0,72,Neoverse-V2,1,1 x NVIDIA GH200 120GB,-2.5917,51.4535,64,machine,0.0,2.0,25.077777777777772,214.63330756293402,N,1.0,0.0
2026-09-27T13:19:58,efficientnet_lite0_batch21_node_1_evaluate,161a819c-be85-4b0a-83bd-c531d594d86f,5b0fa12a-3dd7-45bb-9766-cc326314d9f1,14.962757488014176,0.00021013774874196375,1.4044052301876393e-05,115.74892997568001,159.0473279687513,6.0,0.00038070978059196413,0.0005004751226067583,3.274178416856254e-06,0.0008844590816155788,0.0,United Kingdom,GBR,england,,,Linux-6.4.0-150600.23.73_15.0.14-cray_shasta_c_64k-aarch64-with-glibc2.38,3.11.7,3.3.0,72,Neoverse-V2,1,1 x NVIDIA GH200 120GB,-2.5917,51.4535,64,machine,3.027272727272727,1.1818181818181819,25.099999999999998,214.81142911044034,N,1.0,0.0
2026-09-27T13:20:16,efficientnet_lite0_batch21_node_0_upload,2fb87c2b-2e2c-472f-98f7-4a62016fd013,5b0fa12a-3dd7-45bb-9766-cc326314d9f1,3.1830137912184,4.23146785618361e-07,1.3293903620077878e-07,115.7308416,0.0,6.0,1.775532386965275e-06,0.0,5.470881781851252e-09,1.7810032687471264e-06,0.0,United Kingdom,GBR,england,,,Linux-6.4.0-150600.23.73_15.0.14-cray_shasta_c_64k-aarch64-with-glibc2.38,3.11.7,3.3.0,72,Neoverse-V2,1,1 x NVIDIA GH200 120GB,-2.5917,51.4535,64,machine,0,0,0,0,N,1.0,0.0
2026-09-27T13:20:46,mobilevit_xxs_batch21_node_0_local_train,de77da15-0da4-4738-a5d1-e9328dc460ac,5b0fa12a-3dd7-45bb-9766-cc326314d9f1,22.02835587807931,0.0003454520915366125,1.568215501186705e-05,115.75313278848,164.75001191161024,6.0,0.0006088354171020246,0.0008324828881995927,1.2671953239866222e-05,0.0014539902585414834,0.0,United Kingdom,GBR,england,,,Linux-6.4.0-150600.23.73_15.0.14-cray_shasta_c_64k-aarch64-with-glibc2.38,3.11.7,3.3.0,72,Neoverse-V2,1,1 x NVIDIA GH200 120GB,-2.5917,51.4535,64,machine,3.5888888888888886,5.944444444444445,25.088888888888896,214.63945855034723,N,1.0,0.0
2026-09-27T13:22:43,mobilevit_xxs_batch21_node_0_evaluate,d1acd51d-1cd0-469a-8875-879189628739,5b0fa12a-3dd7-45bb-9766-cc326314d9f1,15.192618747940287,0.0002056122040700456,1.3533690766637655e-05,115.76585082816001,154.33288237643103,6.0,0.0003738575511636413,0.0004876870568466529,3.866686578451967e-06,0.0008654112945887462,0.0,United Kingdom,GBR,england,,,Linux-6.4.0-150600.23.73_15.0.14-cray_shasta_c_64k-aarch64-with-glibc2.38,3.11.7,3.3.0,72,Neoverse-V2,1,1 x NVIDIA GH200 120GB,-2.5917,51.4535,64,machine,0.0,2.0,25.099999999999998,214.87129905007103,N,1.0,0.0
2026-09-27T13:23:09,mobilevit_xxs_batch21_node_1_local_train,d9094004-8d33-4366-a9c5-ae5a50c44321,5b0fa12a-3dd7-45bb-9766-cc326314d9f1,13.327007547020912,0.00018197805549489645,1.3654832478546574e-05,115.76353628160001,163.85744009963085,6.0,0.00033031952856512465,0.000433448680098536,2.1681583183817565e-06,0.0007659363669820423,0.0,United Kingdom,GBR,england,,,Linux-6.4.0-150600.23.73_15.0.14-cray_shasta_c_64k-aarch64-with-glibc2.38,3.11.7,3.3.0,72,Neoverse-V2,1,1 x NVIDIA GH200 120GB,-2.5917,51.4535,64,machine,3.3299999999999996,2.5,25.099999999999998,215.00396728515625,N,1.0,0.0
2026-09-27T13:23:34,mobilevit_xxs_batch21_node_1_evaluate,541a358c-8c92-435e-937b-ad0bd4cdf5ca,5b0fa12a-3dd7-45bb-9766-cc326314d9f1,5.141234137816355,3.8911423562021944e-05,7.568498636506148e-06,115.74100379520002,81.32699221776282,6.0,6.722591057055286e-05,9.311035222481223e-05,3.439937121390054e-06,0.00016377619991675516,0.0,United Kingdom,GBR,england,,,Linux-6.4.0-150600.23.73_15.0.14-cray_shasta_c_64k-aarch64-with-glibc2.38,3.11.7,3.3.0,72,Neoverse-V2,1,1 x NVIDIA GH200 120GB,-2.5917,51.4535,64,machine,0.0,6.5,25.1,214.86114501953125,N,1.0,0.0
2026-09-27T13:24:10,mobilevit_xxs_batch21_node_0_upload,7ab70cd9-dfef-4ebb-86db-6c9a02dda914,5b0fa12a-3dd7-45bb-9766-cc326314d9f1,13.057897180086002,0.0001739660743862767,1.3322671482785477e-05,115.73517210624,147.93790147929855,6.0,0.00032146849602051583,0.0004107383841471801,7.466398334751527e-09,0.0007322143465660308,0.0,United Kingdom,GBR,england,,,Linux-6.4.0-150600.23.73_15.0.14-cray_shasta_c_64k-aarch64-with-glibc2.38,3.11.7,3.3.0,72,Neoverse-V2,1,1 x NVIDIA GH200 120GB,-2.5917,51.4535,64,machine,0.0,0.0,25.099999999999998,214.92823486328126,N,1.0,0.0
2026-09-27T13:24:32,mobilevit_xxs_batch21_node_1_upload,004a27cb-c7f9-4ebe-ac96-a3f1b0fd2c66,5b0fa12a-3dd7-45bb-9766-cc326314d9f1,5.653084521880373,4.522884079095731e-05,8.000736697974037e-06,115.7308416,148.16807249192706,6.0,8.358051263894653e-05,0.0001067781409744839,7.2336581069976095e-09,0.00019036588727153745,0.0,United Kingdom,GBR,england,,,Linux-6.4.0-150600.23.73_15.0.14-cray_shasta_c_64k-aarch64-with-glibc2.38,3.11.7,3.3.0,72,Neoverse-V2,1,1 x NVIDIA GH200 120GB,-2.5917,51.4535,64,machine,36.15,0.0,25.1,214.91647338867188,N,1.0,0.0
2026-09-27T13:25:33,mobilenet_v3_small_batch22_node_0_local_train,6b2cd638-1c0b-4146-b618-4ae52be0b1bf,5b0fa12a-3dd7-45bb-9766-cc326314d9f1,7.599982561077923,8.491993007571598e-05,1.1173700649080383e-05,119.70693082368001,78.53083973714813,6.0,0.0001553776844101949,0.00019452210005965753,7.523876035120338e-06,0.0003574236605049728,0.0,United Kingdom,GBR,england,,,Linux-6.4.0-150600.23.73_15.0.14-cray_shasta_c_64k-aarch64-with-glibc2.38,3.11.7,3.3.0,72,Neoverse-V2,1,1 x NVIDIA GH200 120GB,-2.5917,51.4535,64,machine,0.0,7.25,24.75,211.77699279785156,N,1.0,0.0
2026-09-27T13:25:57,mobilenet_v3_small_batch22_node_0_evaluate,1c9b150c-3e1b-4a0b-a0e8-92d163070aae,5b0fa12a-3dd7-45bb-9766-cc326314d9f1,11.79999037203379,0.00015382427454119677,1.3035966106020165e-05,115.6823557344,147.91747824958617,6.0,0.00028083865419549584,0.00035812250874300844,8.477373951657985e-06,0.0006474385368901623,0.0,United Kingdom,GBR,england,,,Linux-6.4.0-150600.23.73_15.0.14-cray_shasta_c_64k-aarch64-with-glibc2.38,3.11.7,3.3.0,72,Neoverse-V2,1,1 x NVIDIA GH200 120GB,-2.5917,51.4535,64,machine,13.612499999999999,0.875,24.800000000000004,212.19896697998047,N,1.0,0.0
2026-09-27T13:28:13,mobilenet_v3_small_batch22_node_1_local_train,21b4caef-137b-40eb-aa45-41d267da24ab,5b0fa12a-3dd7-45bb-9766-cc326314d9f1,11.875834550941363,0.00015380970305478787,1.2951485842533553e-05,115.75485505440001,150.13083864292696,6.0,0.0002836603852963506,0.00036218001196175464,1.5368089879242082e-06,0.0006473772062460293,0.0,United Kingdom,GBR,england,,,Linux-6.4.0-150600.23.73_15.0.14-cray_shasta_c_64k-aarch64-with-glibc2.38,3.11.7,3.3.0,72,Neoverse-V2,1,1 x NVIDIA GH200 120GB,-2.5917,51.4535,64,machine,0.0,0.0,24.775000000000002,211.88651275634766,N,1.0,0.0
2026-09-27T13:29:07,mobilenet_v3_small_batch22_node_1_evaluate,66cb4370-cad4-46c4-8664-62d55d052454,5b0fa12a-3dd7-45bb-9766-cc326314d9f1,15.165326385060325,0.00021136032056900977,1.3937076934738784e-05,115.74263644101819,148.6256032600649,6.0,0.00038893177609455084,0.0004972962311740048,3.3768168984291455e-06,0.0008896048241669849,0.0,United Kingdom,GBR,england,,,Linux-6.4.0-150600.23.73_15.0.14-cray_shasta_c_64k-aarch64-with-glibc2.38,3.11.7,3.3.0,72,Neoverse-V2,1,1 x NVIDIA GH200 120GB,-2.5917,51.4535,64,machine,9.266666666666667,0.3333333333333333,24.79166666666667,212.09317016601562,N,1.0,0.0
2026-09-27T13:30:01,mobilenet_v3_small_batch22_node_0_upload,3fa4793a-26a2-47ce-a695-449fa29870b4,5b0fa12a-3dd7-45bb-9766-cc326314d9f1,12.656380221014842,0.00016657929535950723,1.3161685446437243e-05,115.73930727936002,147.6145406536989,6.0,0.0003081879833579622,0.0003929303143479501,5.472163514544567e-09,0.0007011237698694268,0.0,United Kingdom,GBR,england,,,Linux-6.4.0-150600.23.73_15.0.14-cray_shasta_c_64k-aarch64-with-glibc2.38,3.11.7,3.3.0,72,Neoverse-V2,1,1 x NVIDIA GH200 120GB,-2.5917,51.4535,64,machine,0.0,0.0,24.688888888888883,211.72142876519098,N,1.0,0.0
2026-09-27T13:30:20,mobilenet_v3_small_batch22_node_0_exchange,f4ae8621-aad2-40e6-857b-f1abe0230caf,5b0fa12a-3dd7-45bb-9766-cc326314d9f1,3.175222669960931,1.0356256527558352e-07,3.26158433722879e-08,115.7111828352,0.0,6.0,4.2948281449885703e-07,0.0,6.406748046477636e-09,4.3588956254533465e-07,0.0,United Kingdom,GBR,england,,,Linux-6.4.0-150600.23.73_15.0.14-cray_shasta_c_64k-aarch64-with-glibc2.38,3.11.7,3.3.0,72,Neoverse-V2,1,1 x NVIDIA GH200 120GB,-2.5917,51.4535,64,machine,0,0,0,0,N,1.0,0.0
2026-09-27T13:33:14,mobilenet_v3_small_batch22_node_1_exchange,870a3e0c-612e-4d97-bff6-df7fbbebb09d,5b0fa12a-3dd7-45bb-9766-cc326314d9f1,13.339117652969435,0.00017897485238075098,1.341729318512377e-05,115.74055104349091,148.53792985259878,6.0,0.00032996209589892237,0.00042332839419145785,5.547944844389955e-09,0.0007532960380352246,0.0,United Kingdom,GBR,england,,,Linux-6.4.0-150600.23.73_15.0.14-cray_shasta_c_64k-aarch64-with-glibc2.38,3.11.7,3.3.0,72,Neoverse-V2,1,1 x NVIDIA GH200 120GB,-2.5917,51.4535,64,machine,4.09,0.0,24.260000000000005,207.736181640625,N,1.0,0.0
2026-09-27T13:33:37,mobilenet_v3_small_batch22_node_0_evaluate,fe49fe50-f9a8-485f-81b6-938129cf8d88,5b0fa12a-3dd7-45bb-9766-cc326314d9f1,6.151895703049377,5.525578851171701e-05,8.981912434622027e-06,115.766136,149.6277723619133,6.0,9.96208477726286e-05,0.0001294762147097117,3.471737048433473e-06,0.00023256879953077378,0.0,United Kingdom,GBR,england,,,Linux-6.4.0-150600.23.73_15.0.14-cray_shasta_c_64k-aarch64-with-glibc2.38,3.11.7,3.3.0,72,Neoverse-V2,1,1 x NVIDIA GH200 120GB,-2.5917,51.4535,64,machine,0.0,1.3333333333333333,24.3,208.20184326171875,N,1.0,0.0
2026-09-27T13:34:14,mobilenet_v3_small_batch22_node_1_evaluate,6484fdad-e10c-4e14-b7ff-4a5ba12230e5,5b0fa12a-3dd7-45bb-9766-cc326314d9f1,12.083237908082083,0.00015793803922482374,1.3070837504505654e-05,115.75094564880001,149.63208274785097,6.0,0.0002904283646969409,0.00037101140790696263,3.3133903153551122e-06,0.0006647531629192586,0.0,United Kingdom,GBR,england,,,Linux-6.4.0-150600.23.73_15.0.14-cray_shasta_c_64k-aarch64-with-glibc2.38,3.11.7,3.3.0,72,Neoverse-V2,1,1 x NVIDIA GH200 120GB,-2.5917,51.4535,64,machine,15.02222222222222,0.5555555555555556,24.300000000000004,208.06315104166666,N,1.0,0.0
2026-09-27T13:36:19,efficientnet_lite0_batch22_node_0_local_train,99a4c77c-f19c-4717-b7be-a9fa92780ee5,5b0fa12a-3dd7-45bb-9766-cc326314d9f1,15.353332870872691,0.00022286161383990025,1.451552022705756e-05,115.74975096576003,166.99428113951092,6.0,0.0003954174703884342,0.0005376868190296591,4.908892336534336e-06,0.0009380131817546278,0.0,United Kingdom,GBR,england,,,Linux-6.4.0-150600.23.73_15.0.14-cray_shasta_c_64k-aarch64-with-glibc2.38,3.11.7,3.3.0,72,Neoverse-V2,1,1 x NVIDIA GH200 120GB,-2.5917,51.4535,64,machine,0.0,3.4166666666666665,24.39166666666667,208.86729431152344,N,1.0,0.0
2026-09-27T13:37:24,efficientnet_lite0_batch22_node_0_evaluate,589c7384-98e9-4688-809e-bf414cd972c8,5b0fa12a-3dd7-45bb-9766-cc326314d9f1,5.165402841055766,3.9908914624510594e-05,7.72619597203643e-06,115.74117279360001,82.69061980805724,6.0,6.807750679249774e-05,9.639452153464845e-05,3.502560666917513e-06,0.0001679745889940637,0.0,United Kingdom,GBR,england,,,Linux-6.4.0-150600.23.73_15.0.14-cray_shasta_c_64k-aarch64-with-glibc2.38,3.11.7,3.3.0,72,Neoverse-V2,1,1 x NVIDIA GH200 120GB,-2.5917,51.4535,64,machine,0.0,7.5,24.7,211.238037109375,N,1.0,0.0
2026-09-27T13:37:42,efficientnet_lite0_batch22_node_1_local_train,a1163617-67a5-444e-baca-298fb7c91ea6,5b0fa12a-3dd7-45bb-9766-cc326314d9f1,3.697374357841909,1.2624924329204863e-05,3.4145647985111805e-06,115.79515223039999,88.5747995870721,6.0,2.097228584753791e-05,3.11058581985435e-05,1.059519436676055e-06,5.313766348275747e-05,0.0,United Kingdom,GBR,england,,,Linux-6.4.0-150600.23.73_15.0.14-cray_shasta_c_64k-aarch64-with-glibc2.38,3.11.7,3.3.0,72,Neoverse-V2,1,1 x NVIDIA GH200 120GB,-2.5917,51.4535,64,machine,0,0,0,0,N,1.0,0.0
2026-09-27T13:38:02,efficientnet_lite0_batch22_node_1_evaluate,4f95b479-ede6-40c8-a6a5-099319b6f97b,5b0fa12a-3dd7-45bb-9766-cc326314d9f1,5.054987981915474,3.7996881095411936e-05,7.5167104711916394e-06,115.751124,83.63751409378217,6.0,6.436818906534303e-05,9.224479600788982e-05,3.3139521814882756e-06,0.0001599269372547211,0.0,United Kingdom,GBR,england,,,Linux-6.4.0-150600.23.73_15.0.14-cray_shasta_c_64k-aarch64-with-glibc2.38,3.11.7,3.3.0,72,Neoverse-V2,1,1 x NVIDIA GH200 120GB,-2.5917,51.4535,64,machine,37.0,8.0,25.0,213.96929931640625,N,1.0,0.0
2026-09-27T13:38:30,efficientnet_lite0_batch22_node_0_upload,c6a75d84-9b14-428d-b617-fa04e4037c3c,5b0fa12a-3dd7-45bb-9766-cc326314d9f1,4.109218260040507,1.7775421054652334e-05,4.325742739806941e-06,115.7308416,140.61578060171158,6.0,3.3831522699271204e-05,4.097892167465034e-05,5.397498607635498e-09,7.481584187252918e-05,0.0,United Kingdom,GBR,england,,,Linux-6.4.0-150600.23.73_15.0.14-cray_shasta_c_64k-aarch64-with-glibc2.38,3.11.7,3.3.0,72,Neoverse-V2,1,1 x NVIDIA GH200 120GB,-2.5917,51.4535,64,machine,0.0,0.0,24.9,213.36859130859375,N,1.0,0.0
2026-09-27T13:38:51,efficientnet_lite0_batch22_node_1_upload,ca0d72ce-c82a-4196-b87f-68077b0a5c07,5b0fa12a-3dd7-45bb-9766-cc326314d9f1,5.704866033047438,4.548883424578236e-05,7.97369017646906e-06,115.7308416,145.6453035316321,6.0,8.485256037821008e-05,0.00010660230748271715,5.318619854127367e-09,0.00019146018648078135,0.0,United Kingdom,GBR,england,,,Linux-6.4.0-150600.23.73_15.0.14-cray_shasta_c_64k-aarch64-with-glibc2.38,3.11.7,3.3.0,72,Neoverse-V2,1,1 x NVIDIA GH200 120GB,-2.5917,51.4535,64,machine,0.0,0.0,24.9,213.4927978515625,N,1.0,0.0
2026-09-27T13:41:13,mobilevit_xxs_batch22_node_0_local_train,54ac7fbf-bbe4-417f-8457-76422af2b8cd,5b0fa12a-3dd7-45bb-9766-cc326314d9f1,118.39416994806379,0.002103834498872588,1.776974744445171e-05,115.7278470738286,149.6055270801428,6.0,0.0038056780679706515,0.004882683350587058,0.0001665708336618263,0.008854932252219538,0.0,United Kingdom,GBR,england,,,Linux-6.4.0-150600.23.73_15.0.14-cray_shasta_c_64k-aarch64-with-glibc2.38,3.11.7,3.3.0,72,Neoverse-V2,1,1 x NVIDIA GH200 120GB,-2.5917,51.4535,64,machine,4.906779661016948,0.6864406779661016,24.98728813559322,213.94813408285884,N,1.0,0.0
2026-09-27T13:41:39,mobilevit_xxs_batch22_node_0_evaluate,6f89250d-a766-4148-a509-03550ce345de,5b0fa12a-3dd7-45bb-9766-cc326314d9f1,14.72729742503725,0.00020585505634166862,1.397778902677033e-05,115.75423929024001,153.4513758112517,6.0,0.000375562970253516,0.0004871501119509958,3.7203652264239885e-06,0.0008664334474309358,0.0,United Kingdom,GBR,england,,,Linux-6.4.0-150600.23.73_15.0.14-cray_shasta_c_64k-aarch64-with-glibc2.38,3.11.7,3.3.0,72,Neoverse-V2,1,1 x NVIDIA GH200 120GB,-2.5917,51.4535,64,machine,6.054545454545454,1.5454545454545454,24.954545454545453,213.74876819957387,N,1.0,0.0
2026-09-27T13:43:11,mobilevit_xxs_batch22_node_1_local_train,a0ad4349-8d75-4a73-b95c-73c93689d9b6,5b0fa12a-3dd7-45bb-9766-cc326314d9f1,5.107158022932708,3.702054024942723e-05,7.248755586412958e-06,115.7523977088,155.3243253023898,6.0,6.59047436426044e-05,8.819062608722561e-05,1.7221986316144466e-06,0.00015581756836144446,0.0,United Kingdom,GBR,england,,,Linux-6.4.0-150600.23.73_15.0.14-cray_shasta_c_64k-aarch64-with-glibc2.38,3.11.7,3.3.0,72,Neoverse-V2,1,1 x NVIDIA GH200 120GB,-2.5917,51.4535,64,machine,14.05,6.5,25.0,213.91519165039062,N,1.0,0.0
2026-09-27T13:43:46,mobilevit_xxs_batch22_node_1_evaluate,6861b281-4eec-4fb8-8ed4-4c4f2e1f1f52,5b0fa12a-3dd7-45bb-9766-cc326314d9f1,14.092225949978456,0.0001944632039385671,1.379932486385264e-05,115.76919791520001,153.83147685777305,6.0,0.0003550833940238377,0.0004598653679011022,3.5369589567805328e-06,0.0008184857208817205,0.0,United Kingdom,GBR,england,,,Linux-6.4.0-150600.23.73_15.0.14-cray_shasta_c_64k-aarch64-with-glibc2.38,3.11.7,3.3.0,72,Neoverse-V2,1,1 x NVIDIA GH200 120GB,-2.5917,51.4535,64,machine,2.8000000000000003,1.4545454545454546,24.927272727272726,213.32155539772728,N,1.0,0.0
2026-09-27T13:44:06,mobilevit_xxs_batch22_node_0_upload,207c78d5-67a1-43ba-bfcb-af3bc4588d55,5b0fa12a-3dd7-45bb-9766-cc326314d9f1,4.07257140497677,1.755865275862322e-05,4.311441350584097e-06,115.7210122176,146.6361536930587,6.0,3.2721342618608134e-05,4.1176699625111723e-05,5.432911372433106e-09,7.390347515509229e-05,0.0,United Kingdom,GBR,england,,,Linux-6.4.0-150600.23.73_15.0.14-cray_shasta_c_64k-aarch64-with-glibc2.38,3.11.7,3.3.0,72,Neoverse-V2,1,1 x NVIDIA GH200 120GB,-2.5917,51.4535,64,machine,0.0,0.0,25.0,214.17755126953125,N,1.0,0.0
2026-09-27T13:44:26,mobilevit_xxs_batch22_node_1_upload,1e417d66-28fd-4435-99cc-bf99bda8ec87,5b0fa12a-3dd7-45bb-9766-cc326314d9f1,4.070876252138987,1.7536798975628733e-05,4.3078683530147246e-06,115.7308416,146.45655138285846,6.0,3.2636031786572456e-05,4.11700329436826e-05,5.428965281074246e-09,7.381149369553613e-05,0.0,United Kingdom,GBR,england,,,Linux-6.4.0-150600.23.73_15.0.14-cray_shasta_c_64k-aarch64-with-glibc2.38,3.11.7,3.3.0,72,Neoverse-V2,1,1 x NVIDIA GH200 120GB,-2.5917,51.4535,64,machine,0.0,0.0,25.0,213.97509765625,N,1.0,0.0
