timestamp,project_name,run_id,experiment_id,duration,emissions,emissions_rate,cpu_power,gpu_power,ram_power,cpu_energy,gpu_energy,ram_energy,energy_consumed,water_consumed,country_name,country_iso_code,region,cloud_provider,cloud_region,os,python_version,codecarbon_version,cpu_count,cpu_model,gpu_count,gpu_model,longitude,latitude,ram_total_size,tracking_mode,cpu_utilization_percent,gpu_utilization_percent,ram_utilization_percent,ram_used_gb,on_cloud,pue,wue
2026-09-26T20:09:56,mobilenet_v3_small_batch0_node_0_local_train,8c5c8868-7df0-4792-a193-890b2722841b,5b0fa12a-3dd7-45bb-9766-cc326314d9f1,57.62242122506723,0.0010000416926337523,1.7355079348847435e-05,115.62278616654547,125.25878860983285,6.0,0.0017520096484227084,0.0023663046708151114,9.081023044146908e-05,0.004209124549679288,0.0,United Kingdom,GBR,england,,,Linux-6.4.0-150600.23.73_15.0.14-cray_shasta_c_64k-aarch64-with-glibc2.38,3.11.7,3.3.0,72,Neoverse-V2,1,1 x NVIDIA GH200 120GB,-2.5917,51.4535,64,machine,5.7,4.037037037037037,26.962962962962987,230.95402809425636,N,1.0,0.0
2026-09-26T20:10:14,mobilenet_v3_small_batch0_node_0_evaluate,784299b7-5f97-4396-93b3-22495369f445,5b0fa12a-3dd7-45bb-9766-cc326314d9f1,15.725744715891778,0.00022658495548261832,1.440853578486754e-05,115.3750848048,155.17511007994918,6.0,0.0004063233539367987,0.0005279526445747251,1.940853857823337e-05,0.0009536845370897572,0.0,United Kingdom,GBR,england,,,Linux-6.4.0-150600.23.73_15.0.14-cray_shasta_c_64k-aarch64-with-glibc2.38,3.11.7,3.3.0,72,Neoverse-V2,1,1 x NVIDIA GH200 120GB,-2.5917,51.4535,64,machine,0.0,0.3333333333333333,26.90833333333333,230.65255737304688,N,1.0,0.0
2026-09-26T20:11:17,mobilenet_v3_small_batch0_node_1_local_train,b68effde-7403-4e9c-959d-197eca576130,5b0fa12a-3dd7-45bb-9766-cc326314d9f1,62.50555706513114,0.0010906878089985677,1.7449453459987003e-05,115.66910552630402,125.05103480869313,6.0,0.001911847556666658,0.002579775397137496,9.902648282198546e-05,0.004590649436626139,0.0,United Kingdom,GBR,england,,,Linux-6.4.0-150600.23.73_15.0.14-cray_shasta_c_64k-aarch64-with-glibc2.38,3.11.7,3.3.0,72,Neoverse-V2,1,1 x NVIDIA GH200 120GB,-2.5917,51.4535,64,machine,4.393220338983052,3.76271186440678,26.903389830508498,230.4633944236626,N,1.0,0.0
2026-09-26T20:12:01,mobilenet_v3_small_batch0_node_1_evaluate,847115e1-118c-4b12-981e-bd57af594fa6,5b0fa12a-3dd7-45bb-9766-cc326314d9f1,11.348598174052313,0.0001481676218926001,1.3056028561428305e-05,115.63682976000001,150.54066494786196,6.0,0.0002668542974443096,0.00034798722282403105,8.788453731297825e-06,0.0006236299739996384,0.0,United Kingdom,GBR,england,,,Linux-6.4.0-150600.23.73_15.0.14-cray_shasta_c_64k-aarch64-with-glibc2.38,3.11.7,3.3.0,72,Neoverse-V2,1,1 x NVIDIA GH200 120GB,-2.5917,51.4535,64,machine,0.0,0.625,26.900000000000002,230.44480895996094,N,1.0,0.0
2026-09-26T20:13:39,mobilenet_v3_small_batch0_node_2_local_train,2f2480de-d9d4-4b86-9a4a-303f58b7094a,5b0fa12a-3dd7-45bb-9766-cc326314d9f1,84.73309044912457,0.0015012712590429219,1.7717650224788092e-05,115.65521989693717,134.40200025082532,6.0,0.002625391274279313,0.0035573506236374897,0.00013603236790746452,0.006318774265824267,0.0,United Kingdom,GBR,england,,,Linux-6.4.0-150600.23.73_15.0.14-cray_shasta_c_64k-aarch64-with-glibc2.38,3.11.7,3.3.0,72,Neoverse-V2,1,1 x NVIDIA GH200 120GB,-2.5917,51.4535,64,machine,4.0814814814814815,3.8518518518518516,26.88641975308645,230.18115837191357,N,1.0,0.0
2026-09-26T20:15:19,mobilenet_v3_small_batch0_node_2_evaluate,4cb61d11-d495-4e7e-8d3c-2723fe2815b3,5b0fa12a-3dd7-45bb-9766-cc326314d9f1,25.751519115874544,0.0004048838908042798,1.5722718686319708e-05,115.45548696072608,100.45344907439203,6.0,0.000727603198391821,0.000941746031159596,3.478644509799779e-05,0.001704135674649415,0.0,United Kingdom,GBR,england,,,Linux-6.4.0-150600.23.73_15.0.14-cray_shasta_c_64k-aarch64-with-glibc2.38,3.11.7,3.3.0,72,Neoverse-V2,1,1 x NVIDIA GH200 120GB,-2.5917,51.4535,64,machine,6.418181818181818,0.22727272727272727,26.899999999999988,230.3724698153409,N,1.0,0.0
2026-09-26T20:30:15,mobilenet_v3_small_batch0_node_3_local_train,75309da8-1a1e-4853-84d2-74d195aa13cf,5b0fa12a-3dd7-45bb-9766-cc326314d9f1,74.6050098980777,0.0013137209269043256,1.7609017527094725e-05,115.64062176118155,157.0095595973871,6.0,0.0022995009893646825,0.0031124352677238676,0.00011744821317028255,0.005529384470258832,0.0,United Kingdom,GBR,england,,,Linux-6.4.0-150600.23.73_15.0.14-cray_shasta_c_64k-aarch64-with-glibc2.38,3.11.7,3.3.0,72,Neoverse-V2,1,1 x NVIDIA GH200 120GB,-2.5917,51.4535,64,machine,5.647887323943663,3.8732394366197185,26.9422535211268,230.84489763286751,N,1.0,0.0
2026-09-26T20:30:46,mobilenet_v3_small_batch0_node_3_evaluate,3d04e14c-822f-4c48-9568-b0599b395e63,5b0fa12a-3dd7-45bb-9766-cc326314d9f1,14.732902975054458,0.00020715984778537383,1.4061033873374035e-05,115.68906012754286,150.67563825632976,6.0,0.0003750625310446385,0.00048745705662156524,9.40566049500679e-06,0.0008719252481612105,0.0,United Kingdom,GBR,england,,,Linux-6.4.0-150600.23.73_15.0.14-cray_shasta_c_64k-aarch64-with-glibc2.38,3.11.7,3.3.0,72,Neoverse-V2,1,1 x NVIDIA GH200 120GB,-2.5917,51.4535,64,machine,0.0,0.45454545454545453,26.9,230.49164928089488,N,1.0,0.0
2026-09-26T20:35:04,mobilenet_v3_small_batch0_node_4_local_train,ed2cc810-fe02-4375-8347-3d07392c80e2,5b0fa12a-3dd7-45bb-9766-cc326314d9f1,56.21163849905133,0.0009744945251248241,1.7336170073414073e-05,115.63030387641602,154.3158778431751,6.0,0.0017086438598470158,0.002306074900431554,8.687906253656063e-05,0.0041015978228151305,0.0,United Kingdom,GBR,england,,,Linux-6.4.0-150600.23.73_15.0.14-cray_shasta_c_64k-aarch64-with-glibc2.38,3.11.7,3.3.0,72,Neoverse-V2,1,1 x NVIDIA GH200 120GB,-2.5917,51.4535,64,machine,3.041509433962264,4.018867924528302,26.864150943396222,230.02971721145343,N,1.0,0.0
2026-09-26T20:35:14,mobilenet_v3_small_batch0_node_4_evaluate,346467d8-6e6a-4e91-8e73-aa2a838803cc,5b0fa12a-3dd7-45bb-9766-cc326314d9f1,9.611553537892178,0.00011713309658390134,1.2186697615751795e-05,115.58812461120002,149.51092340103435,6.0,0.00021109274045262035,0.00027348132989857277,8.433167289864894e-06,0.000493007237641058,0.0,United Kingdom,GBR,england,,,Linux-6.4.0-150600.23.73_15.0.14-cray_shasta_c_64k-aarch64-with-glibc2.38,3.11.7,3.3.0,72,Neoverse-V2,1,1 x NVIDIA GH200 120GB,-2.5917,51.4535,64,machine,0.0,0.8333333333333334,26.850000000000005,229.97394816080728,N,1.0,0.0
2026-09-26T20:50:02,mobilenet_v3_small_batch0_node_5_local_train,5c9ff32d-857e-45b7-9f0f-093e27fa41cb,5b0fa12a-3dd7-45bb-9766-cc326314d9f1,64.14202115591615,0.0011185481659661894,1.7438617396343456e-05,115.65044268552002,155.85445117848118,6.0,0.0019634378602215526,0.002645232393959418,9.92420059244614e-05,0.004707912260105432,0.0,United Kingdom,GBR,england,,,Linux-6.4.0-150600.23.73_15.0.14-cray_shasta_c_64k-aarch64-with-glibc2.38,3.11.7,3.3.0,72,Neoverse-V2,1,1 x NVIDIA GH200 120GB,-2.5917,51.4535,64,machine,3.50327868852459,3.7049180327868854,26.796721311475387,229.36855028496413,N,1.0,0.0
2026-09-26T20:50:21,mobilenet_v3_small_batch0_node_5_evaluate,09cab67a-5dc8-46f2-a850-17eafb15b04c,5b0fa12a-3dd7-45bb-9766-cc326314d9f1,9.043531500035897,0.00010755997149853469,1.1893580676764132e-05,115.594875648,149.3171531366939,6.0,0.0001928001622446201,0.0002516249235355872,8.289355959665652e-06,0.000452714441739873,0.0,United Kingdom,GBR,england,,,Linux-6.4.0-150600.23.73_15.0.14-cray_shasta_c_64k-aarch64-with-glibc2.38,3.11.7,3.3.0,72,Neoverse-V2,1,1 x NVIDIA GH200 120GB,-2.5917,51.4535,64,machine,13.52,0.8,26.8,229.37177734375,N,1.0,0.0
2026-09-26T20:50:27,mobilenet_v3_small_batch0_node_0_upload,8bf83638-c093-4b06-8fc2-3897bdb60ca8,5b0fa12a-3dd7-45bb-9766-cc326314d9f1,5.0903382380492985,3.494342559897589e-05,6.8646569176445895e-06,115.21876815360001,145.71869058694915,6.0,6.498732130030633e-05,8.205839897357237e-05,2.9378316442792616e-08,0.0001470750985903215,0.0,United Kingdom,GBR,england,,,Linux-6.4.0-150600.23.73_15.0.14-cray_shasta_c_64k-aarch64-with-glibc2.38,3.11.7,3.3.0,72,Neoverse-V2,1,1 x NVIDIA GH200 120GB,-2.5917,51.4535,64,machine,0.0,0.0,26.8,229.161376953125,N,1.0,0.0
2026-09-26T20:50:31,mobilenet_v3_small_batch0_node_1_upload,c11f56e6-9951-4b51-ac71-064d51304c95,5b0fa12a-3dd7-45bb-9766-cc326314d9f1,3.078275056090206,1.5838906409762126e-07,5.145383736396681e-08,115.20349920000002,0.0,6.0,6.60144688472382e-07,0.0,6.506815164660414e-09,6.666515036370424e-07,0.0,United Kingdom,GBR,england,,,Linux-6.4.0-150600.23.73_15.0.14-cray_shasta_c_64k-aarch64-with-glibc2.38,3.11.7,3.3.0,72,Neoverse-V2,1,1 x NVIDIA GH200 120GB,-2.5917,51.4535,64,machine,0,0,0,0,N,1.0,0.0
2026-09-26T21:00:28,mobilenet_v3_small_batch0_node_2_upload,c2a93bfe-eb18-4e62-b79a-5431891685f0,5b0fa12a-3dd7-45bb-9766-cc326314d9f1,595.0559198290575,0.019188041655167448,3.22457789524716e-05,115.20344296416295,148.60000225999357,6.0,0.01904292138718849,0.024415566476903905,0.0022431237641636595,0.045701611628256054,0.0,United Kingdom,GBR,england,,,Linux-6.4.0-150600.23.73_15.0.14-cray_shasta_c_64k-aarch64-with-glibc2.38,3.11.7,3.3.0,72,Neoverse-V2,1,1 x NVIDIA GH200 120GB,-2.5917,51.4535,64,machine,1.2181818181818187,0.0,26.719191919192216,228.87787286520808,N,1.0,0.0
2026-09-26T21:00:46,mobilenet_v3_small_batch0_node_3_upload,8a0d363e-9c25-4d96-a2be-f7aa1e4d9844,5b0fa12a-3dd7-45bb-9766-cc326314d9f1,11.860155541915447,0.00015297913095428493,1.2898577123515397e-05,115.20291767040001,148.23295619400713,6.0,0.0002816313174979031,0.00036224473423374093,5.318846475953857e-09,0.00064388137057812,0.0,United Kingdom,GBR,england,,,Linux-6.4.0-150600.23.73_15.0.14-cray_shasta_c_64k-aarch64-with-glibc2.38,3.11.7,3.3.0,72,Neoverse-V2,1,1 x NVIDIA GH200 120GB,-2.5917,51.4535,64,machine,0.0,0.0,26.699999999999996,228.79366302490234,N,1.0,0.0
2026-09-26T21:00:52,mobilenet_v3_small_batch0_node_4_upload,5cf85263-7d08-4b40-a230-72528bb4c6fb,5b0fa12a-3dd7-45bb-9766-cc326314d9f1,4.56415249989368,2.6081176908473025e-05,5.714352644676218e-06,115.20284497920001,148.42887368726045,6.0,4.8025882017812786e-05,6.174310495055124e-05,5.3582600473115845e-09,0.00010977434522841135,0.0,United Kingdom,GBR,england,,,Linux-6.4.0-150600.23.73_15.0.14-cray_shasta_c_64k-aarch64-with-glibc2.38,3.11.7,3.3.0,72,Neoverse-V2,1,1 x NVIDIA GH200 120GB,-2.5917,51.4535,64,machine,0.0,0.0,26.7,228.65478515625,N,1.0,0.0
2026-09-26T21:00:59,mobilenet_v3_small_batch0_node_5_upload,8381c46d-311f-4fd0-a4be-3af60518f4b6,5b0fa12a-3dd7-45bb-9766-cc326314d9f1,3.0756916417740285,1.2794310282745576e-07,4.1598156684413087e-08,115.20284497920001,0.0,6.0,5.329552703482672e-07,0.0,5.55073299134771e-09,5.385060033396149e-07,0.0,United Kingdom,GBR,england,,,Linux-6.4.0-150600.23.73_15.0.14-cray_shasta_c_64k-aarch64-with-glibc2.38,3.11.7,3.3.0,72,Neoverse-V2,1,1 x NVIDIA GH200 120GB,-2.5917,51.4535,64,machine,0,0,0,0,N,1.0,0.0
2026-09-26T21:01:03,mobilenet_v3_small_batch0_node_0_exchange,40994de9-3dc6-481b-8e67-73865aa000e6,5b0fa12a-3dd7-45bb-9766-cc326314d9f1,3.1239519771188498,6.118212803206962e-07,1.958484908865229e-07,115.41149061120001,0.0,6.0,2.469512710368472e-06,0.0,1.056118969184657e-07,2.5751246072869376e-06,0.0,United Kingdom,GBR,england,,,Linux-6.4.0-150600.23.73_15.0.14-cray_shasta_c_64k-aarch64-with-glibc2.38,3.11.7,3.3.0,72,Neoverse-V2,1,1 x NVIDIA GH200 120GB,-2.5917,51.4535,64,machine,0,0,0,0,N,1.0,0.0
2026-09-26T21:01:14,mobilenet_v3_small_batch0_node_1_exchange,16090984-0d40-4d51-b5de-bf5228c23ae6,5b0fa12a-3dd7-45bb-9766-cc326314d9f1,3.1297460389323533,1.6406448356523053e-06,5.242102123442504e-07,115.60509434880001,124.60221090250428,6.0,2.5884286267953325e-06,4.210281147720707e-06,1.0668077661345403e-07,6.905390551129494e-06,0.0,United Kingdom,GBR,england,,,Linux-6.4.0-150600.23.73_15.0.14-cray_shasta_c_64k-aarch64-with-glibc2.38,3.11.7,3.3.0,72,Neoverse-V2,1,1 x NVIDIA GH200 120GB,-2.5917,51.4535,64,machine,0,0,0,0,N,1.0,0.0
2026-09-26T21:01:22,mobilenet_v3_small_batch0_node_2_exchange,874dee5e-7eda-40e2-abd3-c456a39586dd,5b0fa12a-3dd7-45bb-9766-cc326314d9f1,4.14510080893524,1.811414491821052e-05,4.370013119865119e-06,115.60509434880001,72.32776812171008,6.0,3.492723074879225e-05,4.118697739841082e-05,1.2730521499179304e-07,7.624151336219488e-05,0.0,United Kingdom,GBR,england,,,Linux-6.4.0-150600.23.73_15.0.14-cray_shasta_c_64k-aarch64-with-glibc2.38,3.11.7,3.3.0,72,Neoverse-V2,1,1 x NVIDIA GH200 120GB,-2.5917,51.4535,64,machine,0.0,0.0,26.7,228.6474609375,N,1.0,0.0
2026-09-26T21:01:29,mobilenet_v3_small_batch0_node_3_exchange,83593f79-d9b4-4c9f-9ef4-895c332dfacf,5b0fa12a-3dd7-45bb-9766-cc326314d9f1,3.133134872885421,6.000148502964683e-07,1.9150623086451818e-07,116.21392248960001,0.0,6.0,2.422512354607315e-06,0.0,1.0291959003855783e-07,2.5254319446458726e-06,0.0,United Kingdom,GBR,england,,,Linux-6.4.0-150600.23.73_15.0.14-cray_shasta_c_64k-aarch64-with-glibc2.38,3.11.7,3.3.0,72,Neoverse-V2,1,1 x NVIDIA GH200 120GB,-2.5917,51.4535,64,machine,0,0,0,0,N,1.0,0.0
2026-09-26T21:03:29,mobilenet_v3_small_batch0_node_4_exchange,ef1bc4aa-cfe1-408b-87a4-da758ccec089,5b0fa12a-3dd7-45bb-9766-cc326314d9f1,10.818882573163137,0.0001340577602673609,1.2391091164987677e-05,115.3645525368,73.96581108678687,6.0,0.0002482961118479345,0.0003158394193434333,1.0675387806259096e-07,0.0005642422850694304,0.0,United Kingdom,GBR,england,,,Linux-6.4.0-150600.23.73_15.0.14-cray_shasta_c_64k-aarch64-with-glibc2.38,3.11.7,3.3.0,72,Neoverse-V2,1,1 x NVIDIA GH200 120GB,-2.5917,51.4535,64,machine,3.6000000000000005,0.0,26.74285714285714,229.13561139787947,N,1.0,0.0
2026-09-26T21:03:43,mobilenet_v3_small_batch0_node_5_exchange,fc8496ff-8594-4c70-a8bf-c3f381f86833,5b0fa12a-3dd7-45bb-9766-cc326314d9f1,8.998714620014653,0.00010279605709176275,1.1423415613506295e-05,115.41149786880001,74.07240227849894,6.0,0.00019043822710412776,0.00024211880482027937,1.0633671539835632e-07,0.00043266336863980554,0.0,United Kingdom,GBR,england,,,Linux-6.4.0-150600.23.73_15.0.14-cray_shasta_c_64k-aarch64-with-glibc2.38,3.11.7,3.3.0,72,Neoverse-V2,1,1 x NVIDIA GH200 120GB,-2.5917,51.4535,64,machine,0.0,0.0,26.74,229.108349609375,N,1.0,0.0
2026-09-26T21:06:47,mobilenet_v3_small_batch0_node_0_evaluate,e38e498b-8b94-465b-8e8d-208a89bf304d,5b0fa12a-3dd7-45bb-9766-cc326314d9f1,164.74039439088665,0.002823006897173367,1.7136094080697033e-05,115.44522025646621,149.895959316238,6.0,0.005175155685696854,0.00664822920747099,5.850735425677461e-05,0.011881892247424617,0.0,United Kingdom,GBR,england,,,Linux-6.4.0-150600.23.73_15.0.14-cray_shasta_c_64k-aarch64-with-glibc2.38,3.11.7,3.3.0,72,Neoverse-V2,1,1 x NVIDIA GH200 120GB,-2.5917,51.4535,64,machine,0.9863354037267081,0.024844720496894408,26.6993788819875,228.47541875424594,N,1.0,0.0
2026-09-26T21:07:47,mobilenet_v3_small_batch0_node_1_evaluate,1232b451-a505-4bd8-9dbc-9f1144687a19,5b0fa12a-3dd7-45bb-9766-cc326314d9f1,8.3683495009318,9.574538736759522e-05,1.1441370530345817e-05,115.5229703712,75.8039554616275,6.0,0.00017107578168717595,0.0002230779562353291,8.833720956463368e-06,0.0004029874588789684,0.0,United Kingdom,GBR,england,,,Linux-6.4.0-150600.23.73_15.0.14-cray_shasta_c_64k-aarch64-with-glibc2.38,3.11.7,3.3.0,72,Neoverse-V2,1,1 x NVIDIA GH200 120GB,-2.5917,51.4535,64,machine,14.680000000000001,0.8,26.7,228.41875,N,1.0,0.0
2026-09-26T21:08:27,mobilenet_v3_small_batch0_node_2_evaluate,570ab16d-c4d2-4248-9924-7047684786c7,5b0fa12a-3dd7-45bb-9766-cc326314d9f1,8.93589127715677,0.00010643411172665235,1.1910855719421604e-05,115.55651879999999,76.29823944856716,6.0,0.0001895376975560272,0.000248655754489846,9.782303256991629e-06,0.00044797575530286483,0.0,United Kingdom,GBR,england,,,Linux-6.4.0-150600.23.73_15.0.14-cray_shasta_c_64k-aarch64-with-glibc2.38,3.11.7,3.3.0,72,Neoverse-V2,1,1 x NVIDIA GH200 120GB,-2.5917,51.4535,64,machine,0.0,1.0,26.7,228.41365966796874,N,1.0,0.0
2026-09-26T21:37:12,mobilenet_v3_small_batch0_node_3_evaluate,b3a14665-f9a9-45ce-80d6-d829d549def7,5b0fa12a-3dd7-45bb-9766-cc326314d9f1,9.091289425967261,0.00010867300835624755,1.1953530821034813e-05,115.87538833097145,146.58336370528679,6.0,0.00019517376477057302,0.00025288492454933476,9.340467864337068e-06,0.00045739915718424483,0.0,United Kingdom,GBR,england,,,Linux-6.4.0-150600.23.73_15.0.14-cray_shasta_c_64k-aarch64-with-glibc2.38,3.11.7,3.3.0,72,Neoverse-V2,1,1 x NVIDIA GH200 120GB,-2.5917,51.4535,64,machine,0.0,1.0,27.683333333333334,237.0224812825521,N,1.0,0.0
2026-09-26T21:51:01,mobilenet_v3_small_batch0_node_4_evaluate,56d28f28-eb03-4a13-a766-175f55d2868e,5b0fa12a-3dd7-45bb-9766-cc326314d9f1,825.0923218498938,0.015141689099016526,1.8351508913654878e-05,115.27232895487906,144.08304400721738,6.0,0.026413244263141913,0.033950855216218656,0.003366498734431031,0.06373059821379158,0.0,United Kingdom,GBR,england,,,Linux-6.4.0-150600.23.73_15.0.14-cray_shasta_c_64k-aarch64-with-glibc2.38,3.11.7,3.3.0,72,Neoverse-V2,1,1 x NVIDIA GH200 120GB,-2.5917,51.4535,64,machine,2.5167475728155337,0.0048543689320388345,27.788834951456334,238.02715701501347,N,1.0,0.0
2026-09-26T21:51:11,mobilenet_v3_small_batch0_node_5_evaluate,10bebe15-9f9b-4adc-a1c6-d0f5296f2cab,5b0fa12a-3dd7-45bb-9766-cc326314d9f1,9.050818691961467,0.00010755865263616027,1.1883858941035805e-05,115.60350731904,149.30157430353225,6.0,0.0001930527595289187,0.00025136131219483104,8.294818991562352e-06,0.00045270889071531207,0.0,United Kingdom,GBR,england,,,Linux-6.4.0-150600.23.73_15.0.14-cray_shasta_c_64k-aarch64-with-glibc2.38,3.11.7,3.3.0,72,Neoverse-V2,1,1 x NVIDIA GH200 120GB,-2.5917,51.4535,64,machine,0.0,0.8,25.78,220.687255859375,N,1.0,0.0
2026-09-26T21:52:17,efficientnet_lite0_batch0_node_0_local_train,59fbf141-d336-4019-84f4-8944e9c52693,5b0fa12a-3dd7-45bb-9766-cc326314d9f1,58.18539679981768,0.0011049940513603762,1.89909171739779e-05,115.66679794732802,145.64209099846659,6.0,0.0017709363365388713,0.002788101397143805,9.18259483917306e-05,0.004650863682074407,0.0,United Kingdom,GBR,england,,,Linux-6.4.0-150600.23.73_15.0.14-cray_shasta_c_64k-aarch64-with-glibc2.38,3.11.7,3.3.0,72,Neoverse-V2,1,1 x NVIDIA GH200 120GB,-2.5917,51.4535,64,machine,3.1709090909090905,12.145454545454545,26.1381818181818,223.95005881569602,N,1.0,0.0
2026-09-26T21:53:33,efficientnet_lite0_batch0_node_0_evaluate,af212177-519c-4ba4-a32f-61db8aaff58c,5b0fa12a-3dd7-45bb-9766-cc326314d9f1,8.20346312993206,9.624231455347037e-05,1.173191285547564e-05,115.50070552320001,81.0969598756342,6.0,0.0001657475352692509,0.00023078185130032125,8.549613525004437e-06,0.0004050790000945766,0.0,United Kingdom,GBR,england,,,Linux-6.4.0-150600.23.73_15.0.14-cray_shasta_c_64k-aarch64-with-glibc2.38,3.11.7,3.3.0,72,Neoverse-V2,1,1 x NVIDIA GH200 120GB,-2.5917,51.4535,64,machine,0.86,4.0,26.76,229.05574951171874,N,1.0,0.0
2026-09-26T21:55:46,efficientnet_lite0_batch0_node_1_local_train,9e6ca717-aad1-4c8a-bd97-e0cf8d815803,5b0fa12a-3dd7-45bb-9766-cc326314d9f1,127.66958472295664,0.002438982362104966,1.9103863832545273e-05,115.6193258676609,178.8677592606984,6.0,0.004093531508399441,0.005854185794476052,0.0003178352357730425,0.010265552538648533,0.0,United Kingdom,GBR,england,,,Linux-6.4.0-150600.23.73_15.0.14-cray_shasta_c_64k-aarch64-with-glibc2.38,3.11.7,3.3.0,72,Neoverse-V2,1,1 x NVIDIA GH200 120GB,-2.5917,51.4535,64,machine,1.3716535433070867,5.590551181102362,26.714960629921293,228.84088903712475,N,1.0,0.0
2026-09-26T21:56:34,efficientnet_lite0_batch0_node_1_evaluate,e4be111b-1543-46a7-ae79-d50b4958ccac,5b0fa12a-3dd7-45bb-9766-cc326314d9f1,8.377931393217295,9.879372873080327e-05,1.1792138666925092e-05,115.53352171200001,80.12332040568388,6.0,0.00017118594323562925,0.00023579768863157824,8.83414054987952e-06,0.00041581777241708696,0.0,United Kingdom,GBR,england,,,Linux-6.4.0-150600.23.73_15.0.14-cray_shasta_c_64k-aarch64-with-glibc2.38,3.11.7,3.3.0,72,Neoverse-V2,1,1 x NVIDIA GH200 120GB,-2.5917,51.4535,64,machine,0.0,4.0,26.02,222.93096923828125,N,1.0,0.0
2026-09-26T21:58:11,efficientnet_lite0_batch0_node_2_local_train,3544cb66-9377-4d5d-bb8d-6250c6d9302d,5b0fa12a-3dd7-45bb-9766-cc326314d9f1,89.81443587178364,0.00173837927441191,1.9355232346986706e-05,115.54414752266905,178.59964375433032,6.0,0.0027858637808825474,0.004389423511540258,0.00014146253358727942,0.007316749826010085,0.0,United Kingdom,GBR,england,,,Linux-6.4.0-150600.23.73_15.0.14-cray_shasta_c_64k-aarch64-with-glibc2.38,3.11.7,3.3.0,72,Neoverse-V2,1,1 x NVIDIA GH200 120GB,-2.5917,51.4535,64,machine,4.354651162790698,11.36046511627907,26.0,222.75730434683865,N,1.0,0.0
2026-09-26T21:58:29,efficientnet_lite0_batch0_node_2_evaluate,0f512dcc-54c0-4d2a-8811-69cce773912c,5b0fa12a-3dd7-45bb-9766-cc326314d9f1,14.950402820948511,0.0002147767857657876,1.4365953100931988e-05,115.61641961142857,155.096035404876,6.0,0.0003821544615102363,0.0005120290207258904,9.801069935007643e-06,0.0009039845521711343,0.0,United Kingdom,GBR,england,,,Linux-6.4.0-150600.23.73_15.0.14-cray_shasta_c_64k-aarch64-with-glibc2.38,3.11.7,3.3.0,72,Neoverse-V2,1,1 x NVIDIA GH200 120GB,-2.5917,51.4535,64,machine,1.5454545454545454,1.4545454545454546,26.0,222.74052290482953,N,1.0,0.0
2026-09-26T21:59:59,efficientnet_lite0_batch0_node_3_local_train,de248ae5-0f58-4550-8a5e-b5469975f27b,5b0fa12a-3dd7-45bb-9766-cc326314d9f1,83.10247084009461,0.0015900559862568715,1.913367882065083e-05,115.54090521675433,178.3275746683918,6.0,0.0025696761383480564,0.004001247089874482,0.00012154143241777396,0.006692464660640314,0.0,United Kingdom,GBR,england,,,Linux-6.4.0-150600.23.73_15.0.14-cray_shasta_c_64k-aarch64-with-glibc2.38,3.11.7,3.3.0,72,Neoverse-V2,1,1 x NVIDIA GH200 120GB,-2.5917,51.4535,64,machine,3.2912500000000002,10.5125,26.0,222.68160171508788,N,1.0,0.0
2026-09-26T22:03:18,efficientnet_lite0_batch0_node_3_evaluate,add61882-c428-41f4-bbc9-d1dde01fb5c8,5b0fa12a-3dd7-45bb-9766-cc326314d9f1,196.52140183607116,0.003499068355715728,1.7805024404591236e-05,115.28564417844925,150.35647805936242,6.0,0.006289391625524979,0.008146035961274833,0.0002919729061343242,0.014727400492934134,0.0,United Kingdom,GBR,england,,,Linux-6.4.0-150600.23.73_15.0.14-cray_shasta_c_64k-aarch64-with-glibc2.38,3.11.7,3.3.0,72,Neoverse-V2,1,1 x NVIDIA GH200 120GB,-2.5917,51.4535,64,machine,1.4744897959183674,0.09693877551020408,26.89591836734693,230.4457939303651,N,1.0,0.0
2026-09-26T22:04:20,efficientnet_lite0_batch0_node_4_local_train,7a4d2b1b-57bd-43de-bc1a-d4de66f644b8,5b0fa12a-3dd7-45bb-9766-cc326314d9f1,58.262825316982344,0.0011070479300560353,1.9000931108868746e-05,115.52635811865602,176.05535713757826,6.0,0.001772388794047972,0.0027968572374703626,9.026232137694023e-05,0.004659508352895274,0.0,United Kingdom,GBR,england,,,Linux-6.4.0-150600.23.73_15.0.14-cray_shasta_c_64k-aarch64-with-glibc2.38,3.11.7,3.3.0,72,Neoverse-V2,1,1 x NVIDIA GH200 120GB,-2.5917,51.4535,64,machine,6.081818181818182,11.418181818181818,26.925454545454564,230.71220592151988,N,1.0,0.0
2026-09-26T22:06:54,efficientnet_lite0_batch0_node_4_evaluate,e6731164-6c6b-4dab-835c-4b35b5c4d797,5b0fa12a-3dd7-45bb-9766-cc326314d9f1,9.206445946125314,0.00011292330164504956,1.2265678015801007e-05,115.49997345600002,153.44734322571742,6.0,0.00019763668399311814,0.00026909771527527937,8.554025890383248e-06,0.0004752884251587808,0.0,United Kingdom,GBR,england,,,Linux-6.4.0-150600.23.73_15.0.14-cray_shasta_c_64k-aarch64-with-glibc2.38,3.11.7,3.3.0,72,Neoverse-V2,1,1 x NVIDIA GH200 120GB,-2.5917,51.4535,64,machine,12.450000000000001,2.0,26.900000000000002,230.4119669596354,N,1.0,0.0
2026-09-26T22:08:01,efficientnet_lite0_batch0_node_5_local_train,187fdd97-3f0c-45c8-9bec-3780b6957c48,5b0fa12a-3dd7-45bb-9766-cc326314d9f1,65.93657308188267,0.0012612862921018615,1.912878139019366e-05,115.5162826944,177.67097433061542,6.0,0.002018641958212287,0.003186968938464929,0.00010307886632469794,0.0053086897630019135,0.0,United Kingdom,GBR,england,,,Linux-6.4.0-150600.23.73_15.0.14-cray_shasta_c_64k-aarch64-with-glibc2.38,3.11.7,3.3.0,72,Neoverse-V2,1,1 x NVIDIA GH200 120GB,-2.5917,51.4535,64,machine,3.233870967741935,11.451612903225806,26.825806451612877,229.8362298780872,N,1.0,0.0
2026-09-26T22:08:12,efficientnet_lite0_batch0_node_5_evaluate,bdd19936-0205-46cf-8b0b-a36fcb9ea8ae,5b0fa12a-3dd7-45bb-9766-cc326314d9f1,9.084567500976846,0.00011218476412749555,1.2348938363376413e-05,115.56783884160001,156.21010480434165,6.0,0.0001938659332503939,0.0002699593826491764,8.354642463382333e-06,0.00047217995836295267,0.0,United Kingdom,GBR,england,,,Linux-6.4.0-150600.23.73_15.0.14-cray_shasta_c_64k-aarch64-with-glibc2.38,3.11.7,3.3.0,72,Neoverse-V2,1,1 x NVIDIA GH200 120GB,-2.5917,51.4535,64,machine,0.0,3.1666666666666665,26.8,229.697998046875,N,1.0,0.0
2026-09-26T22:08:20,efficientnet_lite0_batch0_node_0_upload,1f310ca6-ebc8-49c9-9d1e-effde210ec8f,5b0fa12a-3dd7-45bb-9766-cc326314d9f1,4.0974154530558735,1.767030659838205e-05,4.312549410922792e-06,115.2247048704,148.10784626099573,6.0,3.259789414329633e-05,4.176336676664505e-05,1.2159569887444377e-08,7.437342047982883e-05,0.0,United Kingdom,GBR,england,,,Linux-6.4.0-150600.23.73_15.0.14-cray_shasta_c_64k-aarch64-with-glibc2.38,3.11.7,3.3.0,72,Neoverse-V2,1,1 x NVIDIA GH200 120GB,-2.5917,51.4535,64,machine,0.0,0.0,26.8,229.6688232421875,N,1.0,0.0
2026-09-26T22:08:24,efficientnet_lite0_batch0_node_1_upload,32050b0c-2b64-4272-a962-33c4ee620878,5b0fa12a-3dd7-45bb-9766-cc326314d9f1,3.083451953018084,1.0956639785637728e-06,3.5533680928328924e-07,115.2013799808,1464.4531528037155,6.0,4.446020038421759e-07,4.161669991731287e-06,5.321885303904613e-09,4.611593880877368e-06,0.0,United Kingdom,GBR,england,,,Linux-6.4.0-150600.23.73_15.0.14-cray_shasta_c_64k-aarch64-with-glibc2.38,3.11.7,3.3.0,72,Neoverse-V2,1,1 x NVIDIA GH200 120GB,-2.5917,51.4535,64,machine,0,0,0,0,N,1.0,0.0
2026-09-26T22:08:34,efficientnet_lite0_batch0_node_2_upload,0290688b-b552-4873-adb0-b71edcdee831,5b0fa12a-3dd7-45bb-9766-cc326314d9f1,9.081450110999867,0.00010509055166099594,1.1572001208673212e-05,115.20163562605715,149.47291907578392,6.0,0.00019260445554569687,0.0002497107553267597,5.5685449236383046e-09,0.0004423207794173802,0.0,United Kingdom,GBR,england,,,Linux-6.4.0-150600.23.73_15.0.14-cray_shasta_c_64k-aarch64-with-glibc2.38,3.11.7,3.3.0,72,Neoverse-V2,1,1 x NVIDIA GH200 120GB,-2.5917,51.4535,64,machine,0.0,0.0,26.783333333333335,229.5589803059896,N,1.0,0.0
2026-09-26T22:08:42,efficientnet_lite0_batch0_node_3_upload,256a435b-6fe5-4710-b486-6b0b5b04b4d5,5b0fa12a-3dd7-45bb-9766-cc326314d9f1,3.0758343001361936,1.001547791890925e-07,3.2561825318307224e-08,115.2010368,0.0,6.0,4.161022426944599e-07,0.0,5.4441217798739675e-09,4.2154636447433385e-07,0.0,United Kingdom,GBR,england,,,Linux-6.4.0-150600.23.73_15.0.14-cray_shasta_c_64k-aarch64-with-glibc2.38,3.11.7,3.3.0,72,Neoverse-V2,1,1 x NVIDIA GH200 120GB,-2.5917,51.4535,64,machine,0,0,0,0,N,1.0,0.0
2026-09-26T22:09:43,efficientnet_lite0_batch0_node_4_upload,c284a127-325b-4e7e-84dc-bd4e9b4efcde,5b0fa12a-3dd7-45bb-9766-cc326314d9f1,4.910763666965067,3.1669202502870807e-05,6.448936387615431e-06,115.2013799808,145.44059782011738,6.0,5.8970055956960216e-05,7.431867055629482e-05,5.333829903975129e-09,0.00013329406034315902,0.0,United Kingdom,GBR,england,,,Linux-6.4.0-150600.23.73_15.0.14-cray_shasta_c_64k-aarch64-with-glibc2.38,3.11.7,3.3.0,72,Neoverse-V2,1,1 x NVIDIA GH200 120GB,-2.5917,51.4535,64,machine,0.0,0.0,26.8,229.20428466796875,N,1.0,0.0
2026-09-26T22:19:52,efficientnet_lite0_batch0_node_5_upload,d54e2821-58c4-41b8-89b1-dda0b0729e12,5b0fa12a-3dd7-45bb-9766-cc326314d9f1,5.097542708972469,3.506886454254358e-05,6.8795626725827945e-06,115.20137998080001,147.31942863649292,6.0,6.482925705501848e-05,8.276839953680337e-05,5.408123057956497e-09,0.0001476030647148798,0.0,United Kingdom,GBR,england,,,Linux-6.4.0-150600.23.73_15.0.14-cray_shasta_c_64k-aarch64-with-glibc2.38,3.11.7,3.3.0,72,Neoverse-V2,1,1 x NVIDIA GH200 120GB,-2.5917,51.4535,64,machine,0.0,0.0,26.7,228.4520263671875,N,1.0,0.0
2026-09-26T22:19:56,efficientnet_lite0_batch0_node_0_exchange,68fe56ba-5421-40f4-8623-429221317c9e,5b0fa12a-3dd7-45bb-9766-cc326314d9f1,3.1828651030082256,2.081608585412874e-06,6.540046524263566e-07,115.836201216,67.66508759352746,6.0,4.338709471511413e-06,4.229725604432133e-06,1.9294943854523205e-07,8.761384514488778e-06,0.0,United Kingdom,GBR,england,,,Linux-6.4.0-150600.23.73_15.0.14-cray_shasta_c_64k-aarch64-with-glibc2.38,3.11.7,3.3.0,72,Neoverse-V2,1,1 x NVIDIA GH200 120GB,-2.5917,51.4535,64,machine,0,0,0,0,N,1.0,0.0
2026-09-26T22:26:19,efficientnet_lite0_batch0_node_1_exchange,6dd98250-c710-4894-be31-382fe695373b,5b0fa12a-3dd7-45bb-9766-cc326314d9f1,3.1932462151162326,3.058098953927629e-06,9.576771560711975e-07,115.456281408,134.36973026942277,6.0,4.300106245520338e-06,8.372228904818257e-06,1.9904759014025332e-07,1.2871382740478848e-05,0.0,United Kingdom,GBR,england,,,Linux-6.4.0-150600.23.73_15.0.14-cray_shasta_c_64k-aarch64-with-glibc2.38,3.11.7,3.3.0,72,Neoverse-V2,1,1 x NVIDIA GH200 120GB,-2.5917,51.4535,64,machine,0,0,0,0,N,1.0,0.0
2026-09-26T22:26:24,efficientnet_lite0_batch0_node_2_exchange,83a27daf-5e63-4634-885f-06da1703b085,5b0fa12a-3dd7-45bb-9766-cc326314d9f1,4.198462380096316,2.057908933164245e-05,4.901577641662791e-06,115.6886039232,149.4201403983683,6.0,3.661256609099514e-05,4.98105954136463e-05,1.931773479251812e-07,8.661633885256662e-05,0.0,United Kingdom,GBR,england,,,Linux-6.4.0-150600.23.73_15.0.14-cray_shasta_c_64k-aarch64-with-glibc2.38,3.11.7,3.3.0,72,Neoverse-V2,1,1 x NVIDIA GH200 120GB,-2.5917,51.4535,64,machine,0.0,0.0,26.6,228.05908203125,N,1.0,0.0
2026-09-26T22:29:10,efficientnet_lite0_batch0_node_3_exchange,d551b80d-aaae-451d-9084-75c9537eb6bd,5b0fa12a-3dd7-45bb-9766-cc326314d9f1,4.1923301089555025,1.9541119662225032e-05,4.6611595829445795e-06,115.70369299200001,140.40783547638802,6.0,3.647370573979474e-05,4.55792031175406e-05,1.9466852303594352e-07,8.224757738037128e-05,0.0,United Kingdom,GBR,england,,,Linux-6.4.0-150600.23.73_15.0.14-cray_shasta_c_64k-aarch64-with-glibc2.38,3.11.7,3.3.0,72,Neoverse-V2,1,1 x NVIDIA GH200 120GB,-2.5917,51.4535,64,machine,0.0,0.0,26.5,227.208740234375,N,1.0,0.0
2026-09-26T22:29:46,efficientnet_lite0_batch0_node_4_exchange,a12f0c9f-4c53-4db6-a4ab-2b18bee47247,5b0fa12a-3dd7-45bb-9766-cc326314d9f1,3.179166371934116,3.035447809378699e-06,9.547936327509709e-07,115.7671596672,788.5654688750965,6.0,4.235296229217518e-06,8.3450066910018e-06,1.957423065323383e-07,1.2776045226751656e-05,0.0,United Kingdom,GBR,england,,,Linux-6.4.0-150600.23.73_15.0.14-cray_shasta_c_64k-aarch64-with-glibc2.38,3.11.7,3.3.0,72,Neoverse-V2,1,1 x NVIDIA GH200 120GB,-2.5917,51.4535,64,machine,0,0,0,0,N,1.0,0.0
2026-09-26T22:30:00,efficientnet_lite0_batch0_node_5_exchange,d4deb51a-c7ee-4eda-95a4-4f3a72ad89cf,5b0fa12a-3dd7-45bb-9766-cc326314d9f1,6.526674275984988,6.090429606353279e-05,9.331597301803649e-06,115.5078619488,143.1187505099623,6.0,0.00011136087962600678,0.0001447909491645305,1.9125133325966696e-07,0.00025634308012379694,0.0,United Kingdom,GBR,england,,,Linux-6.4.0-150600.23.73_15.0.14-cray_shasta_c_64k-aarch64-with-glibc2.38,3.11.7,3.3.0,72,Neoverse-V2,1,1 x NVIDIA GH200 120GB,-2.5917,51.4535,64,machine,0.0,0.0,26.5,226.80721028645834,N,1.0,0.0
2026-09-26T22:32:19,efficientnet_lite0_batch0_node_0_evaluate,9c352e47-2a7c-444f-9e62-a233234e3076,5b0fa12a-3dd7-45bb-9766-cc326314d9f1,30.977619531098753,0.0004999916750578947,1.614041629493021e-05,115.3541343080874,153.60771795490402,6.0,0.0008942374237998134,0.0011765981634965783,3.360390719996455e-05,0.002104439494496356,0.0,United Kingdom,GBR,england,,,Linux-6.4.0-150600.23.73_15.0.14-cray_shasta_c_64k-aarch64-with-glibc2.38,3.11.7,3.3.0,72,Neoverse-V2,1,1 x NVIDIA GH200 120GB,-2.5917,51.4535,64,machine,0.6851851851851852,0.5925925925925926,26.5,227.05071569372106,N,1.0,0.0
2026-09-26T22:32:30,efficientnet_lite0_batch0_node_1_evaluate,8661e57a-bf50-4e40-afc0-8f403ccb3a7e,5b0fa12a-3dd7-45bb-9766-cc326314d9f1,9.386920402059332,0.00011673227114419597,1.2435630232742454e-05,115.53396943680002,154.10165039091243,6.0,0.0002036699122728069,0.000278787445239459,8.862826268111046e-06,0.0004913201837803769,0.0,United Kingdom,GBR,england,,,Linux-6.4.0-150600.23.73_15.0.14-cray_shasta_c_64k-aarch64-with-glibc2.38,3.11.7,3.3.0,72,Neoverse-V2,1,1 x NVIDIA GH200 120GB,-2.5917,51.4535,64,machine,1.9666666666666668,3.0,26.5,226.98304239908853,N,1.0,0.0
2026-09-26T22:33:51,efficientnet_lite0_batch0_node_2_evaluate,1dcf5dd7-490d-408d-8221-e9a6863803bb,5b0fa12a-3dd7-45bb-9766-cc326314d9f1,10.407392408000305,0.0001344551974654675,1.2919201294083035e-05,115.53613759542857,152.3416448432124,6.0,0.0002364911079344832,0.00031955358896595953,9.87038109335117e-06,0.0005659150779937939,0.0,United Kingdom,GBR,england,,,Linux-6.4.0-150600.23.73_15.0.14-cray_shasta_c_64k-aarch64-with-glibc2.38,3.11.7,3.3.0,72,Neoverse-V2,1,1 x NVIDIA GH200 120GB,-2.5917,51.4535,64,machine,0.0,2.7142857142857144,26.5,227.17578125,N,1.0,0.0
2026-09-26T22:34:01,efficientnet_lite0_batch0_node_3_evaluate,fbcf6812-f5a4-47a0-98fe-4c299bada2dc,5b0fa12a-3dd7-45bb-9766-cc326314d9f1,8.6878443909809,0.0001044874404199489,1.2026854501263894e-05,115.4744456256,79.97977325249687,6.0,0.0001810855679377104,0.0002493318661294097,9.364880854651954e-06,0.0004397823149217721,0.0,United Kingdom,GBR,england,,,Linux-6.4.0-150600.23.73_15.0.14-cray_shasta_c_64k-aarch64-with-glibc2.38,3.11.7,3.3.0,72,Neoverse-V2,1,1 x NVIDIA GH200 120GB,-2.5917,51.4535,64,machine,0.0,3.2,26.5,227.0279296875,N,1.0,0.0
2026-09-26T22:34:22,efficientnet_lite0_batch0_node_4_evaluate,975b4c9c-9d1a-41a2-b9aa-6f3d9ccd66f0,5b0fa12a-3dd7-45bb-9766-cc326314d9f1,20.161473287036642,0.0003039392893455765,1.5075251943071163e-05,115.51075939273848,156.543201242878,6.0,0.0005482725447996434,0.0007225097446621476,8.482699008115257e-06,0.001279264988469906,0.0,United Kingdom,GBR,england,,,Linux-6.4.0-150600.23.73_15.0.14-cray_shasta_c_64k-aarch64-with-glibc2.38,3.11.7,3.3.0,72,Neoverse-V2,1,1 x NVIDIA GH200 120GB,-2.5917,51.4535,64,machine,1.7882352941176471,1.1764705882352942,26.5,227.0652286305147,N,1.0,0.0
2026-09-26T22:34:48,efficientnet_lite0_batch0_node_5_evaluate,aa6a7845-f796-4ac7-a247-4707387ade1e,5b0fa12a-3dd7-45bb-9766-cc326314d9f1,8.131080463994294,9.384525550605587e-05,1.1541548004796835e-05,115.4589838272,79.5980439582101,6.0,0.00016329138015532628,0.00022325490081698263,8.443619679892435e-06,0.00039498990065220136,0.0,United Kingdom,GBR,england,,,Linux-6.4.0-150600.23.73_15.0.14-cray_shasta_c_64k-aarch64-with-glibc2.38,3.11.7,3.3.0,72,Neoverse-V2,1,1 x NVIDIA GH200 120GB,-2.5917,51.4535,64,machine,0.0,2.6,26.5,226.967138671875,N,1.0,0.0
2026-09-26T22:35:58,mobilevit_xxs_batch0_node_0_local_train,a636415a-7a3f-44c4-9ce7-91bc2b5e3fa8,5b0fa12a-3dd7-45bb-9766-cc326314d9f1,62.423128579044715,0.0011469755432181718,1.837420791503245e-05,116.64035362425602,165.91229741204634,6.0,0.0019266475000686066,0.0028037011318531313,9.721301116010486e-05,0.004827561643081842,0.0,United Kingdom,GBR,england,,,Linux-6.4.0-150600.23.73_15.0.14-cray_shasta_c_64k-aarch64-with-glibc2.38,3.11.7,3.3.0,72,Neoverse-V2,1,1 x NVIDIA GH200 120GB,-2.5917,51.4535,64,machine,2.2677966101694915,11.35593220338983,26.68305084745763,228.4158552784031,N,1.0,0.0
2026-09-26T22:36:08,mobilevit_xxs_batch0_node_0_evaluate,3f13c82e-1f9c-4250-9c93-a7e41962ccac,5b0fa12a-3dd7-45bb-9766-cc326314d9f1,8.333739824127406,9.773874601798294e-05,1.1728077439496593e-05,115.37727560640002,79.57033942806333,6.0,0.00016971168552175147,0.00023288018630296392,8.785532087010021e-06,0.00041137740391172545,0.0,United Kingdom,GBR,england,,,Linux-6.4.0-150600.23.73_15.0.14-cray_shasta_c_64k-aarch64-with-glibc2.38,3.11.7,3.3.0,72,Neoverse-V2,1,1 x NVIDIA GH200 120GB,-2.5917,51.4535,64,machine,6.0,3.2,26.6,228.0878173828125,N,1.0,0.0
2026-09-26T22:37:22,mobilevit_xxs_batch0_node_1_local_train,955f33e0-6e5e-48c9-b89d-1563d737172e,5b0fa12a-3dd7-45bb-9766-cc326314d9f1,68.87966909096576,0.001266754028449804,1.8390826279622054e-05,115.40216792036573,141.9188755884408,6.0,0.002110626606103287,0.00311143193358987,0.00010964464711180579,0.005331703186804962,0.0,United Kingdom,GBR,england,,,Linux-6.4.0-150600.23.73_15.0.14-cray_shasta_c_64k-aarch64-with-glibc2.38,3.11.7,3.3.0,72,Neoverse-V2,1,1 x NVIDIA GH200 120GB,-2.5917,51.4535,64,machine,4.427692307692308,11.461538461538462,26.58307692307689,227.60606126051684,N,1.0,0.0
2026-09-26T22:37:49,mobilevit_xxs_batch0_node_1_evaluate,a6f6738e-94a2-48e5-8ab9-0ae35e768be4,5b0fa12a-3dd7-45bb-9766-cc326314d9f1,23.624703727895394,0.00036907232373525444,1.562230485453513e-05,115.31919988080001,101.55212322108726,6.0,0.0006588977024527326,0.0008602467993057417,3.426211106978978e-05,0.001553406612828264,0.0,United Kingdom,GBR,england,,,Linux-6.4.0-150600.23.73_15.0.14-cray_shasta_c_64k-aarch64-with-glibc2.38,3.11.7,3.3.0,72,Neoverse-V2,1,1 x NVIDIA GH200 120GB,-2.5917,51.4535,64,machine,0.625,0.95,26.699999999999996,228.4927978515625,N,1.0,0.0
2026-09-26T22:39:27,mobilevit_xxs_batch0_node_2_local_train,df4dd9ca-6132-4798-a630-9358395ed753,5b0fa12a-3dd7-45bb-9766-cc326314d9f1,94.1683419039473,0.0017509105459852386,1.8593409532167255e-05,115.39324502748003,148.55333067904598,6.0,0.002921071803024178,0.004296624548402406,0.0001517969583867428,0.007369493309813327,0.0,United Kingdom,GBR,england,,,Linux-6.4.0-150600.23.73_15.0.14-cray_shasta_c_64k-aarch64-with-glibc2.38,3.11.7,3.3.0,72,Neoverse-V2,1,1 x NVIDIA GH200 120GB,-2.5917,51.4535,64,machine,2.492307692307693,11.32967032967033,26.68241758241757,228.5016372177627,N,1.0,0.0
2026-09-26T22:40:12,mobilevit_xxs_batch0_node_2_evaluate,21d1007f-7c49-4de2-89b4-852ad8e7ca88,5b0fa12a-3dd7-45bb-9766-cc326314d9f1,10.648517041001469,0.00013870774756479602,1.302601545649129e-05,115.3771183954286,154.4228090658412,6.0,0.0002438112321964459,0.0003298094305108634,1.0193182061581562e-05,0.0005838138447688909,0.0,United Kingdom,GBR,england,,,Linux-6.4.0-150600.23.73_15.0.14-cray_shasta_c_64k-aarch64-with-glibc2.38,3.11.7,3.3.0,72,Neoverse-V2,1,1 x NVIDIA GH200 120GB,-2.5917,51.4535,64,machine,0.0,3.0,26.65714285714285,228.26881626674108,N,1.0,0.0
2026-09-26T22:41:37,mobilevit_xxs_batch0_node_3_local_train,f327d83d-adca-4c38-a388-cc6b71baaca4,5b0fa12a-3dd7-45bb-9766-cc326314d9f1,81.15304583520629,0.0015026605662398684,1.8516379154656145e-05,115.38414058566858,145.79479967709963,6.0,0.002503790099528032,0.0036907168414614944,0.00013011484806581088,0.006324621789055337,0.0,United Kingdom,GBR,england,,,Linux-6.4.0-150600.23.73_15.0.14-cray_shasta_c_64k-aarch64-with-glibc2.38,3.11.7,3.3.0,72,Neoverse-V2,1,1 x NVIDIA GH200 120GB,-2.5917,51.4535,64,machine,3.176923076923077,11.333333333333334,26.588461538461498,227.72386678059897,N,1.0,0.0
2026-09-26T22:41:48,mobilevit_xxs_batch0_node_3_evaluate,e4db150b-3902-46ec-a5dd-049ef99e78b6,5b0fa12a-3dd7-45bb-9766-cc326314d9f1,8.910118096973747,0.00010879391811014309,1.2210154447570578e-05,115.3425763296,805.5935738399246,6.0,0.0001879730442078704,0.00026022215261889414,9.712863353391489e-06,0.00045790806018015603,0.0,United Kingdom,GBR,england,,,Linux-6.4.0-150600.23.73_15.0.14-cray_shasta_c_64k-aarch64-with-glibc2.38,3.11.7,3.3.0,72,Neoverse-V2,1,1 x NVIDIA GH200 120GB,-2.5917,51.4535,64,machine,24.4,4.0,26.6,228.0364990234375,N,1.0,0.0
2026-09-26T22:42:55,mobilevit_xxs_batch0_node_4_local_train,89d7f50d-f47e-4188-9e1b-84aec5f34787,5b0fa12a-3dd7-45bb-9766-cc326314d9f1,62.20152478502132,0.0011347023991186438,1.8242356647049434e-05,115.38293490230402,165.51188343166476,6.0,0.0018956887929752796,0.0027833844489322246,9.683136276124667e-05,0.004775904604668751,0.0,United Kingdom,GBR,england,,,Linux-6.4.0-150600.23.73_15.0.14-cray_shasta_c_64k-aarch64-with-glibc2.38,3.11.7,3.3.0,72,Neoverse-V2,1,1 x NVIDIA GH200 120GB,-2.5917,51.4535,64,machine,2.006779661016949,11.576271186440678,26.601694915254217,227.88303491624734,N,1.0,0.0
2026-09-26T22:43:29,mobilevit_xxs_batch0_node_4_evaluate,760b1d1b-224e-427f-96c1-1e8b37fd5461,5b0fa12a-3dd7-45bb-9766-cc326314d9f1,9.425046696094796,0.00011688321801009161,1.2401340999034135e-05,115.3670739264,153.2524254233889,6.0,0.0002046107110310777,0.00027840522272981616,8.939577689937628e-06,0.0004919555114508315,0.0,United Kingdom,GBR,england,,,Linux-6.4.0-150600.23.73_15.0.14-cray_shasta_c_64k-aarch64-with-glibc2.38,3.11.7,3.3.0,72,Neoverse-V2,1,1 x NVIDIA GH200 120GB,-2.5917,51.4535,64,machine,0.0,2.6666666666666665,26.599999999999998,227.66072591145834,N,1.0,0.0
2026-09-26T22:44:43,mobilevit_xxs_batch0_node_5_local_train,1fc63e80-b788-43d0-b0ff-e694618ab632,5b0fa12a-3dd7-45bb-9766-cc326314d9f1,70.02770201792009,0.0012881905281649372,1.8395441961458183e-05,115.3905607944,170.11821284976318,6.0,0.0021470973306146265,0.003164287531433274,0.00011054346024369201,0.005421928322291592,0.0,United Kingdom,GBR,england,,,Linux-6.4.0-150600.23.73_15.0.14-cray_shasta_c_64k-aarch64-with-glibc2.38,3.11.7,3.3.0,72,Neoverse-V2,1,1 x NVIDIA GH200 120GB,-2.5917,51.4535,64,machine,3.283333333333333,10.742424242424242,26.553030303030283,227.4309100526752,N,1.0,0.0
2026-09-26T22:45:07,mobilevit_xxs_batch0_node_5_evaluate,4f8cf848-feb2-4f92-9995-42e407aef04e,5b0fa12a-3dd7-45bb-9766-cc326314d9f1,14.355759892147034,0.0002024672513242975,1.4103555147578933e-05,115.40547868937145,153.7631167962316,6.0,0.00036213278887307367,0.0004812406627507926,8.800897038308904e-06,0.0008521743486621751,0.0,United Kingdom,GBR,england,,,Linux-6.4.0-150600.23.73_15.0.14-cray_shasta_c_64k-aarch64-with-glibc2.38,3.11.7,3.3.0,72,Neoverse-V2,1,1 x NVIDIA GH200 120GB,-2.5917,51.4535,64,machine,2.2181818181818183,1.0909090909090908,26.6,227.64463667436078,N,1.0,0.0
2026-09-26T22:45:24,mobilevit_xxs_batch0_node_0_upload,39006854-5745-49d9-a6b4-ba898b14ff9f,5b0fa12a-3dd7-45bb-9766-cc326314d9f1,4.0769774101208895,1.7594469969629875e-05,4.315567195921296e-06,115.20641571840001,147.1722562967071,6.0,3.261328794792686e-05,4.1435588698846004e-05,5.351325186590354e-09,7.405422797195946e-05,0.0,United Kingdom,GBR,england,,,Linux-6.4.0-150600.23.73_15.0.14-cray_shasta_c_64k-aarch64-with-glibc2.38,3.11.7,3.3.0,72,Neoverse-V2,1,1 x NVIDIA GH200 120GB,-2.5917,51.4535,64,machine,6.2,0.0,26.6,227.92340087890625,N,1.0,0.0
2026-09-26T22:45:28,mobilevit_xxs_batch0_node_1_upload,7ea63d2a-d3cf-4a49-ba6d-3f39a99172d8,5b0fa12a-3dd7-45bb-9766-cc326314d9f1,3.0779857570305467,1.0654682791431112e-07,3.4615763789986156e-08,115.2017915904,0.0,6.0,4.430010369841213e-07,0.0,5.449135011682908e-09,4.484501719958042e-07,0.0,United Kingdom,GBR,england,,,Linux-6.4.0-150600.23.73_15.0.14-cray_shasta_c_64k-aarch64-with-glibc2.38,3.11.7,3.3.0,72,Neoverse-V2,1,1 x NVIDIA GH200 120GB,-2.5917,51.4535,64,machine,0,0,0,0,N,1.0,0.0
2026-09-26T22:45:32,mobilevit_xxs_batch0_node_2_upload,b08d8d8e-1a2f-476b-b8c9-ec6e60ea2c9d,5b0fa12a-3dd7-45bb-9766-cc326314d9f1,3.0733088690321892,1.3112750480706092e-07,4.266655594833007e-08,115.2017915904,0.0,6.0,5.465508388533845e-07,0.0,5.358150228857994e-09,5.519089890822425e-07,0.0,United Kingdom,GBR,england,,,Linux-6.4.0-150600.23.73_15.0.14-cray_shasta_c_64k-aarch64-with-glibc2.38,3.11.7,3.3.0,72,Neoverse-V2,1,1 x NVIDIA GH200 120GB,-2.5917,51.4535,64,machine,0,0,0,0,N,1.0,0.0
2026-09-26T22:45:37,mobilevit_xxs_batch0_node_3_upload,17d95977-926d-4d81-b83a-fbab450cc29b,5b0fa12a-3dd7-45bb-9766-cc326314d9f1,4.083961060037836,1.7563202572135286e-05,4.300531350309342e-06,115.20231828480001,146.3186010078489,6.0,3.261765013948449e-05,4.129253304085978e-05,1.2441908086960515e-08,7.392262508843123e-05,0.0,United Kingdom,GBR,england,,,Linux-6.4.0-150600.23.73_15.0.14-cray_shasta_c_64k-aarch64-with-glibc2.38,3.11.7,3.3.0,72,Neoverse-V2,1,1 x NVIDIA GH200 120GB,-2.5917,51.4535,64,machine,0.0,0.0,26.6,227.66571044921875,N,1.0,0.0
2026-09-26T22:45:45,mobilevit_xxs_batch0_node_4_upload,d1b6c644-a969-440a-8540-2c86dec27bae,5b0fa12a-3dd7-45bb-9766-cc326314d9f1,4.08257581689395,1.761612637728744e-05,4.314953883866853e-06,115.2017915904,147.834749444603,6.0,3.261585238408009e-05,4.152419988656675e-05,5.3264181284854816e-09,7.414537868877533e-05,0.0,United Kingdom,GBR,england,,,Linux-6.4.0-150600.23.73_15.0.14-cray_shasta_c_64k-aarch64-with-glibc2.38,3.11.7,3.3.0,72,Neoverse-V2,1,1 x NVIDIA GH200 120GB,-2.5917,51.4535,64,machine,5.3,0.0,26.6,227.79461669921875,N,1.0,0.0
2026-09-26T22:45:50,mobilevit_xxs_batch0_node_5_upload,6398f931-fe2d-4aa0-bff0-6f16fc203491,5b0fa12a-3dd7-45bb-9766-cc326314d9f1,3.073895310983062,9.658331181453241e-08,3.1420494858572174e-08,115.20227784960001,0.0,6.0,4.011492102122194e-07,0.0,5.365029986326893e-09,4.065142401985463e-07,0.0,United Kingdom,GBR,england,,,Linux-6.4.0-150600.23.73_15.0.14-cray_shasta_c_64k-aarch64-with-glibc2.38,3.11.7,3.3.0,72,Neoverse-V2,1,1 x NVIDIA GH200 120GB,-2.5917,51.4535,64,machine,0,0,0,0,N,1.0,0.0
2026-09-26T23:05:56,mobilevit_xxs_batch0_node_0_exchange,9a91f990-fe1a-46f8-a931-0fc3ec78faaf,5b0fa12a-3dd7-45bb-9766-cc326314d9f1,8.278544418979436,9.139120578440002e-05,1.1039525931017057e-05,115.2789830784,221.9773999524469,6.0,0.00016724882923087732,0.00021728322937519806,1.2887175854605934e-07,0.0003846609303646214,0.0,United Kingdom,GBR,england,,,Linux-6.4.0-150600.23.73_15.0.14-cray_shasta_c_64k-aarch64-with-glibc2.38,3.11.7,3.3.0,72,Neoverse-V2,1,1 x NVIDIA GH200 120GB,-2.5917,51.4535,64,machine,1.8199999999999998,0.0,26.74,229.05565185546874,N,1.0,0.0
2026-09-26T23:06:53,mobilevit_xxs_batch0_node_1_exchange,13d4b20b-43b3-4ada-9e71-5258e3cdb246,5b0fa12a-3dd7-45bb-9766-cc326314d9f1,31.11635215813294,0.0004931854114779671,1.584971814728168e-05,115.20378507908575,158.33239291116905,6.0,0.0008968585514569884,0.0011539084231344532,2.5025303156968826e-05,0.0020757922777484106,0.0,United Kingdom,GBR,england,,,Linux-6.4.0-150600.23.73_15.0.14-cray_shasta_c_64k-aarch64-with-glibc2.38,3.11.7,3.3.0,72,Neoverse-V2,1,1 x NVIDIA GH200 120GB,-2.5917,51.4535,64,machine,0.9607142857142856,0.0,31.392857142857142,268.7933785574777,N,1.0,0.0
2026-09-26T23:07:10,mobilevit_xxs_batch0_node_2_exchange,5bde6c70-8015-45c6-aaf5-5ef512f344a6,5b0fa12a-3dd7-45bb-9766-cc326314d9f1,7.541239561978728,7.701996520580678e-05,1.0213170470558251e-05,115.20273155328002,147.30556145019918,6.0,0.00014232501121773364,0.00018184264547471685,5.45403997724255e-09,0.00032417311073242776,0.0,United Kingdom,GBR,england,,,Linux-6.4.0-150600.23.73_15.0.14-cray_shasta_c_64k-aarch64-with-glibc2.38,3.11.7,3.3.0,72,Neoverse-V2,1,1 x NVIDIA GH200 120GB,-2.5917,51.4535,64,machine,0.0,0.0,31.6,270.85626220703125,N,1.0,0.0
2026-09-26T23:13:16,mobilevit_xxs_batch0_node_3_exchange,ce183c62-c672-4b3f-ba66-8418d3de2cef,5b0fa12a-3dd7-45bb-9766-cc326314d9f1,3.1050559389404953,1.0993707811364886e-07,3.540582851823324e-08,115.20284497920001,0.0,6.0,4.572325089886661e-07,0.0,5.487053422257305e-09,4.6271956241092337e-07,0.0,United Kingdom,GBR,england,,,Linux-6.4.0-150600.23.73_15.0.14-cray_shasta_c_64k-aarch64-with-glibc2.38,3.11.7,3.3.0,72,Neoverse-V2,1,1 x NVIDIA GH200 120GB,-2.5917,51.4535,64,machine,0,0,0,0,N,1.0,0.0
2026-09-26T23:13:34,mobilevit_xxs_batch0_node_4_exchange,6e854f68-6431-489d-8449-3a66b7b87867,5b0fa12a-3dd7-45bb-9766-cc326314d9f1,4.1122106339316815,1.8602347998399973e-05,4.523685592587042e-06,115.20211248000001,162.60642406203698,6.0,3.261410297402665e-05,4.567670320909656e-05,5.529078189283609e-09,7.82963352613125e-05,0.0,United Kingdom,GBR,england,,,Linux-6.4.0-150600.23.73_15.0.14-cray_shasta_c_64k-aarch64-with-glibc2.38,3.11.7,3.3.0,72,Neoverse-V2,1,1 x NVIDIA GH200 120GB,-2.5917,51.4535,64,machine,0.0,0.0,27.2,232.53277587890625,N,1.0,0.0
2026-09-26T23:13:52,mobilevit_xxs_batch0_node_5_exchange,7e34112d-022d-4e2b-88a9-80072c3fa54d,5b0fa12a-3dd7-45bb-9766-cc326314d9f1,9.263596665114164,0.00010682379590576118,1.1531568111989328e-05,115.20363265097144,147.33232792700124,6.0,0.00019737380556557915,0.00025223270178287294,9.408816695213319e-09,0.0004496159161651473,0.0,United Kingdom,GBR,england,,,Linux-6.4.0-150600.23.73_15.0.14-cray_shasta_c_64k-aarch64-with-glibc2.38,3.11.7,3.3.0,72,Neoverse-V2,1,1 x NVIDIA GH200 120GB,-2.5917,51.4535,64,machine,0.0,0.0,27.599999999999998,236.22870890299478,N,1.0,0.0
2026-09-26T23:15:05,mobilevit_xxs_batch0_node_0_evaluate,0bc8e3aa-24ff-49a3-95a7-be008f94d466,5b0fa12a-3dd7-45bb-9766-cc326314d9f1,12.305283890105784,0.00016587680761907754,1.3480128463549942e-05,115.42019309568002,152.2035888216411,6.0,0.00029685418275728976,0.00039261059187367664,8.70226011844352e-06,0.0006981670347494099,0.0,United Kingdom,GBR,england,,,Linux-6.4.0-150600.23.73_15.0.14-cray_shasta_c_64k-aarch64-with-glibc2.38,3.11.7,3.3.0,72,Neoverse-V2,1,1 x NVIDIA GH200 120GB,-2.5917,51.4535,64,machine,9.066666666666668,2.2222222222222223,27.522222222222222,235.75119357638889,N,1.0,0.0
2026-09-26T23:15:24,mobilevit_xxs_batch0_node_1_evaluate,9c8754e8-db21-4c61-8d14-9295996f08fd,5b0fa12a-3dd7-45bb-9766-cc326314d9f1,15.677677450003102,0.00022545089436278623,1.4380375861269019e-05,115.42174884000002,153.17548633470295,6.0,0.00040474563490791344,0.0005351312614436665,9.034435245363663e-06,0.0009489113315969436,0.0,United Kingdom,GBR,england,,,Linux-6.4.0-150600.23.73_15.0.14-cray_shasta_c_64k-aarch64-with-glibc2.38,3.11.7,3.3.0,72,Neoverse-V2,1,1 x NVIDIA GH200 120GB,-2.5917,51.4535,64,machine,1.5083333333333335,1.6666666666666667,27.508333333333336,235.6920928955078,N,1.0,0.0
2026-09-26T23:23:57,mobilevit_xxs_batch0_node_2_evaluate,674f3c84-17ec-47c9-97b4-726f49db39be,5b0fa12a-3dd7-45bb-9766-cc326314d9f1,504.4889389560558,0.00942728396088826,1.8686800111804702e-05,115.22896385986634,149.93468033497362,6.0,0.016146115146173128,0.020866121137331106,0.002666721752803229,0.039678958036307485,0.0,United Kingdom,GBR,england,,,Linux-6.4.0-150600.23.73_15.0.14-cray_shasta_c_64k-aarch64-with-glibc2.38,3.11.7,3.3.0,72,Neoverse-V2,1,1 x NVIDIA GH200 120GB,-2.5917,51.4535,64,machine,1.401587301587302,0.047619047619047616,27.492261904761886,235.43024456690227,N,1.0,0.0
2026-09-26T23:24:13,mobilevit_xxs_batch0_node_3_evaluate,7bf7b9ed-14e5-4861-b668-4e462e6e6ad4,5b0fa12a-3dd7-45bb-9766-cc326314d9f1,14.403004294959828,0.0002033836289956167,1.4120917055255517e-05,115.42967365165715,152.9372621075018,6.0,0.0003641603552148643,0.00048229566361612797,9.575316776366284e-06,0.0008560313356073586,0.0,United Kingdom,GBR,england,,,Linux-6.4.0-150600.23.73_15.0.14-cray_shasta_c_64k-aarch64-with-glibc2.38,3.11.7,3.3.0,72,Neoverse-V2,1,1 x NVIDIA GH200 120GB,-2.5917,51.4535,64,machine,0.0,1.9090909090909092,27.472727272727273,235.16961669921875,N,1.0,0.0
2026-09-26T23:24:26,mobilevit_xxs_batch0_node_4_evaluate,374846de-265a-4743-938a-225389fd92c0,5b0fa12a-3dd7-45bb-9766-cc326314d9f1,9.26901484420523,0.00011354543115400631,1.224999992582731e-05,115.40107008000001,152.9433173074284,6.0,0.00019960826359556003,0.0002696293823731821,8.669290606630966e-06,0.0004779069365753731,0.0,United Kingdom,GBR,england,,,Linux-6.4.0-150600.23.73_15.0.14-cray_shasta_c_64k-aarch64-with-glibc2.38,3.11.7,3.3.0,72,Neoverse-V2,1,1 x NVIDIA GH200 120GB,-2.5917,51.4535,64,machine,0.0,3.3333333333333335,24.983333333333334,213.97639973958334,N,1.0,0.0
2026-09-26T23:24:43,mobilevit_xxs_batch0_node_5_evaluate,4085a955-09b1-43fa-b9ac-1a778c1e5d7c,5b0fa12a-3dd7-45bb-9766-cc326314d9f1,9.787962550995871,0.00012244367302883307,1.2509618052878135e-05,115.40857538880002,153.38343729362649,6.0,0.00021607300607808945,0.0002905760657938572,8.71011154493317e-06,0.0005153591834168798,0.0,United Kingdom,GBR,england,,,Linux-6.4.0-150600.23.73_15.0.14-cray_shasta_c_64k-aarch64-with-glibc2.38,3.11.7,3.3.0,72,Neoverse-V2,1,1 x NVIDIA GH200 120GB,-2.5917,51.4535,64,machine,0.0,2.6666666666666665,24.55,210.25103759765625,N,1.0,0.0
2026-09-26T23:26:53,mobilenet_v3_small_batch1_node_0_local_train,4709880f-8185-4f91-9270-7db193ad736d,5b0fa12a-3dd7-45bb-9766-cc326314d9f1,8.882922072894871,0.00010624479326034917,1.1960567973971302e-05,115.2694692288,207.00879259645978,6.0,0.00018563938019830947,0.0002518957570742941,9.643786248052493e-06,0.0004471789235206561,0.0,United Kingdom,GBR,england,,,Linux-6.4.0-150600.23.73_15.0.14-cray_shasta_c_64k-aarch64-with-glibc2.38,3.11.7,3.3.0,72,Neoverse-V2,1,1 x NVIDIA GH200 120GB,-2.5917,51.4535,64,machine,0.0,3.6,25.6,219.46004638671874,N,1.0,0.0
2026-09-26T23:27:06,mobilenet_v3_small_batch1_node_0_evaluate,67c1828c-54d3-49f8-bd57-2d7087a379ee,5b0fa12a-3dd7-45bb-9766-cc326314d9f1,10.642456391826272,0.00013648840893336656,1.2824897176763984e-05,115.25955774480002,75.88385607745911,6.0,0.00024289787457353908,0.00031895969961226456,1.2615187319849309e-05,0.0005744727615056529,0.0,United Kingdom,GBR,england,,,Linux-6.4.0-150600.23.73_15.0.14-cray_shasta_c_64k-aarch64-with-glibc2.38,3.11.7,3.3.0,72,Neoverse-V2,1,1 x NVIDIA GH200 120GB,-2.5917,51.4535,64,machine,23.457142857142856,0.2857142857142857,25.557142857142857,219.10123988560267,N,1.0,0.0
2026-09-26T23:27:22,mobilenet_v3_small_batch1_node_1_local_train,cbc9401f-3ca6-4592-845f-ba5102cb1a0d,5b0fa12a-3dd7-45bb-9766-cc326314d9f1,8.766188180074096,0.00010491286240252303,1.1967899872488962e-05,115.26712018560002,78.5155034765793,6.0,0.0001832623728219425,0.00024879881014783223,9.511711408849804e-06,0.00044157289437862454,0.0,United Kingdom,GBR,england,,,Linux-6.4.0-150600.23.73_15.0.14-cray_shasta_c_64k-aarch64-with-glibc2.38,3.11.7,3.3.0,72,Neoverse-V2,1,1 x NVIDIA GH200 120GB,-2.5917,51.4535,64,machine,1.48,4.4,25.52,218.644140625,N,1.0,0.0
2026-09-26T23:29:06,mobilenet_v3_small_batch1_node_1_evaluate,f22041ae-9b57-4e01-8380-46f1f3e6b9b2,5b0fa12a-3dd7-45bb-9766-cc326314d9f1,7.952077384106815,8.800848419781238e-05,1.1067357615722899e-05,115.340966568,150.51536490142294,6.0,0.0001570791012051016,0.00020687488772352935,6.469238568485405e-06,0.00037042322749711635,0.0,United Kingdom,GBR,england,,,Linux-6.4.0-150600.23.73_15.0.14-cray_shasta_c_64k-aarch64-with-glibc2.38,3.11.7,3.3.0,72,Neoverse-V2,1,1 x NVIDIA GH200 120GB,-2.5917,51.4535,64,machine,4.175,0.75,25.5,218.5622100830078,N,1.0,0.0
2026-09-26T23:29:34,mobilenet_v3_small_batch1_node_2_local_train,76a461fd-9ccd-4109-89a0-112b7502a60f,5b0fa12a-3dd7-45bb-9766-cc326314d9f1,17.54363369406201,0.00026037836956412585,1.484175821866687e-05,115.29223915062857,153.51047127606574,6.0,0.0004643364665994408,0.0006187082727393545,1.2874556437212353e-05,0.0010959192957760075,0.0,United Kingdom,GBR,england,,,Linux-6.4.0-150600.23.73_15.0.14-cray_shasta_c_64k-aarch64-with-glibc2.38,3.11.7,3.3.0,72,Neoverse-V2,1,1 x NVIDIA GH200 120GB,-2.5917,51.4535,64,machine,2.042857142857143,2.0,25.5,218.53165544782365,N,1.0,0.0
2026-09-26T23:39:20,mobilenet_v3_small_batch1_node_2_evaluate,70f4f645-9c12-4a51-9e75-8db5984fc5a4,5b0fa12a-3dd7-45bb-9766-cc326314d9f1,20.053628611844033,0.0003170304930206029,1.5809133556675075e-05,162.53507060307697,151.3743173444303,6.0,0.0006218909542891605,0.0007058183424248909,6.655901256405438e-06,0.001334365197970457,0.0,United Kingdom,GBR,england,,,Linux-6.4.0-150600.23.73_15.0.14-cray_shasta_c_64k-aarch64-with-glibc2.38,3.11.7,3.3.0,72,Neoverse-V2,1,1 x NVIDIA GH200 120GB,-2.5917,51.4535,64,machine,0.83125,0.125,25.387499999999996,217.31361770629883,N,1.0,0.0
2026-09-26T23:40:24,mobilenet_v3_small_batch1_node_3_local_train,4444289a-8573-485d-a076-16e06864423f,5b0fa12a-3dd7-45bb-9766-cc326314d9f1,46.339890483999625,0.0007672396677222057,1.6556786382288075e-05,115.24405888977233,150.3497161800013,6.0,0.0013854395217153422,0.001799631439695304,4.4201722603368884e-05,0.0032292726840140147,0.0,United Kingdom,GBR,england,,,Linux-6.4.0-150600.23.73_15.0.14-cray_shasta_c_64k-aarch64-with-glibc2.38,3.11.7,3.3.0,72,Neoverse-V2,1,1 x NVIDIA GH200 120GB,-2.5917,51.4535,64,machine,3.5372093023255813,0.7441860465116279,25.33953488372091,217.05498415924782,N,1.0,0.0
2026-09-26T23:40:40,mobilenet_v3_small_batch1_node_3_evaluate,957d45bd-4c7a-4335-ba3d-fce4618e7f54,5b0fa12a-3dd7-45bb-9766-cc326314d9f1,8.034202442038804,8.955548809670745e-05,1.1146780124447717e-05,115.35463897920002,150.27889363032546,6.0,0.00015969932779294127,0.00021062961296536287,6.605547356496875e-06,0.000376934488114801,0.0,United Kingdom,GBR,england,,,Linux-6.4.0-150600.23.73_15.0.14-cray_shasta_c_64k-aarch64-with-glibc2.38,3.11.7,3.3.0,72,Neoverse-V2,1,1 x NVIDIA GH200 120GB,-2.5917,51.4535,64,machine,0.0,0.75,25.3,216.7569122314453,N,1.0,0.0
2026-09-26T23:40:54,mobilenet_v3_small_batch1_node_4_local_train,edb974ae-eae7-49ef-b889-b73a43bfbd0e,5b0fa12a-3dd7-45bb-9766-cc326314d9f1,12.805460596922785,0.0001740803008344928,1.3594224082523447e-05,115.27947350208001,152.47343867205961,6.0,0.00031225427051519454,0.0004124533855218715,7.98746383166872e-06,0.0007326951198687347,0.0,United Kingdom,GBR,england,,,Linux-6.4.0-150600.23.73_15.0.14-cray_shasta_c_64k-aarch64-with-glibc2.38,3.11.7,3.3.0,72,Neoverse-V2,1,1 x NVIDIA GH200 120GB,-2.5917,51.4535,64,machine,3.3666666666666667,2.4444444444444446,25.300000000000004,216.8159383138021,N,1.0,0.0
2026-09-26T23:41:35,mobilenet_v3_small_batch1_node_4_evaluate,48e68e22-c40b-499b-babe-da855b8b58ca,5b0fa12a-3dd7-45bb-9766-cc326314d9f1,6.918626195052639,6.925145051924488e-05,1.0009422183953963e-05,115.29485657280001,75.37757747546169,6.0,0.00012400926088914588,0.00016105123994236692,6.41532725499322e-06,0.000291475828086506,0.0,United Kingdom,GBR,england,,,Linux-6.4.0-150600.23.73_15.0.14-cray_shasta_c_64k-aarch64-with-glibc2.38,3.11.7,3.3.0,72,Neoverse-V2,1,1 x NVIDIA GH200 120GB,-2.5917,51.4535,64,machine,0.0,1.0,25.3,216.7229207356771,N,1.0,0.0
2026-09-26T23:43:36,mobilenet_v3_small_batch1_node_5_local_train,6fb747a1-8bcf-42c3-9e4f-775d2949cd63,5b0fa12a-3dd7-45bb-9766-cc326314d9f1,8.322026354027912,9.484928485745038e-05,1.1397378573734359e-05,115.28208459648002,150.8302914966058,6.0,0.00016863272344004728,0.00022350212324795393,7.080962366502111e-06,0.0003992158090545033,0.0,United Kingdom,GBR,england,,,Linux-6.4.0-150600.23.73_15.0.14-cray_shasta_c_64k-aarch64-with-glibc2.38,3.11.7,3.3.0,72,Neoverse-V2,1,1 x NVIDIA GH200 120GB,-2.5917,51.4535,64,machine,23.72,3.0,25.2,215.962158203125,N,1.0,0.0
2026-09-26T23:43:48,mobilenet_v3_small_batch1_node_5_evaluate,53c1d2b7-cb90-40bc-a8ff-7d8e87706923,5b0fa12a-3dd7-45bb-9766-cc326314d9f1,7.941781742032617,8.768775267220015e-05,1.1041319885197119e-05,115.34515200000001,150.18278690609992,6.0,0.00015660045372078367,0.00020603155370224613,6.441277418440829e-06,0.0003690732848414706,0.0,United Kingdom,GBR,england,,,Linux-6.4.0-150600.23.73_15.0.14-cray_shasta_c_64k-aarch64-with-glibc2.38,3.11.7,3.3.0,72,Neoverse-V2,1,1 x NVIDIA GH200 120GB,-2.5917,51.4535,64,machine,12.875,0.5,25.2,215.7960968017578,N,1.0,0.0
2026-09-26T23:43:57,mobilenet_v3_small_batch1_node_4_upload,d468a79e-2d9c-4b39-a4ae-dfb4f6330c2f,5b0fa12a-3dd7-45bb-9766-cc326314d9f1,4.118748380802572,1.7951684618849094e-05,4.3585290867783146e-06,115.21350328320001,141.18336677805982,6.0,3.4008234543051725e-05,4.154392213706615e-05,5.569556572784981e-09,7.555772623669065e-05,0.0,United Kingdom,GBR,england,,,Linux-6.4.0-150600.23.73_15.0.14-cray_shasta_c_64k-aarch64-with-glibc2.38,3.11.7,3.3.0,72,Neoverse-V2,1,1 x NVIDIA GH200 120GB,-2.5917,51.4535,64,machine,0.0,0.0,25.2,215.98736572265625,N,1.0,0.0
2026-09-26T23:44:11,mobilenet_v3_small_batch1_node_0_exchange,9a9b0b55-53be-42bd-8b49-1a70929b02ed,5b0fa12a-3dd7-45bb-9766-cc326314d9f1,10.136945573845878,0.00012396690000396308,1.222921629606136e-05,115.40408040720001,200.0649159851541,6.0,0.00022696677380189495,0.000294697735768068,1.0585860349237919e-07,0.0005217703681734553,0.0,United Kingdom,GBR,england,,,Linux-6.4.0-150600.23.73_15.0.14-cray_shasta_c_64k-aarch64-with-glibc2.38,3.11.7,3.3.0,72,Neoverse-V2,1,1 x NVIDIA GH200 120GB,-2.5917,51.4535,64,machine,0.0,0.0,25.242857142857144,216.15672956194197,N,1.0,0.0
2026-09-26T23:44:18,mobilenet_v3_small_batch1_node_1_exchange,0706befa-91ad-406c-a549-70af633b80b0,5b0fa12a-3dd7-45bb-9766-cc326314d9f1,3.142348465975374,1.660797320460705e-06,5.285210531051652e-07,115.28799840000002,124.94446945262897,6.0,2.680012776823375e-06,4.203892231657846e-06,1.0630632479054233e-07,6.990211333271764e-06,0.0,United Kingdom,GBR,england,,,Linux-6.4.0-150600.23.73_15.0.14-cray_shasta_c_64k-aarch64-with-glibc2.38,3.11.7,3.3.0,72,Neoverse-V2,1,1 x NVIDIA GH200 120GB,-2.5917,51.4535,64,machine,0,0,0,0,N,1.0,0.0
2026-09-26T23:44:29,mobilenet_v3_small_batch1_node_2_exchange,27de971c-4554-43c6-a591-555203e61323,5b0fa12a-3dd7-45bb-9766-cc326314d9f1,4.141124868998304,1.9163497654963323e-05,4.627606812445329e-06,115.468205904,81.32019438254491,6.0,3.486889679812756e-05,4.568475878841127e-05,1.0452999849803746e-07,8.065818558503687e-05,0.0,United Kingdom,GBR,england,,,Linux-6.4.0-150600.23.73_15.0.14-cray_shasta_c_64k-aarch64-with-glibc2.38,3.11.7,3.3.0,72,Neoverse-V2,1,1 x NVIDIA GH200 120GB,-2.5917,51.4535,64,machine,0.0,0.0,22.8,195.005126953125,N,1.0,0.0
2026-09-26T23:44:40,mobilenet_v3_small_batch1_node_3_exchange,764fb46b-c9fe-4a94-9581-71018b329918,5b0fa12a-3dd7-45bb-9766-cc326314d9f1,4.615249540191144,2.6654255734204208e-05,5.775257762790504e-06,115.32588436800002,74.49066293860241,6.0,5.00626054798785e-05,6.202032739111019e-05,1.0347194659213227e-07,0.00011218640481758082,0.0,United Kingdom,GBR,england,,,Linux-6.4.0-150600.23.73_15.0.14-cray_shasta_c_64k-aarch64-with-glibc2.38,3.11.7,3.3.0,72,Neoverse-V2,1,1 x NVIDIA GH200 120GB,-2.5917,51.4535,64,machine,28.6,0.0,22.8,195.25408935546875,N,1.0,0.0
2026-09-26T23:44:47,mobilenet_v3_small_batch1_node_4_exchange,2e4d1ea7-d12f-49d8-82b0-0a6e991c4c26,5b0fa12a-3dd7-45bb-9766-cc326314d9f1,3.1348924359772354,1.6382985034765867e-06,5.226011855063481e-07,115.52090929920001,123.87464600686512,6.0,2.611062555224186e-06,4.170836675143619e-06,1.1361572813863555e-07,6.895514958506441e-06,0.0,United Kingdom,GBR,england,,,Linux-6.4.0-150600.23.73_15.0.14-cray_shasta_c_64k-aarch64-with-glibc2.38,3.11.7,3.3.0,72,Neoverse-V2,1,1 x NVIDIA GH200 120GB,-2.5917,51.4535,64,machine,0,0,0,0,N,1.0,0.0
2026-09-26T23:44:54,mobilenet_v3_small_batch1_node_5_exchange,b8ad16ab-adc7-40b6-981f-4886055d5efa,5b0fa12a-3dd7-45bb-9766-cc326314d9f1,4.128357354085892,1.905576980574608e-05,4.615823721482425e-06,115.5320665632,197.07590057969674,6.0,3.45360056127369e-05,4.5562536456600355e-05,1.0622248519212009e-07,8.020476455452938e-05,0.0,United Kingdom,GBR,england,,,Linux-6.4.0-150600.23.73_15.0.14-cray_shasta_c_64k-aarch64-with-glibc2.38,3.11.7,3.3.0,72,Neoverse-V2,1,1 x NVIDIA GH200 120GB,-2.5917,51.4535,64,machine,0.0,0.0,22.9,195.72344970703125,N,1.0,0.0
2026-09-26T23:45:11,mobilenet_v3_small_batch1_node_0_evaluate,a68af726-f37b-4c8e-81a9-ded7058f23cb,5b0fa12a-3dd7-45bb-9766-cc326314d9f1,6.958432456012815,7.042279825000457e-05,1.012049749640839e-05,115.30141666560002,76.24954385978783,6.0,0.00012526581892620953,0.00016464985394293308,6.490298156471303e-06,0.0002964059710256139,0.0,United Kingdom,GBR,england,,,Linux-6.4.0-150600.23.73_15.0.14-cray_shasta_c_64k-aarch64-with-glibc2.38,3.11.7,3.3.0,72,Neoverse-V2,1,1 x NVIDIA GH200 120GB,-2.5917,51.4535,64,machine,0.0,1.0,22.899999999999995,196.18343098958334,N,1.0,0.0
2026-09-26T23:45:29,mobilenet_v3_small_batch1_node_1_evaluate,51108ca0-2043-47ab-abf5-8a9eeecca621,5b0fa12a-3dd7-45bb-9766-cc326314d9f1,13.542807292891666,0.0001851520075521997,1.3671612062986533e-05,115.32541150573716,150.50312485433972,6.0,0.00033607651784819346,0.0004367378493839169,6.4810023018314205e-06,0.0007792953695339418,0.0,United Kingdom,GBR,england,,,Linux-6.4.0-150600.23.73_15.0.14-cray_shasta_c_64k-aarch64-with-glibc2.38,3.11.7,3.3.0,72,Neoverse-V2,1,1 x NVIDIA GH200 120GB,-2.5917,51.4535,64,machine,0.0,0.4,22.98,196.6409118652344,N,1.0,0.0
2026-09-26T23:45:37,mobilenet_v3_small_batch1_node_2_evaluate,28ad8a1f-1e25-4d3a-95cb-7c5f3814cd83,5b0fa12a-3dd7-45bb-9766-cc326314d9f1,7.038157647009939,7.106492692732818e-05,1.0097092235141835e-05,115.30175310720003,74.85687041153354,6.0,0.00012788477247402565,0.0001645987427991713,6.6251426500578725e-06,0.0002991086579232548,0.0,United Kingdom,GBR,england,,,Linux-6.4.0-150600.23.73_15.0.14-cray_shasta_c_64k-aarch64-with-glibc2.38,3.11.7,3.3.0,72,Neoverse-V2,1,1 x NVIDIA GH200 120GB,-2.5917,51.4535,64,machine,17.466666666666665,1.0,23.0,197.03145345052084,N,1.0,0.0
2026-09-26T23:45:52,mobilenet_v3_small_batch1_node_3_evaluate,e1dc34b0-0c0d-4fe8-93fd-a58d2c16760e,5b0fa12a-3dd7-45bb-9766-cc326314d9f1,10.829914954956621,0.0001380738790752206,1.2749304094214253e-05,115.32596518656001,150.62328679682938,6.0,0.0002492957592011918,0.0003253266491327622,6.5235162468161435e-06,0.0005811459245807702,0.0,United Kingdom,GBR,england,,,Linux-6.4.0-150600.23.73_15.0.14-cray_shasta_c_64k-aarch64-with-glibc2.38,3.11.7,3.3.0,72,Neoverse-V2,1,1 x NVIDIA GH200 120GB,-2.5917,51.4535,64,machine,10.471428571428572,0.42857142857142855,22.842857142857145,195.75489153180803,N,1.0,0.0
2026-09-26T23:46:01,mobilenet_v3_small_batch1_node_4_evaluate,d3fe53eb-0ee7-4509-a1f6-cddbe67ea3b7,5b0fa12a-3dd7-45bb-9766-cc326314d9f1,7.897320098942146,8.643251314964764e-05,1.094453714257136e-05,115.35639570720001,149.1292138903916,6.0,0.00015546466060781808,0.00020194016154562178,6.38522347008499e-06,0.0003637900456235248,0.0,United Kingdom,GBR,england,,,Linux-6.4.0-150600.23.73_15.0.14-cray_shasta_c_64k-aarch64-with-glibc2.38,3.11.7,3.3.0,72,Neoverse-V2,1,1 x NVIDIA GH200 120GB,-2.5917,51.4535,64,machine,0.0,0.75,22.85,195.65145874023438,N,1.0,0.0
2026-09-26T23:46:14,mobilenet_v3_small_batch1_node_5_evaluate,c84a04a2-5875-4574-b64c-57376cfac8d1,5b0fa12a-3dd7-45bb-9766-cc326314d9f1,8.260527367005125,9.324290305805755e-05,1.1287766375606477e-05,115.35711739776,150.78475434231774,6.0,0.00016710306935938902,0.00021902267522477814,6.328885293720911e-06,0.00039245462987788805,0.0,United Kingdom,GBR,england,,,Linux-6.4.0-150600.23.73_15.0.14-cray_shasta_c_64k-aarch64-with-glibc2.38,3.11.7,3.3.0,72,Neoverse-V2,1,1 x NVIDIA GH200 120GB,-2.5917,51.4535,64,machine,0.0,0.6,22.96,196.5626220703125,N,1.0,0.0
2026-09-26T23:46:33,efficientnet_lite0_batch1_node_0_local_train,c0b7e322-e018-4315-85ce-225008dc25c6,5b0fa12a-3dd7-45bb-9766-cc326314d9f1,6.852200148859993,7.497612320015401e-05,1.0941905019021936e-05,115.57261283040002,89.20516836437949,6.0,0.00012198013035503327,0.00018728653871846745,6.3040147551024965e-06,0.0003155706838286032,0.0,United Kingdom,GBR,england,,,Linux-6.4.0-150600.23.73_15.0.14-cray_shasta_c_64k-aarch64-with-glibc2.38,3.11.7,3.3.0,72,Neoverse-V2,1,1 x NVIDIA GH200 120GB,-2.5917,51.4535,64,machine,5.8,13.0,23.3,199.7294921875,N,1.0,0.0
2026-09-26T23:46:49,efficientnet_lite0_batch1_node_0_evaluate,24458f1f-66e7-461e-a108-07829cb215a7,5b0fa12a-3dd7-45bb-9766-cc326314d9f1,11.424565873807296,0.00015052448100543307,1.3175509920296866e-05,115.54746827904003,154.49555293143078,6.0,0.0002687898458459062,0.0003582697310804406,6.490297038496161e-06,0.000633549873964843,0.0,United Kingdom,GBR,england,,,Linux-6.4.0-150600.23.73_15.0.14-cray_shasta_c_64k-aarch64-with-glibc2.38,3.11.7,3.3.0,72,Neoverse-V2,1,1 x NVIDIA GH200 120GB,-2.5917,51.4535,64,machine,6.125,1.5,23.400000000000002,200.24542236328125,N,1.0,0.0
2026-09-26T23:47:01,efficientnet_lite0_batch1_node_1_local_train,120c9150-b3f7-40f5-bc2a-257c70b7c29e,5b0fa12a-3dd7-45bb-9766-cc326314d9f1,11.140073181828484,0.00015031347343136357,1.349304182997223e-05,115.36149756672002,164.2978810598508,6.0,0.0002591179101207276,0.0003670911270035049,6.45271670849373e-06,0.0006326617538327261,0.0,United Kingdom,GBR,england,,,Linux-6.4.0-150600.23.73_15.0.14-cray_shasta_c_64k-aarch64-with-glibc2.38,3.11.7,3.3.0,72,Neoverse-V2,1,1 x NVIDIA GH200 120GB,-2.5917,51.4535,64,machine,0.0,5.75,23.400000000000002,200.36112213134766,N,1.0,0.0
2026-09-26T23:47:16,efficientnet_lite0_batch1_node_1_evaluate,3adde15e-f5c4-4ef3-9698-ea3f37d77136,5b0fa12a-3dd7-45bb-9766-cc326314d9f1,9.912313122069463,0.00012441867135759005,1.255193110078168e-05,115.5820884048,155.68003560369306,6.0,0.00022042157279013525,0.00029684857081235805,6.4017071885367236e-06,0.00052367185079103,0.0,United Kingdom,GBR,england,,,Linux-6.4.0-150600.23.73_15.0.14-cray_shasta_c_64k-aarch64-with-glibc2.38,3.11.7,3.3.0,72,Neoverse-V2,1,1 x NVIDIA GH200 120GB,-2.5917,51.4535,64,machine,16.98333333333333,2.0,23.46666666666667,200.97343953450522,N,1.0,0.0
2026-09-26T23:48:00,efficientnet_lite0_batch1_node_2_local_train,b76bb667-dc1c-419b-aa5c-b5bbc230b612,5b0fa12a-3dd7-45bb-9766-cc326314d9f1,13.95861498103477,0.00020271918613949634,1.4522872535342937e-05,115.379159904,164.02576383542316,6.0,0.0003495206847791656,0.0004948837292317876,8.830315456725656e-06,0.0008532347294676788,0.0,United Kingdom,GBR,england,,,Linux-6.4.0-150600.23.73_15.0.14-cray_shasta_c_64k-aarch64-with-glibc2.38,3.11.7,3.3.0,72,Neoverse-V2,1,1 x NVIDIA GH200 120GB,-2.5917,51.4535,64,machine,0.0,4.9,23.119999999999997,198.08843383789062,N,1.0,0.0
2026-09-26T23:48:31,efficientnet_lite0_batch1_node_2_evaluate,ccf255dc-05ab-4f67-aa96-f66b8a54cf3b,5b0fa12a-3dd7-45bb-9766-cc326314d9f1,8.025505197932944,9.153235836813625e-05,1.140518336362319e-05,115.5603382848,159.89897454559653,6.0,0.00016010186660149887,0.00021856267484565706,6.590492953158294e-06,0.00038525503440031423,0.0,United Kingdom,GBR,england,,,Linux-6.4.0-150600.23.73_15.0.14-cray_shasta_c_64k-aarch64-with-glibc2.38,3.11.7,3.3.0,72,Neoverse-V2,1,1 x NVIDIA GH200 120GB,-2.5917,51.4535,64,machine,0.0,3.0,23.3,199.72605895996094,N,1.0,0.0
2026-09-26T23:48:39,efficientnet_lite0_batch1_node_3_local_train,5327d2f3-4b40-4c91-8f80-15dd4e568691,5b0fa12a-3dd7-45bb-9766-cc326314d9f1,7.641423844033852,9.136737613346634e-05,1.1956852282811493e-05,115.35479828352001,90.36429813708229,6.0,0.00014739290866914396,0.0002295418503166502,7.62587359175086e-06,0.000384560632577545,0.0,United Kingdom,GBR,england,,,Linux-6.4.0-150600.23.73_15.0.14-cray_shasta_c_64k-aarch64-with-glibc2.38,3.11.7,3.3.0,72,Neoverse-V2,1,1 x NVIDIA GH200 120GB,-2.5917,51.4535,64,machine,14.6,15.5,23.325000000000003,199.94850158691406,N,1.0,0.0
2026-09-26T23:56:28,efficientnet_lite0_batch1_node_3_evaluate,800dd8ac-1495-4f55-906a-dd6fde8761c4,5b0fa12a-3dd7-45bb-9766-cc326314d9f1,19.99046153202653,0.000298760911332017,1.494517326943027e-05,115.45937529325715,155.4450429894301,6.0,0.0005425007242535787,0.0007084527889986703,6.515945906285197e-06,0.001257469459158534,0.0,United Kingdom,GBR,england,,,Linux-6.4.0-150600.23.73_15.0.14-cray_shasta_c_64k-aarch64-with-glibc2.38,3.11.7,3.3.0,72,Neoverse-V2,1,1 x NVIDIA GH200 120GB,-2.5917,51.4535,64,machine,1.8687500000000001,0.75,23.306250000000006,199.65284729003906,N,1.0,0.0
2026-09-26T23:58:07,efficientnet_lite0_batch1_node_4_local_train,4e53130f-e8ac-495a-a25b-2287006798a2,5b0fa12a-3dd7-45bb-9766-cc326314d9f1,6.379635312827304,6.689997131941394e-05,1.0486488339686215e-05,115.31211747840001,459.48954826918714,6.0,0.00010684952671625163,0.00016923819093506154,5.490854249801487e-06,0.0002815785719011147,0.0,United Kingdom,GBR,england,,,Linux-6.4.0-150600.23.73_15.0.14-cray_shasta_c_64k-aarch64-with-glibc2.38,3.11.7,3.3.0,72,Neoverse-V2,1,1 x NVIDIA GH200 120GB,-2.5917,51.4535,64,machine,0.0,12.0,23.133333333333336,198.3772176106771,N,1.0,0.0
2026-09-26T23:58:42,efficientnet_lite0_batch1_node_4_evaluate,afdfc097-d0fa-4165-b826-4d33de25b788,5b0fa12a-3dd7-45bb-9766-cc326314d9f1,11.80524322600104,0.00015735942821034732,1.3329621863593906e-05,115.45956827136001,155.007867545571,6.0,0.0002807205195655836,0.000375231689076827,6.36560998701801e-06,0.0006623178186294286,0.0,United Kingdom,GBR,england,,,Linux-6.4.0-150600.23.73_15.0.14-cray_shasta_c_64k-aarch64-with-glibc2.38,3.11.7,3.3.0,72,Neoverse-V2,1,1 x NVIDIA GH200 120GB,-2.5917,51.4535,64,machine,0.0,1.5,23.300000000000004,199.70004272460938,N,1.0,0.0
2026-09-26T23:59:22,efficientnet_lite0_batch1_node_5_local_train,063b7027-6116-498f-8ba3-a38343db7018,5b0fa12a-3dd7-45bb-9766-cc326314d9f1,11.364613560959697,0.00015206333330009398,1.3380422702842246e-05,115.32698424000002,164.64538460503707,6.0,0.0002661847665383955,0.00036899335074735973,4.848707609732325e-06,0.0006400268248954876,0.0,United Kingdom,GBR,england,,,Linux-6.4.0-150600.23.73_15.0.14-cray_shasta_c_64k-aarch64-with-glibc2.38,3.11.7,3.3.0,72,Neoverse-V2,1,1 x NVIDIA GH200 120GB,-2.5917,51.4535,64,machine,0.0,5.125,23.4875,201.1068572998047,N,1.0,0.0
2026-09-26T23:59:31,efficientnet_lite0_batch1_node_5_evaluate,0f96a73c-dc97-41f4-a728-6eee25e74c41,5b0fa12a-3dd7-45bb-9766-cc326314d9f1,6.885774549795315,7.09376789986914e-05,1.0302062387563949e-05,115.42827355200001,79.60482809700632,6.0,0.000123307005969784,0.0001688954128979958,6.37065900489688e-06,0.00029857307787267673,0.0,United Kingdom,GBR,england,,,Linux-6.4.0-150600.23.73_15.0.14-cray_shasta_c_64k-aarch64-with-glibc2.38,3.11.7,3.3.0,72,Neoverse-V2,1,1 x NVIDIA GH200 120GB,-2.5917,51.4535,64,machine,0.0,4.0,23.066666666666666,197.54833984375,N,1.0,0.0
2026-09-26T23:59:48,efficientnet_lite0_batch1_node_0_upload,36e0770b-516a-4be8-b333-1d540c8424e8,5b0fa12a-3dd7-45bb-9766-cc326314d9f1,5.081420840928331,3.5005319099345445e-05,6.888884073012595e-06,115.211392704,147.91202188505514,6.0,6.456803173259268e-05,8.275978842675613e-05,7.785021637876829e-09,0.0001473356051809867,0.0,United Kingdom,GBR,england,,,Linux-6.4.0-150600.23.73_15.0.14-cray_shasta_c_64k-aarch64-with-glibc2.38,3.11.7,3.3.0,72,Neoverse-V2,1,1 x NVIDIA GH200 120GB,-2.5917,51.4535,64,machine,0.0,0.0,23.2,198.80465698242188,N,1.0,0.0
2026-09-27T00:07:16,efficientnet_lite0_batch1_node_1_upload,d2b5e1c4-1cd4-410a-993b-d8cdf6d81895,5b0fa12a-3dd7-45bb-9766-cc326314d9f1,421.0774449559394,0.007545497102512406,1.7919499590632192e-05,115.20129466210611,149.16943820381815,6.0,0.01347370599745018,0.017405422535432535,0.000879484460616174,0.031758612993498886,0.0,United Kingdom,GBR,england,,,Linux-6.4.0-150600.23.73_15.0.14-cray_shasta_c_64k-aarch64-with-glibc2.38,3.11.7,3.3.0,72,Neoverse-V2,1,1 x NVIDIA GH200 120GB,-2.5917,51.4535,64,machine,0.9577197149643705,0.0,23.574821852731613,201.9173942076622,N,1.0,0.0
2026-09-27T00:07:58,efficientnet_lite0_batch1_node_3_upload,39fd5973-66e6-4e3c-b6a8-aa9510937357,5b0fa12a-3dd7-45bb-9766-cc326314d9f1,31.670432050013915,0.0004984814734505524,1.573964866230277e-05,115.20092675619313,148.8727072126424,6.0,0.00091533765602986,0.0011827401128527981,5.363966726387541e-09,0.0020980831328493844,0.0,United Kingdom,GBR,england,,,Linux-6.4.0-150600.23.73_15.0.14-cray_shasta_c_64k-aarch64-with-glibc2.38,3.11.7,3.3.0,72,Neoverse-V2,1,1 x NVIDIA GH200 120GB,-2.5917,51.4535,64,machine,0.4928571428571429,0.0,24.10357142857144,206.48648943219865,N,1.0,0.0
2026-09-27T00:08:11,efficientnet_lite0_batch1_node_4_upload,de9196a4-dc52-4c83-ae57-4b8ec354261d,5b0fa12a-3dd7-45bb-9766-cc326314d9f1,3.0776155430357903,1.0904008059041306e-06,3.543005260587385e-07,115.2007558272,1644.1827481705814,6.0,4.453678219724466e-07,4.138614414728181e-06,5.459218518808484e-09,4.589441455219436e-06,0.0,United Kingdom,GBR,england,,,Linux-6.4.0-150600.23.73_15.0.14-cray_shasta_c_64k-aarch64-with-glibc2.38,3.11.7,3.3.0,72,Neoverse-V2,1,1 x NVIDIA GH200 120GB,-2.5917,51.4535,64,machine,0,0,0,0,N,1.0,0.0
2026-09-27T00:08:19,efficientnet_lite0_batch1_node_5_upload,f1c3b4ad-6374-4106-a2c6-c47b04918c10,5b0fa12a-3dd7-45bb-9766-cc326314d9f1,4.3433348019607365,2.1516744794024274e-05,4.9539687302739925e-06,115.2007558272,140.55625138419833,6.0,4.084680171728329e-05,4.9710595334317986e-05,5.4858850004772344e-09,9.056288293660175e-05,0.0,United Kingdom,GBR,england,,,Linux-6.4.0-150600.23.73_15.0.14-cray_shasta_c_64k-aarch64-with-glibc2.38,3.11.7,3.3.0,72,Neoverse-V2,1,1 x NVIDIA GH200 120GB,-2.5917,51.4535,64,machine,0.0,0.0,24.1,206.54888916015625,N,1.0,0.0
2026-09-27T00:08:47,mobilevit_xxs_batch1_node_0_local_train,6581278d-c4aa-4bd6-8ed3-868a191dcca2,5b0fa12a-3dd7-45bb-9766-cc326314d9f1,10.101767108077183,0.00013338193329698916,1.320382185314285e-05,115.23135375771432,164.93872883779198,6.0,0.00022572263123115998,0.0003256335938317534,1.0041538709774613e-05,0.0005613977637726879,0.0,United Kingdom,GBR,england,,,Linux-6.4.0-150600.23.73_15.0.14-cray_shasta_c_64k-aarch64-with-glibc2.38,3.11.7,3.3.0,72,Neoverse-V2,1,1 x NVIDIA GH200 120GB,-2.5917,51.4535,64,machine,6.628571428571428,15.0,24.5,209.54010881696428,N,1.0,0.0
2026-09-27T00:08:58,mobilevit_xxs_batch1_node_0_evaluate,1fa1541d-768b-4a2c-98b9-bb1c1bdd7ac2,5b0fa12a-3dd7-45bb-9766-cc326314d9f1,7.214908919995651,7.693514892519026e-05,1.0663356915285444e-05,115.21447746048,79.80000223423296,6.0,0.00013339051021627515,0.00018351403569738522,6.911577413557098e-06,0.00032381612332721746,0.0,United Kingdom,GBR,england,,,Linux-6.4.0-150600.23.73_15.0.14-cray_shasta_c_64k-aarch64-with-glibc2.38,3.11.7,3.3.0,72,Neoverse-V2,1,1 x NVIDIA GH200 120GB,-2.5917,51.4535,64,machine,0.0,3.75,24.45,209.3939666748047,N,1.0,0.0
2026-09-27T00:09:18,mobilevit_xxs_batch1_node_1_local_train,ded9f2ca-841c-449a-990a-78f0915185ec,5b0fa12a-3dd7-45bb-9766-cc326314d9f1,13.691371461842209,0.0001959442750002957,1.4311515507879654e-05,115.20788524909715,158.83773179547967,6.0,0.0003403063393907055,0.0004738562124089185,1.055692174627135e-05,0.0008247194735458953,0.0,United Kingdom,GBR,england,,,Linux-6.4.0-150600.23.73_15.0.14-cray_shasta_c_64k-aarch64-with-glibc2.38,3.11.7,3.3.0,72,Neoverse-V2,1,1 x NVIDIA GH200 120GB,-2.5917,51.4535,64,machine,2.71,6.4,24.440000000000005,209.33023071289062,N,1.0,0.0
2026-09-27T00:09:34,mobilevit_xxs_batch1_node_1_evaluate,3d65f1f3-c133-47cc-a3b3-f104f4b1dee4,5b0fa12a-3dd7-45bb-9766-cc326314d9f1,7.155402536038309,7.542546982897286e-05,1.0541051946286903e-05,115.21429197696,79.09088875395446,6.0,0.00013122016985124487,0.00017943042132628761,6.811369725425417e-06,0.0003174619609029579,0.0,United Kingdom,GBR,england,,,Linux-6.4.0-150600.23.73_15.0.14-cray_shasta_c_64k-aarch64-with-glibc2.38,3.11.7,3.3.0,72,Neoverse-V2,1,1 x NVIDIA GH200 120GB,-2.5917,51.4535,64,machine,0.0,3.5,24.4,209.12948608398438,N,1.0,0.0
2026-09-27T00:09:59,mobilevit_xxs_batch1_node_2_local_train,e5db8f0f-3ce6-47f7-b4f2-8921bfa66692,5b0fa12a-3dd7-45bb-9766-cc326314d9f1,18.645882433047518,0.00028661865421200904,1.5371686228376778e-05,115.21494706669715,163.3602756647398,6.0,0.0004991861130949027,0.0006928619431789684,1.4315261101971073e-05,0.0012063633173758424,0.0,United Kingdom,GBR,england,,,Linux-6.4.0-150600.23.73_15.0.14-cray_shasta_c_64k-aarch64-with-glibc2.38,3.11.7,3.3.0,72,Neoverse-V2,1,1 x NVIDIA GH200 120GB,-2.5917,51.4535,64,machine,7.613333333333333,7.933333333333334,24.46666666666666,209.3742919921875,N,1.0,0.0
2026-09-27T00:10:13,mobilevit_xxs_batch1_node_2_evaluate,3c5745e5-f7fb-4e06-aa8c-243120e1a588,5b0fa12a-3dd7-45bb-9766-cc326314d9f1,12.252716216025874,0.00016489212926804753,1.3457598002015075e-05,115.22118517632,154.161158856857,6.0,0.000294483144158211,0.000392573925168449,6.965504395387445e-06,0.0006940225737220475,0.0,United Kingdom,GBR,england,,,Linux-6.4.0-150600.23.73_15.0.14-cray_shasta_c_64k-aarch64-with-glibc2.38,3.11.7,3.3.0,72,Neoverse-V2,1,1 x NVIDIA GH200 120GB,-2.5917,51.4535,64,machine,0.0,1.3333333333333333,24.400000000000002,208.77450222439236,N,1.0,0.0
2026-09-27T00:10:43,mobilevit_xxs_batch1_node_3_local_train,b6ca86b8-0cad-41cb-8977-4b8e921c28c4,5b0fa12a-3dd7-45bb-9766-cc326314d9f1,25.61737252608873,0.0004112721020419569,1.6054421725847077e-05,115.2077813784,105.38407355786983,6.0,0.0007220084415849964,0.0009715510550165618,3.7463833779717486e-05,0.0017310233303812757,0.0,United Kingdom,GBR,england,,,Linux-6.4.0-150600.23.73_15.0.14-cray_shasta_c_64k-aarch64-with-glibc2.38,3.11.7,3.3.0,72,Neoverse-V2,1,1 x NVIDIA GH200 120GB,-2.5917,51.4535,64,machine,0.609090909090909,1.5454545454545454,24.427272727272722,209.26981977982953,N,1.0,0.0
2026-09-27T00:10:58,mobilevit_xxs_batch1_node_3_evaluate,a37dd4f9-1054-44f9-85e1-ae62863546d4,5b0fa12a-3dd7-45bb-9766-cc326314d9f1,11.860184314893559,0.00015768278693032169,1.329513797962733e-05,115.21950905088,153.34875433190936,6.0,0.0002821149261352389,0.000374657799710576,6.906093166520199e-06,0.0006636788190123352,0.0,United Kingdom,GBR,england,,,Linux-6.4.0-150600.23.73_15.0.14-cray_shasta_c_64k-aarch64-with-glibc2.38,3.11.7,3.3.0,72,Neoverse-V2,1,1 x NVIDIA GH200 120GB,-2.5917,51.4535,64,machine,2.4,1.875,24.387500000000003,208.68791961669922,N,1.0,0.0
2026-09-27T00:11:20,mobilevit_xxs_batch1_node_4_local_train,95dfe183-1fbd-4b13-84ba-3cd23225f893,5b0fa12a-3dd7-45bb-9766-cc326314d9f1,9.40405435115099,0.00011995895857595764,1.2756089458508448e-05,115.2119270016,158.4883462611716,6.0,0.00020345757464644625,0.00029255634514413487,8.887227046846723e-06,0.0005049011468374278,0.0,United Kingdom,GBR,england,,,Linux-6.4.0-150600.23.73_15.0.14-cray_shasta_c_64k-aarch64-with-glibc2.38,3.11.7,3.3.0,72,Neoverse-V2,1,1 x NVIDIA GH200 120GB,-2.5917,51.4535,64,machine,0.0,11.833333333333334,24.400000000000002,209.06366984049478,N,1.0,0.0
2026-09-27T00:11:48,mobilevit_xxs_batch1_node_4_evaluate,bcd0099a-86d7-4eda-a579-1c638033f36f,5b0fa12a-3dd7-45bb-9766-cc326314d9f1,7.073152736062184,7.359979673450343e-05,1.0405514977678601e-05,115.22025523584001,78.2721998585755,6.0,0.0001288119566959602,0.00017428069496361331,6.685144174844027e-06,0.00030977779583441753,0.0,United Kingdom,GBR,england,,,Linux-6.4.0-150600.23.73_15.0.14-cray_shasta_c_64k-aarch64-with-glibc2.38,3.11.7,3.3.0,72,Neoverse-V2,1,1 x NVIDIA GH200 120GB,-2.5917,51.4535,64,machine,0.0,3.0,24.5,209.50918579101562,N,1.0,0.0
2026-09-27T00:14:40,mobilevit_xxs_batch1_node_5_local_train,debb1d9f-8a78-40d5-8a43-7468ce1e7247,5b0fa12a-3dd7-45bb-9766-cc326314d9f1,165.6122777769342,0.0053814650197661785,3.2494360273303884e-05,115.20215640132308,151.78602456266484,6.0,0.005299439555087166,0.006870217162841641,0.00026439714360477714,0.012434053861533585,0.0,United Kingdom,GBR,england,,,Linux-6.4.0-150600.23.73_15.0.14-cray_shasta_c_64k-aarch64-with-glibc2.38,3.11.7,3.3.0,72,Neoverse-V2,1,1 x NVIDIA GH200 120GB,-2.5917,51.4535,64,machine,0.7121212121212122,0.26666666666666666,24.503636363636353,209.921738133286,N,1.0,0.0
2026-09-27T00:14:50,mobilevit_xxs_batch1_node_5_evaluate,94a17f49-bc70-48f5-8ab9-4fd48408f7d1,5b0fa12a-3dd7-45bb-9766-cc326314d9f1,7.290388738038018,7.554029932488752e-05,1.0361628445236632e-05,115.20898376832,78.80833481104037,6.0,0.00013169715071645379,0.0001794129212981943,6.835200388062124e-06,0.00031794527240271023,0.0,United Kingdom,GBR,england,,,Linux-6.4.0-150600.23.73_15.0.14-cray_shasta_c_64k-aarch64-with-glibc2.38,3.11.7,3.3.0,72,Neoverse-V2,1,1 x NVIDIA GH200 120GB,-2.5917,51.4535,64,machine,0.0,3.25,24.525,209.87350463867188,N,1.0,0.0
2026-09-27T00:14:57,mobilevit_xxs_batch1_node_0_upload,22a2f2c0-a879-4763-8d4b-2640b5178966,5b0fa12a-3dd7-45bb-9766-cc326314d9f1,6.099275087937713,5.360015769909923e-05,8.787955441639626e-06,115.20164255040001,153.76935798493756,6.0,9.68705568947086e-05,0.00012872426965770956,5.5072134515891475e-09,0.00022560033376586977,0.0,United Kingdom,GBR,england,,,Linux-6.4.0-150600.23.73_15.0.14-cray_shasta_c_64k-aarch64-with-glibc2.38,3.11.7,3.3.0,72,Neoverse-V2,1,1 x NVIDIA GH200 120GB,-2.5917,51.4535,64,machine,0.0,0.0,24.5,209.6236368815104,N,1.0,0.0
2026-09-27T00:15:08,mobilevit_xxs_batch1_node_1_upload,8c5cbddc-6b28-4f88-b5a3-6b185b7b34dd,5b0fa12a-3dd7-45bb-9766-cc326314d9f1,4.078984717838466,1.7531961918996325e-05,4.298119049655782e-06,115.2012083904,147.10695243850176,6.0,3.246407771069033e-05,4.1321699711716064e-05,5.357348127290606e-09,7.379113477053368e-05,0.0,United Kingdom,GBR,england,,,Linux-6.4.0-150600.23.73_15.0.14-cray_shasta_c_64k-aarch64-with-glibc2.38,3.11.7,3.3.0,72,Neoverse-V2,1,1 x NVIDIA GH200 120GB,-2.5917,51.4535,64,machine,6.7,0.0,24.5,209.760498046875,N,1.0,0.0
2026-09-27T00:15:19,mobilevit_xxs_batch1_node_2_upload,4b005eac-18c4-495a-a64a-7c8dc2fdd785,5b0fa12a-3dd7-45bb-9766-cc326314d9f1,4.08159050391987,1.7586224300140938e-05,4.308669447180337e-06,115.2008963136,146.0415377353335,6.0,3.2696097363894176e-05,4.1317810811847266e-05,5.6141933115820095e-09,7.401952236905303e-05,0.0,United Kingdom,GBR,england,,,Linux-6.4.0-150600.23.73_15.0.14-cray_shasta_c_64k-aarch64-with-glibc2.38,3.11.7,3.3.0,72,Neoverse-V2,1,1 x NVIDIA GH200 120GB,-2.5917,51.4535,64,machine,0.0,0.0,24.5,209.49468994140625,N,1.0,0.0
2026-09-27T00:15:26,mobilevit_xxs_batch1_node_3_upload,4386ad50-fb91-4836-ac2a-f6c2773c79e5,5b0fa12a-3dd7-45bb-9766-cc326314d9f1,3.073673418024555,1.0537755375364194e-07,3.428391355297855e-08,115.2007558272,0.0,6.0,4.3813087654575515e-07,0.0,5.397880061840018e-09,4.435287566075952e-07,0.0,United Kingdom,GBR,england,,,Linux-6.4.0-150600.23.73_15.0.14-cray_shasta_c_64k-aarch64-with-glibc2.38,3.11.7,3.3.0,72,Neoverse-V2,1,1 x NVIDIA GH200 120GB,-2.5917,51.4535,64,machine,0,0,0,0,N,1.0,0.0
2026-09-27T00:15:45,mobilevit_xxs_batch1_node_4_upload,8eb0c7cb-db3a-4257-b00d-2a3eeca73a6d,5b0fa12a-3dd7-45bb-9766-cc326314d9f1,16.08883130690083,0.00022649482073370421,1.4077767142511834e-05,115.20074775497147,148.4059560399424,6.0,0.0004166677504973387,0.0005366298737499164,7.540275109931827e-09,0.0009533051645223651,0.0,United Kingdom,GBR,england,,,Linux-6.4.0-150600.23.73_15.0.14-cray_shasta_c_64k-aarch64-with-glibc2.38,3.11.7,3.3.0,72,Neoverse-V2,1,1 x NVIDIA GH200 120GB,-2.5917,51.4535,64,machine,0.0,0.0,24.5,210.06614332932693,N,1.0,0.0
2026-09-27T00:15:51,mobilevit_xxs_batch1_node_0_exchange,9efba41a-1c75-4efd-96c5-f57f7cede095,5b0fa12a-3dd7-45bb-9766-cc326314d9f1,4.1181856819894165,1.7566509628295626e-05,4.265594362372117e-06,115.2007558272,146.3209040089098,6.0,3.2622657011488665e-05,4.13008663713299e-05,1.3020936554918686e-08,7.393654431937349e-05,0.0,United Kingdom,GBR,england,,,Linux-6.4.0-150600.23.73_15.0.14-cray_shasta_c_64k-aarch64-with-glibc2.38,3.11.7,3.3.0,72,Neoverse-V2,1,1 x NVIDIA GH200 120GB,-2.5917,51.4535,64,machine,0.0,0.0,24.5,209.93603515625,N,1.0,0.0
2026-09-27T00:16:22,mobilevit_xxs_batch1_node_4_exchange,6a217d51-faed-49c7-9ea5-1822d009046f,5b0fa12a-3dd7-45bb-9766-cc326314d9f1,9.33510105102323,0.00010825231797033533,1.1596266326272888e-05,115.20108582582857,147.68364601572995,6.0,0.00019972349151648532,0.0002558993713819291,5.629878335942825e-09,0.0004556284927767503,0.0,United Kingdom,GBR,england,,,Linux-6.4.0-150600.23.73_15.0.14-cray_shasta_c_64k-aarch64-with-glibc2.38,3.11.7,3.3.0,72,Neoverse-V2,1,1 x NVIDIA GH200 120GB,-2.5917,51.4535,64,machine,3.35,0.0,24.46666666666667,209.5345662434896,N,1.0,0.0
2026-09-27T00:17:06,mobilevit_xxs_batch1_node_5_exchange,35978b9b-14e3-4c4e-b6ef-0cbdcb1212ff,5b0fa12a-3dd7-45bb-9766-cc326314d9f1,37.645338570000604,0.0006108986894111813,1.6227737951545576e-05,115.20105140973914,148.91468986078056,6.0,0.001105594475300115,0.0014278422533919866,3.780474044654208e-05,0.002571241469138644,0.0,United Kingdom,GBR,england,,,Linux-6.4.0-150600.23.73_15.0.14-cray_shasta_c_64k-aarch64-with-glibc2.38,3.11.7,3.3.0,72,Neoverse-V2,1,1 x NVIDIA GH200 120GB,-2.5917,51.4535,64,machine,0.7735294117647059,0.0,24.4735294117647,209.71655632467832,N,1.0,0.0
2026-09-27T00:17:31,mobilevit_xxs_batch1_node_0_evaluate,5e4e7774-529f-445f-a2f3-dad7be0d5d23,5b0fa12a-3dd7-45bb-9766-cc326314d9f1,7.1887531478423625,7.599857984937456e-05,1.0571872240763313e-05,115.21168483968,79.21052049750465,6.0,0.00013247245867774212,0.0001805576444411372,6.8440486700274055e-06,0.00031987415178890674,0.0,United Kingdom,GBR,england,,,Linux-6.4.0-150600.23.73_15.0.14-cray_shasta_c_64k-aarch64-with-glibc2.38,3.11.7,3.3.0,72,Neoverse-V2,1,1 x NVIDIA GH200 120GB,-2.5917,51.4535,64,machine,0.0,3.0,24.424999999999997,209.31655883789062,N,1.0,0.0
2026-09-27T00:18:30,mobilevit_xxs_batch1_node_4_evaluate,b3c07984-4edc-43a3-bf27-78596e559427,5b0fa12a-3dd7-45bb-9766-cc326314d9f1,46.16026952606626,0.0007652280072303065,1.657763299666588e-05,115.20716583186127,151.05993889006461,6.0,0.0013794714111672723,0.0017888361532953923,5.249814299982972e-05,0.003220805707462494,0.0,United Kingdom,GBR,england,,,Linux-6.4.0-150600.23.73_15.0.14-cray_shasta_c_64k-aarch64-with-glibc2.38,3.11.7,3.3.0,72,Neoverse-V2,1,1 x NVIDIA GH200 120GB,-2.5917,51.4535,64,machine,0.6209302325581396,0.27906976744186046,24.406976744186036,208.96475290697674,N,1.0,0.0
2026-09-27T00:18:38,mobilevit_xxs_batch1_node_5_evaluate,f7b55527-00be-4a17-828f-7298eda80e69,5b0fa12a-3dd7-45bb-9766-cc326314d9f1,7.0848927539773285,7.380562442601945e-05,1.0417324155624845e-05,115.21639927295999,78.35004971872789,6.0,0.0001291306792462144,0.0001748143065185559,6.699128339920814e-06,0.0003106441141046911,0.0,United Kingdom,GBR,england,,,Linux-6.4.0-150600.23.73_15.0.14-cray_shasta_c_64k-aarch64-with-glibc2.38,3.11.7,3.3.0,72,Neoverse-V2,1,1 x NVIDIA GH200 120GB,-2.5917,51.4535,64,machine,1.775,3.5,24.4,209.2714385986328,N,1.0,0.0
2026-09-27T00:19:15,mobilenet_v3_small_batch2_node_0_local_train,1cffb641-5677-40b5-a67c-e759f81ad8ac,5b0fa12a-3dd7-45bb-9766-cc326314d9f1,8.601548774866387,0.00010066612081244341,1.1703255244751794e-05,115.21362502080001,214.99146637406065,6.0,0.00017680177342743232,0.0002377018568324729,9.194945063209162e-06,0.00042369857532311437,0.0,United Kingdom,GBR,england,,,Linux-6.4.0-150600.23.73_15.0.14-cray_shasta_c_64k-aarch64-with-glibc2.38,3.11.7,3.3.0,72,Neoverse-V2,1,1 x NVIDIA GH200 120GB,-2.5917,51.4535,64,machine,0.0,4.0,24.16,206.8337890625,N,1.0,0.0
2026-09-27T00:20:35,mobilenet_v3_small_batch2_node_0_evaluate,19737feb-b4e3-44ad-a8fe-2a74fea07100,5b0fa12a-3dd7-45bb-9766-cc326314d9f1,76.03685617004521,0.0012991924302791984,1.7086351221225482e-05,115.2059156877567,149.2804733730912,6.0,0.002335644448630992,0.00301767352524962,0.00011491679405560716,0.00546823476793622,0.0,United Kingdom,GBR,england,,,Linux-6.4.0-150600.23.73_15.0.14-cray_shasta_c_64k-aarch64-with-glibc2.38,3.11.7,3.3.0,72,Neoverse-V2,1,1 x NVIDIA GH200 120GB,-2.5917,51.4535,64,machine,0.5236111111111111,0.027777777777777776,24.15972222222224,206.92861599392361,N,1.0,0.0
2026-09-27T00:20:49,mobilenet_v3_small_batch2_node_1_local_train,35c6fce3-5b8e-4a8c-b366-8aee3ea864ff,5b0fa12a-3dd7-45bb-9766-cc326314d9f1,9.603569105034694,0.00011970787057404888,1.2464935615581893e-05,115.21585094400001,153.32761358485266,6.0,0.00020952569184116575,0.0002851188392298809,9.199799154885114e-06,0.0005038443302259317,0.0,United Kingdom,GBR,england,,,Linux-6.4.0-150600.23.73_15.0.14-cray_shasta_c_64k-aarch64-with-glibc2.38,3.11.7,3.3.0,72,Neoverse-V2,1,1 x NVIDIA GH200 120GB,-2.5917,51.4535,64,machine,1.05,3.6666666666666665,24.099999999999998,206.55935668945312,N,1.0,0.0
2026-09-27T00:22:08,mobilenet_v3_small_batch2_node_1_evaluate,65ef3a69-47bd-4e9d-b3a5-1a26ba5f5a06,5b0fa12a-3dd7-45bb-9766-cc326314d9f1,11.149513737065718,0.00014394910350229028,1.2910796551040817e-05,115.21585215360003,151.46358524433617,6.0,0.0002592011878693929,0.0003400013831083015,6.671873976786932e-06,0.0006058744449544814,0.0,United Kingdom,GBR,england,,,Linux-6.4.0-150600.23.73_15.0.14-cray_shasta_c_64k-aarch64-with-glibc2.38,3.11.7,3.3.0,72,Neoverse-V2,1,1 x NVIDIA GH200 120GB,-2.5917,51.4535,64,machine,0.0,0.375,24.099999999999998,206.4059829711914,N,1.0,0.0
2026-09-27T00:22:27,mobilenet_v3_small_batch2_node_2_local_train,abd181bd-72df-4636-8c2c-33fb53f326bc,5b0fa12a-3dd7-45bb-9766-cc326314d9f1,16.21269647520967,0.00023674089465953012,1.4602191253103596e-05,115.2125849376,153.5972524746789,6.0,0.0004212176728770165,0.0005627076724010749,1.2505022539990023e-05,0.0009964303678180813,0.0,United Kingdom,GBR,england,,,Linux-6.4.0-150600.23.73_15.0.14-cray_shasta_c_64k-aarch64-with-glibc2.38,3.11.7,3.3.0,72,Neoverse-V2,1,1 x NVIDIA GH200 120GB,-2.5917,51.4535,64,machine,0.43076923076923074,2.6923076923076925,24.12307692307692,206.76322584885818,N,1.0,0.0
2026-09-27T00:22:44,mobilenet_v3_small_batch2_node_2_evaluate,e2fa2bba-23fd-4821-a2fb-db3b5384cf5e,5b0fa12a-3dd7-45bb-9766-cc326314d9f1,8.171015274012461,9.258713107616664e-05,1.1331166075608225e-05,115.21802699712,156.68575314789962,6.0,0.00016385590306259567,0.00021899934185398706,6.839274089628209e-06,0.00038969451900621095,0.0,United Kingdom,GBR,england,,,Linux-6.4.0-150600.23.73_15.0.14-cray_shasta_c_64k-aarch64-with-glibc2.38,3.11.7,3.3.0,72,Neoverse-V2,1,1 x NVIDIA GH200 120GB,-2.5917,51.4535,64,machine,18.8,0.8,24.139999999999997,206.74578857421875,N,1.0,0.0
2026-09-27T00:22:54,mobilenet_v3_small_batch2_node_3_local_train,275db614-32cb-4896-9607-29b3ae55ade1,5b0fa12a-3dd7-45bb-9766-cc326314d9f1,9.490180492168292,0.00011860539592272919,1.2497696542295217e-05,115.21167666377143,79.12872090345198,6.0,0.00020625253208074584,0.000282245225804445,1.0706312685118367e-05,0.0004992040705703092,0.0,United Kingdom,GBR,england,,,Linux-6.4.0-150600.23.73_15.0.14-cray_shasta_c_64k-aarch64-with-glibc2.38,3.11.7,3.3.0,72,Neoverse-V2,1,1 x NVIDIA GH200 120GB,-2.5917,51.4535,64,machine,0.7999999999999999,5.5,24.099999999999998,206.52253214518228,N,1.0,0.0
2026-09-27T00:23:07,mobilenet_v3_small_batch2_node_3_evaluate,fe1579a7-29f1-4c12-a8e8-2f761365b031,5b0fa12a-3dd7-45bb-9766-cc326314d9f1,7.093487425008789,7.259340760531109e-05,1.0233810713384207e-05,115.21340084736002,75.59544536078218,6.0,0.00012954929749928984,0.00016926985763632274,6.722800111941372e-06,0.00030554195524755396,0.0,United Kingdom,GBR,england,,,Linux-6.4.0-150600.23.73_15.0.14-cray_shasta_c_64k-aarch64-with-glibc2.38,3.11.7,3.3.0,72,Neoverse-V2,1,1 x NVIDIA GH200 120GB,-2.5917,51.4535,64,machine,0.0,0.75,24.1,206.47816467285156,N,1.0,0.0
2026-09-27T00:23:21,mobilenet_v3_small_batch2_node_4_local_train,e33eb57f-b433-4cb0-890e-18e651b87efe,5b0fa12a-3dd7-45bb-9766-cc326314d9f1,8.064610447036102,9.174684424016379e-05,1.1376475632977722e-05,115.20701664767999,78.51060001439929,6.0,0.00016046508613249327,0.00021735934056721362,8.333367811671148e-06,0.00038615779451137806,0.0,United Kingdom,GBR,england,,,Linux-6.4.0-150600.23.73_15.0.14-cray_shasta_c_64k-aarch64-with-glibc2.38,3.11.7,3.3.0,72,Neoverse-V2,1,1 x NVIDIA GH200 120GB,-2.5917,51.4535,64,machine,9.2,5.0,24.1,206.47935485839844,N,1.0,0.0
2026-09-27T00:24:48,mobilenet_v3_small_batch2_node_4_evaluate,bef2fa1e-99c4-4b27-a27e-5722d9130050,5b0fa12a-3dd7-45bb-9766-cc326314d9f1,8.002287780167535,8.926017352555715e-05,1.1154331858293706e-05,115.22318077439999,156.16598359857022,6.0,0.00015839914180342774,0.00021074211304039636,6.550269282112519e-06,0.0003756915241259366,0.0,United Kingdom,GBR,england,,,Linux-6.4.0-150600.23.73_15.0.14-cray_shasta_c_64k-aarch64-with-glibc2.38,3.11.7,3.3.0,72,Neoverse-V2,1,1 x NVIDIA GH200 120GB,-2.5917,51.4535,64,machine,4.7,0.5,24.2,207.45452880859375,N,1.0,0.0
2026-09-27T00:25:00,mobilenet_v3_small_batch2_node_5_local_train,185f5bb3-e58a-496b-9c25-c08ce480ff38,5b0fa12a-3dd7-45bb-9766-cc326314d9f1,8.2907132958062,9.559210789578191e-05,1.1530022144673188e-05,115.21057518719999,78.08795442872092,6.0,0.00016750650837991593,0.000226136014262579,8.699790746516859e-06,0.00040234231338901177,0.0,United Kingdom,GBR,england,,,Linux-6.4.0-150600.23.73_15.0.14-cray_shasta_c_64k-aarch64-with-glibc2.38,3.11.7,3.3.0,72,Neoverse-V2,1,1 x NVIDIA GH200 120GB,-2.5917,51.4535,64,machine,2.66,5.4,24.160000000000004,206.89324951171875,N,1.0,0.0
2026-09-27T00:25:18,mobilenet_v3_small_batch2_node_5_evaluate,b6d1224c-f44a-493e-9887-cf80abedbf08,5b0fa12a-3dd7-45bb-9766-cc326314d9f1,7.025065159192309,7.21786183419316e-05,1.0274441119949721e-05,115.2119843712,775.3206072081532,6.0,0.00012728957184026938,0.0001699143025888361,6.59225393513528e-06,0.0003037961283642408,0.0,United Kingdom,GBR,england,,,Linux-6.4.0-150600.23.73_15.0.14-cray_shasta_c_64k-aarch64-with-glibc2.38,3.11.7,3.3.0,72,Neoverse-V2,1,1 x NVIDIA GH200 120GB,-2.5917,51.4535,64,machine,0.0,0.6666666666666666,24.100000000000005,206.75667317708334,N,1.0,0.0
2026-09-27T00:25:53,mobilenet_v3_small_batch2_node_0_upload,53fca0d6-4b22-461e-84a6-1f30ead1c017,5b0fa12a-3dd7-45bb-9766-cc326314d9f1,9.091492571868002,0.00010476136099463819,1.1523010129140234e-05,115.20117217645713,147.9950323902997,6.0,0.0001930442422468797,0.0002478618649490727,2.912547322921455e-08,0.0004409352326691816,0.0,United Kingdom,GBR,england,,,Linux-6.4.0-150600.23.73_15.0.14-cray_shasta_c_64k-aarch64-with-glibc2.38,3.11.7,3.3.0,72,Neoverse-V2,1,1 x NVIDIA GH200 120GB,-2.5917,51.4535,64,machine,0.0,0.0,24.166666666666668,206.90512084960938,N,1.0,0.0
2026-09-27T00:26:11,mobilenet_v3_small_batch2_node_1_upload,398a312c-ed16-4aa4-ad26-76283e310f7f,5b0fa12a-3dd7-45bb-9766-cc326314d9f1,9.111050776904449,0.00010509438494566468,1.1534825951367525e-05,115.20128089234285,147.82097681451467,6.0,0.00019379537264906956,0.0002485360321600183,5.508708224321405e-09,0.0004423369135173122,0.0,United Kingdom,GBR,england,,,Linux-6.4.0-150600.23.73_15.0.14-cray_shasta_c_64k-aarch64-with-glibc2.38,3.11.7,3.3.0,72,Neoverse-V2,1,1 x NVIDIA GH200 120GB,-2.5917,51.4535,64,machine,1.1166666666666667,0.0,24.116666666666664,206.70502726236978,N,1.0,0.0
2026-09-27T00:26:34,mobilenet_v3_small_batch2_node_3_upload,96dcfb99-1699-4392-a5bb-0749591f55bf,5b0fa12a-3dd7-45bb-9766-cc326314d9f1,3.0690456919837743,1.004269814555843e-07,3.272254359649828e-08,115.2007558272,0.0,6.0,4.1730040664505916e-07,0.0,5.391643304998676e-09,4.2269204995005783e-07,0.0,United Kingdom,GBR,england,,,Linux-6.4.0-150600.23.73_15.0.14-cray_shasta_c_64k-aarch64-with-glibc2.38,3.11.7,3.3.0,72,Neoverse-V2,1,1 x NVIDIA GH200 120GB,-2.5917,51.4535,64,machine,0,0,0,0,N,1.0,0.0
2026-09-27T00:26:47,mobilenet_v3_small_batch2_node_4_upload,5784f2fa-6d61-40be-8592-673b55bf6570,5b0fa12a-3dd7-45bb-9766-cc326314d9f1,8.224561870098114,9.023426699402231e-05,1.0971315970287165e-05,115.201047168,149.50485125672782,6.0,0.00016534581130392086,0.0002144401715611366,5.451056640595198e-09,0.00037979143392169804,0.0,United Kingdom,GBR,england,,,Linux-6.4.0-150600.23.73_15.0.14-cray_shasta_c_64k-aarch64-with-glibc2.38,3.11.7,3.3.0,72,Neoverse-V2,1,1 x NVIDIA GH200 120GB,-2.5917,51.4535,64,machine,0.0,0.0,24.1,206.47747802734375,N,1.0,0.0
2026-09-27T00:26:54,mobilenet_v3_small_batch2_node_0_exchange,398d4346-6a49-454c-9506-cd15779d077e,5b0fa12a-3dd7-45bb-9766-cc326314d9f1,4.138022440019995,1.90572103589382e-05,4.605390771840792e-06,115.22089359360001,80.77969643158835,6.0,3.470335262365255e-05,4.5393647425839845e-05,1.1382772005163133e-07,8.021082776954404e-05,0.0,United Kingdom,GBR,england,,,Linux-6.4.0-150600.23.73_15.0.14-cray_shasta_c_64k-aarch64-with-glibc2.38,3.11.7,3.3.0,72,Neoverse-V2,1,1 x NVIDIA GH200 120GB,-2.5917,51.4535,64,machine,0.0,0.0,24.2,207.05096435546875,N,1.0,0.0
2026-09-27T00:27:20,mobilenet_v3_small_batch2_node_1_exchange,1154fd31-080f-4b7d-8c8c-3ff21eb1d867,5b0fa12a-3dd7-45bb-9766-cc326314d9f1,8.787019161973149,9.945890579839854e-05,1.1318844760100053e-05,115.27341477120001,74.66942415633869,6.0,0.0001835294776192501,0.00023497574353825712,1.1224765796214341e-07,0.00041861746881546934,0.0,United Kingdom,GBR,england,,,Linux-6.4.0-150600.23.73_15.0.14-cray_shasta_c_64k-aarch64-with-glibc2.38,3.11.7,3.3.0,72,Neoverse-V2,1,1 x NVIDIA GH200 120GB,-2.5917,51.4535,64,machine,4.86,0.0,24.139999999999997,206.888818359375,N,1.0,0.0
2026-09-27T00:27:27,mobilenet_v3_small_batch2_node_2_exchange,48010b3a-19e9-435e-9aa8-8c11d72a121f,5b0fa12a-3dd7-45bb-9766-cc326314d9f1,3.137590556172654,1.6946106498382152e-06,5.400993595242593e-07,115.2034012224,117.7978454185627,6.0,2.817465683045418e-06,4.1944477828792515e-06,1.206164484998832e-07,7.132529914424553e-06,0.0,United Kingdom,GBR,england,,,Linux-6.4.0-150600.23.73_15.0.14-cray_shasta_c_64k-aarch64-with-glibc2.38,3.11.7,3.3.0,72,Neoverse-V2,1,1 x NVIDIA GH200 120GB,-2.5917,51.4535,64,machine,0,0,0,0,N,1.0,0.0
2026-09-27T00:27:31,mobilenet_v3_small_batch2_node_3_exchange,654caf68-457b-4797-b5f0-5a71a72bcd9e,5b0fa12a-3dd7-45bb-9766-cc326314d9f1,3.139241552213207,7.460289485647824e-07,2.3764623911747797e-07,115.21725235200003,0.0,6.0,3.0053686472601708e-06,0.0,1.3462920013504725e-07,3.139997847395218e-06,0.0,United Kingdom,GBR,england,,,Linux-6.4.0-150600.23.73_15.0.14-cray_shasta_c_64k-aarch64-with-glibc2.38,3.11.7,3.3.0,72,Neoverse-V2,1,1 x NVIDIA GH200 120GB,-2.5917,51.4535,64,machine,0,0,0,0,N,1.0,0.0
2026-09-27T00:27:54,mobilenet_v3_small_batch2_node_4_exchange,220ab4bb-862a-4990-90a6-fcc93c5e5226,5b0fa12a-3dd7-45bb-9766-cc326314d9f1,18.146976435091347,0.0002629466281369378,1.4489831354410652e-05,115.22666277000003,74.74687086156341,6.0,0.0004830212486595253,0.0006235966099694679,1.1110667216901979e-07,0.0011067289653011623,0.0,United Kingdom,GBR,england,,,Linux-6.4.0-150600.23.73_15.0.14-cray_shasta_c_64k-aarch64-with-glibc2.38,3.11.7,3.3.0,72,Neoverse-V2,1,1 x NVIDIA GH200 120GB,-2.5917,51.4535,64,machine,0.8333333333333334,0.0,24.10666666666667,206.49515380859376,N,1.0,0.0
2026-09-27T00:30:27,mobilenet_v3_small_batch2_node_5_exchange,c1e02050-357d-4fd1-92fe-0cd18f120e8e,5b0fa12a-3dd7-45bb-9766-cc326314d9f1,4.140232338104397,1.9085829359100223e-05,4.609845003973535e-06,115.24147562880002,193.32155378089644,6.0,3.476058592098394e-05,4.5453647459225976e-05,1.1705030337907375e-07,8.033128368358899e-05,0.0,United Kingdom,GBR,england,,,Linux-6.4.0-150600.23.73_15.0.14-cray_shasta_c_64k-aarch64-with-glibc2.38,3.11.7,3.3.0,72,Neoverse-V2,1,1 x NVIDIA GH200 120GB,-2.5917,51.4535,64,machine,0.0,0.0,24.2,207.5987548828125,N,1.0,0.0
2026-09-27T00:30:52,mobilenet_v3_small_batch2_node_0_evaluate,43e5ab49-7b4a-4aac-a84c-dc3c2013ce65,5b0fa12a-3dd7-45bb-9766-cc326314d9f1,8.371217134874314,9.505140864081132e-05,1.1354550611861345e-05,115.21404729216002,150.24807432656203,6.0,0.000170464124491907,0.0002230604562356575,6.541957036436846e-06,0.0004000665377640013,0.0,United Kingdom,GBR,england,,,Linux-6.4.0-150600.23.73_15.0.14-cray_shasta_c_64k-aarch64-with-glibc2.38,3.11.7,3.3.0,72,Neoverse-V2,1,1 x NVIDIA GH200 120GB,-2.5917,51.4535,64,machine,4.7,0.6,24.339999999999996,208.38721923828126,N,1.0,0.0
2026-09-27T00:31:10,mobilenet_v3_small_batch2_node_1_evaluate,597cd2eb-b336-478c-822b-afa8702903d3,5b0fa12a-3dd7-45bb-9766-cc326314d9f1,7.010506855789572,7.09150002273369e-05,1.0115531114383307e-05,115.21204593120001,75.36109410687459,6.0,0.00012677320632502973,0.00016512513209931967,6.579285654782628e-06,0.000298477624079132,0.0,United Kingdom,GBR,england,,,Linux-6.4.0-150600.23.73_15.0.14-cray_shasta_c_64k-aarch64-with-glibc2.38,3.11.7,3.3.0,72,Neoverse-V2,1,1 x NVIDIA GH200 120GB,-2.5917,51.4535,64,machine,21.933333333333334,0.6666666666666666,24.266666666666666,208.0604248046875,N,1.0,0.0
2026-09-27T00:31:17,mobilenet_v3_small_batch2_node_2_evaluate,0f70c34c-0f68-428e-8eeb-05831428c407,5b0fa12a-3dd7-45bb-9766-cc326314d9f1,7.2226466168649495,7.56104812649877e-05,1.0468528404592924e-05,115.21345403520002,77.25931092460442,6.0,0.0001335847656731882,0.0001777412532959488,6.914645644913738e-06,0.00031824066461405077,0.0,United Kingdom,GBR,england,,,Linux-6.4.0-150600.23.73_15.0.14-cray_shasta_c_64k-aarch64-with-glibc2.38,3.11.7,3.3.0,72,Neoverse-V2,1,1 x NVIDIA GH200 120GB,-2.5917,51.4535,64,machine,0.0,0.75,24.25,207.54490661621094,N,1.0,0.0
2026-09-27T00:38:55,mobilenet_v3_small_batch2_node_3_evaluate,a7fb784a-aa5f-48ad-8c5f-3f3f7fc95b70,5b0fa12a-3dd7-45bb-9766-cc326314d9f1,8.118135185912251,9.124320500539289e-05,1.1239429119600168e-05,115.225332912,155.0124878757323,6.0,0.00016228191098732313,0.00021502544980478433,6.730641831721489e-06,0.00038403800262382895,0.0,United Kingdom,GBR,england,,,Linux-6.4.0-150600.23.73_15.0.14-cray_shasta_c_64k-aarch64-with-glibc2.38,3.11.7,3.3.0,72,Neoverse-V2,1,1 x NVIDIA GH200 120GB,-2.5917,51.4535,64,machine,3.1799999999999997,0.6,23.64,202.5577880859375,N,1.0,0.0
2026-09-27T00:39:08,mobilenet_v3_small_batch2_node_4_evaluate,04ab97a6-f15a-4752-a66a-4f977ec53e07,5b0fa12a-3dd7-45bb-9766-cc326314d9f1,11.825426188064739,0.00015560589469141458,1.3158586609628136e-05,115.22448050688001,151.00640315277593,6.0,0.00028098490682781734,0.00036745279395233865,6.499584579917913e-06,0.0006549372853600739,0.0,United Kingdom,GBR,england,,,Linux-6.4.0-150600.23.73_15.0.14-cray_shasta_c_64k-aarch64-with-glibc2.38,3.11.7,3.3.0,72,Neoverse-V2,1,1 x NVIDIA GH200 120GB,-2.5917,51.4535,64,machine,3.6125,0.25,23.699999999999996,203.1313018798828,N,1.0,0.0
2026-09-27T00:39:20,mobilenet_v3_small_batch2_node_5_evaluate,c5173ef2-8074-45f5-be1e-67878f8cc3d4,5b0fa12a-3dd7-45bb-9766-cc326314d9f1,6.990783927962184,7.173032405437525e-05,1.0260698198304158e-05,115.2170571744,852.1351101156921,6.0,0.00012614547454189857,0.00016923374649024936,6.530059508513658e-06,0.0003019092805406616,0.0,United Kingdom,GBR,england,,,Linux-6.4.0-150600.23.73_15.0.14-cray_shasta_c_64k-aarch64-with-glibc2.38,3.11.7,3.3.0,72,Neoverse-V2,1,1 x NVIDIA GH200 120GB,-2.5917,51.4535,64,machine,0.0,0.6666666666666666,23.666666666666668,202.77400716145834,N,1.0,0.0
2026-09-27T00:39:38,efficientnet_lite0_batch2_node_0_local_train,810753a8-e8ef-41e5-8061-8650046ed6e4,5b0fa12a-3dd7-45bb-9766-cc326314d9f1,6.6291288149077445,6.975380697299717e-05,1.0522318832624451e-05,115.44025260960002,87.84742556021274,6.0,0.00011452274184135999,0.0001731298607126064,5.937618260116627e-06,0.000293590220814083,0.0,United Kingdom,GBR,england,,,Linux-6.4.0-150600.23.73_15.0.14-cray_shasta_c_64k-aarch64-with-glibc2.38,3.11.7,3.3.0,72,Neoverse-V2,1,1 x NVIDIA GH200 120GB,-2.5917,51.4535,64,machine,0.0,10.666666666666666,24.100000000000005,206.2877197265625,N,1.0,0.0
2026-09-27T00:40:00,efficientnet_lite0_batch2_node_0_evaluate,2f853b27-8bf5-4f9b-bd87-0208c719b849,5b0fa12a-3dd7-45bb-9766-cc326314d9f1,12.91608938202262,0.0001766090151973781,1.3673567128080811e-05,115.37626507200002,155.20766386959704,6.0,0.0003160793904518405,0.00042085005890157845,6.408900474974264e-06,0.0007433383498283931,0.0,United Kingdom,GBR,england,,,Linux-6.4.0-150600.23.73_15.0.14-cray_shasta_c_64k-aarch64-with-glibc2.38,3.11.7,3.3.0,72,Neoverse-V2,1,1 x NVIDIA GH200 120GB,-2.5917,51.4535,64,machine,0.0,0.8888888888888888,24.099999999999998,206.34946017795139,N,1.0,0.0
2026-09-27T00:40:14,efficientnet_lite0_batch2_node_1_local_train,9f82c906-a3c6-4b93-9e42-8d061f4e225e,5b0fa12a-3dd7-45bb-9766-cc326314d9f1,7.831661375006661,9.282778250114816e-05,1.185288511035364e-05,115.27212421440001,162.5561817442148,6.0,0.00015326826636375356,0.00023122629607996714,6.21284615326052e-06,0.0003907074085969812,0.0,United Kingdom,GBR,england,,,Linux-6.4.0-150600.23.73_15.0.14-cray_shasta_c_64k-aarch64-with-glibc2.38,3.11.7,3.3.0,72,Neoverse-V2,1,1 x NVIDIA GH200 120GB,-2.5917,51.4535,64,machine,20.674999999999997,8.75,24.1,206.17221069335938,N,1.0,0.0
2026-09-27T00:40:33,efficientnet_lite0_batch2_node_1_evaluate,831cea19-9116-468a-a3fe-9fdf7dd4f733,5b0fa12a-3dd7-45bb-9766-cc326314d9f1,14.926528717856854,0.0002106957523108542,1.4115522523250525e-05,115.32222774288002,153.0485790034851,6.0,0.0003804715119567518,0.0004998712332451305,6.464945014643794e-06,0.0008868076902165261,0.0,United Kingdom,GBR,england,,,Linux-6.4.0-150600.23.73_15.0.14-cray_shasta_c_64k-aarch64-with-glibc2.38,3.11.7,3.3.0,72,Neoverse-V2,1,1 x NVIDIA GH200 120GB,-2.5917,51.4535,64,machine,0.0,0.8181818181818182,24.09090909090909,206.1674249822443,N,1.0,0.0
2026-09-27T00:40:52,efficientnet_lite0_batch2_node_2_local_train,5bf606f0-de00-466d-baab-190999db91b6,5b0fa12a-3dd7-45bb-9766-cc326314d9f1,11.125576151069254,0.00015343485217491997,1.3791182595085083e-05,115.27109920800001,165.69808956022365,6.0,0.0002586807490424121,0.00037868474738900204,8.433981553340951e-06,0.000645799477984755,0.0,United Kingdom,GBR,england,,,Linux-6.4.0-150600.23.73_15.0.14-cray_shasta_c_64k-aarch64-with-glibc2.38,3.11.7,3.3.0,72,Neoverse-V2,1,1 x NVIDIA GH200 120GB,-2.5917,51.4535,64,machine,0.0,6.75,24.0375,205.96198272705078,N,1.0,0.0
2026-09-27T00:41:14,efficientnet_lite0_batch2_node_2_evaluate,35421fbe-ee84-4cd7-a0e3-846593438e63,5b0fa12a-3dd7-45bb-9766-cc326314d9f1,8.149607153143734,9.34415263258274e-05,1.1465770627947639e-05,115.33492847808,153.99363749639087,6.0,0.0001635651494284402,0.00022291684499009534,6.808630677017694e-06,0.00039329062509555325,0.0,United Kingdom,GBR,england,,,Linux-6.4.0-150600.23.73_15.0.14-cray_shasta_c_64k-aarch64-with-glibc2.38,3.11.7,3.3.0,72,Neoverse-V2,1,1 x NVIDIA GH200 120GB,-2.5917,51.4535,64,machine,0.0,2.4,24.26,207.769970703125,N,1.0,0.0
2026-09-27T00:41:31,efficientnet_lite0_batch2_node_3_local_train,34bd734b-251c-4140-b4f1-b295ba90ac7e,5b0fa12a-3dd7-45bb-9766-cc326314d9f1,7.408913959050551,8.70645558646014e-05,1.1751325004691872e-05,115.28775578880001,91.18327758364802,6.0,0.0001396234417484798,0.00021959656456260745,7.230274908166999e-06,0.00036645028121925425,0.0,United Kingdom,GBR,england,,,Linux-6.4.0-150600.23.73_15.0.14-cray_shasta_c_64k-aarch64-with-glibc2.38,3.11.7,3.3.0,72,Neoverse-V2,1,1 x NVIDIA GH200 120GB,-2.5917,51.4535,64,machine,0.0,9.5,25.6,219.24691772460938,N,1.0,0.0
2026-09-27T00:41:39,efficientnet_lite0_batch2_node_3_evaluate,ae6d0b88-e901-4611-8add-82f962f8438d,5b0fa12a-3dd7-45bb-9766-cc326314d9f1,6.987893603043631,7.268987871135388e-05,1.0402258941048164e-05,115.30953131040002,79.67801600809274,6.0,0.00012635128164451652,0.0001730506939878751,6.5460215869825335e-06,0.0003059479972193741,0.0,United Kingdom,GBR,england,,,Linux-6.4.0-150600.23.73_15.0.14-cray_shasta_c_64k-aarch64-with-glibc2.38,3.11.7,3.3.0,72,Neoverse-V2,1,1 x NVIDIA GH200 120GB,-2.5917,51.4535,64,machine,0.0,2.6666666666666665,26.399999999999995,226.14788818359375,N,1.0,0.0
2026-09-27T00:41:52,efficientnet_lite0_batch2_node_4_local_train,c3ddc45a-569f-4cc4-a887-d4a1d3b07c31,5b0fa12a-3dd7-45bb-9766-cc326314d9f1,6.456986847100779,6.650678690677083e-05,1.0299972492066128e-05,115.27615892160003,88.48053465593993,6.0,0.00010883597895806322,0.00016544929903261618,5.638400743482635e-06,0.00027992367873416204,0.0,United Kingdom,GBR,england,,,Linux-6.4.0-150600.23.73_15.0.14-cray_shasta_c_64k-aarch64-with-glibc2.38,3.11.7,3.3.0,72,Neoverse-V2,1,1 x NVIDIA GH200 120GB,-2.5917,51.4535,64,machine,0.0,6.0,26.433333333333334,226.56612141927084,N,1.0,0.0
2026-09-27T00:42:38,efficientnet_lite0_batch2_node_4_evaluate,1b9be15e-4765-4109-94c5-d6c08b64c61f,5b0fa12a-3dd7-45bb-9766-cc326314d9f1,13.234931006794795,0.00018196710771631463,1.3749003120824201e-05,115.4004537270857,154.8773322577332,6.0,0.00032603669877812676,0.00043351145791348245,6.342131647979841e-06,0.000765890288339589,0.0,United Kingdom,GBR,england,,,Linux-6.4.0-150600.23.73_15.0.14-cray_shasta_c_64k-aarch64-with-glibc2.38,3.11.7,3.3.0,72,Neoverse-V2,1,1 x NVIDIA GH200 120GB,-2.5917,51.4535,64,machine,1.89,1.2,24.699999999999996,211.47239990234374,N,1.0,0.0
2026-09-27T00:42:51,efficientnet_lite0_batch2_node_5_local_train,78e521b6-e2da-4a02-8988-c2aa123180e0,5b0fa12a-3dd7-45bb-9766-cc326314d9f1,11.422067871084437,0.00015436694140722102,1.3514798121451285e-05,115.28863800192002,164.26174783612316,6.0,0.0002679073923067488,0.00037597891189022903,5.836289892904461e-06,0.0006497225940898823,0.0,United Kingdom,GBR,england,,,Linux-6.4.0-150600.23.73_15.0.14-cray_shasta_c_64k-aarch64-with-glibc2.38,3.11.7,3.3.0,72,Neoverse-V2,1,1 x NVIDIA GH200 120GB,-2.5917,51.4535,64,machine,0.0,2.25,24.7375,211.88846588134766,N,1.0,0.0
2026-09-27T00:43:27,efficientnet_lite0_batch2_node_5_evaluate,a682ca51-4655-40c2-bc03-1b72f1f9478d,5b0fa12a-3dd7-45bb-9766-cc326314d9f1,6.884505263995379,7.073353832840319e-05,1.0274309571426404e-05,115.32132478080001,79.30951886803543,6.0,0.00012308714298973601,0.00016825680127396936,6.369915925121557e-06,0.0002977138601888269,0.0,United Kingdom,GBR,england,,,Linux-6.4.0-150600.23.73_15.0.14-cray_shasta_c_64k-aarch64-with-glibc2.38,3.11.7,3.3.0,72,Neoverse-V2,1,1 x NVIDIA GH200 120GB,-2.5917,51.4535,64,machine,0.0,4.0,25.566666666666666,219.20609537760416,N,1.0,0.0
2026-09-27T00:43:41,efficientnet_lite0_batch2_node_1_upload,bf0c67b7-b782-4cfb-abc0-b670a91d334e,5b0fa12a-3dd7-45bb-9766-cc326314d9f1,9.187899059150368,0.00010730182217415965,1.1678602636289973e-05,115.20353222948572,150.61329471010376,6.0,0.00019585596948336578,0.0002557593712850803,1.2563613321011266e-08,0.0004516279043817671,0.0,United Kingdom,GBR,england,,,Linux-6.4.0-150600.23.73_15.0.14-cray_shasta_c_64k-aarch64-with-glibc2.38,3.11.7,3.3.0,72,Neoverse-V2,1,1 x NVIDIA GH200 120GB,-2.5917,51.4535,64,machine,0.0,0.0,25.75,220.46480305989584,N,1.0,0.0
2026-09-27T00:44:02,efficientnet_lite0_batch2_node_3_upload,f036bc47-5194-406e-801e-ad0dc6af83e2,5b0fa12a-3dd7-45bb-9766-cc326314d9f1,16.107684731017798,0.00022784827365676197,1.4145314951316711e-05,115.2030299739429,149.70609377274263,6.0,0.00041712159670677585,0.0005418679334923127,1.2248741695657373e-08,0.0009590017789407842,0.0,United Kingdom,GBR,england,,,Linux-6.4.0-150600.23.73_15.0.14-cray_shasta_c_64k-aarch64-with-glibc2.38,3.11.7,3.3.0,72,Neoverse-V2,1,1 x NVIDIA GH200 120GB,-2.5917,51.4535,64,machine,2.3923076923076922,0.0,25.66153846153846,219.7256375826322,N,1.0,0.0
2026-09-27T00:44:11,efficientnet_lite0_batch2_node_5_upload,ef9e5fe9-f24d-4465-a785-0e71bab669d8,5b0fa12a-3dd7-45bb-9766-cc326314d9f1,7.684907479211688,8.034354936862703e-05,1.0454719147362932e-05,115.20231019776001,148.55753773930763,6.0,0.00014781356503358533,0.00019034181892152446,6.523240202416976e-09,0.0003381619071953122,0.0,United Kingdom,GBR,england,,,Linux-6.4.0-150600.23.73_15.0.14-cray_shasta_c_64k-aarch64-with-glibc2.38,3.11.7,3.3.0,72,Neoverse-V2,1,1 x NVIDIA GH200 120GB,-2.5917,51.4535,64,machine,0.0,0.0,25.025,214.18496704101562,N,1.0,0.0
2026-09-27T00:44:30,mobilevit_xxs_batch2_node_0_local_train,951c6a2d-20b6-4639-95e7-a40b3674fefc,5b0fa12a-3dd7-45bb-9766-cc326314d9f1,9.615182894049212,0.0001242167068984253,1.2918808541364553e-05,115.37037129600002,158.83272344072967,6.0,0.0002103490059863878,0.000303247742607482,9.225044075089197e-06,0.000522821792668959,0.0,United Kingdom,GBR,england,,,Linux-6.4.0-150600.23.73_15.0.14-cray_shasta_c_64k-aarch64-with-glibc2.38,3.11.7,3.3.0,72,Neoverse-V2,1,1 x NVIDIA GH200 120GB,-2.5917,51.4535,64,machine,10.450000000000001,9.333333333333334,25.400000000000002,217.5961710611979,N,1.0,0.0
2026-09-27T00:44:43,mobilevit_xxs_batch2_node_0_evaluate,9a179799-2db1-4cdc-9c44-4c44eb778d32,5b0fa12a-3dd7-45bb-9766-cc326314d9f1,7.051745685981587,7.356796869979389e-05,1.0432589599202683e-05,115.25126042880001,79.20983248154619,6.0,0.00012807455945714784,0.00017493819551361867,6.631078286639725e-06,0.00030964383325740623,0.0,United Kingdom,GBR,england,,,Linux-6.4.0-150600.23.73_15.0.14-cray_shasta_c_64k-aarch64-with-glibc2.38,3.11.7,3.3.0,72,Neoverse-V2,1,1 x NVIDIA GH200 120GB,-2.5917,51.4535,64,machine,0.0,4.0,25.399999999999995,217.6299031575521,N,1.0,0.0
2026-09-27T00:45:05,mobilevit_xxs_batch2_node_1_local_train,065989fd-ca8c-4eed-997b-224cb62cf9ec,5b0fa12a-3dd7-45bb-9766-cc326314d9f1,10.012599237961695,0.0001317077216949612,1.3154198881306018e-05,115.25388171840001,158.01971498148598,6.0,0.0002230473208689941,0.00032140109044576093,9.902681096767384e-06,0.0005543510924115225,0.0,United Kingdom,GBR,england,,,Linux-6.4.0-150600.23.73_15.0.14-cray_shasta_c_64k-aarch64-with-glibc2.38,3.11.7,3.3.0,72,Neoverse-V2,1,1 x NVIDIA GH200 120GB,-2.5917,51.4535,64,machine,5.25,15.166666666666666,25.416666666666668,217.8150431315104,N,1.0,0.0
2026-09-27T00:45:23,mobilevit_xxs_batch2_node_1_evaluate,c7d29247-3ce7-4058-85f7-6091ef1b770c,5b0fa12a-3dd7-45bb-9766-cc326314d9f1,16.055439013056457,0.0002303685157034915,1.434831620089325e-05,115.29922930272002,153.03527333943538,6.0,0.00041640246281377603,0.0005465632150389865,6.643671500496566e-06,0.0009696093493532592,0.0,United Kingdom,GBR,england,,,Linux-6.4.0-150600.23.73_15.0.14-cray_shasta_c_64k-aarch64-with-glibc2.38,3.11.7,3.3.0,72,Neoverse-V2,1,1 x NVIDIA GH200 120GB,-2.5917,51.4535,64,machine,0.0,0.9166666666666666,25.13333333333333,215.30517578125,N,1.0,0.0
2026-09-27T00:45:52,mobilevit_xxs_batch2_node_2_local_train,67c13762-69d2-4ea9-9bef-077d7513a8cc,5b0fa12a-3dd7-45bb-9766-cc326314d9f1,11.441959763178602,0.00015459814198367887,1.3511508970796376e-05,115.24466759040001,84.29448035510367,6.0,0.00025922483277080285,0.00037801196907594203,1.3458903693826868e-05,0.0006506957055405717,0.0,United Kingdom,GBR,england,,,Linux-6.4.0-150600.23.73_15.0.14-cray_shasta_c_64k-aarch64-with-glibc2.38,3.11.7,3.3.0,72,Neoverse-V2,1,1 x NVIDIA GH200 120GB,-2.5917,51.4535,64,machine,0.0,15.5,24.975,213.82209014892578,N,1.0,0.0
2026-09-27T00:46:00,mobilevit_xxs_batch2_node_2_evaluate,da381d52-b69b-4cdc-8e38-dd8f3d787790,5b0fa12a-3dd7-45bb-9766-cc326314d9f1,7.148506071884185,7.507232888141161e-05,1.0501820677844684e-05,115.28535777408001,785.0636442808857,6.0,0.000130889800259838,0.00017832014266616625,6.765665715017046e-06,0.0003159756086410213,0.0,United Kingdom,GBR,england,,,Linux-6.4.0-150600.23.73_15.0.14-cray_shasta_c_64k-aarch64-with-glibc2.38,3.11.7,3.3.0,72,Neoverse-V2,1,1 x NVIDIA GH200 120GB,-2.5917,51.4535,64,machine,0.0,3.75,25.0,214.2315673828125,N,1.0,0.0
2026-09-27T00:46:19,mobilevit_xxs_batch2_node_3_local_train,3b7a9e97-a5f9-4bf6-8773-fc4d04e7c446,5b0fa12a-3dd7-45bb-9766-cc326314d9f1,11.374119784217328,0.00015644890401689726,1.3754814173311678e-05,115.2592530552,156.48926942223653,6.0,0.0002667283383315883,0.0003802828042296369,1.147432611323893e-05,0.0006584854686744641,0.0,United Kingdom,GBR,england,,,Linux-6.4.0-150600.23.73_15.0.14-cray_shasta_c_64k-aarch64-with-glibc2.38,3.11.7,3.3.0,72,Neoverse-V2,1,1 x NVIDIA GH200 120GB,-2.5917,51.4535,64,machine,0.0,8.75,25.037499999999998,214.55984497070312,N,1.0,0.0
2026-09-27T00:46:34,mobilevit_xxs_batch2_node_3_evaluate,728660d5-7cac-44df-bc58-8ee8f1d05f3a,5b0fa12a-3dd7-45bb-9766-cc326314d9f1,13.464335520984605,0.00018508995433487888,1.3746683157621122e-05,115.29947085860572,152.67439938642147,6.0,0.00033364609621084067,0.000438705073193546,6.683021298376843e-06,0.0007790341907027635,0.0,United Kingdom,GBR,england,,,Linux-6.4.0-150600.23.73_15.0.14-cray_shasta_c_64k-aarch64-with-glibc2.38,3.11.7,3.3.0,72,Neoverse-V2,1,1 x NVIDIA GH200 120GB,-2.5917,51.4535,64,machine,2.95,1.2,25.099999999999998,214.92703247070312,N,1.0,0.0
2026-09-27T00:46:51,mobilevit_xxs_batch2_node_4_local_train,dacb3c35-98ba-4d36-a602-c48220c88112,5b0fa12a-3dd7-45bb-9766-cc326314d9f1,8.437963959993795,0.00010291449353329793,1.2196602642679882e-05,115.24166709120001,84.30078308589928,6.0,0.00017263498517669807,0.0002515688123594373,8.958064053828517e-06,0.00043316186158996387,0.0,United Kingdom,GBR,england,,,Linux-6.4.0-150600.23.73_15.0.14-cray_shasta_c_64k-aarch64-with-glibc2.38,3.11.7,3.3.0,72,Neoverse-V2,1,1 x NVIDIA GH200 120GB,-2.5917,51.4535,64,machine,2.3600000000000003,19.0,24.96,213.8022705078125,N,1.0,0.0
2026-09-27T00:47:04,mobilevit_xxs_batch2_node_4_evaluate,525d11bd-9dd6-4958-84c4-1bbf0159a800,5b0fa12a-3dd7-45bb-9766-cc326314d9f1,7.992538847029209,8.949778390736572e-05,1.1197666426185923e-05,115.3068730848,151.6548691822262,6.0,0.00015840072359580285,0.00021174405827650844,6.546832248568534e-06,0.00037669161412087987,0.0,United Kingdom,GBR,england,,,Linux-6.4.0-150600.23.73_15.0.14-cray_shasta_c_64k-aarch64-with-glibc2.38,3.11.7,3.3.0,72,Neoverse-V2,1,1 x NVIDIA GH200 120GB,-2.5917,51.4535,64,machine,3.125,3.0,25.0,214.0949249267578,N,1.0,0.0
2026-09-27T00:47:19,mobilevit_xxs_batch2_node_5_local_train,e1cad11b-6646-4bcf-8631-3ef522ce4c23,5b0fa12a-3dd7-45bb-9766-cc326314d9f1,11.692064929986373,0.00015948654183028466,1.3640579554194328e-05,115.25204373120002,157.5891576060871,6.0,0.00027683867647649294,0.0003850541969399046,9.377858100148538e-06,0.0006712707315165461,0.0,United Kingdom,GBR,england,,,Linux-6.4.0-150600.23.73_15.0.14-cray_shasta_c_64k-aarch64-with-glibc2.38,3.11.7,3.3.0,72,Neoverse-V2,1,1 x NVIDIA GH200 120GB,-2.5917,51.4535,64,machine,0.0,7.375,25.025,214.38445281982422,N,1.0,0.0
2026-09-27T00:47:57,mobilevit_xxs_batch2_node_5_evaluate,e8ef8cc0-ddc3-4bfa-8b7a-2452fe78898c,5b0fa12a-3dd7-45bb-9766-cc326314d9f1,6.990012750029564,7.311246923716783e-05,1.0459561641981067e-05,115.26066977760001,80.46876731340873,6.0,0.00012618516896317758,0.00017501125111607507,6.530239139683545e-06,0.0003077266592189362,0.0,United Kingdom,GBR,england,,,Linux-6.4.0-150600.23.73_15.0.14-cray_shasta_c_64k-aarch64-with-glibc2.38,3.11.7,3.3.0,72,Neoverse-V2,1,1 x NVIDIA GH200 120GB,-2.5917,51.4535,64,machine,0.0,3.3333333333333335,25.0,213.94598388671875,N,1.0,0.0
2026-09-27T00:48:08,mobilevit_xxs_batch2_node_0_upload,a1da7998-4ac6-479b-b400-2b88756bbdd0,5b0fa12a-3dd7-45bb-9766-cc326314d9f1,4.583177811931819,2.6261426982405567e-05,5.729960315752254e-06,115.20445150080002,147.6157776825879,6.0,4.861477789799862e-05,6.188838285936527e-05,2.984785164395968e-08,0.00011053300860900786,0.0,United Kingdom,GBR,england,,,Linux-6.4.0-150600.23.73_15.0.14-cray_shasta_c_64k-aarch64-with-glibc2.38,3.11.7,3.3.0,72,Neoverse-V2,1,1 x NVIDIA GH200 120GB,-2.5917,51.4535,64,machine,0.0,0.0,25.1,214.54315185546875,N,1.0,0.0
2026-09-27T00:48:54,mobilevit_xxs_batch2_node_1_upload,e6a53e85-34e5-48f4-a01d-6f53dd95bd18,5b0fa12a-3dd7-45bb-9766-cc326314d9f1,7.587076938012615,7.848898390407365e-05,1.0345088700871053e-05,115.20263554560002,147.73539242175036,6.0,0.00014479789196729536,0.00018555264843200803,5.595213345562418e-09,0.00033035613561264895,0.0,United Kingdom,GBR,england,,,Linux-6.4.0-150600.23.73_15.0.14-cray_shasta_c_64k-aarch64-with-glibc2.38,3.11.7,3.3.0,72,Neoverse-V2,1,1 x NVIDIA GH200 120GB,-2.5917,51.4535,64,machine,0.0,0.0,25.0,213.97315979003906,N,1.0,0.0
2026-09-27T00:49:12,mobilevit_xxs_batch2_node_2_upload,8966ca3b-5116-4236-892e-8c1af0423ce2,5b0fa12a-3dd7-45bb-9766-cc326314d9f1,8.734441458946094,9.791839803355751e-05,1.1210607855556277e-05,115.2025748928,146.9853555312298,6.0,0.00018114327353832107,0.0002309849069916936,5.369565139214198e-09,0.00041213355009515386,0.0,United Kingdom,GBR,england,,,Linux-6.4.0-150600.23.73_15.0.14-cray_shasta_c_64k-aarch64-with-glibc2.38,3.11.7,3.3.0,72,Neoverse-V2,1,1 x NVIDIA GH200 120GB,-2.5917,51.4535,64,machine,0.0,0.0,25.0,214.14627685546876,N,1.0,0.0
2026-09-27T00:51:39,mobilevit_xxs_batch2_node_4_upload,11928cc3-0bb8-48f6-8afe-576a334d85ab,5b0fa12a-3dd7-45bb-9766-cc326314d9f1,4.483029806055129,2.452648131270302e-05,5.470961018277338e-06,115.20284497920001,147.62513071738454,6.0,4.535085685623996e-05,5.7874490735798645e-05,5.363058298826218e-09,0.00010323071065033743,0.0,United Kingdom,GBR,england,,,Linux-6.4.0-150600.23.73_15.0.14-cray_shasta_c_64k-aarch64-with-glibc2.38,3.11.7,3.3.0,72,Neoverse-V2,1,1 x NVIDIA GH200 120GB,-2.5917,51.4535,64,machine,0.0,0.0,25.0,213.708740234375,N,1.0,0.0
2026-09-27T00:51:50,mobilevit_xxs_batch2_node_5_upload,aba0d187-66b9-4bc6-bb25-603b1a828f5f,5b0fa12a-3dd7-45bb-9766-cc326314d9f1,4.130013808840886,1.8953335795866227e-05,4.58917007863119e-06,115.20284497920001,152.76534828831078,6.0,3.435406163014073e-05,4.541420300085974e-05,5.360393164058526e-09,7.977362502416453e-05,0.0,United Kingdom,GBR,england,,,Linux-6.4.0-150600.23.73_15.0.14-cray_shasta_c_64k-aarch64-with-glibc2.38,3.11.7,3.3.0,72,Neoverse-V2,1,1 x NVIDIA GH200 120GB,-2.5917,51.4535,64,machine,0.0,0.0,24.9,213.4130859375,N,1.0,0.0
2026-09-27T00:52:49,mobilevit_xxs_batch2_node_0_exchange,d034c74b-5e66-42fa-8bdc-46c4dbfb8d29,5b0fa12a-3dd7-45bb-9766-cc326314d9f1,9.030638853088021,0.00010388287641855969,1.1503380669800233e-05,115.2028594944,150.26206775753067,6.0,0.0001898270297870606,0.00024740519792487703,5.508119938895107e-09,0.0004372377358318765,0.0,United Kingdom,GBR,england,,,Linux-6.4.0-150600.23.73_15.0.14-cray_shasta_c_64k-aarch64-with-glibc2.38,3.11.7,3.3.0,72,Neoverse-V2,1,1 x NVIDIA GH200 120GB,-2.5917,51.4535,64,machine,0.0,0.0,25.119999999999997,215.05245361328124,N,1.0,0.0
2026-09-27T00:53:21,mobilevit_xxs_batch2_node_3_exchange,09ae1a97-90d0-43f0-b1ee-b206f7d19653,5b0fa12a-3dd7-45bb-9766-cc326314d9f1,4.1091712361667305,1.7578787074997757e-05,4.277939775368488e-06,115.20284497920001,147.31738045945937,6.0,3.2612144923832265e-05,4.137058866149346e-05,5.485881896068653e-09,7.398821946722179e-05,0.0,United Kingdom,GBR,england,,,Linux-6.4.0-150600.23.73_15.0.14-cray_shasta_c_64k-aarch64-with-glibc2.38,3.11.7,3.3.0,72,Neoverse-V2,1,1 x NVIDIA GH200 120GB,-2.5917,51.4535,64,machine,0.0,0.0,24.9,213.3349609375,N,1.0,0.0
2026-09-27T00:55:44,mobilevit_xxs_batch2_node_4_exchange,23643a38-3a2d-491a-8d90-70c058e0a558,5b0fa12a-3dd7-45bb-9766-cc326314d9f1,3.1319435129407793,1.2280093961621864e-06,3.920918085170479e-07,115.20284497920001,547.9970102830661,6.0,9.982497748578309e-07,4.165003318234994e-06,5.375909774253766e-09,5.168629002867079e-06,0.0,United Kingdom,GBR,england,,,Linux-6.4.0-150600.23.73_15.0.14-cray_shasta_c_64k-aarch64-with-glibc2.38,3.11.7,3.3.0,72,Neoverse-V2,1,1 x NVIDIA GH200 120GB,-2.5917,51.4535,64,machine,0,0,0,0,N,1.0,0.0
2026-09-27T00:55:52,mobilevit_xxs_batch2_node_5_exchange,41cbac90-51c2-4a99-81d8-05ba89a590d3,5b0fa12a-3dd7-45bb-9766-cc326314d9f1,3.1208257598336786,1.9353968083135588e-07,6.201553554264125e-08,115.20284497920001,0.0,6.0,8.018172358770616e-07,0.0,1.2781423283740876e-08,8.145986591608024e-07,0.0,United Kingdom,GBR,england,,,Linux-6.4.0-150600.23.73_15.0.14-cray_shasta_c_64k-aarch64-with-glibc2.38,3.11.7,3.3.0,72,Neoverse-V2,1,1 x NVIDIA GH200 120GB,-2.5917,51.4535,64,machine,0,0,0,0,N,1.0,0.0
2026-09-27T00:56:08,mobilevit_xxs_batch2_node_0_evaluate,401a6675-a2e2-4473-bdff-341906e3c85b,5b0fa12a-3dd7-45bb-9766-cc326314d9f1,6.9880879709962755,7.20572788533008e-05,1.0311444153589807e-05,115.27045833600002,78.41352744230797,6.0,0.00012613281069341918,0.00017061958094188867,6.533025001408532e-06,0.00030328541663671637,0.0,United Kingdom,GBR,england,,,Linux-6.4.0-150600.23.73_15.0.14-cray_shasta_c_64k-aarch64-with-glibc2.38,3.11.7,3.3.0,72,Neoverse-V2,1,1 x NVIDIA GH200 120GB,-2.5917,51.4535,64,machine,0.0,3.0,24.933333333333334,213.66756184895834,N,1.0,0.0
2026-09-27T00:56:21,mobilevit_xxs_batch2_node_3_evaluate,b13413e3-b83f-43f1-bc12-a8e14e1114a7,5b0fa12a-3dd7-45bb-9766-cc326314d9f1,8.0543695949018,9.116658806814873e-05,1.1318898021001512e-05,115.28756359200001,152.52457319771952,6.0,0.0001604190591658996,0.00021664239554297637,6.6540711283839e-06,0.0003837155258372599,0.0,United Kingdom,GBR,england,,,Linux-6.4.0-150600.23.73_15.0.14-cray_shasta_c_64k-aarch64-with-glibc2.38,3.11.7,3.3.0,72,Neoverse-V2,1,1 x NVIDIA GH200 120GB,-2.5917,51.4535,64,machine,2.875,2.75,24.95,213.81727600097656,N,1.0,0.0
2026-09-27T00:56:32,mobilevit_xxs_batch2_node_4_evaluate,7c6bc8f5-95dd-4566-8824-046846288504,5b0fa12a-3dd7-45bb-9766-cc326314d9f1,6.983374945120886,7.214295965138482e-05,1.0330672521284189e-05,115.272620712,78.68096439941179,6.0,0.00012601331817543518,0.00017110319244295624,6.529532133523995e-06,0.00030364604275191537,0.0,United Kingdom,GBR,england,,,Linux-6.4.0-150600.23.73_15.0.14-cray_shasta_c_64k-aarch64-with-glibc2.38,3.11.7,3.3.0,72,Neoverse-V2,1,1 x NVIDIA GH200 120GB,-2.5917,51.4535,64,machine,1.8666666666666665,3.3333333333333335,25.0,214.07586669921875,N,1.0,0.0
2026-09-27T00:56:47,mobilevit_xxs_batch2_node_5_evaluate,233c8573-2143-42a2-8d7f-9396a853f9f3,5b0fa12a-3dd7-45bb-9766-cc326314d9f1,7.000492091989145,7.324071971412117e-05,1.0462224476752503e-05,115.278849288,80.21518218179756,6.0,0.00012649732813817724,0.00017521097350936543,6.5581572967736674e-06,0.0003082664589443163,0.0,United Kingdom,GBR,england,,,Linux-6.4.0-150600.23.73_15.0.14-cray_shasta_c_64k-aarch64-with-glibc2.38,3.11.7,3.3.0,72,Neoverse-V2,1,1 x NVIDIA GH200 120GB,-2.5917,51.4535,64,machine,0.0,3.0,25.0,214.3532511393229,N,1.0,0.0
2026-09-27T00:58:14,mobilenet_v3_small_batch3_node_0_local_train,b3440c2e-1263-4ab8-a716-b7904d0f9920,5b0fa12a-3dd7-45bb-9766-cc326314d9f1,8.374474806012586,9.702309957251494e-05,1.1585574238381574e-05,115.2756481248,78.92127362086521,6.0,0.00016981541906934728,0.00022972685043498586,8.823014968074858e-06,0.00040836528447240803,0.0,United Kingdom,GBR,england,,,Linux-6.4.0-150600.23.73_15.0.14-cray_shasta_c_64k-aarch64-with-glibc2.38,3.11.7,3.3.0,72,Neoverse-V2,1,1 x NVIDIA GH200 120GB,-2.5917,51.4535,64,machine,0.0,3.0,24.7,211.71126708984374,N,1.0,0.0
2026-09-27T01:01:36,mobilenet_v3_small_batch3_node_0_evaluate,35907fc3-95a2-4013-96d4-9b52ad65ba78,5b0fa12a-3dd7-45bb-9766-cc326314d9f1,198.5772217749618,0.003530216282622109,1.7777548960891077e-05,115.21888269465018,149.02533954451556,6.0,0.006354610100248256,0.00819826989194894,0.00030562053864433746,0.014858500530841532,0.0,United Kingdom,GBR,england,,,Linux-6.4.0-150600.23.73_15.0.14-cray_shasta_c_64k-aarch64-with-glibc2.38,3.11.7,3.3.0,72,Neoverse-V2,1,1 x NVIDIA GH200 120GB,-2.5917,51.4535,64,machine,1.6262626262626263,0.025252525252525252,24.708080808080755,211.5448673132694,N,1.0,0.0
2026-09-27T01:02:07,mobilenet_v3_small_batch3_node_1_local_train,fa666419-f91c-4f36-b4e1-28ea57ab650a,5b0fa12a-3dd7-45bb-9766-cc326314d9f1,8.579854421084747,0.00010127513893672067,1.1803829525107083e-05,115.25740588800001,78.67333566184611,6.0,0.00017703950715551928,0.00024003852536225168,9.18386907161524e-06,0.0004262619015893862,0.0,United Kingdom,GBR,england,,,Linux-6.4.0-150600.23.73_15.0.14-cray_shasta_c_64k-aarch64-with-glibc2.38,3.11.7,3.3.0,72,Neoverse-V2,1,1 x NVIDIA GH200 120GB,-2.5917,51.4535,64,machine,0.0,3.4,24.919999999999998,213.53653564453126,N,1.0,0.0
2026-09-27T01:03:00,mobilenet_v3_small_batch3_node_1_evaluate,1e585a0e-886b-4716-aa83-2f7e002be07e,5b0fa12a-3dd7-45bb-9766-cc326314d9f1,18.02360978303477,0.0002637798405386279,1.4635239206461188e-05,115.32039753600002,151.96400894870982,6.0,0.00047935097485478855,0.0006243463327990639,6.538606208438674e-06,0.0011102359138622912,0.0,United Kingdom,GBR,england,,,Linux-6.4.0-150600.23.73_15.0.14-cray_shasta_c_64k-aarch64-with-glibc2.38,3.11.7,3.3.0,72,Neoverse-V2,1,1 x NVIDIA GH200 120GB,-2.5917,51.4535,64,machine,7.385714285714286,0.21428571428571427,24.71428571428571,211.81968906947546,N,1.0,0.0
2026-09-27T01:03:26,mobilenet_v3_small_batch3_node_2_local_train,120aced7-8117-4e9d-870d-28dbff177ad3,5b0fa12a-3dd7-45bb-9766-cc326314d9f1,12.123001910978928,0.00016543239590969782,1.3646157702893509e-05,115.2737867232,157.24364867435997,6.0,0.00029076591480989695,0.00039275503642954845,1.2775577260181307e-05,0.0006962965284996268,0.0,United Kingdom,GBR,england,,,Linux-6.4.0-150600.23.73_15.0.14-cray_shasta_c_64k-aarch64-with-glibc2.38,3.11.7,3.3.0,72,Neoverse-V2,1,1 x NVIDIA GH200 120GB,-2.5917,51.4535,64,machine,0.0,3.6666666666666665,24.677777777777774,211.3429158528646,N,1.0,0.0
2026-09-27T01:03:36,mobilenet_v3_small_batch3_node_2_evaluate,7072c600-d643-48ed-b9ae-85c4090ad6e1,5b0fa12a-3dd7-45bb-9766-cc326314d9f1,8.116592278936878,9.115653622867262e-05,1.1230887679947923e-05,115.30960427520002,156.5255980710405,6.0,0.00016229456207718617,0.00021464822728489708,6.7304287947869555e-06,0.0003836732181568702,0.0,United Kingdom,GBR,england,,,Linux-6.4.0-150600.23.73_15.0.14-cray_shasta_c_64k-aarch64-with-glibc2.38,3.11.7,3.3.0,72,Neoverse-V2,1,1 x NVIDIA GH200 120GB,-2.5917,51.4535,64,machine,16.8,0.8,24.7,211.4536865234375,N,1.0,0.0
2026-09-27T01:04:14,mobilenet_v3_small_batch3_node_3_local_train,9132668d-5383-448b-b6bd-ec93259b30de,5b0fa12a-3dd7-45bb-9766-cc326314d9f1,10.773954551899806,0.00014079052065840085,1.3067673525091565e-05,115.27901541668572,152.38151047872051,6.0,0.00024740394016846466,0.00033400415608753065,1.117203438305296e-05,0.0005925801306390483,0.0,United Kingdom,GBR,england,,,Linux-6.4.0-150600.23.73_15.0.14-cray_shasta_c_64k-aarch64-with-glibc2.38,3.11.7,3.3.0,72,Neoverse-V2,1,1 x NVIDIA GH200 120GB,-2.5917,51.4535,64,machine,0.0,3.4285714285714284,24.800000000000004,212.19148472377233,N,1.0,0.0
2026-09-27T01:04:28,mobilenet_v3_small_batch3_node_3_evaluate,68ffff36-51e7-4494-97ce-ebddbb493c49,5b0fa12a-3dd7-45bb-9766-cc326314d9f1,7.036018349928781,7.213739731207542e-05,1.0252588001395078e-05,115.27843495680001,808.2288815130819,6.0,0.0001277835367265817,0.00016922985761880227,6.6092368036819e-06,0.0003036226311490659,0.0,United Kingdom,GBR,england,,,Linux-6.4.0-150600.23.73_15.0.14-cray_shasta_c_64k-aarch64-with-glibc2.38,3.11.7,3.3.0,72,Neoverse-V2,1,1 x NVIDIA GH200 120GB,-2.5917,51.4535,64,machine,0.0,1.0,24.8,212.48942057291666,N,1.0,0.0
2026-09-27T01:04:47,mobilenet_v3_small_batch3_node_4_local_train,6ad61d5f-df33-4cdd-a979-e8eb1934f455,5b0fa12a-3dd7-45bb-9766-cc326314d9f1,8.292003653012216,9.572600623824218e-05,1.1544375791907427e-05,115.2603511776,77.91361174954176,6.0,0.00016802677387558476,0.00022616545869880156,8.713652118264388e-06,0.0004029058846926507,0.0,United Kingdom,GBR,england,,,Linux-6.4.0-150600.23.73_15.0.14-cray_shasta_c_64k-aarch64-with-glibc2.38,3.11.7,3.3.0,72,Neoverse-V2,1,1 x NVIDIA GH200 120GB,-2.5917,51.4535,64,machine,0.0,3.2,24.7,211.40433349609376,N,1.0,0.0
2026-09-27T01:05:46,mobilenet_v3_small_batch3_node_4_evaluate,9be96053-4529-4b6e-8e31-3d2e4523315f,5b0fa12a-3dd7-45bb-9766-cc326314d9f1,7.99741244292818,8.833492778300882e-05,1.1045438560708493e-05,115.29884268,149.71797888333776,6.0,0.00015825298418768757,0.00020700572115117666,6.538506581758459e-06,0.0003717972119206227,0.0,United Kingdom,GBR,england,,,Linux-6.4.0-150600.23.73_15.0.14-cray_shasta_c_64k-aarch64-with-glibc2.38,3.11.7,3.3.0,72,Neoverse-V2,1,1 x NVIDIA GH200 120GB,-2.5917,51.4535,64,machine,0.0,0.75,24.8,212.59388732910156,N,1.0,0.0
2026-09-27T01:06:05,mobilenet_v3_small_batch3_node_5_local_train,4de54afd-c4d3-45d6-8dc9-1a303f75b798,5b0fa12a-3dd7-45bb-9766-cc326314d9f1,7.892408565850928,8.855325195992342e-05,1.1220054210457103e-05,115.25711015808001,78.21362167281224,6.0,0.00015507424446383825,0.00020959711211787635,8.044770679747065e-06,0.00037271612726146166,0.0,United Kingdom,GBR,england,,,Linux-6.4.0-150600.23.73_15.0.14-cray_shasta_c_64k-aarch64-with-glibc2.38,3.11.7,3.3.0,72,Neoverse-V2,1,1 x NVIDIA GH200 120GB,-2.5917,51.4535,64,machine,0.0,4.75,24.7,211.5971221923828,N,1.0,0.0
2026-09-27T01:06:17,mobilenet_v3_small_batch3_node_5_evaluate,75560a19-6c3b-40a4-88be-b97397c9c196,5b0fa12a-3dd7-45bb-9766-cc326314d9f1,6.960276169935241,7.07509109538868e-05,1.0164957427909799e-05,115.2858124368,76.57149466949308,6.0,0.00012546620344949897,0.0001658187437669767,6.502033468180646e-06,0.0002977869806846563,0.0,United Kingdom,GBR,england,,,Linux-6.4.0-150600.23.73_15.0.14-cray_shasta_c_64k-aarch64-with-glibc2.38,3.11.7,3.3.0,72,Neoverse-V2,1,1 x NVIDIA GH200 120GB,-2.5917,51.4535,64,machine,0.0,0.6666666666666666,24.766666666666666,212.023193359375,N,1.0,0.0
2026-09-27T01:06:31,mobilenet_v3_small_batch3_node_0_upload,f9d93a3e-afd0-455d-b246-3f8e1554770f,5b0fa12a-3dd7-45bb-9766-cc326314d9f1,4.0728928511962295,1.8570447054457865e-05,4.559522612779668e-06,115.20772986240002,162.4548335865139,6.0,3.248742538133532e-05,4.5668647629781844e-05,5.992801937585076e-09,7.816206581305476e-05,0.0,United Kingdom,GBR,england,,,Linux-6.4.0-150600.23.73_15.0.14-cray_shasta_c_64k-aarch64-with-glibc2.38,3.11.7,3.3.0,72,Neoverse-V2,1,1 x NVIDIA GH200 120GB,-2.5917,51.4535,64,machine,0.0,0.0,24.8,212.15093994140625,N,1.0,0.0
2026-09-27T01:06:41,mobilenet_v3_small_batch3_node_2_upload,7d49fc53-cd4a-4cac-abc6-2478ccc45d44,5b0fa12a-3dd7-45bb-9766-cc326314d9f1,4.07471750699915,1.8589314535742678e-05,4.562111239321935e-06,115.2044457984,162.08161950454087,6.0,3.257759542505947e-05,4.5653925425881425e-05,9.95722987378637e-09,7.824147808081468e-05,0.0,United Kingdom,GBR,england,,,Linux-6.4.0-150600.23.73_15.0.14-cray_shasta_c_64k-aarch64-with-glibc2.38,3.11.7,3.3.0,72,Neoverse-V2,1,1 x NVIDIA GH200 120GB,-2.5917,51.4535,64,machine,0.0,0.0,24.8,212.44970703125,N,1.0,0.0
2026-09-27T01:06:50,mobilenet_v3_small_batch3_node_3_upload,ccd9e5e1-3780-46ef-a576-f9c3acfc65fb,5b0fa12a-3dd7-45bb-9766-cc326314d9f1,5.075787276960909,3.496414733459476e-05,6.888418569725658e-06,115.20349920000002,147.8375474535793,6.0,6.450633090374864e-05,8.265062167822634e-05,5.362738156691194e-09,0.00014716231532013166,0.0,United Kingdom,GBR,england,,,Linux-6.4.0-150600.23.73_15.0.14-cray_shasta_c_64k-aarch64-with-glibc2.38,3.11.7,3.3.0,72,Neoverse-V2,1,1 x NVIDIA GH200 120GB,-2.5917,51.4535,64,machine,10.5,0.0,24.8,212.43377685546875,N,1.0,0.0
2026-09-27T01:06:59,mobilenet_v3_small_batch3_node_5_upload,a254d847-2e5b-4afe-abb5-f45c3e26c08a,5b0fa12a-3dd7-45bb-9766-cc326314d9f1,4.562589111039415,2.6175225306906977e-05,5.736923634778923e-06,115.20284497920001,148.71747647269746,6.0,4.815533891111179e-05,6.2009494044446e-05,5.357191742708286e-09,0.0001101701901473005,0.0,United Kingdom,GBR,england,,,Linux-6.4.0-150600.23.73_15.0.14-cray_shasta_c_64k-aarch64-with-glibc2.38,3.11.7,3.3.0,72,Neoverse-V2,1,1 x NVIDIA GH200 120GB,-2.5917,51.4535,64,machine,0.0,0.0,24.7,211.415283203125,N,1.0,0.0
2026-09-27T01:07:07,mobilenet_v3_small_batch3_node_0_exchange,55444ce8-22b6-4139-9f10-f16346fb6aa1,5b0fa12a-3dd7-45bb-9766-cc326314d9f1,4.127977313008159,1.805834232556523e-05,4.374622473980039e-06,115.350460416,73.62679728496109,6.0,3.4553330181643426e-05,4.134419974377579e-05,1.0911316649677852e-07,7.6006643091916e-05,0.0,United Kingdom,GBR,england,,,Linux-6.4.0-150600.23.73_15.0.14-cray_shasta_c_64k-aarch64-with-glibc2.38,3.11.7,3.3.0,72,Neoverse-V2,1,1 x NVIDIA GH200 120GB,-2.5917,51.4535,64,machine,0.0,0.0,24.7,211.68365478515625,N,1.0,0.0
2026-09-27T01:07:24,mobilenet_v3_small_batch3_node_1_exchange,6e5d477d-f56d-4501-b383-6e93c8d36887,5b0fa12a-3dd7-45bb-9766-cc326314d9f1,3.134446768090129,1.6230847947564621e-06,5.178217768060661e-07,115.428987648,123.8119671912033,6.0,2.545936735793118e-06,4.1788922260366235e-06,1.0665227154580255e-07,6.8314812333755445e-06,0.0,United Kingdom,GBR,england,,,Linux-6.4.0-150600.23.73_15.0.14-cray_shasta_c_64k-aarch64-with-glibc2.38,3.11.7,3.3.0,72,Neoverse-V2,1,1 x NVIDIA GH200 120GB,-2.5917,51.4535,64,machine,0,0,0,0,N,1.0,0.0
2026-09-27T01:07:52,mobilenet_v3_small_batch3_node_2_exchange,61b906ad-0127-4d4d-b8ac-4463b2eed13b,5b0fa12a-3dd7-45bb-9766-cc326314d9f1,4.133319799089804,1.907832408263849e-05,4.61573868221852e-06,115.66006963200002,199.19567319756288,6.0,3.455860010347347e-05,4.563586983863388e-05,1.0522441511663298e-07,8.029969435722399e-05,0.0,United Kingdom,GBR,england,,,Linux-6.4.0-150600.23.73_15.0.14-cray_shasta_c_64k-aarch64-with-glibc2.38,3.11.7,3.3.0,72,Neoverse-V2,1,1 x NVIDIA GH200 120GB,-2.5917,51.4535,64,machine,0.0,0.0,24.7,211.76361083984375,N,1.0,0.0
2026-09-27T01:08:08,mobilenet_v3_small_batch3_node_3_exchange,6cf31d91-c308-4b6c-8571-d05d5b306aac,5b0fa12a-3dd7-45bb-9766-cc326314d9f1,3.1237397568766028,1.5999980226912777e-06,5.122059285409551e-07,115.25875338240002,122.9782138066897,6.0,2.4574431162147848e-06,4.170003336412265e-06,1.0686373299298188e-07,6.7343101856200316e-06,0.0,United Kingdom,GBR,england,,,Linux-6.4.0-150600.23.73_15.0.14-cray_shasta_c_64k-aarch64-with-glibc2.38,3.11.7,3.3.0,72,Neoverse-V2,1,1 x NVIDIA GH200 120GB,-2.5917,51.4535,64,machine,0,0,0,0,N,1.0,0.0
2026-09-27T01:08:20,mobilenet_v3_small_batch3_node_4_exchange,5913c634-22d0-49bf-b92c-afd3a2491419,5b0fa12a-3dd7-45bb-9766-cc326314d9f1,3.1309418389573693,1.6713261448338762e-06,5.338093873345288e-07,115.57933608960002,124.80066661596685,6.0,2.741378036648237e-06,4.187225570717601e-06,1.0592301143333315e-07,7.0345266187991704e-06,0.0,United Kingdom,GBR,england,,,Linux-6.4.0-150600.23.73_15.0.14-cray_shasta_c_64k-aarch64-with-glibc2.38,3.11.7,3.3.0,72,Neoverse-V2,1,1 x NVIDIA GH200 120GB,-2.5917,51.4535,64,machine,0,0,0,0,N,1.0,0.0
2026-09-27T01:08:29,mobilenet_v3_small_batch3_node_5_exchange,953022d0-b417-4bd3-adb8-ec2379cfbfb7,5b0fa12a-3dd7-45bb-9766-cc326314d9f1,4.533332096179947,2.503054005987291e-05,5.52144416707638e-06,115.49783687040001,73.8373991804923,6.0,4.733933767083899e-05,5.788699075992554e-05,1.2593981344252825e-07,0.00010535226824420706,0.0,United Kingdom,GBR,england,,,Linux-6.4.0-150600.23.73_15.0.14-cray_shasta_c_64k-aarch64-with-glibc2.38,3.11.7,3.3.0,72,Neoverse-V2,1,1 x NVIDIA GH200 120GB,-2.5917,51.4535,64,machine,0.0,0.0,24.7,211.2532958984375,N,1.0,0.0
2026-09-27T01:08:46,mobilenet_v3_small_batch3_node_0_evaluate,db49c2d7-66d5-40c9-90ac-78a1ae592aa3,5b0fa12a-3dd7-45bb-9766-cc326314d9f1,6.929877588059753,6.928006836925346e-05,9.99730045572864e-06,115.28820964800002,74.98692138220663,6.0,0.00012428973483187601,0.00016086540647108905,6.441137856648614e-06,0.0002915962791596137,0.0,United Kingdom,GBR,england,,,Linux-6.4.0-150600.23.73_15.0.14-cray_shasta_c_64k-aarch64-with-glibc2.38,3.11.7,3.3.0,72,Neoverse-V2,1,1 x NVIDIA GH200 120GB,-2.5917,51.4535,64,machine,0.0,1.0,24.7,211.5249226888021,N,1.0,0.0
2026-09-27T01:08:55,mobilenet_v3_small_batch3_node_1_evaluate,1f682dc0-5200-47ef-8b0c-e582d939f274,5b0fa12a-3dd7-45bb-9766-cc326314d9f1,7.951265766052529,8.795281581928981e-05,1.1061486108890899e-05,115.32891908160002,156.11637553255724,6.0,0.00015704115580815974,0.00020668099868714762,6.466767631936819e-06,0.00037018892212724416,0.0,United Kingdom,GBR,england,,,Linux-6.4.0-150600.23.73_15.0.14-cray_shasta_c_64k-aarch64-with-glibc2.38,3.11.7,3.3.0,72,Neoverse-V2,1,1 x NVIDIA GH200 120GB,-2.5917,51.4535,64,machine,0.0,0.5,24.7,211.43612670898438,N,1.0,0.0
2026-09-27T01:09:09,mobilenet_v3_small_batch3_node_2_evaluate,e610bc29-42ad-4a5a-aa1a-b2bc44b77949,5b0fa12a-3dd7-45bb-9766-cc326314d9f1,12.626921201124787,0.0001697335610077556,1.344219689853105e-05,115.33571725824001,151.13913901304147,6.0,0.0003068044363435657,0.0004009483763098842,6.647100674842174e-06,0.0007143999133282921,0.0,United Kingdom,GBR,england,,,Linux-6.4.0-150600.23.73_15.0.14-cray_shasta_c_64k-aarch64-with-glibc2.38,3.11.7,3.3.0,72,Neoverse-V2,1,1 x NVIDIA GH200 120GB,-2.5917,51.4535,64,machine,0.0,0.4444444444444444,24.72222222222222,211.8494669596354,N,1.0,0.0
2026-09-27T01:09:22,mobilenet_v3_small_batch3_node_3_evaluate,23ca349a-f55d-4362-89cb-71af1dcdac43,5b0fa12a-3dd7-45bb-9766-cc326314d9f1,7.0102886450476944,7.096632544653146e-05,1.0123167395776846e-05,115.27685383680002,75.48805413790085,6.0,0.0001268295850441953,0.00016528985446484512,6.574209803560127e-06,0.0002986936493126006,0.0,United Kingdom,GBR,england,,,Linux-6.4.0-150600.23.73_15.0.14-cray_shasta_c_64k-aarch64-with-glibc2.38,3.11.7,3.3.0,72,Neoverse-V2,1,1 x NVIDIA GH200 120GB,-2.5917,51.4535,64,machine,0.0,0.6666666666666666,24.8,212.3454793294271,N,1.0,0.0
2026-09-27T01:09:42,mobilenet_v3_small_batch3_node_4_evaluate,1ccfaee8-997d-460d-8673-043552074c38,5b0fa12a-3dd7-45bb-9766-cc326314d9f1,13.96494871401228,0.00019250777069035368,1.3785068218488581e-05,115.32511771920001,150.8879634719525,6.0,0.0003495351138376934,0.00045424591895937283,6.474369138013572e-06,0.0008102554019350798,0.0,United Kingdom,GBR,england,,,Linux-6.4.0-150600.23.73_15.0.14-cray_shasta_c_64k-aarch64-with-glibc2.38,3.11.7,3.3.0,72,Neoverse-V2,1,1 x NVIDIA GH200 120GB,-2.5917,51.4535,64,machine,6.590000000000001,0.3,24.810000000000006,212.55919799804687,N,1.0,0.0
2026-09-27T01:10:14,mobilenet_v3_small_batch3_node_5_evaluate,cfac26be-3b65-49d8-81b4-7485cb1f89a7,5b0fa12a-3dd7-45bb-9766-cc326314d9f1,27.955204736907035,0.0004410786996907339,1.5778052918654278e-05,115.28954478720003,149.23391728059684,6.0,0.0007969122548824588,0.0010281216558354345,3.144387104276878e-05,0.001856477781760662,0.0,United Kingdom,GBR,england,,,Linux-6.4.0-150600.23.73_15.0.14-cray_shasta_c_64k-aarch64-with-glibc2.38,3.11.7,3.3.0,72,Neoverse-V2,1,1 x NVIDIA GH200 120GB,-2.5917,51.4535,64,machine,0.9833333333333334,0.125,24.70416666666667,211.4388173421224,N,1.0,0.0
2026-09-27T01:11:07,efficientnet_lite0_batch3_node_0_local_train,c627fa77-f803-4b18-91be-33b091d18206,5b0fa12a-3dd7-45bb-9766-cc326314d9f1,6.567197357071564,6.948670430950474e-05,1.0580876518760533e-05,115.27582040640002,90.55917256119412,6.0,0.00011203858135102534,0.00017463597305322764,5.791444903394828e-06,0.0002924659993076478,0.0,United Kingdom,GBR,england,,,Linux-6.4.0-150600.23.73_15.0.14-cray_shasta_c_64k-aarch64-with-glibc2.38,3.11.7,3.3.0,72,Neoverse-V2,1,1 x NVIDIA GH200 120GB,-2.5917,51.4535,64,machine,0.0,2.6666666666666665,25.399999999999995,217.775634765625,N,1.0,0.0
2026-09-27T01:11:43,efficientnet_lite0_batch3_node_0_evaluate,a05b83ee-1eb9-47ca-b442-aded81abd3f6,5b0fa12a-3dd7-45bb-9766-cc326314d9f1,6.933946046046913,7.225877875662346e-05,1.0421018317242121e-05,115.32537594720003,80.64111852290367,6.0,0.00012451811679140825,0.0001731679163157196,6.447486359781275e-06,0.0003041335194669091,0.0,United Kingdom,GBR,england,,,Linux-6.4.0-150600.23.73_15.0.14-cray_shasta_c_64k-aarch64-with-glibc2.38,3.11.7,3.3.0,72,Neoverse-V2,1,1 x NVIDIA GH200 120GB,-2.5917,51.4535,64,machine,0.0,4.0,25.2,215.87384033203125,N,1.0,0.0
2026-09-27T01:11:57,efficientnet_lite0_batch3_node_1_local_train,d62a32df-6ebf-4ae6-9426-a168388d1d34,5b0fa12a-3dd7-45bb-9766-cc326314d9f1,9.832463799975812,0.0001265799468200614,1.287367534680095e-05,115.32044026080001,162.72311843103938,6.0,0.00021726243580592582,0.0003092299696305645,6.276143696935226e-06,0.0005327685491334255,0.0,United Kingdom,GBR,england,,,Linux-6.4.0-150600.23.73_15.0.14-cray_shasta_c_64k-aarch64-with-glibc2.38,3.11.7,3.3.0,72,Neoverse-V2,1,1 x NVIDIA GH200 120GB,-2.5917,51.4535,64,machine,4.95,5.166666666666667,25.2,216.12423706054688,N,1.0,0.0
2026-09-27T01:12:12,efficientnet_lite0_batch3_node_1_evaluate,c3923790-f497-4842-848e-c922ed01f9d2,5b0fa12a-3dd7-45bb-9766-cc326314d9f1,13.013765031006187,0.00017757333352648647,1.3645039164561972e-05,115.38286597028574,153.63005157229932,6.0,0.0003190793977788651,0.0004218717263881899,6.445992393419147e-06,0.0007473971165604741,0.0,United Kingdom,GBR,england,,,Linux-6.4.0-150600.23.73_15.0.14-cray_shasta_c_64k-aarch64-with-glibc2.38,3.11.7,3.3.0,72,Neoverse-V2,1,1 x NVIDIA GH200 120GB,-2.5917,51.4535,64,machine,0.0,1.3333333333333333,25.300000000000004,216.50748697916666,N,1.0,0.0
2026-09-27T01:12:28,efficientnet_lite0_batch3_node_2_local_train,c5b5e055-704b-4db5-b4d3-0dfa185e75c3,5b0fa12a-3dd7-45bb-9766-cc326314d9f1,9.312897583004087,0.00012267384077443806,1.3172467503381136e-05,115.31038429440002,171.1106108525651,6.0,0.00020079519231908183,0.0003067966343195394,8.736121096493057e-06,0.0005163279477351143,0.0,United Kingdom,GBR,england,,,Linux-6.4.0-150600.23.73_15.0.14-cray_shasta_c_64k-aarch64-with-glibc2.38,3.11.7,3.3.0,72,Neoverse-V2,1,1 x NVIDIA GH200 120GB,-2.5917,51.4535,64,machine,6.866666666666667,12.333333333333334,25.21666666666667,215.99322509765625,N,1.0,0.0
2026-09-27T01:13:16,efficientnet_lite0_batch3_node_2_evaluate,fe414d9b-da44-436d-8287-471f02d3db4e,5b0fa12a-3dd7-45bb-9766-cc326314d9f1,11.048167804023251,0.0001442344866861701,1.305505937678158e-05,115.40205186912002,155.11905907445856,6.0,0.00025630029441643215,0.0003441424975250129,6.632816298709561e-06,0.0006070756082401546,0.0,United Kingdom,GBR,england,,,Linux-6.4.0-150600.23.73_15.0.14-cray_shasta_c_64k-aarch64-with-glibc2.38,3.11.7,3.3.0,72,Neoverse-V2,1,1 x NVIDIA GH200 120GB,-2.5917,51.4535,64,machine,9.799999999999999,1.4285714285714286,25.214285714285715,215.88541957310267,N,1.0,0.0
2026-09-27T01:14:04,efficientnet_lite0_batch3_node_3_local_train,76eaa2dc-bead-4a0b-9f41-67abb45603e4,5b0fa12a-3dd7-45bb-9766-cc326314d9f1,38.94115552213043,0.0006469538260746384,1.6613626827456922e-05,115.25075072064003,157.44539671695935,6.0,0.0011487972731430696,0.001524870386546695,4.932804328738712e-05,0.0027229957029771515,0.0,United Kingdom,GBR,england,,,Linux-6.4.0-150600.23.73_15.0.14-cray_shasta_c_64k-aarch64-with-glibc2.38,3.11.7,3.3.0,72,Neoverse-V2,1,1 x NVIDIA GH200 120GB,-2.5917,51.4535,64,machine,1.5028571428571427,1.6285714285714286,25.18285714285716,215.6939958844866,N,1.0,0.0
2026-09-27T01:14:23,efficientnet_lite0_batch3_node_3_evaluate,f1258c86-3c61-4898-acbe-4cdb15f42717,5b0fa12a-3dd7-45bb-9766-cc326314d9f1,12.174555101199076,0.0001643321256375693,1.3497998429641523e-05,115.39821995136,156.15537562896674,6.0,0.0002922560257955805,0.0003928622587494601,6.547262418704729e-06,0.0006916655469637454,0.0,United Kingdom,GBR,england,,,Linux-6.4.0-150600.23.73_15.0.14-cray_shasta_c_64k-aarch64-with-glibc2.38,3.11.7,3.3.0,72,Neoverse-V2,1,1 x NVIDIA GH200 120GB,-2.5917,51.4535,64,machine,0.0,1.4444444444444444,25.21111111111111,216.11819797092014,N,1.0,0.0
2026-09-27T01:14:37,efficientnet_lite0_batch3_node_4_local_train,d5afe54c-ad66-41a9-98c4-f0ae746f1d3f,5b0fa12a-3dd7-45bb-9766-cc326314d9f1,13.803109415108338,0.00019505523205322684,1.4131253052281617e-05,115.28891771760001,162.88581717738083,6.0,0.0003443182014653351,0.0004706634320825742,5.9959035149465e-06,0.0008209775370628557,0.0,United Kingdom,GBR,england,,,Linux-6.4.0-150600.23.73_15.0.14-cray_shasta_c_64k-aarch64-with-glibc2.38,3.11.7,3.3.0,72,Neoverse-V2,1,1 x NVIDIA GH200 120GB,-2.5917,51.4535,64,machine,1.78,2.1,25.250000000000004,216.23369750976562,N,1.0,0.0
2026-09-27T01:14:45,efficientnet_lite0_batch3_node_4_evaluate,0ea36644-ee6d-47f0-9ac9-57434dd7c277,5b0fa12a-3dd7-45bb-9766-cc326314d9f1,6.935117882909253,7.217722371844242e-05,1.0407497743666959e-05,115.34908380480002,80.38664820580028,6.0,0.00012468753202572863,0.0001726540270112764,6.4486994280014194e-06,0.00030379025846500647,0.0,United Kingdom,GBR,england,,,Linux-6.4.0-150600.23.73_15.0.14-cray_shasta_c_64k-aarch64-with-glibc2.38,3.11.7,3.3.0,72,Neoverse-V2,1,1 x NVIDIA GH200 120GB,-2.5917,51.4535,64,machine,0.0,2.6666666666666665,25.3,216.38409423828125,N,1.0,0.0
2026-09-27T01:14:52,efficientnet_lite0_batch3_node_5_local_train,ea5e2a8d-82bb-47f6-b38a-901b65548d59,5b0fa12a-3dd7-45bb-9766-cc326314d9f1,6.375269531039521,6.679141873635137e-05,1.0476642346046925e-05,115.27917264000001,92.14350257582723,6.0,0.00010644499516739639,0.00016916346868356413,5.513215756897504e-06,0.000281121679607858,0.0,United Kingdom,GBR,england,,,Linux-6.4.0-150600.23.73_15.0.14-cray_shasta_c_64k-aarch64-with-glibc2.38,3.11.7,3.3.0,72,Neoverse-V2,1,1 x NVIDIA GH200 120GB,-2.5917,51.4535,64,machine,2.9,13.666666666666666,25.3,216.43463134765625,N,1.0,0.0
2026-09-27T01:15:04,efficientnet_lite0_batch3_node_5_evaluate,cc134007-ea14-4a06-a8ba-d6cab7cfb3e4,5b0fa12a-3dd7-45bb-9766-cc326314d9f1,6.939506151014939,7.228048197179869e-05,1.0415796225099863e-05,115.34428005120002,80.53757119725337,6.0,0.00012490971581217454,0.00017286624940027195,6.448901981736223e-06,0.00030422486719418275,0.0,United Kingdom,GBR,england,,,Linux-6.4.0-150600.23.73_15.0.14-cray_shasta_c_64k-aarch64-with-glibc2.38,3.11.7,3.3.0,72,Neoverse-V2,1,1 x NVIDIA GH200 120GB,-2.5917,51.4535,64,machine,0.0,4.0,25.2,215.5213623046875,N,1.0,0.0
2026-09-27T01:15:09,efficientnet_lite0_batch3_node_3_upload,eb218e3d-0c49-4ecf-990a-86ec345087fe,5b0fa12a-3dd7-45bb-9766-cc326314d9f1,3.0766456539276987,1.0122846142171531e-07,3.290221650728134e-08,115.20284497920001,0.0,6.0,4.2071784655891145e-07,0.0,5.347591747219364e-09,4.260654383061308e-07,0.0,United Kingdom,GBR,england,,,Linux-6.4.0-150600.23.73_15.0.14-cray_shasta_c_64k-aarch64-with-glibc2.38,3.11.7,3.3.0,72,Neoverse-V2,1,1 x NVIDIA GH200 120GB,-2.5917,51.4535,64,machine,0,0,0,0,N,1.0,0.0
2026-09-27T01:15:37,mobilevit_xxs_batch3_node_0_local_train,d33f91d3-79c3-4317-acb9-ea4284d750fc,5b0fa12a-3dd7-45bb-9766-cc326314d9f1,8.504963187966496,0.00010352131813158596,1.2171871393641801e-05,115.56552038400004,83.21709149814427,6.0,0.00017541085930666188,0.0002512421454383684,9.062950672038521e-06,0.00043571595541706885,0.0,United Kingdom,GBR,england,,,Linux-6.4.0-150600.23.73_15.0.14-cray_shasta_c_64k-aarch64-with-glibc2.38,3.11.7,3.3.0,72,Neoverse-V2,1,1 x NVIDIA GH200 120GB,-2.5917,51.4535,64,machine,2.3600000000000003,8.4,25.18,215.581640625,N,1.0,0.0
2026-09-27T01:15:50,mobilevit_xxs_batch3_node_0_evaluate,f435815a-ca4c-4ee5-be44-39db2f21e29e,5b0fa12a-3dd7-45bb-9766-cc326314d9f1,7.09977000602521,7.480320625918655e-05,1.0536004151642225e-05,115.24493833344002,79.78771293588593,6.0,0.00012956819706502206,0.00017855569839753116,6.7189897686087834e-06,0.000314842885231162,0.0,United Kingdom,GBR,england,,,Linux-6.4.0-150600.23.73_15.0.14-cray_shasta_c_64k-aarch64-with-glibc2.38,3.11.7,3.3.0,72,Neoverse-V2,1,1 x NVIDIA GH200 120GB,-2.5917,51.4535,64,machine,0.0,3.5,25.2,215.92633056640625,N,1.0,0.0
2026-09-27T01:16:08,mobilevit_xxs_batch3_node_1_local_train,c163776e-6e85-49ac-b394-3e678bbad594,5b0fa12a-3dd7-45bb-9766-cc326314d9f1,12.089605479966849,0.00016805898281882885,1.3901113902956714e-05,115.2297578448,160.35834843505168,6.0,0.0002893272805001077,0.00040800393750828334,1.0020481013149644e-05,0.0007073516990215408,0.0,United Kingdom,GBR,england,,,Linux-6.4.0-150600.23.73_15.0.14-cray_shasta_c_64k-aarch64-with-glibc2.38,3.11.7,3.3.0,72,Neoverse-V2,1,1 x NVIDIA GH200 120GB,-2.5917,51.4535,64,machine,3.066666666666667,2.4444444444444446,25.233333333333334,216.1528523763021,N,1.0,0.0
2026-09-27T01:16:19,mobilevit_xxs_batch3_node_1_evaluate,8b05cff6-367a-4546-97f7-02ce572439f3,5b0fa12a-3dd7-45bb-9766-cc326314d9f1,7.0827975589782,7.378662995244501e-05,1.041772397672338e-05,115.24449458304002,78.49645216497991,6.0,0.00012910751821735542,0.00017477069538074375,6.685953734753032e-06,0.00031056416733285215,0.0,United Kingdom,GBR,england,,,Linux-6.4.0-150600.23.73_15.0.14-cray_shasta_c_64k-aarch64-with-glibc2.38,3.11.7,3.3.0,72,Neoverse-V2,1,1 x NVIDIA GH200 120GB,-2.5917,51.4535,64,machine,5.55,4.0,25.25,216.24729919433594,N,1.0,0.0
2026-09-27T01:16:37,mobilevit_xxs_batch3_node_2_local_train,235bc8a4-ee2d-406c-a8a6-7c59c05e8721,5b0fa12a-3dd7-45bb-9766-cc326314d9f1,11.517175622982904,0.00016190326748383133,1.4057549592345195e-05,115.23451783680001,84.44939899115263,6.0,0.0002710834022975071,0.0003962764281197906,1.408277628516468e-05,0.0006814426067024623,0.0,United Kingdom,GBR,england,,,Linux-6.4.0-150600.23.73_15.0.14-cray_shasta_c_64k-aarch64-with-glibc2.38,3.11.7,3.3.0,72,Neoverse-V2,1,1 x NVIDIA GH200 120GB,-2.5917,51.4535,64,machine,0.0,13.625,25.2125,215.81568908691406,N,1.0,0.0
2026-09-27T01:16:53,mobilevit_xxs_batch3_node_2_evaluate,5ce7d744-5854-4b1b-b604-70278fd49870,5b0fa12a-3dd7-45bb-9766-cc326314d9f1,9.228674977086484,0.00011176510999439101,1.2110634546333924e-05,115.26975203328001,153.2143535497687,6.0,0.00019779100051730688,0.0002656977125496951,6.924942423744748e-06,0.0004704136554907467,0.0,United Kingdom,GBR,england,,,Linux-6.4.0-150600.23.73_15.0.14-cray_shasta_c_64k-aarch64-with-glibc2.38,3.11.7,3.3.0,72,Neoverse-V2,1,1 x NVIDIA GH200 120GB,-2.5917,51.4535,64,machine,0.0,2.6666666666666665,25.183333333333334,215.54632568359375,N,1.0,0.0
2026-09-27T01:17:29,mobilevit_xxs_batch3_node_3_local_train,ac8f0ac9-4c37-4813-90bf-720326fe8ce9,5b0fa12a-3dd7-45bb-9766-cc326314d9f1,11.90806060610339,0.00016606417533821126,1.3945526549730212e-05,115.22972544480001,159.09602055029973,6.0,0.00028348521562494383,0.00040318504477454553,1.2285395536649352e-05,0.0006989556559361388,0.0,United Kingdom,GBR,england,,,Linux-6.4.0-150600.23.73_15.0.14-cray_shasta_c_64k-aarch64-with-glibc2.38,3.11.7,3.3.0,72,Neoverse-V2,1,1 x NVIDIA GH200 120GB,-2.5917,51.4535,64,machine,7.000000000000001,7.375,25.199999999999996,215.92459869384766,N,1.0,0.0
2026-09-27T01:17:59,mobilevit_xxs_batch3_node_3_evaluate,823be548-1f74-45a8-816b-3735a9cf76f5,5b0fa12a-3dd7-45bb-9766-cc326314d9f1,9.136906845029444,0.0001099184625038557,1.2030161231604577e-05,115.25179469184,152.722260961428,6.0,0.00019491774288592917,0.00026093631986157106,6.787147509943074e-06,0.00046264121025744336,0.0,United Kingdom,GBR,england,,,Linux-6.4.0-150600.23.73_15.0.14-cray_shasta_c_64k-aarch64-with-glibc2.38,3.11.7,3.3.0,72,Neoverse-V2,1,1 x NVIDIA GH200 120GB,-2.5917,51.4535,64,machine,0.0,2.6666666666666665,25.2,215.66637166341147,N,1.0,0.0
2026-09-27T01:18:27,mobilevit_xxs_batch3_node_4_local_train,dd8e9942-b5b1-4d9b-840d-ae31eec6fe13,5b0fa12a-3dd7-45bb-9766-cc326314d9f1,24.78997534001246,0.00039359362340411687,1.587712847655939e-05,115.2201497904,154.61028593215602,6.0,0.0006957129878278117,0.0009263779633386093,3.4524563037169476e-05,0.0016566155142035905,0.0,United Kingdom,GBR,england,,,Linux-6.4.0-150600.23.73_15.0.14-cray_shasta_c_64k-aarch64-with-glibc2.38,3.11.7,3.3.0,72,Neoverse-V2,1,1 x NVIDIA GH200 120GB,-2.5917,51.4535,64,machine,1.4238095238095239,3.142857142857143,25.2047619047619,215.7790730794271,N,1.0,0.0
2026-09-27T01:18:57,mobilevit_xxs_batch3_node_4_evaluate,0eb37e52-0582-4a65-8119-38792d119cfb,5b0fa12a-3dd7-45bb-9766-cc326314d9f1,7.087954906979576,7.391132794115995e-05,1.0427736760624531e-05,115.24173659136002,78.69921348757882,6.0,0.0001291601294666364,0.00017524319574135916,6.685689608178412e-06,0.00031108901481617397,0.0,United Kingdom,GBR,england,,,Linux-6.4.0-150600.23.73_15.0.14-cray_shasta_c_64k-aarch64-with-glibc2.38,3.11.7,3.3.0,72,Neoverse-V2,1,1 x NVIDIA GH200 120GB,-2.5917,51.4535,64,machine,0.0,4.0,25.3,216.5360870361328,N,1.0,0.0
2026-09-27T01:19:08,mobilevit_xxs_batch3_node_5_local_train,1f83b51a-c407-42e9-bf0e-df987153cb4c,5b0fa12a-3dd7-45bb-9766-cc326314d9f1,9.3642073799856,0.00011875594646707791,1.2681900522717869e-05,115.23086570880002,157.706655684494,6.0,0.0002021631279234483,0.00028884745330515216,8.82714891495804e-06,0.0004998377301435585,0.0,United Kingdom,GBR,england,,,Linux-6.4.0-150600.23.73_15.0.14-cray_shasta_c_64k-aarch64-with-glibc2.38,3.11.7,3.3.0,72,Neoverse-V2,1,1 x NVIDIA GH200 120GB,-2.5917,51.4535,64,machine,15.983333333333334,10.0,25.233333333333334,215.93379720052084,N,1.0,0.0
2026-09-27T01:19:20,mobilevit_xxs_batch3_node_5_evaluate,163925c8-b623-40fa-a62c-291264a8eaa3,5b0fa12a-3dd7-45bb-9766-cc326314d9f1,7.058908443897963,7.345954171679131e-05,1.0406643222620778e-05,115.23950117280002,78.57848823963869,6.0,0.00012835899814175398,0.0001741693060068883,6.659165459762639e-06,0.0003091874696084049,0.0,United Kingdom,GBR,england,,,Linux-6.4.0-150600.23.73_15.0.14-cray_shasta_c_64k-aarch64-with-glibc2.38,3.11.7,3.3.0,72,Neoverse-V2,1,1 x NVIDIA GH200 120GB,-2.5917,51.4535,64,machine,0.0,4.0,25.2,215.6304931640625,N,1.0,0.0
2026-09-27T01:19:28,mobilevit_xxs_batch3_node_0_upload,9ae19c16-1f43-4f08-8b5e-dd082e473cfe,5b0fa12a-3dd7-45bb-9766-cc326314d9f1,3.0764802140183747,1.0186850413696843e-07,3.3112029673648345e-08,115.20349920000002,0.0,6.0,4.226832402462355e-07,0.0,6.076105249424776e-09,4.2875934549566027e-07,0.0,United Kingdom,GBR,england,,,Linux-6.4.0-150600.23.73_15.0.14-cray_shasta_c_64k-aarch64-with-glibc2.38,3.11.7,3.3.0,72,Neoverse-V2,1,1 x NVIDIA GH200 120GB,-2.5917,51.4535,64,machine,0,0,0,0,N,1.0,0.0
2026-09-27T01:19:42,mobilevit_xxs_batch3_node_1_upload,c61ea8db-ac46-44f0-a185-1dd251c466dd,5b0fa12a-3dd7-45bb-9766-cc326314d9f1,3.070991239976138,1.0623984252542671e-07,3.459464199782355e-08,115.20349920000002,0.0,6.0,4.405971929434632e-07,0.0,6.560893186057607e-09,4.471580861295208e-07,0.0,United Kingdom,GBR,england,,,Linux-6.4.0-150600.23.73_15.0.14-cray_shasta_c_64k-aarch64-with-glibc2.38,3.11.7,3.3.0,72,Neoverse-V2,1,1 x NVIDIA GH200 120GB,-2.5917,51.4535,64,machine,0,0,0,0,N,1.0,0.0
2026-09-27T01:19:52,mobilevit_xxs_batch3_node_2_upload,2b746a2a-7517-4057-8391-5babc4bec5ca,5b0fa12a-3dd7-45bb-9766-cc326314d9f1,4.084168415982276,1.8576622631547963e-05,4.5484467679769105e-06,115.20497819520003,161.72965315518442,6.0,3.27641605548742e-05,4.5418369666094804e-05,5.528281520431241e-09,7.818805850248944e-05,0.0,United Kingdom,GBR,england,,,Linux-6.4.0-150600.23.73_15.0.14-cray_shasta_c_64k-aarch64-with-glibc2.38,3.11.7,3.3.0,72,Neoverse-V2,1,1 x NVIDIA GH200 120GB,-2.5917,51.4535,64,machine,0.0,0.0,25.3,216.29058837890625,N,1.0,0.0
2026-09-27T01:19:59,mobilevit_xxs_batch3_node_3_upload,1b14b3d3-411d-454a-a4be-64dd847865b5,5b0fa12a-3dd7-45bb-9766-cc326314d9f1,4.0699961830396205,1.7518319334790304e-05,4.304259401468772e-06,115.20387296640001,146.93003665552885,6.0,3.246093669256999e-05,4.126725525566144e-05,5.52188022993505e-09,7.373371382846135e-05,0.0,United Kingdom,GBR,england,,,Linux-6.4.0-150600.23.73_15.0.14-cray_shasta_c_64k-aarch64-with-glibc2.38,3.11.7,3.3.0,72,Neoverse-V2,1,1 x NVIDIA GH200 120GB,-2.5917,51.4535,64,machine,0.0,0.0,25.3,216.29241943359375,N,1.0,0.0
2026-09-27T01:20:14,mobilevit_xxs_batch3_node_5_upload,19a6c79a-c10f-47c9-8331-be4c8112ab24,5b0fa12a-3dd7-45bb-9766-cc326314d9f1,3.075676108011976,1.1079685244426692e-07,3.602357613522662e-08,115.20284497920001,0.0,6.0,4.608462937347714e-07,0.0,5.4920150432735686e-09,4.6633830877804495e-07,0.0,United Kingdom,GBR,england,,,Linux-6.4.0-150600.23.73_15.0.14-cray_shasta_c_64k-aarch64-with-glibc2.38,3.11.7,3.3.0,72,Neoverse-V2,1,1 x NVIDIA GH200 120GB,-2.5917,51.4535,64,machine,0,0,0,0,N,1.0,0.0
2026-09-27T01:20:47,mobilevit_xxs_batch3_node_0_exchange,1792473a-5188-485f-956a-89f1493df844,5b0fa12a-3dd7-45bb-9766-cc326314d9f1,4.104402091121301,1.7549764206171174e-05,4.27583940767769e-06,115.20284497920001,147.27227879026006,6.0,3.247614809210566e-05,4.138447755508423e-05,5.43804334787031e-09,7.386606369053776e-05,0.0,United Kingdom,GBR,england,,,Linux-6.4.0-150600.23.73_15.0.14-cray_shasta_c_64k-aarch64-with-glibc2.38,3.11.7,3.3.0,72,Neoverse-V2,1,1 x NVIDIA GH200 120GB,-2.5917,51.4535,64,machine,4.3,0.0,25.3,216.55682373046875,N,1.0,0.0
2026-09-27T01:20:54,mobilevit_xxs_batch3_node_3_exchange,b3b00e4b-74b6-48d1-a98c-99bd688bd313,5b0fa12a-3dd7-45bb-9766-cc326314d9f1,6.127903193933889,5.252504500109475e-05,8.571454760102957e-06,115.20387296640001,147.70373790168912,6.0,9.692005640162001e-05,0.00012412926596994112,2.5916806577394406e-08,0.00022107523917813852,0.0,United Kingdom,GBR,england,,,Linux-6.4.0-150600.23.73_15.0.14-cray_shasta_c_64k-aarch64-with-glibc2.38,3.11.7,3.3.0,72,Neoverse-V2,1,1 x NVIDIA GH200 120GB,-2.5917,51.4535,64,machine,0.0,0.0,25.2,215.87786865234375,N,1.0,0.0
2026-09-27T01:22:31,mobilevit_xxs_batch3_node_4_exchange,a4fdd6de-ad77-4ae9-86da-54a6203f2baf,5b0fa12a-3dd7-45bb-9766-cc326314d9f1,4.11656032782048,1.8580413371075568e-05,4.513577329477156e-06,115.20284497920001,161.51325577206157,6.0,3.263900984025638e-05,4.5552536448667524e-05,1.2467243165398636e-08,7.820401353208931e-05,0.0,United Kingdom,GBR,england,,,Linux-6.4.0-150600.23.73_15.0.14-cray_shasta_c_64k-aarch64-with-glibc2.38,3.11.7,3.3.0,72,Neoverse-V2,1,1 x NVIDIA GH200 120GB,-2.5917,51.4535,64,machine,14.3,0.0,25.2,215.45855712890625,N,1.0,0.0
2026-09-27T01:22:35,mobilevit_xxs_batch3_node_5_exchange,96bf4dd6-ce34-4497-8dfb-1948b93aa795,5b0fa12a-3dd7-45bb-9766-cc326314d9f1,3.1200579809956253,1.978843457077624e-07,6.342329114172954e-08,115.2042467328,0.0,6.0,8.070319510055313e-07,0.0,2.585318133545419e-08,8.328851323409855e-07,0.0,United Kingdom,GBR,england,,,Linux-6.4.0-150600.23.73_15.0.14-cray_shasta_c_64k-aarch64-with-glibc2.38,3.11.7,3.3.0,72,Neoverse-V2,1,1 x NVIDIA GH200 120GB,-2.5917,51.4535,64,machine,0,0,0,0,N,1.0,0.0
2026-09-27T01:22:43,mobilevit_xxs_batch3_node_0_evaluate,1bec0f5e-e86b-4406-b165-1a6aabafa900,5b0fa12a-3dd7-45bb-9766-cc326314d9f1,7.083253830904141,7.373062838777451e-05,1.0409146720972892e-05,115.23464404992,78.35347302298435,6.0,0.00012898023851257704,0.00017465569527530533,6.6925258115710065e-06,0.00031032845959945334,0.0,United Kingdom,GBR,england,,,Linux-6.4.0-150600.23.73_15.0.14-cray_shasta_c_64k-aarch64-with-glibc2.38,3.11.7,3.3.0,72,Neoverse-V2,1,1 x NVIDIA GH200 120GB,-2.5917,51.4535,64,machine,0.0,3.0,25.2,215.85423278808594,N,1.0,0.0
2026-09-27T01:23:05,mobilevit_xxs_batch3_node_3_evaluate,511af471-b805-449e-8727-30f1fcc1aa44,5b0fa12a-3dd7-45bb-9766-cc326314d9f1,8.594390645856038,0.00010017761952283071,1.1656163147661133e-05,115.25095861632002,149.94251183748023,6.0,0.00017761083583426105,0.000237246300898164,6.785361543297769e-06,0.00042164249827572283,0.0,United Kingdom,GBR,england,,,Linux-6.4.0-150600.23.73_15.0.14-cray_shasta_c_64k-aarch64-with-glibc2.38,3.11.7,3.3.0,72,Neoverse-V2,1,1 x NVIDIA GH200 120GB,-2.5917,51.4535,64,machine,0.0,2.4,25.2,216.0906982421875,N,1.0,0.0
2026-09-27T01:23:19,mobilevit_xxs_batch3_node_4_evaluate,d38f21dc-ee02-4652-9e83-423a2ecf247d,5b0fa12a-3dd7-45bb-9766-cc326314d9f1,8.070726857054979,9.122024796834e-05,1.1302606268802215e-05,115.25294305152002,152.21155667257693,6.0,0.0001607277522712621,0.0002165404510208191,6.673174332051227e-06,0.00038394137762413243,0.0,United Kingdom,GBR,england,,,Linux-6.4.0-150600.23.73_15.0.14-cray_shasta_c_64k-aarch64-with-glibc2.38,3.11.7,3.3.0,72,Neoverse-V2,1,1 x NVIDIA GH200 120GB,-2.5917,51.4535,64,machine,17.360000000000003,2.4,25.2,215.915576171875,N,1.0,0.0
2026-09-27T01:23:29,mobilevit_xxs_batch3_node_5_evaluate,f3598be1-b359-49b1-a564-8c894996126a,5b0fa12a-3dd7-45bb-9766-cc326314d9f1,7.048864334123209,7.349817846908274e-05,1.0426953192059839e-05,115.23699406080001,79.16998206633282,6.0,0.00012798544276860433,0.00017473708422244272,6.627562739886343e-06,0.0003093500897309334,0.0,United Kingdom,GBR,england,,,Linux-6.4.0-150600.23.73_15.0.14-cray_shasta_c_64k-aarch64-with-glibc2.38,3.11.7,3.3.0,72,Neoverse-V2,1,1 x NVIDIA GH200 120GB,-2.5917,51.4535,64,machine,0.0,2.6666666666666665,25.2,215.9502970377604,N,1.0,0.0
2026-09-27T01:24:04,mobilenet_v3_small_batch4_node_0_local_train,6b651422-dd1e-4f6c-81ca-b781f3582a43,5b0fa12a-3dd7-45bb-9766-cc326314d9f1,9.053641421953216,0.00012005156423426328,1.326003081402837e-05,128.3546306016,79.43596631322215,6.0,0.0002345863345670393,0.00026076354193094176,9.94104283861816e-06,0.0005052909193365993,0.0,United Kingdom,GBR,england,,,Linux-6.4.0-150600.23.73_15.0.14-cray_shasta_c_64k-aarch64-with-glibc2.38,3.11.7,3.3.0,72,Neoverse-V2,1,1 x NVIDIA GH200 120GB,-2.5917,51.4535,64,machine,17.72,6.0,25.02,214.40621337890624,N,1.0,0.0
2026-09-27T01:24:20,mobilenet_v3_small_batch4_node_0_evaluate,83bda341-94bf-42f8-8ac8-3aada55c0780,5b0fa12a-3dd7-45bb-9766-cc326314d9f1,10.815942565910518,0.00013847288515664714,1.2802664614093213e-05,115.28176956480002,148.52487642676385,6.0,0.00024889891487016265,0.0003226724803369052,1.1253925648052244e-05,0.0005828253208551202,0.0,United Kingdom,GBR,england,,,Linux-6.4.0-150600.23.73_15.0.14-cray_shasta_c_64k-aarch64-with-glibc2.38,3.11.7,3.3.0,72,Neoverse-V2,1,1 x NVIDIA GH200 120GB,-2.5917,51.4535,64,machine,0.0,0.42857142857142855,25.04285714285714,214.46796526227678,N,1.0,0.0
2026-09-27T01:25:01,mobilenet_v3_small_batch4_node_1_local_train,4ae7ceab-61c5-49de-90cc-a1cefa30e052,5b0fa12a-3dd7-45bb-9766-cc326314d9f1,9.192039733985439,0.00011237793094061874,1.2225570623365275e-05,115.31371268160001,158.7056421118038,6.0,0.00019695717658055307,0.00026748660286557424,8.549208194793513e-06,0.00047299298764092086,0.0,United Kingdom,GBR,england,,,Linux-6.4.0-150600.23.73_15.0.14-cray_shasta_c_64k-aarch64-with-glibc2.38,3.11.7,3.3.0,72,Neoverse-V2,1,1 x NVIDIA GH200 120GB,-2.5917,51.4535,64,machine,0.0,5.166666666666667,24.86666666666667,212.95670572916666,N,1.0,0.0
2026-09-27T01:25:10,mobilenet_v3_small_batch4_node_1_evaluate,9bd20b28-5b0a-4c5e-be5b-223473f05e7e,5b0fa12a-3dd7-45bb-9766-cc326314d9f1,7.905446961056441,8.760025208599584e-05,1.1080999280310068e-05,115.37884540800002,156.71761277060904,6.0,0.00015573709427784625,0.00020658377638937964,6.384128663533677e-06,0.0003687049993307596,0.0,United Kingdom,GBR,england,,,Linux-6.4.0-150600.23.73_15.0.14-cray_shasta_c_64k-aarch64-with-glibc2.38,3.11.7,3.3.0,72,Neoverse-V2,1,1 x NVIDIA GH200 120GB,-2.5917,51.4535,64,machine,0.0,0.75,24.9,213.37789916992188,N,1.0,0.0
2026-09-27T01:25:29,mobilenet_v3_small_batch4_node_2_local_train,3cb43139-3334-47b9-bd52-ba36f1eee427,5b0fa12a-3dd7-45bb-9766-cc326314d9f1,10.425910046091303,0.00013583333193299156,1.3028438892383863e-05,115.3084134456,79.12144657450894,6.0,0.000236510942705369,0.00032295192502829195,1.2252708042118079e-05,0.000571715575775779,0.0,United Kingdom,GBR,england,,,Linux-6.4.0-150600.23.73_15.0.14-cray_shasta_c_64k-aarch64-with-glibc2.38,3.11.7,3.3.0,72,Neoverse-V2,1,1 x NVIDIA GH200 120GB,-2.5917,51.4535,64,machine,0.0,4.857142857142857,25.0,214.07494245256697,N,1.0,0.0
2026-09-27T01:26:19,mobilenet_v3_small_batch4_node_2_evaluate,2653edb5-4257-40f4-8b46-bc27c5be6cb4,5b0fa12a-3dd7-45bb-9766-cc326314d9f1,13.203142140060663,0.00017986171276851664,1.3622644584184583e-05,115.38501349412573,151.03543137126667,6.0,0.00032534844031134255,0.0004251370067862581,6.543341139719511e-06,0.0007570287882373201,0.0,United Kingdom,GBR,england,,,Linux-6.4.0-150600.23.73_15.0.14-cray_shasta_c_64k-aarch64-with-glibc2.38,3.11.7,3.3.0,72,Neoverse-V2,1,1 x NVIDIA GH200 120GB,-2.5917,51.4535,64,machine,0.0,0.3,24.860000000000003,212.84839477539063,N,1.0,0.0
2026-09-27T01:26:29,mobilenet_v3_small_batch4_node_3_local_train,3afccf9a-4cae-4a8e-a7fb-7d4e089fe62c,5b0fa12a-3dd7-45bb-9766-cc326314d9f1,9.65599337592721,0.00012122516602086896,1.25543961456196e-05,115.29995188937143,78.49040562939028,6.0,0.0002118875137377964,0.00028735467432738915,1.0988361416772629e-05,0.0005102305494819582,0.0,United Kingdom,GBR,england,,,Linux-6.4.0-150600.23.73_15.0.14-cray_shasta_c_64k-aarch64-with-glibc2.38,3.11.7,3.3.0,72,Neoverse-V2,1,1 x NVIDIA GH200 120GB,-2.5917,51.4535,64,machine,0.0,6.0,24.900000000000002,213.40084838867188,N,1.0,0.0
2026-09-27T01:26:44,mobilenet_v3_small_batch4_node_3_evaluate,df3fc58a-0fe2-4385-ac50-40888a8b7ca4,5b0fa12a-3dd7-45bb-9766-cc326314d9f1,7.98955423804,8.943534099115724e-05,1.119403390058186e-05,115.40492676000002,157.35151952044703,6.0,0.00015842176811213185,0.00021147072472160744,6.536302233192449e-06,0.0003764287950669317,0.0,United Kingdom,GBR,england,,,Linux-6.4.0-150600.23.73_15.0.14-cray_shasta_c_64k-aarch64-with-glibc2.38,3.11.7,3.3.0,72,Neoverse-V2,1,1 x NVIDIA GH200 120GB,-2.5917,51.4535,64,machine,0.0,0.5,24.950000000000003,213.68077087402344,N,1.0,0.0
2026-09-27T01:27:00,mobilenet_v3_small_batch4_node_4_local_train,99043f5b-afc5-4d21-beb0-8ed1b2302c44,5b0fa12a-3dd7-45bb-9766-cc326314d9f1,9.218442626995966,0.00011230505570948981,1.2182649527004423e-05,115.31050395840002,156.6276948537908,6.0,0.00019777151824660396,0.000267003824703238,7.910916554974392e-06,0.00047268625950481634,0.0,United Kingdom,GBR,england,,,Linux-6.4.0-150600.23.73_15.0.14-cray_shasta_c_64k-aarch64-with-glibc2.38,3.11.7,3.3.0,72,Neoverse-V2,1,1 x NVIDIA GH200 120GB,-2.5917,51.4535,64,machine,6.7,3.5,24.916666666666668,213.3402099609375,N,1.0,0.0
2026-09-27T01:29:17,mobilenet_v3_small_batch4_node_4_evaluate,5d45a026-0db9-46c6-89e1-1decfec4491c,5b0fa12a-3dd7-45bb-9766-cc326314d9f1,127.94706132798456,0.0022307370717625364,1.74348441348268e-05,115.26058805284693,149.30690139741918,6.0,0.003997111593242326,0.0051688771906555075,0.00022306993415113538,0.00938905871804897,0.0,United Kingdom,GBR,england,,,Linux-6.4.0-150600.23.73_15.0.14-cray_shasta_c_64k-aarch64-with-glibc2.38,3.11.7,3.3.0,72,Neoverse-V2,1,1 x NVIDIA GH200 120GB,-2.5917,51.4535,64,machine,1.353225806451613,0.024193548387096774,24.872580645161356,212.94917395807082,N,1.0,0.0
2026-09-27T01:30:05,mobilenet_v3_small_batch4_node_5_local_train,87a4dd84-ba01-4688-bc61-85c4380d01d0,5b0fa12a-3dd7-45bb-9766-cc326314d9f1,7.838388364994898,8.810432688113237e-05,1.1240107376484875e-05,115.27920260352002,79.17642790233137,6.0,0.00015325168846840956,0.00020962683434788687,7.948101653407018e-06,0.0003708266244697035,0.0,United Kingdom,GBR,england,,,Linux-6.4.0-150600.23.73_15.0.14-cray_shasta_c_64k-aarch64-with-glibc2.38,3.11.7,3.3.0,72,Neoverse-V2,1,1 x NVIDIA GH200 120GB,-2.5917,51.4535,64,machine,11.675,5.75,24.85,212.82305908203125,N,1.0,0.0
2026-09-27T01:30:18,mobilenet_v3_small_batch4_node_5_evaluate,b38674b5-5258-41cd-b6b0-7e87321e4763,5b0fa12a-3dd7-45bb-9766-cc326314d9f1,6.913310433970764,7.022852234382425e-05,1.0158450573654831e-05,115.3237276944,77.43873188747179,6.0,0.00012379945057537593,0.0001653767989608923,6.412024095188826e-06,0.00029558827363145707,0.0,United Kingdom,GBR,england,,,Linux-6.4.0-150600.23.73_15.0.14-cray_shasta_c_64k-aarch64-with-glibc2.38,3.11.7,3.3.0,72,Neoverse-V2,1,1 x NVIDIA GH200 120GB,-2.5917,51.4535,64,machine,0.0,1.0,24.899999999999995,213.33251953125,N,1.0,0.0
2026-09-27T01:30:22,mobilenet_v3_small_batch4_node_3_upload,3fc27a68-666d-48e8-89e9-a7f75f226b7f,5b0fa12a-3dd7-45bb-9766-cc326314d9f1,3.0681985130067915,1.1587722225258946e-07,3.7767185454708865e-08,115.20284497920001,0.0,6.0,4.800073430890828e-07,0.0,7.713983456293742e-09,4.877213265453765e-07,0.0,United Kingdom,GBR,england,,,Linux-6.4.0-150600.23.73_15.0.14-cray_shasta_c_64k-aarch64-with-glibc2.38,3.11.7,3.3.0,72,Neoverse-V2,1,1 x NVIDIA GH200 120GB,-2.5917,51.4535,64,machine,0,0,0,0,N,1.0,0.0
2026-09-27T01:30:33,mobilenet_v3_small_batch4_node_4_upload,e9c77b2c-e3e0-459b-b285-d3971964e510,5b0fa12a-3dd7-45bb-9766-cc326314d9f1,6.075976739171892,5.248831576166974e-05,8.63866305202865e-06,115.20620550720001,148.47312769253307,6.0,9.658737420511866e-05,0.000124327877244923,5.396230068678657e-09,0.00022092064768011036,0.0,United Kingdom,GBR,england,,,Linux-6.4.0-150600.23.73_15.0.14-cray_shasta_c_64k-aarch64-with-glibc2.38,3.11.7,3.3.0,72,Neoverse-V2,1,1 x NVIDIA GH200 120GB,-2.5917,51.4535,64,machine,2.066666666666667,0.0,24.899999999999995,213.5537312825521,N,1.0,0.0
2026-09-27T01:31:03,mobilenet_v3_small_batch4_node_5_upload,e8903fd6-d59e-4f61-a6a4-acf91111f898,5b0fa12a-3dd7-45bb-9766-cc326314d9f1,27.38858113018796,0.00042963673216362693,1.568671009722651e-05,115.20310909680002,148.76219091141814,6.0,0.0007786707435963835,0.0010046291370287008,2.5019242581911385e-05,0.001808319123206996,0.0,United Kingdom,GBR,england,,,Linux-6.4.0-150600.23.73_15.0.14-cray_shasta_c_64k-aarch64-with-glibc2.38,3.11.7,3.3.0,72,Neoverse-V2,1,1 x NVIDIA GH200 120GB,-2.5917,51.4535,64,machine,1.0333333333333334,0.0,24.933333333333326,213.61749267578125,N,1.0,0.0
2026-09-27T01:31:13,mobilenet_v3_small_batch4_node_0_exchange,a3ad621c-8366-436c-81a1-81faf40a819d,5b0fa12a-3dd7-45bb-9766-cc326314d9f1,9.00428209383972,0.00010413272012696632,1.1564799840978853e-05,115.78471554240002,200.56137339839347,6.0,0.00019070770668513158,0.00024747797576196717,1.0363282829833526e-07,0.00043828931527539706,0.0,United Kingdom,GBR,england,,,Linux-6.4.0-150600.23.73_15.0.14-cray_shasta_c_64k-aarch64-with-glibc2.38,3.11.7,3.3.0,72,Neoverse-V2,1,1 x NVIDIA GH200 120GB,-2.5917,51.4535,64,machine,0.0,0.0,24.88,212.98555908203124,N,1.0,0.0
2026-09-27T01:31:29,mobilenet_v3_small_batch4_node_1_exchange,1735743c-1f84-49a9-91c5-450a0bd324ea,5b0fa12a-3dd7-45bb-9766-cc326314d9f1,3.126017891103402,1.617925907269327e-06,5.17567705506075e-07,115.2321734592,129.34878710355133,6.0,2.528112051304355e-06,4.174725560801562e-06,1.0693012659127513e-07,6.809767738697191e-06,0.0,United Kingdom,GBR,england,,,Linux-6.4.0-150600.23.73_15.0.14-cray_shasta_c_64k-aarch64-with-glibc2.38,3.11.7,3.3.0,72,Neoverse-V2,1,1 x NVIDIA GH200 120GB,-2.5917,51.4535,64,machine,0,0,0,0,N,1.0,0.0
2026-09-27T01:32:21,mobilenet_v3_small_batch4_node_2_exchange,b0c6600e-4c2d-4033-adad-80b8eb295210,5b0fa12a-3dd7-45bb-9766-cc326314d9f1,7.820867174072191,8.342004216342364e-05,1.0666341763222692e-05,115.48719494784001,200.64789699045485,6.0,0.00015274109966774782,0.00019826154749580382,1.0806151161280771e-07,0.0003511107086751644,0.0,United Kingdom,GBR,england,,,Linux-6.4.0-150600.23.73_15.0.14-cray_shasta_c_64k-aarch64-with-glibc2.38,3.11.7,3.3.0,72,Neoverse-V2,1,1 x NVIDIA GH200 120GB,-2.5917,51.4535,64,machine,0.0,0.0,24.875,212.96072387695312,N,1.0,0.0
2026-09-27T01:32:35,mobilenet_v3_small_batch4_node_3_exchange,4933caaa-4eee-4b7c-a4e6-034c471331d5,5b0fa12a-3dd7-45bb-9766-cc326314d9f1,8.192471825983375,8.911903517030005e-05,1.0878161934917944e-05,115.3080622944,74.90916126450168,6.0,0.00016436021490365412,0.00021062766850832304,1.0959656521057089e-07,0.00037509747997718773,0.0,United Kingdom,GBR,england,,,Linux-6.4.0-150600.23.73_15.0.14-cray_shasta_c_64k-aarch64-with-glibc2.38,3.11.7,3.3.0,72,Neoverse-V2,1,1 x NVIDIA GH200 120GB,-2.5917,51.4535,64,machine,0.0,0.0,24.96,213.73865966796876,N,1.0,0.0
2026-09-27T01:32:48,mobilenet_v3_small_batch4_node_4_exchange,f19ad30d-5811-4feb-be2c-90a187c33a62,5b0fa12a-3dd7-45bb-9766-cc326314d9f1,7.544650685042143,7.74040139009949e-05,1.025945628661833e-05,115.31347102080002,73.939293846351,6.0,0.00014387524617619666,0.00018180431212044823,1.0999383327240747e-07,0.00032578955212991725,0.0,United Kingdom,GBR,england,,,Linux-6.4.0-150600.23.73_15.0.14-cray_shasta_c_64k-aarch64-with-glibc2.38,3.11.7,3.3.0,72,Neoverse-V2,1,1 x NVIDIA GH200 120GB,-2.5917,51.4535,64,machine,0.0,0.0,24.85,212.90269470214844,N,1.0,0.0
2026-09-27T01:32:57,mobilenet_v3_small_batch4_node_5_exchange,f50e0494-5ff6-4634-bde9-ddfce48775cc,5b0fa12a-3dd7-45bb-9766-cc326314d9f1,4.128302632132545,1.9051328717480825e-05,4.614809139522685e-06,115.3028956608,202.79259594608186,6.0,3.453852160478875e-05,4.554559200187214e-05,1.0195863355572026e-07,8.018607224021661e-05,0.0,United Kingdom,GBR,england,,,Linux-6.4.0-150600.23.73_15.0.14-cray_shasta_c_64k-aarch64-with-glibc2.38,3.11.7,3.3.0,72,Neoverse-V2,1,1 x NVIDIA GH200 120GB,-2.5917,51.4535,64,machine,11.1,0.0,24.8,212.80267333984375,N,1.0,0.0
2026-09-27T01:33:11,mobilenet_v3_small_batch4_node_0_evaluate,3ecbd2c9-4bee-4a43-bd1e-c2f12adf4208,5b0fa12a-3dd7-45bb-9766-cc326314d9f1,7.906454219017178,8.664534515563412e-05,1.0958811972531054e-05,115.39042063200003,149.43913068786932,6.0,0.0001557014305325589,0.00020260349542411404,6.380918739984432e-06,0.00036468584469665736,0.0,United Kingdom,GBR,england,,,Linux-6.4.0-150600.23.73_15.0.14-cray_shasta_c_64k-aarch64-with-glibc2.38,3.11.7,3.3.0,72,Neoverse-V2,1,1 x NVIDIA GH200 120GB,-2.5917,51.4535,64,machine,23.7,0.75,24.9,213.32131958007812,N,1.0,0.0
2026-09-27T01:33:24,mobilenet_v3_small_batch4_node_1_evaluate,808179fd-1ceb-4a0d-b6d8-b20c32b36c16,5b0fa12a-3dd7-45bb-9766-cc326314d9f1,7.892950352979824,8.644942993437579e-05,1.0952739605379446e-05,115.40478756960002,150.0286037496029,6.0,0.00015500910087776735,0.00020248210643103448,6.3700402000298115e-06,0.0003638612475088316,0.0,United Kingdom,GBR,england,,,Linux-6.4.0-150600.23.73_15.0.14-cray_shasta_c_64k-aarch64-with-glibc2.38,3.11.7,3.3.0,72,Neoverse-V2,1,1 x NVIDIA GH200 120GB,-2.5917,51.4535,64,machine,0.0,0.75,24.950000000000003,213.6361083984375,N,1.0,0.0
2026-09-27T01:33:34,mobilenet_v3_small_batch4_node_2_evaluate,bf824891-8ae7-4ebf-82a1-063cc8ab3c7f,5b0fa12a-3dd7-45bb-9766-cc326314d9f1,8.000248565804213,8.833564581746288e-05,1.1041612656266646e-05,115.37642292480001,149.2330269341792,6.0,0.0001587066989823236,0.0002065484985820376,6.545036526707311e-06,0.0003718002340910685,0.0,United Kingdom,GBR,england,,,Linux-6.4.0-150600.23.73_15.0.14-cray_shasta_c_64k-aarch64-with-glibc2.38,3.11.7,3.3.0,72,Neoverse-V2,1,1 x NVIDIA GH200 120GB,-2.5917,51.4535,64,machine,9.775,0.75,25.0,213.80885314941406,N,1.0,0.0
2026-09-27T01:33:45,mobilenet_v3_small_batch4_node_3_evaluate,0b3a86fb-96b8-4762-acda-0dfe0b7940a5,5b0fa12a-3dd7-45bb-9766-cc326314d9f1,9.966359799029306,0.00012289233430685324,1.2330714201068939e-05,115.4262112272,150.4598981688722,6.0,0.00022164415339127953,0.0002891121757215842,6.491246771765874e-06,0.0005172475758846296,0.0,United Kingdom,GBR,england,,,Linux-6.4.0-150600.23.73_15.0.14-cray_shasta_c_64k-aarch64-with-glibc2.38,3.11.7,3.3.0,72,Neoverse-V2,1,1 x NVIDIA GH200 120GB,-2.5917,51.4535,64,machine,0.0,0.3333333333333333,25.0,214.04718017578125,N,1.0,0.0
2026-09-27T01:33:58,mobilenet_v3_small_batch4_node_4_evaluate,9ad986ba-e00e-4ce2-a171-65818a73d18b,5b0fa12a-3dd7-45bb-9766-cc326314d9f1,6.849608903983608,6.871292661172561e-05,1.0031656927414267e-05,115.31197284480001,76.5560380694318,6.0,0.00012191075210928635,0.00016098457324176252,6.313883037073538e-06,0.0002892092083881224,0.0,United Kingdom,GBR,england,,,Linux-6.4.0-150600.23.73_15.0.14-cray_shasta_c_64k-aarch64-with-glibc2.38,3.11.7,3.3.0,72,Neoverse-V2,1,1 x NVIDIA GH200 120GB,-2.5917,51.4535,64,machine,0.0,0.6666666666666666,24.866666666666664,213.14044189453125,N,1.0,0.0
2026-09-27T01:34:35,mobilenet_v3_small_batch4_node_5_evaluate,f52b61d2-3096-47a8-9490-69d9f1f34326,5b0fa12a-3dd7-45bb-9766-cc326314d9f1,7.859496705932543,8.619968006396283e-05,1.0967582695072215e-05,115.37303686560001,149.97054005486012,6.0,0.00015424118304064541,0.0002022509951302709,6.317884853730598e-06,0.0003628100630246469,0.0,United Kingdom,GBR,england,,,Linux-6.4.0-150600.23.73_15.0.14-cray_shasta_c_64k-aarch64-with-glibc2.38,3.11.7,3.3.0,72,Neoverse-V2,1,1 x NVIDIA GH200 120GB,-2.5917,51.4535,64,machine,0.0,0.75,24.9,213.42373657226562,N,1.0,0.0
2026-09-27T01:34:58,efficientnet_lite0_batch4_node_0_local_train,7b3fdcb7-231e-492c-a3a8-06dd865310e4,5b0fa12a-3dd7-45bb-9766-cc326314d9f1,11.48110118182376,0.00015725150188835682,1.3696552220731982e-05,115.4820987648,165.70692208308202,6.0,0.0002703844684995517,0.0003849022523780832,6.576841359492391e-06,0.0006618635622371272,0.0,United Kingdom,GBR,england,,,Linux-6.4.0-150600.23.73_15.0.14-cray_shasta_c_64k-aarch64-with-glibc2.38,3.11.7,3.3.0,72,Neoverse-V2,1,1 x NVIDIA GH200 120GB,-2.5917,51.4535,64,machine,4.237500000000001,6.125,25.2875,216.47171020507812,N,1.0,0.0
2026-09-27T01:35:12,efficientnet_lite0_batch4_node_0_evaluate,ca8fe47c-7f74-441f-b261-490f58be1dcf,5b0fa12a-3dd7-45bb-9766-cc326314d9f1,6.911110093118623,7.217459583324799e-05,1.0443271031829182e-05,115.3990862064,824.9155346805026,6.0,0.00012394266627959084,0.00017343374985046012,6.402781700016931e-06,0.00030377919783006787,0.0,United Kingdom,GBR,england,,,Linux-6.4.0-150600.23.73_15.0.14-cray_shasta_c_64k-aarch64-with-glibc2.38,3.11.7,3.3.0,72,Neoverse-V2,1,1 x NVIDIA GH200 120GB,-2.5917,51.4535,64,machine,0.0,4.0,25.166666666666668,215.4898681640625,N,1.0,0.0
2026-09-27T01:36:11,efficientnet_lite0_batch4_node_1_local_train,da2eb09e-3ae2-40a7-a118-d427952607e2,5b0fa12a-3dd7-45bb-9766-cc326314d9f1,52.82952996902168,0.0008919050219149532,1.688269841579039e-05,115.25436495741177,155.76173851472126,6.0,0.0015931134006970885,0.002085860002011941,7.50094075850211e-05,0.0037539828102940505,0.0,United Kingdom,GBR,england,,,Linux-6.4.0-150600.23.73_15.0.14-cray_shasta_c_64k-aarch64-with-glibc2.38,3.11.7,3.3.0,72,Neoverse-V2,1,1 x NVIDIA GH200 120GB,-2.5917,51.4535,64,machine,1.1571428571428573,0.3673469387755102,25.236734693877548,216.20133629623726,N,1.0,0.0
2026-09-27T01:36:33,efficientnet_lite0_batch4_node_1_evaluate,052a569d-12ec-4334-9f55-dca732fe8859,5b0fa12a-3dd7-45bb-9766-cc326314d9f1,13.37297306000255,0.00018431503420065695,1.3782652023126247e-05,115.48863658861715,154.8005489725135,6.0,0.00033079644467606784,0.00043862812867700995,6.348017973359675e-06,0.0007757725913264375,0.0,United Kingdom,GBR,england,,,Linux-6.4.0-150600.23.73_15.0.14-cray_shasta_c_64k-aarch64-with-glibc2.38,3.11.7,3.3.0,72,Neoverse-V2,1,1 x NVIDIA GH200 120GB,-2.5917,51.4535,64,machine,7.720000000000001,1.6,25.149999999999995,215.48197021484376,N,1.0,0.0
2026-09-27T01:36:52,efficientnet_lite0_batch4_node_2_local_train,86ffec1c-bf5a-4faf-964a-ae70be24f399,5b0fa12a-3dd7-45bb-9766-cc326314d9f1,12.949887688970193,0.00018518929783630623,1.4300455902334775e-05,115.31615482944001,164.92663825650862,6.0,0.0003171283063294817,0.00045388286311265347,8.441152998323862e-06,0.0007794523224404591,0.0,United Kingdom,GBR,england,,,Linux-6.4.0-150600.23.73_15.0.14-cray_shasta_c_64k-aarch64-with-glibc2.38,3.11.7,3.3.0,72,Neoverse-V2,1,1 x NVIDIA GH200 120GB,-2.5917,51.4535,64,machine,0.0,6.888888888888889,25.21111111111111,216.0988972981771,N,1.0,0.0
2026-09-27T01:37:12,efficientnet_lite0_batch4_node_2_evaluate,37ca1084-f722-4fa0-9058-cc4a9ef4606e,5b0fa12a-3dd7-45bb-9766-cc326314d9f1,6.977534965844825,7.280830981704608e-05,1.0434675021113364e-05,115.44756723360001,80.03032033446095,6.0,0.00012615153536299256,0.00017377541678342823,6.519515564820419e-06,0.0003064464677112412,0.0,United Kingdom,GBR,england,,,Linux-6.4.0-150600.23.73_15.0.14-cray_shasta_c_64k-aarch64-with-glibc2.38,3.11.7,3.3.0,72,Neoverse-V2,1,1 x NVIDIA GH200 120GB,-2.5917,51.4535,64,machine,0.0,4.0,25.233333333333334,216.25152587890625,N,1.0,0.0
2026-09-27T01:37:25,efficientnet_lite0_batch4_node_3_local_train,f6de040a-8e0f-4c7e-9ad5-35f422771546,5b0fa12a-3dd7-45bb-9766-cc326314d9f1,7.609026723075658,9.019881878981264e-05,1.185418609666194e-05,115.30738946304001,89.47302761753994,6.0,0.00014619540423455697,0.00022586823624237695,7.578593758710971e-06,0.0003796422342356449,0.0,United Kingdom,GBR,england,,,Linux-6.4.0-150600.23.73_15.0.14-cray_shasta_c_64k-aarch64-with-glibc2.38,3.11.7,3.3.0,72,Neoverse-V2,1,1 x NVIDIA GH200 120GB,-2.5917,51.4535,64,machine,0.0,16.5,25.2,215.54701232910156,N,1.0,0.0
2026-09-27T01:37:42,efficientnet_lite0_batch4_node_3_evaluate,7006bd11-c33a-4a5b-a89f-7d0efc316c9c,5b0fa12a-3dd7-45bb-9766-cc326314d9f1,11.836208157008514,0.0001582073432266915,1.3366387370689572e-05,115.46067982464001,155.67473958832508,6.0,0.0002816511749196542,0.00037774724664529913,6.488228181842715e-06,0.0006658866497467959,0.0,United Kingdom,GBR,england,,,Linux-6.4.0-150600.23.73_15.0.14-cray_shasta_c_64k-aarch64-with-glibc2.38,3.11.7,3.3.0,72,Neoverse-V2,1,1 x NVIDIA GH200 120GB,-2.5917,51.4535,64,machine,5.7375,1.5,25.174999999999997,215.60714721679688,N,1.0,0.0
2026-09-27T01:38:40,efficientnet_lite0_batch4_node_4_local_train,c78d7e86-d8ff-4a6e-bf1a-0a6ce7b2fea5,5b0fa12a-3dd7-45bb-9766-cc326314d9f1,10.349262424046174,0.00013531015612825893,1.307437676078927e-05,115.35269083200001,164.74463691451865,6.0,0.0002339023861429508,0.00033016137524555234,5.4497940718041105e-06,0.0005695135554603072,0.0,United Kingdom,GBR,england,,,Linux-6.4.0-150600.23.73_15.0.14-cray_shasta_c_64k-aarch64-with-glibc2.38,3.11.7,3.3.0,72,Neoverse-V2,1,1 x NVIDIA GH200 120GB,-2.5917,51.4535,64,machine,0.0,3.2857142857142856,25.300000000000004,216.48148018973214,N,1.0,0.0
2026-09-27T01:38:53,efficientnet_lite0_batch4_node_4_evaluate,1970f016-af69-4c0c-8571-3839e4bd82ed,5b0fa12a-3dd7-45bb-9766-cc326314d9f1,11.195809341035783,0.0001459671381252272,1.3037658437985066e-05,115.48621465344002,153.82149490569367,6.0,0.0002614037565686053,0.0003466688884401492,6.295604890134807e-06,0.0006143682498988892,0.0,United Kingdom,GBR,england,,,Linux-6.4.0-150600.23.73_15.0.14-cray_shasta_c_64k-aarch64-with-glibc2.38,3.11.7,3.3.0,72,Neoverse-V2,1,1 x NVIDIA GH200 120GB,-2.5917,51.4535,64,machine,0.0,2.0,25.174999999999997,215.63409423828125,N,1.0,0.0
2026-09-27T01:40:11,efficientnet_lite0_batch4_node_5_local_train,3c69cece-31e4-4fdd-b232-979e61e312c1,5b0fa12a-3dd7-45bb-9766-cc326314d9f1,13.677490662084892,0.00019265315202633007,1.408541645437786e-05,115.3085210136,162.64622978098805,6.0,0.0003403034721014963,0.00046510676097000214,5.457071502072116e-06,0.0008108673045735706,0.0,United Kingdom,GBR,england,,,Linux-6.4.0-150600.23.73_15.0.14-cray_shasta_c_64k-aarch64-with-glibc2.38,3.11.7,3.3.0,72,Neoverse-V2,1,1 x NVIDIA GH200 120GB,-2.5917,51.4535,64,machine,3.88,3.6,25.199999999999996,215.58052978515624,N,1.0,0.0
2026-09-27T01:40:26,efficientnet_lite0_batch4_node_5_evaluate,1fb7b7e7-2660-44b8-9d71-8d6fff134f47,5b0fa12a-3dd7-45bb-9766-cc326314d9f1,6.86577800498344,7.0749820804895e-05,1.0304705563381471e-05,115.38441198720001,80.0489760943026,6.0,0.00012256600575560157,0.00016888180175556045,6.334584791911766e-06,0.0002977823923030738,0.0,United Kingdom,GBR,england,,,Linux-6.4.0-150600.23.73_15.0.14-cray_shasta_c_64k-aarch64-with-glibc2.38,3.11.7,3.3.0,72,Neoverse-V2,1,1 x NVIDIA GH200 120GB,-2.5917,51.4535,64,machine,22.8,3.3333333333333335,25.3,216.60835774739584,N,1.0,0.0
2026-09-27T01:40:39,efficientnet_lite0_batch4_node_5_upload,12b89397-c92f-4cf3-bf38-1dc27d47f4e8,5b0fa12a-3dd7-45bb-9766-cc326314d9f1,8.771040975814685,9.962242885120574e-05,1.1358107791983319e-05,115.20803848320001,149.40717478618595,6.0,0.00018263034588325428,0.00023666963379298522,5.749339858690898e-09,0.00041930572901609816,0.0,United Kingdom,GBR,england,,,Linux-6.4.0-150600.23.73_15.0.14-cray_shasta_c_64k-aarch64-with-glibc2.38,3.11.7,3.3.0,72,Neoverse-V2,1,1 x NVIDIA GH200 120GB,-2.5917,51.4535,64,machine,2.3600000000000003,0.0,25.2,215.85748291015625,N,1.0,0.0
2026-09-27T01:42:01,mobilevit_xxs_batch4_node_0_local_train,1ce043a3-7629-49b9-be34-6a6499cd8919,5b0fa12a-3dd7-45bb-9766-cc326314d9f1,64.91196631081402,0.001112722900469957,1.7142030409955132e-05,115.2246979786607,159.27143762468611,6.0,0.001979693296746217,0.0025971373554796173,0.00010656336210124817,0.0046833940143270825,0.0,United Kingdom,GBR,england,,,Linux-6.4.0-150600.23.73_15.0.14-cray_shasta_c_64k-aarch64-with-glibc2.38,3.11.7,3.3.0,72,Neoverse-V2,1,1 x NVIDIA GH200 120GB,-2.5917,51.4535,64,machine,1.234426229508197,0.5409836065573771,25.4983606557377,218.25754234439037,N,1.0,0.0
2026-09-27T01:42:15,mobilevit_xxs_batch4_node_0_evaluate,8f830548-df72-4aea-8487-8475caac35ad,5b0fa12a-3dd7-45bb-9766-cc326314d9f1,8.10189976496622,9.243589439631537e-05,1.1409162922012622e-05,115.24747792320002,159.62839980297593,6.0,0.0001616458121558931,0.00022070906545934577,6.703093908339118e-06,0.000389057971523578,0.0,United Kingdom,GBR,england,,,Linux-6.4.0-150600.23.73_15.0.14-cray_shasta_c_64k-aarch64-with-glibc2.38,3.11.7,3.3.0,72,Neoverse-V2,1,1 x NVIDIA GH200 120GB,-2.5917,51.4535,64,machine,0.0,3.2,25.2,215.82490234375,N,1.0,0.0
2026-09-27T01:45:39,mobilevit_xxs_batch4_node_1_local_train,421cd953-d94b-4ef5-b93b-da856da8af05,5b0fa12a-3dd7-45bb-9766-cc326314d9f1,8.766353434184566,0.00010911800770509221,1.2447365774642899e-05,115.22814454080002,84.52440413168318,6.0,0.00018296160806753365,0.00026683438012753413,9.476148583538211e-06,0.000459272136778606,0.0,United Kingdom,GBR,england,,,Linux-6.4.0-150600.23.73_15.0.14-cray_shasta_c_64k-aarch64-with-glibc2.38,3.11.7,3.3.0,72,Neoverse-V2,1,1 x NVIDIA GH200 120GB,-2.5917,51.4535,64,machine,0.0,9.0,25.2,215.46968994140624,N,1.0,0.0
2026-09-27T01:45:52,mobilevit_xxs_batch4_node_1_evaluate,4d5fa5ad-6682-40f7-91ce-b91090d4b6d7,5b0fa12a-3dd7-45bb-9766-cc326314d9f1,8.045555877964944,9.075513635817094e-05,1.1280157360752393e-05,115.24916959200002,158.04589288623657,6.0,0.00015995135265952227,0.00021541906122024557,6.613332666456699e-06,0.00038198374654622454,0.0,United Kingdom,GBR,england,,,Linux-6.4.0-150600.23.73_15.0.14-cray_shasta_c_64k-aarch64-with-glibc2.38,3.11.7,3.3.0,72,Neoverse-V2,1,1 x NVIDIA GH200 120GB,-2.5917,51.4535,64,machine,0.0,2.25,25.2,215.85472106933594,N,1.0,0.0
2026-09-27T01:46:11,mobilevit_xxs_batch4_node_2_local_train,a55e9f41-cef8-4117-9323-c95edb9fe9dc,5b0fa12a-3dd7-45bb-9766-cc326314d9f1,13.7356820309069,0.0001999551198801127,1.4557349204079576e-05,115.23372814080001,159.32898565524283,6.0,0.00034218963254392887,0.0004858676109051885,1.3543671913600217e-05,0.0008416009153627176,0.0,United Kingdom,GBR,england,,,Linux-6.4.0-150600.23.73_15.0.14-cray_shasta_c_64k-aarch64-with-glibc2.38,3.11.7,3.3.0,72,Neoverse-V2,1,1 x NVIDIA GH200 120GB,-2.5917,51.4535,64,machine,3.56,4.6,25.3,216.79026489257814,N,1.0,0.0
2026-09-27T01:46:19,mobilevit_xxs_batch4_node_2_evaluate,e630f3fb-6cc9-43a4-953e-b5fe6141e617,5b0fa12a-3dd7-45bb-9766-cc326314d9f1,7.117247153073549,7.40432169247698e-05,1.0403350527569439e-05,115.25020465536002,77.69520539673405,6.0,0.00013021327338972376,0.00017468069530934827,6.75016013168109e-06,0.0003116441288307531,0.0,United Kingdom,GBR,england,,,Linux-6.4.0-150600.23.73_15.0.14-cray_shasta_c_64k-aarch64-with-glibc2.38,3.11.7,3.3.0,72,Neoverse-V2,1,1 x NVIDIA GH200 120GB,-2.5917,51.4535,64,machine,0.0,3.5,25.875,221.50477600097656,N,1.0,0.0
2026-09-27T01:46:37,mobilevit_xxs_batch4_node_3_local_train,ed2e8788-c62a-4ec2-9476-dbcd004fdc53,5b0fa12a-3dd7-45bb-9766-cc326314d9f1,12.38234077510424,0.00017456299345926896,1.4097737788822843e-05,115.23640520160002,157.93572166887907,6.0,0.00029856727422390044,0.00042397811695593646,1.2181357361841947e-05,0.0007347267485416789,0.0,United Kingdom,GBR,england,,,Linux-6.4.0-150600.23.73_15.0.14-cray_shasta_c_64k-aarch64-with-glibc2.38,3.11.7,3.3.0,72,Neoverse-V2,1,1 x NVIDIA GH200 120GB,-2.5917,51.4535,64,machine,4.98888888888889,4.111111111111111,25.611111111111107,219.43394639756946,N,1.0,0.0
2026-09-27T01:46:49,mobilevit_xxs_batch4_node_3_evaluate,b43ccdf1-beda-45f2-876d-451075c0d994,5b0fa12a-3dd7-45bb-9766-cc326314d9f1,8.583506752969697,0.00010006693261121373,1.1658047869140764e-05,115.25535371520002,152.8293522107036,6.0,0.00017719422924055388,0.0002372396342451566,6.7427592165768145e-06,0.0004211766227022873,0.0,United Kingdom,GBR,england,,,Linux-6.4.0-150600.23.73_15.0.14-cray_shasta_c_64k-aarch64-with-glibc2.38,3.11.7,3.3.0,72,Neoverse-V2,1,1 x NVIDIA GH200 120GB,-2.5917,51.4535,64,machine,8.74,2.4,25.2,215.9375244140625,N,1.0,0.0
2026-09-27T01:47:03,mobilevit_xxs_batch4_node_4_local_train,54dc0f36-ee42-43dd-a420-16c88f8a5ec8,5b0fa12a-3dd7-45bb-9766-cc326314d9f1,9.298179978039116,0.00011720105278575358,1.2604730502374079e-05,115.23079442880001,157.03931888540114,6.0,0.00020009693763609027,0.00028446994980413365,8.726374393251414e-06,0.0004932932618334754,0.0,United Kingdom,GBR,england,,,Linux-6.4.0-150600.23.73_15.0.14-cray_shasta_c_64k-aarch64-with-glibc2.38,3.11.7,3.3.0,72,Neoverse-V2,1,1 x NVIDIA GH200 120GB,-2.5917,51.4535,64,machine,0.0,11.666666666666666,25.28333333333333,216.4933064778646,N,1.0,0.0
2026-09-27T01:47:26,mobilevit_xxs_batch4_node_4_evaluate,dae09817-5b07-4a1d-8bf0-cfa58af42e0c,5b0fa12a-3dd7-45bb-9766-cc326314d9f1,13.61263948888518,0.00018722707235825243,1.375391396438029e-05,115.25003633828572,152.03395692471787,6.0,0.0003380592592285084,0.00044338618805284113,6.58376433304511e-06,0.0007880292116143947,0.0,United Kingdom,GBR,england,,,Linux-6.4.0-150600.23.73_15.0.14-cray_shasta_c_64k-aarch64-with-glibc2.38,3.11.7,3.3.0,72,Neoverse-V2,1,1 x NVIDIA GH200 120GB,-2.5917,51.4535,64,machine,0.0,1.2,25.390000000000004,217.2377197265625,N,1.0,0.0
2026-09-27T01:48:02,mobilevit_xxs_batch4_node_5_local_train,acb9c881-f0ad-41af-b987-8dfbccef762e,5b0fa12a-3dd7-45bb-9766-cc326314d9f1,14.676780319074169,0.0002111229984256646,1.438483058517173e-05,115.22764638308573,158.3948865668027,6.0,0.00037213139990915526,0.000507697072805513,8.777474638385077e-06,0.0008886059473530534,0.0,United Kingdom,GBR,england,,,Linux-6.4.0-150600.23.73_15.0.14-cray_shasta_c_64k-aarch64-with-glibc2.38,3.11.7,3.3.0,72,Neoverse-V2,1,1 x NVIDIA GH200 120GB,-2.5917,51.4535,64,machine,0.0,6.454545454545454,25.318181818181824,216.7936456853693,N,1.0,0.0
2026-09-27T01:48:16,mobilevit_xxs_batch4_node_5_evaluate,1e6fda5d-569a-4d5a-8938-00fd16a25d16,5b0fa12a-3dd7-45bb-9766-cc326314d9f1,13.868262572214007,0.00019211452795645463,1.3852818761981688e-05,115.24290512420572,153.30464806049585,6.0,0.00034630098939436224,0.0004557028645706396,6.5964093319295595e-06,0.0008086002632969314,0.0,United Kingdom,GBR,england,,,Linux-6.4.0-150600.23.73_15.0.14-cray_shasta_c_64k-aarch64-with-glibc2.38,3.11.7,3.3.0,72,Neoverse-V2,1,1 x NVIDIA GH200 120GB,-2.5917,51.4535,64,machine,0.0,1.1,25.5,218.37689208984375,N,1.0,0.0
2026-09-27T01:48:30,mobilevit_xxs_batch4_node_0_upload,4277cc86-aeaa-4b0f-ac61-bca3a96bc902,5b0fa12a-3dd7-45bb-9766-cc326314d9f1,5.61495817406103,4.396939200312518e-05,7.830760379702744e-06,115.20606493440002,145.90768169656647,6.0,8.170996395753876e-05,0.00010334952712298673,5.4403898927072685e-09,0.0001850649314704182,0.0,United Kingdom,GBR,england,,,Linux-6.4.0-150600.23.73_15.0.14-cray_shasta_c_64k-aarch64-with-glibc2.38,3.11.7,3.3.0,72,Neoverse-V2,1,1 x NVIDIA GH200 120GB,-2.5917,51.4535,64,machine,0.0,0.0,25.2,215.57284545898438,N,1.0,0.0
2026-09-27T01:49:11,mobilevit_xxs_batch4_node_1_upload,e22ab923-e0df-40d3-a0b1-cf83ffd4c0ea,5b0fa12a-3dd7-45bb-9766-cc326314d9f1,4.472882481990382,2.4513110532485997e-05,5.4803833168400035e-06,115.203545856,148.45762436372627,6.0,4.5140143999466165e-05,5.802893529960329e-05,5.3544183416912955e-09,0.00010317443371741115,0.0,United Kingdom,GBR,england,,,Linux-6.4.0-150600.23.73_15.0.14-cray_shasta_c_64k-aarch64-with-glibc2.38,3.11.7,3.3.0,72,Neoverse-V2,1,1 x NVIDIA GH200 120GB,-2.5917,51.4535,64,machine,0.0,0.0,25.4,217.26458740234375,N,1.0,0.0
2026-09-27T01:49:33,mobilevit_xxs_batch4_node_2_upload,47285d1c-9295-4e12-8e32-4f451607422a,5b0fa12a-3dd7-45bb-9766-cc326314d9f1,21.078271221136674,0.0003199562321197439,1.5179434250703687e-05,115.20343009080003,148.8994735931616,6.0,0.0005766992565836353,0.0007449692070764513,2.5011021163469806e-05,0.0013466794848235562,0.0,United Kingdom,GBR,england,,,Linux-6.4.0-150600.23.73_15.0.14-cray_shasta_c_64k-aarch64-with-glibc2.38,3.11.7,3.3.0,72,Neoverse-V2,1,1 x NVIDIA GH200 120GB,-2.5917,51.4535,64,machine,1.511111111111111,0.0,25.338888888888892,217.0374009874132,N,1.0,0.0
2026-09-27T01:50:24,mobilevit_xxs_batch4_node_3_upload,c8638ab4-5eb0-4479-bbec-67d32f0857a4,5b0fa12a-3dd7-45bb-9766-cc326314d9f1,31.093821632908657,0.0004946758881683299,1.5909137641825973e-05,115.20295186881535,148.97828737878143,6.0,0.0008971278146456632,0.0011599123168224423,2.502548675634898e-05,0.0020820656182244544,0.0,United Kingdom,GBR,england,,,Linux-6.4.0-150600.23.73_15.0.14-cray_shasta_c_64k-aarch64-with-glibc2.38,3.11.7,3.3.0,72,Neoverse-V2,1,1 x NVIDIA GH200 120GB,-2.5917,51.4535,64,machine,0.9107142857142857,0.0,25.18928571428572,215.71918160574776,N,1.0,0.0
2026-09-27T01:50:35,mobilevit_xxs_batch4_node_4_upload,94097fc8-0773-4526-b527-0d2c4f8c7b25,5b0fa12a-3dd7-45bb-9766-cc326314d9f1,3.0705747408792377,1.0040784458212825e-07,3.270001646446722e-08,115.20284497920001,0.0,6.0,4.1706626408400827e-07,0.0,5.545239740361771e-09,4.2261150382437005e-07,0.0,United Kingdom,GBR,england,,,Linux-6.4.0-150600.23.73_15.0.14-cray_shasta_c_64k-aarch64-with-glibc2.38,3.11.7,3.3.0,72,Neoverse-V2,1,1 x NVIDIA GH200 120GB,-2.5917,51.4535,64,machine,0,0,0,0,N,1.0,0.0
2026-09-27T01:50:46,mobilevit_xxs_batch4_node_0_exchange,2df0becd-3ea6-477a-8e1b-10132e612f36,5b0fa12a-3dd7-45bb-9766-cc326314d9f1,3.1133312720339745,1.1591768921768133e-06,3.723268714091931e-07,115.20349920000002,1462.7436673698303,6.0,7.054691092215061e-07,4.168058893583293e-06,5.388496598849694e-09,4.878916499403648e-06,0.0,United Kingdom,GBR,england,,,Linux-6.4.0-150600.23.73_15.0.14-cray_shasta_c_64k-aarch64-with-glibc2.38,3.11.7,3.3.0,72,Neoverse-V2,1,1 x NVIDIA GH200 120GB,-2.5917,51.4535,64,machine,0,0,0,0,N,1.0,0.0
2026-09-27T01:50:50,mobilevit_xxs_batch4_node_3_exchange,b77a72f8-f47c-4fec-9c4a-e2009bdf0472,5b0fa12a-3dd7-45bb-9766-cc326314d9f1,3.1088543329387903,1.024923415792734e-07,3.29678816062082e-08,115.20284497920001,0.0,6.0,4.2590641745936037e-07,0.0,5.478628057365617e-09,4.3138504551672596e-07,0.0,United Kingdom,GBR,england,,,Linux-6.4.0-150600.23.73_15.0.14-cray_shasta_c_64k-aarch64-with-glibc2.38,3.11.7,3.3.0,72,Neoverse-V2,1,1 x NVIDIA GH200 120GB,-2.5917,51.4535,64,machine,0,0,0,0,N,1.0,0.0
2026-09-27T01:50:55,mobilevit_xxs_batch4_node_4_exchange,c5aae0ec-98b7-4a52-8ce1-b3f8d60bf0e3,5b0fa12a-3dd7-45bb-9766-cc326314d9f1,4.116891755023971,1.7528760815039806e-05,4.257765775271821e-06,115.20256141440001,146.97433417615093,6.0,3.249383533022807e-05,4.127836635348103e-05,5.459803311775128e-09,7.377766148702089e-05,0.0,United Kingdom,GBR,england,,,Linux-6.4.0-150600.23.73_15.0.14-cray_shasta_c_64k-aarch64-with-glibc2.38,3.11.7,3.3.0,72,Neoverse-V2,1,1 x NVIDIA GH200 120GB,-2.5917,51.4535,64,machine,0.0,0.0,25.2,215.52880859375,N,1.0,0.0
2026-09-27T01:51:03,mobilevit_xxs_batch4_node_5_exchange,608e1ab4-6b3b-4342-aa9b-2f9a6b251292,5b0fa12a-3dd7-45bb-9766-cc326314d9f1,4.112216614885256,1.753056115064146e-05,4.2630441906160675e-06,115.203545856,147.2543529922048,6.0,3.244600012520759e-05,4.133392195626584e-05,5.316926399245858e-09,7.378523900787267e-05,0.0,United Kingdom,GBR,england,,,Linux-6.4.0-150600.23.73_15.0.14-cray_shasta_c_64k-aarch64-with-glibc2.38,3.11.7,3.3.0,72,Neoverse-V2,1,1 x NVIDIA GH200 120GB,-2.5917,51.4535,64,machine,0.0,0.0,25.2,215.6697998046875,N,1.0,0.0
2026-09-27T01:51:16,mobilevit_xxs_batch4_node_0_evaluate,fc756028-96db-4c7c-9fe9-f1cf0d3acc78,5b0fa12a-3dd7-45bb-9766-cc326314d9f1,8.047190333949402,9.107808250829963e-05,1.1317997801550731e-05,115.24812190560002,158.19237065617295,6.0,0.00016007973866227068,0.0002166237843965746,6.6394873848184935e-06,0.00038334301044366375,0.0,United Kingdom,GBR,england,,,Linux-6.4.0-150600.23.73_15.0.14-cray_shasta_c_64k-aarch64-with-glibc2.38,3.11.7,3.3.0,72,Neoverse-V2,1,1 x NVIDIA GH200 120GB,-2.5917,51.4535,64,machine,0.0,2.75,25.2,215.55184936523438,N,1.0,0.0
2026-09-27T01:51:32,mobilevit_xxs_batch4_node_3_evaluate,32c5b33b-1006-4889-ba94-812732754016,5b0fa12a-3dd7-45bb-9766-cc326314d9f1,8.157865965971723,9.281758781228561e-05,1.137767992259844e-05,115.25064208128002,155.32197591491536,6.0,0.00016357959800778564,0.00022034934295334097,6.735558709672962e-06,0.0003906644996707996,0.0,United Kingdom,GBR,england,,,Linux-6.4.0-150600.23.73_15.0.14-cray_shasta_c_64k-aarch64-with-glibc2.38,3.11.7,3.3.0,72,Neoverse-V2,1,1 x NVIDIA GH200 120GB,-2.5917,51.4535,64,machine,0.0,2.8,25.2,215.79520263671876,N,1.0,0.0
2026-09-27T01:51:49,mobilevit_xxs_batch4_node_4_evaluate,631b19ad-3eb3-4bad-89c6-0f637deafe4f,5b0fa12a-3dd7-45bb-9766-cc326314d9f1,7.985513789812103,9.049521108611618e-05,1.133242186640135e-05,115.251328728,153.91055620796902,6.0,0.00015811352362905904,0.00021623822856042807,6.5379821253009146e-06,0.00038088973431478804,0.0,United Kingdom,GBR,england,,,Linux-6.4.0-150600.23.73_15.0.14-cray_shasta_c_64k-aarch64-with-glibc2.38,3.11.7,3.3.0,72,Neoverse-V2,1,1 x NVIDIA GH200 120GB,-2.5917,51.4535,64,machine,0.0,2.5,25.25,216.24819946289062,N,1.0,0.0
2026-09-27T01:52:20,mobilevit_xxs_batch4_node_5_evaluate,37474d69-0c54-4155-82ca-5948d05bc166,5b0fa12a-3dd7-45bb-9766-cc326314d9f1,17.55238887993619,0.0002564927328953926,1.4612981438018655e-05,115.24340568855274,154.14892354421636,6.0,0.0004639989676049364,0.0006090074316489336,6.558449688600376e-06,0.0010795648489424704,0.0,United Kingdom,GBR,england,,,Linux-6.4.0-150600.23.73_15.0.14-cray_shasta_c_64k-aarch64-with-glibc2.38,3.11.7,3.3.0,72,Neoverse-V2,1,1 x NVIDIA GH200 120GB,-2.5917,51.4535,64,machine,6.3500000000000005,1.1428571428571428,25.178571428571423,215.4957013811384,N,1.0,0.0
2026-09-27T01:53:35,mobilenet_v3_small_batch5_node_0_local_train,88abc5cf-d2b5-4b03-b93f-ee139da629f6,5b0fa12a-3dd7-45bb-9766-cc326314d9f1,8.801983484998345,0.00010455987266137265,1.1879126203722058e-05,115.3471818816,78.79421138400491,6.0,0.0001833220621390905,0.0002472604755894281,9.504640808251376e-06,0.00044008717853677003,0.0,United Kingdom,GBR,england,,,Linux-6.4.0-150600.23.73_15.0.14-cray_shasta_c_64k-aarch64-with-glibc2.38,3.11.7,3.3.0,72,Neoverse-V2,1,1 x NVIDIA GH200 120GB,-2.5917,51.4535,64,machine,0.0,3.2,24.8,212.3846923828125,N,1.0,0.0
2026-09-27T01:53:51,mobilenet_v3_small_batch5_node_0_evaluate,d0a5d3e6-1609-4f0d-b8b8-bc4f1703085c,5b0fa12a-3dd7-45bb-9766-cc326314d9f1,11.52808585902676,0.00015233717791806914,1.3214438180019762e-05,115.4079987984,153.30613553587722,6.0,0.00027217639132976113,0.0003566288964265141,1.2374135188680763e-05,0.0006411794229449559,0.0,United Kingdom,GBR,england,,,Linux-6.4.0-150600.23.73_15.0.14-cray_shasta_c_64k-aarch64-with-glibc2.38,3.11.7,3.3.0,72,Neoverse-V2,1,1 x NVIDIA GH200 120GB,-2.5917,51.4535,64,machine,8.525,0.25,24.9125,213.3904571533203,N,1.0,0.0
2026-09-27T01:54:56,mobilenet_v3_small_batch5_node_1_local_train,9a04f5fc-0102-4125-b849-c92b5db328ae,5b0fa12a-3dd7-45bb-9766-cc326314d9f1,11.499786159954965,0.00015260279934931683,1.3270055392918232e-05,115.39035626400002,152.9506263775624,6.0,0.0002709647949414387,0.00036228140093896855,9.051214139908553e-06,0.0006422974100203159,0.0,United Kingdom,GBR,england,,,Linux-6.4.0-150600.23.73_15.0.14-cray_shasta_c_64k-aarch64-with-glibc2.38,3.11.7,3.3.0,72,Neoverse-V2,1,1 x NVIDIA GH200 120GB,-2.5917,51.4535,64,machine,0.0,2.875,24.800000000000004,212.28400421142578,N,1.0,0.0
2026-09-27T01:55:57,mobilenet_v3_small_batch5_node_1_evaluate,698ee49c-cc55-41dd-8545-75567f9bb696,5b0fa12a-3dd7-45bb-9766-cc326314d9f1,55.31391923385672,0.0009273038927197771,1.6764385991151934e-05,115.33145825046111,149.40141970739583,6.0,0.0016726117088314734,0.002158795893691945,7.156725203540798e-05,0.003902974854558827,0.0,United Kingdom,GBR,england,,,Linux-6.4.0-150600.23.73_15.0.14-cray_shasta_c_64k-aarch64-with-glibc2.38,3.11.7,3.3.0,72,Neoverse-V2,1,1 x NVIDIA GH200 120GB,-2.5917,51.4535,64,machine,0.9307692307692309,0.057692307692307696,24.819230769230746,212.459476177509,N,1.0,0.0
2026-09-27T01:56:16,mobilenet_v3_small_batch5_node_2_local_train,d65ca217-3262-4d78-8810-ff40eb543943,5b0fa12a-3dd7-45bb-9766-cc326314d9f1,11.507566510001197,0.00015523821192214743,1.3490099039378159e-05,115.39310284800001,156.5434814125814,6.0,0.00027157407252219594,0.00036851696147266466,1.3298693316367764e-05,0.0006533897273112284,0.0,United Kingdom,GBR,england,,,Linux-6.4.0-150600.23.73_15.0.14-cray_shasta_c_64k-aarch64-with-glibc2.38,3.11.7,3.3.0,72,Neoverse-V2,1,1 x NVIDIA GH200 120GB,-2.5917,51.4535,64,machine,0.0,3.625,24.900000000000002,213.23076629638672,N,1.0,0.0
2026-09-27T01:56:31,mobilenet_v3_small_batch5_node_2_evaluate,4daa6eed-95ea-44a8-a646-2b8272691c38,5b0fa12a-3dd7-45bb-9766-cc326314d9f1,8.132893103174865,9.136501527483591e-05,1.1234011576909752e-05,115.53944997888001,155.96949466596777,6.0,0.00016327521929353559,0.00021452961607337784,6.745860476900513e-06,0.00038455069584381393,0.0,United Kingdom,GBR,england,,,Linux-6.4.0-150600.23.73_15.0.14-cray_shasta_c_64k-aarch64-with-glibc2.38,3.11.7,3.3.0,72,Neoverse-V2,1,1 x NVIDIA GH200 120GB,-2.5917,51.4535,64,machine,0.0,0.8,24.779999999999998,212.3048583984375,N,1.0,0.0
2026-09-27T01:56:41,mobilenet_v3_small_batch5_node_3_local_train,c3aa1a2b-a008-46f2-b0d4-ddc25b80b287,5b0fa12a-3dd7-45bb-9766-cc326314d9f1,9.554376434069127,0.00011931581474359093,1.2488079736751103e-05,115.37587127314288,78.54064936399232,6.0,0.0002086765361733069,0.0002827135595140362,1.080409151657174e-05,0.0005021941872039149,0.0,United Kingdom,GBR,england,,,Linux-6.4.0-150600.23.73_15.0.14-cray_shasta_c_64k-aarch64-with-glibc2.38,3.11.7,3.3.0,72,Neoverse-V2,1,1 x NVIDIA GH200 120GB,-2.5917,51.4535,64,machine,0.0,4.333333333333333,24.86666666666667,212.9310302734375,N,1.0,0.0
2026-09-27T01:57:37,mobilenet_v3_small_batch5_node_3_evaluate,a108a779-e98a-430d-82a7-94d548d77a31,5b0fa12a-3dd7-45bb-9766-cc326314d9f1,18.371242455905303,0.00026898161886594515,1.4641449510644445e-05,115.65506778624001,150.9984477590576,6.0,0.000490731979873263,0.0006347918967293253,6.6060572998443e-06,0.001132129933902433,0.0,United Kingdom,GBR,england,,,Linux-6.4.0-150600.23.73_15.0.14-cray_shasta_c_64k-aarch64-with-glibc2.38,3.11.7,3.3.0,72,Neoverse-V2,1,1 x NVIDIA GH200 120GB,-2.5917,51.4535,64,machine,0.0,0.26666666666666666,24.840000000000007,212.6049357096354,N,1.0,0.0
2026-09-27T01:58:02,mobilenet_v3_small_batch5_node_4_local_train,a31e74f6-3161-4958-808d-8d0590001010,5b0fa12a-3dd7-45bb-9766-cc326314d9f1,15.22593468404375,0.00021668312873896763,1.4231187328423523e-05,115.37894852640001,152.9421842570792,6.0,0.00039016585234146026,0.0005140129112106706,7.829489098318543e-06,0.0009120082526504495,0.0,United Kingdom,GBR,england,,,Linux-6.4.0-150600.23.73_15.0.14-cray_shasta_c_64k-aarch64-with-glibc2.38,3.11.7,3.3.0,72,Neoverse-V2,1,1 x NVIDIA GH200 120GB,-2.5917,51.4535,64,machine,1.9666666666666668,1.75,24.800000000000008,212.35473124186197,N,1.0,0.0
2026-09-27T01:58:15,mobilenet_v3_small_batch5_node_4_evaluate,a43a931f-868d-4c92-9b99-4b148b28cbac,5b0fa12a-3dd7-45bb-9766-cc326314d9f1,6.972761374898255,7.083896510477271e-05,1.0159384682199364e-05,115.4221380288,76.32694943295225,6.0,0.00012613363224318105,0.0001655090212864252,6.51494259131141e-06,0.00029815759612091767,0.0,United Kingdom,GBR,england,,,Linux-6.4.0-150600.23.73_15.0.14-cray_shasta_c_64k-aarch64-with-glibc2.38,3.11.7,3.3.0,72,Neoverse-V2,1,1 x NVIDIA GH200 120GB,-2.5917,51.4535,64,machine,2.766666666666667,0.6666666666666666,24.866666666666664,212.78240966796875,N,1.0,0.0
2026-09-27T01:58:26,mobilenet_v3_small_batch5_node_5_local_train,a683502c-d045-4b99-b9f3-4c520402636b,5b0fa12a-3dd7-45bb-9766-cc326314d9f1,9.916886349907145,0.00012359787232060527,1.2463374890019038e-05,115.38599849856001,151.77262105986784,6.0,0.00022016490788646868,0.0002919744002696234,8.077841293610012e-06,0.0005202171494497021,0.0,United Kingdom,GBR,england,,,Linux-6.4.0-150600.23.73_15.0.14-cray_shasta_c_64k-aarch64-with-glibc2.38,3.11.7,3.3.0,72,Neoverse-V2,1,1 x NVIDIA GH200 120GB,-2.5917,51.4535,64,machine,29.46666666666667,3.3333333333333335,24.900000000000002,213.11233520507812,N,1.0,0.0
2026-09-27T01:58:36,mobilenet_v3_small_batch5_node_5_evaluate,ddfeefec-c17b-4758-a5da-1df7045662a7,5b0fa12a-3dd7-45bb-9766-cc326314d9f1,8.473838533041999,9.714438781385608e-05,1.146403574189683e-05,115.51510467072,150.9215348165646,6.0,0.00017436590596238595,0.0002279671268183847,6.5427477219297235e-06,0.0004088757805027004,0.0,United Kingdom,GBR,england,,,Linux-6.4.0-150600.23.73_15.0.14-cray_shasta_c_64k-aarch64-with-glibc2.38,3.11.7,3.3.0,72,Neoverse-V2,1,1 x NVIDIA GH200 120GB,-2.5917,51.4535,64,machine,11.82,0.4,24.919999999999998,213.5411865234375,N,1.0,0.0
2026-09-27T01:58:50,mobilenet_v3_small_batch5_node_0_upload,b58c4978-03cd-4fc3-959c-bf74934d945f,5b0fa12a-3dd7-45bb-9766-cc326314d9f1,4.082402816973627,1.7559208387310302e-05,4.301194461826117e-06,115.21719325440004,147.24614920791387,6.0,3.253067576158077e-05,4.13697553227621e-05,5.382683593779802e-09,7.390581376793665e-05,0.0,United Kingdom,GBR,england,,,Linux-6.4.0-150600.23.73_15.0.14-cray_shasta_c_64k-aarch64-with-glibc2.38,3.11.7,3.3.0,72,Neoverse-V2,1,1 x NVIDIA GH200 120GB,-2.5917,51.4535,64,machine,0.0,0.0,24.8,212.61834716796875,N,1.0,0.0
2026-09-27T01:59:21,mobilenet_v3_small_batch5_node_1_upload,48a5daf5-6dfe-4139-8040-0dfb4aa9132b,5b0fa12a-3dd7-45bb-9766-cc326314d9f1,15.1057894511614,0.0002098231093415161,1.3890244533057752e-05,115.20341936640003,148.79275944201123,6.0,0.00038546585603656887,0.0004976634536859592,5.470681935548783e-09,0.0008831347804044636,0.0,United Kingdom,GBR,england,,,Linux-6.4.0-150600.23.73_15.0.14-cray_shasta_c_64k-aarch64-with-glibc2.38,3.11.7,3.3.0,72,Neoverse-V2,1,1 x NVIDIA GH200 120GB,-2.5917,51.4535,64,machine,0.0,0.0,24.800000000000008,212.52603149414062,N,1.0,0.0
2026-09-27T01:59:49,mobilenet_v3_small_batch5_node_3_upload,ca0e41b4-a998-4d9c-8a83-eaa90304efd0,5b0fa12a-3dd7-45bb-9766-cc326314d9f1,7.7504418678581715,8.171922185292424e-05,1.0543814565182628e-05,115.20323751168003,148.91911512588393,6.0,0.0001500761505179402,0.00019387043288077166,5.45921657855312e-09,0.00034395204261529044,0.0,United Kingdom,GBR,england,,,Linux-6.4.0-150600.23.73_15.0.14-cray_shasta_c_64k-aarch64-with-glibc2.38,3.11.7,3.3.0,72,Neoverse-V2,1,1 x NVIDIA GH200 120GB,-2.5917,51.4535,64,machine,0.0,0.0,24.825,212.6739959716797,N,1.0,0.0
2026-09-27T01:59:58,mobilenet_v3_small_batch5_node_5_upload,98ef6639-3a00-4565-b7ac-82ad1dadd6c3,5b0fa12a-3dd7-45bb-9766-cc326314d9f1,3.082584009040147,2.1458437608782832e-07,6.961185014212977e-08,115.20349920000002,0.0,6.0,8.744206412531819e-07,0.0,2.8754068383326133e-08,9.03174709636508e-07,0.0,United Kingdom,GBR,england,,,Linux-6.4.0-150600.23.73_15.0.14-cray_shasta_c_64k-aarch64-with-glibc2.38,3.11.7,3.3.0,72,Neoverse-V2,1,1 x NVIDIA GH200 120GB,-2.5917,51.4535,64,machine,0,0,0,0,N,1.0,0.0
2026-09-27T02:01:48,mobilenet_v3_small_batch5_node_0_exchange,da407e85-178d-4bd8-a33a-c390bb6cc91c,5b0fa12a-3dd7-45bb-9766-cc326314d9f1,103.15180011792108,0.001784422521853764,1.7298995459253716e-05,115.31611576896431,196.65893542880525,6.0,0.0032045722791949395,0.004133922473783969,0.0001720487564165766,0.007510543509395486,0.0,United Kingdom,GBR,england,,,Linux-6.4.0-150600.23.73_15.0.14-cray_shasta_c_64k-aarch64-with-glibc2.38,3.11.7,3.3.0,72,Neoverse-V2,1,1 x NVIDIA GH200 120GB,-2.5917,51.4535,64,machine,1.3330000000000002,0.0,24.816000000000017,212.5144464111328,N,1.0,0.0
2026-09-27T02:02:00,mobilenet_v3_small_batch5_node_1_exchange,ad3f0264-04fb-4f77-a5f3-82cf61c9d830,5b0fa12a-3dd7-45bb-9766-cc326314d9f1,6.130771420896053,5.3926610663157585e-05,8.79605631346077e-06,115.67471572800001,197.47594081256358,6.0,9.869391618347655e-05,0.00012817426919298214,1.0617228806950152e-07,0.0002269743576645282,0.0,United Kingdom,GBR,england,,,Linux-6.4.0-150600.23.73_15.0.14-cray_shasta_c_64k-aarch64-with-glibc2.38,3.11.7,3.3.0,72,Neoverse-V2,1,1 x NVIDIA GH200 120GB,-2.5917,51.4535,64,machine,2.066666666666667,0.0,24.8,212.58744303385416,N,1.0,0.0
2026-09-27T02:02:17,mobilenet_v3_small_batch5_node_2_exchange,18de9cfe-a83e-47ab-a2d9-afea30a64255,5b0fa12a-3dd7-45bb-9766-cc326314d9f1,3.1423695660196245,1.6856203514953123e-06,5.364169669038811e-07,115.21312951680002,126.20810648464939,6.0,2.805458195819074e-06,4.184447789157275e-06,1.0478422162123026e-07,7.0946902065975795e-06,0.0,United Kingdom,GBR,england,,,Linux-6.4.0-150600.23.73_15.0.14-cray_shasta_c_64k-aarch64-with-glibc2.38,3.11.7,3.3.0,72,Neoverse-V2,1,1 x NVIDIA GH200 120GB,-2.5917,51.4535,64,machine,0,0,0,0,N,1.0,0.0
2026-09-27T02:02:30,mobilenet_v3_small_batch5_node_3_exchange,6c02e5ef-b40d-42ef-85e5-a6905e77feef,5b0fa12a-3dd7-45bb-9766-cc326314d9f1,8.256168257910758,9.069327996064366e-05,1.0984911780806391e-05,115.30828036800001,75.17708953900171,6.0,0.00016675994142299435,0.00021485378297825264,1.0967171828572948e-07,0.00038172339611953273,0.0,United Kingdom,GBR,england,,,Linux-6.4.0-150600.23.73_15.0.14-cray_shasta_c_64k-aarch64-with-glibc2.38,3.11.7,3.3.0,72,Neoverse-V2,1,1 x NVIDIA GH200 120GB,-2.5917,51.4535,64,machine,0.0,0.0,24.839999999999996,212.75147705078126,N,1.0,0.0
2026-09-27T02:02:44,mobilenet_v3_small_batch5_node_4_exchange,c439a05c-1deb-4772-88e7-a5549a508176,5b0fa12a-3dd7-45bb-9766-cc326314d9f1,4.629863310838118,2.677090127234783e-05,5.7822228163149904e-06,116.14292164800001,73.88186422975782,6.0,5.0549944964660144e-05,6.200227183228435e-05,1.251431496348232e-07,0.0001126773599465793,0.0,United Kingdom,GBR,england,,,Linux-6.4.0-150600.23.73_15.0.14-cray_shasta_c_64k-aarch64-with-glibc2.38,3.11.7,3.3.0,72,Neoverse-V2,1,1 x NVIDIA GH200 120GB,-2.5917,51.4535,64,machine,0.0,0.0,24.8,212.50030517578125,N,1.0,0.0
2026-09-27T02:03:56,mobilenet_v3_small_batch5_node_5_exchange,f9de39dc-2b89-47cb-a915-4fcbab94d48b,5b0fa12a-3dd7-45bb-9766-cc326314d9f1,10.490261449012905,0.00012922227909979716,1.231830872165312e-05,115.43818769280001,74.62914498681799,6.0,0.00023811815746864609,0.00030565802231308226,1.1381133653533957e-07,0.0005438899911182637,0.0,United Kingdom,GBR,england,,,Linux-6.4.0-150600.23.73_15.0.14-cray_shasta_c_64k-aarch64-with-glibc2.38,3.11.7,3.3.0,72,Neoverse-V2,1,1 x NVIDIA GH200 120GB,-2.5917,51.4535,64,machine,4.357142857142857,0.0,24.842857142857145,212.76557268415178,N,1.0,0.0
2026-09-27T02:04:15,mobilenet_v3_small_batch5_node_0_evaluate,93afd394-2383-41d9-b936-cebf27179a48,5b0fa12a-3dd7-45bb-9766-cc326314d9f1,7.972302166977897,8.818673264097986e-05,1.1061639510637023e-05,115.48623417120001,149.86316649893584,6.0,0.00015799480535410215,0.00020667322090162088,6.505439860047772e-06,0.0003711734661157708,0.0,United Kingdom,GBR,england,,,Linux-6.4.0-150600.23.73_15.0.14-cray_shasta_c_64k-aarch64-with-glibc2.38,3.11.7,3.3.0,72,Neoverse-V2,1,1 x NVIDIA GH200 120GB,-2.5917,51.4535,64,machine,0.0,0.75,24.8,212.27542114257812,N,1.0,0.0
2026-09-27T02:04:23,mobilenet_v3_small_batch5_node_1_evaluate,924230e0-d364-4bab-a409-ac1234a92795,5b0fa12a-3dd7-45bb-9766-cc326314d9f1,6.955510216066614,7.064646379233845e-05,1.0156906049703064e-05,115.45965567360003,76.433509798098,6.0,0.0001256699424820269,0.00016518346546945395,6.493959949972728e-06,0.00029734736790145355,0.0,United Kingdom,GBR,england,,,Linux-6.4.0-150600.23.73_15.0.14-cray_shasta_c_64k-aarch64-with-glibc2.38,3.11.7,3.3.0,72,Neoverse-V2,1,1 x NVIDIA GH200 120GB,-2.5917,51.4535,64,machine,0.0,0.6666666666666666,24.8,212.5953369140625,N,1.0,0.0
2026-09-27T02:04:44,mobilenet_v3_small_batch5_node_2_evaluate,d88fec4e-4782-41c4-87b3-dc6cb49e76bc,5b0fa12a-3dd7-45bb-9766-cc326314d9f1,7.067561747971922,7.254865212138337e-05,1.026501850404089e-05,115.44244272,76.34384107847112,6.0,0.00012913111816807276,0.00016955430231746504,6.66816120967269e-06,0.0003053535816952105,0.0,United Kingdom,GBR,england,,,Linux-6.4.0-150600.23.73_15.0.14-cray_shasta_c_64k-aarch64-with-glibc2.38,3.11.7,3.3.0,72,Neoverse-V2,1,1 x NVIDIA GH200 120GB,-2.5917,51.4535,64,machine,0.0,1.0,24.849999999999998,212.82591247558594,N,1.0,0.0
2026-09-27T02:10:00,mobilenet_v3_small_batch5_node_3_evaluate,6159478c-6986-4782-8f29-3a3900f2f728,5b0fa12a-3dd7-45bb-9766-cc326314d9f1,8.034020364051685,8.967949439210062e-05,1.1162467896319075e-05,115.47678438720001,155.31079985271634,6.0,0.00016002786792316994,0.00021083989088310773,6.588665489883474e-06,0.0003774564242961611,0.0,United Kingdom,GBR,england,,,Linux-6.4.0-150600.23.73_15.0.14-cray_shasta_c_64k-aarch64-with-glibc2.38,3.11.7,3.3.0,72,Neoverse-V2,1,1 x NVIDIA GH200 120GB,-2.5917,51.4535,64,machine,15.875,0.75,24.8,212.55091857910156,N,1.0,0.0
2026-09-27T02:10:08,mobilenet_v3_small_batch5_node_4_evaluate,da375138-eef5-4cba-b7d6-57067790afc9,5b0fa12a-3dd7-45bb-9766-cc326314d9f1,6.93246464105323,6.94787310593261e-05,1.0022226532232322e-05,115.40352487680002,75.29201890378835,6.0,0.0001247278252398248,0.0001612537401172176,6.450874946701031e-06,0.00029243244030374347,0.0,United Kingdom,GBR,england,,,Linux-6.4.0-150600.23.73_15.0.14-cray_shasta_c_64k-aarch64-with-glibc2.38,3.11.7,3.3.0,72,Neoverse-V2,1,1 x NVIDIA GH200 120GB,-2.5917,51.4535,64,machine,0.0,1.0,24.866666666666664,212.8888956705729,N,1.0,0.0
2026-09-27T02:10:17,mobilenet_v3_small_batch5_node_5_evaluate,120a5074-9e0b-47cc-b9b0-d3ee9222c2ac,5b0fa12a-3dd7-45bb-9766-cc326314d9f1,7.954885306069627,8.80600569506407e-05,1.1069934205519008e-05,115.51331279520001,150.31535878487193,6.0,0.0001574523041047159,0.0002067193320556271,6.468658426698918e-06,0.0003706402945870419,0.0,United Kingdom,GBR,england,,,Linux-6.4.0-150600.23.73_15.0.14-cray_shasta_c_64k-aarch64-with-glibc2.38,3.11.7,3.3.0,72,Neoverse-V2,1,1 x NVIDIA GH200 120GB,-2.5917,51.4535,64,machine,0.0,0.75,24.9,213.17689514160156,N,1.0,0.0
2026-09-27T02:10:35,efficientnet_lite0_batch5_node_0_local_train,1a857133-70eb-44ca-8b01-85570faf6512,5b0fa12a-3dd7-45bb-9766-cc326314d9f1,6.852099534822628,7.527658896843258e-05,1.0985915862119941e-05,115.47208107360002,90.0897174139468,6.0,0.00012149404035419064,0.0001890407067861588,6.3005818034677464e-06,0.0003168353289438172,0.0,United Kingdom,GBR,england,,,Linux-6.4.0-150600.23.73_15.0.14-cray_shasta_c_64k-aarch64-with-glibc2.38,3.11.7,3.3.0,72,Neoverse-V2,1,1 x NVIDIA GH200 120GB,-2.5917,51.4535,64,machine,0.0,12.0,25.2,215.46309407552084,N,1.0,0.0
2026-09-27T02:10:43,efficientnet_lite0_batch5_node_0_evaluate,a2fc133d-f880-4120-9694-940415b63263,5b0fa12a-3dd7-45bb-9766-cc326314d9f1,7.007228519069031,7.28191632915575e-05,1.039200635363782e-05,115.2825745104,79.0199079034204,6.0,0.0001268782713137184,0.0001730381939921699,6.5756841267769535e-06,0.00030649214943266525,0.0,United Kingdom,GBR,england,,,Linux-6.4.0-150600.23.73_15.0.14-cray_shasta_c_64k-aarch64-with-glibc2.38,3.11.7,3.3.0,72,Neoverse-V2,1,1 x NVIDIA GH200 120GB,-2.5917,51.4535,64,machine,0.0,4.0,25.133333333333336,215.31964111328125,N,1.0,0.0
2026-09-27T02:10:57,efficientnet_lite0_batch5_node_1_local_train,cd7464a8-1d8c-46b4-9c76-5c24b251c00f,5b0fa12a-3dd7-45bb-9766-cc326314d9f1,6.832053537014872,7.524664859603692e-05,1.1013767410978813e-05,115.244459928,90.89419676839825,6.0,0.00012099902701468243,0.00018945042933182776,6.259855094831437e-06,0.00031670931144134166,0.0,United Kingdom,GBR,england,,,Linux-6.4.0-150600.23.73_15.0.14-cray_shasta_c_64k-aarch64-with-glibc2.38,3.11.7,3.3.0,72,Neoverse-V2,1,1 x NVIDIA GH200 120GB,-2.5917,51.4535,64,machine,0.0,12.0,25.2,215.8638712565104,N,1.0,0.0
2026-09-27T02:12:43,efficientnet_lite0_batch5_node_1_evaluate,9fca4943-972d-4f77-84dd-5f4f8cc9429f,5b0fa12a-3dd7-45bb-9766-cc326314d9f1,7.008511116961017,7.371552756753224e-05,1.051800109000844e-05,115.26280066080001,80.94236699579014,6.0,0.0001267696718045274,0.00017693180822675458,6.563420984894038e-06,0.00031026490101617604,0.0,United Kingdom,GBR,england,,,Linux-6.4.0-150600.23.73_15.0.14-cray_shasta_c_64k-aarch64-with-glibc2.38,3.11.7,3.3.0,72,Neoverse-V2,1,1 x NVIDIA GH200 120GB,-2.5917,51.4535,64,machine,0.0,2.6666666666666665,25.2,215.9029337565104,N,1.0,0.0
2026-09-27T02:12:59,efficientnet_lite0_batch5_node_2_local_train,87f792e6-2ed2-4bf4-9eb0-4c1c454f295e,5b0fa12a-3dd7-45bb-9766-cc326314d9f1,14.849856545915827,0.0002187911390272592,1.47335523646815e-05,115.26852138377144,164.0187227949125,6.0,0.00037761931955270303,0.0005340420939035084,9.219347131438553e-06,0.00092088076058765,0.0,United Kingdom,GBR,england,,,Linux-6.4.0-150600.23.73_15.0.14-cray_shasta_c_64k-aarch64-with-glibc2.38,3.11.7,3.3.0,72,Neoverse-V2,1,1 x NVIDIA GH200 120GB,-2.5917,51.4535,64,machine,0.0,4.363636363636363,25.209090909090904,216.05797230113637,N,1.0,0.0
2026-09-27T02:14:07,efficientnet_lite0_batch5_node_2_evaluate,02e168e5-9c26-4192-a8ee-b3b2e2fc9d67,5b0fa12a-3dd7-45bb-9766-cc326314d9f1,62.209748074179515,0.0010594341970059952,1.7030035160128208e-05,115.25222109410745,121.79324954507497,6.0,0.0018926203123504541,0.0024615214136645136,0.00010496284955879674,0.004459104575573765,0.0,United Kingdom,GBR,england,,,Linux-6.4.0-150600.23.73_15.0.14-cray_shasta_c_64k-aarch64-with-glibc2.38,3.11.7,3.3.0,72,Neoverse-V2,1,1 x NVIDIA GH200 120GB,-2.5917,51.4535,64,machine,0.9932203389830507,0.2033898305084746,25.179661016949165,215.65999383441473,N,1.0,0.0
2026-09-27T02:14:32,efficientnet_lite0_batch5_node_3_local_train,a687e6f3-cb21-453d-8cdc-7e213a706d1c,5b0fa12a-3dd7-45bb-9766-cc326314d9f1,13.877266858937219,0.00019958775324132488,1.438235318742081e-05,115.26246063853715,164.08155343026368,6.0,0.0003467711166374515,0.0004857378885816388,7.545682671867933e-06,0.0008400546878909583,0.0,United Kingdom,GBR,england,,,Linux-6.4.0-150600.23.73_15.0.14-cray_shasta_c_64k-aarch64-with-glibc2.38,3.11.7,3.3.0,72,Neoverse-V2,1,1 x NVIDIA GH200 120GB,-2.5917,51.4535,64,machine,1.85,4.8,25.209999999999997,216.0935852050781,N,1.0,0.0
2026-09-27T02:16:41,efficientnet_lite0_batch5_node_3_evaluate,ee3e8034-fb4e-4bcf-bd53-76e8fc4a946a,5b0fa12a-3dd7-45bb-9766-cc326314d9f1,8.060469220858067,9.1587545462778e-05,1.1362557557539828e-05,115.31763527616002,153.05968197088532,6.0,0.0001605898748049728,0.00021824600793252102,6.651431333351259e-06,0.0003854873140708451,0.0,United Kingdom,GBR,england,,,Linux-6.4.0-150600.23.73_15.0.14-cray_shasta_c_64k-aarch64-with-glibc2.38,3.11.7,3.3.0,72,Neoverse-V2,1,1 x NVIDIA GH200 120GB,-2.5917,51.4535,64,machine,0.0,2.8,25.2,215.68939208984375,N,1.0,0.0
2026-09-27T02:16:50,efficientnet_lite0_batch5_node_4_local_train,7de3fa91-82dc-44e2-8403-f785b7f251ed,5b0fa12a-3dd7-45bb-9766-cc326314d9f1,7.312285284977406,8.262620601451814e-05,1.1299642012637016e-05,115.25246519040002,169.97748651086027,6.0,0.00013646624057672612,0.00020589627582978665,5.4069763499622546e-06,0.000347769492756475,0.0,United Kingdom,GBR,england,,,Linux-6.4.0-150600.23.73_15.0.14-cray_shasta_c_64k-aarch64-with-glibc2.38,3.11.7,3.3.0,72,Neoverse-V2,1,1 x NVIDIA GH200 120GB,-2.5917,51.4535,64,machine,0.0,12.25,25.2,215.9876251220703,N,1.0,0.0
2026-09-27T02:19:06,efficientnet_lite0_batch5_node_4_evaluate,8e7f91e4-4542-4d2e-bc38-48a0b04e42d6,5b0fa12a-3dd7-45bb-9766-cc326314d9f1,6.976223626174033,7.230925909064656e-05,1.0365100513600235e-05,115.26127164000002,79.60634944201112,6.0,0.00012541464463837663,0.00017242791571447924,6.503428268867235e-06,0.0003043459886217231,0.0,United Kingdom,GBR,england,,,Linux-6.4.0-150600.23.73_15.0.14-cray_shasta_c_64k-aarch64-with-glibc2.38,3.11.7,3.3.0,72,Neoverse-V2,1,1 x NVIDIA GH200 120GB,-2.5917,51.4535,64,machine,0.0,4.0,25.266666666666666,216.2221883138021,N,1.0,0.0
2026-09-27T02:19:36,efficientnet_lite0_batch5_node_5_local_train,bcd6adcf-93e6-4a59-adf7-1c73ef83dc63,5b0fa12a-3dd7-45bb-9766-cc326314d9f1,13.41100354702212,0.0001887612549043624,1.4075102899087397e-05,115.25212959120002,164.96261533020476,6.0,0.00033161410379489004,0.00045730286583989255,5.569538176447774e-06,0.0007944865078112303,0.0,United Kingdom,GBR,england,,,Linux-6.4.0-150600.23.73_15.0.14-cray_shasta_c_64k-aarch64-with-glibc2.38,3.11.7,3.3.0,72,Neoverse-V2,1,1 x NVIDIA GH200 120GB,-2.5917,51.4535,64,machine,0.0,3.8,25.249999999999996,216.3633544921875,N,1.0,0.0
2026-09-27T02:19:44,efficientnet_lite0_batch5_node_5_evaluate,30187812-685b-4da9-a81a-e5146eab49be,5b0fa12a-3dd7-45bb-9766-cc326314d9f1,6.979860618012026,7.35807611635012e-05,1.054186683522316e-05,115.26603003360002,843.8989401912572,6.0,0.00012591714227602906,0.00017725153070102806,6.529003108541171e-06,0.00030969767608559826,0.0,United Kingdom,GBR,england,,,Linux-6.4.0-150600.23.73_15.0.14-cray_shasta_c_64k-aarch64-with-glibc2.38,3.11.7,3.3.0,72,Neoverse-V2,1,1 x NVIDIA GH200 120GB,-2.5917,51.4535,64,machine,0.0,2.6666666666666665,25.233333333333334,216.2296346028646,N,1.0,0.0
2026-09-27T02:19:49,efficientnet_lite0_batch5_node_1_upload,399e795b-15e7-41cb-bf9a-20d9f6366189,5b0fa12a-3dd7-45bb-9766-cc326314d9f1,4.479901270009577,2.44935477496311e-05,5.467430256466062e-06,115.21686614400002,147.59563764510855,6.0,4.5251933791795635e-05,5.783476851206615e-05,5.392656894400716e-09,0.00010309209496075619,0.0,United Kingdom,GBR,england,,,Linux-6.4.0-150600.23.73_15.0.14-cray_shasta_c_64k-aarch64-with-glibc2.38,3.11.7,3.3.0,72,Neoverse-V2,1,1 x NVIDIA GH200 120GB,-2.5917,51.4535,64,machine,0.0,0.0,25.3,216.66705322265625,N,1.0,0.0
2026-09-27T02:21:54,efficientnet_lite0_batch5_node_2_upload,c99d891b-9507-4489-aabf-d23dfee2b2ea,5b0fa12a-3dd7-45bb-9766-cc326314d9f1,123.98987065814435,0.002201020455407535,1.775161506116919e-05,115.20316801354842,148.69003085459798,6.0,0.00396763071938975,0.005116313259719618,0.0001800390142427447,0.009263982993352115,0.0,United Kingdom,GBR,england,,,Linux-6.4.0-150600.23.73_15.0.14-cray_shasta_c_64k-aarch64-with-glibc2.38,3.11.7,3.3.0,72,Neoverse-V2,1,1 x NVIDIA GH200 120GB,-2.5917,51.4535,64,machine,2.0365853658536586,0.0,25.264227642276463,216.3841642054116,N,1.0,0.0
2026-09-27T02:23:13,efficientnet_lite0_batch5_node_3_upload,57fb1bac-8419-446f-93fd-ed36593c03f1,5b0fa12a-3dd7-45bb-9766-cc326314d9f1,8.724851896055043,9.896700424218584e-05,1.1343115667892764e-05,115.203514752,149.89950684288058,6.0,0.00018110753729670042,0.00023543407725412635,5.465668315688769e-09,0.0004165470802191425,0.0,United Kingdom,GBR,england,,,Linux-6.4.0-150600.23.73_15.0.14-cray_shasta_c_64k-aarch64-with-glibc2.38,3.11.7,3.3.0,72,Neoverse-V2,1,1 x NVIDIA GH200 120GB,-2.5917,51.4535,64,machine,0.0,0.0,25.22,216.11798095703125,N,1.0,0.0
2026-09-27T02:25:05,efficientnet_lite0_batch5_node_5_upload,1f6098d3-f66e-4dd2-abe4-cb3521fd88d1,5b0fa12a-3dd7-45bb-9766-cc326314d9f1,96.47967802197672,0.001661416765531064,1.7220380494559865e-05,115.20309228068574,149.12024194586516,6.0,0.002988704030498543,0.0038623742010059914,0.00014174031451848955,0.006992818546023023,0.0,United Kingdom,GBR,england,,,Linux-6.4.0-150600.23.73_15.0.14-cray_shasta_c_64k-aarch64-with-glibc2.38,3.11.7,3.3.0,72,Neoverse-V2,1,1 x NVIDIA GH200 120GB,-2.5917,51.4535,64,machine,1.29247311827957,0.0,25.27741935483872,216.39291217762937,N,1.0,0.0
2026-09-27T02:25:31,mobilevit_xxs_batch5_node_0_local_train,fd7180c2-c802-40ee-bbd1-d00750c9b0d7,5b0fa12a-3dd7-45bb-9766-cc326314d9f1,15.661401840858161,0.00022997236156857928,1.46840215138735e-05,115.28080271177146,158.91182680328023,6.0,0.000403703821748735,0.0005543607212530333,9.877413774762924e-06,0.0009679419567765312,0.0,United Kingdom,GBR,england,,,Linux-6.4.0-150600.23.73_15.0.14-cray_shasta_c_64k-aarch64-with-glibc2.38,3.11.7,3.3.0,72,Neoverse-V2,1,1 x NVIDIA GH200 120GB,-2.5917,51.4535,64,machine,0.875,6.916666666666667,25.633333333333336,219.56578572591147,N,1.0,0.0
2026-09-27T02:27:22,mobilevit_xxs_batch5_node_0_evaluate,b3ee76c4-6719-404d-9959-6fc5b1fabaeb,5b0fa12a-3dd7-45bb-9766-cc326314d9f1,7.1723137139342725,7.593618755074535e-05,1.0587404647849908e-05,115.71367364352002,78.73288340792561,6.0,0.00013324424294940335,0.0001795212547222036,6.846048110164702e-06,0.00031961154578177164,0.0,United Kingdom,GBR,england,,,Linux-6.4.0-150600.23.73_15.0.14-cray_shasta_c_64k-aarch64-with-glibc2.38,3.11.7,3.3.0,72,Neoverse-V2,1,1 x NVIDIA GH200 120GB,-2.5917,51.4535,64,machine,7.075,4.0,25.275000000000002,216.35299682617188,N,1.0,0.0
2026-09-27T02:28:00,mobilevit_xxs_batch5_node_1_local_train,e383cb05-4ce5-49f0-9eaf-a779b0583de0,5b0fa12a-3dd7-45bb-9766-cc326314d9f1,22.124805241124704,0.00034314063831274334,1.5509317915934792e-05,115.22490260132575,163.16610027022202,6.0,0.0006104002246877519,0.000823817603489374,1.0043641473166645e-05,0.0014442614696502925,0.0,United Kingdom,GBR,england,,,Linux-6.4.0-150600.23.73_15.0.14-cray_shasta_c_64k-aarch64-with-glibc2.38,3.11.7,3.3.0,72,Neoverse-V2,1,1 x NVIDIA GH200 120GB,-2.5917,51.4535,64,machine,1.4526315789473685,4.947368421052632,25.25263157894737,216.28838147615133,N,1.0,0.0
2026-09-27T02:28:19,mobilevit_xxs_batch5_node_1_evaluate,f90f8ae5-8f65-4af6-9539-07ee70db2bc5,5b0fa12a-3dd7-45bb-9766-cc326314d9f1,11.567013202933595,0.00015242916043673265,1.3177918773194967e-05,115.25237208576002,153.2915172651053,6.0,0.00027271220535218636,0.00036201584515538343,6.8385221735419085e-06,0.0006415665726811117,0.0,United Kingdom,GBR,england,,,Linux-6.4.0-150600.23.73_15.0.14-cray_shasta_c_64k-aarch64-with-glibc2.38,3.11.7,3.3.0,72,Neoverse-V2,1,1 x NVIDIA GH200 120GB,-2.5917,51.4535,64,machine,0.0,1.5,25.300000000000004,216.7406768798828,N,1.0,0.0
2026-09-27T02:30:13,mobilevit_xxs_batch5_node_2_local_train,b12c07f1-6026-4aa7-bf79-7cfe3fc0afb3,5b0fa12a-3dd7-45bb-9766-cc326314d9f1,12.976459256839007,0.0001875482521854566,1.445296043191541e-05,115.23068346240001,157.4700439541854,6.0,0.00031759535116211387,0.0004569431433196769,1.4842546666817118e-05,0.0007893810411486079,0.0,United Kingdom,GBR,england,,,Linux-6.4.0-150600.23.73_15.0.14-cray_shasta_c_64k-aarch64-with-glibc2.38,3.11.7,3.3.0,72,Neoverse-V2,1,1 x NVIDIA GH200 120GB,-2.5917,51.4535,64,machine,0.0,16.555555555555557,25.26666666666667,216.49933539496527,N,1.0,0.0
2026-09-27T02:30:25,mobilevit_xxs_batch5_node_2_evaluate,5ba000d6-8b6d-40a5-9427-a08ffc1e9e4e,5b0fa12a-3dd7-45bb-9766-cc326314d9f1,8.736818335950375,0.00010321053782506548,1.181328646841304e-05,115.25239188864,154.56303831117458,6.0,0.00018197627916818941,0.0002454054741036771,7.026143663873275e-06,0.0004344078969357398,0.0,United Kingdom,GBR,england,,,Linux-6.4.0-150600.23.73_15.0.14-cray_shasta_c_64k-aarch64-with-glibc2.38,3.11.7,3.3.0,72,Neoverse-V2,1,1 x NVIDIA GH200 120GB,-2.5917,51.4535,64,machine,5.84,2.8,25.279999999999998,216.2857666015625,N,1.0,0.0
2026-09-27T02:30:38,mobilevit_xxs_batch5_node_3_local_train,cdfcdfb3-3a85-48ee-87a5-e8651cfca5e8,5b0fa12a-3dd7-45bb-9766-cc326314d9f1,10.343880152795464,0.0001381913029779179,1.3359716173874201e-05,115.22820867120001,83.2130323189915,6.0,0.00023348701530069785,0.00033603110215096876,1.2122038354864346e-05,0.000581640155806531,0.0,United Kingdom,GBR,england,,,Linux-6.4.0-150600.23.73_15.0.14-cray_shasta_c_64k-aarch64-with-glibc2.38,3.11.7,3.3.0,72,Neoverse-V2,1,1 x NVIDIA GH200 120GB,-2.5917,51.4535,64,machine,0.0,11.857142857142858,25.300000000000004,216.78196498325892,N,1.0,0.0
2026-09-27T02:30:48,mobilevit_xxs_batch5_node_3_evaluate,1c7a8381-bfef-41af-a730-93855a01d953,5b0fa12a-3dd7-45bb-9766-cc326314d9f1,7.206738505046815,7.714018974062516e-05,1.0703897426915737e-05,115.23842142336002,80.51057979319116,6.0,0.00013307089323449825,0.00018471320332480445,6.895033116840448e-06,0.0003246791296761431,0.0,United Kingdom,GBR,england,,,Linux-6.4.0-150600.23.73_15.0.14-cray_shasta_c_64k-aarch64-with-glibc2.38,3.11.7,3.3.0,72,Neoverse-V2,1,1 x NVIDIA GH200 120GB,-2.5917,51.4535,64,machine,10.65,4.0,25.349999999999998,217.06900024414062,N,1.0,0.0
2026-09-27T02:31:15,mobilevit_xxs_batch5_node_4_local_train,f303132f-bfe9-489e-9ac7-fd6598e13af1,5b0fa12a-3dd7-45bb-9766-cc326314d9f1,19.523421006044373,0.0002957250370380022,1.514719356543338e-05,115.22287774080003,162.61644480450204,6.0,0.0005271185391409503,0.0007087361225472932,8.83695719142755e-06,0.0012446916188796713,0.0,United Kingdom,GBR,england,,,Linux-6.4.0-150600.23.73_15.0.14-cray_shasta_c_64k-aarch64-with-glibc2.38,3.11.7,3.3.0,72,Neoverse-V2,1,1 x NVIDIA GH200 120GB,-2.5917,51.4535,64,machine,1.775,4.6875,25.387499999999996,217.21929550170898,N,1.0,0.0
2026-09-27T02:32:02,mobilevit_xxs_batch5_node_4_evaluate,02593125-949e-4522-85e0-263e4678cf52,5b0fa12a-3dd7-45bb-9766-cc326314d9f1,44.1207143641077,0.0007298050754893223,1.6541098348194934e-05,115.26234708126317,156.22534224198074,6.0,0.0013144690148956376,0.0017054780310417073,5.176534600555897e-05,0.003071712391942903,0.0,United Kingdom,GBR,england,,,Linux-6.4.0-150600.23.73_15.0.14-cray_shasta_c_64k-aarch64-with-glibc2.38,3.11.7,3.3.0,72,Neoverse-V2,1,1 x NVIDIA GH200 120GB,-2.5917,51.4535,64,machine,1.5902439024390245,0.2926829268292683,25.248780487804872,216.3121561189977,N,1.0,0.0
2026-09-27T02:35:06,mobilevit_xxs_batch5_node_5_local_train,1a725413-a179-4fec-99f2-896af78034b1,5b0fa12a-3dd7-45bb-9766-cc326314d9f1,178.67546577495523,0.003186390820620202,1.783339870865939e-05,115.20634276638111,150.28847632669417,6.0,0.005717621277173233,0.0074138614866541275,0.0002798739093359715,0.013411356673163328,0.0,United Kingdom,GBR,england,,,Linux-6.4.0-150600.23.73_15.0.14-cray_shasta_c_64k-aarch64-with-glibc2.38,3.11.7,3.3.0,72,Neoverse-V2,1,1 x NVIDIA GH200 120GB,-2.5917,51.4535,64,machine,1.3870786516853932,0.16853932584269662,25.252808988764055,216.2958350020848,N,1.0,0.0
2026-09-27T02:35:36,mobilevit_xxs_batch5_node_5_evaluate,7b77d6a9-3735-4731-9c84-9dc6e79087fc,5b0fa12a-3dd7-45bb-9766-cc326314d9f1,13.806613981956616,0.0001918109552801055,1.3892686181476253e-05,115.24640518326856,154.07425795687274,6.0,0.0003441608863679652,0.00045636508733082337,6.796567665102581e-06,0.0008073225413638911,0.0,United Kingdom,GBR,england,,,Linux-6.4.0-150600.23.73_15.0.14-cray_shasta_c_64k-aarch64-with-glibc2.38,3.11.7,3.3.0,72,Neoverse-V2,1,1 x NVIDIA GH200 120GB,-2.5917,51.4535,64,machine,0.0,1.4,25.330000000000005,216.99478759765626,N,1.0,0.0
2026-09-27T02:35:40,mobilevit_xxs_batch5_node_3_upload,51a77cdb-d2a4-495b-bcac-790b17c66654,5b0fa12a-3dd7-45bb-9766-cc326314d9f1,3.0965344649739563,1.2403825055622945e-06,4.0057119324610096e-07,115.20284497920001,518.9740495879657,6.0,1.0712382620765867e-06,4.139725533036653e-06,9.742995025590061e-09,5.2207067901388305e-06,0.0,United Kingdom,GBR,england,,,Linux-6.4.0-150600.23.73_15.0.14-cray_shasta_c_64k-aarch64-with-glibc2.38,3.11.7,3.3.0,72,Neoverse-V2,1,1 x NVIDIA GH200 120GB,-2.5917,51.4535,64,machine,0,0,0,0,N,1.0,0.0
2026-09-27T02:35:46,mobilevit_xxs_batch5_node_4_upload,cb20e2ae-2404-4d7f-bd0f-5c336c4f1c7b,5b0fa12a-3dd7-45bb-9766-cc326314d9f1,3.0818965160287917,1.1688023463880823e-06,3.7924775874504513e-07,115.20349920000002,786.2005395368984,6.0,7.626504982078859e-07,4.151392204221338e-06,5.386843501279752e-09,4.919429545930504e-06,0.0,United Kingdom,GBR,england,,,Linux-6.4.0-150600.23.73_15.0.14-cray_shasta_c_64k-aarch64-with-glibc2.38,3.11.7,3.3.0,72,Neoverse-V2,1,1 x NVIDIA GH200 120GB,-2.5917,51.4535,64,machine,0,0,0,0,N,1.0,0.0
2026-09-27T02:36:00,mobilevit_xxs_batch5_node_0_exchange,13e2cd68-9d86-49f9-8e0a-9d6f765c7e4a,5b0fa12a-3dd7-45bb-9766-cc326314d9f1,3.1038166671060026,9.516429507986923e-08,3.0660411128148356e-08,115.20349920000002,0.0,6.0,3.951057623574893e-07,0.0,5.435908678919078e-09,4.0054167103640837e-07,0.0,United Kingdom,GBR,england,,,Linux-6.4.0-150600.23.73_15.0.14-cray_shasta_c_64k-aarch64-with-glibc2.38,3.11.7,3.3.0,72,Neoverse-V2,1,1 x NVIDIA GH200 120GB,-2.5917,51.4535,64,machine,0,0,0,0,N,1.0,0.0
2026-09-27T02:36:32,mobilevit_xxs_batch5_node_4_exchange,984f7426-9db9-461f-9df8-4c80301a4b03,5b0fa12a-3dd7-45bb-9766-cc326314d9f1,3.1036070270929486,1.0631778433096551e-07,3.4256200415472715e-08,115.20349920000002,0.0,6.0,4.4207374915171057e-07,0.0,5.412390067552526e-09,4.474861392192631e-07,0.0,United Kingdom,GBR,england,,,Linux-6.4.0-150600.23.73_15.0.14-cray_shasta_c_64k-aarch64-with-glibc2.38,3.11.7,3.3.0,72,Neoverse-V2,1,1 x NVIDIA GH200 120GB,-2.5917,51.4535,64,machine,0,0,0,0,N,1.0,0.0
2026-09-27T02:36:44,mobilevit_xxs_batch5_node_5_exchange,ec083176-4efa-452d-8213-c106da7055f5,5b0fa12a-3dd7-45bb-9766-cc326314d9f1,11.579430737998337,0.0001478983349070162,1.2772504819402068e-05,115.20318689280005,149.10772740941874,6.0,0.00027137581407512743,0.00035111083644778773,9.908269857987762e-09,0.0006224965587927732,0.0,United Kingdom,GBR,england,,,Linux-6.4.0-150600.23.73_15.0.14-cray_shasta_c_64k-aarch64-with-glibc2.38,3.11.7,3.3.0,72,Neoverse-V2,1,1 x NVIDIA GH200 120GB,-2.5917,51.4535,64,machine,1.5625,0.0,25.300000000000004,216.67578125,N,1.0,0.0
2026-09-27T02:36:57,mobilevit_xxs_batch5_node_0_evaluate,c77ababc-8d2b-4785-8354-4a0946546802,5b0fa12a-3dd7-45bb-9766-cc326314d9f1,7.156605643918738,7.522671634301746e-05,1.0511507841282368e-05,115.24204555776001,78.72686991736815,6.0,0.0001313893400698834,0.00017842819831059842,6.807879223100221e-06,0.00031662541760358204,0.0,United Kingdom,GBR,england,,,Linux-6.4.0-150600.23.73_15.0.14-cray_shasta_c_64k-aarch64-with-glibc2.38,3.11.7,3.3.0,72,Neoverse-V2,1,1 x NVIDIA GH200 120GB,-2.5917,51.4535,64,machine,0.0,3.0,25.325,216.9857635498047,N,1.0,0.0
2026-09-27T02:37:48,mobilevit_xxs_batch5_node_4_evaluate,965827b3-6cec-4c45-9c18-a62c2f8c53fe,5b0fa12a-3dd7-45bb-9766-cc326314d9f1,8.40227951691486,9.691375866229717e-05,1.1534222167591238e-05,115.24514621184002,151.75163308885504,6.0,0.0001714188073842298,0.00022977907271126696,6.70719405480971e-06,0.0004079050741503065,0.0,United Kingdom,GBR,england,,,Linux-6.4.0-150600.23.73_15.0.14-cray_shasta_c_64k-aarch64-with-glibc2.38,3.11.7,3.3.0,72,Neoverse-V2,1,1 x NVIDIA GH200 120GB,-2.5917,51.4535,64,machine,0.0,2.2,25.3,216.41983642578126,N,1.0,0.0
2026-09-27T02:38:02,mobilevit_xxs_batch5_node_5_evaluate,3849db2d-6828-4ce0-b51a-eba4d3241033,5b0fa12a-3dd7-45bb-9766-cc326314d9f1,8.12246172199957,9.264350881566586e-05,1.1405841232189773e-05,115.25307311808001,153.53508012511008,6.0,0.00016238742142161177,0.00022078823218407706,6.756156434615453e-06,0.0003899318100403043,0.0,United Kingdom,GBR,england,,,Linux-6.4.0-150600.23.73_15.0.14-cray_shasta_c_64k-aarch64-with-glibc2.38,3.11.7,3.3.0,72,Neoverse-V2,1,1 x NVIDIA GH200 120GB,-2.5917,51.4535,64,machine,0.0,3.2,25.3,216.79873046875,N,1.0,0.0
2026-09-27T02:38:53,mobilenet_v3_small_batch6_node_0_local_train,a8408f0c-74b0-4e4b-a654-0808cb3c4ca1,5b0fa12a-3dd7-45bb-9766-cc326314d9f1,8.442595216911286,9.904905481823642e-05,1.1732062508437234e-05,115.3035211104,217.27622633491328,6.0,0.00017210062352025294,0.0002358574108995981,8.934392494847998e-06,0.00041689242691469905,0.0,United Kingdom,GBR,england,,,Linux-6.4.0-150600.23.73_15.0.14-cray_shasta_c_64k-aarch64-with-glibc2.38,3.11.7,3.3.0,72,Neoverse-V2,1,1 x NVIDIA GH200 120GB,-2.5917,51.4535,64,machine,0.0,4.2,24.860000000000003,212.92686767578124,N,1.0,0.0
2026-09-27T02:39:09,mobilenet_v3_small_batch6_node_0_evaluate,063a53e2-e832-4a2c-9ede-f576f0c5cac0,5b0fa12a-3dd7-45bb-9766-cc326314d9f1,10.967095844913274,0.00014225134199522864,1.29707393832258e-05,115.36082556480002,150.72757323372338,6.0,0.0002540616084693675,0.0003331438776399409,1.1523167133176078e-05,0.0005987286532424845,0.0,United Kingdom,GBR,england,,,Linux-6.4.0-150600.23.73_15.0.14-cray_shasta_c_64k-aarch64-with-glibc2.38,3.11.7,3.3.0,72,Neoverse-V2,1,1 x NVIDIA GH200 120GB,-2.5917,51.4535,64,machine,1.3,0.42857142857142855,24.900000000000002,213.44264439174108,N,1.0,0.0
2026-09-27T02:39:29,mobilenet_v3_small_batch6_node_1_local_train,6ec37f8c-ffee-478c-9b0e-c9a5e908963f,5b0fa12a-3dd7-45bb-9766-cc326314d9f1,14.098739912966266,0.00019794990054537324,1.4040254786409923e-05,115.31088696960002,153.1869136496798,6.0,0.00035389948896985665,0.0004698223203121188,9.43924003164284e-06,0.0008331610493136183,0.0,United Kingdom,GBR,england,,,Linux-6.4.0-150600.23.73_15.0.14-cray_shasta_c_64k-aarch64-with-glibc2.38,3.11.7,3.3.0,72,Neoverse-V2,1,1 x NVIDIA GH200 120GB,-2.5917,51.4535,64,machine,0.0,2.090909090909091,24.981818181818184,213.78195467862216,N,1.0,0.0
2026-09-27T02:39:40,mobilenet_v3_small_batch6_node_1_evaluate,e3dea919-3ead-483e-a75c-52886eb55570,5b0fa12a-3dd7-45bb-9766-cc326314d9f1,9.95109200105071,0.00012328059046673765,1.2388649452112468e-05,115.41491697600001,151.68814566321433,6.0,0.0002213654386703977,0.00029104328838513993,6.472999231191352e-06,0.000518881726286729,0.0,United Kingdom,GBR,england,,,Linux-6.4.0-150600.23.73_15.0.14-cray_shasta_c_64k-aarch64-with-glibc2.38,3.11.7,3.3.0,72,Neoverse-V2,1,1 x NVIDIA GH200 120GB,-2.5917,51.4535,64,machine,0.0,0.5,25.0,214.13067626953125,N,1.0,0.0
2026-09-27T02:39:56,mobilenet_v3_small_batch6_node_2_local_train,1c670e9e-b75e-4ea3-ab87-3f9a30777985,5b0fa12a-3dd7-45bb-9766-cc326314d9f1,10.841765501070768,0.0001437506121484751,1.3258967105890441e-05,115.30636932960002,79.25702051553982,6.0,0.00024981102569121403,0.00034226721825802997,1.2960761006688699e-05,0.0006050390049559327,0.0,United Kingdom,GBR,england,,,Linux-6.4.0-150600.23.73_15.0.14-cray_shasta_c_64k-aarch64-with-glibc2.38,3.11.7,3.3.0,72,Neoverse-V2,1,1 x NVIDIA GH200 120GB,-2.5917,51.4535,64,machine,3.085714285714286,5.0,24.88571428571429,213.19868687220983,N,1.0,0.0
2026-09-27T02:40:13,mobilenet_v3_small_batch6_node_2_evaluate,9ad19301-fdfe-4bcb-aff9-2a16f5c2d3fe,5b0fa12a-3dd7-45bb-9766-cc326314d9f1,12.889674430014566,0.00017549344951181537,1.3615041284764013e-05,115.36938733824002,153.43778553943432,6.0,0.00031505357007329356,0.00041703422253647204,6.555198066635057e-06,0.0007386429906764007,0.0,United Kingdom,GBR,england,,,Linux-6.4.0-150600.23.73_15.0.14-cray_shasta_c_64k-aarch64-with-glibc2.38,3.11.7,3.3.0,72,Neoverse-V2,1,1 x NVIDIA GH200 120GB,-2.5917,51.4535,64,machine,2.577777777777778,0.3333333333333333,24.888888888888893,213.02701822916666,N,1.0,0.0
2026-09-27T02:40:31,mobilenet_v3_small_batch6_node_3_local_train,ccc893e3-2f3f-4f28-a8c3-56b3ef086208,5b0fa12a-3dd7-45bb-9766-cc326314d9f1,10.43764434196055,0.00013544267078930506,1.2976363856814867e-05,115.32585063497143,153.84670108048326,6.0,0.00023672696637227046,0.0003227463692923038,1.0597967254774023e-05,0.0005700713029193484,0.0,United Kingdom,GBR,england,,,Linux-6.4.0-150600.23.73_15.0.14-cray_shasta_c_64k-aarch64-with-glibc2.38,3.11.7,3.3.0,72,Neoverse-V2,1,1 x NVIDIA GH200 120GB,-2.5917,51.4535,64,machine,12.714285714285714,2.142857142857143,24.928571428571427,213.55467006138392,N,1.0,0.0
2026-09-27T02:40:39,mobilenet_v3_small_batch6_node_3_evaluate,870771c1-4288-4302-8f5a-f6b7cb01784a,5b0fa12a-3dd7-45bb-9766-cc326314d9f1,7.017098247073591,7.224736052873537e-05,1.0295902663022481e-05,115.3554489792,757.4936324762946,6.0,0.0001271991607806929,0.0001703195807181146,6.56671922847939e-06,0.0003040854607272869,0.0,United Kingdom,GBR,england,,,Linux-6.4.0-150600.23.73_15.0.14-cray_shasta_c_64k-aarch64-with-glibc2.38,3.11.7,3.3.0,72,Neoverse-V2,1,1 x NVIDIA GH200 120GB,-2.5917,51.4535,64,machine,4.8999999999999995,1.0,24.96666666666667,213.7739461263021,N,1.0,0.0
2026-09-27T02:41:30,mobilenet_v3_small_batch6_node_4_local_train,13f0f4f5-7d43-4963-aa62-2b69f616fc1e,5b0fa12a-3dd7-45bb-9766-cc326314d9f1,15.125255507882684,0.00021636801763077874,1.430508182278417e-05,115.31700279360001,155.33744361605272,6.0,0.0003864203453394385,0.0005162412463164401,8.020374389598145e-06,0.0009106819660454767,0.0,United Kingdom,GBR,england,,,Linux-6.4.0-150600.23.73_15.0.14-cray_shasta_c_64k-aarch64-with-glibc2.38,3.11.7,3.3.0,72,Neoverse-V2,1,1 x NVIDIA GH200 120GB,-2.5917,51.4535,64,machine,6.408333333333332,1.9166666666666667,24.88333333333333,213.0414581298828,N,1.0,0.0
2026-09-27T02:41:51,mobilenet_v3_small_batch6_node_4_evaluate,eff6f1c7-1634-4d43-83c9-7a1e6cf570f8,5b0fa12a-3dd7-45bb-9766-cc326314d9f1,7.900147920008749,8.699669564867799e-05,1.1012033765638865e-05,115.39296040320002,150.32575950890276,6.0,0.00015569290842162812,0.00020408238547986457,6.3893671252299096e-06,0.0003661646610267226,0.0,United Kingdom,GBR,england,,,Linux-6.4.0-150600.23.73_15.0.14-cray_shasta_c_64k-aarch64-with-glibc2.38,3.11.7,3.3.0,72,Neoverse-V2,1,1 x NVIDIA GH200 120GB,-2.5917,51.4535,64,machine,0.0,0.5,24.95,213.657470703125,N,1.0,0.0
2026-09-27T02:42:19,mobilenet_v3_small_batch6_node_5_local_train,3d3147ab-dd1b-4cf2-997e-4fbac8fd8e67,5b0fa12a-3dd7-45bb-9766-cc326314d9f1,14.642110124928877,0.00020742720038302367,1.4166482741436917e-05,115.30989676944002,154.57156799341323,6.0,0.0003712746602576205,0.0004943001176798134,7.475743690350403e-06,0.0008730505216277844,0.0,United Kingdom,GBR,england,,,Linux-6.4.0-150600.23.73_15.0.14-cray_shasta_c_64k-aarch64-with-glibc2.38,3.11.7,3.3.0,72,Neoverse-V2,1,1 x NVIDIA GH200 120GB,-2.5917,51.4535,64,machine,1.1090909090909091,2.0,24.972727272727276,213.8311212713068,N,1.0,0.0
2026-09-27T02:42:33,mobilenet_v3_small_batch6_node_5_evaluate,85da96c2-4c4d-4a15-9ecf-a74038486056,5b0fa12a-3dd7-45bb-9766-cc326314d9f1,9.851181458914652,0.00012166312724015526,1.235010518764309e-05,115.39010778624001,151.8709030100752,6.0,0.00021801452086584548,0.00028765273013675596,6.40665494487621e-06,0.0005120739059474777,0.0,United Kingdom,GBR,england,,,Linux-6.4.0-150600.23.73_15.0.14-cray_shasta_c_64k-aarch64-with-glibc2.38,3.11.7,3.3.0,72,Neoverse-V2,1,1 x NVIDIA GH200 120GB,-2.5917,51.4535,64,machine,0.0,0.3333333333333333,24.900000000000002,213.20572916666666,N,1.0,0.0
2026-09-27T02:42:39,mobilenet_v3_small_batch6_node_4_upload,c92cd664-20b8-4d5c-af79-bf71d10778d4,5b0fa12a-3dd7-45bb-9766-cc326314d9f1,4.078437812160701,1.7671553559212236e-05,4.332922156253276e-06,115.21541928960002,148.5278474237972,6.0,3.254648136308737e-05,4.1821977916356445e-05,1.02095950084428e-08,7.437866887445226e-05,0.0,United Kingdom,GBR,england,,,Linux-6.4.0-150600.23.73_15.0.14-cray_shasta_c_64k-aarch64-with-glibc2.38,3.11.7,3.3.0,72,Neoverse-V2,1,1 x NVIDIA GH200 120GB,-2.5917,51.4535,64,machine,0.0,0.0,25.0,213.81805419921875,N,1.0,0.0
2026-09-27T02:42:48,mobilenet_v3_small_batch6_node_0_exchange,55d17eca-5332-4948-826f-b4c208d321f1,5b0fa12a-3dd7-45bb-9766-cc326314d9f1,4.126360287191346,1.9150194929045945e-05,4.640941070630733e-06,115.56892713600001,200.2063450740281,6.0,3.453096609825247e-05,4.596559232084019e-05,1.0563667009895046e-07,8.060219508919161e-05,0.0,United Kingdom,GBR,england,,,Linux-6.4.0-150600.23.73_15.0.14-cray_shasta_c_64k-aarch64-with-glibc2.38,3.11.7,3.3.0,72,Neoverse-V2,1,1 x NVIDIA GH200 120GB,-2.5917,51.4535,64,machine,0.0,0.0,25.0,213.73614501953125,N,1.0,0.0
2026-09-27T02:43:31,mobilenet_v3_small_batch6_node_1_exchange,4aaa3b60-36f7-4eec-8f67-ec80ea6e0694,5b0fa12a-3dd7-45bb-9766-cc326314d9f1,4.128094385145232,1.9132788789615265e-05,4.634775032873224e-06,115.64639968320003,199.2878463190352,6.0,3.451187162213117e-05,4.591142561594097e-05,1.0563629679381847e-07,8.052893353486595e-05,0.0,United Kingdom,GBR,england,,,Linux-6.4.0-150600.23.73_15.0.14-cray_shasta_c_64k-aarch64-with-glibc2.38,3.11.7,3.3.0,72,Neoverse-V2,1,1 x NVIDIA GH200 120GB,-2.5917,51.4535,64,machine,0.0,0.0,24.9,212.9630126953125,N,1.0,0.0
2026-09-27T02:43:44,mobilenet_v3_small_batch6_node_2_exchange,893d37e7-21bf-499d-9047-5612457b6bb0,5b0fa12a-3dd7-45bb-9766-cc326314d9f1,6.131668955087662,5.422058352964862e-05,8.842712143593449e-06,115.51994844480001,204.9417419187281,6.0,9.862217541216792e-05,0.0001294870480279542,1.0245104669593277e-07,0.00022821167448681807,0.0,United Kingdom,GBR,england,,,Linux-6.4.0-150600.23.73_15.0.14-cray_shasta_c_64k-aarch64-with-glibc2.38,3.11.7,3.3.0,72,Neoverse-V2,1,1 x NVIDIA GH200 120GB,-2.5917,51.4535,64,machine,0.0,0.0,24.899999999999995,213.48006184895834,N,1.0,0.0
2026-09-27T02:44:19,mobilenet_v3_small_batch6_node_3_exchange,f9a52f47-c9f3-4d38-beab-a9edb0377be4,5b0fa12a-3dd7-45bb-9766-cc326314d9f1,3.1322949579916894,1.67768748240183e-06,5.356096743448135e-07,115.70475260160003,388.82873004384527,6.0,2.7255668588627785e-06,4.230558957374342e-06,1.0517534838678937e-07,7.06130116462391e-06,0.0,United Kingdom,GBR,england,,,Linux-6.4.0-150600.23.73_15.0.14-cray_shasta_c_64k-aarch64-with-glibc2.38,3.11.7,3.3.0,72,Neoverse-V2,1,1 x NVIDIA GH200 120GB,-2.5917,51.4535,64,machine,0,0,0,0,N,1.0,0.0
2026-09-27T02:45:10,mobilenet_v3_small_batch6_node_4_exchange,a2ad59fc-5eb6-4fbf-afec-6179c8668285,5b0fa12a-3dd7-45bb-9766-cc326314d9f1,41.15088891494088,0.0006782307042185113,1.648155658606593e-05,115.30796245012439,177.1569345555491,6.0,0.001219159892357835,0.0015876582145608609,4.782038315664977e-05,0.002854638490075346,0.0,United Kingdom,GBR,england,,,Linux-6.4.0-150600.23.73_15.0.14-cray_shasta_c_64k-aarch64-with-glibc2.38,3.11.7,3.3.0,72,Neoverse-V2,1,1 x NVIDIA GH200 120GB,-2.5917,51.4535,64,machine,0.6210526315789474,0.0,24.89473684210525,213.20336753443667,N,1.0,0.0
2026-09-27T02:45:24,mobilenet_v3_small_batch6_node_5_exchange,d6d072c0-1d20-424d-817b-a595023548fa,5b0fa12a-3dd7-45bb-9766-cc326314d9f1,4.166565138148144,1.939609136510519e-05,4.6551753595590985e-06,115.41181772160002,200.3768733274606,6.0,3.562806267344949e-05,4.5905592287454056e-05,1.0350570354300242e-07,8.163716066444655e-05,0.0,United Kingdom,GBR,england,,,Linux-6.4.0-150600.23.73_15.0.14-cray_shasta_c_64k-aarch64-with-glibc2.38,3.11.7,3.3.0,72,Neoverse-V2,1,1 x NVIDIA GH200 120GB,-2.5917,51.4535,64,machine,15.8,0.0,24.9,213.38934326171875,N,1.0,0.0
2026-09-27T02:45:38,mobilenet_v3_small_batch6_node_0_evaluate,2e487a55-6631-4d52-9099-1dc3853147a3,5b0fa12a-3dd7-45bb-9766-cc326314d9f1,9.872709555085748,0.00012168230404687626,1.2325117372078854e-05,115.42020984000001,151.49954044841888,6.0,0.00021874436466108835,0.00028707411854611564,6.336136943039795e-06,0.0005121546201502438,0.0,United Kingdom,GBR,england,,,Linux-6.4.0-150600.23.73_15.0.14-cray_shasta_c_64k-aarch64-with-glibc2.38,3.11.7,3.3.0,72,Neoverse-V2,1,1 x NVIDIA GH200 120GB,-2.5917,51.4535,64,machine,21.900000000000002,0.5,24.900000000000002,213.46131388346353,N,1.0,0.0
2026-09-27T02:45:47,mobilenet_v3_small_batch6_node_1_evaluate,4162efcc-27e9-4846-b711-06552798d15e,5b0fa12a-3dd7-45bb-9766-cc326314d9f1,6.92899389192462,7.059541290169119e-05,1.0188407437328882e-05,115.320434688,77.52940269351403,6.0,0.00012443959446684682,0.0001662473552244137,6.44554761160786e-06,0.00029713249730286835,0.0,United Kingdom,GBR,england,,,Linux-6.4.0-150600.23.73_15.0.14-cray_shasta_c_64k-aarch64-with-glibc2.38,3.11.7,3.3.0,72,Neoverse-V2,1,1 x NVIDIA GH200 120GB,-2.5917,51.4535,64,machine,0.0,0.6666666666666666,24.899999999999995,212.98710123697916,N,1.0,0.0
2026-09-27T02:46:01,mobilenet_v3_small_batch6_node_2_evaluate,a9495473-2096-4107-9802-118e38256f79,5b0fa12a-3dd7-45bb-9766-cc326314d9f1,8.003559397999197,8.986332280937994e-05,1.1227919771776142e-05,115.41022545600002,158.23477630589218,6.0,0.00015881345137313518,0.0002128607258384818,6.555971530033276e-06,0.00037823014874165025,0.0,United Kingdom,GBR,england,,,Linux-6.4.0-150600.23.73_15.0.14-cray_shasta_c_64k-aarch64-with-glibc2.38,3.11.7,3.3.0,72,Neoverse-V2,1,1 x NVIDIA GH200 120GB,-2.5917,51.4535,64,machine,0.0,0.75,24.9,213.10467529296875,N,1.0,0.0
2026-09-27T02:46:16,mobilenet_v3_small_batch6_node_3_evaluate,62ea14af-e196-478d-9b31-8b7dc2338e74,5b0fa12a-3dd7-45bb-9766-cc326314d9f1,9.98570488509722,0.0001237894210579373,1.2396663278391298e-05,115.41855432960001,151.6252153669951,6.0,0.0002222649192203947,0.00029225690046530417,6.5015486433791615e-06,0.000521023368329078,0.0,United Kingdom,GBR,england,,,Linux-6.4.0-150600.23.73_15.0.14-cray_shasta_c_64k-aarch64-with-glibc2.38,3.11.7,3.3.0,72,Neoverse-V2,1,1 x NVIDIA GH200 120GB,-2.5917,51.4535,64,machine,0.0,0.3333333333333333,24.900000000000002,213.45938110351562,N,1.0,0.0
2026-09-27T02:46:33,mobilenet_v3_small_batch6_node_4_evaluate,588d9aa0-e3fe-4ef6-b9dd-7a9e87e1bf2f,5b0fa12a-3dd7-45bb-9766-cc326314d9f1,13.552069213008508,0.00018658706589318077,1.3768160637349576e-05,115.39033559588573,152.25939840144815,6.0,0.0003366417261999124,0.0004423722983233347,6.321432476785654e-06,0.0007853354570000327,0.0,United Kingdom,GBR,england,,,Linux-6.4.0-150600.23.73_15.0.14-cray_shasta_c_64k-aarch64-with-glibc2.38,3.11.7,3.3.0,72,Neoverse-V2,1,1 x NVIDIA GH200 120GB,-2.5917,51.4535,64,machine,0.0,0.4,24.970000000000002,213.77249145507812,N,1.0,0.0
2026-09-27T02:47:05,mobilenet_v3_small_batch6_node_5_evaluate,62313f4e-207d-44a8-b359-9082e0fd99c1,5b0fa12a-3dd7-45bb-9766-cc326314d9f1,8.383749749977142,9.548167812603084e-05,1.1388898878606337e-05,115.39244324736,150.3412453554543,6.0,0.0001708977650573032,0.00022466795749664925,6.311797558640441e-06,0.0004018775201125929,0.0,United Kingdom,GBR,england,,,Linux-6.4.0-150600.23.73_15.0.14-cray_shasta_c_64k-aarch64-with-glibc2.38,3.11.7,3.3.0,72,Neoverse-V2,1,1 x NVIDIA GH200 120GB,-2.5917,51.4535,64,machine,0.0,0.8,24.9,213.0436279296875,N,1.0,0.0
2026-09-27T02:47:25,efficientnet_lite0_batch6_node_0_local_train,53a1cb03-22e5-4138-9aeb-b0f401289d7b,5b0fa12a-3dd7-45bb-9766-cc326314d9f1,7.607811963185668,9.457002769675283e-05,1.243064736015806e-05,130.5863804016,162.7719757128724,6.0,0.00017599619214965498,0.0002161412840138155,5.902953724920129e-06,0.0003980404298883906,0.0,United Kingdom,GBR,england,,,Linux-6.4.0-150600.23.73_15.0.14-cray_shasta_c_64k-aarch64-with-glibc2.38,3.11.7,3.3.0,72,Neoverse-V2,1,1 x NVIDIA GH200 120GB,-2.5917,51.4535,64,machine,0.0,12.5,25.425,217.55274963378906,N,1.0,0.0
2026-09-27T02:51:28,efficientnet_lite0_batch6_node_0_evaluate,a951207f-14b3-4914-ab99-1fb6779a99b0,5b0fa12a-3dd7-45bb-9766-cc326314d9f1,7.9139125070068985,8.995433314508193e-05,1.1366606980483707e-05,115.44887826720002,156.07281784501856,6.0,0.00015597935984680542,0.00021623545075044603,6.3983960119852175e-06,0.0003786132066092367,0.0,United Kingdom,GBR,england,,,Linux-6.4.0-150600.23.73_15.0.14-cray_shasta_c_64k-aarch64-with-glibc2.38,3.11.7,3.3.0,72,Neoverse-V2,1,1 x NVIDIA GH200 120GB,-2.5917,51.4535,64,machine,0.0,2.25,25.2,215.58270263671875,N,1.0,0.0
2026-09-27T02:51:48,efficientnet_lite0_batch6_node_1_local_train,a6ce9fef-9bc1-4e49-8b25-9ea57bfcd82d,5b0fa12a-3dd7-45bb-9766-cc326314d9f1,12.163904865039513,0.00016895025036953707,1.3889474822770102e-05,115.329216384,165.79228452070402,6.0,0.0002918051089646237,0.0004128381080334975,6.459781749872491e-06,0.0007111029987479937,0.0,United Kingdom,GBR,england,,,Linux-6.4.0-150600.23.73_15.0.14-cray_shasta_c_64k-aarch64-with-glibc2.38,3.11.7,3.3.0,72,Neoverse-V2,1,1 x NVIDIA GH200 120GB,-2.5917,51.4535,64,machine,0.0,4.888888888888889,25.199999999999996,215.99780951605902,N,1.0,0.0
2026-09-27T02:56:57,efficientnet_lite0_batch6_node_1_evaluate,0699afc4-fc75-431f-89f9-fe60e1d935bb,5b0fa12a-3dd7-45bb-9766-cc326314d9f1,296.7725363939535,0.005320893956646398,1.792919931641898e-05,115.23115790780386,150.2743700970404,6.0,0.009498718552466803,0.012357551830476154,0.0005391012741893064,0.022395371657132263,0.0,United Kingdom,GBR,england,,,Linux-6.4.0-150600.23.73_15.0.14-cray_shasta_c_64k-aarch64-with-glibc2.38,3.11.7,3.3.0,72,Neoverse-V2,1,1 x NVIDIA GH200 120GB,-2.5917,51.4535,64,machine,1.5601351351351351,0.02702702702702703,25.20878378378369,215.85951315390096,N,1.0,0.0
2026-09-27T02:57:16,efficientnet_lite0_batch6_node_2_local_train,12e46d70-644f-459f-98fd-2432517b53d1,5b0fa12a-3dd7-45bb-9766-cc326314d9f1,15.132062992081046,0.00022493469538677695,1.4864773924380992e-05,115.3317826121143,166.1365876184871,6.0,0.0003870737690036766,0.0005507407183813484,8.924189013196155e-06,0.0009467386763982211,0.0,United Kingdom,GBR,england,,,Linux-6.4.0-150600.23.73_15.0.14-cray_shasta_c_64k-aarch64-with-glibc2.38,3.11.7,3.3.0,72,Neoverse-V2,1,1 x NVIDIA GH200 120GB,-2.5917,51.4535,64,machine,10.174999999999999,7.5,25.258333333333336,216.24413045247397,N,1.0,0.0
2026-09-27T02:58:22,efficientnet_lite0_batch6_node_2_evaluate,3df889fd-fe39-4ac3-bb4b-aa0ab14ef330,5b0fa12a-3dd7-45bb-9766-cc326314d9f1,7.966478742891923,9.044728984786379e-05,1.1353484113488063e-05,115.41699487872,156.76615920022562,6.0,0.00015780378422237975,0.0002163273952930922,6.556856748259937e-06,0.0003806880362637319,0.0,United Kingdom,GBR,england,,,Linux-6.4.0-150600.23.73_15.0.14-cray_shasta_c_64k-aarch64-with-glibc2.38,3.11.7,3.3.0,72,Neoverse-V2,1,1 x NVIDIA GH200 120GB,-2.5917,51.4535,64,machine,0.0,2.0,25.2,215.7938690185547,N,1.0,0.0
2026-09-27T02:58:43,efficientnet_lite0_batch6_node_3_local_train,da04ddac-9751-4ee2-aa5d-3af4e673e0bd,5b0fa12a-3dd7-45bb-9766-cc326314d9f1,8.465052413055673,0.00010551724566552635,1.2465043394508322e-05,115.32690748224002,165.23019529047076,6.0,0.00017334893826322735,0.00026344659964649964,7.321174840132395e-06,0.0004441167127498594,0.0,United Kingdom,GBR,england,,,Linux-6.4.0-150600.23.73_15.0.14-cray_shasta_c_64k-aarch64-with-glibc2.38,3.11.7,3.3.0,72,Neoverse-V2,1,1 x NVIDIA GH200 120GB,-2.5917,51.4535,64,machine,0.0,8.8,25.259999999999998,216.2795166015625,N,1.0,0.0
2026-09-27T02:59:50,efficientnet_lite0_batch6_node_3_evaluate,6a23cc70-3ede-464a-bb1a-1014a925a7da,5b0fa12a-3dd7-45bb-9766-cc326314d9f1,6.952039271127433,7.291636106379729e-05,1.048848520845197e-05,115.367813856,81.20623911002285,6.0,0.00012518437342776847,0.00017523764019244936,6.479236285279816e-06,0.00030690124990549766,0.0,United Kingdom,GBR,england,,,Linux-6.4.0-150600.23.73_15.0.14-cray_shasta_c_64k-aarch64-with-glibc2.38,3.11.7,3.3.0,72,Neoverse-V2,1,1 x NVIDIA GH200 120GB,-2.5917,51.4535,64,machine,0.0,4.0,25.2,215.99173990885416,N,1.0,0.0
2026-09-27T02:59:57,efficientnet_lite0_batch6_node_4_local_train,f916c752-521c-4a77-ad9a-1376602c4a6e,5b0fa12a-3dd7-45bb-9766-cc326314d9f1,6.37654025410302,6.718622590859187e-05,1.0536470128195383e-05,115.30390654080001,863.6743670043247,6.0,0.00010669008093920816,0.00017058041423467785,5.512907713418826e-06,0.00028278340288730484,0.0,United Kingdom,GBR,england,,,Linux-6.4.0-150600.23.73_15.0.14-cray_shasta_c_64k-aarch64-with-glibc2.38,3.11.7,3.3.0,72,Neoverse-V2,1,1 x NVIDIA GH200 120GB,-2.5917,51.4535,64,machine,0.0,13.0,25.233333333333334,216.17569986979166,N,1.0,0.0
2026-09-27T03:00:30,efficientnet_lite0_batch6_node_4_evaluate,4f2e68fb-c7ec-4ab9-be77-dd81585b68e0,5b0fa12a-3dd7-45bb-9766-cc326314d9f1,7.8688067509792745,8.865835591750096e-05,1.1267064845183472e-05,115.50400038720001,154.90261108831263,6.0,0.00015486155977563628,0.00021196489178976208,6.332052900300671e-06,0.000373158504465699,0.0,United Kingdom,GBR,england,,,Linux-6.4.0-150600.23.73_15.0.14-cray_shasta_c_64k-aarch64-with-glibc2.38,3.11.7,3.3.0,72,Neoverse-V2,1,1 x NVIDIA GH200 120GB,-2.5917,51.4535,64,machine,0.0,3.0,25.175,215.62969970703125,N,1.0,0.0
2026-09-27T03:00:47,efficientnet_lite0_batch6_node_5_local_train,552f8bf0-116a-43fb-ade1-53fa0d8efa09,5b0fa12a-3dd7-45bb-9766-cc326314d9f1,11.618111941032112,0.00015689131662807826,1.3504028660111239e-05,115.3220204736,163.82532372774347,6.0,0.00027456106197801353,0.0003806630823106616,5.1234165330727894e-06,0.0006603475608217479,0.0,United Kingdom,GBR,england,,,Linux-6.4.0-150600.23.73_15.0.14-cray_shasta_c_64k-aarch64-with-glibc2.38,3.11.7,3.3.0,72,Neoverse-V2,1,1 x NVIDIA GH200 120GB,-2.5917,51.4535,64,machine,4.225,2.875,25.199999999999996,215.8251953125,N,1.0,0.0
2026-09-27T03:01:03,efficientnet_lite0_batch6_node_5_evaluate,d7b54f39-09c4-4016-9618-53ef94a31b4b,5b0fa12a-3dd7-45bb-9766-cc326314d9f1,7.918762526009232,8.991753607096886e-05,1.1354998432600306e-05,115.45764168960001,159.0125796081336,6.0,0.0001563078252253554,0.00021582739486802893,6.323109505077203e-06,0.0003784583295984615,0.0,United Kingdom,GBR,england,,,Linux-6.4.0-150600.23.73_15.0.14-cray_shasta_c_64k-aarch64-with-glibc2.38,3.11.7,3.3.0,72,Neoverse-V2,1,1 x NVIDIA GH200 120GB,-2.5917,51.4535,64,machine,0.0,1.75,25.25,216.2863311767578,N,1.0,0.0
2026-09-27T03:01:07,efficientnet_lite0_batch6_node_3_upload,4d452b07-5225-4d48-aab5-0963ebef8149,5b0fa12a-3dd7-45bb-9766-cc326314d9f1,3.0788225550204515,1.1239472191060026e-06,3.650574851328308e-07,115.20284497920001,1145.6749481051504,6.0,5.627720381409736e-07,4.158058899861317e-06,9.805661781380573e-09,4.730636599783671e-06,0.0,United Kingdom,GBR,england,,,Linux-6.4.0-150600.23.73_15.0.14-cray_shasta_c_64k-aarch64-with-glibc2.38,3.11.7,3.3.0,72,Neoverse-V2,1,1 x NVIDIA GH200 120GB,-2.5917,51.4535,64,machine,0,0,0,0,N,1.0,0.0
2026-09-27T03:01:13,efficientnet_lite0_batch6_node_4_upload,f70ed3c5-efa1-482b-91c2-fb19331fd7db,5b0fa12a-3dd7-45bb-9766-cc326314d9f1,3.0794870799873024,1.1031503313819461e-07,3.582253481597639e-08,115.20284497920001,0.0,6.0,4.58852580890227e-07,0.0,5.45777496881783e-09,4.6431035585904485e-07,0.0,United Kingdom,GBR,england,,,Linux-6.4.0-150600.23.73_15.0.14-cray_shasta_c_64k-aarch64-with-glibc2.38,3.11.7,3.3.0,72,Neoverse-V2,1,1 x NVIDIA GH200 120GB,-2.5917,51.4535,64,machine,0,0,0,0,N,1.0,0.0
2026-09-27T03:01:29,efficientnet_lite0_batch6_node_5_upload,9505153a-ebcc-418d-a7b1-f5d89bfc57dd,5b0fa12a-3dd7-45bb-9766-cc326314d9f1,9.538771223044023,0.00011343677702302507,1.189217923048426e-05,115.20546230674287,150.58808807654395,6.0,0.0002070028058250141,0.0002704413274585704,5.483588514228662e-09,0.0004774496168720988,0.0,United Kingdom,GBR,england,,,Linux-6.4.0-150600.23.73_15.0.14-cray_shasta_c_64k-aarch64-with-glibc2.38,3.11.7,3.3.0,72,Neoverse-V2,1,1 x NVIDIA GH200 120GB,-2.5917,51.4535,64,machine,0.0,0.0,25.3,216.68533325195312,N,1.0,0.0
2026-09-27T03:01:37,efficientnet_lite0_batch6_node_0_exchange,7d1e5b9a-a017-49fd-8540-4bece042ba09,5b0fa12a-3dd7-45bb-9766-cc326314d9f1,4.574198834830895,2.6554122178034458e-05,5.805196305817376e-06,116.62514225280002,143.3377825108164,6.0,4.904283757412903e-05,6.251060555939603e-05,2.1150464618888994e-07,0.00011176494777971395,0.0,United Kingdom,GBR,england,,,Linux-6.4.0-150600.23.73_15.0.14-cray_shasta_c_64k-aarch64-with-glibc2.38,3.11.7,3.3.0,72,Neoverse-V2,1,1 x NVIDIA GH200 120GB,-2.5917,51.4535,64,machine,15.8,0.0,25.2,215.87445068359375,N,1.0,0.0
2026-09-27T03:04:49,efficientnet_lite0_batch6_node_0_evaluate,6769082f-2eeb-4fef-96c0-7a848e538a68,5b0fa12a-3dd7-45bb-9766-cc326314d9f1,13.558430332224816,0.00018796533171798693,1.3863354909988575e-05,115.43492357979429,155.3530726571105,6.0,0.0003366053311873381,0.0004482089696722369,6.322206798552846e-06,0.0007911365076581279,0.0,United Kingdom,GBR,england,,,Linux-6.4.0-150600.23.73_15.0.14-cray_shasta_c_64k-aarch64-with-glibc2.38,3.11.7,3.3.0,72,Neoverse-V2,1,1 x NVIDIA GH200 120GB,-2.5917,51.4535,64,machine,8.040000000000001,1.6,25.199999999999996,215.89696044921874,N,1.0,0.0
2026-09-27T03:05:31,mobilevit_xxs_batch6_node_0_local_train,a4354606-b1ac-4550-9ded-9cdefeae7726,5b0fa12a-3dd7-45bb-9766-cc326314d9f1,8.568234759150073,0.00010568462374943269,1.2334468734831454e-05,115.32161923200002,84.72039177292604,6.0,0.00017688128636775288,0.00025877104035032517,9.16887186196012e-06,0.0004448211985800382,0.0,United Kingdom,GBR,england,,,Linux-6.4.0-150600.23.73_15.0.14-cray_shasta_c_64k-aarch64-with-glibc2.38,3.11.7,3.3.0,72,Neoverse-V2,1,1 x NVIDIA GH200 120GB,-2.5917,51.4535,64,machine,0.0,18.4,25.2,215.86417236328126,N,1.0,0.0
2026-09-27T03:05:45,mobilevit_xxs_batch6_node_0_evaluate,4776195a-e5fc-4809-8a7f-4a2d7798ba0d,5b0fa12a-3dd7-45bb-9766-cc326314d9f1,8.116296282038093,8.999833532313165e-05,1.1088596595753163e-05,115.43077198080002,152.69408151603437,6.0,0.00015889489797632955,0.00021335294846380748,6.550563095370308e-06,0.00037879840953550735,0.0,United Kingdom,GBR,england,,,Linux-6.4.0-150600.23.73_15.0.14-cray_shasta_c_64k-aarch64-with-glibc2.38,3.11.7,3.3.0,72,Neoverse-V2,1,1 x NVIDIA GH200 120GB,-2.5917,51.4535,64,machine,29.924999999999997,3.0,25.2,215.84117126464844,N,1.0,0.0
2026-09-27T03:06:07,mobilevit_xxs_batch6_node_1_local_train,3b5b82d7-8306-468c-bafd-352f098d6982,5b0fa12a-3dd7-45bb-9766-cc326314d9f1,16.399674576008692,0.00024365236676074123,1.485714644101436e-05,115.32451550502859,159.4113787975258,6.0,0.00042748081134337155,0.0005877115812751299,1.0328009255075207e-05,0.0010255204018735768,0.0,United Kingdom,GBR,england,,,Linux-6.4.0-150600.23.73_15.0.14-cray_shasta_c_64k-aarch64-with-glibc2.38,3.11.7,3.3.0,72,Neoverse-V2,1,1 x NVIDIA GH200 120GB,-2.5917,51.4535,64,machine,5.138461538461538,5.6923076923076925,25.238461538461536,216.22334641676682,N,1.0,0.0
2026-09-27T03:07:26,mobilevit_xxs_batch6_node_1_evaluate,f8a32e4b-5db3-4593-a6b2-e755038040b2,5b0fa12a-3dd7-45bb-9766-cc326314d9f1,46.93729998799972,0.0007819011140148865,1.665841695655251e-05,115.30207573804054,152.50810230358502,6.0,0.0014045918357984846,0.0018388489710758904,4.754115784152721e-05,0.0032909819647159023,0.0,United Kingdom,GBR,england,,,Linux-6.4.0-150600.23.73_15.0.14-cray_shasta_c_64k-aarch64-with-glibc2.38,3.11.7,3.3.0,72,Neoverse-V2,1,1 x NVIDIA GH200 120GB,-2.5917,51.4535,64,machine,1.258139534883721,0.27906976744186046,25.253488372093035,216.25375579124272,N,1.0,0.0
2026-09-27T03:07:48,mobilevit_xxs_batch6_node_2_local_train,85e8e651-db20-4ef0-93d0-135596b0dd65,5b0fa12a-3dd7-45bb-9766-cc326314d9f1,12.547769814031199,0.00018047937020006485,1.4383382296210818e-05,115.3240871328,158.97656755794682,6.0,0.00030432812388670756,0.0004411720196060287,1.4128333415137604e-05,0.0007596284769078739,0.0,United Kingdom,GBR,england,,,Linux-6.4.0-150600.23.73_15.0.14-cray_shasta_c_64k-aarch64-with-glibc2.38,3.11.7,3.3.0,72,Neoverse-V2,1,1 x NVIDIA GH200 120GB,-2.5917,51.4535,64,machine,5.388888888888889,14.777777777777779,25.300000000000004,216.62120225694446,N,1.0,0.0
2026-09-27T03:09:07,mobilevit_xxs_batch6_node_2_evaluate,d98ee3e7-b0c1-4872-9607-0f1ca1ef6dc2,5b0fa12a-3dd7-45bb-9766-cc326314d9f1,28.66365731903352,0.00045196612798021864,1.5767915550682353e-05,115.42928340462547,154.3056171615891,6.0,0.0008198731575395236,0.0010757594717176744,6.669783650043731e-06,0.0019023024129072416,0.0,United Kingdom,GBR,england,,,Linux-6.4.0-150600.23.73_15.0.14-cray_shasta_c_64k-aarch64-with-glibc2.38,3.11.7,3.3.0,72,Neoverse-V2,1,1 x NVIDIA GH200 120GB,-2.5917,51.4535,64,machine,1.4080000000000001,0.64,25.2,215.9971923828125,N,1.0,0.0
2026-09-27T03:13:16,mobilevit_xxs_batch6_node_3_local_train,3160bd97-52b5-4e98-b7db-f001810e5c85,5b0fa12a-3dd7-45bb-9766-cc326314d9f1,10.066307330969721,0.00013438530299480405,1.3350009946682034e-05,115.27888359497146,84.82972388858484,6.0,0.00022450890523131235,0.00032945554133334554,1.1656449162013208e-05,0.0005656208957266711,0.0,United Kingdom,GBR,england,,,Linux-6.4.0-150600.23.73_15.0.14-cray_shasta_c_64k-aarch64-with-glibc2.38,3.11.7,3.3.0,72,Neoverse-V2,1,1 x NVIDIA GH200 120GB,-2.5917,51.4535,64,machine,14.666666666666666,19.0,25.233333333333334,216.11260986328125,N,1.0,0.0
2026-09-27T03:13:32,mobilevit_xxs_batch6_node_3_evaluate,27ed9bcb-140c-45a8-a882-d371615f5212,5b0fa12a-3dd7-45bb-9766-cc326314d9f1,12.738867453997955,0.00017271881672030609,1.3558412264200156e-05,115.38666163584001,153.23008945226007,6.0,0.00031059312806166074,0.00040970116108951515,6.670413424726576e-06,0.0007269647025759025,0.0,United Kingdom,GBR,england,,,Linux-6.4.0-150600.23.73_15.0.14-cray_shasta_c_64k-aarch64-with-glibc2.38,3.11.7,3.3.0,72,Neoverse-V2,1,1 x NVIDIA GH200 120GB,-2.5917,51.4535,64,machine,0.0,1.3333333333333333,25.222222222222218,215.89817979600696,N,1.0,0.0
2026-09-27T03:14:02,mobilevit_xxs_batch6_node_4_local_train,199e56da-38c1-4449-a896-cf850991586c,5b0fa12a-3dd7-45bb-9766-cc326314d9f1,22.397660562070087,0.00034721407330000294,1.550224731452542e-05,115.29069757056003,161.9140443785122,6.0,0.0006194251085663807,0.0008332320554700345,8.749186005055283e-06,0.0014614063500414706,0.0,United Kingdom,GBR,england,,,Linux-6.4.0-150600.23.73_15.0.14-cray_shasta_c_64k-aarch64-with-glibc2.38,3.11.7,3.3.0,72,Neoverse-V2,1,1 x NVIDIA GH200 120GB,-2.5917,51.4535,64,machine,0.9736842105263158,2.8421052631578947,25.300000000000008,216.511619166324,N,1.0,0.0
2026-09-27T03:14:15,mobilevit_xxs_batch6_node_4_evaluate,b0ef6054-9a85-43f4-9db3-d7a4e8448f7a,5b0fa12a-3dd7-45bb-9766-cc326314d9f1,6.974147806875408,7.248414128463025e-05,1.039326141226493e-05,115.3660664592,79.99743365938772,6.0,0.00012577411509236619,0.00017281986046668862,6.488083309959621e-06,0.0003050820588690144,0.0,United Kingdom,GBR,england,,,Linux-6.4.0-150600.23.73_15.0.14-cray_shasta_c_64k-aarch64-with-glibc2.38,3.11.7,3.3.0,72,Neoverse-V2,1,1 x NVIDIA GH200 120GB,-2.5917,51.4535,64,machine,0.0,2.6666666666666665,25.3,216.68094889322916,N,1.0,0.0
2026-09-27T03:14:53,mobilevit_xxs_batch6_node_5_local_train,1277cd41-4bd7-4046-ba7a-0a9c1c924d03,5b0fa12a-3dd7-45bb-9766-cc326314d9f1,16.817687472095713,0.00024907552323561214,1.4810331304401028e-05,115.29240036480002,159.35290917133224,6.0,0.0004407726203241352,0.0005994249239904548,8.14864694684123e-06,0.001048346191261431,0.0,United Kingdom,GBR,england,,,Linux-6.4.0-150600.23.73_15.0.14-cray_shasta_c_64k-aarch64-with-glibc2.38,3.11.7,3.3.0,72,Neoverse-V2,1,1 x NVIDIA GH200 120GB,-2.5917,51.4535,64,machine,1.9307692307692308,5.230769230769231,25.199999999999992,215.84162785456732,N,1.0,0.0
2026-09-27T03:15:02,mobilevit_xxs_batch6_node_5_evaluate,acd61406-f4fa-49ac-ba04-5c9611a8198d,5b0fa12a-3dd7-45bb-9766-cc326314d9f1,7.973959350027144,8.978136703703638e-05,1.1259320883888224e-05,115.4270286144,153.94094737327123,6.0,0.00015765982575685625,0.0002137360043263925,6.489370986819267e-06,0.000377885201070068,0.0,United Kingdom,GBR,england,,,Linux-6.4.0-150600.23.73_15.0.14-cray_shasta_c_64k-aarch64-with-glibc2.38,3.11.7,3.3.0,72,Neoverse-V2,1,1 x NVIDIA GH200 120GB,-2.5917,51.4535,64,machine,0.0,3.0,25.275000000000002,216.35154724121094,N,1.0,0.0
2026-09-27T03:15:50,mobilevit_xxs_batch6_node_0_upload,89bed6af-8033-42cd-a402-2e985f6738f5,5b0fa12a-3dd7-45bb-9766-cc326314d9f1,3.0709928038995713,1.0961106569718008e-06,3.5692387672805703e-07,115.20284497920001,1448.0839324366104,6.0,4.291299907620198e-07,4.178892240247478e-06,5.4516965368141734e-09,4.6134739275463125e-06,0.0,United Kingdom,GBR,england,,,Linux-6.4.0-150600.23.73_15.0.14-cray_shasta_c_64k-aarch64-with-glibc2.38,3.11.7,3.3.0,72,Neoverse-V2,1,1 x NVIDIA GH200 120GB,-2.5917,51.4535,64,machine,0,0,0,0,N,1.0,0.0
2026-09-27T03:16:04,mobilevit_xxs_batch6_node_1_upload,2bea123d-01d9-469b-8c2e-79cbc0483d30,5b0fa12a-3dd7-45bb-9766-cc326314d9f1,4.568656680174172,2.6330577071431835e-05,5.763308323362137e-06,115.203545856,150.16710771734824,6.0,4.816919572278957e-05,6.264949455214719e-05,5.3675367962569e-09,0.00011082405781173302,0.0,United Kingdom,GBR,england,,,Linux-6.4.0-150600.23.73_15.0.14-cray_shasta_c_64k-aarch64-with-glibc2.38,3.11.7,3.3.0,72,Neoverse-V2,1,1 x NVIDIA GH200 120GB,-2.5917,51.4535,64,machine,0.0,0.0,25.2,215.7857666015625,N,1.0,0.0
2026-09-27T03:16:16,mobilevit_xxs_batch6_node_2_upload,56abe8dc-fbbf-4a11-9193-632e5106009c,5b0fa12a-3dd7-45bb-9766-cc326314d9f1,4.0787002691067755,1.7630111374276337e-05,4.322482705535331e-06,115.20497819520003,148.6596345943674,6.0,3.247347942456276e-05,4.172531114932099e-05,5.4502549270788825e-09,7.420424082881083e-05,0.0,United Kingdom,GBR,england,,,Linux-6.4.0-150600.23.73_15.0.14-cray_shasta_c_64k-aarch64-with-glibc2.38,3.11.7,3.3.0,72,Neoverse-V2,1,1 x NVIDIA GH200 120GB,-2.5917,51.4535,64,machine,0.0,0.0,25.2,216.1739501953125,N,1.0,0.0
2026-09-27T03:16:41,mobilevit_xxs_batch6_node_4_upload,846aaa35-394e-4b97-acd5-29545efbdda5,5b0fa12a-3dd7-45bb-9766-cc326314d9f1,15.476251711836085,0.00021727207581385567,1.4039063195624309e-05,115.20241191581542,150.0745733525859,6.0,0.00039719296779386966,0.000517288747161615,5.38593662592272e-09,0.0009144871008921106,0.0,United Kingdom,GBR,england,,,Linux-6.4.0-150600.23.73_15.0.14-cray_shasta_c_64k-aarch64-with-glibc2.38,3.11.7,3.3.0,72,Neoverse-V2,1,1 x NVIDIA GH200 120GB,-2.5917,51.4535,64,machine,0.5166666666666667,0.0,25.25,216.1955769856771,N,1.0,0.0
2026-09-27T03:16:46,mobilevit_xxs_batch6_node_5_upload,6000d52b-958d-4ff9-bb92-b374ba4dfef8,5b0fa12a-3dd7-45bb-9766-cc326314d9f1,4.479405282996595,2.4665424498121108e-05,5.506406082912113e-06,115.20284497920001,148.79152824043487,6.0,4.5359764334724206e-05,5.844976897151355e-05,5.982134801646073e-09,0.0001038155154410394,0.0,United Kingdom,GBR,england,,,Linux-6.4.0-150600.23.73_15.0.14-cray_shasta_c_64k-aarch64-with-glibc2.38,3.11.7,3.3.0,72,Neoverse-V2,1,1 x NVIDIA GH200 120GB,-2.5917,51.4535,64,machine,0.0,0.0,25.3,216.3245849609375,N,1.0,0.0
2026-09-27T03:17:45,mobilevit_xxs_batch6_node_0_exchange,a2a714af-f15c-4809-9042-11368bc79bf4,5b0fa12a-3dd7-45bb-9766-cc326314d9f1,3.109887947095558,1.0829823841062587e-07,3.4823839396454684e-08,115.20284497920001,0.0,6.0,4.504537512034525e-07,0.0,5.36801836763819e-09,4.558217695710907e-07,0.0,United Kingdom,GBR,england,,,Linux-6.4.0-150600.23.73_15.0.14-cray_shasta_c_64k-aarch64-with-glibc2.38,3.11.7,3.3.0,72,Neoverse-V2,1,1 x NVIDIA GH200 120GB,-2.5917,51.4535,64,machine,0,0,0,0,N,1.0,0.0
2026-09-27T03:18:06,mobilevit_xxs_batch6_node_3_exchange,f4e94b84-5071-4dff-8652-d25b7d97f195,5b0fa12a-3dd7-45bb-9766-cc326314d9f1,3.103117441991344,9.990672990422757e-08,3.219560064092033e-08,115.20284497920001,0.0,6.0,4.150612558803357e-07,0.0,5.441081787769993e-09,4.205023376681057e-07,0.0,United Kingdom,GBR,england,,,Linux-6.4.0-150600.23.73_15.0.14-cray_shasta_c_64k-aarch64-with-glibc2.38,3.11.7,3.3.0,72,Neoverse-V2,1,1 x NVIDIA GH200 120GB,-2.5917,51.4535,64,machine,0,0,0,0,N,1.0,0.0
2026-09-27T03:18:19,mobilevit_xxs_batch6_node_0_evaluate,bbfa4483-fadd-4a33-8e58-b19fc778198e,5b0fa12a-3dd7-45bb-9766-cc326314d9f1,11.439086947124451,0.00015096622028575051,1.319740124221193e-05,115.44940566144001,154.8307240596755,6.0,0.0002691288851542225,0.00035981195452450265,6.468292418091248e-06,0.0006354091320968164,0.0,United Kingdom,GBR,england,,,Linux-6.4.0-150600.23.73_15.0.14-cray_shasta_c_64k-aarch64-with-glibc2.38,3.11.7,3.3.0,72,Neoverse-V2,1,1 x NVIDIA GH200 120GB,-2.5917,51.4535,64,machine,0.0,1.75,25.25,216.2578353881836,N,1.0,0.0
2026-09-27T03:18:34,mobilevit_xxs_batch6_node_3_evaluate,7093ef0c-b72d-4136-bfc5-fb2e4f9e115e,5b0fa12a-3dd7-45bb-9766-cc326314d9f1,10.055778942070901,0.00012654684612603857,1.2584489660626662e-05,115.41635177760001,154.80176509217864,6.0,0.00022473544633234955,0.00030124274098852766,6.651042677306881e-06,0.0005326292299981841,0.0,United Kingdom,GBR,england,,,Linux-6.4.0-150600.23.73_15.0.14-cray_shasta_c_64k-aarch64-with-glibc2.38,3.11.7,3.3.0,72,Neoverse-V2,1,1 x NVIDIA GH200 120GB,-2.5917,51.4535,64,machine,2.1,1.3333333333333333,25.3,216.45767211914062,N,1.0,0.0
2026-09-27T03:19:50,mobilenet_v3_small_batch7_node_0_local_train,cbcd2220-f3d8-417c-9e7e-4a5e383e7ba8,5b0fa12a-3dd7-45bb-9766-cc326314d9f1,8.82125983107835,0.00010627542694685438,1.204764727283436e-05,115.4142475488,216.8149609168854,6.0,0.00018438925874211665,0.0002533607582364539,9.557842168336113e-06,0.0004473078591469066,0.0,United Kingdom,GBR,england,,,Linux-6.4.0-150600.23.73_15.0.14-cray_shasta_c_64k-aarch64-with-glibc2.38,3.11.7,3.3.0,72,Neoverse-V2,1,1 x NVIDIA GH200 120GB,-2.5917,51.4535,64,machine,0.0,5.6,25.0,213.82969970703124,N,1.0,0.0
2026-09-27T03:22:02,mobilenet_v3_small_batch7_node_0_evaluate,3a81dea8-7bf1-4a10-a2ef-91f324bb3264,5b0fa12a-3dd7-45bb-9766-cc326314d9f1,56.57682951609604,0.0009539226675316664,1.6860659667404595e-05,115.27716990898288,150.78826687532268,6.0,0.0017136274928498988,0.002235427621670283,6.59568074613344e-05,0.004015011921981516,0.0,United Kingdom,GBR,england,,,Linux-6.4.0-150600.23.73_15.0.14-cray_shasta_c_64k-aarch64-with-glibc2.38,3.11.7,3.3.0,72,Neoverse-V2,1,1 x NVIDIA GH200 120GB,-2.5917,51.4535,64,machine,2.707547169811321,0.09433962264150944,25.024528301886814,214.3409746278007,N,1.0,0.0
2026-09-27T03:22:27,mobilenet_v3_small_batch7_node_1_local_train,f117b14a-ea64-4e23-8c49-0d1ca20fc7cf,5b0fa12a-3dd7-45bb-9766-cc326314d9f1,8.798042627982795,0.00010566980665656768,1.2010604076920179e-05,115.40197728000001,78.7052532224783,6.0,0.00018473072234582937,0.0002504740892703694,9.554022574642051e-06,0.0004447588341908408,0.0,United Kingdom,GBR,england,,,Linux-6.4.0-150600.23.73_15.0.14-cray_shasta_c_64k-aarch64-with-glibc2.38,3.11.7,3.3.0,72,Neoverse-V2,1,1 x NVIDIA GH200 120GB,-2.5917,51.4535,64,machine,0.0,5.8,25.0,214.39351806640624,N,1.0,0.0
2026-09-27T03:22:41,mobilenet_v3_small_batch7_node_1_evaluate,d6e4f670-77c3-471c-b3f0-f3db5cb969ae,5b0fa12a-3dd7-45bb-9766-cc326314d9f1,7.967545130988583,8.86668310510483e-05,1.1128500635182076e-05,115.65933752160001,150.99706464927647,6.0,0.00015846126352117004,0.0002082232221312097,6.509690218760322e-06,0.00037319417587114006,0.0,United Kingdom,GBR,england,,,Linux-6.4.0-150600.23.73_15.0.14-cray_shasta_c_64k-aarch64-with-glibc2.38,3.11.7,3.3.0,72,Neoverse-V2,1,1 x NVIDIA GH200 120GB,-2.5917,51.4535,64,machine,0.0,0.5,25.049999999999997,214.63369750976562,N,1.0,0.0
2026-09-27T03:23:00,mobilenet_v3_small_batch7_node_2_local_train,b2a1e276-8b85-43e6-82c6-017c52fff658,5b0fa12a-3dd7-45bb-9766-cc326314d9f1,16.033701669890434,0.00023421937533125298,1.4607941456905847e-05,115.43077444320002,154.21431407721786,6.0,0.00041649259307203324,0.00055731266807868,1.2012160241914292e-05,0.0009858174213926275,0.0,United Kingdom,GBR,england,,,Linux-6.4.0-150600.23.73_15.0.14-cray_shasta_c_64k-aarch64-with-glibc2.38,3.11.7,3.3.0,72,Neoverse-V2,1,1 x NVIDIA GH200 120GB,-2.5917,51.4535,64,machine,1.7583333333333335,3.0833333333333335,25.099999999999998,214.77301534016928,N,1.0,0.0
2026-09-27T03:23:19,mobilenet_v3_small_batch7_node_2_evaluate,ea719203-a3b2-43e1-8ed1-7b1fecf58f8a,5b0fa12a-3dd7-45bb-9766-cc326314d9f1,9.030036940937862,0.00010751405687422347,1.1906269883216784e-05,115.637900256,152.04404710815993,6.0,0.00019222126123402447,0.00025370825854054146,6.591669650127489e-06,0.0004525211894246934,0.0,United Kingdom,GBR,england,,,Linux-6.4.0-150600.23.73_15.0.14-cray_shasta_c_64k-aarch64-with-glibc2.38,3.11.7,3.3.0,72,Neoverse-V2,1,1 x NVIDIA GH200 120GB,-2.5917,51.4535,64,machine,2.3600000000000003,0.6,25.0,214.31749267578124,N,1.0,0.0
2026-09-27T03:23:36,mobilenet_v3_small_batch7_node_3_local_train,49a498e3-3d1f-4d51-9b15-881c772ae5c6,5b0fa12a-3dd7-45bb-9766-cc326314d9f1,9.679122654953972,0.00012187903047406686,1.259195020239636e-05,115.39105158034288,78.80346946764442,6.0,0.00021277436173979404,0.00028919356468293245,1.1014705239795148e-05,0.0005129826316625217,0.0,United Kingdom,GBR,england,,,Linux-6.4.0-150600.23.73_15.0.14-cray_shasta_c_64k-aarch64-with-glibc2.38,3.11.7,3.3.0,72,Neoverse-V2,1,1 x NVIDIA GH200 120GB,-2.5917,51.4535,64,machine,0.0,5.0,25.099999999999998,214.86123657226562,N,1.0,0.0
2026-09-27T03:23:49,mobilenet_v3_small_batch7_node_3_evaluate,022bae38-2bd7-4908-88df-c4875797744b,5b0fa12a-3dd7-45bb-9766-cc326314d9f1,8.023045954992995,8.996626632936129e-05,1.1213480121396093e-05,115.64565228000002,151.42801823268144,6.0,0.00016013489993096765,0.0002119471139963025,6.581418846811479e-06,0.00037866343277408166,0.0,United Kingdom,GBR,england,,,Linux-6.4.0-150600.23.73_15.0.14-cray_shasta_c_64k-aarch64-with-glibc2.38,3.11.7,3.3.0,72,Neoverse-V2,1,1 x NVIDIA GH200 120GB,-2.5917,51.4535,64,machine,0.0,0.75,25.175,215.45843505859375,N,1.0,0.0
2026-09-27T03:24:07,mobilenet_v3_small_batch7_node_4_local_train,1e478f0e-b8f8-4e4a-a6b2-f68318381dd8,5b0fa12a-3dd7-45bb-9766-cc326314d9f1,11.9309445861727,0.00015919822694464986,1.334330453006644e-05,115.45439816448001,152.78336319580177,6.0,0.0002847320477550171,0.00037722752401236903,8.097657080118854e-06,0.000670057228847505,0.0,United Kingdom,GBR,england,,,Linux-6.4.0-150600.23.73_15.0.14-cray_shasta_c_64k-aarch64-with-glibc2.38,3.11.7,3.3.0,72,Neoverse-V2,1,1 x NVIDIA GH200 120GB,-2.5917,51.4535,64,machine,0.0,2.625,25.199999999999996,215.72977447509766,N,1.0,0.0
2026-09-27T03:24:19,mobilenet_v3_small_batch7_node_4_evaluate,8ee7965f-ec13-485a-b3da-07ef44717fe3,5b0fa12a-3dd7-45bb-9766-cc326314d9f1,10.917138959048316,0.00014080283696280574,1.2897411811920365e-05,115.66018225440001,153.05275377082427,6.0,0.0002527129019703735,0.00033352165570477155,6.397411661843458e-06,0.0005926319693369884,0.0,United Kingdom,GBR,england,,,Linux-6.4.0-150600.23.73_15.0.14-cray_shasta_c_64k-aarch64-with-glibc2.38,3.11.7,3.3.0,72,Neoverse-V2,1,1 x NVIDIA GH200 120GB,-2.5917,51.4535,64,machine,23.342857142857145,0.42857142857142855,25.02857142857143,214.31300571986608,N,1.0,0.0
2026-09-27T03:24:29,mobilenet_v3_small_batch7_node_5_local_train,7987b683-70be-4412-8043-99094addb2ba,5b0fa12a-3dd7-45bb-9766-cc326314d9f1,9.322006118949503,0.0001146951889078678,1.2303702383837611e-05,115.44910899839999,155.17878526880406,6.0,0.00020133172154495507,0.00027344271876472703,7.971768091665582e-06,0.0004827462084013477,0.0,United Kingdom,GBR,england,,,Linux-6.4.0-150600.23.73_15.0.14-cray_shasta_c_64k-aarch64-with-glibc2.38,3.11.7,3.3.0,72,Neoverse-V2,1,1 x NVIDIA GH200 120GB,-2.5917,51.4535,64,machine,4.533333333333333,3.3333333333333335,25.016666666666666,214.40607706705728,N,1.0,0.0
2026-09-27T03:26:10,mobilenet_v3_small_batch7_node_5_evaluate,7e5ca336-bd02-41ab-bc46-e0f50e65974f,5b0fa12a-3dd7-45bb-9766-cc326314d9f1,98.23431165586226,0.0017176026187489775,1.748475242302446e-05,115.30595165592462,131.84554368870147,6.0,0.0030466673405142196,0.0039741195681841646,0.00020851503183327925,0.007229301940531664,0.0,United Kingdom,GBR,england,,,Linux-6.4.0-150600.23.73_15.0.14-cray_shasta_c_64k-aarch64-with-glibc2.38,3.11.7,3.3.0,72,Neoverse-V2,1,1 x NVIDIA GH200 120GB,-2.5917,51.4535,64,machine,1.9147368421052633,0.031578947368421054,24.03894736842106,205.9231201171875,N,1.0,0.0
2026-09-27T03:28:13,mobilenet_v3_small_batch7_node_0_upload,d0999401-1ad5-4176-bef2-48819a6e2b96,5b0fa12a-3dd7-45bb-9766-cc326314d9f1,4.085224475013092,1.766630919623318e-05,4.3244402613094015e-06,115.2039693888,146.81459128277876,6.0,3.27488823880147e-05,4.160169994804619e-05,6.01328172100087e-09,7.435659561778188e-05,0.0,United Kingdom,GBR,england,,,Linux-6.4.0-150600.23.73_15.0.14-cray_shasta_c_64k-aarch64-with-glibc2.38,3.11.7,3.3.0,72,Neoverse-V2,1,1 x NVIDIA GH200 120GB,-2.5917,51.4535,64,machine,0.0,0.0,25.3,216.67333984375,N,1.0,0.0
2026-09-27T03:28:25,mobilenet_v3_small_batch7_node_1_upload,6f68b9af-564e-4c64-bc0d-b79af4f926e0,5b0fa12a-3dd7-45bb-9766-cc326314d9f1,9.158660935005173,0.00010672507028320751,1.1652912040372114e-05,115.2025786697143,149.83832991593343,6.0,0.00019530565824307607,0.0002538893697732192,5.35703186566631e-09,0.00044920038504816097,0.0,United Kingdom,GBR,england,,,Linux-6.4.0-150600.23.73_15.0.14-cray_shasta_c_64k-aarch64-with-glibc2.38,3.11.7,3.3.0,72,Neoverse-V2,1,1 x NVIDIA GH200 120GB,-2.5917,51.4535,64,machine,0.0,0.0,25.400000000000002,217.57081095377603,N,1.0,0.0
2026-09-27T03:28:39,mobilenet_v3_small_batch7_node_2_upload,0a3cd947-ac92-48a7-ae27-224d6fa2b589,5b0fa12a-3dd7-45bb-9766-cc326314d9f1,4.083840223029256,1.7634293335065515e-05,4.318066420822161e-06,115.20284497920001,147.7067717277301,6.0,3.2602818101415006e-05,4.160919995399581e-05,9.824433363974094e-09,7.42218424887748e-05,0.0,United Kingdom,GBR,england,,,Linux-6.4.0-150600.23.73_15.0.14-cray_shasta_c_64k-aarch64-with-glibc2.38,3.11.7,3.3.0,72,Neoverse-V2,1,1 x NVIDIA GH200 120GB,-2.5917,51.4535,64,machine,0.0,0.0,25.2,216.07965087890625,N,1.0,0.0
2026-09-27T03:28:48,mobilenet_v3_small_batch7_node_4_upload,acf19e98-648d-4224-a00a-8b6bd7f6cfe3,5b0fa12a-3dd7-45bb-9766-cc326314d9f1,3.0790940830484033,1.175154959303018e-06,3.81656074029273e-07,115.20349920000002,1527.880268384193,6.0,7.683911437589519e-07,4.1722255446075e-06,5.550681768606107e-09,4.946167370135057e-06,0.0,United Kingdom,GBR,england,,,Linux-6.4.0-150600.23.73_15.0.14-cray_shasta_c_64k-aarch64-with-glibc2.38,3.11.7,3.3.0,72,Neoverse-V2,1,1 x NVIDIA GH200 120GB,-2.5917,51.4535,64,machine,0,0,0,0,N,1.0,0.0
2026-09-27T03:29:01,mobilenet_v3_small_batch7_node_5_upload,c1a4c25c-ef5a-47e0-b189-4b2ebfc5965a,5b0fa12a-3dd7-45bb-9766-cc326314d9f1,4.07076050597243,1.7591298748551425e-05,4.3213789469418035e-06,115.20284497920001,148.0143925296194,6.0,3.246036869147569e-05,4.15750332507514e-05,5.478521731371681e-09,7.404088046395846e-05,0.0,United Kingdom,GBR,england,,,Linux-6.4.0-150600.23.73_15.0.14-cray_shasta_c_64k-aarch64-with-glibc2.38,3.11.7,3.3.0,72,Neoverse-V2,1,1 x NVIDIA GH200 120GB,-2.5917,51.4535,64,machine,0.0,0.0,25.3,216.5390625,N,1.0,0.0
2026-09-27T03:29:20,mobilenet_v3_small_batch7_node_0_exchange,d1aeaf93-513a-47e5-bcd3-b812fd66f11d,5b0fa12a-3dd7-45bb-9766-cc326314d9f1,4.164675493957475,1.9432203727813404e-05,4.6659586697709285e-06,115.735530528,195.47224952275636,6.0,3.576662491041094e-05,4.5908647834380645e-05,1.1388301500119269e-07,8.178915575979277e-05,0.0,United Kingdom,GBR,england,,,Linux-6.4.0-150600.23.73_15.0.14-cray_shasta_c_64k-aarch64-with-glibc2.38,3.11.7,3.3.0,72,Neoverse-V2,1,1 x NVIDIA GH200 120GB,-2.5917,51.4535,64,machine,0.0,0.0,25.3,216.6142578125,N,1.0,0.0
2026-09-27T03:29:29,mobilenet_v3_small_batch7_node_1_exchange,bda61fd5-ea60-4a79-a64b-949ff275714e,5b0fa12a-3dd7-45bb-9766-cc326314d9f1,4.599558236077428,2.7643399435729467e-05,6.010011835246198e-06,115.54252709760001,204.42971575516665,6.0,4.94419722100181e-05,6.680338677256259e-05,1.0430129516559342e-07,0.0001163496602777463,0.0,United Kingdom,GBR,england,,,Linux-6.4.0-150600.23.73_15.0.14-cray_shasta_c_64k-aarch64-with-glibc2.38,3.11.7,3.3.0,72,Neoverse-V2,1,1 x NVIDIA GH200 120GB,-2.5917,51.4535,64,machine,0.0,0.0,25.3,216.659912109375,N,1.0,0.0
2026-09-27T03:29:40,mobilenet_v3_small_batch7_node_2_exchange,05b8d75f-df8c-4604-bcab-caefb76368f8,5b0fa12a-3dd7-45bb-9766-cc326314d9f1,3.1243861010298133,1.6344844447440893e-06,5.231377915185818e-07,115.7515527168,127.35737572465692,6.0,2.547144343738569e-06,4.223058937213864e-06,1.0925849860844514e-07,6.879461779560878e-06,0.0,United Kingdom,GBR,england,,,Linux-6.4.0-150600.23.73_15.0.14-cray_shasta_c_64k-aarch64-with-glibc2.38,3.11.7,3.3.0,72,Neoverse-V2,1,1 x NVIDIA GH200 120GB,-2.5917,51.4535,64,machine,0,0,0,0,N,1.0,0.0
2026-09-27T03:29:59,mobilenet_v3_small_batch7_node_3_exchange,a05c678a-4a57-4d35-87c2-104fbf38e0f7,5b0fa12a-3dd7-45bb-9766-cc326314d9f1,9.34859544201754,0.00011038792151774163,1.1807968609016904e-05,115.44757043657145,203.070208445917,6.0,0.000201587586001652,0.00026292104367087177,1.0850966364766159e-07,0.0004646171393361714,0.0,United Kingdom,GBR,england,,,Linux-6.4.0-150600.23.73_15.0.14-cray_shasta_c_64k-aarch64-with-glibc2.38,3.11.7,3.3.0,72,Neoverse-V2,1,1 x NVIDIA GH200 120GB,-2.5917,51.4535,64,machine,0.0,0.0,25.25,216.20335896809897,N,1.0,0.0
2026-09-27T03:30:06,mobilenet_v3_small_batch7_node_4_exchange,eac559b0-08a3-49ad-a3c7-1158777979f8,5b0fa12a-3dd7-45bb-9766-cc326314d9f1,3.125483673065901,1.6041607584209665e-06,5.132520039202082e-07,115.3441152,126.29762608191692,6.0,2.449096648103214e-06,4.19750335822755e-06,1.0523092195702096e-07,6.751830928287785e-06,0.0,United Kingdom,GBR,england,,,Linux-6.4.0-150600.23.73_15.0.14-cray_shasta_c_64k-aarch64-with-glibc2.38,3.11.7,3.3.0,72,Neoverse-V2,1,1 x NVIDIA GH200 120GB,-2.5917,51.4535,64,machine,0,0,0,0,N,1.0,0.0
2026-09-27T03:30:34,mobilenet_v3_small_batch7_node_5_exchange,a76c8c34-27fc-48f0-a566-0eec86c04985,5b0fa12a-3dd7-45bb-9766-cc326314d9f1,10.082840459188446,0.0001238965826195818,1.2287865023855992e-05,115.79851435062858,200.89133255277827,6.0,0.00022508564292033828,0.0002962785703601867,1.1019260350925226e-07,0.0005214744058840342,0.0,United Kingdom,GBR,england,,,Linux-6.4.0-150600.23.73_15.0.14-cray_shasta_c_64k-aarch64-with-glibc2.38,3.11.7,3.3.0,72,Neoverse-V2,1,1 x NVIDIA GH200 120GB,-2.5917,51.4535,64,machine,0.0,0.0,25.25714285714286,216.32465471540178,N,1.0,0.0
2026-09-27T03:31:05,mobilenet_v3_small_batch7_node_0_evaluate,0c34e891-ff33-4f1f-8f10-292396595917,5b0fa12a-3dd7-45bb-9766-cc326314d9f1,13.102229468058795,0.0001782941948377336,1.36079279692351e-05,115.72751778212572,151.12735456647204,6.0,0.00032297201782112986,0.0004210645035129801,6.394663770139838e-06,0.0007504311851042498,0.0,United Kingdom,GBR,england,,,Linux-6.4.0-150600.23.73_15.0.14-cray_shasta_c_64k-aarch64-with-glibc2.38,3.11.7,3.3.0,72,Neoverse-V2,1,1 x NVIDIA GH200 120GB,-2.5917,51.4535,64,machine,2.9899999999999998,0.4,25.300000000000004,216.5076477050781,N,1.0,0.0
2026-09-27T03:31:20,mobilenet_v3_small_batch7_node_1_evaluate,80bcd0e8-e302-488b-bbc7-7efdcc41d656,5b0fa12a-3dd7-45bb-9766-cc326314d9f1,7.9844336428213865,8.856932601974246e-05,1.1092749965975737e-05,115.60502579040002,153.8016642770512,6.0,0.00015875743964758964,0.00020756572160962605,6.460620903332408e-06,0.0003727837821605481,0.0,United Kingdom,GBR,england,,,Linux-6.4.0-150600.23.73_15.0.14-cray_shasta_c_64k-aarch64-with-glibc2.38,3.11.7,3.3.0,72,Neoverse-V2,1,1 x NVIDIA GH200 120GB,-2.5917,51.4535,64,machine,2.775,0.75,25.325,216.9529266357422,N,1.0,0.0
2026-09-27T03:31:34,mobilenet_v3_small_batch7_node_2_evaluate,dedc1cff-0539-429c-b614-edb690b079d6,5b0fa12a-3dd7-45bb-9766-cc326314d9f1,7.015601965133101,7.23720989223491e-05,1.0315878706065681e-05,115.52446059840001,77.62946946979541,6.0,0.00012766524182146653,0.00017035652517449762,6.58871127680565e-06,0.0003046104782727698,0.0,United Kingdom,GBR,england,,,Linux-6.4.0-150600.23.73_15.0.14-cray_shasta_c_64k-aarch64-with-glibc2.38,3.11.7,3.3.0,72,Neoverse-V2,1,1 x NVIDIA GH200 120GB,-2.5917,51.4535,64,machine,0.0,0.6666666666666666,25.2,215.86271158854166,N,1.0,0.0
2026-09-27T03:31:55,mobilenet_v3_small_batch7_node_3_evaluate,1ee8f670-96b5-4866-a788-f27d5aaa5479,5b0fa12a-3dd7-45bb-9766-cc326314d9f1,14.193384629907086,0.00019728510588317308,1.389979282795386e-05,115.71831078336001,151.47304528595055,6.0,0.00035774066740581757,0.0004661381506991802,6.484144335069384e-06,0.0008303629624400671,0.0,United Kingdom,GBR,england,,,Linux-6.4.0-150600.23.73_15.0.14-cray_shasta_c_64k-aarch64-with-glibc2.38,3.11.7,3.3.0,72,Neoverse-V2,1,1 x NVIDIA GH200 120GB,-2.5917,51.4535,64,machine,3.2818181818181817,0.36363636363636365,25.245454545454546,216.25365656072444,N,1.0,0.0
2026-09-27T03:32:46,mobilenet_v3_small_batch7_node_4_evaluate,1f86b6c4-1de1-404a-9037-dccc9cd2a754,5b0fa12a-3dd7-45bb-9766-cc326314d9f1,8.56735142506659,9.908461908276171e-05,1.1565373493709764e-05,115.59533204736002,152.15822094926006,6.0,0.00017732373843975814,0.0002333457422309948,6.3726344219564146e-06,0.00041704211509270935,0.0,United Kingdom,GBR,england,,,Linux-6.4.0-150600.23.73_15.0.14-cray_shasta_c_64k-aarch64-with-glibc2.38,3.11.7,3.3.0,72,Neoverse-V2,1,1 x NVIDIA GH200 120GB,-2.5917,51.4535,64,machine,22.1,0.6,25.2,216.03599853515624,N,1.0,0.0
2026-09-27T03:33:04,mobilenet_v3_small_batch7_node_5_evaluate,319bb86e-c441-49ec-a76f-0dc7f969d683,5b0fa12a-3dd7-45bb-9766-cc326314d9f1,11.171874328050762,0.00014470859590261036,1.2952938034692225e-05,115.69214583936002,151.77595430966826,6.0,0.00026095265851747623,0.00034179305121995185,6.325400047159443e-06,0.0006090711097845875,0.0,United Kingdom,GBR,england,,,Linux-6.4.0-150600.23.73_15.0.14-cray_shasta_c_64k-aarch64-with-glibc2.38,3.11.7,3.3.0,72,Neoverse-V2,1,1 x NVIDIA GH200 120GB,-2.5917,51.4535,64,machine,0.0,0.5,25.300000000000004,216.47898864746094,N,1.0,0.0
2026-09-27T03:33:41,efficientnet_lite0_batch7_node_0_local_train,73fddd19-2c4d-43ab-870f-e6936cd2dc27,5b0fa12a-3dd7-45bb-9766-cc326314d9f1,6.891090265940875,7.587288885802292e-05,1.1010288057468018e-05,115.8630855696,89.14586352093451,6.0,0.00012411796121682833,0.0001888657066331234,6.3614569581113754e-06,0.00031934512480806315,0.0,United Kingdom,GBR,england,,,Linux-6.4.0-150600.23.73_15.0.14-cray_shasta_c_64k-aarch64-with-glibc2.38,3.11.7,3.3.0,72,Neoverse-V2,1,1 x NVIDIA GH200 120GB,-2.5917,51.4535,64,machine,3.5,8.0,25.866666666666664,221.43646240234375,N,1.0,0.0
2026-09-27T03:34:01,efficientnet_lite0_batch7_node_0_evaluate,91beac47-0c6c-46fe-b187-c977b2c4fdc5,5b0fa12a-3dd7-45bb-9766-cc326314d9f1,6.970509537961334,7.289959520412368e-05,1.0458287849276028e-05,115.45221624480001,80.50227480673429,6.0,0.0001259007495744719,0.00017442430619496463,6.50562748662196e-06,0.0003068306832560585,0.0,United Kingdom,GBR,england,,,Linux-6.4.0-150600.23.73_15.0.14-cray_shasta_c_64k-aarch64-with-glibc2.38,3.11.7,3.3.0,72,Neoverse-V2,1,1 x NVIDIA GH200 120GB,-2.5917,51.4535,64,machine,0.0,2.6666666666666665,25.566666666666666,218.94474283854166,N,1.0,0.0
2026-09-27T03:34:16,efficientnet_lite0_batch7_node_1_local_train,57968dff-5fa3-48a2-b9fa-8a1e545303b3,5b0fa12a-3dd7-45bb-9766-cc326314d9f1,8.017879901919514,9.579251762723461e-05,1.1947362494704053e-05,115.37694288000002,163.2212921265575,6.0,0.00015948787888222423,0.00023710241191565729,6.595536943447467e-06,0.00040318582774132895,0.0,United Kingdom,GBR,england,,,Linux-6.4.0-150600.23.73_15.0.14-cray_shasta_c_64k-aarch64-with-glibc2.38,3.11.7,3.3.0,72,Neoverse-V2,1,1 x NVIDIA GH200 120GB,-2.5917,51.4535,64,machine,13.524999999999999,8.25,25.6,219.42942810058594,N,1.0,0.0
2026-09-27T03:34:29,efficientnet_lite0_batch7_node_1_evaluate,941b606f-9511-44b2-9dc9-7a5d7bd7804b,5b0fa12a-3dd7-45bb-9766-cc326314d9f1,7.996730285929516,9.057292784292002e-05,1.1326245178268145e-05,115.576272216,151.83855975403807,6.0,0.00015923004376474295,0.0002155051724059831,6.481624015141279e-06,0.0003812168401858673,0.0,United Kingdom,GBR,england,,,Linux-6.4.0-150600.23.73_15.0.14-cray_shasta_c_64k-aarch64-with-glibc2.38,3.11.7,3.3.0,72,Neoverse-V2,1,1 x NVIDIA GH200 120GB,-2.5917,51.4535,64,machine,0.0,3.0,25.674999999999997,219.85885620117188,N,1.0,0.0
2026-09-27T03:34:50,efficientnet_lite0_batch7_node_2_local_train,60df30e8-dbd2-420f-b613-faee70e82ec1,5b0fa12a-3dd7-45bb-9766-cc326314d9f1,10.05950261396356,0.00013480294309601147,1.3400557489680652e-05,115.39389079296001,167.50797507988992,6.0,0.000224767453069035,0.00033431304521513994,8.298223357026777e-06,0.0005673787216412018,0.0,United Kingdom,GBR,england,,,Linux-6.4.0-150600.23.73_15.0.14-cray_shasta_c_64k-aarch64-with-glibc2.38,3.11.7,3.3.0,72,Neoverse-V2,1,1 x NVIDIA GH200 120GB,-2.5917,51.4535,64,machine,0.0,6.833333333333333,25.716666666666665,220.03716023763022,N,1.0,0.0
2026-09-27T03:35:31,efficientnet_lite0_batch7_node_2_evaluate,56cf7e06-a7ca-4281-bda8-1c49ebb952f9,5b0fa12a-3dd7-45bb-9766-cc326314d9f1,7.027100710896775,7.436091397694098e-05,1.0582019105209507e-05,115.47941850720002,81.43899043533479,6.0,0.00012770644267350067,0.0001786848651619266,6.589991706811513e-06,0.0003129812995422388,0.0,United Kingdom,GBR,england,,,Linux-6.4.0-150600.23.73_15.0.14-cray_shasta_c_64k-aarch64-with-glibc2.38,3.11.7,3.3.0,72,Neoverse-V2,1,1 x NVIDIA GH200 120GB,-2.5917,51.4535,64,machine,3.9333333333333336,3.0,25.600000000000005,218.9879150390625,N,1.0,0.0
2026-09-27T03:35:54,efficientnet_lite0_batch7_node_3_local_train,ffd89e21-6003-4b59-a485-fa3d11c3c45b,5b0fa12a-3dd7-45bb-9766-cc326314d9f1,16.285283363889903,0.000242565261000277,1.4894752248409012e-05,115.36388930880003,165.60204184413035,6.0,0.0004237416678407155,0.0005895890827929406,7.614078463132805e-06,0.001020944829096789,0.0,United Kingdom,GBR,england,,,Linux-6.4.0-150600.23.73_15.0.14-cray_shasta_c_64k-aarch64-with-glibc2.38,3.11.7,3.3.0,72,Neoverse-V2,1,1 x NVIDIA GH200 120GB,-2.5917,51.4535,64,machine,2.2692307692307696,3.8461538461538463,25.646153846153844,219.7503380408654,N,1.0,0.0
2026-09-27T03:37:34,efficientnet_lite0_batch7_node_3_evaluate,2207a983-5b93-473a-98d9-6c9054437569,5b0fa12a-3dd7-45bb-9766-cc326314d9f1,7.986448961077258,9.166356239977614e-05,1.1477386614064336e-05,115.56127905120002,161.94739279995906,6.0,0.0001587909609948466,0.00022049295417048143,6.523350321610149e-06,0.00038580726548693815,0.0,United Kingdom,GBR,england,,,Linux-6.4.0-150600.23.73_15.0.14-cray_shasta_c_64k-aarch64-with-glibc2.38,3.11.7,3.3.0,72,Neoverse-V2,1,1 x NVIDIA GH200 120GB,-2.5917,51.4535,64,machine,0.0,2.0,25.625,219.56053161621094,N,1.0,0.0
2026-09-27T03:37:55,efficientnet_lite0_batch7_node_4_local_train,6802e072-62cc-484f-b4e7-6658750565b2,5b0fa12a-3dd7-45bb-9766-cc326314d9f1,7.440472302958369,8.508280266495946e-05,1.1435134652827095e-05,115.38559588320001,164.73716251207935,6.0,0.00014095936748269178,0.00021152544699987175,5.624368455028161e-06,0.0003581091829375917,0.0,United Kingdom,GBR,england,,,Linux-6.4.0-150600.23.73_15.0.14-cray_shasta_c_64k-aarch64-with-glibc2.38,3.11.7,3.3.0,72,Neoverse-V2,1,1 x NVIDIA GH200 120GB,-2.5917,51.4535,64,machine,2.95,5.5,25.6,219.02186584472656,N,1.0,0.0
2026-09-27T03:39:34,efficientnet_lite0_batch7_node_4_evaluate,fd2e0a69-3cd8-4aad-9ee2-03e6e0ec34f8,5b0fa12a-3dd7-45bb-9766-cc326314d9f1,7.926489522913471,9.01388197389496e-05,1.1371846197283315e-05,115.52209954560001,160.5885309887825,6.0,0.00015676621872117414,0.00021620017295731486,6.4233096079745646e-06,0.0003793897012864636,0.0,United Kingdom,GBR,england,,,Linux-6.4.0-150600.23.73_15.0.14-cray_shasta_c_64k-aarch64-with-glibc2.38,3.11.7,3.3.0,72,Neoverse-V2,1,1 x NVIDIA GH200 120GB,-2.5917,51.4535,64,machine,0.0,3.0,25.650000000000002,219.56430053710938,N,1.0,0.0
2026-09-27T03:39:41,efficientnet_lite0_batch7_node_5_local_train,102d0e3c-3734-497b-af41-e9cf1f99eb9c,5b0fa12a-3dd7-45bb-9766-cc326314d9f1,6.347141969949007,6.563205852575949e-05,1.0340411296375458e-05,115.31681418240001,90.48847079801963,6.0,0.00010579897598549248,0.00016496846531310894,5.474550231980782e-06,0.0002762419915305822,0.0,United Kingdom,GBR,england,,,Linux-6.4.0-150600.23.73_15.0.14-cray_shasta_c_64k-aarch64-with-glibc2.38,3.11.7,3.3.0,72,Neoverse-V2,1,1 x NVIDIA GH200 120GB,-2.5917,51.4535,64,machine,0.0,10.666666666666666,25.7,219.97637939453125,N,1.0,0.0
2026-09-27T03:40:07,efficientnet_lite0_batch7_node_5_evaluate,6d121f51-f1fa-42c8-8792-4a80cf4d8552,5b0fa12a-3dd7-45bb-9766-cc326314d9f1,14.355343827046454,0.00020244235612873926,1.4102229703988278e-05,115.52552366832,155.39932337411688,6.0,0.00036253801375725014,0.0004831328865151363,6.3986657796582826e-06,0.0008520695660520448,0.0,United Kingdom,GBR,england,,,Linux-6.4.0-150600.23.73_15.0.14-cray_shasta_c_64k-aarch64-with-glibc2.38,3.11.7,3.3.0,72,Neoverse-V2,1,1 x NVIDIA GH200 120GB,-2.5917,51.4535,64,machine,15.79090909090909,1.4545454545454546,25.718181818181815,220.39259477095172,N,1.0,0.0
2026-09-27T03:40:12,efficientnet_lite0_batch7_node_0_upload,779cda52-5bee-4320-93ed-1ac1810b2907,5b0fa12a-3dd7-45bb-9766-cc326314d9f1,3.0930681398604065,2.2625767528640953e-07,7.31499162176947e-08,115.2017915904,0.0,6.0,9.4466659294833e-07,0.0,7.64043846478065e-09,9.523070314131106e-07,0.0,United Kingdom,GBR,england,,,Linux-6.4.0-150600.23.73_15.0.14-cray_shasta_c_64k-aarch64-with-glibc2.38,3.11.7,3.3.0,72,Neoverse-V2,1,1 x NVIDIA GH200 120GB,-2.5917,51.4535,64,machine,0,0,0,0,N,1.0,0.0
2026-09-27T03:40:20,efficientnet_lite0_batch7_node_1_upload,1b2f666a-8265-4898-b078-574a6a03050e,5b0fa12a-3dd7-45bb-9766-cc326314d9f1,4.551213204162195,2.6194331036908606e-05,5.755461206025957e-06,115.20622339200001,151.70535397031423,6.0,4.764451258692517e-05,6.260032785121439e-05,5.764753635351856e-09,0.0001102506051917749,0.0,United Kingdom,GBR,england,,,Linux-6.4.0-150600.23.73_15.0.14-cray_shasta_c_64k-aarch64-with-glibc2.38,3.11.7,3.3.0,72,Neoverse-V2,1,1 x NVIDIA GH200 120GB,-2.5917,51.4535,64,machine,0.0,0.0,25.7,220.47967529296875,N,1.0,0.0
2026-09-27T03:40:31,efficientnet_lite0_batch7_node_5_upload,d67d3e3e-4835-4b47-b326-2ef55cc521a1,5b0fa12a-3dd7-45bb-9766-cc326314d9f1,8.520284978905693,9.498545140779309e-05,1.1148154274529042e-05,115.2043343424,148.8752977827321,6.0,0.00017446471980112662,0.00022531879136522548,5.415963241830468e-09,0.0003997889271295939,0.0,United Kingdom,GBR,england,,,Linux-6.4.0-150600.23.73_15.0.14-cray_shasta_c_64k-aarch64-with-glibc2.38,3.11.7,3.3.0,72,Neoverse-V2,1,1 x NVIDIA GH200 120GB,-2.5917,51.4535,64,machine,0.0,0.0,25.6,219.48720703125,N,1.0,0.0
2026-09-27T03:41:03,mobilevit_xxs_batch7_node_0_local_train,37f10f45-da1f-4278-aaaa-a56633347844,5b0fa12a-3dd7-45bb-9766-cc326314d9f1,15.407309560105205,0.00022727487835411697,1.4751107418689723e-05,115.2797010377143,161.0779223627195,6.0,0.0003955990000730382,0.0005510146074811928,9.97477976217245e-06,0.0009565883873164034,0.0,United Kingdom,GBR,england,,,Linux-6.4.0-150600.23.73_15.0.14-cray_shasta_c_64k-aarch64-with-glibc2.38,3.11.7,3.3.0,72,Neoverse-V2,1,1 x NVIDIA GH200 120GB,-2.5917,51.4535,64,machine,0.0,6.166666666666667,26.0,222.61636861165366,N,1.0,0.0
2026-09-27T03:41:33,mobilevit_xxs_batch7_node_0_evaluate,120a365b-d890-4cf3-89f9-2d453d044ddc,5b0fa12a-3dd7-45bb-9766-cc326314d9f1,7.111605308949947,7.451192929230349e-05,1.0477511905579224e-05,115.30424951424001,78.72957849928392,6.0,0.00013015435185693974,0.00017672291916426275,6.7396442918106915e-06,0.00031361691531301317,0.0,United Kingdom,GBR,england,,,Linux-6.4.0-150600.23.73_15.0.14-cray_shasta_c_64k-aarch64-with-glibc2.38,3.11.7,3.3.0,72,Neoverse-V2,1,1 x NVIDIA GH200 120GB,-2.5917,51.4535,64,machine,0.0,3.5,25.625,219.59768676757812,N,1.0,0.0
2026-09-27T03:41:47,mobilevit_xxs_batch7_node_1_local_train,fdfd645f-ab27-4c56-be80-d853a6d6c8f9,5b0fa12a-3dd7-45bb-9766-cc326314d9f1,9.394662118982524,0.00012242108581469438,1.3030919501334129e-05,115.25700992914287,85.73314721992607,6.0,0.0002033357707499583,0.00030137718553646664,1.0551158696568263e-05,0.0005152641149829933,0.0,United Kingdom,GBR,england,,,Linux-6.4.0-150600.23.73_15.0.14-cray_shasta_c_64k-aarch64-with-glibc2.38,3.11.7,3.3.0,72,Neoverse-V2,1,1 x NVIDIA GH200 120GB,-2.5917,51.4535,64,machine,0.0,15.666666666666666,25.666666666666668,219.80496215820312,N,1.0,0.0
2026-09-27T03:42:00,mobilevit_xxs_batch7_node_1_evaluate,a9a2aadf-6458-43bd-b357-0d62db6e3e15,5b0fa12a-3dd7-45bb-9766-cc326314d9f1,7.096072152024135,7.42834838747094e-05,1.0468253744223872e-05,115.30612363392001,78.57028811280156,6.0,0.00012985402405667516,0.00017607291863441787,6.72845749456125e-06,0.00031265540018565426,0.0,United Kingdom,GBR,england,,,Linux-6.4.0-150600.23.73_15.0.14-cray_shasta_c_64k-aarch64-with-glibc2.38,3.11.7,3.3.0,72,Neoverse-V2,1,1 x NVIDIA GH200 120GB,-2.5917,51.4535,64,machine,0.0,3.0,25.7,220.06040954589844,N,1.0,0.0
2026-09-27T03:42:20,mobilevit_xxs_batch7_node_2_local_train,960e9580-581d-474d-8bbe-b5d06f1980ad,5b0fa12a-3dd7-45bb-9766-cc326314d9f1,13.596887958003208,0.0001987827191898773,1.4619721792505661e-05,115.2695587392,161.01555483111872,6.0,0.00033785188133287627,0.0004855387217475027,1.3275737490427372e-05,0.0008366663405708063,0.0,United Kingdom,GBR,england,,,Linux-6.4.0-150600.23.73_15.0.14-cray_shasta_c_64k-aarch64-with-glibc2.38,3.11.7,3.3.0,72,Neoverse-V2,1,1 x NVIDIA GH200 120GB,-2.5917,51.4535,64,machine,6.76,9.2,25.699999999999996,220.3037353515625,N,1.0,0.0
2026-09-27T03:42:37,mobilevit_xxs_batch7_node_2_evaluate,7bc049b2-ee47-4d97-891b-17234bb32005,5b0fa12a-3dd7-45bb-9766-cc326314d9f1,9.163599496008828,0.00011093499148793917,1.2106049760932536e-05,115.33658419584,154.1387617770577,6.0,0.00019590742262236307,0.000264184655804911,6.827650549821556e-06,0.00046691972897709564,0.0,United Kingdom,GBR,england,,,Linux-6.4.0-150600.23.73_15.0.14-cray_shasta_c_64k-aarch64-with-glibc2.38,3.11.7,3.3.0,72,Neoverse-V2,1,1 x NVIDIA GH200 120GB,-2.5917,51.4535,64,machine,1.8499999999999999,2.6666666666666665,25.766666666666666,220.66663614908853,N,1.0,0.0
2026-09-27T03:42:53,mobilevit_xxs_batch7_node_3_local_train,63863b28-fa20-4206-a22a-ec71efa85cf3,5b0fa12a-3dd7-45bb-9766-cc326314d9f1,13.420127962017432,0.00019319360451315194,1.4395809418504932e-05,115.2772734168,159.08271390255535,6.0,0.0003320147053736213,0.0004688798195502386,1.224751664015154e-05,0.0008131420415640116,0.0,United Kingdom,GBR,england,,,Linux-6.4.0-150600.23.73_15.0.14-cray_shasta_c_64k-aarch64-with-glibc2.38,3.11.7,3.3.0,72,Neoverse-V2,1,1 x NVIDIA GH200 120GB,-2.5917,51.4535,64,machine,3.13,13.3,25.810000000000002,221.17330322265624,N,1.0,0.0
2026-09-27T03:43:22,mobilevit_xxs_batch7_node_3_evaluate,96dd5d93-f05d-4dce-8846-5c269740d175,5b0fa12a-3dd7-45bb-9766-cc326314d9f1,16.133438667980954,0.00023338870072392488,1.4466147330830167e-05,115.33538259648002,154.1907420941027,6.0,0.0004190751177984165,0.0005564765562837692,6.769480196526274e-06,0.000982321154278712,0.0,United Kingdom,GBR,england,,,Linux-6.4.0-150600.23.73_15.0.14-cray_shasta_c_64k-aarch64-with-glibc2.38,3.11.7,3.3.0,72,Neoverse-V2,1,1 x NVIDIA GH200 120GB,-2.5917,51.4535,64,machine,3.1153846153846154,1.2307692307692308,25.7076923076923,220.03915170522836,N,1.0,0.0
2026-09-27T03:46:17,mobilevit_xxs_batch7_node_4_local_train,395c4c44-01bd-4737-a689-0575af8e4ee1,5b0fa12a-3dd7-45bb-9766-cc326314d9f1,11.048592017032206,0.00014863625781221814,1.3452959217164012e-05,115.26188313600002,159.58593848329795,6.0,0.00025585057674648625,0.00036074278858677644,9.009073383252448e-06,0.0006256024387165152,0.0,United Kingdom,GBR,england,,,Linux-6.4.0-150600.23.73_15.0.14-cray_shasta_c_64k-aarch64-with-glibc2.38,3.11.7,3.3.0,72,Neoverse-V2,1,1 x NVIDIA GH200 120GB,-2.5917,51.4535,64,machine,0.0,10.571428571428571,25.78571428571429,220.65315464564733,N,1.0,0.0
2026-09-27T03:46:37,mobilevit_xxs_batch7_node_4_evaluate,441ddf61-0dca-41cb-9014-8e903e0f811b,5b0fa12a-3dd7-45bb-9766-cc326314d9f1,8.054059779038653,9.146291559553078e-05,1.1356125743388505e-05,115.31794960800002,153.7732179894023,6.0,0.0001603658137343132,0.00021795017435977115,6.6467652132268985e-06,0.00038496275330731126,0.0,United Kingdom,GBR,england,,,Linux-6.4.0-150600.23.73_15.0.14-cray_shasta_c_64k-aarch64-with-glibc2.38,3.11.7,3.3.0,72,Neoverse-V2,1,1 x NVIDIA GH200 120GB,-2.5917,51.4535,64,machine,0.0,2.0,25.8,220.9292449951172,N,1.0,0.0
2026-09-27T03:47:08,mobilevit_xxs_batch7_node_5_local_train,590a237e-fcd7-47e3-b261-3ed41650818e,5b0fa12a-3dd7-45bb-9766-cc326314d9f1,9.353460024110973,0.00011890606866740888,1.2712522249616463e-05,115.27591328640001,158.68699480439227,6.0,0.00020187442297763658,0.00028978467626927795,8.810487591739124e-06,0.0005004695868386536,0.0,United Kingdom,GBR,england,,,Linux-6.4.0-150600.23.73_15.0.14-cray_shasta_c_64k-aarch64-with-glibc2.38,3.11.7,3.3.0,72,Neoverse-V2,1,1 x NVIDIA GH200 120GB,-2.5917,51.4535,64,machine,0.0,7.666666666666667,25.716666666666665,220.4395548502604,N,1.0,0.0
2026-09-27T03:49:30,mobilevit_xxs_batch7_node_5_evaluate,8024608a-3de9-4f94-a621-9ddcb837e679,5b0fa12a-3dd7-45bb-9766-cc326314d9f1,8.082128669135273,9.167753451271817e-05,1.134324115165652e-05,115.32428702208,153.15648615534363,6.0,0.0001610071669257398,0.0002181846190012493,6.674287471687421e-06,0.0003858660733986766,0.0,United Kingdom,GBR,england,,,Linux-6.4.0-150600.23.73_15.0.14-cray_shasta_c_64k-aarch64-with-glibc2.38,3.11.7,3.3.0,72,Neoverse-V2,1,1 x NVIDIA GH200 120GB,-2.5917,51.4535,64,machine,2.3600000000000003,2.4,25.72,220.31622314453125,N,1.0,0.0
2026-09-27T03:49:39,mobilevit_xxs_batch7_node_0_upload,4b11ece0-f67b-4c93-8edc-94c908c18511,5b0fa12a-3dd7-45bb-9766-cc326314d9f1,3.0801562778651714,1.1041900955586092e-07,3.584850884007462e-08,115.20284497920001,0.0,6.0,4.5931847720044383e-07,0.0,5.429510104780396e-09,4.647479873052242e-07,0.0,United Kingdom,GBR,england,,,Linux-6.4.0-150600.23.73_15.0.14-cray_shasta_c_64k-aarch64-with-glibc2.38,3.11.7,3.3.0,72,Neoverse-V2,1,1 x NVIDIA GH200 120GB,-2.5917,51.4535,64,machine,0,0,0,0,N,1.0,0.0
2026-09-27T03:49:50,mobilevit_xxs_batch7_node_1_upload,f8e271c5-4753-4895-b630-b75bb68c6777,5b0fa12a-3dd7-45bb-9766-cc326314d9f1,4.081874983850867,1.7642139643115784e-05,4.322067606899631e-06,115.2039693888,148.5516142452909,6.0,3.249016172588821e-05,4.175864451383404e-05,6.060960004106164e-09,7.425486719972636e-05,0.0,United Kingdom,GBR,england,,,Linux-6.4.0-150600.23.73_15.0.14-cray_shasta_c_64k-aarch64-with-glibc2.38,3.11.7,3.3.0,72,Neoverse-V2,1,1 x NVIDIA GH200 120GB,-2.5917,51.4535,64,machine,0.0,0.0,25.8,220.7431640625,N,1.0,0.0
2026-09-27T03:49:59,mobilevit_xxs_batch7_node_3_upload,1c1cd21c-4e6e-405b-9aa7-2e2f26aa2f61,5b0fa12a-3dd7-45bb-9766-cc326314d9f1,4.477508654119447,2.468117233310137e-05,5.512255640286463e-06,115.20317208960002,148.5817606557661,6.0,4.5439556514614803e-05,5.843226897184195e-05,9.971789938087266e-09,0.00010388179727639484,0.0,United Kingdom,GBR,england,,,Linux-6.4.0-150600.23.73_15.0.14-cray_shasta_c_64k-aarch64-with-glibc2.38,3.11.7,3.3.0,72,Neoverse-V2,1,1 x NVIDIA GH200 120GB,-2.5917,51.4535,64,machine,0.0,0.0,25.8,220.7664794921875,N,1.0,0.0
2026-09-27T03:50:07,mobilevit_xxs_batch7_node_4_upload,d9041231-a2eb-45ba-802e-36a5dbb66e2b,5b0fa12a-3dd7-45bb-9766-cc326314d9f1,3.0753822920378298,9.542393778825401e-08,3.1028317368968e-08,115.20349920000002,0.0,6.0,3.9628956891150224e-07,0.0,5.3449250602473816e-09,4.016344939717496e-07,0.0,United Kingdom,GBR,england,,,Linux-6.4.0-150600.23.73_15.0.14-cray_shasta_c_64k-aarch64-with-glibc2.38,3.11.7,3.3.0,72,Neoverse-V2,1,1 x NVIDIA GH200 120GB,-2.5917,51.4535,64,machine,0,0,0,0,N,1.0,0.0
2026-09-27T03:50:13,mobilevit_xxs_batch7_node_5_upload,6255c617-58f6-4917-9bca-5b5801b0ad6b,5b0fa12a-3dd7-45bb-9766-cc326314d9f1,3.080090775853023,1.2606499916736895e-07,4.0928988247904996e-08,115.20284497920001,0.0,6.0,5.251206125567368e-07,0.0,5.480548134073615e-09,5.306011606908105e-07,0.0,United Kingdom,GBR,england,,,Linux-6.4.0-150600.23.73_15.0.14-cray_shasta_c_64k-aarch64-with-glibc2.38,3.11.7,3.3.0,72,Neoverse-V2,1,1 x NVIDIA GH200 120GB,-2.5917,51.4535,64,machine,0,0,0,0,N,1.0,0.0
2026-09-27T03:50:25,mobilevit_xxs_batch7_node_0_exchange,a67a2ac1-f19b-4385-a28f-16d037e7d8fa,5b0fa12a-3dd7-45bb-9766-cc326314d9f1,4.1153036039322615,1.7627004035984355e-05,4.2832815588967414e-06,115.20256141440001,148.39198363847748,6.0,3.248121018971075e-05,4.1704477808934826e-05,5.474201558778684e-09,7.419116220020437e-05,0.0,United Kingdom,GBR,england,,,Linux-6.4.0-150600.23.73_15.0.14-cray_shasta_c_64k-aarch64-with-glibc2.38,3.11.7,3.3.0,72,Neoverse-V2,1,1 x NVIDIA GH200 120GB,-2.5917,51.4535,64,machine,0.0,0.0,25.8,220.98907470703125,N,1.0,0.0
2026-09-27T03:50:32,mobilevit_xxs_batch7_node_3_exchange,e4acc2b3-4c00-4814-b29d-17ac27541152,5b0fa12a-3dd7-45bb-9766-cc326314d9f1,4.1079447590745986,1.7635545890024508e-05,4.293033846442786e-06,115.20284497920001,148.67978668737317,6.0,3.246129351763123e-05,4.176031119129675e-05,5.509719873468081e-09,7.422711442880146e-05,0.0,United Kingdom,GBR,england,,,Linux-6.4.0-150600.23.73_15.0.14-cray_shasta_c_64k-aarch64-with-glibc2.38,3.11.7,3.3.0,72,Neoverse-V2,1,1 x NVIDIA GH200 120GB,-2.5917,51.4535,64,machine,0.0,0.0,25.7,220.22735595703125,N,1.0,0.0
2026-09-27T03:50:46,mobilevit_xxs_batch7_node_0_evaluate,c80c3079-ef5b-47c0-8d57-c5b88feba12d,5b0fa12a-3dd7-45bb-9766-cc326314d9f1,8.476762910140678,9.975686326715639e-05,1.176827337565595e-05,115.32185261568,159.29439141652318,6.0,0.00017394295294149254,0.00023925380251910155,6.674801165160413e-06,0.00041987155662575454,0.0,United Kingdom,GBR,england,,,Linux-6.4.0-150600.23.73_15.0.14-cray_shasta_c_64k-aarch64-with-glibc2.38,3.11.7,3.3.0,72,Neoverse-V2,1,1 x NVIDIA GH200 120GB,-2.5917,51.4535,64,machine,0.0,2.4,25.82,220.95450439453126,N,1.0,0.0
2026-09-27T03:52:57,mobilevit_xxs_batch7_node_3_evaluate,c58c4676-25d7-4e26-b109-afa3f03e77e5,5b0fa12a-3dd7-45bb-9766-cc326314d9f1,8.63312840810977,0.00010184354742088074,1.1796829909909734e-05,115.31654611776001,154.74005941873753,6.0,0.00017884218778788975,0.00024303297220740205,6.779143953463063e-06,0.00042865430394875494,0.0,United Kingdom,GBR,england,,,Linux-6.4.0-150600.23.73_15.0.14-cray_shasta_c_64k-aarch64-with-glibc2.38,3.11.7,3.3.0,72,Neoverse-V2,1,1 x NVIDIA GH200 120GB,-2.5917,51.4535,64,machine,0.0,3.0,25.78,220.61109619140626,N,1.0,0.0
2026-09-27T03:53:49,mobilenet_v3_small_batch8_node_0_local_train,c1fc4014-c3a6-47a4-941e-1f7fcac96006,5b0fa12a-3dd7-45bb-9766-cc326314d9f1,8.437904750928283,9.815134891525073e-05,1.163219446207339e-05,115.3721987424,78.84848973151026,6.0,0.0001720482493730528,0.0002321424079383405,8.923371180038278e-06,0.00041311402849143156,0.0,United Kingdom,GBR,england,,,Linux-6.4.0-150600.23.73_15.0.14-cray_shasta_c_64k-aarch64-with-glibc2.38,3.11.7,3.3.0,72,Neoverse-V2,1,1 x NVIDIA GH200 120GB,-2.5917,51.4535,64,machine,0.0,4.2,23.919999999999998,204.751220703125,N,1.0,0.0
2026-09-27T03:54:17,mobilenet_v3_small_batch8_node_0_evaluate,70c21c55-5e46-4c1a-ab7b-fb11528c8642,5b0fa12a-3dd7-45bb-9766-cc326314d9f1,11.196367307798937,0.00014601308469397277,1.30411124144048e-05,115.8130050192,150.65400535884672,6.0,0.0002616941747046306,0.00034180444009734856,1.1063021864586819e-05,0.000614561636666566,0.0,United Kingdom,GBR,england,,,Linux-6.4.0-150600.23.73_15.0.14-cray_shasta_c_64k-aarch64-with-glibc2.38,3.11.7,3.3.0,72,Neoverse-V2,1,1 x NVIDIA GH200 120GB,-2.5917,51.4535,64,machine,0.0,0.5,24.4625,209.5736083984375,N,1.0,0.0
2026-09-27T03:54:43,mobilenet_v3_small_batch8_node_1_local_train,0a5ee57a-198c-479b-a81d-847298c269c2,5b0fa12a-3dd7-45bb-9766-cc326314d9f1,8.453601486980915,9.963106260085177e-05,1.178563512300526e-05,115.37398748160001,79.12532864512534,6.0,0.0001734986677855632,0.0002368576894866692,8.985710756387562e-06,0.0004193420680286199,0.0,United Kingdom,GBR,england,,,Linux-6.4.0-150600.23.73_15.0.14-cray_shasta_c_64k-aarch64-with-glibc2.38,3.11.7,3.3.0,72,Neoverse-V2,1,1 x NVIDIA GH200 120GB,-2.5917,51.4535,64,machine,0.0,4.0,24.4,209.08662109375,N,1.0,0.0
2026-09-27T03:56:41,mobilenet_v3_small_batch8_node_1_evaluate,74512471-6922-4091-b3ee-bea70fd3a43b,5b0fa12a-3dd7-45bb-9766-cc326314d9f1,100.96843104809523,0.0017532701467120144,1.7364537890827113e-05,115.35190091019506,153.05721798885574,6.0,0.0031341443579424567,0.004085516879513307,0.00015976351163621684,0.00737942474909198,0.0,United Kingdom,GBR,england,,,Linux-6.4.0-150600.23.73_15.0.14-cray_shasta_c_64k-aarch64-with-glibc2.38,3.11.7,3.3.0,72,Neoverse-V2,1,1 x NVIDIA GH200 120GB,-2.5917,51.4535,64,machine,1.4618556701030927,0.020618556701030927,25.046391752577314,214.52229419197005,N,1.0,0.0
2026-09-27T03:57:11,mobilenet_v3_small_batch8_node_2_local_train,89adc1c2-84e1-46fa-b108-b8208b7bd01c,5b0fa12a-3dd7-45bb-9766-cc326314d9f1,18.091819434892386,0.0002698500128318415,1.491558180773136e-05,115.40597021280001,154.22036490063886,6.0,0.000481138669493189,0.0006423007916254164,1.234549875681599e-05,0.0011357849598754215,0.0,United Kingdom,GBR,england,,,Linux-6.4.0-150600.23.73_15.0.14-cray_shasta_c_64k-aarch64-with-glibc2.38,3.11.7,3.3.0,72,Neoverse-V2,1,1 x NVIDIA GH200 120GB,-2.5917,51.4535,64,machine,2.066666666666667,2.933333333333333,25.05333333333333,214.40105794270832,N,1.0,0.0
2026-09-27T03:58:24,mobilenet_v3_small_batch8_node_2_evaluate,98d93024-b4e5-4133-98d4-09f2de7dbce7,5b0fa12a-3dd7-45bb-9766-cc326314d9f1,33.47062848508358,0.0005408388807342634,1.6158611451687917e-05,115.59683020392004,151.22279344103896,6.0,0.0009739603333702736,0.0012708087944162116,3.159417495170298e-05,0.0022763633027381882,0.0,United Kingdom,GBR,england,,,Linux-6.4.0-150600.23.73_15.0.14-cray_shasta_c_64k-aarch64-with-glibc2.38,3.11.7,3.3.0,72,Neoverse-V2,1,1 x NVIDIA GH200 120GB,-2.5917,51.4535,64,machine,1.1833333333333333,0.16666666666666666,24.616666666666678,210.9773417154948,N,1.0,0.0
2026-09-27T03:58:34,mobilenet_v3_small_batch8_node_3_local_train,39a64188-c059-4585-9237-8421b7d32b88,5b0fa12a-3dd7-45bb-9766-cc326314d9f1,9.517271772958338,0.00011974067521724165,1.25814075791619e-05,115.37321787977146,79.75313457780746,6.0,0.00020758109266080237,0.00028564439517708706,1.0756915460418289e-05,0.0005039824032983078,0.0,United Kingdom,GBR,england,,,Linux-6.4.0-150600.23.73_15.0.14-cray_shasta_c_64k-aarch64-with-glibc2.38,3.11.7,3.3.0,72,Neoverse-V2,1,1 x NVIDIA GH200 120GB,-2.5917,51.4535,64,machine,0.0,5.833333333333333,24.71666666666667,211.70751953125,N,1.0,0.0
2026-09-27T04:01:10,mobilenet_v3_small_batch8_node_3_evaluate,0fd679ef-acb9-4c46-a9e6-50984ac99f88,5b0fa12a-3dd7-45bb-9766-cc326314d9f1,128.6302594509907,0.004483109016048973,3.485267801824716e-05,115.24144104273603,135.56068911671758,6.0,0.004116848063804581,0.005367341238326162,0.00021259796313825066,0.009696787265268991,0.0,United Kingdom,GBR,england,,,Linux-6.4.0-150600.23.73_15.0.14-cray_shasta_c_64k-aarch64-with-glibc2.38,3.11.7,3.3.0,72,Neoverse-V2,1,1 x NVIDIA GH200 120GB,-2.5917,51.4535,64,machine,1.290625,0.0234375,24.818750000000012,212.60925912857056,N,1.0,0.0
2026-09-27T04:01:20,mobilenet_v3_small_batch8_node_4_local_train,f34b1dab-7cd1-4b69-b9c3-9e73c3b14e02,5b0fa12a-3dd7-45bb-9766-cc326314d9f1,7.793848962057382,8.700784163277723e-05,1.1163655089591232e-05,115.37607290112001,78.91728050126463,6.0,0.00015198768551624275,0.00020635460953144502,7.869278858415782e-06,0.00036621157390610354,0.0,United Kingdom,GBR,england,,,Linux-6.4.0-150600.23.73_15.0.14-cray_shasta_c_64k-aarch64-with-glibc2.38,3.11.7,3.3.0,72,Neoverse-V2,1,1 x NVIDIA GH200 120GB,-2.5917,51.4535,64,machine,0.0,5.5,24.8,212.52574157714844,N,1.0,0.0
2026-09-27T04:01:34,mobilenet_v3_small_batch8_node_4_evaluate,7d116a91-9599-4b64-bc3e-e23f03aa311a,5b0fa12a-3dd7-45bb-9766-cc326314d9f1,6.852059194119647,6.905849952648416e-05,1.0078503055803913e-05,115.46858265120002,77.28315665726186,6.0,0.00012211854834887954,0.0001622417964597389,6.303362376832714e-06,0.0002906637071854512,0.0,United Kingdom,GBR,england,,,Linux-6.4.0-150600.23.73_15.0.14-cray_shasta_c_64k-aarch64-with-glibc2.38,3.11.7,3.3.0,72,Neoverse-V2,1,1 x NVIDIA GH200 120GB,-2.5917,51.4535,64,machine,0.0,1.0,24.7,211.87939453125,N,1.0,0.0
2026-09-27T04:01:46,mobilenet_v3_small_batch8_node_5_local_train,fc3d348a-aa61-4b43-aec4-d474fa663af4,5b0fa12a-3dd7-45bb-9766-cc326314d9f1,8.216034685028717,9.451482509360087e-05,1.1503703272556294e-05,115.39235672640001,79.08949616315623,6.0,0.00016478716512704304,0.0002244999018330418,8.521017983245352e-06,0.0003978080849433302,0.0,United Kingdom,GBR,england,,,Linux-6.4.0-150600.23.73_15.0.14-cray_shasta_c_64k-aarch64-with-glibc2.38,3.11.7,3.3.0,72,Neoverse-V2,1,1 x NVIDIA GH200 120GB,-2.5917,51.4535,64,machine,24.54,2.2,24.8,212.22176513671874,N,1.0,0.0
2026-09-27T04:02:03,mobilenet_v3_small_batch8_node_5_evaluate,03dec53c-ac5b-4f2d-b3b0-e806dcab1979,5b0fa12a-3dd7-45bb-9766-cc326314d9f1,8.85883732396178,0.0001041627302046083,1.175805880562501e-05,115.57226766240001,151.56146707100146,6.0,0.00018669327381721078,0.00024540269632211675,6.3196560243765506e-06,0.0004384156261637041,0.0,United Kingdom,GBR,england,,,Linux-6.4.0-150600.23.73_15.0.14-cray_shasta_c_64k-aarch64-with-glibc2.38,3.11.7,3.3.0,72,Neoverse-V2,1,1 x NVIDIA GH200 120GB,-2.5917,51.4535,64,machine,0.0,0.6,24.82,212.61207275390626,N,1.0,0.0
2026-09-27T04:02:13,mobilenet_v3_small_batch8_node_0_upload,22b6a493-ff65-4eaa-8596-655900fa2b11,5b0fa12a-3dd7-45bb-9766-cc326314d9f1,8.580028764903545,9.642169688045137e-05,1.1237922333647948e-05,115.21007164800001,150.06423724485313,6.0,0.00017634366057903164,0.00022948490583019066,5.444763228297234e-09,0.0004058340111724506,0.0,United Kingdom,GBR,england,,,Linux-6.4.0-150600.23.73_15.0.14-cray_shasta_c_64k-aarch64-with-glibc2.38,3.11.7,3.3.0,72,Neoverse-V2,1,1 x NVIDIA GH200 120GB,-2.5917,51.4535,64,machine,0.0,0.0,24.839999999999996,212.89190673828125,N,1.0,0.0
2026-09-27T04:02:30,mobilenet_v3_small_batch8_node_1_upload,b27adc59-ac36-4ea7-88fe-65449faf2d03,5b0fa12a-3dd7-45bb-9766-cc326314d9f1,10.569407864939421,0.0001315073792511515,1.2442265539527955e-05,115.20349790400002,150.10636240193966,6.0,0.00024040281854368722,0.000313099694920993,5.3478047872583075e-09,0.0005535078612694675,0.0,United Kingdom,GBR,england,,,Linux-6.4.0-150600.23.73_15.0.14-cray_shasta_c_64k-aarch64-with-glibc2.38,3.11.7,3.3.0,72,Neoverse-V2,1,1 x NVIDIA GH200 120GB,-2.5917,51.4535,64,machine,0.0,0.0,24.900000000000002,213.08283342633928,N,1.0,0.0
2026-09-27T04:02:45,mobilenet_v3_small_batch8_node_2_upload,ca418461-5e7d-4b60-bfae-504b74630242,5b0fa12a-3dd7-45bb-9766-cc326314d9f1,7.695962307043374,8.087433106067555e-05,1.0508670369481807e-05,115.20261812736001,149.03170398142834,6.0,0.00014847489444566332,0.00019191098687088015,1.005898656633993e-08,0.0003403959403031098,0.0,United Kingdom,GBR,england,,,Linux-6.4.0-150600.23.73_15.0.14-cray_shasta_c_64k-aarch64-with-glibc2.38,3.11.7,3.3.0,72,Neoverse-V2,1,1 x NVIDIA GH200 120GB,-2.5917,51.4535,64,machine,0.0,0.0,24.7,211.74191284179688,N,1.0,0.0
2026-09-27T04:02:54,mobilenet_v3_small_batch8_node_4_upload,a2cce224-d862-4bd3-b303-fc91d2d187cd,5b0fa12a-3dd7-45bb-9766-cc326314d9f1,4.077072679065168,1.7672258335529834e-05,4.334545819178751e-06,115.20317208960002,147.5761155054247,6.0,3.2664548790124575e-05,4.171170003530733e-05,5.38641664509972e-09,7.4381635242077e-05,0.0,United Kingdom,GBR,england,,,Linux-6.4.0-150600.23.73_15.0.14-cray_shasta_c_64k-aarch64-with-glibc2.38,3.11.7,3.3.0,72,Neoverse-V2,1,1 x NVIDIA GH200 120GB,-2.5917,51.4535,64,machine,0.0,0.0,24.7,211.600830078125,N,1.0,0.0
2026-09-27T04:03:10,mobilenet_v3_small_batch8_node_5_upload,d5ecda05-5fbf-47f5-a093-d7ea9b3c6b40,5b0fa12a-3dd7-45bb-9766-cc326314d9f1,4.0744772588368505,1.7644990695661397e-05,4.330614597833968e-06,115.20349920000002,148.27367534795752,6.0,3.2528391635299925e-05,4.1732811169481465e-05,5.6643298982332146e-09,7.426686713467962e-05,0.0,United Kingdom,GBR,england,,,Linux-6.4.0-150600.23.73_15.0.14-cray_shasta_c_64k-aarch64-with-glibc2.38,3.11.7,3.3.0,72,Neoverse-V2,1,1 x NVIDIA GH200 120GB,-2.5917,51.4535,64,machine,0.0,0.0,24.8,212.0606689453125,N,1.0,0.0
2026-09-27T04:04:03,mobilenet_v3_small_batch8_node_0_exchange,6918c4f6-3baa-4e5d-9419-9b317d149fa1,5b0fa12a-3dd7-45bb-9766-cc326314d9f1,4.131065517896786,1.815389616075386e-05,4.394482750783482e-06,115.8727655232,74.28820361486791,6.0,3.455291897576851e-05,4.174920006505545e-05,1.0670527660598358e-07,7.640882431742994e-05,0.0,United Kingdom,GBR,england,,,Linux-6.4.0-150600.23.73_15.0.14-cray_shasta_c_64k-aarch64-with-glibc2.38,3.11.7,3.3.0,72,Neoverse-V2,1,1 x NVIDIA GH200 120GB,-2.5917,51.4535,64,machine,0.0,0.0,24.8,211.98883056640625,N,1.0,0.0
