timestamp,project_name,run_id,experiment_id,duration,emissions,emissions_rate,cpu_power,gpu_power,ram_power,cpu_energy,gpu_energy,ram_energy,energy_consumed,water_consumed,country_name,country_iso_code,region,cloud_provider,cloud_region,os,python_version,codecarbon_version,cpu_count,cpu_model,gpu_count,gpu_model,longitude,latitude,ram_total_size,tracking_mode,cpu_utilization_percent,gpu_utilization_percent,ram_utilization_percent,ram_used_gb,on_cloud,pue,wue
2026-09-26T17:51:27,mobilenet_v3_small_batch0_node_0_local_train,820c3ee0-bd71-415d-8a61-8cd7ba8d313d,5b0fa12a-3dd7-45bb-9766-cc326314d9f1,69.66368965199217,0.0004657593899822433,6.685827183558084e-06,23.208897497343752,70.99915838602301,20.0,0.00042735475391594423,0.0011632750972836448,0.0003697276989489586,0.0019603575501485476,0.0,United Kingdom,GBR,england,,,Linux-6.4.0-150700.53.73-default-x86_64-with-glibc2.38,3.12.12,3.3.0,8,AMD EPYC 7543P 32-Core Processor,1,1 x NVIDIA A100-SXM4-40GB,-2.5917,51.4535,64,machine,1.6833333333333333,7.545454545454546,5.160606060606061,13.006400484027285,N,1.0,0.0
2026-09-26T17:51:34,mobilenet_v3_small_batch0_node_0_evaluate,0e1ae7b4-51ff-4fe7-883b-8379ababfddb,5b0fa12a-3dd7-45bb-9766-cc326314d9f1,7.674304290674627,3.14454768097238e-05,4.097501951797056e-06,23.014257903,29.982578247022396,20.0,2.9932117797989967e-05,7.67933947685151e-05,2.562689772910542e-05,0.0001323524102956105,0.0,United Kingdom,GBR,england,,,Linux-6.4.0-150700.53.73-default-x86_64-with-glibc2.38,3.12.12,3.3.0,8,AMD EPYC 7543P 32-Core Processor,1,1 x NVIDIA A100-SXM4-40GB,-2.5917,51.4535,64,machine,0.0,2.5,5.1,12.918906211853027,N,1.0,0.0
2026-09-26T17:52:17,mobilenet_v3_small_batch0_node_1_local_train,083d0c4c-e514-4702-bfee-2aa9aac0d9bd,5b0fa12a-3dd7-45bb-9766-cc326314d9f1,42.91517209261656,0.00027943090431310606,6.511238116674858e-06,23.006067519924716,47.37522122785537,20.0,0.00025661619086915846,0.0006981294473860089,0.00022136480588621149,0.0011761104441413788,0.0,United Kingdom,GBR,england,,,Linux-6.4.0-150700.53.73-default-x86_64-with-glibc2.38,3.12.12,3.3.0,8,AMD EPYC 7543P 32-Core Processor,1,1 x NVIDIA A100-SXM4-40GB,-2.5917,51.4535,64,machine,0.0,7.923076923076923,5.207692307692308,13.119318546392979,N,1.0,0.0
2026-09-26T17:52:22,mobilenet_v3_small_batch0_node_1_evaluate,945f924e-968a-4932-9874-0f562cf35a8c,5b0fa12a-3dd7-45bb-9766-cc326314d9f1,4.930252879858017,1.3019032973674748e-05,2.640642030120304e-06,22.930920101250003,30.906379100946197,20.0,1.2235439999766149e-05,3.214530350703626e-05,1.0415703187593157e-05,5.4796446694395566e-05,0.0,United Kingdom,GBR,england,,,Linux-6.4.0-150700.53.73-default-x86_64-with-glibc2.38,3.12.12,3.3.0,8,AMD EPYC 7543P 32-Core Processor,1,1 x NVIDIA A100-SXM4-40GB,-2.5917,51.4535,64,machine,0.0,5.0,5.2,13.103233337402344,N,1.0,0.0
2026-09-26T17:52:26,mobilenet_v3_small_batch0_node_0_upload,7f2cc669-7d00-422b-b6cb-76ca0207ea75,5b0fa12a-3dd7-45bb-9766-cc326314d9f1,3.0649840431287885,1.953399354332946e-08,6.373277403228769e-09,22.510257232500003,0.0,20.0,6.773149507749921e-08,0.0,1.44860888313916e-08,8.221758390889081e-08,0.0,United Kingdom,GBR,england,,,Linux-6.4.0-150700.53.73-default-x86_64-with-glibc2.38,3.12.12,3.3.0,8,AMD EPYC 7543P 32-Core Processor,1,1 x NVIDIA A100-SXM4-40GB,-2.5917,51.4535,64,machine,0,0,0,0,N,1.0,0.0
2026-09-26T17:52:29,mobilenet_v3_small_batch0_node_1_upload,a4c27208-7ea6-4d88-b1d4-50be089907b0,5b0fa12a-3dd7-45bb-9766-cc326314d9f1,3.063937838654965,2.0194900409543214e-08,6.591158656929069e-09,22.54374,0.0,20.0,7.038586264068727e-08,0.0,1.4613444606463114e-08,8.499930724715039e-08,0.0,United Kingdom,GBR,england,,,Linux-6.4.0-150700.53.73-default-x86_64-with-glibc2.38,3.12.12,3.3.0,8,AMD EPYC 7543P 32-Core Processor,1,1 x NVIDIA A100-SXM4-40GB,-2.5917,51.4535,64,machine,0,0,0,0,N,1.0,0.0
2026-09-26T17:52:32,mobilenet_v3_small_batch0_node_0_exchange,dedd08d5-0f5c-4c67-b606-db1f008b5e3e,5b0fa12a-3dd7-45bb-9766-cc326314d9f1,3.095913507975638,2.0865478714079177e-08,6.7396839932142475e-09,22.81608144,0.0,20.0,7.304437721011509e-08,0.0,1.477735996660259e-08,8.782173717671768e-08,0.0,United Kingdom,GBR,england,,,Linux-6.4.0-150700.53.73-default-x86_64-with-glibc2.38,3.12.12,3.3.0,8,AMD EPYC 7543P 32-Core Processor,1,1 x NVIDIA A100-SXM4-40GB,-2.5917,51.4535,64,machine,0,0,0,0,N,1.0,0.0
2026-09-26T17:52:35,mobilenet_v3_small_batch0_node_1_exchange,74ceaaa5-bd0b-442f-92b7-3733589d5897,5b0fa12a-3dd7-45bb-9766-cc326314d9f1,3.070841969922185,1.9913118111154806e-08,6.484579247710166e-09,22.500103680000002,0.0,20.0,6.877979001238644e-08,0.0,1.503350989272197e-08,8.381329990510842e-08,0.0,United Kingdom,GBR,england,,,Linux-6.4.0-150700.53.73-default-x86_64-with-glibc2.38,3.12.12,3.3.0,8,AMD EPYC 7543P 32-Core Processor,1,1 x NVIDIA A100-SXM4-40GB,-2.5917,51.4535,64,machine,0,0,0,0,N,1.0,0.0
2026-09-26T17:52:41,mobilenet_v3_small_batch0_node_0_evaluate,9ee68528-5113-420c-85c2-db1246fab5d0,5b0fa12a-3dd7-45bb-9766-cc326314d9f1,5.802630174905062,1.9048065810228697e-05,3.2826606618162334e-06,22.834396755000004,31.031666191028336,20.0,1.769512544780687e-05,4.7239760021966504e-05,1.5237453360007042e-05,8.017233882978041e-05,0.0,United Kingdom,GBR,england,,,Linux-6.4.0-150700.53.73-default-x86_64-with-glibc2.38,3.12.12,3.3.0,8,AMD EPYC 7543P 32-Core Processor,1,1 x NVIDIA A100-SXM4-40GB,-2.5917,51.4535,64,machine,0.0,4.0,5.2,13.16641616821289,N,1.0,0.0
2026-09-26T17:52:46,mobilenet_v3_small_batch0_node_1_evaluate,0da5fbac-c2a0-4778-9ab7-a069d6a1063f,5b0fa12a-3dd7-45bb-9766-cc326314d9f1,4.874926809221506,1.243657071455866e-05,2.551129729995823e-06,23.046086205,30.13199368957507,20.0,1.1891147718254873e-05,3.0362802064587413e-05,1.0090942929188411e-05,5.2344892712030694e-05,0.0,United Kingdom,GBR,england,,,Linux-6.4.0-150700.53.73-default-x86_64-with-glibc2.38,3.12.12,3.3.0,8,AMD EPYC 7543P 32-Core Processor,1,1 x NVIDIA A100-SXM4-40GB,-2.5917,51.4535,64,machine,0.0,5.0,5.3,13.297843933105469,N,1.0,0.0
2026-09-26T17:53:56,efficientnet_lite0_batch0_node_0_local_train,fe7bef8f-eab9-44f6-99f4-20956883f77a,5b0fa12a-3dd7-45bb-9766-cc326314d9f1,69.81010372564197,0.000537823167308032,7.704087783936124e-06,22.919319256078126,66.25869783044789,20.0,0.00042636408314536634,0.001466527284335939,0.000370778951043677,0.002263670318524982,0.0,United Kingdom,GBR,england,,,Linux-6.4.0-150700.53.73-default-x86_64-with-glibc2.38,3.12.12,3.3.0,8,AMD EPYC 7543P 32-Core Processor,1,1 x NVIDIA A100-SXM4-40GB,-2.5917,51.4535,64,machine,5.021212121212121,21.257575757575758,5.2696969696969695,13.234606887354996,N,1.0,0.0
2026-09-26T17:54:02,efficientnet_lite0_batch0_node_0_evaluate,32baf828-d374-4e41-992a-680c1337ba77,5b0fa12a-3dd7-45bb-9766-cc326314d9f1,6.041074292734265,2.1406766860636947e-05,3.5435364346343733e-06,22.69495670625,32.901629850723815,20.0,1.904585390044318e-05,5.448115470585435e-05,1.657298281012724e-05,9.009999141642478e-05,0.0,United Kingdom,GBR,england,,,Linux-6.4.0-150700.53.73-default-x86_64-with-glibc2.38,3.12.12,3.3.0,8,AMD EPYC 7543P 32-Core Processor,1,1 x NVIDIA A100-SXM4-40GB,-2.5917,51.4535,64,machine,0.0,11.0,5.25,13.200433731079102,N,1.0,0.0
2026-09-26T17:54:51,efficientnet_lite0_batch0_node_1_local_train,88e04577-13b3-40b9-80a5-48834e6e1e84,5b0fa12a-3dd7-45bb-9766-cc326314d9f1,48.29625454172492,0.0003607059286168551,7.468610807184393e-06,22.7656388111625,63.6346424452624,20.0,0.0002872933231715232,0.0009796582837395817,0.00025124127498517436,0.0015181928818962793,0.0,United Kingdom,GBR,england,,,Linux-6.4.0-150700.53.73-default-x86_64-with-glibc2.38,3.12.12,3.3.0,8,AMD EPYC 7543P 32-Core Processor,1,1 x NVIDIA A100-SXM4-40GB,-2.5917,51.4535,64,machine,2.8155555555555556,21.711111111111112,5.153333333333333,12.931042056613498,N,1.0,0.0
2026-09-26T17:54:56,efficientnet_lite0_batch0_node_1_evaluate,9a88ad5e-f5e5-4663-a79c-49f4c0a08d45,5b0fa12a-3dd7-45bb-9766-cc326314d9f1,5.030760311987251,1.4612393030053119e-05,2.90460926855029e-06,22.995684511874998,34.43256271580712,20.0,1.2874654164142977e-05,3.767280790611949e-05,1.0955355947630272e-05,6.150281801789274e-05,0.0,United Kingdom,GBR,england,,,Linux-6.4.0-150700.53.73-default-x86_64-with-glibc2.38,3.12.12,3.3.0,8,AMD EPYC 7543P 32-Core Processor,1,1 x NVIDIA A100-SXM4-40GB,-2.5917,51.4535,64,machine,0.0,16.0,5.1,12.796524047851562,N,1.0,0.0
2026-09-26T17:54:59,efficientnet_lite0_batch0_node_0_upload,7bdc3894-fc7e-43d0-acf8-ed62cf3a719f,5b0fa12a-3dd7-45bb-9766-cc326314d9f1,3.3104272251948714,1.5338916278012543e-06,4.6335156264036594e-07,23.935779168750003,24.388440787284306,20.0,1.7941773415996606e-06,3.2922248607292204e-06,1.3696695341625147e-06,6.456071736491396e-06,0.0,United Kingdom,GBR,england,,,Linux-6.4.0-150700.53.73-default-x86_64-with-glibc2.38,3.12.12,3.3.0,8,AMD EPYC 7543P 32-Core Processor,1,1 x NVIDIA A100-SXM4-40GB,-2.5917,51.4535,64,machine,0,0,0,0,N,1.0,0.0
2026-09-26T17:55:02,efficientnet_lite0_batch0_node_1_upload,00864a80-15c2-420b-aadb-df2e2bc119f7,5b0fa12a-3dd7-45bb-9766-cc326314d9f1,3.085839872248471,2.602018577910291e-08,8.432124431700834e-09,22.8955078125,0.0,20.0,8.665609666422825e-08,0.0,2.2861540007094545e-08,1.095176366713228e-07,0.0,United Kingdom,GBR,england,,,Linux-6.4.0-150700.53.73-default-x86_64-with-glibc2.38,3.12.12,3.3.0,8,AMD EPYC 7543P 32-Core Processor,1,1 x NVIDIA A100-SXM4-40GB,-2.5917,51.4535,64,machine,0,0,0,0,N,1.0,0.0
2026-09-26T17:55:05,efficientnet_lite0_batch0_node_0_exchange,ac2a3099-ff84-47f6-98cb-6c9d598f43bc,5b0fa12a-3dd7-45bb-9766-cc326314d9f1,3.0792156429961324,2.0055527065334268e-08,6.513193420198359e-09,22.71489462,0.0,20.0,7.009001917637437e-08,0.0,1.4322672763632402e-08,8.441269194000677e-08,0.0,United Kingdom,GBR,england,,,Linux-6.4.0-150700.53.73-default-x86_64-with-glibc2.38,3.12.12,3.3.0,8,AMD EPYC 7543P 32-Core Processor,1,1 x NVIDIA A100-SXM4-40GB,-2.5917,51.4535,64,machine,0,0,0,0,N,1.0,0.0
2026-09-26T17:55:09,efficientnet_lite0_batch0_node_1_exchange,8db34506-2c06-40ea-b98b-d28ed5c2b207,5b0fa12a-3dd7-45bb-9766-cc326314d9f1,3.077959654852748,1.99297268738038e-08,6.474979892079597e-09,22.59609678,0.0,20.0,6.940902709070724e-08,0.0,1.4474178250465128e-08,8.388320534117236e-08,0.0,United Kingdom,GBR,england,,,Linux-6.4.0-150700.53.73-default-x86_64-with-glibc2.38,3.12.12,3.3.0,8,AMD EPYC 7543P 32-Core Processor,1,1 x NVIDIA A100-SXM4-40GB,-2.5917,51.4535,64,machine,0,0,0,0,N,1.0,0.0
2026-09-26T17:55:15,efficientnet_lite0_batch0_node_0_evaluate,79de9020-d535-4eca-a739-8be1ad343431,5b0fa12a-3dd7-45bb-9766-cc326314d9f1,5.89052079198882,2.055050493705319e-05,3.4887416007430324e-06,22.633335483750002,33.65141223033588,20.0,1.795702018901096e-05,5.282643115833707e-05,1.5712577244266866e-05,8.64960285916149e-05,0.0,United Kingdom,GBR,england,,,Linux-6.4.0-150700.53.73-default-x86_64-with-glibc2.38,3.12.12,3.3.0,8,AMD EPYC 7543P 32-Core Processor,1,1 x NVIDIA A100-SXM4-40GB,-2.5917,51.4535,64,machine,0.0,13.0,5.0,12.625894546508789,N,1.0,0.0
2026-09-26T17:55:19,efficientnet_lite0_batch0_node_1_evaluate,eba0f5c8-ed3c-4214-9788-d5cf5c22ee61,5b0fa12a-3dd7-45bb-9766-cc326314d9f1,4.877097831107676,1.3340826594135806e-05,2.7354027038464937e-06,22.95040708125,33.89506747442326,20.0,1.184923374879347e-05,3.419752735567272e-05,1.0104098548698756e-05,5.615085965316495e-05,0.0,United Kingdom,GBR,england,,,Linux-6.4.0-150700.53.73-default-x86_64-with-glibc2.38,3.12.12,3.3.0,8,AMD EPYC 7543P 32-Core Processor,1,1 x NVIDIA A100-SXM4-40GB,-2.5917,51.4535,64,machine,0.0,16.0,5.1,12.706653594970703,N,1.0,0.0
2026-09-26T17:56:27,mobilevit_xxs_batch0_node_0_local_train,fc1bfdf7-9a2c-4aa5-a7c6-f2a73c222b57,5b0fa12a-3dd7-45bb-9766-cc326314d9f1,66.38756283512339,0.00048546945917446406,7.312656745362835e-06,22.965676171312506,61.20849100062642,20.0,0.00040591443470058364,0.0012856588062959418,0.0003517429864991249,0.0020433162274956502,0.0,United Kingdom,GBR,england,,,Linux-6.4.0-150700.53.73-default-x86_64-with-glibc2.38,3.12.12,3.3.0,8,AMD EPYC 7543P 32-Core Processor,1,1 x NVIDIA A100-SXM4-40GB,-2.5917,51.4535,64,machine,0.5370967741935483,23.887096774193548,5.088709677419355,12.762787357453377,N,1.0,0.0
2026-09-26T17:56:33,mobilevit_xxs_batch0_node_0_evaluate,60ecdf45-baf9-4dff-a957-92da2f1be9f3,5b0fa12a-3dd7-45bb-9766-cc326314d9f1,6.0448742769658566,2.1474348341346333e-05,3.552488828952964e-06,22.648933451250002,33.166000936628066,20.0,1.8936975394331022e-05,5.487698834372168e-05,1.6570474688584608e-05,9.038443842663731e-05,0.0,United Kingdom,GBR,england,,,Linux-6.4.0-150700.53.73-default-x86_64-with-glibc2.38,3.12.12,3.3.0,8,AMD EPYC 7543P 32-Core Processor,1,1 x NVIDIA A100-SXM4-40GB,-2.5917,51.4535,64,machine,0.0,14.5,5.1,12.785039901733398,N,1.0,0.0
2026-09-26T17:57:17,mobilevit_xxs_batch0_node_1_local_train,043e327c-c10d-4e3a-a3c4-93b5054e8f9b,5b0fa12a-3dd7-45bb-9766-cc326314d9f1,44.270784080028534,0.00031505419438041855,7.116526190520895e-06,22.87676456775,54.74326764911635,20.0,0.0002632069806077076,0.0008339937227503924,0.000228846354293637,0.001326047057651737,0.0,United Kingdom,GBR,england,,,Linux-6.4.0-150700.53.73-default-x86_64-with-glibc2.38,3.12.12,3.3.0,8,AMD EPYC 7543P 32-Core Processor,1,1 x NVIDIA A100-SXM4-40GB,-2.5917,51.4535,64,machine,0.0,24.55,5.075,12.79522933959961,N,1.0,0.0
2026-09-26T17:57:22,mobilevit_xxs_batch0_node_1_evaluate,f5fd54ca-7008-4f1e-9c05-def681396caa,5b0fa12a-3dd7-45bb-9766-cc326314d9f1,5.02367002191022,1.3873324965700732e-05,2.761591606374155e-06,22.695136846875002,32.00187077777273,20.0,1.2519677848952463e-05,3.4940027944685426e-05,1.0932412383974424e-05,5.8392118177612315e-05,0.0,United Kingdom,GBR,england,,,Linux-6.4.0-150700.53.73-default-x86_64-with-glibc2.38,3.12.12,3.3.0,8,AMD EPYC 7543P 32-Core Processor,1,1 x NVIDIA A100-SXM4-40GB,-2.5917,51.4535,64,machine,0.0,15.0,5.0,12.666240692138672,N,1.0,0.0
2026-09-26T17:57:25,mobilevit_xxs_batch0_node_0_upload,70918f14-5880-4b5f-b347-b8998697e273,5b0fa12a-3dd7-45bb-9766-cc326314d9f1,3.065999945625663,2.1180763382667787e-08,6.908272589139116e-09,22.53369093750001,0.0,20.0,7.397292278440694e-08,0.0,1.5175831504166126e-08,8.914875428857307e-08,0.0,United Kingdom,GBR,england,,,Linux-6.4.0-150700.53.73-default-x86_64-with-glibc2.38,3.12.12,3.3.0,8,AMD EPYC 7543P 32-Core Processor,1,1 x NVIDIA A100-SXM4-40GB,-2.5917,51.4535,64,machine,0,0,0,0,N,1.0,0.0
2026-09-26T17:57:28,mobilevit_xxs_batch0_node_1_upload,5baef222-dc80-4ea1-afcd-93df9b7d3849,5b0fa12a-3dd7-45bb-9766-cc326314d9f1,3.066953373141587,2.0411618675060948e-08,6.655340395394606e-09,22.500269527500002,0.0,20.0,7.114506974542657e-08,0.0,1.4766393643286493e-08,8.591146338871306e-08,0.0,United Kingdom,GBR,england,,,Linux-6.4.0-150700.53.73-default-x86_64-with-glibc2.38,3.12.12,3.3.0,8,AMD EPYC 7543P 32-Core Processor,1,1 x NVIDIA A100-SXM4-40GB,-2.5917,51.4535,64,machine,0,0,0,0,N,1.0,0.0
2026-09-26T17:57:32,mobilevit_xxs_batch0_node_0_exchange,537bb9e9-b3b4-49b6-9700-8551aa7db2de,5b0fa12a-3dd7-45bb-9766-cc326314d9f1,3.075382499024272,2.0139880782917627e-08,6.548740128848173e-09,22.60368,0.0,20.0,7.024563247002662e-08,0.0,1.4522099970943398e-08,8.476773244097003e-08,0.0,United Kingdom,GBR,england,,,Linux-6.4.0-150700.53.73-default-x86_64-with-glibc2.38,3.12.12,3.3.0,8,AMD EPYC 7543P 32-Core Processor,1,1 x NVIDIA A100-SXM4-40GB,-2.5917,51.4535,64,machine,0,0,0,0,N,1.0,0.0
2026-09-26T17:57:35,mobilevit_xxs_batch0_node_1_exchange,fc124a21-782b-4cbb-9482-115b9139554a,5b0fa12a-3dd7-45bb-9766-cc326314d9f1,3.0942255267873406,1.973411530231951e-08,6.377723644083876e-09,22.500001620000003,0.0,20.0,6.864114751257592e-08,0.0,1.441873868720399e-08,8.305988619977991e-08,0.0,United Kingdom,GBR,england,,,Linux-6.4.0-150700.53.73-default-x86_64-with-glibc2.38,3.12.12,3.3.0,8,AMD EPYC 7543P 32-Core Processor,1,1 x NVIDIA A100-SXM4-40GB,-2.5917,51.4535,64,machine,0,0,0,0,N,1.0,0.0
2026-09-26T17:57:41,mobilevit_xxs_batch0_node_0_evaluate,a3377b28-04d2-4cb0-ad59-16bfab0339df,5b0fa12a-3dd7-45bb-9766-cc326314d9f1,5.9502041968517005,2.0863013577120127e-05,3.50626850556808e-06,22.55350903875,33.27453359536526,20.0,1.8249001290813855e-05,5.3476709439337355e-05,1.6085650810661414e-05,8.781136154081262e-05,0.0,United Kingdom,GBR,england,,,Linux-6.4.0-150700.53.73-default-x86_64-with-glibc2.38,3.12.12,3.3.0,8,AMD EPYC 7543P 32-Core Processor,1,1 x NVIDIA A100-SXM4-40GB,-2.5917,51.4535,64,machine,0.0,15.0,5.0,12.682876586914062,N,1.0,0.0
2026-09-26T17:57:46,mobilevit_xxs_batch0_node_1_evaluate,9f850ef6-0e2f-4dcb-a5f3-b6ce94147e7f,5b0fa12a-3dd7-45bb-9766-cc326314d9f1,4.94151251623407,1.3617864432116257e-05,2.755808952699859e-06,22.547838954375003,405.1279327338273,20.0,1.1880902431900411e-05,3.497947243147337e-05,1.045652293962323e-05,5.731689780299701e-05,0.0,United Kingdom,GBR,england,,,Linux-6.4.0-150700.53.73-default-x86_64-with-glibc2.38,3.12.12,3.3.0,8,AMD EPYC 7543P 32-Core Processor,1,1 x NVIDIA A100-SXM4-40GB,-2.5917,51.4535,64,machine,0.0,15.0,5.0,12.67401123046875,N,1.0,0.0
2026-09-26T17:58:09,mobilenet_v3_small_batch1_node_0_local_train,bd9edbe9-272e-4fde-aa4a-3e7515a45bca,5b0fa12a-3dd7-45bb-9766-cc326314d9f1,13.378273669164628,7.586598703411116e-05,5.6708353342310135e-06,25.364234345113637,87.098258612478,20.0,8.082872242530753e-05,0.00018118736716132844,5.7299985796109675e-05,0.00031931607538274566,0.0,United Kingdom,GBR,england,,,Linux-6.4.0-150700.53.73-default-x86_64-with-glibc2.38,3.12.12,3.3.0,8,AMD EPYC 7543P 32-Core Processor,1,1 x NVIDIA A100-SXM4-40GB,-2.5917,51.4535,64,machine,0.0,7.9,4.720000000000001,11.886080551147462,N,1.0,0.0
2026-09-26T17:58:17,mobilenet_v3_small_batch1_node_0_evaluate,4fffc515-0348-4012-bf90-e72372785eea,5b0fa12a-3dd7-45bb-9766-cc326314d9f1,7.055682390928268,3.665424545030295e-05,5.194996517619694e-06,40.71530252812501,30.071925566322722,20.0,6.528353674998265e-05,6.677144230593512e-05,2.222087315231976e-05,0.00015427585220823754,0.0,United Kingdom,GBR,england,,,Linux-6.4.0-150700.53.73-default-x86_64-with-glibc2.38,3.12.12,3.3.0,8,AMD EPYC 7543P 32-Core Processor,1,1 x NVIDIA A100-SXM4-40GB,-2.5917,51.4535,64,machine,23.8,1.0,4.9,12.303866068522135,N,1.0,0.0
2026-09-26T17:58:23,mobilenet_v3_small_batch1_node_1_local_train,4107eac0-ebde-4f6d-be51-7aff2bba3422,5b0fa12a-3dd7-45bb-9766-cc326314d9f1,5.9766086102463305,2.0116951264154496e-05,3.3659475759657215e-06,22.750309878750002,30.87201329569977,20.0,1.854855445671703e-05,4.993392883534398e-05,1.618873997229255e-05,8.467122326435355e-05,0.0,United Kingdom,GBR,england,,,Linux-6.4.0-150700.53.73-default-x86_64-with-glibc2.38,3.12.12,3.3.0,8,AMD EPYC 7543P 32-Core Processor,1,1 x NVIDIA A100-SXM4-40GB,-2.5917,51.4535,64,machine,0.0,6.0,4.9,12.292474746704102,N,1.0,0.0
2026-09-26T17:58:30,mobilenet_v3_small_batch1_node_1_evaluate,0525df3f-9e11-40ee-a71a-81d27d0656f7,5b0fa12a-3dd7-45bb-9766-cc326314d9f1,7.288343436084688,2.889986038599842e-05,3.965216600923993e-06,23.277798450000002,29.86291376610364,20.0,2.823678535594199e-05,6.995977818746724e-05,2.3441476879330974e-05,0.0001216380404227402,0.0,United Kingdom,GBR,england,,,Linux-6.4.0-150700.53.73-default-x86_64-with-glibc2.38,3.12.12,3.3.0,8,AMD EPYC 7543P 32-Core Processor,1,1 x NVIDIA A100-SXM4-40GB,-2.5917,51.4535,64,machine,19.45,1.75,4.9,12.394647598266602,N,1.0,0.0
2026-09-26T17:58:33,mobilenet_v3_small_batch1_node_0_exchange,5d9471ec-1c34-403b-9309-c992929e6ed6,5b0fa12a-3dd7-45bb-9766-cc326314d9f1,3.077451728284359,2.0530474821613844e-08,6.67125811687689e-09,22.5694575,0.0,20.0,7.196231002491258e-08,0.0,1.4449412831001813e-08,8.64117228559144e-08,0.0,United Kingdom,GBR,england,,,Linux-6.4.0-150700.53.73-default-x86_64-with-glibc2.38,3.12.12,3.3.0,8,AMD EPYC 7543P 32-Core Processor,1,1 x NVIDIA A100-SXM4-40GB,-2.5917,51.4535,64,machine,0,0,0,0,N,1.0,0.0
2026-09-26T17:58:39,mobilenet_v3_small_batch1_node_0_evaluate,021f1697-46e3-43f4-a7b8-4382dcd01506,5b0fa12a-3dd7-45bb-9766-cc326314d9f1,5.467997828964144,1.6413135760688007e-05,3.0016719600266023e-06,22.705058452500005,30.353228060143348,20.0,1.5337566073675096e-05,4.041531011012012e-05,1.332917627102385e-05,6.908205245481907e-05,0.0,United Kingdom,GBR,england,,,Linux-6.4.0-150700.53.73-default-x86_64-with-glibc2.38,3.12.12,3.3.0,8,AMD EPYC 7543P 32-Core Processor,1,1 x NVIDIA A100-SXM4-40GB,-2.5917,51.4535,64,machine,0.0,2.5,4.9,12.415750503540039,N,1.0,0.0
2026-09-26T17:58:48,efficientnet_lite0_batch1_node_0_local_train,daacf013-73a3-419f-b944-37da67239b67,5b0fa12a-3dd7-45bb-9766-cc326314d9f1,8.85291784023866,4.772064580934198e-05,5.3903861608700425e-06,22.60059069375,41.06170842112519,20.0,3.6582873552536604e-05,0.0001320884390025867,3.2182455124954384e-05,0.0002008537676800777,0.0,United Kingdom,GBR,england,,,Linux-6.4.0-150700.53.73-default-x86_64-with-glibc2.38,3.12.12,3.3.0,8,AMD EPYC 7543P 32-Core Processor,1,1 x NVIDIA A100-SXM4-40GB,-2.5917,51.4535,64,machine,0.0,30.8,4.94,12.456288909912109,N,1.0,0.0
2026-09-26T17:58:54,efficientnet_lite0_batch1_node_0_evaluate,7cb20491-07b0-418f-a072-9edccab2ff8b,5b0fa12a-3dd7-45bb-9766-cc326314d9f1,5.434624791145325,1.7121520056660677e-05,3.1504511745791353e-06,22.547764215,33.740146749231215,20.0,1.486240544147203e-05,4.410809083310596e-05,1.3093109602212077e-05,7.206360587679007e-05,0.0,United Kingdom,GBR,england,,,Linux-6.4.0-150700.53.73-default-x86_64-with-glibc2.38,3.12.12,3.3.0,8,AMD EPYC 7543P 32-Core Processor,1,1 x NVIDIA A100-SXM4-40GB,-2.5917,51.4535,64,machine,0.0,8.5,4.9,12.415590286254883,N,1.0,0.0
2026-09-26T17:58:59,efficientnet_lite0_batch1_node_1_local_train,202509d3-e619-4134-91cd-044af48a63ec,5b0fa12a-3dd7-45bb-9766-cc326314d9f1,4.718183302786201,1.3049012566231154e-05,2.765685800830459e-06,22.521359345625,374.06717191126927,20.0,1.0425775449831964e-05,3.5323639366424686e-05,9.17321445627345e-06,5.49226292725301e-05,0.0,United Kingdom,GBR,england,,,Linux-6.4.0-150700.53.73-default-x86_64-with-glibc2.38,3.12.12,3.3.0,8,AMD EPYC 7543P 32-Core Processor,1,1 x NVIDIA A100-SXM4-40GB,-2.5917,51.4535,64,machine,0.0,20.0,4.9,12.444892883300781,N,1.0,0.0
2026-09-26T17:59:04,efficientnet_lite0_batch1_node_1_evaluate,2d16f349-2ac3-47db-ac46-df57ff8c409c,5b0fa12a-3dd7-45bb-9766-cc326314d9f1,5.150114175863564,1.5344922416991406e-05,2.979530529421397e-06,22.71308724,34.05205170321886,20.0,1.3391243562317556e-05,3.956225387469203e-05,1.1632499460958772e-05,6.458599689796837e-05,0.0,United Kingdom,GBR,england,,,Linux-6.4.0-150700.53.73-default-x86_64-with-glibc2.38,3.12.12,3.3.0,8,AMD EPYC 7543P 32-Core Processor,1,1 x NVIDIA A100-SXM4-40GB,-2.5917,51.4535,64,machine,0.0,8.0,4.9,12.42872428894043,N,1.0,0.0
2026-09-26T17:59:07,efficientnet_lite0_batch1_node_0_upload,77d9f312-12e9-43eb-8875-3261e08be59a,5b0fa12a-3dd7-45bb-9766-cc326314d9f1,3.073133683297783,2.0612806834015273e-08,6.707422767204727e-09,22.50279936,0.0,20.0,7.228123014440538e-08,0.0,1.447702395833201e-08,8.675825410273739e-08,0.0,United Kingdom,GBR,england,,,Linux-6.4.0-150700.53.73-default-x86_64-with-glibc2.38,3.12.12,3.3.0,8,AMD EPYC 7543P 32-Core Processor,1,1 x NVIDIA A100-SXM4-40GB,-2.5917,51.4535,64,machine,0,0,0,0,N,1.0,0.0
2026-09-26T17:59:20,mobilevit_xxs_batch1_node_0_local_train,a8ba34ff-eaac-4532-8d8b-c81003987b3d,5b0fa12a-3dd7-45bb-9766-cc326314d9f1,12.069523160811514,6.9154344416427e-05,5.7296666566715715e-06,22.847745960000005,36.74620359974386,20.0,5.720852104024332e-05,0.00018382014705764504,5.0038445347713105e-05,0.00029106711344560143,0.0,United Kingdom,GBR,england,,,Linux-6.4.0-150700.53.73-default-x86_64-with-glibc2.38,3.12.12,3.3.0,8,AMD EPYC 7543P 32-Core Processor,1,1 x NVIDIA A100-SXM4-40GB,-2.5917,51.4535,64,machine,0.0,27.0,5.0,12.531096458435059,N,1.0,0.0
2026-09-26T17:59:26,mobilevit_xxs_batch1_node_0_evaluate,6ab0c959-3f51-493f-afe2-f9c5462a939b,5b0fa12a-3dd7-45bb-9766-cc326314d9f1,5.295469833072275,1.594791157923539e-05,3.0116140931696864e-06,22.600738080000003,32.65618895294344,20.0,1.4154051069932463e-05,4.0540310209280506e-05,1.2429586290899251e-05,6.712394757011222e-05,0.0,United Kingdom,GBR,england,,,Linux-6.4.0-150700.53.73-default-x86_64-with-glibc2.38,3.12.12,3.3.0,8,AMD EPYC 7543P 32-Core Processor,1,1 x NVIDIA A100-SXM4-40GB,-2.5917,51.4535,64,machine,0.0,12.0,5.0,12.504545211791992,N,1.0,0.0
2026-09-26T17:59:31,mobilevit_xxs_batch1_node_1_local_train,57cff431-06d4-4a7f-873e-7e4c5f8f6b09,5b0fa12a-3dd7-45bb-9766-cc326314d9f1,5.579519791062921,1.938053709949684e-05,3.4735134608788204e-06,22.86020716875,386.5158730806435,20.0,1.626013935223872e-05,5.1299763271117627e-05,1.4011790929362178e-05,8.157169355271852e-05,0.0,United Kingdom,GBR,england,,,Linux-6.4.0-150700.53.73-default-x86_64-with-glibc2.38,3.12.12,3.3.0,8,AMD EPYC 7543P 32-Core Processor,1,1 x NVIDIA A100-SXM4-40GB,-2.5917,51.4535,64,machine,0.0,19.5,5.0,12.54777717590332,N,1.0,0.0
2026-09-26T17:59:36,mobilevit_xxs_batch1_node_1_evaluate,3db17546-ab88-4d7e-aa47-26fc6789691f,5b0fa12a-3dd7-45bb-9766-cc326314d9f1,5.083020456600934,1.4846785691710502e-05,2.920858929936059e-06,22.6784421225,393.47747608551316,20.0,1.2879867078604027e-05,3.8399197393346185e-05,1.1210300320655935e-05,6.248936479260615e-05,0.0,United Kingdom,GBR,england,,,Linux-6.4.0-150700.53.73-default-x86_64-with-glibc2.38,3.12.12,3.3.0,8,AMD EPYC 7543P 32-Core Processor,1,1 x NVIDIA A100-SXM4-40GB,-2.5917,51.4535,64,machine,0.0,8.5,5.0,12.559896469116211,N,1.0,0.0
2026-09-26T17:59:40,mobilevit_xxs_batch1_node_0_upload,47f64f07-c191-42c0-9f63-c172c66cff56,5b0fa12a-3dd7-45bb-9766-cc326314d9f1,3.1185597176663578,1.8910500645146525e-07,6.063857151113783e-08,23.622840528750004,0.0,20.0,4.712684677008088e-07,0.0,3.2466487286405433e-07,7.959333405648631e-07,0.0,United Kingdom,GBR,england,,,Linux-6.4.0-150700.53.73-default-x86_64-with-glibc2.38,3.12.12,3.3.0,8,AMD EPYC 7543P 32-Core Processor,1,1 x NVIDIA A100-SXM4-40GB,-2.5917,51.4535,64,machine,0,0,0,0,N,1.0,0.0
2026-09-26T17:59:43,mobilevit_xxs_batch1_node_0_exchange,2154929c-1943-4304-b5fa-ec7859d5c2f7,5b0fa12a-3dd7-45bb-9766-cc326314d9f1,3.0793379452079535,2.1474884006019583e-08,6.973863988991096e-09,22.6848162825,0.0,20.0,7.409765422136742e-08,0.0,1.6289038790596856e-08,9.038669301196429e-08,0.0,United Kingdom,GBR,england,,,Linux-6.4.0-150700.53.73-default-x86_64-with-glibc2.38,3.12.12,3.3.0,8,AMD EPYC 7543P 32-Core Processor,1,1 x NVIDIA A100-SXM4-40GB,-2.5917,51.4535,64,machine,0,0,0,0,N,1.0,0.0
2026-09-26T17:59:48,mobilevit_xxs_batch1_node_0_evaluate,0716d7a0-e178-4472-bfd8-f64fb595d7ef,5b0fa12a-3dd7-45bb-9766-cc326314d9f1,5.2504847277887166,1.575561432040372e-05,3.0007923338992976e-06,22.645133403750002,33.10511472959328,20.0,1.3863852391885798e-05,4.02716988787688e-05,1.2179026931213835e-05,6.631457820186844e-05,0.0,United Kingdom,GBR,england,,,Linux-6.4.0-150700.53.73-default-x86_64-with-glibc2.38,3.12.12,3.3.0,8,AMD EPYC 7543P 32-Core Processor,1,1 x NVIDIA A100-SXM4-40GB,-2.5917,51.4535,64,machine,0.0,10.0,5.0,12.52871322631836,N,1.0,0.0
2026-09-26T18:00:11,mobilenet_v3_small_batch2_node_0_local_train,d15cc24f-4431-4e8d-8856-68cb92f296ae,5b0fa12a-3dd7-45bb-9766-cc326314d9f1,14.345074594952166,7.822502318035453e-05,5.453092813325686e-06,22.7668174846875,31.177658257111112,20.0,7.218955716833921e-05,0.0001944026555236178,6.265292567873582e-05,0.0003292451383706928,0.0,United Kingdom,GBR,england,,,Linux-6.4.0-150700.53.73-default-x86_64-with-glibc2.38,3.12.12,3.3.0,8,AMD EPYC 7543P 32-Core Processor,1,1 x NVIDIA A100-SXM4-40GB,-2.5917,51.4535,64,machine,1.7272727272727273,7.2727272727272725,4.972727272727273,12.452869415283203,N,1.0,0.0
2026-09-26T18:00:19,mobilenet_v3_small_batch2_node_0_evaluate,40605e5f-eac5-4f0a-87a8-33d248e1637a,5b0fa12a-3dd7-45bb-9766-cc326314d9f1,8.050007550045848,3.391588091083309e-05,4.213148956691342e-06,22.801962978,29.933414469781784,20.0,3.210581645732103e-05,8.29264552208997e-05,2.771794365512e-05,0.00014275021533334073,0.0,United Kingdom,GBR,england,,,Linux-6.4.0-150700.53.73-default-x86_64-with-glibc2.38,3.12.12,3.3.0,8,AMD EPYC 7543P 32-Core Processor,1,1 x NVIDIA A100-SXM4-40GB,-2.5917,51.4535,64,machine,0.0,2.25,5.0,12.533865928649902,N,1.0,0.0
2026-09-26T18:00:24,mobilenet_v3_small_batch2_node_1_local_train,c1045b84-ed90-474b-b74f-e51ccf922b95,5b0fa12a-3dd7-45bb-9766-cc326314d9f1,5.627823091112077,1.758709985466955e-05,3.1250271321507154e-06,22.88434483125,30.269682715623123,20.0,1.6530402424310027e-05,4.3205034572224577e-05,1.4287770536935165e-05,7.402320753346977e-05,0.0,United Kingdom,GBR,england,,,Linux-6.4.0-150700.53.73-default-x86_64-with-glibc2.38,3.12.12,3.3.0,8,AMD EPYC 7543P 32-Core Processor,1,1 x NVIDIA A100-SXM4-40GB,-2.5917,51.4535,64,machine,0.0,9.0,5.0,12.615377426147461,N,1.0,0.0
2026-09-26T18:00:30,mobilenet_v3_small_batch2_node_1_evaluate,91081702-12c5-4a17-9473-b9e8ff65f0e9,5b0fa12a-3dd7-45bb-9766-cc326314d9f1,5.329431063961238,1.562805820320715e-05,2.9324064831023804e-06,22.63247371125,30.760613764225916,20.0,1.441496003848929e-05,3.875086434845798e-05,1.2611876614391804e-05,6.577770100133908e-05,0.0,United Kingdom,GBR,england,,,Linux-6.4.0-150700.53.73-default-x86_64-with-glibc2.38,3.12.12,3.3.0,8,AMD EPYC 7543P 32-Core Processor,1,1 x NVIDIA A100-SXM4-40GB,-2.5917,51.4535,64,machine,0.0,4.5,5.0,12.584911346435547,N,1.0,0.0
2026-09-26T18:00:33,mobilenet_v3_small_batch2_node_0_exchange,7a0466da-bb50-4dcb-9f95-1b2fe4b5d51b,5b0fa12a-3dd7-45bb-9766-cc326314d9f1,3.0722755058668554,1.957826769186484e-08,6.372562504397127e-09,22.6157868675,0.0,20.0,6.778292252970878e-08,0.0,1.4621009015374714e-08,8.240393154508349e-08,0.0,United Kingdom,GBR,england,,,Linux-6.4.0-150700.53.73-default-x86_64-with-glibc2.38,3.12.12,3.3.0,8,AMD EPYC 7543P 32-Core Processor,1,1 x NVIDIA A100-SXM4-40GB,-2.5917,51.4535,64,machine,0,0,0,0,N,1.0,0.0
2026-09-26T18:00:38,mobilenet_v3_small_batch2_node_0_evaluate,f291f0c6-d418-43ac-b8dd-3ea79999d371,5b0fa12a-3dd7-45bb-9766-cc326314d9f1,5.478500692173839,1.648151483281254e-05,3.008398786251274e-06,22.687173450000003,30.134224774847073,20.0,1.5448977652811492e-05,4.047503239235084e-05,1.3445846441512309e-05,6.936985648667464e-05,0.0,United Kingdom,GBR,england,,,Linux-6.4.0-150700.53.73-default-x86_64-with-glibc2.38,3.12.12,3.3.0,8,AMD EPYC 7543P 32-Core Processor,1,1 x NVIDIA A100-SXM4-40GB,-2.5917,51.4535,64,machine,0.0,3.0,5.0,12.620048522949219,N,1.0,0.0
2026-09-26T18:00:51,efficientnet_lite0_batch2_node_0_local_train,f3e40a29-245e-4caa-9bd3-0b0de17ab744,5b0fa12a-3dd7-45bb-9766-cc326314d9f1,11.738102665171027,6.672384547478035e-05,5.684380804809408e-06,22.589863211250005,36.89390989535986,20.0,5.4749762244051075e-05,0.00017786375340733684,4.82237515401923e-05,0.0002808372671915802,0.0,United Kingdom,GBR,england,,,Linux-6.4.0-150700.53.73-default-x86_64-with-glibc2.38,3.12.12,3.3.0,8,AMD EPYC 7543P 32-Core Processor,1,1 x NVIDIA A100-SXM4-40GB,-2.5917,51.4535,64,machine,4.1625,15.75,5.0,12.654434204101562,N,1.0,0.0
2026-09-26T18:00:57,efficientnet_lite0_batch2_node_0_evaluate,20ebe219-ed79-4107-9766-1a1f6eb93257,5b0fa12a-3dd7-45bb-9766-cc326314d9f1,5.872830843087286,2.0468675397795066e-05,3.4853166972939575e-06,22.56503787,33.769391798679074,20.0,1.776301977634628e-05,5.275281999672643e-05,1.5635772455587154e-05,8.615161222865985e-05,0.0,United Kingdom,GBR,england,,,Linux-6.4.0-150700.53.73-default-x86_64-with-glibc2.38,3.12.12,3.3.0,8,AMD EPYC 7543P 32-Core Processor,1,1 x NVIDIA A100-SXM4-40GB,-2.5917,51.4535,64,machine,0.0,12.5,5.0,12.635574340820312,N,1.0,0.0
2026-09-26T18:01:02,efficientnet_lite0_batch2_node_1_local_train,70be76c9-299e-4cad-b83c-410b8e31aa0e,5b0fa12a-3dd7-45bb-9766-cc326314d9f1,4.4694761778227985,1.1340261005316897e-05,2.5372684749023637e-06,22.592848882500004,39.73231769309714,20.0,8.934579890956886e-06,3.098363590936515e-05,7.812365183296303e-06,4.773058098361834e-05,0.0,United Kingdom,GBR,england,,,Linux-6.4.0-150700.53.73-default-x86_64-with-glibc2.38,3.12.12,3.3.0,8,AMD EPYC 7543P 32-Core Processor,1,1 x NVIDIA A100-SXM4-40GB,-2.5917,51.4535,64,machine,0.0,28.0,5.0,12.648136138916016,N,1.0,0.0
2026-09-26T18:01:07,efficientnet_lite0_batch2_node_1_evaluate,719959be-bce2-4c9f-9eed-e878f31a0f42,5b0fa12a-3dd7-45bb-9766-cc326314d9f1,5.676261389162391,1.8865931106209495e-05,3.3236543937581806e-06,22.641367511250003,33.4268967999232,20.0,1.6506872726649175e-05,4.8400038721752026e-05,1.4498831688736874e-05,7.940574313713806e-05,0.0,United Kingdom,GBR,england,,,Linux-6.4.0-150700.53.73-default-x86_64-with-glibc2.38,3.12.12,3.3.0,8,AMD EPYC 7543P 32-Core Processor,1,1 x NVIDIA A100-SXM4-40GB,-2.5917,51.4535,64,machine,0.0,13.0,5.0,12.632822036743164,N,1.0,0.0
2026-09-26T18:01:10,efficientnet_lite0_batch2_node_1_upload,a0ebbc5d-1d6f-4cad-ad33-03497ff8c546,5b0fa12a-3dd7-45bb-9766-cc326314d9f1,3.0792214069515467,2.0319992138691034e-08,6.599068223160992e-09,22.5665230725,0.0,20.0,7.114079491491853e-08,0.0,1.4385017048981454e-08,8.552581196389999e-08,0.0,United Kingdom,GBR,england,,,Linux-6.4.0-150700.53.73-default-x86_64-with-glibc2.38,3.12.12,3.3.0,8,AMD EPYC 7543P 32-Core Processor,1,1 x NVIDIA A100-SXM4-40GB,-2.5917,51.4535,64,machine,0,0,0,0,N,1.0,0.0
2026-09-26T18:01:27,mobilevit_xxs_batch2_node_0_local_train,e371a7dd-1751-4bcd-b82e-01467b6ae595,5b0fa12a-3dd7-45bb-9766-cc326314d9f1,15.511740688700229,9.242992256221776e-05,5.958707305463776e-06,22.761039323076922,34.722044698469865,20.0,7.970475866982421e-05,0.00024015019212697553,6.917788558122184e-05,0.00038903283637802157,0.0,United Kingdom,GBR,england,,,Linux-6.4.0-150700.53.73-default-x86_64-with-glibc2.38,3.12.12,3.3.0,8,AMD EPYC 7543P 32-Core Processor,1,1 x NVIDIA A100-SXM4-40GB,-2.5917,51.4535,64,machine,0.0,18.5,4.825,12.16454029083252,N,1.0,0.0
2026-09-26T18:01:33,mobilevit_xxs_batch2_node_0_evaluate,65ae1ac0-a2c8-45d2-a661-aa0486c9912b,5b0fa12a-3dd7-45bb-9766-cc326314d9f1,5.854077531024814,1.97993940229984e-05,3.382154390348896e-06,23.146153301250003,31.879155994867915,20.0,1.8323145967033783e-05,4.947031735014207e-05,1.5541177693133552e-05,8.33346410103094e-05,0.0,United Kingdom,GBR,england,,,Linux-6.4.0-150700.53.73-default-x86_64-with-glibc2.38,3.12.12,3.3.0,8,AMD EPYC 7543P 32-Core Processor,1,1 x NVIDIA A100-SXM4-40GB,-2.5917,51.4535,64,machine,0.0,12.5,5.0,12.548603057861328,N,1.0,0.0
2026-09-26T18:01:38,mobilevit_xxs_batch2_node_1_local_train,09834d51-3568-4203-9ab5-d27319534ed7,5b0fa12a-3dd7-45bb-9766-cc326314d9f1,5.280271322000772,1.685128896609234e-05,3.191368007147621e-06,23.120668440000003,35.88848608514185,20.0,1.4519891214114987e-05,4.4103090829139546e-05,1.230323493687643e-05,7.092621698013097e-05,0.0,United Kingdom,GBR,england,,,Linux-6.4.0-150700.53.73-default-x86_64-with-glibc2.38,3.12.12,3.3.0,8,AMD EPYC 7543P 32-Core Processor,1,1 x NVIDIA A100-SXM4-40GB,-2.5917,51.4535,64,machine,0.0,24.5,5.0,12.584367752075195,N,1.0,0.0
2026-09-26T18:01:44,mobilevit_xxs_batch2_node_1_evaluate,a6c4d34e-771a-474f-8f51-42e44f03433f,5b0fa12a-3dd7-45bb-9766-cc326314d9f1,5.5462301867082715,1.795231118764623e-05,3.2368492801956817e-06,23.240027306250003,32.87411090844393,20.0,1.641815412386957e-05,4.5334202937397095e-05,1.380800637157841e-05,7.556036343284507e-05,0.0,United Kingdom,GBR,england,,,Linux-6.4.0-150700.53.73-default-x86_64-with-glibc2.38,3.12.12,3.3.0,8,AMD EPYC 7543P 32-Core Processor,1,1 x NVIDIA A100-SXM4-40GB,-2.5917,51.4535,64,machine,0.0,11.5,5.0,12.572824478149414,N,1.0,0.0
2026-09-26T18:01:47,mobilevit_xxs_batch2_node_0_upload,da67767f-b7eb-45fc-9191-d0e3365bd35c,5b0fa12a-3dd7-45bb-9766-cc326314d9f1,3.0745722660794854,2.2820679443547916e-08,7.422391626737566e-09,22.74118074,0.0,20.0,7.613940599254016e-08,0.0,1.991167147126463e-08,9.60510774638048e-08,0.0,United Kingdom,GBR,england,,,Linux-6.4.0-150700.53.73-default-x86_64-with-glibc2.38,3.12.12,3.3.0,8,AMD EPYC 7543P 32-Core Processor,1,1 x NVIDIA A100-SXM4-40GB,-2.5917,51.4535,64,machine,0,0,0,0,N,1.0,0.0
2026-09-26T18:01:50,mobilevit_xxs_batch2_node_0_exchange,e9f916ee-68d8-40d6-8776-280cc0db5c12,5b0fa12a-3dd7-45bb-9766-cc326314d9f1,3.083912546746433,1.971773073592653e-08,6.393738615165656e-09,22.50082944,0.0,20.0,6.853410754886867e-08,0.0,1.4456816845470004e-08,8.299092439433867e-08,0.0,United Kingdom,GBR,england,,,Linux-6.4.0-150700.53.73-default-x86_64-with-glibc2.38,3.12.12,3.3.0,8,AMD EPYC 7543P 32-Core Processor,1,1 x NVIDIA A100-SXM4-40GB,-2.5917,51.4535,64,machine,0,0,0,0,N,1.0,0.0
2026-09-26T18:01:56,mobilevit_xxs_batch2_node_0_evaluate,85a7f557-edd1-4a1d-9b37-bbba12f9a986,5b0fa12a-3dd7-45bb-9766-cc326314d9f1,6.04784275079146,2.1001134790316445e-05,3.4725001385937325e-06,22.868811731250002,31.71943768407133,20.0,1.9300910501589426e-05,5.251976422471216e-05,1.6572031965996656e-05,8.839270669229824e-05,0.0,United Kingdom,GBR,england,,,Linux-6.4.0-150700.53.73-default-x86_64-with-glibc2.38,3.12.12,3.3.0,8,AMD EPYC 7543P 32-Core Processor,1,1 x NVIDIA A100-SXM4-40GB,-2.5917,51.4535,64,machine,38.9,15.0,5.0,12.574068069458008,N,1.0,0.0
2026-09-26T18:02:18,mobilenet_v3_small_batch3_node_0_local_train,07e14487-8f98-4947-899a-dc928121d295,5b0fa12a-3dd7-45bb-9766-cc326314d9f1,12.67806749092415,6.69694171054791e-05,5.282304827089816e-06,22.759265124000002,31.470502422328664,20.0,6.145768908946766e-05,0.000167038189161417,5.3374987426731324e-05,0.000281870865677616,0.0,United Kingdom,GBR,england,,,Linux-6.4.0-150700.53.73-default-x86_64-with-glibc2.38,3.12.12,3.3.0,8,AMD EPYC 7543P 32-Core Processor,1,1 x NVIDIA A100-SXM4-40GB,-2.5917,51.4535,64,machine,0.0,7.0,4.877777777777778,12.25947486029731,N,1.0,0.0
2026-09-26T18:02:26,mobilenet_v3_small_batch3_node_0_evaluate,aca7877f-6caf-4c54-b98c-1c46417e120b,5b0fa12a-3dd7-45bb-9766-cc326314d9f1,8.32051464356482,3.57651538847833e-05,4.298430495816082e-06,22.538476096875,30.22468017686144,20.0,3.305793741072788e-05,8.825590393257698e-05,2.9219869749310116e-05,0.00015053371109261497,0.0,United Kingdom,GBR,england,,,Linux-6.4.0-150700.53.73-default-x86_64-with-glibc2.38,3.12.12,3.3.0,8,AMD EPYC 7543P 32-Core Processor,1,1 x NVIDIA A100-SXM4-40GB,-2.5917,51.4535,64,machine,0.0,2.8,4.9,12.29659652709961,N,1.0,0.0
2026-09-26T18:02:32,mobilenet_v3_small_batch3_node_1_local_train,52ac99ab-cfe4-4690-96ad-6a8c290462d4,5b0fa12a-3dd7-45bb-9766-cc326314d9f1,5.431437897030264,1.6176303991004728e-05,2.978272843706712e-06,22.524675030000004,30.439338730450295,20.0,1.4907812835869386e-05,4.001669867648161e-05,1.3160728086303507e-05,6.808523959865451e-05,0.0,United Kingdom,GBR,england,,,Linux-6.4.0-150700.53.73-default-x86_64-with-glibc2.38,3.12.12,3.3.0,8,AMD EPYC 7543P 32-Core Processor,1,1 x NVIDIA A100-SXM4-40GB,-2.5917,51.4535,64,machine,0.0,8.5,4.9,12.387939453125,N,1.0,0.0
2026-09-26T18:02:38,mobilenet_v3_small_batch3_node_1_evaluate,7a13e756-9571-44d4-bc74-c9efc206783f,5b0fa12a-3dd7-45bb-9766-cc326314d9f1,6.148426871281117,2.1073545303671368e-05,3.427469455984662e-06,22.704808272187503,30.283996038437966,20.0,1.9576998834429446e-05,5.1945041548151494e-05,1.717543847238024e-05,8.869747885496117e-05,0.0,United Kingdom,GBR,england,,,Linux-6.4.0-150700.53.73-default-x86_64-with-glibc2.38,3.12.12,3.3.0,8,AMD EPYC 7543P 32-Core Processor,1,1 x NVIDIA A100-SXM4-40GB,-2.5917,51.4535,64,machine,0.0,4.666666666666667,4.9,12.383917490641275,N,1.0,0.0
2026-09-26T18:02:41,mobilenet_v3_small_batch3_node_0_upload,f9e12612-5c40-49c1-89e5-69e1985b2467,5b0fa12a-3dd7-45bb-9766-cc326314d9f1,3.064412062987685,2.28998102315333e-08,7.47282341957852e-09,22.60368,0.0,20.0,7.608951912820339e-08,0.0,2.0294615791903603e-08,9.638413492010699e-08,0.0,United Kingdom,GBR,england,,,Linux-6.4.0-150700.53.73-default-x86_64-with-glibc2.38,3.12.12,3.3.0,8,AMD EPYC 7543P 32-Core Processor,1,1 x NVIDIA A100-SXM4-40GB,-2.5917,51.4535,64,machine,0,0,0,0,N,1.0,0.0
2026-09-26T18:02:44,mobilenet_v3_small_batch3_node_0_exchange,60d200bf-80f5-4305-8933-0a2420ab811c,5b0fa12a-3dd7-45bb-9766-cc326314d9f1,3.0732184941880405,2.0511193712643295e-08,6.674173590791973e-09,22.7025,0.0,20.0,7.187121495080647e-08,0.0,1.445935469948583e-08,8.633056965029229e-08,0.0,United Kingdom,GBR,england,,,Linux-6.4.0-150700.53.73-default-x86_64-with-glibc2.38,3.12.12,3.3.0,8,AMD EPYC 7543P 32-Core Processor,1,1 x NVIDIA A100-SXM4-40GB,-2.5917,51.4535,64,machine,0,0,0,0,N,1.0,0.0
2026-09-26T18:02:51,mobilenet_v3_small_batch3_node_0_evaluate,411fdad4-1779-4d6b-8d48-7879aea47e3d,5b0fa12a-3dd7-45bb-9766-cc326314d9f1,6.247525590937585,2.188606733887201e-05,3.5031576934425175e-06,22.8202945284375,30.373884002013494,20.0,2.0581194117010194e-05,5.3806987494908753e-05,1.7729161105429133e-05,9.211734271734807e-05,0.0,United Kingdom,GBR,england,,,Linux-6.4.0-150700.53.73-default-x86_64-with-glibc2.38,3.12.12,3.3.0,8,AMD EPYC 7543P 32-Core Processor,1,1 x NVIDIA A100-SXM4-40GB,-2.5917,51.4535,64,machine,0.0,4.666666666666667,4.933333333333334,12.486756642659506,N,1.0,0.0
2026-09-26T18:03:00,efficientnet_lite0_batch3_node_0_local_train,cf077147-479e-45f1-99ee-db9ebf80068c,5b0fa12a-3dd7-45bb-9766-cc326314d9f1,8.80512829311192,4.724574532015478e-05,5.365707772493696e-06,22.80047500125,40.88545446767153,20.0,3.66575533798241e-05,0.00013030260423363416,3.18947780954962e-05,0.00019885493570895446,0.0,United Kingdom,GBR,england,,,Linux-6.4.0-150700.53.73-default-x86_64-with-glibc2.38,3.12.12,3.3.0,8,AMD EPYC 7543P 32-Core Processor,1,1 x NVIDIA A100-SXM4-40GB,-2.5917,51.4535,64,machine,0.0,23.8,4.9799999999999995,12.485758209228516,N,1.0,0.0
2026-09-26T18:03:06,efficientnet_lite0_batch3_node_0_evaluate,076f4726-fd29-4e6b-b86e-eded994bd90a,5b0fa12a-3dd7-45bb-9766-cc326314d9f1,6.09078184235841,2.203146006915386e-05,3.617180953015888e-06,22.681465515000003,33.63572313625753,20.0,1.926031327224612e-05,5.662087862390308e-05,1.6848101417741015e-05,9.272929331389021e-05,0.0,United Kingdom,GBR,england,,,Linux-6.4.0-150700.53.73-default-x86_64-with-glibc2.38,3.12.12,3.3.0,8,AMD EPYC 7543P 32-Core Processor,1,1 x NVIDIA A100-SXM4-40GB,-2.5917,51.4535,64,machine,0.0,10.0,5.0,12.46926498413086,N,1.0,0.0
2026-09-26T18:03:11,efficientnet_lite0_batch3_node_1_local_train,c29aa432-a6cb-45c5-b5f7-2a9b42405205,5b0fa12a-3dd7-45bb-9766-cc326314d9f1,4.70032085198909,1.276439457849916e-05,2.715643246587624e-06,22.73339421,37.635918404722744,20.0,1.0502459764222623e-05,3.413752732228659e-05,9.084699571960502e-06,5.372468665846971e-05,0.0,United Kingdom,GBR,england,,,Linux-6.4.0-150700.53.73-default-x86_64-with-glibc2.38,3.12.12,3.3.0,8,AMD EPYC 7543P 32-Core Processor,1,1 x NVIDIA A100-SXM4-40GB,-2.5917,51.4535,64,machine,0.0,36.0,4.9,12.437156677246094,N,1.0,0.0
2026-09-26T18:03:17,efficientnet_lite0_batch3_node_1_evaluate,9720af2a-ecdc-4765-a106-7dab39c7eaee,5b0fa12a-3dd7-45bb-9766-cc326314d9f1,5.820787066128105,1.9967495789381667e-05,3.4303772947777196e-06,22.819971363750003,33.28302878518579,20.0,1.7652657353221826e-05,5.104004084444114e-05,1.5349474585511618e-05,8.404217278317459e-05,0.0,United Kingdom,GBR,england,,,Linux-6.4.0-150700.53.73-default-x86_64-with-glibc2.38,3.12.12,3.3.0,8,AMD EPYC 7543P 32-Core Processor,1,1 x NVIDIA A100-SXM4-40GB,-2.5917,51.4535,64,machine,0.0,8.5,5.0,12.534221649169922,N,1.0,0.0
2026-09-26T18:03:20,efficientnet_lite0_batch3_node_0_upload,807aad69-e2a7-4a14-88ed-6670c0a0d8f8,5b0fa12a-3dd7-45bb-9766-cc326314d9f1,3.071832800284028,1.9833975047219492e-08,6.456723505714765e-09,22.500001620000003,0.0,20.0,6.858222971395722e-08,0.0,1.489796106600099e-08,8.348019077995821e-08,0.0,United Kingdom,GBR,england,,,Linux-6.4.0-150700.53.73-default-x86_64-with-glibc2.38,3.12.12,3.3.0,8,AMD EPYC 7543P 32-Core Processor,1,1 x NVIDIA A100-SXM4-40GB,-2.5917,51.4535,64,machine,0,0,0,0,N,1.0,0.0
2026-09-26T18:03:33,mobilevit_xxs_batch3_node_0_local_train,d777085e-bdd4-4c51-b4af-4fbc8e139cf4,5b0fa12a-3dd7-45bb-9766-cc326314d9f1,11.68840573495254,6.672846038163175e-05,5.7089445639356644e-06,22.587465982500003,37.251535913593834,20.0,5.4416193177793466e-05,0.00017850680946196462,4.793368845971094e-05,0.000280856691099469,0.0,United Kingdom,GBR,england,,,Linux-6.4.0-150700.53.73-default-x86_64-with-glibc2.38,3.12.12,3.3.0,8,AMD EPYC 7543P 32-Core Processor,1,1 x NVIDIA A100-SXM4-40GB,-2.5917,51.4535,64,machine,4.1625,29.625,5.0,12.531579494476318,N,1.0,0.0
2026-09-26T18:03:39,mobilevit_xxs_batch3_node_0_evaluate,e772a89f-fd21-4b8d-adcf-55524e02fd0e,5b0fa12a-3dd7-45bb-9766-cc326314d9f1,6.047926728148013,2.1533192605389136e-05,3.560425509980177e-06,22.636027788750006,350.98247457488907,20.0,1.8922795907222774e-05,5.517726636128373e-05,1.6532048668401937e-05,9.063211093690843e-05,0.0,United Kingdom,GBR,england,,,Linux-6.4.0-150700.53.73-default-x86_64-with-glibc2.38,3.12.12,3.3.0,8,AMD EPYC 7543P 32-Core Processor,1,1 x NVIDIA A100-SXM4-40GB,-2.5917,51.4535,64,machine,0.0,17.5,5.0,12.542573928833008,N,1.0,0.0
2026-09-26T18:03:46,mobilevit_xxs_batch3_node_1_local_train,ac5344c5-7fb2-4ac1-ae54-39cbddfdb19c,5b0fa12a-3dd7-45bb-9766-cc326314d9f1,6.747051628772169,2.6766845538069036e-05,3.967191450547722e-06,22.64635596375,33.617148334271725,20.0,2.339243166667681e-05,6.879061059805736e-05,2.0477247302834356e-05,0.00011266028956756851,0.0,United Kingdom,GBR,england,,,Linux-6.4.0-150700.53.73-default-x86_64-with-glibc2.38,3.12.12,3.3.0,8,AMD EPYC 7543P 32-Core Processor,1,1 x NVIDIA A100-SXM4-40GB,-2.5917,51.4535,64,machine,0.0,17.666666666666668,5.0,12.511795043945312,N,1.0,0.0
2026-09-26T18:03:52,mobilevit_xxs_batch3_node_1_evaluate,528bb907-c36c-43cf-8d08-8c6c361c99c3,5b0fa12a-3dd7-45bb-9766-cc326314d9f1,5.807432529050857,1.9494216007355174e-05,3.356770123430298e-06,22.960860468750003,32.16471086975041,20.0,1.7814762164600555e-05,4.8990039175578204e-05,1.5245360945765342e-05,8.205016228594411e-05,0.0,United Kingdom,GBR,england,,,Linux-6.4.0-150700.53.73-default-x86_64-with-glibc2.38,3.12.12,3.3.0,8,AMD EPYC 7543P 32-Core Processor,1,1 x NVIDIA A100-SXM4-40GB,-2.5917,51.4535,64,machine,0.0,12.5,4.9,12.424623489379883,N,1.0,0.0
2026-09-26T18:03:55,mobilevit_xxs_batch3_node_0_exchange,f849ddb2-a066-4228-8e2f-da07883c94a9,5b0fa12a-3dd7-45bb-9766-cc326314d9f1,3.0874932408332825,1.9894965701580803e-08,6.443727694189658e-09,22.61165202,0.0,20.0,6.915210900951528e-08,0.0,1.4584788328243627e-08,8.373689733775891e-08,0.0,United Kingdom,GBR,england,,,Linux-6.4.0-150700.53.73-default-x86_64-with-glibc2.38,3.12.12,3.3.0,8,AMD EPYC 7543P 32-Core Processor,1,1 x NVIDIA A100-SXM4-40GB,-2.5917,51.4535,64,machine,0,0,0,0,N,1.0,0.0
2026-09-26T18:04:01,mobilevit_xxs_batch3_node_0_evaluate,40d166c3-0db1-4288-91a2-0278546a9c06,5b0fa12a-3dd7-45bb-9766-cc326314d9f1,6.036283592693508,2.1458681696772294e-05,3.5549492278239716e-06,22.7096240175,350.5798876362528,20.0,1.9022942212875506e-05,5.475504381990959e-05,1.654051228478137e-05,9.031849831756645e-05,0.0,United Kingdom,GBR,england,,,Linux-6.4.0-150700.53.73-default-x86_64-with-glibc2.38,3.12.12,3.3.0,8,AMD EPYC 7543P 32-Core Processor,1,1 x NVIDIA A100-SXM4-40GB,-2.5917,51.4535,64,machine,0.0,17.5,4.95,12.45706558227539,N,1.0,0.0
2026-09-26T18:04:31,mobilenet_v3_small_batch4_node_0_local_train,cd75e85a-d377-4ac2-8827-347400b011a2,5b0fa12a-3dd7-45bb-9766-cc326314d9f1,14.381500232964754,7.822194287041869e-05,5.439066968209699e-06,22.583572568437503,31.153015870090226,20.0,7.132392609373476e-05,0.0001950126560075205,6.289559140180548e-05,0.0003292321735030607,0.0,United Kingdom,GBR,england,,,Linux-6.4.0-150700.53.73-default-x86_64-with-glibc2.38,3.12.12,3.3.0,8,AMD EPYC 7543P 32-Core Processor,1,1 x NVIDIA A100-SXM4-40GB,-2.5917,51.4535,64,machine,0.0,6.0,4.918181818181818,12.40261528708718,N,1.0,0.0
2026-09-26T18:04:41,mobilenet_v3_small_batch4_node_0_evaluate,c07547bc-23ac-4a32-b896-3ec99982b584,5b0fa12a-3dd7-45bb-9766-cc326314d9f1,9.588361357804388,4.3985876454397895e-05,4.587423733106999e-06,22.61223587089286,29.73610247778681,20.0,4.121102209069374e-05,0.00010769286393497168,3.6230427660565405e-05,0.00018513431368623082,0.0,United Kingdom,GBR,england,,,Linux-6.4.0-150700.53.73-default-x86_64-with-glibc2.38,3.12.12,3.3.0,8,AMD EPYC 7543P 32-Core Processor,1,1 x NVIDIA A100-SXM4-40GB,-2.5917,51.4535,64,machine,0.0,2.0,4.916666666666667,12.437878290812174,N,1.0,0.0
2026-09-26T18:04:46,mobilenet_v3_small_batch4_node_1_local_train,ab08ecd1-ad14-4712-b098-efc25f012698,5b0fa12a-3dd7-45bb-9766-cc326314d9f1,5.663889341056347,1.8021375268024906e-05,3.1818021474027985e-06,22.537989033750005,31.080050518597197,20.0,1.6412472494504488e-05,4.495892484612796e-05,1.4479653288920722e-05,7.585105062955316e-05,0.0,United Kingdom,GBR,england,,,Linux-6.4.0-150700.53.73-default-x86_64-with-glibc2.38,3.12.12,3.3.0,8,AMD EPYC 7543P 32-Core Processor,1,1 x NVIDIA A100-SXM4-40GB,-2.5917,51.4535,64,machine,0.0,6.5,4.6,11.46809196472168,N,1.0,0.0
2026-09-26T18:04:52,mobilenet_v3_small_batch4_node_1_evaluate,d214b5ea-93d1-419f-89ba-58ea0245a0db,5b0fa12a-3dd7-45bb-9766-cc326314d9f1,5.9127955650910735,1.922833928375429e-05,3.2519878409593075e-06,22.563238623750003,29.721762772089548,20.0,1.800249904084994e-05,4.707559321559529e-05,1.5853008441627028e-05,8.093110069807226e-05,0.0,United Kingdom,GBR,england,,,Linux-6.4.0-150700.53.73-default-x86_64-with-glibc2.38,3.12.12,3.3.0,8,AMD EPYC 7543P 32-Core Processor,1,1 x NVIDIA A100-SXM4-40GB,-2.5917,51.4535,64,machine,0.0,3.5,4.7,11.821697235107422,N,1.0,0.0
2026-09-26T18:04:55,mobilenet_v3_small_batch4_node_0_upload,8e3468af-339f-4c10-a809-bdac0c0d0688,5b0fa12a-3dd7-45bb-9766-cc326314d9f1,3.0664049899205565,2.0615291740564327e-08,6.722951406721531e-09,22.6848162825,0.0,20.0,7.207132513331809e-08,0.0,1.469738781452179e-08,8.676871294783988e-08,0.0,United Kingdom,GBR,england,,,Linux-6.4.0-150700.53.73-default-x86_64-with-glibc2.38,3.12.12,3.3.0,8,AMD EPYC 7543P 32-Core Processor,1,1 x NVIDIA A100-SXM4-40GB,-2.5917,51.4535,64,machine,0,0,0,0,N,1.0,0.0
2026-09-26T18:04:59,mobilenet_v3_small_batch4_node_0_exchange,8069f390-b600-47ce-87ef-24fb5e383e4d,5b0fa12a-3dd7-45bb-9766-cc326314d9f1,3.087737831287086,2.1220859811910574e-08,6.872623574736886e-09,22.679159040000002,0.0,20.0,7.374159043482393e-08,0.0,1.5575927682220936e-08,8.931751811704487e-08,0.0,United Kingdom,GBR,england,,,Linux-6.4.0-150700.53.73-default-x86_64-with-glibc2.38,3.12.12,3.3.0,8,AMD EPYC 7543P 32-Core Processor,1,1 x NVIDIA A100-SXM4-40GB,-2.5917,51.4535,64,machine,0,0,0,0,N,1.0,0.0
2026-09-26T18:05:02,mobilenet_v3_small_batch4_node_1_exchange,6c69d545-709b-406d-9edc-1c63fa38bf22,5b0fa12a-3dd7-45bb-9766-cc326314d9f1,3.0786452013999224,2.1307353388065872e-08,6.921016224401885e-09,22.7769452775,0.0,20.0,7.521739087993962e-08,0.0,1.4464174293809469e-08,8.96815651737491e-08,0.0,United Kingdom,GBR,england,,,Linux-6.4.0-150700.53.73-default-x86_64-with-glibc2.38,3.12.12,3.3.0,8,AMD EPYC 7543P 32-Core Processor,1,1 x NVIDIA A100-SXM4-40GB,-2.5917,51.4535,64,machine,0,0,0,0,N,1.0,0.0
2026-09-26T18:05:08,mobilenet_v3_small_batch4_node_0_evaluate,ffc2e5a9-ece8-424f-a260-3075c9cd70d8,5b0fa12a-3dd7-45bb-9766-cc326314d9f1,6.50181911373511,2.3884577412033023e-05,3.673522285721052e-06,23.159385233437504,352.275770808154,20.0,2.2580265804509507e-05,5.882699150561166e-05,1.9121712516061958e-05,0.00010052896982618313,0.0,United Kingdom,GBR,england,,,Linux-6.4.0-150700.53.73-default-x86_64-with-glibc2.38,3.12.12,3.3.0,8,AMD EPYC 7543P 32-Core Processor,1,1 x NVIDIA A100-SXM4-40GB,-2.5917,51.4535,64,machine,0.0,3.3333333333333335,4.8,12.17797597249349,N,1.0,0.0
2026-09-26T18:05:14,mobilenet_v3_small_batch4_node_1_evaluate,4ab7219a-4474-4b67-b845-a48b8885cda5,5b0fa12a-3dd7-45bb-9766-cc326314d9f1,5.951257935259491,1.9400277464594493e-05,3.2598616419653787e-06,22.772133877500004,29.3907849618684,20.0,1.845439674741124e-05,4.7143648828296136e-05,1.605673416828116e-05,8.165477974398855e-05,0.0,United Kingdom,GBR,england,,,Linux-6.4.0-150700.53.73-default-x86_64-with-glibc2.38,3.12.12,3.3.0,8,AMD EPYC 7543P 32-Core Processor,1,1 x NVIDIA A100-SXM4-40GB,-2.5917,51.4535,64,machine,0.0,2.5,4.85,12.207569122314453,N,1.0,0.0
2026-09-26T18:05:25,efficientnet_lite0_batch4_node_0_local_train,ae58da10-142b-4f06-a3ee-f4c7e179be08,5b0fa12a-3dd7-45bb-9766-cc326314d9f1,9.763858896214515,5.344461049968484e-05,5.473718031751311e-06,22.846310003571432,38.80385336633684,20.0,4.3255837270238375e-05,0.00014444983777650577,3.7239968479197053e-05,0.0002249456435259412,0.0,United Kingdom,GBR,england,,,Linux-6.4.0-150700.53.73-default-x86_64-with-glibc2.38,3.12.12,3.3.0,8,AMD EPYC 7543P 32-Core Processor,1,1 x NVIDIA A100-SXM4-40GB,-2.5917,51.4535,64,machine,10.0,21.833333333333332,4.9,12.282391866048178,N,1.0,0.0
2026-09-26T18:05:32,efficientnet_lite0_batch4_node_0_evaluate,e88ac396-53fb-4309-900c-e3d4e34c61e9,5b0fa12a-3dd7-45bb-9766-cc326314d9f1,7.218903413973749,3.0272980087971827e-05,4.193570456888497e-06,22.855971388500002,33.584055357581306,20.0,2.6856393386810548e-05,7.747700641402844e-05,2.3084031511098145e-05,0.00012741743131193712,0.0,United Kingdom,GBR,england,,,Linux-6.4.0-150700.53.73-default-x86_64-with-glibc2.38,3.12.12,3.3.0,8,AMD EPYC 7543P 32-Core Processor,1,1 x NVIDIA A100-SXM4-40GB,-2.5917,51.4535,64,machine,12.5,6.5,4.9,12.244120597839355,N,1.0,0.0
2026-09-26T18:05:37,efficientnet_lite0_batch4_node_1_local_train,380d4101-df69-4eb2-be5a-b982e1482b73,5b0fa12a-3dd7-45bb-9766-cc326314d9f1,4.303977329749614,1.0097519196847484e-05,2.346090237755716e-06,23.221556049375003,39.66077377295703,20.0,8.240575355059061e-06,2.7349188528091872e-05,6.910180124557681e-06,4.249994400770862e-05,0.0,United Kingdom,GBR,england,,,Linux-6.4.0-150700.53.73-default-x86_64-with-glibc2.38,3.12.12,3.3.0,8,AMD EPYC 7543P 32-Core Processor,1,1 x NVIDIA A100-SXM4-40GB,-2.5917,51.4535,64,machine,0.0,30.0,4.9,12.271739959716797,N,1.0,0.0
2026-09-26T18:05:43,efficientnet_lite0_batch4_node_1_evaluate,e9c08d49-a776-4eee-8ddc-50a15bbb4fc1,5b0fa12a-3dd7-45bb-9766-cc326314d9f1,5.967315944842994,2.1181562108612673e-05,3.5495962178637386e-06,22.747878123750006,33.64333701855387,20.0,1.8654362160705516e-05,5.433365457463424e-05,1.616409935005423e-05,8.9152116085394e-05,0.0,United Kingdom,GBR,england,,,Linux-6.4.0-150700.53.73-default-x86_64-with-glibc2.38,3.12.12,3.3.0,8,AMD EPYC 7543P 32-Core Processor,1,1 x NVIDIA A100-SXM4-40GB,-2.5917,51.4535,64,machine,0.0,15.0,4.8,12.172788619995117,N,1.0,0.0
2026-09-26T18:05:57,mobilevit_xxs_batch4_node_0_local_train,1a4f0af5-69b4-47e1-bf77-b16e08947f5c,5b0fa12a-3dd7-45bb-9766-cc326314d9f1,12.821402520872653,7.402586677529485e-05,5.773616938925687e-06,22.545032233500002,36.1504794382703,20.0,6.132264733492546e-05,0.00019601265681501445,5.42357987853595e-05,0.0003115711029352994,0.0,United Kingdom,GBR,england,,,Linux-6.4.0-150700.53.73-default-x86_64-with-glibc2.38,3.12.12,3.3.0,8,AMD EPYC 7543P 32-Core Processor,1,1 x NVIDIA A100-SXM4-40GB,-2.5917,51.4535,64,machine,0.0,22.22222222222222,4.9,12.222121768527561,N,1.0,0.0
2026-09-26T18:06:05,mobilevit_xxs_batch4_node_0_evaluate,7b7455ca-dc43-43ad-a5f3-ced34f191129,5b0fa12a-3dd7-45bb-9766-cc326314d9f1,7.729911123868078,3.304200155296457e-05,4.274564225058027e-06,22.756001148000003,32.09864610811399,20.0,2.9915036458042003e-05,8.32172887754723e-05,2.5939776391411824e-05,0.00013907210162492613,0.0,United Kingdom,GBR,england,,,Linux-6.4.0-150700.53.73-default-x86_64-with-glibc2.38,3.12.12,3.3.0,8,AMD EPYC 7543P 32-Core Processor,1,1 x NVIDIA A100-SXM4-40GB,-2.5917,51.4535,64,machine,0.0,10.0,4.825,12.222975730895996,N,1.0,0.0
2026-09-26T18:06:10,mobilevit_xxs_batch4_node_1_local_train,aa73471d-89a5-42af-a3d7-16e99932d80b,5b0fa12a-3dd7-45bb-9766-cc326314d9f1,4.919958593789488,1.4155418987685176e-05,2.8771418941520565e-06,22.705240179375004,36.53109317081296,20.0,1.1843080686835531e-05,3.746197440079868e-05,1.027438246075892e-05,5.9579437548393134e-05,0.0,United Kingdom,GBR,england,,,Linux-6.4.0-150700.53.73-default-x86_64-with-glibc2.38,3.12.12,3.3.0,8,AMD EPYC 7543P 32-Core Processor,1,1 x NVIDIA A100-SXM4-40GB,-2.5917,51.4535,64,machine,0.0,19.0,4.9,12.205066680908203,N,1.0,0.0
2026-09-26T18:06:16,mobilevit_xxs_batch4_node_1_evaluate,7df28da7-3719-43c0-8459-aea0a944b76d,5b0fa12a-3dd7-45bb-9766-cc326314d9f1,5.9932753830216825,2.0878344889112738e-05,3.4836284927368577e-06,22.742432088750004,32.482412987703825,20.0,1.8776471889743265e-05,5.2823097803411656e-05,1.6276320558972658e-05,8.787589025212757e-05,0.0,United Kingdom,GBR,england,,,Linux-6.4.0-150700.53.73-default-x86_64-with-glibc2.38,3.12.12,3.3.0,8,AMD EPYC 7543P 32-Core Processor,1,1 x NVIDIA A100-SXM4-40GB,-2.5917,51.4535,64,machine,33.35,11.5,4.8,12.173707962036133,N,1.0,0.0
2026-09-26T18:06:19,mobilevit_xxs_batch4_node_1_upload,c63cf2f7-0164-46d9-bbb6-395b04e52149,5b0fa12a-3dd7-45bb-9766-cc326314d9f1,3.071456535253674,2.0051516743506394e-08,6.528341362919637e-09,22.58889264,0.0,20.0,6.978631327913217e-08,0.0,1.4609499420556757e-08,8.439581269968894e-08,0.0,United Kingdom,GBR,england,,,Linux-6.4.0-150700.53.73-default-x86_64-with-glibc2.38,3.12.12,3.3.0,8,AMD EPYC 7543P 32-Core Processor,1,1 x NVIDIA A100-SXM4-40GB,-2.5917,51.4535,64,machine,0,0,0,0,N,1.0,0.0
2026-09-26T18:06:22,mobilevit_xxs_batch4_node_0_exchange,8ad28501-1ac2-4134-bcf9-d534ffae9981,5b0fa12a-3dd7-45bb-9766-cc326314d9f1,3.0812344108708203,1.9439554031055008e-08,6.30901497220427e-09,22.5998403975,0.0,20.0,6.741047591178035e-08,0.0,1.4409616899987061e-08,8.182009281176741e-08,0.0,United Kingdom,GBR,england,,,Linux-6.4.0-150700.53.73-default-x86_64-with-glibc2.38,3.12.12,3.3.0,8,AMD EPYC 7543P 32-Core Processor,1,1 x NVIDIA A100-SXM4-40GB,-2.5917,51.4535,64,machine,0,0,0,0,N,1.0,0.0
2026-09-26T18:06:28,mobilevit_xxs_batch4_node_0_evaluate,33a9ba1e-14a6-4d89-9e5d-638d9a936553,5b0fa12a-3dd7-45bb-9766-cc326314d9f1,6.302300678100437,2.3244851981822257e-05,3.6883121210948695e-06,22.780934881874998,32.76939481043118,20.0,2.084410888167821e-05,5.8976991624604125e-05,1.801529756695446e-05,9.78363980732368e-05,0.0,United Kingdom,GBR,england,,,Linux-6.4.0-150700.53.73-default-x86_64-with-glibc2.38,3.12.12,3.3.0,8,AMD EPYC 7543P 32-Core Processor,1,1 x NVIDIA A100-SXM4-40GB,-2.5917,51.4535,64,machine,0.0,10.0,4.9,12.235788981119791,N,1.0,0.0
2026-09-26T18:07:15,mobilenet_v3_small_batch5_node_0_local_train,ff8a57c7-839b-4c5a-92ca-31fc137a554e,5b0fa12a-3dd7-45bb-9766-cc326314d9f1,15.840382714290172,8.801108440391967e-05,5.556121085668072e-06,22.654972525673077,85.59628236835943,20.0,8.093222844722632e-05,0.0002184968414553623,7.100510172959831e-05,0.000370434171632187,0.0,United Kingdom,GBR,england,,,Linux-6.4.0-150700.53.73-default-x86_64-with-glibc2.38,3.12.12,3.3.0,8,AMD EPYC 7543P 32-Core Processor,1,1 x NVIDIA A100-SXM4-40GB,-2.5917,51.4535,64,machine,4.166666666666667,6.25,4.858333333333333,12.205723762512207,N,1.0,0.0
2026-09-26T18:07:23,mobilenet_v3_small_batch5_node_0_evaluate,c74964d8-49a8-4500-9123-100e4bd9444c,5b0fa12a-3dd7-45bb-9766-cc326314d9f1,8.27654238883406,3.5301228594869264e-05,4.265214498568194e-06,22.86456237,29.90613068119072,20.0,3.3347029301792564e-05,8.634701352150387e-05,2.8887030352941816e-05,0.00014858107317623824,0.0,United Kingdom,GBR,england,,,Linux-6.4.0-150700.53.73-default-x86_64-with-glibc2.38,3.12.12,3.3.0,8,AMD EPYC 7543P 32-Core Processor,1,1 x NVIDIA A100-SXM4-40GB,-2.5917,51.4535,64,machine,0.0,2.0,4.9,12.340810394287109,N,1.0,0.0
2026-09-26T18:07:29,mobilenet_v3_small_batch5_node_1_local_train,358ffa55-a672-44b6-ad18-d07a82f5be0d,5b0fa12a-3dd7-45bb-9766-cc326314d9f1,6.435667662881315,2.326602777566033e-05,3.615169240302861e-06,22.635661280625,31.085303370327708,20.0,2.1298273301317915e-05,5.79656019255026e-05,1.8661650684144762e-05,9.792552591096528e-05,0.0,United Kingdom,GBR,england,,,Linux-6.4.0-150700.53.73-default-x86_64-with-glibc2.38,3.12.12,3.3.0,8,AMD EPYC 7543P 32-Core Processor,1,1 x NVIDIA A100-SXM4-40GB,-2.5917,51.4535,64,machine,0.0,4.0,4.9,12.373427073160807,N,1.0,0.0
2026-09-26T18:07:36,mobilenet_v3_small_batch5_node_1_evaluate,3806844e-ea79-4fe7-b923-783ccc76c447,5b0fa12a-3dd7-45bb-9766-cc326314d9f1,6.121486958116293,2.0605644127476383e-05,3.36611745944439e-06,22.735476416250002,29.593778207328942,20.0,1.94630975552107e-05,5.02655957461684e-05,1.699941333435062e-05,8.67281066357297e-05,0.0,United Kingdom,GBR,england,,,Linux-6.4.0-150700.53.73-default-x86_64-with-glibc2.38,3.12.12,3.3.0,8,AMD EPYC 7543P 32-Core Processor,1,1 x NVIDIA A100-SXM4-40GB,-2.5917,51.4535,64,machine,0.0,4.0,4.9,12.352582295735678,N,1.0,0.0
2026-09-26T18:07:39,mobilenet_v3_small_batch5_node_0_exchange,d96a40b1-7a01-48c7-8fe8-5ed3e8fc6f24,5b0fa12a-3dd7-45bb-9766-cc326314d9f1,3.0753916441462934,1.933587994443626e-08,6.28729026471806e-09,22.525312500000002,0.0,20.0,6.677217777032639e-08,0.0,1.4611556091242365e-08,8.138373386156875e-08,0.0,United Kingdom,GBR,england,,,Linux-6.4.0-150700.53.73-default-x86_64-with-glibc2.38,3.12.12,3.3.0,8,AMD EPYC 7543P 32-Core Processor,1,1 x NVIDIA A100-SXM4-40GB,-2.5917,51.4535,64,machine,0,0,0,0,N,1.0,0.0
2026-09-26T18:07:42,mobilenet_v3_small_batch5_node_1_exchange,dc711a51-fb40-4fcc-ad7b-a5363a7793e6,5b0fa12a-3dd7-45bb-9766-cc326314d9f1,3.0788510739803314,1.9255389812427397e-08,6.254082886683465e-09,22.500012960000003,0.0,20.0,6.651232590545566e-08,0.0,1.4532629090050856e-08,8.104495499550652e-08,0.0,United Kingdom,GBR,england,,,Linux-6.4.0-150700.53.73-default-x86_64-with-glibc2.38,3.12.12,3.3.0,8,AMD EPYC 7543P 32-Core Processor,1,1 x NVIDIA A100-SXM4-40GB,-2.5917,51.4535,64,machine,0,0,0,0,N,1.0,0.0
2026-09-26T18:07:48,mobilenet_v3_small_batch5_node_0_evaluate,743ce004-08ad-4f67-8a34-b8b6e62cca78,5b0fa12a-3dd7-45bb-9766-cc326314d9f1,6.195599725935608,2.1210730139862916e-05,3.4235152492295405e-06,22.629267596250003,29.895971162580945,20.0,1.9800063425369652e-05,5.20489305273486e-05,1.742588889060749e-05,8.927488284332573e-05,0.0,United Kingdom,GBR,england,,,Linux-6.4.0-150700.53.73-default-x86_64-with-glibc2.38,3.12.12,3.3.0,8,AMD EPYC 7543P 32-Core Processor,1,1 x NVIDIA A100-SXM4-40GB,-2.5917,51.4535,64,machine,0.0,4.333333333333333,4.9,12.370549519856771,N,1.0,0.0
2026-09-26T18:07:54,mobilenet_v3_small_batch5_node_1_evaluate,a2d12a45-d465-4a16-a03d-2454345074e1,5b0fa12a-3dd7-45bb-9766-cc326314d9f1,5.883939346298575,1.91264124263063e-05,3.2506134581992587e-06,22.53584719125,30.040670595816454,20.0,1.7765192534390663e-05,4.705781542213572e-05,1.56790877899362e-05,8.050209574646258e-05,0.0,United Kingdom,GBR,england,,,Linux-6.4.0-150700.53.73-default-x86_64-with-glibc2.38,3.12.12,3.3.0,8,AMD EPYC 7543P 32-Core Processor,1,1 x NVIDIA A100-SXM4-40GB,-2.5917,51.4535,64,machine,0.0,3.5,4.9,12.350927352905273,N,1.0,0.0
2026-09-26T18:08:05,efficientnet_lite0_batch5_node_0_local_train,5ef1a329-a1fe-46db-93bc-294fe6798cdb,5b0fa12a-3dd7-45bb-9766-cc326314d9f1,9.525116845965385,5.187798395588478e-05,5.446440688846675e-06,22.734092994107144,39.50311938471093,20.0,4.118196136533492e-05,0.00014136872420067448,3.5801106629272305e-05,0.0002183517921952817,0.0,United Kingdom,GBR,england,,,Linux-6.4.0-150700.53.73-default-x86_64-with-glibc2.38,3.12.12,3.3.0,8,AMD EPYC 7543P 32-Core Processor,1,1 x NVIDIA A100-SXM4-40GB,-2.5917,51.4535,64,machine,0.0,21.5,4.916666666666667,12.42292849222819,N,1.0,0.0
2026-09-26T18:08:11,efficientnet_lite0_batch5_node_0_evaluate,204f7237-425f-4c5c-9fa1-773e2e4a093d,5b0fa12a-3dd7-45bb-9766-cc326314d9f1,6.005245397798717,2.141120238408523e-05,3.5654167258400002e-06,22.795785000000002,33.49573785190033,20.0,1.8976240417844672e-05,5.477504380735354e-05,1.636737608350813e-05,9.011866030870635e-05,0.0,United Kingdom,GBR,england,,,Linux-6.4.0-150700.53.73-default-x86_64-with-glibc2.38,3.12.12,3.3.0,8,AMD EPYC 7543P 32-Core Processor,1,1 x NVIDIA A100-SXM4-40GB,-2.5917,51.4535,64,machine,0.0,16.5,4.9,12.405616760253906,N,1.0,0.0
2026-09-26T18:08:16,efficientnet_lite0_batch5_node_1_local_train,d4362190-17fe-4b35-adfc-284b0e44c8d7,5b0fa12a-3dd7-45bb-9766-cc326314d9f1,4.6439042133279145,1.2541842367846186e-05,2.7007108225555866e-06,22.560948450000005,38.66478380005627,20.0,1.0023687143350175e-05,3.39611382713656e-05,8.8031503242544e-06,5.278797573897018e-05,0.0,United Kingdom,GBR,england,,,Linux-6.4.0-150700.53.73-default-x86_64-with-glibc2.38,3.12.12,3.3.0,8,AMD EPYC 7543P 32-Core Processor,1,1 x NVIDIA A100-SXM4-40GB,-2.5917,51.4535,64,machine,0.0,25.0,4.9,12.423255920410156,N,1.0,0.0
2026-09-26T18:08:22,efficientnet_lite0_batch5_node_1_evaluate,80e993c2-136d-49bd-b916-7953ca9b1535,5b0fa12a-3dd7-45bb-9766-cc326314d9f1,5.898763820994645,2.0720182116922662e-05,3.5126312471057436e-06,22.5682763175,34.02594492567428,20.0,1.7903043667971248e-05,5.355365394166256e-05,1.5753493589969973e-05,8.721019119960378e-05,0.0,United Kingdom,GBR,england,,,Linux-6.4.0-150700.53.73-default-x86_64-with-glibc2.38,3.12.12,3.3.0,8,AMD EPYC 7543P 32-Core Processor,1,1 x NVIDIA A100-SXM4-40GB,-2.5917,51.4535,64,machine,0.0,6.5,4.6,11.483718872070312,N,1.0,0.0
2026-09-26T18:08:25,efficientnet_lite0_batch5_node_1_upload,d4778c39-6f88-42ae-b00c-63113a6df8e4,5b0fa12a-3dd7-45bb-9766-cc326314d9f1,3.06666393391788,2.107879406954289e-08,6.873525930379088e-09,22.50215622,0.0,20.0,7.18620810101182e-08,0.0,1.6857489633063475e-08,8.871957064318168e-08,0.0,United Kingdom,GBR,england,,,Linux-6.4.0-150700.53.73-default-x86_64-with-glibc2.38,3.12.12,3.3.0,8,AMD EPYC 7543P 32-Core Processor,1,1 x NVIDIA A100-SXM4-40GB,-2.5917,51.4535,64,machine,0,0,0,0,N,1.0,0.0
2026-09-26T18:08:40,mobilevit_xxs_batch5_node_0_local_train,74064ee9-cf1d-4f70-8710-c1722a11f663,5b0fa12a-3dd7-45bb-9766-cc326314d9f1,14.129875872749835,8.335526008463032e-05,5.899220972307695e-06,23.0632874325,35.326987917804246,20.0,7.233531069473156e-05,0.0002170396180787293,6.146311543157531e-05,0.00035083804420503613,0.0,United Kingdom,GBR,england,,,Linux-6.4.0-150700.53.73-default-x86_64-with-glibc2.38,3.12.12,3.3.0,8,AMD EPYC 7543P 32-Core Processor,1,1 x NVIDIA A100-SXM4-40GB,-2.5917,51.4535,64,machine,6.0636363636363635,19.454545454545453,4.9,12.283478476784445,N,1.0,0.0
2026-09-26T18:08:47,mobilevit_xxs_batch5_node_0_evaluate,67a37625-8f65-4a5c-aac4-73cc1fac8769,5b0fa12a-3dd7-45bb-9766-cc326314d9f1,7.265496980864555,2.9567830419788215e-05,4.069622559566435e-06,22.57919671725,31.92171194688388,20.0,2.6546784315485106e-05,7.453422630021578e-05,2.3368481657881704e-05,0.0001244494922735826,0.0,United Kingdom,GBR,england,,,Linux-6.4.0-150700.53.73-default-x86_64-with-glibc2.38,3.12.12,3.3.0,8,AMD EPYC 7543P 32-Core Processor,1,1 x NVIDIA A100-SXM4-40GB,-2.5917,51.4535,64,machine,0.0,7.5,4.9,12.264154434204102,N,1.0,0.0
2026-09-26T18:08:53,mobilevit_xxs_batch5_node_1_local_train,049442df-7e70-44ab-8aa4-798bdb7177f1,5b0fa12a-3dd7-45bb-9766-cc326314d9f1,5.427859250921756,1.8081409835995722e-05,3.3312230476361648e-06,22.852778895,383.6161203671592,20.0,1.526909749384163e-05,4.7663927034591325e-05,1.3170708539999192e-05,7.610373306843214e-05,0.0,United Kingdom,GBR,england,,,Linux-6.4.0-150700.53.73-default-x86_64-with-glibc2.38,3.12.12,3.3.0,8,AMD EPYC 7543P 32-Core Processor,1,1 x NVIDIA A100-SXM4-40GB,-2.5917,51.4535,64,machine,0.0,16.5,4.9,12.327884674072266,N,1.0,0.0
2026-09-26T18:08:59,mobilevit_xxs_batch5_node_1_evaluate,1babd097-f7aa-43a7-a57f-1be05b2571ca,5b0fa12a-3dd7-45bb-9766-cc326314d9f1,5.9146902384236455,2.0288009113618964e-05,3.430105093555335e-06,22.681153833750002,32.37120068014686,20.0,1.820719468108979e-05,5.131698549121211e-05,1.5867016868044934e-05,8.539119704034683e-05,0.0,United Kingdom,GBR,england,,,Linux-6.4.0-150700.53.73-default-x86_64-with-glibc2.38,3.12.12,3.3.0,8,AMD EPYC 7543P 32-Core Processor,1,1 x NVIDIA A100-SXM4-40GB,-2.5917,51.4535,64,machine,50.0,20.0,4.9,12.301433563232422,N,1.0,0.0
2026-09-26T18:09:02,mobilevit_xxs_batch5_node_0_upload,894db00e-ff0c-4328-94d2-3f1d14299b9e,5b0fa12a-3dd7-45bb-9766-cc326314d9f1,3.070162225048989,2.088128871817776e-08,6.801363311622586e-09,22.734419062500002,0.0,20.0,7.322374268101631e-08,0.0,1.4664537997709382e-08,8.78882806787257e-08,0.0,United Kingdom,GBR,england,,,Linux-6.4.0-150700.53.73-default-x86_64-with-glibc2.38,3.12.12,3.3.0,8,AMD EPYC 7543P 32-Core Processor,1,1 x NVIDIA A100-SXM4-40GB,-2.5917,51.4535,64,machine,0,0,0,0,N,1.0,0.0
2026-09-26T18:09:05,mobilevit_xxs_batch5_node_1_upload,67d5a729-03ad-4dfa-a296-885a030d5729,5b0fa12a-3dd7-45bb-9766-cc326314d9f1,3.1177726150490344,5.753184030660541e-07,1.8452866007260312e-07,22.675094763750003,53.23063474372029,20.0,4.44873651682017e-07,1.64583462947121e-06,3.3077757495145e-07,2.421485856104677e-06,0.0,United Kingdom,GBR,england,,,Linux-6.4.0-150700.53.73-default-x86_64-with-glibc2.38,3.12.12,3.3.0,8,AMD EPYC 7543P 32-Core Processor,1,1 x NVIDIA A100-SXM4-40GB,-2.5917,51.4535,64,machine,0,0,0,0,N,1.0,0.0
2026-09-26T18:09:08,mobilevit_xxs_batch5_node_0_exchange,6c4d5fb7-bb3b-4724-992c-747affceea0b,5b0fa12a-3dd7-45bb-9766-cc326314d9f1,3.07978160912171,2.0016477273537113e-08,6.499317099060604e-09,22.71489462,0.0,20.0,6.984406121202415e-08,0.0,1.440427214321163e-08,8.424833335523578e-08,0.0,United Kingdom,GBR,england,,,Linux-6.4.0-150700.53.73-default-x86_64-with-glibc2.38,3.12.12,3.3.0,8,AMD EPYC 7543P 32-Core Processor,1,1 x NVIDIA A100-SXM4-40GB,-2.5917,51.4535,64,machine,0,0,0,0,N,1.0,0.0
2026-09-26T18:09:14,mobilevit_xxs_batch5_node_0_evaluate,46dc4126-0564-4b04-bda2-702162a8ff00,5b0fa12a-3dd7-45bb-9766-cc326314d9f1,6.0875791679136455,2.1617625190963652e-05,3.5511037466100852e-06,22.6300216809375,32.71292122667564,20.0,1.912899456047213e-05,5.5023932915787555e-05,1.683455591296984e-05,9.098748338922952e-05,0.0,United Kingdom,GBR,england,,,Linux-6.4.0-150700.53.73-default-x86_64-with-glibc2.38,3.12.12,3.3.0,8,AMD EPYC 7543P 32-Core Processor,1,1 x NVIDIA A100-SXM4-40GB,-2.5917,51.4535,64,machine,0.0,14.0,4.9,12.311937967936197,N,1.0,0.0
2026-09-26T18:10:01,mobilenet_v3_small_batch6_node_0_local_train,a4a2585a-7c6e-4a8b-ae8f-5c34c2613825,5b0fa12a-3dd7-45bb-9766-cc326314d9f1,17.225467464886606,9.700398732555109e-05,5.631428437184051e-06,23.266891800000003,30.69046570614692,20.0,8.963114535284373e-05,0.00024011796988077094,7.853572676475677e-05,0.0004082848419983715,0.0,United Kingdom,GBR,england,,,Linux-6.4.0-150700.53.73-default-x86_64-with-glibc2.38,3.12.12,3.3.0,8,AMD EPYC 7543P 32-Core Processor,1,1 x NVIDIA A100-SXM4-40GB,-2.5917,51.4535,64,machine,10.885714285714286,5.5,4.878571428571429,12.251192365373884,N,1.0,0.0
2026-09-26T18:10:08,mobilenet_v3_small_batch6_node_0_evaluate,aea70064-2bd9-49aa-8706-c6bd4077fe72,5b0fa12a-3dd7-45bb-9766-cc326314d9f1,7.66579360421747,3.115406969755398e-05,4.064037111619341e-06,22.576236147000003,29.966088548876627,20.0,2.9018146737790896e-05,7.654033900905688e-05,2.5567406855730547e-05,0.00013112589260257833,0.0,United Kingdom,GBR,england,,,Linux-6.4.0-150700.53.73-default-x86_64-with-glibc2.38,3.12.12,3.3.0,8,AMD EPYC 7543P 32-Core Processor,1,1 x NVIDIA A100-SXM4-40GB,-2.5917,51.4535,64,machine,0.0,1.5,4.9,12.386902809143066,N,1.0,0.0
2026-09-26T18:10:14,mobilenet_v3_small_batch6_node_1_local_train,c0f8831c-7822-43b3-a554-c807dece0a77,5b0fa12a-3dd7-45bb-9766-cc326314d9f1,5.9799418593756855,2.046158678928108e-05,3.4217032992052035e-06,22.522343175000003,383.4278210686456,20.0,1.8380362149220006e-05,5.1498096738100685e-05,1.62433177491443e-05,8.612177663646499e-05,0.0,United Kingdom,GBR,england,,,Linux-6.4.0-150700.53.73-default-x86_64-with-glibc2.38,3.12.12,3.3.0,8,AMD EPYC 7543P 32-Core Processor,1,1 x NVIDIA A100-SXM4-40GB,-2.5917,51.4535,64,machine,0.0,5.5,5.0,12.466516494750977,N,1.0,0.0
2026-09-26T18:10:20,mobilenet_v3_small_batch6_node_1_evaluate,ed91e7f1-a2da-4c47-8a84-d98520e58267,5b0fa12a-3dd7-45bb-9766-cc326314d9f1,5.930366404354572,1.967945933424806e-05,3.318422166933522e-06,22.541226941250002,369.2819767039104,20.0,1.8090886087354337e-05,4.879226125353853e-05,1.594669467303902e-05,8.282984201393188e-05,0.0,United Kingdom,GBR,england,,,Linux-6.4.0-150700.53.73-default-x86_64-with-glibc2.38,3.12.12,3.3.0,8,AMD EPYC 7543P 32-Core Processor,1,1 x NVIDIA A100-SXM4-40GB,-2.5917,51.4535,64,machine,0.0,4.0,4.9,12.444051742553711,N,1.0,0.0
2026-09-26T18:10:23,mobilenet_v3_small_batch6_node_1_upload,65baf613-91cc-48d3-ac6b-b4ae8c7d445c,5b0fa12a-3dd7-45bb-9766-cc326314d9f1,3.0692580309696496,2.17952450835629e-08,7.101144597046889e-09,22.575582720000003,0.0,20.0,7.483889814553859e-08,0.0,1.6896178325017294e-08,9.173507647055588e-08,0.0,United Kingdom,GBR,england,,,Linux-6.4.0-150700.53.73-default-x86_64-with-glibc2.38,3.12.12,3.3.0,8,AMD EPYC 7543P 32-Core Processor,1,1 x NVIDIA A100-SXM4-40GB,-2.5917,51.4535,64,machine,0,0,0,0,N,1.0,0.0
2026-09-26T18:10:27,mobilenet_v3_small_batch6_node_0_exchange,e135844d-b7ee-4f1d-a984-f294d8157161,5b0fa12a-3dd7-45bb-9766-cc326314d9f1,3.082777302246541,1.9583867210531365e-08,6.3526701057062515e-09,22.5018753525,0.0,20.0,6.818491543772367e-08,0.0,1.4242584196229776e-08,8.242749963395344e-08,0.0,United Kingdom,GBR,england,,,Linux-6.4.0-150700.53.73-default-x86_64-with-glibc2.38,3.12.12,3.3.0,8,AMD EPYC 7543P 32-Core Processor,1,1 x NVIDIA A100-SXM4-40GB,-2.5917,51.4535,64,machine,0,0,0,0,N,1.0,0.0
2026-09-26T18:10:30,mobilenet_v3_small_batch6_node_1_exchange,2f54dc58-835b-4bc4-b4b5-7ba9fcecd333,5b0fa12a-3dd7-45bb-9766-cc326314d9f1,3.0988319031894207,1.964644898008187e-08,6.339953115837324e-09,22.575582720000003,0.0,20.0,6.82851253331721e-08,0.0,1.4405777781373925e-08,8.269090311454601e-08,0.0,United Kingdom,GBR,england,,,Linux-6.4.0-150700.53.73-default-x86_64-with-glibc2.38,3.12.12,3.3.0,8,AMD EPYC 7543P 32-Core Processor,1,1 x NVIDIA A100-SXM4-40GB,-2.5917,51.4535,64,machine,0,0,0,0,N,1.0,0.0
2026-09-26T18:10:36,mobilenet_v3_small_batch6_node_0_evaluate,2d40a4ca-2668-44a0-b1e3-d0f358d8100c,5b0fa12a-3dd7-45bb-9766-cc326314d9f1,6.289973772130907,2.1904796250033436e-05,3.4824940522148738e-06,22.657619064375,30.001216048142542,20.0,2.052402177366563e-05,5.374337631280923e-05,1.7928773664041528e-05,9.219617175051638e-05,0.0,United Kingdom,GBR,england,,,Linux-6.4.0-150700.53.73-default-x86_64-with-glibc2.38,3.12.12,3.3.0,8,AMD EPYC 7543P 32-Core Processor,1,1 x NVIDIA A100-SXM4-40GB,-2.5917,51.4535,64,machine,0.0,3.3333333333333335,4.933333333333334,12.433600107828775,N,1.0,0.0
2026-09-26T18:10:42,mobilenet_v3_small_batch6_node_1_evaluate,b36e9bde-157d-4ac0-8c0e-837d623a7c80,5b0fa12a-3dd7-45bb-9766-cc326314d9f1,5.978248239029199,1.9867904894478716e-05,3.323365658316163e-06,22.8872428425,30.0521481199218,20.0,1.8772212522328883e-05,4.8648094463032976e-05,1.6202692793578736e-05,8.362299977894059e-05,0.0,United Kingdom,GBR,england,,,Linux-6.4.0-150700.53.73-default-x86_64-with-glibc2.38,3.12.12,3.3.0,8,AMD EPYC 7543P 32-Core Processor,1,1 x NVIDIA A100-SXM4-40GB,-2.5917,51.4535,64,machine,33.35,5.5,5.0,12.499414443969727,N,1.0,0.0
2026-09-26T18:10:53,efficientnet_lite0_batch6_node_0_local_train,5fb52b18-7b02-4659-b014-b52c6e35110f,5b0fa12a-3dd7-45bb-9766-cc326314d9f1,10.13296782085672,5.5974630042584114e-05,5.524011428060726e-06,22.779066363750005,38.527856934026076,20.0,4.5162129313507614e-05,0.00015117900983341315,3.925322777488165e-05,0.00023559436692180242,0.0,United Kingdom,GBR,england,,,Linux-6.4.0-150700.53.73-default-x86_64-with-glibc2.38,3.12.12,3.3.0,8,AMD EPYC 7543P 32-Core Processor,1,1 x NVIDIA A100-SXM4-40GB,-2.5917,51.4535,64,machine,0.0,22.0,5.0,12.56160136631557,N,1.0,0.0
2026-09-26T18:10:59,efficientnet_lite0_batch6_node_0_evaluate,1143b980-dbac-45f7-972e-10a57636e1cc,5b0fa12a-3dd7-45bb-9766-cc326314d9f1,6.1357513619586825,2.25566082271832e-05,3.676258521007373e-06,22.604053460625003,34.23372111665495,20.0,1.946473764114792e-05,5.840060227058075e-05,1.707427525220232e-05,9.493961516393099e-05,0.0,United Kingdom,GBR,england,,,Linux-6.4.0-150700.53.73-default-x86_64-with-glibc2.38,3.12.12,3.3.0,8,AMD EPYC 7543P 32-Core Processor,1,1 x NVIDIA A100-SXM4-40GB,-2.5917,51.4535,64,machine,0.0,11.666666666666666,5.0,12.512385050455729,N,1.0,0.0
2026-09-26T18:11:04,efficientnet_lite0_batch6_node_1_local_train,78b46f32-5f12-45b5-8c75-416516bac9c7,5b0fa12a-3dd7-45bb-9766-cc326314d9f1,4.380977859254926,1.0683275789374025e-05,2.438559639557487e-06,22.712092880625,39.753684254896825,20.0,8.46938032341823e-06,2.914918997021232e-05,7.346793377978935e-06,4.496536367160948e-05,0.0,United Kingdom,GBR,england,,,Linux-6.4.0-150700.53.73-default-x86_64-with-glibc2.38,3.12.12,3.3.0,8,AMD EPYC 7543P 32-Core Processor,1,1 x NVIDIA A100-SXM4-40GB,-2.5917,51.4535,64,machine,0.0,30.0,5.0,12.557861328125,N,1.0,0.0
2026-09-26T18:11:10,efficientnet_lite0_batch6_node_1_evaluate,c8dfaa3b-bddb-463c-88ee-b5e291787702,5b0fa12a-3dd7-45bb-9766-cc326314d9f1,5.726336298044771,1.9239613184827976e-05,3.359846886987278e-06,22.540055546250002,33.360987039342504,20.0,1.679517273224616e-05,4.937031728502461e-05,1.4813061956212754e-05,8.097855197348352e-05,0.0,United Kingdom,GBR,england,,,Linux-6.4.0-150700.53.73-default-x86_64-with-glibc2.38,3.12.12,3.3.0,8,AMD EPYC 7543P 32-Core Processor,1,1 x NVIDIA A100-SXM4-40GB,-2.5917,51.4535,64,machine,0.0,10.5,5.0,12.609811782836914,N,1.0,0.0
2026-09-26T18:11:13,efficientnet_lite0_batch6_node_0_upload,5b5df4b3-879e-4d6f-af5b-bc0c8154cfa9,5b0fa12a-3dd7-45bb-9766-cc326314d9f1,3.0681988121941686,1.981765754282139e-08,6.459052608996071e-09,22.500103680000002,0.0,20.0,6.900278167850375e-08,0.0,1.4408729556534026e-08,8.341151123503778e-08,0.0,United Kingdom,GBR,england,,,Linux-6.4.0-150700.53.73-default-x86_64-with-glibc2.38,3.12.12,3.3.0,8,AMD EPYC 7543P 32-Core Processor,1,1 x NVIDIA A100-SXM4-40GB,-2.5917,51.4535,64,machine,0,0,0,0,N,1.0,0.0
2026-09-26T18:11:16,efficientnet_lite0_batch6_node_1_upload,3c89451e-3037-40ac-af43-e67eda30f0e4,5b0fa12a-3dd7-45bb-9766-cc326314d9f1,3.074496751651168,2.008689596169148e-08,6.533393132031689e-09,22.5000054675,0.0,20.0,7.004098980691193e-08,0.0,1.450373222016626e-08,8.454472202707819e-08,0.0,United Kingdom,GBR,england,,,Linux-6.4.0-150700.53.73-default-x86_64-with-glibc2.38,3.12.12,3.3.0,8,AMD EPYC 7543P 32-Core Processor,1,1 x NVIDIA A100-SXM4-40GB,-2.5917,51.4535,64,machine,0,0,0,0,N,1.0,0.0
2026-09-26T18:11:30,mobilevit_xxs_batch6_node_0_local_train,0ed6e9a3-85bc-47e5-88b1-42fd20aaf2c2,5b0fa12a-3dd7-45bb-9766-cc326314d9f1,13.152755931019783,7.616886913358543e-05,5.791095762215651e-06,22.687159133863638,35.72015901603079,20.0,6.420858432740793e-05,0.0002002948824753048,5.60874239101799e-05,0.0003205908907128926,0.0,United Kingdom,GBR,england,,,Linux-6.4.0-150700.53.73-default-x86_64-with-glibc2.38,3.12.12,3.3.0,8,AMD EPYC 7543P 32-Core Processor,1,1 x NVIDIA A100-SXM4-40GB,-2.5917,51.4535,64,machine,0.0,24.0,5.0200000000000005,12.629586029052735,N,1.0,0.0
2026-09-26T18:11:36,mobilevit_xxs_batch6_node_0_evaluate,ab3f40c9-1275-40b8-a35b-a7d240e69e0a,5b0fa12a-3dd7-45bb-9766-cc326314d9f1,6.224503119941801,2.2520769468917553e-05,3.6180830879121036e-06,22.577874539062503,32.571779985278184,20.0,1.999768787619139e-05,5.721171244488232e-05,1.7579371334674458e-05,9.478877165574817e-05,0.0,United Kingdom,GBR,england,,,Linux-6.4.0-150700.53.73-default-x86_64-with-glibc2.38,3.12.12,3.3.0,8,AMD EPYC 7543P 32-Core Processor,1,1 x NVIDIA A100-SXM4-40GB,-2.5917,51.4535,64,machine,0.0,12.666666666666666,4.6,11.576534271240234,N,1.0,0.0
2026-09-26T18:11:42,mobilevit_xxs_batch6_node_1_local_train,57445690-c3dd-404f-a412-f7bcbc37affd,5b0fa12a-3dd7-45bb-9766-cc326314d9f1,5.1310796001926064,1.599503064238389e-05,3.1172836690710234e-06,22.56568975125,37.18370558541038,20.0,1.3091401216593313e-05,4.272197863031124e-05,1.1508889460108345e-05,6.73222693070129e-05,0.0,United Kingdom,GBR,england,,,Linux-6.4.0-150700.53.73-default-x86_64-with-glibc2.38,3.12.12,3.3.0,8,AMD EPYC 7543P 32-Core Processor,1,1 x NVIDIA A100-SXM4-40GB,-2.5917,51.4535,64,machine,0.0,24.5,4.85,12.19436264038086,N,1.0,0.0
2026-09-26T18:11:49,mobilevit_xxs_batch6_node_1_evaluate,75706e1c-5ddb-4655-9d4b-de2ef610a2e1,5b0fa12a-3dd7-45bb-9766-cc326314d9f1,6.873869478236884,2.7391764156437847e-05,3.9849118816064146e-06,22.8511063209375,394.7263823095459,20.0,2.456140297888479e-05,6.952894450762415e-05,2.1200192717110943e-05,0.00011529054020361989,0.0,United Kingdom,GBR,england,,,Linux-6.4.0-150700.53.73-default-x86_64-with-glibc2.38,3.12.12,3.3.0,8,AMD EPYC 7543P 32-Core Processor,1,1 x NVIDIA A100-SXM4-40GB,-2.5917,51.4535,64,machine,0.0,6.666666666666667,4.933333333333334,12.428538004557291,N,1.0,0.0
2026-09-26T18:11:52,mobilevit_xxs_batch6_node_0_upload,31979221-639a-4b1d-b6ee-b24d2e1884b8,5b0fa12a-3dd7-45bb-9766-cc326314d9f1,3.080989053938538,2.4297335815402014e-08,7.886212962795784e-09,22.76952750000001,0.0,20.0,7.912261648221759e-08,0.0,2.314363244093127e-08,1.0226624892314886e-07,0.0,United Kingdom,GBR,england,,,Linux-6.4.0-150700.53.73-default-x86_64-with-glibc2.38,3.12.12,3.3.0,8,AMD EPYC 7543P 32-Core Processor,1,1 x NVIDIA A100-SXM4-40GB,-2.5917,51.4535,64,machine,0,0,0,0,N,1.0,0.0
2026-09-26T18:11:55,mobilevit_xxs_batch6_node_1_upload,701c34c6-6a6e-48a2-b669-f364377dc8e6,5b0fa12a-3dd7-45bb-9766-cc326314d9f1,3.0732310321182013,2.1420107615414495e-08,6.969898257421554e-09,22.76952750000001,0.0,20.0,7.323809050332059e-08,0.0,1.6918051470485e-08,9.015614197380559e-08,0.0,United Kingdom,GBR,england,,,Linux-6.4.0-150700.53.73-default-x86_64-with-glibc2.38,3.12.12,3.3.0,8,AMD EPYC 7543P 32-Core Processor,1,1 x NVIDIA A100-SXM4-40GB,-2.5917,51.4535,64,machine,0,0,0,0,N,1.0,0.0
2026-09-26T18:11:58,mobilevit_xxs_batch6_node_0_exchange,174a2031-2895-4aea-ae46-0e79f72a35bc,5b0fa12a-3dd7-45bb-9766-cc326314d9f1,3.074830279685557,1.985166065465512e-08,6.456180942996705e-09,22.652598127500003,0.0,20.0,6.940595017725284e-08,0.0,1.4148678423629867e-08,8.355462860088271e-08,0.0,United Kingdom,GBR,england,,,Linux-6.4.0-150700.53.73-default-x86_64-with-glibc2.38,3.12.12,3.3.0,8,AMD EPYC 7543P 32-Core Processor,1,1 x NVIDIA A100-SXM4-40GB,-2.5917,51.4535,64,machine,0,0,0,0,N,1.0,0.0
2026-09-26T18:12:06,mobilevit_xxs_batch6_node_0_evaluate,08f6852b-c94e-4420-bebb-f6c2945500f8,5b0fa12a-3dd7-45bb-9766-cc326314d9f1,8.285650893114507,3.6615272533637274e-05,4.4191184260569175e-06,22.893316222500005,31.429599621906057,20.0,3.387324550399004e-05,9.120535072781877e-05,2.903322095517069e-05,0.0001541118171869795,0.0,United Kingdom,GBR,england,,,Linux-6.4.0-150700.53.73-default-x86_64-with-glibc2.38,3.12.12,3.3.0,8,AMD EPYC 7543P 32-Core Processor,1,1 x NVIDIA A100-SXM4-40GB,-2.5917,51.4535,64,machine,0.0,7.8,4.9,12.341133117675781,N,1.0,0.0
2026-09-26T18:12:33,mobilenet_v3_small_batch7_node_0_local_train,221c2ef4-3bf0-46de-8c0b-79abe12262ce,5b0fa12a-3dd7-45bb-9766-cc326314d9f1,15.412318025249988,8.512883869086486e-05,5.5234286336032225e-06,22.76579682692308,30.85691167023741,20.0,7.901137488953766e-05,0.00021070989079419178,6.858168054216852e-05,0.00035830294622589794,0.0,United Kingdom,GBR,england,,,Linux-6.4.0-150700.53.73-default-x86_64-with-glibc2.38,3.12.12,3.3.0,8,AMD EPYC 7543P 32-Core Processor,1,1 x NVIDIA A100-SXM4-40GB,-2.5917,51.4535,64,machine,0.0,6.916666666666667,4.883333333333334,12.267225583394369,N,1.0,0.0
2026-09-26T18:12:41,mobilenet_v3_small_batch7_node_0_evaluate,4ddb2954-d428-4215-9704-8050297e8d6e,5b0fa12a-3dd7-45bb-9766-cc326314d9f1,7.700225898064673,3.126023188528881e-05,4.059651275054874e-06,22.535479802250002,29.88117445679604,20.0,2.9087591509144713e-05,7.677256141391808e-05,2.5712570920586588e-05,0.00013157272384364937,0.0,United Kingdom,GBR,england,,,Linux-6.4.0-150700.53.73-default-x86_64-with-glibc2.38,3.12.12,3.3.0,8,AMD EPYC 7543P 32-Core Processor,1,1 x NVIDIA A100-SXM4-40GB,-2.5917,51.4535,64,machine,0.0,2.5,4.9,12.374377250671387,N,1.0,0.0
2026-09-26T18:12:48,mobilenet_v3_small_batch7_node_1_local_train,e722d8ed-49c6-4503-9e08-dad6f9c47fcf,5b0fa12a-3dd7-45bb-9766-cc326314d9f1,6.200716913212091,2.1972909120713483e-05,3.5436078486174742e-06,22.7012575865625,31.499213265144252,20.0,2.0063958113437256e-05,5.4957266186761444e-05,1.7461631053851713e-05,9.248285535405042e-05,0.0,United Kingdom,GBR,england,,,Linux-6.4.0-150700.53.73-default-x86_64-with-glibc2.38,3.12.12,3.3.0,8,AMD EPYC 7543P 32-Core Processor,1,1 x NVIDIA A100-SXM4-40GB,-2.5917,51.4535,64,machine,0.0,6.666666666666667,4.933333333333334,12.453442891438803,N,1.0,0.0
2026-09-26T18:12:53,mobilenet_v3_small_batch7_node_1_evaluate,b4492a39-3647-4981-8625-8e0279c7f7c3,5b0fa12a-3dd7-45bb-9766-cc326314d9f1,5.831566879991442,1.863729340684653e-05,3.195932378104507e-06,22.70950261875,29.548478617037354,20.0,1.755031255785165e-05,4.548531416048718e-05,1.540779198726846e-05,7.844341870560729e-05,0.0,United Kingdom,GBR,england,,,Linux-6.4.0-150700.53.73-default-x86_64-with-glibc2.38,3.12.12,3.3.0,8,AMD EPYC 7543P 32-Core Processor,1,1 x NVIDIA A100-SXM4-40GB,-2.5917,51.4535,64,machine,0.0,4.0,4.9,12.426336288452148,N,1.0,0.0
2026-09-26T18:12:56,mobilenet_v3_small_batch7_node_0_upload,8a67bda5-589c-4596-a098-4c5e298166db,5b0fa12a-3dd7-45bb-9766-cc326314d9f1,3.065861274022609,2.0188496304077226e-08,6.5849347050163845e-09,22.6427562225,0.0,20.0,7.042197414730237e-08,0.0,1.4550378546118737e-08,8.497235269342111e-08,0.0,United Kingdom,GBR,england,,,Linux-6.4.0-150700.53.73-default-x86_64-with-glibc2.38,3.12.12,3.3.0,8,AMD EPYC 7543P 32-Core Processor,1,1 x NVIDIA A100-SXM4-40GB,-2.5917,51.4535,64,machine,0,0,0,0,N,1.0,0.0
2026-09-26T18:13:00,mobilenet_v3_small_batch7_node_0_exchange,542304f3-7b22-4a98-9844-6bbfda38c4bf,5b0fa12a-3dd7-45bb-9766-cc326314d9f1,3.073600521776825,2.119280452411592e-08,6.895107016660877e-09,22.5000253125,0.0,20.0,7.241608107052598e-08,0.0,1.6783353769116933e-08,8.919943483964292e-08,0.0,United Kingdom,GBR,england,,,Linux-6.4.0-150700.53.73-default-x86_64-with-glibc2.38,3.12.12,3.3.0,8,AMD EPYC 7543P 32-Core Processor,1,1 x NVIDIA A100-SXM4-40GB,-2.5917,51.4535,64,machine,0,0,0,0,N,1.0,0.0
2026-09-26T18:13:03,mobilenet_v3_small_batch7_node_1_exchange,29be590d-d68c-45da-9194-358dd853048d,5b0fa12a-3dd7-45bb-9766-cc326314d9f1,3.078833879902959,2.2546438232976974e-08,7.323044734614785e-09,22.550634517500004,0.0,20.0,7.47820379475691e-08,0.0,2.011477222873105e-08,9.489681017630015e-08,0.0,United Kingdom,GBR,england,,,Linux-6.4.0-150700.53.73-default-x86_64-with-glibc2.38,3.12.12,3.3.0,8,AMD EPYC 7543P 32-Core Processor,1,1 x NVIDIA A100-SXM4-40GB,-2.5917,51.4535,64,machine,0,0,0,0,N,1.0,0.0
2026-09-26T18:13:09,mobilenet_v3_small_batch7_node_0_evaluate,a439e388-b21d-4c95-979c-0a59eec728fe,5b0fa12a-3dd7-45bb-9766-cc326314d9f1,6.079653441905975,2.059922756411306e-05,3.3882239770652436e-06,22.8152412928125,30.30298482548239,20.0,1.9254921012406453e-05,5.070059611966826e-05,1.6745582515270344e-05,8.670109964734504e-05,0.0,United Kingdom,GBR,england,,,Linux-6.4.0-150700.53.73-default-x86_64-with-glibc2.38,3.12.12,3.3.0,8,AMD EPYC 7543P 32-Core Processor,1,1 x NVIDIA A100-SXM4-40GB,-2.5917,51.4535,64,machine,0.0,4.0,5.0,12.528512318929037,N,1.0,0.0
2026-09-26T18:13:15,mobilenet_v3_small_batch7_node_1_evaluate,84b58479-202c-495b-9389-d89555b1756a,5b0fa12a-3dd7-45bb-9766-cc326314d9f1,5.769483585841954,1.8551915174896537e-05,3.2155243877323926e-06,22.758382845,30.389353237777254,20.0,1.738821606208785e-05,4.564559206698959e-05,1.5050257946778503e-05,7.808406607585595e-05,0.0,United Kingdom,GBR,england,,,Linux-6.4.0-150700.53.73-default-x86_64-with-glibc2.38,3.12.12,3.3.0,8,AMD EPYC 7543P 32-Core Processor,1,1 x NVIDIA A100-SXM4-40GB,-2.5917,51.4535,64,machine,48.55,3.5,5.0,12.499292373657227,N,1.0,0.0
2026-09-26T18:13:25,efficientnet_lite0_batch7_node_0_local_train,93bbedf1-b418-4b90-adb4-9ea6b1630bb7,5b0fa12a-3dd7-45bb-9766-cc326314d9f1,9.564574214164168,5.236530270845673e-05,5.474922514680163e-06,22.64417113339286,39.58030461655641,20.0,4.117962994253645e-05,0.00014306372557371105,3.6159536488250726e-05,0.00022040289200449823,0.0,United Kingdom,GBR,england,,,Linux-6.4.0-150700.53.73-default-x86_64-with-glibc2.38,3.12.12,3.3.0,8,AMD EPYC 7543P 32-Core Processor,1,1 x NVIDIA A100-SXM4-40GB,-2.5917,51.4535,64,machine,0.0,22.5,5.0,12.536745071411133,N,1.0,0.0
2026-09-26T18:13:32,efficientnet_lite0_batch7_node_0_evaluate,19233c2b-a04e-4a95-97a7-1f1e127bb083,5b0fa12a-3dd7-45bb-9766-cc326314d9f1,6.304396999999881,2.3625879776756758e-05,3.7475241132113354e-06,22.64296570875,33.8313828715717,20.0,2.0501134505092925e-05,6.091810429609268e-05,1.8020885854235127e-05,9.944012465542073e-05,0.0,United Kingdom,GBR,england,,,Linux-6.4.0-150700.53.73-default-x86_64-with-glibc2.38,3.12.12,3.3.0,8,AMD EPYC 7543P 32-Core Processor,1,1 x NVIDIA A100-SXM4-40GB,-2.5917,51.4535,64,machine,0.0,10.666666666666666,5.0,12.484263102213541,N,1.0,0.0
2026-09-26T18:13:36,efficientnet_lite0_batch7_node_1_local_train,8bfdebe6-ef90-4f32-acf3-791c9ef2a0be,5b0fa12a-3dd7-45bb-9766-cc326314d9f1,4.581831470131874,1.1965102536324732e-05,2.6114235353969387e-06,22.537450096875,38.208822068433115,20.0,9.622454030192748e-06,3.227641471426068e-05,8.461638418440191e-06,5.036050716289362e-05,0.0,United Kingdom,GBR,england,,,Linux-6.4.0-150700.53.73-default-x86_64-with-glibc2.38,3.12.12,3.3.0,8,AMD EPYC 7543P 32-Core Processor,1,1 x NVIDIA A100-SXM4-40GB,-2.5917,51.4535,64,machine,0.0,13.0,5.0,12.516803741455078,N,1.0,0.0
2026-09-26T18:13:42,efficientnet_lite0_batch7_node_1_evaluate,ed51d152-4d28-4e54-9c02-635875abcb4f,5b0fa12a-3dd7-45bb-9766-cc326314d9f1,6.048531766049564,2.166507181756952e-05,3.5818728669287424e-06,22.5322137,33.67651662060705,20.0,1.878377637471381e-05,5.5815322426155944e-05,1.658808502316889e-05,9.118718382403865e-05,0.0,United Kingdom,GBR,england,,,Linux-6.4.0-150700.53.73-default-x86_64-with-glibc2.38,3.12.12,3.3.0,8,AMD EPYC 7543P 32-Core Processor,1,1 x NVIDIA A100-SXM4-40GB,-2.5917,51.4535,64,machine,0.0,12.5,5.0,12.533029556274414,N,1.0,0.0
2026-09-26T18:13:45,efficientnet_lite0_batch7_node_0_upload,3790e70f-2ef4-44de-9db7-01994c17f4a3,5b0fa12a-3dd7-45bb-9766-cc326314d9f1,3.065549017395824,1.983389528061523e-08,6.4699325204279624e-09,22.53369093750001,0.0,20.0,6.855053686669673e-08,0.0,1.4929318179686866e-08,8.347985504638358e-08,0.0,United Kingdom,GBR,england,,,Linux-6.4.0-150700.53.73-default-x86_64-with-glibc2.38,3.12.12,3.3.0,8,AMD EPYC 7543P 32-Core Processor,1,1 x NVIDIA A100-SXM4-40GB,-2.5917,51.4535,64,machine,0,0,0,0,N,1.0,0.0
2026-09-26T18:13:49,efficientnet_lite0_batch7_node_1_upload,ae686eb6-8e06-4dfb-aa7f-19397903b01e,5b0fa12a-3dd7-45bb-9766-cc326314d9f1,3.072445895988494,1.9940256411597354e-08,6.4900268667487795e-09,22.673618437500004,0.0,20.0,6.933885220347148e-08,0.0,1.4588671425978344e-08,8.392752362944982e-08,0.0,United Kingdom,GBR,england,,,Linux-6.4.0-150700.53.73-default-x86_64-with-glibc2.38,3.12.12,3.3.0,8,AMD EPYC 7543P 32-Core Processor,1,1 x NVIDIA A100-SXM4-40GB,-2.5917,51.4535,64,machine,0,0,0,0,N,1.0,0.0
2026-09-26T18:14:02,mobilevit_xxs_batch7_node_0_local_train,ce91a555-f2a5-42af-be23-329d6205a71e,5b0fa12a-3dd7-45bb-9766-cc326314d9f1,12.55032385000959,7.268382661100388e-05,5.79139052343644e-06,22.65247446075,388.0073212819765,20.0,6.01867982674139e-05,0.00019300182106007924,5.2733904909756446e-05,0.00030592252423724956,0.0,United Kingdom,GBR,england,,,Linux-6.4.0-150700.53.73-default-x86_64-with-glibc2.38,3.12.12,3.3.0,8,AMD EPYC 7543P 32-Core Processor,1,1 x NVIDIA A100-SXM4-40GB,-2.5917,51.4535,64,machine,3.6999999999999997,25.11111111111111,5.011111111111111,12.632265302870008,N,1.0,0.0
2026-09-26T18:14:09,mobilevit_xxs_batch7_node_0_evaluate,659f88fa-7d07-41e4-9e48-2d1af414423b,5b0fa12a-3dd7-45bb-9766-cc326314d9f1,6.512041070964187,2.4624245506600906e-05,3.7813406331841492e-06,22.895132428125002,32.510130081277545,20.0,2.2273893676492073e-05,6.221254976424007e-05,1.9155751722347407e-05,0.00010364219516307955,0.0,United Kingdom,GBR,england,,,Linux-6.4.0-150700.53.73-default-x86_64-with-glibc2.38,3.12.12,3.3.0,8,AMD EPYC 7543P 32-Core Processor,1,1 x NVIDIA A100-SXM4-40GB,-2.5917,51.4535,64,machine,0.0,11.666666666666666,5.0,12.624547322591146,N,1.0,0.0
2026-09-26T18:14:14,mobilevit_xxs_batch7_node_1_local_train,6643c47d-5024-46ba-9149-570d14a676c9,5b0fa12a-3dd7-45bb-9766-cc326314d9f1,5.326402002945542,1.738554011437331e-05,3.26403078565211e-06,22.73096097,36.58563625974304,20.0,1.4535230161507126e-05,4.6039203496661685e-05,1.2600419194334084e-05,7.31748528525029e-05,0.0,United Kingdom,GBR,england,,,Linux-6.4.0-150700.53.73-default-x86_64-with-glibc2.38,3.12.12,3.3.0,8,AMD EPYC 7543P 32-Core Processor,1,1 x NVIDIA A100-SXM4-40GB,-2.5917,51.4535,64,machine,0.0,15.5,5.0,12.597230911254883,N,1.0,0.0
2026-09-26T18:14:20,mobilevit_xxs_batch7_node_1_evaluate,01364e76-4d03-441a-a68c-0aebca18de57,5b0fa12a-3dd7-45bb-9766-cc326314d9f1,6.0297023500315845,2.0949568112443945e-05,3.474395068992785e-06,22.601479702500004,32.044093403460074,20.0,1.880744427839953e-05,5.285837562496454e-05,1.650984526818825e-05,8.817566517155232e-05,0.0,United Kingdom,GBR,england,,,Linux-6.4.0-150700.53.73-default-x86_64-with-glibc2.38,3.12.12,3.3.0,8,AMD EPYC 7543P 32-Core Processor,1,1 x NVIDIA A100-SXM4-40GB,-2.5917,51.4535,64,machine,0.0,12.0,5.0,12.624046325683594,N,1.0,0.0
2026-09-26T18:14:23,mobilevit_xxs_batch7_node_0_upload,a50c5c9d-b731-4628-b40c-cf5b3ab99acb,5b0fa12a-3dd7-45bb-9766-cc326314d9f1,3.06818076223135,1.8750241867125144e-08,6.111192045115666e-09,22.508682187500003,0.0,20.0,6.435062293181509e-08,0.0,1.4568190090358257e-08,7.891881302217335e-08,0.0,United Kingdom,GBR,england,,,Linux-6.4.0-150700.53.73-default-x86_64-with-glibc2.38,3.12.12,3.3.0,8,AMD EPYC 7543P 32-Core Processor,1,1 x NVIDIA A100-SXM4-40GB,-2.5917,51.4535,64,machine,0,0,0,0,N,1.0,0.0
2026-09-26T18:14:26,mobilevit_xxs_batch7_node_1_upload,ede42d52-35dd-4d96-8f8f-ef6343f81dba,5b0fa12a-3dd7-45bb-9766-cc326314d9f1,3.0721037900075316,2.3543709469734465e-08,7.663709001731593e-09,22.5665230725,0.0,20.0,7.82575353557152e-08,0.0,2.083673866258727e-08,9.909427401830246e-08,0.0,United Kingdom,GBR,england,,,Linux-6.4.0-150700.53.73-default-x86_64-with-glibc2.38,3.12.12,3.3.0,8,AMD EPYC 7543P 32-Core Processor,1,1 x NVIDIA A100-SXM4-40GB,-2.5917,51.4535,64,machine,0,0,0,0,N,1.0,0.0
2026-09-26T18:14:30,mobilevit_xxs_batch7_node_0_exchange,ac3dffdb-999c-4fe5-8139-dc00716b058f,5b0fa12a-3dd7-45bb-9766-cc326314d9f1,3.0827137138694525,1.9341048221607648e-08,6.274033211254825e-09,22.5049387725,0.0,20.0,6.720999914591699e-08,0.0,1.41954877310329e-08,8.14054868769499e-08,0.0,United Kingdom,GBR,england,,,Linux-6.4.0-150700.53.73-default-x86_64-with-glibc2.38,3.12.12,3.3.0,8,AMD EPYC 7543P 32-Core Processor,1,1 x NVIDIA A100-SXM4-40GB,-2.5917,51.4535,64,machine,0,0,0,0,N,1.0,0.0
2026-09-26T18:14:36,mobilevit_xxs_batch7_node_0_evaluate,d55ff335-aec0-495f-bcfd-dfa597f1a4db,5b0fa12a-3dd7-45bb-9766-cc326314d9f1,6.496783353853971,2.437633227159121e-05,3.7520617425438506e-06,22.54745800125,32.43235934324709,20.0,2.1637708085098967e-05,6.18700494925406e-05,1.9090983406123188e-05,0.00010259874098376276,0.0,United Kingdom,GBR,england,,,Linux-6.4.0-150700.53.73-default-x86_64-with-glibc2.38,3.12.12,3.3.0,8,AMD EPYC 7543P 32-Core Processor,1,1 x NVIDIA A100-SXM4-40GB,-2.5917,51.4535,64,machine,0.0,10.666666666666666,5.0,12.578239440917969,N,1.0,0.0
2026-09-26T18:15:00,mobilenet_v3_small_batch8_node_0_local_train,cca45693-ca1b-478d-b2d2-2620b5dfec33,5b0fa12a-3dd7-45bb-9766-cc326314d9f1,15.924841466825455,8.860328279499649e-05,5.563840806803281e-06,22.648142091634615,30.955905672341736,20.0,8.141492080549895e-05,0.0002201098983078964,7.140188538469375e-05,0.0003729267044980891,0.0,United Kingdom,GBR,england,,,Linux-6.4.0-150700.53.73-default-x86_64-with-glibc2.38,3.12.12,3.3.0,8,AMD EPYC 7543P 32-Core Processor,1,1 x NVIDIA A100-SXM4-40GB,-2.5917,51.4535,64,machine,4.166666666666667,5.5,4.933333333333334,12.41467253367106,N,1.0,0.0
2026-09-26T18:15:08,mobilenet_v3_small_batch8_node_0_evaluate,05fc5a20-9290-43a0-a50e-6adc4fb948d6,5b0fa12a-3dd7-45bb-9766-cc326314d9f1,7.713210325222462,3.4594946869519296e-05,4.4851553906669224e-06,27.169906466249998,338.04114903514545,20.0,4.118522344905971e-05,7.859895175954534e-05,2.5824194158323935e-05,0.000145608369366929,0.0,United Kingdom,GBR,england,,,Linux-6.4.0-150700.53.73-default-x86_64-with-glibc2.38,3.12.12,3.3.0,8,AMD EPYC 7543P 32-Core Processor,1,1 x NVIDIA A100-SXM4-40GB,-2.5917,51.4535,64,machine,0.0,2.5,4.9,12.2523832321167,N,1.0,0.0
2026-09-26T18:15:15,mobilenet_v3_small_batch8_node_1_local_train,6e371be1-d4a7-4f91-92ff-6bddddcaa673,5b0fa12a-3dd7-45bb-9766-cc326314d9f1,6.642444611992687,2.4777263703095733e-05,3.730142312118238e-06,22.7684400496875,31.07107816583625,20.0,2.2808099414759115e-05,6.162338262072353e-05,1.9854758923045464e-05,0.00010428624095852811,0.0,United Kingdom,GBR,england,,,Linux-6.4.0-150700.53.73-default-x86_64-with-glibc2.38,3.12.12,3.3.0,8,AMD EPYC 7543P 32-Core Processor,1,1 x NVIDIA A100-SXM4-40GB,-2.5917,51.4535,64,machine,0.0,5.333333333333333,5.0,12.533611297607422,N,1.0,0.0
2026-09-26T18:15:21,mobilenet_v3_small_batch8_node_1_evaluate,944f7947-a639-47b4-ba37-4429bc9fd5b2,5b0fa12a-3dd7-45bb-9766-cc326314d9f1,6.386423202697188,2.3190594247142603e-05,3.6312335576741117e-06,23.186300622187503,369.4149323964544,20.0,2.1920696317014658e-05,5.72178235387355e-05,1.8469510175701644e-05,9.76080300314518e-05,0.0,United Kingdom,GBR,england,,,Linux-6.4.0-150700.53.73-default-x86_64-with-glibc2.38,3.12.12,3.3.0,8,AMD EPYC 7543P 32-Core Processor,1,1 x NVIDIA A100-SXM4-40GB,-2.5917,51.4535,64,machine,0.0,3.3333333333333335,5.0,12.469594319661459,N,1.0,0.0
2026-09-26T18:15:24,mobilenet_v3_small_batch8_node_0_upload,7fdabb6d-e38f-4774-8fd2-f5dbf2cc275e,5b0fa12a-3dd7-45bb-9766-cc326314d9f1,3.064611188136041,2.1322699362727247e-08,6.957717652821122e-09,22.5000054675,0.0,20.0,7.230567873077452e-08,0.0,1.744047686871555e-08,8.974615559949008e-08,0.0,United Kingdom,GBR,england,,,Linux-6.4.0-150700.53.73-default-x86_64-with-glibc2.38,3.12.12,3.3.0,8,AMD EPYC 7543P 32-Core Processor,1,1 x NVIDIA A100-SXM4-40GB,-2.5917,51.4535,64,machine,0,0,0,0,N,1.0,0.0
2026-09-26T18:15:27,mobilenet_v3_small_batch8_node_0_exchange,fbcfdd62-0d23-40ca-a9b9-935412eda002,5b0fa12a-3dd7-45bb-9766-cc326314d9f1,3.0782757489942014,2.196729737633201e-08,7.136234427182043e-09,22.531886460000003,0.0,20.0,7.492246794585958e-08,0.0,1.7536767861909336e-08,9.245923580776892e-08,0.0,United Kingdom,GBR,england,,,Linux-6.4.0-150700.53.73-default-x86_64-with-glibc2.38,3.12.12,3.3.0,8,AMD EPYC 7543P 32-Core Processor,1,1 x NVIDIA A100-SXM4-40GB,-2.5917,51.4535,64,machine,0,0,0,0,N,1.0,0.0
2026-09-26T18:15:31,mobilenet_v3_small_batch8_node_1_exchange,037ffa4f-50d8-4c6c-9d23-90b560dad3b3,5b0fa12a-3dd7-45bb-9766-cc326314d9f1,3.074987013358623,2.5333785050934488e-08,8.238664079190345e-09,22.6427562225,0.0,20.0,8.171309852231746e-08,0.0,2.4915512444244494e-08,1.0662861096656196e-07,0.0,United Kingdom,GBR,england,,,Linux-6.4.0-150700.53.73-default-x86_64-with-glibc2.38,3.12.12,3.3.0,8,AMD EPYC 7543P 32-Core Processor,1,1 x NVIDIA A100-SXM4-40GB,-2.5917,51.4535,64,machine,0,0,0,0,N,1.0,0.0
2026-09-26T18:15:37,mobilenet_v3_small_batch8_node_0_evaluate,aa1369cc-9d4b-46e2-aaca-28d82ea65169,5b0fa12a-3dd7-45bb-9766-cc326314d9f1,6.342521382961422,2.205490401282576e-05,3.4773085782689128e-06,22.6382173875,29.512309421621097,20.0,2.0797760985747704e-05,5.378976524639256e-05,1.8240441446606485e-05,9.282796767874675e-05,0.0,United Kingdom,GBR,england,,,Linux-6.4.0-150700.53.73-default-x86_64-with-glibc2.38,3.12.12,3.3.0,8,AMD EPYC 7543P 32-Core Processor,1,1 x NVIDIA A100-SXM4-40GB,-2.5917,51.4535,64,machine,0.0,4.333333333333333,4.966666666666667,12.474131266276041,N,1.0,0.0
2026-09-26T18:15:43,mobilenet_v3_small_batch8_node_1_evaluate,1ad867a7-9e10-4b38-945d-3f967aa97e05,5b0fa12a-3dd7-45bb-9766-cc326314d9f1,6.0401171781122684,2.044138366567147e-05,3.384269387975692e-06,22.671014017500006,30.58561503856556,20.0,1.8864427446063233e-05,5.06108738278499e-05,1.6561441444274452e-05,8.603674271818758e-05,0.0,United Kingdom,GBR,england,,,Linux-6.4.0-150700.53.73-default-x86_64-with-glibc2.38,3.12.12,3.3.0,8,AMD EPYC 7543P 32-Core Processor,1,1 x NVIDIA A100-SXM4-40GB,-2.5917,51.4535,64,machine,0.0,5.0,4.95,12.464921951293945,N,1.0,0.0
2026-09-26T18:15:54,efficientnet_lite0_batch8_node_0_local_train,7f66255a-96eb-44fc-a710-eca870c90b62,5b0fa12a-3dd7-45bb-9766-cc326314d9f1,10.06819728994742,5.566636324337656e-05,5.528930516583795e-06,22.898615637857144,38.750749591882524,20.0,4.4826390362552633e-05,0.00015058956492453035,3.888093237765134e-05,0.0002342968876647343,0.0,United Kingdom,GBR,england,,,Linux-6.4.0-150700.53.73-default-x86_64-with-glibc2.38,3.12.12,3.3.0,8,AMD EPYC 7543P 32-Core Processor,1,1 x NVIDIA A100-SXM4-40GB,-2.5917,51.4535,64,machine,11.116666666666667,25.333333333333332,5.0,12.498917897542318,N,1.0,0.0
2026-09-26T18:16:01,efficientnet_lite0_batch8_node_0_evaluate,a4a971b6-147f-445d-a018-d09d405b4a85,5b0fa12a-3dd7-45bb-9766-cc326314d9f1,6.177174909040332,2.2527880804059012e-05,3.646955304938723e-06,22.567585260937502,33.50502555564767,20.0,1.964480334261901e-05,5.787949073976506e-05,1.7294408820776474e-05,9.481870290316055e-05,0.0,United Kingdom,GBR,england,,,Linux-6.4.0-150700.53.73-default-x86_64-with-glibc2.38,3.12.12,3.3.0,8,AMD EPYC 7543P 32-Core Processor,1,1 x NVIDIA A100-SXM4-40GB,-2.5917,51.4535,64,machine,0.0,10.0,5.0,12.485421498616537,N,1.0,0.0
2026-09-26T18:16:05,efficientnet_lite0_batch8_node_1_local_train,5600846c-771e-4858-a8df-f96d67cb3616,5b0fa12a-3dd7-45bb-9766-cc326314d9f1,4.589922732673585,1.2061735445458367e-05,2.6278733102839236e-06,22.52777500125,38.4973766544389,20.0,9.646185714950792e-06,3.2630581642933976e-05,8.490462797797389e-06,5.0767230155682155e-05,0.0,United Kingdom,GBR,england,,,Linux-6.4.0-150700.53.73-default-x86_64-with-glibc2.38,3.12.12,3.3.0,8,AMD EPYC 7543P 32-Core Processor,1,1 x NVIDIA A100-SXM4-40GB,-2.5917,51.4535,64,machine,0.0,36.0,5.0,12.505874633789062,N,1.0,0.0
2026-09-26T18:16:11,efficientnet_lite0_batch8_node_1_evaluate,743e7ace-bac3-46f2-a215-e23c5ec580b0,5b0fa12a-3dd7-45bb-9766-cc326314d9f1,5.735930826980621,1.9397956565825113e-05,3.3818323740204773e-06,22.811544360000003,33.43705120555957,20.0,1.7197697079542812e-05,4.959948411453752e-05,1.4847830005197063e-05,8.164501119927738e-05,0.0,United Kingdom,GBR,england,,,Linux-6.4.0-150700.53.73-default-x86_64-with-glibc2.38,3.12.12,3.3.0,8,AMD EPYC 7543P 32-Core Processor,1,1 x NVIDIA A100-SXM4-40GB,-2.5917,51.4535,64,machine,0.0,8.0,5.0,12.488035202026367,N,1.0,0.0
2026-09-26T18:16:14,efficientnet_lite0_batch8_node_0_upload,a1dc6912-eaff-421a-be04-bd98126ced63,5b0fa12a-3dd7-45bb-9766-cc326314d9f1,3.072748437989503,2.0161407608768768e-08,6.561359647768745e-09,22.5120120975,0.0,20.0,7.037458240362183e-08,0.0,1.4483755350940757e-08,8.485833775456258e-08,0.0,United Kingdom,GBR,england,,,Linux-6.4.0-150700.53.73-default-x86_64-with-glibc2.38,3.12.12,3.3.0,8,AMD EPYC 7543P 32-Core Processor,1,1 x NVIDIA A100-SXM4-40GB,-2.5917,51.4535,64,machine,0,0,0,0,N,1.0,0.0
2026-09-26T18:16:17,efficientnet_lite0_batch8_node_1_upload,ba1f7c36-aeea-40cf-87ad-fe80a6e2d4ef,5b0fa12a-3dd7-45bb-9766-cc326314d9f1,3.0734649198129773,2.9478099529011843e-08,9.591161863921846e-09,22.5665230725,0.0,20.0,9.188849336460843e-08,0.0,3.218332615991434e-08,1.2407181952452278e-07,0.0,United Kingdom,GBR,england,,,Linux-6.4.0-150700.53.73-default-x86_64-with-glibc2.38,3.12.12,3.3.0,8,AMD EPYC 7543P 32-Core Processor,1,1 x NVIDIA A100-SXM4-40GB,-2.5917,51.4535,64,machine,0,0,0,0,N,1.0,0.0
2026-09-26T18:16:32,mobilevit_xxs_batch8_node_0_local_train,2b260289-edaf-47ba-86e4-b47d92833498,5b0fa12a-3dd7-45bb-9766-cc326314d9f1,13.549656544812024,7.902370563364164e-05,5.832155624926059e-06,22.728184059886363,35.582288018061554,20.0,6.697031373037907e-05,0.00020734905477581833,5.8287383631492655e-05,0.00033260675213769007,0.0,United Kingdom,GBR,england,,,Linux-6.4.0-150700.53.73-default-x86_64-with-glibc2.38,3.12.12,3.3.0,8,AMD EPYC 7543P 32-Core Processor,1,1 x NVIDIA A100-SXM4-40GB,-2.5917,51.4535,64,machine,0.0,23.2,5.0,12.581322479248048,N,1.0,0.0
2026-09-26T18:16:38,mobilevit_xxs_batch8_node_0_evaluate,7224e628-65f4-45bf-bd49-72060c3f6bed,5b0fa12a-3dd7-45bb-9766-cc326314d9f1,6.141066865064204,2.22435152493505e-05,3.6220929910226515e-06,22.8901526240625,33.055215713402205,20.0,1.9892663652476027e-05,5.659393417545289e-05,1.713522493891004e-05,9.362182276683896e-05,0.0,United Kingdom,GBR,england,,,Linux-6.4.0-150700.53.73-default-x86_64-with-glibc2.38,3.12.12,3.3.0,8,AMD EPYC 7543P 32-Core Processor,1,1 x NVIDIA A100-SXM4-40GB,-2.5917,51.4535,64,machine,0.0,15.0,5.0,12.57916005452474,N,1.0,0.0
2026-09-26T18:16:43,mobilevit_xxs_batch8_node_1_local_train,6f0660d6-364b-415e-aeb4-64200ee659d5,5b0fa12a-3dd7-45bb-9766-cc326314d9f1,5.308469620067626,1.717347722122168e-05,3.2351088826619113e-06,22.569993720000003,36.7617630259116,20.0,1.415136655340068e-05,4.568836988028124e-05,1.2442554502437512e-05,7.228229093611943e-05,0.0,United Kingdom,GBR,england,,,Linux-6.4.0-150700.53.73-default-x86_64-with-glibc2.38,3.12.12,3.3.0,8,AMD EPYC 7543P 32-Core Processor,1,1 x NVIDIA A100-SXM4-40GB,-2.5917,51.4535,64,machine,0.0,18.5,5.0,12.562580108642578,N,1.0,0.0
2026-09-26T18:16:49,mobilevit_xxs_batch8_node_1_evaluate,08226bef-7d7a-4a40-99ba-9e72afae64a8,5b0fa12a-3dd7-45bb-9766-cc326314d9f1,5.759634079877287,1.9497449615746472e-05,3.385188945225819e-06,22.63513813875,33.300128254168015,20.0,1.7123596895363728e-05,4.9931428819149914e-05,1.5008746664453711e-05,8.206377237896735e-05,0.0,United Kingdom,GBR,england,,,Linux-6.4.0-150700.53.73-default-x86_64-with-glibc2.38,3.12.12,3.3.0,8,AMD EPYC 7543P 32-Core Processor,1,1 x NVIDIA A100-SXM4-40GB,-2.5917,51.4535,64,machine,0.0,12.5,5.0,12.573942184448242,N,1.0,0.0
2026-09-26T18:16:52,mobilevit_xxs_batch8_node_0_upload,74783588-6cdf-4476-a0cc-fcdc3409a1ce,5b0fa12a-3dd7-45bb-9766-cc326314d9f1,3.07364334911108,4.190749324678819e-07,1.3634468442445717e-07,22.5000002025,591.7799762342678,20.0,8.288880128041893e-08,1.6583346678089583e-06,2.2641577137013276e-08,1.7638650462263905e-06,0.0,United Kingdom,GBR,england,,,Linux-6.4.0-150700.53.73-default-x86_64-with-glibc2.38,3.12.12,3.3.0,8,AMD EPYC 7543P 32-Core Processor,1,1 x NVIDIA A100-SXM4-40GB,-2.5917,51.4535,64,machine,0,0,0,0,N,1.0,0.0
2026-09-26T18:16:56,mobilevit_xxs_batch8_node_1_upload,986ba32e-6180-48a4-9564-19405ecba0c2,5b0fa12a-3dd7-45bb-9766-cc326314d9f1,3.068402606062591,1.9583653249882214e-08,6.382361040623733e-09,22.500001620000003,0.0,20.0,6.790716631790873e-08,0.0,1.4519432766569985e-08,8.242659908447871e-08,0.0,United Kingdom,GBR,england,,,Linux-6.4.0-150700.53.73-default-x86_64-with-glibc2.38,3.12.12,3.3.0,8,AMD EPYC 7543P 32-Core Processor,1,1 x NVIDIA A100-SXM4-40GB,-2.5917,51.4535,64,machine,0,0,0,0,N,1.0,0.0
2026-09-26T18:17:18,mobilenet_v3_small_batch9_node_0_local_train,c04d1600-a37c-4a23-a4c1-676d1d71611c,5b0fa12a-3dd7-45bb-9766-cc326314d9f1,14.056454909965396,7.641799672310254e-05,5.4365056632398554e-06,22.807984772045458,31.255234790013063,20.0,7.061338902727405e-05,0.000189954040848761,6.107202617244588e-05,0.00032163945604848096,0.0,United Kingdom,GBR,england,,,Linux-6.4.0-150700.53.73-default-x86_64-with-glibc2.38,3.12.12,3.3.0,8,AMD EPYC 7543P 32-Core Processor,1,1 x NVIDIA A100-SXM4-40GB,-2.5917,51.4535,64,machine,0.0,7.0,4.99,12.541484069824218,N,1.0,0.0
2026-09-26T18:17:27,mobilenet_v3_small_batch9_node_0_evaluate,c764f5e3-ef97-4519-8117-0d141462dae1,5b0fa12a-3dd7-45bb-9766-cc326314d9f1,8.4144925349392,3.6246938184156155e-05,4.307679641243875e-06,22.867110883125,29.763246885036722,20.0,3.450006027409807e-05,8.835368177528835e-05,2.9707774620813628e-05,0.00015256151667020004,0.0,United Kingdom,GBR,england,,,Linux-6.4.0-150700.53.73-default-x86_64-with-glibc2.38,3.12.12,3.3.0,8,AMD EPYC 7543P 32-Core Processor,1,1 x NVIDIA A100-SXM4-40GB,-2.5917,51.4535,64,machine,29.339999999999996,2.6,5.0,12.638018798828124,N,1.0,0.0
2026-09-26T18:17:33,mobilenet_v3_small_batch9_node_1_local_train,3e677cfc-0f1c-4806-8170-55ae1aab8a16,5b0fa12a-3dd7-45bb-9766-cc326314d9f1,6.108506354037672,2.1319252474354385e-05,3.490092542878757e-06,22.6712167115625,318.15484072504523,20.0,1.937474911652618e-05,5.345309831739087e-05,1.6903800387970278e-05,8.973164782188732e-05,0.0,United Kingdom,GBR,england,,,Linux-6.4.0-150700.53.73-default-x86_64-with-glibc2.38,3.12.12,3.3.0,8,AMD EPYC 7543P 32-Core Processor,1,1 x NVIDIA A100-SXM4-40GB,-2.5917,51.4535,64,machine,0.0,5.666666666666667,5.066666666666666,12.7081667582194,N,1.0,0.0
2026-09-26T18:17:39,mobilenet_v3_small_batch9_node_1_evaluate,f779e723-0a48-44cd-9a10-0de902d0d143,5b0fa12a-3dd7-45bb-9766-cc326314d9f1,6.255784750916064,2.179335169807562e-05,3.4837118868075374e-06,22.609245940312505,30.361318478560403,20.0,2.0185563566818173e-05,5.380559859702316e-05,1.773594514363342e-05,9.172710730747475e-05,0.0,United Kingdom,GBR,england,,,Linux-6.4.0-150700.53.73-default-x86_64-with-glibc2.38,3.12.12,3.3.0,8,AMD EPYC 7543P 32-Core Processor,1,1 x NVIDIA A100-SXM4-40GB,-2.5917,51.4535,64,machine,0.0,4.666666666666667,5.033333333333333,12.704002380371094,N,1.0,0.0
2026-09-26T18:17:42,mobilenet_v3_small_batch9_node_0_upload,19511730-178e-4e9c-b342-75cefb04d8ef,5b0fa12a-3dd7-45bb-9766-cc326314d9f1,3.069770729634911,4.134355263359248e-07,1.3467961054703746e-07,22.5139565025,674.2628605925527,20.0,7.649743861862084e-08,1.647223541567655e-06,1.6408092859718536e-08,1.7401290730459945e-06,0.0,United Kingdom,GBR,england,,,Linux-6.4.0-150700.53.73-default-x86_64-with-glibc2.38,3.12.12,3.3.0,8,AMD EPYC 7543P 32-Core Processor,1,1 x NVIDIA A100-SXM4-40GB,-2.5917,51.4535,64,machine,0,0,0,0,N,1.0,0.0
2026-09-26T18:17:45,mobilenet_v3_small_batch9_node_0_exchange,dc9dd5be-0fce-468d-a51b-43a21f5685d9,5b0fa12a-3dd7-45bb-9766-cc326314d9f1,3.075526589062065,4.1372234283280004e-07,1.345208148432792e-07,22.531886460000003,622.6722375460536,20.0,7.488886367356967e-08,1.6461124374700375e-06,2.033496792945597e-08,1.7413362690730633e-06,0.0,United Kingdom,GBR,england,,,Linux-6.4.0-150700.53.73-default-x86_64-with-glibc2.38,3.12.12,3.3.0,8,AMD EPYC 7543P 32-Core Processor,1,1 x NVIDIA A100-SXM4-40GB,-2.5917,51.4535,64,machine,0,0,0,0,N,1.0,0.0
2026-09-26T18:17:49,mobilenet_v3_small_batch9_node_1_exchange,24f138e6-c417-401c-861d-160cb45c3889,5b0fa12a-3dd7-45bb-9766-cc326314d9f1,3.0780199519358575,2.072800972971311e-08,6.7342025241508434e-09,22.69059138,0.0,20.0,7.105585059785312e-08,0.0,1.618728662530581e-08,8.724313722315893e-08,0.0,United Kingdom,GBR,england,,,Linux-6.4.0-150700.53.73-default-x86_64-with-glibc2.38,3.12.12,3.3.0,8,AMD EPYC 7543P 32-Core Processor,1,1 x NVIDIA A100-SXM4-40GB,-2.5917,51.4535,64,machine,0,0,0,0,N,1.0,0.0
2026-09-26T18:17:55,mobilenet_v3_small_batch9_node_0_evaluate,86e2ed54-d54c-4a19-bb99-45e98b8ceab0,5b0fa12a-3dd7-45bb-9766-cc326314d9f1,6.615598739590496,2.3977753492920958e-05,3.624426818607982e-06,22.547535204375002,29.850459333119804,20.0,2.235465019754412e-05,5.8840602619625315e-05,1.9725890387780966e-05,0.0001009211432049504,0.0,United Kingdom,GBR,england,,,Linux-6.4.0-150700.53.73-default-x86_64-with-glibc2.38,3.12.12,3.3.0,8,AMD EPYC 7543P 32-Core Processor,1,1 x NVIDIA A100-SXM4-40GB,-2.5917,51.4535,64,machine,0.0,5.333333333333333,5.066666666666666,12.706055959065756,N,1.0,0.0
2026-09-26T18:18:02,mobilenet_v3_small_batch9_node_1_evaluate,5395423f-aae5-40bf-9d57-efab93d60c4b,5b0fa12a-3dd7-45bb-9766-cc326314d9f1,6.351504106074572,2.242327532003974e-05,3.5303882270333645e-06,22.54340820375,30.282989194656825,20.0,2.073254547570405e-05,5.535309982462877e-05,1.8292778448408677e-05,9.43784237487415e-05,0.0,United Kingdom,GBR,england,,,Linux-6.4.0-150700.53.73-default-x86_64-with-glibc2.38,3.12.12,3.3.0,8,AMD EPYC 7543P 32-Core Processor,1,1 x NVIDIA A100-SXM4-40GB,-2.5917,51.4535,64,machine,0.0,3.3333333333333335,5.033333333333333,12.714675903320312,N,1.0,0.0
2026-09-26T18:18:12,efficientnet_lite0_batch9_node_0_local_train,ead682ea-28d6-442d-b91a-7daedd2bbd26,5b0fa12a-3dd7-45bb-9766-cc326314d9f1,9.20383235719055,4.969616712269713e-05,5.399508073815763e-06,22.63331739375,39.939321884162965,20.0,3.8891653622931256e-05,0.00013616872004718061,3.410826259965284e-05,0.0002091686362697647,0.0,United Kingdom,GBR,england,,,Linux-6.4.0-150700.53.73-default-x86_64-with-glibc2.38,3.12.12,3.3.0,8,AMD EPYC 7543P 32-Core Processor,1,1 x NVIDIA A100-SXM4-40GB,-2.5917,51.4535,64,machine,0.0,16.666666666666668,5.1,12.755041122436523,N,1.0,0.0
2026-09-26T18:18:19,efficientnet_lite0_batch9_node_0_evaluate,9749ac7a-c012-4e54-a1bc-c3d759d77041,5b0fa12a-3dd7-45bb-9766-cc326314d9f1,6.747207083273679,2.6664598361747748e-05,3.9519460471058114e-06,22.6394593959375,33.48673761526879,20.0,2.327332790804962e-05,6.84894992275531e-05,2.0467109274533062e-05,0.00011222993641013578,0.0,United Kingdom,GBR,england,,,Linux-6.4.0-150700.53.73-default-x86_64-with-glibc2.38,3.12.12,3.3.0,8,AMD EPYC 7543P 32-Core Processor,1,1 x NVIDIA A100-SXM4-40GB,-2.5917,51.4535,64,machine,0.0,8.0,5.066666666666666,12.73049290974935,N,1.0,0.0
2026-09-26T18:18:23,efficientnet_lite0_batch9_node_1_local_train,7d7ecb67-dbd6-4054-bac6-b873ed2b829e,5b0fa12a-3dd7-45bb-9766-cc326314d9f1,4.436414040159434,1.0750521399143882e-05,2.4232457344665547e-06,22.574227640625004,38.291635648686885,20.0,8.664590207434604e-06,2.899474542061853e-05,7.589061390091148e-06,4.524839701814428e-05,0.0,United Kingdom,GBR,england,,,Linux-6.4.0-150700.53.73-default-x86_64-with-glibc2.38,3.12.12,3.3.0,8,AMD EPYC 7543P 32-Core Processor,1,1 x NVIDIA A100-SXM4-40GB,-2.5917,51.4535,64,machine,0.0,30.0,4.7,11.85293960571289,N,1.0,0.0
2026-09-26T18:18:30,efficientnet_lite0_batch9_node_1_evaluate,0a57b1bc-2b3b-45d5-b38e-1bb37aad736d,5b0fa12a-3dd7-45bb-9766-cc326314d9f1,6.440533339977264,2.4726286245223772e-05,3.8391674943664e-06,22.8480632521875,33.811745774655755,20.0,2.1856923575985925e-05,6.343838408895408e-05,1.8776371769814025e-05,0.00010407167943475402,0.0,United Kingdom,GBR,england,,,Linux-6.4.0-150700.53.73-default-x86_64-with-glibc2.38,3.12.12,3.3.0,8,AMD EPYC 7543P 32-Core Processor,1,1 x NVIDIA A100-SXM4-40GB,-2.5917,51.4535,64,machine,0.0,9.0,5.0,12.617965698242188,N,1.0,0.0
2026-09-26T18:18:33,efficientnet_lite0_batch9_node_1_upload,922b530a-3582-4c74-8225-96ee636ffe93,5b0fa12a-3dd7-45bb-9766-cc326314d9f1,3.0650207209400833,2.023039790335107e-08,6.6004114638240145e-09,22.647622500000004,0.0,20.0,7.067258036273999e-08,0.0,1.447613402787182e-08,8.514871439061181e-08,0.0,United Kingdom,GBR,england,,,Linux-6.4.0-150700.53.73-default-x86_64-with-glibc2.38,3.12.12,3.3.0,8,AMD EPYC 7543P 32-Core Processor,1,1 x NVIDIA A100-SXM4-40GB,-2.5917,51.4535,64,machine,0,0,0,0,N,1.0,0.0
2026-09-26T18:18:46,mobilevit_xxs_batch9_node_0_local_train,893e7090-0187-4d72-a2ab-07272ec641c8,5b0fa12a-3dd7-45bb-9766-cc326314d9f1,11.992810954805464,6.905418612854605e-05,5.7579650332832405e-06,23.007224261250002,36.923281677150015,20.0,5.790367530961208e-05,0.000183130146481858,4.961173052175178e-05,0.0002906455523132218,0.0,United Kingdom,GBR,england,,,Linux-6.4.0-150700.53.73-default-x86_64-with-glibc2.38,3.12.12,3.3.0,8,AMD EPYC 7543P 32-Core Processor,1,1 x NVIDIA A100-SXM4-40GB,-2.5917,51.4535,64,machine,0.0,27.375,5.0,12.486045837402344,N,1.0,0.0
2026-09-26T18:18:53,mobilevit_xxs_batch9_node_0_evaluate,f795e6bb-6a55-484e-93a1-60a23946de3f,5b0fa12a-3dd7-45bb-9766-cc326314d9f1,6.832083416171372,2.687507669495887e-05,3.933657576742437e-06,22.867618449375,32.566360857382776,20.0,2.432555419192271e-05,6.791588765509005e-05,2.087438714742247e-05,0.00011311582899443522,0.0,United Kingdom,GBR,england,,,Linux-6.4.0-150700.53.73-default-x86_64-with-glibc2.38,3.12.12,3.3.0,8,AMD EPYC 7543P 32-Core Processor,1,1 x NVIDIA A100-SXM4-40GB,-2.5917,51.4535,64,machine,0.0,10.0,5.0,12.54042943318685,N,1.0,0.0
2026-09-26T18:18:58,mobilevit_xxs_batch9_node_1_local_train,c2457b84-7e13-4a27-a15d-88df6ae81489,5b0fa12a-3dd7-45bb-9766-cc326314d9f1,5.044933092780411,1.530188340522911e-05,3.033119195798054e-06,22.62360924,378.0296872176908,20.0,1.2491202863666725e-05,4.094781053254337e-05,1.0965834493334923e-05,6.440484788954502e-05,0.0,United Kingdom,GBR,england,,,Linux-6.4.0-150700.53.73-default-x86_64-with-glibc2.38,3.12.12,3.3.0,8,AMD EPYC 7543P 32-Core Processor,1,1 x NVIDIA A100-SXM4-40GB,-2.5917,51.4535,64,machine,0.0,13.0,5.0,12.486358642578125,N,1.0,0.0
2026-09-26T18:19:05,mobilevit_xxs_batch9_node_1_evaluate,edf10955-53c5-4e8c-897f-8549e24d4d6a,5b0fa12a-3dd7-45bb-9766-cc326314d9f1,6.4396369201131165,2.4046418237127392e-05,3.734126401136448e-06,22.9115313590625,32.39230806029994,20.0,2.1849385694930462e-05,6.0629215170138195e-05,1.873154875098003e-05,0.00010121014961604869,0.0,United Kingdom,GBR,england,,,Linux-6.4.0-150700.53.73-default-x86_64-with-glibc2.38,3.12.12,3.3.0,8,AMD EPYC 7543P 32-Core Processor,1,1 x NVIDIA A100-SXM4-40GB,-2.5917,51.4535,64,machine,22.233333333333334,12.0,4.966666666666667,12.51315689086914,N,1.0,0.0
2026-09-26T18:19:28,mobilenet_v3_small_batch10_node_0_local_train,ab524f25-f347-4173-99a4-7e3be9292a98,5b0fa12a-3dd7-45bb-9766-cc326314d9f1,13.810653594322503,7.463787527123885e-05,5.404369515279288e-06,22.56157731375,86.74602436401317,20.0,6.757884051523393e-05,0.00018685681615693284,5.971135885144274e-05,0.0003141470155236095,0.0,United Kingdom,GBR,england,,,Linux-6.4.0-150700.53.73-default-x86_64-with-glibc2.38,3.12.12,3.3.0,8,AMD EPYC 7543P 32-Core Processor,1,1 x NVIDIA A100-SXM4-40GB,-2.5917,51.4535,64,machine,6.0,7.3,4.92,12.40740966796875,N,1.0,0.0
2026-09-26T18:19:36,mobilenet_v3_small_batch10_node_0_evaluate,d5f5f713-e0ba-4a9f-bd9d-89b8b43837dd,5b0fa12a-3dd7-45bb-9766-cc326314d9f1,8.159291322808713,3.456458626770084e-05,4.2362240665531846e-06,22.57566912,30.025459988776408,20.0,3.211230868874159e-05,8.503340136201132e-05,2.8334873089463344e-05,0.00014548058314021626,0.0,United Kingdom,GBR,england,,,Linux-6.4.0-150700.53.73-default-x86_64-with-glibc2.38,3.12.12,3.3.0,8,AMD EPYC 7543P 32-Core Processor,1,1 x NVIDIA A100-SXM4-40GB,-2.5917,51.4535,64,machine,12.0,1.8,5.0,12.487531280517578,N,1.0,0.0
2026-09-26T18:19:42,mobilenet_v3_small_batch10_node_1_local_train,53169eba-abda-4d9c-9dea-c72edfd892d0,5b0fa12a-3dd7-45bb-9766-cc326314d9f1,5.673821327276528,1.8034244722192178e-05,3.1785006403874082e-06,22.634157296250002,30.90399327051731,20.0,1.6514835791132085e-05,4.485725810354779e-05,1.4533123611989949e-05,7.590521750666983e-05,0.0,United Kingdom,GBR,england,,,Linux-6.4.0-150700.53.73-default-x86_64-with-glibc2.38,3.12.12,3.3.0,8,AMD EPYC 7543P 32-Core Processor,1,1 x NVIDIA A100-SXM4-40GB,-2.5917,51.4535,64,machine,0.0,8.0,5.0,12.558938980102539,N,1.0,0.0
2026-09-26T18:19:48,mobilenet_v3_small_batch10_node_1_evaluate,6ba0baf0-fa50-470f-9222-ab2b69182b57,5b0fa12a-3dd7-45bb-9766-cc326314d9f1,6.316429856233299,2.2055498004955685e-05,3.4917664736180774e-06,22.851399768750003,29.86491141397387,20.0,2.100058036548782e-05,5.3785598595368356e-05,1.8044288800511922e-05,9.28304677613681e-05,0.0,United Kingdom,GBR,england,,,Linux-6.4.0-150700.53.73-default-x86_64-with-glibc2.38,3.12.12,3.3.0,8,AMD EPYC 7543P 32-Core Processor,1,1 x NVIDIA A100-SXM4-40GB,-2.5917,51.4535,64,machine,0.0,4.0,5.0,12.63790512084961,N,1.0,0.0
2026-09-26T18:19:51,mobilenet_v3_small_batch10_node_0_upload,6443b7e7-9844-48fe-9e37-84f56d396993,5b0fa12a-3dd7-45bb-9766-cc326314d9f1,3.074417722877115,2.3422082975695322e-08,7.618380157455106e-09,22.628801340000003,0.0,20.0,8.419594802781031e-08,0.0,1.4386406271821923e-08,9.858235429963223e-08,0.0,United Kingdom,GBR,england,,,Linux-6.4.0-150700.53.73-default-x86_64-with-glibc2.38,3.12.12,3.3.0,8,AMD EPYC 7543P 32-Core Processor,1,1 x NVIDIA A100-SXM4-40GB,-2.5917,51.4535,64,machine,0,0,0,0,N,1.0,0.0
2026-09-26T18:19:54,mobilenet_v3_small_batch10_node_1_upload,95417705-a080-49f3-ac0e-ef0c920a4f4d,5b0fa12a-3dd7-45bb-9766-cc326314d9f1,3.064495691098273,2.0027250085672884e-08,6.535251507727e-09,22.500012960000003,0.0,20.0,6.988985356886183e-08,0.0,1.4403822003967232e-08,8.429367557282906e-08,0.0,United Kingdom,GBR,england,,,Linux-6.4.0-150700.53.73-default-x86_64-with-glibc2.38,3.12.12,3.3.0,8,AMD EPYC 7543P 32-Core Processor,1,1 x NVIDIA A100-SXM4-40GB,-2.5917,51.4535,64,machine,0,0,0,0,N,1.0,0.0
2026-09-26T18:19:57,mobilenet_v3_small_batch10_node_0_exchange,ee32ee8a-799f-4eec-853c-e3ab2822df7c,5b0fa12a-3dd7-45bb-9766-cc326314d9f1,3.075461706146598,1.99956037180062e-08,6.5016591421194145e-09,22.628801340000003,0.0,20.0,6.961315950649011e-08,0.0,1.4547318116658264e-08,8.416047762314838e-08,0.0,United Kingdom,GBR,england,,,Linux-6.4.0-150700.53.73-default-x86_64-with-glibc2.38,3.12.12,3.3.0,8,AMD EPYC 7543P 32-Core Processor,1,1 x NVIDIA A100-SXM4-40GB,-2.5917,51.4535,64,machine,0,0,0,0,N,1.0,0.0
2026-09-26T18:20:00,mobilenet_v3_small_batch10_node_1_exchange,08cf0994-9547-4267-8ef9-78f1c822ab47,5b0fa12a-3dd7-45bb-9766-cc326314d9f1,3.074939433950931,4.0887804675217616e-07,1.329710895238078e-07,22.63799808,645.5613852253525,20.0,7.261336511058807e-08,1.633612413343144e-06,1.4721095148060058e-08,1.7209468736017921e-06,0.0,United Kingdom,GBR,england,,,Linux-6.4.0-150700.53.73-default-x86_64-with-glibc2.38,3.12.12,3.3.0,8,AMD EPYC 7543P 32-Core Processor,1,1 x NVIDIA A100-SXM4-40GB,-2.5917,51.4535,64,machine,0,0,0,0,N,1.0,0.0
2026-09-26T18:20:07,mobilenet_v3_small_batch10_node_0_evaluate,879cfca4-33dd-4d74-b323-28cf9e8025a5,5b0fa12a-3dd7-45bb-9766-cc326314d9f1,6.185299278236926,2.1213650892375874e-05,3.429688676021942e-06,22.586372249062507,30.005264346647085,20.0,1.9779199671938084e-05,5.2122541688959245e-05,1.7385434780994224e-05,8.928717614189156e-05,0.0,United Kingdom,GBR,england,,,Linux-6.4.0-150700.53.73-default-x86_64-with-glibc2.38,3.12.12,3.3.0,8,AMD EPYC 7543P 32-Core Processor,1,1 x NVIDIA A100-SXM4-40GB,-2.5917,51.4535,64,machine,0.0,4.333333333333333,5.0,12.612294514973959,N,1.0,0.0
2026-09-26T18:20:13,mobilenet_v3_small_batch10_node_1_evaluate,f42a8645-2793-4c8b-b27f-f159099e5db9,5b0fa12a-3dd7-45bb-9766-cc326314d9f1,6.140481181908399,2.1052823436226524e-05,3.428529916882429e-06,22.641991835625,30.558193335444706,20.0,1.946046781624579e-05,5.208948611823416e-05,1.706030763582223e-05,8.861026157030218e-05,0.0,United Kingdom,GBR,england,,,Linux-6.4.0-150700.53.73-default-x86_64-with-glibc2.38,3.12.12,3.3.0,8,AMD EPYC 7543P 32-Core Processor,1,1 x NVIDIA A100-SXM4-40GB,-2.5917,51.4535,64,machine,0.0,4.0,5.0,12.600031534830729,N,1.0,0.0
2026-09-26T18:20:23,efficientnet_lite0_batch10_node_0_local_train,84b94221-59bb-4b5f-9d00-8105e1a8983c,5b0fa12a-3dd7-45bb-9766-cc326314d9f1,9.119770389050245,4.914983123382082e-05,5.389371567165015e-06,22.549836117857144,40.165014725997366,20.0,3.810104167785449e-05,0.00013511399698984405,3.365409767203447e-05,0.000206869136339733,0.0,United Kingdom,GBR,england,,,Linux-6.4.0-150700.53.73-default-x86_64-with-glibc2.38,3.12.12,3.3.0,8,AMD EPYC 7543P 32-Core Processor,1,1 x NVIDIA A100-SXM4-40GB,-2.5917,51.4535,64,machine,10.0,23.333333333333332,5.016666666666667,12.69333585103353,N,1.0,0.0
2026-09-26T18:20:29,efficientnet_lite0_batch10_node_0_evaluate,5bcc0691-b6cd-43dd-897a-978e10d7cd06,5b0fa12a-3dd7-45bb-9766-cc326314d9f1,6.300525156781077,2.377265880580317e-05,3.7731233848367907e-06,22.8110163834375,33.96673187674532,20.0,2.089881381622659e-05,6.114366001952476e-05,1.8015436277103924e-05,0.00010005791011285527,0.0,United Kingdom,GBR,england,,,Linux-6.4.0-150700.53.73-default-x86_64-with-glibc2.38,3.12.12,3.3.0,8,AMD EPYC 7543P 32-Core Processor,1,1 x NVIDIA A100-SXM4-40GB,-2.5917,51.4535,64,machine,0.0,12.666666666666666,5.0,12.697069803873697,N,1.0,0.0
2026-09-26T18:20:34,efficientnet_lite0_batch10_node_1_local_train,9393a2ef-2588-4d59-81aa-2b97415286f7,5b0fa12a-3dd7-45bb-9766-cc326314d9f1,4.343812389764935,1.0633223598878216e-05,2.4479012086094335e-06,22.613963608125005,41.256426615992794,20.0,8.189721322415507e-06,2.941974575776385e-05,7.1452294709160926e-06,4.475469655109545e-05,0.0,United Kingdom,GBR,england,,,Linux-6.4.0-150700.53.73-default-x86_64-with-glibc2.38,3.12.12,3.3.0,8,AMD EPYC 7543P 32-Core Processor,1,1 x NVIDIA A100-SXM4-40GB,-2.5917,51.4535,64,machine,0.0,18.0,5.0,12.700050354003906,N,1.0,0.0
2026-09-26T18:20:40,efficientnet_lite0_batch10_node_1_evaluate,749f22db-8493-4fcf-8e86-f3a0a04b04cb,5b0fa12a-3dd7-45bb-9766-cc326314d9f1,6.029107445850968,2.171666246431094e-05,3.601969720950259e-06,22.70462500125,34.25825247983957,20.0,1.8741924718690756e-05,5.623143385946605e-05,1.643096765037626e-05,9.140432622853306e-05,0.0,United Kingdom,GBR,england,,,Linux-6.4.0-150700.53.73-default-x86_64-with-glibc2.38,3.12.12,3.3.0,8,AMD EPYC 7543P 32-Core Processor,1,1 x NVIDIA A100-SXM4-40GB,-2.5917,51.4535,64,machine,0.0,10.5,5.0,12.662603378295898,N,1.0,0.0
2026-09-26T18:20:43,efficientnet_lite0_batch10_node_1_upload,a21dab92-d159-4838-9343-2cbec5d22b9c,5b0fa12a-3dd7-45bb-9766-cc326314d9f1,3.066615633200854,1.892231321722055e-08,6.170422211495064e-09,22.5161001675,0.0,20.0,6.523738603063574e-08,0.0,1.4405666540066402e-08,7.964305257070214e-08,0.0,United Kingdom,GBR,england,,,Linux-6.4.0-150700.53.73-default-x86_64-with-glibc2.38,3.12.12,3.3.0,8,AMD EPYC 7543P 32-Core Processor,1,1 x NVIDIA A100-SXM4-40GB,-2.5917,51.4535,64,machine,0,0,0,0,N,1.0,0.0
2026-09-26T18:20:56,mobilevit_xxs_batch10_node_0_local_train,efe46ea5-a616-457e-b15a-6d925a585b7b,5b0fa12a-3dd7-45bb-9766-cc326314d9f1,11.902223472017795,6.845811973779731e-05,5.751708485287879e-06,22.764505725,37.177941028637264,20.0,5.6312918502534744e-05,0.00018267431281060453,4.914950792056819e-05,0.00028813673923370743,0.0,United Kingdom,GBR,england,,,Linux-6.4.0-150700.53.73-default-x86_64-with-glibc2.38,3.12.12,3.3.0,8,AMD EPYC 7543P 32-Core Processor,1,1 x NVIDIA A100-SXM4-40GB,-2.5917,51.4535,64,machine,7.5,24.125,5.074999999999999,12.720993995666504,N,1.0,0.0
2026-09-26T18:21:02,mobilevit_xxs_batch10_node_0_evaluate,fcf2d248-dddd-4a08-924b-40bd69b3f190,5b0fa12a-3dd7-45bb-9766-cc326314d9f1,6.257575252093375,2.2530619017838598e-05,3.600535049147244e-06,22.635292958437503,31.934811088357122,20.0,2.0309395226178182e-05,5.6733934300723377e-05,1.7786898378593226e-05,9.483022790549478e-05,0.0,United Kingdom,GBR,england,,,Linux-6.4.0-150700.53.73-default-x86_64-with-glibc2.38,3.12.12,3.3.0,8,AMD EPYC 7543P 32-Core Processor,1,1 x NVIDIA A100-SXM4-40GB,-2.5917,51.4535,64,machine,11.1,12.0,5.066666666666666,12.73147455851237,N,1.0,0.0
2026-09-26T18:21:07,mobilevit_xxs_batch10_node_1_local_train,acb42957-01ba-4280-b45d-f6b2fbdbd4bb,5b0fa12a-3dd7-45bb-9766-cc326314d9f1,4.909006228204817,1.4575294964230395e-05,2.9690927830744392e-06,22.590020868750003,38.272349402675104,20.0,1.1735751438649867e-05,3.932225367009323e-05,1.0288669039598769e-05,6.134667414834186e-05,0.0,United Kingdom,GBR,england,,,Linux-6.4.0-150700.53.73-default-x86_64-with-glibc2.38,3.12.12,3.3.0,8,AMD EPYC 7543P 32-Core Processor,1,1 x NVIDIA A100-SXM4-40GB,-2.5917,51.4535,64,machine,0.0,31.0,5.1,12.714298248291016,N,1.0,0.0
2026-09-26T18:21:13,mobilevit_xxs_batch10_node_1_evaluate,9fcf06b8-ab00-45b8-b025-0b1d62900e79,5b0fa12a-3dd7-45bb-9766-cc326314d9f1,6.02944212872535,2.089739995611726e-05,3.4658927824447105e-06,22.871865363750004,31.8342795808772,20.0,1.8963052219479986e-05,5.249004198049079e-05,1.650299785865678e-05,8.795609205862755e-05,0.0,United Kingdom,GBR,england,,,Linux-6.4.0-150700.53.73-default-x86_64-with-glibc2.38,3.12.12,3.3.0,8,AMD EPYC 7543P 32-Core Processor,1,1 x NVIDIA A100-SXM4-40GB,-2.5917,51.4535,64,machine,20.0,17.5,5.1,12.788772583007812,N,1.0,0.0
2026-09-26T18:21:16,mobilevit_xxs_batch10_node_1_upload,c3b7fa07-0db8-426e-bcd2-854bb18d72fc,5b0fa12a-3dd7-45bb-9766-cc326314d9f1,3.070902592036873,2.3608104044245655e-08,7.68767596388879e-09,22.5000002025,0.0,20.0,7.826429571148085e-08,0.0,2.110101179116302e-08,9.936530750264387e-08,0.0,United Kingdom,GBR,england,,,Linux-6.4.0-150700.53.73-default-x86_64-with-glibc2.38,3.12.12,3.3.0,8,AMD EPYC 7543P 32-Core Processor,1,1 x NVIDIA A100-SXM4-40GB,-2.5917,51.4535,64,machine,0,0,0,0,N,1.0,0.0
2026-09-26T18:21:39,mobilenet_v3_small_batch11_node_0_local_train,7d76e6c5-9df3-4d26-89a4-2b3fc872d7e0,5b0fa12a-3dd7-45bb-9766-cc326314d9f1,12.76819725194946,6.807506197470242e-05,5.331611082708536e-06,23.249710434375004,86.58541657114245,20.0,6.184500405189946e-05,0.00017078763664812868,5.389182791889956e-05,0.0002865244686189277,0.0,United Kingdom,GBR,england,,,Linux-6.4.0-150700.53.73-default-x86_64-with-glibc2.38,3.12.12,3.3.0,8,AMD EPYC 7543P 32-Core Processor,1,1 x NVIDIA A100-SXM4-40GB,-2.5917,51.4535,64,machine,0.0,7.111111111111111,5.0,12.675263298882378,N,1.0,0.0
2026-09-26T18:21:48,mobilenet_v3_small_batch11_node_0_evaluate,734b6717-87b1-4119-8574-5777e7ba8455,5b0fa12a-3dd7-45bb-9766-cc326314d9f1,8.207392756827176,3.465724560842294e-05,4.222686379860879e-06,22.584299821875,29.73836834907942,20.0,3.243922013811562e-05,8.487367901466314e-05,2.855768243316561e-05,0.00014587058158594437,0.0,United Kingdom,GBR,england,,,Linux-6.4.0-150700.53.73-default-x86_64-with-glibc2.38,3.12.12,3.3.0,8,AMD EPYC 7543P 32-Core Processor,1,1 x NVIDIA A100-SXM4-40GB,-2.5917,51.4535,64,machine,1.1199999999999999,2.4,4.66,11.774735260009766,N,1.0,0.0
2026-09-26T18:21:53,mobilenet_v3_small_batch11_node_1_local_train,28ffe1b6-40f0-4d2f-9078-59e2dd203646,5b0fa12a-3dd7-45bb-9766-cc326314d9f1,4.95408054208383,1.3430638236863408e-05,2.711025410825092e-06,22.936973180625003,32.11232590578176,20.0,1.2344604833072741e-05,3.36814158430343e-05,1.0502851606967549e-05,5.6528872283074586e-05,0.0,United Kingdom,GBR,england,,,Linux-6.4.0-150700.53.73-default-x86_64-with-glibc2.38,3.12.12,3.3.0,8,AMD EPYC 7543P 32-Core Processor,1,1 x NVIDIA A100-SXM4-40GB,-2.5917,51.4535,64,machine,0.0,7.0,5.0,12.671302795410156,N,1.0,0.0
2026-09-26T18:21:59,mobilenet_v3_small_batch11_node_1_evaluate,595b588d-634e-4df8-8ff9-37ef7e798427,5b0fa12a-3dd7-45bb-9766-cc326314d9f1,6.523739582393318,2.3864415032482435e-05,3.658088237747753e-06,22.92379898625,30.70690746950416,20.0,2.2359356015475286e-05,5.8882547108396466e-05,1.9202204273703198e-05,0.00010044410739757495,0.0,United Kingdom,GBR,england,,,Linux-6.4.0-150700.53.73-default-x86_64-with-glibc2.38,3.12.12,3.3.0,8,AMD EPYC 7543P 32-Core Processor,1,1 x NVIDIA A100-SXM4-40GB,-2.5917,51.4535,64,machine,11.1,4.0,5.0,12.521649678548178,N,1.0,0.0
2026-09-26T18:22:03,mobilenet_v3_small_batch11_node_0_upload,31c1c49b-08e1-4dea-965c-338328ee8a5d,5b0fa12a-3dd7-45bb-9766-cc326314d9f1,3.4586177789606154,2.0499798134969767e-08,5.927164967367504e-09,22.792186642500003,0.0,20.0,7.166431617341133e-08,0.0,1.4618290070858267e-08,8.628260624426959e-08,0.0,United Kingdom,GBR,england,,,Linux-6.4.0-150700.53.73-default-x86_64-with-glibc2.38,3.12.12,3.3.0,8,AMD EPYC 7543P 32-Core Processor,1,1 x NVIDIA A100-SXM4-40GB,-2.5917,51.4535,64,machine,0,0,0,0,N,1.0,0.0
2026-09-26T18:22:06,mobilenet_v3_small_batch11_node_1_upload,616c4e2f-9c78-4044-ba5b-7444f6f20e35,5b0fa12a-3dd7-45bb-9766-cc326314d9f1,3.069642949849367,4.110445696370747e-07,1.339063129987953e-07,22.7769452775,683.1763342451586,20.0,7.367055317379364e-08,1.6419457438132667e-06,1.4449361090858776e-08,1.730065658077919e-06,0.0,United Kingdom,GBR,england,,,Linux-6.4.0-150700.53.73-default-x86_64-with-glibc2.38,3.12.12,3.3.0,8,AMD EPYC 7543P 32-Core Processor,1,1 x NVIDIA A100-SXM4-40GB,-2.5917,51.4535,64,machine,0,0,0,0,N,1.0,0.0
2026-09-26T18:22:09,mobilenet_v3_small_batch11_node_0_exchange,d345f500-8958-4a85-87fb-0d3fdbbb6d0a,5b0fa12a-3dd7-45bb-9766-cc326314d9f1,3.075265421066433,2.21435794986353e-08,7.200542544050199e-09,22.6076168025,0.0,20.0,7.37841263600977e-08,0.0,1.9417071921957866e-08,9.320119828205557e-08,0.0,United Kingdom,GBR,england,,,Linux-6.4.0-150700.53.73-default-x86_64-with-glibc2.38,3.12.12,3.3.0,8,AMD EPYC 7543P 32-Core Processor,1,1 x NVIDIA A100-SXM4-40GB,-2.5917,51.4535,64,machine,0,0,0,0,N,1.0,0.0
2026-09-26T18:22:12,mobilenet_v3_small_batch11_node_1_exchange,982f673b-578a-4a81-acb0-39d05707022f,5b0fa12a-3dd7-45bb-9766-cc326314d9f1,3.0824741600081325,2.0164251180566786e-08,6.541579956184803e-09,22.50082944,0.0,20.0,7.032415223999024e-08,0.0,1.4546153963439996e-08,8.487030620343024e-08,0.0,United Kingdom,GBR,england,,,Linux-6.4.0-150700.53.73-default-x86_64-with-glibc2.38,3.12.12,3.3.0,8,AMD EPYC 7543P 32-Core Processor,1,1 x NVIDIA A100-SXM4-40GB,-2.5917,51.4535,64,machine,0,0,0,0,N,1.0,0.0
2026-09-26T18:22:19,mobilenet_v3_small_batch11_node_0_evaluate,02123d45-6e62-4d26-8835-a82f632e4b1b,5b0fa12a-3dd7-45bb-9766-cc326314d9f1,6.699977287091315,2.472444196435026e-05,3.690227728381445e-06,22.872333383437503,30.059270725008403,20.0,2.3461899127622292e-05,6.047060394109849e-05,2.013141388177044e-05,0.00010406391695049123,0.0,United Kingdom,GBR,england,,,Linux-6.4.0-150700.53.73-default-x86_64-with-glibc2.38,3.12.12,3.3.0,8,AMD EPYC 7543P 32-Core Processor,1,1 x NVIDIA A100-SXM4-40GB,-2.5917,51.4535,64,machine,23.8,4.666666666666667,5.0,12.481398264567057,N,1.0,0.0
2026-09-26T18:22:25,mobilenet_v3_small_batch11_node_1_evaluate,c1acd73e-061e-4850-b2d9-1866bd2ac664,5b0fa12a-3dd7-45bb-9766-cc326314d9f1,6.183838346041739,2.1181250199744792e-05,3.4252593639196378e-06,22.8137734209375,29.903683935798334,20.0,1.9950893889180195e-05,5.184754147080639e-05,1.7352367916868794e-05,8.915080327685538e-05,0.0,United Kingdom,GBR,england,,,Linux-6.4.0-150700.53.73-default-x86_64-with-glibc2.38,3.12.12,3.3.0,8,AMD EPYC 7543P 32-Core Processor,1,1 x NVIDIA A100-SXM4-40GB,-2.5917,51.4535,64,machine,0.0,3.3333333333333335,5.0,12.531285603841146,N,1.0,0.0
2026-09-26T18:22:36,efficientnet_lite0_batch11_node_0_local_train,b50295c6-df40-4f88-a233-5ea22b9d252c,5b0fa12a-3dd7-45bb-9766-cc326314d9f1,9.890205443371087,5.454831166533281e-05,5.515387114824175e-06,22.744831149642856,39.010144945698684,20.0,4.364629362917255e-05,0.0001479931739396534,3.7951597949076026e-05,0.00022959106551790197,0.0,United Kingdom,GBR,england,,,Linux-6.4.0-150700.53.73-default-x86_64-with-glibc2.38,3.12.12,3.3.0,8,AMD EPYC 7543P 32-Core Processor,1,1 x NVIDIA A100-SXM4-40GB,-2.5917,51.4535,64,machine,10.0,19.833333333333332,5.0,12.594667434692383,N,1.0,0.0
2026-09-26T18:22:43,efficientnet_lite0_batch11_node_0_evaluate,a2cf17bb-d77f-4b64-9dc1-9ea97823101e,5b0fa12a-3dd7-45bb-9766-cc326314d9f1,6.683738457038999,2.6194259872839726e-05,3.919103065029896e-06,22.736444973750004,33.44297470913603,20.0,2.2946330741552696e-05,6.719394264109724e-05,2.01100322831836e-05,0.00011025030566583354,0.0,United Kingdom,GBR,england,,,Linux-6.4.0-150700.53.73-default-x86_64-with-glibc2.38,3.12.12,3.3.0,8,AMD EPYC 7543P 32-Core Processor,1,1 x NVIDIA A100-SXM4-40GB,-2.5917,51.4535,64,machine,0.0,11.333333333333334,5.0,12.574701944986979,N,1.0,0.0
2026-09-26T18:22:48,efficientnet_lite0_batch11_node_1_local_train,a444a0f0-a23c-42dc-bdda-7484d0f17c12,5b0fa12a-3dd7-45bb-9766-cc326314d9f1,4.9238597229123116,1.446091028312246e-05,2.9369054150408e-06,22.545474665625,391.06881217801566,20.0,1.1776256113247676e-05,3.872669763893555e-05,1.0362281099272272e-05,6.08652348514555e-05,0.0,United Kingdom,GBR,england,,,Linux-6.4.0-150700.53.73-default-x86_64-with-glibc2.38,3.12.12,3.3.0,8,AMD EPYC 7543P 32-Core Processor,1,1 x NVIDIA A100-SXM4-40GB,-2.5917,51.4535,64,machine,0.0,18.0,5.0,12.654315948486328,N,1.0,0.0
2026-09-26T18:22:55,efficientnet_lite0_batch11_node_1_evaluate,56dae73d-9a2d-477f-b3b5-b7a820bfbd5c,5b0fa12a-3dd7-45bb-9766-cc326314d9f1,6.370884409174323,2.391136825572906e-05,3.7532258819977575e-06,22.536720514687502,33.43260018806044,20.0,2.082686395528221e-05,6.142310468248979e-05,1.839176248500331e-05,0.0001006417311227753,0.0,United Kingdom,GBR,england,,,Linux-6.4.0-150700.53.73-default-x86_64-with-glibc2.38,3.12.12,3.3.0,8,AMD EPYC 7543P 32-Core Processor,1,1 x NVIDIA A100-SXM4-40GB,-2.5917,51.4535,64,machine,0.0,9.0,5.0,12.622207641601562,N,1.0,0.0
2026-09-26T18:22:58,efficientnet_lite0_batch11_node_0_upload,a65d7b00-a209-457c-930b-176c4a640718,5b0fa12a-3dd7-45bb-9766-cc326314d9f1,3.0751058007590473,1.9743264955461064e-08,6.420353065766945e-09,22.5556115625,0.0,20.0,6.876153153897139e-08,0.0,1.4336865084866682e-08,8.309839662383807e-08,0.0,United Kingdom,GBR,england,,,Linux-6.4.0-150700.53.73-default-x86_64-with-glibc2.38,3.12.12,3.3.0,8,AMD EPYC 7543P 32-Core Processor,1,1 x NVIDIA A100-SXM4-40GB,-2.5917,51.4535,64,machine,0,0,0,0,N,1.0,0.0
2026-09-26T18:23:01,efficientnet_lite0_batch11_node_1_upload,cd67c273-648d-4418-b32c-200b7391c957,5b0fa12a-3dd7-45bb-9766-cc326314d9f1,3.0739565822295845,2.6164534197807945e-08,8.511679816515312e-09,22.71489462,0.0,20.0,8.392104195398055e-08,0.0,2.6204149859646957e-08,1.1012519181362751e-07,0.0,United Kingdom,GBR,england,,,Linux-6.4.0-150700.53.73-default-x86_64-with-glibc2.38,3.12.12,3.3.0,8,AMD EPYC 7543P 32-Core Processor,1,1 x NVIDIA A100-SXM4-40GB,-2.5917,51.4535,64,machine,0,0,0,0,N,1.0,0.0
2026-09-26T18:23:14,mobilevit_xxs_batch11_node_0_local_train,675775c7-8c12-4252-91d3-39cabcdf2f05,5b0fa12a-3dd7-45bb-9766-cc326314d9f1,12.415186549071223,7.141467832830229e-05,5.7522034039548775e-06,22.677331801500003,36.42717867712891,20.0,5.9430328674561056e-05,0.00018919181802345975,5.195859705822336e-05,0.00030058074375624415,0.0,United Kingdom,GBR,england,,,Linux-6.4.0-150700.53.73-default-x86_64-with-glibc2.38,3.12.12,3.3.0,8,AMD EPYC 7543P 32-Core Processor,1,1 x NVIDIA A100-SXM4-40GB,-2.5917,51.4535,64,machine,0.0,21.77777777777778,5.066666666666666,12.731919606526693,N,1.0,0.0
2026-09-26T18:23:21,mobilevit_xxs_batch11_node_0_evaluate,d5c6dab8-1c21-4405-9f63-e4d1fd8bd56a,5b0fa12a-3dd7-45bb-9766-cc326314d9f1,6.526222703978419,2.5067311563621334e-05,3.841013814674171e-06,22.697993337187498,33.3960902451442,20.0,2.200138717800335e-05,6.425199583759422e-05,1.9253654615022243e-05,0.00010550703763061983,0.0,United Kingdom,GBR,england,,,Linux-6.4.0-150700.53.73-default-x86_64-with-glibc2.38,3.12.12,3.3.0,8,AMD EPYC 7543P 32-Core Processor,1,1 x NVIDIA A100-SXM4-40GB,-2.5917,51.4535,64,machine,0.0,13.333333333333334,5.1,12.730612436930338,N,1.0,0.0
2026-09-26T18:23:26,mobilevit_xxs_batch11_node_1_local_train,4b666fff-5b4c-4041-a6c8-f41d4f46c4af,5b0fa12a-3dd7-45bb-9766-cc326314d9f1,5.085032446775585,1.5455889768380817e-05,3.0394869511956376e-06,22.67883018,36.6191646445267,20.0,1.2843757488232933e-05,4.0998921690516e-05,1.121037364937365e-05,6.505305282812259e-05,0.0,United Kingdom,GBR,england,,,Linux-6.4.0-150700.53.73-default-x86_64-with-glibc2.38,3.12.12,3.3.0,8,AMD EPYC 7543P 32-Core Processor,1,1 x NVIDIA A100-SXM4-40GB,-2.5917,51.4535,64,machine,0.0,25.0,5.1,12.777788162231445,N,1.0,0.0
2026-09-26T18:23:32,mobilevit_xxs_batch11_node_1_evaluate,309e1262-1156-4816-8ade-b38c6e17af22,5b0fa12a-3dd7-45bb-9766-cc326314d9f1,6.2293536039069295,2.1967454258265753e-05,3.526442012296138e-06,22.5715807125,31.79589636420854,20.0,1.978584376870668e-05,5.52608775308272e-05,1.741317481630378e-05,9.245989611583767e-05,0.0,United Kingdom,GBR,england,,,Linux-6.4.0-150700.53.73-default-x86_64-with-glibc2.38,3.12.12,3.3.0,8,AMD EPYC 7543P 32-Core Processor,1,1 x NVIDIA A100-SXM4-40GB,-2.5917,51.4535,64,machine,0.0,11.666666666666666,5.1,12.784651438395182,N,1.0,0.0
2026-09-26T18:23:35,mobilevit_xxs_batch11_node_0_upload,05c4dfb9-2f85-4ebd-af44-e4a0f797d7dd,5b0fa12a-3dd7-45bb-9766-cc326314d9f1,3.0783281619660556,2.069735225439791e-08,6.723569147085021e-09,22.55821794,0.0,20.0,7.030620217804655e-08,0.0,1.6807899292972353e-08,8.71141014710189e-08,0.0,United Kingdom,GBR,england,,,Linux-6.4.0-150700.53.73-default-x86_64-with-glibc2.38,3.12.12,3.3.0,8,AMD EPYC 7543P 32-Core Processor,1,1 x NVIDIA A100-SXM4-40GB,-2.5917,51.4535,64,machine,0,0,0,0,N,1.0,0.0
2026-09-26T18:23:39,mobilevit_xxs_batch11_node_1_upload,9e0d45e3-2611-4b07-8ab0-c0768133cf8f,5b0fa12a-3dd7-45bb-9766-cc326314d9f1,3.0676598129794,1.9517263799864018e-08,6.362264719603406e-09,22.5018753525,0.0,20.0,6.762612479870682e-08,0.0,1.4521044472025502e-08,8.214716927073232e-08,0.0,United Kingdom,GBR,england,,,Linux-6.4.0-150700.53.73-default-x86_64-with-glibc2.38,3.12.12,3.3.0,8,AMD EPYC 7543P 32-Core Processor,1,1 x NVIDIA A100-SXM4-40GB,-2.5917,51.4535,64,machine,0,0,0,0,N,1.0,0.0
2026-09-26T18:24:14,mobilenet_v3_small_batch12_node_0_local_train,ccdbb4a3-e65c-4053-863a-e77e60a187b8,5b0fa12a-3dd7-45bb-9766-cc326314d9f1,11.978921900968999,6.28917883474385e-05,5.250204389624667e-06,22.96113541875,31.970677747202156,20.0,5.797305613987357e-05,0.00015725095913410314,4.948431864484317e-05,0.0002647083339188199,0.0,United Kingdom,GBR,england,,,Linux-6.4.0-150700.53.73-default-x86_64-with-glibc2.38,3.12.12,3.3.0,8,AMD EPYC 7543P 32-Core Processor,1,1 x NVIDIA A100-SXM4-40GB,-2.5917,51.4535,64,machine,9.375,8.125,5.074999999999999,12.71843957901001,N,1.0,0.0
2026-09-26T18:24:21,mobilenet_v3_small_batch12_node_0_evaluate,0df003e2-7d44-441b-87b0-84f10b595d30,5b0fa12a-3dd7-45bb-9766-cc326314d9f1,7.5713770762085915,3.057730527821481e-05,4.038539485016187e-06,22.728536802,29.897253962493423,20.0,2.8754623579553702e-05,7.487867101474421e-05,2.5065025943331418e-05,0.00012869832053762932,0.0,United Kingdom,GBR,england,,,Linux-6.4.0-150700.53.73-default-x86_64-with-glibc2.38,3.12.12,3.3.0,8,AMD EPYC 7543P 32-Core Processor,1,1 x NVIDIA A100-SXM4-40GB,-2.5917,51.4535,64,machine,0.0,2.5,5.074999999999999,12.70360279083252,N,1.0,0.0
2026-09-26T18:24:26,mobilenet_v3_small_batch12_node_1_local_train,fc30e191-df70-423b-aa32-5fc62b659006,5b0fa12a-3dd7-45bb-9766-cc326314d9f1,4.775999647099525,1.2458484679386547e-05,2.6085606365052e-06,22.59021688875,307.56237285871265,20.0,1.0879815122802135e-05,3.2020025599877044e-05,9.537286751179232e-06,5.2437127473858413e-05,0.0,United Kingdom,GBR,england,,,Linux-6.4.0-150700.53.73-default-x86_64-with-glibc2.38,3.12.12,3.3.0,8,AMD EPYC 7543P 32-Core Processor,1,1 x NVIDIA A100-SXM4-40GB,-2.5917,51.4535,64,machine,0.0,11.0,5.1,12.780113220214844,N,1.0,0.0
2026-09-26T18:24:32,mobilenet_v3_small_batch12_node_1_evaluate,77c17376-d0d3-494e-b070-fe7de2af6ea0,5b0fa12a-3dd7-45bb-9766-cc326314d9f1,5.923153324984014,1.9699148462609203e-05,3.325787360512463e-06,22.6026856575,373.1090762094701,20.0,1.8119611314022414e-05,4.8879483557584535e-05,1.591361768078059e-05,8.291271255238755e-05,0.0,United Kingdom,GBR,england,,,Linux-6.4.0-150700.53.73-default-x86_64-with-glibc2.38,3.12.12,3.3.0,8,AMD EPYC 7543P 32-Core Processor,1,1 x NVIDIA A100-SXM4-40GB,-2.5917,51.4535,64,machine,0.0,5.5,5.1,12.734058380126953,N,1.0,0.0
2026-09-26T18:24:35,mobilenet_v3_small_batch12_node_0_upload,6e67c500-b3d5-4982-b3a8-01259ce41ef8,5b0fa12a-3dd7-45bb-9766-cc326314d9f1,3.087328039109707,2.009465316828887e-08,6.508752200522096e-09,22.56367248,0.0,20.0,7.013864322308749e-08,0.0,1.443872849146525e-08,8.457737171455275e-08,0.0,United Kingdom,GBR,england,,,Linux-6.4.0-150700.53.73-default-x86_64-with-glibc2.38,3.12.12,3.3.0,8,AMD EPYC 7543P 32-Core Processor,1,1 x NVIDIA A100-SXM4-40GB,-2.5917,51.4535,64,machine,0,0,0,0,N,1.0,0.0
2026-09-26T18:24:38,mobilenet_v3_small_batch12_node_1_upload,141d73c9-d072-4df5-ad25-63e950b0e906,5b0fa12a-3dd7-45bb-9766-cc326314d9f1,3.0636319229379296,1.953854747234109e-08,6.377576668415251e-09,22.5000002025,0.0,20.0,6.759024460629584e-08,0.0,1.4646506557861966e-08,8.223675116415781e-08,0.0,United Kingdom,GBR,england,,,Linux-6.4.0-150700.53.73-default-x86_64-with-glibc2.38,3.12.12,3.3.0,8,AMD EPYC 7543P 32-Core Processor,1,1 x NVIDIA A100-SXM4-40GB,-2.5917,51.4535,64,machine,0,0,0,0,N,1.0,0.0
2026-09-26T18:24:42,mobilenet_v3_small_batch12_node_0_exchange,a7fdb12a-e6c9-483a-98b4-8dfb3829019d,5b0fa12a-3dd7-45bb-9766-cc326314d9f1,3.074033532757312,1.9907600937477064e-08,6.47605197709752e-09,22.500001620000003,0.0,20.0,6.941686069273972e-08,0.0,1.4373217709362507e-08,8.379007840210223e-08,0.0,United Kingdom,GBR,england,,,Linux-6.4.0-150700.53.73-default-x86_64-with-glibc2.38,3.12.12,3.3.0,8,AMD EPYC 7543P 32-Core Processor,1,1 x NVIDIA A100-SXM4-40GB,-2.5917,51.4535,64,machine,0,0,0,0,N,1.0,0.0
2026-09-26T18:24:45,mobilenet_v3_small_batch12_node_1_exchange,23febc82-13ae-4b4a-83a8-8bb25e39fd92,5b0fa12a-3dd7-45bb-9766-cc326314d9f1,3.076935545075685,1.9837848389966987e-08,6.447274601418089e-09,22.500001620000003,0.0,20.0,6.899927017213085e-08,0.0,1.4497223310172559e-08,8.349649348230342e-08,0.0,United Kingdom,GBR,england,,,Linux-6.4.0-150700.53.73-default-x86_64-with-glibc2.38,3.12.12,3.3.0,8,AMD EPYC 7543P 32-Core Processor,1,1 x NVIDIA A100-SXM4-40GB,-2.5917,51.4535,64,machine,0,0,0,0,N,1.0,0.0
2026-09-26T18:24:51,mobilenet_v3_small_batch12_node_0_evaluate,dc50510f-5ae9-44b1-bc4e-3aeceb6e6010,5b0fa12a-3dd7-45bb-9766-cc326314d9f1,6.222116724122316,2.1696741753435655e-05,3.4870354760977537e-06,22.5808289128125,390.20453370099415,20.0,1.9990668300079044e-05,5.3746709653523794e-05,1.7583103017467594e-05,9.132048097107044e-05,0.0,United Kingdom,GBR,england,,,Linux-6.4.0-150700.53.73-default-x86_64-with-glibc2.38,3.12.12,3.3.0,8,AMD EPYC 7543P 32-Core Processor,1,1 x NVIDIA A100-SXM4-40GB,-2.5917,51.4535,64,machine,8.333333333333334,4.0,5.1,12.73938242594401,N,1.0,0.0
2026-09-26T18:24:57,mobilenet_v3_small_batch12_node_1_evaluate,714e4757-60ee-42e9-ac98-a4ef4c037143,5b0fa12a-3dd7-45bb-9766-cc326314d9f1,5.846710083074868,1.903980530965565e-05,3.2564989608040127e-06,22.61318437125,30.469173132015364,20.0,1.757525622540116e-05,4.7092259904957245e-05,1.5470054673237935e-05,8.013757080359633e-05,0.0,United Kingdom,GBR,england,,,Linux-6.4.0-150700.53.73-default-x86_64-with-glibc2.38,3.12.12,3.3.0,8,AMD EPYC 7543P 32-Core Processor,1,1 x NVIDIA A100-SXM4-40GB,-2.5917,51.4535,64,machine,0.0,2.5,5.05,12.716951370239258,N,1.0,0.0
2026-09-26T18:25:07,efficientnet_lite0_batch12_node_0_local_train,ba2753ca-ea52-4ef0-9b08-d9bff7c42c59,5b0fa12a-3dd7-45bb-9766-cc326314d9f1,8.869133800733835,4.7633128844178256e-05,5.370663011109053e-06,22.62292394625,375.1441234273529,20.0,3.6602274183652216e-05,0.00013162677197442463,3.225636707308392e-05,0.00020048541323116077,0.0,United Kingdom,GBR,england,,,Linux-6.4.0-150700.53.73-default-x86_64-with-glibc2.38,3.12.12,3.3.0,8,AMD EPYC 7543P 32-Core Processor,1,1 x NVIDIA A100-SXM4-40GB,-2.5917,51.4535,64,machine,0.0,32.8,4.9399999999999995,12.382935333251954,N,1.0,0.0
2026-09-26T18:25:13,efficientnet_lite0_batch12_node_0_evaluate,a75f8454-aaa0-4267-a226-c46c0c7d4b3b,5b0fa12a-3dd7-45bb-9766-cc326314d9f1,6.406911521684378,2.4378312007668748e-05,3.8050021332680563e-06,22.6418892440625,33.7352615631901,20.0,2.12727868660638e-05,6.272449462585428e-05,1.860979210016214e-05,0.00010260707359208023,0.0,United Kingdom,GBR,england,,,Linux-6.4.0-150700.53.73-default-x86_64-with-glibc2.38,3.12.12,3.3.0,8,AMD EPYC 7543P 32-Core Processor,1,1 x NVIDIA A100-SXM4-40GB,-2.5917,51.4535,64,machine,0.0,10.333333333333334,4.866666666666666,12.308802286783854,N,1.0,0.0
2026-09-26T18:25:18,efficientnet_lite0_batch12_node_1_local_train,3e2fcb1c-5a79-4b0d-9d65-0c7d066b7e33,5b0fa12a-3dd7-45bb-9766-cc326314d9f1,4.845220248680562,1.3943202895977788e-05,2.8777232365803734e-06,22.841274110625,37.6008786426726,20.0,1.1516997854803451e-05,3.724364088952825e-05,9.925592082759573e-06,5.8686230827091274e-05,0.0,United Kingdom,GBR,england,,,Linux-6.4.0-150700.53.73-default-x86_64-with-glibc2.38,3.12.12,3.3.0,8,AMD EPYC 7543P 32-Core Processor,1,1 x NVIDIA A100-SXM4-40GB,-2.5917,51.4535,64,machine,0.0,18.0,5.0,12.655742645263672,N,1.0,0.0
2026-09-26T18:25:25,efficientnet_lite0_batch12_node_1_evaluate,cd712baa-2512-4c4f-be96-61840c165359,5b0fa12a-3dd7-45bb-9766-cc326314d9f1,6.804077378008515,2.684700265434107e-05,3.945722713429652e-06,23.132590661250003,32.73611357353466,20.0,2.4505198710848103e-05,6.777477645414365e-05,2.0717691622364023e-05,0.00011299766678735577,0.0,United Kingdom,GBR,england,,,Linux-6.4.0-150700.53.73-default-x86_64-with-glibc2.38,3.12.12,3.3.0,8,AMD EPYC 7543P 32-Core Processor,1,1 x NVIDIA A100-SXM4-40GB,-2.5917,51.4535,64,machine,0.0,7.0,5.0,12.61124038696289,N,1.0,0.0
2026-09-26T18:25:38,mobilevit_xxs_batch12_node_0_local_train,77e3d75e-7363-4c61-806d-08557cee765c,5b0fa12a-3dd7-45bb-9766-cc326314d9f1,12.39840205712244,7.159308953729768e-05,5.774380376394554e-06,22.8033816525,36.64731737678056,20.0,5.986099813871179e-05,0.0001896943184220845,5.177635088718185e-05,0.00030133166744797813,0.0,United Kingdom,GBR,england,,,Linux-6.4.0-150700.53.73-default-x86_64-with-glibc2.38,3.12.12,3.3.0,8,AMD EPYC 7543P 32-Core Processor,1,1 x NVIDIA A100-SXM4-40GB,-2.5917,51.4535,64,machine,10.366666666666667,20.444444444444443,5.0,12.664508819580078,N,1.0,0.0
2026-09-26T18:25:45,mobilevit_xxs_batch12_node_0_evaluate,8a4b0bae-346b-4012-ace2-eb182d6ac499,5b0fa12a-3dd7-45bb-9766-cc326314d9f1,6.391615186817944,2.3555790596234835e-05,3.685420649981597e-06,22.646202772500004,32.29874984267986,20.0,2.110182671446039e-05,5.958199211875126e-05,1.8461304031208986e-05,9.914512286442064e-05,0.0,United Kingdom,GBR,england,,,Linux-6.4.0-150700.53.73-default-x86_64-with-glibc2.38,3.12.12,3.3.0,8,AMD EPYC 7543P 32-Core Processor,1,1 x NVIDIA A100-SXM4-40GB,-2.5917,51.4535,64,machine,0.0,10.0,5.0,12.64919916788737,N,1.0,0.0
2026-09-26T18:25:50,mobilevit_xxs_batch12_node_1_local_train,955cbaf5-93ff-46c6-bb57-27490e2ff9d4,5b0fa12a-3dd7-45bb-9766-cc326314d9f1,5.201289035845548,1.6145961942982408e-05,3.1042231707774414e-06,22.760798602500003,35.72456271736724,20.0,1.3648342121005793e-05,4.242058949444072e-05,1.1888599848478205e-05,6.795753146392471e-05,0.0,United Kingdom,GBR,england,,,Linux-6.4.0-150700.53.73-default-x86_64-with-glibc2.38,3.12.12,3.3.0,8,AMD EPYC 7543P 32-Core Processor,1,1 x NVIDIA A100-SXM4-40GB,-2.5917,51.4535,64,machine,0.0,19.5,5.0,12.638071060180664,N,1.0,0.0
2026-09-26T18:25:56,mobilevit_xxs_batch12_node_1_evaluate,c433bd1e-f857-4a7f-982f-d064cfdbd5e1,5b0fa12a-3dd7-45bb-9766-cc326314d9f1,5.9487267173826694,2.077334711711661e-05,3.4920661351638798e-06,22.91945256,32.84046269992174,20.0,1.8782977792094404e-05,5.261531987343915e-05,1.6035662312060594e-05,8.743395997759414e-05,0.0,United Kingdom,GBR,england,,,Linux-6.4.0-150700.53.73-default-x86_64-with-glibc2.38,3.12.12,3.3.0,8,AMD EPYC 7543P 32-Core Processor,1,1 x NVIDIA A100-SXM4-40GB,-2.5917,51.4535,64,machine,0.0,10.0,5.0,12.60443115234375,N,1.0,0.0
2026-09-26T18:25:59,mobilevit_xxs_batch12_node_0_upload,f07ce9d2-6c06-466f-a92f-4c3fb4d1880d,5b0fa12a-3dd7-45bb-9766-cc326314d9f1,3.0663784029893577,2.0775319398137545e-08,6.7751975352696375e-09,22.63799808,0.0,20.0,7.299590363240241e-08,0.0,1.4446357575555642e-08,8.744226120795805e-08,0.0,United Kingdom,GBR,england,,,Linux-6.4.0-150700.53.73-default-x86_64-with-glibc2.38,3.12.12,3.3.0,8,AMD EPYC 7543P 32-Core Processor,1,1 x NVIDIA A100-SXM4-40GB,-2.5917,51.4535,64,machine,0,0,0,0,N,1.0,0.0
2026-09-26T18:26:41,mobilenet_v3_small_batch13_node_0_local_train,e1a9a246-dccf-4141-abde-6bfaa3fb9341,5b0fa12a-3dd7-45bb-9766-cc326314d9f1,13.242900027893484,7.086774556315852e-05,5.351376617953015e-06,23.363194540909095,31.43709834366961,20.0,6.504960489408304e-05,0.0001767187524990277,5.65103742112923e-05,0.00029827873160440306,0.0,United Kingdom,GBR,england,,,Linux-6.4.0-150700.53.73-default-x86_64-with-glibc2.38,3.12.12,3.3.0,8,AMD EPYC 7543P 32-Core Processor,1,1 x NVIDIA A100-SXM4-40GB,-2.5917,51.4535,64,machine,0.0,7.1,4.970000000000001,12.455786895751952,N,1.0,0.0
2026-09-26T18:26:49,mobilenet_v3_small_batch13_node_0_evaluate,c9d89a0a-0b30-42ad-811c-1b8c31fd812d,5b0fa12a-3dd7-45bb-9766-cc326314d9f1,7.549302835017443,3.062670032569972e-05,4.056891211680868e-06,22.8087838665,30.15181318111145,20.0,2.8869417239913105e-05,7.510422675238715e-05,2.493257778438015e-05,0.0001289062217766804,0.0,United Kingdom,GBR,england,,,Linux-6.4.0-150700.53.73-default-x86_64-with-glibc2.38,3.12.12,3.3.0,8,AMD EPYC 7543P 32-Core Processor,1,1 x NVIDIA A100-SXM4-40GB,-2.5917,51.4535,64,machine,0.0,3.0,5.0,12.590301513671875,N,1.0,0.0
2026-09-26T18:26:54,mobilenet_v3_small_batch13_node_1_local_train,7d5435a1-2e49-40b5-aae9-2abe78ea82e1,5b0fa12a-3dd7-45bb-9766-cc326314d9f1,5.254922532942146,1.535164924619861e-05,2.9213845018574367e-06,22.69052766,31.81041466482682,20.0,1.384819487122476e-05,3.8613086431382726e-05,1.2153028476879829e-05,6.461430977948731e-05,0.0,United Kingdom,GBR,england,,,Linux-6.4.0-150700.53.73-default-x86_64-with-glibc2.38,3.12.12,3.3.0,8,AMD EPYC 7543P 32-Core Processor,1,1 x NVIDIA A100-SXM4-40GB,-2.5917,51.4535,64,machine,0.0,9.0,5.0,12.640680313110352,N,1.0,0.0
2026-09-26T18:27:00,mobilenet_v3_small_batch13_node_1_evaluate,5f871b55-9651-42e5-ab3c-21580692d8c1,5b0fa12a-3dd7-45bb-9766-cc326314d9f1,5.977835011202842,1.9793508274110217e-05,3.311149979384832e-06,22.577941709999997,30.041481374010807,20.0,1.8426048711287905e-05,4.866892783184085e-05,1.621489164988614e-05,8.33098681930149e-05,0.0,United Kingdom,GBR,england,,,Linux-6.4.0-150700.53.73-default-x86_64-with-glibc2.38,3.12.12,3.3.0,8,AMD EPYC 7543P 32-Core Processor,1,1 x NVIDIA A100-SXM4-40GB,-2.5917,51.4535,64,machine,0.0,4.5,5.0,12.603662490844727,N,1.0,0.0
2026-09-26T18:27:03,mobilenet_v3_small_batch13_node_0_upload,2f387281-30bb-4fa6-bd06-41ca519ddd4e,5b0fa12a-3dd7-45bb-9766-cc326314d9f1,3.0729694948531687,1.989115689658235e-08,6.472943167804788e-09,22.6076168025,0.0,20.0,6.917142680898968e-08,0.0,1.4549439462522666e-08,8.372086627151235e-08,0.0,United Kingdom,GBR,england,,,Linux-6.4.0-150700.53.73-default-x86_64-with-glibc2.38,3.12.12,3.3.0,8,AMD EPYC 7543P 32-Core Processor,1,1 x NVIDIA A100-SXM4-40GB,-2.5917,51.4535,64,machine,0,0,0,0,N,1.0,0.0
2026-09-26T18:27:06,mobilenet_v3_small_batch13_node_1_upload,b5032113-1d82-47e7-b9a8-1644ac7d7450,5b0fa12a-3dd7-45bb-9766-cc326314d9f1,3.0688534090295434,2.2077328054762885e-08,7.193998901936586e-09,22.500012960000003,0.0,20.0,7.46875500235498e-08,0.0,1.8234799305597943e-08,9.292234932914775e-08,0.0,United Kingdom,GBR,england,,,Linux-6.4.0-150700.53.73-default-x86_64-with-glibc2.38,3.12.12,3.3.0,8,AMD EPYC 7543P 32-Core Processor,1,1 x NVIDIA A100-SXM4-40GB,-2.5917,51.4535,64,machine,0,0,0,0,N,1.0,0.0
2026-09-26T18:27:09,mobilenet_v3_small_batch13_node_0_exchange,8df83cc5-e90a-4a05-88e7-79081da73d53,5b0fa12a-3dd7-45bb-9766-cc326314d9f1,3.0746567007154226,1.9829543930280966e-08,6.449352191308693e-09,22.500001620000003,0.0,20.0,6.907948033464474e-08,0.0,1.438206009980705e-08,8.34615404344518e-08,0.0,United Kingdom,GBR,england,,,Linux-6.4.0-150700.53.73-default-x86_64-with-glibc2.38,3.12.12,3.3.0,8,AMD EPYC 7543P 32-Core Processor,1,1 x NVIDIA A100-SXM4-40GB,-2.5917,51.4535,64,machine,0,0,0,0,N,1.0,0.0
2026-09-26T18:27:13,mobilenet_v3_small_batch13_node_1_exchange,11010b85-7140-4c0e-a7a8-d5384b611511,5b0fa12a-3dd7-45bb-9766-cc326314d9f1,3.0861067082732916,1.9499962644938152e-08,6.318628773484175e-09,22.500001620000003,0.0,20.0,6.772863176750045e-08,0.0,1.4345717823339833e-08,8.207434959084028e-08,0.0,United Kingdom,GBR,england,,,Linux-6.4.0-150700.53.73-default-x86_64-with-glibc2.38,3.12.12,3.3.0,8,AMD EPYC 7543P 32-Core Processor,1,1 x NVIDIA A100-SXM4-40GB,-2.5917,51.4535,64,machine,0,0,0,0,N,1.0,0.0
2026-09-26T18:27:19,mobilenet_v3_small_batch13_node_0_evaluate,7dfb875a-d321-4173-a980-0e3bd6321e1b,5b0fa12a-3dd7-45bb-9766-cc326314d9f1,6.280316156335175,2.1758717223796478e-05,3.4645894700456597e-06,22.536573550312504,30.06854432812135,20.0,2.0190651160807408e-05,5.356282062507489e-05,1.7827860783371662e-05,9.158133256925396e-05,0.0,United Kingdom,GBR,england,,,Linux-6.4.0-150700.53.73-default-x86_64-with-glibc2.38,3.12.12,3.3.0,8,AMD EPYC 7543P 32-Core Processor,1,1 x NVIDIA A100-SXM4-40GB,-2.5917,51.4535,64,machine,0.0,4.333333333333333,5.0,12.615802764892578,N,1.0,0.0
2026-09-26T18:27:25,mobilenet_v3_small_batch13_node_1_evaluate,d899d416-1e40-4acf-b4bf-1a6c1f3a92a9,5b0fa12a-3dd7-45bb-9766-cc326314d9f1,6.095467646140605,2.0892383721037556e-05,3.4275276211605745e-06,22.641791082187503,31.068446523766422,20.0,1.908386445082044e-05,5.207115277983121e-05,1.677996175001479e-05,8.793497898066643e-05,0.0,United Kingdom,GBR,england,,,Linux-6.4.0-150700.53.73-default-x86_64-with-glibc2.38,3.12.12,3.3.0,8,AMD EPYC 7543P 32-Core Processor,1,1 x NVIDIA A100-SXM4-40GB,-2.5917,51.4535,64,machine,0.0,4.0,5.0,12.63309097290039,N,1.0,0.0
2026-09-26T18:27:35,efficientnet_lite0_batch13_node_0_local_train,22db9938-7219-4371-9104-1a1813ee266b,5b0fa12a-3dd7-45bb-9766-cc326314d9f1,8.869924881029874,4.7171034930289245e-05,5.318087307726137e-06,22.65060816,40.16373984313211,20.0,3.6713166597470756e-05,0.00012955593696517553,3.227137992055052e-05,0.00019854048348319682,0.0,United Kingdom,GBR,england,,,Linux-6.4.0-150700.53.73-default-x86_64-with-glibc2.38,3.12.12,3.3.0,8,AMD EPYC 7543P 32-Core Processor,1,1 x NVIDIA A100-SXM4-40GB,-2.5917,51.4535,64,machine,11.66,22.8,5.08,12.727930450439453,N,1.0,0.0
2026-09-26T18:27:41,efficientnet_lite0_batch13_node_0_evaluate,195f55e7-de37-41dc-bc23-a568dcf4af79,5b0fa12a-3dd7-45bb-9766-cc326314d9f1,6.527444928418845,2.538748024950907e-05,3.88934422701575e-06,22.923356954062502,33.83021361532463,20.0,2.2438420473044608e-05,6.514532988433075e-05,1.9270860965156722e-05,0.00010685461132253207,0.0,United Kingdom,GBR,england,,,Linux-6.4.0-150700.53.73-default-x86_64-with-glibc2.38,3.12.12,3.3.0,8,AMD EPYC 7543P 32-Core Processor,1,1 x NVIDIA A100-SXM4-40GB,-2.5917,51.4535,64,machine,0.0,8.666666666666666,5.1,12.739522298177084,N,1.0,0.0
2026-09-26T18:27:46,efficientnet_lite0_batch13_node_1_local_train,e183d2c0-19ba-4e27-ac51-1d4c5b1ae516,5b0fa12a-3dd7-45bb-9766-cc326314d9f1,4.655926208011806,1.2682512842242289e-05,2.7239505687221857e-06,22.648853295000002,39.20313811472493,20.0,1.0121853818720712e-05,3.445502755994312e-05,8.803169222341645e-06,5.338005060100547e-05,0.0,United Kingdom,GBR,england,,,Linux-6.4.0-150700.53.73-default-x86_64-with-glibc2.38,3.12.12,3.3.0,8,AMD EPYC 7543P 32-Core Processor,1,1 x NVIDIA A100-SXM4-40GB,-2.5917,51.4535,64,machine,0.0,28.0,5.1,12.759590148925781,N,1.0,0.0
2026-09-26T18:27:52,efficientnet_lite0_batch13_node_1_evaluate,fc3a961f-140f-4c48-befd-74a62d1dd395,5b0fa12a-3dd7-45bb-9766-cc326314d9f1,5.959975550882518,2.0701207463450984e-05,3.4733712054214164e-06,22.742618253750003,32.63501210130239,20.0,1.8497085375620313e-05,5.25186531348254e-05,1.6114589339122176e-05,8.713032784956789e-05,0.0,United Kingdom,GBR,england,,,Linux-6.4.0-150700.53.73-default-x86_64-with-glibc2.38,3.12.12,3.3.0,8,AMD EPYC 7543P 32-Core Processor,1,1 x NVIDIA A100-SXM4-40GB,-2.5917,51.4535,64,machine,0.0,6.5,5.1,12.764938354492188,N,1.0,0.0
2026-09-26T18:27:55,efficientnet_lite0_batch13_node_1_upload,dfcc4ad0-0f85-4240-9fb2-62df21872027,5b0fa12a-3dd7-45bb-9766-cc326314d9f1,3.07358809793368,1.9872670862716844e-08,6.465625916523069e-09,22.517249760000002,0.0,20.0,6.920706547160634e-08,0.0,1.4435994024905895e-08,8.364305949651223e-08,0.0,United Kingdom,GBR,england,,,Linux-6.4.0-150700.53.73-default-x86_64-with-glibc2.38,3.12.12,3.3.0,8,AMD EPYC 7543P 32-Core Processor,1,1 x NVIDIA A100-SXM4-40GB,-2.5917,51.4535,64,machine,0,0,0,0,N,1.0,0.0
2026-09-26T18:28:08,mobilevit_xxs_batch13_node_0_local_train,e9d696b0-e8a6-4018-b7c9-e9b9d631f095,5b0fa12a-3dd7-45bb-9766-cc326314d9f1,11.795359675306827,6.733236778978014e-05,5.708377670817288e-06,22.6027017,37.05210844218592,20.0,5.515103556666108e-05,0.00017972681045819172,4.852066059700317e-05,0.000283398506621856,0.0,United Kingdom,GBR,england,,,Linux-6.4.0-150700.53.73-default-x86_64-with-glibc2.38,3.12.12,3.3.0,8,AMD EPYC 7543P 32-Core Processor,1,1 x NVIDIA A100-SXM4-40GB,-2.5917,51.4535,64,machine,0.0,27.5,5.1,12.821788311004639,N,1.0,0.0
2026-09-26T18:28:15,mobilevit_xxs_batch13_node_0_evaluate,a13bd682-f682-433d-832a-69f890a31dcc,5b0fa12a-3dd7-45bb-9766-cc326314d9f1,6.343653277028352,2.3089236897344425e-05,3.6397381586025845e-06,22.54672373625,32.167075561860074,20.0,2.059921498088236e-05,5.840976895399308e-05,1.817243817365832e-05,9.718142210853376e-05,0.0,United Kingdom,GBR,england,,,Linux-6.4.0-150700.53.73-default-x86_64-with-glibc2.38,3.12.12,3.3.0,8,AMD EPYC 7543P 32-Core Processor,1,1 x NVIDIA A100-SXM4-40GB,-2.5917,51.4535,64,machine,0.0,11.666666666666666,5.1,12.813228607177734,N,1.0,0.0
2026-09-26T18:28:20,mobilevit_xxs_batch13_node_1_local_train,7c13371a-e8e5-4b31-9bfd-8c0b54da511e,5b0fa12a-3dd7-45bb-9766-cc326314d9f1,5.522954660002142,1.859612020059213e-05,3.3670600874686376e-06,22.633480642500004,35.919154585613214,20.0,1.561900826814904e-05,4.8996150312063946e-05,1.3654964197323556e-05,7.827012277753654e-05,0.0,United Kingdom,GBR,england,,,Linux-6.4.0-150700.53.73-default-x86_64-with-glibc2.38,3.12.12,3.3.0,8,AMD EPYC 7543P 32-Core Processor,1,1 x NVIDIA A100-SXM4-40GB,-2.5917,51.4535,64,machine,0.0,27.5,5.1,12.808332443237305,N,1.0,0.0
2026-09-26T18:28:26,mobilevit_xxs_batch13_node_1_evaluate,60074f19-432f-46c5-8cb1-5e3a4a1e88e8,5b0fa12a-3dd7-45bb-9766-cc326314d9f1,6.184771942906082,2.2306355590849415e-05,3.606657738841082e-06,22.7001454059375,33.112013765083255,20.0,1.9766058929535873e-05,5.69167121824421e-05,1.7203543451614677e-05,9.388631456359265e-05,0.0,United Kingdom,GBR,england,,,Linux-6.4.0-150700.53.73-default-x86_64-with-glibc2.38,3.12.12,3.3.0,8,AMD EPYC 7543P 32-Core Processor,1,1 x NVIDIA A100-SXM4-40GB,-2.5917,51.4535,64,machine,0.0,10.666666666666666,5.1,12.821072896321615,N,1.0,0.0
2026-09-26T18:28:46,mobilenet_v3_small_batch14_node_0_local_train,09a710cd-1431-455b-b2b7-37a6e45e05c7,5b0fa12a-3dd7-45bb-9766-cc326314d9f1,11.101006962824613,5.6601803700774344e-05,5.0987990450167425e-06,23.275692905625,87.37818894717131,20.0,5.164890015610862e-05,0.00014219428042849813,4.43909283210006e-05,0.00023823410890560736,0.0,United Kingdom,GBR,england,,,Linux-6.4.0-150700.53.73-default-x86_64-with-glibc2.38,3.12.12,3.3.0,8,AMD EPYC 7543P 32-Core Processor,1,1 x NVIDIA A100-SXM4-40GB,-2.5917,51.4535,64,machine,0.0,10.571428571428571,4.928571428571429,12.333732604980469,N,1.0,0.0
2026-09-26T18:28:54,mobilenet_v3_small_batch14_node_0_evaluate,8517deb8-e5fa-44fe-9511-de2a6157bd12,5b0fa12a-3dd7-45bb-9766-cc326314d9f1,8.62539015430957,3.7694513476766425e-05,4.3701806877608686e-06,23.013313689375003,29.59205756197538,20.0,3.6196614164755847e-05,9.15170176654101e-05,3.094065551801274e-05,0.0001586542873481787,0.0,United Kingdom,GBR,england,,,Linux-6.4.0-150700.53.73-default-x86_64-with-glibc2.38,3.12.12,3.3.0,8,AMD EPYC 7543P 32-Core Processor,1,1 x NVIDIA A100-SXM4-40GB,-2.5917,51.4535,64,machine,0.0,2.8,4.96,12.477616882324218,N,1.0,0.0
2026-09-26T18:29:00,mobilenet_v3_small_batch14_node_1_local_train,7bb4cc2a-c14c-4ab2-b739-19a658894880,5b0fa12a-3dd7-45bb-9766-cc326314d9f1,5.276254847180098,1.5378632308360982e-05,2.9146871699307915e-06,22.653568912500006,31.200380476798482,20.0,1.4110252586370924e-05,3.832114175850165e-05,1.229648576894154e-05,6.472788011381412e-05,0.0,United Kingdom,GBR,england,,,Linux-6.4.0-150700.53.73-default-x86_64-with-glibc2.38,3.12.12,3.3.0,8,AMD EPYC 7543P 32-Core Processor,1,1 x NVIDIA A100-SXM4-40GB,-2.5917,51.4535,64,machine,0.0,7.0,5.0,12.57028579711914,N,1.0,0.0
2026-09-26T18:29:06,mobilenet_v3_small_batch14_node_1_evaluate,14acadec-70bc-4be3-ba29-db4657e45914,5b0fa12a-3dd7-45bb-9766-cc326314d9f1,6.314786966890097,2.2026365924323105e-05,3.488061598880926e-06,22.935229756875003,29.681060319721805,20.0,2.0982387802277195e-05,5.3639209582456715e-05,1.8086254933021138e-05,9.270785231775505e-05,0.0,United Kingdom,GBR,england,,,Linux-6.4.0-150700.53.73-default-x86_64-with-glibc2.38,3.12.12,3.3.0,8,AMD EPYC 7543P 32-Core Processor,1,1 x NVIDIA A100-SXM4-40GB,-2.5917,51.4535,64,machine,0.0,4.0,5.0,12.499600728352865,N,1.0,0.0
2026-09-26T18:29:09,mobilenet_v3_small_batch14_node_0_upload,5dc6e2f1-fa97-4718-b5cd-cb2eb300bfd8,5b0fa12a-3dd7-45bb-9766-cc326314d9f1,3.0770473019219935,2.1899872132450522e-08,7.1171711006104346e-09,22.5054675,0.0,20.0,7.398851189113048e-08,0.0,1.8186934499277008e-08,9.217544639040748e-08,0.0,United Kingdom,GBR,england,,,Linux-6.4.0-150700.53.73-default-x86_64-with-glibc2.38,3.12.12,3.3.0,8,AMD EPYC 7543P 32-Core Processor,1,1 x NVIDIA A100-SXM4-40GB,-2.5917,51.4535,64,machine,0,0,0,0,N,1.0,0.0
2026-09-26T18:29:12,mobilenet_v3_small_batch14_node_0_exchange,f9484731-cbad-406a-bce5-890134d5145f,5b0fa12a-3dd7-45bb-9766-cc326314d9f1,3.081359841860831,2.0045155034899324e-08,6.505295085170601e-09,22.65768432,0.0,20.0,6.972236963987408e-08,0.0,1.4646666952305372e-08,8.436903659217945e-08,0.0,United Kingdom,GBR,england,,,Linux-6.4.0-150700.53.73-default-x86_64-with-glibc2.38,3.12.12,3.3.0,8,AMD EPYC 7543P 32-Core Processor,1,1 x NVIDIA A100-SXM4-40GB,-2.5917,51.4535,64,machine,0,0,0,0,N,1.0,0.0
2026-09-26T18:29:15,mobilenet_v3_small_batch14_node_1_exchange,89d2be74-8447-4c6a-ba61-c0c0af0ef9cb,5b0fa12a-3dd7-45bb-9766-cc326314d9f1,3.0730185941793025,2.1485799764149926e-08,6.991757161784452e-09,22.5184528125,0.0,20.0,7.313209123008857e-08,0.0,1.7300545651879575e-08,9.043263688196814e-08,0.0,United Kingdom,GBR,england,,,Linux-6.4.0-150700.53.73-default-x86_64-with-glibc2.38,3.12.12,3.3.0,8,AMD EPYC 7543P 32-Core Processor,1,1 x NVIDIA A100-SXM4-40GB,-2.5917,51.4535,64,machine,0,0,0,0,N,1.0,0.0
2026-09-26T18:29:22,mobilenet_v3_small_batch14_node_0_evaluate,6c464556-d73a-474e-8fd0-09db841eecee,5b0fa12a-3dd7-45bb-9766-cc326314d9f1,6.5248924642801285,2.3414079367591942e-05,3.5884237933069364e-06,22.906641920625,29.642637821611142,20.0,2.2417310835107063e-05,5.691532329876736e-05,1.9216033386894398e-05,9.854866752076882e-05,0.0,United Kingdom,GBR,england,,,Linux-6.4.0-150700.53.73-default-x86_64-with-glibc2.38,3.12.12,3.3.0,8,AMD EPYC 7543P 32-Core Processor,1,1 x NVIDIA A100-SXM4-40GB,-2.5917,51.4535,64,machine,0.0,3.6666666666666665,4.966666666666667,12.461603800455729,N,1.0,0.0
2026-09-26T18:29:28,mobilenet_v3_small_batch14_node_1_evaluate,c94844ad-f890-4bb1-ba47-b794234aee4a,5b0fa12a-3dd7-45bb-9766-cc326314d9f1,6.162772536743432,2.110390847071477e-05,3.424417880895312e-06,22.6341823471875,30.317835810374575,20.0,1.955517953507539e-05,5.207837499199286e-05,1.719172135150681e-05,8.882527587857506e-05,0.0,United Kingdom,GBR,england,,,Linux-6.4.0-150700.53.73-default-x86_64-with-glibc2.38,3.12.12,3.3.0,8,AMD EPYC 7543P 32-Core Processor,1,1 x NVIDIA A100-SXM4-40GB,-2.5917,51.4535,64,machine,0.0,4.0,4.966666666666667,12.460678100585938,N,1.0,0.0
2026-09-26T18:29:38,efficientnet_lite0_batch14_node_0_local_train,24d834bf-02c4-4dc9-8707-0b77a48e734c,5b0fa12a-3dd7-45bb-9766-cc326314d9f1,8.709497448988259,4.641474558605539e-05,5.32921053802561e-06,22.547199138750003,41.02411356749623,20.0,3.548232507673927e-05,0.000128530102813329,3.1344872262949746e-05,0.000195357300153018,0.0,United Kingdom,GBR,england,,,Linux-6.4.0-150700.53.73-default-x86_64-with-glibc2.38,3.12.12,3.3.0,8,AMD EPYC 7543P 32-Core Processor,1,1 x NVIDIA A100-SXM4-40GB,-2.5917,51.4535,64,machine,0.0,22.8,5.0,12.552130126953125,N,1.0,0.0
2026-09-26T18:29:44,efficientnet_lite0_batch14_node_0_evaluate,f5dc184f-398f-4956-a7bd-9f28c34544a9,5b0fa12a-3dd7-45bb-9766-cc326314d9f1,6.544621664099395,2.5302877228744e-05,3.866209313143837e-06,22.6745142721875,33.617846603211746,20.0,2.2149959473462155e-05,6.49994964447842e-05,1.9349065598928268e-05,0.00010649852151717462,0.0,United Kingdom,GBR,england,,,Linux-6.4.0-150700.53.73-default-x86_64-with-glibc2.38,3.12.12,3.3.0,8,AMD EPYC 7543P 32-Core Processor,1,1 x NVIDIA A100-SXM4-40GB,-2.5917,51.4535,64,machine,0.0,8.666666666666666,5.0,12.513792673746744,N,1.0,0.0
2026-09-26T18:29:49,efficientnet_lite0_batch14_node_1_local_train,f63f7232-09c7-4edc-8c78-472f4c5dae00,5b0fa12a-3dd7-45bb-9766-cc326314d9f1,4.552793086972088,1.1923423841072928e-05,2.6189250451974317e-06,22.726641088125,39.00725572775898,20.0,9.575993940478424e-06,3.2311414756236445e-05,8.29767496066375e-06,5.018508365737862e-05,0.0,United Kingdom,GBR,england,,,Linux-6.4.0-150700.53.73-default-x86_64-with-glibc2.38,3.12.12,3.3.0,8,AMD EPYC 7543P 32-Core Processor,1,1 x NVIDIA A100-SXM4-40GB,-2.5917,51.4535,64,machine,0.0,22.0,5.0,12.57208251953125,N,1.0,0.0
2026-09-26T18:29:55,efficientnet_lite0_batch14_node_1_evaluate,de1f6ffd-0631-4807-9280-fd1633368f64,5b0fa12a-3dd7-45bb-9766-cc326314d9f1,6.252180297859013,2.3241321204507836e-05,3.7173146162254082e-06,22.714119956250002,33.59551818671085,20.0,2.043463365141985e-05,5.9624769917832054e-05,1.7762133642099798e-05,9.78215372113517e-05,0.0,United Kingdom,GBR,england,,,Linux-6.4.0-150700.53.73-default-x86_64-with-glibc2.38,3.12.12,3.3.0,8,AMD EPYC 7543P 32-Core Processor,1,1 x NVIDIA A100-SXM4-40GB,-2.5917,51.4535,64,machine,0.0,11.333333333333334,5.0,12.587740580240885,N,1.0,0.0
2026-09-26T18:29:58,efficientnet_lite0_batch14_node_0_upload,584b7680-49e1-461f-b970-3b026becb7a6,5b0fa12a-3dd7-45bb-9766-cc326314d9f1,3.0698551521636546,4.1121482256694e-07,1.3395251638407534e-07,22.673618437500004,673.1327805706129,20.0,7.080550422420676e-08,1.6455568783158014e-06,1.4419861448307834e-08,1.730782243988316e-06,0.0,United Kingdom,GBR,england,,,Linux-6.4.0-150700.53.73-default-x86_64-with-glibc2.38,3.12.12,3.3.0,8,AMD EPYC 7543P 32-Core Processor,1,1 x NVIDIA A100-SXM4-40GB,-2.5917,51.4535,64,machine,0,0,0,0,N,1.0,0.0
2026-09-26T18:30:02,efficientnet_lite0_batch14_node_1_upload,0cbdda26-82d3-44e6-bd1a-476f469d1b55,5b0fa12a-3dd7-45bb-9766-cc326314d9f1,3.070982661098242,2.3240091976206124e-08,7.567640244473092e-09,22.53951018,0.0,20.0,7.671880272841481e-08,0.0,2.1097560723622642e-08,9.781636345203745e-08,0.0,United Kingdom,GBR,england,,,Linux-6.4.0-150700.53.73-default-x86_64-with-glibc2.38,3.12.12,3.3.0,8,AMD EPYC 7543P 32-Core Processor,1,1 x NVIDIA A100-SXM4-40GB,-2.5917,51.4535,64,machine,0,0,0,0,N,1.0,0.0
2026-09-26T18:30:14,mobilevit_xxs_batch14_node_0_local_train,5444c337-eee7-4718-9df2-f283825539bf,5b0fa12a-3dd7-45bb-9766-cc326314d9f1,11.695622934028506,6.673956976539797e-05,5.706371532483206e-06,22.636485022500004,37.18616465847292,20.0,5.4589171512118034e-05,0.00017834014266782106,4.797413574997337e-05,0.0002809034499299125,0.0,United Kingdom,GBR,england,,,Linux-6.4.0-150700.53.73-default-x86_64-with-glibc2.38,3.12.12,3.3.0,8,AMD EPYC 7543P 32-Core Processor,1,1 x NVIDIA A100-SXM4-40GB,-2.5917,51.4535,64,machine,3.125,25.875,5.0,12.619089603424072,N,1.0,0.0
2026-09-26T18:30:21,mobilevit_xxs_batch14_node_0_evaluate,5d6df957-ef1f-4749-901b-18adb8654282,5b0fa12a-3dd7-45bb-9766-cc326314d9f1,6.435725052841008,2.414296179260731e-05,3.7513973319835284e-06,22.646557780312502,32.84409167509057,20.0,2.1318728921522295e-05,6.154504923472359e-05,1.875271836761385e-05,0.00010161649652385973,0.0,United Kingdom,GBR,england,,,Linux-6.4.0-150700.53.73-default-x86_64-with-glibc2.38,3.12.12,3.3.0,8,AMD EPYC 7543P 32-Core Processor,1,1 x NVIDIA A100-SXM4-40GB,-2.5917,51.4535,64,machine,0.0,11.666666666666666,5.0,12.590557098388672,N,1.0,0.0
2026-09-26T18:30:26,mobilevit_xxs_batch14_node_1_local_train,a0abff0a-101e-42bc-81a0-c525bdfc5db7,5b0fa12a-3dd7-45bb-9766-cc326314d9f1,5.3212185450829566,1.6818561807109925e-05,3.160659849735175e-06,22.526292802500002,35.26095901389778,20.0,1.4184523895474096e-05,4.4086701933565564e-05,1.2517244205810129e-05,7.078847003484979e-05,0.0,United Kingdom,GBR,england,,,Linux-6.4.0-150700.53.73-default-x86_64-with-glibc2.38,3.12.12,3.3.0,8,AMD EPYC 7543P 32-Core Processor,1,1 x NVIDIA A100-SXM4-40GB,-2.5917,51.4535,64,machine,0.0,22.5,5.0,12.615030288696289,N,1.0,0.0
2026-09-26T18:30:33,mobilevit_xxs_batch14_node_1_evaluate,895f491f-4c99-43ff-9f54-4653541be296,5b0fa12a-3dd7-45bb-9766-cc326314d9f1,6.245829072315246,2.2706256907210324e-05,3.635427201787547e-06,22.5492989540625,32.71529050817701,20.0,2.0057194263398978e-05,5.782337960624773e-05,1.768890496653815e-05,9.556947883618486e-05,0.0,United Kingdom,GBR,england,,,Linux-6.4.0-150700.53.73-default-x86_64-with-glibc2.38,3.12.12,3.3.0,8,AMD EPYC 7543P 32-Core Processor,1,1 x NVIDIA A100-SXM4-40GB,-2.5917,51.4535,64,machine,0.0,11.666666666666666,5.0,12.610664367675781,N,1.0,0.0
2026-09-26T18:30:36,mobilevit_xxs_batch14_node_0_upload,d23cba0d-2405-4e8f-92c9-3a91c816c9f2,5b0fa12a-3dd7-45bb-9766-cc326314d9f1,3.0681479778140783,2.0363010549690586e-08,6.636906269494323e-09,22.59609678,0.0,20.0,7.12224514659763e-08,0.0,1.4484422798785899e-08,8.57068742647622e-08,0.0,United Kingdom,GBR,england,,,Linux-6.4.0-150700.53.73-default-x86_64-with-glibc2.38,3.12.12,3.3.0,8,AMD EPYC 7543P 32-Core Processor,1,1 x NVIDIA A100-SXM4-40GB,-2.5917,51.4535,64,machine,0,0,0,0,N,1.0,0.0
2026-09-26T18:30:39,mobilevit_xxs_batch14_node_1_upload,90c1db17-1681-4f62-990b-3c7a0d40aea4,5b0fa12a-3dd7-45bb-9766-cc326314d9f1,3.0653506759554148,1.9659235325566745e-08,6.413372368706009e-09,22.50118098,0.0,20.0,6.829363874083673e-08,0.0,1.4451081450614665e-08,8.27447201914514e-08,0.0,United Kingdom,GBR,england,,,Linux-6.4.0-150700.53.73-default-x86_64-with-glibc2.38,3.12.12,3.3.0,8,AMD EPYC 7543P 32-Core Processor,1,1 x NVIDIA A100-SXM4-40GB,-2.5917,51.4535,64,machine,0,0,0,0,N,1.0,0.0
2026-09-26T18:30:59,mobilenet_v3_small_batch15_node_0_local_train,f818b376-c2fc-4a8d-8d42-be94e893e8e2,5b0fa12a-3dd7-45bb-9766-cc326314d9f1,11.315777500160038,5.829043993478126e-05,5.1512536309552624e-06,22.93949464875,32.07200725021376,20.0,5.3524527096796065e-05,0.0001459984501366307,4.5818515574663055e-05,0.00024534149280808985,0.0,United Kingdom,GBR,england,,,Linux-6.4.0-150700.53.73-default-x86_64-with-glibc2.38,3.12.12,3.3.0,8,AMD EPYC 7543P 32-Core Processor,1,1 x NVIDIA A100-SXM4-40GB,-2.5917,51.4535,64,machine,8.3375,10.125,5.0,12.49327039718628,N,1.0,0.0
2026-09-26T18:31:07,mobilenet_v3_small_batch15_node_0_evaluate,732df022-87ce-461e-b18e-2565732f47a3,5b0fa12a-3dd7-45bb-9766-cc326314d9f1,8.24953343719244,3.521420329442005e-05,4.268629682214426e-06,22.626916115625,30.014861515744666,20.0,3.287493896000016e-05,8.650423585265798e-05,2.8835613306404815e-05,0.00014821478811906296,0.0,United Kingdom,GBR,england,,,Linux-6.4.0-150700.53.73-default-x86_64-with-glibc2.38,3.12.12,3.3.0,8,AMD EPYC 7543P 32-Core Processor,1,1 x NVIDIA A100-SXM4-40GB,-2.5917,51.4535,64,machine,0.0,2.8,5.0,12.540644073486328,N,1.0,0.0
2026-09-26T18:31:12,mobilenet_v3_small_batch15_node_1_local_train,ffb83020-f70d-4a31-b836-47e47251859f,5b0fa12a-3dd7-45bb-9766-cc326314d9f1,5.346806675195694,1.600341125349811e-05,2.9930783410852203e-06,22.557176516250003,317.1906442470417,20.0,1.4422299573462833e-05,4.022308773699024e-05,1.2712155561894178e-05,6.735754287234725e-05,0.0,United Kingdom,GBR,england,,,Linux-6.4.0-150700.53.73-default-x86_64-with-glibc2.38,3.12.12,3.3.0,8,AMD EPYC 7543P 32-Core Processor,1,1 x NVIDIA A100-SXM4-40GB,-2.5917,51.4535,64,machine,0.0,0.5,5.0,12.575708389282227,N,1.0,0.0
2026-09-26T18:31:19,mobilenet_v3_small_batch15_node_1_evaluate,8c0a2a53-2929-450b-ac2d-27a3a66156b8,5b0fa12a-3dd7-45bb-9766-cc326314d9f1,6.018349501304328,2.042937575330228e-05,3.394514683614622e-06,22.85280883125,30.777617448833194,20.0,1.906930171305405e-05,5.049170705717643e-05,1.6425193256388105e-05,8.598620202661858e-05,0.0,United Kingdom,GBR,england,,,Linux-6.4.0-150700.53.73-default-x86_64-with-glibc2.38,3.12.12,3.3.0,8,AMD EPYC 7543P 32-Core Processor,1,1 x NVIDIA A100-SXM4-40GB,-2.5917,51.4535,64,machine,0.0,5.5,5.0,12.597005844116211,N,1.0,0.0
2026-09-26T18:31:22,mobilenet_v3_small_batch15_node_1_upload,806b4022-52f3-4bf8-b95f-e4b2b273b0ab,5b0fa12a-3dd7-45bb-9766-cc326314d9f1,3.0719271772541106,4.213637565267673e-07,1.3716593272351258e-07,22.5000002025,609.1819576253338,20.0,7.752414455094212e-08,1.6713902226683786e-06,2.4584222895403705e-08,1.7734985901147245e-06,0.0,United Kingdom,GBR,england,,,Linux-6.4.0-150700.53.73-default-x86_64-with-glibc2.38,3.12.12,3.3.0,8,AMD EPYC 7543P 32-Core Processor,1,1 x NVIDIA A100-SXM4-40GB,-2.5917,51.4535,64,machine,0,0,0,0,N,1.0,0.0
2026-09-26T18:31:25,mobilenet_v3_small_batch15_node_0_exchange,5fc48c07-5105-4310-b9f6-890ace3ae498,5b0fa12a-3dd7-45bb-9766-cc326314d9f1,3.0885058287531137,1.9264484658708818e-08,6.23747719021992e-09,22.5000002025,0.0,20.0,6.660282438958823e-08,0.0,1.4480410350693598e-08,8.108323474028182e-08,0.0,United Kingdom,GBR,england,,,Linux-6.4.0-150700.53.73-default-x86_64-with-glibc2.38,3.12.12,3.3.0,8,AMD EPYC 7543P 32-Core Processor,1,1 x NVIDIA A100-SXM4-40GB,-2.5917,51.4535,64,machine,0,0,0,0,N,1.0,0.0
2026-09-26T18:31:28,mobilenet_v3_small_batch15_node_1_exchange,7d79d6e7-cf32-4d97-b4e9-fe62b79133d4,5b0fa12a-3dd7-45bb-9766-cc326314d9f1,3.0812306539155543,1.9838657876279512e-08,6.438550080977878e-09,22.500001620000003,0.0,20.0,6.897484623585303e-08,0.0,1.452505433311065e-08,8.349990056896369e-08,0.0,United Kingdom,GBR,england,,,Linux-6.4.0-150700.53.73-default-x86_64-with-glibc2.38,3.12.12,3.3.0,8,AMD EPYC 7543P 32-Core Processor,1,1 x NVIDIA A100-SXM4-40GB,-2.5917,51.4535,64,machine,0,0,0,0,N,1.0,0.0
2026-09-26T18:31:34,mobilenet_v3_small_batch15_node_0_evaluate,499473b5-0d05-4174-ac8b-656b3b15f883,5b0fa12a-3dd7-45bb-9766-cc326314d9f1,6.201780170202255,2.1630753583891457e-05,3.4878297827809052e-06,22.557121605,30.815945884557912,20.0,1.981550649971544e-05,5.37642096816171e-05,1.7463023945068322e-05,9.104274012640087e-05,0.0,United Kingdom,GBR,england,,,Linux-6.4.0-150700.53.73-default-x86_64-with-glibc2.38,3.12.12,3.3.0,8,AMD EPYC 7543P 32-Core Processor,1,1 x NVIDIA A100-SXM4-40GB,-2.5917,51.4535,64,machine,0.0,4.333333333333333,5.0,12.59289296468099,N,1.0,0.0
2026-09-26T18:31:40,mobilenet_v3_small_batch15_node_1_evaluate,294cc2f3-868d-422b-bfc2-9728bad65981,5b0fa12a-3dd7-45bb-9766-cc326314d9f1,6.082537536043674,2.0919525203742588e-05,3.43927597319021e-06,22.6207092375,384.59601081525204,20.0,1.906202667622004e-05,5.221809730926452e-05,1.676909211350398e-05,8.804921609898854e-05,0.0,United Kingdom,GBR,england,,,Linux-6.4.0-150700.53.73-default-x86_64-with-glibc2.38,3.12.12,3.3.0,8,AMD EPYC 7543P 32-Core Processor,1,1 x NVIDIA A100-SXM4-40GB,-2.5917,51.4535,64,machine,0.0,4.666666666666667,5.0,12.588616689046225,N,1.0,0.0
2026-09-26T18:31:50,efficientnet_lite0_batch15_node_0_local_train,9fd4d791-6874-419f-bacb-506b8b0cd4ee,5b0fa12a-3dd7-45bb-9766-cc326314d9f1,8.847327444236726,4.777578233070449e-05,5.4000242029954826e-06,22.613533093125,41.229521453105036,20.0,3.6484652952059315e-05,0.00013245955040019908,3.2141631137993596e-05,0.000201085834490252,0.0,United Kingdom,GBR,england,,,Linux-6.4.0-150700.53.73-default-x86_64-with-glibc2.38,3.12.12,3.3.0,8,AMD EPYC 7543P 32-Core Processor,1,1 x NVIDIA A100-SXM4-40GB,-2.5917,51.4535,64,machine,5.0,28.6,4.76,12.021902465820313,N,1.0,0.0
2026-09-26T18:31:57,efficientnet_lite0_batch15_node_0_evaluate,01f41b4e-01c8-46b4-a7c1-c3efaeb778bb,5b0fa12a-3dd7-45bb-9766-cc326314d9f1,6.516085997223854,2.4186250952470676e-05,3.711775897797406e-06,22.784826628125003,33.17469775724858,20.0,2.1528481602811184e-05,6.166727156653451e-05,1.860294522355414e-05,0.00010179869839289983,0.0,United Kingdom,GBR,england,,,Linux-6.4.0-150700.53.73-default-x86_64-with-glibc2.38,3.12.12,3.3.0,8,AMD EPYC 7543P 32-Core Processor,1,1 x NVIDIA A100-SXM4-40GB,-2.5917,51.4535,64,machine,0.0,11.333333333333334,4.933333333333334,12.308493296305338,N,1.0,0.0
2026-09-26T18:32:02,efficientnet_lite0_batch15_node_1_local_train,a3eab206-7829-4ba3-aa15-14756b9c57a7,5b0fa12a-3dd7-45bb-9766-cc326314d9f1,4.84778161207214,1.3889248330810026e-05,2.865073025612883e-06,22.730367999375,37.55368827263051,20.0,1.1401389374804348e-05,3.7150863064994155e-05,9.906886370542149e-06,5.8459138810340654e-05,0.0,United Kingdom,GBR,england,,,Linux-6.4.0-150700.53.73-default-x86_64-with-glibc2.38,3.12.12,3.3.0,8,AMD EPYC 7543P 32-Core Processor,1,1 x NVIDIA A100-SXM4-40GB,-2.5917,51.4535,64,machine,0.0,18.0,4.9,12.355888366699219,N,1.0,0.0
2026-09-26T18:32:08,efficientnet_lite0_batch15_node_1_evaluate,5c71d0b3-1592-41be-9a8a-cb6de3f6fdb4,5b0fa12a-3dd7-45bb-9766-cc326314d9f1,6.65102817164734,2.5976408935937803e-05,3.90562305038379e-06,23.072324585625005,33.09469886225054,20.0,2.3500852665814577e-05,6.590449717691627e-05,1.9928032325373755e-05,0.0001093333821681046,0.0,United Kingdom,GBR,england,,,Linux-6.4.0-150700.53.73-default-x86_64-with-glibc2.38,3.12.12,3.3.0,8,AMD EPYC 7543P 32-Core Processor,1,1 x NVIDIA A100-SXM4-40GB,-2.5917,51.4535,64,machine,0.0,8.666666666666666,4.9,12.29446283976237,N,1.0,0.0
2026-09-26T18:32:11,efficientnet_lite0_batch15_node_1_upload,6df48f1b-3047-4106-8437-30e232931be2,5b0fa12a-3dd7-45bb-9766-cc326314d9f1,3.074479958973825,4.1249408372074706e-07,1.341671076816601e-07,22.6848162825,634.3094837320178,20.0,7.43482072988591e-08,1.6472235273568003e-06,1.459485437307093e-08,1.7361665890287305e-06,0.0,United Kingdom,GBR,england,,,Linux-6.4.0-150700.53.73-default-x86_64-with-glibc2.38,3.12.12,3.3.0,8,AMD EPYC 7543P 32-Core Processor,1,1 x NVIDIA A100-SXM4-40GB,-2.5917,51.4535,64,machine,0,0,0,0,N,1.0,0.0
2026-09-26T18:32:25,mobilevit_xxs_batch15_node_0_local_train,6f3bf615-9565-4098-ae72-42e93ee17e0a,5b0fa12a-3dd7-45bb-9766-cc326314d9f1,12.2388074840419,6.870604458588649e-05,5.613785875418977e-06,22.98782206125,36.99908231867585,20.0,5.78550532758875e-05,0.0001820923678934605,4.923282112253622e-05,0.00028918024229188425,0.0,United Kingdom,GBR,england,,,Linux-6.4.0-150700.53.73-default-x86_64-with-glibc2.38,3.12.12,3.3.0,8,AMD EPYC 7543P 32-Core Processor,1,1 x NVIDIA A100-SXM4-40GB,-2.5917,51.4535,64,machine,0.0,26.625,4.9,12.376028537750244,N,1.0,0.0
2026-09-26T18:32:32,mobilevit_xxs_batch15_node_0_evaluate,3369ab86-53d2-43de-9d43-815b0c954415,5b0fa12a-3dd7-45bb-9766-cc326314d9f1,6.617919554002583,2.561239378641989e-05,3.8701579215977714e-06,22.771997645625,32.99948087349656,20.0,2.2850329394268355e-05,6.51825521487126e-05,1.9768379401001665e-05,0.00010780126094398263,0.0,United Kingdom,GBR,england,,,Linux-6.4.0-150700.53.73-default-x86_64-with-glibc2.38,3.12.12,3.3.0,8,AMD EPYC 7543P 32-Core Processor,1,1 x NVIDIA A100-SXM4-40GB,-2.5917,51.4535,64,machine,0.0,8.333333333333334,4.9,12.344478607177734,N,1.0,0.0
2026-09-26T18:32:37,mobilevit_xxs_batch15_node_1_local_train,ea7044e3-1eaf-4c64-af58-3bd8d085b9e3,5b0fa12a-3dd7-45bb-9766-cc326314d9f1,5.595316312275827,1.926941359785316e-05,3.4438470539327843e-06,22.605890625,366.9183799853392,20.0,1.6037512513305174e-05,5.0970040774700465e-05,1.4096427106091546e-05,8.110398039409719e-05,0.0,United Kingdom,GBR,england,,,Linux-6.4.0-150700.53.73-default-x86_64-with-glibc2.38,3.12.12,3.3.0,8,AMD EPYC 7543P 32-Core Processor,1,1 x NVIDIA A100-SXM4-40GB,-2.5917,51.4535,64,machine,0.0,34.5,4.9,12.286027908325195,N,1.0,0.0
2026-09-26T18:32:43,mobilevit_xxs_batch15_node_1_evaluate,df3a89f3-0fd8-4498-9c9d-e82a1e2ac150,5b0fa12a-3dd7-45bb-9766-cc326314d9f1,6.1336473152041435,2.1726316625715604e-05,3.54215290009587e-06,23.088322642500003,31.811144721452834,20.0,2.0125045679952884e-05,5.42514322887655e-05,1.7068482133456402e-05,9.144496010217478e-05,0.0,United Kingdom,GBR,england,,,Linux-6.4.0-150700.53.73-default-x86_64-with-glibc2.38,3.12.12,3.3.0,8,AMD EPYC 7543P 32-Core Processor,1,1 x NVIDIA A100-SXM4-40GB,-2.5917,51.4535,64,machine,13.333333333333334,11.666666666666666,4.9,12.329305013020834,N,1.0,0.0
2026-09-26T18:32:46,mobilevit_xxs_batch15_node_0_upload,679b021c-5b0c-4f47-b4e1-96239963923e,5b0fa12a-3dd7-45bb-9766-cc326314d9f1,3.0757710109464824,1.9683577830124284e-08,6.399558926874473e-09,22.500012960000003,0.0,20.0,6.848214413457514e-08,0.0,1.4365032418734498e-08,8.284717655330964e-08,0.0,United Kingdom,GBR,england,,,Linux-6.4.0-150700.53.73-default-x86_64-with-glibc2.38,3.12.12,3.3.0,8,AMD EPYC 7543P 32-Core Processor,1,1 x NVIDIA A100-SXM4-40GB,-2.5917,51.4535,64,machine,0,0,0,0,N,1.0,0.0
2026-09-26T18:32:50,mobilevit_xxs_batch15_node_1_upload,96d88fdb-ec92-46a4-86a9-b6cd2ca5fa95,5b0fa12a-3dd7-45bb-9766-cc326314d9f1,3.0738163022324443,2.698304719520385e-08,8.778353857908381e-09,22.500001620000003,0.0,20.0,8.460632552473318e-08,0.0,2.896394580602646e-08,1.1357027133075964e-07,0.0,United Kingdom,GBR,england,,,Linux-6.4.0-150700.53.73-default-x86_64-with-glibc2.38,3.12.12,3.3.0,8,AMD EPYC 7543P 32-Core Processor,1,1 x NVIDIA A100-SXM4-40GB,-2.5917,51.4535,64,machine,0,0,0,0,N,1.0,0.0
2026-09-26T18:33:12,mobilenet_v3_small_batch16_node_0_local_train,4b7b7a81-167a-4f42-96d9-fb38f47fb0f0,5b0fa12a-3dd7-45bb-9766-cc326314d9f1,11.120409649796784,5.677367210314734e-05,5.1053579761052086e-06,23.42547034734375,87.5170524532185,20.0,5.1398662047996216e-05,0.00014283372537704508,4.472510683246784e-05,0.00023895749425750914,0.0,United Kingdom,GBR,england,,,Linux-6.4.0-150700.53.73-default-x86_64-with-glibc2.38,3.12.12,3.3.0,8,AMD EPYC 7543P 32-Core Processor,1,1 x NVIDIA A100-SXM4-40GB,-2.5917,51.4535,64,machine,0.0,10.714285714285714,4.8,12.168844495500837,N,1.0,0.0
2026-09-26T18:33:20,mobilenet_v3_small_batch16_node_0_evaluate,e9784ddb-2518-425a-9d80-0b49c87a0291,5b0fa12a-3dd7-45bb-9766-cc326314d9f1,7.997734803240746,3.3427868641621154e-05,4.1796670512350466e-06,22.69238067,29.914601247226898,20.0,3.141639222765471e-05,8.188812105913712e-05,2.7391683261117172e-05,0.00014069619654790902,0.0,United Kingdom,GBR,england,,,Linux-6.4.0-150700.53.73-default-x86_64-with-glibc2.38,3.12.12,3.3.0,8,AMD EPYC 7543P 32-Core Processor,1,1 x NVIDIA A100-SXM4-40GB,-2.5917,51.4535,64,machine,0.0,1.5,4.875,12.247066497802734,N,1.0,0.0
2026-09-26T18:33:25,mobilenet_v3_small_batch16_node_1_local_train,3cda4729-d201-4d5f-afc5-3188d81ce5e5,5b0fa12a-3dd7-45bb-9766-cc326314d9f1,5.091334141790867,1.4035291790307444e-05,2.756702152998066e-06,22.65578325,367.6119355913815,20.0,1.2625293461675635e-05,3.539030608123994e-05,1.1058228750092288e-05,5.907382829300786e-05,0.0,United Kingdom,GBR,england,,,Linux-6.4.0-150700.53.73-default-x86_64-with-glibc2.38,3.12.12,3.3.0,8,AMD EPYC 7543P 32-Core Processor,1,1 x NVIDIA A100-SXM4-40GB,-2.5917,51.4535,64,machine,0.0,5.0,4.9,12.29977798461914,N,1.0,0.0
2026-09-26T18:33:31,mobilenet_v3_small_batch16_node_1_evaluate,77c4ff3a-b3ff-4d43-9567-562283eb9337,5b0fa12a-3dd7-45bb-9766-cc326314d9f1,5.916361409239471,1.9288779538991696e-05,3.2602436201528814e-06,22.688461451250003,30.096070780449214,20.0,1.8072244280348878e-05,4.736031566210386e-05,1.575293071154091e-05,8.118549065399365e-05,0.0,United Kingdom,GBR,england,,,Linux-6.4.0-150700.53.73-default-x86_64-with-glibc2.38,3.12.12,3.3.0,8,AMD EPYC 7543P 32-Core Processor,1,1 x NVIDIA A100-SXM4-40GB,-2.5917,51.4535,64,machine,0.0,2.5,4.9,12.308155059814453,N,1.0,0.0
2026-09-26T18:33:34,mobilenet_v3_small_batch16_node_1_upload,b895e4e9-3827-40b6-aa1b-8383b6b7ea8b,5b0fa12a-3dd7-45bb-9766-cc326314d9f1,3.066024866886437,2.0354856259800264e-08,6.638842522001695e-09,22.50279936,0.0,20.0,7.111750259289742e-08,0.0,1.4555050681034724e-08,8.567255327393214e-08,0.0,United Kingdom,GBR,england,,,Linux-6.4.0-150700.53.73-default-x86_64-with-glibc2.38,3.12.12,3.3.0,8,AMD EPYC 7543P 32-Core Processor,1,1 x NVIDIA A100-SXM4-40GB,-2.5917,51.4535,64,machine,0,0,0,0,N,1.0,0.0
2026-09-26T18:33:37,mobilenet_v3_small_batch16_node_0_exchange,fc246e96-e793-4b75-b860-ba3abf4320c7,5b0fa12a-3dd7-45bb-9766-cc326314d9f1,3.103602913208306,1.9998002651922573e-08,6.4434797914433965e-09,22.5006834375,0.0,20.0,6.974465180775443e-08,0.0,1.4425922806064288e-08,8.417057461381871e-08,0.0,United Kingdom,GBR,england,,,Linux-6.4.0-150700.53.73-default-x86_64-with-glibc2.38,3.12.12,3.3.0,8,AMD EPYC 7543P 32-Core Processor,1,1 x NVIDIA A100-SXM4-40GB,-2.5917,51.4535,64,machine,0,0,0,0,N,1.0,0.0
2026-09-26T18:33:43,mobilenet_v3_small_batch16_node_0_evaluate,10ba74ae-e183-4331-b04c-e5cabdf9f762,5b0fa12a-3dd7-45bb-9766-cc326314d9f1,6.280464978888631,2.154451389684572e-05,3.430401088019149e-06,22.950172257187504,29.906094416471728,20.0,2.049253957593359e-05,5.258837538235639e-05,1.7598846717737614e-05,9.067976167602759e-05,0.0,United Kingdom,GBR,england,,,Linux-6.4.0-150700.53.73-default-x86_64-with-glibc2.38,3.12.12,3.3.0,8,AMD EPYC 7543P 32-Core Processor,1,1 x NVIDIA A100-SXM4-40GB,-2.5917,51.4535,64,machine,0.0,4.333333333333333,4.9,12.32977040608724,N,1.0,0.0
2026-09-26T18:33:54,efficientnet_lite0_batch16_node_0_local_train,b8c83c6c-09af-4df2-834c-a015d0919862,5b0fa12a-3dd7-45bb-9766-cc326314d9f1,9.266389271710068,4.7671499248121256e-05,5.144560394593018e-06,22.54808257875,40.94654040949077,20.0,3.6489427107824527e-05,0.00013192343885748414,3.223404634174788e-05,0.00020064691230705655,0.0,United Kingdom,GBR,england,,,Linux-6.4.0-150700.53.73-default-x86_64-with-glibc2.38,3.12.12,3.3.0,8,AMD EPYC 7543P 32-Core Processor,1,1 x NVIDIA A100-SXM4-40GB,-2.5917,51.4535,64,machine,0.0,23.8,4.92,12.419075012207031,N,1.0,0.0
2026-09-26T18:34:00,efficientnet_lite0_batch16_node_0_evaluate,3ef24f2b-018e-4442-a721-f9c3515b6b20,5b0fa12a-3dd7-45bb-9766-cc326314d9f1,6.175636232830584,2.269056178541516e-05,3.674206337605965e-06,22.595525299687502,34.206733657818404,20.0,1.9575611252264575e-05,5.874115809945124e-05,1.718664951622486e-05,9.550341886794068e-05,0.0,United Kingdom,GBR,england,,,Linux-6.4.0-150700.53.73-default-x86_64-with-glibc2.38,3.12.12,3.3.0,8,AMD EPYC 7543P 32-Core Processor,1,1 x NVIDIA A100-SXM4-40GB,-2.5917,51.4535,64,machine,0.0,9.666666666666666,4.9,12.419109344482422,N,1.0,0.0
2026-09-26T18:34:04,efficientnet_lite0_batch16_node_1_local_train,2c5150b1-6cde-4a66-8c9a-6795db30c556,5b0fa12a-3dd7-45bb-9766-cc326314d9f1,4.518131504300982,1.1971642835972817e-05,2.6496888867835194e-06,22.769321203125003,40.91135225769147,20.0,9.315793571048492e-06,3.2988915279474895e-05,8.083326100475259e-06,5.0388034950998644e-05,0.0,United Kingdom,GBR,england,,,Linux-6.4.0-150700.53.73-default-x86_64-with-glibc2.38,3.12.12,3.3.0,8,AMD EPYC 7543P 32-Core Processor,1,1 x NVIDIA A100-SXM4-40GB,-2.5917,51.4535,64,machine,0.0,13.0,4.9,12.415664672851562,N,1.0,0.0
2026-09-26T18:34:11,efficientnet_lite0_batch16_node_1_evaluate,e9129482-d4f2-4dfe-91bc-1fef84392d65,5b0fa12a-3dd7-45bb-9766-cc326314d9f1,6.245252836029977,2.2643450165047904e-05,3.6257059176874003e-06,22.7442535509375,367.01131462953117,20.0,1.9774400540177252e-05,5.8395880060402305e-05,1.7134847856747608e-05,9.530512845732717e-05,0.0,United Kingdom,GBR,england,,,Linux-6.4.0-150700.53.73-default-x86_64-with-glibc2.38,3.12.12,3.3.0,8,AMD EPYC 7543P 32-Core Processor,1,1 x NVIDIA A100-SXM4-40GB,-2.5917,51.4535,64,machine,0.0,8.333333333333334,4.933333333333334,12.416882832845053,N,1.0,0.0
2026-09-26T18:34:14,efficientnet_lite0_batch16_node_0_upload,56c8fe92-c28f-4b66-8420-91aa4b0269bc,5b0fa12a-3dd7-45bb-9766-cc326314d9f1,3.0692182830534875,2.0164414788722052e-08,6.569886182438932e-09,22.5000002025,0.0,20.0,6.970095045265503e-08,0.0,1.5170044369167753e-08,8.487099482182278e-08,0.0,United Kingdom,GBR,england,,,Linux-6.4.0-150700.53.73-default-x86_64-with-glibc2.38,3.12.12,3.3.0,8,AMD EPYC 7543P 32-Core Processor,1,1 x NVIDIA A100-SXM4-40GB,-2.5917,51.4535,64,machine,0,0,0,0,N,1.0,0.0
2026-09-26T18:34:17,efficientnet_lite0_batch16_node_1_upload,ec7d2247-f389-4a2e-b061-c2c473eae918,5b0fa12a-3dd7-45bb-9766-cc326314d9f1,3.076325761154294,2.3836297278970517e-08,7.748300774891506e-09,22.531886460000003,0.0,20.0,7.861899910240757e-08,0.0,2.170676210274299e-08,1.0032576120515056e-07,0.0,United Kingdom,GBR,england,,,Linux-6.4.0-150700.53.73-default-x86_64-with-glibc2.38,3.12.12,3.3.0,8,AMD EPYC 7543P 32-Core Processor,1,1 x NVIDIA A100-SXM4-40GB,-2.5917,51.4535,64,machine,0,0,0,0,N,1.0,0.0
2026-09-26T18:34:30,mobilevit_xxs_batch16_node_0_local_train,d04e961e-51b0-43f0-8e3c-2943f9dc7791,5b0fa12a-3dd7-45bb-9766-cc326314d9f1,11.972412076313049,6.811676206640321e-05,5.68947691010148e-06,22.75639333875,36.74575242852515,20.0,5.640800249374883e-05,0.00018101597814279557,4.927600154446231e-05,0.00028669998218100673,0.0,United Kingdom,GBR,england,,,Linux-6.4.0-150700.53.73-default-x86_64-with-glibc2.38,3.12.12,3.3.0,8,AMD EPYC 7543P 32-Core Processor,1,1 x NVIDIA A100-SXM4-40GB,-2.5917,51.4535,64,machine,0.0,26.125,4.925000000000001,12.43993616104126,N,1.0,0.0
2026-09-26T18:34:36,mobilevit_xxs_batch16_node_0_evaluate,79c43f7b-b9c3-4145-b1ac-fb748217a0e8,5b0fa12a-3dd7-45bb-9766-cc326314d9f1,6.257244003936648,2.2941327240403828e-05,3.666362894905592e-06,22.6763575284375,33.00804623358403,20.0,2.0344603395841112e-05,5.847560233007698e-05,1.7738672169960207e-05,9.65588778958783e-05,0.0,United Kingdom,GBR,england,,,Linux-6.4.0-150700.53.73-default-x86_64-with-glibc2.38,3.12.12,3.3.0,8,AMD EPYC 7543P 32-Core Processor,1,1 x NVIDIA A100-SXM4-40GB,-2.5917,51.4535,64,machine,0.0,13.0,4.9,12.442549387613932,N,1.0,0.0
2026-09-26T18:34:42,mobilevit_xxs_batch16_node_1_local_train,6b170c16-2b93-406b-8230-3f243c09fc21,5b0fa12a-3dd7-45bb-9766-cc326314d9f1,5.272219147067517,1.667515146918251e-05,3.1628335249412883e-06,22.59836440875,369.83625653006357,20.0,1.3826323284828916e-05,4.421447981428628e-05,1.2144060127644076e-05,7.018486322675927e-05,0.0,United Kingdom,GBR,england,,,Linux-6.4.0-150700.53.73-default-x86_64-with-glibc2.38,3.12.12,3.3.0,8,AMD EPYC 7543P 32-Core Processor,1,1 x NVIDIA A100-SXM4-40GB,-2.5917,51.4535,64,machine,0.0,28.0,4.9,12.435470581054688,N,1.0,0.0
2026-09-26T18:34:48,mobilevit_xxs_batch16_node_1_evaluate,fe83a3eb-8a5a-423c-8ff8-758981bf5ee0,5b0fa12a-3dd7-45bb-9766-cc326314d9f1,5.942665020003915,2.0866051435888524e-05,3.511227936565534e-06,22.614940248750003,33.624483657231195,20.0,1.81630836484697e-05,5.368170961617125e-05,1.597935446900212e-05,8.782414773364307e-05,0.0,United Kingdom,GBR,england,,,Linux-6.4.0-150700.53.73-default-x86_64-with-glibc2.38,3.12.12,3.3.0,8,AMD EPYC 7543P 32-Core Processor,1,1 x NVIDIA A100-SXM4-40GB,-2.5917,51.4535,64,machine,0.0,10.0,4.9,12.421712875366211,N,1.0,0.0
2026-09-26T18:34:51,mobilevit_xxs_batch16_node_0_upload,c4152e35-c9f4-4972-b000-608b154fd916,5b0fa12a-3dd7-45bb-9766-cc326314d9f1,3.072215639986098,1.9847570571383335e-08,6.460344226186267e-09,22.5000002025,0.0,20.0,6.905210091946381e-08,0.0,1.4485312729246086e-08,8.35374136487099e-08,0.0,United Kingdom,GBR,england,,,Linux-6.4.0-150700.53.73-default-x86_64-with-glibc2.38,3.12.12,3.3.0,8,AMD EPYC 7543P 32-Core Processor,1,1 x NVIDIA A100-SXM4-40GB,-2.5917,51.4535,64,machine,0,0,0,0,N,1.0,0.0
2026-09-26T18:34:54,mobilevit_xxs_batch16_node_1_upload,c62c4ba5-174e-434e-b2f3-d778a4d41d63,5b0fa12a-3dd7-45bb-9766-cc326314d9f1,3.06404038798064,1.9949226735711607e-08,6.510758413618422e-09,22.500001620000003,0.0,20.0,6.954464689032671e-08,0.0,1.4420632376439042e-08,8.396527926676575e-08,0.0,United Kingdom,GBR,england,,,Linux-6.4.0-150700.53.73-default-x86_64-with-glibc2.38,3.12.12,3.3.0,8,AMD EPYC 7543P 32-Core Processor,1,1 x NVIDIA A100-SXM4-40GB,-2.5917,51.4535,64,machine,0,0,0,0,N,1.0,0.0
2026-09-26T18:35:13,mobilenet_v3_small_batch17_node_0_local_train,f2bfb9c0-4d6f-4171-b8b4-156c0ec0ab61,5b0fa12a-3dd7-45bb-9766-cc326314d9f1,10.70021647401154,5.408673272072586e-05,5.054732570326084e-06,22.768989343593752,32.364946929305916,20.0,4.889262356230157e-05,0.0001363334423984952,4.242223728862074e-05,0.00022764830324941752,0.0,United Kingdom,GBR,england,,,Linux-6.4.0-150700.53.73-default-x86_64-with-glibc2.38,3.12.12,3.3.0,8,AMD EPYC 7543P 32-Core Processor,1,1 x NVIDIA A100-SXM4-40GB,-2.5917,51.4535,64,machine,0.0,12.0,4.9,12.326580592564174,N,1.0,0.0
2026-09-26T18:35:21,mobilenet_v3_small_batch17_node_0_evaluate,a4ac8e09-3635-48bb-8c05-86e091eb9e63,5b0fa12a-3dd7-45bb-9766-cc326314d9f1,8.026590124238282,3.798034314759178e-05,4.73181544836838e-06,29.473631293500002,29.701889215117074,20.0,5.0354461305016565e-05,8.191089887077396e-05,2.7591969698874486e-05,0.000159857329874665,0.0,United Kingdom,GBR,england,,,Linux-6.4.0-150700.53.73-default-x86_64-with-glibc2.38,3.12.12,3.3.0,8,AMD EPYC 7543P 32-Core Processor,1,1 x NVIDIA A100-SXM4-40GB,-2.5917,51.4535,64,machine,0.0,1.75,4.55,11.456493377685547,N,1.0,0.0
2026-09-26T18:35:26,mobilenet_v3_small_batch17_node_1_local_train,b1930cb0-a880-41a9-b66d-dbea10f6b9bd,5b0fa12a-3dd7-45bb-9766-cc326314d9f1,5.325094593223184,1.5918087005592708e-05,2.9892590125723523e-06,22.695925027500003,32.509261836938734,20.0,1.4274778092474699e-05,4.0309754467671155e-05,1.2413884898544186e-05,6.699841745869004e-05,0.0,United Kingdom,GBR,england,,,Linux-6.4.0-150700.53.73-default-x86_64-with-glibc2.38,3.12.12,3.3.0,8,AMD EPYC 7543P 32-Core Processor,1,1 x NVIDIA A100-SXM4-40GB,-2.5917,51.4535,64,machine,0.0,7.5,4.9,12.2308349609375,N,1.0,0.0
2026-09-26T18:35:35,mobilenet_v3_small_batch17_node_1_evaluate,6f1246aa-7e9d-4989-a0fd-f16dfd52cc97,5b0fa12a-3dd7-45bb-9766-cc326314d9f1,8.806799518875778,3.9139163650244024e-05,4.4441983227114825e-06,23.20859815875,29.731098086059927,20.0,3.8054383823547176e-05,9.4785353596194e-05,3.1895008928970334e-05,0.00016473474634871152,0.0,United Kingdom,GBR,england,,,Linux-6.4.0-150700.53.73-default-x86_64-with-glibc2.38,3.12.12,3.3.0,8,AMD EPYC 7543P 32-Core Processor,1,1 x NVIDIA A100-SXM4-40GB,-2.5917,51.4535,64,machine,0.0,1.8,4.82,12.139231872558593,N,1.0,0.0
2026-09-26T18:35:38,mobilenet_v3_small_batch17_node_1_upload,ff223417-00dd-4476-941d-6807fb3b3f76,5b0fa12a-3dd7-45bb-9766-cc326314d9f1,3.0774042438715696,2.5739614380895116e-08,8.364066707243197e-09,22.59609678,0.0,20.0,8.154764859580405e-08,0.0,2.6789077350662813e-08,1.0833672594646687e-07,0.0,United Kingdom,GBR,england,,,Linux-6.4.0-150700.53.73-default-x86_64-with-glibc2.38,3.12.12,3.3.0,8,AMD EPYC 7543P 32-Core Processor,1,1 x NVIDIA A100-SXM4-40GB,-2.5917,51.4535,64,machine,0,0,0,0,N,1.0,0.0
2026-09-26T18:35:41,mobilenet_v3_small_batch17_node_0_exchange,4b4e0938-9fdb-4be3-87f9-33f3f75fcca5,5b0fa12a-3dd7-45bb-9766-cc326314d9f1,3.070481135044247,2.0039503627815162e-08,6.526502768279143e-09,22.500069457500004,0.0,20.0,6.82333902628119e-08,0.0,1.6111859844790567e-08,8.434525010760247e-08,0.0,United Kingdom,GBR,england,,,Linux-6.4.0-150700.53.73-default-x86_64-with-glibc2.38,3.12.12,3.3.0,8,AMD EPYC 7543P 32-Core Processor,1,1 x NVIDIA A100-SXM4-40GB,-2.5917,51.4535,64,machine,0,0,0,0,N,1.0,0.0
2026-09-26T18:35:49,mobilenet_v3_small_batch17_node_0_evaluate,76e768dd-a204-4ae5-8a6d-48202851618b,5b0fa12a-3dd7-45bb-9766-cc326314d9f1,7.963065519928932,3.34814773253791e-05,4.204596488825313e-06,22.9396311855,30.046079493669584,20.0,3.187856077695381e-05,8.180312099170806e-05,2.7240150998760428e-05,0.0001409218327674223,0.0,United Kingdom,GBR,england,,,Linux-6.4.0-150700.53.73-default-x86_64-with-glibc2.38,3.12.12,3.3.0,8,AMD EPYC 7543P 32-Core Processor,1,1 x NVIDIA A100-SXM4-40GB,-2.5917,51.4535,64,machine,0.0,2.5,4.8,12.150081634521484,N,1.0,0.0
2026-09-26T18:36:00,efficientnet_lite0_batch17_node_0_local_train,d2fd53ff-d9f0-42c9-9d75-980d8a79f16e,5b0fa12a-3dd7-45bb-9766-cc326314d9f1,8.60883915796876,4.6452061504590214e-05,5.3958565902107636e-06,22.745938393125,41.99812483771048,20.0,3.5329765476768946e-05,0.00012936704793276022,3.0817547544009156e-05,0.0001955143609535383,0.0,United Kingdom,GBR,england,,,Linux-6.4.0-150700.53.73-default-x86_64-with-glibc2.38,3.12.12,3.3.0,8,AMD EPYC 7543P 32-Core Processor,1,1 x NVIDIA A100-SXM4-40GB,-2.5917,51.4535,64,machine,0.0,27.4,4.84,12.179000854492188,N,1.0,0.0
2026-09-26T18:36:07,efficientnet_lite0_batch17_node_0_evaluate,81505882-4a00-4f2c-8b2c-da7e8ebf33b2,5b0fa12a-3dd7-45bb-9766-cc326314d9f1,6.693290124181658,2.668292237030891e-05,3.986518121171573e-06,23.069442048750002,366.1955712970246,20.0,2.35665780802457e-05,6.860338821468304e-05,2.013709493395355e-05,0.00011230706122888228,0.0,United Kingdom,GBR,england,,,Linux-6.4.0-150700.53.73-default-x86_64-with-glibc2.38,3.12.12,3.3.0,8,AMD EPYC 7543P 32-Core Processor,1,1 x NVIDIA A100-SXM4-40GB,-2.5917,51.4535,64,machine,0.0,11.0,4.8,12.157379150390625,N,1.0,0.0
2026-09-26T18:36:12,efficientnet_lite0_batch17_node_1_local_train,0ee05b27-593a-45cc-8dad-1500c31909c7,5b0fa12a-3dd7-45bb-9766-cc326314d9f1,4.609802462160587,1.2074971462784065e-05,2.619411907972429e-06,22.5905938425,37.65492699254429,20.0,9.839911521538996e-06,3.2369470318371896e-05,8.613558038551775e-06,5.0822939878462665e-05,0.0,United Kingdom,GBR,england,,,Linux-6.4.0-150700.53.73-default-x86_64-with-glibc2.38,3.12.12,3.3.0,8,AMD EPYC 7543P 32-Core Processor,1,1 x NVIDIA A100-SXM4-40GB,-2.5917,51.4535,64,machine,0.0,16.0,4.8,12.144145965576172,N,1.0,0.0
2026-09-26T18:36:18,efficientnet_lite0_batch17_node_1_evaluate,4e5a5f59-4e9e-4124-93e5-6ceb1c0e8763,5b0fa12a-3dd7-45bb-9766-cc326314d9f1,6.256017163861543,2.3083765215611297e-05,3.6898500453222515e-06,22.532651758125,33.39588324713735,20.0,2.0115190534109204e-05,5.9278658540051765e-05,1.7764543004644414e-05,9.71583920788054e-05,0.0,United Kingdom,GBR,england,,,Linux-6.4.0-150700.53.73-default-x86_64-with-glibc2.38,3.12.12,3.3.0,8,AMD EPYC 7543P 32-Core Processor,1,1 x NVIDIA A100-SXM4-40GB,-2.5917,51.4535,64,machine,0.0,8.666666666666666,4.8,12.16031265258789,N,1.0,0.0
2026-09-26T18:36:21,efficientnet_lite0_batch17_node_0_upload,daa16d59-84a6-4299-ab69-7260a4a2801a,5b0fa12a-3dd7-45bb-9766-cc326314d9f1,3.068581196013838,2.9603228257735774e-08,9.647203827029603e-09,22.5000002025,0.0,20.0,9.182578442839409e-08,0.0,3.277269554220968e-08,1.2459847997060376e-07,0.0,United Kingdom,GBR,england,,,Linux-6.4.0-150700.53.73-default-x86_64-with-glibc2.38,3.12.12,3.3.0,8,AMD EPYC 7543P 32-Core Processor,1,1 x NVIDIA A100-SXM4-40GB,-2.5917,51.4535,64,machine,0,0,0,0,N,1.0,0.0
2026-09-26T18:36:35,mobilevit_xxs_batch17_node_0_local_train,9121fb42-464b-4c55-be14-2f7f67c0afe2,5b0fa12a-3dd7-45bb-9766-cc326314d9f1,13.143644908908755,7.67188912025436e-05,5.8369570795802295e-06,22.77950737193182,36.15799853290015,20.0,6.442118302850777e-05,0.00020247349530677639,5.6011227251858346e-05,0.0003229059055871425,0.0,United Kingdom,GBR,england,,,Linux-6.4.0-150700.53.73-default-x86_64-with-glibc2.38,3.12.12,3.3.0,8,AMD EPYC 7543P 32-Core Processor,1,1 x NVIDIA A100-SXM4-40GB,-2.5917,51.4535,64,machine,7.5,21.9,4.9,12.237884902954102,N,1.0,0.0
2026-09-26T18:36:42,mobilevit_xxs_batch17_node_0_evaluate,c7037fad-5980-4a56-80c8-bedd255e37e7,5b0fa12a-3dd7-45bb-9766-cc326314d9f1,6.55847577098757,2.5067746967317365e-05,3.822190985016429e-06,22.965798346875,338.8955817422037,20.0,2.2592255164880985e-05,6.348755078988688e-05,1.9429064267832372e-05,0.00010550887022260023,0.0,United Kingdom,GBR,england,,,Linux-6.4.0-150700.53.73-default-x86_64-with-glibc2.38,3.12.12,3.3.0,8,AMD EPYC 7543P 32-Core Processor,1,1 x NVIDIA A100-SXM4-40GB,-2.5917,51.4535,64,machine,0.0,12.666666666666666,4.9,12.239089965820312,N,1.0,0.0
2026-09-26T18:36:48,mobilevit_xxs_batch17_node_1_local_train,cd48876b-afbf-4bee-b7f4-cdb29310faef,5b0fa12a-3dd7-45bb-9766-cc326314d9f1,5.542454577982426,1.8674077283703967e-05,3.3692792644413044e-06,22.58992728,35.731123545504154,20.0,1.5689808987151135e-05,4.914115042709e-05,1.3767280755564571e-05,7.859824016980571e-05,0.0,United Kingdom,GBR,england,,,Linux-6.4.0-150700.53.73-default-x86_64-with-glibc2.38,3.12.12,3.3.0,8,AMD EPYC 7543P 32-Core Processor,1,1 x NVIDIA A100-SXM4-40GB,-2.5917,51.4535,64,machine,0.0,25.5,4.85,12.187707901000977,N,1.0,0.0
2026-09-26T18:36:54,mobilevit_xxs_batch17_node_1_evaluate,3a357aa6-8875-46f8-b86a-75c0e4391071,5b0fa12a-3dd7-45bb-9766-cc326314d9f1,6.114423390943557,2.1622944872935797e-05,3.536383317021005e-06,22.650976127812502,32.333704009826995,20.0,1.9289123373658398e-05,5.476809937476901e-05,1.6952650911278195e-05,9.100987365970561e-05,0.0,United Kingdom,GBR,england,,,Linux-6.4.0-150700.53.73-default-x86_64-with-glibc2.38,3.12.12,3.3.0,8,AMD EPYC 7543P 32-Core Processor,1,1 x NVIDIA A100-SXM4-40GB,-2.5917,51.4535,64,machine,0.0,10.0,4.9,12.22903315226237,N,1.0,0.0
2026-09-26T18:36:57,mobilevit_xxs_batch17_node_0_upload,2a48d1ab-5f6e-4fcc-9e08-76f894115370,5b0fa12a-3dd7-45bb-9766-cc326314d9f1,3.0676310318522155,2.286884684285638e-08,7.454888350457296e-09,22.5049387725,0.0,20.0,7.669486820005077e-08,0.0,1.9558943394157622e-08,9.62538115942084e-08,0.0,United Kingdom,GBR,england,,,Linux-6.4.0-150700.53.73-default-x86_64-with-glibc2.38,3.12.12,3.3.0,8,AMD EPYC 7543P 32-Core Processor,1,1 x NVIDIA A100-SXM4-40GB,-2.5917,51.4535,64,machine,0,0,0,0,N,1.0,0.0
2026-09-26T18:37:00,mobilevit_xxs_batch17_node_1_upload,df18410d-4473-4ac7-81e6-82203e56e577,5b0fa12a-3dd7-45bb-9766-cc326314d9f1,3.075661500915885,2.082364489974256e-08,6.77046056386296e-09,22.572476977500003,0.0,20.0,7.107605071864694e-08,0.0,1.6569610064228374e-08,8.764566078287531e-08,0.0,United Kingdom,GBR,england,,,Linux-6.4.0-150700.53.73-default-x86_64-with-glibc2.38,3.12.12,3.3.0,8,AMD EPYC 7543P 32-Core Processor,1,1 x NVIDIA A100-SXM4-40GB,-2.5917,51.4535,64,machine,0,0,0,0,N,1.0,0.0
2026-09-26T18:37:19,mobilenet_v3_small_batch18_node_0_local_train,d4e9c077-d972-4516-bc86-cbb7c6edc766,5b0fa12a-3dd7-45bb-9766-cc326314d9f1,11.082173272036016,5.655234256730814e-05,5.103001115314483e-06,22.697912805468754,86.83741528935585,20.0,5.098294573366817e-05,0.00014249816956635186,4.45448142140069e-05,0.00023802592951402692,0.0,United Kingdom,GBR,england,,,Linux-6.4.0-150700.53.73-default-x86_64-with-glibc2.38,3.12.12,3.3.0,8,AMD EPYC 7543P 32-Core Processor,1,1 x NVIDIA A100-SXM4-40GB,-2.5917,51.4535,64,machine,0.0,9.571428571428571,4.8,12.11455590384347,N,1.0,0.0
2026-09-26T18:37:27,mobilenet_v3_small_batch18_node_0_evaluate,2a87c6ff-919a-4514-8ea7-fa70baacec1f,5b0fa12a-3dd7-45bb-9766-cc326314d9f1,7.747947313822806,3.153549332904749e-05,4.0701739508200145e-06,22.803478164000005,29.590129608986395,20.0,3.004591723769386e-05,7.673756138615317e-05,2.5947806616831156e-05,0.0001327312852406782,0.0,United Kingdom,GBR,england,,,Linux-6.4.0-150700.53.73-default-x86_64-with-glibc2.38,3.12.12,3.3.0,8,AMD EPYC 7543P 32-Core Processor,1,1 x NVIDIA A100-SXM4-40GB,-2.5917,51.4535,64,machine,4.175,1.75,4.8,12.154264450073242,N,1.0,0.0
2026-09-26T18:37:32,mobilenet_v3_small_batch18_node_1_local_train,943d5ec4-faea-4f31-9f60-09405ecabedc,5b0fa12a-3dd7-45bb-9766-cc326314d9f1,4.982615147717297,1.334940541583324e-05,2.6791965704895047e-06,22.750715300625004,32.063232600516,20.0,1.2137897548628642e-05,3.356613795801877e-05,1.0482931970101263e-05,5.618696747674867e-05,0.0,United Kingdom,GBR,england,,,Linux-6.4.0-150700.53.73-default-x86_64-with-glibc2.38,3.12.12,3.3.0,8,AMD EPYC 7543P 32-Core Processor,1,1 x NVIDIA A100-SXM4-40GB,-2.5917,51.4535,64,machine,0.0,11.0,4.9,12.266471862792969,N,1.0,0.0
2026-09-26T18:37:38,mobilenet_v3_small_batch18_node_1_evaluate,d3a513e9-0ed7-41d5-9ab9-f906c59cfb40,5b0fa12a-3dd7-45bb-9766-cc326314d9f1,5.9943235400132835,2.035287709560061e-05,3.3953584519989905e-06,22.783549848750006,31.028139370182092,20.0,1.8813285980981654e-05,5.0546151555863617e-05,1.6304785535774295e-05,8.566422307261957e-05,0.0,United Kingdom,GBR,england,,,Linux-6.4.0-150700.53.73-default-x86_64-with-glibc2.38,3.12.12,3.3.0,8,AMD EPYC 7543P 32-Core Processor,1,1 x NVIDIA A100-SXM4-40GB,-2.5917,51.4535,64,machine,0.0,3.5,4.9,12.253425598144531,N,1.0,0.0
2026-09-26T18:37:41,mobilenet_v3_small_batch18_node_0_exchange,4b1d7155-1302-49ed-8bf9-331e6fba1ac0,5b0fa12a-3dd7-45bb-9766-cc326314d9f1,3.0711414348334074,4.0841611401361456e-07,1.3298512057480964e-07,22.5609045075,747.7858371100758,20.0,6.462340298228906e-08,1.6400013294060045e-06,1.4377889844278496e-08,1.7190026222325721e-06,0.0,United Kingdom,GBR,england,,,Linux-6.4.0-150700.53.73-default-x86_64-with-glibc2.38,3.12.12,3.3.0,8,AMD EPYC 7543P 32-Core Processor,1,1 x NVIDIA A100-SXM4-40GB,-2.5917,51.4535,64,machine,0,0,0,0,N,1.0,0.0
2026-09-26T18:37:47,mobilenet_v3_small_batch18_node_0_evaluate,8d365ad5-8df5-423d-9358-9d8aef1e16f9,5b0fa12a-3dd7-45bb-9766-cc326314d9f1,5.989966630004346,2.0010429723998495e-05,3.340657963562641e-06,22.8172955625,30.194007167710264,20.0,1.889724929746159e-05,4.905531703514043e-05,1.6270313194642467e-05,8.42228795272445e-05,0.0,United Kingdom,GBR,england,,,Linux-6.4.0-150700.53.73-default-x86_64-with-glibc2.38,3.12.12,3.3.0,8,AMD EPYC 7543P 32-Core Processor,1,1 x NVIDIA A100-SXM4-40GB,-2.5917,51.4535,64,machine,0.0,4.5,4.8,12.192485809326172,N,1.0,0.0
2026-09-26T18:37:57,efficientnet_lite0_batch18_node_0_local_train,aa1e8d2d-3860-4cc2-beb0-932810b765e3,5b0fa12a-3dd7-45bb-9766-cc326314d9f1,8.689611735288054,4.645159092459714e-05,5.345646311901334e-06,22.650675963750004,41.44871363109353,20.0,3.550000118248527e-05,0.00012889954756190036,3.111283156192965e-05,0.00019551238030631526,0.0,United Kingdom,GBR,england,,,Linux-6.4.0-150700.53.73-default-x86_64-with-glibc2.38,3.12.12,3.3.0,8,AMD EPYC 7543P 32-Core Processor,1,1 x NVIDIA A100-SXM4-40GB,-2.5917,51.4535,64,machine,0.0,26.6,4.9,12.277942657470703,N,1.0,0.0
2026-09-26T18:38:03,efficientnet_lite0_batch18_node_0_evaluate,37e16db1-6496-44a2-a002-4335860cb440,5b0fa12a-3dd7-45bb-9766-cc326314d9f1,6.041514397133142,2.1418730000210868e-05,3.5452584554585556e-06,22.66016254875,33.03284444486833,20.0,1.8877358559752357e-05,5.469948818870307e-05,1.6573496913123464e-05,9.01503436615789e-05,0.0,United Kingdom,GBR,england,,,Linux-6.4.0-150700.53.73-default-x86_64-with-glibc2.38,3.12.12,3.3.0,8,AMD EPYC 7543P 32-Core Processor,1,1 x NVIDIA A100-SXM4-40GB,-2.5917,51.4535,64,machine,0.0,15.0,4.9,12.257282257080078,N,1.0,0.0
2026-09-26T18:38:08,efficientnet_lite0_batch18_node_1_local_train,d8bc1d1c-51f4-479b-a558-3ffbcba36d45,5b0fa12a-3dd7-45bb-9766-cc326314d9f1,4.425622853916138,1.1175932735739464e-05,2.525279063454339e-06,22.54047458625,40.537624776854074,20.0,8.656874533695276e-06,3.077585795097093e-05,7.606199181949099e-06,4.703893166661531e-05,0.0,United Kingdom,GBR,england,,,Linux-6.4.0-150700.53.73-default-x86_64-with-glibc2.38,3.12.12,3.3.0,8,AMD EPYC 7543P 32-Core Processor,1,1 x NVIDIA A100-SXM4-40GB,-2.5917,51.4535,64,machine,0.0,31.0,4.9,12.281936645507812,N,1.0,0.0
2026-09-26T18:38:14,efficientnet_lite0_batch18_node_1_evaluate,85b69971-c773-4739-9449-8758565e2fb4,5b0fa12a-3dd7-45bb-9766-cc326314d9f1,5.953630791045725,2.1063684768992867e-05,3.5379561662897703e-06,22.531874748750003,33.83985094773945,20.0,1.8208442030691055e-05,5.436726571872441e-05,1.6080268617305494e-05,8.865597636672096e-05,0.0,United Kingdom,GBR,england,,,Linux-6.4.0-150700.53.73-default-x86_64-with-glibc2.38,3.12.12,3.3.0,8,AMD EPYC 7543P 32-Core Processor,1,1 x NVIDIA A100-SXM4-40GB,-2.5917,51.4535,64,machine,0.0,10.5,4.9,12.271581649780273,N,1.0,0.0
2026-09-26T18:38:17,efficientnet_lite0_batch18_node_0_upload,4aa64904-bca7-4657-8af1-e63d4a7470fe,5b0fa12a-3dd7-45bb-9766-cc326314d9f1,3.067331710830331,4.0879504780738263e-07,1.3327383092085637e-07,22.515002820000003,670.0615571529983,20.0,7.067884521588023e-08,1.6352790908058523e-06,1.46395992487669e-08,1.7205975352704993e-06,0.0,United Kingdom,GBR,england,,,Linux-6.4.0-150700.53.73-default-x86_64-with-glibc2.38,3.12.12,3.3.0,8,AMD EPYC 7543P 32-Core Processor,1,1 x NVIDIA A100-SXM4-40GB,-2.5917,51.4535,64,machine,0,0,0,0,N,1.0,0.0
2026-09-26T18:38:29,mobilevit_xxs_batch18_node_0_local_train,3fadfb1d-e86e-4a35-971d-d6c159216e19,5b0fa12a-3dd7-45bb-9766-cc326314d9f1,11.680172404740006,6.687166996646463e-05,5.725229701175216e-06,22.837044847500003,37.193433033317405,20.0,5.5521555839214336e-05,0.00017804514243380254,4.789275467499263e-05,0.0002814594529480095,0.0,United Kingdom,GBR,england,,,Linux-6.4.0-150700.53.73-default-x86_64-with-glibc2.38,3.12.12,3.3.0,8,AMD EPYC 7543P 32-Core Processor,1,1 x NVIDIA A100-SXM4-40GB,-2.5917,51.4535,64,machine,0.0,26.125,4.9,12.319182872772217,N,1.0,0.0
2026-09-26T18:38:36,mobilevit_xxs_batch18_node_0_evaluate,d24f37ef-2bbc-4c13-8064-70aa369dab0b,5b0fa12a-3dd7-45bb-9766-cc326314d9f1,6.189425898250192,2.2429073856724544e-05,3.6237729032454286e-06,22.57885218375,33.04937357488108,20.0,1.9734463771399753e-05,5.7308101403918954e-05,1.7360264318995178e-05,9.440282949431389e-05,0.0,United Kingdom,GBR,england,,,Linux-6.4.0-150700.53.73-default-x86_64-with-glibc2.38,3.12.12,3.3.0,8,AMD EPYC 7543P 32-Core Processor,1,1 x NVIDIA A100-SXM4-40GB,-2.5917,51.4535,64,machine,0.0,12.0,4.566666666666666,11.467463175455729,N,1.0,0.0
2026-09-26T18:38:41,mobilevit_xxs_batch18_node_1_local_train,05cee5e3-42d1-4a14-a97e-9c4613cec62d,5b0fa12a-3dd7-45bb-9766-cc326314d9f1,5.257669149897993,1.685998252228031e-05,3.2067408658849182e-06,22.69937998125,36.82290026234792,20.0,1.4009116015917687e-05,4.4778646937970734e-05,1.2175044761453238e-05,7.096280771534166e-05,0.0,United Kingdom,GBR,england,,,Linux-6.4.0-150700.53.73-default-x86_64-with-glibc2.38,3.12.12,3.3.0,8,AMD EPYC 7543P 32-Core Processor,1,1 x NVIDIA A100-SXM4-40GB,-2.5917,51.4535,64,machine,12.5,20.5,4.85,12.194488525390625,N,1.0,0.0
2026-09-26T18:38:48,mobilevit_xxs_batch18_node_1_evaluate,f56df81f-3087-4065-b900-1fa2961d55b4,5b0fa12a-3dd7-45bb-9766-cc326314d9f1,7.180400159209967,2.9568017327604177e-05,4.117878763299654e-06,23.088354354,384.26543293322345,20.0,2.7014062352060546e-05,7.454617075097758e-05,2.289004585602217e-05,0.0001244502789590603,0.0,United Kingdom,GBR,england,,,Linux-6.4.0-150700.53.73-default-x86_64-with-glibc2.38,3.12.12,3.3.0,8,AMD EPYC 7543P 32-Core Processor,1,1 x NVIDIA A100-SXM4-40GB,-2.5917,51.4535,64,machine,0.0,7.5,4.8,12.097623825073242,N,1.0,0.0
2026-09-26T18:38:51,mobilevit_xxs_batch18_node_0_upload,f01ee041-b174-4cae-ba1c-7cb066dd8036,5b0fa12a-3dd7-45bb-9766-cc326314d9f1,3.0677234139293432,2.5516451420858626e-08,8.317715770919343e-09,22.572476977500003,0.0,20.0,8.175897212507213e-08,0.0,2.563847228884697e-08,1.073974444139191e-07,0.0,United Kingdom,GBR,england,,,Linux-6.4.0-150700.53.73-default-x86_64-with-glibc2.38,3.12.12,3.3.0,8,AMD EPYC 7543P 32-Core Processor,1,1 x NVIDIA A100-SXM4-40GB,-2.5917,51.4535,64,machine,0,0,0,0,N,1.0,0.0
2026-09-26T18:38:54,mobilevit_xxs_batch18_node_1_upload,461ee5e0-8580-4444-a29a-4193be07dd5c,5b0fa12a-3dd7-45bb-9766-cc326314d9f1,3.0654405099339783,2.0052810578552193e-08,6.54157551372089e-09,22.50215622,0.0,20.0,6.999537453683132e-08,0.0,1.4405883848667144e-08,8.440125838549846e-08,0.0,United Kingdom,GBR,england,,,Linux-6.4.0-150700.53.73-default-x86_64-with-glibc2.38,3.12.12,3.3.0,8,AMD EPYC 7543P 32-Core Processor,1,1 x NVIDIA A100-SXM4-40GB,-2.5917,51.4535,64,machine,0,0,0,0,N,1.0,0.0
2026-09-26T18:39:15,mobilenet_v3_small_batch19_node_0_local_train,8d8cd02f-35ae-43f0-93f8-c6f00b22a67a,5b0fa12a-3dd7-45bb-9766-cc326314d9f1,11.442942833062261,5.923436300699251e-05,5.176497328628244e-06,23.0413105575,87.16953459275922,20.0,5.375700403511125e-05,0.00014899067474516414,4.656673816239668e-05,0.00024931441694267206,0.0,United Kingdom,GBR,england,,,Linux-6.4.0-150700.53.73-default-x86_64-with-glibc2.38,3.12.12,3.3.0,8,AMD EPYC 7543P 32-Core Processor,1,1 x NVIDIA A100-SXM4-40GB,-2.5917,51.4535,64,machine,0.0,10.875,4.7,11.85840129852295,N,1.0,0.0
2026-09-26T18:39:24,mobilenet_v3_small_batch19_node_0_evaluate,b158af19-5517-4b03-ba99-961baa3319e0,5b0fa12a-3dd7-45bb-9766-cc326314d9f1,8.81497496413067,3.8674856610657085e-05,4.387404021909345e-06,22.6428465375,29.658904979594023,20.0,3.615977780071577e-05,9.468090908626436e-05,3.193981478042487e-05,0.000162780501667405,0.0,United Kingdom,GBR,england,,,Linux-6.4.0-150700.53.73-default-x86_64-with-glibc2.38,3.12.12,3.3.0,8,AMD EPYC 7543P 32-Core Processor,1,1 x NVIDIA A100-SXM4-40GB,-2.5917,51.4535,64,machine,0.3,1.8,4.7,11.898571014404297,N,1.0,0.0
2026-09-26T18:39:28,mobilenet_v3_small_batch19_node_1_local_train,b188804f-16aa-4b4c-9f30-6311b34f59e0,5b0fa12a-3dd7-45bb-9766-cc326314d9f1,4.758423468098044,1.1993657947245987e-05,2.5205108430670815e-06,22.57774795125,32.10020919906165,20.0,1.076877286510389e-05,3.02683575341689e-05,9.44356503379014e-06,5.048069543306293e-05,0.0,United Kingdom,GBR,england,,,Linux-6.4.0-150700.53.73-default-x86_64-with-glibc2.38,3.12.12,3.3.0,8,AMD EPYC 7543P 32-Core Processor,1,1 x NVIDIA A100-SXM4-40GB,-2.5917,51.4535,64,machine,33.3,8.0,4.8,11.95754623413086,N,1.0,0.0
2026-09-26T18:39:35,mobilenet_v3_small_batch19_node_1_evaluate,bc4f9f5d-5e92-44e7-a114-b59afad0e7b4,5b0fa12a-3dd7-45bb-9766-cc326314d9f1,6.13537143683061,2.0610750155310737e-05,3.359332090569853e-06,22.6240423875,29.538437355419447,20.0,1.944300913358706e-05,5.0272818000962616e-05,1.7033770512272087e-05,8.674959764682177e-05,0.0,United Kingdom,GBR,england,,,Linux-6.4.0-150700.53.73-default-x86_64-with-glibc2.38,3.12.12,3.3.0,8,AMD EPYC 7543P 32-Core Processor,1,1 x NVIDIA A100-SXM4-40GB,-2.5917,51.4535,64,machine,0.0,3.3333333333333335,4.7,11.922294616699219,N,1.0,0.0
2026-09-26T18:39:38,mobilenet_v3_small_batch19_node_0_upload,ce421745-eb5f-42b3-bf67-84fa41644402,5b0fa12a-3dd7-45bb-9766-cc326314d9f1,3.067830762360245,2.0089212445725936e-08,6.548344417235793e-09,22.55821794,0.0,20.0,6.995311129433743e-08,0.0,1.4601360696057479e-08,8.455447199039491e-08,0.0,United Kingdom,GBR,england,,,Linux-6.4.0-150700.53.73-default-x86_64-with-glibc2.38,3.12.12,3.3.0,8,AMD EPYC 7543P 32-Core Processor,1,1 x NVIDIA A100-SXM4-40GB,-2.5917,51.4535,64,machine,0,0,0,0,N,1.0,0.0
2026-09-26T18:39:41,mobilenet_v3_small_batch19_node_1_upload,6ceba822-06f2-49d5-985f-4f130857ef51,5b0fa12a-3dd7-45bb-9766-cc326314d9f1,3.065328150987625,2.0594595180768253e-08,6.718561330581469e-09,22.50138894750001,0.0,20.0,7.208842418934895e-08,0.0,1.4593177992436622e-08,8.668160218178557e-08,0.0,United Kingdom,GBR,england,,,Linux-6.4.0-150700.53.73-default-x86_64-with-glibc2.38,3.12.12,3.3.0,8,AMD EPYC 7543P 32-Core Processor,1,1 x NVIDIA A100-SXM4-40GB,-2.5917,51.4535,64,machine,0,0,0,0,N,1.0,0.0
2026-09-26T18:39:44,mobilenet_v3_small_batch19_node_0_exchange,9a919838-61c8-467f-88fc-60c18edb573c,5b0fa12a-3dd7-45bb-9766-cc326314d9f1,3.086532645393163,1.9257113113129646e-08,6.23907644128503e-09,22.59609678,0.0,20.0,6.658164666592324e-08,0.0,1.4470561614467038e-08,8.105220828039028e-08,0.0,United Kingdom,GBR,england,,,Linux-6.4.0-150700.53.73-default-x86_64-with-glibc2.38,3.12.12,3.3.0,8,AMD EPYC 7543P 32-Core Processor,1,1 x NVIDIA A100-SXM4-40GB,-2.5917,51.4535,64,machine,0,0,0,0,N,1.0,0.0
2026-09-26T18:39:51,mobilenet_v3_small_batch19_node_0_evaluate,3abac700-765a-4d44-88d2-cb21e2eb71ad,5b0fa12a-3dd7-45bb-9766-cc326314d9f1,6.523514906875789,2.3321949540644598e-05,3.575058825429102e-06,22.7052919434375,29.746371228194604,20.0,2.202555807777987e-05,5.696671222210625e-05,1.9168627471663058e-05,9.816089777154918e-05,0.0,United Kingdom,GBR,england,,,Linux-6.4.0-150700.53.73-default-x86_64-with-glibc2.38,3.12.12,3.3.0,8,AMD EPYC 7543P 32-Core Processor,1,1 x NVIDIA A100-SXM4-40GB,-2.5917,51.4535,64,machine,0.0,4.0,4.8,12.035512288411459,N,1.0,0.0
2026-09-26T18:40:01,efficientnet_lite0_batch19_node_0_local_train,b60e33a9-499d-44df-98cf-9e2beb38a55f,5b0fa12a-3dd7-45bb-9766-cc326314d9f1,8.994530198164284,4.845054439225446e-05,5.386667599619917e-06,22.803323872500002,40.40976563726485,20.0,3.7864087604162736e-05,0.00013310760647300413,3.2954179562835226e-05,0.0002039258736400021,0.0,United Kingdom,GBR,england,,,Linux-6.4.0-150700.53.73-default-x86_64-with-glibc2.38,3.12.12,3.3.0,8,AMD EPYC 7543P 32-Core Processor,1,1 x NVIDIA A100-SXM4-40GB,-2.5917,51.4535,64,machine,0.0,19.8,4.8,12.067158508300782,N,1.0,0.0
2026-09-26T18:40:07,efficientnet_lite0_batch19_node_0_evaluate,e2c3e307-631b-4ae6-a91e-9ba53b1e98d1,5b0fa12a-3dd7-45bb-9766-cc326314d9f1,6.63711121538654,2.5506591923525948e-05,3.843026144325422e-06,22.648129686562505,32.82472826762468,20.0,2.257965343141762e-05,6.496921864140859e-05,1.980707421898842e-05,0.00010735594629181463,0.0,United Kingdom,GBR,england,,,Linux-6.4.0-150700.53.73-default-x86_64-with-glibc2.38,3.12.12,3.3.0,8,AMD EPYC 7543P 32-Core Processor,1,1 x NVIDIA A100-SXM4-40GB,-2.5917,51.4535,64,machine,0.0,10.0,4.8,12.043832143147787,N,1.0,0.0
2026-09-26T18:40:12,efficientnet_lite0_batch19_node_1_local_train,1264a97c-896f-4cd0-8ce0-529708f16abc,5b0fa12a-3dd7-45bb-9766-cc326314d9f1,4.312726026866585,1.0501325867427999e-05,2.434962434898223e-06,22.638104595,379.7127973624484,20.0,8.010860750650493e-06,2.9223356705188053e-05,6.965328261463179e-06,4.4199545717301726e-05,0.0,United Kingdom,GBR,england,,,Linux-6.4.0-150700.53.73-default-x86_64-with-glibc2.38,3.12.12,3.3.0,8,AMD EPYC 7543P 32-Core Processor,1,1 x NVIDIA A100-SXM4-40GB,-2.5917,51.4535,64,machine,0.0,32.0,4.8,12.063148498535156,N,1.0,0.0
2026-09-26T18:40:18,efficientnet_lite0_batch19_node_1_evaluate,08525461-9e1f-41ca-bf5e-684b7733678e,5b0fa12a-3dd7-45bb-9766-cc326314d9f1,6.135298257227987,2.1902226001826758e-05,3.5698714363272843e-06,22.6097588728125,32.64033861388176,20.0,1.939358949199575e-05,5.570976679791784e-05,1.708199741681003e-05,9.218535370672362e-05,0.0,United Kingdom,GBR,england,,,Linux-6.4.0-150700.53.73-default-x86_64-with-glibc2.38,3.12.12,3.3.0,8,AMD EPYC 7543P 32-Core Processor,1,1 x NVIDIA A100-SXM4-40GB,-2.5917,51.4535,64,machine,0.0,8.333333333333334,4.8,12.089110056559244,N,1.0,0.0
2026-09-26T18:40:21,efficientnet_lite0_batch19_node_1_upload,52b0d423-3fd8-427c-bb0e-d7cadfaee0c6,5b0fa12a-3dd7-45bb-9766-cc326314d9f1,3.0649497653357685,1.920355818114562e-08,6.265537660139057e-09,22.5000002025,0.0,20.0,6.618452667220109e-08,0.0,1.4642271627154616e-08,8.08267982993557e-08,0.0,United Kingdom,GBR,england,,,Linux-6.4.0-150700.53.73-default-x86_64-with-glibc2.38,3.12.12,3.3.0,8,AMD EPYC 7543P 32-Core Processor,1,1 x NVIDIA A100-SXM4-40GB,-2.5917,51.4535,64,machine,0,0,0,0,N,1.0,0.0
2026-09-26T18:40:36,mobilevit_xxs_batch19_node_0_local_train,682ac54a-b10d-49e8-8cf9-ac6fca14f61a,5b0fa12a-3dd7-45bb-9766-cc326314d9f1,13.614312637131661,7.972832632791655e-05,5.856213857647546e-06,22.77993646943182,35.69865379212302,20.0,6.767442116044256e-05,0.00020926405630916634,5.863398728219585e-05,0.00033557246475180477,0.0,United Kingdom,GBR,england,,,Linux-6.4.0-150700.53.73-default-x86_64-with-glibc2.38,3.12.12,3.3.0,8,AMD EPYC 7543P 32-Core Processor,1,1 x NVIDIA A100-SXM4-40GB,-2.5917,51.4535,64,machine,12.67,21.4,4.8,12.121896362304687,N,1.0,0.0
2026-09-26T18:40:42,mobilevit_xxs_batch19_node_0_evaluate,9f11fc05-4110-454b-907c-723591b8f3e2,5b0fa12a-3dd7-45bb-9766-cc326314d9f1,6.609552918933332,2.508423990694289e-05,3.795149265707226e-06,22.7158950459375,32.058249415254785,20.0,2.2682822606278566e-05,6.317477277661965e-05,1.9720692782559327e-05,0.00010557828816545753,0.0,United Kingdom,GBR,england,,,Linux-6.4.0-150700.53.73-default-x86_64-with-glibc2.38,3.12.12,3.3.0,8,AMD EPYC 7543P 32-Core Processor,1,1 x NVIDIA A100-SXM4-40GB,-2.5917,51.4535,64,machine,0.0,12.666666666666666,4.8,12.108281453450521,N,1.0,0.0
2026-09-26T18:40:47,mobilevit_xxs_batch19_node_1_local_train,09fa2a7e-d5f6-45d7-8e4d-d266acf44cec,5b0fa12a-3dd7-45bb-9766-cc326314d9f1,4.871697429101914,1.4063769917270121e-05,2.886831565781938e-06,22.667177925000004,37.26814897654023,20.0,1.1581237497670235e-05,3.752836335024767e-05,1.008409043101387e-05,5.9193691278931776e-05,0.0,United Kingdom,GBR,england,,,Linux-6.4.0-150700.53.73-default-x86_64-with-glibc2.38,3.12.12,3.3.0,8,AMD EPYC 7543P 32-Core Processor,1,1 x NVIDIA A100-SXM4-40GB,-2.5917,51.4535,64,machine,0.0,20.0,4.8,12.13006591796875,N,1.0,0.0
2026-09-26T18:40:54,mobilevit_xxs_batch19_node_1_evaluate,09e2e948-00d4-4669-a141-be67410d95b9,5b0fa12a-3dd7-45bb-9766-cc326314d9f1,6.278204671107233,2.2906832506100153e-05,3.648627865147358e-06,22.86982544625,32.34714092007961,20.0,2.074508904405581e-05,5.77889351234262e-05,1.7879667148614923e-05,9.641369131609692e-05,0.0,United Kingdom,GBR,england,,,Linux-6.4.0-150700.53.73-default-x86_64-with-glibc2.38,3.12.12,3.3.0,8,AMD EPYC 7543P 32-Core Processor,1,1 x NVIDIA A100-SXM4-40GB,-2.5917,51.4535,64,machine,0.0,8.333333333333334,4.833333333333333,12.171864827473959,N,1.0,0.0
2026-09-26T18:40:57,mobilevit_xxs_batch19_node_1_upload,498ee4df-db9a-4c68-9475-0c89f5fec931,5b0fa12a-3dd7-45bb-9766-cc326314d9f1,3.0833123149350286,2.145555632210237e-08,6.958606242441088e-09,22.517249760000002,0.0,20.0,7.1392833966654e-08,0.0,1.891250980810987e-08,9.030534377476387e-08,0.0,United Kingdom,GBR,england,,,Linux-6.4.0-150700.53.73-default-x86_64-with-glibc2.38,3.12.12,3.3.0,8,AMD EPYC 7543P 32-Core Processor,1,1 x NVIDIA A100-SXM4-40GB,-2.5917,51.4535,64,machine,0,0,0,0,N,1.0,0.0
2026-09-26T18:41:18,mobilenet_v3_small_batch20_node_0_local_train,12570eb6-7c6f-41f5-ad0c-98e00b796a0b,5b0fa12a-3dd7-45bb-9766-cc326314d9f1,13.162790110800415,7.104873960284113e-05,5.397696005540935e-06,23.74778955477273,86.46706499437067,20.0,6.616423700565195e-05,0.00017675430807173598,5.612198122156163e-05,0.00029904052629894955,0.0,United Kingdom,GBR,england,,,Linux-6.4.0-150700.53.73-default-x86_64-with-glibc2.38,3.12.12,3.3.0,8,AMD EPYC 7543P 32-Core Processor,1,1 x NVIDIA A100-SXM4-40GB,-2.5917,51.4535,64,machine,9.989999999999998,7.8,4.7299999999999995,11.94878044128418,N,1.0,0.0
2026-09-26T18:41:26,mobilenet_v3_small_batch20_node_0_evaluate,93c29516-224d-421d-8fae-4c11bb75f4dc,5b0fa12a-3dd7-45bb-9766-cc326314d9f1,7.642620442900807,3.069916445068391e-05,4.016837507507025e-06,22.548499884,29.497307724922013,20.0,2.8804315469637325e-05,7.497505997378084e-05,2.5431844144542188e-05,0.00012921121958796034,0.0,United Kingdom,GBR,england,,,Linux-6.4.0-150700.53.73-default-x86_64-with-glibc2.38,3.12.12,3.3.0,8,AMD EPYC 7543P 32-Core Processor,1,1 x NVIDIA A100-SXM4-40GB,-2.5917,51.4535,64,machine,0.0,3.0,4.8,11.98132610321045,N,1.0,0.0
2026-09-26T18:41:30,mobilenet_v3_small_batch20_node_1_local_train,2b9cc667-a74d-434d-ad3f-1c74b41a8e46,5b0fa12a-3dd7-45bb-9766-cc326314d9f1,4.609434834681451,1.112563869564544e-05,2.4136665545059843e-06,22.549444171875002,33.54874508233196,20.0,9.712058325426487e-06,2.8581411754657893e-05,8.533776533376012e-06,4.682724661346039e-05,0.0,United Kingdom,GBR,england,,,Linux-6.4.0-150700.53.73-default-x86_64-with-glibc2.38,3.12.12,3.3.0,8,AMD EPYC 7543P 32-Core Processor,1,1 x NVIDIA A100-SXM4-40GB,-2.5917,51.4535,64,machine,0.0,12.0,4.8,12.030323028564453,N,1.0,0.0
2026-09-26T18:41:36,mobilenet_v3_small_batch20_node_1_evaluate,45f58da1-27fe-4eb6-8b29-ed59d2f9245e,5b0fa12a-3dd7-45bb-9766-cc326314d9f1,5.857573528774083,1.908995029502792e-05,3.25902017298675e-06,22.68163875375,30.359440583531047,20.0,1.7744232361990222e-05,4.7074204331920555e-05,1.5530191799108353e-05,8.034862849301913e-05,0.0,United Kingdom,GBR,england,,,Linux-6.4.0-150700.53.73-default-x86_64-with-glibc2.38,3.12.12,3.3.0,8,AMD EPYC 7543P 32-Core Processor,1,1 x NVIDIA A100-SXM4-40GB,-2.5917,51.4535,64,machine,0.0,2.5,4.8,12.002439498901367,N,1.0,0.0
2026-09-26T18:41:39,mobilenet_v3_small_batch20_node_0_upload,ab26824c-cf05-4da1-a99e-31efd4c9fb30,5b0fa12a-3dd7-45bb-9766-cc326314d9f1,3.0756302308291197,4.09813471100647e-07,1.3324536447613556e-07,22.5139565025,679.382606872075,20.0,6.998485071311806e-08,1.6402791089831226e-06,1.4620067344771491e-08,1.724884027041012e-06,0.0,United Kingdom,GBR,england,,,Linux-6.4.0-150700.53.73-default-x86_64-with-glibc2.38,3.12.12,3.3.0,8,AMD EPYC 7543P 32-Core Processor,1,1 x NVIDIA A100-SXM4-40GB,-2.5917,51.4535,64,machine,0,0,0,0,N,1.0,0.0
2026-09-26T18:41:43,mobilenet_v3_small_batch20_node_1_upload,0258d98b-d9f2-4010-9fd9-d4195e4a976e,5b0fa12a-3dd7-45bb-9766-cc326314d9f1,3.1787322582677007,7.737324867804533e-07,2.434091404735392e-07,23.897954902500004,24.440429699003165,20.0,9.269410776670369e-07,1.6430568763325937e-06,6.866026747350892e-07,3.25660062873472e-06,0.0,United Kingdom,GBR,england,,,Linux-6.4.0-150700.53.73-default-x86_64-with-glibc2.38,3.12.12,3.3.0,8,AMD EPYC 7543P 32-Core Processor,1,1 x NVIDIA A100-SXM4-40GB,-2.5917,51.4535,64,machine,0,0,0,0,N,1.0,0.0
2026-09-26T18:41:46,mobilenet_v3_small_batch20_node_0_exchange,f936facf-9833-490e-a4f4-db90f00ab5ea,5b0fa12a-3dd7-45bb-9766-cc326314d9f1,3.0725294472649693,1.9190185959369207e-08,6.24572889820518e-09,22.506032677500002,0.0,20.0,6.626666925049844e-08,0.0,1.4503846048480934e-08,8.077051529897937e-08,0.0,United Kingdom,GBR,england,,,Linux-6.4.0-150700.53.73-default-x86_64-with-glibc2.38,3.12.12,3.3.0,8,AMD EPYC 7543P 32-Core Processor,1,1 x NVIDIA A100-SXM4-40GB,-2.5917,51.4535,64,machine,0,0,0,0,N,1.0,0.0
2026-09-26T18:41:52,mobilenet_v3_small_batch20_node_0_evaluate,7fc32e69-771f-4443-816a-a71cfa4c4b87,5b0fa12a-3dd7-45bb-9766-cc326314d9f1,6.240887125954032,2.1724956334065972e-05,3.4810686198310183e-06,22.5907524,30.491742170470793,20.0,2.008475190996867e-05,5.372170964790257e-05,1.763277314603329e-05,9.143923470390452e-05,0.0,United Kingdom,GBR,england,,,Linux-6.4.0-150700.53.73-default-x86_64-with-glibc2.38,3.12.12,3.3.0,8,AMD EPYC 7543P 32-Core Processor,1,1 x NVIDIA A100-SXM4-40GB,-2.5917,51.4535,64,machine,0.0,4.0,4.4,11.037371317545572,N,1.0,0.0
2026-09-26T18:42:03,efficientnet_lite0_batch20_node_0_local_train,fc1cc859-a4fb-44bf-a3da-ed79f12ced8b,5b0fa12a-3dd7-45bb-9766-cc326314d9f1,9.634449597913772,5.266674596324993e-05,5.466502826965258e-06,22.849798152857144,39.16506252690943,20.0,4.2388473761726215e-05,0.00014280122536547424,3.6481952183466e-05,0.00022167165131066645,0.0,United Kingdom,GBR,england,,,Linux-6.4.0-150700.53.73-default-x86_64-with-glibc2.38,3.12.12,3.3.0,8,AMD EPYC 7543P 32-Core Processor,1,1 x NVIDIA A100-SXM4-40GB,-2.5917,51.4535,64,machine,0.0,28.5,4.716666666666667,11.93167241414388,N,1.0,0.0
2026-09-26T18:42:09,efficientnet_lite0_batch20_node_0_evaluate,6807f16e-2f97-4ff1-9934-54940b99554b,5b0fa12a-3dd7-45bb-9766-cc326314d9f1,6.582096493802965,2.5244956388657374e-05,3.835397492641663e-06,22.6462965046875,33.01260663435461,20.0,2.2326834594032087e-05,6.440449597278075e-05,1.9523405084489948e-05,0.00010625473565130278,0.0,United Kingdom,GBR,england,,,Linux-6.4.0-150700.53.73-default-x86_64-with-glibc2.38,3.12.12,3.3.0,8,AMD EPYC 7543P 32-Core Processor,1,1 x NVIDIA A100-SXM4-40GB,-2.5917,51.4535,64,machine,0.0,8.666666666666666,4.7,11.88400395711263,N,1.0,0.0
2026-09-26T18:42:14,efficientnet_lite0_batch20_node_1_local_train,61e6da2c-390f-4d0f-86be-0a9a811a6108,5b0fa12a-3dd7-45bb-9766-cc326314d9f1,4.304200166836381,1.0491242988279798e-05,2.4374430978173907e-06,22.941138757500006,42.22966247174221,20.0,8.071903262705098e-06,2.9164745541265802e-05,6.92045858854221e-06,4.415710739251311e-05,0.0,United Kingdom,GBR,england,,,Linux-6.4.0-150700.53.73-default-x86_64-with-glibc2.38,3.12.12,3.3.0,8,AMD EPYC 7543P 32-Core Processor,1,1 x NVIDIA A100-SXM4-40GB,-2.5917,51.4535,64,machine,0.0,18.0,4.8,11.971508026123047,N,1.0,0.0
2026-09-26T18:42:21,efficientnet_lite0_batch20_node_1_evaluate,2ded300d-c529-4ef3-9ce6-9b0882326d5f,5b0fa12a-3dd7-45bb-9766-cc326314d9f1,7.402053494937718,3.0782925934726046e-05,4.158700819411608e-06,22.777005865500005,32.33130489814089,20.0,2.7719101739807012e-05,7.777478444381813e-05,2.4069881224487393e-05,0.00012956376740811253,0.0,United Kingdom,GBR,england,,,Linux-6.4.0-150700.53.73-default-x86_64-with-glibc2.38,3.12.12,3.3.0,8,AMD EPYC 7543P 32-Core Processor,1,1 x NVIDIA A100-SXM4-40GB,-2.5917,51.4535,64,machine,0.0,7.5,4.7,11.888826370239258,N,1.0,0.0
2026-09-26T18:42:35,mobilevit_xxs_batch20_node_0_local_train,be14e3ef-d2be-4ce9-a869-336d51d03b97,5b0fa12a-3dd7-45bb-9766-cc326314d9f1,12.813315640203655,7.424783519915778e-05,5.794584109533236e-06,22.82830889625,36.08077567062425,20.0,6.27436743425359e-05,0.00019554960088896678,5.42120814944307e-05,0.0003125053567259334,0.0,United Kingdom,GBR,england,,,Linux-6.4.0-150700.53.73-default-x86_64-with-glibc2.38,3.12.12,3.3.0,8,AMD EPYC 7543P 32-Core Processor,1,1 x NVIDIA A100-SXM4-40GB,-2.5917,51.4535,64,machine,0.0,24.0,4.788888888888889,11.99440426296658,N,1.0,0.0
2026-09-26T18:42:41,mobilevit_xxs_batch20_node_0_evaluate,56e535ea-c4e9-4ac4-acd3-0cc71c71066b,5b0fa12a-3dd7-45bb-9766-cc326314d9f1,6.202585726976395,2.233188888450291e-05,3.6004159986659543e-06,22.5681061921875,32.43179560662178,20.0,1.9857466359800454e-05,5.665337866389564e-05,1.7482937872409823e-05,9.399378289610591e-05,0.0,United Kingdom,GBR,england,,,Linux-6.4.0-150700.53.73-default-x86_64-with-glibc2.38,3.12.12,3.3.0,8,AMD EPYC 7543P 32-Core Processor,1,1 x NVIDIA A100-SXM4-40GB,-2.5917,51.4535,64,machine,0.0,11.0,4.8,11.953089396158854,N,1.0,0.0
2026-09-26T18:42:46,mobilevit_xxs_batch20_node_1_local_train,c2884f1d-13b1-44cd-9a56-33898b305e34,5b0fa12a-3dd7-45bb-9766-cc326314d9f1,4.958496883977205,1.4630982347434868e-05,2.950689027296388e-06,22.536225478125,37.141945684476994,20.0,1.1962783200552096e-05,3.9081697934761905e-05,1.0536578372638259e-05,6.158105950795226e-05,0.0,United Kingdom,GBR,england,,,Linux-6.4.0-150700.53.73-default-x86_64-with-glibc2.38,3.12.12,3.3.0,8,AMD EPYC 7543P 32-Core Processor,1,1 x NVIDIA A100-SXM4-40GB,-2.5917,51.4535,64,machine,0.0,19.0,4.8,11.97940444946289,N,1.0,0.0
2026-09-26T18:42:54,mobilevit_xxs_batch20_node_1_evaluate,ede441bd-16ac-4ade-b93b-08a0b9256877,5b0fa12a-3dd7-45bb-9766-cc326314d9f1,7.147241190075874,2.871787363125931e-05,4.0180361719336975e-06,22.918862360250003,31.587768284485847,20.0,2.6468600992808215e-05,7.169283512098445e-05,2.2710631327289676e-05,0.00012087206744108235,0.0,United Kingdom,GBR,england,,,Linux-6.4.0-150700.53.73-default-x86_64-with-glibc2.38,3.12.12,3.3.0,8,AMD EPYC 7543P 32-Core Processor,1,1 x NVIDIA A100-SXM4-40GB,-2.5917,51.4535,64,machine,0.0,6.5,4.75,11.948588371276855,N,1.0,0.0
2026-09-26T18:42:57,mobilevit_xxs_batch20_node_0_upload,711dd16a-69b2-4a45-ac8d-378b60c189f3,5b0fa12a-3dd7-45bb-9766-cc326314d9f1,3.0671942071057856,2.473562137733101e-08,8.064576191499664e-09,22.517249760000002,0.0,20.0,8.328959351621141e-08,0.0,2.082137701412042e-08,1.0411097053033182e-07,0.0,United Kingdom,GBR,england,,,Linux-6.4.0-150700.53.73-default-x86_64-with-glibc2.38,3.12.12,3.3.0,8,AMD EPYC 7543P 32-Core Processor,1,1 x NVIDIA A100-SXM4-40GB,-2.5917,51.4535,64,machine,0,0,0,0,N,1.0,0.0
2026-09-26T18:43:16,mobilenet_v3_small_batch21_node_0_local_train,f874c8b0-f777-4f98-8f69-dfc31d122303,5b0fa12a-3dd7-45bb-9766-cc326314d9f1,10.947719814721495,5.5424849966223126e-05,5.062684367542257e-06,22.8253663940625,31.97803651175824,20.0,5.030527349116206e-05,0.00013916094465571405,4.381415243519263e-05,0.00023328037058206874,0.0,United Kingdom,GBR,england,,,Linux-6.4.0-150700.53.73-default-x86_64-with-glibc2.38,3.12.12,3.3.0,8,AMD EPYC 7543P 32-Core Processor,1,1 x NVIDIA A100-SXM4-40GB,-2.5917,51.4535,64,machine,0.0,11.857142857142858,4.7,11.812125614711217,N,1.0,0.0
2026-09-26T18:43:24,mobilenet_v3_small_batch21_node_0_evaluate,ab875763-f54a-4199-b9a6-99394ac4631f,5b0fa12a-3dd7-45bb-9766-cc326314d9f1,8.048151168972254,3.3832069444334896e-05,4.203707004754887e-06,22.565984766750002,30.050831518261003,20.0,3.142892839204077e-05,8.325089993377333e-05,2.7717628813762632e-05,0.00014239745713957673,0.0,United Kingdom,GBR,england,,,Linux-6.4.0-150700.53.73-default-x86_64-with-glibc2.38,3.12.12,3.3.0,8,AMD EPYC 7543P 32-Core Processor,1,1 x NVIDIA A100-SXM4-40GB,-2.5917,51.4535,64,machine,0.0,1.75,4.7,11.83952522277832,N,1.0,0.0
2026-09-26T18:43:30,mobilenet_v3_small_batch21_node_1_local_train,92129a84-9a06-48b5-9ebf-08f3a8149ae7,5b0fa12a-3dd7-45bb-9766-cc326314d9f1,5.720038929022849,1.816223941023498e-05,3.175195070453415e-06,22.66259346,30.496232291989585,20.0,1.681277178140947e-05,4.489531367823929e-05,1.473585516990473e-05,7.644394062955348e-05,0.0,United Kingdom,GBR,england,,,Linux-6.4.0-150700.53.73-default-x86_64-with-glibc2.38,3.12.12,3.3.0,8,AMD EPYC 7543P 32-Core Processor,1,1 x NVIDIA A100-SXM4-40GB,-2.5917,51.4535,64,machine,0.0,3.5,4.7,11.890848159790039,N,1.0,0.0
2026-09-26T18:43:36,mobilenet_v3_small_batch21_node_1_evaluate,495850ec-8a86-4935-a203-d0b2d53c582f,5b0fa12a-3dd7-45bb-9766-cc326314d9f1,6.412867142818868,2.2934421938164862e-05,3.5763132819376805e-06,22.5452084034375,30.54571498355999,20.0,2.1096857705045848e-05,5.681782322142226e-05,1.8615132903990643e-05,9.652981383045875e-05,0.0,United Kingdom,GBR,england,,,Linux-6.4.0-150700.53.73-default-x86_64-with-glibc2.38,3.12.12,3.3.0,8,AMD EPYC 7543P 32-Core Processor,1,1 x NVIDIA A100-SXM4-40GB,-2.5917,51.4535,64,machine,0.0,4.0,4.733333333333333,11.916427612304688,N,1.0,0.0
2026-09-26T18:43:39,mobilenet_v3_small_batch21_node_0_upload,7a99a974-1c2f-491e-ab9b-47d9914866da,5b0fa12a-3dd7-45bb-9766-cc326314d9f1,3.062223083805293,4.151201523329227e-07,1.3556169520382256e-07,22.5000002025,623.133439534434,20.0,7.488906916575854e-08,1.6522235313232159e-06,2.010697757618295e-08,1.7472195780651574e-06,0.0,United Kingdom,GBR,england,,,Linux-6.4.0-150700.53.73-default-x86_64-with-glibc2.38,3.12.12,3.3.0,8,AMD EPYC 7543P 32-Core Processor,1,1 x NVIDIA A100-SXM4-40GB,-2.5917,51.4535,64,machine,0,0,0,0,N,1.0,0.0
2026-09-26T18:43:43,mobilenet_v3_small_batch21_node_1_upload,bed94212-b53b-4a38-bca1-c342bda00958,5b0fa12a-3dd7-45bb-9766-cc326314d9f1,3.064033085014671,4.0902580880664413e-07,1.3349262147562146e-07,22.500001620000003,742.2912420986198,20.0,6.524746892437623e-08,1.6416679784470034e-06,1.4653349191778238e-08,1.721568796563158e-06,0.0,United Kingdom,GBR,england,,,Linux-6.4.0-150700.53.73-default-x86_64-with-glibc2.38,3.12.12,3.3.0,8,AMD EPYC 7543P 32-Core Processor,1,1 x NVIDIA A100-SXM4-40GB,-2.5917,51.4535,64,machine,0,0,0,0,N,1.0,0.0
2026-09-26T18:43:46,mobilenet_v3_small_batch21_node_0_exchange,2ffcd138-eaf7-4d45-a596-3766132521b8,5b0fa12a-3dd7-45bb-9766-cc326314d9f1,3.0901658893562853,4.1321708348314865e-07,1.3372003260615443e-07,22.652598127500003,712.9122526389177,20.0,8.148610342388996e-08,1.643334641698857e-06,1.438891308175193e-08,1.7392096582044988e-06,0.0,United Kingdom,GBR,england,,,Linux-6.4.0-150700.53.73-default-x86_64-with-glibc2.38,3.12.12,3.3.0,8,AMD EPYC 7543P 32-Core Processor,1,1 x NVIDIA A100-SXM4-40GB,-2.5917,51.4535,64,machine,0,0,0,0,N,1.0,0.0
2026-09-26T18:43:52,mobilenet_v3_small_batch21_node_0_evaluate,4111a3f0-c232-4dec-a8ea-dcb8b4812c4a,5b0fa12a-3dd7-45bb-9766-cc326314d9f1,6.606305826921016,2.3965862788236707e-05,3.6277253000572055e-06,22.621577861250003,29.85471164728473,20.0,2.2389763576696977e-05,5.877893592298733e-05,1.9702396334873305e-05,0.0001008710958345576,0.0,United Kingdom,GBR,england,,,Linux-6.4.0-150700.53.73-default-x86_64-with-glibc2.38,3.12.12,3.3.0,8,AMD EPYC 7543P 32-Core Processor,1,1 x NVIDIA A100-SXM4-40GB,-2.5917,51.4535,64,machine,0.0,3.3333333333333335,4.7,11.902582804361979,N,1.0,0.0
2026-09-26T18:44:04,efficientnet_lite0_batch21_node_0_local_train,d532ae81-e76b-4a36-8238-160e6af57d7e,5b0fa12a-3dd7-45bb-9766-cc326314d9f1,10.14404999371618,5.658809081107967e-05,5.578451490887137e-06,22.862360777343753,38.962548684612464,20.0,4.569378098867384e-05,0.00015315901141832455,3.932359964431574e-05,0.00023817639205131412,0.0,United Kingdom,GBR,england,,,Linux-6.4.0-150700.53.73-default-x86_64-with-glibc2.38,3.12.12,3.3.0,8,AMD EPYC 7543P 32-Core Processor,1,1 x NVIDIA A100-SXM4-40GB,-2.5917,51.4535,64,machine,0.0,23.428571428571427,4.8,11.988158089773995,N,1.0,0.0
2026-09-26T18:44:10,efficientnet_lite0_batch21_node_0_evaluate,4fa972a8-ee41-473f-af35-d2e3773be73d,5b0fa12a-3dd7-45bb-9766-cc326314d9f1,6.876583283301443,2.741048818427416e-05,3.9860621263521445e-06,22.834747485,32.79492903998786,20.0,2.464084736844931e-05,6.951672227728523e-05,2.121177903738701e-05,0.00011536934868312153,0.0,United Kingdom,GBR,england,,,Linux-6.4.0-150700.53.73-default-x86_64-with-glibc2.38,3.12.12,3.3.0,8,AMD EPYC 7543P 32-Core Processor,1,1 x NVIDIA A100-SXM4-40GB,-2.5917,51.4535,64,machine,0.0,10.333333333333334,4.733333333333333,11.94549814860026,N,1.0,0.0
2026-09-26T18:44:15,efficientnet_lite0_batch21_node_1_local_train,dcbc5559-6957-4e6c-9d31-9e397d434848,5b0fa12a-3dd7-45bb-9766-cc326314d9f1,4.3916819067671895,1.0604404176714038e-05,2.4146567082587648e-06,22.621053183750004,38.80314488562458,20.0,8.501936069378015e-06,2.871668964132823e-05,7.414771360345185e-06,4.463339707105143e-05,0.0,United Kingdom,GBR,england,,,Linux-6.4.0-150700.53.73-default-x86_64-with-glibc2.38,3.12.12,3.3.0,8,AMD EPYC 7543P 32-Core Processor,1,1 x NVIDIA A100-SXM4-40GB,-2.5917,51.4535,64,machine,0.0,30.0,4.8,12.003410339355469,N,1.0,0.0
2026-09-26T18:44:21,efficientnet_lite0_batch21_node_1_evaluate,8eca7a3c-805e-4a3d-b9d9-83a11f44f226,5b0fa12a-3dd7-45bb-9766-cc326314d9f1,6.241227481979877,2.270935313136225e-05,3.638603655599854e-06,22.862944521562504,32.575866541039716,20.0,2.0556778568675538e-05,5.739310147134802e-05,1.763263064591835e-05,9.55825106859419e-05,0.0,United Kingdom,GBR,england,,,Linux-6.4.0-150700.53.73-default-x86_64-with-glibc2.38,3.12.12,3.3.0,8,AMD EPYC 7543P 32-Core Processor,1,1 x NVIDIA A100-SXM4-40GB,-2.5917,51.4535,64,machine,0.0,7.0,4.766666666666667,11.960035959879557,N,1.0,0.0
2026-09-26T18:44:24,efficientnet_lite0_batch21_node_0_upload,dcf08ec4-1f8f-41a1-bc36-6c337e6ecfe7,5b0fa12a-3dd7-45bb-9766-cc326314d9f1,3.0735401497222483,1.986275128154311e-08,6.462499370095452e-09,22.5184528125,0.0,20.0,6.905677657462512e-08,0.0,1.4544531909955873e-08,8.360130848458099e-08,0.0,United Kingdom,GBR,england,,,Linux-6.4.0-150700.53.73-default-x86_64-with-glibc2.38,3.12.12,3.3.0,8,AMD EPYC 7543P 32-Core Processor,1,1 x NVIDIA A100-SXM4-40GB,-2.5917,51.4535,64,machine,0,0,0,0,N,1.0,0.0
2026-09-26T18:44:38,mobilevit_xxs_batch21_node_0_local_train,716d03ad-0b9a-4542-a0b3-6667312ee10b,5b0fa12a-3dd7-45bb-9766-cc326314d9f1,12.810235012788326,7.406781738720989e-05,5.781924946206588e-06,22.55647463775,36.2366539353277,20.0,6.132751427120799e-05,0.00019624849032595648,5.4171666327036096e-05,0.00031174767092420055,0.0,United Kingdom,GBR,england,,,Linux-6.4.0-150700.53.73-default-x86_64-with-glibc2.38,3.12.12,3.3.0,8,AMD EPYC 7543P 32-Core Processor,1,1 x NVIDIA A100-SXM4-40GB,-2.5917,51.4535,64,machine,0.0,25.666666666666668,4.8,12.029841105143229,N,1.0,0.0
2026-09-26T18:44:45,mobilevit_xxs_batch21_node_0_evaluate,65f510b6-c005-45db-9d14-d9c49a267099,5b0fa12a-3dd7-45bb-9766-cc326314d9f1,6.558618830051273,2.4835475232056756e-05,3.786692880864156e-06,22.63232068875,32.52464843237874,20.0,2.2051175289862303e-05,6.307338379940575e-05,1.9406691229798728e-05,0.00010453125031906678,0.0,United Kingdom,GBR,england,,,Linux-6.4.0-150700.53.73-default-x86_64-with-glibc2.38,3.12.12,3.3.0,8,AMD EPYC 7543P 32-Core Processor,1,1 x NVIDIA A100-SXM4-40GB,-2.5917,51.4535,64,machine,0.0,13.333333333333334,4.8,12.02190907796224,N,1.0,0.0
2026-09-26T18:44:50,mobilevit_xxs_batch21_node_1_local_train,b77ef9ba-10fe-4435-a768-c8b10aeb2c81,5b0fa12a-3dd7-45bb-9766-cc326314d9f1,5.085586822126061,1.527600673376831e-05,3.003784473269907e-06,22.638995932500002,35.94597568161011,20.0,1.281087402875915e-05,4.0264198887030034e-05,1.1220861381540697e-05,6.429593429732988e-05,0.0,United Kingdom,GBR,england,,,Linux-6.4.0-150700.53.73-default-x86_64-with-glibc2.38,3.12.12,3.3.0,8,AMD EPYC 7543P 32-Core Processor,1,1 x NVIDIA A100-SXM4-40GB,-2.5917,51.4535,64,machine,0.0,25.0,4.8,12.009918212890625,N,1.0,0.0
2026-09-26T18:44:56,mobilevit_xxs_batch21_node_1_evaluate,a6f025a7-bf4b-4e5a-8a7d-24f2ad9ec840,5b0fa12a-3dd7-45bb-9766-cc326314d9f1,6.390349153894931,2.3437418938687082e-05,3.667627288315213e-06,22.58411941125,31.952477050759384,20.0,2.1047295072982663e-05,5.9091713936254564e-05,1.8507893577528497e-05,9.864690258676572e-05,0.0,United Kingdom,GBR,england,,,Linux-6.4.0-150700.53.73-default-x86_64-with-glibc2.38,3.12.12,3.3.0,8,AMD EPYC 7543P 32-Core Processor,1,1 x NVIDIA A100-SXM4-40GB,-2.5917,51.4535,64,machine,0.0,10.333333333333334,4.4,11.010181427001953,N,1.0,0.0
2026-09-26T18:45:00,mobilevit_xxs_batch21_node_1_upload,ffb9a785-6533-44e1-a95c-322a0d469d02,5b0fa12a-3dd7-45bb-9766-cc326314d9f1,3.067247430793941,1.9322188674969294e-08,6.299520697607316e-09,22.5006834375,0.0,20.0,6.688543667187659e-08,0.0,1.4440671333836185e-08,8.132610800571278e-08,0.0,United Kingdom,GBR,england,,,Linux-6.4.0-150700.53.73-default-x86_64-with-glibc2.38,3.12.12,3.3.0,8,AMD EPYC 7543P 32-Core Processor,1,1 x NVIDIA A100-SXM4-40GB,-2.5917,51.4535,64,machine,0,0,0,0,N,1.0,0.0
2026-09-26T18:45:17,mobilenet_v3_small_batch22_node_0_local_train,6b95e6fe-e278-40e7-a0ef-3652466b0c26,5b0fa12a-3dd7-45bb-9766-cc326314d9f1,9.658611058723181,4.6186527302691916e-05,4.7819015614029225e-06,22.936346985535714,85.77366814267262,20.0,4.279010981779045e-05,0.00011501120312118474,3.6595428083091976e-05,0.00019439674102206717,0.0,United Kingdom,GBR,england,,,Linux-6.4.0-150700.53.73-default-x86_64-with-glibc2.38,3.12.12,3.3.0,8,AMD EPYC 7543P 32-Core Processor,1,1 x NVIDIA A100-SXM4-40GB,-2.5917,51.4535,64,machine,0.0,5.833333333333333,4.6,11.572151184082031,N,1.0,0.0
2026-09-26T18:45:28,mobilenet_v3_small_batch22_node_0_evaluate,1dd155b1-da01-4fcf-b795-a18fd2449450,5b0fa12a-3dd7-45bb-9766-cc326314d9f1,10.871138296090066,5.2747408250302963e-05,4.852059353276206e-06,22.73061673265625,29.725907136612374,20.0,4.968570711441466e-05,0.0001289348253692424,4.3390622284884256e-05,0.0002220111547685413,0.0,United Kingdom,GBR,england,,,Linux-6.4.0-150700.53.73-default-x86_64-with-glibc2.38,3.12.12,3.3.0,8,AMD EPYC 7543P 32-Core Processor,1,1 x NVIDIA A100-SXM4-40GB,-2.5917,51.4535,64,machine,0.0,1.1428571428571428,4.542857142857143,11.434241703578405,N,1.0,0.0
2026-09-26T18:45:33,mobilenet_v3_small_batch22_node_1_local_train,d06bbcd1-e818-4fff-b0aa-d054f4ee1392,5b0fa12a-3dd7-45bb-9766-cc326314d9f1,4.280918689910322,8.500261691215738e-06,1.9856162443005435e-06,22.87610254125,31.165577810781297,20.0,7.936917877406537e-06,2.1063627968942455e-05,6.7766226724618e-06,3.57771685188108e-05,0.0,United Kingdom,GBR,england,,,Linux-6.4.0-150700.53.73-default-x86_64-with-glibc2.38,3.12.12,3.3.0,8,AMD EPYC 7543P 32-Core Processor,1,1 x NVIDIA A100-SXM4-40GB,-2.5917,51.4535,64,machine,0.0,12.0,4.5,11.383232116699219,N,1.0,0.0
2026-09-26T18:45:40,mobilenet_v3_small_batch22_node_1_evaluate,9fd55472-c08e-4a03-b734-f9734e304295,5b0fa12a-3dd7-45bb-9766-cc326314d9f1,7.057332935277373,2.7322373396315864e-05,3.871487096738765e-06,22.953773896875003,30.15741401422541,20.0,2.5950774915922406e-05,6.685672015294131e-05,2.2190982959647145e-05,0.00011499847802851086,0.0,United Kingdom,GBR,england,,,Linux-6.4.0-150700.53.73-default-x86_64-with-glibc2.38,3.12.12,3.3.0,8,AMD EPYC 7543P 32-Core Processor,1,1 x NVIDIA A100-SXM4-40GB,-2.5917,51.4535,64,machine,0.0,2.6666666666666665,4.5,11.351543426513672,N,1.0,0.0
2026-09-26T18:45:43,mobilenet_v3_small_batch22_node_0_upload,5362f927-e50f-463a-983f-a98459d016d2,5b0fa12a-3dd7-45bb-9766-cc326314d9f1,3.080862625967711,1.97809205064778e-08,6.420578554769067e-09,22.7480712075,0.0,20.0,6.848971458773728e-08,0.0,1.4767172332439158e-08,8.325688692017644e-08,0.0,United Kingdom,GBR,england,,,Linux-6.4.0-150700.53.73-default-x86_64-with-glibc2.38,3.12.12,3.3.0,8,AMD EPYC 7543P 32-Core Processor,1,1 x NVIDIA A100-SXM4-40GB,-2.5917,51.4535,64,machine,0,0,0,0,N,1.0,0.0
2026-09-26T18:45:46,mobilenet_v3_small_batch22_node_0_exchange,de182128-ac98-449b-a737-8fe9c1bb834b,5b0fa12a-3dd7-45bb-9766-cc326314d9f1,3.074352191761136,2.4824944900870425e-08,8.074853937489026e-09,22.696485547500004,0.0,20.0,8.008121187651094e-08,0.0,2.4405716814928584e-08,1.0448692869143952e-07,0.0,United Kingdom,GBR,england,,,Linux-6.4.0-150700.53.73-default-x86_64-with-glibc2.38,3.12.12,3.3.0,8,AMD EPYC 7543P 32-Core Processor,1,1 x NVIDIA A100-SXM4-40GB,-2.5917,51.4535,64,machine,0,0,0,0,N,1.0,0.0
2026-09-26T18:45:53,mobilenet_v3_small_batch22_node_0_evaluate,50591501-51d3-4743-971a-6ab2d238db7c,5b0fa12a-3dd7-45bb-9766-cc326314d9f1,6.7183243916369975,2.5233895803597405e-05,3.755980558933516e-06,23.1294772996875,30.50619368594211,20.0,2.3904484038880284e-05,6.196977180650265e-05,2.0333926366745598e-05,0.00010620818221212853,0.0,United Kingdom,GBR,england,,,Linux-6.4.0-150700.53.73-default-x86_64-with-glibc2.38,3.12.12,3.3.0,8,AMD EPYC 7543P 32-Core Processor,1,1 x NVIDIA A100-SXM4-40GB,-2.5917,51.4535,64,machine,23.8,4.0,4.5,11.382929484049479,N,1.0,0.0
2026-09-26T18:46:01,efficientnet_lite0_batch22_node_0_local_train,fb91095d-e034-48cf-8d03-f6e38fd8cee7,5b0fa12a-3dd7-45bb-9766-cc326314d9f1,6.761439620051533,3.009374075967619e-05,4.450788951872179e-06,23.080716008437502,40.08070211413692,20.0,2.397771920050124e-05,8.21697879587191e-05,2.0515514949026206e-05,0.00012666302210824655,0.0,United Kingdom,GBR,england,,,Linux-6.4.0-150700.53.73-default-x86_64-with-glibc2.38,3.12.12,3.3.0,8,AMD EPYC 7543P 32-Core Processor,1,1 x NVIDIA A100-SXM4-40GB,-2.5917,51.4535,64,machine,0.0,23.0,4.566666666666666,11.468888600667318,N,1.0,0.0
2026-09-26T18:46:08,efficientnet_lite0_batch22_node_0_evaluate,c89c5bd9-34e7-4c87-9d2e-ed303d55c013,5b0fa12a-3dd7-45bb-9766-cc326314d9f1,6.548718856181949,2.49054750970708e-05,3.8031064768584758e-06,23.109004524375003,32.41667388891128,20.0,2.2793403126547545e-05,6.267060568632132e-05,1.9361867372774418e-05,0.00010482587618564329,0.0,United Kingdom,GBR,england,,,Linux-6.4.0-150700.53.73-default-x86_64-with-glibc2.38,3.12.12,3.3.0,8,AMD EPYC 7543P 32-Core Processor,1,1 x NVIDIA A100-SXM4-40GB,-2.5917,51.4535,64,machine,0.0,10.0,4.533333333333333,11.437792460123697,N,1.0,0.0
2026-09-26T18:46:12,efficientnet_lite0_batch22_node_1_local_train,856f3c25-7c57-47f9-9e27-0554efd44bde,5b0fa12a-3dd7-45bb-9766-cc326314d9f1,3.8989741052500904,7.084165993498219e-06,1.8169307623662256e-06,23.12812827,43.60401889400144,20.0,5.462256596830693e-06,1.9792515843164438e-05,4.562121412406365e-06,2.9816893852401496e-05,0.0,United Kingdom,GBR,england,,,Linux-6.4.0-150700.53.73-default-x86_64-with-glibc2.38,3.12.12,3.3.0,8,AMD EPYC 7543P 32-Core Processor,1,1 x NVIDIA A100-SXM4-40GB,-2.5917,51.4535,64,machine,0,0,0,0,N,1.0,0.0
2026-09-26T18:46:18,efficientnet_lite0_batch22_node_1_evaluate,9b89f260-085d-4306-b133-2095ab777759,5b0fa12a-3dd7-45bb-9766-cc326314d9f1,6.175629639998078,2.262100359723475e-05,3.6629469245895045e-06,23.034136123125002,33.44247842823294,20.0,2.025190480806229e-05,5.769310170933295e-05,1.7265645479266013e-05,9.521065199666126e-05,0.0,United Kingdom,GBR,england,,,Linux-6.4.0-150700.53.73-default-x86_64-with-glibc2.38,3.12.12,3.3.0,8,AMD EPYC 7543P 32-Core Processor,1,1 x NVIDIA A100-SXM4-40GB,-2.5917,51.4535,64,machine,0.0,9.666666666666666,4.5,11.437444051106771,N,1.0,0.0
2026-09-26T18:46:28,mobilevit_xxs_batch22_node_0_local_train,f05e17f2-1345-487a-a0a6-cfd2cd1e053f,5b0fa12a-3dd7-45bb-9766-cc326314d9f1,8.577631688676775,4.2458243513403234e-05,4.949879530203172e-06,22.991218290000003,36.773068597395316,20.0,3.563878471990907e-05,0.00011246731219216599,3.0598487531662814e-05,0.00017870458444373786,0.0,United Kingdom,GBR,england,,,Linux-6.4.0-150700.53.73-default-x86_64-with-glibc2.38,3.12.12,3.3.0,8,AMD EPYC 7543P 32-Core Processor,1,1 x NVIDIA A100-SXM4-40GB,-2.5917,51.4535,64,machine,0.0,26.0,4.54,11.439059448242187,N,1.0,0.0
2026-09-26T18:46:34,mobilevit_xxs_batch22_node_0_evaluate,7aa88d0a-0c56-4cf6-9e4e-3e1bb3339710,5b0fa12a-3dd7-45bb-9766-cc326314d9f1,6.223429932259023,2.230091629563958e-05,3.583380312525611e-06,22.7224146853125,32.04616138888485,20.0,2.0072904835479482e-05,5.622976722463591e-05,1.7560748786975944e-05,9.386342084709133e-05,0.0,United Kingdom,GBR,england,,,Linux-6.4.0-150700.53.73-default-x86_64-with-glibc2.38,3.12.12,3.3.0,8,AMD EPYC 7543P 32-Core Processor,1,1 x NVIDIA A100-SXM4-40GB,-2.5917,51.4535,64,machine,0.0,11.333333333333334,4.5,11.345807393391928,N,1.0,0.0
2026-09-26T18:46:39,mobilevit_xxs_batch22_node_1_local_train,5942fa61-ac6b-4ac0-a7be-66b572a1ecd6,5b0fa12a-3dd7-45bb-9766-cc326314d9f1,4.303133390378207,9.78711071968971e-06,2.274414904630579e-06,22.691155545,38.30510156618907,20.0,7.930563835378311e-06,2.6364743305862248e-05,6.8981433959884765e-06,4.1193450537229035e-05,0.0,United Kingdom,GBR,england,,,Linux-6.4.0-150700.53.73-default-x86_64-with-glibc2.38,3.12.12,3.3.0,8,AMD EPYC 7543P 32-Core Processor,1,1 x NVIDIA A100-SXM4-40GB,-2.5917,51.4535,64,machine,0.0,23.0,4.5,11.412071228027344,N,1.0,0.0
2026-09-26T18:46:45,mobilevit_xxs_batch22_node_1_evaluate,f351a5e0-f032-44c1-abe3-21ef811f27b3,5b0fa12a-3dd7-45bb-9766-cc326314d9f1,6.2531312219798565,2.251673390975118e-05,3.600873404128239e-06,22.85707321125,31.763550940088585,20.0,2.067471777568956e-05,5.634421172828752e-05,1.7752856688780918e-05,9.477178619275801e-05,0.0,United Kingdom,GBR,england,,,Linux-6.4.0-150700.53.73-default-x86_64-with-glibc2.38,3.12.12,3.3.0,8,AMD EPYC 7543P 32-Core Processor,1,1 x NVIDIA A100-SXM4-40GB,-2.5917,51.4535,64,machine,0.0,12.0,4.533333333333333,11.432144165039062,N,1.0,0.0
2026-09-26T18:46:48,mobilevit_xxs_batch22_node_0_upload,b71d3be2-15af-4a89-a03d-99c2a75c3ea5,5b0fa12a-3dd7-45bb-9766-cc326314d9f1,3.0770680638961494,1.913825482031068e-08,6.219639742410518e-09,22.56367248,0.0,20.0,6.622626350072884e-08,0.0,1.4325676278935538e-08,8.055193977966438e-08,0.0,United Kingdom,GBR,england,,,Linux-6.4.0-150700.53.73-default-x86_64-with-glibc2.38,3.12.12,3.3.0,8,AMD EPYC 7543P 32-Core Processor,1,1 x NVIDIA A100-SXM4-40GB,-2.5917,51.4535,64,machine,0,0,0,0,N,1.0,0.0
