timestamp,project_name,run_id,experiment_id,duration,emissions,emissions_rate,cpu_power,gpu_power,ram_power,cpu_energy,gpu_energy,ram_energy,energy_consumed,water_consumed,country_name,country_iso_code,region,cloud_provider,cloud_region,os,python_version,codecarbon_version,cpu_count,cpu_model,gpu_count,gpu_model,longitude,latitude,ram_total_size,tracking_mode,cpu_utilization_percent,gpu_utilization_percent,ram_utilization_percent,ram_used_gb,on_cloud,pue,wue
2026-09-26T20:13:01,mobilenet_v3_small_batch0_node_0_local_train,208c99e2-e123-4902-8240-eaf2adb4293d,5b0fa12a-3dd7-45bb-9766-cc326314d9f1,90.70853820885532,0.0015973974751131103,1.761022177906915e-05,120.73255619460245,127.9177900552486,6.0,0.0029491821723600965,0.0036282065136674646,0.00014597592728833359,0.006723364613315895,0.0,United Kingdom,GBR,england,,,Linux-6.4.0-150600.23.73_15.0.14-cray_shasta_c_64k-aarch64-with-glibc2.38,3.11.7,3.3.0,72,Neoverse-V2,1,1 x NVIDIA GH200 120GB,-2.5917,51.4535,64,machine,4.195402298850575,3.160919540229885,27.699999999999996,237.06214220770474,N,1.0,0.0
2026-09-26T20:13:45,mobilenet_v3_small_batch0_node_0_evaluate,1b5ec213-dac4-4a4f-9262-0d1e8b56b86c,5b0fa12a-3dd7-45bb-9766-cc326314d9f1,13.399717045016587,0.00018777100693605578,1.4013057611980593e-05,120.36510427287271,72.4559898105085,6.0,0.00035812956692010846,0.0004150006097916048,1.7188427836711827e-05,0.0007903186045484251,0.0,United Kingdom,GBR,england,,,Linux-6.4.0-150600.23.73_15.0.14-cray_shasta_c_64k-aarch64-with-glibc2.38,3.11.7,3.3.0,72,Neoverse-V2,1,1 x NVIDIA GH200 120GB,-2.5917,51.4535,64,machine,3.37,0.5,27.6,236.70774536132814,N,1.0,0.0
2026-09-26T20:16:10,mobilenet_v3_small_batch0_node_1_local_train,52224489-b559-419b-b1a0-a5bf66e0aa75,5b0fa12a-3dd7-45bb-9766-cc326314d9f1,132.29907468077727,0.002464201338746555,1.8625990731170228e-05,126.33395225455543,149.6437578766735,6.0,0.004677246070057173,0.005475775769511415,0.00021867608729905137,0.010371697926867639,0.0,United Kingdom,GBR,england,,,Linux-6.4.0-150600.23.73_15.0.14-cray_shasta_c_64k-aarch64-with-glibc2.38,3.11.7,3.3.0,72,Neoverse-V2,1,1 x NVIDIA GH200 120GB,-2.5917,51.4535,64,machine,5.137878787878788,2.6515151515151514,27.59999999999994,236.54528068773675,N,1.0,0.0
2026-09-26T20:16:30,mobilenet_v3_small_batch0_node_1_evaluate,564e9e31-683a-4958-86f7-fd29f0cfde3e,5b0fa12a-3dd7-45bb-9766-cc326314d9f1,13.482242367928848,0.0001935649032386483,1.4357025927607908e-05,125.81127900288,143.8395084760424,6.0,0.000378981840465807,0.0004200500582811628,1.567292024148628e-05,0.0008147048189884561,0.0,United Kingdom,GBR,england,,,Linux-6.4.0-150600.23.73_15.0.14-cray_shasta_c_64k-aarch64-with-glibc2.38,3.11.7,3.3.0,72,Neoverse-V2,1,1 x NVIDIA GH200 120GB,-2.5917,51.4535,64,machine,22.009999999999998,0.4,27.6,236.30679931640626,N,1.0,0.0
2026-09-26T20:18:09,mobilenet_v3_small_batch0_node_2_local_train,2a98d09d-7c6f-4568-9055-fb7becb612d1,5b0fa12a-3dd7-45bb-9766-cc326314d9f1,81.58998269680887,0.001437639835651126,1.762029832747292e-05,121.84056566007033,148.11482400431115,6.0,0.0026793205639548093,0.003245810096629498,0.00012582218509089824,0.006050952845675204,0.0,United Kingdom,GBR,england,,,Linux-6.4.0-150600.23.73_15.0.14-cray_shasta_c_64k-aarch64-with-glibc2.38,3.11.7,3.3.0,72,Neoverse-V2,1,1 x NVIDIA GH200 120GB,-2.5917,51.4535,64,machine,5.30897435897436,2.371794871794872,27.599999999999962,236.259279691256,N,1.0,0.0
2026-09-26T20:18:26,mobilenet_v3_small_batch0_node_2_evaluate,227837e2-c148-41d3-90f3-368099b398a8,5b0fa12a-3dd7-45bb-9766-cc326314d9f1,14.13194732600823,0.00019473511831665346,1.3779779518302178e-05,116.65330303680003,144.53291764570554,6.0,0.00036034099565146753,0.00044654369058605425,1.2745508412287262e-05,0.000819630194649809,0.0,United Kingdom,GBR,england,,,Linux-6.4.0-150600.23.73_15.0.14-cray_shasta_c_64k-aarch64-with-glibc2.38,3.11.7,3.3.0,72,Neoverse-V2,1,1 x NVIDIA GH200 120GB,-2.5917,51.4535,64,machine,0.0,0.36363636363636365,27.6,236.32633833451703,N,1.0,0.0
2026-09-26T20:29:50,mobilenet_v3_small_batch0_node_3_local_train,dc37fe4d-56da-43c4-aed2-78c172bc3060,5b0fa12a-3dd7-45bb-9766-cc326314d9f1,538.9094274570234,0.009603397227181423,1.7820057950178034e-05,115.88900794812518,132.2511385585483,6.0,0.017331455735469268,0.02155736446810863,0.0015313896006698877,0.040420209804247764,0.0,United Kingdom,GBR,england,,,Linux-6.4.0-150600.23.73_15.0.14-cray_shasta_c_64k-aarch64-with-glibc2.38,3.11.7,3.3.0,72,Neoverse-V2,1,1 x NVIDIA GH200 120GB,-2.5917,51.4535,64,machine,1.7249070631970267,0.37174721189591076,27.600000000000247,236.31901170241346,N,1.0,0.0
2026-09-26T20:32:11,mobilenet_v3_small_batch0_node_3_evaluate,f2efc019-f6f8-452c-9901-ff8fba904cbf,5b0fa12a-3dd7-45bb-9766-cc326314d9f1,15.9713980529923,0.00023076698962936533,1.4448765778906267e-05,121.037862672,145.69911304851558,6.0,0.00043658996796970605,0.0005225718069539198,1.212473088836608e-05,0.0009712865058119919,0.0,United Kingdom,GBR,england,,,Linux-6.4.0-150600.23.73_15.0.14-cray_shasta_c_64k-aarch64-with-glibc2.38,3.11.7,3.3.0,72,Neoverse-V2,1,1 x NVIDIA GH200 120GB,-2.5917,51.4535,64,machine,13.25,0.3333333333333333,27.600000000000005,236.2105967203776,N,1.0,0.0
2026-09-26T20:33:46,mobilenet_v3_small_batch0_node_4_local_train,0219d53d-e8bc-4bec-8b06-dc112cc31120,5b0fa12a-3dd7-45bb-9766-cc326314d9f1,91.14750254107639,0.001642110564245776,1.8015968824880804e-05,125.96970723922287,148.22884044629203,6.0,0.0031162665170899476,0.003650245142409858,0.00014504806862639574,0.006911559728126201,0.0,United Kingdom,GBR,england,,,Linux-6.4.0-150600.23.73_15.0.14-cray_shasta_c_64k-aarch64-with-glibc2.38,3.11.7,3.3.0,72,Neoverse-V2,1,1 x NVIDIA GH200 120GB,-2.5917,51.4535,64,machine,5.7625,2.590909090909091,27.565909090909077,236.04335715553978,N,1.0,0.0
2026-09-26T20:34:20,mobilenet_v3_small_batch0_node_4_evaluate,5ea4c0a8-08e9-466e-bee1-9cfc54ed9d9e,5b0fa12a-3dd7-45bb-9766-cc326314d9f1,26.14241905603558,0.00040766806749069654,1.5594121822348226e-05,117.05151672720002,96.58114005526464,6.0,0.0007521150705651346,0.0009253004624554251,3.8438599496924623e-05,0.0017158541325174841,0.0,United Kingdom,GBR,england,,,Linux-6.4.0-150600.23.73_15.0.14-cray_shasta_c_64k-aarch64-with-glibc2.38,3.11.7,3.3.0,72,Neoverse-V2,1,1 x NVIDIA GH200 120GB,-2.5917,51.4535,64,machine,0.5347826086956522,0.17391304347826086,27.5,235.8452201511549,N,1.0,0.0
2026-09-26T20:36:14,mobilenet_v3_small_batch0_node_5_local_train,9b5c7d9f-92ac-4449-baa4-9dd202923567,5b0fa12a-3dd7-45bb-9766-cc326314d9f1,94.96320066507906,0.0016527535478313515,1.7404147461924383e-05,117.04412224221429,150.1973454441698,6.0,0.0029929775498075003,0.0038119394384352745,0.00015143851572143224,0.0069563555039642054,0.0,United Kingdom,GBR,england,,,Linux-6.4.0-150600.23.73_15.0.14-cray_shasta_c_64k-aarch64-with-glibc2.38,3.11.7,3.3.0,72,Neoverse-V2,1,1 x NVIDIA GH200 120GB,-2.5917,51.4535,64,machine,4.150549450549451,3.21978021978022,27.5,235.8418498615642,N,1.0,0.0
2026-09-26T20:36:30,mobilenet_v3_small_batch0_node_5_evaluate,4a8f7aea-e194-4d02-b506-36a62afb33bf,5b0fa12a-3dd7-45bb-9766-cc326314d9f1,11.991056281840429,0.00015785872202935062,1.3164705286924223e-05,116.51797416960002,144.29351289753882,6.0,0.0002914826682725013,0.00035973751002416066,1.319914258667268e-05,0.0006644193208833347,0.0,United Kingdom,GBR,england,,,Linux-6.4.0-150600.23.73_15.0.14-cray_shasta_c_64k-aarch64-with-glibc2.38,3.11.7,3.3.0,72,Neoverse-V2,1,1 x NVIDIA GH200 120GB,-2.5917,51.4535,64,machine,20.0,0.75,27.5,235.74254608154297,N,1.0,0.0
2026-09-26T20:36:39,mobilenet_v3_small_batch0_node_0_upload,ee5f9168-7d6b-4036-83c4-50e79f505d1d,5b0fa12a-3dd7-45bb-9766-cc326314d9f1,6.645699584158137,6.121096511207967e-05,9.210612718334865e-06,115.25476947840001,143.61198467171383,6.0,0.00011480014851608387,0.00014282150314670616,1.2182866921648382e-08,0.00025763383452971167,0.0,United Kingdom,GBR,england,,,Linux-6.4.0-150600.23.73_15.0.14-cray_shasta_c_64k-aarch64-with-glibc2.38,3.11.7,3.3.0,72,Neoverse-V2,1,1 x NVIDIA GH200 120GB,-2.5917,51.4535,64,machine,0.0,0.0,27.5,235.743408203125,N,1.0,0.0
2026-09-26T20:36:49,mobilenet_v3_small_batch0_node_1_upload,79cc588d-fe6b-4808-b34e-2e1c4e37836f,5b0fa12a-3dd7-45bb-9766-cc326314d9f1,7.806681572925299,8.130081493504802e-05,1.0414260422381131e-05,115.20169661951999,144.96149106822705,6.0,0.00015166638059377102,0.00019051931907654307,5.289538142581781e-09,0.0003421909892084567,0.0,United Kingdom,GBR,england,,,Linux-6.4.0-150600.23.73_15.0.14-cray_shasta_c_64k-aarch64-with-glibc2.38,3.11.7,3.3.0,72,Neoverse-V2,1,1 x NVIDIA GH200 120GB,-2.5917,51.4535,64,machine,4.275,0.0,27.5,235.7333526611328,N,1.0,0.0
2026-09-26T20:38:16,mobilenet_v3_small_batch0_node_2_upload,b0c4e7f7-f77f-4765-af56-923f80466799,5b0fa12a-3dd7-45bb-9766-cc326314d9f1,82.09031929308549,0.00139179219571332,1.695440105116696e-05,115.21360683941234,142.7599671496859,6.0,0.0025301019375279362,0.0031456997387664387,0.00018218078801718852,0.0058579824643115634,0.0,United Kingdom,GBR,england,,,Linux-6.4.0-150600.23.73_15.0.14-cray_shasta_c_64k-aarch64-with-glibc2.38,3.11.7,3.3.0,72,Neoverse-V2,1,1 x NVIDIA GH200 120GB,-2.5917,51.4535,64,machine,0.8253164556962026,0.0,27.5,235.70826122428798,N,1.0,0.0
2026-09-26T20:47:45,mobilenet_v3_small_batch0_node_3_upload,ef9c1493-7f7d-40fb-913c-33bb5b24aea1,5b0fa12a-3dd7-45bb-9766-cc326314d9f1,3.077302483143285,1.0181594328540985e-07,3.308610181908761e-08,115.20006635520001,0.0,6.0,4.231713541977811e-07,0.0,5.36676535072426e-09,4.285381195485054e-07,0.0,United Kingdom,GBR,england,,,Linux-6.4.0-150600.23.73_15.0.14-cray_shasta_c_64k-aarch64-with-glibc2.38,3.11.7,3.3.0,72,Neoverse-V2,1,1 x NVIDIA GH200 120GB,-2.5917,51.4535,64,machine,0,0,0,0,N,1.0,0.0
2026-09-26T20:47:57,mobilenet_v3_small_batch0_node_4_upload,16e4ec89-308b-4aa9-a487-61de9f6e73aa,5b0fa12a-3dd7-45bb-9766-cc326314d9f1,4.079310507979244,1.7209812359787282e-05,4.218804213634734e-06,115.20006635520001,141.04055704648175,6.0,3.2614014278119746e-05,3.9807809613989775e-05,1.3399791593352954e-08,7.243522368370287e-05,0.0,United Kingdom,GBR,england,,,Linux-6.4.0-150600.23.73_15.0.14-cray_shasta_c_64k-aarch64-with-glibc2.38,3.11.7,3.3.0,72,Neoverse-V2,1,1 x NVIDIA GH200 120GB,-2.5917,51.4535,64,machine,0.0,0.0,27.5,235.5380859375,N,1.0,0.0
2026-09-26T20:48:13,mobilenet_v3_small_batch0_node_5_upload,c95666e8-bafd-416f-afc8-e59255f026fa,5b0fa12a-3dd7-45bb-9766-cc326314d9f1,4.098730092169717,1.733919659052083e-05,4.230382630865575e-06,115.20006635520001,138.64479290819764,6.0,3.317123130296833e-05,3.980308738960048e-05,5.476628430187702e-09,7.2979795320999e-05,0.0,United Kingdom,GBR,england,,,Linux-6.4.0-150600.23.73_15.0.14-cray_shasta_c_64k-aarch64-with-glibc2.38,3.11.7,3.3.0,72,Neoverse-V2,1,1 x NVIDIA GH200 120GB,-2.5917,51.4535,64,machine,0.0,0.0,27.5,235.5321044921875,N,1.0,0.0
2026-09-26T20:48:32,mobilenet_v3_small_batch0_node_0_exchange,8cb670ef-27ce-4c33-ad80-6f3c913060f4,5b0fa12a-3dd7-45bb-9766-cc326314d9f1,3.115477029932663,1.3018251280161745e-07,4.178573988858174e-08,115.20006635520001,0.0,6.0,5.42526937592134e-07,0.0,5.4046282699952525e-09,5.479315658621293e-07,0.0,United Kingdom,GBR,england,,,Linux-6.4.0-150600.23.73_15.0.14-cray_shasta_c_64k-aarch64-with-glibc2.38,3.11.7,3.3.0,72,Neoverse-V2,1,1 x NVIDIA GH200 120GB,-2.5917,51.4535,64,machine,0,0,0,0,N,1.0,0.0
2026-09-26T20:49:12,mobilenet_v3_small_batch0_node_1_exchange,fe5c03c6-608b-4d7c-8c8d-6507e4a922eb,5b0fa12a-3dd7-45bb-9766-cc326314d9f1,30.817716896999627,0.0004782538748553581,1.551879642654256e-05,115.20005030972311,143.1448451786352,6.0,0.0008864286746399011,0.0011015067145478952,2.5010811416432264e-05,0.002012946200604229,0.0,United Kingdom,GBR,england,,,Linux-6.4.0-150600.23.73_15.0.14-cray_shasta_c_64k-aarch64-with-glibc2.38,3.11.7,3.3.0,72,Neoverse-V2,1,1 x NVIDIA GH200 120GB,-2.5917,51.4535,64,machine,0.7407407407407407,0.0,27.5,235.5325972945602,N,1.0,0.0
2026-09-26T20:49:22,mobilenet_v3_small_batch0_node_2_exchange,0d4573ae-7183-4cd9-91ed-66e06f6f4a0d,5b0fa12a-3dd7-45bb-9766-cc326314d9f1,6.120555626926944,5.2313212018530904e-05,8.547134477200517e-06,115.20006635520001,147.3716809275045,6.0,9.687482305862926e-05,0.0001233034319767512,5.389908328652382e-09,0.0002201836449437091,0.0,United Kingdom,GBR,england,,,Linux-6.4.0-150600.23.73_15.0.14-cray_shasta_c_64k-aarch64-with-glibc2.38,3.11.7,3.3.0,72,Neoverse-V2,1,1 x NVIDIA GH200 120GB,-2.5917,51.4535,64,machine,0.0,0.0,27.5,235.52264404296875,N,1.0,0.0
2026-09-26T20:50:16,mobilenet_v3_small_batch0_node_3_exchange,a727d69d-67e5-4946-a0cc-4803cd219b30,5b0fa12a-3dd7-45bb-9766-cc326314d9f1,4.11874051601626,1.818491563696233e-05,4.415164190666519e-06,115.20006635520001,155.86085671523924,6.0,3.272569337489183e-05,4.380836837469815e-05,5.321963302170238e-09,7.653938371289214e-05,0.0,United Kingdom,GBR,england,,,Linux-6.4.0-150600.23.73_15.0.14-cray_shasta_c_64k-aarch64-with-glibc2.38,3.11.7,3.3.0,72,Neoverse-V2,1,1 x NVIDIA GH200 120GB,-2.5917,51.4535,64,machine,0.0,0.0,27.5,235.51123046875,N,1.0,0.0
2026-09-26T20:50:34,mobilenet_v3_small_batch0_node_4_exchange,c3bf6d73-9b12-4324-964e-1a5ddec4ce66,5b0fa12a-3dd7-45bb-9766-cc326314d9f1,9.998784320894629,0.00011769856172672313,1.1771287183459538e-05,115.2000663552,143.30665230081226,6.0,0.00022081613707658452,0.0002745657752001307,5.33934993048509e-09,0.0004953872516266458,0.0,United Kingdom,GBR,england,,,Linux-6.4.0-150600.23.73_15.0.14-cray_shasta_c_64k-aarch64-with-glibc2.38,3.11.7,3.3.0,72,Neoverse-V2,1,1 x NVIDIA GH200 120GB,-2.5917,51.4535,64,machine,0.0,0.0,27.5,235.49955240885416,N,1.0,0.0
2026-09-26T20:50:40,mobilenet_v3_small_batch0_node_5_exchange,7d4c33ac-2aac-4551-9d91-624f640e38a4,5b0fa12a-3dd7-45bb-9766-cc326314d9f1,4.506710099987686,2.3957833749599513e-05,5.316036136796324e-06,115.2000979776,142.99972305788341,6.0,4.504347286974001e-05,5.5788377963494895e-05,5.451186637704572e-09,0.00010083730201987261,0.0,United Kingdom,GBR,england,,,Linux-6.4.0-150600.23.73_15.0.14-cray_shasta_c_64k-aarch64-with-glibc2.38,3.11.7,3.3.0,72,Neoverse-V2,1,1 x NVIDIA GH200 120GB,-2.5917,51.4535,64,machine,0.0,0.0,27.5,235.5013427734375,N,1.0,0.0
2026-09-26T20:52:24,mobilenet_v3_small_batch0_node_0_evaluate,435e681d-ca00-4dda-9760-455a6591b743,5b0fa12a-3dd7-45bb-9766-cc326314d9f1,11.148305082926527,0.00014344165741204989,1.2866678508083599e-05,116.6929922592,143.74309105826762,6.0,0.00026492511219366484,0.0003270216505057988,1.1791867506690323e-05,0.0006037386302061539,0.0,United Kingdom,GBR,england,,,Linux-6.4.0-150600.23.73_15.0.14-cray_shasta_c_64k-aarch64-with-glibc2.38,3.11.7,3.3.0,72,Neoverse-V2,1,1 x NVIDIA GH200 120GB,-2.5917,51.4535,64,machine,8.75,0.5,27.5,235.48240661621094,N,1.0,0.0
2026-09-26T21:04:30,mobilenet_v3_small_batch0_node_1_evaluate,479e79ec-cb20-47f4-b6bb-bd5d299aa6b9,5b0fa12a-3dd7-45bb-9766-cc326314d9f1,12.949802729068324,0.00017584282165660137,1.3578803116582489e-05,116.7330565152,141.56233365425038,6.0,0.0003242862303802667,0.0004010925431003898,1.473470675875433e-05,0.0007401134802394109,0.0,United Kingdom,GBR,england,,,Linux-6.4.0-150600.23.73_15.0.14-cray_shasta_c_64k-aarch64-with-glibc2.38,3.11.7,3.3.0,72,Neoverse-V2,1,1 x NVIDIA GH200 120GB,-2.5917,51.4535,64,machine,7.5,0.5555555555555556,27.5,235.35693359375,N,1.0,0.0
2026-09-26T21:05:47,mobilenet_v3_small_batch0_node_2_evaluate,b80d8281-4872-4530-8e02-37e0d6219f8f,5b0fa12a-3dd7-45bb-9766-cc326314d9f1,10.367366024060175,0.0001301225149740586,1.2551164362488544e-05,116.37767422799999,73.14451061435437,6.0,0.00023897123992822853,0.000296539959450115,1.2167838683429483e-05,0.000547679038061773,0.0,United Kingdom,GBR,england,,,Linux-6.4.0-150600.23.73_15.0.14-cray_shasta_c_64k-aarch64-with-glibc2.38,3.11.7,3.3.0,72,Neoverse-V2,1,1 x NVIDIA GH200 120GB,-2.5917,51.4535,64,machine,0.0,1.0,27.5,235.39759172712053,N,1.0,0.0
2026-09-26T21:11:24,mobilenet_v3_small_batch0_node_3_evaluate,0d15aa60-ec84-4d66-ac8c-6054b19e391e,5b0fa12a-3dd7-45bb-9766-cc326314d9f1,9.992756135994568,0.00012313369443883138,1.2322295547201004e-05,116.41634658102859,72.91792252413022,6.0,0.00022661461281051214,0.00028011883520662195,1.1530000369918222e-05,0.0005182634483870523,0.0,United Kingdom,GBR,england,,,Linux-6.4.0-150600.23.73_15.0.14-cray_shasta_c_64k-aarch64-with-glibc2.38,3.11.7,3.3.0,72,Neoverse-V2,1,1 x NVIDIA GH200 120GB,-2.5917,51.4535,64,machine,0.0,0.8333333333333334,27.5,235.322509765625,N,1.0,0.0
2026-09-26T21:11:40,mobilenet_v3_small_batch0_node_4_evaluate,f54e978c-2969-4670-883b-b70e3f9fb303,5b0fa12a-3dd7-45bb-9766-cc326314d9f1,12.286883920896798,0.0001629883046580256,1.3265227026424887e-05,116.53122421440001,144.96126648936962,6.0,0.00030128083475425104,0.0003719941864943621,1.2734451656385015e-05,0.0006860094729049982,0.0,United Kingdom,GBR,england,,,Linux-6.4.0-150600.23.73_15.0.14-cray_shasta_c_64k-aarch64-with-glibc2.38,3.11.7,3.3.0,72,Neoverse-V2,1,1 x NVIDIA GH200 120GB,-2.5917,51.4535,64,machine,0.7888888888888889,0.4444444444444444,27.5,235.32320149739584,N,1.0,0.0
2026-09-26T21:11:54,mobilenet_v3_small_batch0_node_5_evaluate,c156df03-3399-482c-9603-901d7fd529d8,5b0fa12a-3dd7-45bb-9766-cc326314d9f1,11.101669121067971,0.00014277240131185681,1.2860444655201742e-05,116.5142270016,72.62500152176034,6.0,0.0002635085370035639,0.00032401664812198305,1.3396580241775761e-05,0.0006009217653673226,0.0,United Kingdom,GBR,england,,,Linux-6.4.0-150600.23.73_15.0.14-cray_shasta_c_64k-aarch64-with-glibc2.38,3.11.7,3.3.0,72,Neoverse-V2,1,1 x NVIDIA GH200 120GB,-2.5917,51.4535,64,machine,0.0,0.5,27.5,235.34210205078125,N,1.0,0.0
2026-09-26T21:13:42,efficientnet_lite0_batch0_node_0_local_train,92787e60-246d-4ed1-a452-1311bcd079b8,5b0fa12a-3dd7-45bb-9766-cc326314d9f1,94.01234930683859,0.00173765169304181,1.848322806369238e-05,116.99648677817999,163.68453273374206,6.0,0.0029600552717242248,0.0042038425297334925,0.00014978967162314805,0.007313687473080866,0.0,United Kingdom,GBR,england,,,Linux-6.4.0-150600.23.73_15.0.14-cray_shasta_c_64k-aarch64-with-glibc2.38,3.11.7,3.3.0,72,Neoverse-V2,1,1 x NVIDIA GH200 120GB,-2.5917,51.4535,64,machine,4.855555555555555,8.577777777777778,27.796666666666674,237.88458658854168,N,1.0,0.0
2026-09-26T21:13:56,efficientnet_lite0_batch0_node_0_evaluate,b38a9b4c-c002-4ba6-9f9b-0c3a257277d3,5b0fa12a-3dd7-45bb-9766-cc326314d9f1,11.462508774828166,0.00015145406238359395,1.3212994237019845e-05,116.81699924160002,146.28635762880694,6.0,0.00027562605615842877,0.0003495208351864676,1.2315543294729044e-05,0.0006374624346396254,0.0,United Kingdom,GBR,england,,,Linux-6.4.0-150600.23.73_15.0.14-cray_shasta_c_64k-aarch64-with-glibc2.38,3.11.7,3.3.0,72,Neoverse-V2,1,1 x NVIDIA GH200 120GB,-2.5917,51.4535,64,machine,0.0,1.875,27.800000000000004,237.87278747558594,N,1.0,0.0
2026-09-26T21:16:49,efficientnet_lite0_batch0_node_1_local_train,97b04eb0-4d81-4748-b0ed-26698721debd,5b0fa12a-3dd7-45bb-9766-cc326314d9f1,136.3409397751093,0.0026090278825457516,1.9136056175417838e-05,117.07772218564031,166.00903127427853,6.0,0.004439712489523146,0.006319438111106024,0.00022211487271240913,0.010981265473341576,0.0,United Kingdom,GBR,england,,,Linux-6.4.0-150600.23.73_15.0.14-cray_shasta_c_64k-aarch64-with-glibc2.38,3.11.7,3.3.0,72,Neoverse-V2,1,1 x NVIDIA GH200 120GB,-2.5917,51.4535,64,machine,3.1139705882352944,8.014705882352942,27.800000000000068,237.8237502154182,N,1.0,0.0
2026-09-26T21:17:02,efficientnet_lite0_batch0_node_1_evaluate,817b5546-58ca-4738-8db1-d5a33d034a9f,5b0fa12a-3dd7-45bb-9766-cc326314d9f1,12.10842904401943,0.00016502826706916936,1.3629205445992993e-05,116.66042854848001,76.06078100947222,6.0,0.00029731542566204043,0.00038220002797118013,1.5080117159911121e-05,0.0006945955707931316,0.0,United Kingdom,GBR,england,,,Linux-6.4.0-150600.23.73_15.0.14-cray_shasta_c_64k-aarch64-with-glibc2.38,3.11.7,3.3.0,72,Neoverse-V2,1,1 x NVIDIA GH200 120GB,-2.5917,51.4535,64,machine,7.311111111111111,2.6666666666666665,27.800000000000004,237.9132080078125,N,1.0,0.0
2026-09-26T21:18:34,efficientnet_lite0_batch0_node_2_local_train,81c00bf1-387a-478f-85f2-133765a7be7f,5b0fa12a-3dd7-45bb-9766-cc326314d9f1,87.98494863882661,0.0016110547514221584,1.8310572164285165e-05,116.97313891573403,163.41442525811632,6.0,0.0027626624649545704,0.0038883886662688383,0.00012979626247814548,0.0067808473937015536,0.0,United Kingdom,GBR,england,,,Linux-6.4.0-150600.23.73_15.0.14-cray_shasta_c_64k-aarch64-with-glibc2.38,3.11.7,3.3.0,72,Neoverse-V2,1,1 x NVIDIA GH200 120GB,-2.5917,51.4535,64,machine,4.1726190476190474,7.678571428571429,27.799999999999997,237.87152971540178,N,1.0,0.0
2026-09-26T21:18:51,efficientnet_lite0_batch0_node_2_evaluate,d4be3420-c229-416c-8c30-8eb3d6b962cb,5b0fa12a-3dd7-45bb-9766-cc326314d9f1,10.771910884184763,0.00013968200878889888,1.296724511469724e-05,116.63536367520001,75.13272294649437,6.0,0.00025334223048138787,0.00032172053515466814,1.2851695003531252e-05,0.0005879144606395873,0.0,United Kingdom,GBR,england,,,Linux-6.4.0-150600.23.73_15.0.14-cray_shasta_c_64k-aarch64-with-glibc2.38,3.11.7,3.3.0,72,Neoverse-V2,1,1 x NVIDIA GH200 120GB,-2.5917,51.4535,64,machine,0.0,2.2857142857142856,27.800000000000004,237.86580113002233,N,1.0,0.0
2026-09-26T21:26:33,efficientnet_lite0_batch0_node_3_local_train,2e2bb0f8-9e36-4302-bd9b-8e6e46d5502d,5b0fa12a-3dd7-45bb-9766-cc326314d9f1,81.38383225700818,0.001541394022799673,1.893980634792409e-05,124.32442739101714,163.24812121966892,6.0,0.0027312914592731857,0.003627530957587055,0.0001288265180638215,0.006487648934924062,0.0,United Kingdom,GBR,england,,,Linux-6.4.0-150600.23.73_15.0.14-cray_shasta_c_64k-aarch64-with-glibc2.38,3.11.7,3.3.0,72,Neoverse-V2,1,1 x NVIDIA GH200 120GB,-2.5917,51.4535,64,machine,5.151282051282052,7.217948717948718,28.026923076923033,240.00961851462338,N,1.0,0.0
2026-09-26T21:28:00,efficientnet_lite0_batch0_node_3_evaluate,eead7907-607b-4caa-8d98-3bdbd9ccf3be,5b0fa12a-3dd7-45bb-9766-cc326314d9f1,77.32778249518014,0.00132868101075515,1.718245329016084e-05,120.39282306127059,73.73462271728344,6.0,0.002440300355027761,0.0029649620941825106,0.00018708825202231916,0.0055923507012325905,0.0,United Kingdom,GBR,england,,,Linux-6.4.0-150600.23.73_15.0.14-cray_shasta_c_64k-aarch64-with-glibc2.38,3.11.7,3.3.0,72,Neoverse-V2,1,1 x NVIDIA GH200 120GB,-2.5917,51.4535,64,machine,6.333783783783784,0.21621621621621623,28.099999999999966,240.5617593301309,N,1.0,0.0
2026-09-26T21:29:33,efficientnet_lite0_batch0_node_4_local_train,6cf8016d-0791-44ba-abe9-d67b21efa55f,5b0fa12a-3dd7-45bb-9766-cc326314d9f1,92.46053291601129,0.0017780863520578513,1.92307603685674e-05,126.86833813289142,143.07013922286674,6.0,0.0031913932255114292,0.004143531092594799,0.00014895057533518413,0.007483874893441411,0.0,United Kingdom,GBR,england,,,Linux-6.4.0-150600.23.73_15.0.14-cray_shasta_c_64k-aarch64-with-glibc2.38,3.11.7,3.3.0,72,Neoverse-V2,1,1 x NVIDIA GH200 120GB,-2.5917,51.4535,64,machine,5.562921348314607,8.49438202247191,28.071910112359525,240.34865955824262,N,1.0,0.0
2026-09-26T21:34:07,efficientnet_lite0_batch0_node_4_evaluate,9ac9b080-e324-4e6d-a7b9-d60551e83a25,5b0fa12a-3dd7-45bb-9766-cc326314d9f1,11.657240331871435,0.00015520808456173394,1.3314307687162273e-05,116.72033941440002,146.22712571738538,6.0,0.0002813664049363414,0.0003592541762742485,1.2642341575119647e-05,0.0006532629227857095,0.0,United Kingdom,GBR,england,,,Linux-6.4.0-150600.23.73_15.0.14-cray_shasta_c_64k-aarch64-with-glibc2.38,3.11.7,3.3.0,72,Neoverse-V2,1,1 x NVIDIA GH200 120GB,-2.5917,51.4535,64,machine,13.575,2.0,28.0,240.0224151611328,N,1.0,0.0
2026-09-26T21:36:14,efficientnet_lite0_batch0_node_5_local_train,e40682b4-d960-4fb1-902c-ea8a19b12524,5b0fa12a-3dd7-45bb-9766-cc326314d9f1,98.12251099990681,0.0018213574929757338,1.8562075862260226e-05,117.52816864232572,165.87223793348278,6.0,0.003101402874331589,0.004407882970753008,0.00015671507657311545,0.007666000921657711,0.0,United Kingdom,GBR,england,,,Linux-6.4.0-150600.23.73_15.0.14-cray_shasta_c_64k-aarch64-with-glibc2.38,3.11.7,3.3.0,72,Neoverse-V2,1,1 x NVIDIA GH200 120GB,-2.5917,51.4535,64,machine,5.887368421052631,8.421052631578947,28.0,240.011572265625,N,1.0,0.0
2026-09-26T21:36:41,efficientnet_lite0_batch0_node_5_evaluate,ef7416d0-5130-4ada-83c3-df81c34d53ea,5b0fa12a-3dd7-45bb-9766-cc326314d9f1,11.401403608964756,0.00015699896743391275,1.3770143819000212e-05,122.71985591040001,74.89045388082026,6.0,0.0003004953887600697,0.00034640361045035206,1.3901658370159566e-05,0.0006608006575805814,0.0,United Kingdom,GBR,england,,,Linux-6.4.0-150600.23.73_15.0.14-cray_shasta_c_64k-aarch64-with-glibc2.38,3.11.7,3.3.0,72,Neoverse-V2,1,1 x NVIDIA GH200 120GB,-2.5917,51.4535,64,machine,7.6375,1.625,28.0,240.0148696899414,N,1.0,0.0
2026-09-26T21:36:45,efficientnet_lite0_batch0_node_0_upload,66c824ff-dfb2-46d5-97d4-de4c8fc2eedf,5b0fa12a-3dd7-45bb-9766-cc326314d9f1,3.081616897834465,1.200010182026959e-07,3.8940926851427845e-08,116.9915904,0.0,6.0,4.997054936389923e-07,0.0,5.372680025175214e-09,5.050781736641675e-07,0.0,United Kingdom,GBR,england,,,Linux-6.4.0-150600.23.73_15.0.14-cray_shasta_c_64k-aarch64-with-glibc2.38,3.11.7,3.3.0,72,Neoverse-V2,1,1 x NVIDIA GH200 120GB,-2.5917,51.4535,64,machine,0,0,0,0,N,1.0,0.0
2026-09-26T21:42:21,efficientnet_lite0_batch0_node_1_upload,a628c694-6e1e-41e3-acc8-c901fdeaae1c,5b0fa12a-3dd7-45bb-9766-cc326314d9f1,3.101041339104995,1.1419414743480195e-06,3.682445183647891e-07,115.2162,941.7954095834925,6.0,8.107326471416745e-07,3.9902809731984235e-06,5.359883264948924e-09,4.806373503605047e-06,0.0,United Kingdom,GBR,england,,,Linux-6.4.0-150600.23.73_15.0.14-cray_shasta_c_64k-aarch64-with-glibc2.38,3.11.7,3.3.0,72,Neoverse-V2,1,1 x NVIDIA GH200 120GB,-2.5917,51.4535,64,machine,0,0,0,0,N,1.0,0.0
2026-09-26T21:42:30,efficientnet_lite0_batch0_node_2_upload,594754e9-50dc-49eb-a757-fc405c0a4696,5b0fa12a-3dd7-45bb-9766-cc326314d9f1,4.084455464966595,1.7155161291800602e-05,4.2001097671267926e-06,115.22040837120001,141.4256807816703,6.0,3.246862059158832e-05,3.973114290545254e-05,5.436625021199386e-09,7.220520012206206e-05,0.0,United Kingdom,GBR,england,,,Linux-6.4.0-150600.23.73_15.0.14-cray_shasta_c_64k-aarch64-with-glibc2.38,3.11.7,3.3.0,72,Neoverse-V2,1,1 x NVIDIA GH200 120GB,-2.5917,51.4535,64,machine,0.0,0.0,28.0,240.07427978515625,N,1.0,0.0
2026-09-26T21:42:46,efficientnet_lite0_batch0_node_3_upload,2705248b-124f-4d83-83eb-28d9e5407656,5b0fa12a-3dd7-45bb-9766-cc326314d9f1,6.053048453992233,2.841664815753694e-07,4.694601137513611e-08,115.2081331776,141.27074415058527,6.0,3.2471295304858266e-05,3.969530953895628e-05,5.317590354631345e-09,7.217192243416918e-05,0.0,Canada,CAN,quebec,,,Linux-6.4.0-150600.23.73_15.0.14-cray_shasta_c_64k-aarch64-with-glibc2.38,3.11.7,3.3.0,72,Neoverse-V2,1,1 x NVIDIA GH200 120GB,-71.2,46.8,64,machine,0.0,0.0,28.0,240.072509765625,N,1.0,0.0
2026-09-26T21:42:57,efficientnet_lite0_batch0_node_4_upload,19f734a2-9096-4458-bb33-7a78651c8254,5b0fa12a-3dd7-45bb-9766-cc326314d9f1,7.612959814956412,7.322569626402446e-07,9.618558096177698e-08,115.2048218112,144.1584091320022,6.0,8.266336038867475e-05,0.00010330758264842643,5.926636513322592e-09,0.0001859768696736145,0.0,Canada,CAN,quebec,,,Linux-6.4.0-150600.23.73_15.0.14-cray_shasta_c_64k-aarch64-with-glibc2.38,3.11.7,3.3.0,72,Neoverse-V2,1,1 x NVIDIA GH200 120GB,-71.2,46.8,64,machine,0.0,0.0,28.0,240.0699462890625,N,1.0,0.0
2026-09-26T21:43:02,efficientnet_lite0_batch0_node_5_upload,e36b178f-1a2e-42c1-a314-7ee4fabcb525,5b0fa12a-3dd7-45bb-9766-cc326314d9f1,3.096164792077616,2.0208974047736386e-07,6.527098977240027e-08,115.20006635520001,0.0,6.0,8.250230981559555e-07,0.0,2.5562326579044262e-08,8.505854247349997e-07,0.0,United Kingdom,GBR,england,,,Linux-6.4.0-150600.23.73_15.0.14-cray_shasta_c_64k-aarch64-with-glibc2.38,3.11.7,3.3.0,72,Neoverse-V2,1,1 x NVIDIA GH200 120GB,-2.5917,51.4535,64,machine,0,0,0,0,N,1.0,0.0
2026-09-26T21:43:48,efficientnet_lite0_batch0_node_0_exchange,bc8f7aa9-a886-4cfd-9069-20ba242710d6,5b0fa12a-3dd7-45bb-9766-cc326314d9f1,45.07820645207539,1.1603422201998411e-05,2.5740647455294204e-07,115.36569957210811,108.51320003786103,6.0,0.0012822093168434329,0.001589623493927661,7.517657081014477e-05,0.002947009381581239,0.0,Canada,CAN,quebec,,,Linux-6.4.0-150600.23.73_15.0.14-cray_shasta_c_64k-aarch64-with-glibc2.38,3.11.7,3.3.0,72,Neoverse-V2,1,1 x NVIDIA GH200 120GB,-71.2,46.8,64,machine,0.1675,0.0,28.0,240.07693634033203,N,1.0,0.0
2026-09-26T21:43:59,efficientnet_lite0_batch0_node_1_exchange,596cbde9-147d-4309-8b29-88f29e165c2c,5b0fa12a-3dd7-45bb-9766-cc326314d9f1,4.175545183010399,1.8995742445006218e-05,4.5492843718460385e-06,116.984858976,144.0103804473901,6.0,3.619763679593929e-05,4.3565034857806495e-05,1.8944079677263895e-07,7.995211245051842e-05,0.0,United Kingdom,GBR,england,,,Linux-6.4.0-150600.23.73_15.0.14-cray_shasta_c_64k-aarch64-with-glibc2.38,3.11.7,3.3.0,72,Neoverse-V2,1,1 x NVIDIA GH200 120GB,-2.5917,51.4535,64,machine,0.0,0.0,28.0,240.07989501953125,N,1.0,0.0
2026-09-26T21:44:07,efficientnet_lite0_batch0_node_2_exchange,7636885b-1273-4b0b-ab9b-f645898401fc,5b0fa12a-3dd7-45bb-9766-cc326314d9f1,3.165531247854233,1.8780370762673446e-06,5.932770613275036e-07,116.9148739392,75.7727946113232,6.0,3.703259747004992e-06,4.035836553839545e-06,1.6546610005510352e-07,7.90456240089964e-06,0.0,United Kingdom,GBR,england,,,Linux-6.4.0-150600.23.73_15.0.14-cray_shasta_c_64k-aarch64-with-glibc2.38,3.11.7,3.3.0,72,Neoverse-V2,1,1 x NVIDIA GH200 120GB,-2.5917,51.4535,64,machine,0,0,0,0,N,1.0,0.0
2026-09-26T21:44:27,efficientnet_lite0_batch0_node_3_exchange,a2c74630-0fe7-4c31-aef4-3bc516652bbd,5b0fa12a-3dd7-45bb-9766-cc326314d9f1,4.171929362928495,1.8921140018110283e-05,4.535345249668501e-06,116.81336448000002,146.44092190556512,6.0,3.5798010171312345e-05,4.3676146049165254e-05,1.639584149233997e-07,7.963811463540098e-05,0.0,United Kingdom,GBR,england,,,Linux-6.4.0-150600.23.73_15.0.14-cray_shasta_c_64k-aarch64-with-glibc2.38,3.11.7,3.3.0,72,Neoverse-V2,1,1 x NVIDIA GH200 120GB,-2.5917,51.4535,64,machine,0.0,0.0,28.0,240.06005859375,N,1.0,0.0
2026-09-26T21:59:57,efficientnet_lite0_batch0_node_4_exchange,9d904a2d-a92c-4fff-b391-51504e9721ab,5b0fa12a-3dd7-45bb-9766-cc326314d9f1,4.184279977809638,2.002652057677707e-05,4.786133022403639e-06,116.25321021120001,155.93544284486808,6.0,3.6457054184324765e-05,4.7676427044507363e-05,1.5712387821016214e-07,8.42906051070423e-05,0.0,United Kingdom,GBR,england,,,Linux-6.4.0-150600.23.73_15.0.14-cray_shasta_c_64k-aarch64-with-glibc2.38,3.11.7,3.3.0,72,Neoverse-V2,1,1 x NVIDIA GH200 120GB,-2.5917,51.4535,64,machine,0.0,0.0,28.0,239.7767333984375,N,1.0,0.0
2026-09-26T22:11:48,efficientnet_lite0_batch0_node_5_exchange,dac179c0-ae10-4627-9cbd-77c94b5d3c7f,5b0fa12a-3dd7-45bb-9766-cc326314d9f1,4.160463489824906,1.886824557112257e-05,4.535130669279505e-06,117.61622326080001,77.74727456067991,6.0,3.5589907161752145e-05,4.3670034926890366e-05,1.5554251343322298e-07,7.941548460207572e-05,0.0,United Kingdom,GBR,england,,,Linux-6.4.0-150600.23.73_15.0.14-cray_shasta_c_64k-aarch64-with-glibc2.38,3.11.7,3.3.0,72,Neoverse-V2,1,1 x NVIDIA GH200 120GB,-2.5917,51.4535,64,machine,0.0,0.0,28.0,239.8165283203125,N,1.0,0.0
2026-09-26T22:12:05,efficientnet_lite0_batch0_node_0_evaluate,c5f6e33d-97fb-4299-beb3-0c4afe9a4bb0,5b0fa12a-3dd7-45bb-9766-cc326314d9f1,10.956381594063714,0.00014244540547436076,1.3001135845025626e-05,116.57206709074288,146.57577500289113,6.0,0.00025805965543544896,0.0003300210973549156,1.146470375165033e-05,0.0005995454565420149,0.0,United Kingdom,GBR,england,,,Linux-6.4.0-150600.23.73_15.0.14-cray_shasta_c_64k-aarch64-with-glibc2.38,3.11.7,3.3.0,72,Neoverse-V2,1,1 x NVIDIA GH200 120GB,-2.5917,51.4535,64,machine,0.0,1.1428571428571428,28.0,239.86652483258928,N,1.0,0.0
2026-09-26T22:12:34,efficientnet_lite0_batch0_node_1_evaluate,f094af7f-ed45-4f7e-bcac-dfb89607f79e,5b0fa12a-3dd7-45bb-9766-cc326314d9f1,17.970164333935827,0.00026408522692628284,1.4695760262334945e-05,116.77203764845714,146.7091387312758,6.0,0.00048526437977845376,0.0006114349335888392,1.482195624654802e-05,0.0011115212696138409,0.0,United Kingdom,GBR,england,,,Linux-6.4.0-150600.23.73_15.0.14-cray_shasta_c_64k-aarch64-with-glibc2.38,3.11.7,3.3.0,72,Neoverse-V2,1,1 x NVIDIA GH200 120GB,-2.5917,51.4535,64,machine,0.0,1.3571428571428572,28.0,239.88184901646204,N,1.0,0.0
2026-09-26T22:12:52,efficientnet_lite0_batch0_node_2_evaluate,ffa8a89c-7602-47eb-93a8-ff9e405968b8,5b0fa12a-3dd7-45bb-9766-cc326314d9f1,11.594430019846186,0.00015437115014233882,1.3314250884097082e-05,116.74194626160002,152.92503640679297,6.0,0.0002796207302790938,0.00035760695273268084,1.2512625429856901e-05,0.0006497403084416316,0.0,United Kingdom,GBR,england,,,Linux-6.4.0-150600.23.73_15.0.14-cray_shasta_c_64k-aarch64-with-glibc2.38,3.11.7,3.3.0,72,Neoverse-V2,1,1 x NVIDIA GH200 120GB,-2.5917,51.4535,64,machine,9.5125,2.5,28.0,239.8788070678711,N,1.0,0.0
2026-09-26T22:13:06,efficientnet_lite0_batch0_node_3_evaluate,b7befe11-2ec3-4edf-a5c3-8be9a34b93e8,5b0fa12a-3dd7-45bb-9766-cc326314d9f1,12.488389558857307,0.0001684668565827563,1.3489878401756959e-05,116.64859097520002,145.78186948266992,6.0,0.00030752853897079866,0.0003897550340212774,1.1784845927807814e-05,0.0007090684189198839,0.0,United Kingdom,GBR,england,,,Linux-6.4.0-150600.23.73_15.0.14-cray_shasta_c_64k-aarch64-with-glibc2.38,3.11.7,3.3.0,72,Neoverse-V2,1,1 x NVIDIA GH200 120GB,-2.5917,51.4535,64,machine,7.322222222222223,2.5555555555555554,28.0,239.8886244032118,N,1.0,0.0
2026-09-26T22:13:20,efficientnet_lite0_batch0_node_4_evaluate,3f7f3a7b-138e-4871-be3c-5a62134d0e8d,5b0fa12a-3dd7-45bb-9766-cc326314d9f1,10.767564257141203,0.00014006801994610675,1.3008329144932814e-05,116.54862544080001,75.697795508751,6.0,0.00025278507662660973,0.00032391137024490035,1.284271506825462e-05,0.0005895391619397647,0.0,United Kingdom,GBR,england,,,Linux-6.4.0-150600.23.73_15.0.14-cray_shasta_c_64k-aarch64-with-glibc2.38,3.11.7,3.3.0,72,Neoverse-V2,1,1 x NVIDIA GH200 120GB,-2.5917,51.4535,64,machine,6.942857142857142,0.2857142857142857,28.0,239.88440813337053,N,1.0,0.0
2026-09-26T22:13:33,efficientnet_lite0_batch0_node_5_evaluate,5b57628f-bfaf-4add-945e-a04a952ba7a0,5b0fa12a-3dd7-45bb-9766-cc326314d9f1,10.9065245189704,0.00014300121297765905,1.3111529041990241e-05,116.49003289200002,829.4359627314058,6.0,0.00025701808902357413,0.0003318069321096573,1.3059800881504391e-05,0.0006018848220147358,0.0,United Kingdom,GBR,england,,,Linux-6.4.0-150600.23.73_15.0.14-cray_shasta_c_64k-aarch64-with-glibc2.38,3.11.7,3.3.0,72,Neoverse-V2,1,1 x NVIDIA GH200 120GB,-2.5917,51.4535,64,machine,0.0,0.5714285714285714,28.0,239.84558977399553,N,1.0,0.0
2026-09-26T22:16:27,mobilevit_xxs_batch0_node_0_local_train,d889da02-9ef6-45b3-9016-d75e1e06fd4a,5b0fa12a-3dd7-45bb-9766-cc326314d9f1,164.84763441979885,0.0029861667072156044,1.8114707667633683e-05,116.17267111867636,153.3074219590696,6.0,0.005319338272810634,0.006941346664191883,0.00030793864075404905,0.012568623577756564,0.0,United Kingdom,GBR,england,,,Linux-6.4.0-150600.23.73_15.0.14-cray_shasta_c_64k-aarch64-with-glibc2.38,3.11.7,3.3.0,72,Neoverse-V2,1,1 x NVIDIA GH200 120GB,-2.5917,51.4535,64,machine,2.473170731707317,4.823170731707317,28.0,239.96586236721132,N,1.0,0.0
2026-09-26T22:22:02,mobilevit_xxs_batch0_node_0_evaluate,3ad409f1-eb56-472c-85c7-e58008416aff,5b0fa12a-3dd7-45bb-9766-cc326314d9f1,332.0402990609873,0.005814000180732236,1.750992333513214e-05,115.44842977385359,143.693300935733,6.0,0.010635264851717946,0.013200228893495591,0.0006353368939668872,0.024470830639180416,0.0,United Kingdom,GBR,england,,,Linux-6.4.0-150600.23.73_15.0.14-cray_shasta_c_64k-aarch64-with-glibc2.38,3.11.7,3.3.0,72,Neoverse-V2,1,1 x NVIDIA GH200 120GB,-2.5917,51.4535,64,machine,0.6332326283987912,0.06042296072507553,28.0,240.0804164921049,N,1.0,0.0
2026-09-26T22:25:52,mobilevit_xxs_batch0_node_1_local_train,56cb2e8e-e577-4ef6-853d-9dd483ebc2e1,5b0fa12a-3dd7-45bb-9766-cc326314d9f1,137.4311702910345,0.002554550065482444,1.8587850631503305e-05,116.80085628327274,144.2410501786846,6.0,0.0044645285617860185,0.006058510124574923,0.00022893242965219546,0.010751971116013134,0.0,United Kingdom,GBR,england,,,Linux-6.4.0-150600.23.73_15.0.14-cray_shasta_c_64k-aarch64-with-glibc2.38,3.11.7,3.3.0,72,Neoverse-V2,1,1 x NVIDIA GH200 120GB,-2.5917,51.4535,64,machine,3.556934306569343,8.058394160583942,28.018248175182464,240.1792963403855,N,1.0,0.0
2026-09-26T22:37:41,mobilevit_xxs_batch0_node_1_evaluate,6b30f04d-eb0d-4196-a0f3-df91c26d2301,5b0fa12a-3dd7-45bb-9766-cc326314d9f1,684.0582115889993,0.014935033686339498,2.1832986481730698e-05,115.25729254366267,151.98398026908419,6.0,0.021895996227500776,0.02722097566565651,0.0013464832208406493,0.0504634551139979,0.0,United Kingdom,GBR,england,,,Linux-6.4.0-150600.23.73_15.0.14-cray_shasta_c_64k-aarch64-with-glibc2.38,3.11.7,3.3.0,72,Neoverse-V2,1,1 x NVIDIA GH200 120GB,-2.5917,51.4535,64,machine,0.778038067349927,0.032210834553440704,28.0,240.1556740533206,N,1.0,0.0
2026-09-26T22:41:22,mobilevit_xxs_batch0_node_2_local_train,0991f2a7-7549-48b1-8a1b-fff525e995f4,5b0fa12a-3dd7-45bb-9766-cc326314d9f1,83.34064035001211,0.0014907026725026978,1.788686367469795e-05,116.62281214416,156.3955940779685,6.0,0.002605411043041704,0.0035367956072178686,0.00013208497310134893,0.0062742916233609215,0.0,United Kingdom,GBR,england,,,Linux-6.4.0-150600.23.73_15.0.14-cray_shasta_c_64k-aarch64-with-glibc2.38,3.11.7,3.3.0,72,Neoverse-V2,1,1 x NVIDIA GH200 120GB,-2.5917,51.4535,64,machine,3.06125,8.275,28.0,240.06865234375,N,1.0,0.0
2026-09-26T22:41:35,mobilevit_xxs_batch0_node_2_evaluate,8b1c4992-2166-47ca-bcb4-59a1b26c83f5,5b0fa12a-3dd7-45bb-9766-cc326314d9f1,11.71851727203466,0.0001545608902401474,1.3189457902579115e-05,116.6218152264,144.74820522497595,6.0,0.0002831943125745424,0.00035458528368792486,1.2759318586904556e-05,0.0006505389148493718,0.0,United Kingdom,GBR,england,,,Linux-6.4.0-150600.23.73_15.0.14-cray_shasta_c_64k-aarch64-with-glibc2.38,3.11.7,3.3.0,72,Neoverse-V2,1,1 x NVIDIA GH200 120GB,-2.5917,51.4535,64,machine,0.0,2.375,28.0,239.9905242919922,N,1.0,0.0
2026-09-26T22:42:59,mobilevit_xxs_batch0_node_3_local_train,6eea84e0-e99c-4957-b2ef-5e103d742ce5,5b0fa12a-3dd7-45bb-9766-cc326314d9f1,83.47117786412127,0.0014920231454786,1.7874710572640928e-05,116.57709175715266,156.83789523679266,6.0,0.0026078176422034125,0.0035422233893456223,0.00012980839531247815,0.006279849426861513,0.0,United Kingdom,GBR,england,,,Linux-6.4.0-150600.23.73_15.0.14-cray_shasta_c_64k-aarch64-with-glibc2.38,3.11.7,3.3.0,72,Neoverse-V2,1,1 x NVIDIA GH200 120GB,-2.5917,51.4535,64,machine,5.151249999999999,8.6375,28.0,240.03381118774413,N,1.0,0.0
2026-09-26T22:51:00,mobilevit_xxs_batch0_node_3_evaluate,e2663873-1fd8-4240-a664-840a6d1684a4,5b0fa12a-3dd7-45bb-9766-cc326314d9f1,11.091742053860798,0.00014367232181150498,1.2953088984024445e-05,116.4355844328,149.1585677753095,6.0,0.00026182340259195554,0.0003312783205586811,1.1607761764510845e-05,0.0006047094849151475,0.0,United Kingdom,GBR,england,,,Linux-6.4.0-150600.23.73_15.0.14-cray_shasta_c_64k-aarch64-with-glibc2.38,3.11.7,3.3.0,72,Neoverse-V2,1,1 x NVIDIA GH200 120GB,-2.5917,51.4535,64,machine,0.0,2.375,28.0,240.04278564453125,N,1.0,0.0
2026-09-26T22:52:42,mobilevit_xxs_batch0_node_4_local_train,0626f2ba-572e-48f0-a700-3c90da647525,5b0fa12a-3dd7-45bb-9766-cc326314d9f1,95.07549426704645,0.0017099191698314474,1.7984857012982284e-05,116.74970344584001,313.7055527868465,6.0,0.0029899062312285975,0.004053761020784918,0.00015329544336146987,0.007196962695374985,0.0,United Kingdom,GBR,england,,,Linux-6.4.0-150600.23.73_15.0.14-cray_shasta_c_64k-aarch64-with-glibc2.38,3.11.7,3.3.0,72,Neoverse-V2,1,1 x NVIDIA GH200 120GB,-2.5917,51.4535,64,machine,1.863736263736264,9.373626373626374,28.0208791208791,240.17186493925996,N,1.0,0.0
2026-09-26T22:53:01,mobilevit_xxs_batch0_node_4_evaluate,00571555-e0c6-4ef8-a472-3d8787034627,5b0fa12a-3dd7-45bb-9766-cc326314d9f1,11.14930455898866,0.00014567322304520898,1.3065677977893791e-05,116.4486747456,74.52302378891615,6.0,0.0002648836831260287,0.00033476582338209937,1.3481669788792109e-05,0.0006131311762969203,0.0,United Kingdom,GBR,england,,,Linux-6.4.0-150600.23.73_15.0.14-cray_shasta_c_64k-aarch64-with-glibc2.38,3.11.7,3.3.0,72,Neoverse-V2,1,1 x NVIDIA GH200 120GB,-2.5917,51.4535,64,machine,8.975,2.5,28.099999999999998,240.27735900878906,N,1.0,0.0
2026-09-26T22:54:49,mobilevit_xxs_batch0_node_5_local_train,d8766722-788c-4e21-86d6-f8e00c5c3c02,5b0fa12a-3dd7-45bb-9766-cc326314d9f1,102.47072750306688,0.0018385067361514017,1.794177499224231e-05,116.69173389318156,156.994749995917,6.0,0.003215831433836664,0.004361655989328028,0.0001606937895657029,0.007738181212730395,0.0,United Kingdom,GBR,england,,,Linux-6.4.0-150600.23.73_15.0.14-cray_shasta_c_64k-aarch64-with-glibc2.38,3.11.7,3.3.0,72,Neoverse-V2,1,1 x NVIDIA GH200 120GB,-2.5917,51.4535,64,machine,4.474747474747474,8.363636363636363,28.09292929292925,240.27006392045453,N,1.0,0.0
2026-09-26T22:55:11,mobilevit_xxs_batch0_node_5_evaluate,f4cdddef-4c30-49f3-98ee-a1db9b0f5282,5b0fa12a-3dd7-45bb-9766-cc326314d9f1,12.187007948989049,0.00016348798367592194,1.3414940267556304e-05,116.633857968,145.28316004019757,6.0,0.0002987826101786841,0.00037578891173950524,1.3541074523236602e-05,0.0006881125964414259,0.0,United Kingdom,GBR,england,,,Linux-6.4.0-150600.23.73_15.0.14-cray_shasta_c_64k-aarch64-with-glibc2.38,3.11.7,3.3.0,72,Neoverse-V2,1,1 x NVIDIA GH200 120GB,-2.5917,51.4535,64,machine,0.0,2.888888888888889,28.099999999999998,240.2953084309896,N,1.0,0.0
2026-09-26T23:01:50,mobilevit_xxs_batch0_node_0_upload,b58b12f2-bc7b-40cc-a193-84fbe49e4827,5b0fa12a-3dd7-45bb-9766-cc326314d9f1,70.11327175283805,0.001170655897449213,1.669663771469668e-05,116.56086430551127,142.4842763142652,6.0,0.0021662795305364213,0.0026512454543166086,0.0001097060630877968,0.0049272310479408265,0.0,United Kingdom,GBR,england,,,Linux-6.4.0-150600.23.73_15.0.14-cray_shasta_c_64k-aarch64-with-glibc2.38,3.11.7,3.3.0,72,Neoverse-V2,1,1 x NVIDIA GH200 120GB,-2.5917,51.4535,64,machine,4.326865671641791,0.0,28.099999999999966,240.72787794426307,N,1.0,0.0
2026-09-26T23:02:05,mobilevit_xxs_batch0_node_1_upload,aec0af20-bc8c-4fff-811a-95fdc993f76a,5b0fa12a-3dd7-45bb-9766-cc326314d9f1,7.713535361923277,8.008576579153818e-05,1.0382498041931547e-05,116.80217367552002,144.05793554587655,6.0,0.0001510669281760574,0.00018600459324602525,5.387826822698117e-09,0.0003370769092489054,0.0,United Kingdom,GBR,england,,,Linux-6.4.0-150600.23.73_15.0.14-cray_shasta_c_64k-aarch64-with-glibc2.38,3.11.7,3.3.0,72,Neoverse-V2,1,1 x NVIDIA GH200 120GB,-2.5917,51.4535,64,machine,21.025000000000002,0.0,28.1,240.68612670898438,N,1.0,0.0
2026-09-26T23:04:31,mobilevit_xxs_batch0_node_2_upload,8b78f7df-e889-4c17-9631-618587606da5,5b0fa12a-3dd7-45bb-9766-cc326314d9f1,5.632998744957149,4.3087108517336375e-05,7.649053455925126e-06,115.38964800000001,139.02827462058175,6.0,8.229196584846802e-05,9.903146811041097e-05,2.801125675129394e-08,0.00018135144521563026,0.0,United Kingdom,GBR,england,,,Linux-6.4.0-150600.23.73_15.0.14-cray_shasta_c_64k-aarch64-with-glibc2.38,3.11.7,3.3.0,72,Neoverse-V2,1,1 x NVIDIA GH200 120GB,-2.5917,51.4535,64,machine,0.0,0.0,28.1,240.70602416992188,N,1.0,0.0
2026-09-26T23:04:55,mobilevit_xxs_batch0_node_3_upload,683219ad-1cce-4772-9ba7-92c075eba0d9,5b0fa12a-3dd7-45bb-9766-cc326314d9f1,7.0141785349696875,6.803524619743209e-05,9.699674146906515e-06,116.42952971520003,144.53197041500528,6.0,0.00012790409302355492,0.00015844734897996204,5.444036796689033e-09,0.0002863568860403137,0.0,United Kingdom,GBR,england,,,Linux-6.4.0-150600.23.73_15.0.14-cray_shasta_c_64k-aarch64-with-glibc2.38,3.11.7,3.3.0,72,Neoverse-V2,1,1 x NVIDIA GH200 120GB,-2.5917,51.4535,64,machine,0.0,0.0,28.100000000000005,240.69291178385416,N,1.0,0.0
2026-09-26T23:05:07,mobilevit_xxs_batch0_node_4_upload,bd764e1f-0842-4a4b-874b-895f637e60f7,5b0fa12a-3dd7-45bb-9766-cc326314d9f1,8.525769321946427,9.384156393472399e-05,1.1006814797717284e-05,116.83992988800001,143.84011222253747,6.0,0.00017714878509471482,0.00021782017425664435,5.403665127232671e-09,0.0003949743630164864,0.0,United Kingdom,GBR,england,,,Linux-6.4.0-150600.23.73_15.0.14-cray_shasta_c_64k-aarch64-with-glibc2.38,3.11.7,3.3.0,72,Neoverse-V2,1,1 x NVIDIA GH200 120GB,-2.5917,51.4535,64,machine,0.0,0.0,28.1,240.67728271484376,N,1.0,0.0
2026-09-26T23:06:03,mobilevit_xxs_batch0_node_5_upload,732d8941-db70-4348-93b8-b32a8074d209,5b0fa12a-3dd7-45bb-9766-cc326314d9f1,4.074468282982707,1.725702170114373e-05,4.2354045982438626e-06,116.81833697280001,142.28486197126372,6.0,3.280019897870598e-05,3.982836520322053e-05,5.3612150562306245e-09,7.263392539698274e-05,0.0,United Kingdom,GBR,england,,,Linux-6.4.0-150600.23.73_15.0.14-cray_shasta_c_64k-aarch64-with-glibc2.38,3.11.7,3.3.0,72,Neoverse-V2,1,1 x NVIDIA GH200 120GB,-2.5917,51.4535,64,machine,67.4,0.0,28.1,240.76654052734375,N,1.0,0.0
2026-09-26T23:06:14,mobilevit_xxs_batch0_node_0_exchange,0b5052a8-662f-4282-b657-aec86c3c3ad7,5b0fa12a-3dd7-45bb-9766-cc326314d9f1,7.527509558945894,7.684000665527474e-05,1.020789227214677e-05,116.94820799232004,145.1422711769346,6.0,0.00014436662715818066,0.00017904375435762176,5.292843173568447e-09,0.00032341567435897596,0.0,United Kingdom,GBR,england,,,Linux-6.4.0-150600.23.73_15.0.14-cray_shasta_c_64k-aarch64-with-glibc2.38,3.11.7,3.3.0,72,Neoverse-V2,1,1 x NVIDIA GH200 120GB,-2.5917,51.4535,64,machine,38.77499999999999,0.0,28.1,240.7759552001953,N,1.0,0.0
2026-09-26T23:06:20,mobilevit_xxs_batch0_node_1_exchange,f6d0a361-0c9f-4b5a-9e98-76961a26cd84,5b0fa12a-3dd7-45bb-9766-cc326314d9f1,3.098117019981146,1.1124462101903254e-07,3.590717209891237e-08,116.90349557760003,0.0,6.0,4.6279719905804234e-07,0.0,5.42574484522144e-09,4.682229439032638e-07,0.0,United Kingdom,GBR,england,,,Linux-6.4.0-150600.23.73_15.0.14-cray_shasta_c_64k-aarch64-with-glibc2.38,3.11.7,3.3.0,72,Neoverse-V2,1,1 x NVIDIA GH200 120GB,-2.5917,51.4535,64,machine,0,0,0,0,N,1.0,0.0
2026-09-26T23:06:59,mobilevit_xxs_batch0_node_2_exchange,10b25595-974e-4c09-9be7-aea7c4426796,5b0fa12a-3dd7-45bb-9766-cc326314d9f1,8.307870958931744,8.90155768978108e-05,1.0714607549616628e-05,115.52384447999998,142.50362708784544,6.0,0.0001677858759834857,0.0002068479432608683,2.821013331413269e-08,0.00037466202937766816,0.0,United Kingdom,GBR,england,,,Linux-6.4.0-150600.23.73_15.0.14-cray_shasta_c_64k-aarch64-with-glibc2.38,3.11.7,3.3.0,72,Neoverse-V2,1,1 x NVIDIA GH200 120GB,-2.5917,51.4535,64,machine,0.0,0.0,28.1,240.81749267578124,N,1.0,0.0
2026-09-26T23:07:11,mobilevit_xxs_batch0_node_3_exchange,8bb3cb90-031b-45fc-ab6f-e3844dd04513,5b0fa12a-3dd7-45bb-9766-cc326314d9f1,4.0991037709172815,1.8186166822407327e-05,4.436620256221934e-06,115.61701184640002,156.06277225964774,6.0,3.270821718036111e-05,4.383086840675787e-05,5.5643015851577126e-09,7.654464988870414e-05,0.0,United Kingdom,GBR,england,,,Linux-6.4.0-150600.23.73_15.0.14-cray_shasta_c_64k-aarch64-with-glibc2.38,3.11.7,3.3.0,72,Neoverse-V2,1,1 x NVIDIA GH200 120GB,-2.5917,51.4535,64,machine,0.0,0.0,28.1,240.81646728515625,N,1.0,0.0
2026-09-26T23:17:25,mobilevit_xxs_batch0_node_4_exchange,0c2a5ab9-204a-478e-b656-4c23d22d6185,5b0fa12a-3dd7-45bb-9766-cc326314d9f1,10.591128865024075,0.00012766725245010732,1.2054168547765764e-05,115.27331562719999,142.71130721566877,6.0,0.00024015093571044593,0.0002971885710820743,5.45635858240227e-09,0.0005373449631511026,0.0,United Kingdom,GBR,england,,,Linux-6.4.0-150600.23.73_15.0.14-cray_shasta_c_64k-aarch64-with-glibc2.38,3.11.7,3.3.0,72,Neoverse-V2,1,1 x NVIDIA GH200 120GB,-2.5917,51.4535,64,machine,0.0,0.0,28.099999999999998,240.28719656808036,N,1.0,0.0
2026-09-26T23:17:39,mobilevit_xxs_batch0_node_5_exchange,e92c1b21-1c9c-4fb5-8b89-e8b5d0d14d18,5b0fa12a-3dd7-45bb-9766-cc326314d9f1,4.1494798278436065,1.8454963785810237e-05,4.4475366917016385e-06,115.28628197760001,147.7578851984451,6.0,3.4097489183472866e-05,4.35730904086995e-05,5.42302499525249e-09,7.767600261716762e-05,0.0,United Kingdom,GBR,england,,,Linux-6.4.0-150600.23.73_15.0.14-cray_shasta_c_64k-aarch64-with-glibc2.38,3.11.7,3.3.0,72,Neoverse-V2,1,1 x NVIDIA GH200 120GB,-2.5917,51.4535,64,machine,0.0,0.0,28.1,240.2950439453125,N,1.0,0.0
2026-09-26T23:18:07,mobilevit_xxs_batch0_node_0_evaluate,36c86111-4f51-47b3-a6fd-b2c637c7f608,5b0fa12a-3dd7-45bb-9766-cc326314d9f1,11.034090392990038,0.00014321915700250362,1.2979697637196339e-05,116.44801659977145,145.80004459982138,6.0,0.00026036151486736724,0.0003308310979974749,1.160952445003204e-05,0.0006028021373148741,0.0,United Kingdom,GBR,england,,,Linux-6.4.0-150600.23.73_15.0.14-cray_shasta_c_64k-aarch64-with-glibc2.38,3.11.7,3.3.0,72,Neoverse-V2,1,1 x NVIDIA GH200 120GB,-2.5917,51.4535,64,machine,2.757142857142857,3.4285714285714284,28.099999999999998,240.29316929408483,N,1.0,0.0
2026-09-26T23:18:30,mobilevit_xxs_batch0_node_1_evaluate,90924cf2-8d52-4a3f-a6fe-44c2639e2a29,5b0fa12a-3dd7-45bb-9766-cc326314d9f1,18.446068853139877,0.00027106963124511925,1.4695252056319737e-05,116.93655541686859,149.71471946601181,6.0,0.0004984884940187243,0.0006274691130698784,1.4960664570098743e-05,0.0011409182716587015,0.0,United Kingdom,GBR,england,,,Linux-6.4.0-150600.23.73_15.0.14-cray_shasta_c_64k-aarch64-with-glibc2.38,3.11.7,3.3.0,72,Neoverse-V2,1,1 x NVIDIA GH200 120GB,-2.5917,51.4535,64,machine,0.0,2.1333333333333333,28.10000000000001,240.2961669921875,N,1.0,0.0
2026-09-26T23:21:56,mobilevit_xxs_batch0_node_2_evaluate,6fb2648c-247b-43ea-82f5-ea49a7ebf608,5b0fa12a-3dd7-45bb-9766-cc326314d9f1,11.64467879012227,0.00015412894251060565,1.3235997771046055e-05,116.5369744008,143.67694366643366,6.0,0.0002805524565528783,0.0003556030622462458,1.2565350056781123e-05,0.0006487208688559052,0.0,United Kingdom,GBR,england,,,Linux-6.4.0-150600.23.73_15.0.14-cray_shasta_c_64k-aarch64-with-glibc2.38,3.11.7,3.3.0,72,Neoverse-V2,1,1 x NVIDIA GH200 120GB,-2.5917,51.4535,64,machine,0.0,2.5,28.099999999999998,240.30996704101562,N,1.0,0.0
2026-09-26T23:22:17,mobilevit_xxs_batch0_node_3_evaluate,6950ed52-7a38-4844-b755-4befb2a235f5,5b0fa12a-3dd7-45bb-9766-cc326314d9f1,10.292449524858966,0.00013107399722057483,1.2734966239474552e-05,116.44480372320001,75.56402200881273,6.0,0.00023684674861547004,0.00030280968668705555,1.202734307347176e-05,0.0005516837783759973,0.0,United Kingdom,GBR,england,,,Linux-6.4.0-150600.23.73_15.0.14-cray_shasta_c_64k-aarch64-with-glibc2.38,3.11.7,3.3.0,72,Neoverse-V2,1,1 x NVIDIA GH200 120GB,-2.5917,51.4535,64,machine,19.928571428571427,3.4285714285714284,28.099999999999998,240.30145263671875,N,1.0,0.0
2026-09-26T23:29:24,mobilevit_xxs_batch0_node_4_evaluate,6de7e522-d028-4a3d-b1fc-f813708aa6b2,5b0fa12a-3dd7-45bb-9766-cc326314d9f1,388.7070130528882,0.006905142666250404,1.7764389204140438e-05,116.1648589342773,137.351252070873,6.0,0.012499202248472535,0.015421343448181801,0.0011428480894654057,0.029063393786119746,0.0,United Kingdom,GBR,england,,,Linux-6.4.0-150600.23.73_15.0.14-cray_shasta_c_64k-aarch64-with-glibc2.38,3.11.7,3.3.0,72,Neoverse-V2,1,1 x NVIDIA GH200 120GB,-2.5917,51.4535,64,machine,1.9139175257731957,0.041237113402061855,28.372164948453406,243.146984768897,N,1.0,0.0
2026-09-26T23:29:49,mobilevit_xxs_batch0_node_5_evaluate,eeae6c8a-5ceb-4b37-ae0c-a65502d6cba2,5b0fa12a-3dd7-45bb-9766-cc326314d9f1,18.23860216513276,0.0002734783044103285,1.4994477204680987e-05,125.78411009334859,152.77187939736226,6.0,0.0005204965316456246,0.0006166752155536415,1.3884507132073244e-05,0.001151056254331339,0.0,United Kingdom,GBR,england,,,Linux-6.4.0-150600.23.73_15.0.14-cray_shasta_c_64k-aarch64-with-glibc2.38,3.11.7,3.3.0,72,Neoverse-V2,1,1 x NVIDIA GH200 120GB,-2.5917,51.4535,64,machine,10.966666666666667,1.3333333333333333,28.39999999999999,243.3354736328125,N,1.0,0.0
2026-09-26T23:30:42,mobilenet_v3_small_batch1_node_0_local_train,917d7104-f427-4ff1-867f-5143b6f54352,5b0fa12a-3dd7-45bb-9766-cc326314d9f1,9.176534056896344,0.000108834587130247,1.1860097336908556e-05,115.81924568502859,74.85401433867928,6.0,0.0001971337453743565,0.0002508032561934215,1.0142232446620863e-05,0.00045807923401439886,0.0,United Kingdom,GBR,england,,,Linux-6.4.0-150600.23.73_15.0.14-cray_shasta_c_64k-aarch64-with-glibc2.38,3.11.7,3.3.0,72,Neoverse-V2,1,1 x NVIDIA GH200 120GB,-2.5917,51.4535,64,machine,11.666666666666666,4.666666666666667,28.099999999999998,240.42721557617188,N,1.0,0.0
2026-09-26T23:30:59,mobilenet_v3_small_batch1_node_0_evaluate,4e686d9e-a017-4adf-92bb-4c065975f05a,5b0fa12a-3dd7-45bb-9766-cc326314d9f1,13.604417092865333,0.0001859278727175516,1.366672834627065e-05,116.00428484736,143.6375918544473,6.0,0.00034175894285501157,0.0004249317288298471,1.587027481330248e-05,0.0007825609464981612,0.0,United Kingdom,GBR,england,,,Linux-6.4.0-150600.23.73_15.0.14-cray_shasta_c_64k-aarch64-with-glibc2.38,3.11.7,3.3.0,72,Neoverse-V2,1,1 x NVIDIA GH200 120GB,-2.5917,51.4535,64,machine,0.0,0.3,28.1,240.4276916503906,N,1.0,0.0
2026-09-26T23:31:30,mobilenet_v3_small_batch1_node_1_local_train,32f0a8ff-db93-4de6-b5d0-a01a6813d210,5b0fa12a-3dd7-45bb-9766-cc326314d9f1,16.372116026002914,0.00023705729166317909,1.4479331278050698e-05,116.09424049846155,145.50566207650462,6.0,0.00043202085683477785,0.0005460487701753891,1.9692439681384716e-05,0.0009977620666915517,0.0,United Kingdom,GBR,england,,,Linux-6.4.0-150600.23.73_15.0.14-cray_shasta_c_64k-aarch64-with-glibc2.38,3.11.7,3.3.0,72,Neoverse-V2,1,1 x NVIDIA GH200 120GB,-2.5917,51.4535,64,machine,6.4,3.8461538461538463,28.100000000000005,240.35924353966345,N,1.0,0.0
2026-09-26T23:38:10,mobilenet_v3_small_batch1_node_1_evaluate,9989b9c1-a11a-44fa-b798-0f91fb5e444a,5b0fa12a-3dd7-45bb-9766-cc326314d9f1,10.02746610995382,0.00012356931002149697,1.232308428336e-05,116.60789543039999,144.0770314041282,6.0,0.00022766199997371748,0.000282518281565558,9.916650648228823e-06,0.0005200969321875043,0.0,United Kingdom,GBR,england,,,Linux-6.4.0-150600.23.73_15.0.14-cray_shasta_c_64k-aarch64-with-glibc2.38,3.11.7,3.3.0,72,Neoverse-V2,1,1 x NVIDIA GH200 120GB,-2.5917,51.4535,64,machine,10.366666666666667,0.5,28.099999999999998,240.47592163085938,N,1.0,0.0
2026-09-26T23:38:27,mobilenet_v3_small_batch1_node_2_local_train,82dbfd43-bf2a-4a04-9227-bc6bf150ebac,5b0fa12a-3dd7-45bb-9766-cc326314d9f1,15.30266727693379,0.00021458495904685664,1.4022716116314413e-05,116.07377255280002,145.42947790699776,6.0,0.00039566547476370243,0.0004955545631162295,1.1957125401434798e-05,0.0009031771632813667,0.0,United Kingdom,GBR,england,,,Linux-6.4.0-150600.23.73_15.0.14-cray_shasta_c_64k-aarch64-with-glibc2.38,3.11.7,3.3.0,72,Neoverse-V2,1,1 x NVIDIA GH200 120GB,-2.5917,51.4535,64,machine,0.0,1.0,28.100000000000005,240.48942057291666,N,1.0,0.0
2026-09-26T23:38:49,mobilenet_v3_small_batch1_node_2_evaluate,1c6a768f-dd24-4303-a283-b967e4c898d6,5b0fa12a-3dd7-45bb-9766-cc326314d9f1,9.970532442908734,0.0001232356886632956,1.2359990739606247e-05,116.78008665600001,149.80289308950393,6.0,0.00022661935926230389,0.00028225467023901274,9.818707381685574e-06,0.0005186927368830022,0.0,United Kingdom,GBR,england,,,Linux-6.4.0-150600.23.73_15.0.14-cray_shasta_c_64k-aarch64-with-glibc2.38,3.11.7,3.3.0,72,Neoverse-V2,1,1 x NVIDIA GH200 120GB,-2.5917,51.4535,64,machine,10.416666666666666,0.5,28.099999999999998,240.46481323242188,N,1.0,0.0
2026-09-26T23:39:44,mobilenet_v3_small_batch1_node_3_local_train,a47a99f8-abe3-49c5-83eb-0a86351083b0,5b0fa12a-3dd7-45bb-9766-cc326314d9f1,37.24495567404665,0.000593167895281285,1.592612702972342e-05,115.65895048045715,145.97154990997,6.0,0.0010963804673535874,0.0013654044256696807,3.4828566696184376e-05,0.0024966134597194526,0.0,United Kingdom,GBR,england,,,Linux-6.4.0-150600.23.73_15.0.14-cray_shasta_c_64k-aarch64-with-glibc2.38,3.11.7,3.3.0,72,Neoverse-V2,1,1 x NVIDIA GH200 120GB,-2.5917,51.4535,64,machine,0.9382352941176472,0.20588235294117646,28.100000000000016,240.50481280158547,N,1.0,0.0
2026-09-26T23:40:04,mobilenet_v3_small_batch1_node_3_evaluate,4dcfab33-5e3a-4677-bb0c-04da53cb3945,5b0fa12a-3dd7-45bb-9766-cc326314d9f1,15.106295471079648,0.00021014751235733393,1.3911253937780596e-05,116.58411592868572,144.9223857252286,6.0,0.00039012572526476844,0.00048488149900549615,9.492951905122026e-06,0.0008845001761753866,0.0,United Kingdom,GBR,england,,,Linux-6.4.0-150600.23.73_15.0.14-cray_shasta_c_64k-aarch64-with-glibc2.38,3.11.7,3.3.0,72,Neoverse-V2,1,1 x NVIDIA GH200 120GB,-2.5917,51.4535,64,machine,0.0,0.4166666666666667,28.100000000000005,240.4610595703125,N,1.0,0.0
2026-09-26T23:40:21,mobilenet_v3_small_batch1_node_4_local_train,ea1daaba-5bf3-40ea-94f8-098f2128236b,5b0fa12a-3dd7-45bb-9766-cc326314d9f1,11.01166167599149,0.00014317903575037698,1.3002491355373496e-05,116.056927188,74.98481462257466,6.0,0.00025857432537688025,0.00033081832020798174,1.3240623423286404e-05,0.0006026332690081484,0.0,United Kingdom,GBR,england,,,Linux-6.4.0-150600.23.73_15.0.14-cray_shasta_c_64k-aarch64-with-glibc2.38,3.11.7,3.3.0,72,Neoverse-V2,1,1 x NVIDIA GH200 120GB,-2.5917,51.4535,64,machine,0.0,4.285714285714286,28.099999999999998,240.46540178571428,N,1.0,0.0
2026-09-26T23:40:44,mobilenet_v3_small_batch1_node_4_evaluate,638aa7bc-2a29-48f7-8bfa-aad80c727441,5b0fa12a-3dd7-45bb-9766-cc326314d9f1,11.875993244117126,0.0001545690090171155,1.3015248985063424e-05,116.6146399008,144.19358403258323,6.0,0.00028685296028778395,0.0003540508388084618,9.669287271875267e-06,0.000650573086368121,0.0,United Kingdom,GBR,england,,,Linux-6.4.0-150600.23.73_15.0.14-cray_shasta_c_64k-aarch64-with-glibc2.38,3.11.7,3.3.0,72,Neoverse-V2,1,1 x NVIDIA GH200 120GB,-2.5917,51.4535,64,machine,0.0,0.25,28.099999999999998,240.44091033935547,N,1.0,0.0
2026-09-26T23:41:05,mobilenet_v3_small_batch1_node_5_local_train,a942ee5f-2213-4785-9f9d-eff7183217b6,5b0fa12a-3dd7-45bb-9766-cc326314d9f1,12.003356655826792,0.00016654820981641368,1.3875136313271684e-05,121.66004217600002,74.11200840291787,6.0,0.00031838765706030027,0.0003677150163952092,1.4890258946300796e-05,0.0007009929324018102,0.0,United Kingdom,GBR,england,,,Linux-6.4.0-150600.23.73_15.0.14-cray_shasta_c_64k-aarch64-with-glibc2.38,3.11.7,3.3.0,72,Neoverse-V2,1,1 x NVIDIA GH200 120GB,-2.5917,51.4535,64,machine,0.0,6.125,28.099999999999998,240.51698303222656,N,1.0,0.0
2026-09-26T23:41:18,mobilenet_v3_small_batch1_node_5_evaluate,da86225f-6789-4875-be15-492c8857bc26,5b0fa12a-3dd7-45bb-9766-cc326314d9f1,12.03519592504017,0.0001577676302035013,1.3108854329097655e-05,116.79916593600001,144.34952514213816,6.0,0.0002927632665454688,0.00036134528907894037,9.927364403459556e-06,0.0006640359200278687,0.0,United Kingdom,GBR,england,,,Linux-6.4.0-150600.23.73_15.0.14-cray_shasta_c_64k-aarch64-with-glibc2.38,3.11.7,3.3.0,72,Neoverse-V2,1,1 x NVIDIA GH200 120GB,-2.5917,51.4535,64,machine,0.0,0.5,28.099999999999998,240.53929901123047,N,1.0,0.0
2026-09-26T23:41:23,mobilenet_v3_small_batch1_node_0_upload,4464e04d-a17b-4f2b-a06c-5c4c92e33f98,5b0fa12a-3dd7-45bb-9766-cc326314d9f1,3.0927031598985195,2.17360427572927e-07,7.028169738089549e-08,116.8605523584,0.0,6.0,8.8600629212854e-07,0.0,2.885267681752642e-08,9.148589689460665e-07,0.0,United Kingdom,GBR,england,,,Linux-6.4.0-150600.23.73_15.0.14-cray_shasta_c_64k-aarch64-with-glibc2.38,3.11.7,3.3.0,72,Neoverse-V2,1,1 x NVIDIA GH200 120GB,-2.5917,51.4535,64,machine,0,0,0,0,N,1.0,0.0
2026-09-26T23:41:27,mobilenet_v3_small_batch1_node_1_upload,9763c4fa-c245-4c54-bcfa-f4033662a44b,5b0fa12a-3dd7-45bb-9766-cc326314d9f1,3.070933551993221,1.072543500225949e-07,3.492564987379175e-08,118.36081440000001,0.0,6.0,4.4577254316658535e-07,0.0,5.655553347120683e-09,4.5142809651370604e-07,0.0,United Kingdom,GBR,england,,,Linux-6.4.0-150600.23.73_15.0.14-cray_shasta_c_64k-aarch64-with-glibc2.38,3.11.7,3.3.0,72,Neoverse-V2,1,1 x NVIDIA GH200 120GB,-2.5917,51.4535,64,machine,0,0,0,0,N,1.0,0.0
2026-09-26T23:41:30,mobilenet_v3_small_batch1_node_2_upload,61d68b2d-9450-4304-b6b8-c878122fa92b,5b0fa12a-3dd7-45bb-9766-cc326314d9f1,3.0836168909445405,1.9947373043810088e-07,6.468823381525849e-08,116.54268606720001,0.0,6.0,8.143970169474479e-07,0.0,2.517775477220615e-08,8.395747717196541e-07,0.0,United Kingdom,GBR,england,,,Linux-6.4.0-150600.23.73_15.0.14-cray_shasta_c_64k-aarch64-with-glibc2.38,3.11.7,3.3.0,72,Neoverse-V2,1,1 x NVIDIA GH200 120GB,-2.5917,51.4535,64,machine,0,0,0,0,N,1.0,0.0
2026-09-26T23:41:45,mobilenet_v3_small_batch1_node_3_upload,fd563790-966d-4279-af38-ba61f8a43248,5b0fa12a-3dd7-45bb-9766-cc326314d9f1,3.076193831861019,1.2286378589647248e-07,3.994019642843605e-08,115.20006635520001,0.0,6.0,5.116971921845222e-07,0.0,5.430224894856413e-09,5.171274170793787e-07,0.0,United Kingdom,GBR,england,,,Linux-6.4.0-150600.23.73_15.0.14-cray_shasta_c_64k-aarch64-with-glibc2.38,3.11.7,3.3.0,72,Neoverse-V2,1,1 x NVIDIA GH200 120GB,-2.5917,51.4535,64,machine,0,0,0,0,N,1.0,0.0
2026-09-26T23:42:00,mobilenet_v3_small_batch1_node_4_upload,1652e231-dd36-49ef-bf25-a0be14485981,5b0fa12a-3dd7-45bb-9766-cc326314d9f1,4.1244805050082505,1.753878562209551e-05,4.252362352252268e-06,115.6742255808,136.51333581011107,6.0,3.3911751458430815e-05,3.990225414440829e-05,5.8497864908228315e-09,7.381985538932993e-05,0.0,United Kingdom,GBR,england,,,Linux-6.4.0-150600.23.73_15.0.14-cray_shasta_c_64k-aarch64-with-glibc2.38,3.11.7,3.3.0,72,Neoverse-V2,1,1 x NVIDIA GH200 120GB,-2.5917,51.4535,64,machine,0.0,0.0,28.1,240.58465576171875,N,1.0,0.0
2026-09-26T23:42:10,mobilenet_v3_small_batch1_node_0_exchange,21f87256-11a7-4bf0-ae92-07859668d042,5b0fa12a-3dd7-45bb-9766-cc326314d9f1,9.136422027135268,0.00010403240077878373,1.1386558159179428e-05,115.9865703936,207.63360531517134,6.0,0.00019483306182654212,0.00024293352767301712,1.0048674885183572e-07,0.00043786707624841106,0.0,United Kingdom,GBR,england,,,Linux-6.4.0-150600.23.73_15.0.14-cray_shasta_c_64k-aarch64-with-glibc2.38,3.11.7,3.3.0,72,Neoverse-V2,1,1 x NVIDIA GH200 120GB,-2.5917,51.4535,64,machine,0.0,0.0,28.099999999999998,240.58648681640625,N,1.0,0.0
2026-09-26T23:42:22,mobilenet_v3_small_batch1_node_1_exchange,ede0fc46-d6d7-4b22-910f-a28fb570df00,5b0fa12a-3dd7-45bb-9766-cc326314d9f1,5.136427907040343,3.578997662912033e-05,6.967872863564212e-06,116.41310334720002,206.5580495014464,6.0,6.715903465465194e-05,8.337867781449404e-05,1.004762900993228e-07,0.00015063818875924527,0.0,United Kingdom,GBR,england,,,Linux-6.4.0-150600.23.73_15.0.14-cray_shasta_c_64k-aarch64-with-glibc2.38,3.11.7,3.3.0,72,Neoverse-V2,1,1 x NVIDIA GH200 120GB,-2.5917,51.4535,64,machine,5.9,0.0,28.1,240.56719970703125,N,1.0,0.0
2026-09-26T23:42:34,mobilenet_v3_small_batch1_node_2_exchange,a7d43f78-da52-4c5e-8628-037a168ae262,5b0fa12a-3dd7-45bb-9766-cc326314d9f1,4.61325146490708,2.7106652268721156e-05,5.875823695049135e-06,116.79126171840002,211.17580507053134,6.0,5.051842150406062e-05,6.348060635730235e-05,9.149092831648886e-08,0.00011409051878967947,0.0,United Kingdom,GBR,england,,,Linux-6.4.0-150600.23.73_15.0.14-cray_shasta_c_64k-aarch64-with-glibc2.38,3.11.7,3.3.0,72,Neoverse-V2,1,1 x NVIDIA GH200 120GB,-2.5917,51.4535,64,machine,52.0,0.0,28.1,240.55499267578125,N,1.0,0.0
2026-09-26T23:42:54,mobilenet_v3_small_batch1_node_3_exchange,50aa6d96-4c20-4f1d-8d1a-89008a6811e5,5b0fa12a-3dd7-45bb-9766-cc326314d9f1,4.141097126994282,1.8651675662397523e-05,4.504042066730128e-06,115.46139983040001,209.67913534211144,6.0,3.4663406770388345e-05,4.37489238862554e-05,9.162223005356889e-08,7.85039528866973e-05,0.0,United Kingdom,GBR,england,,,Linux-6.4.0-150600.23.73_15.0.14-cray_shasta_c_64k-aarch64-with-glibc2.38,3.11.7,3.3.0,72,Neoverse-V2,1,1 x NVIDIA GH200 120GB,-2.5917,51.4535,64,machine,0.0,0.0,28.1,240.5540771484375,N,1.0,0.0
2026-09-26T23:43:15,mobilenet_v3_small_batch1_node_4_exchange,4baad052-e1b9-413c-871b-b68067e3b968,5b0fa12a-3dd7-45bb-9766-cc326314d9f1,4.622500798897818,2.7103062408332996e-05,5.863289934919083e-06,115.8219949824,210.0578126457222,6.0,5.03496450071028e-05,6.362616200306093e-05,9.960223998253544e-08,0.00011407540925014624,0.0,United Kingdom,GBR,england,,,Linux-6.4.0-150600.23.73_15.0.14-cray_shasta_c_64k-aarch64-with-glibc2.38,3.11.7,3.3.0,72,Neoverse-V2,1,1 x NVIDIA GH200 120GB,-2.5917,51.4535,64,machine,6.2,0.0,28.1,240.5501708984375,N,1.0,0.0
2026-09-26T23:43:20,mobilenet_v3_small_batch1_node_5_exchange,fc5ba3d0-b52d-4aeb-8d22-af2dec05907f,5b0fa12a-3dd7-45bb-9766-cc326314d9f1,3.143290169071406,1.6106345360549868e-06,5.124040255344298e-07,116.81336448000002,141.1877016456956,6.0,2.648199241118543e-06,4.03361434564431e-06,9.726514186089238e-08,6.779078728623745e-06,0.0,United Kingdom,GBR,england,,,Linux-6.4.0-150600.23.73_15.0.14-cray_shasta_c_64k-aarch64-with-glibc2.38,3.11.7,3.3.0,72,Neoverse-V2,1,1 x NVIDIA GH200 120GB,-2.5917,51.4535,64,machine,0,0,0,0,N,1.0,0.0
2026-09-26T23:43:36,mobilenet_v3_small_batch1_node_0_evaluate,0603c673-8189-4a53-b41a-a00cda0335b4,5b0fa12a-3dd7-45bb-9766-cc326314d9f1,8.984502093866467,0.00010492269809370987,1.1678187282669611e-05,116.32764735360001,72.60028831227999,6.0,0.00019336166257950124,0.0002383963018388613,9.856327883511161e-06,0.0004416142923018737,0.0,United Kingdom,GBR,england,,,Linux-6.4.0-150600.23.73_15.0.14-cray_shasta_c_64k-aarch64-with-glibc2.38,3.11.7,3.3.0,72,Neoverse-V2,1,1 x NVIDIA GH200 120GB,-2.5917,51.4535,64,machine,0.0,0.6,28.1,240.5356689453125,N,1.0,0.0
2026-09-26T23:43:56,mobilenet_v3_small_batch1_node_1_evaluate,c8d1187f-a958-4acf-a84f-ee273e84fb92,5b0fa12a-3dd7-45bb-9766-cc326314d9f1,9.127280642976984,0.00010819796905230572,1.1854348878333109e-05,116.41720697691429,73.21730753680882,6.0,0.00019865933346125588,0.0002466296417509284,1.0110765736705313e-05,0.0004553997409488896,0.0,United Kingdom,GBR,england,,,Linux-6.4.0-150600.23.73_15.0.14-cray_shasta_c_64k-aarch64-with-glibc2.38,3.11.7,3.3.0,72,Neoverse-V2,1,1 x NVIDIA GH200 120GB,-2.5917,51.4535,64,machine,0.0,0.8333333333333334,28.099999999999998,240.54107666015625,N,1.0,0.0
2026-09-26T23:44:27,mobilenet_v3_small_batch1_node_2_evaluate,0a1d66d0-0553-4f1e-9258-fff7b47d4ee7,5b0fa12a-3dd7-45bb-9766-cc326314d9f1,8.870227264007553,0.00010310986505736448,1.1624264180439906e-05,116.33678899200001,72.77983692152598,6.0,0.00018966757869579717,0.00023463907659504457,9.677515093159551e-06,0.0004339841703840013,0.0,United Kingdom,GBR,england,,,Linux-6.4.0-150600.23.73_15.0.14-cray_shasta_c_64k-aarch64-with-glibc2.38,3.11.7,3.3.0,72,Neoverse-V2,1,1 x NVIDIA GH200 120GB,-2.5917,51.4535,64,machine,0.0,0.6,27.4,234.5494140625,N,1.0,0.0
2026-09-26T23:44:59,mobilenet_v3_small_batch1_node_3_evaluate,d721d120-606c-48b1-972d-f343c71be30d,5b0fa12a-3dd7-45bb-9766-cc326314d9f1,13.50107996002771,0.00018187456803290294,1.3471112575540192e-05,116.5785715221943,143.96085488093377,6.0,0.00033829582710368883,0.00041776727864828445,9.437687773412715e-06,0.000765500793525386,0.0,United Kingdom,GBR,england,,,Linux-6.4.0-150600.23.73_15.0.14-cray_shasta_c_64k-aarch64-with-glibc2.38,3.11.7,3.3.0,72,Neoverse-V2,1,1 x NVIDIA GH200 120GB,-2.5917,51.4535,64,machine,0.67,0.2,27.5,235.553662109375,N,1.0,0.0
2026-09-26T23:45:09,mobilenet_v3_small_batch1_node_4_evaluate,312d6f66-1137-4ece-baf7-bc754be11e82,5b0fa12a-3dd7-45bb-9766-cc326314d9f1,8.825054519809783,0.00010278132335046463,1.1646536927307277e-05,116.3698842528,73.28443228963401,6.0,0.00018861771812801135,0.00023438352083360314,9.600116111493358e-06,0.00043260135507310787,0.0,United Kingdom,GBR,england,,,Linux-6.4.0-150600.23.73_15.0.14-cray_shasta_c_64k-aarch64-with-glibc2.38,3.11.7,3.3.0,72,Neoverse-V2,1,1 x NVIDIA GH200 120GB,-2.5917,51.4535,64,machine,0.0,1.0,27.5,235.5332275390625,N,1.0,0.0
2026-09-26T23:45:24,mobilenet_v3_small_batch1_node_5_evaluate,6f3284e3-9393-4dd9-930b-d0e4e588797d,5b0fa12a-3dd7-45bb-9766-cc326314d9f1,13.20894949301146,0.00017705106243688334,1.3403871559245255e-05,116.59659032118859,143.9583150971942,6.0,0.0003295143918946393,0.00040612421378227737,9.560298467986286e-06,0.0007451989041449029,0.0,United Kingdom,GBR,england,,,Linux-6.4.0-150600.23.73_15.0.14-cray_shasta_c_64k-aarch64-with-glibc2.38,3.11.7,3.3.0,72,Neoverse-V2,1,1 x NVIDIA GH200 120GB,-2.5917,51.4535,64,machine,0.0,0.4,27.5,235.532421875,N,1.0,0.0
2026-09-26T23:46:32,efficientnet_lite0_batch1_node_0_local_train,287a9450-ad38-4961-ba81-82dffa1f64c4,5b0fa12a-3dd7-45bb-9766-cc326314d9f1,13.039142013993114,0.00017813835793745137,1.3661815919044368e-05,116.33155622537144,154.16481479044037,6.0,0.0003227197609920158,0.0004206761698810624,6.379344655045619e-06,0.0007497752755281237,0.0,United Kingdom,GBR,england,,,Linux-6.4.0-150600.23.73_15.0.14-cray_shasta_c_64k-aarch64-with-glibc2.38,3.11.7,3.3.0,72,Neoverse-V2,1,1 x NVIDIA GH200 120GB,-2.5917,51.4535,64,machine,13.366666666666667,2.888888888888889,27.888888888888886,238.8012220594618,N,1.0,0.0
2026-09-26T23:46:45,efficientnet_lite0_batch1_node_0_evaluate,fa5969ea-9b80-4233-b67b-5bc6a1d34c9e,5b0fa12a-3dd7-45bb-9766-cc326314d9f1,8.867555896984413,0.00014453437603594724,1.629923484159812e-05,167.2763716512,772.8850579460111,6.0,0.00035222662436811436,0.00024646853049148376,9.642672379656384e-06,0.0006083378272392546,0.0,United Kingdom,GBR,england,,,Linux-6.4.0-150600.23.73_15.0.14-cray_shasta_c_64k-aarch64-with-glibc2.38,3.11.7,3.3.0,72,Neoverse-V2,1,1 x NVIDIA GH200 120GB,-2.5917,51.4535,64,machine,13.66,1.6,28.1,241.04476318359374,N,1.0,0.0
2026-09-26T23:47:07,efficientnet_lite0_batch1_node_1_local_train,f967ea8a-74bf-48db-8f25-958737657742,5b0fa12a-3dd7-45bb-9766-cc326314d9f1,12.096098904963583,0.00016994619943411235,1.4049670126653448e-05,116.35648816320003,153.42704139427357,6.0,0.0002933893015346859,0.00040851921569640126,1.338638040353544e-05,0.0007152948976346227,0.0,United Kingdom,GBR,england,,,Linux-6.4.0-150600.23.73_15.0.14-cray_shasta_c_64k-aarch64-with-glibc2.38,3.11.7,3.3.0,72,Neoverse-V2,1,1 x NVIDIA GH200 120GB,-2.5917,51.4535,64,machine,0.0,7.0,28.199999999999996,241.11162651909723,N,1.0,0.0
2026-09-26T23:47:17,efficientnet_lite0_batch1_node_1_evaluate,4799cb26-75eb-455a-bf50-d764d0cd05a4,5b0fa12a-3dd7-45bb-9766-cc326314d9f1,9.148886540904641,0.00011027857258043751,1.2053769831703823e-05,116.46352327680002,794.659210016931,6.0,0.00019928904868381946,0.0002547543704594091,1.0113476085243746e-05,0.0004641568952284723,0.0,United Kingdom,GBR,england,,,Linux-6.4.0-150600.23.73_15.0.14-cray_shasta_c_64k-aarch64-with-glibc2.38,3.11.7,3.3.0,72,Neoverse-V2,1,1 x NVIDIA GH200 120GB,-2.5917,51.4535,64,machine,0.0,1.3333333333333333,28.2,241.60629272460938,N,1.0,0.0
2026-09-26T23:47:27,efficientnet_lite0_batch1_node_2_local_train,5c8ec9d1-517c-4411-a271-16dbc709026d,5b0fa12a-3dd7-45bb-9766-cc326314d9f1,8.899672964122146,0.00010972626089738785,1.2329246404866195e-05,115.98181656192,154.40786016714134,6.0,0.0001892624425187287,0.0002645129893750209,8.056811591377481e-06,0.0004618322434851271,0.0,United Kingdom,GBR,england,,,Linux-6.4.0-150600.23.73_15.0.14-cray_shasta_c_64k-aarch64-with-glibc2.38,3.11.7,3.3.0,72,Neoverse-V2,1,1 x NVIDIA GH200 120GB,-2.5917,51.4535,64,machine,0.0,0.0,28.2,241.11341552734376,N,1.0,0.0
2026-09-26T23:48:09,efficientnet_lite0_batch1_node_2_evaluate,59073368-536e-451d-a93a-350b7ee220c2,5b0fa12a-3dd7-45bb-9766-cc326314d9f1,37.813864164985716,0.0006049627692133961,1.5998438207052376e-05,116.48083128397715,146.82990154255378,6.0,0.0011205139693834885,0.0013911802796116035,3.456323436228558e-05,0.002546257483357378,0.0,United Kingdom,GBR,england,,,Linux-6.4.0-150600.23.73_15.0.14-cray_shasta_c_64k-aarch64-with-glibc2.38,3.11.7,3.3.0,72,Neoverse-V2,1,1 x NVIDIA GH200 120GB,-2.5917,51.4535,64,machine,0.9352941176470587,0.5,28.200000000000017,241.15673110064338,N,1.0,0.0
2026-09-26T23:48:17,efficientnet_lite0_batch1_node_3_local_train,d322160f-28f8-4049-b3ce-8cdea8a2884e,5b0fa12a-3dd7-45bb-9766-cc326314d9f1,7.0415837441105396,7.603473198989629e-05,1.0797958918473482e-05,115.762591008,83.64849830167236,6.0,0.00012892937587013895,0.00018446875868960433,6.628179747300844e-06,0.0003200263143070441,0.0,United Kingdom,GBR,england,,,Linux-6.4.0-150600.23.73_15.0.14-cray_shasta_c_64k-aarch64-with-glibc2.38,3.11.7,3.3.0,72,Neoverse-V2,1,1 x NVIDIA GH200 120GB,-2.5917,51.4535,64,machine,23.333333333333332,18.0,28.2,241.1732177734375,N,1.0,0.0
2026-09-26T23:48:30,efficientnet_lite0_batch1_node_3_evaluate,58bc6c95-a002-4d6b-b908-3fddbae08adb,5b0fa12a-3dd7-45bb-9766-cc326314d9f1,8.659643310122192,0.00010144270059970142,1.1714420209562882e-05,116.4460704768,75.67658199969398,6.0,0.00018304492865306581,0.00023461602101804147,9.30621042343167e-06,0.00042696716009453896,0.0,United Kingdom,GBR,england,,,Linux-6.4.0-150600.23.73_15.0.14-cray_shasta_c_64k-aarch64-with-glibc2.38,3.11.7,3.3.0,72,Neoverse-V2,1,1 x NVIDIA GH200 120GB,-2.5917,51.4535,64,machine,2.5,4.0,28.2,241.184375,N,1.0,0.0
2026-09-26T23:48:54,efficientnet_lite0_batch1_node_4_local_train,6e6b0868-92ab-4542-b4c2-7e1698044532,5b0fa12a-3dd7-45bb-9766-cc326314d9f1,9.458282844163477,0.00012010305597206686,1.2698188238912746e-05,115.9365747744,153.85083140649007,6.0,0.00020718970157099936,0.00028934050924078747,8.977434626625231e-06,0.000505507645438412,0.0,United Kingdom,GBR,england,,,Linux-6.4.0-150600.23.73_15.0.14-cray_shasta_c_64k-aarch64-with-glibc2.38,3.11.7,3.3.0,72,Neoverse-V2,1,1 x NVIDIA GH200 120GB,-2.5917,51.4535,64,machine,0.0,8.333333333333334,28.2,241.2163289388021,N,1.0,0.0
2026-09-26T23:49:17,efficientnet_lite0_batch1_node_4_evaluate,4ae9e50b-477c-403a-b98d-7da54f2d4c84,5b0fa12a-3dd7-45bb-9766-cc326314d9f1,14.270325599005446,0.00019846710983065628,1.390767915235853e-05,116.42296973348573,148.82221186064277,6.0,0.00036286436183297153,0.0004631184260546206,9.355168965024253e-06,0.0008353379568526165,0.0,United Kingdom,GBR,england,,,Linux-6.4.0-150600.23.73_15.0.14-cray_shasta_c_64k-aarch64-with-glibc2.38,3.11.7,3.3.0,72,Neoverse-V2,1,1 x NVIDIA GH200 120GB,-2.5917,51.4535,64,machine,2.0454545454545454,0.5454545454545454,28.199999999999992,241.12873424183238,N,1.0,0.0
2026-09-26T23:50:46,efficientnet_lite0_batch1_node_5_local_train,450c4ad7-348d-45b2-9f6f-366414159ec8,5b0fa12a-3dd7-45bb-9766-cc326314d9f1,10.106616813922301,0.00013311527046980226,1.3171100964907489e-05,116.05375251565715,154.82007343064816,6.0,0.00022869028437226338,0.0003215244238958803,1.0060685246717185e-05,0.0005602753935148608,0.0,United Kingdom,GBR,england,,,Linux-6.4.0-150600.23.73_15.0.14-cray_shasta_c_64k-aarch64-with-glibc2.38,3.11.7,3.3.0,72,Neoverse-V2,1,1 x NVIDIA GH200 120GB,-2.5917,51.4535,64,machine,10.885714285714286,8.428571428571429,28.199999999999996,241.16392299107142,N,1.0,0.0
2026-09-26T23:51:02,efficientnet_lite0_batch1_node_5_evaluate,d9397eb9-6dd8-42a0-9e25-24bec2e4aa3b,5b0fa12a-3dd7-45bb-9766-cc326314d9f1,13.561402043094859,0.00018526829659005518,1.3661441199170802e-05,116.54203073554287,147.04013521571358,6.0,0.0003404182331825722,0.00042953728807049174,9.829302918321142e-06,0.000779784824171385,0.0,United Kingdom,GBR,england,,,Linux-6.4.0-150600.23.73_15.0.14-cray_shasta_c_64k-aarch64-with-glibc2.38,3.11.7,3.3.0,72,Neoverse-V2,1,1 x NVIDIA GH200 120GB,-2.5917,51.4535,64,machine,0.0,1.6,28.199999999999996,241.11298217773438,N,1.0,0.0
2026-09-26T23:51:27,efficientnet_lite0_batch1_node_0_upload,017266a8-e536-4d00-b3f1-d50b6b823080,5b0fa12a-3dd7-45bb-9766-cc326314d9f1,15.02445749589242,0.00020433617340282232,1.3600236378497285e-05,115.20377334720001,144.16543149275938,6.0,0.0003822683670311668,0.00047776677111244226,5.408358216906587e-09,0.000860040546501826,0.0,United Kingdom,GBR,england,,,Linux-6.4.0-150600.23.73_15.0.14-cray_shasta_c_64k-aarch64-with-glibc2.38,3.11.7,3.3.0,72,Neoverse-V2,1,1 x NVIDIA GH200 120GB,-2.5917,51.4535,64,machine,1.7090909090909092,0.0,28.199999999999992,241.09576416015625,N,1.0,0.0
2026-09-26T23:53:14,efficientnet_lite0_batch1_node_2_upload,36b40341-9608-4a49-9bc7-5d8834be86b4,5b0fa12a-3dd7-45bb-9766-cc326314d9f1,3.081932704895735,1.371471783819673e-07,4.4500380609902755e-08,115.20960180480002,0.0,6.0,5.717437454664268e-07,0.0,5.5017430956165e-09,5.772454885620433e-07,0.0,United Kingdom,GBR,england,,,Linux-6.4.0-150600.23.73_15.0.14-cray_shasta_c_64k-aarch64-with-glibc2.38,3.11.7,3.3.0,72,Neoverse-V2,1,1 x NVIDIA GH200 120GB,-2.5917,51.4535,64,machine,0,0,0,0,N,1.0,0.0
2026-09-26T23:53:37,efficientnet_lite0_batch1_node_3_upload,11f02d20-11e3-442c-8628-0fb26349043f,5b0fa12a-3dd7-45bb-9766-cc326314d9f1,3.084829827072099,1.0188653648546146e-07,3.3028251863787544e-08,115.20006635520001,0.0,6.0,4.2331531439899593e-07,0.0,5.519928333039085e-09,4.28835242732035e-07,0.0,United Kingdom,GBR,england,,,Linux-6.4.0-150600.23.73_15.0.14-cray_shasta_c_64k-aarch64-with-glibc2.38,3.11.7,3.3.0,72,Neoverse-V2,1,1 x NVIDIA GH200 120GB,-2.5917,51.4535,64,machine,0,0,0,0,N,1.0,0.0
2026-09-26T23:54:21,mobilevit_xxs_batch1_node_0_local_train,15a7f043-63ca-46a1-b890-3fa0cd166fa0,5b0fa12a-3dd7-45bb-9766-cc326314d9f1,10.015288586961105,0.0001273154581861598,1.2712110797477336e-05,115.84708632000002,155.57305150023961,6.0,0.0002246046739369562,0.00030136690776316755,9.892697311782588e-06,0.0005358642790119063,0.0,United Kingdom,GBR,england,,,Linux-6.4.0-150600.23.73_15.0.14-cray_shasta_c_64k-aarch64-with-glibc2.38,3.11.7,3.3.0,72,Neoverse-V2,1,1 x NVIDIA GH200 120GB,-2.5917,51.4535,64,machine,0.0,6.833333333333333,28.13333333333333,240.84489949544272,N,1.0,0.0
2026-09-26T23:54:42,mobilevit_xxs_batch1_node_0_evaluate,726cd7db-c438-43ff-b290-fcdc3e00d5cd,5b0fa12a-3dd7-45bb-9766-cc326314d9f1,18.880180737935007,0.0002752774821730625,1.4580235538739369e-05,116.78118180480003,146.24991708624998,6.0,0.000509763416497252,0.000639418011530779,9.447473870047058e-06,0.0011586289018980782,0.0,United Kingdom,GBR,england,,,Linux-6.4.0-150600.23.73_15.0.14-cray_shasta_c_64k-aarch64-with-glibc2.38,3.11.7,3.3.0,72,Neoverse-V2,1,1 x NVIDIA GH200 120GB,-2.5917,51.4535,64,machine,1.8466666666666667,0.26666666666666666,28.113333333333337,240.76619873046874,N,1.0,0.0
2026-09-26T23:55:14,mobilevit_xxs_batch1_node_1_local_train,4ee74a64-e31a-46a7-9c8f-da3f4bd93240,5b0fa12a-3dd7-45bb-9766-cc326314d9f1,22.311825875891373,0.00034659596095868605,1.5534181867795672e-05,116.0987160482743,153.21767794436673,6.0,0.000620750344771495,0.0008169570424456651,2.109735946170986e-05,0.00145880474667887,0.0,United Kingdom,GBR,england,,,Linux-6.4.0-150600.23.73_15.0.14-cray_shasta_c_64k-aarch64-with-glibc2.38,3.11.7,3.3.0,72,Neoverse-V2,1,1 x NVIDIA GH200 120GB,-2.5917,51.4535,64,machine,0.6578947368421053,6.473684210526316,28.100000000000012,240.71720805921052,N,1.0,0.0
2026-09-26T23:55:48,mobilevit_xxs_batch1_node_1_evaluate,5545f211-5a0e-444f-a176-365212df3f8c,5b0fa12a-3dd7-45bb-9766-cc326314d9f1,17.503521485021338,0.00025884089596671156,1.4787932599060995e-05,125.37713364480001,145.178810193588,6.0,0.0004977645765850197,0.000581269631695136,1.0413939431697752e-05,0.0010894481477118536,0.0,United Kingdom,GBR,england,,,Linux-6.4.0-150600.23.73_15.0.14-cray_shasta_c_64k-aarch64-with-glibc2.38,3.11.7,3.3.0,72,Neoverse-V2,1,1 x NVIDIA GH200 120GB,-2.5917,51.4535,64,machine,6.035714285714286,0.9285714285714286,28.100000000000005,240.74663870675224,N,1.0,0.0
2026-09-26T23:56:08,mobilevit_xxs_batch1_node_2_local_train,acecbe4f-dfb7-4fc5-a925-dc00b9ea1e61,5b0fa12a-3dd7-45bb-9766-cc326314d9f1,11.714871566044167,0.0001632154831800093,1.3932332271835847e-05,121.234383036,148.74772870420327,6.0,0.0003026910840288031,0.00037153196389283494,1.2742607811621081e-05,0.0006869656557332591,0.0,United Kingdom,GBR,england,,,Linux-6.4.0-150600.23.73_15.0.14-cray_shasta_c_64k-aarch64-with-glibc2.38,3.11.7,3.3.0,72,Neoverse-V2,1,1 x NVIDIA GH200 120GB,-2.5917,51.4535,64,machine,0.0,8.625,28.199999999999996,241.23023223876953,N,1.0,0.0
2026-09-26T23:56:19,mobilevit_xxs_batch1_node_2_evaluate,5d87fc45-9e7b-4efc-8c49-f8738389d168,5b0fa12a-3dd7-45bb-9766-cc326314d9f1,10.060096557950601,0.00013122224306729991,1.3043835346052776e-05,124.19359855405715,145.1678111948927,6.0,0.000253956103223986,0.0002883557862389807,9.995848131366074e-06,0.0005523077375943328,0.0,United Kingdom,GBR,england,,,Linux-6.4.0-150600.23.73_15.0.14-cray_shasta_c_64k-aarch64-with-glibc2.38,3.11.7,3.3.0,72,Neoverse-V2,1,1 x NVIDIA GH200 120GB,-2.5917,51.4535,64,machine,12.971428571428572,1.4285714285714286,28.199999999999996,241.22052001953125,N,1.0,0.0
2026-09-26T23:56:29,mobilevit_xxs_batch1_node_3_local_train,b12e7b2e-848f-4f88-83a5-ce33a40d83bb,5b0fa12a-3dd7-45bb-9766-cc326314d9f1,9.445132771972567,0.00011788609387778683,1.2481147351109912e-05,115.90912972800001,78.59741388052082,6.0,0.0002070835413085213,0.00027845883387556114,1.0634189714910463e-05,0.0004961765648989929,0.0,United Kingdom,GBR,england,,,Linux-6.4.0-150600.23.73_15.0.14-cray_shasta_c_64k-aarch64-with-glibc2.38,3.11.7,3.3.0,72,Neoverse-V2,1,1 x NVIDIA GH200 120GB,-2.5917,51.4535,64,machine,0.0,6.166666666666667,28.2,241.21853637695312,N,1.0,0.0
2026-09-26T23:58:00,mobilevit_xxs_batch1_node_3_evaluate,db747555-8511-440d-95dc-80eff8ac2cef,5b0fa12a-3dd7-45bb-9766-cc326314d9f1,8.93226704094559,0.0001059782957837733,1.1864658243866632e-05,116.29069502400002,74.92000063507024,6.0,0.0001919376110042744,0.000244330751016264,9.788887194590642e-06,0.00044605724921512903,0.0,United Kingdom,GBR,england,,,Linux-6.4.0-150600.23.73_15.0.14-cray_shasta_c_64k-aarch64-with-glibc2.38,3.11.7,3.3.0,72,Neoverse-V2,1,1 x NVIDIA GH200 120GB,-2.5917,51.4535,64,machine,0.0,2.4,28.2,241.7072021484375,N,1.0,0.0
2026-09-26T23:58:19,mobilevit_xxs_batch1_node_4_local_train,f2e3c300-ed94-4535-8053-38219ec94fd4,5b0fa12a-3dd7-45bb-9766-cc326314d9f1,11.626075908076018,0.0001581258068473849,1.3600961158144794e-05,115.899531552,78.5606340169812,6.0,0.00027785759060892175,0.00037341779872690495,1.4268077943318835e-05,0.0006655434672791455,0.0,United Kingdom,GBR,england,,,Linux-6.4.0-150600.23.73_15.0.14-cray_shasta_c_64k-aarch64-with-glibc2.38,3.11.7,3.3.0,72,Neoverse-V2,1,1 x NVIDIA GH200 120GB,-2.5917,51.4535,64,machine,16.9875,7.75,28.199999999999996,241.71977996826172,N,1.0,0.0
2026-09-26T23:58:31,mobilevit_xxs_batch1_node_4_evaluate,1897909f-07db-49d7-b069-2337345bf736,5b0fa12a-3dd7-45bb-9766-cc326314d9f1,10.434405245818198,0.00013073634530797747,1.252935286947694e-05,116.48480552228571,145.99018746170057,6.0,0.00024021700598758435,0.00030024635131553623,9.799261370208114e-06,0.0005502626186733286,0.0,United Kingdom,GBR,england,,,Linux-6.4.0-150600.23.73_15.0.14-cray_shasta_c_64k-aarch64-with-glibc2.38,3.11.7,3.3.0,72,Neoverse-V2,1,1 x NVIDIA GH200 120GB,-2.5917,51.4535,64,machine,0.0,1.7142857142857142,28.199999999999996,241.71868896484375,N,1.0,0.0
2026-09-26T23:59:35,mobilevit_xxs_batch1_node_5_local_train,e3bec5cb-5ac7-4240-8cf2-c03f32e4a0a1,5b0fa12a-3dd7-45bb-9766-cc326314d9f1,18.521679755998775,0.0002769781599800065,1.4954267843352555e-05,116.14506828741821,149.31000040744297,6.0,0.0004976117907689098,0.0006524130219105473,1.576215548828865e-05,0.0011657869681677457,0.0,United Kingdom,GBR,england,,,Linux-6.4.0-150600.23.73_15.0.14-cray_shasta_c_64k-aarch64-with-glibc2.38,3.11.7,3.3.0,72,Neoverse-V2,1,1 x NVIDIA GH200 120GB,-2.5917,51.4535,64,machine,0.41333333333333333,6.466666666666667,28.199999999999992,241.50470377604168,N,1.0,0.0
2026-09-26T23:59:45,mobilevit_xxs_batch1_node_5_evaluate,a6c66df0-0cd4-4434-8652-1139272ce6ea,5b0fa12a-3dd7-45bb-9766-cc326314d9f1,8.970712875016034,0.00010647680140820197,1.1869380158710258e-05,116.3951840736,74.70106629406101,6.0,0.00019337910917593102,0.0002449310293002327,9.845295522051552e-06,0.0004481554339982153,0.0,United Kingdom,GBR,england,,,Linux-6.4.0-150600.23.73_15.0.14-cray_shasta_c_64k-aarch64-with-glibc2.38,3.11.7,3.3.0,72,Neoverse-V2,1,1 x NVIDIA GH200 120GB,-2.5917,51.4535,64,machine,0.0,2.4,28.2,241.2583740234375,N,1.0,0.0
2026-09-26T23:59:52,mobilevit_xxs_batch1_node_1_upload,e3065cec-5bfc-40a5-92aa-29af6a99a08f,5b0fa12a-3dd7-45bb-9766-cc326314d9f1,3.0820978439878672,1.5769422476356537e-07,5.1164574502776925e-08,115.20006635520001,0.0,6.0,6.492446004799677e-07,0.0,1.4482359789932768e-08,6.637269602699004e-07,0.0,United Kingdom,GBR,england,,,Linux-6.4.0-150600.23.73_15.0.14-cray_shasta_c_64k-aarch64-with-glibc2.38,3.11.7,3.3.0,72,Neoverse-V2,1,1 x NVIDIA GH200 120GB,-2.5917,51.4535,64,machine,0,0,0,0,N,1.0,0.0
2026-09-26T23:59:58,mobilevit_xxs_batch1_node_2_upload,577f20a6-60f2-406e-a8f6-3846974b82ff,5b0fa12a-3dd7-45bb-9766-cc326314d9f1,4.456598547985777,2.3849803224049354e-05,5.351570927300286e-06,115.20634055040001,143.37194246143144,6.0,4.478027449599974e-05,5.559698892909637e-05,5.343614999825756e-09,0.00010038260704009594,0.0,United Kingdom,GBR,england,,,Linux-6.4.0-150600.23.73_15.0.14-cray_shasta_c_64k-aarch64-with-glibc2.38,3.11.7,3.3.0,72,Neoverse-V2,1,1 x NVIDIA GH200 120GB,-2.5917,51.4535,64,machine,0.0,0.0,28.2,241.75958251953125,N,1.0,0.0
2026-09-27T00:00:18,mobilevit_xxs_batch1_node_3_upload,907a16a2-a0b3-4adb-9c10-3c46d8dd331a,5b0fa12a-3dd7-45bb-9766-cc326314d9f1,7.142346794018522,6.874119103352546e-05,9.624454400771176e-06,115.21770916608,140.1592463262062,6.0,0.00013059262390345544,0.0001587301269978525,5.420998592550556e-09,0.0002893281718999005,0.0,United Kingdom,GBR,england,,,Linux-6.4.0-150600.23.73_15.0.14-cray_shasta_c_64k-aarch64-with-glibc2.38,3.11.7,3.3.0,72,Neoverse-V2,1,1 x NVIDIA GH200 120GB,-2.5917,51.4535,64,machine,2.9,0.0,28.2,241.2559814453125,N,1.0,0.0
2026-09-27T00:00:23,mobilevit_xxs_batch1_node_4_upload,fd36ee99-c57d-4b71-a818-61221cff5299,5b0fa12a-3dd7-45bb-9766-cc326314d9f1,4.083643634803593,1.7165941055929995e-05,4.2035844924444805e-06,115.20021098880001,141.25780088126672,6.0,3.254966082673852e-05,3.96955873185334e-05,5.323454970493913e-09,7.225057160024242e-05,0.0,United Kingdom,GBR,england,,,Linux-6.4.0-150600.23.73_15.0.14-cray_shasta_c_64k-aarch64-with-glibc2.38,3.11.7,3.3.0,72,Neoverse-V2,1,1 x NVIDIA GH200 120GB,-2.5917,51.4535,64,machine,0.0,0.0,28.2,241.25579833984375,N,1.0,0.0
2026-09-27T00:00:28,mobilevit_xxs_batch1_node_5_upload,d263fc10-38c8-46c9-b215-e1e7241830a1,5b0fa12a-3dd7-45bb-9766-cc326314d9f1,4.092015363043174,1.7185890213071443e-05,4.199859650646702e-06,115.20006635520001,140.83845726755393,6.0,3.259596472958769e-05,3.972586512190901e-05,1.2706735093767445e-08,7.233453658659047e-05,0.0,United Kingdom,GBR,england,,,Linux-6.4.0-150600.23.73_15.0.14-cray_shasta_c_64k-aarch64-with-glibc2.38,3.11.7,3.3.0,72,Neoverse-V2,1,1 x NVIDIA GH200 120GB,-2.5917,51.4535,64,machine,0.0,0.0,28.2,241.28765869140625,N,1.0,0.0
2026-09-27T00:00:43,mobilevit_xxs_batch1_node_0_exchange,860f469b-4724-4ebe-8efc-d5a0058d1720,5b0fa12a-3dd7-45bb-9766-cc326314d9f1,15.227207449963316,0.00020635130973629595,1.3551487389553695e-05,115.2000545516308,142.26150847025121,6.0,0.0003886689299994645,0.0004798478838807796,5.338813255851467e-09,0.0008685221526934999,0.0,United Kingdom,GBR,england,,,Linux-6.4.0-150600.23.73_15.0.14-cray_shasta_c_64k-aarch64-with-glibc2.38,3.11.7,3.3.0,72,Neoverse-V2,1,1 x NVIDIA GH200 120GB,-2.5917,51.4535,64,machine,0.0,0.0,28.199999999999992,241.2914021809896,N,1.0,0.0
2026-09-27T00:00:54,mobilevit_xxs_batch1_node_2_exchange,dbb7f486-1bf9-4004-9a9a-0feabfe6abd0,5b0fa12a-3dd7-45bb-9766-cc326314d9f1,4.109902462922037,1.7232935467068375e-05,4.193027844951871e-06,115.20006635520001,139.4714449005206,6.0,3.2853122859106405e-05,3.965364281555139e-05,2.578198987369736e-08,7.25325476645315e-05,0.0,United Kingdom,GBR,england,,,Linux-6.4.0-150600.23.73_15.0.14-cray_shasta_c_64k-aarch64-with-glibc2.38,3.11.7,3.3.0,72,Neoverse-V2,1,1 x NVIDIA GH200 120GB,-2.5917,51.4535,64,machine,0.0,0.0,28.2,241.31951904296875,N,1.0,0.0
2026-09-27T00:00:58,mobilevit_xxs_batch1_node_5_exchange,2c765354-fd3f-40ee-bb15-5ee2ce21da74,5b0fa12a-3dd7-45bb-9766-cc326314d9f1,3.111629756167531,1.265805123700384e-07,4.067981163862584e-08,115.20006635520001,0.0,6.0,5.274322761256643e-07,0.0,5.3386533788094924e-09,5.327709295044738e-07,0.0,United Kingdom,GBR,england,,,Linux-6.4.0-150600.23.73_15.0.14-cray_shasta_c_64k-aarch64-with-glibc2.38,3.11.7,3.3.0,72,Neoverse-V2,1,1 x NVIDIA GH200 120GB,-2.5917,51.4535,64,machine,0,0,0,0,N,1.0,0.0
2026-09-27T00:01:15,mobilevit_xxs_batch1_node_0_evaluate,f1be7c54-77ca-4d54-9bda-aa5da4524a8a,5b0fa12a-3dd7-45bb-9766-cc326314d9f1,12.82693596300669,0.00017122117825696888,1.3348564205105292e-05,116.31777383808,144.83728718601526,6.0,0.000316348593623119,0.000394977816000619,9.334808938438073e-06,0.0007206612185621762,0.0,United Kingdom,GBR,england,,,Linux-6.4.0-150600.23.73_15.0.14-cray_shasta_c_64k-aarch64-with-glibc2.38,3.11.7,3.3.0,72,Neoverse-V2,1,1 x NVIDIA GH200 120GB,-2.5917,51.4535,64,machine,0.0,0.0,28.199999999999996,241.31695556640625,N,1.0,0.0
2026-09-27T00:01:25,mobilevit_xxs_batch1_node_2_evaluate,80bacf33-6924-4570-bbe1-e29327be6f61,5b0fa12a-3dd7-45bb-9766-cc326314d9f1,8.741964353946969,0.00010243639134146861,1.1717777285973365e-05,116.1178056864,75.254529558242,6.0,0.00018490806325171548,0.00023678991165354546,9.451578910229727e-06,0.0004311495538154907,0.0,United Kingdom,GBR,england,,,Linux-6.4.0-150600.23.73_15.0.14-cray_shasta_c_64k-aarch64-with-glibc2.38,3.11.7,3.3.0,72,Neoverse-V2,1,1 x NVIDIA GH200 120GB,-2.5917,51.4535,64,machine,2.8600000000000003,3.2,28.2,241.3342529296875,N,1.0,0.0
2026-09-27T00:01:39,mobilevit_xxs_batch1_node_5_evaluate,38f1e748-e07d-4db1-a3b2-f0ba153d8d64,5b0fa12a-3dd7-45bb-9766-cc326314d9f1,13.373485514195636,0.00018136653624285906,1.356165047999961e-05,116.50295309184001,145.7392827253404,6.0,0.0003346486361500169,0.00041886755731468384,9.846320131716007e-06,0.0007633625135964168,0.0,United Kingdom,GBR,england,,,Linux-6.4.0-150600.23.73_15.0.14-cray_shasta_c_64k-aarch64-with-glibc2.38,3.11.7,3.3.0,72,Neoverse-V2,1,1 x NVIDIA GH200 120GB,-2.5917,51.4535,64,machine,0.67,0.7,28.199999999999996,241.33307495117188,N,1.0,0.0
2026-09-27T00:02:21,mobilenet_v3_small_batch2_node_0_local_train,2b4dd004-6231-44df-b279-22cfe81ffeef,5b0fa12a-3dd7-45bb-9766-cc326314d9f1,9.491051715100184,0.00014116100436483973,1.4873062396262551e-05,146.45605582902863,207.05777677865103,6.0,0.00031556341647283825,0.00026790354765182656,1.0672513565126187e-05,0.000594139477689791,0.0,United Kingdom,GBR,england,,,Linux-6.4.0-150600.23.73_15.0.14-cray_shasta_c_64k-aarch64-with-glibc2.38,3.11.7,3.3.0,72,Neoverse-V2,1,1 x NVIDIA GH200 120GB,-2.5917,51.4535,64,machine,11.333333333333334,3.5,27.816666666666666,238.1347452799479,N,1.0,0.0
2026-09-27T00:02:34,mobilenet_v3_small_batch2_node_0_evaluate,643594ee-0d38-4314-b474-3c90791fbdb8,5b0fa12a-3dd7-45bb-9766-cc326314d9f1,12.821521993028,0.00017233567880535228,1.3441124922537574e-05,115.92555171840002,143.70455135519302,6.0,0.0003163516451701464,0.0003944136488627237,1.4586800573160872e-05,0.000725352094606031,0.0,United Kingdom,GBR,england,,,Linux-6.4.0-150600.23.73_15.0.14-cray_shasta_c_64k-aarch64-with-glibc2.38,3.11.7,3.3.0,72,Neoverse-V2,1,1 x NVIDIA GH200 120GB,-2.5917,51.4535,64,machine,14.811111111111112,0.0,27.75555555555556,237.64466688368054,N,1.0,0.0
2026-09-27T00:02:56,mobilenet_v3_small_batch2_node_1_local_train,f97259e1-9ea0-4470-a233-ff4a8d187937,5b0fa12a-3dd7-45bb-9766-cc326314d9f1,16.419173469999805,0.00023925888708663774,1.4571920293296017e-05,116.1438613078154,145.65361014307678,6.0,0.0004339002231007219,0.0005525565531456778,2.057169344974682e-05,0.0010070284696961464,0.0,United Kingdom,GBR,england,,,Linux-6.4.0-150600.23.73_15.0.14-cray_shasta_c_64k-aarch64-with-glibc2.38,3.11.7,3.3.0,72,Neoverse-V2,1,1 x NVIDIA GH200 120GB,-2.5917,51.4535,64,machine,0.47692307692307695,2.8461538461538463,27.77692307692308,237.675537109375,N,1.0,0.0
2026-09-27T00:03:31,mobilenet_v3_small_batch2_node_1_evaluate,29e25b77-dfbc-44a5-8563-ea84de1d19a7,5b0fa12a-3dd7-45bb-9766-cc326314d9f1,10.245918277883902,0.0001264512559670195,1.23416225405553e-05,116.86431123977144,142.77671532392282,6.0,0.00023556485853080256,0.00028637939578857186,1.0282641568143542e-05,0.0005322268958875179,0.0,United Kingdom,GBR,england,,,Linux-6.4.0-150600.23.73_15.0.14-cray_shasta_c_64k-aarch64-with-glibc2.38,3.11.7,3.3.0,72,Neoverse-V2,1,1 x NVIDIA GH200 120GB,-2.5917,51.4535,64,machine,0.0,0.42857142857142855,27.800000000000004,238.2287336077009,N,1.0,0.0
2026-09-27T00:03:47,mobilenet_v3_small_batch2_node_2_local_train,03855b62-7a15-44db-b889-489edf7b31de,5b0fa12a-3dd7-45bb-9766-cc326314d9f1,12.707943952875212,0.00017009561847656197,1.3384983370034246e-05,116.02861507748571,145.45958514485585,6.0,0.0003122011745497515,0.0003926475363442705,1.1075083879986778e-05,0.0007159237947740088,0.0,United Kingdom,GBR,england,,,Linux-6.4.0-150600.23.73_15.0.14-cray_shasta_c_64k-aarch64-with-glibc2.38,3.11.7,3.3.0,72,Neoverse-V2,1,1 x NVIDIA GH200 120GB,-2.5917,51.4535,64,machine,0.0,1.8888888888888888,27.800000000000004,238.07135687934027,N,1.0,0.0
2026-09-27T00:03:58,mobilenet_v3_small_batch2_node_2_evaluate,ff174dea-1c66-42f9-b273-dcb04a77b452,5b0fa12a-3dd7-45bb-9766-cc326314d9f1,10.056291608139873,0.00012396234573878456,1.2326844782269998e-05,116.71823856137144,143.84276122772602,6.0,0.00022929934305126987,0.00028245994819542375,9.9919082565854e-06,0.000521751199503279,0.0,United Kingdom,GBR,england,,,Linux-6.4.0-150600.23.73_15.0.14-cray_shasta_c_64k-aarch64-with-glibc2.38,3.11.7,3.3.0,72,Neoverse-V2,1,1 x NVIDIA GH200 120GB,-2.5917,51.4535,64,machine,29.171428571428574,0.5714285714285714,27.800000000000004,237.85825892857142,N,1.0,0.0
2026-09-27T00:04:13,mobilenet_v3_small_batch2_node_3_local_train,295786b9-520a-454a-b9e7-09fa1e4cb0bc,5b0fa12a-3dd7-45bb-9766-cc326314d9f1,14.088138384977356,0.0001927165828821879,1.3679350501531694e-05,115.97448858788573,145.72119573168337,6.0,0.0003553814826113668,0.0004463720237737334,9.380775430084516e-06,0.0008111342818151847,0.0,United Kingdom,GBR,england,,,Linux-6.4.0-150600.23.73_15.0.14-cray_shasta_c_64k-aarch64-with-glibc2.38,3.11.7,3.3.0,72,Neoverse-V2,1,1 x NVIDIA GH200 120GB,-2.5917,51.4535,64,machine,0.0,1.6363636363636365,16.800000000000004,144.22664572975853,N,1.0,0.0
2026-09-27T00:04:31,mobilenet_v3_small_batch2_node_3_evaluate,248b9465-8dbd-4d26-b355-f52ad304ce7a,5b0fa12a-3dd7-45bb-9766-cc326314d9f1,13.556933399988338,0.0001835072508021012,1.3536044279915032e-05,116.47061335954288,144.6624338391481,6.0,0.00034042905947833356,0.00042223478222069843,9.708830445306376e-06,0.0007723726721443384,0.0,United Kingdom,GBR,england,,,Linux-6.4.0-150600.23.73_15.0.14-cray_shasta_c_64k-aarch64-with-glibc2.38,3.11.7,3.3.0,72,Neoverse-V2,1,1 x NVIDIA GH200 120GB,-2.5917,51.4535,64,machine,0.0,0.3,16.800000000000004,143.75449829101564,N,1.0,0.0
2026-09-27T00:04:47,mobilenet_v3_small_batch2_node_4_local_train,02e3f0f3-2c9f-4380-bc92-165824ba366b,5b0fa12a-3dd7-45bb-9766-cc326314d9f1,11.557791423983872,0.00015236830491265828,1.3183167901479418e-05,115.87830865920003,74.51765677969324,6.0,0.000275526910561198,0.0003516222257502477,1.4161298568360508e-05,0.0006413104348798062,0.0,United Kingdom,GBR,england,,,Linux-6.4.0-150600.23.73_15.0.14-cray_shasta_c_64k-aarch64-with-glibc2.38,3.11.7,3.3.0,72,Neoverse-V2,1,1 x NVIDIA GH200 120GB,-2.5917,51.4535,64,machine,14.7625,4.5,16.8,143.7556610107422,N,1.0,0.0
2026-09-27T00:05:40,mobilenet_v3_small_batch2_node_4_evaluate,1de0df7e-abed-4fba-b06c-286f2f4aa807,5b0fa12a-3dd7-45bb-9766-cc326314d9f1,9.919622119981796,0.00012167879965852913,1.2266475293793996e-05,116.50920615360002,144.03024732856971,6.0,0.0002240738500347104,0.00027830855597699156,9.757464346475899e-06,0.0005121398703581779,0.0,United Kingdom,GBR,england,,,Linux-6.4.0-150600.23.73_15.0.14-cray_shasta_c_64k-aarch64-with-glibc2.38,3.11.7,3.3.0,72,Neoverse-V2,1,1 x NVIDIA GH200 120GB,-2.5917,51.4535,64,machine,0.0,0.3333333333333333,16.900000000000002,144.58707682291666,N,1.0,0.0
2026-09-27T00:06:05,mobilenet_v3_small_batch2_node_5_local_train,1cb216ee-4f04-44ca-b857-bc8af971a1ec,5b0fa12a-3dd7-45bb-9766-cc326314d9f1,17.38385151186958,0.00025174685145789796,1.448164989709023e-05,116.03482875154288,146.00892398520023,6.0,0.0004626152231164283,0.000583111577583395,1.386287499180374e-05,0.001059589675691627,0.0,United Kingdom,GBR,england,,,Linux-6.4.0-150600.23.73_15.0.14-cray_shasta_c_64k-aarch64-with-glibc2.38,3.11.7,3.3.0,72,Neoverse-V2,1,1 x NVIDIA GH200 120GB,-2.5917,51.4535,64,machine,1.2214285714285715,1.5714285714285714,16.900000000000002,144.57821219308036,N,1.0,0.0
2026-09-27T00:06:24,mobilenet_v3_small_batch2_node_5_evaluate,752cfdd9-3690-40dc-b288-a64b99e36de6,5b0fa12a-3dd7-45bb-9766-cc326314d9f1,9.84915674221702,0.00012033125967839512,1.2217417473174345e-05,116.58676907520001,150.0347903905906,6.0,0.00022203135748967564,0.0002748171642821262,9.619621443562209e-06,0.000506468143215364,0.0,United Kingdom,GBR,england,,,Linux-6.4.0-150600.23.73_15.0.14-cray_shasta_c_64k-aarch64-with-glibc2.38,3.11.7,3.3.0,72,Neoverse-V2,1,1 x NVIDIA GH200 120GB,-2.5917,51.4535,64,machine,11.200000000000001,0.16666666666666666,16.900000000000002,144.62227376302084,N,1.0,0.0
2026-09-27T00:06:58,mobilenet_v3_small_batch2_node_0_upload,1b782ba4-ef86-4606-90af-be6dbe24ce85,5b0fa12a-3dd7-45bb-9766-cc326314d9f1,4.080964970169589,1.722295362901206e-05,4.22031400781574e-06,115.21566656640002,141.90416379677873,6.0,3.25778192723916e-05,3.990725413416385e-05,5.46120999691387e-09,7.249053461655237e-05,0.0,United Kingdom,GBR,england,,,Linux-6.4.0-150600.23.73_15.0.14-cray_shasta_c_64k-aarch64-with-glibc2.38,3.11.7,3.3.0,72,Neoverse-V2,1,1 x NVIDIA GH200 120GB,-2.5917,51.4535,64,machine,0.0,0.0,17.2,146.9666748046875,N,1.0,0.0
2026-09-27T00:07:03,mobilenet_v3_small_batch2_node_1_upload,70a335b1-c3dc-4133-97c1-67807caddeca,5b0fa12a-3dd7-45bb-9766-cc326314d9f1,4.075957261025906,1.73039634357518e-05,4.245374111552006e-06,116.44805266560002,141.8384319217761,6.0,3.296996849753566e-05,3.985614300461293e-05,5.389264939973752e-09,7.283150076708856e-05,0.0,United Kingdom,GBR,england,,,Linux-6.4.0-150600.23.73_15.0.14-cray_shasta_c_64k-aarch64-with-glibc2.38,3.11.7,3.3.0,72,Neoverse-V2,1,1 x NVIDIA GH200 120GB,-2.5917,51.4535,64,machine,0.0,0.0,17.2,146.96417236328125,N,1.0,0.0
2026-09-27T00:07:18,mobilenet_v3_small_batch2_node_2_upload,529a0053-08b6-4e95-9bc5-562019b33cb7,5b0fa12a-3dd7-45bb-9766-cc326314d9f1,4.079649077961221,1.819088595170414e-05,4.458933992625395e-06,115.35038161920001,155.97134377557984,6.0,3.268388213750784e-05,4.387531289751223e-05,5.317428537334005e-09,7.656451246355741e-05,0.0,United Kingdom,GBR,england,,,Linux-6.4.0-150600.23.73_15.0.14-cray_shasta_c_64k-aarch64-with-glibc2.38,3.11.7,3.3.0,72,Neoverse-V2,1,1 x NVIDIA GH200 120GB,-2.5917,51.4535,64,machine,0.0,0.0,17.2,146.9609375,N,1.0,0.0
2026-09-27T00:07:23,mobilenet_v3_small_batch2_node_3_upload,47273e12-a728-4c43-b537-6394217f3835,5b0fa12a-3dd7-45bb-9766-cc326314d9f1,4.078480731928721,1.8185273768922665e-05,4.4588352781852705e-06,115.3701679104,156.11415823467243,6.0,3.267469904087959e-05,4.386086841634551e-05,5.323614847535888e-09,7.654089107207264e-05,0.0,United Kingdom,GBR,england,,,Linux-6.4.0-150600.23.73_15.0.14-cray_shasta_c_64k-aarch64-with-glibc2.38,3.11.7,3.3.0,72,Neoverse-V2,1,1 x NVIDIA GH200 120GB,-2.5917,51.4535,64,machine,0.0,0.0,17.2,146.94573974609375,N,1.0,0.0
2026-09-27T00:07:28,mobilenet_v3_small_batch2_node_4_upload,77841c8a-5f68-442d-bc35-6d872a16a68c,5b0fa12a-3dd7-45bb-9766-cc326314d9f1,4.443298164056614,2.3798191213803083e-05,5.355974398998235e-06,115.23317811840002,145.2849060914533,6.0,4.436627634142693e-05,5.578643350645507e-05,1.2664869815732042e-08,0.00010016537471769772,0.0,United Kingdom,GBR,england,,,Linux-6.4.0-150600.23.73_15.0.14-cray_shasta_c_64k-aarch64-with-glibc2.38,3.11.7,3.3.0,72,Neoverse-V2,1,1 x NVIDIA GH200 120GB,-2.5917,51.4535,64,machine,0.0,0.0,17.2,146.9444580078125,N,1.0,0.0
2026-09-27T00:07:36,mobilenet_v3_small_batch2_node_0_exchange,4f088a94-afed-453d-a004-3b214f4c0ff0,5b0fa12a-3dd7-45bb-9766-cc326314d9f1,3.1123264930211008,1.5601149910305556e-06,5.012697075736966e-07,124.7419829952,145.87704554375347,6.0,2.4158668332456737e-06,4.06111435324874e-06,8.94633502078553e-08,6.56644453670227e-06,0.0,United Kingdom,GBR,england,,,Linux-6.4.0-150600.23.73_15.0.14-cray_shasta_c_64k-aarch64-with-glibc2.38,3.11.7,3.3.0,72,Neoverse-V2,1,1 x NVIDIA GH200 120GB,-2.5917,51.4535,64,machine,0,0,0,0,N,1.0,0.0
2026-09-27T00:08:53,mobilenet_v3_small_batch2_node_1_exchange,6604683e-23e5-4e02-b380-7ada7ce42cd2,5b0fa12a-3dd7-45bb-9766-cc326314d9f1,75.15133579215035,0.0012532655198310607,1.6676556798634655e-05,115.48688243794288,167.71514237710386,6.0,0.0023070543726296804,0.002872032575410799,9.584379299155747e-05,0.0052749307410320375,0.0,United Kingdom,GBR,england,,,Linux-6.4.0-150600.23.73_15.0.14-cray_shasta_c_64k-aarch64-with-glibc2.38,3.11.7,3.3.0,72,Neoverse-V2,1,1 x NVIDIA GH200 120GB,-2.5917,51.4535,64,machine,0.3472222222222222,0.0,17.200000000000024,146.9019809299045,N,1.0,0.0
2026-09-27T00:09:50,mobilenet_v3_small_batch2_node_2_exchange,50f7801f-ae70-4fff-a675-b2a2ab62e813,5b0fa12a-3dd7-45bb-9766-cc326314d9f1,9.061159818898886,0.00010212066691083334,1.1270154036775731e-05,115.20000000000005,144.57253861578434,6.0,0.00019066317570954567,0.0002391521357765214,5.37428151195248e-09,0.00042982068576757904,0.0,United Kingdom,GBR,england,,,Linux-6.4.0-150600.23.73_15.0.14-cray_shasta_c_64k-aarch64-with-glibc2.38,3.11.7,3.3.0,72,Neoverse-V2,1,1 x NVIDIA GH200 120GB,-2.5917,51.4535,64,machine,0.0,0.0,17.2,146.89529418945312,N,1.0,0.0
2026-09-27T00:10:03,mobilenet_v3_small_batch2_node_3_exchange,86cb614f-84b4-40fe-b073-6362d66ae6c7,5b0fa12a-3dd7-45bb-9766-cc326314d9f1,3.1164827081374824,1.0119115244210999e-07,3.246966594035277e-08,115.20000103680002,0.0,6.0,4.203745015546337e-07,0.0,5.5339051565776266e-09,4.2590840671121134e-07,0.0,United Kingdom,GBR,england,,,Linux-6.4.0-150600.23.73_15.0.14-cray_shasta_c_64k-aarch64-with-glibc2.38,3.11.7,3.3.0,72,Neoverse-V2,1,1 x NVIDIA GH200 120GB,-2.5917,51.4535,64,machine,0,0,0,0,N,1.0,0.0
2026-09-27T00:10:19,mobilenet_v3_small_batch2_node_4_exchange,033f230d-123b-405f-b579-a515b2c961d8,5b0fa12a-3dd7-45bb-9766-cc326314d9f1,4.1194253489375114,1.7188587455001035e-05,4.172569229694706e-06,115.20641571840001,141.82859049435507,6.0,3.247912469644618e-05,3.986142077394561e-05,5.343670103078087e-09,7.234588914049487e-05,0.0,United Kingdom,GBR,england,,,Linux-6.4.0-150600.23.73_15.0.14-cray_shasta_c_64k-aarch64-with-glibc2.38,3.11.7,3.3.0,72,Neoverse-V2,1,1 x NVIDIA GH200 120GB,-2.5917,51.4535,64,machine,0.0,0.0,17.2,146.8935546875,N,1.0,0.0
2026-09-27T00:10:42,mobilenet_v3_small_batch2_node_5_exchange,b0c6254a-0f09-4568-bd23-0bb6c8eb00e7,5b0fa12a-3dd7-45bb-9766-cc326314d9f1,9.375055481912568,0.00010778882706598896,1.149740684457255e-05,116.38701728640002,215.00883582770845,6.0,0.00020245335529505893,0.00025113547869182185,8.884918022279937e-08,0.00045367768316710355,0.0,United Kingdom,GBR,england,,,Linux-6.4.0-150600.23.73_15.0.14-cray_shasta_c_64k-aarch64-with-glibc2.38,3.11.7,3.3.0,72,Neoverse-V2,1,1 x NVIDIA GH200 120GB,-2.5917,51.4535,64,machine,0.7999999999999999,0.0,17.2,146.9010009765625,N,1.0,0.0
2026-09-27T00:11:01,mobilenet_v3_small_batch2_node_0_evaluate,4a2e9b09-99d5-4ead-a4b0-64aee36c8af3,5b0fa12a-3dd7-45bb-9766-cc326314d9f1,9.631521770963445,0.00011664695098263783,1.2110957516007315e-05,116.57083674240002,144.2195881031786,6.0,0.0002148632489776176,0.00026682632457664113,9.271502011688426e-06,0.0004909610755659472,0.0,United Kingdom,GBR,england,,,Linux-6.4.0-150600.23.73_15.0.14-cray_shasta_c_64k-aarch64-with-glibc2.38,3.11.7,3.3.0,72,Neoverse-V2,1,1 x NVIDIA GH200 120GB,-2.5917,51.4535,64,machine,0.0,0.8333333333333334,17.2,146.90604654947916,N,1.0,0.0
2026-09-27T00:11:15,mobilenet_v3_small_batch2_node_1_evaluate,9b27c981-98c0-49f7-bb32-a2b47b49749f,5b0fa12a-3dd7-45bb-9766-cc326314d9f1,10.28234872315079,0.00012734090323826273,1.2384417866664421e-05,116.33369706925717,145.12899950072398,6.0,0.0002350020070455674,0.0002912260663094912,9.743302585169052e-06,0.0005359713759402276,0.0,United Kingdom,GBR,england,,,Linux-6.4.0-150600.23.73_15.0.14-cray_shasta_c_64k-aarch64-with-glibc2.38,3.11.7,3.3.0,72,Neoverse-V2,1,1 x NVIDIA GH200 120GB,-2.5917,51.4535,64,machine,10.171428571428569,0.7142857142857143,17.2,146.9334455217634,N,1.0,0.0
2026-09-27T00:11:43,mobilenet_v3_small_batch2_node_2_evaluate,9130321e-996c-4603-8b10-df027d8000a3,5b0fa12a-3dd7-45bb-9766-cc326314d9f1,23.64386518392712,0.0003621262552258816,1.531586533795886e-05,116.12907340560002,96.79638721689435,6.0,0.0006638388694843218,0.0008260270497117972,3.43050450567777e-05,0.0015241709642528972,0.0,United Kingdom,GBR,england,,,Linux-6.4.0-150600.23.73_15.0.14-cray_shasta_c_64k-aarch64-with-glibc2.38,3.11.7,3.3.0,72,Neoverse-V2,1,1 x NVIDIA GH200 120GB,-2.5917,51.4535,64,machine,0.335,0.25,17.199999999999996,146.90542907714843,N,1.0,0.0
2026-09-27T00:11:55,mobilenet_v3_small_batch2_node_3_evaluate,c23815ed-b69c-4aaa-873e-579dbfdf2437,5b0fa12a-3dd7-45bb-9766-cc326314d9f1,8.58653792901896,9.821506207815516e-05,1.1438261018591525e-05,116.33650655040003,72.92029745301957,6.0,0.00018068488293524252,0.00022349712324398752,9.200187769796078e-06,0.0004133821939490261,0.0,United Kingdom,GBR,england,,,Linux-6.4.0-150600.23.73_15.0.14-cray_shasta_c_64k-aarch64-with-glibc2.38,3.11.7,3.3.0,72,Neoverse-V2,1,1 x NVIDIA GH200 120GB,-2.5917,51.4535,64,machine,5.54,1.0,17.2,146.8966796875,N,1.0,0.0
2026-09-27T00:12:17,mobilenet_v3_small_batch2_node_4_evaluate,d744ab6c-308b-40a1-a1ac-6eb31d2c42a8,5b0fa12a-3dd7-45bb-9766-cc326314d9f1,16.276688722893596,0.00022966553206114882,1.4110089341336247e-05,116.5216303162286,144.40560212922807,6.0,0.0004274081241590414,0.0005298134794031739,9.428923445132873e-06,0.0009666505270073481,0.0,United Kingdom,GBR,england,,,Linux-6.4.0-150600.23.73_15.0.14-cray_shasta_c_64k-aarch64-with-glibc2.38,3.11.7,3.3.0,72,Neoverse-V2,1,1 x NVIDIA GH200 120GB,-2.5917,51.4535,64,machine,0.0,0.46153846153846156,17.199999999999996,146.9052217923678,N,1.0,0.0
2026-09-27T00:12:39,mobilenet_v3_small_batch2_node_5_evaluate,71e26b86-7678-4486-ac0f-d2346dc6d579,5b0fa12a-3dd7-45bb-9766-cc326314d9f1,12.76461980282329,0.00017001856328820227,1.3319516437974707e-05,116.54496025344001,145.1473160432925,6.0,0.00031494133669953425,0.0003912433685400174,9.41476817126386e-06,0.0007155994734108156,0.0,United Kingdom,GBR,england,,,Linux-6.4.0-150600.23.73_15.0.14-cray_shasta_c_64k-aarch64-with-glibc2.38,3.11.7,3.3.0,72,Neoverse-V2,1,1 x NVIDIA GH200 120GB,-2.5917,51.4535,64,machine,0.0,0.5555555555555556,17.2,146.8974405924479,N,1.0,0.0
2026-09-27T00:13:01,efficientnet_lite0_batch2_node_0_local_train,5e871770-3c48-4db7-99cf-18f269737f3f,5b0fa12a-3dd7-45bb-9766-cc326314d9f1,9.334279183996841,0.00011645951113967162,1.2476540378108219e-05,117.79007424768001,154.14963169457826,6.0,0.00020724447102524657,0.00027581688731004306,7.11079247839128e-06,0.0004901721508136809,0.0,United Kingdom,GBR,england,,,Linux-6.4.0-150600.23.73_15.0.14-cray_shasta_c_64k-aarch64-with-glibc2.38,3.11.7,3.3.0,72,Neoverse-V2,1,1 x NVIDIA GH200 120GB,-2.5917,51.4535,64,machine,13.283333333333333,3.1666666666666665,17.3,148.48563639322916,N,1.0,0.0
2026-09-27T00:13:11,efficientnet_lite0_batch2_node_0_evaluate,836ecb05-47bb-4fdf-94c4-5e144af9e2cc,5b0fa12a-3dd7-45bb-9766-cc326314d9f1,8.889866037061438,0.0001055146706834471,1.1869095692056702e-05,117.00499294080001,75.28412500788124,6.0,0.00019107804518985036,0.00024332630577816872,9.701523813419044e-06,0.00044410587478143813,0.0,United Kingdom,GBR,england,,,Linux-6.4.0-150600.23.73_15.0.14-cray_shasta_c_64k-aarch64-with-glibc2.38,3.11.7,3.3.0,72,Neoverse-V2,1,1 x NVIDIA GH200 120GB,-2.5917,51.4535,64,machine,0.0,3.2,17.4,149.318896484375,N,1.0,0.0
2026-09-27T00:13:37,efficientnet_lite0_batch2_node_1_local_train,65b193c0-e9e3-4d5f-8567-9b8cbd9e2d8a,5b0fa12a-3dd7-45bb-9766-cc326314d9f1,22.150400779908523,0.0003458319546270081,1.561289829756463e-05,119.43363869463273,158.1816699447958,6.0,0.0006274077033576259,0.0008141006512829563,1.4080728301002333e-05,0.0014555890829415843,0.0,United Kingdom,GBR,england,,,Linux-6.4.0-150600.23.73_15.0.14-cray_shasta_c_64k-aarch64-with-glibc2.38,3.11.7,3.3.0,72,Neoverse-V2,1,1 x NVIDIA GH200 120GB,-2.5917,51.4535,64,machine,0.0,5.315789473684211,17.4,149.39466295744242,N,1.0,0.0
2026-09-27T00:13:52,efficientnet_lite0_batch2_node_1_evaluate,ba4e4553-15ab-4231-a3a4-29766b497b86,5b0fa12a-3dd7-45bb-9766-cc326314d9f1,10.146597104147077,0.00012784993275483314,1.260027686549009e-05,116.95510674102857,152.57953352999922,6.0,0.00023243356927086712,0.0002955369030814836,1.014338289697965e-05,0.0005381138552493303,0.0,United Kingdom,GBR,england,,,Linux-6.4.0-150600.23.73_15.0.14-cray_shasta_c_64k-aarch64-with-glibc2.38,3.11.7,3.3.0,72,Neoverse-V2,1,1 x NVIDIA GH200 120GB,-2.5917,51.4535,64,machine,0.0,1.4285714285714286,17.47142857142857,149.45476422991072,N,1.0,0.0
2026-09-27T00:14:10,efficientnet_lite0_batch2_node_2_local_train,79942ec4-0e9d-4887-b347-1babe61ff361,5b0fa12a-3dd7-45bb-9766-cc326314d9f1,9.029283087002113,0.00011125050918378751,1.232107888431757e-05,115.85473883712001,155.67016701166085,6.0,0.00019286836672056484,0.0002679463254651182,7.4330347031354906e-06,0.00046824772688881854,0.0,United Kingdom,GBR,england,,,Linux-6.4.0-150600.23.73_15.0.14-cray_shasta_c_64k-aarch64-with-glibc2.38,3.11.7,3.3.0,72,Neoverse-V2,1,1 x NVIDIA GH200 120GB,-2.5917,51.4535,64,machine,0.0,6.0,17.4,149.43150634765624,N,1.0,0.0
2026-09-27T00:14:26,efficientnet_lite0_batch2_node_2_evaluate,67f49ecf-35c0-461c-bcfd-5457d1239e10,5b0fa12a-3dd7-45bb-9766-cc326314d9f1,13.80587346595712,0.00019089651748226372,1.3827195936061655e-05,117.70727615506289,147.7369148376157,6.0,0.00035195561720371564,0.000441803964548626,9.714137495029719e-06,0.0008034737192473714,0.0,United Kingdom,GBR,england,,,Linux-6.4.0-150600.23.73_15.0.14-cray_shasta_c_64k-aarch64-with-glibc2.38,3.11.7,3.3.0,72,Neoverse-V2,1,1 x NVIDIA GH200 120GB,-2.5917,51.4535,64,machine,0.0,1.5,17.5,149.46907958984374,N,1.0,0.0
2026-09-27T00:14:42,efficientnet_lite0_batch2_node_3_local_train,f79b87a2-67a5-4cfe-917c-0bf9e59dc1ad,5b0fa12a-3dd7-45bb-9766-cc326314d9f1,11.576308662071824,0.0001528718348720538,1.3205576953292308e-05,115.89722436096002,154.2152874872846,6.0,0.000274296284722988,0.0003626975123864895,6.435969723388553e-06,0.000643429766832866,0.0,United Kingdom,GBR,england,,,Linux-6.4.0-150600.23.73_15.0.14-cray_shasta_c_64k-aarch64-with-glibc2.38,3.11.7,3.3.0,72,Neoverse-V2,1,1 x NVIDIA GH200 120GB,-2.5917,51.4535,64,machine,0.0,2.25,17.5,149.4861068725586,N,1.0,0.0
2026-09-27T00:15:32,efficientnet_lite0_batch2_node_3_evaluate,27ece28b-a1b7-49f8-bd5c-3efa9d71b57f,5b0fa12a-3dd7-45bb-9766-cc326314d9f1,37.850998846115544,0.0006064274962255076,1.6021439716583387e-05,116.04950471695929,147.43765813446876,6.0,0.0011181367068296025,0.0013993011194344263,3.4984618485129135e-05,0.0025524224447491576,0.0,United Kingdom,GBR,england,,,Linux-6.4.0-150600.23.73_15.0.14-cray_shasta_c_64k-aarch64-with-glibc2.38,3.11.7,3.3.0,72,Neoverse-V2,1,1 x NVIDIA GH200 120GB,-2.5917,51.4535,64,machine,6.520588235294118,0.23529411764705882,17.5,149.48308967141543,N,1.0,0.0
2026-09-27T00:15:49,efficientnet_lite0_batch2_node_4_local_train,9e45ace6-6e9b-4a4f-a817-5c73836df421,5b0fa12a-3dd7-45bb-9766-cc326314d9f1,14.98729950399138,0.0002146734392121953,1.4323690479063557e-05,116.03344176411431,153.6468672216385,6.0,0.0003847539388601141,0.0005089279071341934,9.867725796454276e-06,0.0009035495717907618,0.0,United Kingdom,GBR,england,,,Linux-6.4.0-150600.23.73_15.0.14-cray_shasta_c_64k-aarch64-with-glibc2.38,3.11.7,3.3.0,72,Neoverse-V2,1,1 x NVIDIA GH200 120GB,-2.5917,51.4535,64,machine,0.0,3.727272727272727,17.5,149.47449285333806,N,1.0,0.0
2026-09-27T00:15:59,efficientnet_lite0_batch2_node_4_evaluate,e666dc68-cd47-4401-9697-05604d9f346f,5b0fa12a-3dd7-45bb-9766-cc326314d9f1,9.15370914596133,0.00011049942608779284,1.2071546552967093e-05,116.56937122560001,75.41904471239619,6.0,0.0001999275032677407,0.00025500992623506136,1.0149026889509212e-05,0.0004650864563923113,0.0,United Kingdom,GBR,england,,,Linux-6.4.0-150600.23.73_15.0.14-cray_shasta_c_64k-aarch64-with-glibc2.38,3.11.7,3.3.0,72,Neoverse-V2,1,1 x NVIDIA GH200 120GB,-2.5917,51.4535,64,machine,0.0,2.6666666666666665,17.5,149.48450724283853,N,1.0,0.0
2026-09-27T00:17:12,efficientnet_lite0_batch2_node_5_local_train,68330bd8-9910-4d0a-b2f1-dc9ba8eba0ea,5b0fa12a-3dd7-45bb-9766-cc326314d9f1,43.61843560892157,0.0007109939977336131,1.6300309440446523e-05,115.5910703041431,148.33554024245825,6.0,0.0013001701233797288,0.0016445560378599566,4.781136252451688e-05,0.0029925375237642026,0.0,United Kingdom,GBR,england,,,Linux-6.4.0-150600.23.73_15.0.14-cray_shasta_c_64k-aarch64-with-glibc2.38,3.11.7,3.3.0,72,Neoverse-V2,1,1 x NVIDIA GH200 120GB,-2.5917,51.4535,64,machine,0.335,1.8,17.5,149.4901107788086,N,1.0,0.0
2026-09-27T00:17:32,efficientnet_lite0_batch2_node_5_evaluate,3fdbd601-2088-47c5-b9d2-ff84f00b3b9c,5b0fa12a-3dd7-45bb-9766-cc326314d9f1,15.569890982005745,0.00022031479706657284,1.4150053929163185e-05,116.7751664722286,147.1630218668616,6.0,0.0004059153714053272,0.0005111673533662042,1.021103489988794e-05,0.0009272937596714193,0.0,United Kingdom,GBR,england,,,Linux-6.4.0-150600.23.73_15.0.14-cray_shasta_c_64k-aarch64-with-glibc2.38,3.11.7,3.3.0,72,Neoverse-V2,1,1 x NVIDIA GH200 120GB,-2.5917,51.4535,64,machine,0.525,1.8333333333333333,17.400000000000002,149.0337117513021,N,1.0,0.0
2026-09-27T00:17:45,efficientnet_lite0_batch2_node_2_upload,a009233e-7ec5-47fe-bff2-0708494c21c2,5b0fa12a-3dd7-45bb-9766-cc326314d9f1,3.084043422015384,1.058613190862834e-06,3.432549565631743e-07,115.20000000000003,1422.4008515168036,6.0,4.6856717020273217e-07,3.981669848940328e-06,5.4119833900282786e-09,4.4556490025330885e-06,0.0,United Kingdom,GBR,england,,,Linux-6.4.0-150600.23.73_15.0.14-cray_shasta_c_64k-aarch64-with-glibc2.38,3.11.7,3.3.0,72,Neoverse-V2,1,1 x NVIDIA GH200 120GB,-2.5917,51.4535,64,machine,0,0,0,0,N,1.0,0.0
2026-09-27T00:18:06,efficientnet_lite0_batch2_node_3_upload,d5e4a383-db44-467e-acbc-c0cbc2336fac,5b0fa12a-3dd7-45bb-9766-cc326314d9f1,4.462594456970692,2.3839095251270386e-05,5.341981101158113e-06,115.20026956800001,144.18681659905212,6.0,4.468554415056804e-05,5.5646711189183407e-05,5.282388301566243e-09,0.00010033753772805301,0.0,United Kingdom,GBR,england,,,Linux-6.4.0-150600.23.73_15.0.14-cray_shasta_c_64k-aarch64-with-glibc2.38,3.11.7,3.3.0,72,Neoverse-V2,1,1 x NVIDIA GH200 120GB,-2.5917,51.4535,64,machine,0.0,0.0,17.4,148.91241455078125,N,1.0,0.0
2026-09-27T00:18:28,mobilevit_xxs_batch2_node_0_local_train,e5a36436-4601-47d4-9cb3-4fc05afa08ff,5b0fa12a-3dd7-45bb-9766-cc326314d9f1,10.820597596932203,0.00014080786685391906,1.3012947352726632e-05,115.72300894628572,148.86969512061492,6.0,0.0002500920985461436,0.0003313274872880356,1.12335540583202e-05,0.0005926531398924994,0.0,United Kingdom,GBR,england,,,Linux-6.4.0-150600.23.73_15.0.14-cray_shasta_c_64k-aarch64-with-glibc2.38,3.11.7,3.3.0,72,Neoverse-V2,1,1 x NVIDIA GH200 120GB,-2.5917,51.4535,64,machine,11.014285714285714,6.571428571428571,17.414285714285715,149.4270281110491,N,1.0,0.0
2026-09-27T00:19:11,mobilevit_xxs_batch2_node_0_evaluate,141737ea-c176-4522-ae42-cb3a420bbfbc,5b0fa12a-3dd7-45bb-9766-cc326314d9f1,10.050826051970944,0.00013029217540013716,1.296333005132321e-05,123.1416695808,145.21376431134337,6.0,0.0002505281387532726,0.0002878849525274063,9.980038873230418e-06,0.0005483931301539093,0.0,United Kingdom,GBR,england,,,Linux-6.4.0-150600.23.73_15.0.14-cray_shasta_c_64k-aarch64-with-glibc2.38,3.11.7,3.3.0,72,Neoverse-V2,1,1 x NVIDIA GH200 120GB,-2.5917,51.4535,64,machine,0.0,2.0,17.5,149.95682779947916,N,1.0,0.0
2026-09-27T00:19:35,mobilevit_xxs_batch2_node_1_local_train,4830ae71-4deb-419a-9b5c-4f6c98686051,5b0fa12a-3dd7-45bb-9766-cc326314d9f1,22.857613628031686,0.000361303406605378,1.580669848064496e-05,118.53865145581716,152.71214550536376,6.0,0.0006557273227974586,0.0008421978959631815,2.2782417558288825e-05,0.001520707636318929,0.0,United Kingdom,GBR,england,,,Linux-6.4.0-150600.23.73_15.0.14-cray_shasta_c_64k-aarch64-with-glibc2.38,3.11.7,3.3.0,72,Neoverse-V2,1,1 x NVIDIA GH200 120GB,-2.5917,51.4535,64,machine,3.7947368421052627,5.894736842105263,17.50526315789474,149.95422684518914,N,1.0,0.0
2026-09-27T00:20:08,mobilevit_xxs_batch2_node_1_evaluate,42b88224-1847-4af4-89f8-cce9f76e6dc1,5b0fa12a-3dd7-45bb-9766-cc326314d9f1,25.481439932016656,0.000394206368340067,1.547033328539486e-05,116.26210553245717,144.59835026010546,6.0,0.000723481246601722,0.0009000298866936873,3.5683393134968356e-05,0.0016591945264303777,0.0,United Kingdom,GBR,england,,,Linux-6.4.0-150600.23.73_15.0.14-cray_shasta_c_64k-aarch64-with-glibc2.38,3.11.7,3.3.0,72,Neoverse-V2,1,1 x NVIDIA GH200 120GB,-2.5917,51.4535,64,machine,5.077272727272727,0.5454545454545454,18.231818181818184,156.13111183860084,N,1.0,0.0
2026-09-27T00:25:45,mobilevit_xxs_batch2_node_2_local_train,fd68d2ca-5fe3-4bcf-8c00-32a8a14fd873,5b0fa12a-3dd7-45bb-9766-cc326314d9f1,16.854888413101435,0.0002470761048005541,1.465901753514428e-05,116.5665451217143,151.4382741536121,6.0,0.0004471508948041224,0.0005810199092763924,1.1759936823121582e-05,0.0010399307409036365,0.0,United Kingdom,GBR,england,,,Linux-6.4.0-150600.23.73_15.0.14-cray_shasta_c_64k-aarch64-with-glibc2.38,3.11.7,3.3.0,72,Neoverse-V2,1,1 x NVIDIA GH200 120GB,-2.5917,51.4535,64,machine,2.6769230769230767,4.0,38.26153846153846,327.7456946739784,N,1.0,0.0
2026-09-27T00:26:19,mobilevit_xxs_batch2_node_2_evaluate,8b63bb8e-5a7d-4815-bfba-693a95d43b87,5b0fa12a-3dd7-45bb-9766-cc326314d9f1,10.10750174196437,0.0001337673193245244,1.3234459190756173e-05,126.63418561508573,145.54596867355906,6.0,0.0002639945309354315,0.0002889552311700072,1.007007182847398e-05,0.0005630198339339127,0.0,United Kingdom,GBR,england,,,Linux-6.4.0-150600.23.73_15.0.14-cray_shasta_c_64k-aarch64-with-glibc2.38,3.11.7,3.3.0,72,Neoverse-V2,1,1 x NVIDIA GH200 120GB,-2.5917,51.4535,64,machine,6.3428571428571425,2.2857142857142856,38.32857142857143,328.22788783482144,N,1.0,0.0
2026-09-27T00:27:14,mobilevit_xxs_batch2_node_3_local_train,a10a571d-0441-427f-a57a-fa1174c8aa53,5b0fa12a-3dd7-45bb-9766-cc326314d9f1,9.046143176034093,0.00011058623290197417,1.2224683022368006e-05,116.10271298880002,78.55674298917059,6.0,0.00019479672175324138,0.00026069409744877703,9.961002649894605e-06,0.00046545182185191305,0.0,United Kingdom,GBR,england,,,Linux-6.4.0-150600.23.73_15.0.14-cray_shasta_c_64k-aarch64-with-glibc2.38,3.11.7,3.3.0,72,Neoverse-V2,1,1 x NVIDIA GH200 120GB,-2.5917,51.4535,64,machine,16.8,7.4,42.379999999999995,363.1105102539062,N,1.0,0.0
2026-09-27T00:27:32,mobilevit_xxs_batch2_node_3_evaluate,dd3c8ca4-e810-4c1e-b702-8b5fce968f33,5b0fa12a-3dd7-45bb-9766-cc326314d9f1,13.619022610131651,0.0001872652705371795,1.3750272387231852e-05,117.51301807817144,147.02424360401653,6.0,0.0003456060209272641,0.00043268006837138273,9.90389650532355e-06,0.0007881899858039704,0.0,United Kingdom,GBR,england,,,Linux-6.4.0-150600.23.73_15.0.14-cray_shasta_c_64k-aarch64-with-glibc2.38,3.11.7,3.3.0,72,Neoverse-V2,1,1 x NVIDIA GH200 120GB,-2.5917,51.4535,64,machine,15.310000000000002,1.6,41.67999999999999,356.8542175292969,N,1.0,0.0
2026-09-27T00:28:42,mobilevit_xxs_batch2_node_4_local_train,8521ae6b-df29-46b7-95a6-473ee5d42c39,5b0fa12a-3dd7-45bb-9766-cc326314d9f1,13.24683416588232,0.00018807467774952888,1.4197707572570187e-05,116.58738500352001,150.39628153907412,6.0,0.0003331549240298509,0.00044315174339715213,1.5290072108618916e-05,0.000791596739535622,0.0,United Kingdom,GBR,england,,,Linux-6.4.0-150600.23.73_15.0.14-cray_shasta_c_64k-aarch64-with-glibc2.38,3.11.7,3.3.0,72,Neoverse-V2,1,1 x NVIDIA GH200 120GB,-2.5917,51.4535,64,machine,19.82,5.9,41.129999999999995,352.3378845214844,N,1.0,0.0
2026-09-27T00:28:55,mobilevit_xxs_batch2_node_4_evaluate,24725914-358c-40ff-8e07-bd43338c367a,5b0fa12a-3dd7-45bb-9766-cc326314d9f1,10.209489141823724,0.00012876458258422017,1.2612245411646416e-05,117.40684727725716,146.68319809428218,6.0,0.00023642538124158107,0.0002953119029029949,1.022628565124857e-05,0.0005419635697958246,0.0,United Kingdom,GBR,england,,,Linux-6.4.0-150600.23.73_15.0.14-cray_shasta_c_64k-aarch64-with-glibc2.38,3.11.7,3.3.0,72,Neoverse-V2,1,1 x NVIDIA GH200 120GB,-2.5917,51.4535,64,machine,11.414285714285715,2.2857142857142856,39.95714285714285,342.30242919921875,N,1.0,0.0
2026-09-27T00:29:18,mobilevit_xxs_batch2_node_5_local_train,ec0d7aa4-2d75-4caa-abec-402df4d2839d,5b0fa12a-3dd7-45bb-9766-cc326314d9f1,18.181279921904206,0.0002743348250575418,1.5088862073292885e-05,117.4377826614857,194.17768587374644,6.0,0.0004920108357165167,0.0006474924624200185,1.515800797419312e-05,0.0011546613061107283,0.0,United Kingdom,GBR,england,,,Linux-6.4.0-150600.23.73_15.0.14-cray_shasta_c_64k-aarch64-with-glibc2.38,3.11.7,3.3.0,72,Neoverse-V2,1,1 x NVIDIA GH200 120GB,-2.5917,51.4535,64,machine,6.666666666666667,4.6,41.73333333333333,357.4336710611979,N,1.0,0.0
2026-09-27T00:29:34,mobilevit_xxs_batch2_node_5_evaluate,7f4a60b9-c869-476d-b4b7-34e7e23ab125,5b0fa12a-3dd7-45bb-9766-cc326314d9f1,12.209644196089357,0.00016406137226824324,1.3437031385467454e-05,117.30679835451429,149.07510279482415,6.0,0.00030039736584097307,0.0003798925261264685,1.023606785495455e-05,0.000690525959822396,0.0,United Kingdom,GBR,england,,,Linux-6.4.0-150600.23.73_15.0.14-cray_shasta_c_64k-aarch64-with-glibc2.38,3.11.7,3.3.0,72,Neoverse-V2,1,1 x NVIDIA GH200 120GB,-2.5917,51.4535,64,machine,0.0,1.4444444444444444,36.5,312.74639892578125,N,1.0,0.0
2026-09-27T00:29:54,mobilevit_xxs_batch2_node_0_upload,b0e1ba2d-f2b7-4cc3-864c-6a082141b9fa,5b0fa12a-3dd7-45bb-9766-cc326314d9f1,3.0780814478639513,1.3864402791299058e-07,4.5042351952448576e-08,115.22040733440001,0.0,6.0,5.780343120131457e-07,0.0,5.511339986696839e-09,5.835456519998426e-07,0.0,United Kingdom,GBR,england,,,Linux-6.4.0-150600.23.73_15.0.14-cray_shasta_c_64k-aarch64-with-glibc2.38,3.11.7,3.3.0,72,Neoverse-V2,1,1 x NVIDIA GH200 120GB,-2.5917,51.4535,64,machine,0,0,0,0,N,1.0,0.0
2026-09-27T00:30:08,mobilevit_xxs_batch2_node_2_upload,20a6a36f-a5ec-4448-a95c-38fe283bf063,5b0fa12a-3dd7-45bb-9766-cc326314d9f1,4.078561757924035,1.7327423015140808e-05,4.2484150157776125e-06,115.2271905984,142.8001222264663,6.0,3.261902808057548e-05,4.0299754459738324e-05,1.1458401568233968e-08,7.293024094188203e-05,0.0,United Kingdom,GBR,england,,,Linux-6.4.0-150600.23.73_15.0.14-cray_shasta_c_64k-aarch64-with-glibc2.38,3.11.7,3.3.0,72,Neoverse-V2,1,1 x NVIDIA GH200 120GB,-2.5917,51.4535,64,machine,0.0,0.0,40.1,343.54364013671875,N,1.0,0.0
2026-09-27T00:30:33,mobilevit_xxs_batch2_node_3_upload,7d332bb4-2780-412f-baac-189f75b38d18,5b0fa12a-3dd7-45bb-9766-cc326314d9f1,16.75666339811869,0.00023504101548268085,1.402671939504791e-05,115.23244969234291,144.8210234746136,6.0,0.0004384141789368159,0.0005508559962379422,5.487767048180104e-09,0.0009892756629418064,0.0,United Kingdom,GBR,england,,,Linux-6.4.0-150600.23.73_15.0.14-cray_shasta_c_64k-aarch64-with-glibc2.38,3.11.7,3.3.0,72,Neoverse-V2,1,1 x NVIDIA GH200 120GB,-2.5917,51.4535,64,machine,2.6769230769230767,0.0,40.184615384615384,344.30122727614184,N,1.0,0.0
2026-09-27T00:30:42,mobilevit_xxs_batch2_node_0_exchange,a4af27da-55a6-4f9d-b1c9-c99eb6ed34b9,5b0fa12a-3dd7-45bb-9766-cc326314d9f1,4.1450334878172725,1.8613818720282053e-05,4.49063168608654e-06,115.23000965760002,151.50310636861576,6.0,3.3958056010050184e-05,4.4380868828852726e-05,5.690106578792135e-09,7.834461494548171e-05,0.0,United Kingdom,GBR,england,,,Linux-6.4.0-150600.23.73_15.0.14-cray_shasta_c_64k-aarch64-with-glibc2.38,3.11.7,3.3.0,72,Neoverse-V2,1,1 x NVIDIA GH200 120GB,-2.5917,51.4535,64,machine,0.0,0.0,39.2,335.94549560546875,N,1.0,0.0
2026-09-27T00:34:31,mobilevit_xxs_batch2_node_1_exchange,3c79b547-22fc-4ac6-8fbe-54d6871c95ba,5b0fa12a-3dd7-45bb-9766-cc326314d9f1,227.1247715379577,0.004062034324479408,1.788459399198801e-05,115.56979641920721,145.55031545950132,6.0,0.007289848735334778,0.009134805363402165,0.0006722414834634399,0.017096895582200386,0.0,United Kingdom,GBR,england,,,Linux-6.4.0-150600.23.73_15.0.14-cray_shasta_c_64k-aarch64-with-glibc2.38,3.11.7,3.3.0,72,Neoverse-V2,1,1 x NVIDIA GH200 120GB,-2.5917,51.4535,64,machine,2.3035242290748896,0.0,39.79074889867841,340.7781675901707,N,1.0,0.0
2026-09-27T00:35:05,mobilevit_xxs_batch2_node_2_exchange,f8d18007-1e2f-4daa-acf1-934d6dfebe0e,5b0fa12a-3dd7-45bb-9766-cc326314d9f1,9.819334193132818,0.00011558482542970348,1.1771146918549537e-05,115.35360888137144,144.57492067654522,6.0,0.00021594889502126404,0.0002705271608789417,1.4587310142815115e-08,0.0004864906432103485,0.0,United Kingdom,GBR,england,,,Linux-6.4.0-150600.23.73_15.0.14-cray_shasta_c_64k-aarch64-with-glibc2.38,3.11.7,3.3.0,72,Neoverse-V2,1,1 x NVIDIA GH200 120GB,-2.5917,51.4535,64,machine,0.0,0.0,40.4,345.8417256673177,N,1.0,0.0
2026-09-27T00:36:15,mobilevit_xxs_batch2_node_5_exchange,585f9b72-6e8a-49d2-b993-ce206baa8e68,5b0fa12a-3dd7-45bb-9766-cc326314d9f1,64.6023442610167,0.0010815385016028976,1.6741474538959347e-05,116.063237272896,144.5270907665814,6.0,0.001987773839861929,0.0024715597550226676,9.280687291019907e-05,0.004552140467794796,0.0,United Kingdom,GBR,england,,,Linux-6.4.0-150600.23.73_15.0.14-cray_shasta_c_64k-aarch64-with-glibc2.38,3.11.7,3.3.0,72,Neoverse-V2,1,1 x NVIDIA GH200 120GB,-2.5917,51.4535,64,machine,2.7180327868852467,0.0,39.61475409836066,339.2460367171491,N,1.0,0.0
2026-09-27T00:37:17,mobilevit_xxs_batch2_node_0_evaluate,6c3386b8-6741-4cc0-a0e3-c8fa97524d78,5b0fa12a-3dd7-45bb-9766-cc326314d9f1,39.93872334714979,0.000651981678831179,1.6324549815078338e-05,117.30918270884212,145.55929191994534,6.0,0.0012026988184369346,0.001488105357154268,5.335350355715491e-05,0.002744157679148357,0.0,United Kingdom,GBR,england,,,Linux-6.4.0-150600.23.73_15.0.14-cray_shasta_c_64k-aarch64-with-glibc2.38,3.11.7,3.3.0,72,Neoverse-V2,1,1 x NVIDIA GH200 120GB,-2.5917,51.4535,64,machine,4.763888888888889,0.3333333333333333,38.33055555555555,328.2698042127821,N,1.0,0.0
2026-09-27T00:37:32,mobilevit_xxs_batch2_node_1_evaluate,de64ee01-203e-4803-9fa6-f01a91261993,5b0fa12a-3dd7-45bb-9766-cc326314d9f1,10.801663899095729,0.00013875043581140529,1.2845283569971188e-05,117.52792100434286,146.02675091759312,6.0,0.000255703482422589,0.00031788914319008654,1.0400891811974968e-05,0.0005839935174246505,0.0,United Kingdom,GBR,england,,,Linux-6.4.0-150600.23.73_15.0.14-cray_shasta_c_64k-aarch64-with-glibc2.38,3.11.7,3.3.0,72,Neoverse-V2,1,1 x NVIDIA GH200 120GB,-2.5917,51.4535,64,machine,18.857142857142858,2.2857142857142856,40.471428571428575,346.44124930245533,N,1.0,0.0
2026-09-27T00:41:39,mobilevit_xxs_batch2_node_2_evaluate,6206fb52-f087-42ca-a621-9c6f4f00064a,5b0fa12a-3dd7-45bb-9766-cc326314d9f1,15.483968794113025,0.0002187954018562124,1.4130447094377896e-05,116.70479581988575,147.54128892530343,6.0,0.00040278811079002153,0.0005082901288488983,9.820462978677825e-06,0.0009208987026175976,0.0,United Kingdom,GBR,england,,,Linux-6.4.0-150600.23.73_15.0.14-cray_shasta_c_64k-aarch64-with-glibc2.38,3.11.7,3.3.0,72,Neoverse-V2,1,1 x NVIDIA GH200 120GB,-2.5917,51.4535,64,machine,0.4666666666666666,1.5,30.549999999999994,261.7564341227214,N,1.0,0.0
2026-09-27T00:41:55,mobilevit_xxs_batch2_node_5_evaluate,bc3ed4e8-3b6d-4c57-988c-2827186e72e0,5b0fa12a-3dd7-45bb-9766-cc326314d9f1,13.541756846942008,0.0001839127642861622,1.358115984246854e-05,116.44846054272,145.3164351419505,6.0,0.0003398815741438169,0.00042424478382940833,9.953099771713218e-06,0.0007740794577449385,0.0,United Kingdom,GBR,england,,,Linux-6.4.0-150600.23.73_15.0.14-cray_shasta_c_64k-aarch64-with-glibc2.38,3.11.7,3.3.0,72,Neoverse-V2,1,1 x NVIDIA GH200 120GB,-2.5917,51.4535,64,machine,0.0,1.2,26.659999999999997,228.27680053710938,N,1.0,0.0
2026-09-27T00:42:28,mobilenet_v3_small_batch3_node_0_local_train,02d40a68-5f70-4f6d-bb51-10432afb0a47,5b0fa12a-3dd7-45bb-9766-cc326314d9f1,9.324810336111113,0.00011133963059117184,1.1940149619987416e-05,115.78206907337145,74.53669904894373,6.0,0.00020197154327515436,0.00025624714945138294,1.0404141626786442e-05,0.00046862283435332376,0.0,United Kingdom,GBR,england,,,Linux-6.4.0-150600.23.73_15.0.14-cray_shasta_c_64k-aarch64-with-glibc2.38,3.11.7,3.3.0,72,Neoverse-V2,1,1 x NVIDIA GH200 120GB,-2.5917,51.4535,64,machine,0.0,4.5,26.316666666666666,225.52129109700522,N,1.0,0.0
2026-09-27T00:43:15,mobilenet_v3_small_batch3_node_0_evaluate,3c7c7b9c-fbd1-48fa-803e-d17cb348dd9f,5b0fa12a-3dd7-45bb-9766-cc326314d9f1,17.786461339797825,0.00025631020623931934,1.4410410330795613e-05,115.81873529965716,143.929452839242,6.0,0.00047466776513739736,0.0005895954716663709,1.4533366739827518e-05,0.0010787966035435957,0.0,United Kingdom,GBR,england,,,Linux-6.4.0-150600.23.73_15.0.14-cray_shasta_c_64k-aarch64-with-glibc2.38,3.11.7,3.3.0,72,Neoverse-V2,1,1 x NVIDIA GH200 120GB,-2.5917,51.4535,64,machine,0.6857142857142857,0.2857142857142857,26.300000000000008,225.45132882254464,N,1.0,0.0
2026-09-27T00:43:31,mobilenet_v3_small_batch3_node_1_local_train,ab87781f-4b34-4e82-b53d-156f291db221,5b0fa12a-3dd7-45bb-9766-cc326314d9f1,14.8279998190701,0.00021155730451794406,1.4267420225205488e-05,115.93225663200002,75.03896821010967,6.0,0.00038133920624659615,0.0004895120582801837,1.9582655048385885e-05,0.0008904339195751657,0.0,United Kingdom,GBR,england,,,Linux-6.4.0-150600.23.73_15.0.14-cray_shasta_c_64k-aarch64-with-glibc2.38,3.11.7,3.3.0,72,Neoverse-V2,1,1 x NVIDIA GH200 120GB,-2.5917,51.4535,64,machine,0.0,2.090909090909091,26.300000000000008,225.3857088955966,N,1.0,0.0
2026-09-27T00:43:54,mobilenet_v3_small_batch3_node_1_evaluate,b1ab38d0-216a-4404-8b98-7c21e59897ad,5b0fa12a-3dd7-45bb-9766-cc326314d9f1,9.101743151200935,0.00010818169239177053,1.1885821275619762e-05,117.78614141348572,72.64273418648104,6.0,0.00020214521257503918,0.00024313936118858237,1.0046659550086284e-05,0.0004553312333137078,0.0,United Kingdom,GBR,england,,,Linux-6.4.0-150600.23.73_15.0.14-cray_shasta_c_64k-aarch64-with-glibc2.38,3.11.7,3.3.0,72,Neoverse-V2,1,1 x NVIDIA GH200 120GB,-2.5917,51.4535,64,machine,14.700000000000001,0.6666666666666666,26.36666666666667,225.86585489908853,N,1.0,0.0
2026-09-27T00:44:11,mobilenet_v3_small_batch3_node_2_local_train,c3813a66-b975-4a39-ac1c-41379533d704,5b0fa12a-3dd7-45bb-9766-cc326314d9f1,11.167306274874136,0.00014466597102443362,1.2954419576538759e-05,116.5702453776,145.7949346721933,6.0,0.0002632391137227189,0.00033382360038558545,1.1828989735028396e-05,0.0006088917038433329,0.0,United Kingdom,GBR,england,,,Linux-6.4.0-150600.23.73_15.0.14-cray_shasta_c_64k-aarch64-with-glibc2.38,3.11.7,3.3.0,72,Neoverse-V2,1,1 x NVIDIA GH200 120GB,-2.5917,51.4535,64,machine,21.2375,2.5,26.400000000000002,226.13900756835938,N,1.0,0.0
2026-09-27T00:44:27,mobilenet_v3_small_batch3_node_2_evaluate,7b1d443a-2bd0-431d-b015-8301fa5455d8,5b0fa12a-3dd7-45bb-9766-cc326314d9f1,8.825239745900035,0.00010274434051087677,1.1642101911011424e-05,116.2650218688,739.7432017844759,6.0,0.0001879979774508078,0.0002348582434308355,9.58947530326744e-06,0.00043244569618491077,0.0,United Kingdom,GBR,england,,,Linux-6.4.0-150600.23.73_15.0.14-cray_shasta_c_64k-aarch64-with-glibc2.38,3.11.7,3.3.0,72,Neoverse-V2,1,1 x NVIDIA GH200 120GB,-2.5917,51.4535,64,machine,0.0,0.8,26.8,229.26922607421875,N,1.0,0.0
2026-09-27T00:45:48,mobilenet_v3_small_batch3_node_3_local_train,a62838ae-d2b8-4158-9acb-ae9efff02f51,5b0fa12a-3dd7-45bb-9766-cc326314d9f1,8.374446734087542,9.513879858752862e-05,1.136060704766005e-05,115.9225366752,74.3390726534335,6.0,0.00017252723943421322,0.00021906128634441302,8.845831820120414e-06,0.0004004343575987467,0.0,United Kingdom,GBR,england,,,Linux-6.4.0-150600.23.73_15.0.14-cray_shasta_c_64k-aarch64-with-glibc2.38,3.11.7,3.3.0,72,Neoverse-V2,1,1 x NVIDIA GH200 120GB,-2.5917,51.4535,64,machine,0.0,5.0,27.3,233.5641357421875,N,1.0,0.0
2026-09-27T00:46:00,mobilenet_v3_small_batch3_node_3_evaluate,874283e6-c7a9-44a9-9d33-e2cfbef1c9c6,5b0fa12a-3dd7-45bb-9766-cc326314d9f1,8.813678349833935,0.00010282370461512088,1.1666378160607398e-05,116.56048455360002,73.42410902002301,6.0,0.00018879469106161686,0.00023440240973116033,9.582634864685436e-06,0.00043277973565746257,0.0,United Kingdom,GBR,england,,,Linux-6.4.0-150600.23.73_15.0.14-cray_shasta_c_64k-aarch64-with-glibc2.38,3.11.7,3.3.0,72,Neoverse-V2,1,1 x NVIDIA GH200 120GB,-2.5917,51.4535,64,machine,0.0,0.8,27.6,236.22728271484374,N,1.0,0.0
2026-09-27T00:46:18,mobilenet_v3_small_batch3_node_4_local_train,8b5a77ee-5e7f-4250-8147-4668e5561b28,5b0fa12a-3dd7-45bb-9766-cc326314d9f1,11.341972332913429,0.00014905274604599275,1.314169543629149e-05,116.11073335680001,74.8529460514859,6.0,0.00026958272211505675,0.0003439811085144129,1.3791585850218932e-05,0.0006273554164796886,0.0,United Kingdom,GBR,england,,,Linux-6.4.0-150600.23.73_15.0.14-cray_shasta_c_64k-aarch64-with-glibc2.38,3.11.7,3.3.0,72,Neoverse-V2,1,1 x NVIDIA GH200 120GB,-2.5917,51.4535,64,machine,0.0,2.5,35.15,301.1820755004883,N,1.0,0.0
2026-09-27T00:46:37,mobilenet_v3_small_batch3_node_4_evaluate,246c4166-cfeb-44d0-bc00-8b7719acefe0,5b0fa12a-3dd7-45bb-9766-cc326314d9f1,10.023785438155755,0.00012360706208339262,1.233137549142659e-05,116.6064840864,150.27501441970446,6.0,0.0002276878515102653,0.0002826521705543428,9.915806628608455e-06,0.0005202558286932165,0.0,United Kingdom,GBR,england,,,Linux-6.4.0-150600.23.73_15.0.14-cray_shasta_c_64k-aarch64-with-glibc2.38,3.11.7,3.3.0,72,Neoverse-V2,1,1 x NVIDIA GH200 120GB,-2.5917,51.4535,64,machine,0.0,0.16666666666666666,44.949999999999996,384.97718302408856,N,1.0,0.0
2026-09-27T00:46:56,mobilenet_v3_small_batch3_node_5_local_train,f337584e-b52e-4a98-9a78-a7f617d0bdbd,5b0fa12a-3dd7-45bb-9766-cc326314d9f1,13.563914027065039,0.00018707861513426072,1.3792376946725665e-05,116.10738957888,146.11621110109928,6.0,0.0003408505547866774,0.00043203062341490295,1.4523184518329799e-05,0.0007874043627199101,0.0,United Kingdom,GBR,england,,,Linux-6.4.0-150600.23.73_15.0.14-cray_shasta_c_64k-aarch64-with-glibc2.38,3.11.7,3.3.0,72,Neoverse-V2,1,1 x NVIDIA GH200 120GB,-2.5917,51.4535,64,machine,0.0,3.1,41.800000000000004,358.2611022949219,N,1.0,0.0
2026-09-27T00:49:07,mobilenet_v3_small_batch3_node_5_evaluate,1b8a3325-f72c-4846-b19f-547cdec5749a,5b0fa12a-3dd7-45bb-9766-cc326314d9f1,9.654241335112602,0.00011701286732349172,1.2120358634283814e-05,116.60618039040001,144.0414856901835,6.0,0.00021570245939688226,0.00026749243622248287,9.306303188204765e-06,0.0004925011988075699,0.0,United Kingdom,GBR,england,,,Linux-6.4.0-150600.23.73_15.0.14-cray_shasta_c_64k-aarch64-with-glibc2.38,3.11.7,3.3.0,72,Neoverse-V2,1,1 x NVIDIA GH200 120GB,-2.5917,51.4535,64,machine,22.5,0.8333333333333334,41.5,355.1339518229167,N,1.0,0.0
2026-09-27T00:50:06,mobilenet_v3_small_batch3_node_0_upload,4ce9fdf8-eed7-4e6c-8107-2a9eb128f3fa,5b0fa12a-3dd7-45bb-9766-cc326314d9f1,9.086931861937046,0.00010270814272592925,1.1302840638230023e-05,115.20061793280003,143.25875938096408,6.0,0.00019280200762214806,0.00023947908046295652,1.2253466605519256e-08,0.00043229334155171014,0.0,United Kingdom,GBR,england,,,Linux-6.4.0-150600.23.73_15.0.14-cray_shasta_c_64k-aarch64-with-glibc2.38,3.11.7,3.3.0,72,Neoverse-V2,1,1 x NVIDIA GH200 120GB,-2.5917,51.4535,64,machine,0.0,0.0,41.5,355.1820373535156,N,1.0,0.0
2026-09-27T00:50:13,mobilenet_v3_small_batch3_node_3_upload,ac7bbf2c-7faf-4326-8612-9eabda1617c5,5b0fa12a-3dd7-45bb-9766-cc326314d9f1,4.486399516928941,2.4067330284010887e-05,5.3645089326519924e-06,115.2008678016,141.8488431871781,6.0,4.545095828471489e-05,5.584171132966276e-05,5.4977419010053084e-09,0.00010129816735627865,0.0,United Kingdom,GBR,england,,,Linux-6.4.0-150600.23.73_15.0.14-cray_shasta_c_64k-aarch64-with-glibc2.38,3.11.7,3.3.0,72,Neoverse-V2,1,1 x NVIDIA GH200 120GB,-2.5917,51.4535,64,machine,0.0,0.0,41.5,355.15802001953125,N,1.0,0.0
2026-09-27T00:50:23,mobilenet_v3_small_batch3_node_4_upload,20fddc38-edc2-433a-bb8d-716cb56940f8,5b0fa12a-3dd7-45bb-9766-cc326314d9f1,8.579027437139302,9.405629414054482e-05,1.0963514784131302e-05,115.20035562240001,143.01725833021482,6.0,0.00017666874381122723,0.00021920406425124384,5.343453570579489e-09,0.00039587815151604164,0.0,United Kingdom,GBR,england,,,Linux-6.4.0-150600.23.73_15.0.14-cray_shasta_c_64k-aarch64-with-glibc2.38,3.11.7,3.3.0,72,Neoverse-V2,1,1 x NVIDIA GH200 120GB,-2.5917,51.4535,64,machine,1.26,0.0,41.5,355.21990966796875,N,1.0,0.0
2026-09-27T00:50:30,mobilenet_v3_small_batch3_node_5_upload,4355d1ff-57a6-4ac2-8abf-32dd889c04fc,5b0fa12a-3dd7-45bb-9766-cc326314d9f1,4.081948139006272,1.7218315764052462e-05,4.218161323393042e-06,115.20035562240001,141.66646598621412,6.0,3.261730238265767e-05,3.9848365204875336e-05,5.346491622428099e-09,7.247101407915544e-05,0.0,United Kingdom,GBR,england,,,Linux-6.4.0-150600.23.73_15.0.14-cray_shasta_c_64k-aarch64-with-glibc2.38,3.11.7,3.3.0,72,Neoverse-V2,1,1 x NVIDIA GH200 120GB,-2.5917,51.4535,64,machine,0.0,0.0,41.5,355.21917724609375,N,1.0,0.0
2026-09-27T00:50:38,mobilenet_v3_small_batch3_node_0_exchange,84754594-07e3-4fa6-8904-dd4e6ec5c441,5b0fa12a-3dd7-45bb-9766-cc326314d9f1,3.107127553084865,1.0416845843908043e-07,3.3525646005635765e-08,115.20035562240001,0.0,6.0,4.331126023161804e-07,0.0,5.327133694663644e-09,4.384397360108441e-07,0.0,United Kingdom,GBR,england,,,Linux-6.4.0-150600.23.73_15.0.14-cray_shasta_c_64k-aarch64-with-glibc2.38,3.11.7,3.3.0,72,Neoverse-V2,1,1 x NVIDIA GH200 120GB,-2.5917,51.4535,64,machine,0,0,0,0,N,1.0,0.0
2026-09-27T00:50:50,mobilenet_v3_small_batch3_node_1_exchange,318c1372-75f1-4e7a-9a32-4b3d1fa8e7ba,5b0fa12a-3dd7-45bb-9766-cc326314d9f1,3.1125431859400123,9.684291926081512e-08,3.111375922373517e-08,115.20053084160004,0.0,6.0,4.022343961215669e-07,0.0,5.372518595928948e-09,4.0760691471749584e-07,0.0,United Kingdom,GBR,england,,,Linux-6.4.0-150600.23.73_15.0.14-cray_shasta_c_64k-aarch64-with-glibc2.38,3.11.7,3.3.0,72,Neoverse-V2,1,1 x NVIDIA GH200 120GB,-2.5917,51.4535,64,machine,0,0,0,0,N,1.0,0.0
2026-09-27T00:50:59,mobilenet_v3_small_batch3_node_2_exchange,3543c4ca-8f1a-4a40-85db-f2c50f42a83d,5b0fa12a-3dd7-45bb-9766-cc326314d9f1,4.576309180120006,2.5471760161578534e-05,5.566005083797808e-06,115.20044323200003,145.9679791676503,6.0,4.734443802909527e-05,5.985949233888732e-05,5.410811863839627e-09,0.00010720934117984643,0.0,United Kingdom,GBR,england,,,Linux-6.4.0-150600.23.73_15.0.14-cray_shasta_c_64k-aarch64-with-glibc2.38,3.11.7,3.3.0,72,Neoverse-V2,1,1 x NVIDIA GH200 120GB,-2.5917,51.4535,64,machine,0.0,0.0,41.5,355.1588134765625,N,1.0,0.0
2026-09-27T00:51:06,mobilenet_v3_small_batch3_node_3_exchange,496240de-c032-4b57-9ab9-b24acf35e891,5b0fa12a-3dd7-45bb-9766-cc326314d9f1,4.371133806882426,2.200592670322595e-05,5.0343749872349445e-06,115.20053084160004,147.2303743655676,6.0,4.071299201893467e-05,5.1902819308224935e-05,6.013350017989675e-09,9.26218246771776e-05,0.0,United Kingdom,GBR,england,,,Linux-6.4.0-150600.23.73_15.0.14-cray_shasta_c_64k-aarch64-with-glibc2.38,3.11.7,3.3.0,72,Neoverse-V2,1,1 x NVIDIA GH200 120GB,-2.5917,51.4535,64,machine,0.0,0.0,41.5,355.15411376953125,N,1.0,0.0
2026-09-27T00:51:12,mobilenet_v3_small_batch3_node_4_exchange,6521478a-1af1-40ac-a793-509cc977f5ea,5b0fa12a-3dd7-45bb-9766-cc326314d9f1,4.111300375079736,1.723113153160644e-05,4.191163369149901e-06,115.20053084160004,142.15910223061258,6.0,3.258013406332608e-05,3.993947640879014e-05,5.344519934927424e-09,7.252495499205115e-05,0.0,United Kingdom,GBR,england,,,Linux-6.4.0-150600.23.73_15.0.14-cray_shasta_c_64k-aarch64-with-glibc2.38,3.11.7,3.3.0,72,Neoverse-V2,1,1 x NVIDIA GH200 120GB,-2.5917,51.4535,64,machine,0.0,0.0,41.5,355.18646240234375,N,1.0,0.0
2026-09-27T00:51:20,mobilenet_v3_small_batch3_node_5_exchange,ad20c5fa-af74-4a32-a4e4-c5aafcba51fc,5b0fa12a-3dd7-45bb-9766-cc326314d9f1,4.121323216939345,1.8151073590540826e-05,4.404185897368302e-06,115.20044323200003,156.01048251545456,6.0,3.252473396655986e-05,4.3866146228310754e-05,6.0640682931989425e-09,7.639694426316381e-05,0.0,United Kingdom,GBR,england,,,Linux-6.4.0-150600.23.73_15.0.14-cray_shasta_c_64k-aarch64-with-glibc2.38,3.11.7,3.3.0,72,Neoverse-V2,1,1 x NVIDIA GH200 120GB,-2.5917,51.4535,64,machine,0.0,0.0,41.5,355.1854248046875,N,1.0,0.0
2026-09-27T00:51:43,mobilenet_v3_small_batch3_node_0_evaluate,8c4a71c2-b9c4-4314-91a3-ed09fef2e832,5b0fa12a-3dd7-45bb-9766-cc326314d9f1,9.766274319961667,0.00011877458878119245,1.216170925471799e-05,116.68944139200002,144.26960224434532,6.0,0.00021973137737498806,0.00027067104987565926,9.513767443519707e-06,0.000499916194694167,0.0,United Kingdom,GBR,england,,,Linux-6.4.0-150600.23.73_15.0.14-cray_shasta_c_64k-aarch64-with-glibc2.38,3.11.7,3.3.0,72,Neoverse-V2,1,1 x NVIDIA GH200 120GB,-2.5917,51.4535,64,machine,18.349999999999998,0.5,41.5,355.1652526855469,N,1.0,0.0
2026-09-27T00:53:57,mobilenet_v3_small_batch3_node_1_evaluate,09982ad1-c32f-48b2-81da-0dc51ff98da3,5b0fa12a-3dd7-45bb-9766-cc326314d9f1,10.269854180980474,0.0001273936738209281,1.2404623432420117e-05,116.63151738788574,145.65054084886862,6.0,0.0002356230435044922,0.0002908418993285977,9.728541801838826e-06,0.0005361934846349288,0.0,United Kingdom,GBR,england,,,Linux-6.4.0-150600.23.73_15.0.14-cray_shasta_c_64k-aarch64-with-glibc2.38,3.11.7,3.3.0,72,Neoverse-V2,1,1 x NVIDIA GH200 120GB,-2.5917,51.4535,64,machine,21.657142857142855,0.5714285714285714,41.5,355.0758318219866,N,1.0,0.0
2026-09-27T00:54:11,mobilenet_v3_small_batch3_node_2_evaluate,0f35d760-cde4-4c1a-b8d6-348457fa498c,5b0fa12a-3dd7-45bb-9766-cc326314d9f1,11.842264317907393,0.0001546738892339482,1.3061175217990752e-05,117.03373714080001,144.48131544669621,6.0,0.000287358676851956,0.00035402806099682493,9.627784010178101e-06,0.0006510145218589589,0.0,United Kingdom,GBR,england,,,Linux-6.4.0-150600.23.73_15.0.14-cray_shasta_c_64k-aarch64-with-glibc2.38,3.11.7,3.3.0,72,Neoverse-V2,1,1 x NVIDIA GH200 120GB,-2.5917,51.4535,64,machine,9.575,0.375,41.5,355.07383728027344,N,1.0,0.0
2026-09-27T00:56:11,mobilenet_v3_small_batch3_node_3_evaluate,ac0ea9f5-831f-417d-b054-5fdb767672ed,5b0fa12a-3dd7-45bb-9766-cc326314d9f1,9.659331486793235,0.00011689477154262613,1.210174551959947e-05,116.72156957760001,149.16719962236857,6.0,0.00021617909583967164,0.00026652243542457654,9.302608416570973e-06,0.0004920041396808191,0.0,United Kingdom,GBR,england,,,Linux-6.4.0-150600.23.73_15.0.14-cray_shasta_c_64k-aarch64-with-glibc2.38,3.11.7,3.3.0,72,Neoverse-V2,1,1 x NVIDIA GH200 120GB,-2.5917,51.4535,64,machine,0.0,0.5,41.5,355.4815979003906,N,1.0,0.0
2026-09-27T00:56:29,mobilenet_v3_small_batch3_node_4_evaluate,73ca2f07-dd5b-45b7-8987-dda4c19ed902,5b0fa12a-3dd7-45bb-9766-cc326314d9f1,8.744480255059898,0.00010140119207133947,1.1596022761062875e-05,116.52559208640002,73.19674283894382,6.0,0.000186435669022739,0.00023088824028150157,9.46854350855574e-06,0.0004267924528127963,0.0,United Kingdom,GBR,england,,,Linux-6.4.0-150600.23.73_15.0.14-cray_shasta_c_64k-aarch64-with-glibc2.38,3.11.7,3.3.0,72,Neoverse-V2,1,1 x NVIDIA GH200 120GB,-2.5917,51.4535,64,machine,0.0,0.2,41.5,355.49317626953126,N,1.0,0.0
2026-09-27T00:57:12,mobilenet_v3_small_batch3_node_5_evaluate,5fc766f6-456c-4673-8873-b634320a88dd,5b0fa12a-3dd7-45bb-9766-cc326314d9f1,33.50869514700025,0.0005344189777568772,1.5948665724296914e-05,122.01448349861056,141.2287873782916,6.0,0.0009993678421476681,0.0012154506945591947,3.4523721381168194e-05,0.002249342258088031,0.0,United Kingdom,GBR,england,,,Linux-6.4.0-150600.23.73_15.0.14-cray_shasta_c_64k-aarch64-with-glibc2.38,3.11.7,3.3.0,72,Neoverse-V2,1,1 x NVIDIA GH200 120GB,-2.5917,51.4535,64,machine,1.73,0.16666666666666666,41.583333333333336,356.22718709309896,N,1.0,0.0
2026-09-27T00:57:44,efficientnet_lite0_batch3_node_0_local_train,74837481-5286-4723-b1ac-a1126fa97484,5b0fa12a-3dd7-45bb-9766-cc326314d9f1,7.176122297067195,9.375805379812739e-05,1.3065280929847769e-05,145.661969376,82.01483780027289,6.0,0.00020084215648943668,0.00018693737176533887,6.843344850155214e-06,0.00039462287310493077,0.0,United Kingdom,GBR,england,,,Linux-6.4.0-150600.23.73_15.0.14-cray_shasta_c_64k-aarch64-with-glibc2.38,3.11.7,3.3.0,72,Neoverse-V2,1,1 x NVIDIA GH200 120GB,-2.5917,51.4535,64,machine,0.0,12.0,42.0,360.01173400878906,N,1.0,0.0
2026-09-27T01:01:07,efficientnet_lite0_batch3_node_0_evaluate,41ec74a5-026c-4e6a-87d7-1e00bfafe21f,5b0fa12a-3dd7-45bb-9766-cc326314d9f1,9.576067879097536,0.00011722427266915917,1.2241378627341828e-05,116.61320220480002,146.1566983045406,6.0,0.0002132340492144899,0.0002709760501176106,9.180893807982405e-06,0.000493390993140083,0.0,United Kingdom,GBR,england,,,Linux-6.4.0-150600.23.73_15.0.14-cray_shasta_c_64k-aarch64-with-glibc2.38,3.11.7,3.3.0,72,Neoverse-V2,1,1 x NVIDIA GH200 120GB,-2.5917,51.4535,64,machine,0.0,3.3333333333333335,42.0,359.971435546875,N,1.0,0.0
2026-09-27T01:01:28,efficientnet_lite0_batch3_node_1_local_train,8d6022c1-3168-499f-bce3-4e77de377c22,5b0fa12a-3dd7-45bb-9766-cc326314d9f1,12.245083783054724,0.00017342316279595453,1.4162676700991216e-05,116.10685774080001,152.08383018139284,6.0,0.00029833450944869783,0.0004182042234504024,1.3390526435105132e-05,0.0007299292593342054,0.0,United Kingdom,GBR,england,,,Linux-6.4.0-150600.23.73_15.0.14-cray_shasta_c_64k-aarch64-with-glibc2.38,3.11.7,3.3.0,72,Neoverse-V2,1,1 x NVIDIA GH200 120GB,-2.5917,51.4535,64,machine,10.188888888888888,6.0,42.0,359.82114664713544,N,1.0,0.0
2026-09-27T01:01:45,efficientnet_lite0_batch3_node_1_evaluate,6729093b-a476-4c40-a604-624868d2347b,5b0fa12a-3dd7-45bb-9766-cc326314d9f1,14.583506210939959,0.00020325423693171135,1.3937268170752944e-05,116.75380217142859,146.96005779012705,6.0,0.00037434956151752806,0.0004710662101814478,1.0070959301665426e-05,0.0008554867310006412,0.0,United Kingdom,GBR,england,,,Linux-6.4.0-150600.23.73_15.0.14-cray_shasta_c_64k-aarch64-with-glibc2.38,3.11.7,3.3.0,72,Neoverse-V2,1,1 x NVIDIA GH200 120GB,-2.5917,51.4535,64,machine,8.80909090909091,1.0909090909090908,42.0,359.813437721946,N,1.0,0.0
2026-09-27T01:02:03,efficientnet_lite0_batch3_node_2_local_train,e03ca5ba-1c37-495e-848f-21665d54f4d2,5b0fa12a-3dd7-45bb-9766-cc326314d9f1,7.911032245960087,9.275316998083209e-05,1.1724534434580037e-05,115.79413678848,83.6621178131579,6.0,0.00015714265290988074,0.00022517101345442825,8.079701934863502e-06,0.00039039336829917246,0.0,United Kingdom,GBR,england,,,Linux-6.4.0-150600.23.73_15.0.14-cray_shasta_c_64k-aarch64-with-glibc2.38,3.11.7,3.3.0,72,Neoverse-V2,1,1 x NVIDIA GH200 120GB,-2.5917,51.4535,64,machine,21.775,1.25,42.0,359.75807189941406,N,1.0,0.0
2026-09-27T01:02:13,efficientnet_lite0_batch3_node_2_evaluate,42cc0a5b-b072-4e8a-ab03-fc84bc4c0890,5b0fa12a-3dd7-45bb-9766-cc326314d9f1,9.881894282065332,0.00012269205904166642,1.2415844122552543e-05,116.88563972160001,146.41932168821864,6.0,0.0002238193524609031,0.0002829074485646288,9.677826468444741e-06,0.0005164046274939766,0.0,United Kingdom,GBR,england,,,Linux-6.4.0-150600.23.73_15.0.14-cray_shasta_c_64k-aarch64-with-glibc2.38,3.11.7,3.3.0,72,Neoverse-V2,1,1 x NVIDIA GH200 120GB,-2.5917,51.4535,64,machine,18.98333333333333,2.0,42.0,359.74591064453125,N,1.0,0.0
2026-09-27T01:02:21,efficientnet_lite0_batch3_node_3_local_train,3b572bc6-1b1d-43d1-83c8-24f270742283,5b0fa12a-3dd7-45bb-9766-cc326314d9f1,6.777295696083456,7.062204984292683e-05,1.042038786705717e-05,115.79832639360001,82.79204588137449,6.0,0.00012046029678081021,0.00017059735868940606,6.186955361627044e-06,0.00029724461083184333,0.0,United Kingdom,GBR,england,,,Linux-6.4.0-150600.23.73_15.0.14-cray_shasta_c_64k-aarch64-with-glibc2.38,3.11.7,3.3.0,72,Neoverse-V2,1,1 x NVIDIA GH200 120GB,-2.5917,51.4535,64,machine,0.0,14.333333333333334,42.0,359.788818359375,N,1.0,0.0
2026-09-27T01:02:31,efficientnet_lite0_batch3_node_3_evaluate,9938f90b-7e02-4f20-a297-327bae8e39ba,5b0fa12a-3dd7-45bb-9766-cc326314d9f1,8.807648937916383,0.00010476917369308857,1.1895248599437674e-05,116.58093500160001,76.20417791717442,6.0,0.00018856220043572967,0.00024283991650975167,9.565998973557725e-06,0.00044096811591903904,0.0,United Kingdom,GBR,england,,,Linux-6.4.0-150600.23.73_15.0.14-cray_shasta_c_64k-aarch64-with-glibc2.38,3.11.7,3.3.0,72,Neoverse-V2,1,1 x NVIDIA GH200 120GB,-2.5917,51.4535,64,machine,1.34,2.4,42.019999999999996,359.8111572265625,N,1.0,0.0
2026-09-27T01:03:02,efficientnet_lite0_batch3_node_4_local_train,e6fe878e-3ded-4755-9ad1-fdde76d1d6ac,5b0fa12a-3dd7-45bb-9766-cc326314d9f1,8.680260403081775,0.00010666829386677143,1.2288605285263183e-05,115.8569179488,82.56622632560594,6.0,0.00018221366976031445,0.000257390205931074,9.357540311757475e-06,0.0004489614160031459,0.0,United Kingdom,GBR,england,,,Linux-6.4.0-150600.23.73_15.0.14-cray_shasta_c_64k-aarch64-with-glibc2.38,3.11.7,3.3.0,72,Neoverse-V2,1,1 x NVIDIA GH200 120GB,-2.5917,51.4535,64,machine,0.0,7.4,42.0,359.6298828125,N,1.0,0.0
2026-09-27T01:03:21,efficientnet_lite0_batch3_node_4_evaluate,ecc2e6aa-178a-4ea9-bc1d-4809ae184938,5b0fa12a-3dd7-45bb-9766-cc326314d9f1,9.958866335218772,0.00012420582312773064,1.2471883741273462e-05,116.77266204480001,149.69435330152112,6.0,0.00022617786632334567,0.0002868510628104559,9.74705429864116e-06,0.0005227759834324427,0.0,United Kingdom,GBR,england,,,Linux-6.4.0-150600.23.73_15.0.14-cray_shasta_c_64k-aarch64-with-glibc2.38,3.11.7,3.3.0,72,Neoverse-V2,1,1 x NVIDIA GH200 120GB,-2.5917,51.4535,64,machine,0.0,1.3333333333333333,42.0,359.6054992675781,N,1.0,0.0
2026-09-27T01:03:36,efficientnet_lite0_batch3_node_5_local_train,791ba6d1-0226-4dc8-a772-08604a4d9a50,5b0fa12a-3dd7-45bb-9766-cc326314d9f1,9.07060087705031,0.0001146219933322015,1.2636648319761114e-05,115.98916883657144,82.99071175782815,6.0,0.0001954341096763934,0.00027698605492787465,1.0017967347133285e-05,0.0004824381319514014,0.0,United Kingdom,GBR,england,,,Linux-6.4.0-150600.23.73_15.0.14-cray_shasta_c_64k-aarch64-with-glibc2.38,3.11.7,3.3.0,72,Neoverse-V2,1,1 x NVIDIA GH200 120GB,-2.5917,51.4535,64,machine,1.1166666666666667,6.0,42.0,359.67406209309894,N,1.0,0.0
2026-09-27T01:03:52,efficientnet_lite0_batch3_node_5_evaluate,38a8ecd9-45a6-488a-83fa-a055c324951c,5b0fa12a-3dd7-45bb-9766-cc326314d9f1,11.90397403598763,0.000157056530684737,1.319362174429563e-05,116.85832479360002,146.3858173722192,6.0,0.0002887841753967252,0.00036252501224964817,9.733750725087399e-06,0.0006610429383714608,0.0,United Kingdom,GBR,england,,,Linux-6.4.0-150600.23.73_15.0.14-cray_shasta_c_64k-aarch64-with-glibc2.38,3.11.7,3.3.0,72,Neoverse-V2,1,1 x NVIDIA GH200 120GB,-2.5917,51.4535,64,machine,0.0,1.5,42.0,359.7114486694336,N,1.0,0.0
2026-09-27T01:04:00,efficientnet_lite0_batch3_node_2_upload,644b9c7d-d014-4088-819d-fb43065fe612,5b0fa12a-3dd7-45bb-9766-cc326314d9f1,3.08225571596995,1.0497179895066525e-07,3.4056810538716724e-08,115.20035562240001,0.0,6.0,4.3645398196187056e-07,0.0,5.366973346099258e-09,4.4182095530796984e-07,0.0,United Kingdom,GBR,england,,,Linux-6.4.0-150600.23.73_15.0.14-cray_shasta_c_64k-aarch64-with-glibc2.38,3.11.7,3.3.0,72,Neoverse-V2,1,1 x NVIDIA GH200 120GB,-2.5917,51.4535,64,machine,0,0,0,0,N,1.0,0.0
2026-09-27T01:04:25,mobilevit_xxs_batch3_node_0_local_train,912eb240-21df-44eb-a615-be6fec7e5e64,5b0fa12a-3dd7-45bb-9766-cc326314d9f1,10.333711622981355,0.00014729538798861992,1.4253870570671496e-05,132.66727042011428,150.23440362590628,6.0,0.0002935545819510918,0.0003159624749997647,1.0441728971976165e-05,0.0006199587859228328,0.0,United Kingdom,GBR,england,,,Linux-6.4.0-150600.23.73_15.0.14-cray_shasta_c_64k-aarch64-with-glibc2.38,3.11.7,3.3.0,72,Neoverse-V2,1,1 x NVIDIA GH200 120GB,-2.5917,51.4535,64,machine,0.0,7.428571428571429,42.1,360.4325212751116,N,1.0,0.0
2026-09-27T01:04:41,mobilevit_xxs_batch3_node_0_evaluate,db01f2e5-7881-4be0-833a-fbbb78b8c2e2,5b0fa12a-3dd7-45bb-9766-cc326314d9f1,8.798600499983877,0.0001083585833638133,1.2315433956117438e-05,123.3322189056,74.24621148716432,6.0,0.00020996841247109072,0.0002365440781062489,9.56326782819815e-06,0.00045607575840553777,0.0,United Kingdom,GBR,england,,,Linux-6.4.0-150600.23.73_15.0.14-cray_shasta_c_64k-aarch64-with-glibc2.38,3.11.7,3.3.0,72,Neoverse-V2,1,1 x NVIDIA GH200 120GB,-2.5917,51.4535,64,machine,16.54,2.8,42.1,360.5730834960938,N,1.0,0.0
2026-09-27T01:05:02,mobilevit_xxs_batch3_node_1_local_train,2842c148-5715-4742-9c81-d15662163647,5b0fa12a-3dd7-45bb-9766-cc326314d9f1,16.78419596212916,0.0002576570141821801,1.535116813242301e-05,118.49168918547694,153.830368233784,6.0,0.0004618105475603331,0.0006015340923397616,2.112060967871609e-05,0.001084465249578811,0.0,United Kingdom,GBR,england,,,Linux-6.4.0-150600.23.73_15.0.14-cray_shasta_c_64k-aarch64-with-glibc2.38,3.11.7,3.3.0,72,Neoverse-V2,1,1 x NVIDIA GH200 120GB,-2.5917,51.4535,64,machine,7.023076923076923,8.615384615384615,42.10000000000001,360.384760929988,N,1.0,0.0
2026-09-27T01:05:33,mobilevit_xxs_batch3_node_1_evaluate,514f86e3-eb56-4a6d-b8a3-f09bbdea024b,5b0fa12a-3dd7-45bb-9766-cc326314d9f1,10.433735968079418,0.00013760191187433055,1.3188172702022045e-05,123.12833702400002,146.2396854350376,6.0,0.00026350420113034016,0.0003052188552885582,1.0436382251791656e-05,0.0005791594386706899,0.0,United Kingdom,GBR,england,,,Linux-6.4.0-150600.23.73_15.0.14-cray_shasta_c_64k-aarch64-with-glibc2.38,3.11.7,3.3.0,72,Neoverse-V2,1,1 x NVIDIA GH200 120GB,-2.5917,51.4535,64,machine,1.0142857142857142,1.7142857142857142,42.08571428571429,360.4480678013393,N,1.0,0.0
2026-09-27T01:05:50,mobilevit_xxs_batch3_node_2_local_train,29bf4baa-3c93-454d-b3c4-9d774fc590de,5b0fa12a-3dd7-45bb-9766-cc326314d9f1,11.707244327059016,0.00016304680113592653,1.3927000802321653e-05,119.639376072,150.42895913159913,6.0,0.00029550659613510717,0.00037803141353265346,1.2717671933351086e-05,0.0006862556816011117,0.0,United Kingdom,GBR,england,,,Linux-6.4.0-150600.23.73_15.0.14-cray_shasta_c_64k-aarch64-with-glibc2.38,3.11.7,3.3.0,72,Neoverse-V2,1,1 x NVIDIA GH200 120GB,-2.5917,51.4535,64,machine,0.0,6.875,42.1,360.53673553466797,N,1.0,0.0
2026-09-27T01:06:01,mobilevit_xxs_batch3_node_2_evaluate,f57c8e70-c87b-4854-a0e2-609c2495e996,5b0fa12a-3dd7-45bb-9766-cc326314d9f1,9.063672215910628,0.000112046050651773,1.2362103128032826e-05,121.57535377645715,74.74950609758683,6.0,0.0002128216575351932,0.0002487843656950872,9.990097178379074e-06,0.00047159612040865946,0.0,United Kingdom,GBR,england,,,Linux-6.4.0-150600.23.73_15.0.14-cray_shasta_c_64k-aarch64-with-glibc2.38,3.11.7,3.3.0,72,Neoverse-V2,1,1 x NVIDIA GH200 120GB,-2.5917,51.4535,64,machine,17.083333333333332,2.6666666666666665,42.1,360.51234944661456,N,1.0,0.0
2026-09-27T01:06:21,mobilevit_xxs_batch3_node_3_local_train,78089fbd-55c6-45ec-9969-e62892462f2d,5b0fa12a-3dd7-45bb-9766-cc326314d9f1,11.479978370014578,0.00015194902688028757,1.3236002889794174e-05,115.98429449417145,149.38823074612242,6.0,0.000272232553780678,0.0003575238971222916,9.78926409346362e-06,0.0006395457149964332,0.0,United Kingdom,GBR,england,,,Linux-6.4.0-150600.23.73_15.0.14-cray_shasta_c_64k-aarch64-with-glibc2.38,3.11.7,3.3.0,72,Neoverse-V2,1,1 x NVIDIA GH200 120GB,-2.5917,51.4535,64,machine,9.8375,7.125,42.1,360.9813461303711,N,1.0,0.0
2026-09-27T01:09:03,mobilevit_xxs_batch3_node_3_evaluate,1fa2f1a9-92ed-402e-a290-7cbc08d8debd,5b0fa12a-3dd7-45bb-9766-cc326314d9f1,147.51980006997474,0.0026133191884103414,1.771504019915114e-05,115.36942328064002,143.79776329731263,6.0,0.004724291922689897,0.005893996659622758,0.0003810387788460745,0.01099932736115873,0.0,United Kingdom,GBR,england,,,Linux-6.4.0-150600.23.73_15.0.14-cray_shasta_c_64k-aarch64-with-glibc2.38,3.11.7,3.3.0,72,Neoverse-V2,1,1 x NVIDIA GH200 120GB,-2.5917,51.4535,64,machine,1.3734693877551023,0.06802721088435375,42.12244897959192,360.9878403021365,N,1.0,0.0
2026-09-27T01:09:27,mobilevit_xxs_batch3_node_4_local_train,a948b5c3-d949-4cec-b96c-fbebba7d95fe,5b0fa12a-3dd7-45bb-9766-cc326314d9f1,18.39173857285641,0.0002745429519190578,1.4927514918260318e-05,116.28483269760001,165.47456250240666,6.0,0.0004945490721224796,0.0006464185726713367,1.4569656676612797e-05,0.0011555373014704292,0.0,United Kingdom,GBR,england,,,Linux-6.4.0-150600.23.73_15.0.14-cray_shasta_c_64k-aarch64-with-glibc2.38,3.11.7,3.3.0,72,Neoverse-V2,1,1 x NVIDIA GH200 120GB,-2.5917,51.4535,64,machine,5.253333333333333,4.066666666666666,42.10000000000001,360.6841186523437,N,1.0,0.0
2026-09-27T01:09:49,mobilevit_xxs_batch3_node_4_evaluate,b529a028-a035-4c66-bd59-c87803e1b06d,5b0fa12a-3dd7-45bb-9766-cc326314d9f1,15.276409117970616,0.00021419254735990608,1.4021131910373997e-05,116.93913372617143,145.9814695701986,6.0,0.00039665720703331033,0.000494851506985583,1.001680845860392e-05,0.0009015255224774973,0.0,United Kingdom,GBR,england,,,Linux-6.4.0-150600.23.73_15.0.14-cray_shasta_c_64k-aarch64-with-glibc2.38,3.11.7,3.3.0,72,Neoverse-V2,1,1 x NVIDIA GH200 120GB,-2.5917,51.4535,64,machine,0.0,1.3333333333333333,42.10000000000001,360.91444396972656,N,1.0,0.0
2026-09-27T01:10:05,mobilevit_xxs_batch3_node_5_local_train,37510987-31de-4497-a2c1-1f9e1d14c395,5b0fa12a-3dd7-45bb-9766-cc326314d9f1,12.543778621824458,0.00017557530881162398,1.399700314434336e-05,115.97326176960001,79.07742551862493,6.0,0.00030758180744677776,0.0004156256102731959,1.5780114580023415e-05,0.000738987532299997,0.0,United Kingdom,GBR,england,,,Linux-6.4.0-150600.23.73_15.0.14-cray_shasta_c_64k-aarch64-with-glibc2.38,3.11.7,3.3.0,72,Neoverse-V2,1,1 x NVIDIA GH200 120GB,-2.5917,51.4535,64,machine,0.0,9.11111111111111,42.1,360.9312811957465,N,1.0,0.0
2026-09-27T01:10:22,mobilevit_xxs_batch3_node_5_evaluate,3fcf4dc1-60d8-4eb8-b5d8-6c76276f3eb2,5b0fa12a-3dd7-45bb-9766-cc326314d9f1,9.033038664842024,0.00010788449383364857,1.1943322489424475e-05,116.51021400960002,739.7281498120137,6.0,0.00019591066832067337,0.0002482265874590439,9.943083939918628e-06,0.00045408033971963593,0.0,United Kingdom,GBR,england,,,Linux-6.4.0-150600.23.73_15.0.14-cray_shasta_c_64k-aarch64-with-glibc2.38,3.11.7,3.3.0,72,Neoverse-V2,1,1 x NVIDIA GH200 120GB,-2.5917,51.4535,64,machine,0.0,1.6,42.1,360.89951171875,N,1.0,0.0
2026-09-27T01:10:51,mobilevit_xxs_batch3_node_0_upload,5f229477-5f05-430b-bab1-4933d25fd01f,5b0fa12a-3dd7-45bb-9766-cc326314d9f1,3.076808088924736,1.0620600646478889e-06,3.451824208571459e-07,115.20053084160004,1375.4563260453674,6.0,4.6774621522533435e-07,3.996947640416693e-06,5.462863094483813e-09,4.470156718736511e-06,0.0,United Kingdom,GBR,england,,,Linux-6.4.0-150600.23.73_15.0.14-cray_shasta_c_64k-aarch64-with-glibc2.38,3.11.7,3.3.0,72,Neoverse-V2,1,1 x NVIDIA GH200 120GB,-2.5917,51.4535,64,machine,0,0,0,0,N,1.0,0.0
2026-09-27T01:11:05,mobilevit_xxs_batch3_node_1_upload,9e0b4af1-ada1-4c3c-89a6-290a1ed0c2f0,5b0fa12a-3dd7-45bb-9766-cc326314d9f1,4.0832618868444115,1.718841540228805e-05,4.2094815073376155e-06,115.20160030080001,141.4894076820626,6.0,3.258781418699944e-05,3.9751976245838705e-05,5.374546550835172e-09,7.234516497938898e-05,0.0,United Kingdom,GBR,england,,,Linux-6.4.0-150600.23.73_15.0.14-cray_shasta_c_64k-aarch64-with-glibc2.38,3.11.7,3.3.0,72,Neoverse-V2,1,1 x NVIDIA GH200 120GB,-2.5917,51.4535,64,machine,0.0,0.0,42.2,361.37078857421875,N,1.0,0.0
2026-09-27T01:11:36,mobilevit_xxs_batch3_node_2_upload,102f563c-e743-4898-8e23-9db5d6a90f30,5b0fa12a-3dd7-45bb-9766-cc326314d9f1,7.872045699041337,8.187238508131528e-05,1.0400395044871978e-05,115.20170678016002,142.65533277895167,6.0,0.0001540039580759247,0.00019058043022823767,1.2310538440942766e-08,0.0003445966988426033,0.0,United Kingdom,GBR,england,,,Linux-6.4.0-150600.23.73_15.0.14-cray_shasta_c_64k-aarch64-with-glibc2.38,3.11.7,3.3.0,72,Neoverse-V2,1,1 x NVIDIA GH200 120GB,-2.5917,51.4535,64,machine,0.0,0.0,42.2,361.29124450683594,N,1.0,0.0
2026-09-27T01:11:42,mobilevit_xxs_batch3_node_3_upload,66594955-7818-4525-a92c-d51199b6521b,5b0fa12a-3dd7-45bb-9766-cc326314d9f1,3.077316547045484,1.3926309262058534e-07,4.525471802837155e-08,115.20035562240001,0.0,6.0,5.736660635948098e-07,0.0,1.2485200228790443e-08,5.861512638236002e-07,0.0,United Kingdom,GBR,england,,,Linux-6.4.0-150600.23.73_15.0.14-cray_shasta_c_64k-aarch64-with-glibc2.38,3.11.7,3.3.0,72,Neoverse-V2,1,1 x NVIDIA GH200 120GB,-2.5917,51.4535,64,machine,0,0,0,0,N,1.0,0.0
2026-09-27T01:12:09,mobilevit_xxs_batch3_node_2_exchange,1a309a8b-4a2d-4624-a4bd-616ce0455d26,5b0fa12a-3dd7-45bb-9766-cc326314d9f1,9.127938928082585,0.00010264726413469248,1.124539339531433e-05,115.20035562240001,142.31995814773174,6.0,0.0001933236116733341,0.00023870657985014532,6.9151384135087326e-09,0.00043203710666189294,0.0,United Kingdom,GBR,england,,,Linux-6.4.0-150600.23.73_15.0.14-cray_shasta_c_64k-aarch64-with-glibc2.38,3.11.7,3.3.0,72,Neoverse-V2,1,1 x NVIDIA GH200 120GB,-2.5917,51.4535,64,machine,0.0,0.0,42.1,360.75989786783856,N,1.0,0.0
2026-09-27T01:12:22,mobilevit_xxs_batch3_node_4_exchange,3001fb8d-5011-47f0-ba69-09f39379e9c2,5b0fa12a-3dd7-45bb-9766-cc326314d9f1,8.081923671998084,8.517351957098005e-05,1.0538768123495864e-05,115.20059574528,143.77970561853283,6.0,0.00015951871283604555,0.00019896654805506842,5.744883480171363e-09,0.00035849100577459413,0.0,United Kingdom,GBR,england,,,Linux-6.4.0-150600.23.73_15.0.14-cray_shasta_c_64k-aarch64-with-glibc2.38,3.11.7,3.3.0,72,Neoverse-V2,1,1 x NVIDIA GH200 120GB,-2.5917,51.4535,64,machine,0.0,0.0,42.160000000000004,361.0679565429688,N,1.0,0.0
2026-09-27T01:12:30,mobilevit_xxs_batch3_node_5_exchange,1590a699-5005-4382-9802-c0482c75d2ab,5b0fa12a-3dd7-45bb-9766-cc326314d9f1,4.106234943028539,1.816672879143794e-05,4.424181529671347e-06,115.20053084160004,155.45967465873142,6.0,3.278107333325173e-05,4.367642384295323e-05,5.339030176401139e-09,7.646283620638136e-05,0.0,United Kingdom,GBR,england,,,Linux-6.4.0-150600.23.73_15.0.14-cray_shasta_c_64k-aarch64-with-glibc2.38,3.11.7,3.3.0,72,Neoverse-V2,1,1 x NVIDIA GH200 120GB,-2.5917,51.4535,64,machine,0.0,0.0,42.1,360.84136962890625,N,1.0,0.0
2026-09-27T01:12:42,mobilevit_xxs_batch3_node_2_evaluate,3852fc31-087c-4d02-a7bb-ae95a88b3a98,5b0fa12a-3dd7-45bb-9766-cc326314d9f1,8.895595014095306,0.00010583971343946383,1.1897991452146594e-05,116.46475188480002,75.45315874210075,6.0,0.00019126574247756262,0.0002444824177985083,9.725802910203736e-06,0.0004454739631862747,0.0,United Kingdom,GBR,england,,,Linux-6.4.0-150600.23.73_15.0.14-cray_shasta_c_64k-aarch64-with-glibc2.38,3.11.7,3.3.0,72,Neoverse-V2,1,1 x NVIDIA GH200 120GB,-2.5917,51.4535,64,machine,0.0,2.4,42.1,360.6571044921875,N,1.0,0.0
2026-09-27T01:12:52,mobilevit_xxs_batch3_node_4_evaluate,2e54d59d-2831-46f4-a855-4644bb1453c7,5b0fa12a-3dd7-45bb-9766-cc326314d9f1,9.061768310144544,0.00010821381094488811,1.1941798470365216e-05,116.47681375680003,74.91632626228777,6.0,0.00019671782486256815,0.00024875881013031176,9.989783675021803e-06,0.00045546641866790174,0.0,United Kingdom,GBR,england,,,Linux-6.4.0-150600.23.73_15.0.14-cray_shasta_c_64k-aarch64-with-glibc2.38,3.11.7,3.3.0,72,Neoverse-V2,1,1 x NVIDIA GH200 120GB,-2.5917,51.4535,64,machine,0.0,1.0,42.1,360.3792724609375,N,1.0,0.0
2026-09-27T01:16:24,mobilevit_xxs_batch3_node_5_evaluate,d6260489-4594-48b2-b34d-a369db0353e5,5b0fa12a-3dd7-45bb-9766-cc326314d9f1,178.7468385801185,0.0031302945876539234,1.751244728309336e-05,116.0423462468413,144.87062742742148,6.0,0.005760770562461758,0.007129419314637175,0.00028506060863030144,0.013175250485729236,0.0,United Kingdom,GBR,england,,,Linux-6.4.0-150600.23.73_15.0.14-cray_shasta_c_64k-aarch64-with-glibc2.38,3.11.7,3.3.0,72,Neoverse-V2,1,1 x NVIDIA GH200 120GB,-2.5917,51.4535,64,machine,2.8146067415730336,0.028089887640449437,42.12415730337079,360.894005250395,N,1.0,0.0
2026-09-27T01:17:38,mobilenet_v3_small_batch4_node_0_local_train,030e887e-3f79-474c-be6c-03c3f75b699a,5b0fa12a-3dd7-45bb-9766-cc326314d9f1,9.064470835030079,0.00014282554143960608,1.5756633127181565e-05,161.3357291808,75.42877295765715,6.0,0.00034321271065825606,0.00024797380949337366,9.958909306830416e-06,0.0006011454294584601,0.0,United Kingdom,GBR,england,,,Linux-6.4.0-150600.23.73_15.0.14-cray_shasta_c_64k-aarch64-with-glibc2.38,3.11.7,3.3.0,72,Neoverse-V2,1,1 x NVIDIA GH200 120GB,-2.5917,51.4535,64,machine,1.54,1.8,41.8,357.72198486328125,N,1.0,0.0
2026-09-27T01:18:08,mobilenet_v3_small_batch4_node_0_evaluate,9083766e-f6b2-4786-bd33-558515f1eb66,5b0fa12a-3dd7-45bb-9766-cc326314d9f1,13.351632859092206,0.0001813401396087266,1.358186983738378e-05,116.04674279232,143.61601350108276,6.0,0.00033360070365101997,0.0004150231097952428,1.4627598061536749e-05,0.0007632514115077996,0.0,United Kingdom,GBR,england,,,Linux-6.4.0-150600.23.73_15.0.14-cray_shasta_c_64k-aarch64-with-glibc2.38,3.11.7,3.3.0,72,Neoverse-V2,1,1 x NVIDIA GH200 120GB,-2.5917,51.4535,64,machine,0.0,0.4,41.699999999999996,357.1983642578125,N,1.0,0.0
2026-09-27T01:21:38,mobilenet_v3_small_batch4_node_1_local_train,45243ed7-ec66-47fa-b4ca-26b3fa7cd84b,5b0fa12a-3dd7-45bb-9766-cc326314d9f1,201.84059078106657,0.0035336221692128956,1.7506994780082478e-05,115.68190194413363,144.45552335448937,6.0,0.006479945936161502,0.008075000348881645,0.0003178894489887171,0.01487283573403186,0.0,United Kingdom,GBR,england,,,Linux-6.4.0-150600.23.73_15.0.14-cray_shasta_c_64k-aarch64-with-glibc2.38,3.11.7,3.3.0,72,Neoverse-V2,1,1 x NVIDIA GH200 120GB,-2.5917,51.4535,64,machine,1.6771144278606966,0.21393034825870647,41.699999999999896,357.1655422229672,N,1.0,0.0
2026-09-27T01:22:20,mobilenet_v3_small_batch4_node_1_evaluate,58a9cb65-43d8-4f06-8d77-aa89a14700e3,5b0fa12a-3dd7-45bb-9766-cc326314d9f1,9.234888182953,0.0001103012910077397,1.1943976886623129e-05,116.71021991314286,73.29584143081797,6.0,0.00020297232514063975,0.00025100131192346,1.0278878867781411e-05,0.0004642525159318811,0.0,United Kingdom,GBR,england,,,Linux-6.4.0-150600.23.73_15.0.14-cray_shasta_c_64k-aarch64-with-glibc2.38,3.11.7,3.3.0,72,Neoverse-V2,1,1 x NVIDIA GH200 120GB,-2.5917,51.4535,64,machine,0.0,0.5,41.699999999999996,357.2050374348958,N,1.0,0.0
2026-09-27T01:22:31,mobilenet_v3_small_batch4_node_2_local_train,01aae27f-e375-4953-81dd-551f600607d2,5b0fa12a-3dd7-45bb-9766-cc326314d9f1,10.298678846098483,0.00012947452335234662,1.2571954644589808e-05,115.99071876000001,74.16156134826332,6.0,0.00023512590016105822,0.00029776773820344715,1.205803596531041e-05,0.0005449516743298158,0.0,United Kingdom,GBR,england,,,Linux-6.4.0-150600.23.73_15.0.14-cray_shasta_c_64k-aarch64-with-glibc2.38,3.11.7,3.3.0,72,Neoverse-V2,1,1 x NVIDIA GH200 120GB,-2.5917,51.4535,64,machine,0.0,5.857142857142857,41.699999999999996,357.27078683035717,N,1.0,0.0
2026-09-27T01:22:50,mobilenet_v3_small_batch4_node_2_evaluate,a19cd860-9b50-4c00-ab3f-b4fe801944de,5b0fa12a-3dd7-45bb-9766-cc326314d9f1,13.228755449177697,0.0001784989779572682,1.3493255555522703e-05,116.79942840685715,145.1604195993113,6.0,0.00033086832955110933,0.0004106178284928319,9.806948780314997e-06,0.0007512931068242561,0.0,United Kingdom,GBR,england,,,Linux-6.4.0-150600.23.73_15.0.14-cray_shasta_c_64k-aarch64-with-glibc2.38,3.11.7,3.3.0,72,Neoverse-V2,1,1 x NVIDIA GH200 120GB,-2.5917,51.4535,64,machine,0.0,0.2,41.699999999999996,357.28485107421875,N,1.0,0.0
2026-09-27T01:25:27,mobilenet_v3_small_batch4_node_3_local_train,06c31824-88f8-468e-89ef-761be7e896c1,5b0fa12a-3dd7-45bb-9766-cc326314d9f1,145.6051058091689,0.004939873425768357,3.392651238647216e-05,115.75210666664664,143.9689978577149,6.0,0.004679678250383573,0.0058123963165854775,0.0002326366849480352,0.010724711251917086,0.0,United Kingdom,GBR,england,,,Linux-6.4.0-150600.23.73_15.0.14-cray_shasta_c_64k-aarch64-with-glibc2.38,3.11.7,3.3.0,72,Neoverse-V2,1,1 x NVIDIA GH200 120GB,-2.5917,51.4535,64,machine,1.4848275862068967,0.14482758620689656,41.75103448275869,357.6063497609106,N,1.0,0.0
2026-09-27T01:26:09,mobilenet_v3_small_batch4_node_3_evaluate,c63f9ffe-04e2-4bac-9df6-fafb69288ae7,5b0fa12a-3dd7-45bb-9766-cc326314d9f1,10.000283078989014,0.00012342917760681845,1.2342568368504286e-05,116.7621479424,144.9874786178467,6.0,0.0002274123252693499,0.00028220328131567385,9.891515406391894e-06,0.0005195071219914157,0.0,United Kingdom,GBR,england,,,Linux-6.4.0-150600.23.73_15.0.14-cray_shasta_c_64k-aarch64-with-glibc2.38,3.11.7,3.3.0,72,Neoverse-V2,1,1 x NVIDIA GH200 120GB,-2.5917,51.4535,64,machine,11.25,0.5,41.86666666666667,358.42225138346356,N,1.0,0.0
2026-09-27T01:26:42,mobilenet_v3_small_batch4_node_4_local_train,58ede70d-3b9e-46f0-ad5e-76196613e367,5b0fa12a-3dd7-45bb-9766-cc326314d9f1,17.837624734966084,0.000258814768259266,1.4509486106181283e-05,116.11241462674289,145.04972265357162,6.0,0.0004774531487263323,0.0005976827003735252,1.4202328422106802e-05,0.0010893381775219644,0.0,United Kingdom,GBR,england,,,Linux-6.4.0-150600.23.73_15.0.14-cray_shasta_c_64k-aarch64-with-glibc2.38,3.11.7,3.3.0,72,Neoverse-V2,1,1 x NVIDIA GH200 120GB,-2.5917,51.4535,64,machine,2.1,1.5714285714285714,41.92857142857143,359.2427498953683,N,1.0,0.0
2026-09-27T01:33:13,mobilenet_v3_small_batch4_node_4_evaluate,28382268-f063-4fdf-a5b6-06394f6929d1,5b0fa12a-3dd7-45bb-9766-cc326314d9f1,10.029365620110184,0.00012404854850542115,1.2368533883806934e-05,116.90807538240001,144.68302919316375,6.0,0.00022887633846779024,0.00028331189331254336,9.925790777197109e-06,0.0005221140225575307,0.0,United Kingdom,GBR,england,,,Linux-6.4.0-150600.23.73_15.0.14-cray_shasta_c_64k-aarch64-with-glibc2.38,3.11.7,3.3.0,72,Neoverse-V2,1,1 x NVIDIA GH200 120GB,-2.5917,51.4535,64,machine,1.9666666666666668,0.5,42.0,359.898193359375,N,1.0,0.0
2026-09-27T01:34:03,mobilenet_v3_small_batch4_node_5_local_train,2b3e2ab2-e89b-4d92-b488-673005f001c0,5b0fa12a-3dd7-45bb-9766-cc326314d9f1,11.816298078978434,0.0001577619105203789,1.3351212830441565e-05,116.11641697920001,75.00297794162891,6.0,0.00028503160519581077,0.0003643994581921106,1.4580782785002765e-05,0.0006640118461729242,0.0,United Kingdom,GBR,england,,,Linux-6.4.0-150600.23.73_15.0.14-cray_shasta_c_64k-aarch64-with-glibc2.38,3.11.7,3.3.0,72,Neoverse-V2,1,1 x NVIDIA GH200 120GB,-2.5917,51.4535,64,machine,0.0,2.625,42.0,359.9378433227539,N,1.0,0.0
2026-09-27T01:35:13,mobilenet_v3_small_batch4_node_5_evaluate,ed0f5d5a-5940-4f4f-a9b8-bd69542013ac,5b0fa12a-3dd7-45bb-9766-cc326314d9f1,10.077657333109528,0.0001243582773709331,1.2339998598916594e-05,116.85193551360001,143.63101873810075,6.0,0.00023035351117181823,0.0002830518930920789,1.0012251313310116e-05,0.0005234176555772073,0.0,United Kingdom,GBR,england,,,Linux-6.4.0-150600.23.73_15.0.14-cray_shasta_c_64k-aarch64-with-glibc2.38,3.11.7,3.3.0,72,Neoverse-V2,1,1 x NVIDIA GH200 120GB,-2.5917,51.4535,64,machine,1.5857142857142856,0.5714285714285714,42.0,359.4922310965402,N,1.0,0.0
2026-09-27T01:35:31,mobilenet_v3_small_batch4_node_0_upload,04e94951-6fea-41c3-9c7a-a3cc61159e24,5b0fa12a-3dd7-45bb-9766-cc326314d9f1,3.0779766070190817,1.1184961236123195e-06,3.63386817515662e-07,116.50606940160002,1284.2511603543444,6.0,6.814723816673528e-07,4.020558776574035e-06,5.662058247253299e-09,4.70769321648864e-06,0.0,United Kingdom,GBR,england,,,Linux-6.4.0-150600.23.73_15.0.14-cray_shasta_c_64k-aarch64-with-glibc2.38,3.11.7,3.3.0,72,Neoverse-V2,1,1 x NVIDIA GH200 120GB,-2.5917,51.4535,64,machine,0,0,0,0,N,1.0,0.0
2026-09-27T01:36:22,mobilenet_v3_small_batch4_node_1_upload,403e2bb2-de71-4b20-bfbb-35710bf470b0,5b0fa12a-3dd7-45bb-9766-cc326314d9f1,48.92450311500579,0.0008026749828988482,1.6406400306448022e-05,115.6960140220421,145.70319838637346,6.0,0.0014769891885515725,0.001832153410177284,6.927552205471633e-05,0.0033784181207835726,0.0,United Kingdom,GBR,england,,,Linux-6.4.0-150600.23.73_15.0.14-cray_shasta_c_64k-aarch64-with-glibc2.38,3.11.7,3.3.0,72,Neoverse-V2,1,1 x NVIDIA GH200 120GB,-2.5917,51.4535,64,machine,0.9511111111111112,0.0,41.43777777777776,355.03611246744794,N,1.0,0.0
2026-09-27T01:36:41,mobilenet_v3_small_batch4_node_2_upload,084a0d72-7ad4-42c6-8df8-40c5d5ef1cb7,5b0fa12a-3dd7-45bb-9766-cc326314d9f1,9.080933318007737,0.00010264661292413223,1.1303531182260881e-05,115.20035562240001,143.20862417354482,6.0,0.00019265502768408917,0.0002393679692573869,1.1368808336555958e-08,0.00043203436574981263,0.0,United Kingdom,GBR,england,,,Linux-6.4.0-150600.23.73_15.0.14-cray_shasta_c_64k-aarch64-with-glibc2.38,3.11.7,3.3.0,72,Neoverse-V2,1,1 x NVIDIA GH200 120GB,-2.5917,51.4535,64,machine,1.1166666666666667,0.0,41.6,356.6722412109375,N,1.0,0.0
2026-09-27T01:36:50,mobilenet_v3_small_batch4_node_3_upload,9388e7b5-8fb5-487e-a809-df1d09de2619,5b0fa12a-3dd7-45bb-9766-cc326314d9f1,3.0864253928884864,1.1330081502860745e-06,3.670939699033932e-07,115.8145155072,1436.7270570760859,6.0,7.487235337593756e-07,4.014725433876265e-06,5.32462998914222e-09,4.768773597624783e-06,0.0,United Kingdom,GBR,england,,,Linux-6.4.0-150600.23.73_15.0.14-cray_shasta_c_64k-aarch64-with-glibc2.38,3.11.7,3.3.0,72,Neoverse-V2,1,1 x NVIDIA GH200 120GB,-2.5917,51.4535,64,machine,0,0,0,0,N,1.0,0.0
2026-09-27T01:37:40,mobilenet_v3_small_batch4_node_0_exchange,9b8db7c1-b9c2-441a-8631-2871107189b9,5b0fa12a-3dd7-45bb-9766-cc326314d9f1,3.1190475148614496,1.5039862059787251e-06,4.821940668786296e-07,116.1720865728,143.8850751107963,6.0,2.1827471622462283e-06,4.057503247167915e-06,8.995092978390556e-08,6.330201339198049e-06,0.0,United Kingdom,GBR,england,,,Linux-6.4.0-150600.23.73_15.0.14-cray_shasta_c_64k-aarch64-with-glibc2.38,3.11.7,3.3.0,72,Neoverse-V2,1,1 x NVIDIA GH200 120GB,-2.5917,51.4535,64,machine,0,0,0,0,N,1.0,0.0
2026-09-27T01:37:47,mobilenet_v3_small_batch4_node_1_exchange,b08f8955-86d2-4279-88f1-5c39ec5d6117,5b0fa12a-3dd7-45bb-9766-cc326314d9f1,3.1156667589675635,1.7047702961011817e-07,5.4716066511108216e-08,115.20035562240001,0.0,6.0,7.121908000200483e-07,0.0,5.338334788878759e-09,7.175291348089271e-07,0.0,United Kingdom,GBR,england,,,Linux-6.4.0-150600.23.73_15.0.14-cray_shasta_c_64k-aarch64-with-glibc2.38,3.11.7,3.3.0,72,Neoverse-V2,1,1 x NVIDIA GH200 120GB,-2.5917,51.4535,64,machine,0,0,0,0,N,1.0,0.0
2026-09-27T01:37:55,mobilenet_v3_small_batch4_node_2_exchange,47d90dbd-6413-4a50-84b6-80c777e93494,5b0fa12a-3dd7-45bb-9766-cc326314d9f1,4.567997904960066,2.5441498595924343e-05,5.569507500933663e-06,115.22871106560001,146.94928472840238,6.0,4.712661440605011e-05,5.995004795522618e-05,5.3094300286223496e-09,0.00010708197179130491,0.0,United Kingdom,GBR,england,,,Linux-6.4.0-150600.23.73_15.0.14-cray_shasta_c_64k-aarch64-with-glibc2.38,3.11.7,3.3.0,72,Neoverse-V2,1,1 x NVIDIA GH200 120GB,-2.5917,51.4535,64,machine,0.0,0.0,41.7,356.84075927734375,N,1.0,0.0
2026-09-27T01:38:20,mobilenet_v3_small_batch4_node_3_exchange,5e9289fd-bc18-4721-ad96-3e6c3d8e9dd2,5b0fa12a-3dd7-45bb-9766-cc326314d9f1,3.109068603022024,1.06205271214327e-06,3.415983523525186e-07,115.20035562240001,1458.4109264695442,6.0,4.6810393742445716e-07,3.99666984662872e-06,5.3519883658736945e-09,4.4701257724190514e-06,0.0,United Kingdom,GBR,england,,,Linux-6.4.0-150600.23.73_15.0.14-cray_shasta_c_64k-aarch64-with-glibc2.38,3.11.7,3.3.0,72,Neoverse-V2,1,1 x NVIDIA GH200 120GB,-2.5917,51.4535,64,machine,0,0,0,0,N,1.0,0.0
2026-09-27T01:38:36,mobilenet_v3_small_batch4_node_4_exchange,37376e7f-0258-48e1-93ee-e519bdb840d7,5b0fa12a-3dd7-45bb-9766-cc326314d9f1,7.123110759072006,6.94472993038663e-05,9.74957454022712e-06,115.20483646464001,146.25590192320433,6.0,0.00012889702808146372,0.00016339735294934599,5.764615101118883e-09,0.0002923001456459108,0.0,United Kingdom,GBR,england,,,Linux-6.4.0-150600.23.73_15.0.14-cray_shasta_c_64k-aarch64-with-glibc2.38,3.11.7,3.3.0,72,Neoverse-V2,1,1 x NVIDIA GH200 120GB,-2.5917,51.4535,64,machine,0.0,0.0,41.7,356.86712646484375,N,1.0,0.0
2026-09-27T01:38:51,mobilenet_v3_small_batch4_node_5_exchange,b3940e3f-f432-47db-b735-44fc89a52fcd,5b0fa12a-3dd7-45bb-9766-cc326314d9f1,4.114259648136795,1.72522945759059e-05,4.193292609453773e-06,115.206485184,141.44491862821658,6.0,3.2645178199768354e-05,3.9955865304364124e-05,1.2985663488507272e-08,7.261402916762099e-05,0.0,United Kingdom,GBR,england,,,Linux-6.4.0-150600.23.73_15.0.14-cray_shasta_c_64k-aarch64-with-glibc2.38,3.11.7,3.3.0,72,Neoverse-V2,1,1 x NVIDIA GH200 120GB,-2.5917,51.4535,64,machine,0.0,0.0,41.7,356.87249755859375,N,1.0,0.0
2026-09-27T01:39:16,mobilenet_v3_small_batch4_node_0_evaluate,9b708de6-950c-4d51-bbc6-5bdcd32089dc,5b0fa12a-3dd7-45bb-9766-cc326314d9f1,16.80435446696356,0.00023879405141332918,1.4210248414051561e-05,116.63397561600001,144.50060436793365,6.0,0.0004445890880034894,0.0005509404407604279,9.542471258513008e-06,0.0010050720000224303,0.0,United Kingdom,GBR,england,,,Linux-6.4.0-150600.23.73_15.0.14-cray_shasta_c_64k-aarch64-with-glibc2.38,3.11.7,3.3.0,72,Neoverse-V2,1,1 x NVIDIA GH200 120GB,-2.5917,51.4535,64,machine,0.0,0.38461538461538464,41.699999999999996,356.8725398137019,N,1.0,0.0
2026-09-27T01:39:35,mobilenet_v3_small_batch4_node_1_evaluate,a9a6f025-5072-489a-8949-fb18e70e690e,5b0fa12a-3dd7-45bb-9766-cc326314d9f1,10.2272333081346,0.00012743880337387712,1.2460731024148442e-05,116.93473439862859,144.255278386572,6.0,0.00023548830696054304,0.0002906507880737763,1.0244337590411304e-05,0.0005363834326247306,0.0,United Kingdom,GBR,england,,,Linux-6.4.0-150600.23.73_15.0.14-cray_shasta_c_64k-aarch64-with-glibc2.38,3.11.7,3.3.0,72,Neoverse-V2,1,1 x NVIDIA GH200 120GB,-2.5917,51.4535,64,machine,0.0,0.5714285714285714,41.699999999999996,356.8558349609375,N,1.0,0.0
2026-09-27T01:40:24,mobilenet_v3_small_batch4_node_2_evaluate,929c6022-e1e5-40be-9cbc-5005405d134d,5b0fa12a-3dd7-45bb-9766-cc326314d9f1,11.479332691989839,0.00014788709714831462,1.2882900175156412e-05,116.75921816777144,143.08759508768796,6.0,0.000274874352880438,0.0003377774924615551,9.79741429677233e-06,0.0006224492596387654,0.0,United Kingdom,GBR,england,,,Linux-6.4.0-150600.23.73_15.0.14-cray_shasta_c_64k-aarch64-with-glibc2.38,3.11.7,3.3.0,72,Neoverse-V2,1,1 x NVIDIA GH200 120GB,-2.5917,51.4535,64,machine,5.1875,0.5,41.699999999999996,356.8404083251953,N,1.0,0.0
2026-09-27T01:40:38,mobilenet_v3_small_batch4_node_3_evaluate,e25b124d-938a-40d1-9604-03d3cafa018a,5b0fa12a-3dd7-45bb-9766-cc326314d9f1,8.877612655982375,0.00010342484306394192,1.1650073851132355e-05,116.54595829440001,72.64520816089467,6.0,0.00019095881026281328,0.0002346551877252523,9.695898783005153e-06,0.0004353098967710707,0.0,United Kingdom,GBR,england,,,Linux-6.4.0-150600.23.73_15.0.14-cray_shasta_c_64k-aarch64-with-glibc2.38,3.11.7,3.3.0,72,Neoverse-V2,1,1 x NVIDIA GH200 120GB,-2.5917,51.4535,64,machine,0.0,0.6,41.7,356.8237548828125,N,1.0,0.0
2026-09-27T01:40:58,mobilenet_v3_small_batch4_node_4_evaluate,43488d53-d538-42f0-8b00-9808cba715d5,5b0fa12a-3dd7-45bb-9766-cc326314d9f1,9.95909397304058,0.00012234903325957503,1.2285157022393376e-05,117.121514832,143.68690139259797,6.0,0.00022695239355775845,0.00027818938922052894,9.819066670024768e-06,0.0005149608494483121,0.0,United Kingdom,GBR,england,,,Linux-6.4.0-150600.23.73_15.0.14-cray_shasta_c_64k-aarch64-with-glibc2.38,3.11.7,3.3.0,72,Neoverse-V2,1,1 x NVIDIA GH200 120GB,-2.5917,51.4535,64,machine,2.9166666666666665,0.5,41.699999999999996,356.8462219238281,N,1.0,0.0
2026-09-27T01:41:12,mobilenet_v3_small_batch4_node_5_evaluate,8a286e7f-c453-425d-900e-8aab1ae19462,5b0fa12a-3dd7-45bb-9766-cc326314d9f1,9.003549478016794,0.00010640044274913674,1.1817610711078526e-05,116.66630917440001,73.80536249364233,6.0,0.00019517828689183208,0.0002427815831111957,9.874174288318802e-06,0.00044783404429134656,0.0,United Kingdom,GBR,england,,,Linux-6.4.0-150600.23.73_15.0.14-cray_shasta_c_64k-aarch64-with-glibc2.38,3.11.7,3.3.0,72,Neoverse-V2,1,1 x NVIDIA GH200 120GB,-2.5917,51.4535,64,machine,2.3600000000000003,0.6,41.7,356.8438232421875,N,1.0,0.0
2026-09-27T01:41:43,efficientnet_lite0_batch4_node_0_local_train,133cc398-75e1-4e91-ac08-43d31d901a37,5b0fa12a-3dd7-45bb-9766-cc326314d9f1,8.107567582977936,9.432901781942103e-05,1.163468782147033e-05,116.21066517504,157.54021770179958,6.0,0.00016364423128478387,0.00022671157026366018,6.670230041490868e-06,0.00039702603158993485,0.0,United Kingdom,GBR,england,,,Linux-6.4.0-150600.23.73_15.0.14-cray_shasta_c_64k-aarch64-with-glibc2.38,3.11.7,3.3.0,72,Neoverse-V2,1,1 x NVIDIA GH200 120GB,-2.5917,51.4535,64,machine,0.0,8.8,41.94,358.996923828125,N,1.0,0.0
2026-09-27T01:41:55,efficientnet_lite0_batch4_node_0_evaluate,f01fe31a-5c5c-452a-98ff-0bc0916fdd49,5b0fa12a-3dd7-45bb-9766-cc326314d9f1,10.38757631299086,0.0001312156991149514,1.2631984128082994e-05,116.69109402651429,146.57566116910874,6.0,0.0002396865771539825,0.0003028666311735151,9.726986104700095e-06,0.0005522801944321977,0.0,United Kingdom,GBR,england,,,Linux-6.4.0-150600.23.73_15.0.14-cray_shasta_c_64k-aarch64-with-glibc2.38,3.11.7,3.3.0,72,Neoverse-V2,1,1 x NVIDIA GH200 120GB,-2.5917,51.4535,64,machine,16.314285714285713,2.142857142857143,42.0,359.4690377371652,N,1.0,0.0
2026-09-27T01:42:07,efficientnet_lite0_batch4_node_1_local_train,d9c74f2a-4841-4f42-ad27-b04327dfd215,5b0fa12a-3dd7-45bb-9766-cc326314d9f1,11.162714182864875,0.00015614568361753243,1.3988146705146412e-05,117.7916043456,83.01124458974108,6.0,0.0002706449725974009,0.0003730761318081477,1.3488125051759804e-05,0.0006572092294573084,0.0,United Kingdom,GBR,england,,,Linux-6.4.0-150600.23.73_15.0.14-cray_shasta_c_64k-aarch64-with-glibc2.38,3.11.7,3.3.0,72,Neoverse-V2,1,1 x NVIDIA GH200 120GB,-2.5917,51.4535,64,machine,8.6,5.25,42.0,359.4731903076172,N,1.0,0.0
2026-09-27T01:43:15,efficientnet_lite0_batch4_node_1_evaluate,76d57f11-eee7-49da-b542-b95af47d815e,5b0fa12a-3dd7-45bb-9766-cc326314d9f1,10.0613994570449,0.0001260813800279175,1.2531197132784195e-05,116.79923738880001,146.1502924666981,6.0,0.000229457674483276,0.00029123106631345763,9.981366101807603e-06,0.0005306701068985412,0.0,United Kingdom,GBR,england,,,Linux-6.4.0-150600.23.73_15.0.14-cray_shasta_c_64k-aarch64-with-glibc2.38,3.11.7,3.3.0,72,Neoverse-V2,1,1 x NVIDIA GH200 120GB,-2.5917,51.4535,64,machine,0.0,2.3333333333333335,42.0,359.5359293619792,N,1.0,0.0
2026-09-27T01:43:30,efficientnet_lite0_batch4_node_2_local_train,c80074a4-8060-4701-b1c9-8d9faa3f8068,5b0fa12a-3dd7-45bb-9766-cc326314d9f1,8.930266101844609,0.00011026274724729354,1.2347084173059299e-05,116.0388245952,153.96424567537352,6.0,0.00019033501296139587,0.0002656721569707088,8.083117275188366e-06,0.000464090287207293,0.0,United Kingdom,GBR,england,,,Linux-6.4.0-150600.23.73_15.0.14-cray_shasta_c_64k-aarch64-with-glibc2.38,3.11.7,3.3.0,72,Neoverse-V2,1,1 x NVIDIA GH200 120GB,-2.5917,51.4535,64,machine,0.0,4.8,42.0,359.5230712890625,N,1.0,0.0
2026-09-27T01:43:56,efficientnet_lite0_batch4_node_2_evaluate,7d119c39-9c33-4668-9810-2b56501f0ef0,5b0fa12a-3dd7-45bb-9766-cc326314d9f1,15.358042871812358,0.00021873597181883383,1.4242437896842609e-05,119.86389935177144,147.4119411631533,6.0,0.00040873237020366165,0.0005024040130336971,9.512181379832328e-06,0.0009206485646171911,0.0,United Kingdom,GBR,england,,,Linux-6.4.0-150600.23.73_15.0.14-cray_shasta_c_64k-aarch64-with-glibc2.38,3.11.7,3.3.0,72,Neoverse-V2,1,1 x NVIDIA GH200 120GB,-2.5917,51.4535,64,machine,2.158333333333333,1.3333333333333333,42.0,359.51243082682294,N,1.0,0.0
2026-09-27T01:44:21,efficientnet_lite0_batch4_node_3_local_train,09f219d0-7a67-41e2-b741-219be849bfcb,5b0fa12a-3dd7-45bb-9766-cc326314d9f1,6.84432910522446,7.210632770185063e-05,1.0535192944887752e-05,115.70875620480003,83.24154553219408,6.0,0.0001225270648740502,0.00017466458417914055,6.300211688891674e-06,0.00030349186074208245,0.0,United Kingdom,GBR,england,,,Linux-6.4.0-150600.23.73_15.0.14-cray_shasta_c_64k-aarch64-with-glibc2.38,3.11.7,3.3.0,72,Neoverse-V2,1,1 x NVIDIA GH200 120GB,-2.5917,51.4535,64,machine,0.0,7.666666666666667,42.0,359.50390625,N,1.0,0.0
2026-09-27T01:44:37,efficientnet_lite0_batch4_node_3_evaluate,9626a9b3-8d62-4ced-94d0-28f2fbf90a6b,5b0fa12a-3dd7-45bb-9766-cc326314d9f1,8.638379842042923,0.00010140427720778942,1.1738807399306018e-05,116.41508933760002,75.99060206929099,6.0,0.0001825066730419421,0.0002350151880108342,9.283576942204187e-06,0.0004268054379949805,0.0,United Kingdom,GBR,england,,,Linux-6.4.0-150600.23.73_15.0.14-cray_shasta_c_64k-aarch64-with-glibc2.38,3.11.7,3.3.0,72,Neoverse-V2,1,1 x NVIDIA GH200 120GB,-2.5917,51.4535,64,machine,0.0,3.4,42.0,359.49530029296875,N,1.0,0.0
2026-09-27T01:45:46,efficientnet_lite0_batch4_node_4_local_train,e91d0959-afa1-4071-a91e-f3b5c9628e11,5b0fa12a-3dd7-45bb-9766-cc326314d9f1,9.805109882960096,0.0001260629960095798,1.2856867237016853e-05,116.08825792320002,152.89207644704908,6.0,0.00021901769688881072,0.0003020027415914228,9.572291021468118e-06,0.0005305927295017016,0.0,United Kingdom,GBR,england,,,Linux-6.4.0-150600.23.73_15.0.14-cray_shasta_c_64k-aarch64-with-glibc2.38,3.11.7,3.3.0,72,Neoverse-V2,1,1 x NVIDIA GH200 120GB,-2.5917,51.4535,64,machine,11.833333333333334,11.0,42.0,359.6395772298177,N,1.0,0.0
2026-09-27T01:46:14,efficientnet_lite0_batch4_node_4_evaluate,fc1c8727-e864-4ff6-bb84-76077fcfec1a,5b0fa12a-3dd7-45bb-9766-cc326314d9f1,10.018274805974215,0.0001255206898133637,1.2529172162307996e-05,116.81814637440002,149.5657114463885,6.0,0.00022817366604757045,0.00029030106557570434,9.835458719559635e-06,0.0005283101903428344,0.0,United Kingdom,GBR,england,,,Linux-6.4.0-150600.23.73_15.0.14-cray_shasta_c_64k-aarch64-with-glibc2.38,3.11.7,3.3.0,72,Neoverse-V2,1,1 x NVIDIA GH200 120GB,-2.5917,51.4535,64,machine,0.0,1.6666666666666667,42.0,359.64764404296875,N,1.0,0.0
2026-09-27T01:46:33,efficientnet_lite0_batch4_node_5_local_train,45ffb0b4-8cef-41a9-9b1f-460748a26b24,5b0fa12a-3dd7-45bb-9766-cc326314d9f1,14.944613094907254,0.00021459794625734862,1.4359551826101016e-05,116.06264749440001,154.80517167344044,6.0,0.0003831693955077032,0.0005102795748825883,9.782855398564908e-06,0.0009032318257888565,0.0,United Kingdom,GBR,england,,,Linux-6.4.0-150600.23.73_15.0.14-cray_shasta_c_64k-aarch64-with-glibc2.38,3.11.7,3.3.0,72,Neoverse-V2,1,1 x NVIDIA GH200 120GB,-2.5917,51.4535,64,machine,0.0,5.2727272727272725,42.0,359.6686068448153,N,1.0,0.0
2026-09-27T01:52:47,efficientnet_lite0_batch4_node_5_evaluate,7d863c48-9658-4648-b7ec-d34abeba4950,5b0fa12a-3dd7-45bb-9766-cc326314d9f1,358.2708151920233,0.006268988174988637,1.7497903566687765e-05,115.69285132958001,138.04397438504483,6.0,0.011507782403587774,0.01428069114676589,0.0005973783829792714,0.02638585193333293,0.0,United Kingdom,GBR,england,,,Linux-6.4.0-150600.23.73_15.0.14-cray_shasta_c_64k-aarch64-with-glibc2.38,3.11.7,3.3.0,72,Neoverse-V2,1,1 x NVIDIA GH200 120GB,-2.5917,51.4535,64,machine,1.5446927374301676,0.027932960893854747,42.03435754189936,360.03097789913585,N,1.0,0.0
2026-09-27T01:56:46,efficientnet_lite0_batch4_node_0_upload,c974f84c-6488-4274-9d88-b00c2563dc92,5b0fa12a-3dd7-45bb-9766-cc326314d9f1,231.061079635052,0.004031341912636279,1.7447083338325767e-05,115.42543403288533,143.45624263071238,6.0,0.007409883967124163,0.00920034791583646,0.0003574809010330743,0.0169677127839937,0.0,United Kingdom,GBR,england,,,Linux-6.4.0-150600.23.73_15.0.14-cray_shasta_c_64k-aarch64-with-glibc2.38,3.11.7,3.3.0,72,Neoverse-V2,1,1 x NVIDIA GH200 120GB,-2.5917,51.4535,64,machine,1.2454545454545454,0.0,42.29999999999999,361.9798142734544,N,1.0,0.0
2026-09-27T01:56:50,efficientnet_lite0_batch4_node_3_upload,8a580a1f-aaf4-4b25-931f-7414c1bd6e9b,5b0fa12a-3dd7-45bb-9766-cc326314d9f1,3.07722886512056,1.037478615376942e-07,3.371470439317797e-08,115.2007558272,0.0,6.0,4.313715015674845e-07,0.0,5.297963507473469e-09,4.36669465074958e-07,0.0,United Kingdom,GBR,england,,,Linux-6.4.0-150600.23.73_15.0.14-cray_shasta_c_64k-aarch64-with-glibc2.38,3.11.7,3.3.0,72,Neoverse-V2,1,1 x NVIDIA GH200 120GB,-2.5917,51.4535,64,machine,0,0,0,0,N,1.0,0.0
2026-09-27T01:57:18,mobilevit_xxs_batch4_node_0_local_train,fb8090c6-5880-4a09-bb72-65c5a38080ae,5b0fa12a-3dd7-45bb-9766-cc326314d9f1,9.330821912968531,0.0001161454967996416,1.2447509756693104e-05,115.84424478445717,79.12435867121545,6.0,0.00020313814971993258,0.0002752691091103543,1.044322161974075e-05,0.0004888504804500276,0.0,United Kingdom,GBR,england,,,Linux-6.4.0-150600.23.73_15.0.14-cray_shasta_c_64k-aarch64-with-glibc2.38,3.11.7,3.3.0,72,Neoverse-V2,1,1 x NVIDIA GH200 120GB,-2.5917,51.4535,64,machine,0.0,9.833333333333334,42.199999999999996,361.75970458984375,N,1.0,0.0
2026-09-27T01:58:04,mobilevit_xxs_batch4_node_0_evaluate,d7ccdbe3-c891-4ea1-bdf6-40a91130a410,5b0fa12a-3dd7-45bb-9766-cc326314d9f1,30.23630251805298,0.00047557626995940847,1.5728651665509016e-05,116.16800841583866,145.58502089871055,6.0,0.0008746035919297182,0.0010924458739651755,3.462683207937516e-05,0.0020016762979742685,0.0,United Kingdom,GBR,england,,,Linux-6.4.0-150600.23.73_15.0.14-cray_shasta_c_64k-aarch64-with-glibc2.38,3.11.7,3.3.0,72,Neoverse-V2,1,1 x NVIDIA GH200 120GB,-2.5917,51.4535,64,machine,0.4962962962962963,0.7037037037037037,42.20000000000002,361.75049054181136,N,1.0,0.0
2026-09-27T01:58:36,mobilevit_xxs_batch4_node_1_local_train,d1ffa93b-ab4a-4837-8d2f-cf389dd761c4,5b0fa12a-3dd7-45bb-9766-cc326314d9f1,21.760743704857305,0.000337709402004413,1.55192031386791e-05,116.27260740370286,153.21994753047264,6.0,0.0006043365179670357,0.0007959295256227961,2.1135629065101967e-05,0.0014214016726549336,0.0,United Kingdom,GBR,england,,,Linux-6.4.0-150600.23.73_15.0.14-cray_shasta_c_64k-aarch64-with-glibc2.38,3.11.7,3.3.0,72,Neoverse-V2,1,1 x NVIDIA GH200 120GB,-2.5917,51.4535,64,machine,3.533333333333333,7.388888888888889,42.20000000000001,361.7687242296007,N,1.0,0.0
2026-09-27T01:58:52,mobilevit_xxs_batch4_node_1_evaluate,3b8c5def-e540-4a70-a90a-e0b4e201dead,5b0fa12a-3dd7-45bb-9766-cc326314d9f1,15.87706906395033,0.0002250011238219318,1.4171452105905868e-05,116.85327979885716,146.17508393793088,6.0,0.0004163123847291475,0.0005202343050711988,1.0471580498075734e-05,0.0009470182702984221,0.0,United Kingdom,GBR,england,,,Linux-6.4.0-150600.23.73_15.0.14-cray_shasta_c_64k-aarch64-with-glibc2.38,3.11.7,3.3.0,72,Neoverse-V2,1,1 x NVIDIA GH200 120GB,-2.5917,51.4535,64,machine,7.175,1.4166666666666667,42.199999999999996,361.7428741455078,N,1.0,0.0
2026-09-27T01:59:29,mobilevit_xxs_batch4_node_2_local_train,a9d0e954-6bac-476d-bd9b-5500137a0926,5b0fa12a-3dd7-45bb-9766-cc326314d9f1,10.790062220068648,0.0001428342457099581,1.3237573870917804e-05,115.8529236336,78.8182600196894,6.0,0.00025039618563824496,0.0003379186036625015,1.2867275988295054e-05,0.0006011820652890416,0.0,United Kingdom,GBR,england,,,Linux-6.4.0-150600.23.73_15.0.14-cray_shasta_c_64k-aarch64-with-glibc2.38,3.11.7,3.3.0,72,Neoverse-V2,1,1 x NVIDIA GH200 120GB,-2.5917,51.4535,64,machine,0.0,10.285714285714286,42.199999999999996,361.7421613420759,N,1.0,0.0
2026-09-27T01:59:42,mobilevit_xxs_batch4_node_2_evaluate,51c8956d-f92e-45d6-9320-d740adeaf09d,5b0fa12a-3dd7-45bb-9766-cc326314d9f1,10.072036832105368,0.00012991156468424345,1.2898241621807881e-05,122.26077485074286,145.61597251200737,6.0,0.0002482907749529005,0.00028848606412168465,1.0014319961580139e-05,0.0005467911590361652,0.0,United Kingdom,GBR,england,,,Linux-6.4.0-150600.23.73_15.0.14-cray_shasta_c_64k-aarch64-with-glibc2.38,3.11.7,3.3.0,72,Neoverse-V2,1,1 x NVIDIA GH200 120GB,-2.5917,51.4535,64,machine,10.985714285714284,2.2857142857142856,42.199999999999996,361.7292742047991,N,1.0,0.0
2026-09-27T02:00:19,mobilevit_xxs_batch4_node_3_local_train,f7b18a44-6705-4c0c-90a3-3afada5f707e,5b0fa12a-3dd7-45bb-9766-cc326314d9f1,10.087331829126924,0.00013075454016813685,1.2962252296547468e-05,118.5900400306286,150.12057934507683,6.0,0.00023609713338059793,0.0003042105211505941,1.0031545381837835e-05,0.0005503391999130299,0.0,United Kingdom,GBR,england,,,Linux-6.4.0-150600.23.73_15.0.14-cray_shasta_c_64k-aarch64-with-glibc2.38,3.11.7,3.3.0,72,Neoverse-V2,1,1 x NVIDIA GH200 120GB,-2.5917,51.4535,64,machine,3.1285714285714286,6.857142857142857,42.199999999999996,361.84417724609375,N,1.0,0.0
2026-09-27T02:00:29,mobilevit_xxs_batch4_node_3_evaluate,5fb4920d-4da6-4975-b77a-785342e85941,5b0fa12a-3dd7-45bb-9766-cc326314d9f1,8.892738203052431,0.00010494398236738981,1.180108758080473e-05,116.45431295040001,74.40470137077999,6.0,0.00019110377802725786,0.00024088241492847828,9.717683769995347e-06,0.0004417038767257315,0.0,United Kingdom,GBR,england,,,Linux-6.4.0-150600.23.73_15.0.14-cray_shasta_c_64k-aarch64-with-glibc2.38,3.11.7,3.3.0,72,Neoverse-V2,1,1 x NVIDIA GH200 120GB,-2.5917,51.4535,64,machine,0.0,2.4,42.2,361.84814453125,N,1.0,0.0
2026-09-27T02:00:42,mobilevit_xxs_batch4_node_4_local_train,b4f2b14f-d62a-4f43-bd45-987ac8997222,5b0fa12a-3dd7-45bb-9766-cc326314d9f1,11.949184952070937,0.00016429873387582334,1.3749785825128468e-05,115.93300567680001,78.74328083347511,6.0,0.0002882936292208823,0.0003884275329681941,1.4803840550205982e-05,0.0006915250027392823,0.0,United Kingdom,GBR,england,,,Linux-6.4.0-150600.23.73_15.0.14-cray_shasta_c_64k-aarch64-with-glibc2.38,3.11.7,3.3.0,72,Neoverse-V2,1,1 x NVIDIA GH200 120GB,-2.5917,51.4535,64,machine,0.0,9.25,42.300000000000004,361.85897064208984,N,1.0,0.0
2026-09-27T02:03:17,mobilevit_xxs_batch4_node_4_evaluate,3c9120e3-3a29-4d51-b6d5-3d5efb6c0657,5b0fa12a-3dd7-45bb-9766-cc326314d9f1,145.99718406889588,0.004964249122492355,3.4002362128777313e-05,115.3729734512356,144.0533742051022,6.0,0.004676357100097984,0.005842432173949419,0.0002664004319417291,0.010785189705989129,0.0,United Kingdom,GBR,england,,,Linux-6.4.0-150600.23.73_15.0.14-cray_shasta_c_64k-aarch64-with-glibc2.38,3.11.7,3.3.0,72,Neoverse-V2,1,1 x NVIDIA GH200 120GB,-2.5917,51.4535,64,machine,1.943448275862069,0.08275862068965517,42.217241379310224,361.83654574690195,N,1.0,0.0
2026-09-27T02:03:35,mobilevit_xxs_batch4_node_5_local_train,c1990149-b668-4606-9767-2f0ccefaefe0,5b0fa12a-3dd7-45bb-9766-cc326314d9f1,12.298039268003777,0.0001720692495932345,1.3991600274111407e-05,115.94354443776001,818.1790333085327,6.0,0.00029959036018945907,0.00040927504963406136,1.5365297798610603e-05,0.000724230707622131,0.0,United Kingdom,GBR,england,,,Linux-6.4.0-150600.23.73_15.0.14-cray_shasta_c_64k-aarch64-with-glibc2.38,3.11.7,3.3.0,72,Neoverse-V2,1,1 x NVIDIA GH200 120GB,-2.5917,51.4535,64,machine,0.0,8.333333333333334,42.199999999999996,361.81146240234375,N,1.0,0.0
2026-09-27T02:04:17,mobilevit_xxs_batch4_node_5_evaluate,56062e30-4d28-4b09-8549-c6d80168f738,5b0fa12a-3dd7-45bb-9766-cc326314d9f1,10.058992417994887,0.00012550099735511653,1.2476497857837467e-05,116.74199687040002,145.67253825675607,6.0,0.00022939876785040564,0.00028883967550541456,9.988862433237955e-06,0.0005282273057890582,0.0,United Kingdom,GBR,england,,,Linux-6.4.0-150600.23.73_15.0.14-cray_shasta_c_64k-aarch64-with-glibc2.38,3.11.7,3.3.0,72,Neoverse-V2,1,1 x NVIDIA GH200 120GB,-2.5917,51.4535,64,machine,0.0,1.8333333333333333,42.199999999999996,361.8418884277344,N,1.0,0.0
2026-09-27T02:04:33,mobilevit_xxs_batch4_node_0_upload,932e773b-3909-4d3a-a766-7bbe8514bc53,5b0fa12a-3dd7-45bb-9766-cc326314d9f1,10.393908365163952,0.00012467851855472322,1.1995345174736544e-05,115.20370656000001,142.57491366844772,6.0,0.00023457610145836508,0.0002901838432620707,5.589688662439585e-09,0.0005247655344090982,0.0,United Kingdom,GBR,england,,,Linux-6.4.0-150600.23.73_15.0.14-cray_shasta_c_64k-aarch64-with-glibc2.38,3.11.7,3.3.0,72,Neoverse-V2,1,1 x NVIDIA GH200 120GB,-2.5917,51.4535,64,machine,0.0,0.0,42.228571428571435,361.8489990234375,N,1.0,0.0
2026-09-27T02:04:48,mobilevit_xxs_batch4_node_1_upload,cf008d30-862a-47a4-a32a-723cd4ce2af8,5b0fa12a-3dd7-45bb-9766-cc326314d9f1,4.114471025997773,1.838635265724641e-05,4.468703884671945e-06,115.20238878720004,151.08116775683294,6.0,3.3590932714118785e-05,4.379031281587231e-05,5.976341587180893e-09,7.738722187157828e-05,0.0,United Kingdom,GBR,england,,,Linux-6.4.0-150600.23.73_15.0.14-cray_shasta_c_64k-aarch64-with-glibc2.38,3.11.7,3.3.0,72,Neoverse-V2,1,1 x NVIDIA GH200 120GB,-2.5917,51.4535,64,machine,0.0,0.0,42.3,361.85601806640625,N,1.0,0.0
2026-09-27T02:06:55,mobilevit_xxs_batch4_node_2_upload,00b2cdae-f822-40e9-abb2-ea4f5af5a64c,5b0fa12a-3dd7-45bb-9766-cc326314d9f1,4.095869060838595,1.830874708625927e-05,4.47005185329599e-06,115.21830366720002,153.78939069114554,6.0,3.306369261998955e-05,4.3991424064415696e-05,5.467291533326109e-09,7.706058397593857e-05,0.0,United Kingdom,GBR,england,,,Linux-6.4.0-150600.23.73_15.0.14-cray_shasta_c_64k-aarch64-with-glibc2.38,3.11.7,3.3.0,72,Neoverse-V2,1,1 x NVIDIA GH200 120GB,-2.5917,51.4535,64,machine,0.0,0.0,42.3,361.8841552734375,N,1.0,0.0
2026-09-27T02:07:08,mobilevit_xxs_batch4_node_3_upload,bb37b399-7776-41bf-b630-38385b627d7c,5b0fa12a-3dd7-45bb-9766-cc326314d9f1,3.0770238710101694,9.992581691308165e-08,3.2474826683836084e-08,115.20035562240001,0.0,6.0,4.152097257477571e-07,0.0,5.372948168466489e-09,4.205826739162236e-07,0.0,United Kingdom,GBR,england,,,Linux-6.4.0-150600.23.73_15.0.14-cray_shasta_c_64k-aarch64-with-glibc2.38,3.11.7,3.3.0,72,Neoverse-V2,1,1 x NVIDIA GH200 120GB,-2.5917,51.4535,64,machine,0,0,0,0,N,1.0,0.0
2026-09-27T02:07:16,mobilevit_xxs_batch4_node_4_upload,61601338-c801-4710-bf89-967f22c4ef4e,5b0fa12a-3dd7-45bb-9766-cc326314d9f1,4.0861659811344,1.722923340623361e-05,4.216479087188337e-06,115.2082778112,142.15342946159114,6.0,3.25964120670285e-05,3.9915309713478564e-05,5.244098526115219e-09,7.251696587903318e-05,0.0,United Kingdom,GBR,england,,,Linux-6.4.0-150600.23.73_15.0.14-cray_shasta_c_64k-aarch64-with-glibc2.38,3.11.7,3.3.0,72,Neoverse-V2,1,1 x NVIDIA GH200 120GB,-2.5917,51.4535,64,machine,0.0,0.0,42.3,361.87860107421875,N,1.0,0.0
2026-09-27T02:07:24,mobilevit_xxs_batch4_node_5_upload,09a482d4-1a00-4841-bf45-33047f363fa4,5b0fa12a-3dd7-45bb-9766-cc326314d9f1,3.0821142680943012,1.2206748051246195e-07,3.960511191168047e-08,115.20035562240001,0.0,6.0,5.085046715151847e-07,0.0,5.27113676071167e-09,5.137758082758964e-07,0.0,United Kingdom,GBR,england,,,Linux-6.4.0-150600.23.73_15.0.14-cray_shasta_c_64k-aarch64-with-glibc2.38,3.11.7,3.3.0,72,Neoverse-V2,1,1 x NVIDIA GH200 120GB,-2.5917,51.4535,64,machine,0,0,0,0,N,1.0,0.0
2026-09-27T02:07:43,mobilevit_xxs_batch4_node_2_exchange,f00e407f-dac8-43d3-ac8f-a2eb6ccd1adc,5b0fa12a-3dd7-45bb-9766-cc326314d9f1,7.108213310828432,6.856864159726074e-05,9.646396161579084e-06,115.2003556224,143.40801253256993,6.0,0.00012861345356899472,0.00015997679464874182,1.1671893298625948e-08,0.0002886019201110352,0.0,United Kingdom,GBR,england,,,Linux-6.4.0-150600.23.73_15.0.14-cray_shasta_c_64k-aarch64-with-glibc2.38,3.11.7,3.3.0,72,Neoverse-V2,1,1 x NVIDIA GH200 120GB,-2.5917,51.4535,64,machine,4.625,0.0,42.3,361.8692626953125,N,1.0,0.0
2026-09-27T02:07:53,mobilevit_xxs_batch4_node_4_exchange,9222ee09-9847-4f3f-87bb-41604ec053f6,5b0fa12a-3dd7-45bb-9766-cc326314d9f1,8.03542009391822,8.515252792856192e-05,1.0597146998327e-05,115.20194337792002,145.8143643754213,6.0,0.00015833655076826376,0.00020006071559919292,5.386653356254101e-09,0.00035840265302081295,0.0,United Kingdom,GBR,england,,,Linux-6.4.0-150600.23.73_15.0.14-cray_shasta_c_64k-aarch64-with-glibc2.38,3.11.7,3.3.0,72,Neoverse-V2,1,1 x NVIDIA GH200 120GB,-2.5917,51.4535,64,machine,0.0,0.0,42.2,361.7718200683594,N,1.0,0.0
2026-09-27T02:08:07,mobilevit_xxs_batch4_node_5_exchange,a43ccb80-3f47-481c-88b4-6e32fe34cda4,5b0fa12a-3dd7-45bb-9766-cc326314d9f1,8.803652039030567,9.756798064884545e-05,1.1082671170587218e-05,115.20035562240001,143.24718546841524,6.0,0.0001830948783344767,0.00022754601535268648,1.776748336851597e-08,0.0004106586611705317,0.0,United Kingdom,GBR,england,,,Linux-6.4.0-150600.23.73_15.0.14-cray_shasta_c_64k-aarch64-with-glibc2.38,3.11.7,3.3.0,72,Neoverse-V2,1,1 x NVIDIA GH200 120GB,-2.5917,51.4535,64,machine,1.34,0.0,42.2,361.76585693359374,N,1.0,0.0
2026-09-27T02:08:28,mobilevit_xxs_batch4_node_2_evaluate,897a9ecc-4018-46cc-ad17-c1238bef7614,5b0fa12a-3dd7-45bb-9766-cc326314d9f1,9.827391279861331,0.00012177152379077114,1.2391032403513844e-05,116.65398983040001,146.43340106485286,6.0,0.00022147940546526814,0.00028145716960636946,9.593566436475764e-06,0.0005125301415081134,0.0,United Kingdom,GBR,england,,,Linux-6.4.0-150600.23.73_15.0.14-cray_shasta_c_64k-aarch64-with-glibc2.38,3.11.7,3.3.0,72,Neoverse-V2,1,1 x NVIDIA GH200 120GB,-2.5917,51.4535,64,machine,0.0,1.1666666666666667,42.199999999999996,361.764404296875,N,1.0,0.0
2026-09-27T02:08:41,mobilevit_xxs_batch4_node_4_evaluate,5ba3aa6a-b6ad-425b-a434-17e56cfcf189,5b0fa12a-3dd7-45bb-9766-cc326314d9f1,11.993317451095209,0.00016557873593077183,1.380591622009067e-05,126.26631633600002,146.0609146405219,6.0,0.00032230328839343914,0.0003647455695698909,9.863608231535182e-06,0.0006969124661948652,0.0,United Kingdom,GBR,england,,,Linux-6.4.0-150600.23.73_15.0.14-cray_shasta_c_64k-aarch64-with-glibc2.38,3.11.7,3.3.0,72,Neoverse-V2,1,1 x NVIDIA GH200 120GB,-2.5917,51.4535,64,machine,20.0375,1.0,42.199999999999996,361.7670440673828,N,1.0,0.0
2026-09-27T02:08:51,mobilevit_xxs_batch4_node_5_evaluate,946dc969-a14c-47bb-827f-8fb631c63742,5b0fa12a-3dd7-45bb-9766-cc326314d9f1,9.03524314193055,0.0001080743600557536,1.196142243856223e-05,116.61901234560001,75.19273288590509,6.0,0.00019601902896287251,0.00024892353248162635,9.936915533617139e-06,0.000454879476978116,0.0,United Kingdom,GBR,england,,,Linux-6.4.0-150600.23.73_15.0.14-cray_shasta_c_64k-aarch64-with-glibc2.38,3.11.7,3.3.0,72,Neoverse-V2,1,1 x NVIDIA GH200 120GB,-2.5917,51.4535,64,machine,0.0,2.4,42.2,361.7524169921875,N,1.0,0.0
2026-09-27T02:09:33,mobilenet_v3_small_batch5_node_0_local_train,cfcf7ac9-63eb-4a26-ba60-3abeeda6766d,5b0fa12a-3dd7-45bb-9766-cc326314d9f1,8.840888189151883,0.00010356573421252218,1.1714403801600093e-05,115.740683856,207.10111450514884,6.0,0.0001861373458187861,0.0002401713032469388,9.594251373782754e-06,0.0004359029004395076,0.0,United Kingdom,GBR,england,,,Linux-6.4.0-150600.23.73_15.0.14-cray_shasta_c_64k-aarch64-with-glibc2.38,3.11.7,3.3.0,72,Neoverse-V2,1,1 x NVIDIA GH200 120GB,-2.5917,51.4535,64,machine,0.0,5.6,41.9,358.78807373046874,N,1.0,0.0
2026-09-27T02:09:46,mobilenet_v3_small_batch5_node_0_evaluate,cc54b7a3-d4dc-4918-80c9-6f4e54a67aff,5b0fa12a-3dd7-45bb-9766-cc326314d9f1,11.898814497049898,0.0001567825155846892,1.3176313961660691e-05,115.85966169600002,753.5029427255968,6.0,0.00028641138749937816,0.0003587541758918178,1.4724059380435695e-05,0.0006598896227716317,0.0,United Kingdom,GBR,england,,,Linux-6.4.0-150600.23.73_15.0.14-cray_shasta_c_64k-aarch64-with-glibc2.38,3.11.7,3.3.0,72,Neoverse-V2,1,1 x NVIDIA GH200 120GB,-2.5917,51.4535,64,machine,0.0,0.625,41.9,358.76051330566406,N,1.0,0.0
2026-09-27T02:10:06,mobilenet_v3_small_batch5_node_1_local_train,6388a381-ba1b-4226-95cc-e4d67489fc67,5b0fa12a-3dd7-45bb-9766-cc326314d9f1,14.632651293184608,0.00021422105662051417,1.4639934508675885e-05,119.9693995776,74.83941610051869,6.0,0.00040138089461633875,0.00048097871810171,1.928590378530013e-05,0.000901645516503349,0.0,United Kingdom,GBR,england,,,Linux-6.4.0-150600.23.73_15.0.14-cray_shasta_c_64k-aarch64-with-glibc2.38,3.11.7,3.3.0,72,Neoverse-V2,1,1 x NVIDIA GH200 120GB,-2.5917,51.4535,64,machine,0.0,3.727272727272727,41.89999999999999,358.8149247602983,N,1.0,0.0
2026-09-27T02:10:27,mobilenet_v3_small_batch5_node_1_evaluate,9bac05a3-7ff5-4685-8f73-ff103672c9f1,5b0fa12a-3dd7-45bb-9766-cc326314d9f1,10.131910795811564,0.00012671101860472732,1.2506132471784934e-05,118.50354998948572,144.48155893809644,6.0,0.00023616643300083105,0.0002870530074119415,1.010078318649903e-05,0.0005333202235992716,0.0,United Kingdom,GBR,england,,,Linux-6.4.0-150600.23.73_15.0.14-cray_shasta_c_64k-aarch64-with-glibc2.38,3.11.7,3.3.0,72,Neoverse-V2,1,1 x NVIDIA GH200 120GB,-2.5917,51.4535,64,machine,0.0,0.42857142857142855,41.9,358.5949183872768,N,1.0,0.0
2026-09-27T02:11:01,mobilenet_v3_small_batch5_node_2_local_train,56480978-7f33-4349-9ce0-508280a29139,5b0fa12a-3dd7-45bb-9766-cc326314d9f1,18.839496155036613,0.00027982882215477306,1.4853307108213863e-05,122.2182216768,149.07458780570528,6.0,0.0005242440783752822,0.0006411710684943728,1.2370113200352837e-05,0.0011777852600700078,0.0,United Kingdom,GBR,england,,,Linux-6.4.0-150600.23.73_15.0.14-cray_shasta_c_64k-aarch64-with-glibc2.38,3.11.7,3.3.0,72,Neoverse-V2,1,1 x NVIDIA GH200 120GB,-2.5917,51.4535,64,machine,1.2333333333333334,1.1333333333333333,41.89999999999999,358.5956990559896,N,1.0,0.0
2026-09-27T02:11:15,mobilenet_v3_small_batch5_node_2_evaluate,615e640b-4bd7-4473-8870-78379ce00337,5b0fa12a-3dd7-45bb-9766-cc326314d9f1,9.964662879006937,0.00012251408846373132,1.2294855325395703e-05,117.60705190080003,150.08699731680719,6.0,0.00022706956842983604,0.0002787868896945156,9.79910027158136e-06,0.000515655558395933,0.0,United Kingdom,GBR,england,,,Linux-6.4.0-150600.23.73_15.0.14-cray_shasta_c_64k-aarch64-with-glibc2.38,3.11.7,3.3.0,72,Neoverse-V2,1,1 x NVIDIA GH200 120GB,-2.5917,51.4535,64,machine,0.0,0.5,41.9,358.617431640625,N,1.0,0.0
2026-09-27T02:11:28,mobilenet_v3_small_batch5_node_3_local_train,dd91225b-b289-4b35-8528-ae7b1870004e,5b0fa12a-3dd7-45bb-9766-cc326314d9f1,8.539386016083881,9.850411767307258e-05,1.1535269337577747e-05,115.95697174080001,75.05812253938669,6.0,0.0001778394302799505,0.00022765490433585,9.10447960991102e-06,0.00041459881422571156,0.0,United Kingdom,GBR,england,,,Linux-6.4.0-150600.23.73_15.0.14-cray_shasta_c_64k-aarch64-with-glibc2.38,3.11.7,3.3.0,72,Neoverse-V2,1,1 x NVIDIA GH200 120GB,-2.5917,51.4535,64,machine,0.0,4.8,41.9,358.6487670898438,N,1.0,0.0
2026-09-27T02:12:05,mobilenet_v3_small_batch5_node_3_evaluate,c7519b6f-0479-46cd-9980-8ac6d8aea59a,5b0fa12a-3dd7-45bb-9766-cc326314d9f1,8.81071568490006,0.00010197636521163715,1.1574129600664088e-05,116.52132487680001,72.44846397889296,6.0,0.0001885135003627598,0.00023112379601286648,9.57603088968123e-06,0.00042921332726530753,0.0,United Kingdom,GBR,england,,,Linux-6.4.0-150600.23.73_15.0.14-cray_shasta_c_64k-aarch64-with-glibc2.38,3.11.7,3.3.0,72,Neoverse-V2,1,1 x NVIDIA GH200 120GB,-2.5917,51.4535,64,machine,0.0,0.8,41.9,358.6164306640625,N,1.0,0.0
2026-09-27T02:12:28,mobilenet_v3_small_batch5_node_4_local_train,60722106-f1b0-4ca7-bc2a-4fdaca33c616,5b0fa12a-3dd7-45bb-9766-cc326314d9f1,16.475977502996102,0.00023642148493899231,1.4349466360706056e-05,116.1175473216,145.9734455326818,6.0,0.00043397188874677573,0.0005471173821405273,1.3996717685367911e-05,0.000995085988572671,0.0,United Kingdom,GBR,england,,,Linux-6.4.0-150600.23.73_15.0.14-cray_shasta_c_64k-aarch64-with-glibc2.38,3.11.7,3.3.0,72,Neoverse-V2,1,1 x NVIDIA GH200 120GB,-2.5917,51.4535,64,machine,1.9615384615384615,1.6923076923076923,41.89999999999999,358.63418344350964,N,1.0,0.0
2026-09-27T02:13:21,mobilenet_v3_small_batch5_node_4_evaluate,a46342f0-f9b6-4435-bf63-782069ad8700,5b0fa12a-3dd7-45bb-9766-cc326314d9f1,8.862194129964337,0.00010559448957942914,1.1915163223788923e-05,119.44271183040001,73.0936415142014,6.0,0.0001996375183732376,0.00023514768811594422,9.656621960069363e-06,0.0004444418284492512,0.0,United Kingdom,GBR,england,,,Linux-6.4.0-150600.23.73_15.0.14-cray_shasta_c_64k-aarch64-with-glibc2.38,3.11.7,3.3.0,72,Neoverse-V2,1,1 x NVIDIA GH200 120GB,-2.5917,51.4535,64,machine,16.619999999999997,0.6,41.9,358.68984375,N,1.0,0.0
2026-09-27T02:13:40,mobilenet_v3_small_batch5_node_5_local_train,28ce6476-33b5-49f1-990a-37e359c98bf4,5b0fa12a-3dd7-45bb-9766-cc326314d9f1,17.881785582052544,0.00026108694151921014,1.4600719839815992e-05,116.28164319634287,146.5707303219068,6.0,0.00047975602976359574,0.0006045060391386414,1.4639570143384239e-05,0.0010989016390456213,0.0,United Kingdom,GBR,england,,,Linux-6.4.0-150600.23.73_15.0.14-cray_shasta_c_64k-aarch64-with-glibc2.38,3.11.7,3.3.0,72,Neoverse-V2,1,1 x NVIDIA GH200 120GB,-2.5917,51.4535,64,machine,0.0,1.7857142857142858,41.89999999999999,358.7296883719308,N,1.0,0.0
2026-09-27T02:14:08,mobilenet_v3_small_batch5_node_5_evaluate,929713fb-4c35-4da5-9921-725eeed6e453,5b0fa12a-3dd7-45bb-9766-cc326314d9f1,17.941069507971406,0.0002584288462266098,1.4404316649672814e-05,116.7756890688,144.66230852541062,6.0,0.00048130209379871464,0.0005967163106959106,9.695446847860391e-06,0.0010877138513424856,0.0,United Kingdom,GBR,england,,,Linux-6.4.0-150600.23.73_15.0.14-cray_shasta_c_64k-aarch64-with-glibc2.38,3.11.7,3.3.0,72,Neoverse-V2,1,1 x NVIDIA GH200 120GB,-2.5917,51.4535,64,machine,0.7999999999999999,0.21428571428571427,41.89999999999999,359.0892246791295,N,1.0,0.0
2026-09-27T02:16:30,mobilenet_v3_small_batch5_node_1_upload,30bfb571-2850-45b9-9667-5f5713aaec97,5b0fa12a-3dd7-45bb-9766-cc326314d9f1,82.09547721012495,0.0013747223611584555,1.6745409221994374e-05,115.54832908799999,143.5233215113463,6.0,0.002536459556639932,0.0031450800160541803,0.00010459682738524861,0.005786136400079362,0.0,United Kingdom,GBR,england,,,Linux-6.4.0-150600.23.73_15.0.14-cray_shasta_c_64k-aarch64-with-glibc2.38,3.11.7,3.3.0,72,Neoverse-V2,1,1 x NVIDIA GH200 120GB,-2.5917,51.4535,64,machine,0.8848101265822785,0.0,41.900000000000055,358.92046192024327,N,1.0,0.0
2026-09-27T02:16:45,mobilenet_v3_small_batch5_node_2_upload,8bd619de-9710-4254-91d4-60db77f66596,5b0fa12a-3dd7-45bb-9766-cc326314d9f1,3.071571609005332,1.0610413797307812e-07,3.454392457007957e-08,115.20035562240001,0.0,6.0,4.412523643939459e-07,0.0,5.334548186510801e-09,4.465869125804567e-07,0.0,United Kingdom,GBR,england,,,Linux-6.4.0-150600.23.73_15.0.14-cray_shasta_c_64k-aarch64-with-glibc2.38,3.11.7,3.3.0,72,Neoverse-V2,1,1 x NVIDIA GH200 120GB,-2.5917,51.4535,64,machine,0,0,0,0,N,1.0,0.0
2026-09-27T02:17:02,mobilenet_v3_small_batch5_node_4_upload,a7bfb73b-7512-4de2-8b08-798dc9672d26,5b0fa12a-3dd7-45bb-9766-cc326314d9f1,14.887094047153369,0.00020153087805749724,1.3537287896426833e-05,115.20035562239998,142.96549660349575,6.0,0.0003785568430350751,0.0004696706535156636,5.704723298549652e-09,0.0008482332012740373,0.0,United Kingdom,GBR,england,,,Linux-6.4.0-150600.23.73_15.0.14-cray_shasta_c_64k-aarch64-with-glibc2.38,3.11.7,3.3.0,72,Neoverse-V2,1,1 x NVIDIA GH200 120GB,-2.5917,51.4535,64,machine,3.1181818181818177,0.0,41.89999999999999,358.93956964666194,N,1.0,0.0
2026-09-27T02:17:11,mobilenet_v3_small_batch5_node_5_upload,f83b1826-21d8-40d0-acb1-748c9ad6dc85,5b0fa12a-3dd7-45bb-9766-cc326314d9f1,4.08134999894537,1.7216286187344326e-05,4.218282233033936e-06,115.20035562240001,141.67572996035523,6.0,3.262684285821164e-05,3.98303096460495e-05,5.319189901153247e-09,7.24624716941623e-05,0.0,United Kingdom,GBR,england,,,Linux-6.4.0-150600.23.73_15.0.14-cray_shasta_c_64k-aarch64-with-glibc2.38,3.11.7,3.3.0,72,Neoverse-V2,1,1 x NVIDIA GH200 120GB,-2.5917,51.4535,64,machine,0.0,0.0,41.9,358.9442138671875,N,1.0,0.0
2026-09-27T02:17:23,mobilenet_v3_small_batch5_node_0_exchange,7b5d92c1-e199-48aa-a1a4-f384ed9a0224,5b0fa12a-3dd7-45bb-9766-cc326314d9f1,9.448710920056328,0.00010884980306632686,1.152006913824367e-05,115.20035562240001,144.55653305086045,6.0,0.00020323599891019733,0.0002549018705906292,5.407613546897967e-09,0.0004581432771143734,0.0,United Kingdom,GBR,england,,,Linux-6.4.0-150600.23.73_15.0.14-cray_shasta_c_64k-aarch64-with-glibc2.38,3.11.7,3.3.0,72,Neoverse-V2,1,1 x NVIDIA GH200 120GB,-2.5917,51.4535,64,machine,0.0,0.0,41.9,358.9424133300781,N,1.0,0.0
2026-09-27T02:17:30,mobilenet_v3_small_batch5_node_1_exchange,0614b7ee-bcf1-4d24-81a1-1a9f179f91fa,5b0fa12a-3dd7-45bb-9766-cc326314d9f1,3.1129879790823907,1.1354235867944698e-07,3.64737542972831e-08,115.20053084160004,0.0,6.0,4.725056978445665e-07,0.0,5.388306841875116e-09,4.778940046864416e-07,0.0,United Kingdom,GBR,england,,,Linux-6.4.0-150600.23.73_15.0.14-cray_shasta_c_64k-aarch64-with-glibc2.38,3.11.7,3.3.0,72,Neoverse-V2,1,1 x NVIDIA GH200 120GB,-2.5917,51.4535,64,machine,0,0,0,0,N,1.0,0.0
2026-09-27T02:17:45,mobilenet_v3_small_batch5_node_2_exchange,f9d287d4-62e7-4023-b31e-143736b71090,5b0fa12a-3dd7-45bb-9766-cc326314d9f1,4.601482561789453,2.5666638395771205e-05,5.577906261974359e-06,115.20053084160004,143.97515576279744,6.0,4.814119773361134e-05,5.98608812083512e-05,2.749479996661345e-08,0.00010802957374192915,0.0,United Kingdom,GBR,england,,,Linux-6.4.0-150600.23.73_15.0.14-cray_shasta_c_64k-aarch64-with-glibc2.38,3.11.7,3.3.0,72,Neoverse-V2,1,1 x NVIDIA GH200 120GB,-2.5917,51.4535,64,machine,0.0,0.0,41.9,358.91790771484375,N,1.0,0.0
2026-09-27T02:18:48,mobilenet_v3_small_batch5_node_3_exchange,b62a41fd-26aa-435b-bae2-a0dadd623ce4,5b0fa12a-3dd7-45bb-9766-cc326314d9f1,3.110111014917493,1.2691961519926072e-07,4.080870894656078e-08,115.20035562240001,0.0,6.0,5.288356476416015e-07,0.0,5.362548399716616e-09,5.341981960413181e-07,0.0,United Kingdom,GBR,england,,,Linux-6.4.0-150600.23.73_15.0.14-cray_shasta_c_64k-aarch64-with-glibc2.38,3.11.7,3.3.0,72,Neoverse-V2,1,1 x NVIDIA GH200 120GB,-2.5917,51.4535,64,machine,0,0,0,0,N,1.0,0.0
2026-09-27T02:22:47,mobilenet_v3_small_batch5_node_4_exchange,c778f7c4-5681-4331-87ee-198d0b8b38b3,5b0fa12a-3dd7-45bb-9766-cc326314d9f1,4.119128000922501,1.7216665145452137e-05,4.179686851585183e-06,115.20477290880002,141.31716818667982,6.0,3.259642297060489e-05,3.98619763473107e-05,5.667391621197263e-09,7.24640667095368e-05,0.0,United Kingdom,GBR,england,,,Linux-6.4.0-150600.23.73_15.0.14-cray_shasta_c_64k-aarch64-with-glibc2.38,3.11.7,3.3.0,72,Neoverse-V2,1,1 x NVIDIA GH200 120GB,-2.5917,51.4535,64,machine,0.0,0.0,41.9,358.86553955078125,N,1.0,0.0
2026-09-27T02:22:56,mobilenet_v3_small_batch5_node_5_exchange,78f184c1-da54-417e-a3b3-4902ccd1e122,5b0fa12a-3dd7-45bb-9766-cc326314d9f1,6.107965043047443,5.130562237016113e-05,8.399789784088752e-06,115.20106557120002,142.7315918699905,6.0,9.650011704041527e-05,0.00011943731776398181,5.316628376021982e-09,0.0002159427514327731,0.0,United Kingdom,GBR,england,,,Linux-6.4.0-150600.23.73_15.0.14-cray_shasta_c_64k-aarch64-with-glibc2.38,3.11.7,3.3.0,72,Neoverse-V2,1,1 x NVIDIA GH200 120GB,-2.5917,51.4535,64,machine,0.0,0.0,41.9,358.8623046875,N,1.0,0.0
2026-09-27T02:23:05,mobilenet_v3_small_batch5_node_0_evaluate,9c91da93-382f-45d0-bdd3-3c35c376252b,5b0fa12a-3dd7-45bb-9766-cc326314d9f1,8.604561182903126,9.840451847887865e-05,1.1436320387192315e-05,116.39687137920002,72.73462536064253,6.0,0.00018144742901759727,0.0002235079565906517,9.224220681935548e-06,0.00041417960629018454,0.0,United Kingdom,GBR,england,,,Linux-6.4.0-150600.23.73_15.0.14-cray_shasta_c_64k-aarch64-with-glibc2.38,3.11.7,3.3.0,72,Neoverse-V2,1,1 x NVIDIA GH200 120GB,-2.5917,51.4535,64,machine,1.24,0.0,41.9,358.87620849609374,N,1.0,0.0
2026-09-27T02:23:21,mobilenet_v3_small_batch5_node_1_evaluate,4bc7d575-186e-4df3-9e49-32d13c97523e,5b0fa12a-3dd7-45bb-9766-cc326314d9f1,10.246928598033264,0.00012733722850815607,1.2426867942906954e-05,116.61238553965715,143.8962998825994,6.0,0.00023484508450939543,0.000291498844305238,9.611980373738335e-06,0.0005359559091883718,0.0,United Kingdom,GBR,england,,,Linux-6.4.0-150600.23.73_15.0.14-cray_shasta_c_64k-aarch64-with-glibc2.38,3.11.7,3.3.0,72,Neoverse-V2,1,1 x NVIDIA GH200 120GB,-2.5917,51.4535,64,machine,21.02857142857143,0.0,41.91428571428571,358.97802734375,N,1.0,0.0
2026-09-27T02:23:33,mobilenet_v3_small_batch5_node_2_evaluate,8fe657da-0ef6-44a8-8d9d-e7522022269f,5b0fa12a-3dd7-45bb-9766-cc326314d9f1,8.612566300900653,9.932695590833658e-05,1.1532794342372672e-05,116.25040039680002,73.92448231238478,6.0,0.00018117875491439106,0.00022763962657279535,9.243716961548974e-06,0.00041806209844873535,0.0,United Kingdom,GBR,england,,,Linux-6.4.0-150600.23.73_15.0.14-cray_shasta_c_64k-aarch64-with-glibc2.38,3.11.7,3.3.0,72,Neoverse-V2,1,1 x NVIDIA GH200 120GB,-2.5917,51.4535,64,machine,0.0,1.0,41.9,358.8914306640625,N,1.0,0.0
2026-09-27T02:23:49,mobilenet_v3_small_batch5_node_3_evaluate,e52557e6-6132-4274-a489-02c1960b4b9a,5b0fa12a-3dd7-45bb-9766-cc326314d9f1,14.715786664979532,0.00020628377143846346,1.4017855527178531e-05,121.70478728365714,144.0316546318083,6.0,0.0003932621969115745,0.000465593428046418,9.382262479824325e-06,0.0008682378874378168,0.0,United Kingdom,GBR,england,,,Linux-6.4.0-150600.23.73_15.0.14-cray_shasta_c_64k-aarch64-with-glibc2.38,3.11.7,3.3.0,72,Neoverse-V2,1,1 x NVIDIA GH200 120GB,-2.5917,51.4535,64,machine,15.263636363636362,0.36363636363636365,41.89999999999999,358.9271961558949,N,1.0,0.0
2026-09-27T02:23:58,mobilenet_v3_small_batch5_node_4_evaluate,d90e161d-df16-4cb9-b032-b9060eba5f21,5b0fa12a-3dd7-45bb-9766-cc326314d9f1,8.809475010959432,0.00010317307876202525,1.1711603544328434e-05,117.2386165536,73.75849950872846,6.0,0.00018946972415131774,0.0002352085214880617,9.571988007907447e-06,0.0004342502336472869,0.0,United Kingdom,GBR,england,,,Linux-6.4.0-150600.23.73_15.0.14-cray_shasta_c_64k-aarch64-with-glibc2.38,3.11.7,3.3.0,72,Neoverse-V2,1,1 x NVIDIA GH200 120GB,-2.5917,51.4535,64,machine,0.0,0.2,41.9,358.91405029296874,N,1.0,0.0
2026-09-27T02:24:21,mobilenet_v3_small_batch5_node_5_evaluate,845e4544-5849-495d-9efc-3450385d7098,5b0fa12a-3dd7-45bb-9766-cc326314d9f1,9.873146568192169,0.00012168481839666793,1.2324826493378913e-05,117.04945049280002,147.70681140069826,6.0,0.00022357590914959743,0.000279013556550467,9.57573722039039e-06,0.0005121652029204548,0.0,United Kingdom,GBR,england,,,Linux-6.4.0-150600.23.73_15.0.14-cray_shasta_c_64k-aarch64-with-glibc2.38,3.11.7,3.3.0,72,Neoverse-V2,1,1 x NVIDIA GH200 120GB,-2.5917,51.4535,64,machine,11.583333333333334,0.3333333333333333,41.43333333333333,354.83935546875,N,1.0,0.0
2026-09-27T02:24:37,efficientnet_lite0_batch5_node_0_local_train,e903b15a-96f5-47aa-8e96-d52c7002a098,5b0fa12a-3dd7-45bb-9766-cc326314d9f1,6.837210905971006,7.26617253292737e-05,1.0627392708599565e-05,119.0524704192,83.08161890689465,6.0,0.000125976446906435,0.0001735798610980055,6.273193063680082e-06,0.00030582950106812056,0.0,United Kingdom,GBR,england,,,Linux-6.4.0-150600.23.73_15.0.14-cray_shasta_c_64k-aarch64-with-glibc2.38,3.11.7,3.3.0,72,Neoverse-V2,1,1 x NVIDIA GH200 120GB,-2.5917,51.4535,64,machine,0.0,14.333333333333334,41.6,356.51829020182294,N,1.0,0.0
2026-09-27T02:24:46,efficientnet_lite0_batch5_node_0_evaluate,ccd7844c-0aab-4083-932d-31020e6cea9d,5b0fa12a-3dd7-45bb-9766-cc326314d9f1,8.741891806945205,0.0001033008146551551,1.1816757394902246e-05,116.47011602880002,75.818322100054,6.0,0.00018627113702275667,0.00023904658011986157,9.470150372944772e-06,0.00043478786751556303,0.0,United Kingdom,GBR,england,,,Linux-6.4.0-150600.23.73_15.0.14-cray_shasta_c_64k-aarch64-with-glibc2.38,3.11.7,3.3.0,72,Neoverse-V2,1,1 x NVIDIA GH200 120GB,-2.5917,51.4535,64,machine,27.939999999999998,2.6,41.6,356.63592529296875,N,1.0,0.0
2026-09-27T02:28:39,efficientnet_lite0_batch5_node_1_local_train,ba589db7-1be1-498a-94dd-70daed10e463,5b0fa12a-3dd7-45bb-9766-cc326314d9f1,14.970922051928937,0.000219234181940848,1.4643999960750623e-05,116.09996927904001,154.49806427046875,6.0,0.0003853935218857067,0.00052418041933322,1.3171564426738767e-05,0.0009227455056456654,0.0,United Kingdom,GBR,england,,,Linux-6.4.0-150600.23.73_15.0.14-cray_shasta_c_64k-aarch64-with-glibc2.38,3.11.7,3.3.0,72,Neoverse-V2,1,1 x NVIDIA GH200 120GB,-2.5917,51.4535,64,machine,0.0,5.545454545454546,41.89999999999999,359.13388893821025,N,1.0,0.0
2026-09-27T02:29:02,efficientnet_lite0_batch5_node_1_evaluate,be1d83a1-fe28-4625-9c72-b4a6e7298278,5b0fa12a-3dd7-45bb-9766-cc326314d9f1,20.20839867508039,0.0003027920106689102,1.4983473729776153e-05,121.48675751807998,149.85884389829883,6.0,0.000564372948535171,0.0006998141709715355,1.024903144687414e-05,0.0012744361509535805,0.0,United Kingdom,GBR,england,,,Linux-6.4.0-150600.23.73_15.0.14-cray_shasta_c_64k-aarch64-with-glibc2.38,3.11.7,3.3.0,72,Neoverse-V2,1,1 x NVIDIA GH200 120GB,-2.5917,51.4535,64,machine,0.6941176470588236,0.9411764705882353,41.89999999999999,359.1397669175092,N,1.0,0.0
2026-09-27T02:29:31,efficientnet_lite0_batch5_node_2_local_train,ba545050-a7d4-4aa0-bc3e-906ab3c9adda,5b0fa12a-3dd7-45bb-9766-cc326314d9f1,8.090310179861262,9.658448766334929e-05,1.193829229239831e-05,115.88429007360001,84.13636458209717,6.0,0.0001632471083423236,0.00023489129901577144,8.38078192823256e-06,0.0004065191892863276,0.0,United Kingdom,GBR,england,,,Linux-6.4.0-150600.23.73_15.0.14-cray_shasta_c_64k-aarch64-with-glibc2.38,3.11.7,3.3.0,72,Neoverse-V2,1,1 x NVIDIA GH200 120GB,-2.5917,51.4535,64,machine,0.0,10.6,42.0,359.6701416015625,N,1.0,0.0
2026-09-27T02:30:03,efficientnet_lite0_batch5_node_2_evaluate,b2c2f9b4-ff1d-4b79-b362-5d0625a80245,5b0fa12a-3dd7-45bb-9766-cc326314d9f1,10.016151731833816,0.00012569727751991994,1.2549458203635514e-05,116.9205157728,147.31542307209716,6.0,0.00022801351192329092,0.00029114606624602857,9.89386083635812e-06,0.0005290534390056777,0.0,United Kingdom,GBR,england,,,Linux-6.4.0-150600.23.73_15.0.14-cray_shasta_c_64k-aarch64-with-glibc2.38,3.11.7,3.3.0,72,Neoverse-V2,1,1 x NVIDIA GH200 120GB,-2.5917,51.4535,64,machine,0.0,1.3333333333333333,42.0,359.31451416015625,N,1.0,0.0
2026-09-27T02:30:50,efficientnet_lite0_batch5_node_3_local_train,8967f753-ad96-4186-a227-e85fb949183c,5b0fa12a-3dd7-45bb-9766-cc326314d9f1,7.863585175015032,8.933627133514742e-05,1.1360755857136964e-05,115.89252991200001,153.40833539161113,6.0,0.0001554671535382156,0.00021421572692759128,6.328935464844108e-06,0.00037601181593065094,0.0,United Kingdom,GBR,england,,,Linux-6.4.0-150600.23.73_15.0.14-cray_shasta_c_64k-aarch64-with-glibc2.38,3.11.7,3.3.0,72,Neoverse-V2,1,1 x NVIDIA GH200 120GB,-2.5917,51.4535,64,machine,49.025,10.0,42.0,359.85719299316406,N,1.0,0.0
2026-09-27T02:31:00,efficientnet_lite0_batch5_node_3_evaluate,ef312c04-5578-4a57-9e40-3b74f7339230,5b0fa12a-3dd7-45bb-9766-cc326314d9f1,8.966860491083935,0.00010676057982872988,1.190612700341281e-05,116.4438431712,75.62254307405115,6.0,0.00019285408866710882,0.000246703530706327,9.792223543239136e-06,0.000449349842916675,0.0,United Kingdom,GBR,england,,,Linux-6.4.0-150600.23.73_15.0.14-cray_shasta_c_64k-aarch64-with-glibc2.38,3.11.7,3.3.0,72,Neoverse-V2,1,1 x NVIDIA GH200 120GB,-2.5917,51.4535,64,machine,0.0,2.4,42.1,360.3494506835938,N,1.0,0.0
2026-09-27T02:31:16,efficientnet_lite0_batch5_node_4_local_train,c59c8a62-5e4a-4715-9721-250d94fdd397,5b0fa12a-3dd7-45bb-9766-cc326314d9f1,9.841296630911529,0.00012736631613164074,1.2942025924874871e-05,115.99478452800001,154.57600020506976,6.0,0.00021973236659112444,0.00030670885648476087,9.63711443822831e-06,0.0005360783375141136,0.0,United Kingdom,GBR,england,,,Linux-6.4.0-150600.23.73_15.0.14-cray_shasta_c_64k-aarch64-with-glibc2.38,3.11.7,3.3.0,72,Neoverse-V2,1,1 x NVIDIA GH200 120GB,-2.5917,51.4535,64,machine,0.7166666666666667,8.833333333333334,42.0,359.85898844401044,N,1.0,0.0
2026-09-27T02:33:51,efficientnet_lite0_batch5_node_4_evaluate,d3db4c8d-b0aa-47d6-991c-81634d9352ea,5b0fa12a-3dd7-45bb-9766-cc326314d9f1,8.785397438099608,0.00010374793153182665,1.1809133538103045e-05,116.54560077120001,75.35424839880369,6.0,0.00018776843393678762,0.0002393663026083459,9.535023131563018e-06,0.00043666975967669654,0.0,United Kingdom,GBR,england,,,Linux-6.4.0-150600.23.73_15.0.14-cray_shasta_c_64k-aarch64-with-glibc2.38,3.11.7,3.3.0,72,Neoverse-V2,1,1 x NVIDIA GH200 120GB,-2.5917,51.4535,64,machine,0.0,0.0,42.0,359.8201904296875,N,1.0,0.0
2026-09-27T02:34:18,efficientnet_lite0_batch5_node_5_local_train,8dbce930-69e9-4bea-9391-2ce9a41ec2a4,5b0fa12a-3dd7-45bb-9766-cc326314d9f1,10.047666654922068,0.0001320107302552666,1.3138446446230208e-05,116.01773392320001,154.8934876410662,6.0,0.0002266860798177622,0.0003189705329447179,9.96982724638656e-06,0.0005556264400088666,0.0,United Kingdom,GBR,england,,,Linux-6.4.0-150600.23.73_15.0.14-cray_shasta_c_64k-aarch64-with-glibc2.38,3.11.7,3.3.0,72,Neoverse-V2,1,1 x NVIDIA GH200 120GB,-2.5917,51.4535,64,machine,11.033333333333333,7.833333333333333,42.0,359.7821451822917,N,1.0,0.0
2026-09-27T02:35:02,efficientnet_lite0_batch5_node_5_evaluate,112f64a5-234b-43fe-980f-233b0e1f91d1,5b0fa12a-3dd7-45bb-9766-cc326314d9f1,16.09041762491688,0.0002284298715356573,1.4196640314787188e-05,116.77349185508572,146.9060317206214,6.0,0.0004220204912396534,0.0005298873683727834,9.541835178388283e-06,0.000961449694790825,0.0,United Kingdom,GBR,england,,,Linux-6.4.0-150600.23.73_15.0.14-cray_shasta_c_64k-aarch64-with-glibc2.38,3.11.7,3.3.0,72,Neoverse-V2,1,1 x NVIDIA GH200 120GB,-2.5917,51.4535,64,machine,1.4153846153846152,1.4615384615384615,42.0,359.8187443659856,N,1.0,0.0
2026-09-27T02:35:19,efficientnet_lite0_batch5_node_0_upload,fffc0dc9-a392-44ef-acab-bd4ed9a7bc27,5b0fa12a-3dd7-45bb-9766-cc326314d9f1,9.111581234028563,0.00010387031617958954,1.139981233901206e-05,115.20290807588573,145.25673711315372,6.0,0.00019345654696243457,0.0002437229727547674,5.350708573435744e-09,0.00043718487042577537,0.0,United Kingdom,GBR,england,,,Linux-6.4.0-150600.23.73_15.0.14-cray_shasta_c_64k-aarch64-with-glibc2.38,3.11.7,3.3.0,72,Neoverse-V2,1,1 x NVIDIA GH200 120GB,-2.5917,51.4535,64,machine,0.0,0.0,42.0,359.89031982421875,N,1.0,0.0
2026-09-27T02:35:38,efficientnet_lite0_batch5_node_5_upload,39a3a181-b708-4e71-879f-c09d43680c94,5b0fa12a-3dd7-45bb-9766-cc326314d9f1,3.0811240449547768,1.0192299905448995e-07,3.307981034434007e-08,115.20035562240001,0.0,6.0,4.235253667740302e-07,0.0,5.4633450539161764e-09,4.289887118279464e-07,0.0,United Kingdom,GBR,england,,,Linux-6.4.0-150600.23.73_15.0.14-cray_shasta_c_64k-aarch64-with-glibc2.38,3.11.7,3.3.0,72,Neoverse-V2,1,1 x NVIDIA GH200 120GB,-2.5917,51.4535,64,machine,0,0,0,0,N,1.0,0.0
2026-09-27T02:36:14,mobilevit_xxs_batch5_node_0_local_train,425d4163-e390-4193-802d-ae43742c114d,5b0fa12a-3dd7-45bb-9766-cc326314d9f1,17.602747417986393,0.0002558074537871053,1.4532245888259616e-05,115.72879062034288,149.9801021570339,6.0,0.00046749834316920833,0.0005995232573923204,9.658943517133595e-06,0.0010766805440786623,0.0,United Kingdom,GBR,england,,,Linux-6.4.0-150600.23.73_15.0.14-cray_shasta_c_64k-aarch64-with-glibc2.38,3.11.7,3.3.0,72,Neoverse-V2,1,1 x NVIDIA GH200 120GB,-2.5917,51.4535,64,machine,13.799999999999999,4.214285714285714,42.0,359.8206699916295,N,1.0,0.0
2026-09-27T02:36:37,mobilevit_xxs_batch5_node_0_evaluate,8bc319a6-747a-41d8-bb32-be977d7425a1,5b0fa12a-3dd7-45bb-9766-cc326314d9f1,16.033517859876156,0.00022724607701655623,1.4173188878607798e-05,116.40512851920002,146.82182994693113,6.0,0.0004192569270661076,0.0005278626445175405,9.347592369886115e-06,0.0009564671639535343,0.0,United Kingdom,GBR,england,,,Linux-6.4.0-150600.23.73_15.0.14-cray_shasta_c_64k-aarch64-with-glibc2.38,3.11.7,3.3.0,72,Neoverse-V2,1,1 x NVIDIA GH200 120GB,-2.5917,51.4535,64,machine,1.6000000000000003,1.5,42.0,359.78794352213544,N,1.0,0.0
2026-09-27T02:37:19,mobilevit_xxs_batch5_node_1_local_train,a1d0ced3-c2e1-4055-92f3-37dad7f063a6,5b0fa12a-3dd7-45bb-9766-cc326314d9f1,21.88276640395634,0.00033889824697494773,1.5486992856336297e-05,116.08886902793142,153.0518285082318,6.0,0.0006071722540017397,0.0007986206389034578,2.0612567679878943e-05,0.0014264054605850765,0.0,United Kingdom,GBR,england,,,Linux-6.4.0-150600.23.73_15.0.14-cray_shasta_c_64k-aarch64-with-glibc2.38,3.11.7,3.3.0,72,Neoverse-V2,1,1 x NVIDIA GH200 120GB,-2.5917,51.4535,64,machine,1.8277777777777777,7.111111111111111,42.05555555555557,360.08149888780383,N,1.0,0.0
2026-09-27T02:37:49,mobilevit_xxs_batch5_node_1_evaluate,dc79a913-e06c-4622-81cc-30f26f80b42f,5b0fa12a-3dd7-45bb-9766-cc326314d9f1,9.132196116028354,0.00011204091934582698,1.2268781563853914e-05,119.20697961325715,75.16663138626818,6.0,0.0002081337236989615,0.00025332492488416847,1.0115874420152977e-05,0.00047157452300328293,0.0,United Kingdom,GBR,england,,,Linux-6.4.0-150600.23.73_15.0.14-cray_shasta_c_64k-aarch64-with-glibc2.38,3.11.7,3.3.0,72,Neoverse-V2,1,1 x NVIDIA GH200 120GB,-2.5917,51.4535,64,machine,0.0,2.0,42.0,359.8551330566406,N,1.0,0.0
2026-09-27T02:38:02,mobilevit_xxs_batch5_node_2_local_train,6011753a-cc2e-4b62-82c2-622aed2d499d,5b0fa12a-3dd7-45bb-9766-cc326314d9f1,11.88913513510488,0.00016640085196047334,1.3996043452239341e-05,120.68137789200003,149.9970625668539,6.0,0.0003056333071920475,0.00038174252762246397,1.2996875876948858e-05,0.0007003727106914602,0.0,United Kingdom,GBR,england,,,Linux-6.4.0-150600.23.73_15.0.14-cray_shasta_c_64k-aarch64-with-glibc2.38,3.11.7,3.3.0,72,Neoverse-V2,1,1 x NVIDIA GH200 120GB,-2.5917,51.4535,64,machine,12.4375,7.125,42.0,359.8475646972656,N,1.0,0.0
2026-09-27T02:38:23,mobilevit_xxs_batch5_node_2_evaluate,549ae29d-8c84-44b2-8784-fb9cf95c0778,5b0fa12a-3dd7-45bb-9766-cc326314d9f1,10.056238282006234,0.00013007739121687005,1.2934994932411191e-05,122.76291902400001,147.09196755830854,6.0,0.0002488304295579997,0.0002887946754697168,9.864009438315407e-06,0.0005474891144660319,0.0,United Kingdom,GBR,england,,,Linux-6.4.0-150600.23.73_15.0.14-cray_shasta_c_64k-aarch64-with-glibc2.38,3.11.7,3.3.0,72,Neoverse-V2,1,1 x NVIDIA GH200 120GB,-2.5917,51.4535,64,machine,11.799999999999999,2.5,42.0,359.8929138183594,N,1.0,0.0
2026-09-27T02:38:39,mobilevit_xxs_batch5_node_3_local_train,d48b8352-be38-41c2-8371-6100ed7ae605,5b0fa12a-3dd7-45bb-9766-cc326314d9f1,9.892426885897294,0.00012593227219184883,1.273016961807205e-05,116.01294675840002,157.10072872879874,6.0,0.00022120783942051683,0.00029915607265706967,9.678607533375424e-06,0.0005300425196109619,0.0,United Kingdom,GBR,england,,,Linux-6.4.0-150600.23.73_15.0.14-cray_shasta_c_64k-aarch64-with-glibc2.38,3.11.7,3.3.0,72,Neoverse-V2,1,1 x NVIDIA GH200 120GB,-2.5917,51.4535,64,machine,0.0,9.0,42.0,359.920654296875,N,1.0,0.0
2026-09-27T02:39:07,mobilevit_xxs_batch5_node_3_evaluate,a777db78-f297-4cc7-bbc6-b41aadf53b63,5b0fa12a-3dd7-45bb-9766-cc326314d9f1,15.645047969184816,0.00022040587595344938,1.4087900298392861e-05,116.53218891154287,146.504740819362,6.0,0.00040708876157227497,0.0005110392977201172,9.549046775015692e-06,0.0009276771060674079,0.0,United Kingdom,GBR,england,,,Linux-6.4.0-150600.23.73_15.0.14-cray_shasta_c_64k-aarch64-with-glibc2.38,3.11.7,3.3.0,72,Neoverse-V2,1,1 x NVIDIA GH200 120GB,-2.5917,51.4535,64,machine,0.0,0.6666666666666666,42.0,359.90460713704425,N,1.0,0.0
2026-09-27T02:39:38,mobilevit_xxs_batch5_node_4_local_train,a9aefa0d-74a5-4d85-98b9-73759013653b,5b0fa12a-3dd7-45bb-9766-cc326314d9f1,18.322414062917233,0.0002735911335726881,1.493204621581005e-05,116.18981315218288,165.48058069684348,6.0,0.0004917235226213522,0.0006451213494358399,1.4686274471847961e-05,0.0011515311465290401,0.0,United Kingdom,GBR,england,,,Linux-6.4.0-150600.23.73_15.0.14-cray_shasta_c_64k-aarch64-with-glibc2.38,3.11.7,3.3.0,72,Neoverse-V2,1,1 x NVIDIA GH200 120GB,-2.5917,51.4535,64,machine,1.62,4.666666666666667,42.0,359.9018188476563,N,1.0,0.0
2026-09-27T02:40:15,mobilevit_xxs_batch5_node_4_evaluate,ca9d67fe-ce76-448e-aea4-97148f97cbf2,5b0fa12a-3dd7-45bb-9766-cc326314d9f1,13.251498082885519,0.00018066448548592666,1.363351406428962e-05,116.58498955117716,147.8088432602545,6.0,0.0003310350564019491,0.00041977283581218217,9.599725503552084e-06,0.0007604076177176834,0.0,United Kingdom,GBR,england,,,Linux-6.4.0-150600.23.73_15.0.14-cray_shasta_c_64k-aarch64-with-glibc2.38,3.11.7,3.3.0,72,Neoverse-V2,1,1 x NVIDIA GH200 120GB,-2.5917,51.4535,64,machine,0.0,1.7,42.0,359.95604248046874,N,1.0,0.0
2026-09-27T02:40:54,mobilevit_xxs_batch5_node_5_local_train,402c27e2-2ef0-4719-b1e0-d43e12f7c91c,5b0fa12a-3dd7-45bb-9766-cc326314d9f1,14.415542759001255,0.0002083067223329838,1.4450147720099843e-05,115.97314309056,150.95308960419325,6.0,0.00036767823454070616,0.0004935056725798859,1.5568477598329385e-05,0.0008767523847189214,0.0,United Kingdom,GBR,england,,,Linux-6.4.0-150600.23.73_15.0.14-cray_shasta_c_64k-aarch64-with-glibc2.38,3.11.7,3.3.0,72,Neoverse-V2,1,1 x NVIDIA GH200 120GB,-2.5917,51.4535,64,machine,0.0,8.636363636363637,42.0,359.94160600142044,N,1.0,0.0
2026-09-27T02:41:19,mobilevit_xxs_batch5_node_5_evaluate,199c256c-735f-4032-af3e-22dfa394a53b,5b0fa12a-3dd7-45bb-9766-cc326314d9f1,8.801791307982057,0.00010420390989717478,1.1838943489000434e-05,116.28576806400002,75.84063262975849,6.0,0.00018757445446124503,0.00024145797092955945,9.556524001527578e-06,0.00043858894939233207,0.0,United Kingdom,GBR,england,,,Linux-6.4.0-150600.23.73_15.0.14-cray_shasta_c_64k-aarch64-with-glibc2.38,3.11.7,3.3.0,72,Neoverse-V2,1,1 x NVIDIA GH200 120GB,-2.5917,51.4535,64,machine,0.0,1.4,42.1,360.43846435546874,N,1.0,0.0
2026-09-27T02:41:32,mobilevit_xxs_batch5_node_0_upload,b3854553-6bad-4d2d-9a21-ef85f7a69320,5b0fa12a-3dd7-45bb-9766-cc326314d9f1,8.510652733035386,9.361196331627765e-05,1.099938703325406e-05,115.20787777920002,145.38633929230133,6.0,0.00017427070861785973,0.00021972517576784867,1.2101321869219343e-08,0.0003940079857075776,0.0,United Kingdom,GBR,england,,,Linux-6.4.0-150600.23.73_15.0.14-cray_shasta_c_64k-aarch64-with-glibc2.38,3.11.7,3.3.0,72,Neoverse-V2,1,1 x NVIDIA GH200 120GB,-2.5917,51.4535,64,machine,0.0,0.0,42.0,359.9735961914063,N,1.0,0.0
2026-09-27T02:41:53,mobilevit_xxs_batch5_node_2_upload,9a8d06e7-329d-4e19-b23a-d1c7419cdb90,5b0fa12a-3dd7-45bb-9766-cc326314d9f1,7.53993660886772,7.572003330335295e-05,1.00425291658684e-05,115.20085349376002,141.1688003002849,6.0,0.0001432621889096689,0.0001754340292308143,5.545423288519184e-09,0.0003187017635637717,0.0,United Kingdom,GBR,england,,,Linux-6.4.0-150600.23.73_15.0.14-cray_shasta_c_64k-aarch64-with-glibc2.38,3.11.7,3.3.0,72,Neoverse-V2,1,1 x NVIDIA GH200 120GB,-2.5917,51.4535,64,machine,3.7,0.0,42.1,360.4676818847656,N,1.0,0.0
2026-09-27T02:42:14,mobilevit_xxs_batch5_node_5_upload,883de03a-0a76-44a4-ba74-36317b5c59b0,5b0fa12a-3dd7-45bb-9766-cc326314d9f1,10.17875870806165,0.00012140434144380021,1.1927224618031971e-05,115.20035562240001,143.74544830684368,6.0,0.00022744753364529043,0.0002835316157074885,5.540358445917566e-09,0.0005109846897112249,0.0,United Kingdom,GBR,england,,,Linux-6.4.0-150600.23.73_15.0.14-cray_shasta_c_64k-aarch64-with-glibc2.38,3.11.7,3.3.0,72,Neoverse-V2,1,1 x NVIDIA GH200 120GB,-2.5917,51.4535,64,machine,0.0,0.0,42.1,360.453360421317,N,1.0,0.0
2026-09-27T02:42:41,mobilevit_xxs_batch5_node_1_exchange,2f906b69-099d-44e7-b1e9-01e80d6a016d,5b0fa12a-3dd7-45bb-9766-cc326314d9f1,4.103859119815752,1.72052589037461e-05,4.192458464441282e-06,115.20035562240001,141.9324950251916,6.0,3.253012333190816e-05,3.9879754112348564e-05,6.180974887683988e-09,7.24160584191444e-05,0.0,United Kingdom,GBR,england,,,Linux-6.4.0-150600.23.73_15.0.14-cray_shasta_c_64k-aarch64-with-glibc2.38,3.11.7,3.3.0,72,Neoverse-V2,1,1 x NVIDIA GH200 120GB,-2.5917,51.4535,64,machine,0.0,0.0,42.0,359.9447021484375,N,1.0,0.0
2026-09-27T02:43:07,mobilevit_xxs_batch5_node_4_exchange,8064804d-a81e-4b08-b2d6-b265df116c56,5b0fa12a-3dd7-45bb-9766-cc326314d9f1,16.6844588550739,0.00023233808470919738,1.3925419261562757e-05,115.20035562239998,143.81953632949612,6.0,0.0004349794413114377,0.0005429143232049682,5.400466810291012e-09,0.0009778991649832163,0.0,United Kingdom,GBR,england,,,Linux-6.4.0-150600.23.73_15.0.14-cray_shasta_c_64k-aarch64-with-glibc2.38,3.11.7,3.3.0,72,Neoverse-V2,1,1 x NVIDIA GH200 120GB,-2.5917,51.4535,64,machine,0.0,0.0,42.10000000000001,360.4312931941106,N,1.0,0.0
2026-09-27T02:43:16,mobilevit_xxs_batch5_node_5_exchange,7ccdf4e6-8126-4de0-9cf2-8a8b67c214c1,5b0fa12a-3dd7-45bb-9766-cc326314d9f1,4.129940110025927,1.7478568688098106e-05,4.232160327377817e-06,115.20035562240001,137.25050421240175,6.0,3.3624219383925646e-05,3.993669859880811e-05,5.487398399660985e-09,7.356640538113341e-05,0.0,United Kingdom,GBR,england,,,Linux-6.4.0-150600.23.73_15.0.14-cray_shasta_c_64k-aarch64-with-glibc2.38,3.11.7,3.3.0,72,Neoverse-V2,1,1 x NVIDIA GH200 120GB,-2.5917,51.4535,64,machine,0.0,0.0,42.1,360.42333984375,N,1.0,0.0
2026-09-27T02:43:30,mobilevit_xxs_batch5_node_1_evaluate,617f13e9-71e8-4240-b637-5bb04cfb01a8,5b0fa12a-3dd7-45bb-9766-cc326314d9f1,10.74621776305139,0.0001363459726607454,1.2687810322394765e-05,116.65754251200002,145.09869937408234,6.0,0.0002510974530678733,0.00031245913885413756,1.031666256681395e-05,0.0005738732544888249,0.0,United Kingdom,GBR,england,,,Linux-6.4.0-150600.23.73_15.0.14-cray_shasta_c_64k-aarch64-with-glibc2.38,3.11.7,3.3.0,72,Neoverse-V2,1,1 x NVIDIA GH200 120GB,-2.5917,51.4535,64,machine,12.014285714285714,1.7142857142857142,42.0,359.91427176339283,N,1.0,0.0
2026-09-27T02:44:02,mobilevit_xxs_batch5_node_4_evaluate,ed3decf3-84be-43e2-924b-565b1e3165a0,5b0fa12a-3dd7-45bb-9766-cc326314d9f1,12.083084659883752,0.0001598875254173317,1.323234338894965e-05,116.82658862331431,146.02586002278818,6.0,0.0002943307079098003,0.00036861501712337486,1.0012725978158416e-05,0.0006729584510113335,0.0,United Kingdom,GBR,england,,,Linux-6.4.0-150600.23.73_15.0.14-cray_shasta_c_64k-aarch64-with-glibc2.38,3.11.7,3.3.0,72,Neoverse-V2,1,1 x NVIDIA GH200 120GB,-2.5917,51.4535,64,machine,2.1444444444444444,1.7777777777777777,42.0,359.8245849609375,N,1.0,0.0
2026-09-27T02:44:17,mobilevit_xxs_batch5_node_5_evaluate,26105d8d-7633-4b75-933c-1035e5874e75,5b0fa12a-3dd7-45bb-9766-cc326314d9f1,10.636044641956687,0.00013547304036839056,1.2737163572441337e-05,116.65668767040002,146.90377430447785,6.0,0.0002473843399423906,0.0003126944168201362,1.0120370168394099e-05,0.0005701991269309209,0.0,United Kingdom,GBR,england,,,Linux-6.4.0-150600.23.73_15.0.14-cray_shasta_c_64k-aarch64-with-glibc2.38,3.11.7,3.3.0,72,Neoverse-V2,1,1 x NVIDIA GH200 120GB,-2.5917,51.4535,64,machine,0.0,1.4285714285714286,42.0,359.827880859375,N,1.0,0.0
2026-09-27T02:45:29,mobilenet_v3_small_batch6_node_0_local_train,2410066c-06c1-4f8d-9a9e-2e7ad6cdcfe1,5b0fa12a-3dd7-45bb-9766-cc326314d9f1,9.104264365043491,0.0001084638641079334,1.1913523131466676e-05,115.8239312064,210.32990858362976,6.0,0.00019464871093554986,0.0002518588125894894,1.0011356170289218e-05,0.00045651887969532846,0.0,United Kingdom,GBR,england,,,Linux-6.4.0-150600.23.73_15.0.14-cray_shasta_c_64k-aarch64-with-glibc2.38,3.11.7,3.3.0,72,Neoverse-V2,1,1 x NVIDIA GH200 120GB,-2.5917,51.4535,64,machine,0.0,4.2,41.62,356.41400146484375,N,1.0,0.0
2026-09-27T02:45:43,mobilenet_v3_small_batch6_node_0_evaluate,9e408555-605b-4633-b718-4cd4dfcdef8b,5b0fa12a-3dd7-45bb-9766-cc326314d9f1,13.177890009013936,0.00017810424403801194,1.351538401945874e-05,116.03738318400002,141.24214012175673,6.0,0.00032825990402195085,0.00040676838096942447,1.4603406871513774e-05,0.0007496316918628891,0.0,United Kingdom,GBR,england,,,Linux-6.4.0-150600.23.73_15.0.14-cray_shasta_c_64k-aarch64-with-glibc2.38,3.11.7,3.3.0,72,Neoverse-V2,1,1 x NVIDIA GH200 120GB,-2.5917,51.4535,64,machine,0.16999999999999998,0.4,41.67,356.70277709960936,N,1.0,0.0
2026-09-27T02:45:59,mobilenet_v3_small_batch6_node_1_local_train,aca2f9eb-471d-4b67-bbc5-ea71fa10fc69,5b0fa12a-3dd7-45bb-9766-cc326314d9f1,15.595670077949762,0.00022403814879950025,1.4365407044373226e-05,116.21124313920001,145.38102908875004,6.0,0.00040769283467461347,0.0005160601350695515,1.921218773156094e-05,0.000942965157475726,0.0,United Kingdom,GBR,england,,,Linux-6.4.0-150600.23.73_15.0.14-cray_shasta_c_64k-aarch64-with-glibc2.38,3.11.7,3.3.0,72,Neoverse-V2,1,1 x NVIDIA GH200 120GB,-2.5917,51.4535,64,machine,16.566666666666666,5.0,41.60000000000001,356.3963216145833,N,1.0,0.0
2026-09-27T02:46:45,mobilenet_v3_small_batch6_node_1_evaluate,1f441553-79e8-4cdb-8965-fd97f546849d,5b0fa12a-3dd7-45bb-9766-cc326314d9f1,8.992382932920009,0.00010531484520039138,1.1711561438831378e-05,116.4792574944,72.70597462087456,6.0,0.00019423702683816457,0.00023915352467440698,9.874267988294983e-06,0.00044326481950086654,0.0,United Kingdom,GBR,england,,,Linux-6.4.0-150600.23.73_15.0.14-cray_shasta_c_64k-aarch64-with-glibc2.38,3.11.7,3.3.0,72,Neoverse-V2,1,1 x NVIDIA GH200 120GB,-2.5917,51.4535,64,machine,0.0,0.4,41.660000000000004,356.76300048828125,N,1.0,0.0
2026-09-27T02:46:55,mobilenet_v3_small_batch6_node_2_local_train,c6e239d6-0e4b-4aed-a354-fe33075703ae,5b0fa12a-3dd7-45bb-9766-cc326314d9f1,9.647500418126583,0.00011851493160716013,1.228452204930551e-05,115.9570138176,74.92351684929488,6.0,0.0002139567329784037,0.00027389410800537917,1.0972469889869291e-05,0.0004988233108736521,0.0,United Kingdom,GBR,england,,,Linux-6.4.0-150600.23.73_15.0.14-cray_shasta_c_64k-aarch64-with-glibc2.38,3.11.7,3.3.0,72,Neoverse-V2,1,1 x NVIDIA GH200 120GB,-2.5917,51.4535,64,machine,0.0,6.833333333333333,41.6,356.5059407552083,N,1.0,0.0
2026-09-27T02:48:15,mobilenet_v3_small_batch6_node_2_evaluate,6386088c-ff0e-4ab4-82a4-00e3d1a6c398,5b0fa12a-3dd7-45bb-9766-cc326314d9f1,15.0227716260124,0.00020901077304621456,1.391293020019727e-05,116.65792606628574,145.3287162069273,6.0,0.00038761488558386925,0.00048276094176458173,9.33987096340085e-06,0.0008797156983118518,0.0,United Kingdom,GBR,england,,,Linux-6.4.0-150600.23.73_15.0.14-cray_shasta_c_64k-aarch64-with-glibc2.38,3.11.7,3.3.0,72,Neoverse-V2,1,1 x NVIDIA GH200 120GB,-2.5917,51.4535,64,machine,1.7909090909090908,0.45454545454545453,41.60000000000001,356.4984630237926,N,1.0,0.0
2026-09-27T02:51:23,mobilenet_v3_small_batch6_node_3_local_train,6145e3d9-cd47-446f-b3ef-9a20227dbeab,5b0fa12a-3dd7-45bb-9766-cc326314d9f1,10.060498926090077,0.0001248699559364365,1.2411904901913857e-05,116.10010821394286,142.8207443079864,6.0,0.00022724127953475197,0.000288422452953796,9.907552109798416e-06,0.0005255712845983464,0.0,United Kingdom,GBR,england,,,Linux-6.4.0-150600.23.73_15.0.14-cray_shasta_c_64k-aarch64-with-glibc2.38,3.11.7,3.3.0,72,Neoverse-V2,1,1 x NVIDIA GH200 120GB,-2.5917,51.4535,64,machine,0.0,3.4285714285714284,41.699999999999996,357.15426199776783,N,1.0,0.0
2026-09-27T02:51:39,mobilenet_v3_small_batch6_node_3_evaluate,c2547139-981a-4eaa-b825-e41727ed7bc8,5b0fa12a-3dd7-45bb-9766-cc326314d9f1,10.002833175938576,0.0001233436416339355,1.2330870610801928e-05,116.805582864,147.3293683099824,6.0,0.00022738419314994812,0.000282578281613155,9.18463067500852e-06,0.0005191471054381117,0.0,United Kingdom,GBR,england,,,Linux-6.4.0-150600.23.73_15.0.14-cray_shasta_c_64k-aarch64-with-glibc2.38,3.11.7,3.3.0,72,Neoverse-V2,1,1 x NVIDIA GH200 120GB,-2.5917,51.4535,64,machine,0.0,0.8333333333333334,42.0,359.530517578125,N,1.0,0.0
2026-09-27T02:55:23,mobilenet_v3_small_batch6_node_4_local_train,2238cbf1-63fa-4a47-b9bd-5b23401c2f1a,5b0fa12a-3dd7-45bb-9766-cc326314d9f1,202.86296451697126,0.0035399290661315237,1.7449853769811086e-05,115.47277789525711,145.77671642930818,6.0,0.006503768443560502,0.008101030925260488,0.00029458177311539964,0.014899381141936384,0.0,United Kingdom,GBR,england,,,Linux-6.4.0-150600.23.73_15.0.14-cray_shasta_c_64k-aarch64-with-glibc2.38,3.11.7,3.3.0,72,Neoverse-V2,1,1 x NVIDIA GH200 120GB,-2.5917,51.4535,64,machine,0.904950495049505,0.15841584158415842,42.0,359.62842824199413,N,1.0,0.0
2026-09-27T02:55:50,mobilenet_v3_small_batch6_node_4_evaluate,f43aac4c-6cf3-4e9a-847b-280b36186e93,5b0fa12a-3dd7-45bb-9766-cc326314d9f1,8.74131834297441,0.00010716112430940668,1.225914903276969e-05,124.15298667840003,73.38470317344606,6.0,0.00021033620115550557,0.00023123435165928186,9.465161420327302e-06,0.00045103571423511476,0.0,United Kingdom,GBR,england,,,Linux-6.4.0-150600.23.73_15.0.14-cray_shasta_c_64k-aarch64-with-glibc2.38,3.11.7,3.3.0,72,Neoverse-V2,1,1 x NVIDIA GH200 120GB,-2.5917,51.4535,64,machine,0.0,0.4,42.1,360.4154418945312,N,1.0,0.0
2026-09-27T02:56:15,mobilenet_v3_small_batch6_node_5_local_train,91ca4c0e-384d-4bc6-b177-33f2967c0604,5b0fa12a-3dd7-45bb-9766-cc326314d9f1,11.287164135836065,0.0001496224146747476,1.3255979347346023e-05,117.9473307264,74.56783138939032,6.0,0.00027595623642820557,0.0003401083276486361,1.368855864663298e-05,0.0006297531227234747,0.0,United Kingdom,GBR,england,,,Linux-6.4.0-150600.23.73_15.0.14-cray_shasta_c_64k-aarch64-with-glibc2.38,3.11.7,3.3.0,72,Neoverse-V2,1,1 x NVIDIA GH200 120GB,-2.5917,51.4535,64,machine,0.0,2.5,42.1,360.4356002807617,N,1.0,0.0
2026-09-27T02:56:33,mobilenet_v3_small_batch6_node_5_evaluate,bede5556-13cc-4b74-a678-4f8a8089d02e,5b0fa12a-3dd7-45bb-9766-cc326314d9f1,8.689808040158823,0.0001009293594880592,1.1614682283155996e-05,116.50087797120001,73.97168574857311,6.0,0.0001844999675836605,0.00023093518474581742,9.3713811719014e-06,0.0004248065335013793,0.0,United Kingdom,GBR,england,,,Linux-6.4.0-150600.23.73_15.0.14-cray_shasta_c_64k-aarch64-with-glibc2.38,3.11.7,3.3.0,72,Neoverse-V2,1,1 x NVIDIA GH200 120GB,-2.5917,51.4535,64,machine,0.0,1.0,42.1,360.4305419921875,N,1.0,0.0
2026-09-27T02:56:51,mobilenet_v3_small_batch6_node_0_upload,0da8fcc2-5d92-438d-a503-944f0a407400,5b0fa12a-3dd7-45bb-9766-cc326314d9f1,5.480535147013143,4.118877613746762e-05,7.515466105516219e-06,115.392829248,143.26254387442458,6.0,7.745204679588739e-05,9.590368784984094e-05,5.726269834364454e-09,0.00017336146091556268,0.0,United Kingdom,GBR,england,,,Linux-6.4.0-150600.23.73_15.0.14-cray_shasta_c_64k-aarch64-with-glibc2.38,3.11.7,3.3.0,72,Neoverse-V2,1,1 x NVIDIA GH200 120GB,-2.5917,51.4535,64,machine,0.0,0.0,42.0,359.4302673339844,N,1.0,0.0
2026-09-27T03:05:48,mobilenet_v3_small_batch6_node_1_upload,6a23d9e8-35c5-4269-a569-c7a55e0a0bab,5b0fa12a-3dd7-45bb-9766-cc326314d9f1,4.128332644002512,1.7471137941030725e-05,4.232008282184369e-06,115.20288852480002,136.17523608611583,6.0,3.375163244502663e-05,3.977780959019128e-05,5.687709975366791e-09,7.353512974519327e-05,0.0,United Kingdom,GBR,england,,,Linux-6.4.0-150600.23.73_15.0.14-cray_shasta_c_64k-aarch64-with-glibc2.38,3.11.7,3.3.0,72,Neoverse-V2,1,1 x NVIDIA GH200 120GB,-2.5917,51.4535,64,machine,0.0,0.0,41.9,358.6805419921875,N,1.0,0.0
2026-09-27T03:06:43,mobilenet_v3_small_batch6_node_2_upload,77ba4f36-6eef-4c3b-873f-e155b84a7eb6,5b0fa12a-3dd7-45bb-9766-cc326314d9f1,12.145530156092718,0.00015502314013773633,1.2763801838651735e-05,115.20069144192001,143.54453519532288,6.0,0.0002905725048361979,0.00036189973396005826,1.2262328527867796e-08,0.0006524845011247841,0.0,United Kingdom,GBR,england,,,Linux-6.4.0-150600.23.73_15.0.14-cray_shasta_c_64k-aarch64-with-glibc2.38,3.11.7,3.3.0,72,Neoverse-V2,1,1 x NVIDIA GH200 120GB,-2.5917,51.4535,64,machine,0.0,0.0,41.9,358.652350531684,N,1.0,0.0
2026-09-27T03:10:07,mobilenet_v3_small_batch6_node_3_upload,dd8ada55-9ff0-45f0-936e-4089554bda22,5b0fa12a-3dd7-45bb-9766-cc326314d9f1,4.082788523985073,1.718332872984532e-05,4.208723677187485e-06,115.22339850240002,141.64842636326534,6.0,3.249494155662477e-05,3.982336519925411e-05,5.448678275570273e-09,7.232375543415445e-05,0.0,United Kingdom,GBR,england,,,Linux-6.4.0-150600.23.73_15.0.14-cray_shasta_c_64k-aarch64-with-glibc2.38,3.11.7,3.3.0,72,Neoverse-V2,1,1 x NVIDIA GH200 120GB,-2.5917,51.4535,64,machine,0.0,0.0,41.9,358.54278564453125,N,1.0,0.0
2026-09-27T03:10:24,mobilenet_v3_small_batch6_node_5_upload,02575813-8916-4fab-bdf5-8f1f4e6d48e7,5b0fa12a-3dd7-45bb-9766-cc326314d9f1,5.07624782808125,3.437031218555543e-05,6.770810517844028e-06,115.9311078144,142.1237935609532,6.0,6.504048117524631e-05,7.961061923822399e-05,1.1793009859199326e-08,0.0001446628934233295,0.0,United Kingdom,GBR,england,,,Linux-6.4.0-150600.23.73_15.0.14-cray_shasta_c_64k-aarch64-with-glibc2.38,3.11.7,3.3.0,72,Neoverse-V2,1,1 x NVIDIA GH200 120GB,-2.5917,51.4535,64,machine,8.15,0.0,41.95,359.28948974609375,N,1.0,0.0
2026-09-27T03:10:40,mobilenet_v3_small_batch6_node_0_exchange,6b74fcac-5cab-4cf3-824e-a8d7e882be59,5b0fa12a-3dd7-45bb-9766-cc326314d9f1,3.107941286172718,9.799265568138533e-08,3.152976412950794e-08,115.20035562240001,0.0,6.0,4.0692685992670666e-07,0.0,5.519236826027433e-09,4.124460967527341e-07,0.0,United Kingdom,GBR,england,,,Linux-6.4.0-150600.23.73_15.0.14-cray_shasta_c_64k-aarch64-with-glibc2.38,3.11.7,3.3.0,72,Neoverse-V2,1,1 x NVIDIA GH200 120GB,-2.5917,51.4535,64,machine,0,0,0,0,N,1.0,0.0
2026-09-27T03:11:06,mobilenet_v3_small_batch6_node_1_exchange,4137f090-4faa-4bfb-9619-741a93c56a90,5b0fa12a-3dd7-45bb-9766-cc326314d9f1,4.113595293136314,1.719643912568846e-05,4.1803915796921876e-06,115.24717440000002,141.05046366492925,6.0,3.261516094142551e-05,3.975836514769071e-05,5.4103333968669175e-09,7.237893642251309e-05,0.0,United Kingdom,GBR,england,,,Linux-6.4.0-150600.23.73_15.0.14-cray_shasta_c_64k-aarch64-with-glibc2.38,3.11.7,3.3.0,72,Neoverse-V2,1,1 x NVIDIA GH200 120GB,-2.5917,51.4535,64,machine,9.1,0.0,41.9,359.2633056640625,N,1.0,0.0
2026-09-27T03:11:32,mobilenet_v3_small_batch6_node_2_exchange,dc0625ec-be8e-482a-a59f-4d9625a4e59a,5b0fa12a-3dd7-45bb-9766-cc326314d9f1,4.1152405890170485,1.817549568747644e-05,4.416630156687333e-06,115.24488825600001,156.1721957148649,6.0,3.26206804193955e-05,4.387364620583867e-05,5.409000053380927e-09,7.649973562528755e-05,0.0,United Kingdom,GBR,england,,,Linux-6.4.0-150600.23.73_15.0.14-cray_shasta_c_64k-aarch64-with-glibc2.38,3.11.7,3.3.0,72,Neoverse-V2,1,1 x NVIDIA GH200 120GB,-2.5917,51.4535,64,machine,0.0,0.0,42.0,359.75762939453125,N,1.0,0.0
2026-09-27T03:11:43,mobilenet_v3_small_batch6_node_3_exchange,cfd439ff-afc0-4f3f-a645-de3e4a8a308e,5b0fa12a-3dd7-45bb-9766-cc326314d9f1,7.113183642970398,6.853708656125534e-05,9.635219614917028e-06,115.50300894720002,143.1087043882502,6.0,0.00012889045889555892,0.0001595731832111369,5.464464969312151e-09,0.0002884691065716651,0.0,United Kingdom,GBR,england,,,Linux-6.4.0-150600.23.73_15.0.14-cray_shasta_c_64k-aarch64-with-glibc2.38,3.11.7,3.3.0,72,Neoverse-V2,1,1 x NVIDIA GH200 120GB,-2.5917,51.4535,64,machine,0.0,0.0,41.9,358.7367248535156,N,1.0,0.0
2026-09-27T03:16:07,mobilenet_v3_small_batch6_node_4_exchange,be7e358a-b9b3-4861-a23b-ae0ad2f2da6e,5b0fa12a-3dd7-45bb-9766-cc326314d9f1,253.3998968792148,0.004423862762071471,1.7458029054290194e-05,115.46081300303996,143.73941710221274,6.0,0.008125947133689276,0.01011263892343095,0.0003812269900809043,0.018619813047201134,0.0,United Kingdom,GBR,england,,,Linux-6.4.0-150600.23.73_15.0.14-cray_shasta_c_64k-aarch64-with-glibc2.38,3.11.7,3.3.0,72,Neoverse-V2,1,1 x NVIDIA GH200 120GB,-2.5917,51.4535,64,machine,2.588537549407115,0.0,41.8999999999998,358.736934375386,N,1.0,0.0
2026-09-27T03:16:16,mobilenet_v3_small_batch6_node_5_exchange,1f6a5854-92ff-4d83-9c3b-bda21e2e6309,5b0fa12a-3dd7-45bb-9766-cc326314d9f1,4.113004263024777,1.7150888937050943e-05,4.169917617454126e-06,115.20044323200003,141.4900885938398,6.0,3.244997288427811e-05,3.973197621576219e-05,5.268898482124011e-09,7.218721799852242e-05,0.0,United Kingdom,GBR,england,,,Linux-6.4.0-150600.23.73_15.0.14-cray_shasta_c_64k-aarch64-with-glibc2.38,3.11.7,3.3.0,72,Neoverse-V2,1,1 x NVIDIA GH200 120GB,-2.5917,51.4535,64,machine,0.0,0.0,41.9,358.5968017578125,N,1.0,0.0
2026-09-27T03:17:43,mobilenet_v3_small_batch6_node_0_evaluate,e7e1f268-6882-44c3-a386-8737a04fb8c2,5b0fa12a-3dd7-45bb-9766-cc326314d9f1,15.986893713008612,0.00022556511291654563,1.4109377153924668e-05,116.7726547008,145.3756244220921,6.0,0.0004188266389853853,0.0005214240282498395,9.141404437056432e-06,0.0009493920716722812,0.0,United Kingdom,GBR,england,,,Linux-6.4.0-150600.23.73_15.0.14-cray_shasta_c_64k-aarch64-with-glibc2.38,3.11.7,3.3.0,72,Neoverse-V2,1,1 x NVIDIA GH200 120GB,-2.5917,51.4535,64,machine,16.866666666666664,0.4166666666666667,41.89999999999999,358.55218505859375,N,1.0,0.0
2026-09-27T03:18:05,mobilenet_v3_small_batch6_node_1_evaluate,f15a7916-e472-425b-9eed-5ccb165e7b85,5b0fa12a-3dd7-45bb-9766-cc326314d9f1,9.794018949847668,0.00011911313524298457,1.2161824053325647e-05,116.8684411104,143.76671973356855,6.0,0.00022090463945418642,0.0002709068833866013,9.52959666804721e-06,0.0005013411195088349,0.0,United Kingdom,GBR,england,,,Linux-6.4.0-150600.23.73_15.0.14-cray_shasta_c_64k-aarch64-with-glibc2.38,3.11.7,3.3.0,72,Neoverse-V2,1,1 x NVIDIA GH200 120GB,-2.5917,51.4535,64,machine,6.666666666666667,0.8333333333333334,41.9,358.5494689941406,N,1.0,0.0
2026-09-27T03:18:15,mobilenet_v3_small_batch6_node_2_evaluate,21f15b9c-1099-4487-9edf-9afe6c87a4c0,5b0fa12a-3dd7-45bb-9766-cc326314d9f1,8.550930095138028,9.788396293753862e-05,1.1447171459534495e-05,116.46446970240001,73.19379447475171,6.0,0.00017987940093639208,0.00022296517836650764,9.144035226975878e-06,0.0004119886145298756,0.0,United Kingdom,GBR,england,,,Linux-6.4.0-150600.23.73_15.0.14-cray_shasta_c_64k-aarch64-with-glibc2.38,3.11.7,3.3.0,72,Neoverse-V2,1,1 x NVIDIA GH200 120GB,-2.5917,51.4535,64,machine,0.0,0.6,41.9,358.5289794921875,N,1.0,0.0
2026-09-27T03:18:26,mobilenet_v3_small_batch6_node_3_evaluate,3e6d64b9-4c05-4e1c-b5fa-8c940ed05588,5b0fa12a-3dd7-45bb-9766-cc326314d9f1,9.532129334053025,0.00011510586326001225,1.2075566667859057e-05,116.90631351360003,144.39811595521195,6.0,0.00021251129998803758,0.0002628579880763482,9.105427768469477e-06,0.00048447471583285527,0.0,United Kingdom,GBR,england,,,Linux-6.4.0-150600.23.73_15.0.14-cray_shasta_c_64k-aarch64-with-glibc2.38,3.11.7,3.3.0,72,Neoverse-V2,1,1 x NVIDIA GH200 120GB,-2.5917,51.4535,64,machine,12.816666666666668,0.3333333333333333,41.9,358.5155436197917,N,1.0,0.0
2026-09-27T03:18:44,mobilenet_v3_small_batch6_node_4_evaluate,dc28f37c-0ea7-4576-ac90-e0a195d623b4,5b0fa12a-3dd7-45bb-9766-cc326314d9f1,14.628029892919585,0.00020249757125656245,1.384311986910674e-05,117.25653213668572,145.143881330713,6.0,0.0003767847553541481,0.0004663170397236627,9.200168634997681e-06,0.0008523019637128085,0.0,United Kingdom,GBR,england,,,Linux-6.4.0-150600.23.73_15.0.14-cray_shasta_c_64k-aarch64-with-glibc2.38,3.11.7,3.3.0,72,Neoverse-V2,1,1 x NVIDIA GH200 120GB,-2.5917,51.4535,64,machine,0.0,0.36363636363636365,41.89999999999999,358.5380748401989,N,1.0,0.0
2026-09-27T03:19:05,mobilenet_v3_small_batch6_node_5_evaluate,849127c7-91eb-4dc4-b3ff-d9276edb1d06,5b0fa12a-3dd7-45bb-9766-cc326314d9f1,9.564980681985617,0.00011533990307875159,1.2058561006399012e-05,117.058283856,143.69667624799314,6.0,0.00021340848514298254,0.0002629043770099315,9.146915356783818e-06,0.00048545977750969783,0.0,United Kingdom,GBR,england,,,Linux-6.4.0-150600.23.73_15.0.14-cray_shasta_c_64k-aarch64-with-glibc2.38,3.11.7,3.3.0,72,Neoverse-V2,1,1 x NVIDIA GH200 120GB,-2.5917,51.4535,64,machine,0.0,0.5,41.9,359.03070068359375,N,1.0,0.0
2026-09-27T03:19:29,efficientnet_lite0_batch6_node_0_local_train,d9f26b8f-d428-4036-ad5a-75a09de05391,5b0fa12a-3dd7-45bb-9766-cc326314d9f1,9.914845725987107,0.0001239665530390168,1.2503124755042509e-05,115.82974843200002,153.24914124467028,6.0,0.00022106245064780776,0.00029429745767117765,6.408999496682858e-06,0.0005217689078156683,0.0,United Kingdom,GBR,england,,,Linux-6.4.0-150600.23.73_15.0.14-cray_shasta_c_64k-aarch64-with-glibc2.38,3.11.7,3.3.0,72,Neoverse-V2,1,1 x NVIDIA GH200 120GB,-2.5917,51.4535,64,machine,0.0,5.0,42.099999999999994,360.6066589355469,N,1.0,0.0
2026-09-27T03:19:38,efficientnet_lite0_batch6_node_0_evaluate,eedc54d9-6a96-4a6b-bda2-9316e79b635c,5b0fa12a-3dd7-45bb-9766-cc326314d9f1,8.425238355062902,9.765793651232479e-05,1.1591118541309884e-05,116.4499249536,76.02907693233273,6.0,0.00017574038916655542,0.00022635962554318212,8.937266108502324e-06,0.00041103728081823987,0.0,United Kingdom,GBR,england,,,Linux-6.4.0-150600.23.73_15.0.14-cray_shasta_c_64k-aarch64-with-glibc2.38,3.11.7,3.3.0,72,Neoverse-V2,1,1 x NVIDIA GH200 120GB,-2.5917,51.4535,64,machine,0.0,3.2,42.2,361.8377197265625,N,1.0,0.0
2026-09-27T03:19:55,efficientnet_lite0_batch6_node_1_local_train,f4ce1311-3d2f-4462-996f-d2ec710f2590,5b0fa12a-3dd7-45bb-9766-cc326314d9f1,12.174313386902213,0.00017114569472699887,1.4057934052455615e-05,116.0420596704,156.77787323693863,6.0,0.0002954136376394386,0.00041215810750827586,1.2771767081382375e-05,0.0007203435122290968,0.0,United Kingdom,GBR,england,,,Linux-6.4.0-150600.23.73_15.0.14-cray_shasta_c_64k-aarch64-with-glibc2.38,3.11.7,3.3.0,72,Neoverse-V2,1,1 x NVIDIA GH200 120GB,-2.5917,51.4535,64,machine,10.477777777777778,14.11111111111111,42.199999999999996,361.35297309027777,N,1.0,0.0
2026-09-27T03:20:35,efficientnet_lite0_batch6_node_1_evaluate,d45299fe-6948-4039-84ee-890bc3da5144,5b0fa12a-3dd7-45bb-9766-cc326314d9f1,14.796207051025704,0.00020641753503550456,1.3950706037274281e-05,116.57336297965716,147.15871773002522,6.0,0.0003799939955377384,0.00047927538341241416,9.531512654696901e-06,0.0008688008916048494,0.0,United Kingdom,GBR,england,,,Linux-6.4.0-150600.23.73_15.0.14-cray_shasta_c_64k-aarch64-with-glibc2.38,3.11.7,3.3.0,72,Neoverse-V2,1,1 x NVIDIA GH200 120GB,-2.5917,51.4535,64,machine,1.781818181818182,1.1818181818181819,42.199999999999996,361.32763117009944,N,1.0,0.0
2026-09-27T03:23:11,efficientnet_lite0_batch6_node_2_local_train,d1c44ca3-e8d5-45b5-96e0-da1511f32a27,5b0fa12a-3dd7-45bb-9766-cc326314d9f1,14.806020234012976,0.00020996376401638607,1.4180972381359373e-05,115.91703688320001,155.3292860411562,6.0,0.00037808520301872044,0.0004981278985098925,7.5136872384852425e-06,0.0008837267887670981,0.0,United Kingdom,GBR,england,,,Linux-6.4.0-150600.23.73_15.0.14-cray_shasta_c_64k-aarch64-with-glibc2.38,3.11.7,3.3.0,72,Neoverse-V2,1,1 x NVIDIA GH200 120GB,-2.5917,51.4535,64,machine,0.0,5.909090909090909,42.199999999999996,361.2970359108665,N,1.0,0.0
2026-09-27T03:23:24,efficientnet_lite0_batch6_node_2_evaluate,d83fd4af-1f28-4091-87c7-da481311ae81,5b0fa12a-3dd7-45bb-9766-cc326314d9f1,11.59665760397911,0.00015152705831886134,1.3066442374470771e-05,116.78184645120001,146.46390199555518,6.0,0.00027838994848523375,0.0003501625023432098,9.217219984857365e-06,0.0006377696708133009,0.0,United Kingdom,GBR,england,,,Linux-6.4.0-150600.23.73_15.0.14-cray_shasta_c_64k-aarch64-with-glibc2.38,3.11.7,3.3.0,72,Neoverse-V2,1,1 x NVIDIA GH200 120GB,-2.5917,51.4535,64,machine,0.0,2.0,42.199999999999996,361.28236389160156,N,1.0,0.0
2026-09-27T03:23:35,efficientnet_lite0_batch6_node_3_local_train,d4111454-b90d-42be-945c-0395d340935b,5b0fa12a-3dd7-45bb-9766-cc326314d9f1,8.585314373020083,0.00010330172794174428,1.2032375688696594e-05,115.86915657792002,158.1424210220019,6.0,0.00017863136804034733,0.0002493590883716479,6.80125508030566e-06,0.0004347917114923009,0.0,United Kingdom,GBR,england,,,Linux-6.4.0-150600.23.73_15.0.14-cray_shasta_c_64k-aarch64-with-glibc2.38,3.11.7,3.3.0,72,Neoverse-V2,1,1 x NVIDIA GH200 120GB,-2.5917,51.4535,64,machine,15.280000000000001,4.4,42.2,361.30418701171874,N,1.0,0.0
2026-09-27T03:23:56,efficientnet_lite0_batch6_node_3_evaluate,80fe3a6d-bba8-4a57-91c4-2e5444a1fc7c,5b0fa12a-3dd7-45bb-9766-cc326314d9f1,14.188460678094998,0.0001969219955518758,1.387902465387918e-05,116.79206293028571,148.48613058800387,6.0,0.00036107427972655444,0.00045860758910976074,9.152780713435884e-06,0.000828834649549751,0.0,United Kingdom,GBR,england,,,Linux-6.4.0-150600.23.73_15.0.14-cray_shasta_c_64k-aarch64-with-glibc2.38,3.11.7,3.3.0,72,Neoverse-V2,1,1 x NVIDIA GH200 120GB,-2.5917,51.4535,64,machine,7.4363636363636365,2.1818181818181817,42.199999999999996,361.27968528053975,N,1.0,0.0
2026-09-27T03:25:05,efficientnet_lite0_batch6_node_4_local_train,e3bfb072-29d6-4b34-91e7-78325e630196,5b0fa12a-3dd7-45bb-9766-cc326314d9f1,15.987913585966453,0.00023173110492443025,1.4494142946071118e-05,115.87354657920002,155.41047992891555,6.0,0.00041590703126144686,0.0005504290514579679,9.008335264710089e-06,0.0009753444179841249,0.0,United Kingdom,GBR,england,,,Linux-6.4.0-150600.23.73_15.0.14-cray_shasta_c_64k-aarch64-with-glibc2.38,3.11.7,3.3.0,72,Neoverse-V2,1,1 x NVIDIA GH200 120GB,-2.5917,51.4535,64,machine,0.0,4.5,42.199999999999996,361.2816111246745,N,1.0,0.0
2026-09-27T03:25:23,efficientnet_lite0_batch6_node_4_evaluate,481e9e84-dc0d-4db4-952b-03ff012ae9c8,5b0fa12a-3dd7-45bb-9766-cc326314d9f1,8.59013914107345,0.00010007141673500657,1.1649568777823236e-05,116.5353600384,75.08643551937492,6.0,0.00018149477551044046,0.00023048657328672562,9.214147353777662e-06,0.00042119549615094376,0.0,United Kingdom,GBR,england,,,Linux-6.4.0-150600.23.73_15.0.14-cray_shasta_c_64k-aarch64-with-glibc2.38,3.11.7,3.3.0,72,Neoverse-V2,1,1 x NVIDIA GH200 120GB,-2.5917,51.4535,64,machine,0.0,3.8,42.2,361.3026611328125,N,1.0,0.0
2026-09-27T03:25:34,efficientnet_lite0_batch6_node_5_local_train,352122e3-5cc6-40f3-b02b-179543b6bd16,5b0fa12a-3dd7-45bb-9766-cc326314d9f1,9.626602455042303,0.00012376872448917767,1.2856947720360994e-05,116.08264200960002,155.15000807154814,6.0,0.00021301931729744675,0.0002986607944848174,9.256145743032296e-06,0.0005209362575252965,0.0,United Kingdom,GBR,england,,,Linux-6.4.0-150600.23.73_15.0.14-cray_shasta_c_64k-aarch64-with-glibc2.38,3.11.7,3.3.0,72,Neoverse-V2,1,1 x NVIDIA GH200 120GB,-2.5917,51.4535,64,machine,0.9833333333333334,5.666666666666667,42.199999999999996,361.26108805338544,N,1.0,0.0
2026-09-27T03:25:43,efficientnet_lite0_batch6_node_5_evaluate,ecadaf71-b422-47ca-8e49-54aa695e59a9,5b0fa12a-3dd7-45bb-9766-cc326314d9f1,8.58803997701034,0.00010106911229918344,1.176858894110173e-05,116.506459584,76.64662137898381,6.0,0.00018130582494266159,0.00023488991014630756,9.19901087647304e-06,0.0004253947459654422,0.0,United Kingdom,GBR,england,,,Linux-6.4.0-150600.23.73_15.0.14-cray_shasta_c_64k-aarch64-with-glibc2.38,3.11.7,3.3.0,72,Neoverse-V2,1,1 x NVIDIA GH200 120GB,-2.5917,51.4535,64,machine,0.0,4.0,42.2,361.3299194335938,N,1.0,0.0
2026-09-27T03:25:59,efficientnet_lite0_batch6_node_0_upload,53f2c9bc-6201-44e6-8260-70dbf5cd33c6,5b0fa12a-3dd7-45bb-9766-cc326314d9f1,3.0828462762292475,1.0316554052198449e-07,3.3464380406333586e-08,115.20035562240001,0.0,6.0,4.284875954298042e-07,0.0,5.730910149092475e-09,4.342185055788967e-07,0.0,United Kingdom,GBR,england,,,Linux-6.4.0-150600.23.73_15.0.14-cray_shasta_c_64k-aarch64-with-glibc2.38,3.11.7,3.3.0,72,Neoverse-V2,1,1 x NVIDIA GH200 120GB,-2.5917,51.4535,64,machine,0,0,0,0,N,1.0,0.0
2026-09-27T03:26:13,efficientnet_lite0_batch6_node_1_upload,16f1cbb0-7472-4fd9-a1f1-efc9d80bfa8c,5b0fa12a-3dd7-45bb-9766-cc326314d9f1,3.0793893618974835,1.0894582815002409e-07,3.537903634339146e-08,115.20035562240001,0.0,6.0,4.52956368572191e-07,0.0,5.5910732286671795e-09,4.585474418008582e-07,0.0,United Kingdom,GBR,england,,,Linux-6.4.0-150600.23.73_15.0.14-cray_shasta_c_64k-aarch64-with-glibc2.38,3.11.7,3.3.0,72,Neoverse-V2,1,1 x NVIDIA GH200 120GB,-2.5917,51.4535,64,machine,0,0,0,0,N,1.0,0.0
2026-09-27T03:26:22,efficientnet_lite0_batch6_node_2_upload,685dfe3d-caa1-490b-b387-f8440dca78fd,5b0fa12a-3dd7-45bb-9766-cc326314d9f1,4.575230054091662,2.563586211300833e-05,5.603185372084621e-06,115.21046908800004,143.21625098404266,6.0,4.8159846679615074e-05,5.973476999088234e-05,5.421264795586467e-09,0.000107900037935293,0.0,United Kingdom,GBR,england,,,Linux-6.4.0-150600.23.73_15.0.14-cray_shasta_c_64k-aarch64-with-glibc2.38,3.11.7,3.3.0,72,Neoverse-V2,1,1 x NVIDIA GH200 120GB,-2.5917,51.4535,64,machine,0.0,0.0,42.2,361.7318115234375,N,1.0,0.0
2026-09-27T03:26:30,efficientnet_lite0_batch6_node_3_upload,1102c04a-0ff8-4ebc-b0ff-6b70c8c92c75,5b0fa12a-3dd7-45bb-9766-cc326314d9f1,3.0801083960104734,1.1063178496930506e-07,3.5918146618671427e-08,115.20035562240001,0.0,6.0,4.5998388964380904e-07,0.0,5.659658539419373e-09,4.656435481832284e-07,0.0,United Kingdom,GBR,england,,,Linux-6.4.0-150600.23.73_15.0.14-cray_shasta_c_64k-aarch64-with-glibc2.38,3.11.7,3.3.0,72,Neoverse-V2,1,1 x NVIDIA GH200 120GB,-2.5917,51.4535,64,machine,0,0,0,0,N,1.0,0.0
2026-09-27T03:26:51,efficientnet_lite0_batch6_node_4_upload,1e84eba4-c217-45e9-a120-d57964548d82,5b0fa12a-3dd7-45bb-9766-cc326314d9f1,10.29658630490303,0.00012289714989647946,1.1935717941582083e-05,115.20037752480002,142.5550121002708,6.0,0.0002312386365501684,0.0002860238399193804,5.367986547450224e-09,0.0005172678444560963,0.0,United Kingdom,GBR,england,,,Linux-6.4.0-150600.23.73_15.0.14-cray_shasta_c_64k-aarch64-with-glibc2.38,3.11.7,3.3.0,72,Neoverse-V2,1,1 x NVIDIA GH200 120GB,-2.5917,51.4535,64,machine,0.0,0.0,42.300000000000004,362.2370169503348,N,1.0,0.0
2026-09-27T03:31:39,efficientnet_lite0_batch6_node_5_upload,5d92f7e5-00b3-4532-9464-2daeddb85dfa,5b0fa12a-3dd7-45bb-9766-cc326314d9f1,4.094560113968328,1.8210828764155288e-05,4.44756659012777e-06,115.2207432576,155.73429430799493,6.0,3.281698716111031e-05,4.382586840279146e-05,5.5951815253744524e-09,7.664845074542714e-05,0.0,United Kingdom,GBR,england,,,Linux-6.4.0-150600.23.73_15.0.14-cray_shasta_c_64k-aarch64-with-glibc2.38,3.11.7,3.3.0,72,Neoverse-V2,1,1 x NVIDIA GH200 120GB,-2.5917,51.4535,64,machine,0.0,0.0,41.7,356.9459228515625,N,1.0,0.0
2026-09-27T03:32:13,mobilevit_xxs_batch6_node_0_local_train,ef2bd9c7-9370-4bfa-8ad9-2a86b33b0dda,5b0fa12a-3dd7-45bb-9766-cc326314d9f1,9.014226421015337,0.00011055221802531367,1.2264193604853047e-05,115.80573312000001,756.0701017534075,6.0,0.00019269212698774256,0.0002627079879573557,9.908540023413176e-06,0.0004653086549685115,0.0,United Kingdom,GBR,england,,,Linux-6.4.0-150600.23.73_15.0.14-cray_shasta_c_64k-aarch64-with-glibc2.38,3.11.7,3.3.0,72,Neoverse-V2,1,1 x NVIDIA GH200 120GB,-2.5917,51.4535,64,machine,15.120000000000001,5.6,41.6,356.3177734375,N,1.0,0.0
2026-09-27T03:32:29,mobilevit_xxs_batch6_node_0_evaluate,366c21f0-8e32-4f1a-b635-3028e4c9b4e2,5b0fa12a-3dd7-45bb-9766-cc326314d9f1,9.725766196846962,0.00011976576930355295,1.2314276004535286e-05,116.71302012480001,146.1163095569362,6.0,0.0002183486658309625,0.0002763135543801809,9.425802818344284e-06,0.0005040880230294877,0.0,United Kingdom,GBR,england,,,Linux-6.4.0-150600.23.73_15.0.14-cray_shasta_c_64k-aarch64-with-glibc2.38,3.11.7,3.3.0,72,Neoverse-V2,1,1 x NVIDIA GH200 120GB,-2.5917,51.4535,64,machine,0.0,1.0,41.63333333333333,356.5510559082031,N,1.0,0.0
2026-09-27T03:33:04,mobilevit_xxs_batch6_node_1_local_train,58450d89-50dd-4bef-a58c-2b774bdfcbc9,5b0fa12a-3dd7-45bb-9766-cc326314d9f1,28.44867243198678,0.0004541564641990799,1.5964065292847933e-05,117.36641260126754,151.57036780624216,6.0,0.0008300968794247937,0.0010609983488052421,2.042619826310935e-05,0.0019115214264931453,0.0,United Kingdom,GBR,england,,,Linux-6.4.0-150600.23.73_15.0.14-cray_shasta_c_64k-aarch64-with-glibc2.38,3.11.7,3.3.0,72,Neoverse-V2,1,1 x NVIDIA GH200 120GB,-2.5917,51.4535,64,machine,0.62,4.32,41.64000000000001,356.693447265625,N,1.0,0.0
2026-09-27T03:33:14,mobilevit_xxs_batch6_node_1_evaluate,55b1cbcf-44a3-4a2d-9b6a-2fe46e9d0980,5b0fa12a-3dd7-45bb-9766-cc326314d9f1,9.000480331014842,0.00010797954826781623,1.1997087299410951e-05,117.00582289920001,75.80664661397125,6.0,0.00019545960065290246,0.00024913103263202174,9.889785706764087e-06,0.0004544804189916883,0.0,United Kingdom,GBR,england,,,Linux-6.4.0-150600.23.73_15.0.14-cray_shasta_c_64k-aarch64-with-glibc2.38,3.11.7,3.3.0,72,Neoverse-V2,1,1 x NVIDIA GH200 120GB,-2.5917,51.4535,64,machine,0.0,2.4,41.9,358.72772216796875,N,1.0,0.0
2026-09-27T03:33:37,mobilevit_xxs_batch6_node_2_local_train,868effd1-5cc7-4c6e-8bad-fcf4c5f90054,5b0fa12a-3dd7-45bb-9766-cc326314d9f1,16.796111301984638,0.00024887376804410877,1.4817344537047793e-05,119.62906618834285,151.32894130356775,6.0,0.0004572791700925026,0.0005784387960687809,1.177904777500468e-05,0.0010474970139362882,0.0,United Kingdom,GBR,england,,,Linux-6.4.0-150600.23.73_15.0.14-cray_shasta_c_64k-aarch64-with-glibc2.38,3.11.7,3.3.0,72,Neoverse-V2,1,1 x NVIDIA GH200 120GB,-2.5917,51.4535,64,machine,5.869230769230769,4.846153846153846,41.89999999999999,358.87376521183893,N,1.0,0.0
2026-09-27T03:34:17,mobilevit_xxs_batch6_node_2_evaluate,85634ad4-cee2-477a-b09a-bfa2db5cd34a,5b0fa12a-3dd7-45bb-9766-cc326314d9f1,15.4848652491346,0.0002175683160324683,1.405038484559157e-05,116.58711339154286,146.476125956462,6.0,0.0004021320437729922,0.0005042245700508374,9.377347060168783e-06,0.0009157339608839984,0.0,United Kingdom,GBR,england,,,Linux-6.4.0-150600.23.73_15.0.14-cray_shasta_c_64k-aarch64-with-glibc2.38,3.11.7,3.3.0,72,Neoverse-V2,1,1 x NVIDIA GH200 120GB,-2.5917,51.4535,64,machine,2.65,0.6666666666666666,41.86666666666665,358.6584777832031,N,1.0,0.0
2026-09-27T03:34:42,mobilevit_xxs_batch6_node_3_local_train,0ca4fad0-d77d-480e-aa37-9d30a60dbc46,5b0fa12a-3dd7-45bb-9766-cc326314d9f1,10.43994756299071,0.00013576936966953768,1.3004794214756008e-05,116.0577021312,150.21314594826168,6.0,0.00023914408717640238,0.0003216799795637826,1.0622295126474152e-05,0.0005714463618666591,0.0,United Kingdom,GBR,england,,,Linux-6.4.0-150600.23.73_15.0.14-cray_shasta_c_64k-aarch64-with-glibc2.38,3.11.7,3.3.0,72,Neoverse-V2,1,1 x NVIDIA GH200 120GB,-2.5917,51.4535,64,machine,0.0,6.428571428571429,41.9,358.8150111607143,N,1.0,0.0
2026-09-27T03:36:10,mobilevit_xxs_batch6_node_3_evaluate,0056d903-74dc-492f-89ec-8eba23f4f0ff,5b0fa12a-3dd7-45bb-9766-cc326314d9f1,9.48327451897785,0.00011589938420981809,1.2221451986640395e-05,116.46999982080001,150.49181599458782,6.0,0.00020974752819222773,0.0002691232708542657,8.943806048094606e-06,0.0004878146050945881,0.0,United Kingdom,GBR,england,,,Linux-6.4.0-150600.23.73_15.0.14-cray_shasta_c_64k-aarch64-with-glibc2.38,3.11.7,3.3.0,72,Neoverse-V2,1,1 x NVIDIA GH200 120GB,-2.5917,51.4535,64,machine,0.0,2.6666666666666665,41.800000000000004,358.3462219238281,N,1.0,0.0
2026-09-27T03:36:40,mobilevit_xxs_batch6_node_4_local_train,97fb9922-ce77-4267-b140-6ee95f7b226b,5b0fa12a-3dd7-45bb-9766-cc326314d9f1,18.273054166929796,0.00027321634015027796,1.4951870533210555e-05,116.03745178806861,180.1113188835718,6.0,0.0004898500489255975,0.0006459619056471411,1.4141705530540397e-05,0.0011499536601032791,0.0,United Kingdom,GBR,england,,,Linux-6.4.0-150600.23.73_15.0.14-cray_shasta_c_64k-aarch64-with-glibc2.38,3.11.7,3.3.0,72,Neoverse-V2,1,1 x NVIDIA GH200 120GB,-2.5917,51.4535,64,machine,7.146666666666666,7.666666666666667,41.8,358.2829915364583,N,1.0,0.0
2026-09-27T03:36:57,mobilevit_xxs_batch6_node_4_evaluate,48b756b1-4c4f-4f43-a229-bd030ac90f09,5b0fa12a-3dd7-45bb-9766-cc326314d9f1,10.000352601986378,0.0001245566222588322,1.2455223052244318e-05,116.58332352960001,149.20893554641725,6.0,0.00022619621754508252,0.000288907175573172,9.149085989920423e-06,0.000524252479108175,0.0,United Kingdom,GBR,england,,,Linux-6.4.0-150600.23.73_15.0.14-cray_shasta_c_64k-aarch64-with-glibc2.38,3.11.7,3.3.0,72,Neoverse-V2,1,1 x NVIDIA GH200 120GB,-2.5917,51.4535,64,machine,0.0,2.8333333333333335,41.85,358.5671081542969,N,1.0,0.0
2026-09-27T03:37:14,mobilevit_xxs_batch6_node_5_local_train,c3983029-794b-4bb9-9ca9-bf48ce4b10f9,5b0fa12a-3dd7-45bb-9766-cc326314d9f1,12.934100507991388,0.00018635720721051898,1.4408207752473966e-05,119.76765920640003,149.85569261325526,6.0,0.0003385423122785983,0.0004310561781863953,1.4769503046991304e-05,0.0007843679935119849,0.0,United Kingdom,GBR,england,,,Linux-6.4.0-150600.23.73_15.0.14-cray_shasta_c_64k-aarch64-with-glibc2.38,3.11.7,3.3.0,72,Neoverse-V2,1,1 x NVIDIA GH200 120GB,-2.5917,51.4535,64,machine,3.188888888888889,9.0,41.800000000000004,358.33328586154516,N,1.0,0.0
2026-09-27T03:37:29,mobilevit_xxs_batch6_node_5_evaluate,805f76a2-ad15-4ee9-be36-c7ec5e3fba2e,5b0fa12a-3dd7-45bb-9766-cc326314d9f1,13.620427383109927,0.00018946603991016462,1.3910432806617569e-05,122.10858311204572,145.18318164721518,6.0,0.0003606384413536429,0.00042709589723699537,9.718573413556442e-06,0.0007974529120041947,0.0,United Kingdom,GBR,england,,,Linux-6.4.0-150600.23.73_15.0.14-cray_shasta_c_64k-aarch64-with-glibc2.38,3.11.7,3.3.0,72,Neoverse-V2,1,1 x NVIDIA GH200 120GB,-2.5917,51.4535,64,machine,0.0,1.0,41.800000000000004,358.29241943359375,N,1.0,0.0
2026-09-27T03:37:46,mobilevit_xxs_batch6_node_0_upload,2d336fb5-f409-41fb-a4d2-3fef280fce0c,5b0fa12a-3dd7-45bb-9766-cc326314d9f1,5.620663295034319,4.4040656816144305e-05,7.835491027376227e-06,115.35713706240001,145.67529428905857,6.0,8.19726192288637e-05,0.00010338674937315773,5.512836699684461e-09,0.0001853648814387211,0.0,United Kingdom,GBR,england,,,Linux-6.4.0-150600.23.73_15.0.14-cray_shasta_c_64k-aarch64-with-glibc2.38,3.11.7,3.3.0,72,Neoverse-V2,1,1 x NVIDIA GH200 120GB,-2.5917,51.4535,64,machine,0.0,0.0,41.9,358.82958984375,N,1.0,0.0
2026-09-27T03:39:29,mobilevit_xxs_batch6_node_1_upload,971e4d9f-2fb9-4c44-b270-41336d38e2ba,5b0fa12a-3dd7-45bb-9766-cc326314d9f1,94.28704306995496,0.001590922989016521,1.6873187844443883e-05,115.62819826369957,143.10002764005438,6.0,0.0029294794678735234,0.0036263717899913672,0.0001402625732321758,0.006696113831097067,0.0,United Kingdom,GBR,england,,,Linux-6.4.0-150600.23.73_15.0.14-cray_shasta_c_64k-aarch64-with-glibc2.38,3.11.7,3.3.0,72,Neoverse-V2,1,1 x NVIDIA GH200 120GB,-2.5917,51.4535,64,machine,1.187912087912088,0.0,41.90109890109896,358.8717832460508,N,1.0,0.0
2026-09-27T03:39:49,mobilevit_xxs_batch6_node_4_upload,1b16a2d6-487f-45a5-8475-5fd9cb45967d,5b0fa12a-3dd7-45bb-9766-cc326314d9f1,11.061134021962062,0.00013670616683076513,1.2359145686087232e-05,115.20035562240001,143.8305994380316,6.0,0.0002559497847734339,0.0003194341444299198,5.364201497286558e-09,0.0005753892934048509,0.0,United Kingdom,GBR,england,,,Linux-6.4.0-150600.23.73_15.0.14-cray_shasta_c_64k-aarch64-with-glibc2.38,3.11.7,3.3.0,72,Neoverse-V2,1,1 x NVIDIA GH200 120GB,-2.5917,51.4535,64,machine,0.0,0.0,41.9,358.84293365478516,N,1.0,0.0
2026-09-27T03:40:18,mobilevit_xxs_batch6_node_5_upload,43fc1551-42c3-4358-b516-e8076a85a9af,5b0fa12a-3dd7-45bb-9766-cc326314d9f1,3.0777562570292503,1.3047204466791473e-07,4.2391935478948734e-08,115.20035562240001,0.0,6.0,5.372260405737619e-07,0.0,1.1924150167033075e-08,5.49150190740795e-07,0.0,United Kingdom,GBR,england,,,Linux-6.4.0-150600.23.73_15.0.14-cray_shasta_c_64k-aarch64-with-glibc2.38,3.11.7,3.3.0,72,Neoverse-V2,1,1 x NVIDIA GH200 120GB,-2.5917,51.4535,64,machine,0,0,0,0,N,1.0,0.0
2026-09-27T03:41:06,mobilevit_xxs_batch6_node_1_exchange,39c4f5b7-125d-42f5-b978-024a003cbef9,5b0fa12a-3dd7-45bb-9766-cc326314d9f1,37.3138833520934,0.0005963459982040731,1.5981879789271964e-05,115.20037800246854,71.78339697767505,6.0,0.0010952564219286727,0.0013647222028936312,5.001130823045969e-05,0.0025099899330527638,0.0,United Kingdom,GBR,england,,,Linux-6.4.0-150600.23.73_15.0.14-cray_shasta_c_64k-aarch64-with-glibc2.38,3.11.7,3.3.0,72,Neoverse-V2,1,1 x NVIDIA GH200 120GB,-2.5917,51.4535,64,machine,0.3735294117647059,0.0,41.90000000000002,358.82884844611675,N,1.0,0.0
2026-09-27T03:41:15,mobilevit_xxs_batch6_node_2_exchange,89a85423-cc97-4078-b142-ce04149c4380,5b0fa12a-3dd7-45bb-9766-cc326314d9f1,4.482226160122082,2.3915157742556688e-05,5.335553559373567e-06,115.20035562240001,143.8499723886799,6.0,4.481762763288615e-05,5.583448910329025e-05,5.564143648371101e-09,0.00010065768087982478,0.0,United Kingdom,GBR,england,,,Linux-6.4.0-150600.23.73_15.0.14-cray_shasta_c_64k-aarch64-with-glibc2.38,3.11.7,3.3.0,72,Neoverse-V2,1,1 x NVIDIA GH200 120GB,-2.5917,51.4535,64,machine,0.0,0.0,41.9,358.8343505859375,N,1.0,0.0
2026-09-27T03:41:31,mobilevit_xxs_batch6_node_4_exchange,4444a8e2-2b0d-457a-8947-34b14f6380e9,5b0fa12a-3dd7-45bb-9766-cc326314d9f1,5.102774742990732,3.4287159993528346e-05,6.719316787523462e-06,115.20035562240001,142.67093755593666,6.0,6.45436283967432e-05,7.976395268372016e-05,5.329001772527893e-09,0.0001443129100822359,0.0,United Kingdom,GBR,england,,,Linux-6.4.0-150600.23.73_15.0.14-cray_shasta_c_64k-aarch64-with-glibc2.38,3.11.7,3.3.0,72,Neoverse-V2,1,1 x NVIDIA GH200 120GB,-2.5917,51.4535,64,machine,0.0,0.0,41.9,358.8289489746094,N,1.0,0.0
2026-09-27T03:41:41,mobilevit_xxs_batch6_node_1_evaluate,534faf78-fead-4e9e-a651-f894de4a5b15,5b0fa12a-3dd7-45bb-9766-cc326314d9f1,9.135924634989351,0.00010883993099017802,1.1913400705314037e-05,116.53437974400002,74.02018489919736,6.0,0.0001991645665428854,0.00024882603240428125,1.0111127101505797e-05,0.0004581017260486724,0.0,United Kingdom,GBR,england,,,Linux-6.4.0-150600.23.73_15.0.14-cray_shasta_c_64k-aarch64-with-glibc2.38,3.11.7,3.3.0,72,Neoverse-V2,1,1 x NVIDIA GH200 120GB,-2.5917,51.4535,64,machine,0.0,2.3333333333333335,41.833333333333336,358.4873860677083,N,1.0,0.0
2026-09-27T03:44:53,mobilevit_xxs_batch6_node_2_evaluate,b9266712-e912-4d81-be68-9e2d1a730c05,5b0fa12a-3dd7-45bb-9766-cc326314d9f1,159.66668805014342,0.002825602866986806,1.7696884061999355e-05,115.46128861084097,115.13189257544032,6.0,0.005113817823145298,0.0063562936961432115,0.00042270703286165375,0.011892818552150167,0.0,United Kingdom,GBR,england,,,Linux-6.4.0-150600.23.73_15.0.14-cray_shasta_c_64k-aarch64-with-glibc2.38,3.11.7,3.3.0,72,Neoverse-V2,1,1 x NVIDIA GH200 120GB,-2.5917,51.4535,64,machine,0.6578616352201259,0.07547169811320754,41.89748427672946,358.7814469247494,N,1.0,0.0
2026-09-27T03:45:17,mobilevit_xxs_batch6_node_4_evaluate,20c482b9-853a-41b0-ad99-025d8e1f0c8c,5b0fa12a-3dd7-45bb-9766-cc326314d9f1,8.657305920030922,0.00010092461641134335,1.165773941034336e-05,116.26371567360002,74.94072048738249,6.0,0.00018276989865575647,0.00023269074172560522,9.325929751697308e-06,0.000424786570133059,0.0,United Kingdom,GBR,england,,,Linux-6.4.0-150600.23.73_15.0.14-cray_shasta_c_64k-aarch64-with-glibc2.38,3.11.7,3.3.0,72,Neoverse-V2,1,1 x NVIDIA GH200 120GB,-2.5917,51.4535,64,machine,0.0,2.8,41.8,358.2582275390625,N,1.0,0.0
2026-09-27T03:53:18,mobilenet_v3_small_batch7_node_0_local_train,bf8ca1de-20d7-4829-a677-7eaea38de40b,5b0fa12a-3dd7-45bb-9766-cc326314d9f1,8.573883571196347,9.844616923630646e-05,1.1482097747050452e-05,115.78198703040005,75.3632552587661,6.0,0.0001777003844095485,0.00022750712645347448,9.147401343798264e-06,0.0004143549122068213,0.0,United Kingdom,GBR,england,,,Linux-6.4.0-150600.23.73_15.0.14-cray_shasta_c_64k-aarch64-with-glibc2.38,3.11.7,3.3.0,72,Neoverse-V2,1,1 x NVIDIA GH200 120GB,-2.5917,51.4535,64,machine,11.6,7.0,41.81999999999999,358.2414306640625,N,1.0,0.0
2026-09-27T03:53:52,mobilenet_v3_small_batch7_node_0_evaluate,6734b067-1792-41b5-a2ed-a8994aac61ce,5b0fa12a-3dd7-45bb-9766-cc326314d9f1,27.118360745022073,0.0004215520475014729,1.554489415732307e-05,119.77502137416,144.5251732750798,6.0,0.0007945655212348256,0.0009652141055056518,1.451147049665451e-05,0.0017742910972371319,0.0,United Kingdom,GBR,england,,,Linux-6.4.0-150600.23.73_15.0.14-cray_shasta_c_64k-aarch64-with-glibc2.38,3.11.7,3.3.0,72,Neoverse-V2,1,1 x NVIDIA GH200 120GB,-2.5917,51.4535,64,machine,6.604166666666667,0.125,41.899999999999984,359.02589925130206,N,1.0,0.0
2026-09-27T03:54:16,mobilenet_v3_small_batch7_node_1_local_train,ae417149-099a-4b67-8f47-e526b76e58bb,5b0fa12a-3dd7-45bb-9766-cc326314d9f1,15.389973830897361,0.0002228235947498443,1.447849081474701e-05,116.65924360172309,812.3518610844837,6.0,0.0004022844381584707,0.0005150451342643692,2.052358891814947e-05,0.0009378531613409893,0.0,United Kingdom,GBR,england,,,Linux-6.4.0-150600.23.73_15.0.14-cray_shasta_c_64k-aarch64-with-glibc2.38,3.11.7,3.3.0,72,Neoverse-V2,1,1 x NVIDIA GH200 120GB,-2.5917,51.4535,64,machine,5.833333333333333,5.166666666666667,41.89999999999999,359.2537841796875,N,1.0,0.0
2026-09-27T03:54:29,mobilenet_v3_small_batch7_node_1_evaluate,08daaf2e-ceb1-453b-94c4-d9960815fe2d,5b0fa12a-3dd7-45bb-9766-cc326314d9f1,10.083372249966487,0.00012455941119774805,1.2352951781400516e-05,117.60657228205716,143.95687462934657,6.0,0.0002311070884723787,0.0002831363376145646,1.002079152308094e-05,0.0005242642176100243,0.0,United Kingdom,GBR,england,,,Linux-6.4.0-150600.23.73_15.0.14-cray_shasta_c_64k-aarch64-with-glibc2.38,3.11.7,3.3.0,72,Neoverse-V2,1,1 x NVIDIA GH200 120GB,-2.5917,51.4535,64,machine,0.8857142857142858,0.2857142857142857,42.0,359.34885951450894,N,1.0,0.0
2026-09-27T03:54:48,mobilenet_v3_small_batch7_node_2_local_train,64fd8472-966d-4142-921e-a2bddb17f19c,5b0fa12a-3dd7-45bb-9766-cc326314d9f1,11.146139370044693,0.00014560961532498107,1.3063681557428543e-05,117.65585098800003,145.755837792183,6.0,0.0002671886673508927,0.0003338777671046955,1.1797020186592512e-05,0.0006128634546421807,0.0,United Kingdom,GBR,england,,,Linux-6.4.0-150600.23.73_15.0.14-cray_shasta_c_64k-aarch64-with-glibc2.38,3.11.7,3.3.0,72,Neoverse-V2,1,1 x NVIDIA GH200 120GB,-2.5917,51.4535,64,machine,1.95,5.5,42.0,359.4049835205078,N,1.0,0.0
2026-09-27T03:55:02,mobilenet_v3_small_batch7_node_2_evaluate,600f11bb-c8e2-48dc-ae9e-5504935774bf,5b0fa12a-3dd7-45bb-9766-cc326314d9f1,11.915345106972381,0.00015526970735918057,1.3031070939634217e-05,117.08938448640004,143.72766545510797,6.0,0.00028939910836599123,0.0003543730612705076,9.750120365060866e-06,0.0006535222900015597,0.0,United Kingdom,GBR,england,,,Linux-6.4.0-150600.23.73_15.0.14-cray_shasta_c_64k-aarch64-with-glibc2.38,3.11.7,3.3.0,72,Neoverse-V2,1,1 x NVIDIA GH200 120GB,-2.5917,51.4535,64,machine,8.4375,0.25,42.0,359.41712188720703,N,1.0,0.0
2026-09-27T03:55:15,mobilenet_v3_small_batch7_node_3_local_train,623f82fc-501e-4e23-9d61-ec55647bfb79,5b0fa12a-3dd7-45bb-9766-cc326314d9f1,8.340047473087907,9.503676330346358e-05,1.1395230496005339e-05,116.06573664000001,489.88682635149553,6.0,0.00017176781292294722,0.00021945267558010073,8.784407781980311e-06,0.00040000489628502827,0.0,United Kingdom,GBR,england,,,Linux-6.4.0-150600.23.73_15.0.14-cray_shasta_c_64k-aarch64-with-glibc2.38,3.11.7,3.3.0,72,Neoverse-V2,1,1 x NVIDIA GH200 120GB,-2.5917,51.4535,64,machine,14.680000000000001,4.2,42.0,359.41624755859374,N,1.0,0.0
2026-09-27T03:55:25,mobilenet_v3_small_batch7_node_3_evaluate,cabc367d-7c05-4d3f-ba9b-6fec91fb3360,5b0fa12a-3dd7-45bb-9766-cc326314d9f1,8.840047098929062,0.00010324141251841599,1.1678830594796637e-05,116.67346076160001,73.40296032977079,6.0,0.00018993078500830399,0.0002349907435359455,9.616318403277547e-06,0.000434537846947527,0.0,United Kingdom,GBR,england,,,Linux-6.4.0-150600.23.73_15.0.14-cray_shasta_c_64k-aarch64-with-glibc2.38,3.11.7,3.3.0,72,Neoverse-V2,1,1 x NVIDIA GH200 120GB,-2.5917,51.4535,64,machine,3.56,0.8,42.0,359.444482421875,N,1.0,0.0
2026-09-27T03:55:36,mobilenet_v3_small_batch7_node_4_local_train,864b2edb-75e4-458c-bfd8-b653a5d67eee,5b0fa12a-3dd7-45bb-9766-cc326314d9f1,11.428087217034772,0.00015064944841761916,1.3182385254556006e-05,116.15842984320001,74.97326564603306,6.0,0.0002725748206193786,0.0003475813891782309,1.3919645640222978e-05,0.0006340758554378324,0.0,United Kingdom,GBR,england,,,Linux-6.4.0-150600.23.73_15.0.14-cray_shasta_c_64k-aarch64-with-glibc2.38,3.11.7,3.3.0,72,Neoverse-V2,1,1 x NVIDIA GH200 120GB,-2.5917,51.4535,64,machine,0.0,3.125,42.0,359.4550476074219,N,1.0,0.0
2026-09-27T03:55:48,mobilenet_v3_small_batch7_node_4_evaluate,e356296b-7228-4455-9689-5fd62bc1b909,5b0fa12a-3dd7-45bb-9766-cc326314d9f1,9.080454898998141,0.00010707754472876565,1.1792090365492555e-05,116.6645501321143,72.67919297194518,6.0,0.0001979602928236069,0.00024270019414984745,1.002344506365868e-05,0.0004506839320371131,0.0,United Kingdom,GBR,england,,,Linux-6.4.0-150600.23.73_15.0.14-cray_shasta_c_64k-aarch64-with-glibc2.38,3.11.7,3.3.0,72,Neoverse-V2,1,1 x NVIDIA GH200 120GB,-2.5917,51.4535,64,machine,0.0,0.5,42.0,359.93934122721356,N,1.0,0.0
2026-09-27T03:56:01,mobilenet_v3_small_batch7_node_5_local_train,085a65e2-f92c-465e-bb7d-1987fbdffe1f,5b0fa12a-3dd7-45bb-9766-cc326314d9f1,11.875075387069955,0.000158139301338521,1.3316909256063268e-05,116.1105034752,74.5930962851017,6.0,0.0002865911964364497,0.00036435029147696696,1.465877699161259e-05,0.0006656002649050293,0.0,United Kingdom,GBR,england,,,Linux-6.4.0-150600.23.73_15.0.14-cray_shasta_c_64k-aarch64-with-glibc2.38,3.11.7,3.3.0,72,Neoverse-V2,1,1 x NVIDIA GH200 120GB,-2.5917,51.4535,64,machine,8.75,1.875,42.0,359.4636535644531,N,1.0,0.0
2026-09-27T03:56:39,mobilenet_v3_small_batch7_node_5_evaluate,e4d4d717-586d-4322-a1bb-5a5d729a9faa,5b0fa12a-3dd7-45bb-9766-cc326314d9f1,13.038872442906722,0.00017527875596113677,1.3442784775188914e-05,117.03465231552002,144.8465520432176,6.0,0.0003256642123289895,0.00040214226613954906,9.932877987933656e-06,0.0007377393564564723,0.0,United Kingdom,GBR,england,,,Linux-6.4.0-150600.23.73_15.0.14-cray_shasta_c_64k-aarch64-with-glibc2.38,3.11.7,3.3.0,72,Neoverse-V2,1,1 x NVIDIA GH200 120GB,-2.5917,51.4535,64,machine,1.3111111111111111,0.3333333333333333,42.0,359.4450276692708,N,1.0,0.0
2026-09-27T03:57:39,mobilenet_v3_small_batch7_node_2_upload,e65abb00-2c7c-4562-8378-bd8c3a7ed403,5b0fa12a-3dd7-45bb-9766-cc326314d9f1,3.080205434933305,1.5016159118859045e-07,4.8750511730670285e-08,115.20035562240001,0.0,6.0,6.266022892251925e-07,0.0,5.420199983442824e-09,6.320224892086353e-07,0.0,United Kingdom,GBR,england,,,Linux-6.4.0-150600.23.73_15.0.14-cray_shasta_c_64k-aarch64-with-glibc2.38,3.11.7,3.3.0,72,Neoverse-V2,1,1 x NVIDIA GH200 120GB,-2.5917,51.4535,64,machine,0,0,0,0,N,1.0,0.0
2026-09-27T03:58:03,mobilenet_v3_small_batch7_node_3_upload,12ce9857-0568-4acf-8841-16c34ffa3187,5b0fa12a-3dd7-45bb-9766-cc326314d9f1,13.309048251016065,0.0001764921795320565,1.326106692254139e-05,116.92683403985455,144.13386963673955,6.0,0.00033284446526025095,0.00040999671689689876,5.412306636571884e-09,0.0007428465944637863,0.0,United Kingdom,GBR,england,,,Linux-6.4.0-150600.23.73_15.0.14-cray_shasta_c_64k-aarch64-with-glibc2.38,3.11.7,3.3.0,72,Neoverse-V2,1,1 x NVIDIA GH200 120GB,-2.5917,51.4535,64,machine,0.0,0.0,41.89999999999999,358.4722595214844,N,1.0,0.0
2026-09-27T03:59:49,mobilenet_v3_small_batch7_node_4_upload,1a72ce44-5b03-4bbd-bb2f-ae2f5b5c6270,5b0fa12a-3dd7-45bb-9766-cc326314d9f1,20.3719369340688,0.00030084913737640464,1.476782194791123e-05,115.2020576736,71.48621468728271,6.0,0.0005539685056740353,0.0006872788831486787,2.5011307398090135e-05,0.0012662586962208042,0.0,United Kingdom,GBR,england,,,Linux-6.4.0-150600.23.73_15.0.14-cray_shasta_c_64k-aarch64-with-glibc2.38,3.11.7,3.3.0,72,Neoverse-V2,1,1 x NVIDIA GH200 120GB,-2.5917,51.4535,64,machine,1.5705882352941176,0.0,41.89999999999999,358.9721715590533,N,1.0,0.0
2026-09-27T04:00:46,mobilenet_v3_small_batch7_node_5_upload,f076ee2f-6c0b-4176-9697-d55173d8503d,5b0fa12a-3dd7-45bb-9766-cc326314d9f1,32.23204589309171,0.0004966048560658768,1.5407177617984035e-05,115.20035562239994,142.81891200921999,6.0,0.0009332812261531843,0.0011568978699614263,5.44974347576499e-09,0.0020901845458580863,0.0,United Kingdom,GBR,england,,,Linux-6.4.0-150600.23.73_15.0.14-cray_shasta_c_64k-aarch64-with-glibc2.38,3.11.7,3.3.0,72,Neoverse-V2,1,1 x NVIDIA GH200 120GB,-2.5917,51.4535,64,machine,1.0689655172413792,0.0,41.900000000000006,358.96732304014006,N,1.0,0.0
2026-09-27T04:00:59,mobilenet_v3_small_batch7_node_0_exchange,1f3e85c6-ff71-472a-86ac-0e80bd807b7a,5b0fa12a-3dd7-45bb-9766-cc326314d9f1,9.326753497123718,0.00010734918134951244,1.1509812217361369e-05,115.55345289600001,206.7479017703343,6.0,0.0002008959758062824,0.0002508365895437237,9.467138869998356e-08,0.0004518272367387061,0.0,United Kingdom,GBR,england,,,Linux-6.4.0-150600.23.73_15.0.14-cray_shasta_c_64k-aarch64-with-glibc2.38,3.11.7,3.3.0,72,Neoverse-V2,1,1 x NVIDIA GH200 120GB,-2.5917,51.4535,64,machine,0.0,0.0,41.9,358.96142578125,N,1.0,0.0
2026-09-27T04:01:09,mobilenet_v3_small_batch7_node_1_exchange,4ccb4c99-b81b-471a-be1b-8e2166128e25,5b0fa12a-3dd7-45bb-9766-cc326314d9f1,4.548264666926116,2.5383456782861472e-05,5.5809102243859845e-06,116.21267781120001,215.20864872391277,6.0,4.6911585726845056e-05,5.9829770094665946e-05,9.632093482650817e-08,0.00010683767675633751,0.0,United Kingdom,GBR,england,,,Linux-6.4.0-150600.23.73_15.0.14-cray_shasta_c_64k-aarch64-with-glibc2.38,3.11.7,3.3.0,72,Neoverse-V2,1,1 x NVIDIA GH200 120GB,-2.5917,51.4535,64,machine,0.0,0.0,41.9,358.95953369140625,N,1.0,0.0
2026-09-27T04:02:13,mobilenet_v3_small_batch7_node_2_exchange,68a533fb-f285-4ec0-af8b-fadcfddd4024,5b0fa12a-3dd7-45bb-9766-cc326314d9f1,61.363348324084654,0.001008747131575622,1.6438919308118922e-05,115.20035960465452,143.3000187980945,6.0,0.0018640555469096928,0.00231786629872488,6.384345316134083e-05,0.004245765298795913,0.0,United Kingdom,GBR,england,,,Linux-6.4.0-150600.23.73_15.0.14-cray_shasta_c_64k-aarch64-with-glibc2.38,3.11.7,3.3.0,72,Neoverse-V2,1,1 x NVIDIA GH200 120GB,-2.5917,51.4535,64,machine,0.9051724137931034,0.0,41.90000000000004,358.93759681438576,N,1.0,0.0
2026-09-27T04:02:30,mobilenet_v3_small_batch7_node_3_exchange,80f241bc-aafd-439c-bc3c-6c95bbec1558,5b0fa12a-3dd7-45bb-9766-cc326314d9f1,10.614612594014034,0.00012797231392806257,1.2056239716203191e-05,115.20035562240001,142.84733087677202,6.0,0.00024059253748825738,0.0002980310717646262,5.342121391246717e-09,0.0005386289513742748,0.0,United Kingdom,GBR,england,,,Linux-6.4.0-150600.23.73_15.0.14-cray_shasta_c_64k-aarch64-with-glibc2.38,3.11.7,3.3.0,72,Neoverse-V2,1,1 x NVIDIA GH200 120GB,-2.5917,51.4535,64,machine,0.0,0.0,41.9,358.92789132254467,N,1.0,0.0
2026-09-27T04:03:44,mobilenet_v3_small_batch7_node_4_exchange,f89d2a4e-eae3-4325-95db-a93fcf5aca70,5b0fa12a-3dd7-45bb-9766-cc326314d9f1,62.660417310893536,0.0010322663712268006,1.6473978558188453e-05,115.20037101489228,143.20556191339577,6.0,0.0019058480556719013,0.0023685782837503666,7.033024117195357e-05,0.004344756580594222,0.0,United Kingdom,GBR,england,,,Linux-6.4.0-150600.23.73_15.0.14-cray_shasta_c_64k-aarch64-with-glibc2.38,3.11.7,3.3.0,72,Neoverse-V2,1,1 x NVIDIA GH200 120GB,-2.5917,51.4535,64,machine,1.5525423728813559,0.0,41.90000000000004,358.9294237039857,N,1.0,0.0
2026-09-27T04:04:42,mobilenet_v3_small_batch7_node_5_exchange,888959c0-1fd5-4b72-ae35-497cd92c53f8,5b0fa12a-3dd7-45bb-9766-cc326314d9f1,4.119260049890727,1.7235670442506244e-05,4.184166630354755e-06,115.20053084160004,141.30275120791836,6.0,3.263174943505018e-05,3.989892080369373e-05,1.3388798106461765e-08,7.254405903685038e-05,0.0,United Kingdom,GBR,england,,,Linux-6.4.0-150600.23.73_15.0.14-cray_shasta_c_64k-aarch64-with-glibc2.38,3.11.7,3.3.0,72,Neoverse-V2,1,1 x NVIDIA GH200 120GB,-2.5917,51.4535,64,machine,0.0,0.0,41.9,358.7464599609375,N,1.0,0.0
2026-09-27T04:04:52,mobilenet_v3_small_batch7_node_0_evaluate,645cbd06-c6ac-417c-b316-ffa5ae1da7a0,5b0fa12a-3dd7-45bb-9766-cc326314d9f1,9.665107812965289,0.00011715781154740095,1.212172836708963e-05,116.78831513280002,144.29754674760517,6.0,0.00021668800540378626,0.00026709465811336486,9.328598146482061e-06,0.0004931112616636332,0.0,United Kingdom,GBR,england,,,Linux-6.4.0-150600.23.73_15.0.14-cray_shasta_c_64k-aarch64-with-glibc2.38,3.11.7,3.3.0,72,Neoverse-V2,1,1 x NVIDIA GH200 120GB,-2.5917,51.4535,64,machine,0.0,0.5,41.81666666666666,358.3105875651042,N,1.0,0.0
2026-09-27T04:05:06,mobilenet_v3_small_batch7_node_1_evaluate,e01d7101-7ebc-466e-927c-cfee4a57ff73,5b0fa12a-3dd7-45bb-9766-cc326314d9f1,9.180377857992426,0.0001097628567639561,1.1956246078520252e-05,116.59796691017144,771.8423451829739,6.0,0.00020095732708291637,0.0002508352006742598,1.0193745866417884e-05,0.0004619862736235941,0.0,United Kingdom,GBR,england,,,Linux-6.4.0-150600.23.73_15.0.14-cray_shasta_c_64k-aarch64-with-glibc2.38,3.11.7,3.3.0,72,Neoverse-V2,1,1 x NVIDIA GH200 120GB,-2.5917,51.4535,64,machine,13.049999999999999,0.6666666666666666,41.800000000000004,358.17156982421875,N,1.0,0.0
2026-09-27T04:05:24,mobilenet_v3_small_batch7_node_2_evaluate,e158ac6e-829d-4127-86b0-baea7a97fff4,5b0fa12a-3dd7-45bb-9766-cc326314d9f1,14.878116694046184,0.00020619161273469801,1.3858717267435486e-05,116.9024820809143,144.494042722789,6.0,0.00038398011504609344,0.00047417010155470507,9.699779546742016e-06,0.0008678499961475406,0.0,United Kingdom,GBR,england,,,Linux-6.4.0-150600.23.73_15.0.14-cray_shasta_c_64k-aarch64-with-glibc2.38,3.11.7,3.3.0,72,Neoverse-V2,1,1 x NVIDIA GH200 120GB,-2.5917,51.4535,64,machine,0.0,0.2727272727272727,41.85454545454546,358.53106689453125,N,1.0,0.0
2026-09-27T04:05:38,mobilenet_v3_small_batch7_node_3_evaluate,4975f291-5850-4885-960b-f2c21a02c852,5b0fa12a-3dd7-45bb-9766-cc326314d9f1,8.800826326012611,0.00010286364359241875,1.1687952901466147e-05,116.53709244480002,73.89572841792233,6.0,0.00018818358761835114,0.00023520991040015815,9.554338760208338e-06,0.00043294783677871765,0.0,United Kingdom,GBR,england,,,Linux-6.4.0-150600.23.73_15.0.14-cray_shasta_c_64k-aarch64-with-glibc2.38,3.11.7,3.3.0,72,Neoverse-V2,1,1 x NVIDIA GH200 120GB,-2.5917,51.4535,64,machine,0.0,0.4,41.8,358.24757080078126,N,1.0,0.0
