timestamp,project_name,run_id,experiment_id,duration,emissions,emissions_rate,cpu_power,gpu_power,ram_power,cpu_energy,gpu_energy,ram_energy,energy_consumed,water_consumed,country_name,country_iso_code,region,cloud_provider,cloud_region,os,python_version,codecarbon_version,cpu_count,cpu_model,gpu_count,gpu_model,longitude,latitude,ram_total_size,tracking_mode,cpu_utilization_percent,gpu_utilization_percent,ram_utilization_percent,ram_used_gb,on_cloud,pue,wue
2026-09-26T20:11:04,mobilenet_v3_small_batch0_node_0_local_train,17f547d9-f89b-4fd5-8ea6-159a146d6dea,5b0fa12a-3dd7-45bb-9766-cc326314d9f1,92.8444071218837,0.0015977271978141782,1.720865313638897e-05,121.48126540457146,121.20202212174998,6.0,0.0030540658455663946,0.0035211836502782035,0.00014950290352649367,0.006724752399371091,0.0,United Kingdom,GBR,england,,,Linux-6.4.0-150600.23.73_15.0.14-cray_shasta_c_64k-aarch64-with-glibc2.38,3.11.7,3.3.0,72,Neoverse-V2,1,1 x NVIDIA GH200 120GB,-2.5917,51.4535,64,machine,4.424719101123596,3.067415730337079,15.251685393258407,130.5674075008778,N,1.0,0.0
2026-09-26T20:12:30,mobilenet_v3_small_batch0_node_0_evaluate,ce5b8298-1b54-4ed5-8b60-0347984c7181,5b0fa12a-3dd7-45bb-9766-cc326314d9f1,82.78850185009651,0.0013537224319803572,1.6351575420841838e-05,116.11837251154286,136.35169675483968,6.0,0.0025616541783513034,0.003008295184400822,0.0001277994049953607,0.005697748767747485,0.0,United Kingdom,GBR,england,,,Linux-6.4.0-150600.23.73_15.0.14-cray_shasta_c_64k-aarch64-with-glibc2.38,3.11.7,3.3.0,72,Neoverse-V2,1,1 x NVIDIA GH200 120GB,-2.5917,51.4535,64,machine,1.1645569620253167,0.05063291139240506,15.299999999999978,130.83405004573774,N,1.0,0.0
2026-09-26T20:14:50,mobilenet_v3_small_batch0_node_1_local_train,68ac1f1a-afca-416a-8b8b-35df7d266c8c,5b0fa12a-3dd7-45bb-9766-cc326314d9f1,138.26325471210293,0.0024284981061192114,1.7564305940692078e-05,118.95186815582284,141.0413587223109,6.0,0.004577878947507049,0.005421535726114257,0.00022201016557247687,0.010221424839193782,0.0,United Kingdom,GBR,england,,,Linux-6.4.0-150600.23.73_15.0.14-cray_shasta_c_64k-aarch64-with-glibc2.38,3.11.7,3.3.0,72,Neoverse-V2,1,1 x NVIDIA GH200 120GB,-2.5917,51.4535,64,machine,3.456521739130435,2.6666666666666665,15.304347826086934,131.2026216811028,N,1.0,0.0
2026-09-26T20:15:03,mobilenet_v3_small_batch0_node_1_evaluate,4a967469-55d8-4c93-8a26-966638de84ca,5b0fa12a-3dd7-45bb-9766-cc326314d9f1,12.643106061965227,0.00016753369447976226,1.3250991778338451e-05,117.96510340224002,69.30138025254165,6.0,0.00032108304331716,0.0003681169611695623,1.594078266993165e-05,0.0007051407871566539,0.0,United Kingdom,GBR,england,,,Linux-6.4.0-150600.23.73_15.0.14-cray_shasta_c_64k-aarch64-with-glibc2.38,3.11.7,3.3.0,72,Neoverse-V2,1,1 x NVIDIA GH200 120GB,-2.5917,51.4535,64,machine,0.8555555555555556,0.6666666666666666,15.322222222222223,131.3710462782118,N,1.0,0.0
2026-09-26T20:16:39,mobilenet_v3_small_batch0_node_2_local_train,a06e0f42-da9f-4de5-af7f-c4bec73230a9,5b0fa12a-3dd7-45bb-9766-cc326314d9f1,84.70143053610809,0.0014300055751509534,1.6882897562649125e-05,118.37860898420571,140.59583210322234,6.0,0.0026918371708193976,0.0031987267256425866,0.00012825673559991023,0.006018820632061894,0.0,United Kingdom,GBR,england,,,Linux-6.4.0-150600.23.73_15.0.14-cray_shasta_c_64k-aarch64-with-glibc2.38,3.11.7,3.3.0,72,Neoverse-V2,1,1 x NVIDIA GH200 120GB,-2.5917,51.4535,64,machine,2.5567901234567905,2.753086419753086,11.840740740740728,101.50520381221065,N,1.0,0.0
2026-09-26T20:16:56,mobilenet_v3_small_batch0_node_2_evaluate,c013ed61-43ca-42ed-9814-4e16cd6c6e90,5b0fa12a-3dd7-45bb-9766-cc326314d9f1,10.955820441013202,0.00013752151466942124,1.2552370259246705e-05,117.4206074832,69.19811475043242,6.0,0.00026251365734563926,0.0003031588536259733,1.3148539958444112e-05,0.0005788210509300567,0.0,United Kingdom,GBR,england,,,Linux-6.4.0-150600.23.73_15.0.14-cray_shasta_c_64k-aarch64-with-glibc2.38,3.11.7,3.3.0,72,Neoverse-V2,1,1 x NVIDIA GH200 120GB,-2.5917,51.4535,64,machine,9.885714285714286,0.7142857142857143,10.985714285714286,93.72847202845982,N,1.0,0.0
2026-09-26T20:18:51,mobilenet_v3_small_batch0_node_3_local_train,adf4defb-24fa-4ff6-bccc-9a0050eeb9b8,5b0fa12a-3dd7-45bb-9766-cc326314d9f1,109.01118107605726,0.0036767354421327262,3.372805803807834e-05,117.8778951907986,140.986383380161,6.0,0.0034718665058602045,0.004113809679921587,0.00015191991953606096,0.007737596105317852,0.0,United Kingdom,GBR,england,,,Linux-6.4.0-150600.23.73_15.0.14-cray_shasta_c_64k-aarch64-with-glibc2.38,3.11.7,3.3.0,72,Neoverse-V2,1,1 x NVIDIA GH200 120GB,-2.5917,51.4535,64,machine,5.740952380952381,2.257142857142857,11.393333333333329,97.49796258835565,N,1.0,0.0
2026-09-26T20:19:24,mobilenet_v3_small_batch0_node_3_evaluate,fbc4fc3d-36f6-4362-8b89-8f4ebf7251f1,5b0fa12a-3dd7-45bb-9766-cc326314d9f1,15.758881798014045,0.0002171804058581343,1.3781460426050258e-05,118.12719929760001,136.7600387854829,6.0,0.00041870551358494585,0.00048284733071568553,1.2548422416827331e-05,0.0009141012667174587,0.0,United Kingdom,GBR,england,,,Linux-6.4.0-150600.23.73_15.0.14-cray_shasta_c_64k-aarch64-with-glibc2.38,3.11.7,3.3.0,72,Neoverse-V2,1,1 x NVIDIA GH200 120GB,-2.5917,51.4535,64,machine,3.6666666666666665,0.3333333333333333,12.900000000000004,110.31481424967448,N,1.0,0.0
2026-09-26T20:20:57,mobilenet_v3_small_batch0_node_4_local_train,6a172c4a-1487-4bc8-a685-4ba6e4bbe0bd,5b0fa12a-3dd7-45bb-9766-cc326314d9f1,91.84541065013036,0.0015603178777613277,1.6988523070631107e-05,118.55489754466286,121.06889842335012,6.0,0.0029374304615127143,0.0034819444522042886,0.00014792356290156022,0.006567298476618563,0.0,United Kingdom,GBR,england,,,Linux-6.4.0-150600.23.73_15.0.14-cray_shasta_c_64k-aarch64-with-glibc2.38,3.11.7,3.3.0,72,Neoverse-V2,1,1 x NVIDIA GH200 120GB,-2.5917,51.4535,64,machine,4.495454545454546,2.9431818181818183,13.161363636363655,112.80448011918502,N,1.0,0.0
2026-09-26T20:21:14,mobilenet_v3_small_batch0_node_4_evaluate,8ec6f665-ac58-4b65-a45f-b0915a86794d,5b0fa12a-3dd7-45bb-9766-cc326314d9f1,15.744350098073483,0.00021737981626906527,1.3806845942511429e-05,117.94642186752,136.76815504656997,6.0,0.0004179276054688761,0.0004832359421413912,1.3777027370330568e-05,0.0009149405749805979,0.0,United Kingdom,GBR,england,,,Linux-6.4.0-150600.23.73_15.0.14-cray_shasta_c_64k-aarch64-with-glibc2.38,3.11.7,3.3.0,72,Neoverse-V2,1,1 x NVIDIA GH200 120GB,-2.5917,51.4535,64,machine,0.0,0.4166666666666667,11.5,98.40074157714844,N,1.0,0.0
2026-09-26T20:22:56,mobilenet_v3_small_batch0_node_5_local_train,a19b6517-f813-4353-b61c-94ca2a6bbfce,5b0fa12a-3dd7-45bb-9766-cc326314d9f1,98.2459785649553,0.001671474790139443,1.7013162416967003e-05,118.51233695025431,140.48770257784986,6.0,0.003143884057472101,0.0037343635430460154,0.00015690465880131038,0.007035152259319426,0.0,United Kingdom,GBR,england,,,Linux-6.4.0-150600.23.73_15.0.14-cray_shasta_c_64k-aarch64-with-glibc2.38,3.11.7,3.3.0,72,Neoverse-V2,1,1 x NVIDIA GH200 120GB,-2.5917,51.4535,64,machine,6.790526315789475,3.0210526315789474,11.5,98.4975630910773,N,1.0,0.0
2026-09-26T20:23:17,mobilenet_v3_small_batch0_node_5_evaluate,18368723-5580-4045-b9c1-3f4b3c3351db,5b0fa12a-3dd7-45bb-9766-cc326314d9f1,12.545483449008316,0.00016459826398785088,1.3120121249760359e-05,117.74382505920002,135.87854667653994,6.0,0.0003155201002386696,0.00036314084607624864,1.4124763410072774e-05,0.000692785709724991,0.0,United Kingdom,GBR,england,,,Linux-6.4.0-150600.23.73_15.0.14-cray_shasta_c_64k-aarch64-with-glibc2.38,3.11.7,3.3.0,72,Neoverse-V2,1,1 x NVIDIA GH200 120GB,-2.5917,51.4535,64,machine,20.077777777777776,0.4444444444444444,11.555555555555555,98.74735514322917,N,1.0,0.0
2026-09-26T20:23:59,mobilenet_v3_small_batch0_node_0_exchange,558eb479-f70e-4938-860f-a10c30c053f4,5b0fa12a-3dd7-45bb-9766-cc326314d9f1,30.661160563817248,0.0004822386417305882,1.5727997011948414e-05,117.64889860937144,139.03025975132587,6.0,0.0009087418102162276,0.0010783525293618368,4.262354184989818e-05,0.0020297178814279626,0.0,United Kingdom,GBR,england,,,Linux-6.4.0-150600.23.73_15.0.14-cray_shasta_c_64k-aarch64-with-glibc2.38,3.11.7,3.3.0,72,Neoverse-V2,1,1 x NVIDIA GH200 120GB,-2.5917,51.4535,64,machine,4.2,2.2962962962962963,11.5,98.38592077184606,N,1.0,0.0
2026-09-26T20:25:16,mobilenet_v3_small_batch0_node_1_exchange,780f9fba-7b03-4d6d-b0cb-3962c7eba9ea,5b0fa12a-3dd7-45bb-9766-cc326314d9f1,56.88637135899626,0.000945398316387947,1.6619065231314627e-05,118.00173831724801,113.31358150450714,6.0,0.0017743787081093167,0.0021150803031702026,8.967435090453364e-05,0.003979133362184053,0.0,United Kingdom,GBR,england,,,Linux-6.4.0-150600.23.73_15.0.14-cray_shasta_c_64k-aarch64-with-glibc2.38,3.11.7,3.3.0,72,Neoverse-V2,1,1 x NVIDIA GH200 120GB,-2.5917,51.4535,64,machine,1.9660377358490564,2.943396226415094,11.5,98.49458514519458,N,1.0,0.0
2026-09-26T20:25:52,mobilenet_v3_small_batch0_node_2_exchange,6beccb85-16de-4648-a9f2-84e6ce0753de,5b0fa12a-3dd7-45bb-9766-cc326314d9f1,34.95254059997387,0.000559589967733253,1.6009994069892342e-05,118.14046123551431,139.80649826382873,6.0,0.0010522450915942832,0.0012515798901517883,5.1460691131263356e-05,0.0023552856728773345,0.0,United Kingdom,GBR,england,,,Linux-6.4.0-150600.23.73_15.0.14-cray_shasta_c_64k-aarch64-with-glibc2.38,3.11.7,3.3.0,72,Neoverse-V2,1,1 x NVIDIA GH200 120GB,-2.5917,51.4535,64,machine,5.712903225806452,2.935483870967742,11.5,98.41337339339718,N,1.0,0.0
2026-09-26T20:26:22,mobilenet_v3_small_batch0_node_3_exchange,fc2c8706-0287-44f8-a135-e116d45da910,5b0fa12a-3dd7-45bb-9766-cc326314d9f1,28.83262536395341,0.00045167749105300023,1.5665499944992455e-05,117.45273512683637,94.05620689101818,6.0,0.000848804861964023,0.0010093544185991732,4.292827421838107e-05,0.0019010875547815775,0.0,United Kingdom,GBR,england,,,Linux-6.4.0-150600.23.73_15.0.14-cray_shasta_c_64k-aarch64-with-glibc2.38,3.11.7,3.3.0,72,Neoverse-V2,1,1 x NVIDIA GH200 120GB,-2.5917,51.4535,64,machine,4.156000000000001,2.48,11.504000000000001,98.49883544921875,N,1.0,0.0
2026-09-26T20:27:13,mobilenet_v3_small_batch0_node_4_exchange,2bfecee1-9276-443a-9556-fd4e163f9326,5b0fa12a-3dd7-45bb-9766-cc326314d9f1,39.77607432496734,0.000643408499825039,1.6175766732746002e-05,117.83851135992,139.54212369706258,6.0,0.0012088148755912626,0.0014397583740333175,5.9500355740310625e-05,0.0027080736053648907,0.0,United Kingdom,GBR,england,,,Linux-6.4.0-150600.23.73_15.0.14-cray_shasta_c_64k-aarch64-with-glibc2.38,3.11.7,3.3.0,72,Neoverse-V2,1,1 x NVIDIA GH200 120GB,-2.5917,51.4535,64,machine,7.413888888888888,2.9444444444444446,11.5,98.24059041341145,N,1.0,0.0
2026-09-26T20:27:59,mobilenet_v3_small_batch0_node_5_exchange,d37527be-730b-4529-ba26-3ce10f3e067c,5b0fa12a-3dd7-45bb-9766-cc326314d9f1,42.20990421809256,0.0006865834866609551,1.626593330118628e-05,118.08315632304001,139.49628791428,6.0,0.0012921796862909105,0.001534072338344572,6.354290131207866e-05,0.002889794925947561,0.0,United Kingdom,GBR,england,,,Linux-6.4.0-150600.23.73_15.0.14-cray_shasta_c_64k-aarch64-with-glibc2.38,3.11.7,3.3.0,72,Neoverse-V2,1,1 x NVIDIA GH200 120GB,-2.5917,51.4535,64,machine,7.925641025641026,2.8205128205128207,11.502564102564103,98.61498240935497,N,1.0,0.0
2026-09-26T20:30:59,mobilenet_v3_small_batch0_node_0_evaluate,1a1ce1c5-0e3b-45c3-8247-4b833e53323e,5b0fa12a-3dd7-45bb-9766-cc326314d9f1,162.68022974999622,0.0027690850850351258,1.7021644789232236e-05,115.71828088760418,135.9969272720505,6.0,0.005220081174721735,0.006126101567545561,0.00030875534423976204,0.01165493808650706,0.0,United Kingdom,GBR,england,,,Linux-6.4.0-150600.23.73_15.0.14-cray_shasta_c_64k-aarch64-with-glibc2.38,3.11.7,3.3.0,72,Neoverse-V2,1,1 x NVIDIA GH200 120GB,-2.5917,51.4535,64,machine,3.110493827160494,0.030864197530864196,16.08641975308641,137.797445791739,N,1.0,0.0
2026-09-26T20:31:24,mobilenet_v3_small_batch0_node_1_evaluate,9a8f8129-6b9a-4a5e-ac11-3867ede0c405,5b0fa12a-3dd7-45bb-9766-cc326314d9f1,16.100802884204313,0.00022405600793081238,1.3915828269074857e-05,118.0136722464,135.71181850841538,6.0,0.00043169242775374054,0.0004955581742223103,1.5789723673757787e-05,0.0009430403256498086,0.0,United Kingdom,GBR,england,,,Linux-6.4.0-150600.23.73_15.0.14-cray_shasta_c_64k-aarch64-with-glibc2.38,3.11.7,3.3.0,72,Neoverse-V2,1,1 x NVIDIA GH200 120GB,-2.5917,51.4535,64,machine,0.0,0.38461538461538464,17.5,150.21187180739182,N,1.0,0.0
2026-09-26T20:31:45,mobilenet_v3_small_batch0_node_2_evaluate,172ee1ea-f8c3-430e-a03d-bd23d663f083,5b0fa12a-3dd7-45bb-9766-cc326314d9f1,11.853472359012812,0.0001526914951004287,1.2881583596415897e-05,117.99438258240001,136.12620080310683,6.0,0.00029326063028892494,0.0003364272135968349,1.2982882033490266e-05,0.0006426707259192501,0.0,United Kingdom,GBR,england,,,Linux-6.4.0-150600.23.73_15.0.14-cray_shasta_c_64k-aarch64-with-glibc2.38,3.11.7,3.3.0,72,Neoverse-V2,1,1 x NVIDIA GH200 120GB,-2.5917,51.4535,64,machine,0.0,0.5,17.5,150.2245864868164,N,1.0,0.0
2026-09-26T20:32:30,mobilenet_v3_small_batch0_node_3_evaluate,9284600d-b622-4e24-9d5f-4a47036eefea,5b0fa12a-3dd7-45bb-9766-cc326314d9f1,40.26135077304207,0.0006223021079384797,1.5456563080719007e-05,117.09008198400001,133.11313851224568,6.0,0.001202314099897358,0.001404559456986476,1.2364320031677685e-05,0.0026192378769155124,0.0,United Kingdom,GBR,england,,,Linux-6.4.0-150600.23.73_15.0.14-cray_shasta_c_64k-aarch64-with-glibc2.38,3.11.7,3.3.0,72,Neoverse-V2,1,1 x NVIDIA GH200 120GB,-2.5917,51.4535,64,machine,4.97027027027027,0.10810810810810811,17.581081081081095,150.46681996938344,N,1.0,0.0
2026-09-26T20:32:44,mobilenet_v3_small_batch0_node_4_evaluate,d507e3f0-e5ad-483e-af32-4dd60108140d,5b0fa12a-3dd7-45bb-9766-cc326314d9f1,12.241496317088604,0.00015955008366439554,1.3033544227895609e-05,118.21710968640002,136.4020355489311,6.0,0.0003060571640672362,0.0003518688926078539,1.3612119184884555e-05,0.0006715381758599748,0.0,United Kingdom,GBR,england,,,Linux-6.4.0-150600.23.73_15.0.14-cray_shasta_c_64k-aarch64-with-glibc2.38,3.11.7,3.3.0,72,Neoverse-V2,1,1 x NVIDIA GH200 120GB,-2.5917,51.4535,64,machine,0.0,0.5555555555555556,17.599999999999998,150.9343736436632,N,1.0,0.0
2026-09-26T20:33:19,mobilenet_v3_small_batch0_node_5_evaluate,b150882f-faee-4ec6-a8f6-5a9a4b1b44e3,5b0fa12a-3dd7-45bb-9766-cc326314d9f1,12.395722765941173,0.00016178266575605032,1.305149113213219e-05,117.83387998080002,135.51074137168513,6.0,0.0003111299212725296,0.0003559261180754447,1.3878960824804381e-05,0.0006809350001727787,0.0,United Kingdom,GBR,england,,,Linux-6.4.0-150600.23.73_15.0.14-cray_shasta_c_64k-aarch64-with-glibc2.38,3.11.7,3.3.0,72,Neoverse-V2,1,1 x NVIDIA GH200 120GB,-2.5917,51.4535,64,machine,8.31111111111111,0.5555555555555556,18.577777777777772,159.29376898871527,N,1.0,0.0
2026-09-26T20:35:05,efficientnet_lite0_batch0_node_0_local_train,963ea0da-cf98-4650-bae2-798d80b99049,5b0fa12a-3dd7-45bb-9766-cc326314d9f1,96.88470484409481,0.0017513223773569467,1.8076355604067166e-05,118.72223985924002,155.26595546810847,6.0,0.003102663646192299,0.0041139407911572334,0.00015462224973171638,0.0073712266870812485,0.0,United Kingdom,GBR,england,,,Linux-6.4.0-150600.23.73_15.0.14-cray_shasta_c_64k-aarch64-with-glibc2.38,3.11.7,3.3.0,72,Neoverse-V2,1,1 x NVIDIA GH200 120GB,-2.5917,51.4535,64,machine,4.690322580645161,8.064516129032258,18.99784946236559,162.6224371797295,N,1.0,0.0
2026-09-26T20:35:21,efficientnet_lite0_batch0_node_0_evaluate,ef41b754-c94b-425c-9585-674e3e262ce9,5b0fa12a-3dd7-45bb-9766-cc326314d9f1,11.720046679954976,0.00015355294242695104,1.31017347131881e-05,118.33315439040001,145.17613396902715,6.0,0.000289913668795559,0.00034365833047900196,1.2724514566361905e-05,0.0006462965138409229,0.0,United Kingdom,GBR,england,,,Linux-6.4.0-150600.23.73_15.0.14-cray_shasta_c_64k-aarch64-with-glibc2.38,3.11.7,3.3.0,72,Neoverse-V2,1,1 x NVIDIA GH200 120GB,-2.5917,51.4535,64,machine,8.1875,1.625,19.0,162.69536590576172,N,1.0,0.0
2026-09-26T20:37:41,efficientnet_lite0_batch0_node_1_local_train,3eba5812-2990-493c-ae35-69c403917329,5b0fa12a-3dd7-45bb-9766-cc326314d9f1,139.45474530896172,0.002602999600585314,1.866555056852582e-05,118.77015973287274,143.56233671282467,6.0,0.004614314718650779,0.006109242109616275,0.00023233591333846564,0.01095589274160552,0.0,United Kingdom,GBR,england,,,Linux-6.4.0-150600.23.73_15.0.14-cray_shasta_c_64k-aarch64-with-glibc2.38,3.11.7,3.3.0,72,Neoverse-V2,1,1 x NVIDIA GH200 120GB,-2.5917,51.4535,64,machine,4.566187050359712,8.39568345323741,19.046762589928015,163.1278985112691,N,1.0,0.0
2026-09-26T20:38:03,efficientnet_lite0_batch0_node_1_evaluate,bff57951-1521-4ebe-88ad-11048ee95a70,5b0fa12a-3dd7-45bb-9766-cc326314d9f1,18.063769784988835,0.00025987557627331164,1.438656378854378e-05,117.71942602647272,139.4209073826023,6.0,0.000493883743962599,0.0005834496334244932,1.6469687036393835e-05,0.001093803064423486,0.0,United Kingdom,GBR,england,,,Linux-6.4.0-150600.23.73_15.0.14-cray_shasta_c_64k-aarch64-with-glibc2.38,3.11.7,3.3.0,72,Neoverse-V2,1,1 x NVIDIA GH200 120GB,-2.5917,51.4535,64,machine,9.693333333333332,1.6,19.1,163.31534423828126,N,1.0,0.0
2026-09-26T20:39:37,efficientnet_lite0_batch0_node_2_local_train,b5c47243-ba22-4ccf-aea3-6faeff1f0799,5b0fa12a-3dd7-45bb-9766-cc326314d9f1,86.74993435991928,0.0015730163508211365,1.813276704388967e-05,122.31241883197715,154.6382675334443,6.0,0.002836044758422607,0.00364708819545001,0.00013761274908979736,0.006620745702962412,0.0,United Kingdom,GBR,england,,,Linux-6.4.0-150600.23.73_15.0.14-cray_shasta_c_64k-aarch64-with-glibc2.38,3.11.7,3.3.0,72,Neoverse-V2,1,1 x NVIDIA GH200 120GB,-2.5917,51.4535,64,machine,7.468674698795182,7.240963855421687,19.843373493975893,169.82409594432417,N,1.0,0.0
2026-09-26T20:40:02,efficientnet_lite0_batch0_node_2_evaluate,9c476bb8-953d-4cc7-aef8-1b2d2108aef1,5b0fa12a-3dd7-45bb-9766-cc326314d9f1,11.26106436108239,0.00014574483996232567,1.2942368082542154e-05,117.95389488000001,71.41374052428506,6.0,0.0002748739290292085,0.00032490442660559893,1.3654252618628864e-05,0.0006134326082534362,0.0,United Kingdom,GBR,england,,,Linux-6.4.0-150600.23.73_15.0.14-cray_shasta_c_64k-aarch64-with-glibc2.38,3.11.7,3.3.0,72,Neoverse-V2,1,1 x NVIDIA GH200 120GB,-2.5917,51.4535,64,machine,0.0,2.625,12.412500000000001,106.39177703857422,N,1.0,0.0
2026-09-26T20:41:28,efficientnet_lite0_batch0_node_3_local_train,4d0eed76-1611-4400-8450-ab2beb7a0d2d,5b0fa12a-3dd7-45bb-9766-cc326314d9f1,85.17061625188217,0.0015298186186260354,1.7961812253439323e-05,118.67319531174859,154.2280603591083,6.0,0.0027171787881159174,0.0035866181470822767,0.00013513171312321597,0.00643892864832141,0.0,United Kingdom,GBR,england,,,Linux-6.4.0-150600.23.73_15.0.14-cray_shasta_c_64k-aarch64-with-glibc2.38,3.11.7,3.3.0,72,Neoverse-V2,1,1 x NVIDIA GH200 120GB,-2.5917,51.4535,64,machine,3.7353658536585366,8.975609756097562,13.010975609756096,111.4400694312119,N,1.0,0.0
2026-09-26T20:42:06,efficientnet_lite0_batch0_node_3_evaluate,dae5fa5a-9ead-4569-be16-25c274e2f8b2,5b0fa12a-3dd7-45bb-9766-cc326314d9f1,15.132684925105423,0.0002096692246073018,1.385538823050868e-05,118.21599975168,139.44414460991334,6.0,0.0003994006100650054,0.00047038593186243816,1.2700545468445245e-05,0.0008824870873958888,0.0,United Kingdom,GBR,england,,,Linux-6.4.0-150600.23.73_15.0.14-cray_shasta_c_64k-aarch64-with-glibc2.38,3.11.7,3.3.0,72,Neoverse-V2,1,1 x NVIDIA GH200 120GB,-2.5917,51.4535,64,machine,6.558333333333334,1.4166666666666667,16.233333333333338,138.8974609375,N,1.0,0.0
2026-09-26T20:43:44,efficientnet_lite0_batch0_node_4_local_train,16794ebf-2456-4da4-a211-fdd614abe32e,5b0fa12a-3dd7-45bb-9766-cc326314d9f1,95.26438960805535,0.001724079670474508,1.8097839891357722e-05,118.71981711337764,138.7273651829672,6.0,0.0030521452739789923,0.0040508110184163115,0.00015360722895672854,0.0072565635213520325,0.0,United Kingdom,GBR,england,,,Linux-6.4.0-150600.23.73_15.0.14-cray_shasta_c_64k-aarch64-with-glibc2.38,3.11.7,3.3.0,72,Neoverse-V2,1,1 x NVIDIA GH200 120GB,-2.5917,51.4535,64,machine,5.057608695652174,7.923913043478261,16.302173913043465,139.69296861731488,N,1.0,0.0
2026-09-26T20:47:37,efficientnet_lite0_batch0_node_4_evaluate,b2505433-5a11-4485-a059-298ed02b0f2b,5b0fa12a-3dd7-45bb-9766-cc326314d9f1,12.48575722402893,0.0001670286030711041,1.3377530899740413e-05,118.09008768960001,145.0021302691943,6.0,0.0003149816838532522,0.0003740375214533742,1.3995677836549777e-05,0.0007030148831431763,0.0,United Kingdom,GBR,england,,,Linux-6.4.0-150600.23.73_15.0.14-cray_shasta_c_64k-aarch64-with-glibc2.38,3.11.7,3.3.0,72,Neoverse-V2,1,1 x NVIDIA GH200 120GB,-2.5917,51.4535,64,machine,0.0,2.111111111111111,16.900000000000002,144.6719224717882,N,1.0,0.0
2026-09-26T20:49:21,efficientnet_lite0_batch0_node_5_local_train,6ef1b4ee-fa64-4ea4-8b70-0c8cc767914b,5b0fa12a-3dd7-45bb-9766-cc326314d9f1,102.93000399996527,0.0018650684870591466,1.8119774745756116e-05,118.72835212807641,154.84614157326513,6.0,0.0033060854242974924,0.004379586281430647,0.00016430656371676985,0.00784997826944491,0.0,United Kingdom,GBR,england,,,Linux-6.4.0-150600.23.73_15.0.14-cray_shasta_c_64k-aarch64-with-glibc2.38,3.11.7,3.3.0,72,Neoverse-V2,1,1 x NVIDIA GH200 120GB,-2.5917,51.4535,64,machine,6.677777777777778,7.8686868686868685,16.901010101010126,144.92644647155146,N,1.0,0.0
2026-09-26T20:49:34,efficientnet_lite0_batch0_node_5_evaluate,c5bfea13-1268-4f71-9481-7f94fe307bd2,5b0fa12a-3dd7-45bb-9766-cc326314d9f1,11.81328167906031,0.00015575770344825285,1.3184964828557497e-05,117.70407642240001,705.9455290104884,6.0,0.00029240113318181857,0.00034859583443846986,1.4579273065319283e-05,0.0006555762406856077,0.0,United Kingdom,GBR,england,,,Linux-6.4.0-150600.23.73_15.0.14-cray_shasta_c_64k-aarch64-with-glibc2.38,3.11.7,3.3.0,72,Neoverse-V2,1,1 x NVIDIA GH200 120GB,-2.5917,51.4535,64,machine,0.0,2.5,16.962500000000002,145.27069854736328,N,1.0,0.0
2026-09-26T20:50:15,efficientnet_lite0_batch0_node_0_exchange,02d23640-3197-473d-8bf3-081cc6dbe013,5b0fa12a-3dd7-45bb-9766-cc326314d9f1,36.116638618987054,0.0006039914088912861,1.6723356103625844e-05,117.94762993782858,153.37643433181938,6.0,0.001084983073143077,0.0014130975193609174,4.408848473142523e-05,0.0025421690772354194,0.0,United Kingdom,GBR,england,,,Linux-6.4.0-150600.23.73_15.0.14-cray_shasta_c_64k-aarch64-with-glibc2.38,3.11.7,3.3.0,72,Neoverse-V2,1,1 x NVIDIA GH200 120GB,-2.5917,51.4535,64,machine,6.52121212121212,6.818181818181818,17.0,145.38266638553503,N,1.0,0.0
2026-09-26T20:52:24,efficientnet_lite0_batch0_node_1_exchange,0306cdce-6f6d-4145-8f25-bf87d27952e1,5b0fa12a-3dd7-45bb-9766-cc326314d9f1,67.67819517594762,0.0011905478543097782,1.7591306198615814e-05,118.38898884312003,154.8956709073585,6.0,0.0021286540958237537,0.002788744730992221,9.355645440402441e-05,0.005010955281219999,0.0,United Kingdom,GBR,england,,,Linux-6.4.0-150600.23.73_15.0.14-cray_shasta_c_64k-aarch64-with-glibc2.38,3.11.7,3.3.0,72,Neoverse-V2,1,1 x NVIDIA GH200 120GB,-2.5917,51.4535,64,machine,3.6859375,7.53125,13.668749999999983,117.09299278259277,N,1.0,0.0
2026-09-26T20:53:06,efficientnet_lite0_batch0_node_2_exchange,48f6098c-f169-469a-813d-9c44434195ae,5b0fa12a-3dd7-45bb-9766-cc326314d9f1,41.47582260915078,0.0007051589223615853,1.7001686235537293e-05,118.2563808117943,152.39833453972795,6.0,0.0012661480876971323,0.0016478529849308643,5.397691609027485e-05,0.0029679779887182714,0.0,United Kingdom,GBR,england,,,Linux-6.4.0-150600.23.73_15.0.14-cray_shasta_c_64k-aarch64-with-glibc2.38,3.11.7,3.3.0,72,Neoverse-V2,1,1 x NVIDIA GH200 120GB,-2.5917,51.4535,64,machine,3.06578947368421,7.578947368421052,15.113157894736831,129.5412244294819,N,1.0,0.0
2026-09-26T20:59:29,efficientnet_lite0_batch0_node_3_exchange,306c3219-0cb8-4ebf-aa32-e0d52dfd2cac,5b0fa12a-3dd7-45bb-9766-cc326314d9f1,30.412581312004477,0.0005093210551760161,1.674705116119086e-05,117.6403672380343,105.04448049543366,6.0,0.0009025255071429992,0.001195647623177365,4.553324992458026e-05,0.0021437063802449445,0.0,United Kingdom,GBR,england,,,Linux-6.4.0-150600.23.73_15.0.14-cray_shasta_c_64k-aarch64-with-glibc2.38,3.11.7,3.3.0,72,Neoverse-V2,1,1 x NVIDIA GH200 120GB,-2.5917,51.4535,64,machine,6.285185185185185,8.74074074074074,16.02962962962964,137.0352896231192,N,1.0,0.0
2026-09-26T21:00:41,efficientnet_lite0_batch0_node_4_exchange,9cffe990-ac8c-4d2c-8b53-6b7273f2466f,5b0fa12a-3dd7-45bb-9766-cc326314d9f1,41.22745940485038,0.0007103000887974804,1.7228810580404432e-05,118.18925457310289,150.881198157841,6.0,0.0012618315629824598,0.0016659482772070078,6.183705620506468e-05,0.002989616896394532,0.0,United Kingdom,GBR,england,,,Linux-6.4.0-150600.23.73_15.0.14-cray_shasta_c_64k-aarch64-with-glibc2.38,3.11.7,3.3.0,72,Neoverse-V2,1,1 x NVIDIA GH200 120GB,-2.5917,51.4535,64,machine,7.394736842105263,7.921052631578948,16.150000000000006,138.30723330849096,N,1.0,0.0
2026-09-26T21:01:28,efficientnet_lite0_batch0_node_5_exchange,c11df477-b1f3-47cf-9975-7d5df9562b42,5b0fa12a-3dd7-45bb-9766-cc326314d9f1,44.43443313683383,0.0007678987289254349,1.7281614160818152e-05,118.28640118508311,151.52543403971043,6.0,0.001366477700448585,0.0017997297730971695,6.58391655050218e-05,0.0032320466390507764,0.0,United Kingdom,GBR,england,,,Linux-6.4.0-150600.23.73_15.0.14-cray_shasta_c_64k-aarch64-with-glibc2.38,3.11.7,3.3.0,72,Neoverse-V2,1,1 x NVIDIA GH200 120GB,-2.5917,51.4535,64,machine,2.709756097560976,7.219512195121951,16.212195121951225,139.028598692359,N,1.0,0.0
2026-09-26T21:02:54,efficientnet_lite0_batch0_node_0_evaluate,e84f37c6-d16b-44b5-9a12-82ba5320a68a,5b0fa12a-3dd7-45bb-9766-cc326314d9f1,10.712498649954796,0.00013617146816393292,1.2711457206532066e-05,117.87750198,557.5861530097266,6.0,0.00025624656983402286,0.0003041557989007515,1.2736405214915673e-05,0.0005731387739496901,0.0,United Kingdom,GBR,england,,,Linux-6.4.0-150600.23.73_15.0.14-cray_shasta_c_64k-aarch64-with-glibc2.38,3.11.7,3.3.0,72,Neoverse-V2,1,1 x NVIDIA GH200 120GB,-2.5917,51.4535,64,machine,0.0,2.0,16.400000000000002,140.29425048828125,N,1.0,0.0
2026-09-26T21:03:31,efficientnet_lite0_batch0_node_1_evaluate,86775368-1b3f-4b01-a3d3-7a704184f5ba,5b0fa12a-3dd7-45bb-9766-cc326314d9f1,18.207890572026372,0.0002624560289761482,1.4414411594683657e-05,119.25412666298182,163.69983630398428,6.0,0.000499517773358657,0.0005888907489008943,1.6255536161285514e-05,0.0011046640584208367,0.0,United Kingdom,GBR,england,,,Linux-6.4.0-150600.23.73_15.0.14-cray_shasta_c_64k-aarch64-with-glibc2.38,3.11.7,3.3.0,72,Neoverse-V2,1,1 x NVIDIA GH200 120GB,-2.5917,51.4535,64,machine,8.493333333333334,1.2666666666666666,16.300000000000004,139.73142903645834,N,1.0,0.0
2026-09-26T21:05:20,efficientnet_lite0_batch0_node_2_evaluate,d89121c1-f5b7-457c-aa31-e137635bf52a,5b0fa12a-3dd7-45bb-9766-cc326314d9f1,77.05766432895325,0.0012341684465342238,1.6016167337562342e-05,118.13346300325972,139.11459121761544,6.0,0.002382187610932477,0.0027990700170335003,1.3294504221218326e-05,0.005194552132187196,0.0,United Kingdom,GBR,england,,,Linux-6.4.0-150600.23.73_15.0.14-cray_shasta_c_64k-aarch64-with-glibc2.38,3.11.7,3.3.0,72,Neoverse-V2,1,1 x NVIDIA GH200 120GB,-2.5917,51.4535,64,machine,2.9013698630136986,0.2191780821917808,16.36849315068493,140.10905979104237,N,1.0,0.0
2026-09-26T21:26:48,efficientnet_lite0_batch0_node_3_evaluate,991f40bf-d097-4c5b-9694-7dc1dc5fd6c3,5b0fa12a-3dd7-45bb-9766-cc326314d9f1,10.843798632966354,0.00013817419350062307,1.2742231590372597e-05,117.38685245040001,72.27584636503649,6.0,0.0002583403057753289,0.0003103405260560521,1.2887311056644347e-05,0.0005815681428880254,0.0,United Kingdom,GBR,england,,,Linux-6.4.0-150600.23.73_15.0.14-cray_shasta_c_64k-aarch64-with-glibc2.38,3.11.7,3.3.0,72,Neoverse-V2,1,1 x NVIDIA GH200 120GB,-2.5917,51.4535,64,machine,17.342857142857145,1.7142857142857142,10.485714285714286,89.74565778459821,N,1.0,0.0
2026-09-26T21:31:07,efficientnet_lite0_batch0_node_4_evaluate,86ea747e-b721-4691-b80c-645a74b5c0f7,5b0fa12a-3dd7-45bb-9766-cc326314d9f1,12.60893127694726,0.0001678414248144052,1.3311312523470361e-05,118.00263864960002,137.6635674559181,6.0,0.00031894168166296034,0.0003732694652853752,1.422486151335761e-05,0.0007064360084616931,0.0,United Kingdom,GBR,england,,,Linux-6.4.0-150600.23.73_15.0.14-cray_shasta_c_64k-aarch64-with-glibc2.38,3.11.7,3.3.0,72,Neoverse-V2,1,1 x NVIDIA GH200 120GB,-2.5917,51.4535,64,machine,0.0,2.2222222222222223,14.011111111111111,120.02877468532986,N,1.0,0.0
2026-09-26T21:31:38,efficientnet_lite0_batch0_node_5_evaluate,3fd3ee98-0538-4f92-a6ce-a928eaf4603d,5b0fa12a-3dd7-45bb-9766-cc326314d9f1,12.700085412012413,0.0001702507509697436,1.3405480785878135e-05,118.244149776,138.24377394085403,6.0,0.000323253576198086,0.00037893474757311196,1.4388415765327712e-05,0.0007165767395365257,0.0,United Kingdom,GBR,england,,,Linux-6.4.0-150600.23.73_15.0.14-cray_shasta_c_64k-aarch64-with-glibc2.38,3.11.7,3.3.0,72,Neoverse-V2,1,1 x NVIDIA GH200 120GB,-2.5917,51.4535,64,machine,16.822222222222223,2.2222222222222223,14.200000000000001,121.74521213107639,N,1.0,0.0
2026-09-26T21:33:25,mobilevit_xxs_batch0_node_0_local_train,3172c9e5-fa76-45cb-b33d-2e5805c9f697,5b0fa12a-3dd7-45bb-9766-cc326314d9f1,95.07660584384575,0.0016774656501787398,1.7643305998258047e-05,118.83695827410001,132.07895169291544,6.0,0.0030463052416629193,0.0038607653108186923,0.00015329693161377994,0.007060367484095391,0.0,United Kingdom,GBR,england,,,Linux-6.4.0-150600.23.73_15.0.14-cray_shasta_c_64k-aarch64-with-glibc2.38,3.11.7,3.3.0,72,Neoverse-V2,1,1 x NVIDIA GH200 120GB,-2.5917,51.4535,64,machine,4.178021978021977,7.681318681318682,14.638461538461563,125.30994725489354,N,1.0,0.0
2026-09-26T21:34:43,mobilevit_xxs_batch0_node_0_evaluate,6dc3c38d-be67-4fb5-ab12-42bcb5154293,5b0fa12a-3dd7-45bb-9766-cc326314d9f1,11.42087943200022,0.00014732482196319908,1.2899603996379554e-05,117.80278751520001,138.2066523701282,6.0,0.0002784063602217509,0.0003294349857725365,1.2241326028403515e-05,0.0006200826720226908,0.0,United Kingdom,GBR,england,,,Linux-6.4.0-150600.23.73_15.0.14-cray_shasta_c_64k-aarch64-with-glibc2.38,3.11.7,3.3.0,72,Neoverse-V2,1,1 x NVIDIA GH200 120GB,-2.5917,51.4535,64,machine,0.0,3.0,14.7875,126.36793518066406,N,1.0,0.0
2026-09-26T21:37:23,mobilevit_xxs_batch0_node_1_local_train,d9aacab5-85ca-4ba2-854a-d69a76b9f36f,5b0fa12a-3dd7-45bb-9766-cc326314d9f1,138.60311719891615,0.0025214609961641222,1.819195013157929e-05,118.42920001806546,149.62794677940659,6.0,0.00457081299135074,0.005812637427894174,0.00022925048931618223,0.010612700908561097,0.0,United Kingdom,GBR,england,,,Linux-6.4.0-150600.23.73_15.0.14-cray_shasta_c_64k-aarch64-with-glibc2.38,3.11.7,3.3.0,72,Neoverse-V2,1,1 x NVIDIA GH200 120GB,-2.5917,51.4535,64,machine,4.77608695652174,7.521739130434782,14.833333333333343,126.9650976208673,N,1.0,0.0
2026-09-26T21:37:36,mobilevit_xxs_batch0_node_1_evaluate,16ccfc8b-6274-4de9-84d5-4d64aa64c105,5b0fa12a-3dd7-45bb-9766-cc326314d9f1,12.545133423991501,0.00016796086275729961,1.3388527413832742e-05,117.69637230720001,71.07257876305691,6.0,0.0003169595287327682,0.0003741794660072628,1.5799721940032514e-05,0.0007069387166800635,0.0,United Kingdom,GBR,england,,,Linux-6.4.0-150600.23.73_15.0.14-cray_shasta_c_64k-aarch64-with-glibc2.38,3.11.7,3.3.0,72,Neoverse-V2,1,1 x NVIDIA GH200 120GB,-2.5917,51.4535,64,machine,9.799999999999999,2.4444444444444446,14.97777777777778,128.49698893229166,N,1.0,0.0
2026-09-26T21:47:00,mobilevit_xxs_batch0_node_2_local_train,2658a9ad-52a3-4a31-b2be-a7735a802291,5b0fa12a-3dd7-45bb-9766-cc326314d9f1,83.68664509686641,0.001462934426355939,1.7481097786422288e-05,117.89063126202123,148.56631383208406,6.0,0.0026484485460216696,0.0033763521455369983,0.0001326157980765371,0.006157416489635206,0.0,United Kingdom,GBR,england,,,Linux-6.4.0-150600.23.73_15.0.14-cray_shasta_c_64k-aarch64-with-glibc2.38,3.11.7,3.3.0,72,Neoverse-V2,1,1 x NVIDIA GH200 120GB,-2.5917,51.4535,64,machine,5.4075,8.425,23.96749999999998,205.14954147338867,N,1.0,0.0
2026-09-26T21:47:12,mobilevit_xxs_batch0_node_2_evaluate,6c1dc4d0-fa32-4913-b7d0-65826f690dc8,5b0fa12a-3dd7-45bb-9766-cc326314d9f1,10.756058068014681,0.00013589547523478888,1.2634319596962908e-05,117.31745871360002,724.4624399204921,6.0,0.00025555058389712505,0.0003036060762156012,1.28204736552046e-05,0.0005719771337679307,0.0,United Kingdom,GBR,england,,,Linux-6.4.0-150600.23.73_15.0.14-cray_shasta_c_64k-aarch64-with-glibc2.38,3.11.7,3.3.0,72,Neoverse-V2,1,1 x NVIDIA GH200 120GB,-2.5917,51.4535,64,machine,0.0,2.2857142857142856,24.085714285714285,206.20720563616072,N,1.0,0.0
2026-09-26T21:49:14,mobilevit_xxs_batch0_node_3_local_train,52b7462c-3485-4ab6-8edc-532201258c71,5b0fa12a-3dd7-45bb-9766-cc326314d9f1,83.42511762701906,0.001459772088167015,1.749799256733964e-05,117.99485236573715,148.631049262556,6.0,0.002642708580873276,0.0033692390842787745,0.00013215870411174062,0.006144106369263791,0.0,United Kingdom,GBR,england,,,Linux-6.4.0-150600.23.73_15.0.14-cray_shasta_c_64k-aarch64-with-glibc2.38,3.11.7,3.3.0,72,Neoverse-V2,1,1 x NVIDIA GH200 120GB,-2.5917,51.4535,64,machine,2.6625,7.7,24.004999999999995,205.7171318054199,N,1.0,0.0
2026-09-26T21:51:02,mobilevit_xxs_batch0_node_3_evaluate,4e3dce5b-8fff-464a-ad3f-89f6e57d1a5b,5b0fa12a-3dd7-45bb-9766-cc326314d9f1,94.85616246587597,0.0015531197663067257,1.6373419775077373e-05,116.60314946680766,138.16699640451142,6.0,0.0029461059515511036,0.0034719947220480663,0.00011890131852473132,0.006537001992123902,0.0,United Kingdom,GBR,england,,,Linux-6.4.0-150600.23.73_15.0.14-cray_shasta_c_64k-aarch64-with-glibc2.38,3.11.7,3.3.0,72,Neoverse-V2,1,1 x NVIDIA GH200 120GB,-2.5917,51.4535,64,machine,3.530769230769231,0.17582417582417584,24.029670329670317,205.94376180460165,N,1.0,0.0
2026-09-26T21:52:49,mobilevit_xxs_batch0_node_4_local_train,bd46f84f-e66c-4998-a1fa-7e109d719cc3,5b0fa12a-3dd7-45bb-9766-cc326314d9f1,95.82071442482993,0.0016843635612351652,1.75782822257762e-05,117.91885634770236,149.29071960950012,6.0,0.0030472699894051737,0.003889259500297726,0.00015287095070118086,0.007089400440404081,0.0,United Kingdom,GBR,england,,,Linux-6.4.0-150600.23.73_15.0.14-cray_shasta_c_64k-aarch64-with-glibc2.38,3.11.7,3.3.0,72,Neoverse-V2,1,1 x NVIDIA GH200 120GB,-2.5917,51.4535,64,machine,5.731521739130434,8.641304347826088,24.073913043478218,206.08068383258322,N,1.0,0.0
2026-09-26T21:53:07,mobilevit_xxs_batch0_node_4_evaluate,904c1f8c-a5ec-46f9-82b9-ee1daae8042c,5b0fa12a-3dd7-45bb-9766-cc326314d9f1,15.122651637997478,0.00020917534056452908,1.3831922176858913e-05,117.81486624384002,139.6361422236457,6.0,0.0003979518006801431,0.0004690453752260737,1.3411178708386918e-05,0.0008804083546146037,0.0,United Kingdom,GBR,england,,,Linux-6.4.0-150600.23.73_15.0.14-cray_shasta_c_64k-aarch64-with-glibc2.38,3.11.7,3.3.0,72,Neoverse-V2,1,1 x NVIDIA GH200 120GB,-2.5917,51.4535,64,machine,7.833333333333333,1.3333333333333333,24.099999999999998,206.67841593424478,N,1.0,0.0
2026-09-26T21:54:49,mobilevit_xxs_batch0_node_5_local_train,68230784-7931-488a-9ad6-46760d0dee22,5b0fa12a-3dd7-45bb-9766-cc326314d9f1,101.5665788881015,0.0017894045752780956,1.7618045176548954e-05,117.96387966612002,149.0813384297005,6.0,0.003236985869511804,0.004132074138979647,0.00016245271001864844,0.007531512718510098,0.0,United Kingdom,GBR,england,,,Linux-6.4.0-150600.23.73_15.0.14-cray_shasta_c_64k-aarch64-with-glibc2.38,3.11.7,3.3.0,72,Neoverse-V2,1,1 x NVIDIA GH200 120GB,-2.5917,51.4535,64,machine,4.041836734693877,8.061224489795919,14.918367346938759,127.82950389628508,N,1.0,0.0
2026-09-26T21:55:10,mobilevit_xxs_batch0_node_5_evaluate,b8776eb8-5ee5-4333-94d1-9f036f846102,5b0fa12a-3dd7-45bb-9766-cc326314d9f1,17.621798068052158,0.00025074701065396773,1.4229365793753207e-05,117.32298685714287,139.1689306562176,6.0,0.00047621052980618815,0.0005650632298142,1.4107637051880981e-05,0.001055381396672269,0.0,United Kingdom,GBR,england,,,Linux-6.4.0-150600.23.73_15.0.14-cray_shasta_c_64k-aarch64-with-glibc2.38,3.11.7,3.3.0,72,Neoverse-V2,1,1 x NVIDIA GH200 120GB,-2.5917,51.4535,64,machine,10.235714285714286,1.3571428571428572,14.199999999999998,121.51832362583706,N,1.0,0.0
2026-09-26T21:55:42,mobilevit_xxs_batch0_node_0_exchange,e7ffad1b-c3d8-4b2c-be7c-8d787b4f41c2,5b0fa12a-3dd7-45bb-9766-cc326314d9f1,29.638999136863276,0.00048273562157218086,1.628717688283145e-05,117.23076203760002,574.7447292717328,6.0,0.0008729504547399329,0.0011146064472455919,4.425274228327908e-05,0.002031809644268804,0.0,United Kingdom,GBR,england,,,Linux-6.4.0-150600.23.73_15.0.14-cray_shasta_c_64k-aarch64-with-glibc2.38,3.11.7,3.3.0,72,Neoverse-V2,1,1 x NVIDIA GH200 120GB,-2.5917,51.4535,64,machine,0.9923076923076923,8.73076923076923,14.319230769230769,122.8191645695613,N,1.0,0.0
2026-09-26T21:59:15,mobilevit_xxs_batch0_node_1_exchange,4fa91e54-a8eb-4ff8-aaa8-26ec9cf239ad,5b0fa12a-3dd7-45bb-9766-cc326314d9f1,58.75589282205328,0.0010136024472532758,1.725107727190953e-05,117.98756868268799,120.91641257221002,6.0,0.001835990711080205,0.002337413536594113,9.279682751550959e-05,0.004266201075189827,0.0,United Kingdom,GBR,england,,,Linux-6.4.0-150600.23.73_15.0.14-cray_shasta_c_64k-aarch64-with-glibc2.38,3.11.7,3.3.0,72,Neoverse-V2,1,1 x NVIDIA GH200 120GB,-2.5917,51.4535,64,machine,5.183636363636363,9.163636363636364,14.5,124.23281028053977,N,1.0,0.0
2026-09-26T22:00:23,mobilevit_xxs_batch0_node_2_exchange,bb93bed3-d7cf-4eff-acca-4e010a183617,5b0fa12a-3dd7-45bb-9766-cc326314d9f1,35.378364618169144,0.0005868772985153962,1.658859319387521e-05,117.68003304120002,112.60921014654782,6.0,0.0010633066508111346,0.0013529930268560975,5.383698066036838e-05,0.0024701366583276003,0.0,United Kingdom,GBR,england,,,Linux-6.4.0-150600.23.73_15.0.14-cray_shasta_c_64k-aarch64-with-glibc2.38,3.11.7,3.3.0,72,Neoverse-V2,1,1 x NVIDIA GH200 120GB,-2.5917,51.4535,64,machine,2.59375,6.375,14.534374999999999,124.45369911193848,N,1.0,0.0
2026-09-26T22:00:54,mobilevit_xxs_batch0_node_3_exchange,b90485a3-5e93-407a-8374-69b41b34be56,5b0fa12a-3dd7-45bb-9766-cc326314d9f1,30.03703369013965,0.0004904917201651803,1.6329565869421903e-05,117.40974490800001,100.73983825869287,6.0,0.0008880040470901719,0.0011315059051923981,4.494471592673411e-05,0.002064454668209304,0.0,United Kingdom,GBR,england,,,Linux-6.4.0-150600.23.73_15.0.14-cray_shasta_c_64k-aarch64-with-glibc2.38,3.11.7,3.3.0,72,Neoverse-V2,1,1 x NVIDIA GH200 120GB,-2.5917,51.4535,64,machine,0.4576923076923076,7.884615384615385,14.5,124.19470684344952,N,1.0,0.0
2026-09-26T22:01:55,mobilevit_xxs_batch0_node_4_exchange,40d1b8c5-7432-4131-916e-90957757f76c,5b0fa12a-3dd7-45bb-9766-cc326314d9f1,46.132100141840056,0.0007731124725057203,1.675866631106475e-05,117.7198734379886,146.96043490217176,6.0,0.001413447139786404,0.001778784200794803,6.175967965003413e-05,0.003253991020231241,0.0,United Kingdom,GBR,england,,,Linux-6.4.0-150600.23.73_15.0.14-cray_shasta_c_64k-aarch64-with-glibc2.38,3.11.7,3.3.0,72,Neoverse-V2,1,1 x NVIDIA GH200 120GB,-2.5917,51.4535,64,machine,3.5302325581395353,7.883720930232558,14.5,124.13162728243096,N,1.0,0.0
2026-09-26T22:11:43,mobilevit_xxs_batch0_node_5_exchange,19ce39cd-e7f7-4120-bd42-5b163407bbb5,5b0fa12a-3dd7-45bb-9766-cc326314d9f1,43.33633498614654,0.0007299533381256353,1.6843910274345576e-05,117.49774944317144,146.76926299763096,6.0,0.0013216968062787163,0.001685216348178642,6.542326737040033e-05,0.0030723364218277587,0.0,United Kingdom,GBR,england,,,Linux-6.4.0-150600.23.73_15.0.14-cray_shasta_c_64k-aarch64-with-glibc2.38,3.11.7,3.3.0,72,Neoverse-V2,1,1 x NVIDIA GH200 120GB,-2.5917,51.4535,64,machine,7.147500000000001,8.775,14.300000000000002,122.36092834472656,N,1.0,0.0
2026-09-26T22:12:11,mobilevit_xxs_batch0_node_0_evaluate,78b34322-40c3-4b57-a5a8-b3a8936623e3,5b0fa12a-3dd7-45bb-9766-cc326314d9f1,11.450332771986723,0.00014705174088173241,1.2842573557468564e-05,117.57929886000002,137.79462278179705,6.0,0.0002781840405638853,0.00032844331829551265,1.230592880009984e-05,0.0006189332876594978,0.0,United Kingdom,GBR,england,,,Linux-6.4.0-150600.23.73_15.0.14-cray_shasta_c_64k-aarch64-with-glibc2.38,3.11.7,3.3.0,72,Neoverse-V2,1,1 x NVIDIA GH200 120GB,-2.5917,51.4535,64,machine,13.5,1.75,14.200000000000001,121.92021179199219,N,1.0,0.0
2026-09-26T22:12:25,mobilevit_xxs_batch0_node_1_evaluate,b948b78d-664b-4e08-9519-f79817d84b27,5b0fa12a-3dd7-45bb-9766-cc326314d9f1,13.577764963964,0.00018463302514038914,1.3598189807410387e-05,117.64194383232001,138.15449373419224,6.0,0.0003492538869771257,0.0004120122740687293,1.5844837949844077e-05,0.000777110998995699,0.0,United Kingdom,GBR,england,,,Linux-6.4.0-150600.23.73_15.0.14-cray_shasta_c_64k-aarch64-with-glibc2.38,3.11.7,3.3.0,72,Neoverse-V2,1,1 x NVIDIA GH200 120GB,-2.5917,51.4535,64,machine,13.6,2.4,14.26,122.25147094726563,N,1.0,0.0
2026-09-26T22:15:53,mobilevit_xxs_batch0_node_2_evaluate,85360cac-0032-42cc-80c2-e1370f94e959,5b0fa12a-3dd7-45bb-9766-cc326314d9f1,200.79595867497846,0.0032813241844173334,1.634158479119941e-05,118.39084722564694,140.2771946449244,6.0,0.006340179385470179,0.007457914021884449,1.283295883797109e-05,0.0138109263661926,0.0,United Kingdom,GBR,england,,,Linux-6.4.0-150600.23.73_15.0.14-cray_shasta_c_64k-aarch64-with-glibc2.38,3.11.7,3.3.0,72,Neoverse-V2,1,1 x NVIDIA GH200 120GB,-2.5917,51.4535,64,machine,3.068020304568528,0.09137055837563451,14.245685279187803,122.059277839467,N,1.0,0.0
2026-09-26T22:32:44,mobilevit_xxs_batch0_node_3_evaluate,4bd6e4e2-b2c9-4674-b0b9-6e6a4cb8603d,5b0fa12a-3dd7-45bb-9766-cc326314d9f1,997.4448920649011,0.016913302060697025,1.695662807564563e-05,115.3097465529855,136.66148758219816,6.0,0.03193847428838845,0.037567643387419025,0.001681109261033125,0.07118722693684063,0.0,United Kingdom,GBR,england,,,Linux-6.4.0-150600.23.73_15.0.14-cray_shasta_c_64k-aarch64-with-glibc2.38,3.11.7,3.3.0,72,Neoverse-V2,1,1 x NVIDIA GH200 120GB,-2.5917,51.4535,64,machine,2.1620862587763283,0.01805416248746239,14.251855566700396,122.20112908304993,N,1.0,0.0
2026-09-26T22:33:00,mobilevit_xxs_batch0_node_4_evaluate,eeedb96e-a937-4b82-bfb0-ac54f881a73e,5b0fa12a-3dd7-45bb-9766-cc326314d9f1,11.214697053888813,0.00014427257483048823,1.2864598494032454e-05,117.35092840320002,71.31258526247795,6.0,0.0002708943499581067,0.00032275831377148734,1.3583255570071442e-05,0.0006072359192996655,0.0,United Kingdom,GBR,england,,,Linux-6.4.0-150600.23.73_15.0.14-cray_shasta_c_64k-aarch64-with-glibc2.38,3.11.7,3.3.0,72,Neoverse-V2,1,1 x NVIDIA GH200 120GB,-2.5917,51.4535,64,machine,0.0,2.0,14.7125,126.28251647949219,N,1.0,0.0
2026-09-26T22:34:08,mobilevit_xxs_batch0_node_5_evaluate,1bfb5a7d-72af-4a76-8105-2a1a36e95ead,5b0fa12a-3dd7-45bb-9766-cc326314d9f1,12.337360600940883,0.00016230180191554723,1.3155309888824164e-05,117.70827586560003,136.72044361200108,6.0,0.00030857582609862154,0.0003607536219334406,1.3790569795140375e-05,0.0006831200178272026,0.0,United Kingdom,GBR,england,,,Linux-6.4.0-150600.23.73_15.0.14-cray_shasta_c_64k-aarch64-with-glibc2.38,3.11.7,3.3.0,72,Neoverse-V2,1,1 x NVIDIA GH200 120GB,-2.5917,51.4535,64,machine,12.322222222222223,2.0,14.700000000000001,126.07046847873264,N,1.0,0.0
2026-09-26T22:34:42,mobilenet_v3_small_batch1_node_0_local_train,ceb5f3aa-5fd4-4934-839f-0bd1ea6640ed,5b0fa12a-3dd7-45bb-9766-cc326314d9f1,9.108064979780465,0.00010506675421064645,1.1535573631050106e-05,116.71553799360001,70.88594267563889,6.0,0.00019708492230642002,0.00023508991027654247,1.0045784577960149e-05,0.00044222061716092263,0.0,United Kingdom,GBR,england,,,Linux-6.4.0-150600.23.73_15.0.14-cray_shasta_c_64k-aarch64-with-glibc2.38,3.11.7,3.3.0,72,Neoverse-V2,1,1 x NVIDIA GH200 120GB,-2.5917,51.4535,64,machine,0.0,2.8,14.4,123.60885009765624,N,1.0,0.0
2026-09-26T22:35:26,mobilenet_v3_small_batch1_node_0_evaluate,b9c9724b-1997-49f1-9a61-24492d853110,5b0fa12a-3dd7-45bb-9766-cc326314d9f1,40.92285023117438,0.0006386247176934325,1.560557766836432e-05,115.85145551485093,134.036520300938,6.0,0.0012172099217768993,0.0014315469785657342,3.9182009680274254e-05,0.0026879389100229072,0.0,United Kingdom,GBR,england,,,Linux-6.4.0-150600.23.73_15.0.14-cray_shasta_c_64k-aarch64-with-glibc2.38,3.11.7,3.3.0,72,Neoverse-V2,1,1 x NVIDIA GH200 120GB,-2.5917,51.4535,64,machine,0.30270270270270266,0.08108108108108109,14.402702702702692,123.60214975717905,N,1.0,0.0
2026-09-26T22:36:05,mobilenet_v3_small_batch1_node_1_local_train,fbb951e9-6e14-4fe3-b0f4-22d7650496d4,5b0fa12a-3dd7-45bb-9766-cc326314d9f1,18.019532383885235,0.00025979980969934616,1.4417677671351985e-05,116.8499217024,139.41387955336208,6.0,0.0004896569705809816,0.0005841496339797914,1.9677562211873012e-05,0.0010934841667726459,0.0,United Kingdom,GBR,england,,,Linux-6.4.0-150600.23.73_15.0.14-cray_shasta_c_64k-aarch64-with-glibc2.38,3.11.7,3.3.0,72,Neoverse-V2,1,1 x NVIDIA GH200 120GB,-2.5917,51.4535,64,machine,3.0928571428571425,3.7142857142857144,14.400000000000004,123.55916050502232,N,1.0,0.0
2026-09-26T22:36:50,mobilenet_v3_small_batch1_node_1_evaluate,9365264d-e00c-4429-9c83-08cc59c4fb16,5b0fa12a-3dd7-45bb-9766-cc326314d9f1,12.648200525902212,0.00016404349053652015,1.2969709817659515e-05,117.53652970285715,137.53318689658005,6.0,0.00031474432845962467,0.000365613070258064,1.0093297806646054e-05,0.0006904506965243347,0.0,United Kingdom,GBR,england,,,Linux-6.4.0-150600.23.73_15.0.14-cray_shasta_c_64k-aarch64-with-glibc2.38,3.11.7,3.3.0,72,Neoverse-V2,1,1 x NVIDIA GH200 120GB,-2.5917,51.4535,64,machine,12.922222222222222,0.4444444444444444,14.400000000000002,123.52180311414931,N,1.0,0.0
2026-09-26T22:37:02,mobilenet_v3_small_batch1_node_2_local_train,5f596f32-1af8-4185-9e0d-2c394e7d4bd2,5b0fa12a-3dd7-45bb-9766-cc326314d9f1,11.19831024017185,0.00014232029973124694,1.2709087056786425e-05,116.80700798880001,140.67853810405774,6.0,0.00026677795385196464,0.0003203758118672795,1.1865127121952053e-05,0.0005990188928411961,0.0,United Kingdom,GBR,england,,,Linux-6.4.0-150600.23.73_15.0.14-cray_shasta_c_64k-aarch64-with-glibc2.38,3.11.7,3.3.0,72,Neoverse-V2,1,1 x NVIDIA GH200 120GB,-2.5917,51.4535,64,machine,0.0,1.75,14.5,124.31831359863281,N,1.0,0.0
2026-09-26T22:37:12,mobilenet_v3_small_batch1_node_2_evaluate,d3d3bbad-9399-419c-aeb9-c237dd74531a,5b0fa12a-3dd7-45bb-9766-cc326314d9f1,8.91327024018392,0.00010136908965174908,1.1372828032829553e-05,117.2062612224,68.5493113467497,6.0,0.00019421176029292274,0.00022269406703401273,9.751508036861197e-06,0.0004266573353637966,0.0,United Kingdom,GBR,england,,,Linux-6.4.0-150600.23.73_15.0.14-cray_shasta_c_64k-aarch64-with-glibc2.38,3.11.7,3.3.0,72,Neoverse-V2,1,1 x NVIDIA GH200 120GB,-2.5917,51.4535,64,machine,0.0,0.8,14.5,124.422900390625,N,1.0,0.0
2026-09-26T22:37:23,mobilenet_v3_small_batch1_node_3_local_train,34c2cc9f-4939-4e08-bc80-c2c3de27b801,5b0fa12a-3dd7-45bb-9766-cc326314d9f1,8.945914643118158,0.00010323192093186587,1.153956024063781e-05,116.52446283840003,70.92499298199795,6.0,0.00019303674351075245,0.0002316571297740211,9.804024058394133e-06,0.0004344978973431677,0.0,United Kingdom,GBR,england,,,Linux-6.4.0-150600.23.73_15.0.14-cray_shasta_c_64k-aarch64-with-glibc2.38,3.11.7,3.3.0,72,Neoverse-V2,1,1 x NVIDIA GH200 120GB,-2.5917,51.4535,64,machine,0.0,4.0,14.5,124.26627197265626,N,1.0,0.0
2026-09-26T22:39:52,mobilenet_v3_small_batch1_node_3_evaluate,69307d16-65ff-4f41-97ac-c2cd6af1b1f7,5b0fa12a-3dd7-45bb-9766-cc326314d9f1,13.091395883820951,0.00017087993231831573,1.3052842785810054e-05,117.60320101577145,136.51636837281205,6.0,0.00032880307308173924,0.0003809133602885595,9.508498416592677e-06,0.0007192249317868914,0.0,United Kingdom,GBR,england,,,Linux-6.4.0-150600.23.73_15.0.14-cray_shasta_c_64k-aarch64-with-glibc2.38,3.11.7,3.3.0,72,Neoverse-V2,1,1 x NVIDIA GH200 120GB,-2.5917,51.4535,64,machine,8.370000000000001,0.4,14.5,124.20012817382812,N,1.0,0.0
2026-09-26T22:40:06,mobilenet_v3_small_batch1_node_4_local_train,b2a2cdce-cd41-4dfe-9df0-dd090b075667,5b0fa12a-3dd7-45bb-9766-cc326314d9f1,12.194258722011,0.00015922556847905512,1.3057420882144172e-05,116.94002495040002,137.61924246880454,6.0,0.0003004646114287354,0.00035615584049253357,1.355185605197524e-05,0.0006701723079732443,0.0,United Kingdom,GBR,england,,,Linux-6.4.0-150600.23.73_15.0.14-cray_shasta_c_64k-aarch64-with-glibc2.38,3.11.7,3.3.0,72,Neoverse-V2,1,1 x NVIDIA GH200 120GB,-2.5917,51.4535,64,machine,0.0,2.5555555555555554,14.5,124.30408393012152,N,1.0,0.0
2026-09-26T22:40:17,mobilenet_v3_small_batch1_node_4_evaluate,00b37ce4-7749-4e5f-a498-cd096025c464,5b0fa12a-3dd7-45bb-9766-cc326314d9f1,9.942748653003946,0.00011948137304770212,1.2016935881367562e-05,117.82581264000001,136.75320032633937,6.0,0.00022868006165633673,0.00026441298929569257,9.797962721592438e-06,0.0005028910136736218,0.0,United Kingdom,GBR,england,,,Linux-6.4.0-150600.23.73_15.0.14-cray_shasta_c_64k-aarch64-with-glibc2.38,3.11.7,3.3.0,72,Neoverse-V2,1,1 x NVIDIA GH200 120GB,-2.5917,51.4535,64,machine,8.033333333333333,0.5,14.5,124.23042805989583,N,1.0,0.0
2026-09-26T22:40:30,mobilenet_v3_small_batch1_node_5_local_train,3d02b94a-0a68-4c4d-aebe-cb4846bdc902,5b0fa12a-3dd7-45bb-9766-cc326314d9f1,11.995909951860085,0.0001565968953523859,1.3054190635042571e-05,116.80855747200002,70.69102211451353,6.0,0.0002941648334010708,0.00035005972448232114,1.4883798784576355e-05,0.0006591083566679682,0.0,United Kingdom,GBR,england,,,Linux-6.4.0-150600.23.73_15.0.14-cray_shasta_c_64k-aarch64-with-glibc2.38,3.11.7,3.3.0,72,Neoverse-V2,1,1 x NVIDIA GH200 120GB,-2.5917,51.4535,64,machine,0.0,1.25,14.5125,124.3172378540039,N,1.0,0.0
2026-09-26T22:42:13,mobilenet_v3_small_batch1_node_5_evaluate,6a19a2c5-6ad6-47e0-bacb-5f4e05c74926,5b0fa12a-3dd7-45bb-9766-cc326314d9f1,100.01482332707383,0.0016449337634295853,1.6446899656566256e-05,115.95933792307135,137.2952251652676,6.0,0.003112157590367063,0.0036556209800551187,0.00015566385927610101,0.006923442429698283,0.0,United Kingdom,GBR,england,,,Linux-6.4.0-150600.23.73_15.0.14-cray_shasta_c_64k-aarch64-with-glibc2.38,3.11.7,3.3.0,72,Neoverse-V2,1,1 x NVIDIA GH200 120GB,-2.5917,51.4535,64,machine,2.353125,0.03125,14.502083333333333,124.20878346761067,N,1.0,0.0
2026-09-26T22:43:53,mobilenet_v3_small_batch1_node_0_exchange,57ea0db0-6055-4f89-83a8-e22c4c8d7e73,5b0fa12a-3dd7-45bb-9766-cc326314d9f1,7.77282979991287,8.150186069535672e-05,1.0485481194541314e-05,116.62925070240001,137.6040223744273,6.0,0.00015410011749142951,0.00018275931286382274,6.177750218582029e-06,0.0003430371805738343,0.0,United Kingdom,GBR,england,,,Linux-6.4.0-150600.23.73_15.0.14-cray_shasta_c_64k-aarch64-with-glibc2.38,3.11.7,3.3.0,72,Neoverse-V2,1,1 x NVIDIA GH200 120GB,-2.5917,51.4535,64,machine,0.0,3.25,11.9,101.53717041015625,N,1.0,0.0
2026-09-26T23:01:03,mobilenet_v3_small_batch1_node_1_exchange,87f879c2-5e32-41ef-8ac5-82c96f0e97c1,5b0fa12a-3dd7-45bb-9766-cc326314d9f1,871.5365268851165,0.014765721049745462,1.6942171204824143e-05,115.35062111785837,135.6942906029623,6.0,0.027904645815577996,0.03280765485720849,0.001435867170613104,0.06214816784339956,0.0,United Kingdom,GBR,england,,,Linux-6.4.0-150600.23.73_15.0.14-cray_shasta_c_64k-aarch64-with-glibc2.38,3.11.7,3.3.0,72,Neoverse-V2,1,1 x NVIDIA GH200 120GB,-2.5917,51.4535,64,machine,1.865671641791044,0.03788748564867968,11.808840413317979,101.18106264799799,N,1.0,0.0
2026-09-26T23:01:14,mobilenet_v3_small_batch1_node_2_exchange,a6e43d7b-ce05-4009-8597-0d4e1d6a385d,5b0fa12a-3dd7-45bb-9766-cc326314d9f1,7.796861343085766,8.344011173539372e-05,1.0701756522756195e-05,116.4386136384,71.66489480337451,6.0,0.00015510648138607642,0.00018820487278503606,7.883826310280712e-06,0.0003511951804813932,0.0,United Kingdom,GBR,england,,,Linux-6.4.0-150600.23.73_15.0.14-cray_shasta_c_64k-aarch64-with-glibc2.38,3.11.7,3.3.0,72,Neoverse-V2,1,1 x NVIDIA GH200 120GB,-2.5917,51.4535,64,machine,0.0,3.5,11.8,101.40089416503906,N,1.0,0.0
2026-09-26T23:04:01,mobilenet_v3_small_batch1_node_3_exchange,bbd7d2cd-8eb5-4ca5-bcc6-6fb8ed9eda30,5b0fa12a-3dd7-45bb-9766-cc326314d9f1,161.69821985415183,0.00273621446419333,1.6921735234075763e-05,115.46780281015037,124.04084328980764,6.0,0.005106291192447706,0.006005807026866705,0.0004044890982521853,0.011516587317566596,0.0,United Kingdom,GBR,england,,,Linux-6.4.0-150600.23.73_15.0.14-cray_shasta_c_64k-aarch64-with-glibc2.38,3.11.7,3.3.0,72,Neoverse-V2,1,1 x NVIDIA GH200 120GB,-2.5917,51.4535,64,machine,2.2481012658227844,0.13291139240506328,11.799999999999969,101.30661319780954,N,1.0,0.0
2026-09-26T23:04:30,mobilenet_v3_small_batch1_node_4_exchange,e1c6dc7e-4737-4b19-a1e1-5c04df760032,5b0fa12a-3dd7-45bb-9766-cc326314d9f1,9.484406481962651,0.00011138194627789831,1.1743691762866066e-05,116.6777444736,137.31361023821108,6.0,0.00021028393867872602,0.00024948769959109995,9.029300653686127e-06,0.0004688009389235121,0.0,United Kingdom,GBR,england,,,Linux-6.4.0-150600.23.73_15.0.14-cray_shasta_c_64k-aarch64-with-glibc2.38,3.11.7,3.3.0,72,Neoverse-V2,1,1 x NVIDIA GH200 120GB,-2.5917,51.4535,64,machine,5.55,1.0,11.799999999999999,101.18435668945312,N,1.0,0.0
2026-09-26T23:05:01,mobilenet_v3_small_batch1_node_5_exchange,5dd94636-a473-4940-97cc-c8a78ea55b8f,5b0fa12a-3dd7-45bb-9766-cc326314d9f1,20.409610718954355,0.00029314856313617546,1.4363260876109172e-05,116.66223729216,140.5469093579431,6.0,0.0005591419736868958,0.0006647721984762711,9.933199289953336e-06,0.0012338473714531206,0.0,United Kingdom,GBR,england,,,Linux-6.4.0-150600.23.73_15.0.14-cray_shasta_c_64k-aarch64-with-glibc2.38,3.11.7,3.3.0,72,Neoverse-V2,1,1 x NVIDIA GH200 120GB,-2.5917,51.4535,64,machine,7.011764705882353,0.35294117647058826,11.800000000000002,101.18888944738052,N,1.0,0.0
2026-09-26T23:06:15,mobilenet_v3_small_batch1_node_0_evaluate,797f1dd2-b646-4ed3-84af-1fbf154e28bb,5b0fa12a-3dd7-45bb-9766-cc326314d9f1,14.785878621041775,0.00019993503277239056,1.3522025839429192e-05,117.77238717531431,137.62344749943153,6.0,0.0003836989622583479,0.0004482939697538768,9.523437737176817e-06,0.0008415163697494015,0.0,United Kingdom,GBR,england,,,Linux-6.4.0-150600.23.73_15.0.14-cray_shasta_c_64k-aarch64-with-glibc2.38,3.11.7,3.3.0,72,Neoverse-V2,1,1 x NVIDIA GH200 120GB,-2.5917,51.4535,64,machine,8.19090909090909,0.2727272727272727,11.799999999999999,101.04812344637784,N,1.0,0.0
2026-09-26T23:06:37,mobilenet_v3_small_batch1_node_1_evaluate,5f549abd-5da4-4b36-bef3-c5b3a9c284be,5b0fa12a-3dd7-45bb-9766-cc326314d9f1,14.813950022915378,0.00019906717739974177,1.3437818886374605e-05,117.27689806080002,136.1769133495851,6.0,0.0003832496816879295,0.00044462702237524354,9.986906624787178e-06,0.0008378636106879602,0.0,United Kingdom,GBR,england,,,Linux-6.4.0-150600.23.73_15.0.14-cray_shasta_c_64k-aarch64-with-glibc2.38,3.11.7,3.3.0,72,Neoverse-V2,1,1 x NVIDIA GH200 120GB,-2.5917,51.4535,64,machine,8.427272727272726,0.2727272727272727,11.799999999999999,101.02616188742898,N,1.0,0.0
2026-09-26T23:12:27,mobilenet_v3_small_batch1_node_2_evaluate,87b80ea5-1f4e-401d-8a44-0daa50e01fa6,5b0fa12a-3dd7-45bb-9766-cc326314d9f1,15.021269076969475,0.00020359015246355246,1.3553458860256738e-05,117.60635496137144,137.39764311075044,6.0,0.00039081573679191446,0.00045633647617648876,9.748369396741811e-06,0.0008569005823651451,0.0,United Kingdom,GBR,england,,,Linux-6.4.0-150600.23.73_15.0.14-cray_shasta_c_64k-aarch64-with-glibc2.38,3.11.7,3.3.0,72,Neoverse-V2,1,1 x NVIDIA GH200 120GB,-2.5917,51.4535,64,machine,13.227272727272727,0.18181818181818182,11.772727272727273,100.6289228959517,N,1.0,0.0
2026-09-26T23:12:54,mobilenet_v3_small_batch1_node_3_evaluate,ce4c3196-e6f3-44c5-ac19-d891f1d04d08,5b0fa12a-3dd7-45bb-9766-cc326314d9f1,22.420025585917756,0.00032548830832152036,1.4517749191417642e-05,117.02500913170286,136.66946589088744,6.0,0.0006258974657630152,0.0007345794765427627,9.486769488624607e-06,0.0013699637117944028,0.0,United Kingdom,GBR,england,,,Linux-6.4.0-150600.23.73_15.0.14-cray_shasta_c_64k-aarch64-with-glibc2.38,3.11.7,3.3.0,72,Neoverse-V2,1,1 x NVIDIA GH200 120GB,-2.5917,51.4535,64,machine,1.3631578947368421,0.21052631578947367,11.699999999999996,100.48676500822368,N,1.0,0.0
2026-09-26T23:13:09,mobilenet_v3_small_batch1_node_4_evaluate,9fe4de4f-3682-4d70-a560-5c0db7d8e42a,5b0fa12a-3dd7-45bb-9766-cc326314d9f1,8.988458942156285,0.00010360556961656715,1.1526510860571691e-05,117.16131490560002,720.1961877143649,6.0,0.0001961809503076611,0.00023002768401170215,9.86193130685327e-06,0.00043607056562621654,0.0,United Kingdom,GBR,england,,,Linux-6.4.0-150600.23.73_15.0.14-cray_shasta_c_64k-aarch64-with-glibc2.38,3.11.7,3.3.0,72,Neoverse-V2,1,1 x NVIDIA GH200 120GB,-2.5917,51.4535,64,machine,0.0,0.4,11.779999999999998,100.87933349609375,N,1.0,0.0
2026-09-26T23:13:38,mobilenet_v3_small_batch1_node_5_evaluate,1c133bf3-aa92-4709-927f-7f2b4f7886f7,5b0fa12a-3dd7-45bb-9766-cc326314d9f1,15.111857493873686,0.0002043257318571999,1.3520887947761095e-05,117.76387761462857,136.27803535285872,6.0,0.00039419046430883085,0.00045601397592065496,9.792158338629331e-06,0.0008599965985681151,0.0,United Kingdom,GBR,england,,,Linux-6.4.0-150600.23.73_15.0.14-cray_shasta_c_64k-aarch64-with-glibc2.38,3.11.7,3.3.0,72,Neoverse-V2,1,1 x NVIDIA GH200 120GB,-2.5917,51.4535,64,machine,1.425,0.16666666666666666,11.799999999999999,100.90910339355469,N,1.0,0.0
2026-09-26T23:14:16,efficientnet_lite0_batch1_node_0_local_train,6439aa7d-4113-4de0-ae3a-3013cc0be7d0,5b0fa12a-3dd7-45bb-9766-cc326314d9f1,12.601651323027909,0.0001653255008438484,1.3119352107587452e-05,116.37968591808001,145.74265554604312,6.0,0.0003079824125144277,0.0003812964161511445,6.5677839463266236e-06,0.0006958466126118988,0.0,United Kingdom,GBR,england,,,Linux-6.4.0-150600.23.73_15.0.14-cray_shasta_c_64k-aarch64-with-glibc2.38,3.11.7,3.3.0,72,Neoverse-V2,1,1 x NVIDIA GH200 120GB,-2.5917,51.4535,64,machine,5.988888888888889,4.222222222222222,12.033333333333335,103.14108615451389,N,1.0,0.0
2026-09-26T23:14:26,efficientnet_lite0_batch1_node_0_evaluate,06fb9b1d-f09d-4cbd-8c5c-04a31084aa94,5b0fa12a-3dd7-45bb-9766-cc326314d9f1,8.818678013049066,0.00010246095581310983,1.161862987417134e-05,117.28940463360001,725.2289645015372,6.0,0.00019137699108193342,0.00023027685088550243,9.599102458062892e-06,0.00043125294442549877,0.0,United Kingdom,GBR,england,,,Linux-6.4.0-150600.23.73_15.0.14-cray_shasta_c_64k-aarch64-with-glibc2.38,3.11.7,3.3.0,72,Neoverse-V2,1,1 x NVIDIA GH200 120GB,-2.5917,51.4535,64,machine,31.28,2.2,12.1,103.81495361328125,N,1.0,0.0
2026-09-26T23:14:48,efficientnet_lite0_batch1_node_1_local_train,81c443f8-8a0a-472a-9a62-62bc0bab3a8f,5b0fa12a-3dd7-45bb-9766-cc326314d9f1,16.043302292004228,0.00023178375467604247,1.444738436372669e-05,116.73711697536001,146.91096562113842,6.0,0.0004225090286379178,0.0005395507094192453,1.3506280049914495e-05,0.0009755660181070777,0.0,United Kingdom,GBR,england,,,Linux-6.4.0-150600.23.73_15.0.14-cray_shasta_c_64k-aarch64-with-glibc2.38,3.11.7,3.3.0,72,Neoverse-V2,1,1 x NVIDIA GH200 120GB,-2.5917,51.4535,64,machine,6.325,5.416666666666667,12.108333333333329,103.44598897298177,N,1.0,0.0
2026-09-26T23:15:03,efficientnet_lite0_batch1_node_1_evaluate,ff0a4a29-a1be-48f4-927c-ed62ae02075a,5b0fa12a-3dd7-45bb-9766-cc326314d9f1,10.113075378118083,0.00012466397977317926,1.2327009847362343e-05,117.96095218834287,139.34812005162232,6.0,0.00023464030216112518,0.00028000300177666304,1.0061037480287875e-05,0.0005247043414180761,0.0,United Kingdom,GBR,england,,,Linux-6.4.0-150600.23.73_15.0.14-cray_shasta_c_64k-aarch64-with-glibc2.38,3.11.7,3.3.0,72,Neoverse-V2,1,1 x NVIDIA GH200 120GB,-2.5917,51.4535,64,machine,4.2,2.2857142857142856,12.042857142857143,103.35110909598214,N,1.0,0.0
2026-09-26T23:15:23,efficientnet_lite0_batch1_node_2_local_train,8a2c3698-937b-4b7b-8f7b-8545d5676ca1,5b0fa12a-3dd7-45bb-9766-cc326314d9f1,7.883592888945714,8.935687457960839e-05,1.1334536909548387e-05,116.17205619456001,79.02931431598984,6.0,0.00015702806397846573,0.00021105322439041174,8.017245568335057e-06,0.00037609853393721253,0.0,United Kingdom,GBR,england,,,Linux-6.4.0-150600.23.73_15.0.14-cray_shasta_c_64k-aarch64-with-glibc2.38,3.11.7,3.3.0,72,Neoverse-V2,1,1 x NVIDIA GH200 120GB,-2.5917,51.4535,64,machine,0.0,13.5,12.075,103.28733825683594,N,1.0,0.0
2026-09-26T23:16:16,efficientnet_lite0_batch1_node_2_evaluate,f97ffe41-aa12-486d-9a99-6d71d6a6089f,5b0fa12a-3dd7-45bb-9766-cc326314d9f1,14.783239508979023,0.00020077017590821233,1.3580932365079306e-05,117.38259991954287,139.02503242690864,6.0,0.00038256810687888705,0.0004527845289032939,9.678808889972667e-06,0.0008450314446721537,0.0,United Kingdom,GBR,england,,,Linux-6.4.0-150600.23.73_15.0.14-cray_shasta_c_64k-aarch64-with-glibc2.38,3.11.7,3.3.0,72,Neoverse-V2,1,1 x NVIDIA GH200 120GB,-2.5917,51.4535,64,machine,0.0,1.7272727272727273,12.099999999999996,103.29381214488636,N,1.0,0.0
2026-09-26T23:16:24,efficientnet_lite0_batch1_node_3_local_train,22f1290a-9e1c-4d9b-94a8-35096d058fbd,5b0fa12a-3dd7-45bb-9766-cc326314d9f1,7.10583853488788,7.459589436775542e-05,1.0497831325818668e-05,116.29086818688002,77.96313548022339,6.0,0.0001322908961742341,0.00017494236216464287,6.7370617001627885e-06,0.00031397032003903976,0.0,United Kingdom,GBR,england,,,Linux-6.4.0-150600.23.73_15.0.14-cray_shasta_c_64k-aarch64-with-glibc2.38,3.11.7,3.3.0,72,Neoverse-V2,1,1 x NVIDIA GH200 120GB,-2.5917,51.4535,64,machine,0.0,4.5,12.05,103.19981384277344,N,1.0,0.0
2026-09-26T23:16:43,efficientnet_lite0_batch1_node_3_evaluate,54355841-a688-48b9-ae7c-c7e7d1974ba5,5b0fa12a-3dd7-45bb-9766-cc326314d9f1,10.798678239108995,0.00013510687469608517,1.2511427019537986e-05,118.0801606752,138.78051612661355,6.0,0.0002569049722341693,0.00030220940843150856,9.543573600240053e-06,0.0005686579542659179,0.0,United Kingdom,GBR,england,,,Linux-6.4.0-150600.23.73_15.0.14-cray_shasta_c_64k-aarch64-with-glibc2.38,3.11.7,3.3.0,72,Neoverse-V2,1,1 x NVIDIA GH200 120GB,-2.5917,51.4535,64,machine,18.614285714285717,1.4285714285714286,12.0,103.18047223772321,N,1.0,0.0
2026-09-26T23:17:02,efficientnet_lite0_batch1_node_4_local_train,a078386f-2b40-4207-8a20-16dbf30ee24d,5b0fa12a-3dd7-45bb-9766-cc326314d9f1,16.264690891839564,0.00023000752244321335,1.4141524359286432e-05,116.59495090525715,146.7206288414261,6.0,0.00042712016846247446,0.0005317587587398975,9.211019904663166e-06,0.000968089947107035,0.0,United Kingdom,GBR,england,,,Linux-6.4.0-150600.23.73_15.0.14-cray_shasta_c_64k-aarch64-with-glibc2.38,3.11.7,3.3.0,72,Neoverse-V2,1,1 x NVIDIA GH200 120GB,-2.5917,51.4535,64,machine,3.446153846153846,3.230769230769231,12.015384615384615,103.16212815504808,N,1.0,0.0
2026-09-26T23:43:06,efficientnet_lite0_batch1_node_4_evaluate,9d2c0f53-c54f-4e56-ab1a-57f861224172,5b0fa12a-3dd7-45bb-9766-cc326314d9f1,15.914591649081558,0.00022032758330090956,1.384437553656143e-05,117.72719617680002,140.2044478987015,6.0,0.0004195113387609243,0.0004981356762812084,9.700561238375182e-06,0.0009273475762805078,0.0,United Kingdom,GBR,england,,,Linux-6.4.0-150600.23.73_15.0.14-cray_shasta_c_64k-aarch64-with-glibc2.38,3.11.7,3.3.0,72,Neoverse-V2,1,1 x NVIDIA GH200 120GB,-2.5917,51.4535,64,machine,0.0,1.0,14.599999999999996,124.89878845214844,N,1.0,0.0
2026-09-26T23:43:32,efficientnet_lite0_batch1_node_5_local_train,3fbff0d1-52ed-4b21-a4f7-e73e0427452e,5b0fa12a-3dd7-45bb-9766-cc326314d9f1,10.150744968093932,0.0001304346606422951,1.2849762362494624e-05,116.7952947593143,146.80534772038777,6.0,0.0002324679301830256,0.00030640580067142764,1.0119112426570306e-05,0.0005489928432810236,0.0,United Kingdom,GBR,england,,,Linux-6.4.0-150600.23.73_15.0.14-cray_shasta_c_64k-aarch64-with-glibc2.38,3.11.7,3.3.0,72,Neoverse-V2,1,1 x NVIDIA GH200 120GB,-2.5917,51.4535,64,machine,18.0,3.142857142857143,14.599999999999998,124.89244733537946,N,1.0,0.0
2026-09-26T23:43:44,efficientnet_lite0_batch1_node_5_evaluate,75796023-2cbb-4e2d-a625-aad05940d4f9,5b0fa12a-3dd7-45bb-9766-cc326314d9f1,8.946195061085746,0.00010448490567239138,1.1679256372005674e-05,117.31335333120002,71.95842709446211,6.0,0.0001952456754564861,0.00023473435444998358,9.791616391933834e-06,0.0004397716462984035,0.0,United Kingdom,GBR,england,,,Linux-6.4.0-150600.23.73_15.0.14-cray_shasta_c_64k-aarch64-with-glibc2.38,3.11.7,3.3.0,72,Neoverse-V2,1,1 x NVIDIA GH200 120GB,-2.5917,51.4535,64,machine,3.9,2.8,14.6,124.70462646484376,N,1.0,0.0
2026-09-26T23:48:20,mobilevit_xxs_batch1_node_0_local_train,c724bcd9-bed2-40b7-beca-7e7c0b429f7d,5b0fa12a-3dd7-45bb-9766-cc326314d9f1,259.64885059418157,0.004497598326524118,1.7321849552700865e-05,115.4271642377438,129.21163498502858,6.0,0.008316001394619917,0.009802827286705451,0.0008113336011208595,0.018930162282446233,0.0,United Kingdom,GBR,england,,,Linux-6.4.0-150600.23.73_15.0.14-cray_shasta_c_64k-aarch64-with-glibc2.38,3.11.7,3.3.0,72,Neoverse-V2,1,1 x NVIDIA GH200 120GB,-2.5917,51.4535,64,machine,3.2428571428571433,0.21621621621621623,14.60038610038604,124.9314987595017,N,1.0,0.0
2026-09-26T23:48:35,mobilevit_xxs_batch1_node_0_evaluate,4da86e9d-5262-4518-8bcd-7e435dca7248,5b0fa12a-3dd7-45bb-9766-cc326314d9f1,9.927615227876231,0.00012061259910179646,1.2149201629322066e-05,117.76194178560002,138.51306867788702,6.0,0.00022784075361899673,0.0002700468827185887,9.764650181556742e-06,0.0005076522865191421,0.0,United Kingdom,GBR,england,,,Linux-6.4.0-150600.23.73_15.0.14-cray_shasta_c_64k-aarch64-with-glibc2.38,3.11.7,3.3.0,72,Neoverse-V2,1,1 x NVIDIA GH200 120GB,-2.5917,51.4535,64,machine,1.9666666666666668,2.6666666666666665,14.6,124.89431762695312,N,1.0,0.0
2026-09-26T23:49:01,mobilevit_xxs_batch1_node_1_local_train,a948360a-bae2-44df-8530-d8d997bdd125,5b0fa12a-3dd7-45bb-9766-cc326314d9f1,16.540313489967957,0.0002427180330398077,1.4674330881758753e-05,116.720386848,142.32303126004405,6.0,0.00044188253096151894,0.0005589165582620126,2.0788749606581405e-05,0.001021587838830113,0.0,United Kingdom,GBR,england,,,Linux-6.4.0-150600.23.73_15.0.14-cray_shasta_c_64k-aarch64-with-glibc2.38,3.11.7,3.3.0,72,Neoverse-V2,1,1 x NVIDIA GH200 120GB,-2.5917,51.4535,64,machine,1.0615384615384615,8.076923076923077,14.599999999999996,124.91100135216347,N,1.0,0.0
2026-09-26T23:49:25,mobilevit_xxs_batch1_node_1_evaluate,5eb1d799-6a3f-45bf-88ad-89904cb82b30,5b0fa12a-3dd7-45bb-9766-cc326314d9f1,10.18821412185207,0.00012530825852561468,1.229933499894243e-05,117.54400977051431,144.85721116219048,6.0,0.00023552056198508612,0.00028174550318738056,1.0150012699887157e-05,0.0005274160778723539,0.0,United Kingdom,GBR,england,,,Linux-6.4.0-150600.23.73_15.0.14-cray_shasta_c_64k-aarch64-with-glibc2.38,3.11.7,3.3.0,72,Neoverse-V2,1,1 x NVIDIA GH200 120GB,-2.5917,51.4535,64,machine,19.214285714285715,2.7142857142857144,14.599999999999998,124.92551095145089,N,1.0,0.0
2026-09-26T23:49:39,mobilevit_xxs_batch1_node_2_local_train,5d803b7f-bbe3-4bd9-b350-a87d911959a7,5b0fa12a-3dd7-45bb-9766-cc326314d9f1,11.605597470887005,0.0001527522281598933,1.3161944358580152e-05,116.66885412960002,142.27254513479676,6.0,0.00027901361390012674,0.00035138917000665515,1.2523564366468538e-05,0.0006429263482732505,0.0,United Kingdom,GBR,england,,,Linux-6.4.0-150600.23.73_15.0.14-cray_shasta_c_64k-aarch64-with-glibc2.38,3.11.7,3.3.0,72,Neoverse-V2,1,1 x NVIDIA GH200 120GB,-2.5917,51.4535,64,machine,0.0,5.25,14.599999999999998,124.88024139404297,N,1.0,0.0
2026-09-26T23:49:50,mobilevit_xxs_batch1_node_2_evaluate,aaa4394c-0371-444e-b467-53dfaba96b79,5b0fa12a-3dd7-45bb-9766-cc326314d9f1,10.351656697923318,0.00012741847837271467,1.2308993824947513e-05,117.76413366720001,135.92913198799494,6.0,0.00024161619407984394,0.0002848166167268573,9.86507492333961e-06,0.0005362978857300409,0.0,United Kingdom,GBR,england,,,Linux-6.4.0-150600.23.73_15.0.14-cray_shasta_c_64k-aarch64-with-glibc2.38,3.11.7,3.3.0,72,Neoverse-V2,1,1 x NVIDIA GH200 120GB,-2.5917,51.4535,64,machine,0.0,3.142857142857143,14.599999999999998,125.03038678850446,N,1.0,0.0
2026-09-26T23:51:10,mobilevit_xxs_batch1_node_3_local_train,46a4090e-d341-4dd3-9194-f8927e9e5b9f,5b0fa12a-3dd7-45bb-9766-cc326314d9f1,10.394649856025353,0.00013051200328871864,1.2555690196054673e-05,116.59442990400001,139.41132260291084,6.0,0.0002395022624557044,0.00029935246170964547,1.0463650375216579e-05,0.0005493183745405665,0.0,United Kingdom,GBR,england,,,Linux-6.4.0-150600.23.73_15.0.14-cray_shasta_c_64k-aarch64-with-glibc2.38,3.11.7,3.3.0,72,Neoverse-V2,1,1 x NVIDIA GH200 120GB,-2.5917,51.4535,64,machine,0.0,9.857142857142858,14.599999999999998,124.96843610491071,N,1.0,0.0
2026-09-26T23:51:27,mobilevit_xxs_batch1_node_3_evaluate,84104e0c-5f01-4fd3-ad88-d6c44570e26e,5b0fa12a-3dd7-45bb-9766-cc326314d9f1,13.605327219935134,0.00018048901082441264,1.3266054384928874e-05,117.33386125988574,138.0952427908981,6.0,0.0003445035862729177,0.0004055028244067671,9.662643125047907e-06,0.0007596690538047327,0.0,United Kingdom,GBR,england,,,Linux-6.4.0-150600.23.73_15.0.14-cray_shasta_c_64k-aarch64-with-glibc2.38,3.11.7,3.3.0,72,Neoverse-V2,1,1 x NVIDIA GH200 120GB,-2.5917,51.4535,64,machine,5.17,1.2,14.599999999999998,124.80369873046875,N,1.0,0.0
2026-09-26T23:51:47,mobilevit_xxs_batch1_node_4_local_train,8e7bea2f-1644-477c-b7cd-3eaa3f8c3a6b,5b0fa12a-3dd7-45bb-9766-cc326314d9f1,16.1132185398601,0.00022938750719370704,1.4235983123189159e-05,116.71270390080002,142.3648951469122,6.0,0.00042507750729192466,0.000526068476403907,1.4334350804953526e-05,0.0009654803345007851,0.0,United Kingdom,GBR,england,,,Linux-6.4.0-150600.23.73_15.0.14-cray_shasta_c_64k-aarch64-with-glibc2.38,3.11.7,3.3.0,72,Neoverse-V2,1,1 x NVIDIA GH200 120GB,-2.5917,51.4535,64,machine,6.123076923076923,7.0,14.599999999999996,125.03458345853366,N,1.0,0.0
2026-09-26T23:52:04,mobilevit_xxs_batch1_node_4_evaluate,d93b84d2-d9bc-4d30-bd00-34d7dbf3820c,5b0fa12a-3dd7-45bb-9766-cc326314d9f1,9.081143660005182,0.00010598698051452972,1.1671104927159498e-05,117.28658940068573,70.65786476025366,6.0,0.00019993740345589016,0.00023612324444854949,1.0033154900108155e-05,0.00044609380280454783,0.0,United Kingdom,GBR,england,,,Linux-6.4.0-150600.23.73_15.0.14-cray_shasta_c_64k-aarch64-with-glibc2.38,3.11.7,3.3.0,72,Neoverse-V2,1,1 x NVIDIA GH200 120GB,-2.5917,51.4535,64,machine,0.0,1.3333333333333333,14.616666666666665,125.02430216471355,N,1.0,0.0
2026-09-26T23:52:28,mobilevit_xxs_batch1_node_5_local_train,5bdb1b7a-e7cd-4f80-ba02-2dedf01ed758,5b0fa12a-3dd7-45bb-9766-cc326314d9f1,17.845684424974024,0.00026058383982307935,1.460206476913864e-05,116.68943105856002,143.89205886884372,6.0,0.00048109738190003275,0.0005998265909710199,1.5860136759777863e-05,0.0010967841096308304,0.0,United Kingdom,GBR,england,,,Linux-6.4.0-150600.23.73_15.0.14-cray_shasta_c_64k-aarch64-with-glibc2.38,3.11.7,3.3.0,72,Neoverse-V2,1,1 x NVIDIA GH200 120GB,-2.5917,51.4535,64,machine,3.6000000000000005,5.428571428571429,14.599999999999996,124.81610543387276,N,1.0,0.0
2026-09-26T23:52:38,mobilevit_xxs_batch1_node_5_evaluate,68ecf635-baea-44ea-bcf2-5ab7891ea757,5b0fa12a-3dd7-45bb-9766-cc326314d9f1,9.03695931402035,0.00010566980990715476,1.1693071334648349e-05,117.36528379200001,71.27926324747567,6.0,0.00019858229014053618,0.0002362288001052093,9.947757626650855e-06,0.00044475884787239633,0.0,United Kingdom,GBR,england,,,Linux-6.4.0-150600.23.73_15.0.14-cray_shasta_c_64k-aarch64-with-glibc2.38,3.11.7,3.3.0,72,Neoverse-V2,1,1 x NVIDIA GH200 120GB,-2.5917,51.4535,64,machine,0.0,2.6,14.6,124.9066162109375,N,1.0,0.0
2026-09-26T23:53:00,mobilevit_xxs_batch1_node_0_exchange,e47a66d5-fc85-40c1-a218-629656d4cfb5,5b0fa12a-3dd7-45bb-9766-cc326314d9f1,6.981807491974905,7.055488347387628e-05,1.0105532636781254e-05,116.09514655200002,74.78662144955248,6.0,0.0001278123454938791,0.0001626134634165055,6.536102095075573e-06,0.0002969619110054602,0.0,United Kingdom,GBR,england,,,Linux-6.4.0-150600.23.73_15.0.14-cray_shasta_c_64k-aarch64-with-glibc2.38,3.11.7,3.3.0,72,Neoverse-V2,1,1 x NVIDIA GH200 120GB,-2.5917,51.4535,64,machine,0.0,10.0,14.6,124.80621337890625,N,1.0,0.0
2026-09-26T23:53:46,mobilevit_xxs_batch1_node_1_exchange,27516c2a-3188-4062-b667-f2740635e443,5b0fa12a-3dd7-45bb-9766-cc326314d9f1,11.386937835952267,0.00015039990830846792,1.3208108314564296e-05,116.53455473280002,75.0392105391082,6.0,0.0002725969245789346,0.0003465677772425124,1.3860852006667605e-05,0.0006330255538281146,0.0,United Kingdom,GBR,england,,,Linux-6.4.0-150600.23.73_15.0.14-cray_shasta_c_64k-aarch64-with-glibc2.38,3.11.7,3.3.0,72,Neoverse-V2,1,1 x NVIDIA GH200 120GB,-2.5917,51.4535,64,machine,0.0,9.25,14.599999999999998,124.9391098022461,N,1.0,0.0
2026-09-26T23:54:25,mobilevit_xxs_batch1_node_2_exchange,b26afda7-6faa-44d0-82c6-543d2a119479,5b0fa12a-3dd7-45bb-9766-cc326314d9f1,13.981681094970554,0.00018820311619666239,1.3460692953750906e-05,116.32194771840001,142.7724826985342,6.0,0.0003527912458362837,0.00043097673366787603,8.369350913756837e-06,0.0007921373304179166,0.0,United Kingdom,GBR,england,,,Linux-6.4.0-150600.23.73_15.0.14-cray_shasta_c_64k-aarch64-with-glibc2.38,3.11.7,3.3.0,72,Neoverse-V2,1,1 x NVIDIA GH200 120GB,-2.5917,51.4535,64,machine,0.0,3.7,14.599999999999998,124.87163696289062,N,1.0,0.0
2026-09-26T23:54:43,mobilevit_xxs_batch1_node_5_exchange,7a73fc43-35f0-4fd5-81c6-1abd36b6f9ae,5b0fa12a-3dd7-45bb-9766-cc326314d9f1,13.962359598139301,0.00018998106814480624,1.3606659161688125e-05,116.43531143040002,142.4084710330452,6.0,0.0003536323915080406,0.0004353167371391464,1.0671510964942476e-05,0.0007996206396121296,0.0,United Kingdom,GBR,england,,,Linux-6.4.0-150600.23.73_15.0.14-cray_shasta_c_64k-aarch64-with-glibc2.38,3.11.7,3.3.0,72,Neoverse-V2,1,1 x NVIDIA GH200 120GB,-2.5917,51.4535,64,machine,1.1800000000000002,3.4,14.599999999999998,124.79388427734375,N,1.0,0.0
2026-09-26T23:54:57,mobilevit_xxs_batch1_node_0_evaluate,7b3c2871-a7fd-4b9e-82ec-b4adbc36aae4,5b0fa12a-3dd7-45bb-9766-cc326314d9f1,10.473088067956269,0.00012913916626174375,1.2330571978752025e-05,117.69358094537145,138.12697189738645,6.0,0.00024540872527222945,0.00028827995284075314,9.851495303058377e-06,0.000543540173416041,0.0,United Kingdom,GBR,england,,,Linux-6.4.0-150600.23.73_15.0.14-cray_shasta_c_64k-aarch64-with-glibc2.38,3.11.7,3.3.0,72,Neoverse-V2,1,1 x NVIDIA GH200 120GB,-2.5917,51.4535,64,machine,0.0,2.0,14.599999999999998,124.76313127790179,N,1.0,0.0
2026-09-26T23:55:14,mobilevit_xxs_batch1_node_1_evaluate,26b488f4-de55-44d1-91f3-cb08a8f1db42,5b0fa12a-3dd7-45bb-9766-cc326314d9f1,14.418634664965793,0.00019441270544137405,1.348343376184955e-05,117.62529456960002,137.89794738409003,6.0,0.0003721411595582735,0.0004359395154125423,1.0192500308233625e-05,0.0008182731752790493,0.0,United Kingdom,GBR,england,,,Linux-6.4.0-150600.23.73_15.0.14-cray_shasta_c_64k-aarch64-with-glibc2.38,3.11.7,3.3.0,72,Neoverse-V2,1,1 x NVIDIA GH200 120GB,-2.5917,51.4535,64,machine,3.4545454545454546,0.9090909090909091,14.599999999999996,124.9034756747159,N,1.0,0.0
2026-09-26T23:55:48,mobilevit_xxs_batch1_node_2_evaluate,da2bfc52-233e-46d9-9b6d-6b3c595ab830,5b0fa12a-3dd7-45bb-9766-cc326314d9f1,14.177423235028982,0.00019041265253004402,1.3430695364978624e-05,117.686102976,138.24902180125935,6.0,0.0003641248712370381,0.00042748395308933596,9.828331981552766e-06,0.0008014371563079268,0.0,United Kingdom,GBR,england,,,Linux-6.4.0-150600.23.73_15.0.14-cray_shasta_c_64k-aarch64-with-glibc2.38,3.11.7,3.3.0,72,Neoverse-V2,1,1 x NVIDIA GH200 120GB,-2.5917,51.4535,64,machine,1.8181818181818181,1.4545454545454546,14.599999999999996,124.9610595703125,N,1.0,0.0
2026-09-26T23:56:05,mobilevit_xxs_batch1_node_5_evaluate,1e91d31c-318f-487d-9b56-ef148a0ad08a,5b0fa12a-3dd7-45bb-9766-cc326314d9f1,9.031072568148375,0.00010555661924975994,1.1688159789795825e-05,117.33503834880001,71.3635481360978,6.0,0.00019822903992973727,0.0002361218555506639,9.931538680102676e-06,0.0004442824341605038,0.0,United Kingdom,GBR,england,,,Linux-6.4.0-150600.23.73_15.0.14-cray_shasta_c_64k-aarch64-with-glibc2.38,3.11.7,3.3.0,72,Neoverse-V2,1,1 x NVIDIA GH200 120GB,-2.5917,51.4535,64,machine,0.0,2.0,14.6,125.02960205078125,N,1.0,0.0
2026-09-26T23:57:41,mobilenet_v3_small_batch2_node_0_local_train,be795cf7-bc6c-4a6d-a28e-ed28e4b2b1a5,5b0fa12a-3dd7-45bb-9766-cc326314d9f1,9.456338183023036,0.0001107683187365281,1.1713658774956936e-05,116.54290905325715,70.5070666012582,6.0,0.00020874066547352731,0.00024686186417000044,1.0615682211937382e-05,0.00046621821185546515,0.0,United Kingdom,GBR,england,,,Linux-6.4.0-150600.23.73_15.0.14-cray_shasta_c_64k-aarch64-with-glibc2.38,3.11.7,3.3.0,72,Neoverse-V2,1,1 x NVIDIA GH200 120GB,-2.5917,51.4535,64,machine,21.416666666666668,4.5,14.200000000000001,121.5684102376302,N,1.0,0.0
2026-09-26T23:58:24,mobilenet_v3_small_batch2_node_0_evaluate,9739fed8-0b2c-494d-a4d4-6ebc0ebc8e6e,5b0fa12a-3dd7-45bb-9766-cc326314d9f1,11.545289990957826,0.0001459968675998853,1.2645578215378635e-05,116.9018108352,68.47714972326617,6.0,0.0002791160861620118,0.00032127164590178836,1.4105647679728766e-05,0.000614493379743529,0.0,United Kingdom,GBR,england,,,Linux-6.4.0-150600.23.73_15.0.14-cray_shasta_c_64k-aarch64-with-glibc2.38,3.11.7,3.3.0,72,Neoverse-V2,1,1 x NVIDIA GH200 120GB,-2.5917,51.4535,64,machine,12.475,0.375,14.200000000000001,121.67534637451172,N,1.0,0.0
2026-09-26T23:58:51,mobilenet_v3_small_batch2_node_1_local_train,ee1c06f2-e0be-4dd8-93e9-f17ac87dca0f,5b0fa12a-3dd7-45bb-9766-cc326314d9f1,15.100675808032975,0.00021156924128280287,1.4010580981432383e-05,117.08301243323078,70.66504070910362,6.0,0.0003980971048853956,0.0004723248223115206,2.006223361357115e-05,0.0008904841608104873,0.0,United Kingdom,GBR,england,,,Linux-6.4.0-150600.23.73_15.0.14-cray_shasta_c_64k-aarch64-with-glibc2.38,3.11.7,3.3.0,72,Neoverse-V2,1,1 x NVIDIA GH200 120GB,-2.5917,51.4535,64,machine,5.75,6.5,14.199999999999998,121.61723327636719,N,1.0,0.0
2026-09-27T00:00:39,mobilenet_v3_small_batch2_node_1_evaluate,8b5cc919-5496-49c6-8049-34896eac6d03,5b0fa12a-3dd7-45bb-9766-cc326314d9f1,10.136882568942383,0.00012284003907836287,1.2118127860603125e-05,117.63681388662859,139.3467639164718,6.0,0.00023475737329197978,0.00027223410667431835,1.0035987965141732e-05,0.0005170274679314399,0.0,United Kingdom,GBR,england,,,Linux-6.4.0-150600.23.73_15.0.14-cray_shasta_c_64k-aarch64-with-glibc2.38,3.11.7,3.3.0,72,Neoverse-V2,1,1 x NVIDIA GH200 120GB,-2.5917,51.4535,64,machine,2.1,0.5714285714285714,14.299999999999999,122.23367745535714,N,1.0,0.0
2026-09-27T00:04:03,mobilenet_v3_small_batch2_node_2_local_train,beb9cc31-a9c4-47a0-998a-2d71a2d0f183,5b0fa12a-3dd7-45bb-9766-cc326314d9f1,203.04761108499952,0.0034482999643406873,1.6982716250215643e-05,115.46911016906779,126.89776403272205,6.0,0.006506111604449831,0.007658698626968885,0.00034890868797859487,0.01451371891939731,0.0,United Kingdom,GBR,england,,,Linux-6.4.0-150600.23.73_15.0.14-cray_shasta_c_64k-aarch64-with-glibc2.38,3.11.7,3.3.0,72,Neoverse-V2,1,1 x NVIDIA GH200 120GB,-2.5917,51.4535,64,machine,2.7354679802955664,0.20689655172413793,14.200492610837411,121.53007830539947,N,1.0,0.0
2026-09-27T00:04:25,mobilenet_v3_small_batch2_node_2_evaluate,eb7f4bdb-944f-41da-9b71-95bf9fe0ae88,5b0fa12a-3dd7-45bb-9766-cc326314d9f1,8.873321241000667,0.00010099867221920663,1.1382285107917129e-05,117.2814743232,69.07044232506935,6.0,0.00019283533259449012,0.00022258934473029512,9.673589931723352e-06,0.00042509826725650865,0.0,United Kingdom,GBR,england,,,Linux-6.4.0-150600.23.73_15.0.14-cray_shasta_c_64k-aarch64-with-glibc2.38,3.11.7,3.3.0,72,Neoverse-V2,1,1 x NVIDIA GH200 120GB,-2.5917,51.4535,64,machine,0.0,0.6,14.2,121.50618896484374,N,1.0,0.0
2026-09-27T00:04:39,mobilenet_v3_small_batch2_node_3_local_train,f5b72d26-1d53-49da-b014-58525cb6c41b,5b0fa12a-3dd7-45bb-9766-cc326314d9f1,8.583604672923684,9.761207230628447e-05,1.137192077521862e-05,116.7211871712,71.75165386187231,6.0,0.0001817633923615967,0.000219875175901052,9.20567244834577e-06,0.0004108442407109945,0.0,United Kingdom,GBR,england,,,Linux-6.4.0-150600.23.73_15.0.14-cray_shasta_c_64k-aarch64-with-glibc2.38,3.11.7,3.3.0,72,Neoverse-V2,1,1 x NVIDIA GH200 120GB,-2.5917,51.4535,64,machine,10.379999999999999,1.4,14.2,121.5291015625,N,1.0,0.0
2026-09-27T00:05:05,mobilenet_v3_small_batch2_node_3_evaluate,bc1cbfd7-9c51-48dd-9601-26fc83acc120,5b0fa12a-3dd7-45bb-9766-cc326314d9f1,8.7606608918868,9.931590074655347e-05,1.1336576312242537e-05,117.3835116864,69.24518903194893,6.0,0.00018958754183652125,0.00021893711958398399,9.490906415351978e-06,0.0004180155678358572,0.0,United Kingdom,GBR,england,,,Linux-6.4.0-150600.23.73_15.0.14-cray_shasta_c_64k-aarch64-with-glibc2.38,3.11.7,3.3.0,72,Neoverse-V2,1,1 x NVIDIA GH200 120GB,-2.5917,51.4535,64,machine,15.84,0.8,14.2,121.27755126953124,N,1.0,0.0
2026-09-27T00:05:34,mobilenet_v3_small_batch2_node_4_local_train,869d13bc-90aa-4f09-9997-99f7d11ea075,5b0fa12a-3dd7-45bb-9766-cc326314d9f1,14.32206038502045,0.00019455779350002376,1.358448353586843e-05,117.13966276320001,137.8538686786225,6.0,0.00036952368771082445,0.0004355984040387284,1.3761751778656618e-05,0.0008188838435282095,0.0,United Kingdom,GBR,england,,,Linux-6.4.0-150600.23.73_15.0.14-cray_shasta_c_64k-aarch64-with-glibc2.38,3.11.7,3.3.0,72,Neoverse-V2,1,1 x NVIDIA GH200 120GB,-2.5917,51.4535,64,machine,6.718181818181819,2.090909090909091,14.2,121.43826016512784,N,1.0,0.0
2026-09-27T00:05:48,mobilenet_v3_small_batch2_node_4_evaluate,f81359fd-f140-40ad-a8a1-e4a0a39d4dc7,5b0fa12a-3dd7-45bb-9766-cc326314d9f1,8.898354291915894,0.00010218613489336724,1.1483711655109393e-05,117.25093926720001,745.6737797321416,6.0,0.00019373748098703815,0.0002266335146430265,9.725241541552048e-06,0.0004300962371716167,0.0,United Kingdom,GBR,england,,,Linux-6.4.0-150600.23.73_15.0.14-cray_shasta_c_64k-aarch64-with-glibc2.38,3.11.7,3.3.0,72,Neoverse-V2,1,1 x NVIDIA GH200 120GB,-2.5917,51.4535,64,machine,11.66,0.8,14.2,121.35284423828125,N,1.0,0.0
2026-09-27T00:06:01,mobilenet_v3_small_batch2_node_5_local_train,170aa340-2399-47db-a7be-dc2d12e4fdc3,5b0fa12a-3dd7-45bb-9766-cc326314d9f1,11.327588089974597,0.00014569348243289392,1.2861827361275515e-05,116.836008768,71.31431321569232,6.0,0.0002724411689892054,0.00032701331717532867,1.3761960863290976e-05,0.000613216447027825,0.0,United Kingdom,GBR,england,,,Linux-6.4.0-150600.23.73_15.0.14-cray_shasta_c_64k-aarch64-with-glibc2.38,3.11.7,3.3.0,72,Neoverse-V2,1,1 x NVIDIA GH200 120GB,-2.5917,51.4535,64,machine,24.8125,5.625,14.200000000000001,121.47583770751953,N,1.0,0.0
2026-09-27T00:06:12,mobilenet_v3_small_batch2_node_5_evaluate,a1c69261-74f7-4c50-a2be-5e3ecca74a78,5b0fa12a-3dd7-45bb-9766-cc326314d9f1,8.87919154507108,0.00010212423154479354,1.1501523649580871e-05,117.43844420159999,733.0554341264616,6.0,0.00019360819247622312,0.0002265560145673362,9.671482086802521e-06,0.00042983568913036187,0.0,United Kingdom,GBR,england,,,Linux-6.4.0-150600.23.73_15.0.14-cray_shasta_c_64k-aarch64-with-glibc2.38,3.11.7,3.3.0,72,Neoverse-V2,1,1 x NVIDIA GH200 120GB,-2.5917,51.4535,64,machine,0.0,0.8,14.2,121.48343505859376,N,1.0,0.0
2026-09-27T00:06:44,mobilenet_v3_small_batch2_node_0_exchange,10a28807-800d-4be3-9cc4-6e3b75505c66,5b0fa12a-3dd7-45bb-9766-cc326314d9f1,16.16026202100329,0.0002208553458917511,1.366656961407607e-05,116.84889520128003,138.81902685807404,6.0,0.00042325477768637935,0.0004998509554354769,6.463169023239363e-06,0.0009295689021450956,0.0,United Kingdom,GBR,england,,,Linux-6.4.0-150600.23.73_15.0.14-cray_shasta_c_64k-aarch64-with-glibc2.38,3.11.7,3.3.0,72,Neoverse-V2,1,1 x NVIDIA GH200 120GB,-2.5917,51.4535,64,machine,3.8461538461538463,1.3846153846153846,14.230769230769235,121.99853046123798,N,1.0,0.0
2026-09-27T00:07:03,mobilenet_v3_small_batch2_node_1_exchange,57935831-a616-4baf-a984-6c70750fb9fd,5b0fa12a-3dd7-45bb-9766-cc326314d9f1,15.42985597695224,0.00021327035334144207,1.3821927674503672e-05,117.00933720192,138.71984497679733,6.0,0.0004042115406877382,0.00048013955077408355,1.3292963361600413e-05,0.0008976440548234222,0.0,United Kingdom,GBR,england,,,Linux-6.4.0-150600.23.73_15.0.14-cray_shasta_c_64k-aarch64-with-glibc2.38,3.11.7,3.3.0,72,Neoverse-V2,1,1 x NVIDIA GH200 120GB,-2.5917,51.4535,64,machine,5.691666666666666,3.25,14.300000000000002,122.23112487792969,N,1.0,0.0
2026-09-27T00:07:18,mobilenet_v3_small_batch2_node_2_exchange,a905c057-e3ca-4021-809f-acae3b0f43bc,5b0fa12a-3dd7-45bb-9766-cc326314d9f1,8.325331980129704,9.190508989867387e-05,1.1039210222250144e-05,117.02448516096001,138.72291737296968,6.0,0.0001729526302120454,0.00020677155431769734,7.099657898458342e-06,0.0003868238424282011,0.0,United Kingdom,GBR,england,,,Linux-6.4.0-150600.23.73_15.0.14-cray_shasta_c_64k-aarch64-with-glibc2.38,3.11.7,3.3.0,72,Neoverse-V2,1,1 x NVIDIA GH200 120GB,-2.5917,51.4535,64,machine,1.42,1.6,14.3,122.11463623046875,N,1.0,0.0
2026-09-27T00:07:41,mobilenet_v3_small_batch2_node_3_exchange,8fab8a09-1068-4b3a-a694-bfb1dd2f4b5c,5b0fa12a-3dd7-45bb-9766-cc326314d9f1,7.76717396103777,8.15551801750525e-05,1.0499981149405844e-05,116.79990422400002,137.92024347579655,6.0,0.0001540757332086645,0.00018302486864740786,6.160997692107534e-06,0.00034326159954817985,0.0,United Kingdom,GBR,england,,,Linux-6.4.0-150600.23.73_15.0.14-cray_shasta_c_64k-aarch64-with-glibc2.38,3.11.7,3.3.0,72,Neoverse-V2,1,1 x NVIDIA GH200 120GB,-2.5917,51.4535,64,machine,1.25,1.25,14.3,122.16383361816406,N,1.0,0.0
2026-09-27T00:07:55,mobilenet_v3_small_batch2_node_4_exchange,32c36171-83ea-436e-bcdf-eb7b1688f8d0,5b0fa12a-3dd7-45bb-9766-cc326314d9f1,9.557065551169217,0.00011319687803248056,1.1844313238871946e-05,117.05421847680003,137.87934596807793,6.0,0.00021382805485302783,0.0002534590916667412,9.152747719781473e-06,0.0004764398942395505,0.0,United Kingdom,GBR,england,,,Linux-6.4.0-150600.23.73_15.0.14-cray_shasta_c_64k-aarch64-with-glibc2.38,3.11.7,3.3.0,72,Neoverse-V2,1,1 x NVIDIA GH200 120GB,-2.5917,51.4535,64,machine,0.0,1.8333333333333333,14.216666666666669,122.04295857747395,N,1.0,0.0
2026-09-27T00:08:11,mobilenet_v3_small_batch2_node_5_exchange,42c4df80-4cf7-47b1-9827-27706a328c74,5b0fa12a-3dd7-45bb-9766-cc326314d9f1,9.559756902977824,0.00011343829819584449,1.1866232514815198e-05,117.0438504768,138.2233802339042,6.0,0.00021372275207166564,0.00025457159254926864,9.161674790084362e-06,0.0004774560194110186,0.0,United Kingdom,GBR,england,,,Linux-6.4.0-150600.23.73_15.0.14-cray_shasta_c_64k-aarch64-with-glibc2.38,3.11.7,3.3.0,72,Neoverse-V2,1,1 x NVIDIA GH200 120GB,-2.5917,51.4535,64,machine,11.5,2.3333333333333335,14.299999999999999,122.22716267903645,N,1.0,0.0
2026-09-27T00:08:47,mobilenet_v3_small_batch2_node_0_evaluate,1b4eea0a-46a0-415e-abc3-814ba48bad57,5b0fa12a-3dd7-45bb-9766-cc326314d9f1,9.710644788108766,0.00011498950254154183,1.1841592916914538e-05,117.89311392000003,135.75645355503806,6.0,0.00022154003927848454,0.0002530352024336935,9.409717783176652e-06,0.0004839849594953547,0.0,United Kingdom,GBR,england,,,Linux-6.4.0-150600.23.73_15.0.14-cray_shasta_c_64k-aarch64-with-glibc2.38,3.11.7,3.3.0,72,Neoverse-V2,1,1 x NVIDIA GH200 120GB,-2.5917,51.4535,64,machine,0.0,0.5,14.200000000000001,121.6344706217448,N,1.0,0.0
2026-09-27T00:09:01,mobilenet_v3_small_batch2_node_1_evaluate,217a8be0-0e8a-4dfe-8df0-4f251b4d6fcc,5b0fa12a-3dd7-45bb-9766-cc326314d9f1,10.43093331810087,0.0001278458301105754,1.2256413324848283e-05,117.89612286171429,139.73781031089396,6.0,0.0002448707702919596,0.0002833221711000533,9.903646036594485e-06,0.0005380965874286074,0.0,United Kingdom,GBR,england,,,Linux-6.4.0-150600.23.73_15.0.14-cray_shasta_c_64k-aarch64-with-glibc2.38,3.11.7,3.3.0,72,Neoverse-V2,1,1 x NVIDIA GH200 120GB,-2.5917,51.4535,64,machine,0.0,0.2857142857142857,14.200000000000001,121.73579624720982,N,1.0,0.0
2026-09-27T00:09:24,mobilenet_v3_small_batch2_node_2_evaluate,9f0f90fd-6f6d-415c-8e86-6cdb8f32e62f,5b0fa12a-3dd7-45bb-9766-cc326314d9f1,8.745407819980755,9.830038895199941e-05,1.1240229269515727e-05,117.28419531840002,68.32724256449215,6.0,0.0001888527073397229,0.00021542378345884572,9.464839616557584e-06,0.00041374133041512616,0.0,United Kingdom,GBR,england,,,Linux-6.4.0-150600.23.73_15.0.14-cray_shasta_c_64k-aarch64-with-glibc2.38,3.11.7,3.3.0,72,Neoverse-V2,1,1 x NVIDIA GH200 120GB,-2.5917,51.4535,64,machine,0.0,0.4,14.2,121.89593505859375,N,1.0,0.0
2026-09-27T00:09:42,mobilenet_v3_small_batch2_node_3_evaluate,8fe082d5-a616-425a-b983-6db8765b4e6f,5b0fa12a-3dd7-45bb-9766-cc326314d9f1,13.896660139085725,0.00018429864636319948,1.326208200521803e-05,117.79781437440002,136.5460143928612,6.0,0.00035511483707202456,0.0004112286623296768,9.360116351551066e-06,0.0007757036157532524,0.0,United Kingdom,GBR,england,,,Linux-6.4.0-150600.23.73_15.0.14-cray_shasta_c_64k-aarch64-with-glibc2.38,3.11.7,3.3.0,72,Neoverse-V2,1,1 x NVIDIA GH200 120GB,-2.5917,51.4535,64,machine,7.43,0.3,14.2,121.75894165039062,N,1.0,0.0
2026-09-27T00:09:56,mobilenet_v3_small_batch2_node_4_evaluate,01d4edf8-ffef-4cd6-b645-6e43d3857408,5b0fa12a-3dd7-45bb-9766-cc326314d9f1,8.83176844404079,0.00010084659399253366,1.1418618437690086e-05,117.3349209312,69.66637001706913,6.0,0.00019178913814174177,0.00022305823399904057,9.610805605382968e-06,0.0004244581777461653,0.0,United Kingdom,GBR,england,,,Linux-6.4.0-150600.23.73_15.0.14-cray_shasta_c_64k-aarch64-with-glibc2.38,3.11.7,3.3.0,72,Neoverse-V2,1,1 x NVIDIA GH200 120GB,-2.5917,51.4535,64,machine,17.68,0.4,14.2,121.76102294921876,N,1.0,0.0
2026-09-27T00:10:16,mobilenet_v3_small_batch2_node_5_evaluate,b62176e5-0ae7-4135-84b4-8a23f21c00c8,5b0fa12a-3dd7-45bb-9766-cc326314d9f1,9.804139573825523,0.00011666066149098559,1.1899122876875285e-05,117.89398396800001,135.90400768918025,6.0,0.0002244575073150733,0.00025699270558732223,9.568569494877011e-06,0.0004910187823972726,0.0,United Kingdom,GBR,england,,,Linux-6.4.0-150600.23.73_15.0.14-cray_shasta_c_64k-aarch64-with-glibc2.38,3.11.7,3.3.0,72,Neoverse-V2,1,1 x NVIDIA GH200 120GB,-2.5917,51.4535,64,machine,0.0,0.16666666666666666,14.200000000000001,121.76102701822917,N,1.0,0.0
2026-09-27T00:10:49,efficientnet_lite0_batch2_node_0_local_train,c036cd59-5387-4623-96d1-22c5fbef4fdd,5b0fa12a-3dd7-45bb-9766-cc326314d9f1,7.23208266007714,7.679397265619842e-05,1.0618514232438172e-05,116.52929983872002,77.81571859557326,6.0,0.0001365990863066109,0.00017966764373511523,6.9551895597639185e-06,0.00032322191960149006,0.0,United Kingdom,GBR,england,,,Linux-6.4.0-150600.23.73_15.0.14-cray_shasta_c_64k-aarch64-with-glibc2.38,3.11.7,3.3.0,72,Neoverse-V2,1,1 x NVIDIA GH200 120GB,-2.5917,51.4535,64,machine,28.299999999999997,12.5,14.525,124.56277465820312,N,1.0,0.0
2026-09-27T00:15:52,efficientnet_lite0_batch2_node_0_evaluate,a2fd063b-c19f-4ad5-aa89-bcbbb85369e6,5b0fa12a-3dd7-45bb-9766-cc326314d9f1,144.10828771884553,0.0024553062115881866,1.7037925094068674e-05,115.69617373635592,136.2208658821507,6.0,0.004621250457012512,0.005436508238105375,0.00027650009459117425,0.010334258789709063,0.0,United Kingdom,GBR,england,,,Linux-6.4.0-150600.23.73_15.0.14-cray_shasta_c_64k-aarch64-with-glibc2.38,3.11.7,3.3.0,72,Neoverse-V2,1,1 x NVIDIA GH200 120GB,-2.5917,51.4535,64,machine,1.7798611111111111,0.09722222222222222,14.507638888888883,124.3389409383138,N,1.0,0.0
2026-09-27T00:16:04,efficientnet_lite0_batch2_node_1_local_train,132f52ac-da71-4b61-bdf1-2e3e3fafc4d5,5b0fa12a-3dd7-45bb-9766-cc326314d9f1,11.234442041022703,0.00015317072129544573,1.3634030131282084e-05,117.02711963520001,716.6862673920676,6.0,0.00027008022073920487,0.0003609894554585935,1.3618088368093597e-05,0.0006446877645658921,0.0,United Kingdom,GBR,england,,,Linux-6.4.0-150600.23.73_15.0.14-cray_shasta_c_64k-aarch64-with-glibc2.38,3.11.7,3.3.0,72,Neoverse-V2,1,1 x NVIDIA GH200 120GB,-2.5917,51.4535,64,machine,10.762500000000001,12.875,14.5,124.34063720703125,N,1.0,0.0
2026-09-27T00:16:14,efficientnet_lite0_batch2_node_1_evaluate,05cc8aa8-b38d-480a-b8a2-368ef5343cfc,5b0fa12a-3dd7-45bb-9766-cc326314d9f1,9.034840848995373,0.00010638163561244414,1.1774599839716405e-05,117.5858548704,71.97189309755174,6.0,0.0001993728502604887,0.00023843102405862737,9.951011691785728e-06,0.0004477548860109018,0.0,United Kingdom,GBR,england,,,Linux-6.4.0-150600.23.73_15.0.14-cray_shasta_c_64k-aarch64-with-glibc2.38,3.11.7,3.3.0,72,Neoverse-V2,1,1 x NVIDIA GH200 120GB,-2.5917,51.4535,64,machine,16.4,2.8,14.5,124.2552734375,N,1.0,0.0
2026-09-27T00:16:34,efficientnet_lite0_batch2_node_2_local_train,f39dd6ba-c87d-4ad2-969a-1921c9e7bec6,5b0fa12a-3dd7-45bb-9766-cc326314d9f1,14.464082954917103,0.00019801414603845235,1.369005879291759e-05,116.89082260272002,146.93356644156944,6.0,0.0003694526545526259,0.0004566598097710539,7.318990998125326e-06,0.0008334314553218051,0.0,United Kingdom,GBR,england,,,Linux-6.4.0-150600.23.73_15.0.14-cray_shasta_c_64k-aarch64-with-glibc2.38,3.11.7,3.3.0,72,Neoverse-V2,1,1 x NVIDIA GH200 120GB,-2.5917,51.4535,64,machine,9.618181818181819,5.181818181818182,14.5,124.38231867009944,N,1.0,0.0
2026-09-27T00:16:44,efficientnet_lite0_batch2_node_2_evaluate,ce877f6d-81ed-48e7-b388-48cc0bfccfe2,5b0fa12a-3dd7-45bb-9766-cc326314d9f1,8.791943643940613,0.00010138257072670258,1.1531303524286715e-05,117.44147381760001,71.27103263527233,6.0,0.0001908167140474537,0.00022636045886770262,9.536903606494889e-06,0.0004267140765216512,0.0,United Kingdom,GBR,england,,,Linux-6.4.0-150600.23.73_15.0.14-cray_shasta_c_64k-aarch64-with-glibc2.38,3.11.7,3.3.0,72,Neoverse-V2,1,1 x NVIDIA GH200 120GB,-2.5917,51.4535,64,machine,40.260000000000005,3.2,14.5,124.4201416015625,N,1.0,0.0
2026-09-27T00:16:52,efficientnet_lite0_batch2_node_3_local_train,3937e6d5-10d6-4ca3-85dc-74ad8450875e,5b0fa12a-3dd7-45bb-9766-cc326314d9f1,6.842181156156585,7.047255654986728e-05,1.0299720943000198e-05,116.48897827200001,79.3760110422549,6.0,0.00012401289966077844,0.00016630402193129612,6.298479583347216e-06,0.0002966154011754218,0.0,United Kingdom,GBR,england,,,Linux-6.4.0-150600.23.73_15.0.14-cray_shasta_c_64k-aarch64-with-glibc2.38,3.11.7,3.3.0,72,Neoverse-V2,1,1 x NVIDIA GH200 120GB,-2.5917,51.4535,64,machine,0.0,18.0,14.5,124.38712565104167,N,1.0,0.0
2026-09-27T00:17:07,efficientnet_lite0_batch2_node_3_evaluate,f4639978-2136-4fe6-b585-64561acd5131,5b0fa12a-3dd7-45bb-9766-cc326314d9f1,9.732425583992153,0.00011689674235356253,1.2011059457349845e-05,117.85261780800002,137.95222271339668,6.0,0.00022183940358215382,0.00026072909747654194,9.443933664976308e-06,0.0004920124347236721,0.0,United Kingdom,GBR,england,,,Linux-6.4.0-150600.23.73_15.0.14-cray_shasta_c_64k-aarch64-with-glibc2.38,3.11.7,3.3.0,72,Neoverse-V2,1,1 x NVIDIA GH200 120GB,-2.5917,51.4535,64,machine,0.0,2.0,14.5,124.24219767252605,N,1.0,0.0
2026-09-27T00:17:16,efficientnet_lite0_batch2_node_4_local_train,6329a3a2-787e-43ea-ad13-cf967e5ea7d4,5b0fa12a-3dd7-45bb-9766-cc326314d9f1,8.724227856146172,0.00010569639317315163,1.2115271966296604e-05,116.50792224960001,79.64908472723091,6.0,0.00018546471431461176,0.00024997797774517494,9.428043425238381e-06,0.0004448707354850251,0.0,United Kingdom,GBR,england,,,Linux-6.4.0-150600.23.73_15.0.14-cray_shasta_c_64k-aarch64-with-glibc2.38,3.11.7,3.3.0,72,Neoverse-V2,1,1 x NVIDIA GH200 120GB,-2.5917,51.4535,64,machine,0.0,5.6,14.52,124.5864501953125,N,1.0,0.0
2026-09-27T00:20:16,efficientnet_lite0_batch2_node_4_evaluate,5d776a77-d4cf-44e1-888f-8bf03e8d9be7,5b0fa12a-3dd7-45bb-9766-cc326314d9f1,8.88841276220046,0.00010371857540774252,1.1668964772745931e-05,117.12424256640001,72.51379825108118,6.0,0.00019282524768630382,0.00023403102055397085,9.689933005332325e-06,0.000436546201245607,0.0,United Kingdom,GBR,england,,,Linux-6.4.0-150600.23.73_15.0.14-cray_shasta_c_64k-aarch64-with-glibc2.38,3.11.7,3.3.0,72,Neoverse-V2,1,1 x NVIDIA GH200 120GB,-2.5917,51.4535,64,machine,0.0,1.6,14.0,120.19755859375,N,1.0,0.0
2026-09-27T00:20:55,efficientnet_lite0_batch2_node_5_local_train,a6e76ad2-3c63-4d1b-bfb1-4dc6a41f65df,5b0fa12a-3dd7-45bb-9766-cc326314d9f1,20.57481872290373,0.0003016533868910757,1.4661290140810693e-05,116.65642041792,150.37473025480566,6.0,0.0005644117129697787,0.0006957969455214652,9.43508297437802e-06,0.0012696437414656222,0.0,United Kingdom,GBR,england,,,Linux-6.4.0-150600.23.73_15.0.14-cray_shasta_c_64k-aarch64-with-glibc2.38,3.11.7,3.3.0,72,Neoverse-V2,1,1 x NVIDIA GH200 120GB,-2.5917,51.4535,64,machine,3.7058823529411766,1.3529411764705883,14.041176470588235,120.3556303136489,N,1.0,0.0
2026-09-27T00:21:05,efficientnet_lite0_batch2_node_5_evaluate,c6076cbf-d46f-4fe4-a56b-4f694a45a56a,5b0fa12a-3dd7-45bb-9766-cc326314d9f1,8.85643980000168,0.00010300135646567607,1.1630108575418366e-05,117.30187949760001,71.99250610926653,6.0,0.00019267690789199238,0.00023118879606442988,9.661759291775526e-06,0.0004335274632481978,0.0,United Kingdom,GBR,england,,,Linux-6.4.0-150600.23.73_15.0.14-cray_shasta_c_64k-aarch64-with-glibc2.38,3.11.7,3.3.0,72,Neoverse-V2,1,1 x NVIDIA GH200 120GB,-2.5917,51.4535,64,machine,0.0,3.6,14.0,120.0882080078125,N,1.0,0.0
2026-09-27T00:23:14,mobilevit_xxs_batch2_node_0_local_train,1304e043-5e1a-4675-b626-70b3643f4dc0,5b0fa12a-3dd7-45bb-9766-cc326314d9f1,9.751733388984576,0.00012324820742457237,1.2638594853689484e-05,119.53250541257144,74.78432162842671,6.0,0.00023027819957463809,0.00027733605520552373,1.1131172931442658e-05,0.0005187454277116045,0.0,United Kingdom,GBR,england,,,Linux-6.4.0-150600.23.73_15.0.14-cray_shasta_c_64k-aarch64-with-glibc2.38,3.11.7,3.3.0,72,Neoverse-V2,1,1 x NVIDIA GH200 120GB,-2.5917,51.4535,64,machine,11.783333333333331,9.333333333333334,14.1,120.53677368164062,N,1.0,0.0
2026-09-27T00:23:30,mobilevit_xxs_batch2_node_0_evaluate,1e7cca29-b695-4823-9646-4e91b7d1eb06,5b0fa12a-3dd7-45bb-9766-cc326314d9f1,13.327422563917935,0.00017598578356496034,1.3204787551451722e-05,117.67448625901714,137.67431805507633,6.0,0.000337216377238853,0.0003935294814851886,9.969340906245635e-06,0.0007407151996302874,0.0,United Kingdom,GBR,england,,,Linux-6.4.0-150600.23.73_15.0.14-cray_shasta_c_64k-aarch64-with-glibc2.38,3.11.7,3.3.0,72,Neoverse-V2,1,1 x NVIDIA GH200 120GB,-2.5917,51.4535,64,machine,0.67,1.0,14.099999999999998,120.4643310546875,N,1.0,0.0
2026-09-27T00:29:54,mobilevit_xxs_batch2_node_1_local_train,aa988cc1-6720-4361-b350-fff44fd5c745,5b0fa12a-3dd7-45bb-9766-cc326314d9f1,16.236084531992674,0.00023884214594232622,1.471057541439228e-05,116.7889019616,75.23731396677279,6.0,0.00043333483846612716,0.0005500034955474575,2.193609343181985e-05,0.0010052744274454046,0.0,United Kingdom,GBR,england,,,Linux-6.4.0-150600.23.73_15.0.14-cray_shasta_c_64k-aarch64-with-glibc2.38,3.11.7,3.3.0,72,Neoverse-V2,1,1 x NVIDIA GH200 120GB,-2.5917,51.4535,64,machine,5.384615384615385,7.538461538461538,14.007692307692308,120.28666334885817,N,1.0,0.0
2026-09-27T00:30:08,mobilevit_xxs_batch2_node_1_evaluate,4f0aa1c1-6c4f-4b60-8c39-6ff194eeaf0e,5b0fa12a-3dd7-45bb-9766-cc326314d9f1,9.333746177144349,0.00011114498705475608,1.1907864746409976e-05,117.58765405165715,71.2452557861434,6.0,0.00020929609384851965,0.0002480568651037629,1.0450630669947713e-05,0.0004678035896222303,0.0,United Kingdom,GBR,england,,,Linux-6.4.0-150600.23.73_15.0.14-cray_shasta_c_64k-aarch64-with-glibc2.38,3.11.7,3.3.0,72,Neoverse-V2,1,1 x NVIDIA GH200 120GB,-2.5917,51.4535,64,machine,0.0,1.5,14.0,120.25323486328125,N,1.0,0.0
2026-09-27T00:30:26,mobilevit_xxs_batch2_node_2_local_train,40cb45cd-410c-4f4b-9135-91d596a22c81,5b0fa12a-3dd7-45bb-9766-cc326314d9f1,15.11138801695779,0.00020978332792974194,1.3882465839294577e-05,116.56097286912001,142.28462557199285,6.0,0.00039103300097554673,0.00048017927302623775,1.1755068466688197e-05,0.0008829673424684727,0.0,United Kingdom,GBR,england,,,Linux-6.4.0-150600.23.73_15.0.14-cray_shasta_c_64k-aarch64-with-glibc2.38,3.11.7,3.3.0,72,Neoverse-V2,1,1 x NVIDIA GH200 120GB,-2.5917,51.4535,64,machine,3.6999999999999997,7.75,14.0,120.17065938313802,N,1.0,0.0
2026-09-27T00:31:13,mobilevit_xxs_batch2_node_2_evaluate,ee79c9b9-282a-433e-940e-e96f61d0a293,5b0fa12a-3dd7-45bb-9766-cc326314d9f1,12.116246300050989,0.00015648501975623272,1.2915305275328893e-05,117.98404340914286,137.80411840650362,6.0,0.00029937042729976857,0.00034918639046566113,1.0080660216432687e-05,0.0006586374779818624,0.0,United Kingdom,GBR,england,,,Linux-6.4.0-150600.23.73_15.0.14-cray_shasta_c_64k-aarch64-with-glibc2.38,3.11.7,3.3.0,72,Neoverse-V2,1,1 x NVIDIA GH200 120GB,-2.5917,51.4535,64,machine,0.0,1.3333333333333333,13.900000000000002,118.71691216362848,N,1.0,0.0
2026-09-27T00:31:26,mobilevit_xxs_batch2_node_3_local_train,7c9564b4-434f-4cac-9ff4-2704ae402904,5b0fa12a-3dd7-45bb-9766-cc326314d9f1,10.311893787002191,0.0001299589201607955,1.2602817954215599e-05,116.76293393554286,144.9968855614056,6.0,0.00023740329270439256,0.0002994391284403264,1.0148054680321365e-05,0.0005469904758250403,0.0,United Kingdom,GBR,england,,,Linux-6.4.0-150600.23.73_15.0.14-cray_shasta_c_64k-aarch64-with-glibc2.38,3.11.7,3.3.0,72,Neoverse-V2,1,1 x NVIDIA GH200 120GB,-2.5917,51.4535,64,machine,0.0,6.0,13.871428571428572,118.64570835658482,N,1.0,0.0
2026-09-27T00:31:44,mobilevit_xxs_batch2_node_3_evaluate,8baf8cb6-e1f1-4bc9-8483-a559da94e648,5b0fa12a-3dd7-45bb-9766-cc326314d9f1,9.02736325794831,0.00010549727773847483,1.1686388896069713e-05,117.23766840000002,739.740113429056,6.0,0.00019810148897132473,0.0002359957443474059,9.93543544318527e-06,0.0004440326687619159,0.0,United Kingdom,GBR,england,,,Linux-6.4.0-150600.23.73_15.0.14-cray_shasta_c_64k-aarch64-with-glibc2.38,3.11.7,3.3.0,72,Neoverse-V2,1,1 x NVIDIA GH200 120GB,-2.5917,51.4535,64,machine,0.0,2.4,13.860000000000003,118.6161865234375,N,1.0,0.0
2026-09-27T00:32:13,mobilevit_xxs_batch2_node_4_local_train,e0398238-c315-46a1-aa6d-6cf9035eadaf,5b0fa12a-3dd7-45bb-9766-cc326314d9f1,17.707112977048382,0.00025592028721772815,1.4452965175601866e-05,116.66040741504001,142.1007111548517,6.0,0.0004763652425996218,0.0005855882462384443,1.5201965403199816e-05,0.001077155454241266,0.0,United Kingdom,GBR,england,,,Linux-6.4.0-150600.23.73_15.0.14-cray_shasta_c_64k-aarch64-with-glibc2.38,3.11.7,3.3.0,72,Neoverse-V2,1,1 x NVIDIA GH200 120GB,-2.5917,51.4535,64,machine,0.4428571428571429,4.928571428571429,13.821428571428573,118.57973807198661,N,1.0,0.0
2026-09-27T00:32:24,mobilevit_xxs_batch2_node_4_evaluate,3df55e9f-8066-4a49-8d59-17664e641db4,5b0fa12a-3dd7-45bb-9766-cc326314d9f1,10.194966392824426,0.00012501930672558284,1.2262846380109286e-05,117.86495424685714,137.9750264442839,6.0,0.0002374755307030182,0.0002785052227949336,1.0219140965103483e-05,0.0005261998944630553,0.0,United Kingdom,GBR,england,,,Linux-6.4.0-150600.23.73_15.0.14-cray_shasta_c_64k-aarch64-with-glibc2.38,3.11.7,3.3.0,72,Neoverse-V2,1,1 x NVIDIA GH200 120GB,-2.5917,51.4535,64,machine,0.0,2.2857142857142856,13.885714285714286,118.62733677455357,N,1.0,0.0
2026-09-27T00:39:31,mobilevit_xxs_batch2_node_5_local_train,3c08007a-4124-43fc-87fd-6cb994813229,5b0fa12a-3dd7-45bb-9766-cc326314d9f1,18.454000084893778,0.0002686850263767587,1.4559717413066505e-05,117.27378303469715,147.5665277380734,6.0,0.0004997071276369575,0.000615991048334763,1.5183415249921381e-05,0.001130881591221642,0.0,United Kingdom,GBR,england,,,Linux-6.4.0-150600.23.73_15.0.14-cray_shasta_c_64k-aarch64-with-glibc2.38,3.11.7,3.3.0,72,Neoverse-V2,1,1 x NVIDIA GH200 120GB,-2.5917,51.4535,64,machine,1.2,3.533333333333333,13.893333333333338,118.67952880859374,N,1.0,0.0
2026-09-27T00:51:00,mobilevit_xxs_batch2_node_5_evaluate,5d5fca0a-fabe-49cd-bbf1-c2313d42fae7,5b0fa12a-3dd7-45bb-9766-cc326314d9f1,358.16372939385474,0.006064929477348063,1.6933399391424035e-05,115.50096321989118,137.22873238374353,6.0,0.011476676221657708,0.013487500234433014,0.0005628028120911525,0.025526979268181874,0.0,United Kingdom,GBR,england,,,Linux-6.4.0-150600.23.73_15.0.14-cray_shasta_c_64k-aarch64-with-glibc2.38,3.11.7,3.3.0,72,Neoverse-V2,1,1 x NVIDIA GH200 120GB,-2.5917,51.4535,64,machine,2.647486033519553,0.03910614525139665,13.897486033519549,118.74836978166464,N,1.0,0.0
2026-09-27T00:51:14,mobilevit_xxs_batch2_node_0_exchange,be1097b7-51d6-457b-99e2-40c7fb0d5299,5b0fa12a-3dd7-45bb-9766-cc326314d9f1,7.3632054599002,7.77814413091313e-05,1.0563529937162114e-05,116.39755314432,75.28403171906808,6.0,0.00014073360919583918,0.00017948653245980495,7.157983211800456e-06,0.0003273781248674446,0.0,United Kingdom,GBR,england,,,Linux-6.4.0-150600.23.73_15.0.14-cray_shasta_c_64k-aarch64-with-glibc2.38,3.11.7,3.3.0,72,Neoverse-V2,1,1 x NVIDIA GH200 120GB,-2.5917,51.4535,64,machine,0.0,9.5,13.9,118.72740173339844,N,1.0,0.0
2026-09-27T00:51:36,mobilevit_xxs_batch2_node_1_exchange,14c6d868-f2a3-4cc5-8feb-383e08f8beea,5b0fa12a-3dd7-45bb-9766-cc326314d9f1,11.89699727599509,0.00016042714509809054,1.3484675282038515e-05,116.643243168,75.57466853245595,6.0,0.0002900299809263687,0.00037048751860879747,1.471218322830585e-05,0.000675229682763472,0.0,United Kingdom,GBR,england,,,Linux-6.4.0-150600.23.73_15.0.14-cray_shasta_c_64k-aarch64-with-glibc2.38,3.11.7,3.3.0,72,Neoverse-V2,1,1 x NVIDIA GH200 120GB,-2.5917,51.4535,64,machine,8.0875,11.375,13.900000000000002,118.81161499023438,N,1.0,0.0
2026-09-27T00:52:09,mobilevit_xxs_batch2_node_2_exchange,1ed7e435-2252-494b-a636-05b784043797,5b0fa12a-3dd7-45bb-9766-cc326314d9f1,17.08739210292697,0.0002391516646564807,1.3995796621037066e-05,116.60058934272001,141.88432517032732,6.0,0.00045291151000662836,0.0005458507144453506,7.814951496742047e-06,0.0010065771759487211,0.0,United Kingdom,GBR,england,,,Linux-6.4.0-150600.23.73_15.0.14-cray_shasta_c_64k-aarch64-with-glibc2.38,3.11.7,3.3.0,72,Neoverse-V2,1,1 x NVIDIA GH200 120GB,-2.5917,51.4535,64,machine,3.9285714285714284,2.7142857142857144,13.900000000000004,118.84527151925224,N,1.0,0.0
2026-09-27T00:53:02,mobilevit_xxs_batch2_node_5_exchange,61d915d8-1cff-4ece-a1ee-9c0d960c357a,5b0fa12a-3dd7-45bb-9766-cc326314d9f1,9.152387814130634,0.00011019914058213994,1.2040479798288304e-05,116.50703199634286,724.4505909342065,6.0,0.0001995898499140664,0.0002541052032825064,1.0127516796734804e-05,0.00046382256999330756,0.0,United Kingdom,GBR,england,,,Linux-6.4.0-150600.23.73_15.0.14-cray_shasta_c_64k-aarch64-with-glibc2.38,3.11.7,3.3.0,72,Neoverse-V2,1,1 x NVIDIA GH200 120GB,-2.5917,51.4535,64,machine,0.0,7.166666666666667,13.9,118.77511596679688,N,1.0,0.0
2026-09-27T00:53:29,mobilevit_xxs_batch2_node_0_evaluate,e9623f56-623f-4f5d-8647-523649ab0606,5b0fa12a-3dd7-45bb-9766-cc326314d9f1,10.00646034698002,0.0001222848870514559,1.2220593777535114e-05,117.83369318400001,138.5104910317025,6.0,0.00023106917310277228,0.0002737313301111044,9.890358111588284e-06,0.000514690861325465,0.0,United Kingdom,GBR,england,,,Linux-6.4.0-150600.23.73_15.0.14-cray_shasta_c_64k-aarch64-with-glibc2.38,3.11.7,3.3.0,72,Neoverse-V2,1,1 x NVIDIA GH200 120GB,-2.5917,51.4535,64,machine,0.0,1.8333333333333333,13.9,118.77163696289062,N,1.0,0.0
2026-09-27T00:53:45,mobilevit_xxs_batch2_node_1_evaluate,dbd95eb5-f105-4057-8b21-e488d7e31606,5b0fa12a-3dd7-45bb-9766-cc326314d9f1,10.309081072220579,0.00012800067641799596,1.2416303210856851e-05,118.12520630262858,138.70995376664177,6.0,0.00024223424526316462,0.00028610689555819135,1.0407186828476067e-05,0.0005387483276498321,0.0,United Kingdom,GBR,england,,,Linux-6.4.0-150600.23.73_15.0.14-cray_shasta_c_64k-aarch64-with-glibc2.38,3.11.7,3.3.0,72,Neoverse-V2,1,1 x NVIDIA GH200 120GB,-2.5917,51.4535,64,machine,0.0,1.2857142857142858,13.900000000000002,118.82828194754464,N,1.0,0.0
2026-09-27T00:56:41,mobilevit_xxs_batch2_node_2_evaluate,4af9ea17-1eb3-4603-9fce-62cc589d9d1b,5b0fa12a-3dd7-45bb-9766-cc326314d9f1,15.790811609011143,0.00021858269081236658,1.384239747928034e-05,117.85708393508573,139.80048942444932,6.0,0.00041647332963519067,0.0004934806725742646,1.0049410458498946e-05,0.0009200034126679542,0.0,United Kingdom,GBR,england,,,Linux-6.4.0-150600.23.73_15.0.14-cray_shasta_c_64k-aarch64-with-glibc2.38,3.11.7,3.3.0,72,Neoverse-V2,1,1 x NVIDIA GH200 120GB,-2.5917,51.4535,64,machine,0.0,1.0,13.908333333333337,119.05494689941406,N,1.0,0.0
2026-09-27T00:57:00,mobilevit_xxs_batch2_node_5_evaluate,4a38525d-961d-452b-8160-10e23e5eb0b2,5b0fa12a-3dd7-45bb-9766-cc326314d9f1,9.19845733512193,0.00010804273670455751,1.1745745266657298e-05,117.58902388662858,70.42397875806199,6.0,0.00020477653949577774,0.00023974463626075249,1.0225200147057573e-05,0.0004547463759035878,0.0,United Kingdom,GBR,england,,,Linux-6.4.0-150600.23.73_15.0.14-cray_shasta_c_64k-aarch64-with-glibc2.38,3.11.7,3.3.0,72,Neoverse-V2,1,1 x NVIDIA GH200 120GB,-2.5917,51.4535,64,machine,26.133333333333336,2.0,13.9,118.92617797851562,N,1.0,0.0
2026-09-27T00:57:44,mobilenet_v3_small_batch3_node_0_local_train,44cbc863-9fd9-44e1-a2b2-f4e1c90cf233,5b0fa12a-3dd7-45bb-9766-cc326314d9f1,9.308628131169826,0.00010867173247426893,1.1674301620276675e-05,116.59383252205714,70.86602189843471,6.0,0.00020426885898425936,0.00024275186088118517,1.0373067196536188e-05,0.0004573937870619807,0.0,United Kingdom,GBR,england,,,Linux-6.4.0-150600.23.73_15.0.14-cray_shasta_c_64k-aarch64-with-glibc2.38,3.11.7,3.3.0,72,Neoverse-V2,1,1 x NVIDIA GH200 120GB,-2.5917,51.4535,64,machine,0.0,3.5,13.5,115.795166015625,N,1.0,0.0
2026-09-27T00:57:59,mobilenet_v3_small_batch3_node_0_evaluate,fc2103cb-05a6-4b8e-a946-e4a6a3228ded,5b0fa12a-3dd7-45bb-9766-cc326314d9f1,11.394220785005018,0.00014468788865451885,1.2698357473020927e-05,116.842076064,69.46536746967257,6.0,0.00027432546852138056,0.000320798867747385,1.3859617763276522e-05,0.0006089839540320421,0.0,United Kingdom,GBR,england,,,Linux-6.4.0-150600.23.73_15.0.14-cray_shasta_c_64k-aarch64-with-glibc2.38,3.11.7,3.3.0,72,Neoverse-V2,1,1 x NVIDIA GH200 120GB,-2.5917,51.4535,64,machine,0.0,0.125,13.5,115.84933471679688,N,1.0,0.0
2026-09-27T00:58:38,mobilenet_v3_small_batch3_node_1_local_train,59367b67-4cff-4793-9fb4-90cffcdfecc6,5b0fa12a-3dd7-45bb-9766-cc326314d9f1,33.27844165498391,0.0005182329746532861,1.557263347923846e-05,117.1326162270316,102.56649459797539,6.0,0.0009791547849957105,0.0011574162037106817,4.4645206712108724e-05,0.0021812161954185005,0.0,United Kingdom,GBR,england,,,Linux-6.4.0-150600.23.73_15.0.14-cray_shasta_c_64k-aarch64-with-glibc2.38,3.11.7,3.3.0,72,Neoverse-V2,1,1 x NVIDIA GH200 120GB,-2.5917,51.4535,64,machine,0.7633333333333333,1.2666666666666666,13.5,115.74324137369791,N,1.0,0.0
2026-09-27T00:58:52,mobilenet_v3_small_batch3_node_1_evaluate,b2daf8f5-f5d2-4281-a44f-936d4508236c,5b0fa12a-3dd7-45bb-9766-cc326314d9f1,9.064383490942419,0.0001046894463572876,1.1549538527567648e-05,117.50459244891428,69.30651477181702,6.0,0.00019988241036476354,0.00023075629570712408,9.99384155147709e-06,0.0004406325476233647,0.0,United Kingdom,GBR,england,,,Linux-6.4.0-150600.23.73_15.0.14-cray_shasta_c_64k-aarch64-with-glibc2.38,3.11.7,3.3.0,72,Neoverse-V2,1,1 x NVIDIA GH200 120GB,-2.5917,51.4535,64,machine,0.0,0.6666666666666666,13.5,115.85994466145833,N,1.0,0.0
2026-09-27T00:59:12,mobilenet_v3_small_batch3_node_2_local_train,c349b466-5d05-44f9-9525-36070381a7c0,5b0fa12a-3dd7-45bb-9766-cc326314d9f1,16.00278738210909,0.00022099731807272637,1.3809926533161249e-05,116.98003045028574,138.02414346777226,6.0,0.00042144423421433346,0.0004971503977344582,1.1571823875031744e-05,0.0009301664558238234,0.0,United Kingdom,GBR,england,,,Linux-6.4.0-150600.23.73_15.0.14-cray_shasta_c_64k-aarch64-with-glibc2.38,3.11.7,3.3.0,72,Neoverse-V2,1,1 x NVIDIA GH200 120GB,-2.5917,51.4535,64,machine,0.0,2.8333333333333335,13.5,115.7081807454427,N,1.0,0.0
2026-09-27T00:59:45,mobilenet_v3_small_batch3_node_2_evaluate,23b1bd12-5be3-4a24-9ba8-503eeb1abaed,5b0fa12a-3dd7-45bb-9766-cc326314d9f1,8.771573358215392,9.935398864277295e-05,1.1326814994908379e-05,117.3121111584,69.14206307571223,6.0,0.00018963224960726998,0.00021903461967553994,9.509008568323527e-06,0.0004181758778511335,0.0,United Kingdom,GBR,england,,,Linux-6.4.0-150600.23.73_15.0.14-cray_shasta_c_64k-aarch64-with-glibc2.38,3.11.7,3.3.0,72,Neoverse-V2,1,1 x NVIDIA GH200 120GB,-2.5917,51.4535,64,machine,26.22,0.6,13.5,115.468212890625,N,1.0,0.0
2026-09-27T01:00:04,mobilenet_v3_small_batch3_node_3_local_train,0fd71d8f-ccbd-4e06-aaec-f14c453af3e3,5b0fa12a-3dd7-45bb-9766-cc326314d9f1,13.575601194053888,0.00018021225054336537,1.3274716012009717e-05,116.83382408640003,139.70229356119063,6.0,0.0003415752662577492,0.000408040326419723,8.888591200423739e-06,0.0007585041838778958,0.0,United Kingdom,GBR,england,,,Linux-6.4.0-150600.23.73_15.0.14-cray_shasta_c_64k-aarch64-with-glibc2.38,3.11.7,3.3.0,72,Neoverse-V2,1,1 x NVIDIA GH200 120GB,-2.5917,51.4535,64,machine,0.0,2.8,13.5,115.4828125,N,1.0,0.0
2026-09-27T01:00:43,mobilenet_v3_small_batch3_node_3_evaluate,38d9d345-8769-4d92-a717-427e74bcc145,5b0fa12a-3dd7-45bb-9766-cc326314d9f1,13.614554481813684,0.0001792954192315317,1.3169393054398838e-05,117.46223945033142,136.1980383453452,6.0,0.0003453401002337749,0.0003999158754908194,9.389311858297637e-06,0.0007546452875828919,0.0,United Kingdom,GBR,england,,,Linux-6.4.0-150600.23.73_15.0.14-cray_shasta_c_64k-aarch64-with-glibc2.38,3.11.7,3.3.0,72,Neoverse-V2,1,1 x NVIDIA GH200 120GB,-2.5917,51.4535,64,machine,18.060000000000002,0.3,13.5,115.6009521484375,N,1.0,0.0
2026-09-27T01:01:02,mobilenet_v3_small_batch3_node_4_local_train,f7c531da-9ba2-458b-ba93-00d31f2134e0,5b0fa12a-3dd7-45bb-9766-cc326314d9f1,16.297143074916676,0.00022833027418725694,1.4010447913333076e-05,117.0801437472,139.5163670534638,6.0,0.0004322426313802838,0.0005153576345122701,1.3430228731594981e-05,0.000961030494624149,0.0,United Kingdom,GBR,england,,,Linux-6.4.0-150600.23.73_15.0.14-cray_shasta_c_64k-aarch64-with-glibc2.38,3.11.7,3.3.0,72,Neoverse-V2,1,1 x NVIDIA GH200 120GB,-2.5917,51.4535,64,machine,7.253846153846155,2.3076923076923075,13.5,115.51915095402644,N,1.0,0.0
2026-09-27T01:01:38,mobilenet_v3_small_batch3_node_4_evaluate,648f6b36-04ed-4d87-b95c-260e5d4773ee,5b0fa12a-3dd7-45bb-9766-cc326314d9f1,14.358345422893763,0.00019225501500547612,1.3389775029296468e-05,117.58434124114287,136.96991349836657,6.0,0.00036953160843712445,0.00042999506622720673,9.664891466575985e-06,0.0008091915661309072,0.0,United Kingdom,GBR,england,,,Linux-6.4.0-150600.23.73_15.0.14-cray_shasta_c_64k-aarch64-with-glibc2.38,3.11.7,3.3.0,72,Neoverse-V2,1,1 x NVIDIA GH200 120GB,-2.5917,51.4535,64,machine,0.0,0.36363636363636365,13.5,115.52225563742898,N,1.0,0.0
2026-09-27T01:02:06,mobilenet_v3_small_batch3_node_5_local_train,ab72fb28-fdfc-4b91-af47-740582d304f9,5b0fa12a-3dd7-45bb-9766-cc326314d9f1,11.693609840935096,0.00015240321831170924,1.3033034314023437e-05,116.83319362560002,71.5541157796944,6.0,0.00028436136883293306,0.0003427216630740304,1.4374351691221818e-05,0.0006414573835981853,0.0,United Kingdom,GBR,england,,,Linux-6.4.0-150600.23.73_15.0.14-cray_shasta_c_64k-aarch64-with-glibc2.38,3.11.7,3.3.0,72,Neoverse-V2,1,1 x NVIDIA GH200 120GB,-2.5917,51.4535,64,machine,0.0,4.75,13.5,115.60860443115234,N,1.0,0.0
2026-09-27T01:02:49,mobilenet_v3_small_batch3_node_5_evaluate,a1664cc5-5d5b-4ef4-a4df-0a1c6eabbb8d,5b0fa12a-3dd7-45bb-9766-cc326314d9f1,10.315755846910179,0.00012591670030954837,1.2206250533475304e-05,117.82820087177143,137.29626349216707,6.0,0.0002408532299615613,0.0002795199458347497,9.603802555163081e-06,0.0005299769783514741,0.0,United Kingdom,GBR,england,,,Linux-6.4.0-150600.23.73_15.0.14-cray_shasta_c_64k-aarch64-with-glibc2.38,3.11.7,3.3.0,72,Neoverse-V2,1,1 x NVIDIA GH200 120GB,-2.5917,51.4535,64,machine,0.0,0.42857142857142855,13.5,115.45775495256696,N,1.0,0.0
2026-09-27T01:04:46,mobilenet_v3_small_batch3_node_0_exchange,0112dbcf-5ce0-4e78-9d4c-d854063f35aa,5b0fa12a-3dd7-45bb-9766-cc326314d9f1,112.25569428107701,0.0018519538723822996,1.6497638576313042e-05,115.65867738236824,135.89280132288724,6.0,0.00349977438971363,0.004119201350903268,0.0001758037836131795,0.007794779524230077,0.0,United Kingdom,GBR,england,,,Linux-6.4.0-150600.23.73_15.0.14-cray_shasta_c_64k-aarch64-with-glibc2.38,3.11.7,3.3.0,72,Neoverse-V2,1,1 x NVIDIA GH200 120GB,-2.5917,51.4535,64,machine,1.9779816513761466,0.12844036697247707,13.50091743119266,115.46960673200975,N,1.0,0.0
2026-09-27T01:05:56,mobilenet_v3_small_batch3_node_1_exchange,d8703cbe-c281-4bb8-bfef-25b0aadef373,5b0fa12a-3dd7-45bb-9766-cc326314d9f1,11.881021336186677,0.00015393230456621563,1.2956150840111329e-05,117.02290370400002,137.55271671923413,6.0,0.0002904269976942067,0.00034444360889551717,1.3022623173504446e-05,0.0006478932297632283,0.0,United Kingdom,GBR,england,,,Linux-6.4.0-150600.23.73_15.0.14-cray_shasta_c_64k-aarch64-with-glibc2.38,3.11.7,3.3.0,72,Neoverse-V2,1,1 x NVIDIA GH200 120GB,-2.5917,51.4535,64,machine,0.0,2.625,13.5,115.53380584716797,N,1.0,0.0
2026-09-27T01:06:11,mobilenet_v3_small_batch3_node_2_exchange,805081b8-ae03-4de5-b92b-16dbb6087ca1,5b0fa12a-3dd7-45bb-9766-cc326314d9f1,12.677806279156357,0.00016473973046320176,1.299434041156246e-05,116.84650644864001,140.00228605037972,6.0,0.00031227114884504765,0.0003734589098911556,7.651076178299263e-06,0.0006933811349145026,0.0,United Kingdom,GBR,england,,,Linux-6.4.0-150600.23.73_15.0.14-cray_shasta_c_64k-aarch64-with-glibc2.38,3.11.7,3.3.0,72,Neoverse-V2,1,1 x NVIDIA GH200 120GB,-2.5917,51.4535,64,machine,0.0,0.8888888888888888,13.5,115.43898518880208,N,1.0,0.0
2026-09-27T01:06:30,mobilenet_v3_small_batch3_node_3_exchange,4bf72b38-1369-4193-aa3d-580e3892573e,5b0fa12a-3dd7-45bb-9766-cc326314d9f1,11.604193477891386,0.00014554723787082373,1.2542641429421541e-05,116.79091680959999,139.22243908180263,6.0,0.000276975117177426,0.0003297733193790009,5.852474558244769e-06,0.0006126009111146717,0.0,United Kingdom,GBR,england,,,Linux-6.4.0-150600.23.73_15.0.14-cray_shasta_c_64k-aarch64-with-glibc2.38,3.11.7,3.3.0,72,Neoverse-V2,1,1 x NVIDIA GH200 120GB,-2.5917,51.4535,64,machine,0.0,1.625,13.5,115.44636535644531,N,1.0,0.0
2026-09-27T01:09:03,mobilenet_v3_small_batch3_node_4_exchange,50595d02-b7e9-46ec-926a-c5f558cf15d8,5b0fa12a-3dd7-45bb-9766-cc326314d9f1,147.2839261922054,0.002513074678618522,1.706278983450619e-05,115.44413025444,136.23919790447067,6.0,0.00471907231783216,0.005556478889616301,0.0003018521176992605,0.010577403325147722,0.0,United Kingdom,GBR,england,,,Linux-6.4.0-150600.23.73_15.0.14-cray_shasta_c_64k-aarch64-with-glibc2.38,3.11.7,3.3.0,72,Neoverse-V2,1,1 x NVIDIA GH200 120GB,-2.5917,51.4535,64,machine,2.4074829931972785,0.10204081632653061,13.507482993197272,115.62246475738733,N,1.0,0.0
2026-09-27T01:09:14,mobilenet_v3_small_batch3_node_5_exchange,e1e3805b-93c7-4753-8563-99792bc828ae,5b0fa12a-3dd7-45bb-9766-cc326314d9f1,8.930730307940394,0.000103321865233549,1.1569251524893165e-05,116.6651581536,261.29953412986333,6.0,0.00019291512878203787,0.0002322326857893131,9.72865375651357e-06,0.0004348764683278645,0.0,United Kingdom,GBR,england,,,Linux-6.4.0-150600.23.73_15.0.14-cray_shasta_c_64k-aarch64-with-glibc2.38,3.11.7,3.3.0,72,Neoverse-V2,1,1 x NVIDIA GH200 120GB,-2.5917,51.4535,64,machine,9.24,0.0,13.5,115.5251708984375,N,1.0,0.0
2026-09-27T01:09:25,mobilenet_v3_small_batch3_node_0_evaluate,8920c8f2-9604-4b25-b619-6c154b7ab9a1,5b0fa12a-3dd7-45bb-9766-cc326314d9f1,8.723519397201017,9.914498791026086e-05,1.1365251041004393e-05,117.42514197120002,69.7455898342062,6.0,0.0001886333750178553,0.00021922767537319032,9.435154021872827e-06,0.0004172962044129184,0.0,United Kingdom,GBR,england,,,Linux-6.4.0-150600.23.73_15.0.14-cray_shasta_c_64k-aarch64-with-glibc2.38,3.11.7,3.3.0,72,Neoverse-V2,1,1 x NVIDIA GH200 120GB,-2.5917,51.4535,64,machine,0.0,0.4,13.5,115.555419921875,N,1.0,0.0
2026-09-27T01:09:49,mobilenet_v3_small_batch3_node_1_evaluate,555deba9-0b61-41e6-a1a3-8a5d6bb1e50d,5b0fa12a-3dd7-45bb-9766-cc326314d9f1,15.18236674903892,0.00020599271281178809,1.3567892030063621e-05,117.7605051264,136.76302029850677,6.0,0.0003966347437146415,0.0004604998128314719,9.878279956368108e-06,0.0008670128365024816,0.0,United Kingdom,GBR,england,,,Linux-6.4.0-150600.23.73_15.0.14-cray_shasta_c_64k-aarch64-with-glibc2.38,3.11.7,3.3.0,72,Neoverse-V2,1,1 x NVIDIA GH200 120GB,-2.5917,51.4535,64,machine,0.0,0.3333333333333333,13.508333333333333,115.62271626790364,N,1.0,0.0
2026-09-27T01:10:00,mobilenet_v3_small_batch3_node_2_evaluate,df7b7332-c12c-4e50-b177-d242a274761a,5b0fa12a-3dd7-45bb-9766-cc326314d9f1,10.184573456877843,0.00012289779941165844,1.2067054151262775e-05,117.77091989348574,135.83314564529203,6.0,0.00023598948963368373,0.00027178105077041437,9.500037828305115e-06,0.0005172705782324032,0.0,United Kingdom,GBR,england,,,Linux-6.4.0-150600.23.73_15.0.14-cray_shasta_c_64k-aarch64-with-glibc2.38,3.11.7,3.3.0,72,Neoverse-V2,1,1 x NVIDIA GH200 120GB,-2.5917,51.4535,64,machine,0.0,0.42857142857142855,13.5,115.52638462611607,N,1.0,0.0
2026-09-27T01:10:16,mobilenet_v3_small_batch3_node_3_evaluate,e6a5f397-4074-45c6-9796-c9b513eae116,5b0fa12a-3dd7-45bb-9766-cc326314d9f1,13.344754201825708,0.00017448453360788493,1.3075140311240317e-05,117.51223037677715,135.75590208229278,6.0,0.0003365852851943741,0.00038843419963541237,9.377030193572864e-06,0.0007343965150233594,0.0,United Kingdom,GBR,england,,,Linux-6.4.0-150600.23.73_15.0.14-cray_shasta_c_64k-aarch64-with-glibc2.38,3.11.7,3.3.0,72,Neoverse-V2,1,1 x NVIDIA GH200 120GB,-2.5917,51.4535,64,machine,8.959999999999999,0.4,13.5,115.50731811523437,N,1.0,0.0
2026-09-27T01:10:27,mobilenet_v3_small_batch3_node_4_evaluate,b37890a5-602f-4f74-b8e3-c70d7ebcd408,5b0fa12a-3dd7-45bb-9766-cc326314d9f1,9.836279859067872,0.00011774833491351913,1.197081992385254e-05,117.84902123520001,136.65117154778534,6.0,0.00022538146679343353,0.0002605952084877572,9.620069153606892e-06,0.0004955967444347976,0.0,United Kingdom,GBR,england,,,Linux-6.4.0-150600.23.73_15.0.14-cray_shasta_c_64k-aarch64-with-glibc2.38,3.11.7,3.3.0,72,Neoverse-V2,1,1 x NVIDIA GH200 120GB,-2.5917,51.4535,64,machine,0.0,0.3333333333333333,13.5,115.58177693684895,N,1.0,0.0
2026-09-27T01:10:38,mobilenet_v3_small_batch3_node_5_evaluate,9ddb23e8-a37b-462e-834b-4f00539fac74,5b0fa12a-3dd7-45bb-9766-cc326314d9f1,8.8540822470095,0.00010110455223112988,1.1418975949232719e-05,117.509410656,69.4441803796387,6.0,0.0001929681592977186,0.0002229393450079442,9.636406528297813e-06,0.0004255439108339607,0.0,United Kingdom,GBR,england,,,Linux-6.4.0-150600.23.73_15.0.14-cray_shasta_c_64k-aarch64-with-glibc2.38,3.11.7,3.3.0,72,Neoverse-V2,1,1 x NVIDIA GH200 120GB,-2.5917,51.4535,64,machine,28.04,0.6,13.5,115.43154296875,N,1.0,0.0
2026-09-27T01:11:09,efficientnet_lite0_batch3_node_0_local_train,3004fab8-4e97-489b-acc4-9e291f4ff351,5b0fa12a-3dd7-45bb-9766-cc326314d9f1,8.149522186955437,9.251611204809816e-05,1.1352335747509763e-05,116.65231310016001,146.59076573696103,6.0,0.00016571889012217007,0.00021691850686522685,6.758206546849882e-06,0.0003893956035342468,0.0,United Kingdom,GBR,england,,,Linux-6.4.0-150600.23.73_15.0.14-cray_shasta_c_64k-aarch64-with-glibc2.38,3.11.7,3.3.0,72,Neoverse-V2,1,1 x NVIDIA GH200 120GB,-2.5917,51.4535,64,machine,0.0,3.6,13.74,117.66390380859374,N,1.0,0.0
2026-09-27T01:11:23,efficientnet_lite0_batch3_node_0_evaluate,d25cfa95-356e-4523-8070-0426a399f4da,5b0fa12a-3dd7-45bb-9766-cc326314d9f1,9.782532613025978,0.00011833245390435755,1.2096300476094646e-05,117.84431822400002,136.5607522575989,6.0,0.0002237921037745898,0.00026479937849899216,9.463789243018254e-06,0.0004980552715166003,0.0,United Kingdom,GBR,england,,,Linux-6.4.0-150600.23.73_15.0.14-cray_shasta_c_64k-aarch64-with-glibc2.38,3.11.7,3.3.0,72,Neoverse-V2,1,1 x NVIDIA GH200 120GB,-2.5917,51.4535,64,machine,0.0,2.3333333333333335,13.799999999999999,118.19864908854167,N,1.0,0.0
2026-09-27T01:12:58,efficientnet_lite0_batch3_node_1_local_train,bf5d99e1-b08f-4497-96f2-93fbc5c21f48,5b0fa12a-3dd7-45bb-9766-cc326314d9f1,11.154158433200791,0.00015104274552449082,1.3541384267494906e-05,116.76176052480001,437.3032620533087,6.0,0.00026625397166317157,0.00035602000703249814,1.3457244233383487e-05,0.0006357312229290532,0.0,United Kingdom,GBR,england,,,Linux-6.4.0-150600.23.73_15.0.14-cray_shasta_c_64k-aarch64-with-glibc2.38,3.11.7,3.3.0,72,Neoverse-V2,1,1 x NVIDIA GH200 120GB,-2.5917,51.4535,64,machine,0.0,6.0,13.799999999999999,118.18684387207031,N,1.0,0.0
2026-09-27T01:13:20,efficientnet_lite0_batch3_node_1_evaluate,bf742c01-0e5e-4415-9ff7-771801eb8364,5b0fa12a-3dd7-45bb-9766-cc326314d9f1,12.076521596172825,0.0001566556194881708,1.2971915649769267e-05,117.8048092937143,139.09196113177833,6.0,0.0002973480937688258,0.0003519941704723806,1.0013259323313834e-05,0.0006593555235645202,0.0,United Kingdom,GBR,england,,,Linux-6.4.0-150600.23.73_15.0.14-cray_shasta_c_64k-aarch64-with-glibc2.38,3.11.7,3.3.0,72,Neoverse-V2,1,1 x NVIDIA GH200 120GB,-2.5917,51.4535,64,machine,2.477777777777778,1.3333333333333333,13.799999999999999,118.13631863064236,N,1.0,0.0
2026-09-27T01:13:29,efficientnet_lite0_batch3_node_2_local_train,85c91ff1-7ae0-4f21-bfd8-08b485c4132d,5b0fa12a-3dd7-45bb-9766-cc326314d9f1,7.849522997159511,8.920199131762414e-05,1.1364001525940298e-05,116.38141794432,79.3911757904874,6.0,0.00015663405568999055,0.00021083989089731858,7.972691588802264e-06,0.00037544663817611144,0.0,United Kingdom,GBR,england,,,Linux-6.4.0-150600.23.73_15.0.14-cray_shasta_c_64k-aarch64-with-glibc2.38,3.11.7,3.3.0,72,Neoverse-V2,1,1 x NVIDIA GH200 120GB,-2.5917,51.4535,64,machine,0.0,16.0,13.8,118.12916564941406,N,1.0,0.0
2026-09-27T01:13:40,efficientnet_lite0_batch3_node_2_evaluate,afb6fde6-f31a-41e0-9ffe-8ac9bedac4e3,5b0fa12a-3dd7-45bb-9766-cc326314d9f1,10.197236468084157,0.000124838622380205,1.2242397513378397e-05,117.77346357120003,139.75384500088558,6.0,0.00023643705496174638,0.000279411334659585,9.591013634732615e-06,0.000525439403256064,0.0,United Kingdom,GBR,england,,,Linux-6.4.0-150600.23.73_15.0.14-cray_shasta_c_64k-aarch64-with-glibc2.38,3.11.7,3.3.0,72,Neoverse-V2,1,1 x NVIDIA GH200 120GB,-2.5917,51.4535,64,machine,11.957142857142857,2.0,13.799999999999999,118.12995256696429,N,1.0,0.0
2026-09-27T01:13:58,efficientnet_lite0_batch3_node_3_local_train,9ed09963-de5a-4a9a-87cf-c1ffa84708a4,5b0fa12a-3dd7-45bb-9766-cc326314d9f1,12.707654051017016,0.0001671254103617126,1.3151554936163631e-05,116.6687899961143,146.35298139328353,6.0,0.00031213421469323887,0.00038521947485037344,6.068650555098429e-06,0.0007034223400987109,0.0,United Kingdom,GBR,england,,,Linux-6.4.0-150600.23.73_15.0.14-cray_shasta_c_64k-aarch64-with-glibc2.38,3.11.7,3.3.0,72,Neoverse-V2,1,1 x NVIDIA GH200 120GB,-2.5917,51.4535,64,machine,0.0,0.1111111111111111,13.799999999999999,118.14006212022569,N,1.0,0.0
2026-09-27T01:14:14,efficientnet_lite0_batch3_node_3_evaluate,7127619c-70e6-442e-8390-1962057d2cc7,5b0fa12a-3dd7-45bb-9766-cc326314d9f1,10.134752510115504,0.00012451464147313795,1.2285908447084405e-05,117.73936877348572,138.33892647326508,6.0,0.00023459123511043633,0.0002800880018440921,9.39654716484559e-06,0.000524075784119374,0.0,United Kingdom,GBR,england,,,Linux-6.4.0-150600.23.73_15.0.14-cray_shasta_c_64k-aarch64-with-glibc2.38,3.11.7,3.3.0,72,Neoverse-V2,1,1 x NVIDIA GH200 120GB,-2.5917,51.4535,64,machine,19.17142857142857,1.5714285714285714,13.799999999999999,117.93187604631696,N,1.0,0.0
2026-09-27T01:15:05,efficientnet_lite0_batch3_node_4_local_train,b8ea8da7-619a-4db2-a65a-bd80743ba91a,5b0fa12a-3dd7-45bb-9766-cc326314d9f1,9.576870606048033,0.00011934773143213289,1.2462080395736142e-05,116.7616190016,146.06515517402244,6.0,0.0002135980992828688,0.0002795452236341589,9.185200003363813e-06,0.0005023285229203915,0.0,United Kingdom,GBR,england,,,Linux-6.4.0-150600.23.73_15.0.14-cray_shasta_c_64k-aarch64-with-glibc2.38,3.11.7,3.3.0,72,Neoverse-V2,1,1 x NVIDIA GH200 120GB,-2.5917,51.4535,64,machine,0.0,9.333333333333334,13.799999999999999,117.96692911783855,N,1.0,0.0
2026-09-27T01:15:31,efficientnet_lite0_batch3_node_4_evaluate,bc5fde15-ac55-4e3b-b500-aef196a0c269,5b0fa12a-3dd7-45bb-9766-cc326314d9f1,14.947942486964166,0.00020417880014240842,1.3659324707762898e-05,117.73613572251429,139.63624533474245,6.0,0.0003889357099277476,0.0004607870353083854,9.655425228023281e-06,0.0008593781704641563,0.0,United Kingdom,GBR,england,,,Linux-6.4.0-150600.23.73_15.0.14-cray_shasta_c_64k-aarch64-with-glibc2.38,3.11.7,3.3.0,72,Neoverse-V2,1,1 x NVIDIA GH200 120GB,-2.5917,51.4535,64,machine,5.072727272727273,0.5454545454545454,13.8,117.86804754083806,N,1.0,0.0
2026-09-27T01:17:08,efficientnet_lite0_batch3_node_5_local_train,dc9c91c9-c5ed-4c6b-9744-7de940ddfac1,5b0fa12a-3dd7-45bb-9766-cc326314d9f1,43.21630207612179,0.0006901908430727022,1.597061316946995e-05,116.4263398370743,98.69889915681176,6.0,0.001291807571823786,0.0015532540203651024,5.991651316406205e-05,0.0029049781053529507,0.0,United Kingdom,GBR,england,,,Linux-6.4.0-150600.23.73_15.0.14-cray_shasta_c_64k-aarch64-with-glibc2.38,3.11.7,3.3.0,72,Neoverse-V2,1,1 x NVIDIA GH200 120GB,-2.5917,51.4535,64,machine,2.275,1.25,13.800000000000006,117.94182434082032,N,1.0,0.0
2026-09-27T01:17:55,efficientnet_lite0_batch3_node_5_evaluate,9ae1bd49-a61d-4cd1-82b2-04ae393491b3,5b0fa12a-3dd7-45bb-9766-cc326314d9f1,9.851496340008453,0.00011990366336702752,1.217111180157274e-05,118.00698937920001,143.91448972190204,6.0,0.00022644501075064983,0.0002686096593436105,9.61374202510342e-06,0.0005046684121193638,0.0,United Kingdom,GBR,england,,,Linux-6.4.0-150600.23.73_15.0.14-cray_shasta_c_64k-aarch64-with-glibc2.38,3.11.7,3.3.0,72,Neoverse-V2,1,1 x NVIDIA GH200 120GB,-2.5917,51.4535,64,machine,0.0,3.3333333333333335,13.799999999999999,117.89366658528645,N,1.0,0.0
2026-09-27T01:18:35,mobilevit_xxs_batch3_node_0_local_train,8c40ae87-92bc-42c8-b6ca-47f0f4560ce3,5b0fa12a-3dd7-45bb-9766-cc326314d9f1,15.26122264796868,0.00021196884686707306,1.3889375167151946e-05,116.68865225142858,143.18872483643838,6.0,0.0003959481519126732,0.0004858931664841748,1.0324761964924014e-05,0.000892166080361772,0.0,United Kingdom,GBR,england,,,Linux-6.4.0-150600.23.73_15.0.14-cray_shasta_c_64k-aarch64-with-glibc2.38,3.11.7,3.3.0,72,Neoverse-V2,1,1 x NVIDIA GH200 120GB,-2.5917,51.4535,64,machine,0.0,3.5833333333333335,13.699999999999998,117.69198099772136,N,1.0,0.0
2026-09-27T01:18:46,mobilevit_xxs_batch3_node_0_evaluate,2d091733-da1a-47cb-8fc8-2d4da9c9460f,5b0fa12a-3dd7-45bb-9766-cc326314d9f1,8.791194185148925,0.00010168849023282968,1.1567084981994065e-05,117.1465554528,72.11786824182272,6.0,0.00018970374860393085,0.0002287757385772693,9.522188960496957e-06,0.0004280016761416971,0.0,United Kingdom,GBR,england,,,Linux-6.4.0-150600.23.73_15.0.14-cray_shasta_c_64k-aarch64-with-glibc2.38,3.11.7,3.3.0,72,Neoverse-V2,1,1 x NVIDIA GH200 120GB,-2.5917,51.4535,64,machine,0.0,1.6,13.7,117.692626953125,N,1.0,0.0
2026-09-27T01:19:09,mobilevit_xxs_batch3_node_1_local_train,6c3bf527-182e-4b0a-a761-f6064fc6213c,5b0fa12a-3dd7-45bb-9766-cc326314d9f1,15.579693828942254,0.00022723426764507433,1.4585284546666977e-05,116.65892626116924,75.42298403943579,6.0,0.00041104309593550947,0.0005245062529297684,2.0868110045169792e-05,0.0009564174589104476,0.0,United Kingdom,GBR,england,,,Linux-6.4.0-150600.23.73_15.0.14-cray_shasta_c_64k-aarch64-with-glibc2.38,3.11.7,3.3.0,72,Neoverse-V2,1,1 x NVIDIA GH200 120GB,-2.5917,51.4535,64,machine,6.966666666666668,9.833333333333334,13.766666666666667,117.76559956868489,N,1.0,0.0
2026-09-27T01:19:34,mobilevit_xxs_batch3_node_1_evaluate,a7334d31-8e87-4550-baed-04c8f342da26,5b0fa12a-3dd7-45bb-9766-cc326314d9f1,16.225536563200876,0.00022439166183557915,1.3829537221252454e-05,117.65640281554288,138.2727740046866,6.0,0.00042982984103472717,0.0005046620703978988,9.961164406655978e-06,0.000944453075839282,0.0,United Kingdom,GBR,england,,,Linux-6.4.0-150600.23.73_15.0.14-cray_shasta_c_64k-aarch64-with-glibc2.38,3.11.7,3.3.0,72,Neoverse-V2,1,1 x NVIDIA GH200 120GB,-2.5917,51.4535,64,machine,0.0,1.0,13.800000000000002,117.89926851712741,N,1.0,0.0
2026-09-27T01:19:56,mobilevit_xxs_batch3_node_2_local_train,43a2883f-e9cf-4e56-9777-af0a945d8fc9,5b0fa12a-3dd7-45bb-9766-cc326314d9f1,11.498580205021426,0.00015207827854252465,1.3225831000953676e-05,116.71899500880001,148.83160763548253,6.0,0.00027627267176639873,0.0003514325033648902,1.2384553528390828e-05,0.0006400897286596797,0.0,United Kingdom,GBR,england,,,Linux-6.4.0-150600.23.73_15.0.14-cray_shasta_c_64k-aarch64-with-glibc2.38,3.11.7,3.3.0,72,Neoverse-V2,1,1 x NVIDIA GH200 120GB,-2.5917,51.4535,64,machine,25.2875,4.5,13.775,117.77041625976562,N,1.0,0.0
2026-09-27T01:22:12,mobilevit_xxs_batch3_node_2_evaluate,24c65857-f065-4269-a70b-d0b7e1e7ec54,5b0fa12a-3dd7-45bb-9766-cc326314d9f1,8.823565504979342,0.00010107436828995966,1.1455048215250519e-05,117.18658612800002,70.63543027097121,6.0,0.00019092497302323585,0.00022491129102775176,9.580604111930976e-06,0.0004254168681629186,0.0,United Kingdom,GBR,england,,,Linux-6.4.0-150600.23.73_15.0.14-cray_shasta_c_64k-aarch64-with-glibc2.38,3.11.7,3.3.0,72,Neoverse-V2,1,1 x NVIDIA GH200 120GB,-2.5917,51.4535,64,machine,0.0,0.8,13.8,117.7643310546875,N,1.0,0.0
2026-09-27T01:22:27,mobilevit_xxs_batch3_node_3_local_train,642793c6-3678-4e21-a45d-c406104f8def,5b0fa12a-3dd7-45bb-9766-cc326314d9f1,12.610983110032976,0.0001664220857323567,1.3196598891640378e-05,116.35056325028572,142.4577110351138,6.0,0.00030961381227220114,0.00038141613846676137,9.432131816865876e-06,0.0007004620825558284,0.0,United Kingdom,GBR,england,,,Linux-6.4.0-150600.23.73_15.0.14-cray_shasta_c_64k-aarch64-with-glibc2.38,3.11.7,3.3.0,72,Neoverse-V2,1,1 x NVIDIA GH200 120GB,-2.5917,51.4535,64,machine,0.0,1.2222222222222223,13.788888888888888,117.81451416015625,N,1.0,0.0
2026-09-27T01:22:39,mobilevit_xxs_batch3_node_3_evaluate,782d335b-6c31-49d8-99f8-5df8b143061a,5b0fa12a-3dd7-45bb-9766-cc326314d9f1,9.726305532967672,0.00011728905930197384,1.2058952796045553e-05,117.7877835072,138.79345238036478,6.0,0.00022158526937602626,0.0002626371545488837,9.441252852945277e-06,0.0004936636767778552,0.0,United Kingdom,GBR,england,,,Linux-6.4.0-150600.23.73_15.0.14-cray_shasta_c_64k-aarch64-with-glibc2.38,3.11.7,3.3.0,72,Neoverse-V2,1,1 x NVIDIA GH200 120GB,-2.5917,51.4535,64,machine,0.0,1.3333333333333333,13.733333333333333,117.76425170898438,N,1.0,0.0
2026-09-27T01:22:59,mobilevit_xxs_batch3_node_4_local_train,638ce69e-1797-4902-9e35-28ca422052ff,5b0fa12a-3dd7-45bb-9766-cc326314d9f1,16.444549752864987,0.00023537731803857152,1.4313393894993315e-05,116.64506509056002,143.61521245369016,6.0,0.0004351717257382998,0.0005411704329389977,1.434898459352553e-05,0.0009906911432708229,0.0,United Kingdom,GBR,england,,,Linux-6.4.0-150600.23.73_15.0.14-cray_shasta_c_64k-aarch64-with-glibc2.38,3.11.7,3.3.0,72,Neoverse-V2,1,1 x NVIDIA GH200 120GB,-2.5917,51.4535,64,machine,4.130769230769231,6.153846153846154,13.800000000000002,117.85360483022836,N,1.0,0.0
2026-09-27T01:23:18,mobilevit_xxs_batch3_node_4_evaluate,b81cf63c-02a4-4143-a8fb-1f138938c21e,5b0fa12a-3dd7-45bb-9766-cc326314d9f1,15.848493935074657,0.0002183560745690219,1.3777717647086526e-05,117.51680773028573,138.85120516088006,6.0,0.0004168243372980797,0.0004924487273001432,9.776531843623767e-06,0.0009190495964418467,0.0,United Kingdom,GBR,england,,,Linux-6.4.0-150600.23.73_15.0.14-cray_shasta_c_64k-aarch64-with-glibc2.38,3.11.7,3.3.0,72,Neoverse-V2,1,1 x NVIDIA GH200 120GB,-2.5917,51.4535,64,machine,5.158333333333333,1.0,13.800000000000002,117.90918477376302,N,1.0,0.0
2026-09-27T01:23:41,mobilevit_xxs_batch3_node_5_local_train,d44d1bdb-bac5-4bed-8e44-499fd90980ac,5b0fa12a-3dd7-45bb-9766-cc326314d9f1,18.345253848005086,0.00026783653187881137,1.4599772458746143e-05,117.27809967250285,148.67659751208558,6.0,0.0004969416460731543,0.0006149327141713457,1.5435960851221657e-05,0.0011273103210957215,0.0,United Kingdom,GBR,england,,,Linux-6.4.0-150600.23.73_15.0.14-cray_shasta_c_64k-aarch64-with-glibc2.38,3.11.7,3.3.0,72,Neoverse-V2,1,1 x NVIDIA GH200 120GB,-2.5917,51.4535,64,machine,0.0,5.866666666666666,13.800000000000004,117.90383707682291,N,1.0,0.0
2026-09-27T01:24:37,mobilevit_xxs_batch3_node_5_evaluate,3c7b86d3-d126-4e86-ab07-db0ba2529023,5b0fa12a-3dd7-45bb-9766-cc326314d9f1,47.912271856097504,0.0007618812549110499,1.5901588995807343e-05,116.84256416640001,93.23343457424477,6.0,0.0014438162053675408,0.0017031871958863576,5.971599615528248e-05,0.003206719397409181,0.0,United Kingdom,GBR,england,,,Linux-6.4.0-150600.23.73_15.0.14-cray_shasta_c_64k-aarch64-with-glibc2.38,3.11.7,3.3.0,72,Neoverse-V2,1,1 x NVIDIA GH200 120GB,-2.5917,51.4535,64,machine,3.9045454545454534,0.20454545454545456,13.763636363636362,117.81176202947444,N,1.0,0.0
2026-09-27T01:24:51,mobilevit_xxs_batch3_node_0_exchange,05ad10ae-8b55-46ec-a6dd-4903aa7437d8,5b0fa12a-3dd7-45bb-9766-cc326314d9f1,8.126033334061503,9.079180882272899e-05,1.1172955498737782e-05,116.60713625088,143.57120316191674,6.0,0.00016547939500706762,0.00020990155681488432,6.757147259777412e-06,0.00038213809908172933,0.0,United Kingdom,GBR,england,,,Linux-6.4.0-150600.23.73_15.0.14-cray_shasta_c_64k-aarch64-with-glibc2.38,3.11.7,3.3.0,72,Neoverse-V2,1,1 x NVIDIA GH200 120GB,-2.5917,51.4535,64,machine,30.7,8.0,13.8,117.78447265625,N,1.0,0.0
2026-09-27T01:25:39,mobilevit_xxs_batch3_node_1_exchange,fd4c8dd1-53ac-4519-934f-3a2f5bcaf933,5b0fa12a-3dd7-45bb-9766-cc326314d9f1,16.420937897171825,0.0002335799651893353,1.4224520344210348e-05,116.5335264576,142.64494825145334,6.0,0.00043394465200831086,0.0005352162614968847,1.3965263166852916e-05,0.0009831261766720485,0.0,United Kingdom,GBR,england,,,Linux-6.4.0-150600.23.73_15.0.14-cray_shasta_c_64k-aarch64-with-glibc2.38,3.11.7,3.3.0,72,Neoverse-V2,1,1 x NVIDIA GH200 120GB,-2.5917,51.4535,64,machine,0.0,5.230769230769231,13.800000000000002,117.86870868389423,N,1.0,0.0
2026-09-27T01:26:13,mobilevit_xxs_batch3_node_2_exchange,82130681-0b42-4825-9fd1-8212286d54b6,5b0fa12a-3dd7-45bb-9766-cc326314d9f1,7.97726044501178,8.884284899293607e-05,1.113701246252903e-05,116.19257363712,75.32619762209785,6.0,0.00016034097096816687,0.00020540794209011892,8.186113365227358e-06,0.00037393502642351316,0.0,United Kingdom,GBR,england,,,Linux-6.4.0-150600.23.73_15.0.14-cray_shasta_c_64k-aarch64-with-glibc2.38,3.11.7,3.3.0,72,Neoverse-V2,1,1 x NVIDIA GH200 120GB,-2.5917,51.4535,64,machine,0.0,5.5,13.8,117.82586669921875,N,1.0,0.0
2026-09-27T01:26:45,mobilevit_xxs_batch3_node_4_exchange,390e1158-d1b0-4064-88c6-36315ff99177,5b0fa12a-3dd7-45bb-9766-cc326314d9f1,20.93346326914616,0.0003039340980653652,1.4519054690455057e-05,116.45995115963079,144.8129179225671,6.0,0.0005752450647949999,0.0006944002777373726,9.597796103529013e-06,0.0012792431386359014,0.0,United Kingdom,GBR,england,,,Linux-6.4.0-150600.23.73_15.0.14-cray_shasta_c_64k-aarch64-with-glibc2.38,3.11.7,3.3.0,72,Neoverse-V2,1,1 x NVIDIA GH200 120GB,-2.5917,51.4535,64,machine,4.411764705882353,3.1176470588235294,13.735294117647062,117.7434476964614,N,1.0,0.0
2026-09-27T01:27:00,mobilevit_xxs_batch3_node_5_exchange,d7574de9-379c-401b-9308-46a4e2875108,5b0fa12a-3dd7-45bb-9766-cc326314d9f1,10.26733518508263,0.00012895559845050087,1.255979240240057e-05,116.72711568000001,142.15909872191006,6.0,0.00023600262057826238,0.00029642718158129355,1.0337743688529978e-05,0.0005427675458480859,0.0,United Kingdom,GBR,england,,,Linux-6.4.0-150600.23.73_15.0.14-cray_shasta_c_64k-aarch64-with-glibc2.38,3.11.7,3.3.0,72,Neoverse-V2,1,1 x NVIDIA GH200 120GB,-2.5917,51.4535,64,machine,1.9000000000000001,7.714285714285714,13.799999999999999,117.79956926618304,N,1.0,0.0
2026-09-27T01:29:19,mobilevit_xxs_batch3_node_0_evaluate,7a8727a1-d4f9-42f5-be97-76320395425c,5b0fa12a-3dd7-45bb-9766-cc326314d9f1,129.7411438128911,0.0021489338676354006,1.6563241270128852e-05,115.96000683593952,138.01459561932785,6.0,0.004063010662648714,0.004785693273007041,0.0001960492626631943,0.009044753198318949,0.0,United Kingdom,GBR,england,,,Linux-6.4.0-150600.23.73_15.0.14-cray_shasta_c_64k-aarch64-with-glibc2.38,3.11.7,3.3.0,72,Neoverse-V2,1,1 x NVIDIA GH200 120GB,-2.5917,51.4535,64,machine,3.3015873015873014,0.1349206349206349,13.737301587301598,117.71910361638145,N,1.0,0.0
2026-09-27T01:29:44,mobilevit_xxs_batch3_node_1_evaluate,65946da2-2270-4ba0-8627-39e7bc54ae11,5b0fa12a-3dd7-45bb-9766-cc326314d9f1,12.213306698016822,0.00015911899758491537,1.3028330616699641e-05,117.94299533074286,139.72877915938068,6.0,0.0003022663767893132,0.00035747278597852983,9.984593739888321e-06,0.0006697237565077313,0.0,United Kingdom,GBR,england,,,Linux-6.4.0-150600.23.73_15.0.14-cray_shasta_c_64k-aarch64-with-glibc2.38,3.11.7,3.3.0,72,Neoverse-V2,1,1 x NVIDIA GH200 120GB,-2.5917,51.4535,64,machine,0.0,1.3333333333333333,13.700000000000001,117.43447536892361,N,1.0,0.0
2026-09-27T01:29:59,mobilevit_xxs_batch3_node_2_evaluate,3ab54db4-08ba-4bf0-bc7a-63c7cdee772b,5b0fa12a-3dd7-45bb-9766-cc326314d9f1,8.821316028013825,0.00010129844434502531,1.1483370964528667e-05,117.4873906656,70.39640484910309,6.0,0.00019204228016016358,0.00022471573531390732,9.601977391866968e-06,0.00042635999286593786,0.0,United Kingdom,GBR,england,,,Linux-6.4.0-150600.23.73_15.0.14-cray_shasta_c_64k-aarch64-with-glibc2.38,3.11.7,3.3.0,72,Neoverse-V2,1,1 x NVIDIA GH200 120GB,-2.5917,51.4535,64,machine,9.42,1.6,13.7,117.3851806640625,N,1.0,0.0
2026-09-27T01:30:39,mobilevit_xxs_batch3_node_4_evaluate,eb72828f-4656-489e-bab1-1acc155aebce,5b0fa12a-3dd7-45bb-9766-cc326314d9f1,11.907423357013613,0.00015381151710109839,1.2917279623765252e-05,117.9262790352,140.32085662775302,6.0,0.0002921915340130353,0.00034546555413328406,9.727753328237061e-06,0.0006473848414745565,0.0,United Kingdom,GBR,england,,,Linux-6.4.0-150600.23.73_15.0.14-cray_shasta_c_64k-aarch64-with-glibc2.38,3.11.7,3.3.0,72,Neoverse-V2,1,1 x NVIDIA GH200 120GB,-2.5917,51.4535,64,machine,0.0,1.5,13.700000000000001,117.39950561523438,N,1.0,0.0
2026-09-27T01:30:56,mobilevit_xxs_batch3_node_5_evaluate,952cc1a8-302b-46d3-b4dc-41c3654087c9,5b0fa12a-3dd7-45bb-9766-cc326314d9f1,14.178606338100508,0.00019051585998238035,1.3436853766821172e-05,117.48448889691429,138.66567504238427,6.0,0.00036352185694037413,0.0004286083984510469,9.741295826776573e-06,0.0008018715512181976,0.0,United Kingdom,GBR,england,,,Linux-6.4.0-150600.23.73_15.0.14-cray_shasta_c_64k-aarch64-with-glibc2.38,3.11.7,3.3.0,72,Neoverse-V2,1,1 x NVIDIA GH200 120GB,-2.5917,51.4535,64,machine,0.0,1.0909090909090908,13.7,117.3724365234375,N,1.0,0.0
2026-09-27T01:31:59,mobilenet_v3_small_batch4_node_0_local_train,4965bea8-cb37-44cd-9440-a2a4e0419fd3,5b0fa12a-3dd7-45bb-9766-cc326314d9f1,9.139917295891792,0.00010645640636770854,1.1647414623276575e-05,116.64790968960001,196.53415486897873,6.0,0.00019808187494388646,0.00023991741416296009,1.0070303204702212e-05,0.0004480695923115487,0.0,United Kingdom,GBR,england,,,Linux-6.4.0-150600.23.73_15.0.14-cray_shasta_c_64k-aarch64-with-glibc2.38,3.11.7,3.3.0,72,Neoverse-V2,1,1 x NVIDIA GH200 120GB,-2.5917,51.4535,64,machine,0.0,5.6,13.38,114.54908447265625,N,1.0,0.0
2026-09-27T01:32:17,mobilenet_v3_small_batch4_node_0_evaluate,3211b8a1-9f13-4377-b2f9-916ee24fa293,5b0fa12a-3dd7-45bb-9766-cc326314d9f1,17.466579530853778,0.0002448564895638301,1.4018571245234606e-05,116.65399029696002,136.93000129233818,6.0,0.00046828369937452444,0.0005479076605467981,1.4397133501479404e-05,0.001030588493422802,0.0,United Kingdom,GBR,england,,,Linux-6.4.0-150600.23.73_15.0.14-cray_shasta_c_64k-aarch64-with-glibc2.38,3.11.7,3.3.0,72,Neoverse-V2,1,1 x NVIDIA GH200 120GB,-2.5917,51.4535,64,machine,0.0,0.21428571428571427,13.364285714285716,114.38771711077008,N,1.0,0.0
2026-09-27T01:32:40,mobilenet_v3_small_batch4_node_1_local_train,8c5ded4f-f7c2-40a3-bd10-6e64084682a1,5b0fa12a-3dd7-45bb-9766-cc326314d9f1,19.081143795978278,0.0002781071281873866,1.4574971561505819e-05,117.0044646624,143.20428819844588,6.0,0.0005238258772779183,0.0006270432794224234,1.9669581151101737e-05,0.0011705387378514434,0.0,United Kingdom,GBR,england,,,Linux-6.4.0-150600.23.73_15.0.14-cray_shasta_c_64k-aarch64-with-glibc2.38,3.11.7,3.3.0,72,Neoverse-V2,1,1 x NVIDIA GH200 120GB,-2.5917,51.4535,64,machine,12.51875,2.6875,13.318750000000003,114.26911544799805,N,1.0,0.0
2026-09-27T01:35:23,mobilenet_v3_small_batch4_node_1_evaluate,3bcdf984-ac01-4234-8737-6344c885748e,5b0fa12a-3dd7-45bb-9766-cc326314d9f1,132.902912247926,0.0022551282789533534,1.6968238248583193e-05,115.75663529430858,136.01321192600795,6.0,0.004263270577733337,0.005015211512159112,0.00021323797691768658,0.009491720066810136,0.0,United Kingdom,GBR,england,,,Linux-6.4.0-150600.23.73_15.0.14-cray_shasta_c_64k-aarch64-with-glibc2.38,3.11.7,3.3.0,72,Neoverse-V2,1,1 x NVIDIA GH200 120GB,-2.5917,51.4535,64,machine,2.8492424242424246,0.030303030303030304,13.302272727272697,114.07812731193773,N,1.0,0.0
2026-09-27T01:35:45,mobilenet_v3_small_batch4_node_2_local_train,f2c307b1-5b77-49cb-bb21-1f58b347594d,5b0fa12a-3dd7-45bb-9766-cc326314d9f1,10.239582137903199,0.0001263666718065307,1.234099889084022e-05,116.79819123600001,71.19493258847329,6.0,0.00023633261575833005,0.0002835832824246154,1.1954987281157324e-05,0.0005318708854641027,0.0,United Kingdom,GBR,england,,,Linux-6.4.0-150600.23.73_15.0.14-cray_shasta_c_64k-aarch64-with-glibc2.38,3.11.7,3.3.0,72,Neoverse-V2,1,1 x NVIDIA GH200 120GB,-2.5917,51.4535,64,machine,21.400000000000002,1.4285714285714286,13.299999999999999,114.01474434988839,N,1.0,0.0
2026-09-27T01:36:08,mobilenet_v3_small_batch4_node_2_evaluate,ece36ba8-7d52-4de8-9081-1a8e4ce9293e,5b0fa12a-3dd7-45bb-9766-cc326314d9f1,8.989040889078751,0.00010302421944567045,1.1461091424207435e-05,117.29011881600002,68.94177671035916,6.0,0.00019690863541843071,0.0002268385148198604,9.876542128234482e-06,0.0004336236923665256,0.0,United Kingdom,GBR,england,,,Linux-6.4.0-150600.23.73_15.0.14-cray_shasta_c_64k-aarch64-with-glibc2.38,3.11.7,3.3.0,72,Neoverse-V2,1,1 x NVIDIA GH200 120GB,-2.5917,51.4535,64,machine,0.0,1.0,13.34,114.29388427734375,N,1.0,0.0
2026-09-27T01:36:35,mobilenet_v3_small_batch4_node_3_local_train,916063ac-9ea6-4e52-96a3-4858afcc4b5d,5b0fa12a-3dd7-45bb-9766-cc326314d9f1,9.676819096086547,0.00011527268280950412,1.191224943495349e-05,117.04221241920001,137.8161979894634,6.0,0.00021767551773230862,0.00025815159538922217,9.349737698600317e-06,0.00048517685082013107,0.0,United Kingdom,GBR,england,,,Linux-6.4.0-150600.23.73_15.0.14-cray_shasta_c_64k-aarch64-with-glibc2.38,3.11.7,3.3.0,72,Neoverse-V2,1,1 x NVIDIA GH200 120GB,-2.5917,51.4535,64,machine,1.1833333333333333,3.6666666666666665,13.299999999999999,113.96926879882812,N,1.0,0.0
2026-09-27T01:38:20,mobilenet_v3_small_batch4_node_3_evaluate,a2ef2d56-54ec-4849-a20d-71473a43df52,5b0fa12a-3dd7-45bb-9766-cc326314d9f1,15.68158007110469,0.00021494141585382475,1.3706617246426697e-05,117.50257809462857,138.08653205943705,6.0,0.00041160146424536014,0.00048339177560308144,9.684231978220244e-06,0.0009046774718266618,0.0,United Kingdom,GBR,england,,,Linux-6.4.0-150600.23.73_15.0.14-cray_shasta_c_64k-aarch64-with-glibc2.38,3.11.7,3.3.0,72,Neoverse-V2,1,1 x NVIDIA GH200 120GB,-2.5917,51.4535,64,machine,0.39999999999999997,0.16666666666666666,13.308333333333335,114.06159973144531,N,1.0,0.0
2026-09-27T01:38:32,mobilenet_v3_small_batch4_node_4_local_train,8b80bfae-2a94-4fb6-857f-92aae8fe371c,5b0fa12a-3dd7-45bb-9766-cc326314d9f1,11.496418372960761,0.0001488952652086507,1.2951448040447798e-05,116.89902034560002,731.6255991357066,6.0,0.0002778641957656513,0.00033478943450404586,1.4038957386510447e-05,0.0006266925876562076,0.0,United Kingdom,GBR,england,,,Linux-6.4.0-150600.23.73_15.0.14-cray_shasta_c_64k-aarch64-with-glibc2.38,3.11.7,3.3.0,72,Neoverse-V2,1,1 x NVIDIA GH200 120GB,-2.5917,51.4535,64,machine,0.0,4.875,13.412500000000001,114.74678039550781,N,1.0,0.0
2026-09-27T01:40:28,mobilenet_v3_small_batch4_node_4_evaluate,e76b5480-3ca3-4423-b499-38d62fff907d,5b0fa12a-3dd7-45bb-9766-cc326314d9f1,14.73833108600229,0.00019892686334724313,1.3497244849939194e-05,117.73521343954286,137.24558727240327,6.0,0.00038237470882962,0.00044512507831484527,9.773248843072604e-06,0.0008372730359875379,0.0,United Kingdom,GBR,england,,,Linux-6.4.0-150600.23.73_15.0.14-cray_shasta_c_64k-aarch64-with-glibc2.38,3.11.7,3.3.0,72,Neoverse-V2,1,1 x NVIDIA GH200 120GB,-2.5917,51.4535,64,machine,4.981818181818182,0.36363636363636365,13.400000000000004,114.59473765980114,N,1.0,0.0
2026-09-27T01:40:51,mobilenet_v3_small_batch4_node_5_local_train,ced05d69-4eeb-4e01-8948-1fe85b2c43e7,5b0fa12a-3dd7-45bb-9766-cc326314d9f1,15.645627283956856,0.00021760670138616187,1.3908467678333194e-05,117.09991390464002,138.71624401988174,6.0,0.0004121576747521986,0.0004894384471185731,1.429940101186124e-05,0.0009158955228826329,0.0,United Kingdom,GBR,england,,,Linux-6.4.0-150600.23.73_15.0.14-cray_shasta_c_64k-aarch64-with-glibc2.38,3.11.7,3.3.0,72,Neoverse-V2,1,1 x NVIDIA GH200 120GB,-2.5917,51.4535,64,machine,9.25,2.0,13.300000000000002,114.14229838053386,N,1.0,0.0
2026-09-27T01:41:45,mobilenet_v3_small_batch4_node_5_evaluate,2f88052a-5cd3-46c1-ad91-b99496c0d445,5b0fa12a-3dd7-45bb-9766-cc326314d9f1,10.070584676926956,0.00012151155819657425,1.2065988430142822e-05,117.78273696960001,139.90351094528359,6.0,0.00023300558652953972,0.00026849438145859494,9.935991574699681e-06,0.0005114359595628343,0.0,United Kingdom,GBR,england,,,Linux-6.4.0-150600.23.73_15.0.14-cray_shasta_c_64k-aarch64-with-glibc2.38,3.11.7,3.3.0,72,Neoverse-V2,1,1 x NVIDIA GH200 120GB,-2.5917,51.4535,64,machine,7.771428571428572,0.2857142857142857,13.400000000000002,114.77181570870536,N,1.0,0.0
2026-09-27T01:42:00,mobilenet_v3_small_batch4_node_0_exchange,6c14b7f4-7d4c-4481-855f-dcade3854e7d,5b0fa12a-3dd7-45bb-9766-cc326314d9f1,8.943117020884529,0.00010117513413683301,1.1313184642509148e-05,116.64386647200001,138.8994464544511,6.0,0.00019152262455273132,0.000228149904742736,6.1684571846853945e-06,0.00042584098648015275,0.0,United Kingdom,GBR,england,,,Linux-6.4.0-150600.23.73_15.0.14-cray_shasta_c_64k-aarch64-with-glibc2.38,3.11.7,3.3.0,72,Neoverse-V2,1,1 x NVIDIA GH200 120GB,-2.5917,51.4535,64,machine,0.0,4.2,13.4,114.628662109375,N,1.0,0.0
2026-09-27T01:42:36,mobilenet_v3_small_batch4_node_1_exchange,f46750a5-f685-427b-a041-20bb77d49651,5b0fa12a-3dd7-45bb-9766-cc326314d9f1,15.252069979906082,0.00021032540110174053,1.3789957781391955e-05,117.20703060864,139.20803906784855,6.0,0.00039888362311075917,0.00047333871201260536,1.302656571691235e-05,0.0008852489008402769,0.0,United Kingdom,GBR,england,,,Linux-6.4.0-150600.23.73_15.0.14-cray_shasta_c_64k-aarch64-with-glibc2.38,3.11.7,3.3.0,72,Neoverse-V2,1,1 x NVIDIA GH200 120GB,-2.5917,51.4535,64,machine,4.433333333333334,1.5833333333333333,13.300000000000002,114.03443908691406,N,1.0,0.0
2026-09-27T01:48:37,mobilenet_v3_small_batch4_node_2_exchange,2f4288fe-11bb-4709-9641-583ff53bf974,5b0fa12a-3dd7-45bb-9766-cc326314d9f1,289.4650921919383,0.004917611848255764,1.6988617905591867e-05,115.41381203274497,131.58048053247256,6.0,0.009271331560772311,0.010918975124070585,0.0005076711182362245,0.02069797780307912,0.0,United Kingdom,GBR,england,,,Linux-6.4.0-150600.23.73_15.0.14-cray_shasta_c_64k-aarch64-with-glibc2.38,3.11.7,3.3.0,72,Neoverse-V2,1,1 x NVIDIA GH200 120GB,-2.5917,51.4535,64,machine,1.5823529411764705,0.04844290657439446,13.30069204152256,113.94664027864133,N,1.0,0.0
2026-09-27T01:48:53,mobilenet_v3_small_batch4_node_3_exchange,ba834202-16cf-46d9-a1ec-1406546b6159,5b0fa12a-3dd7-45bb-9766-cc326314d9f1,7.801706948084757,8.278281189369521e-05,1.0610858936968607e-05,116.86635468,138.8661478333102,6.0,0.00015541705363472964,0.0001867882049708669,6.223380320006982e-06,0.0003484286389256035,0.0,United Kingdom,GBR,england,,,Linux-6.4.0-150600.23.73_15.0.14-cray_shasta_c_64k-aarch64-with-glibc2.38,3.11.7,3.3.0,72,Neoverse-V2,1,1 x NVIDIA GH200 120GB,-2.5917,51.4535,64,machine,0.0,3.25,13.3,114.31797790527344,N,1.0,0.0
2026-09-27T01:49:45,mobilenet_v3_small_batch4_node_4_exchange,e1cfa123-5c65-4853-9c16-f76eed7f5433,5b0fa12a-3dd7-45bb-9766-cc326314d9f1,8.618824556004256,9.777486057216393e-05,1.1344338190994921e-05,116.587551168,71.54254004689508,6.0,0.00018221500782705343,0.0002200804538290413,9.233946574774261e-06,0.00041152940823086903,0.0,United Kingdom,GBR,england,,,Linux-6.4.0-150600.23.73_15.0.14-cray_shasta_c_64k-aarch64-with-glibc2.38,3.11.7,3.3.0,72,Neoverse-V2,1,1 x NVIDIA GH200 120GB,-2.5917,51.4535,64,machine,31.72,3.4,13.3,114.21875,N,1.0,0.0
2026-09-27T01:50:07,mobilenet_v3_small_batch4_node_5_exchange,4d8eeaf2-4864-4d56-b2eb-0ac653aa44c8,5b0fa12a-3dd7-45bb-9766-cc326314d9f1,9.82801656308584,0.00011807811106847715,1.201443956779439e-05,116.84465199360002,141.39433636286344,6.0,0.0002219817231052685,0.0002654732679445715,9.529764424854269e-06,0.0004969847554746943,0.0,United Kingdom,GBR,england,,,Linux-6.4.0-150600.23.73_15.0.14-cray_shasta_c_64k-aarch64-with-glibc2.38,3.11.7,3.3.0,72,Neoverse-V2,1,1 x NVIDIA GH200 120GB,-2.5917,51.4535,64,machine,0.0,2.5,13.299999999999999,114.19692993164062,N,1.0,0.0
2026-09-27T01:51:02,mobilenet_v3_small_batch4_node_0_evaluate,4c186fe2-1a23-4e13-a75a-12da6c8222be,5b0fa12a-3dd7-45bb-9766-cc326314d9f1,9.810346865095198,0.00011783245668301852,1.2011038784190338e-05,118.07709865920003,137.0761299683133,6.0,0.00022553823245342536,0.0002608343753394138,9.578200885249923e-06,0.0004959508086780891,0.0,United Kingdom,GBR,england,,,Linux-6.4.0-150600.23.73_15.0.14-cray_shasta_c_64k-aarch64-with-glibc2.38,3.11.7,3.3.0,72,Neoverse-V2,1,1 x NVIDIA GH200 120GB,-2.5917,51.4535,64,machine,0.0,0.5,13.299999999999999,113.6622314453125,N,1.0,0.0
2026-09-27T01:51:44,mobilenet_v3_small_batch4_node_1_evaluate,aaa19898-5c91-42e1-ba05-6bf571d0c56b,5b0fa12a-3dd7-45bb-9766-cc326314d9f1,9.070916665019467,0.00010470029312096713,1.1542415941789762e-05,117.36805751588574,69.26779664918355,6.0,0.00019974878073657443,0.00023092268473590138,1.0006735626763355e-05,0.00044067820109923916,0.0,United Kingdom,GBR,england,,,Linux-6.4.0-150600.23.73_15.0.14-cray_shasta_c_64k-aarch64-with-glibc2.38,3.11.7,3.3.0,72,Neoverse-V2,1,1 x NVIDIA GH200 120GB,-2.5917,51.4535,64,machine,0.0,0.5,13.299999999999999,113.57215372721355,N,1.0,0.0
2026-09-27T01:51:55,mobilenet_v3_small_batch4_node_2_evaluate,91053255-1579-4e2d-bc9c-b6683ac9330f,5b0fa12a-3dd7-45bb-9766-cc326314d9f1,9.858297222061083,0.00011798938713733751,1.1968536196423318e-05,117.86432328000001,136.47600242905378,6.0,0.0002263446516003826,0.00026060881960177085,9.657849765305098e-06,0.0004966113209674586,0.0,United Kingdom,GBR,england,,,Linux-6.4.0-150600.23.73_15.0.14-cray_shasta_c_64k-aarch64-with-glibc2.38,3.11.7,3.3.0,72,Neoverse-V2,1,1 x NVIDIA GH200 120GB,-2.5917,51.4535,64,machine,0.0,0.5,13.299999999999999,113.67244466145833,N,1.0,0.0
2026-09-27T01:52:05,mobilenet_v3_small_batch4_node_3_evaluate,9482ec24-e2d4-4719-9bc4-ad57c277bd9a,5b0fa12a-3dd7-45bb-9766-cc326314d9f1,8.791114778025076,0.00010050712942233208,1.1432808234237502e-05,117.44188672320001,717.9004314114127,6.0,0.00019046551269524814,0.0002230326784342651,9.5311975304503e-06,0.0004230293886599636,0.0,United Kingdom,GBR,england,,,Linux-6.4.0-150600.23.73_15.0.14-cray_shasta_c_64k-aarch64-with-glibc2.38,3.11.7,3.3.0,72,Neoverse-V2,1,1 x NVIDIA GH200 120GB,-2.5917,51.4535,64,machine,0.0,0.6,13.3,113.66300048828126,N,1.0,0.0
2026-09-27T01:54:47,mobilenet_v3_small_batch4_node_4_evaluate,797f8d1f-66af-4360-b2c9-9dcefc2dc612,5b0fa12a-3dd7-45bb-9766-cc326314d9f1,38.65159334917553,0.0006007744841992236,1.5543330355669246e-05,116.65794724124835,142.72377699550253,6.0,0.0011483341430199134,0.0013455394097690032,3.475565226360535e-05,0.0025286292050525215,0.0,United Kingdom,GBR,england,,,Linux-6.4.0-150600.23.73_15.0.14-cray_shasta_c_64k-aarch64-with-glibc2.38,3.11.7,3.3.0,72,Neoverse-V2,1,1 x NVIDIA GH200 120GB,-2.5917,51.4535,64,machine,1.3142857142857143,0.08571428571428572,13.262857142857143,113.4636247907366,N,1.0,0.0
2026-09-27T01:55:51,mobilenet_v3_small_batch4_node_5_evaluate,862819df-f343-4a38-aa69-fc6baf68f7e8,5b0fa12a-3dd7-45bb-9766-cc326314d9f1,8.937733880011365,0.0001025993938519439,1.1479352062763972e-05,117.27714775680002,69.57369296052512,6.0,0.00019517080505184525,0.00022686990371312277,9.794914314989002e-06,0.000431835623079957,0.0,United Kingdom,GBR,england,,,Linux-6.4.0-150600.23.73_15.0.14-cray_shasta_c_64k-aarch64-with-glibc2.38,3.11.7,3.3.0,72,Neoverse-V2,1,1 x NVIDIA GH200 120GB,-2.5917,51.4535,64,machine,28.060000000000002,0.6,13.219999999999999,113.4416259765625,N,1.0,0.0
2026-09-27T01:56:19,efficientnet_lite0_batch4_node_0_local_train,c5e092ce-9f5e-451b-b6b4-9cab2dfdd573,5b0fa12a-3dd7-45bb-9766-cc326314d9f1,14.691821855027229,0.0002001821145961168,1.3625411237042652e-05,116.53408827360002,145.52167497757154,6.0,0.0003757989655705068,0.00046004286804190997,6.71449094855537e-06,0.0008425563245609721,0.0,United Kingdom,GBR,england,,,Linux-6.4.0-150600.23.73_15.0.14-cray_shasta_c_64k-aarch64-with-glibc2.38,3.11.7,3.3.0,72,Neoverse-V2,1,1 x NVIDIA GH200 120GB,-2.5917,51.4535,64,machine,2.4272727272727272,2.1818181818181817,13.409090909090907,115.03445157137784,N,1.0,0.0
2026-09-27T01:56:53,efficientnet_lite0_batch4_node_0_evaluate,b9ac2d0d-2c66-4f38-b4a6-7a90c34d4651,5b0fa12a-3dd7-45bb-9766-cc326314d9f1,9.919572666054592,0.00012143503715323209,1.2241962556390207e-05,118.0144007712,139.53115416502675,6.0,0.00022890371843424092,0.0002724543846426286,9.755783311945076e-06,0.0005111138863888147,0.0,United Kingdom,GBR,england,,,Linux-6.4.0-150600.23.73_15.0.14-cray_shasta_c_64k-aarch64-with-glibc2.38,3.11.7,3.3.0,72,Neoverse-V2,1,1 x NVIDIA GH200 120GB,-2.5917,51.4535,64,machine,32.25,1.3333333333333333,13.6,116.060546875,N,1.0,0.0
2026-09-27T01:57:19,efficientnet_lite0_batch4_node_1_local_train,66236e0b-4e59-46ea-b535-91e181effa4b,5b0fa12a-3dd7-45bb-9766-cc326314d9f1,17.662290615960956,0.00025895791973365976,1.466162715608621e-05,116.80622788937143,146.92310437407448,6.0,0.0004749134390775207,0.0006013504810908898,1.367677461821586e-05,0.0010899406947866264,0.0,United Kingdom,GBR,england,,,Linux-6.4.0-150600.23.73_15.0.14-cray_shasta_c_64k-aarch64-with-glibc2.38,3.11.7,3.3.0,72,Neoverse-V2,1,1 x NVIDIA GH200 120GB,-2.5917,51.4535,64,machine,0.0,3.2142857142857144,13.599999999999996,116.14754813058036,N,1.0,0.0
2026-09-27T02:02:59,efficientnet_lite0_batch4_node_1_evaluate,1e1036b3-886b-45ab-8278-4511326c74d8,5b0fa12a-3dd7-45bb-9766-cc326314d9f1,10.214700115844607,0.00012643388586207186,1.237764050125691e-05,117.87283574125715,138.91561777760347,6.0,0.00023812646091822282,0.0002837985603605375,1.0228764721735691e-05,0.0005321537860004961,0.0,United Kingdom,GBR,england,,,Linux-6.4.0-150600.23.73_15.0.14-cray_shasta_c_64k-aarch64-with-glibc2.38,3.11.7,3.3.0,72,Neoverse-V2,1,1 x NVIDIA GH200 120GB,-2.5917,51.4535,64,machine,20.8,2.2857142857142856,13.5,115.89686802455357,N,1.0,0.0
2026-09-27T02:03:30,efficientnet_lite0_batch4_node_2_local_train,08e2c8c4-625e-497d-9d6f-55cb5f76c371,5b0fa12a-3dd7-45bb-9766-cc326314d9f1,21.891470800852403,0.00032234653885099805,1.4724754758755022e-05,116.25761231177144,152.7695374140035,6.0,0.0006060460305663827,0.0007424333717267473,8.260761817994837e-06,0.001356740164111125,0.0,United Kingdom,GBR,england,,,Linux-6.4.0-150600.23.73_15.0.14-cray_shasta_c_64k-aarch64-with-glibc2.38,3.11.7,3.3.0,72,Neoverse-V2,1,1 x NVIDIA GH200 120GB,-2.5917,51.4535,64,machine,0.6388888888888888,2.0,13.5,115.90133666992188,N,1.0,0.0
2026-09-27T02:05:13,efficientnet_lite0_batch4_node_2_evaluate,09fa79af-8430-4af9-a89f-27a72b46817d,5b0fa12a-3dd7-45bb-9766-cc326314d9f1,8.970816270913929,0.00010463267437304177,1.1663673763143742e-05,117.25359114240001,71.69368312946008,6.0,0.00019602717967629312,0.00023454657652166588,9.819841035253678e-06,0.00044039359723321267,0.0,United Kingdom,GBR,england,,,Linux-6.4.0-150600.23.73_15.0.14-cray_shasta_c_64k-aarch64-with-glibc2.38,3.11.7,3.3.0,72,Neoverse-V2,1,1 x NVIDIA GH200 120GB,-2.5917,51.4535,64,machine,37.7,3.2,13.5,115.9794921875,N,1.0,0.0
2026-09-27T02:05:26,efficientnet_lite0_batch4_node_3_local_train,bbbe5811-e149-4e94-a67f-ec4be816acdb,5b0fa12a-3dd7-45bb-9766-cc326314d9f1,8.010527374921367,9.019439530987546e-05,1.1259482814108831e-05,116.58390068160001,149.3903794441407,6.0,0.0001618031596304854,0.00021130572460492658,6.51473179847623e-06,0.00037962361603388823,0.0,United Kingdom,GBR,england,,,Linux-6.4.0-150600.23.73_15.0.14-cray_shasta_c_64k-aarch64-with-glibc2.38,3.11.7,3.3.0,72,Neoverse-V2,1,1 x NVIDIA GH200 120GB,-2.5917,51.4535,64,machine,17.675,4.5,13.5,115.98638916015625,N,1.0,0.0
2026-09-27T02:05:45,efficientnet_lite0_batch4_node_3_evaluate,c2741fd7-766e-4f17-a3b5-371082b58f32,5b0fa12a-3dd7-45bb-9766-cc326314d9f1,9.911767553072423,0.00012120310805484766,1.2228203234777984e-05,118.06068015360002,144.93329481294785,6.0,0.00022858187640556422,0.0002718407730242234,9.715059196654085e-06,0.0005101377086264417,0.0,United Kingdom,GBR,england,,,Linux-6.4.0-150600.23.73_15.0.14-cray_shasta_c_64k-aarch64-with-glibc2.38,3.11.7,3.3.0,72,Neoverse-V2,1,1 x NVIDIA GH200 120GB,-2.5917,51.4535,64,machine,19.866666666666667,2.1666666666666665,13.5,115.82257080078125,N,1.0,0.0
2026-09-27T02:08:20,efficientnet_lite0_batch4_node_4_local_train,079763f7-c639-4ce1-ac7a-c7b528bc4f36,5b0fa12a-3dd7-45bb-9766-cc326314d9f1,116.03034106083214,0.0019230414565435852,1.6573608583425407e-05,115.6486397386278,138.64618278567153,6.0,0.0036219417083111997,0.004294795102495641,0.00017724673449023007,0.008093983545297069,0.0,United Kingdom,GBR,england,,,Linux-6.4.0-150600.23.73_15.0.14-cray_shasta_c_64k-aarch64-with-glibc2.38,3.11.7,3.3.0,72,Neoverse-V2,1,1 x NVIDIA GH200 120GB,-2.5917,51.4535,64,machine,2.008035714285714,0.5089285714285714,13.526785714285698,115.99791881016323,N,1.0,0.0
2026-09-27T02:08:35,efficientnet_lite0_batch4_node_4_evaluate,55b6b218-9f78-455e-ad63-666fde2f8e3b,5b0fa12a-3dd7-45bb-9766-cc326314d9f1,9.062477045925334,0.0001066950743398397,1.177327940243577e-05,117.71292726308572,71.5640965791177,6.0,0.00020076709049999722,0.0002383115795367985,9.995463613498335e-06,0.000449074133650294,0.0,United Kingdom,GBR,england,,,Linux-6.4.0-150600.23.73_15.0.14-cray_shasta_c_64k-aarch64-with-glibc2.38,3.11.7,3.3.0,72,Neoverse-V2,1,1 x NVIDIA GH200 120GB,-2.5917,51.4535,64,machine,0.0,2.6666666666666665,13.6,116.10648600260417,N,1.0,0.0
2026-09-27T02:13:06,efficientnet_lite0_batch4_node_5_local_train,e8afcad1-1d86-4cee-becc-383947f34529,5b0fa12a-3dd7-45bb-9766-cc326314d9f1,89.89414263796061,0.0014747529573029608,1.640543993219198e-05,115.6441902596127,138.8566140111193,6.0,0.0027842923943006068,0.0033062529227834148,0.00011661476735995771,0.00620716008444398,0.0,United Kingdom,GBR,england,,,Linux-6.4.0-150600.23.73_15.0.14-cray_shasta_c_64k-aarch64-with-glibc2.38,3.11.7,3.3.0,72,Neoverse-V2,1,1 x NVIDIA GH200 120GB,-2.5917,51.4535,64,machine,3.2860465116279074,0.32558139534883723,13.502325581395349,115.92876061727834,N,1.0,0.0
2026-09-27T02:14:40,efficientnet_lite0_batch4_node_5_evaluate,86915430-5dec-457b-bad4-f48f47ee913e,5b0fa12a-3dd7-45bb-9766-cc326314d9f1,16.268786977045238,0.00022592657799198527,1.3887118831340085e-05,117.86701964502859,138.99478354828818,6.0,0.0004319046401235557,0.0005089790182921661,1.0029801348767554e-05,0.0009509134597644893,0.0,United Kingdom,GBR,england,,,Linux-6.4.0-150600.23.73_15.0.14-cray_shasta_c_64k-aarch64-with-glibc2.38,3.11.7,3.3.0,72,Neoverse-V2,1,1 x NVIDIA GH200 120GB,-2.5917,51.4535,64,machine,6.5307692307692315,1.3846153846153846,13.5,115.79537729116586,N,1.0,0.0
2026-09-27T02:15:11,efficientnet_lite0_batch4_node_5_exchange,9178f881-9c7b-4284-ad9f-4903ec711eb5,5b0fa12a-3dd7-45bb-9766-cc326314d9f1,16.9886312619783,0.0002426810100461061,1.4284906553316191e-05,116.80677993600001,146.588791066037,6.0,0.0004513543542935993,0.0005602665593187339,9.81109732296318e-06,0.0010214320109352964,0.0,United Kingdom,GBR,england,,,Linux-6.4.0-150600.23.73_15.0.14-cray_shasta_c_64k-aarch64-with-glibc2.38,3.11.7,3.3.0,72,Neoverse-V2,1,1 x NVIDIA GH200 120GB,-2.5917,51.4535,64,machine,6.892307692307692,3.6153846153846154,13.5,115.77857853816106,N,1.0,0.0
2026-09-27T02:15:29,efficientnet_lite0_batch4_node_5_evaluate,7ae77620-d3b9-4c81-83ac-2eba49d6fed8,5b0fa12a-3dd7-45bb-9766-cc326314d9f1,14.090270710876212,0.00018991292404757596,1.347830201026465e-05,118.12292629302857,139.0451325245048,6.0,0.00036279651051670847,0.0004265986746077033,9.938639453224216e-06,0.000799333824577636,0.0,United Kingdom,GBR,england,,,Linux-6.4.0-150600.23.73_15.0.14-cray_shasta_c_64k-aarch64-with-glibc2.38,3.11.7,3.3.0,72,Neoverse-V2,1,1 x NVIDIA GH200 120GB,-2.5917,51.4535,64,machine,0.0,1.4545454545454546,13.5,115.80200750177556,N,1.0,0.0
2026-09-27T02:15:54,mobilevit_xxs_batch4_node_0_local_train,549354ee-654a-4a98-9735-48988235fa29,5b0fa12a-3dd7-45bb-9766-cc326314d9f1,10.240997927030548,0.0001276118501748916,1.2460880383352795e-05,116.85724818788572,141.08021313798918,6.0,0.00023522790735352783,0.0002915968999559482,1.0286970487019668e-05,0.0005371117777964957,0.0,United Kingdom,GBR,england,,,Linux-6.4.0-150600.23.73_15.0.14-cray_shasta_c_64k-aarch64-with-glibc2.38,3.11.7,3.3.0,72,Neoverse-V2,1,1 x NVIDIA GH200 120GB,-2.5917,51.4535,64,machine,0.0,10.857142857142858,13.5,115.77659388950893,N,1.0,0.0
2026-09-27T02:16:14,mobilevit_xxs_batch4_node_0_evaluate,630a632e-4730-402c-878b-6a11695554a1,5b0fa12a-3dd7-45bb-9766-cc326314d9f1,12.985756554175168,0.00017208546440768198,1.3251862815212967e-05,118.00198904832001,140.10215241538614,6.0,0.00032723654822269284,0.0003871997542006511,9.862652526935563e-06,0.0007242989549502796,0.0,United Kingdom,GBR,england,,,Linux-6.4.0-150600.23.73_15.0.14-cray_shasta_c_64k-aarch64-with-glibc2.38,3.11.7,3.3.0,72,Neoverse-V2,1,1 x NVIDIA GH200 120GB,-2.5917,51.4535,64,machine,0.0,1.3333333333333333,13.511111111111111,115.73745388454861,N,1.0,0.0
2026-09-27T02:16:32,mobilevit_xxs_batch4_node_1_local_train,837af13f-d88f-496b-ad63-3b497f97b5d0,5b0fa12a-3dd7-45bb-9766-cc326314d9f1,17.008992076152936,0.00025066690343204513,1.4737316726926275e-05,117.0301963259077,143.5087941785359,6.0,0.0004586523859347493,0.000575454071480408,2.093777204010015e-05,0.0010550442294552573,0.0,United Kingdom,GBR,england,,,Linux-6.4.0-150600.23.73_15.0.14-cray_shasta_c_64k-aarch64-with-glibc2.38,3.11.7,3.3.0,72,Neoverse-V2,1,1 x NVIDIA GH200 120GB,-2.5917,51.4535,64,machine,0.0,8.076923076923077,13.53076923076923,116.04054612379808,N,1.0,0.0
2026-09-27T02:16:44,mobilevit_xxs_batch4_node_1_evaluate,5e345413-01e3-476e-8ed2-aa322ce04de1,5b0fa12a-3dd7-45bb-9766-cc326314d9f1,9.215069833910093,0.00010941732913747204,1.1873738464230891e-05,117.62850086125715,71.61868736526358,6.0,0.000205567906091192,0.00024470825132993923,1.0255808021174744e-05,0.000460531965442306,0.0,United Kingdom,GBR,england,,,Linux-6.4.0-150600.23.73_15.0.14-cray_shasta_c_64k-aarch64-with-glibc2.38,3.11.7,3.3.0,72,Neoverse-V2,1,1 x NVIDIA GH200 120GB,-2.5917,51.4535,64,machine,0.0,2.0,13.5,115.63241577148438,N,1.0,0.0
2026-09-27T02:18:16,mobilevit_xxs_batch4_node_2_local_train,96e3b62a-19a0-4148-870b-2868c0755b46,5b0fa12a-3dd7-45bb-9766-cc326314d9f1,13.782474081031978,0.00018928913870423496,1.3734046412228894e-05,116.83423947600002,142.37444922337846,6.0,0.0003504018003040244,0.0004334561801044856,1.2850363429946204e-05,0.0007967083438384561,0.0,United Kingdom,GBR,england,,,Linux-6.4.0-150600.23.73_15.0.14-cray_shasta_c_64k-aarch64-with-glibc2.38,3.11.7,3.3.0,72,Neoverse-V2,1,1 x NVIDIA GH200 120GB,-2.5917,51.4535,64,machine,0.0,3.5,13.51,115.73776245117188,N,1.0,0.0
2026-09-27T02:18:28,mobilevit_xxs_batch4_node_2_evaluate,e8d91f6a-9af6-482f-a4c1-613adcf3f4c1,5b0fa12a-3dd7-45bb-9766-cc326314d9f1,10.540787013014778,0.00013101293544012162,1.2429141702451543e-05,117.77203897097144,138.23935815669986,6.0,0.0002481649229497371,0.00029316801230550027,1.0093837196861083e-05,0.0005514267724520984,0.0,United Kingdom,GBR,england,,,Linux-6.4.0-150600.23.73_15.0.14-cray_shasta_c_64k-aarch64-with-glibc2.38,3.11.7,3.3.0,72,Neoverse-V2,1,1 x NVIDIA GH200 120GB,-2.5917,51.4535,64,machine,20.785714285714285,1.1428571428571428,13.557142857142859,116.07489013671875,N,1.0,0.0
2026-09-27T02:18:39,mobilevit_xxs_batch4_node_3_local_train,6db3f441-2ad6-4b6d-8b0c-ee799a83e822,5b0fa12a-3dd7-45bb-9766-cc326314d9f1,9.089234292972833,0.00010879400907933403,1.19695461215524e-05,116.63897820068573,74.68933164345802,6.0,0.00019797108740843595,0.0002498943665898423,1.0042989066569136e-05,0.00045790844306484743,0.0,United Kingdom,GBR,england,,,Linux-6.4.0-150600.23.73_15.0.14-cray_shasta_c_64k-aarch64-with-glibc2.38,3.11.7,3.3.0,72,Neoverse-V2,1,1 x NVIDIA GH200 120GB,-2.5917,51.4535,64,machine,0.0,7.833333333333333,13.5,115.82601928710938,N,1.0,0.0
2026-09-27T02:19:01,mobilevit_xxs_batch4_node_3_evaluate,07dd30ac-4640-4437-bea9-b5743bcefd58,5b0fa12a-3dd7-45bb-9766-cc326314d9f1,8.9866306129843,0.00010437785874930194,1.1614793490954438e-05,117.3177591264,70.66990790745992,6.0,0.00019695278409896896,0.00023249351933429807,9.874787818019587e-06,0.00043932109125128664,0.0,United Kingdom,GBR,england,,,Linux-6.4.0-150600.23.73_15.0.14-cray_shasta_c_64k-aarch64-with-glibc2.38,3.11.7,3.3.0,72,Neoverse-V2,1,1 x NVIDIA GH200 120GB,-2.5917,51.4535,64,machine,0.0,1.6,13.5,115.82642822265625,N,1.0,0.0
2026-09-27T02:19:23,mobilevit_xxs_batch4_node_4_local_train,0bded9ea-4195-4371-835c-2367233f973c,5b0fa12a-3dd7-45bb-9766-cc326314d9f1,16.14043909800239,0.00023054670155267192,1.4283793653495176e-05,116.95669596287999,142.01590121365456,6.0,0.0004275334889974414,0.0005277932000211649,1.5032635498403883e-05,0.0009703593245170101,0.0,United Kingdom,GBR,england,,,Linux-6.4.0-150600.23.73_15.0.14-cray_shasta_c_64k-aarch64-with-glibc2.38,3.11.7,3.3.0,72,Neoverse-V2,1,1 x NVIDIA GH200 120GB,-2.5917,51.4535,64,machine,4.9230769230769225,7.230769230769231,13.5,115.67156512920673,N,1.0,0.0
2026-09-27T02:20:21,mobilevit_xxs_batch4_node_4_evaluate,87487fce-ac89-4019-af0b-ca9e7a0186db,5b0fa12a-3dd7-45bb-9766-cc326314d9f1,10.052589673083276,0.00012264617204249987,1.2200455408112017e-05,117.61905994560001,138.16403969848244,6.0,0.00023204380510926965,0.00027419494158209545,9.972744760258744e-06,0.0005162114914516239,0.0,United Kingdom,GBR,england,,,Linux-6.4.0-150600.23.73_15.0.14-cray_shasta_c_64k-aarch64-with-glibc2.38,3.11.7,3.3.0,72,Neoverse-V2,1,1 x NVIDIA GH200 120GB,-2.5917,51.4535,64,machine,0.0,2.0,13.549999999999999,115.99361165364583,N,1.0,0.0
2026-09-27T02:21:02,mobilevit_xxs_batch4_node_5_local_train,8029b0a5-959e-46cb-98e1-933df66d9b02,5b0fa12a-3dd7-45bb-9766-cc326314d9f1,12.286028780043125,0.00016793560745523468,1.3668827451228323e-05,116.60333036544002,75.99933442428026,6.0,0.00030256796549325566,0.00038890031110838663,1.536414179834537e-05,0.0007068324183999877,0.0,United Kingdom,GBR,england,,,Linux-6.4.0-150600.23.73_15.0.14-cray_shasta_c_64k-aarch64-with-glibc2.38,3.11.7,3.3.0,72,Neoverse-V2,1,1 x NVIDIA GH200 120GB,-2.5917,51.4535,64,machine,15.855555555555554,8.11111111111111,13.5,115.66257731119792,N,1.0,0.0
2026-09-27T02:21:18,mobilevit_xxs_batch4_node_5_evaluate,eda3a125-1dff-4b2b-b5a3-feca78f6be9f,5b0fa12a-3dd7-45bb-9766-cc326314d9f1,13.517457418842241,0.00018040592659349957,1.3346143509357634e-05,117.75157746377144,139.5570257467565,6.0,0.0003433631526280423,0.0004059525469841674,1.0003656896296888e-05,0.0007593193565085066,0.0,United Kingdom,GBR,england,,,Linux-6.4.0-150600.23.73_15.0.14-cray_shasta_c_64k-aarch64-with-glibc2.38,3.11.7,3.3.0,72,Neoverse-V2,1,1 x NVIDIA GH200 120GB,-2.5917,51.4535,64,machine,0.0,1.2,13.5,115.5652099609375,N,1.0,0.0
2026-09-27T02:21:33,mobilevit_xxs_batch4_node_0_exchange,cc456b7c-42fd-4e92-b49f-b82e5cf431e3,5b0fa12a-3dd7-45bb-9766-cc326314d9f1,8.056203187908977,8.875056618195805e-05,1.1016425990242886e-05,116.543390832,142.50134205151795,6.0,0.0001628260505241418,0.0002040954410631457,6.625121185012783e-06,0.0003735466127723003,0.0,United Kingdom,GBR,england,,,Linux-6.4.0-150600.23.73_15.0.14-cray_shasta_c_64k-aarch64-with-glibc2.38,3.11.7,3.3.0,72,Neoverse-V2,1,1 x NVIDIA GH200 120GB,-2.5917,51.4535,64,machine,4.5,4.5,13.5,115.67092895507812,N,1.0,0.0
2026-09-27T02:22:04,mobilevit_xxs_batch4_node_2_exchange,f88a393c-0ca4-4909-9019-d4b9f834efb8,5b0fa12a-3dd7-45bb-9766-cc326314d9f1,9.636605722131208,0.00011703358103215733,1.2144689157861953e-05,116.5561890048,144.10016416692417,6.0,0.00021453044575419782,0.0002694043821946934,8.65355380345136e-06,0.0004925883817523426,0.0,United Kingdom,GBR,england,,,Linux-6.4.0-150600.23.73_15.0.14-cray_shasta_c_64k-aarch64-with-glibc2.38,3.11.7,3.3.0,72,Neoverse-V2,1,1 x NVIDIA GH200 120GB,-2.5917,51.4535,64,machine,0.0,8.5,13.5,115.52115885416667,N,1.0,0.0
2026-09-27T02:22:38,mobilevit_xxs_batch4_node_4_exchange,3017aebc-056a-4571-b897-400c0d5d9d95,5b0fa12a-3dd7-45bb-9766-cc326314d9f1,16.01007719617337,0.00022356174427156535,1.396381426099555e-05,116.7808658544,142.57172498185315,6.0,0.00042008318213798397,0.000510976797670537,9.900015273597093e-06,0.0009409599950821182,0.0,United Kingdom,GBR,england,,,Linux-6.4.0-150600.23.73_15.0.14-cray_shasta_c_64k-aarch64-with-glibc2.38,3.11.7,3.3.0,72,Neoverse-V2,1,1 x NVIDIA GH200 120GB,-2.5917,51.4535,64,machine,2.466666666666667,3.1666666666666665,13.599999999999996,116.37073771158855,N,1.0,0.0
2026-09-27T02:23:02,mobilevit_xxs_batch4_node_5_exchange,ac2d0c05-d279-40ba-99a3-97b73dbba493,5b0fa12a-3dd7-45bb-9766-cc326314d9f1,11.196840649005026,0.00014421533518673086,1.2880002467441218e-05,116.8301200073143,142.41900073300886,6.0,0.0002660849040791837,0.00033069720900869015,1.0212887466574709e-05,0.0006069950005544485,0.0,United Kingdom,GBR,england,,,Linux-6.4.0-150600.23.73_15.0.14-cray_shasta_c_64k-aarch64-with-glibc2.38,3.11.7,3.3.0,72,Neoverse-V2,1,1 x NVIDIA GH200 120GB,-2.5917,51.4535,64,machine,0.0,6.0,13.5,115.65443420410156,N,1.0,0.0
2026-09-27T02:23:19,mobilevit_xxs_batch4_node_0_evaluate,a629ccc6-be4f-471a-aa5e-2e1306728b2c,5b0fa12a-3dd7-45bb-9766-cc326314d9f1,8.908985116984695,0.00010367525627857364,1.1637156748743477e-05,117.2453611968,71.66741812194297,6.0,0.00019406203630627615,0.0002325612971674218,9.740539763588458e-06,0.0004363638732372864,0.0,United Kingdom,GBR,england,,,Linux-6.4.0-150600.23.73_15.0.14-cray_shasta_c_64k-aarch64-with-glibc2.38,3.11.7,3.3.0,72,Neoverse-V2,1,1 x NVIDIA GH200 120GB,-2.5917,51.4535,64,machine,0.0,1.6,13.5,115.6722412109375,N,1.0,0.0
2026-09-27T02:23:30,mobilevit_xxs_batch4_node_2_evaluate,2bdd44f8-9a29-46c3-8b69-a23bf908b36a,5b0fa12a-3dd7-45bb-9766-cc326314d9f1,10.45522358105518,0.00012923030447325716,1.2360357812665233e-05,117.75599771245714,139.40914374536231,6.0,0.00024467767784248413,0.0002894185648472103,9.82752681671021e-06,0.0005439237695064046,0.0,United Kingdom,GBR,england,,,Linux-6.4.0-150600.23.73_15.0.14-cray_shasta_c_64k-aarch64-with-glibc2.38,3.11.7,3.3.0,72,Neoverse-V2,1,1 x NVIDIA GH200 120GB,-2.5917,51.4535,64,machine,0.0,2.2857142857142856,13.5,115.47865513392857,N,1.0,0.0
2026-09-27T02:24:28,mobilevit_xxs_batch4_node_4_evaluate,b255a6f8-882e-4e4a-b884-7a4af1afc8ba,5b0fa12a-3dd7-45bb-9766-cc326314d9f1,10.103863907977939,0.00012406354207682429,1.2278821568337297e-05,117.77868463680001,144.58986088910808,6.0,0.00023407673296458844,0.0002780624446643287,1.0037952106989299e-05,0.0005221771297359065,0.0,United Kingdom,GBR,england,,,Linux-6.4.0-150600.23.73_15.0.14-cray_shasta_c_64k-aarch64-with-glibc2.38,3.11.7,3.3.0,72,Neoverse-V2,1,1 x NVIDIA GH200 120GB,-2.5917,51.4535,64,machine,0.0,2.5714285714285716,13.5,115.59163992745536,N,1.0,0.0
2026-09-27T02:24:40,mobilevit_xxs_batch4_node_5_evaluate,398a0489-0457-4651-a5a4-d60d93f6de4e,5b0fa12a-3dd7-45bb-9766-cc326314d9f1,9.055373887065798,0.00010591662004593711,1.1696548521008352e-05,117.3540843648,71.37769456313406,6.0,0.00019891330126128873,0.00023692130065455785,9.963057260029017e-06,0.0004457976591758756,0.0,United Kingdom,GBR,england,,,Linux-6.4.0-150600.23.73_15.0.14-cray_shasta_c_64k-aarch64-with-glibc2.38,3.11.7,3.3.0,72,Neoverse-V2,1,1 x NVIDIA GH200 120GB,-2.5917,51.4535,64,machine,9.040000000000001,2.8,13.5,115.54730224609375,N,1.0,0.0
2026-09-27T02:26:25,mobilenet_v3_small_batch5_node_0_local_train,c10e482b-d680-441e-bfc4-6f830ae28707,5b0fa12a-3dd7-45bb-9766-cc326314d9f1,8.842824259074405,0.00010098460560946845,1.1419949402006854e-05,116.98727912640001,197.43448760459677,6.0,0.00018769846042051384,0.00022777768222681516,9.562918965239077e-06,0.0004250390616125681,0.0,United Kingdom,GBR,england,,,Linux-6.4.0-150600.23.73_15.0.14-cray_shasta_c_64k-aarch64-with-glibc2.38,3.11.7,3.3.0,72,Neoverse-V2,1,1 x NVIDIA GH200 120GB,-2.5917,51.4535,64,machine,0.0,4.4,13.2,112.68602294921875,N,1.0,0.0
2026-09-27T02:26:40,mobilenet_v3_small_batch5_node_0_evaluate,5abfc4cf-0757-4133-9361-f93589aa5453,5b0fa12a-3dd7-45bb-9766-cc326314d9f1,12.510674217017367,0.00016326828897824788,1.3050318963319004e-05,117.17290955520002,136.6945782167083,6.0,0.00031021348419565107,0.00036340973518633746,1.3564693266525864e-05,0.0006871879126485144,0.0,United Kingdom,GBR,england,,,Linux-6.4.0-150600.23.73_15.0.14-cray_shasta_c_64k-aarch64-with-glibc2.38,3.11.7,3.3.0,72,Neoverse-V2,1,1 x NVIDIA GH200 120GB,-2.5917,51.4535,64,machine,0.41111111111111115,0.3333333333333333,13.177777777777779,112.64179823133681,N,1.0,0.0
2026-09-27T02:27:45,mobilenet_v3_small_batch5_node_1_local_train,664b4bfa-cb56-4223-ab95-25f8a6a85b33,5b0fa12a-3dd7-45bb-9766-cc326314d9f1,30.170871131122112,0.00046376173947233843,1.537117498055782e-05,117.65116381152002,140.46663715154742,6.0,0.0008791747124007075,0.001041883611293315,3.089121720365559e-05,0.0019519495408976781,0.0,United Kingdom,GBR,england,,,Linux-6.4.0-150600.23.73_15.0.14-cray_shasta_c_64k-aarch64-with-glibc2.38,3.11.7,3.3.0,72,Neoverse-V2,1,1 x NVIDIA GH200 120GB,-2.5917,51.4535,64,machine,2.314814814814815,1.7037037037037037,13.148148148148152,112.66653555410879,N,1.0,0.0
2026-09-27T02:32:00,mobilenet_v3_small_batch5_node_1_evaluate,a2ab03ff-b0fb-4b5c-929a-1b8d104578ee,5b0fa12a-3dd7-45bb-9766-cc326314d9f1,183.13592273020186,0.0031038839360569026,1.694852593518522e-05,115.86680384654203,136.2025619040137,6.0,0.005870412264009267,0.006908636638002008,0.00028504049630641623,0.013064089398317694,0.0,United Kingdom,GBR,england,,,Linux-6.4.0-150600.23.73_15.0.14-cray_shasta_c_64k-aarch64-with-glibc2.38,3.11.7,3.3.0,72,Neoverse-V2,1,1 x NVIDIA GH200 120GB,-2.5917,51.4535,64,machine,2.5393442622950824,0.02185792349726776,13.114754098360619,112.54457400796191,N,1.0,0.0
2026-09-27T02:33:25,mobilenet_v3_small_batch5_node_2_local_train,1cc4f660-49b9-4f3c-a0e5-708a1c637f1b,5b0fa12a-3dd7-45bb-9766-cc326314d9f1,77.40859259199351,0.0012586296751867603,1.6259560250898325e-05,115.88463642234461,136.84724864651903,6.0,0.00238839585673332,0.002814016140106901,9.509620087415292e-05,0.005297508197714374,0.0,United Kingdom,GBR,england,,,Linux-6.4.0-150600.23.73_15.0.14-cray_shasta_c_64k-aarch64-with-glibc2.38,3.11.7,3.3.0,72,Neoverse-V2,1,1 x NVIDIA GH200 120GB,-2.5917,51.4535,64,machine,3.9594594594594597,0.2702702702702703,13.113513513513528,112.47617814347551,N,1.0,0.0
2026-09-27T02:33:36,mobilenet_v3_small_batch5_node_2_evaluate,6e76ff6f-360c-44a0-a06f-2331ef8cef7b,5b0fa12a-3dd7-45bb-9766-cc326314d9f1,10.344672794919461,0.00012617906912145444,1.2197492528079213e-05,117.89080015268573,139.13753579521654,6.0,0.0002416190170176891,0.0002797274459851451,9.734812314854935e-06,0.0005310812753176891,0.0,United Kingdom,GBR,england,,,Linux-6.4.0-150600.23.73_15.0.14-cray_shasta_c_64k-aarch64-with-glibc2.38,3.11.7,3.3.0,72,Neoverse-V2,1,1 x NVIDIA GH200 120GB,-2.5917,51.4535,64,machine,0.0,0.42857142857142855,13.099999999999998,112.50040980747768,N,1.0,0.0
2026-09-27T02:34:05,mobilenet_v3_small_batch5_node_3_local_train,e3467646-43c4-4523-ace5-dac2550e1340,5b0fa12a-3dd7-45bb-9766-cc326314d9f1,9.512765354011208,0.00011297387534397182,1.1876028803373626e-05,116.9205405696,144.24363392644287,6.0,0.00021192748277515302,0.0002545040924815112,9.069712025035792e-06,0.0004755012872817,0.0,United Kingdom,GBR,england,,,Linux-6.4.0-150600.23.73_15.0.14-cray_shasta_c_64k-aarch64-with-glibc2.38,3.11.7,3.3.0,72,Neoverse-V2,1,1 x NVIDIA GH200 120GB,-2.5917,51.4535,64,machine,18.566666666666666,1.3333333333333333,13.1,112.4332987467448,N,1.0,0.0
2026-09-27T02:34:25,mobilenet_v3_small_batch5_node_3_evaluate,dc6e8262-5c0e-4165-a600-7255972682a7,5b0fa12a-3dd7-45bb-9766-cc326314d9f1,9.824569658841938,0.00011774857592436874,1.198511283579705e-05,118.05647307839999,137.17545180599615,6.0,0.00022499653515319954,0.0002610390977224597,9.56212596152909e-06,0.0004955977588371884,0.0,United Kingdom,GBR,england,,,Linux-6.4.0-150600.23.73_15.0.14-cray_shasta_c_64k-aarch64-with-glibc2.38,3.11.7,3.3.0,72,Neoverse-V2,1,1 x NVIDIA GH200 120GB,-2.5917,51.4535,64,machine,23.46666666666667,0.5,13.1,112.43897501627605,N,1.0,0.0
2026-09-27T02:34:44,mobilenet_v3_small_batch5_node_4_local_train,d181af2d-f169-4031-9543-69642a77a3f5,5b0fa12a-3dd7-45bb-9766-cc326314d9f1,12.440032876096666,0.00016417818328978137,1.3197568280164858e-05,116.98416521280001,138.42412075763679,6.0,0.0003084937014647079,0.0003685655726144432,1.3958337383422379e-05,0.0006910176114625734,0.0,United Kingdom,GBR,england,,,Linux-6.4.0-150600.23.73_15.0.14-cray_shasta_c_64k-aarch64-with-glibc2.38,3.11.7,3.3.0,72,Neoverse-V2,1,1 x NVIDIA GH200 120GB,-2.5917,51.4535,64,machine,7.333333333333333,2.3333333333333335,13.099999999999998,112.33660888671875,N,1.0,0.0
2026-09-27T02:36:15,mobilenet_v3_small_batch5_node_4_evaluate,5088fc81-ecbd-4d42-aac3-53badb49991f,5b0fa12a-3dd7-45bb-9766-cc326314d9f1,9.947308695875108,0.00011971487395334822,1.2034900857454126e-05,117.87237895680002,136.54789476373128,6.0,0.00022943317393351646,0.0002646466006126502,9.794032546536377e-06,0.0005038738070927031,0.0,United Kingdom,GBR,england,,,Linux-6.4.0-150600.23.73_15.0.14-cray_shasta_c_64k-aarch64-with-glibc2.38,3.11.7,3.3.0,72,Neoverse-V2,1,1 x NVIDIA GH200 120GB,-2.5917,51.4535,64,machine,0.0,0.5,13.1,112.4569803873698,N,1.0,0.0
2026-09-27T02:37:56,mobilenet_v3_small_batch5_node_5_local_train,08b81c94-cbbb-4201-aa3c-ef6ece601503,5b0fa12a-3dd7-45bb-9766-cc326314d9f1,13.001535855932161,0.00017468602816597082,1.3435799439515254e-05,117.20098823040001,138.35853726146436,6.0,0.0003283024954018588,0.00039204614697041507,1.4895952983448902e-05,0.0007352445953557228,0.0,United Kingdom,GBR,england,,,Linux-6.4.0-150600.23.73_15.0.14-cray_shasta_c_64k-aarch64-with-glibc2.38,3.11.7,3.3.0,72,Neoverse-V2,1,1 x NVIDIA GH200 120GB,-2.5917,51.4535,64,machine,7.766666666666666,2.4444444444444446,13.099999999999998,112.5006103515625,N,1.0,0.0
2026-09-27T02:38:06,mobilenet_v3_small_batch5_node_5_evaluate,6116edd1-1c01-4b67-9c24-80589d704780,5b0fa12a-3dd7-45bb-9766-cc326314d9f1,8.972524132812396,0.00010384319753082948,1.1573465392093665e-05,117.375024096,754.6450161670018,6.0,0.0001967067434036684,0.0002305196288574507,9.844357153245559e-06,0.00043707072941436464,0.0,United Kingdom,GBR,england,,,Linux-6.4.0-150600.23.73_15.0.14-cray_shasta_c_64k-aarch64-with-glibc2.38,3.11.7,3.3.0,72,Neoverse-V2,1,1 x NVIDIA GH200 120GB,-2.5917,51.4535,64,machine,30.139999999999997,0.6,13.1,112.53055419921876,N,1.0,0.0
2026-09-27T02:38:26,mobilenet_v3_small_batch5_node_0_exchange,a4753226-80d5-47a7-8fbc-58718ccdb186,5b0fa12a-3dd7-45bb-9766-cc326314d9f1,7.576736624818295,7.920444858680477e-05,1.0453636243255881e-05,116.8732504368,139.35426851808523,6.0,0.00014810090649627883,0.00017941931018583546,5.847273339750246e-06,0.00033336749002186455,0.0,United Kingdom,GBR,england,,,Linux-6.4.0-150600.23.73_15.0.14-cray_shasta_c_64k-aarch64-with-glibc2.38,3.11.7,3.3.0,72,Neoverse-V2,1,1 x NVIDIA GH200 120GB,-2.5917,51.4535,64,machine,9.35,1.0,13.1,112.54521179199219,N,1.0,0.0
2026-09-27T02:39:09,mobilenet_v3_small_batch5_node_1_exchange,aab22e78-2c9e-4339-ba27-8c494267fbee,5b0fa12a-3dd7-45bb-9766-cc326314d9f1,17.672437628963962,0.0002499168916938646,1.414161967584298e-05,117.09048618514285,138.57454923681664,6.0,0.00047592134462373615,0.0005630387837669559,1.292733985853071e-05,0.0010518874682492229,0.0,United Kingdom,GBR,england,,,Linux-6.4.0-150600.23.73_15.0.14-cray_shasta_c_64k-aarch64-with-glibc2.38,3.11.7,3.3.0,72,Neoverse-V2,1,1 x NVIDIA GH200 120GB,-2.5917,51.4535,64,machine,6.8,2.9285714285714284,13.099999999999996,112.43011910574776,N,1.0,0.0
2026-09-27T02:39:34,mobilenet_v3_small_batch5_node_2_exchange,327d1948-2454-478a-902b-fadf30f70500,5b0fa12a-3dd7-45bb-9766-cc326314d9f1,14.382144473027438,0.00019217294707192596,1.3361911878463672e-05,116.9516788704,137.97455926368713,6.0,0.0003673971945049215,0.0004333259022217817,8.123049651815869e-06,0.000808846146378519,0.0,United Kingdom,GBR,england,,,Linux-6.4.0-150600.23.73_15.0.14-cray_shasta_c_64k-aarch64-with-glibc2.38,3.11.7,3.3.0,72,Neoverse-V2,1,1 x NVIDIA GH200 120GB,-2.5917,51.4535,64,machine,6.527272727272727,0.36363636363636365,13.099999999999996,112.30108087713069,N,1.0,0.0
2026-09-27T02:39:53,mobilenet_v3_small_batch5_node_3_exchange,a3ebe4e7-accd-4371-bd6f-e4cbaf3e5c22,5b0fa12a-3dd7-45bb-9766-cc326314d9f1,6.6964013101533055,6.339411562210562e-05,9.466893139451688e-06,116.45146736640001,70.5132569978743,6.0,0.00011916037906260725,0.00014160872440527328,6.0535003652330485e-06,0.0002668226038331136,0.0,United Kingdom,GBR,england,,,Linux-6.4.0-150600.23.73_15.0.14-cray_shasta_c_64k-aarch64-with-glibc2.38,3.11.7,3.3.0,72,Neoverse-V2,1,1 x NVIDIA GH200 120GB,-2.5917,51.4535,64,machine,20.0,0.0,13.1,112.39825439453125,N,1.0,0.0
2026-09-27T02:40:09,mobilenet_v3_small_batch5_node_4_exchange,82593f1a-6e6a-4711-8eae-083ac8cf10aa,5b0fa12a-3dd7-45bb-9766-cc326314d9f1,9.66107697202824,0.00011498895119836632,1.190229117636619e-05,116.96992110720001,136.56334115670353,6.0,0.00021688276466588029,0.0002578129840173915,9.286890236738448e-06,0.00048398263892001026,0.0,United Kingdom,GBR,england,,,Linux-6.4.0-150600.23.73_15.0.14-cray_shasta_c_64k-aarch64-with-glibc2.38,3.11.7,3.3.0,72,Neoverse-V2,1,1 x NVIDIA GH200 120GB,-2.5917,51.4535,64,machine,0.0,2.0,13.1,112.3795674641927,N,1.0,0.0
2026-09-27T02:43:27,mobilenet_v3_small_batch5_node_5_exchange,e8024b3c-9d56-4980-8db3-cc5d4110604a,5b0fa12a-3dd7-45bb-9766-cc326314d9f1,37.38741587405093,0.0005798519766721098,1.5509282016855334e-05,116.60655949155313,104.75254211083356,6.0,0.0011046046005151783,0.0013011057631047152,3.4857072886467595e-05,0.002440567436506361,0.0,United Kingdom,GBR,england,,,Linux-6.4.0-150600.23.73_15.0.14-cray_shasta_c_64k-aarch64-with-glibc2.38,3.11.7,3.3.0,72,Neoverse-V2,1,1 x NVIDIA GH200 120GB,-2.5917,51.4535,64,machine,5.391176470588236,0.9705882352941176,13.100000000000009,112.46340942382812,N,1.0,0.0
2026-09-27T02:43:51,mobilenet_v3_small_batch5_node_0_evaluate,dea268fb-8276-4672-8c68-a989e2b75780,5b0fa12a-3dd7-45bb-9766-cc326314d9f1,9.770987369120121,0.00011733162880465318,1.200816502695151e-05,117.92814168960001,143.00473244446738,6.0,0.00022364275655778438,0.00026069687523033735,9.50321785833997e-06,0.0004938428496464617,0.0,United Kingdom,GBR,england,,,Linux-6.4.0-150600.23.73_15.0.14-cray_shasta_c_64k-aarch64-with-glibc2.38,3.11.7,3.3.0,72,Neoverse-V2,1,1 x NVIDIA GH200 120GB,-2.5917,51.4535,64,machine,0.0,0.16666666666666666,13.1,112.42008463541667,N,1.0,0.0
2026-09-27T02:44:01,mobilenet_v3_small_batch5_node_1_evaluate,2837652f-db2c-4de0-a67b-bc880282ceda,5b0fa12a-3dd7-45bb-9766-cc326314d9f1,9.104851076146588,0.00010605231222470051,1.1647890925151149e-05,117.63078293211429,702.6331359796668,6.0,0.00020185509176128146,0.00023446629867862612,1.004739020524236e-05,0.0004463687806451499,0.0,United Kingdom,GBR,england,,,Linux-6.4.0-150600.23.73_15.0.14-cray_shasta_c_64k-aarch64-with-glibc2.38,3.11.7,3.3.0,72,Neoverse-V2,1,1 x NVIDIA GH200 120GB,-2.5917,51.4535,64,machine,0.0,0.6666666666666666,13.1,112.3873291015625,N,1.0,0.0
2026-09-27T02:44:12,mobilenet_v3_small_batch5_node_2_evaluate,e7a13782-716c-436e-8a85-baff727ba745,5b0fa12a-3dd7-45bb-9766-cc326314d9f1,10.252745566191152,0.00012457500036525723,1.2150403963602529e-05,118.06154696777145,137.57603368818621,6.0,0.00023891987440937453,0.0002757260539141271,9.683903298573568e-06,0.0005243298316220753,0.0,United Kingdom,GBR,england,,,Linux-6.4.0-150600.23.73_15.0.14-cray_shasta_c_64k-aarch64-with-glibc2.38,3.11.7,3.3.0,72,Neoverse-V2,1,1 x NVIDIA GH200 120GB,-2.5917,51.4535,64,machine,1.7857142857142858,0.42857142857142855,13.099999999999998,112.43620082310268,N,1.0,0.0
2026-09-27T02:44:31,mobilenet_v3_small_batch5_node_3_evaluate,14bf4194-2332-4616-acca-7a9f2c61eb97,5b0fa12a-3dd7-45bb-9766-cc326314d9f1,8.801754844142124,0.00010067562421420643,1.1438130917860042e-05,117.42050885760001,70.06847675122899,6.0,0.00019109248728363127,0.00022308906736157041,9.557020011901235e-06,0.00042373857465710294,0.0,United Kingdom,GBR,england,,,Linux-6.4.0-150600.23.73_15.0.14-cray_shasta_c_64k-aarch64-with-glibc2.38,3.11.7,3.3.0,72,Neoverse-V2,1,1 x NVIDIA GH200 120GB,-2.5917,51.4535,64,machine,0.0,0.6,13.1,112.34566650390624,N,1.0,0.0
2026-09-27T02:48:03,mobilenet_v3_small_batch5_node_4_evaluate,84d2feea-24d2-4157-a243-51bddebac3d8,5b0fa12a-3dd7-45bb-9766-cc326314d9f1,20.588981040054932,0.0002948022881611768,1.4318449640011436e-05,117.78168457728002,137.68309730032928,6.0,0.0005674179344092174,0.0006636221975639955,9.767683881800622e-06,0.0012408078158550136,0.0,United Kingdom,GBR,england,,,Linux-6.4.0-150600.23.73_15.0.14-cray_shasta_c_64k-aarch64-with-glibc2.38,3.11.7,3.3.0,72,Neoverse-V2,1,1 x NVIDIA GH200 120GB,-2.5917,51.4535,64,machine,2.9411764705882355,0.17647058823529413,13.099999999999996,112.36614990234375,N,1.0,0.0
2026-09-27T02:48:20,mobilenet_v3_small_batch5_node_5_evaluate,efc10323-7155-4d9d-9491-47b5e39d3c1b,5b0fa12a-3dd7-45bb-9766-cc326314d9f1,9.982296739006415,0.0001200321693242531,1.20245042260886e-05,117.99081460800002,135.55040004453815,6.0,0.00023065273381604485,0.00026469326732581067,9.863286006342e-06,0.0005052092871481975,0.0,United Kingdom,GBR,england,,,Linux-6.4.0-150600.23.73_15.0.14-cray_shasta_c_64k-aarch64-with-glibc2.38,3.11.7,3.3.0,72,Neoverse-V2,1,1 x NVIDIA GH200 120GB,-2.5917,51.4535,64,machine,0.0,0.3333333333333333,13.1,112.36153157552083,N,1.0,0.0
2026-09-27T02:48:37,efficientnet_lite0_batch5_node_0_local_train,7f93dd5a-d70a-44e5-ad15-c47f53f00d79,5b0fa12a-3dd7-45bb-9766-cc326314d9f1,6.939206922892481,7.187480573983656e-05,1.0357783899298518e-05,116.85677840640001,78.83170346663972,6.0,0.00012652991704787886,0.00016953041340173058,6.457066146346431e-06,0.00030251739659595587,0.0,United Kingdom,GBR,england,,,Linux-6.4.0-150600.23.73_15.0.14-cray_shasta_c_64k-aarch64-with-glibc2.38,3.11.7,3.3.0,72,Neoverse-V2,1,1 x NVIDIA GH200 120GB,-2.5917,51.4535,64,machine,0.0,12.0,13.4,114.79020182291667,N,1.0,0.0
2026-09-27T02:48:47,efficientnet_lite0_batch5_node_0_evaluate,2e5c9392-017e-42a7-b452-cab13b3b50af,5b0fa12a-3dd7-45bb-9766-cc326314d9f1,9.020473014796153,0.00010614456718639726,1.1767073302285795e-05,117.52419075840001,72.05695058598857,6.0,0.0001986121845552973,0.000238221579465403,9.923313059456025e-06,0.0004467570770801563,0.0,United Kingdom,GBR,england,,,Linux-6.4.0-150600.23.73_15.0.14-cray_shasta_c_64k-aarch64-with-glibc2.38,3.11.7,3.3.0,72,Neoverse-V2,1,1 x NVIDIA GH200 120GB,-2.5917,51.4535,64,machine,0.0,2.0,13.4,114.69854736328125,N,1.0,0.0
2026-09-27T02:48:59,efficientnet_lite0_batch5_node_1_local_train,fde55312-ff2e-495c-83ce-27d0c9a10d27,5b0fa12a-3dd7-45bb-9766-cc326314d9f1,11.303841847926378,0.00015324414300806803,1.3556819448617794e-05,117.0094004928,78.64969677478716,6.0,0.00027211922517461564,0.00035915056508883936,1.3727002551313489e-05,0.0006449967928147685,0.0,United Kingdom,GBR,england,,,Linux-6.4.0-150600.23.73_15.0.14-cray_shasta_c_64k-aarch64-with-glibc2.38,3.11.7,3.3.0,72,Neoverse-V2,1,1 x NVIDIA GH200 120GB,-2.5917,51.4535,64,machine,0.0,8.875,13.400000000000002,114.72964477539062,N,1.0,0.0
2026-09-27T02:49:09,efficientnet_lite0_batch5_node_1_evaluate,c6c0c769-6487-48f3-a21c-e0f3e5f43937,5b0fa12a-3dd7-45bb-9766-cc326314d9f1,9.361673545092344,0.00011162041967150803,1.1923126686042435e-05,117.88295542765715,70.92600354481026,6.0,0.00021134788460970363,0.0002479632539262866,1.0493522755180797e-05,0.000469804661291171,0.0,United Kingdom,GBR,england,,,Linux-6.4.0-150600.23.73_15.0.14-cray_shasta_c_64k-aarch64-with-glibc2.38,3.11.7,3.3.0,72,Neoverse-V2,1,1 x NVIDIA GH200 120GB,-2.5917,51.4535,64,machine,13.883333333333333,2.0,13.4,114.65817260742188,N,1.0,0.0
2026-09-27T02:49:19,efficientnet_lite0_batch5_node_2_local_train,866311d0-1f83-4448-9446-e8a97c54ddb1,5b0fa12a-3dd7-45bb-9766-cc326314d9f1,8.208404635079205,9.521500023943235e-05,1.1599696222640417e-05,116.69525680320001,77.98986337058565,6.0,0.00016935874909251264,0.00022281990048611533,8.576436891841392e-06,0.0004007550864704694,0.0,United Kingdom,GBR,england,,,Linux-6.4.0-150600.23.73_15.0.14-cray_shasta_c_64k-aarch64-with-glibc2.38,3.11.7,3.3.0,72,Neoverse-V2,1,1 x NVIDIA GH200 120GB,-2.5917,51.4535,64,machine,0.0,6.8,13.4,114.678271484375,N,1.0,0.0
2026-09-27T02:50:15,efficientnet_lite0_batch5_node_2_evaluate,dce63577-c409-4421-8f5c-9d3ee016d9b8,5b0fa12a-3dd7-45bb-9766-cc326314d9f1,13.091276041930541,0.0001736847376104572,1.3267212230049678e-05,118.44630584722287,138.7167074438182,6.0,0.0003322037759775094,0.0003887844776784277,1.0041960749852783e-05,0.0007310302144057899,0.0,United Kingdom,GBR,england,,,Linux-6.4.0-150600.23.73_15.0.14-cray_shasta_c_64k-aarch64-with-glibc2.38,3.11.7,3.3.0,72,Neoverse-V2,1,1 x NVIDIA GH200 120GB,-2.5917,51.4535,64,machine,1.42,1.6,13.400000000000002,114.53599853515625,N,1.0,0.0
2026-09-27T02:50:31,efficientnet_lite0_batch5_node_3_local_train,e1bcb355-e21a-4c49-9f53-f54556be3e91,5b0fa12a-3dd7-45bb-9766-cc326314d9f1,6.902674006996676,7.18421903115261e-05,1.0407878198898795e-05,116.22441594240001,80.16190881708609,6.0,0.00012552893304882854,0.00017046624748218164,6.384939388372004e-06,0.0003023801199193822,0.0,United Kingdom,GBR,england,,,Linux-6.4.0-150600.23.73_15.0.14-cray_shasta_c_64k-aarch64-with-glibc2.38,3.11.7,3.3.0,72,Neoverse-V2,1,1 x NVIDIA GH200 120GB,-2.5917,51.4535,64,machine,0.0,7.666666666666667,13.4,114.53143310546875,N,1.0,0.0
2026-09-27T02:51:00,efficientnet_lite0_batch5_node_3_evaluate,621b1c48-93f3-4e49-a9fd-c1b1fed7f3bd,5b0fa12a-3dd7-45bb-9766-cc326314d9f1,15.434549565194175,0.00021265470489158694,1.3777836793574845e-05,118.06665387428572,139.51556948393272,6.0,0.0004058630302162585,0.0004792973278711088,9.892463767124961e-06,0.0008950528218544921,0.0,United Kingdom,GBR,england,,,Linux-6.4.0-150600.23.73_15.0.14-cray_shasta_c_64k-aarch64-with-glibc2.38,3.11.7,3.3.0,72,Neoverse-V2,1,1 x NVIDIA GH200 120GB,-2.5917,51.4535,64,machine,0.4166666666666667,1.25,13.400000000000004,114.58122253417969,N,1.0,0.0
2026-09-27T02:51:13,efficientnet_lite0_batch5_node_4_local_train,ed88eb4d-9dac-4f41-a3da-6c19eb0f9f60,5b0fa12a-3dd7-45bb-9766-cc326314d9f1,9.942900527035818,0.00012635880519171576,1.2708445070744956e-05,116.86795450560001,146.34109093737055,6.0,0.00022583946641860052,0.0002961974591926264,9.800849671786032e-06,0.000531837775283013,0.0,United Kingdom,GBR,england,,,Linux-6.4.0-150600.23.73_15.0.14-cray_shasta_c_64k-aarch64-with-glibc2.38,3.11.7,3.3.0,72,Neoverse-V2,1,1 x NVIDIA GH200 120GB,-2.5917,51.4535,64,machine,14.316666666666665,7.5,13.4,114.72866821289062,N,1.0,0.0
2026-09-27T02:51:37,efficientnet_lite0_batch5_node_4_evaluate,ab15b462-74a2-4811-acf8-e897a44042d3,5b0fa12a-3dd7-45bb-9766-cc326314d9f1,16.525740664917976,0.00023013479622653629,1.3925838538364751e-05,117.99326581920002,138.7409798138741,6.0,0.0004406230218418032,0.0005178809698520581,1.0121644284809008e-05,0.0009686256359786703,0.0,United Kingdom,GBR,england,,,Linux-6.4.0-150600.23.73_15.0.14-cray_shasta_c_64k-aarch64-with-glibc2.38,3.11.7,3.3.0,72,Neoverse-V2,1,1 x NVIDIA GH200 120GB,-2.5917,51.4535,64,machine,4.869230769230769,0.9230769230769231,13.400000000000004,114.63136643629808,N,1.0,0.0
2026-09-27T02:51:57,efficientnet_lite0_batch5_node_5_local_train,dd03d40a-f5a8-4a66-8cd5-5e4321c8eb62,5b0fa12a-3dd7-45bb-9766-cc326314d9f1,15.902063662186265,0.00022615675516078618,1.4221849438231556e-05,116.82489391817143,147.19265866310263,6.0,0.0004170229376525295,0.0005243990306382784,1.046029545366764e-05,0.0009518822637444755,0.0,United Kingdom,GBR,england,,,Linux-6.4.0-150600.23.73_15.0.14-cray_shasta_c_64k-aarch64-with-glibc2.38,3.11.7,3.3.0,72,Neoverse-V2,1,1 x NVIDIA GH200 120GB,-2.5917,51.4535,64,machine,0.4166666666666667,3.9166666666666665,13.400000000000004,114.48396301269531,N,1.0,0.0
2026-09-27T02:52:12,efficientnet_lite0_batch5_node_5_evaluate,dbd72231-9c4c-48c0-b71b-55f4953dbe77,5b0fa12a-3dd7-45bb-9766-cc326314d9f1,10.16376513009891,0.00012551518118254223,1.234927997409566e-05,118.4217283625143,138.70253041717802,6.0,0.0002382825728973664,0.00027984077942733165,1.0163652471577127e-05,0.0005282870047962753,0.0,United Kingdom,GBR,england,,,Linux-6.4.0-150600.23.73_15.0.14-cray_shasta_c_64k-aarch64-with-glibc2.38,3.11.7,3.3.0,72,Neoverse-V2,1,1 x NVIDIA GH200 120GB,-2.5917,51.4535,64,machine,1.5,2.2857142857142856,13.400000000000002,114.65298025948661,N,1.0,0.0
2026-09-27T02:52:36,mobilevit_xxs_batch5_node_0_local_train,75224c8e-0ea2-4ffb-bb87-fe0a3474c0df,5b0fa12a-3dd7-45bb-9766-cc326314d9f1,9.986660978989676,0.00012425650956198936,1.244224769654292e-05,116.77893624000001,142.83797003571198,6.0,0.00022660060261567265,0.0002865327292056463,9.855988231332354e-06,0.0005229893200526513,0.0,United Kingdom,GBR,england,,,Linux-6.4.0-150600.23.73_15.0.14-cray_shasta_c_64k-aarch64-with-glibc2.38,3.11.7,3.3.0,72,Neoverse-V2,1,1 x NVIDIA GH200 120GB,-2.5917,51.4535,64,machine,1.8499999999999999,9.5,13.333333333333336,114.4617411295573,N,1.0,0.0
2026-09-27T02:52:52,mobilevit_xxs_batch5_node_0_evaluate,0add6425-4ba8-4c5e-b0a9-83a4e925b96c,5b0fa12a-3dd7-45bb-9766-cc326314d9f1,10.104873694013804,0.00012421644397499258,1.2292726038582674e-05,117.8785371785143,144.49529010599088,6.0,0.00023469337014029782,0.0002780816113556739,1.0045704541650292e-05,0.000522820686037622,0.0,United Kingdom,GBR,england,,,Linux-6.4.0-150600.23.73_15.0.14-cray_shasta_c_64k-aarch64-with-glibc2.38,3.11.7,3.3.0,72,Neoverse-V2,1,1 x NVIDIA GH200 120GB,-2.5917,51.4535,64,machine,18.885714285714283,1.7142857142857142,13.400000000000002,114.86690848214286,N,1.0,0.0
2026-09-27T02:53:13,mobilevit_xxs_batch5_node_1_local_train,50518a0f-50b6-49c3-bc3e-97874ab44d4c,5b0fa12a-3dd7-45bb-9766-cc326314d9f1,15.973515592049807,0.0002333182229341797,1.4606566825546202e-05,116.84287503803078,756.4842619591797,6.0,0.000423630009485105,0.0005369587629076022,2.1435744458576664e-05,0.000982024516851284,0.0,United Kingdom,GBR,england,,,Linux-6.4.0-150600.23.73_15.0.14-cray_shasta_c_64k-aarch64-with-glibc2.38,3.11.7,3.3.0,72,Neoverse-V2,1,1 x NVIDIA GH200 120GB,-2.5917,51.4535,64,machine,8.558333333333334,6.75,13.400000000000004,114.88968404134114,N,1.0,0.0
2026-09-27T02:53:28,mobilevit_xxs_batch5_node_1_evaluate,65b2dabf-b77d-466a-be0d-f303c3665ab9,5b0fa12a-3dd7-45bb-9766-cc326314d9f1,10.497117578051984,0.00013129343422295853,1.2507570125486149e-05,118.22337104502859,138.8400942543197,6.0,0.00024848198838392814,0.00029343217920541065,1.0693209953218076e-05,0.0005526073775425568,0.0,United Kingdom,GBR,england,,,Linux-6.4.0-150600.23.73_15.0.14-cray_shasta_c_64k-aarch64-with-glibc2.38,3.11.7,3.3.0,72,Neoverse-V2,1,1 x NVIDIA GH200 120GB,-2.5917,51.4535,64,machine,0.0,1.7142857142857142,13.400000000000002,114.42566789899554,N,1.0,0.0
2026-09-27T02:54:11,mobilevit_xxs_batch5_node_2_local_train,34f1f282-3b20-4fb2-a58b-ca991f32df93,5b0fa12a-3dd7-45bb-9766-cc326314d9f1,11.108580789994448,0.00014488263974986822,1.3042407710655955e-05,116.64375966720002,74.36526134092207,6.0,0.0002641751111543451,0.0003322208213205613,1.3407718998302396e-05,0.0006098036514732088,0.0,United Kingdom,GBR,england,,,Linux-6.4.0-150600.23.73_15.0.14-cray_shasta_c_64k-aarch64-with-glibc2.38,3.11.7,3.3.0,72,Neoverse-V2,1,1 x NVIDIA GH200 120GB,-2.5917,51.4535,64,machine,0.0,5.875,13.400000000000002,114.42864990234375,N,1.0,0.0
2026-09-27T02:57:31,mobilevit_xxs_batch5_node_2_evaluate,5896e67b-8597-4975-9e6a-2806ef17638d,5b0fa12a-3dd7-45bb-9766-cc326314d9f1,17.657540048006922,0.00024883828688064926,1.4092466232788562e-05,117.6906971849143,139.05689675502578,6.0,0.00047588242367845496,0.0005613346157531396,1.0130636094836519e-05,0.0010473476755264311,0.0,United Kingdom,GBR,england,,,Linux-6.4.0-150600.23.73_15.0.14-cray_shasta_c_64k-aarch64-with-glibc2.38,3.11.7,3.3.0,72,Neoverse-V2,1,1 x NVIDIA GH200 120GB,-2.5917,51.4535,64,machine,0.0,1.1428571428571428,13.300000000000002,114.17064121791294,N,1.0,0.0
2026-09-27T02:57:42,mobilevit_xxs_batch5_node_3_local_train,d065501b-ff3c-462f-a168-603eddb1c83e,5b0fa12a-3dd7-45bb-9766-cc326314d9f1,10.035469825845212,0.00012379856237729601,1.2336100304787613e-05,116.63639110080001,141.21176489543925,6.0,0.0002280036247072569,0.00028311994873320145,9.938270236210276e-06,0.0005210618436766686,0.0,United Kingdom,GBR,england,,,Linux-6.4.0-150600.23.73_15.0.14-cray_shasta_c_64k-aarch64-with-glibc2.38,3.11.7,3.3.0,72,Neoverse-V2,1,1 x NVIDIA GH200 120GB,-2.5917,51.4535,64,machine,26.016666666666666,8.333333333333334,13.299999999999999,114.1563212076823,N,1.0,0.0
2026-09-27T02:58:05,mobilevit_xxs_batch5_node_3_evaluate,c590f2dd-21cb-47a4-bf79-ccafe5416ae1,5b0fa12a-3dd7-45bb-9766-cc326314d9f1,9.062102396041155,0.00010598413192718822,1.169531387920403e-05,117.6512846153143,70.7651565938793,6.0,0.00020045002468856222,0.00023563657740055532,9.995211156395574e-06,0.0004460818132455131,0.0,United Kingdom,GBR,england,,,Linux-6.4.0-150600.23.73_15.0.14-cray_shasta_c_64k-aarch64-with-glibc2.38,3.11.7,3.3.0,72,Neoverse-V2,1,1 x NVIDIA GH200 120GB,-2.5917,51.4535,64,machine,0.0,2.0,13.299999999999999,114.11159261067708,N,1.0,0.0
2026-09-27T02:58:40,mobilevit_xxs_batch5_node_4_local_train,17df5efe-6cce-48fd-97e5-5a417a7b6f74,5b0fa12a-3dd7-45bb-9766-cc326314d9f1,19.208442099858075,0.0002818878567371547,1.467520662382284e-05,116.79911645760001,147.69692273424877,6.0,0.000524212952114578,0.0006470099620514702,1.5228717589440445e-05,0.0011864516317554885,0.0,United Kingdom,GBR,england,,,Linux-6.4.0-150600.23.73_15.0.14-cray_shasta_c_64k-aarch64-with-glibc2.38,3.11.7,3.3.0,72,Neoverse-V2,1,1 x NVIDIA GH200 120GB,-2.5917,51.4535,64,machine,7.824999999999999,3.5625,13.300000000000004,114.15116119384766,N,1.0,0.0
2026-09-27T02:59:03,mobilevit_xxs_batch5_node_4_evaluate,36e8f4ea-dc85-45ce-ad93-16a2732da4ce,5b0fa12a-3dd7-45bb-9766-cc326314d9f1,10.524524646112695,0.0001299973835789157,1.2351853214285655e-05,117.73023860160002,137.69919443074423,6.0,0.00024759473160524255,0.0002893013425477875,1.0256292239840452e-05,0.0005471523663928704,0.0,United Kingdom,GBR,england,,,Linux-6.4.0-150600.23.73_15.0.14-cray_shasta_c_64k-aarch64-with-glibc2.38,3.11.7,3.3.0,72,Neoverse-V2,1,1 x NVIDIA GH200 120GB,-2.5917,51.4535,64,machine,0.0,1.7142857142857142,13.299999999999999,114.17354038783482,N,1.0,0.0
2026-09-27T02:59:21,mobilevit_xxs_batch5_node_5_local_train,b10c29d0-ff22-4326-ab56-e615e95b8491,5b0fa12a-3dd7-45bb-9766-cc326314d9f1,13.899194702040404,0.00019548110019344965,1.4064203314221722e-05,116.96331468672,148.64348307583032,6.0,0.0003563223193707569,0.00045005869338865523,1.6388981615115577e-05,0.0008227699943745277,0.0,United Kingdom,GBR,england,,,Linux-6.4.0-150600.23.73_15.0.14-cray_shasta_c_64k-aarch64-with-glibc2.38,3.11.7,3.3.0,72,Neoverse-V2,1,1 x NVIDIA GH200 120GB,-2.5917,51.4535,64,machine,0.0,7.3,13.360000000000003,114.32493896484375,N,1.0,0.0
2026-09-27T02:59:43,mobilevit_xxs_batch5_node_5_evaluate,9443de55-ebec-4c3e-8777-2852cc3d25f7,5b0fa12a-3dd7-45bb-9766-cc326314d9f1,10.783705451991409,0.00013447927519708266,1.2470599813373853e-05,117.7755609065143,138.36819607344114,6.0,0.00025594675335025154,0.00029968690641624107,1.0382760173330704e-05,0.0005660164199398233,0.0,United Kingdom,GBR,england,,,Linux-6.4.0-150600.23.73_15.0.14-cray_shasta_c_64k-aarch64-with-glibc2.38,3.11.7,3.3.0,72,Neoverse-V2,1,1 x NVIDIA GH200 120GB,-2.5917,51.4535,64,machine,0.0,1.7142857142857142,13.299999999999999,114.23400006975446,N,1.0,0.0
2026-09-27T03:00:36,mobilevit_xxs_batch5_node_0_exchange,3a410f58-0dfb-4c1e-ac8d-7b0fa7e17460,5b0fa12a-3dd7-45bb-9766-cc326314d9f1,7.95164409885183,8.674646541215497e-05,1.0909248997283548e-05,116.4527222832,142.10505433026262,6.0,0.00015938067617240952,0.000199270437207133,6.460341326504325e-06,0.00036511145470604684,0.0,United Kingdom,GBR,england,,,Linux-6.4.0-150600.23.73_15.0.14-cray_shasta_c_64k-aarch64-with-glibc2.38,3.11.7,3.3.0,72,Neoverse-V2,1,1 x NVIDIA GH200 120GB,-2.5917,51.4535,64,machine,11.375,9.5,13.350000000000001,114.57853698730469,N,1.0,0.0
2026-09-27T03:01:06,mobilevit_xxs_batch5_node_1_exchange,47aa4f17-9466-4198-bb49-0efce631d3c5,5b0fa12a-3dd7-45bb-9766-cc326314d9f1,15.734524202998728,0.0002233198679145765,1.4192985121978814e-05,116.84338269696002,142.4449238006703,6.0,0.00041365561111278806,0.0005120895763468525,1.4196762355277313e-05,0.0009399419498149178,0.0,United Kingdom,GBR,england,,,Linux-6.4.0-150600.23.73_15.0.14-cray_shasta_c_64k-aarch64-with-glibc2.38,3.11.7,3.3.0,72,Neoverse-V2,1,1 x NVIDIA GH200 120GB,-2.5917,51.4535,64,machine,9.866666666666667,4.25,13.31666666666667,114.29797871907552,N,1.0,0.0
2026-09-27T03:08:33,mobilevit_xxs_batch5_node_2_exchange,16951bb2-0b39-4c4c-8f81-2e35cb40a9b5,5b0fa12a-3dd7-45bb-9766-cc326314d9f1,8.416607384802774,9.695536111998428e-05,1.1519529982478354e-05,116.41683453120001,76.04782332368644,6.0,0.00017448768112605969,0.00022472212420154847,8.870371448186537e-06,0.0004080801767757947,0.0,United Kingdom,GBR,england,,,Linux-6.4.0-150600.23.73_15.0.14-cray_shasta_c_64k-aarch64-with-glibc2.38,3.11.7,3.3.0,72,Neoverse-V2,1,1 x NVIDIA GH200 120GB,-2.5917,51.4535,64,machine,0.0,11.4,13.4,114.5415283203125,N,1.0,0.0
2026-09-27T03:09:10,mobilevit_xxs_batch5_node_4_exchange,fe27a820-427c-4d2b-99b8-2daafd3f58f6,5b0fa12a-3dd7-45bb-9766-cc326314d9f1,31.16328137484379,0.0005289641027732625,1.6973953943125605e-05,116.31088884790063,140.47993507745977,6.0,0.0009984998827436543,0.0011927226208570119,3.516046351171099e-05,0.002226382967112377,0.0,United Kingdom,GBR,england,,,Linux-6.4.0-150600.23.73_15.0.14-cray_shasta_c_64k-aarch64-with-glibc2.38,3.11.7,3.3.0,72,Neoverse-V2,1,1 x NVIDIA GH200 120GB,-2.5917,51.4535,64,machine,0.7142857142857143,2.7857142857142856,13.399999999999995,114.49215480259487,N,1.0,0.0
2026-09-27T03:09:21,mobilevit_xxs_batch5_node_5_exchange,2bf4a350-4ebd-4bc9-a8ed-884be0bb2bcd,5b0fa12a-3dd7-45bb-9766-cc326314d9f1,10.571903640870005,0.00013440121742590037,1.271305736332269e-05,116.7711946025143,141.84442852342698,6.0,0.000246301978203519,0.00030853691349364,1.0848987059434876e-05,0.0005656878787565938,0.0,United Kingdom,GBR,england,,,Linux-6.4.0-150600.23.73_15.0.14-cray_shasta_c_64k-aarch64-with-glibc2.38,3.11.7,3.3.0,72,Neoverse-V2,1,1 x NVIDIA GH200 120GB,-2.5917,51.4535,64,machine,12.6,9.285714285714286,13.400000000000002,114.61685616629464,N,1.0,0.0
2026-09-27T03:09:50,mobilevit_xxs_batch5_node_0_evaluate,a04c6eb1-eca1-4f0b-a1c0-62c47ce21c32,5b0fa12a-3dd7-45bb-9766-cc326314d9f1,9.04872758500278,0.00010558753307982783,1.1668771336958686e-05,117.31879048320002,71.02153727323292,6.0,0.0001988293175576886,0.00023562491072937064,9.95832060968193e-06,0.00044441254889674114,0.0,United Kingdom,GBR,england,,,Linux-6.4.0-150600.23.73_15.0.14-cray_shasta_c_64k-aarch64-with-glibc2.38,3.11.7,3.3.0,72,Neoverse-V2,1,1 x NVIDIA GH200 120GB,-2.5917,51.4535,64,machine,0.0,2.6,13.4,114.49588623046876,N,1.0,0.0
2026-09-27T03:10:05,mobilevit_xxs_batch5_node_1_evaluate,e69ce7fb-71dd-45c9-a29d-11bea5fab1a7,5b0fa12a-3dd7-45bb-9766-cc326314d9f1,9.541448404081166,0.00011444445444639774,1.199445300122845e-05,117.5520505618286,146.62173581441976,6.0,0.00021591279934363375,0.000255261593096634,1.0516487383283674e-05,0.00048169087982355137,0.0,United Kingdom,GBR,england,,,Linux-6.4.0-150600.23.73_15.0.14-cray_shasta_c_64k-aarch64-with-glibc2.38,3.11.7,3.3.0,72,Neoverse-V2,1,1 x NVIDIA GH200 120GB,-2.5917,51.4535,64,machine,12.333333333333334,2.0,13.4,114.557373046875,N,1.0,0.0
2026-09-27T03:11:31,mobilevit_xxs_batch5_node_2_evaluate,138ea95b-87e4-4f5d-8656-c4dc5dd75a06,5b0fa12a-3dd7-45bb-9766-cc326314d9f1,13.747268714010715,0.0001841715615172645,1.3396956540870082e-05,117.67688271853716,139.2276770009006,6.0,0.00035055377692552834,0.00041446755379581646,1.0147391388115163e-05,0.00077516872210946,0.0,United Kingdom,GBR,england,,,Linux-6.4.0-150600.23.73_15.0.14-cray_shasta_c_64k-aarch64-with-glibc2.38,3.11.7,3.3.0,72,Neoverse-V2,1,1 x NVIDIA GH200 120GB,-2.5917,51.4535,64,machine,0.0,1.2,13.400000000000002,114.59552612304688,N,1.0,0.0
2026-09-27T03:11:48,mobilevit_xxs_batch5_node_4_evaluate,304c993a-d13a-40d1-80a3-73ee8b3f20ad,5b0fa12a-3dd7-45bb-9766-cc326314d9f1,9.194199177902192,0.00010828353841926725,1.1777375747908686e-05,117.55533284845714,70.988537990123,6.0,0.00020458095360208767,0.00024096741499590735,1.0211529458174481e-05,0.0004557598980561695,0.0,United Kingdom,GBR,england,,,Linux-6.4.0-150600.23.73_15.0.14-cray_shasta_c_64k-aarch64-with-glibc2.38,3.11.7,3.3.0,72,Neoverse-V2,1,1 x NVIDIA GH200 120GB,-2.5917,51.4535,64,machine,0.0,2.0,13.4,114.69882202148438,N,1.0,0.0
2026-09-27T03:12:09,mobilevit_xxs_batch5_node_5_evaluate,17e6bb07-38a8-48e5-a493-a207406e3fe8,5b0fa12a-3dd7-45bb-9766-cc326314d9f1,13.815079049905762,0.00018595524165092103,1.3460309635520291e-05,117.6946062072686,139.90961348125433,6.0,0.00035283886885407025,0.00041960283567732404,1.0234436413350826e-05,0.0007826761409447451,0.0,United Kingdom,GBR,england,,,Linux-6.4.0-150600.23.73_15.0.14-cray_shasta_c_64k-aarch64-with-glibc2.38,3.11.7,3.3.0,72,Neoverse-V2,1,1 x NVIDIA GH200 120GB,-2.5917,51.4535,64,machine,0.0,1.6,13.400000000000002,114.6285400390625,N,1.0,0.0
2026-09-27T03:12:45,mobilenet_v3_small_batch6_node_0_local_train,ca0295a4-fe55-4483-ad1d-21c3d4147092,5b0fa12a-3dd7-45bb-9766-cc326314d9f1,9.291881249053404,0.0001085538786521262,1.1682658844051086e-05,116.45629411474286,71.06756641583647,6.0,0.00020335350019299635,0.00024318769455078382,1.0356551583390684e-05,0.00045689774632717085,0.0,United Kingdom,GBR,england,,,Linux-6.4.0-150600.23.73_15.0.14-cray_shasta_c_64k-aarch64-with-glibc2.38,3.11.7,3.3.0,72,Neoverse-V2,1,1 x NVIDIA GH200 120GB,-2.5917,51.4535,64,machine,5.3,3.3333333333333335,13.116666666666665,112.29147338867188,N,1.0,0.0
2026-09-27T03:13:03,mobilenet_v3_small_batch6_node_0_evaluate,0f5706e5-909c-4322-90b8-9ececde3c440,5b0fa12a-3dd7-45bb-9766-cc326314d9f1,11.543058977928013,0.00014700703587349287,1.2735535368448818e-05,116.87478307200001,69.05458418777829,6.0,0.000279487975185866,0.00032512692676789356,1.413022460299544e-05,0.0006187451265567551,0.0,United Kingdom,GBR,england,,,Linux-6.4.0-150600.23.73_15.0.14-cray_shasta_c_64k-aarch64-with-glibc2.38,3.11.7,3.3.0,72,Neoverse-V2,1,1 x NVIDIA GH200 120GB,-2.5917,51.4535,64,machine,0.0,0.375,13.112499999999999,112.30779266357422,N,1.0,0.0
2026-09-27T03:14:09,mobilenet_v3_small_batch6_node_1_local_train,ce1aba51-39dd-4890-98f9-1a5d5fb03044,5b0fa12a-3dd7-45bb-9766-cc326314d9f1,15.072088919812813,0.00021209600320539482,1.4072104028432771e-05,116.97692362781541,749.6671034747413,6.0,0.0003964112366518839,0.00047630093658312944,1.9989101678365842e-05,0.0008927012749133791,0.0,United Kingdom,GBR,england,,,Linux-6.4.0-150600.23.73_15.0.14-cray_shasta_c_64k-aarch64-with-glibc2.38,3.11.7,3.3.0,72,Neoverse-V2,1,1 x NVIDIA GH200 120GB,-2.5917,51.4535,64,machine,7.308333333333334,1.75,13.099999999999996,112.20672607421875,N,1.0,0.0
2026-09-27T03:14:19,mobilenet_v3_small_batch6_node_1_evaluate,d5774c6c-3a82-493f-9c5b-8399ccd3859b,5b0fa12a-3dd7-45bb-9766-cc326314d9f1,9.22439339500852,0.00010700783768901871,1.1600528414900705e-05,117.67889200731429,68.69099287256267,6.0,0.00020580359466590631,0.00023434379858144894,1.0243145409816256e-05,0.0004503905386571715,0.0,United Kingdom,GBR,england,,,Linux-6.4.0-150600.23.73_15.0.14-cray_shasta_c_64k-aarch64-with-glibc2.38,3.11.7,3.3.0,72,Neoverse-V2,1,1 x NVIDIA GH200 120GB,-2.5917,51.4535,64,machine,13.950000000000001,0.6666666666666666,13.1,111.87741088867188,N,1.0,0.0
2026-09-27T03:15:03,mobilenet_v3_small_batch6_node_2_local_train,6e830b9a-1515-4e8a-aa3b-49489b220007,5b0fa12a-3dd7-45bb-9766-cc326314d9f1,17.98337752884254,0.0002538962928936722,1.4118387521279696e-05,117.04368599588574,138.24302031640025,6.0,0.00048478137547917514,0.0005723926801408652,1.1462509598350153e-05,0.0010686365652183905,0.0,United Kingdom,GBR,england,,,Linux-6.4.0-150600.23.73_15.0.14-cray_shasta_c_64k-aarch64-with-glibc2.38,3.11.7,3.3.0,72,Neoverse-V2,1,1 x NVIDIA GH200 120GB,-2.5917,51.4535,64,machine,9.171428571428573,1.7142857142857142,13.099999999999996,111.9186532156808,N,1.0,0.0
2026-09-27T03:15:29,mobilenet_v3_small_batch6_node_2_evaluate,c1a08476-daca-4b67-be7a-ed8cf8ffe47b,5b0fa12a-3dd7-45bb-9766-cc326314d9f1,10.349491924978793,0.00012606072861774914,1.2180378469932228e-05,117.63061645165715,137.95217005223128,6.0,0.00024136889467267763,0.0002793691123770259,9.845179115266848e-06,0.0005305831861649703,0.0,United Kingdom,GBR,england,,,Linux-6.4.0-150600.23.73_15.0.14-cray_shasta_c_64k-aarch64-with-glibc2.38,3.11.7,3.3.0,72,Neoverse-V2,1,1 x NVIDIA GH200 120GB,-2.5917,51.4535,64,machine,20.057142857142857,0.5714285714285714,13.099999999999998,112.04075404575893,N,1.0,0.0
2026-09-27T03:16:33,mobilenet_v3_small_batch6_node_3_local_train,8fc43c69-f0bc-42e5-9722-5aebec6ee8a7,5b0fa12a-3dd7-45bb-9766-cc326314d9f1,37.25995756313205,0.0005781291905496509,1.5516099007093277e-05,116.25864361809232,138.99915170306977,6.0,0.0010994554074240813,0.0012985579832900385,3.5302926748602963e-05,0.002433316317462723,0.0,United Kingdom,GBR,england,,,Linux-6.4.0-150600.23.73_15.0.14-cray_shasta_c_64k-aarch64-with-glibc2.38,3.11.7,3.3.0,72,Neoverse-V2,1,1 x NVIDIA GH200 120GB,-2.5917,51.4535,64,machine,5.544117647058823,0.38235294117647056,13.100000000000009,112.02832749310662,N,1.0,0.0
2026-09-27T03:16:48,mobilenet_v3_small_batch6_node_3_evaluate,165a0012-e9a8-4549-b97d-afe6d14e8489,5b0fa12a-3dd7-45bb-9766-cc326314d9f1,9.973562464118004,0.00011964716994598943,1.1996432606347568e-05,117.59668265417142,136.890155208738,6.0,0.0002294190124351052,0.0002642968781003674,9.872953838591154e-06,0.0005035888443740637,0.0,United Kingdom,GBR,england,,,Linux-6.4.0-150600.23.73_15.0.14-cray_shasta_c_64k-aarch64-with-glibc2.38,3.11.7,3.3.0,72,Neoverse-V2,1,1 x NVIDIA GH200 120GB,-2.5917,51.4535,64,machine,0.0,0.5,13.1,112.53956095377605,N,1.0,0.0
2026-09-27T03:17:02,mobilenet_v3_small_batch6_node_4_local_train,93de0bc7-1a76-4ae4-b79f-51a371231681,5b0fa12a-3dd7-45bb-9766-cc326314d9f1,11.562686596997082,0.00014911775074164703,1.2896462209775196e-05,116.70635796479999,70.84869699169737,6.0,0.00027930547322775926,0.00033416832289390186,1.4155221811185282e-05,0.0006276290179328464,0.0,United Kingdom,GBR,england,,,Linux-6.4.0-150600.23.73_15.0.14-cray_shasta_c_64k-aarch64-with-glibc2.38,3.11.7,3.3.0,72,Neoverse-V2,1,1 x NVIDIA GH200 120GB,-2.5917,51.4535,64,machine,0.0,3.5,13.200000000000001,113.01518249511719,N,1.0,0.0
2026-09-27T03:17:12,mobilenet_v3_small_batch6_node_4_evaluate,35020f01-8320-4308-a45f-035e31ccf55a,5b0fa12a-3dd7-45bb-9766-cc326314d9f1,8.99325570417568,0.00010320294564997814,1.1475593382945815e-05,117.5729510304,68.87704053812007,6.0,0.00019784237143915148,0.00022665601467508623,9.877555743247891e-06,0.0004343759418574856,0.0,United Kingdom,GBR,england,,,Linux-6.4.0-150600.23.73_15.0.14-cray_shasta_c_64k-aarch64-with-glibc2.38,3.11.7,3.3.0,72,Neoverse-V2,1,1 x NVIDIA GH200 120GB,-2.5917,51.4535,64,machine,0.0,0.2,13.220000000000002,113.19556884765625,N,1.0,0.0
2026-09-27T03:17:24,mobilenet_v3_small_batch6_node_5_local_train,00b824c0-6e4f-4be2-b426-5e7c33c39eea,5b0fa12a-3dd7-45bb-9766-cc326314d9f1,11.601574868895113,0.0001506873445526404,1.2988524942130658e-05,117.04432112640002,71.32018913319821,6.0,0.0002822492389351217,0.0003377661035415258,1.4220015863344697e-05,0.0006342353583399921,0.0,United Kingdom,GBR,england,,,Linux-6.4.0-150600.23.73_15.0.14-cray_shasta_c_64k-aarch64-with-glibc2.38,3.11.7,3.3.0,72,Neoverse-V2,1,1 x NVIDIA GH200 120GB,-2.5917,51.4535,64,machine,0.0,3.375,13.200000000000001,113.06204986572266,N,1.0,0.0
2026-09-27T03:17:45,mobilenet_v3_small_batch6_node_5_evaluate,8a9b3f42-961b-4bbf-a497-780adb9fdc14,5b0fa12a-3dd7-45bb-9766-cc326314d9f1,9.995564725948498,0.00012000743872369712,1.2006068892951858e-05,117.97804313280002,135.80771383361147,6.0,0.00023094332626088308,0.00026428076698437053,9.881104064794878e-06,0.0005051051973100486,0.0,United Kingdom,GBR,england,,,Linux-6.4.0-150600.23.73_15.0.14-cray_shasta_c_64k-aarch64-with-glibc2.38,3.11.7,3.3.0,72,Neoverse-V2,1,1 x NVIDIA GH200 120GB,-2.5917,51.4535,64,machine,24.866666666666664,0.5,13.116666666666665,112.54525756835938,N,1.0,0.0
2026-09-27T03:18:02,mobilenet_v3_small_batch6_node_0_exchange,d75273a9-d576-4dcf-bf4b-4d443f6683a0,5b0fa12a-3dd7-45bb-9766-cc326314d9f1,12.49180989083834,0.00015967163614351293,1.2782105838851921e-05,116.65853032320001,138.1801042843045,6.0,0.00030527148915078793,0.0003604377883448251,6.340506557996074e-06,0.0006720497840536091,0.0,United Kingdom,GBR,england,,,Linux-6.4.0-150600.23.73_15.0.14-cray_shasta_c_64k-aarch64-with-glibc2.38,3.11.7,3.3.0,72,Neoverse-V2,1,1 x NVIDIA GH200 120GB,-2.5917,51.4535,64,machine,2.177777777777778,1.5555555555555556,13.133333333333333,112.65601264105902,N,1.0,0.0
2026-09-27T03:19:14,mobilenet_v3_small_batch6_node_1_exchange,5bd273e4-ef14-458e-a4c1-0dd9a28b02aa,5b0fa12a-3dd7-45bb-9766-cc326314d9f1,71.08812110195868,0.0011625281177051882,1.635333864061231e-05,115.93015257423531,123.86020775193806,6.0,0.0021870082757414508,0.002573579558870165,0.00013243380235469277,0.004893021636966308,0.0,United Kingdom,GBR,england,,,Linux-6.4.0-150600.23.73_15.0.14-cray_shasta_c_64k-aarch64-with-glibc2.38,3.11.7,3.3.0,72,Neoverse-V2,1,1 x NVIDIA GH200 120GB,-2.5917,51.4535,64,machine,2.5882352941176467,0.4264705882352941,13.104411764705898,112.45574592141544,N,1.0,0.0
2026-09-27T03:19:33,mobilenet_v3_small_batch6_node_2_exchange,c5bd84c7-8bdd-46ec-affd-3d1185706829,5b0fa12a-3dd7-45bb-9766-cc326314d9f1,8.717943700961769,9.772937201798503e-05,1.1210140300309977e-05,116.83710414144002,136.89503394366386,6.0,0.00018537376416305674,0.0002182082301231958,7.755954936922839e-06,0.00041133794922317544,0.0,United Kingdom,GBR,england,,,Linux-6.4.0-150600.23.73_15.0.14-cray_shasta_c_64k-aarch64-with-glibc2.38,3.11.7,3.3.0,72,Neoverse-V2,1,1 x NVIDIA GH200 120GB,-2.5917,51.4535,64,machine,0.0,3.8,13.12,112.44984130859375,N,1.0,0.0
2026-09-27T03:19:43,mobilenet_v3_small_batch6_node_3_exchange,fdec0f4d-b6ae-4792-b5f4-4ee0dc9e5d77,5b0fa12a-3dd7-45bb-9766-cc326314d9f1,8.227479683002457,9.003169186251254e-05,1.0942803304457051e-05,116.808113088,138.7004455158538,6.0,0.00016925749346241952,0.00020274349553517368,6.937816513236613e-06,0.0003789388055108298,0.0,United Kingdom,GBR,england,,,Linux-6.4.0-150600.23.73_15.0.14-cray_shasta_c_64k-aarch64-with-glibc2.38,3.11.7,3.3.0,72,Neoverse-V2,1,1 x NVIDIA GH200 120GB,-2.5917,51.4535,64,machine,0.0,2.4,13.14,112.4904296875,N,1.0,0.0
2026-09-27T03:20:37,mobilenet_v3_small_batch6_node_4_exchange,2cb27b4d-b40f-4dac-9053-3fc5d3589dc5,5b0fa12a-3dd7-45bb-9766-cc326314d9f1,18.664049016078934,0.00026374082403132787,1.4130954317796592e-05,117.38939785658181,140.20429588968378,6.0,0.0005041582816086702,0.000596616310645004,9.297103116599223e-06,0.0011100716953702733,0.0,United Kingdom,GBR,england,,,Linux-6.4.0-150600.23.73_15.0.14-cray_shasta_c_64k-aarch64-with-glibc2.38,3.11.7,3.3.0,72,Neoverse-V2,1,1 x NVIDIA GH200 120GB,-2.5917,51.4535,64,machine,8.813333333333333,1.4,13.07333333333333,111.86795654296876,N,1.0,0.0
2026-09-27T03:21:09,mobilenet_v3_small_batch6_node_5_exchange,3dcabb39-77c2-4b8a-a65e-f9d48fad2ace,5b0fa12a-3dd7-45bb-9766-cc326314d9f1,9.813180758850649,0.00011807011433368453,1.2031788391057139e-05,116.88682530240001,138.57333175559583,6.0,0.00022180315926037915,0.0002655824346931013,9.565503671765329e-06,0.0004969510976252458,0.0,United Kingdom,GBR,england,,,Linux-6.4.0-150600.23.73_15.0.14-cray_shasta_c_64k-aarch64-with-glibc2.38,3.11.7,3.3.0,72,Neoverse-V2,1,1 x NVIDIA GH200 120GB,-2.5917,51.4535,64,machine,0.0,2.3333333333333335,13.0,111.66344197591145,N,1.0,0.0
2026-09-27T03:21:19,mobilenet_v3_small_batch6_node_0_evaluate,d3e3b15d-6043-43ae-a898-c4fc4d251e47,5b0fa12a-3dd7-45bb-9766-cc326314d9f1,8.97993664513342,0.000103700312839582,1.1548000496838834e-05,117.27897036480002,773.7485006903653,6.0,0.00019641534068963874,0.0002302029619301038,9.851032406634962e-06,0.0004364693350263775,0.0,United Kingdom,GBR,england,,,Linux-6.4.0-150600.23.73_15.0.14-cray_shasta_c_64k-aarch64-with-glibc2.38,3.11.7,3.3.0,72,Neoverse-V2,1,1 x NVIDIA GH200 120GB,-2.5917,51.4535,64,machine,0.0,0.6,13.1,112.1423095703125,N,1.0,0.0
2026-09-27T03:21:31,mobilenet_v3_small_batch6_node_1_evaluate,be99d8f9-ec83-48a2-8a19-7d572dfa391b,5b0fa12a-3dd7-45bb-9766-cc326314d9f1,9.166839166078717,0.00010648997601080552,1.16168696844671e-05,117.59365741988572,69.20853742198844,6.0,0.0002037748486979673,0.00023427546520338183,1.0160571328209093e-05,0.00044821088522955827,0.0,United Kingdom,GBR,england,,,Linux-6.4.0-150600.23.73_15.0.14-cray_shasta_c_64k-aarch64-with-glibc2.38,3.11.7,3.3.0,72,Neoverse-V2,1,1 x NVIDIA GH200 120GB,-2.5917,51.4535,64,machine,24.733333333333334,0.6666666666666666,13.1,112.16677856445312,N,1.0,0.0
2026-09-27T03:21:54,mobilenet_v3_small_batch6_node_2_evaluate,98e9f2c6-e9d6-44df-87ef-82ed40f17674,5b0fa12a-3dd7-45bb-9766-cc326314d9f1,15.409075100906193,0.00021020495819949782,1.3641633701112656e-05,117.68424315428572,137.61652597788395,6.0,0.0004035418116647836,0.0004714320438097275,9.768107324683419e-06,0.0008847419627991945,0.0,United Kingdom,GBR,england,,,Linux-6.4.0-150600.23.73_15.0.14-cray_shasta_c_64k-aarch64-with-glibc2.38,3.11.7,3.3.0,72,Neoverse-V2,1,1 x NVIDIA GH200 120GB,-2.5917,51.4535,64,machine,11.200000000000001,0.25,13.108333333333329,112.30347696940105,N,1.0,0.0
2026-09-27T03:22:08,mobilenet_v3_small_batch6_node_3_evaluate,07a5eb58-a596-42d9-b000-1c6bd700f4d9,5b0fa12a-3dd7-45bb-9766-cc326314d9f1,9.014074745122343,0.00010313967727993234,1.14420703395812e-05,117.1622242656,68.71996522229495,6.0,0.00019728458617385386,0.0002269068481979275,9.91821413859725e-06,0.0004341096485103786,0.0,United Kingdom,GBR,england,,,Linux-6.4.0-150600.23.73_15.0.14-cray_shasta_c_64k-aarch64-with-glibc2.38,3.11.7,3.3.0,72,Neoverse-V2,1,1 x NVIDIA GH200 120GB,-2.5917,51.4535,64,machine,0.0,0.8,13.16,112.64696044921875,N,1.0,0.0
2026-09-27T03:22:18,mobilenet_v3_small_batch6_node_4_evaluate,cdf03886-159e-47c2-9b39-08380bdcd685,5b0fa12a-3dd7-45bb-9766-cc326314d9f1,9.119513619923964,0.00010622930645409772,1.1648571500788375e-05,117.68698704548574,69.77669175384275,6.0,0.00020251400926548705,0.0002345049098266827,1.009482124975572e-05,0.0004471137403419255,0.0,United Kingdom,GBR,england,,,Linux-6.4.0-150600.23.73_15.0.14-cray_shasta_c_64k-aarch64-with-glibc2.38,3.11.7,3.3.0,72,Neoverse-V2,1,1 x NVIDIA GH200 120GB,-2.5917,51.4535,64,machine,0.0,0.5,13.149999999999999,112.55630493164062,N,1.0,0.0
2026-09-27T03:23:13,mobilenet_v3_small_batch6_node_5_evaluate,545f84d8-00c5-405f-abdc-07967f1ae000,5b0fa12a-3dd7-45bb-9766-cc326314d9f1,16.195106570143253,0.00022260798669973303,1.3745385727200187e-05,117.80629338034288,136.55623300599876,6.0,0.00042925450225856314,0.000497837064941109,9.854110839854304e-06,0.0009369456780395264,0.0,United Kingdom,GBR,england,,,Linux-6.4.0-150600.23.73_15.0.14-cray_shasta_c_64k-aarch64-with-glibc2.38,3.11.7,3.3.0,72,Neoverse-V2,1,1 x NVIDIA GH200 120GB,-2.5917,51.4535,64,machine,9.930769230769231,0.23076923076923078,13.099999999999996,112.30858905498798,N,1.0,0.0
2026-09-27T03:23:55,efficientnet_lite0_batch6_node_0_local_train,3fcabd56-ccf5-4f09-810b-ba83de3dc071,5b0fa12a-3dd7-45bb-9766-cc326314d9f1,13.728598066139966,0.00019300639185026723,1.4058710941963962e-05,126.8372378517943,145.31494959043877,6.0,0.0003829178847471325,0.00042273339373366525,6.702794520339619e-06,0.0008123540730011374,0.0,United Kingdom,GBR,england,,,Linux-6.4.0-150600.23.73_15.0.14-cray_shasta_c_64k-aarch64-with-glibc2.38,3.11.7,3.3.0,72,Neoverse-V2,1,1 x NVIDIA GH200 120GB,-2.5917,51.4535,64,machine,7.780000000000001,1.8,13.319999999999999,114.07757568359375,N,1.0,0.0
2026-09-27T03:24:16,efficientnet_lite0_batch6_node_0_evaluate,439034f2-31bc-4255-841c-774dac523563,5b0fa12a-3dd7-45bb-9766-cc326314d9f1,13.977096487069502,0.00018873208818791625,1.3502953804641483e-05,117.9000869184,140.36156244859615,6.0,0.00035837200939583494,0.0004263103410551139,9.681396136293187e-06,0.0007943637465872421,0.0,United Kingdom,GBR,england,,,Linux-6.4.0-150600.23.73_15.0.14-cray_shasta_c_64k-aarch64-with-glibc2.38,3.11.7,3.3.0,72,Neoverse-V2,1,1 x NVIDIA GH200 120GB,-2.5917,51.4535,64,machine,0.0,1.2,13.400000000000002,114.85098876953126,N,1.0,0.0
2026-09-27T03:24:33,efficientnet_lite0_batch6_node_1_local_train,8720d699-ae46-4c4b-8f6b-9a5657e1fcd7,5b0fa12a-3dd7-45bb-9766-cc326314d9f1,15.746134462067857,0.0002276743552614877,1.445906332185534e-05,117.00817786368,147.1149315435604,6.0,0.0004144143806644943,0.0005302076463920002,1.3647738216677681e-05,0.0009582697652731722,0.0,United Kingdom,GBR,england,,,Linux-6.4.0-150600.23.73_15.0.14-cray_shasta_c_64k-aarch64-with-glibc2.38,3.11.7,3.3.0,72,Neoverse-V2,1,1 x NVIDIA GH200 120GB,-2.5917,51.4535,64,machine,4.675,3.0,13.400000000000004,114.91640726725261,N,1.0,0.0
2026-09-27T03:24:52,efficientnet_lite0_batch6_node_1_evaluate,5df0a637-347b-4176-b74e-c3c84ce12f03,5b0fa12a-3dd7-45bb-9766-cc326314d9f1,15.141259350115433,0.00020687523336210427,1.3663013662105135e-05,117.7450057872,138.51869055160927,6.0,0.00039553566483815797,0.0004649445386064599,1.0247117105172947e-05,0.0008707273205497909,0.0,United Kingdom,GBR,england,,,Linux-6.4.0-150600.23.73_15.0.14-cray_shasta_c_64k-aarch64-with-glibc2.38,3.11.7,3.3.0,72,Neoverse-V2,1,1 x NVIDIA GH200 120GB,-2.5917,51.4535,64,machine,5.358333333333333,1.0,13.400000000000004,114.8399149576823,N,1.0,0.0
2026-09-27T03:25:01,efficientnet_lite0_batch6_node_2_local_train,d69344e8-0d1f-4e4f-8ac8-c1be8cc1eac1,5b0fa12a-3dd7-45bb-9766-cc326314d9f1,7.797487317118794,8.83353656217868e-05,1.1328696287566018e-05,116.43480847872002,753.644180647075,6.0,0.00015500775130909862,0.0002089068337909339,7.884469661706437e-06,0.00037179905476173895,0.0,United Kingdom,GBR,england,,,Linux-6.4.0-150600.23.73_15.0.14-cray_shasta_c_64k-aarch64-with-glibc2.38,3.11.7,3.3.0,72,Neoverse-V2,1,1 x NVIDIA GH200 120GB,-2.5917,51.4535,64,machine,11.6,0.75,13.424999999999999,115.16128540039062,N,1.0,0.0
2026-09-27T03:25:18,efficientnet_lite0_batch6_node_2_evaluate,a0e0a5ca-7ea7-499d-b48c-4fc7b595f37d,5b0fa12a-3dd7-45bb-9766-cc326314d9f1,8.923074221936986,0.00010349111367308588,1.1598145560490524e-05,117.42564101760001,71.08462911556371,6.0,0.00019492410087895213,0.00023091407362585414,9.750651884824036e-06,0.00043558882638963033,0.0,United Kingdom,GBR,england,,,Linux-6.4.0-150600.23.73_15.0.14-cray_shasta_c_64k-aarch64-with-glibc2.38,3.11.7,3.3.0,72,Neoverse-V2,1,1 x NVIDIA GH200 120GB,-2.5917,51.4535,64,machine,0.0,2.4,13.5,115.23756103515625,N,1.0,0.0
2026-09-27T03:25:26,efficientnet_lite0_batch6_node_3_local_train,f18e70ea-a773-4d79-82c0-2e07215e8cd6,5b0fa12a-3dd7-45bb-9766-cc326314d9f1,7.285217344993725,7.926320749725976e-05,1.0880005872676957e-05,116.50617764352,80.62023447534344,6.0,0.00013843848085670396,0.0001881620949717444,7.014227454783395e-06,0.0003336148032832318,0.0,United Kingdom,GBR,england,,,Linux-6.4.0-150600.23.73_15.0.14-cray_shasta_c_64k-aarch64-with-glibc2.38,3.11.7,3.3.0,72,Neoverse-V2,1,1 x NVIDIA GH200 120GB,-2.5917,51.4535,64,machine,0.0,5.75,13.4,114.80816650390625,N,1.0,0.0
2026-09-27T03:25:47,efficientnet_lite0_batch6_node_3_evaluate,ade57ca6-780b-4b49-b2e1-cf6c0dd7fd52,5b0fa12a-3dd7-45bb-9766-cc326314d9f1,14.847353584133089,0.00020261722368350899,1.3646689461214138e-05,118.00705572205716,139.60688204822583,6.0,0.0003865797081588852,0.00045660786527434993,9.618001250394931e-06,0.0008528055746836301,0.0,United Kingdom,GBR,england,,,Linux-6.4.0-150600.23.73_15.0.14-cray_shasta_c_64k-aarch64-with-glibc2.38,3.11.7,3.3.0,72,Neoverse-V2,1,1 x NVIDIA GH200 120GB,-2.5917,51.4535,64,machine,11.018181818181818,1.0909090909090908,13.5,115.34100341796875,N,1.0,0.0
2026-09-27T03:26:13,efficientnet_lite0_batch6_node_4_local_train,e0b8f820-1f3d-4c50-a553-af91fc24107d,5b0fa12a-3dd7-45bb-9766-cc326314d9f1,9.87760980706662,0.00012465281147239384,1.2619734319047e-05,116.7661135296,145.9909456891483,6.0,0.0002231087720941412,0.0002918741223965071,9.674440118251367e-06,0.0005246573346088996,0.0,United Kingdom,GBR,england,,,Linux-6.4.0-150600.23.73_15.0.14-cray_shasta_c_64k-aarch64-with-glibc2.38,3.11.7,3.3.0,72,Neoverse-V2,1,1 x NVIDIA GH200 120GB,-2.5917,51.4535,64,machine,1.1166666666666667,5.666666666666667,13.35,114.47170003255208,N,1.0,0.0
2026-09-27T03:26:38,efficientnet_lite0_batch6_node_4_evaluate,8c40e5ef-36b9-408e-90aa-9d63765442b7,5b0fa12a-3dd7-45bb-9766-cc326314d9f1,8.964585470035672,0.0001046187314140868,1.167022521719239e-05,117.33449757120002,71.63450371963931,6.0,0.00019608002035590333,0.00023443157644464918,9.82331522856839e-06,0.0004403349120291209,0.0,United Kingdom,GBR,england,,,Linux-6.4.0-150600.23.73_15.0.14-cray_shasta_c_64k-aarch64-with-glibc2.38,3.11.7,3.3.0,72,Neoverse-V2,1,1 x NVIDIA GH200 120GB,-2.5917,51.4535,64,machine,0.0,1.6,13.3,114.33541259765624,N,1.0,0.0
2026-09-27T03:26:57,efficientnet_lite0_batch6_node_5_local_train,a8299d81-4444-47de-9aa6-8b250399d110,5b0fa12a-3dd7-45bb-9766-cc326314d9f1,15.145712521858513,0.00021257434189371735,1.4035281706748822e-05,116.86453581805715,146.8694933755827,6.0,0.0003926445178209433,0.0004922706716001812,9.799388668422278e-06,0.0008947145780895468,0.0,United Kingdom,GBR,england,,,Linux-6.4.0-150600.23.73_15.0.14-cray_shasta_c_64k-aarch64-with-glibc2.38,3.11.7,3.3.0,72,Neoverse-V2,1,1 x NVIDIA GH200 120GB,-2.5917,51.4535,64,machine,15.566666666666668,4.166666666666667,13.300000000000002,114.13357543945312,N,1.0,0.0
2026-09-27T03:27:07,efficientnet_lite0_batch6_node_5_evaluate,270150e9-40e6-462d-862b-e9e84d22dbe8,5b0fa12a-3dd7-45bb-9766-cc326314d9f1,9.028717322042212,0.00010619543580039223,1.1761962636833535e-05,117.37472592960002,71.95718952259614,6.0,0.00019857978490625202,0.00023844491298063986,9.946482598703976e-06,0.00044697118048559587,0.0,United Kingdom,GBR,england,,,Linux-6.4.0-150600.23.73_15.0.14-cray_shasta_c_64k-aarch64-with-glibc2.38,3.11.7,3.3.0,72,Neoverse-V2,1,1 x NVIDIA GH200 120GB,-2.5917,51.4535,64,machine,0.0,2.4,13.3,114.26817626953125,N,1.0,0.0
2026-09-27T03:27:31,mobilevit_xxs_batch6_node_0_local_train,9d2d4645-81d0-4d39-b58d-38ef97751124,5b0fa12a-3dd7-45bb-9766-cc326314d9f1,10.35997891612351,0.00013108892030371894,1.2653396436907974e-05,121.72726215771429,141.93390604299037,6.0,0.0002418690678865492,0.0002993816283947126,1.0495892591619244e-05,0.0005517465888728811,0.0,United Kingdom,GBR,england,,,Linux-6.4.0-150600.23.73_15.0.14-cray_shasta_c_64k-aarch64-with-glibc2.38,3.11.7,3.3.0,72,Neoverse-V2,1,1 x NVIDIA GH200 120GB,-2.5917,51.4535,64,machine,19.52857142857143,3.4285714285714284,13.400000000000002,114.74153355189732,N,1.0,0.0
2026-09-27T03:27:50,mobilevit_xxs_batch6_node_0_evaluate,046cde70-5b4b-42ee-a0c1-01bb192d5d27,5b0fa12a-3dd7-45bb-9766-cc326314d9f1,13.111289008054882,0.00017249239417082722,1.315602104910181e-05,117.70877090962287,137.6674063440911,6.0,0.00033020834641116925,0.0003857380863792059,1.0065268807035561e-05,0.0007260117015974107,0.0,United Kingdom,GBR,england,,,Linux-6.4.0-150600.23.73_15.0.14-cray_shasta_c_64k-aarch64-with-glibc2.38,3.11.7,3.3.0,72,Neoverse-V2,1,1 x NVIDIA GH200 120GB,-2.5917,51.4535,64,machine,0.0,1.2,13.400000000000002,114.83291015625,N,1.0,0.0
2026-09-27T03:28:08,mobilevit_xxs_batch6_node_1_local_train,5c24ed81-6c70-4a6e-a7d5-17de3a16039e,5b0fa12a-3dd7-45bb-9766-cc326314d9f1,17.38942867796868,0.00025758258259194036,1.4812596052582303e-05,116.74588742537145,144.17239252783565,6.0,0.00046913987064790586,0.0005934115858252653,2.1600514333307122e-05,0.0010841519708064784,0.0,United Kingdom,GBR,england,,,Linux-6.4.0-150600.23.73_15.0.14-cray_shasta_c_64k-aarch64-with-glibc2.38,3.11.7,3.3.0,72,Neoverse-V2,1,1 x NVIDIA GH200 120GB,-2.5917,51.4535,64,machine,8.87142857142857,6.928571428571429,13.400000000000004,114.74745396205357,N,1.0,0.0
2026-09-27T03:28:32,mobilevit_xxs_batch6_node_1_evaluate,ef92821f-96ee-4b63-bc10-976f66ac8384,5b0fa12a-3dd7-45bb-9766-cc326314d9f1,10.329184187110513,0.00012754061166004286,1.234759777245497e-05,117.72211631040001,143.53900495466485,6.0,0.00024131066326673746,0.00028506495029034795,1.0436324958767121e-05,0.0005368119385158525,0.0,United Kingdom,GBR,england,,,Linux-6.4.0-150600.23.73_15.0.14-cray_shasta_c_64k-aarch64-with-glibc2.38,3.11.7,3.3.0,72,Neoverse-V2,1,1 x NVIDIA GH200 120GB,-2.5917,51.4535,64,machine,0.0,2.2857142857142856,13.400000000000002,114.77706473214286,N,1.0,0.0
2026-09-27T03:28:54,mobilevit_xxs_batch6_node_2_local_train,2459c975-6707-46cb-b0e2-f4482a92370b,5b0fa12a-3dd7-45bb-9766-cc326314d9f1,15.085385656915605,0.00020988989331708577,1.3913458899266906e-05,116.55272365056001,141.9859739492565,6.0,0.0003906572294933903,0.0004804753843927756,1.2283256869995968e-05,0.000883415870756162,0.0,United Kingdom,GBR,england,,,Linux-6.4.0-150600.23.73_15.0.14-cray_shasta_c_64k-aarch64-with-glibc2.38,3.11.7,3.3.0,72,Neoverse-V2,1,1 x NVIDIA GH200 120GB,-2.5917,51.4535,64,machine,0.0,5.25,13.400000000000004,114.77511088053386,N,1.0,0.0
2026-09-27T03:29:05,mobilevit_xxs_batch6_node_2_evaluate,a3f53215-a485-4f20-ad1e-f9032fda9fe3,5b0fa12a-3dd7-45bb-9766-cc326314d9f1,10.086521720979363,0.00012285309597754945,1.2179926775156033e-05,117.8142672425143,137.55724634886965,6.0,0.00023369045895657234,0.0002733541075770063,1.0037857221517091e-05,0.0005170824237550958,0.0,United Kingdom,GBR,england,,,Linux-6.4.0-150600.23.73_15.0.14-cray_shasta_c_64k-aarch64-with-glibc2.38,3.11.7,3.3.0,72,Neoverse-V2,1,1 x NVIDIA GH200 120GB,-2.5917,51.4535,64,machine,0.0,1.7142857142857142,13.5,115.35505894252232,N,1.0,0.0
2026-09-27T03:29:34,mobilevit_xxs_batch6_node_3_local_train,7367fce7-da72-4532-a419-561618df2ee4,5b0fa12a-3dd7-45bb-9766-cc326314d9f1,10.739899278152734,0.0001374297944857733,1.279619025527875e-05,116.64898806034287,144.12947305836218,6.0,0.0002512062228282825,0.0003162149752000687,1.1013807320268824e-05,0.0005784350053486201,0.0,United Kingdom,GBR,england,,,Linux-6.4.0-150600.23.73_15.0.14-cray_shasta_c_64k-aarch64-with-glibc2.38,3.11.7,3.3.0,72,Neoverse-V2,1,1 x NVIDIA GH200 120GB,-2.5917,51.4535,64,machine,19.214285714285715,6.714285714285714,13.400000000000002,114.41326032366071,N,1.0,0.0
2026-09-27T03:29:58,mobilevit_xxs_batch6_node_3_evaluate,b08ede66-aa16-467a-a252-3b6f66923fcd,5b0fa12a-3dd7-45bb-9766-cc326314d9f1,15.300646713003516,0.00020878276237161,1.3645355408028107e-05,117.55971118080001,137.93103938602474,6.0,0.000399842528962303,0.0004688675973198997,1.004588671339055e-05,0.0008787560129955933,0.0,United Kingdom,GBR,england,,,Linux-6.4.0-150600.23.73_15.0.14-cray_shasta_c_64k-aarch64-with-glibc2.38,3.11.7,3.3.0,72,Neoverse-V2,1,1 x NVIDIA GH200 120GB,-2.5917,51.4535,64,machine,0.0,1.3333333333333333,13.400000000000004,114.75167846679688,N,1.0,0.0
2026-09-27T03:30:28,mobilevit_xxs_batch6_node_4_local_train,ed3147e3-f9d8-4ef0-b6de-a36ae0944cf8,5b0fa12a-3dd7-45bb-9766-cc326314d9f1,13.222194500034675,0.0001822117182465679,1.3780747079926109e-05,116.54980857216,147.38239579200047,6.0,0.00033176785240722544,0.00041993089151048935,1.522109768508623e-05,0.000766919841602801,0.0,United Kingdom,GBR,england,,,Linux-6.4.0-150600.23.73_15.0.14-cray_shasta_c_64k-aarch64-with-glibc2.38,3.11.7,3.3.0,72,Neoverse-V2,1,1 x NVIDIA GH200 120GB,-2.5917,51.4535,64,machine,19.1,5.7,13.400000000000002,114.39550170898437,N,1.0,0.0
2026-09-27T03:31:00,mobilevit_xxs_batch6_node_4_evaluate,9e781604-10a2-4388-a0c8-ad63c460493c,5b0fa12a-3dd7-45bb-9766-cc326314d9f1,15.78147445502691,0.00021687063782910667,1.3742102390187398e-05,117.29699080045715,138.27985697189763,6.0,0.0004144605443619904,0.0004881787238701918,1.0158200628357008e-05,0.0009127974688605393,0.0,United Kingdom,GBR,england,,,Linux-6.4.0-150600.23.73_15.0.14-cray_shasta_c_64k-aarch64-with-glibc2.38,3.11.7,3.3.0,72,Neoverse-V2,1,1 x NVIDIA GH200 120GB,-2.5917,51.4535,64,machine,5.508333333333334,1.3333333333333333,13.400000000000004,114.4398905436198,N,1.0,0.0
2026-09-27T03:31:53,mobilevit_xxs_batch6_node_5_local_train,d3fccf6e-f9ff-40e6-8061-5123bf60ca03,5b0fa12a-3dd7-45bb-9766-cc326314d9f1,18.513278126949444,0.0002700497380320166,1.4586813646952674e-05,116.91183202230859,151.76411097383675,6.0,0.0005009692117209582,0.0006202460517528152,1.5410329596682764e-05,0.001136625593070456,0.0,United Kingdom,GBR,england,,,Linux-6.4.0-150600.23.73_15.0.14-cray_shasta_c_64k-aarch64-with-glibc2.38,3.11.7,3.3.0,72,Neoverse-V2,1,1 x NVIDIA GH200 120GB,-2.5917,51.4535,64,machine,4.446666666666667,3.6,13.400000000000004,114.40247802734375,N,1.0,0.0
2026-09-27T03:32:05,mobilevit_xxs_batch6_node_5_evaluate,3ecedeb0-3da8-425c-bd0b-e33794960146,5b0fa12a-3dd7-45bb-9766-cc326314d9f1,9.199882901040837,0.00010790265132593489,1.172869834177207e-05,117.39668156434286,70.37249581059291,6.0,0.0002041687443867152,0.00023976158070126985,1.022643859187762e-05,0.00045415676367986267,0.0,United Kingdom,GBR,england,,,Linux-6.4.0-150600.23.73_15.0.14-cray_shasta_c_64k-aarch64-with-glibc2.38,3.11.7,3.3.0,72,Neoverse-V2,1,1 x NVIDIA GH200 120GB,-2.5917,51.4535,64,machine,1.6666666666666667,2.3333333333333335,13.4,114.79308064778645,N,1.0,0.0
2026-09-27T03:32:17,mobilevit_xxs_batch6_node_0_exchange,382b553d-09c5-4d1b-8f85-0c23b10b7e87,5b0fa12a-3dd7-45bb-9766-cc326314d9f1,8.110768638085574,9.01645769845087e-05,1.1116650099119422e-05,116.48129024448002,142.8947935306783,6.0,0.00016482936132784532,0.00020792627746857306,6.74247342472275e-06,0.00037949811222114116,0.0,United Kingdom,GBR,england,,,Linux-6.4.0-150600.23.73_15.0.14-cray_shasta_c_64k-aarch64-with-glibc2.38,3.11.7,3.3.0,72,Neoverse-V2,1,1 x NVIDIA GH200 120GB,-2.5917,51.4535,64,machine,23.86,7.6,13.4,114.52333984375,N,1.0,0.0
2026-09-27T03:32:30,mobilevit_xxs_batch6_node_2_exchange,6ea6a5fb-42ff-4e82-a72c-e763dfd0f182,5b0fa12a-3dd7-45bb-9766-cc326314d9f1,12.045174865983427,0.00015661664044212362,1.3002438087007106e-05,116.56679602176001,143.1321610403631,6.0,0.0002917414006451197,0.00035916862066187605,8.281441438011825e-06,0.0006591914627450076,0.0,United Kingdom,GBR,england,,,Linux-6.4.0-150600.23.73_15.0.14-cray_shasta_c_64k-aarch64-with-glibc2.38,3.11.7,3.3.0,72,Neoverse-V2,1,1 x NVIDIA GH200 120GB,-2.5917,51.4535,64,machine,9.3875,5.0,13.3375,114.33992767333984,N,1.0,0.0
2026-09-27T03:32:46,mobilevit_xxs_batch6_node_5_exchange,ba0b6f35-cc17-4596-ba5a-997d71d03d77,5b0fa12a-3dd7-45bb-9766-cc326314d9f1,11.143088720971718,0.00014331323437697304,1.2861176821400701e-05,116.7357922889143,142.57311659734586,6.0,0.00026397252523143605,0.0003291072077189483,1.0118371242036422e-05,0.0006031981041924207,0.0,United Kingdom,GBR,england,,,Linux-6.4.0-150600.23.73_15.0.14-cray_shasta_c_64k-aarch64-with-glibc2.38,3.11.7,3.3.0,72,Neoverse-V2,1,1 x NVIDIA GH200 120GB,-2.5917,51.4535,64,machine,0.0,7.125,13.387500000000003,114.73456573486328,N,1.0,0.0
2026-09-27T03:33:58,mobilevit_xxs_batch6_node_0_evaluate,63992c64-030f-49bf-a309-5d8527480ed1,5b0fa12a-3dd7-45bb-9766-cc326314d9f1,9.967841082019731,0.00012154919034399816,1.2194134050075494e-05,117.52472531520002,144.5331701165955,6.0,0.0002286171646238668,0.0002731677185323633,9.809468198412408e-06,0.0005115943513546425,0.0,United Kingdom,GBR,england,,,Linux-6.4.0-150600.23.73_15.0.14-cray_shasta_c_64k-aarch64-with-glibc2.38,3.11.7,3.3.0,72,Neoverse-V2,1,1 x NVIDIA GH200 120GB,-2.5917,51.4535,64,machine,23.349999999999998,2.0,13.4,114.4510498046875,N,1.0,0.0
2026-09-27T03:34:24,mobilevit_xxs_batch6_node_2_evaluate,f10f76ac-f9a2-490f-bec0-8481b05bd7ac,5b0fa12a-3dd7-45bb-9766-cc326314d9f1,10.042053272947669,0.0001223481258438628,1.2183576656923037e-05,117.53317964160001,136.4482818132414,6.0,0.0002313943083351766,0.0002736449411315789,9.917780715040862e-06,0.0005149570301817963,0.0,United Kingdom,GBR,england,,,Linux-6.4.0-150600.23.73_15.0.14-cray_shasta_c_64k-aarch64-with-glibc2.38,3.11.7,3.3.0,72,Neoverse-V2,1,1 x NVIDIA GH200 120GB,-2.5917,51.4535,64,machine,12.950000000000001,1.3333333333333333,13.4,114.47503662109375,N,1.0,0.0
2026-09-27T03:34:49,mobilevit_xxs_batch6_node_5_evaluate,f9b9ed0d-a844-4530-96a7-337e76ec966c,5b0fa12a-3dd7-45bb-9766-cc326314d9f1,9.072774701053277,0.00010595950739902211,1.1678842569155944e-05,117.34048130194287,70.82648230173697,6.0,0.0001997218138843364,0.00023624435564784108,1.0012000328473126e-05,0.0004459781698606506,0.0,United Kingdom,GBR,england,,,Linux-6.4.0-150600.23.73_15.0.14-cray_shasta_c_64k-aarch64-with-glibc2.38,3.11.7,3.3.0,72,Neoverse-V2,1,1 x NVIDIA GH200 120GB,-2.5917,51.4535,64,machine,0.0,2.0,13.4,114.44376627604167,N,1.0,0.0
2026-09-27T03:35:32,mobilenet_v3_small_batch7_node_0_local_train,b06a0f85-9a67-4f29-87ea-d98603301341,5b0fa12a-3dd7-45bb-9766-cc326314d9f1,8.61399939097464,9.674313155051009e-05,1.1230919246624647e-05,116.43428387520001,71.21986973003591,6.0,0.00018110142545452252,0.0002168601734808817,9.225314391854529e-06,0.0004071869133272588,0.0,United Kingdom,GBR,england,,,Linux-6.4.0-150600.23.73_15.0.14-cray_shasta_c_64k-aarch64-with-glibc2.38,3.11.7,3.3.0,72,Neoverse-V2,1,1 x NVIDIA GH200 120GB,-2.5917,51.4535,64,machine,0.0,6.4,13.0,111.2477294921875,N,1.0,0.0
2026-09-27T03:36:40,mobilenet_v3_small_batch7_node_0_evaluate,350bc3f8-da5f-4944-9522-4f539fdd091a,5b0fa12a-3dd7-45bb-9766-cc326314d9f1,18.328596751904115,0.000259680287855365,1.416803977797086e-05,117.60794909074286,145.20027325444758,6.0,0.0004952731345388372,0.0005834793556687146,1.4228615211322903e-05,0.0010929811054188746,0.0,United Kingdom,GBR,england,,,Linux-6.4.0-150600.23.73_15.0.14-cray_shasta_c_64k-aarch64-with-glibc2.38,3.11.7,3.3.0,72,Neoverse-V2,1,1 x NVIDIA GH200 120GB,-2.5917,51.4535,64,machine,11.146666666666667,0.2,13.0,111.40692952473958,N,1.0,0.0
2026-09-27T03:37:09,mobilenet_v3_small_batch7_node_1_local_train,d998e192-6e29-4d31-8019-cb49d603b217,5b0fa12a-3dd7-45bb-9766-cc326314d9f1,16.539464601082727,0.00023663199027245977,1.4307113076500014e-05,117.38412770510769,138.4342256879509,6.0,0.0004465328015106655,0.0005286334784670998,2.0805714821908623e-05,0.000995971994799674,0.0,United Kingdom,GBR,england,,,Linux-6.4.0-150600.23.73_15.0.14-cray_shasta_c_64k-aarch64-with-glibc2.38,3.11.7,3.3.0,72,Neoverse-V2,1,1 x NVIDIA GH200 120GB,-2.5917,51.4535,64,machine,3.3307692307692305,2.6153846153846154,13.0,111.49335655799278,N,1.0,0.0
2026-09-27T03:37:30,mobilenet_v3_small_batch7_node_1_evaluate,55af7fb4-1129-4e0c-8d17-59fbcb813f63,5b0fa12a-3dd7-45bb-9766-cc326314d9f1,10.218667038949206,0.00012373237611726704,1.2108465384541049e-05,118.02956390948574,135.49476091063832,6.0,0.00023881507730688198,0.0002717110507006737,1.0257141071682175e-05,0.0005207832690792379,0.0,United Kingdom,GBR,england,,,Linux-6.4.0-150600.23.73_15.0.14-cray_shasta_c_64k-aarch64-with-glibc2.38,3.11.7,3.3.0,72,Neoverse-V2,1,1 x NVIDIA GH200 120GB,-2.5917,51.4535,64,machine,12.814285714285713,0.5714285714285714,13.0,111.70415387834821,N,1.0,0.0
2026-09-27T03:37:50,mobilenet_v3_small_batch7_node_2_local_train,90995af1-ba23-44ce-8093-609359d571e5,5b0fa12a-3dd7-45bb-9766-cc326314d9f1,16.553192201070487,0.00023085032978799092,1.3945970480126602e-05,117.03561811200001,138.64675194878532,6.0,0.00043934976297906384,0.0005202801384456279,1.2007378870233274e-05,0.000971637280294925,0.0,United Kingdom,GBR,england,,,Linux-6.4.0-150600.23.73_15.0.14-cray_shasta_c_64k-aarch64-with-glibc2.38,3.11.7,3.3.0,72,Neoverse-V2,1,1 x NVIDIA GH200 120GB,-2.5917,51.4535,64,machine,5.092307692307693,2.230769230769231,13.0,111.7174823467548,N,1.0,0.0
2026-09-27T03:39:55,mobilenet_v3_small_batch7_node_2_evaluate,0a2788b6-282f-45f1-ad01-7aaf76986476,5b0fa12a-3dd7-45bb-9766-cc326314d9f1,13.956445661839098,0.0001858862960869416,1.3319028396693274e-05,117.87328624320003,137.06086969031102,6.0,0.00035768252804828165,0.00041497977642279693,9.723648106446489e-06,0.000782385952577525,0.0,United Kingdom,GBR,england,,,Linux-6.4.0-150600.23.73_15.0.14-cray_shasta_c_64k-aarch64-with-glibc2.38,3.11.7,3.3.0,72,Neoverse-V2,1,1 x NVIDIA GH200 120GB,-2.5917,51.4535,64,machine,10.25,0.5,13.0,111.57075805664063,N,1.0,0.0
2026-09-27T03:40:16,mobilenet_v3_small_batch7_node_3_local_train,267e8c84-c92b-4a47-8d71-729e9bd430d8,5b0fa12a-3dd7-45bb-9766-cc326314d9f1,14.97305814200081,0.00020346071934756877,1.3588454503949509e-05,116.81090022857143,139.4538306398154,6.0,0.0003865178336098918,0.00046100175769936413,8.836213663065185e-06,0.0008563558049723211,0.0,United Kingdom,GBR,england,,,Linux-6.4.0-150600.23.73_15.0.14-cray_shasta_c_64k-aarch64-with-glibc2.38,3.11.7,3.3.0,72,Neoverse-V2,1,1 x NVIDIA GH200 120GB,-2.5917,51.4535,64,machine,4.718181818181818,1.7272727272727273,13.0,111.58347389914773,N,1.0,0.0
2026-09-27T03:40:42,mobilenet_v3_small_batch7_node_3_evaluate,30592107-c6f2-40e1-87b1-fc29541379a7,5b0fa12a-3dd7-45bb-9766-cc326314d9f1,9.804751781979576,0.00011679085788812839,1.1911658804334194e-05,118.11940269120001,135.80673334935273,6.0,0.00022531970665173585,0.00025668020533942126,9.566860410462444e-06,0.0004915667724016196,0.0,United Kingdom,GBR,england,,,Linux-6.4.0-150600.23.73_15.0.14-cray_shasta_c_64k-aarch64-with-glibc2.38,3.11.7,3.3.0,72,Neoverse-V2,1,1 x NVIDIA GH200 120GB,-2.5917,51.4535,64,machine,0.0,0.5,13.0,111.49282836914062,N,1.0,0.0
2026-09-27T03:41:49,mobilenet_v3_small_batch7_node_4_local_train,4a443e5a-985d-4198-a62c-0a2011435326,5b0fa12a-3dd7-45bb-9766-cc326314d9f1,18.860481939045712,0.00027002848505421366,1.431715721405772e-05,117.69176106240002,140.47730720987795,6.0,0.0005133116624232062,0.0006093443763575124,1.388010158863229e-05,0.0011365361403693507,0.0,United Kingdom,GBR,england,,,Linux-6.4.0-150600.23.73_15.0.14-cray_shasta_c_64k-aarch64-with-glibc2.38,3.11.7,3.3.0,72,Neoverse-V2,1,1 x NVIDIA GH200 120GB,-2.5917,51.4535,64,machine,4.446666666666667,1.2666666666666666,13.0,111.56765543619791,N,1.0,0.0
2026-09-27T03:42:08,mobilenet_v3_small_batch7_node_4_evaluate,210a6fc2-ac2a-4d23-800c-18060af6db76,5b0fa12a-3dd7-45bb-9766-cc326314d9f1,9.00987890502438,0.00010429195648771662,1.1575289478037044e-05,117.44395513920001,69.89469532233124,6.0,0.0001981607367850955,0.00023088351804290141,9.915278179493422e-06,0.00043895953300749035,0.0,United Kingdom,GBR,england,,,Linux-6.4.0-150600.23.73_15.0.14-cray_shasta_c_64k-aarch64-with-glibc2.38,3.11.7,3.3.0,72,Neoverse-V2,1,1 x NVIDIA GH200 120GB,-2.5917,51.4535,64,machine,2.4799999999999995,0.8,13.0,111.6240234375,N,1.0,0.0
2026-09-27T03:44:50,mobilenet_v3_small_batch7_node_5_local_train,3f31faa5-0131-49f9-b76a-3289cc59bb00,5b0fa12a-3dd7-45bb-9766-cc326314d9f1,156.1540335949976,0.0026539174162639213,1.6995509851171335e-05,115.68483005722051,136.68161177633772,6.0,0.005006261237283729,0.005901930832649782,0.0002620111644919962,0.011170203234425505,0.0,United Kingdom,GBR,england,,,Linux-6.4.0-150600.23.73_15.0.14-cray_shasta_c_64k-aarch64-with-glibc2.38,3.11.7,3.3.0,72,Neoverse-V2,1,1 x NVIDIA GH200 120GB,-2.5917,51.4535,64,machine,2.342948717948718,0.2948717948717949,13.0,111.49862044896835,N,1.0,0.0
2026-09-27T03:45:17,mobilenet_v3_small_batch7_node_5_evaluate,95088cc4-82fb-4686-ac8d-e916e7a40c35,5b0fa12a-3dd7-45bb-9766-cc326314d9f1,16.69169961195439,0.00023173272370209872,1.3883111312171864e-05,117.65543995234286,137.66711594075923,6.0,0.00044467860026054234,0.0005208359722246314,9.836658851709217e-06,0.0009753512313368831,0.0,United Kingdom,GBR,england,,,Linux-6.4.0-150600.23.73_15.0.14-cray_shasta_c_64k-aarch64-with-glibc2.38,3.11.7,3.3.0,72,Neoverse-V2,1,1 x NVIDIA GH200 120GB,-2.5917,51.4535,64,machine,0.0,0.38461538461538464,13.0,111.36607947716347,N,1.0,0.0
2026-09-27T03:45:30,mobilenet_v3_small_batch7_node_0_exchange,2f16b124-4270-4618-a2fb-47aae640d1ef,5b0fa12a-3dd7-45bb-9766-cc326314d9f1,7.480722283013165,7.637308036738493e-05,1.0209319030704955e-05,116.6919432768,137.63170442655058,6.0,0.00014455547129716776,0.00017120624806921114,5.688686028588563e-06,0.00032145040539496747,0.0,United Kingdom,GBR,england,,,Linux-6.4.0-150600.23.73_15.0.14-cray_shasta_c_64k-aarch64-with-glibc2.38,3.11.7,3.3.0,72,Neoverse-V2,1,1 x NVIDIA GH200 120GB,-2.5917,51.4535,64,machine,17.075,2.25,13.025,111.62059020996094,N,1.0,0.0
2026-09-27T03:45:42,mobilenet_v3_small_batch7_node_1_exchange,7b9e9933-1e43-4919-8ce7-08351598ad80,5b0fa12a-3dd7-45bb-9766-cc326314d9f1,11.360516751883551,0.00014557038792836524,1.28137118326268e-05,116.68476798720002,70.82572607966894,6.0,0.00027267702168835763,0.00032619220540652805,1.382912143288801e-05,0.0006126983485277738,0.0,United Kingdom,GBR,england,,,Linux-6.4.0-150600.23.73_15.0.14-cray_shasta_c_64k-aarch64-with-glibc2.38,3.11.7,3.3.0,72,Neoverse-V2,1,1 x NVIDIA GH200 120GB,-2.5917,51.4535,64,machine,11.8,3.375,13.0,111.47663879394531,N,1.0,0.0
2026-09-27T03:46:37,mobilenet_v3_small_batch7_node_2_exchange,55b7a9cc-e67f-4a2b-9cec-8beecc6857f5,5b0fa12a-3dd7-45bb-9766-cc326314d9f1,14.613744933856651,0.0001955026756814257,1.337799972329416e-05,116.60608891748572,138.0442951115341,6.0,0.0003735857575439935,0.00044134535306739053,7.929693893141422e-06,0.0008228608045045255,0.0,United Kingdom,GBR,england,,,Linux-6.4.0-150600.23.73_15.0.14-cray_shasta_c_64k-aarch64-with-glibc2.38,3.11.7,3.3.0,72,Neoverse-V2,1,1 x NVIDIA GH200 120GB,-2.5917,51.4535,64,machine,0.0,1.9090909090909092,13.0,111.58075506036931,N,1.0,0.0
2026-09-27T03:46:44,mobilenet_v3_small_batch7_node_3_exchange,76480adc-37b0-493b-87d6-b606216b0a28,5b0fa12a-3dd7-45bb-9766-cc326314d9f1,7.602538450155407,7.924822465604486e-05,1.0423916324214699e-05,116.52078587040003,139.223684140513,6.0,0.00014826088472927527,0.00017940153240658674,5.889324131809797e-06,0.0003335517412676718,0.0,United Kingdom,GBR,england,,,Linux-6.4.0-150600.23.73_15.0.14-cray_shasta_c_64k-aarch64-with-glibc2.38,3.11.7,3.3.0,72,Neoverse-V2,1,1 x NVIDIA GH200 120GB,-2.5917,51.4535,64,machine,0.0,1.75,13.0,111.5517578125,N,1.0,0.0
2026-09-27T03:47:49,mobilenet_v3_small_batch7_node_4_exchange,e3b4d445-dbfa-4d3c-8eb1-e2a4ecffb353,5b0fa12a-3dd7-45bb-9766-cc326314d9f1,9.623876665951684,0.0001144974520642962,1.1897227701325056e-05,116.86046846400001,141.55968245432345,6.0,0.00021539682177427918,0.00025731965030217907,9.197472021526968e-06,0.0004819139440979852,0.0,United Kingdom,GBR,england,,,Linux-6.4.0-150600.23.73_15.0.14-cray_shasta_c_64k-aarch64-with-glibc2.38,3.11.7,3.3.0,72,Neoverse-V2,1,1 x NVIDIA GH200 120GB,-2.5917,51.4535,64,machine,13.483333333333334,1.8333333333333333,13.0,111.55697631835938,N,1.0,0.0
2026-09-27T03:48:11,mobilenet_v3_small_batch7_node_5_exchange,77de7543-2b3e-43fe-a810-21f74c98ecb0,5b0fa12a-3dd7-45bb-9766-cc326314d9f1,16.404759827069938,0.0002272728936142919,1.3854082352322083e-05,116.77451865737144,139.23292116671024,6.0,0.0004324362414448277,0.0005145101338257518,9.633658376988023e-06,0.0009565800336475674,0.0,United Kingdom,GBR,england,,,Linux-6.4.0-150600.23.73_15.0.14-cray_shasta_c_64k-aarch64-with-glibc2.38,3.11.7,3.3.0,72,Neoverse-V2,1,1 x NVIDIA GH200 120GB,-2.5917,51.4535,64,machine,6.115384615384615,1.6923076923076923,13.007692307692308,111.52432485727164,N,1.0,0.0
2026-09-27T03:48:40,mobilenet_v3_small_batch7_node_0_evaluate,df2ff72a-b21f-414d-8f44-bbce9afae717,5b0fa12a-3dd7-45bb-9766-cc326314d9f1,13.32499320502393,0.0001755052771899736,1.3171134460601656e-05,117.56803898057143,137.68970156081625,6.0,0.00033643665336374555,0.0003926911474678718,9.56497193973822e-06,0.0007386927727713556,0.0,United Kingdom,GBR,england,,,Linux-6.4.0-150600.23.73_15.0.14-cray_shasta_c_64k-aarch64-with-glibc2.38,3.11.7,3.3.0,72,Neoverse-V2,1,1 x NVIDIA GH200 120GB,-2.5917,51.4535,64,machine,0.0,0.4,13.0,111.49971923828124,N,1.0,0.0
2026-09-27T03:48:57,mobilenet_v3_small_batch7_node_1_evaluate,63babe1a-8dc1-4cc6-ba03-1f55f2b738f9,5b0fa12a-3dd7-45bb-9766-cc326314d9f1,10.177687293151394,0.0001236980995589,1.2153851459175498e-05,118.17831849325715,136.03959711594393,6.0,0.0002381042145116138,0.00027234327342284814,1.0191512856399641e-05,0.0005206390007908616,0.0,United Kingdom,GBR,england,,,Linux-6.4.0-150600.23.73_15.0.14-cray_shasta_c_64k-aarch64-with-glibc2.38,3.11.7,3.3.0,72,Neoverse-V2,1,1 x NVIDIA GH200 120GB,-2.5917,51.4535,64,machine,0.0,0.42857142857142855,13.0,111.46735491071429,N,1.0,0.0
2026-09-27T03:51:41,mobilenet_v3_small_batch7_node_2_evaluate,a9adba87-e45b-463d-8385-80253235a061,5b0fa12a-3dd7-45bb-9766-cc326314d9f1,159.49615518702194,0.002706317098782491,1.696791434006117e-05,115.67673096483274,135.97074471795085,6.0,0.005114424783915839,0.006015836757100601,0.00026048928828327917,0.01139075082929972,0.0,United Kingdom,GBR,england,,,Linux-6.4.0-150600.23.73_15.0.14-cray_shasta_c_64k-aarch64-with-glibc2.38,3.11.7,3.3.0,72,Neoverse-V2,1,1 x NVIDIA GH200 120GB,-2.5917,51.4535,64,machine,2.8779874213836476,0.018867924528301886,13.000628930817609,111.50793265096796,N,1.0,0.0
2026-09-27T03:51:51,mobilenet_v3_small_batch7_node_3_evaluate,58b625f5-741c-4e2a-bb72-80546586ac5a,5b0fa12a-3dd7-45bb-9766-cc326314d9f1,8.784246092895046,9.985795931699995e-05,1.1367846285382189e-05,117.75591521280002,69.03704151215956,6.0,0.00019164689253939885,0.00021912295306947271,9.527219141600654e-06,0.0004202970647504722,0.0,United Kingdom,GBR,england,,,Linux-6.4.0-150600.23.73_15.0.14-cray_shasta_c_64k-aarch64-with-glibc2.38,3.11.7,3.3.0,72,Neoverse-V2,1,1 x NVIDIA GH200 120GB,-2.5917,51.4535,64,machine,0.0,0.6,13.0,111.52049560546875,N,1.0,0.0
2026-09-27T03:52:16,mobilenet_v3_small_batch7_node_4_evaluate,ce241824-a143-4d9a-b793-3f99ecb5ffad,5b0fa12a-3dd7-45bb-9766-cc326314d9f1,14.982767093926668,0.00020292266497451975,1.3543737528748969e-05,118.12242216137145,136.86991561830905,6.0,0.0003913199033554201,0.00045293314013861163,9.838118026576315e-06,0.000854091161520608,0.0,United Kingdom,GBR,england,,,Linux-6.4.0-150600.23.73_15.0.14-cray_shasta_c_64k-aarch64-with-glibc2.38,3.11.7,3.3.0,72,Neoverse-V2,1,1 x NVIDIA GH200 120GB,-2.5917,51.4535,64,machine,0.0,0.2727272727272727,13.0,111.55522571910511,N,1.0,0.0
2026-09-27T03:53:50,mobilenet_v3_small_batch7_node_5_evaluate,deca8ccd-03eb-4edf-9a66-9cc9eb350c51,5b0fa12a-3dd7-45bb-9766-cc326314d9f1,8.949791721068323,0.0001025638702457319,1.1459916994972148e-05,117.21796583040002,448.9629417015756,6.0,0.00019517926174644735,0.00022670907024746612,9.797774036802972e-06,0.00043168610603071646,0.0,United Kingdom,GBR,england,,,Linux-6.4.0-150600.23.73_15.0.14-cray_shasta_c_64k-aarch64-with-glibc2.38,3.11.7,3.3.0,72,Neoverse-V2,1,1 x NVIDIA GH200 120GB,-2.5917,51.4535,64,machine,0.0,0.6,13.0,111.57581787109375,N,1.0,0.0
2026-09-27T03:55:43,efficientnet_lite0_batch7_node_0_local_train,b2ec78ed-615a-4ab1-b359-91795032e5ed,5b0fa12a-3dd7-45bb-9766-cc326314d9f1,6.8559775210451335,7.012725843428046e-05,1.0228630157992434e-05,116.19156636000002,78.50879001554776,6.0,0.00012374377559906292,0.00016510374319977927,6.314540194968383e-06,0.00029516205899381056,0.0,United Kingdom,GBR,england,,,Linux-6.4.0-150600.23.73_15.0.14-cray_shasta_c_64k-aarch64-with-glibc2.38,3.11.7,3.3.0,72,Neoverse-V2,1,1 x NVIDIA GH200 120GB,-2.5917,51.4535,64,machine,0.0,11.666666666666666,13.300000000000002,113.88480631510417,N,1.0,0.0
2026-09-27T03:55:59,efficientnet_lite0_batch7_node_0_evaluate,e9f90248-2ac1-4222-9312-04e90c022692,5b0fa12a-3dd7-45bb-9766-cc326314d9f1,12.053656907053664,0.00015607213351017947,1.294811480977593e-05,117.95769973440002,138.92813788716916,6.0,0.00029708823774676865,0.00034985277987686914,9.95864317791226e-06,0.00065689966080155,0.0,United Kingdom,GBR,england,,,Linux-6.4.0-150600.23.73_15.0.14-cray_shasta_c_64k-aarch64-with-glibc2.38,3.11.7,3.3.0,72,Neoverse-V2,1,1 x NVIDIA GH200 120GB,-2.5917,51.4535,64,machine,0.0,1.125,13.375000000000002,114.3091812133789,N,1.0,0.0
2026-09-27T03:56:45,efficientnet_lite0_batch7_node_1_local_train,09d2edc8-ebdb-4b66-af99-3d757cd82485,5b0fa12a-3dd7-45bb-9766-cc326314d9f1,39.84055375913158,0.0006333233824382516,1.5896450292011613e-05,116.41229210600498,146.43901486062794,6.0,0.001186223588216018,0.001439798929624203,3.9603342103849474e-05,0.00266562585994407,0.0,United Kingdom,GBR,england,,,Linux-6.4.0-150600.23.73_15.0.14-cray_shasta_c_64k-aarch64-with-glibc2.38,3.11.7,3.3.0,72,Neoverse-V2,1,1 x NVIDIA GH200 120GB,-2.5917,51.4535,64,machine,0.175,2.2222222222222223,13.300000000000008,113.9642825656467,N,1.0,0.0
2026-09-27T03:57:04,efficientnet_lite0_batch7_node_1_evaluate,a075a994-7f88-4f2e-87f0-b14bc8bd81c8,5b0fa12a-3dd7-45bb-9766-cc326314d9f1,10.419552113860846,0.00013050027340245115,1.2524556907666905e-05,118.20505315885715,142.95379080062884,6.0,0.00024608912025686394,0.0002926488452317244,1.0531038558110595e-05,0.000549269004046699,0.0,United Kingdom,GBR,england,,,Linux-6.4.0-150600.23.73_15.0.14-cray_shasta_c_64k-aarch64-with-glibc2.38,3.11.7,3.3.0,72,Neoverse-V2,1,1 x NVIDIA GH200 120GB,-2.5917,51.4535,64,machine,11.971428571428572,1.7142857142857142,13.299999999999999,113.99964250837054,N,1.0,0.0
2026-09-27T03:57:37,efficientnet_lite0_batch7_node_2_local_train,d2768735-cc9f-4066-8523-64dade205709,5b0fa12a-3dd7-45bb-9766-cc326314d9f1,15.128035831963643,0.0002096465419582692,1.3858146839876748e-05,116.9601593328,145.5255128957206,6.0,0.00039154528460356823,0.0004824239970560029,8.422335621823246e-06,0.0008823916172813944,0.0,United Kingdom,GBR,england,,,Linux-6.4.0-150600.23.73_15.0.14-cray_shasta_c_64k-aarch64-with-glibc2.38,3.11.7,3.3.0,72,Neoverse-V2,1,1 x NVIDIA GH200 120GB,-2.5917,51.4535,64,machine,6.25,2.9166666666666665,13.300000000000002,113.91596984863281,N,1.0,0.0
2026-09-27T03:58:19,efficientnet_lite0_batch7_node_2_evaluate,b73f668d-cbf9-4814-853a-76944f99ebf7,5b0fa12a-3dd7-45bb-9766-cc326314d9f1,29.092275858158246,0.00044454779134310037,1.5280612404149103e-05,117.20852599597714,138.780616918295,6.0,0.0008434640357664807,0.000992584682947495,3.503029312201155e-05,0.0018710790118359872,0.0,United Kingdom,GBR,england,,,Linux-6.4.0-150600.23.73_15.0.14-cray_shasta_c_64k-aarch64-with-glibc2.38,3.11.7,3.3.0,72,Neoverse-V2,1,1 x NVIDIA GH200 120GB,-2.5917,51.4535,64,machine,2.7192307692307693,0.5,13.300000000000008,113.86645273061899,N,1.0,0.0
2026-09-27T03:58:51,efficientnet_lite0_batch7_node_3_local_train,b6798546-1256-45ba-855e-e1b45332f5c3,5b0fa12a-3dd7-45bb-9766-cc326314d9f1,6.769344899104908,6.866234369055798e-05,1.0143129758337031e-05,116.17921625760002,78.79609728080655,6.0,0.00012097485425848193,0.00016185374060739832,6.167712583361814e-06,0.0002889963074492421,0.0,United Kingdom,GBR,england,,,Linux-6.4.0-150600.23.73_15.0.14-cray_shasta_c_64k-aarch64-with-glibc2.38,3.11.7,3.3.0,72,Neoverse-V2,1,1 x NVIDIA GH200 120GB,-2.5917,51.4535,64,machine,14.433333333333332,16.0,13.300000000000002,113.9659423828125,N,1.0,0.0
2026-09-27T03:59:03,efficientnet_lite0_batch7_node_3_evaluate,b3d6b493-9655-44b3-a501-26d336c30db4,5b0fa12a-3dd7-45bb-9766-cc326314d9f1,10.95024588983506,0.00013841492513113642,1.264034858428383e-05,118.0661267232,139.36207752493704,6.0,0.00026222993031148816,0.00031053580399031944,9.815635757986456e-06,0.0005825813700597941,0.0,United Kingdom,GBR,england,,,Linux-6.4.0-150600.23.73_15.0.14-cray_shasta_c_64k-aarch64-with-glibc2.38,3.11.7,3.3.0,72,Neoverse-V2,1,1 x NVIDIA GH200 120GB,-2.5917,51.4535,64,machine,0.0,1.1428571428571428,13.299999999999999,113.86124093191964,N,1.0,0.0
2026-09-27T03:59:16,efficientnet_lite0_batch7_node_4_local_train,dab77ae1-5e2b-423a-a466-cd7e5ddceb4a,5b0fa12a-3dd7-45bb-9766-cc326314d9f1,11.875448503997177,0.00015796357771958802,1.3301693630048483e-05,116.964778104,146.49696882537225,6.0,0.0002877379532138229,0.0003674511272890868,9.671572640072555e-06,0.0006648606531429823,0.0,United Kingdom,GBR,england,,,Linux-6.4.0-150600.23.73_15.0.14-cray_shasta_c_64k-aarch64-with-glibc2.38,3.11.7,3.3.0,72,Neoverse-V2,1,1 x NVIDIA GH200 120GB,-2.5917,51.4535,64,machine,9.975,3.375,13.299999999999999,113.86735534667969,N,1.0,0.0
2026-09-27T03:59:30,efficientnet_lite0_batch7_node_4_evaluate,f6c70536-dac3-4008-b6df-194a15d9e9bc,5b0fa12a-3dd7-45bb-9766-cc326314d9f1,9.152176626957953,0.00010843226445255943,1.184770234144844e-05,117.7523698752,71.78932652714427,6.0,0.00020376826564946432,0.00024247936065080467,1.013825205503963e-05,0.00045638587835530864,0.0,United Kingdom,GBR,england,,,Linux-6.4.0-150600.23.73_15.0.14-cray_shasta_c_64k-aarch64-with-glibc2.38,3.11.7,3.3.0,72,Neoverse-V2,1,1 x NVIDIA GH200 120GB,-2.5917,51.4535,64,machine,0.0,2.6666666666666665,13.299999999999999,113.77078247070312,N,1.0,0.0
2026-09-27T03:59:44,efficientnet_lite0_batch7_node_5_local_train,bdc583aa-bee7-4ad7-820f-34353e591244,5b0fa12a-3dd7-45bb-9766-cc326314d9f1,9.132034022826701,0.00011331803048344544,1.2408848915826676e-05,116.7084518729143,79.32239632273453,6.0,0.00019960913160689252,0.0002672266026735315,1.0114084454641367e-05,0.00047694981873506537,0.0,United Kingdom,GBR,england,,,Linux-6.4.0-150600.23.73_15.0.14-cray_shasta_c_64k-aarch64-with-glibc2.38,3.11.7,3.3.0,72,Neoverse-V2,1,1 x NVIDIA GH200 120GB,-2.5917,51.4535,64,machine,0.0,9.666666666666666,13.299999999999999,113.73101806640625,N,1.0,0.0
2026-09-27T04:00:15,efficientnet_lite0_batch7_node_5_evaluate,0e622ef2-310b-4ad8-b247-b4da83022cd9,5b0fa12a-3dd7-45bb-9766-cc326314d9f1,10.131872500991449,0.0001250158991796884,1.2338874099279778e-05,118.23985453577144,138.70068177288584,6.0,0.00023677223907112377,0.00027931716789453276,1.0096145310283948e-05,0.0005261855522759405,0.0,United Kingdom,GBR,england,,,Linux-6.4.0-150600.23.73_15.0.14-cray_shasta_c_64k-aarch64-with-glibc2.38,3.11.7,3.3.0,72,Neoverse-V2,1,1 x NVIDIA GH200 120GB,-2.5917,51.4535,64,machine,0.0,2.2857142857142856,13.299999999999999,113.796630859375,N,1.0,0.0
2026-09-27T04:00:35,mobilevit_xxs_batch7_node_0_local_train,de6cb34e-bba9-4111-9704-4ed4783d78a6,5b0fa12a-3dd7-45bb-9766-cc326314d9f1,10.124945296905935,0.00012620698313148864,1.2464954568204533e-05,116.6754655625143,143.8268599435599,6.0,0.00023033789717843986,0.0002915849554909755,9.275911294777568e-06,0.000531198763964193,0.0,United Kingdom,GBR,england,,,Linux-6.4.0-150600.23.73_15.0.14-cray_shasta_c_64k-aarch64-with-glibc2.38,3.11.7,3.3.0,72,Neoverse-V2,1,1 x NVIDIA GH200 120GB,-2.5917,51.4535,64,machine,1.6857142857142857,8.714285714285714,13.299999999999999,113.63119070870536,N,1.0,0.0
2026-09-27T04:00:46,mobilevit_xxs_batch7_node_0_evaluate,3b94b061-4efb-46cf-9873-21b0cf26c658,5b0fa12a-3dd7-45bb-9766-cc326314d9f1,8.837170736165717,0.00010231071817787207,1.1577316002187231e-05,117.4042542528,71.39919056573926,6.0,0.00019224492131349853,0.00022875712744507837,9.618553112183388e-06,0.0004306206018707603,0.0,United Kingdom,GBR,england,,,Linux-6.4.0-150600.23.73_15.0.14-cray_shasta_c_64k-aarch64-with-glibc2.38,3.11.7,3.3.0,72,Neoverse-V2,1,1 x NVIDIA GH200 120GB,-2.5917,51.4535,64,machine,0.0,2.6,13.3,113.58389892578126,N,1.0,0.0
2026-09-27T04:01:13,mobilevit_xxs_batch7_node_1_local_train,d74951b3-59aa-438f-9e61-91d8dc97a0dd,5b0fa12a-3dd7-45bb-9766-cc326314d9f1,22.580225894926116,0.000342518868938657,1.5168974417373859e-05,117.23276275858287,145.56536242800163,6.0,0.0006338418898462464,0.0007857270174582709,2.2075566718510042e-05,0.0014416444740230272,0.0,United Kingdom,GBR,england,,,Linux-6.4.0-150600.23.73_15.0.14-cray_shasta_c_64k-aarch64-with-glibc2.38,3.11.7,3.3.0,72,Neoverse-V2,1,1 x NVIDIA GH200 120GB,-2.5917,51.4535,64,machine,2.805263157894737,4.157894736842105,13.300000000000006,113.61743485300164,N,1.0,0.0
2026-09-27T04:01:23,mobilevit_xxs_batch7_node_1_evaluate,4ae3627b-edd3-4442-997c-c41599b4dad5,5b0fa12a-3dd7-45bb-9766-cc326314d9f1,9.220405285945162,0.00010840525881180063,1.1757103451520165e-05,117.6529445321143,70.32608148616188,6.0,0.00020575491019070156,0.00024026241443664276,1.0254888361475121e-05,0.0004562722129888195,0.0,United Kingdom,GBR,england,,,Linux-6.4.0-150600.23.73_15.0.14-cray_shasta_c_64k-aarch64-with-glibc2.38,3.11.7,3.3.0,72,Neoverse-V2,1,1 x NVIDIA GH200 120GB,-2.5917,51.4535,64,machine,0.0,2.6666666666666665,13.299999999999999,113.7330830891927,N,1.0,0.0
2026-09-27T04:01:36,mobilevit_xxs_batch7_node_2_local_train,5d077370-8c0d-4e6e-966d-697eef16e03b,5b0fa12a-3dd7-45bb-9766-cc326314d9f1,11.75096008903347,0.0001559620667615405,1.3272282909639986e-05,116.9634998592,142.3820056693868,6.0,0.0002850087330176145,0.0003586225091112283,1.2805153333659595e-05,0.0006564363954625024,0.0,United Kingdom,GBR,england,,,Linux-6.4.0-150600.23.73_15.0.14-cray_shasta_c_64k-aarch64-with-glibc2.38,3.11.7,3.3.0,72,Neoverse-V2,1,1 x NVIDIA GH200 120GB,-2.5917,51.4535,64,machine,0.0,7.125,13.299999999999999,113.7015380859375,N,1.0,0.0
2026-09-27T04:01:46,mobilevit_xxs_batch7_node_2_evaluate,5e39f4f6-28d0-4168-9744-48471625607b,5b0fa12a-3dd7-45bb-9766-cc326314d9f1,8.98735907790251,0.00010432567470858883,1.1608045678857708e-05,117.3833698176,70.59814525289734,6.0,0.00019709407095512674,0.00023213740792016324,9.869972406498466e-06,0.0004391014512817884,0.0,United Kingdom,GBR,england,,,Linux-6.4.0-150600.23.73_15.0.14-cray_shasta_c_64k-aarch64-with-glibc2.38,3.11.7,3.3.0,72,Neoverse-V2,1,1 x NVIDIA GH200 120GB,-2.5917,51.4535,64,machine,0.0,1.4,13.3,113.71195068359376,N,1.0,0.0
2026-09-27T04:01:57,mobilevit_xxs_batch7_node_3_local_train,ad63bdbb-3ec8-4ea3-89e1-3fe8cc395bfa,5b0fa12a-3dd7-45bb-9766-cc326314d9f1,10.093101009028032,0.0001255096337299071,1.2435190494739107e-05,116.98200910902858,143.72497052434065,6.0,0.00023027757963602614,0.00028857884197464045,9.407234240012864e-06,0.0005282636558506795,0.0,United Kingdom,GBR,england,,,Linux-6.4.0-150600.23.73_15.0.14-cray_shasta_c_64k-aarch64-with-glibc2.38,3.11.7,3.3.0,72,Neoverse-V2,1,1 x NVIDIA GH200 120GB,-2.5917,51.4535,64,machine,0.0,8.0,13.299999999999999,113.77427455357143,N,1.0,0.0
2026-09-27T04:02:12,mobilevit_xxs_batch7_node_3_evaluate,7f85a0d6-2871-4aac-8030-a6d30e738093,5b0fa12a-3dd7-45bb-9766-cc326314d9f1,10.086590528022498,0.00011904341743398005,1.1802146335102474e-05,117.85646494080001,138.482591740688,6.0,0.0002253190491468184,0.0002661143795563703,9.614252098447953e-06,0.0005010476808016367,0.0,United Kingdom,GBR,england,,,Linux-6.4.0-150600.23.73_15.0.14-cray_shasta_c_64k-aarch64-with-glibc2.38,3.11.7,3.3.0,72,Neoverse-V2,1,1 x NVIDIA GH200 120GB,-2.5917,51.4535,64,machine,0.0,2.8333333333333335,13.316666666666668,113.97543334960938,N,1.0,0.0
2026-09-27T04:02:39,mobilevit_xxs_batch7_node_4_local_train,a90f9fb5-b030-42e0-9e35-e9329f298bf1,5b0fa12a-3dd7-45bb-9766-cc326314d9f1,11.89225557912141,0.0001605243871945014,1.3498228836952122e-05,116.6368875264,75.75938856215514,6.0,0.000289717998843098,0.0003712158525246423,1.4705118426742653e-05,0.0006756389697944829,0.0,United Kingdom,GBR,england,,,Linux-6.4.0-150600.23.73_15.0.14-cray_shasta_c_64k-aarch64-with-glibc2.38,3.11.7,3.3.0,72,Neoverse-V2,1,1 x NVIDIA GH200 120GB,-2.5917,51.4535,64,machine,21.25,6.125,13.299999999999999,113.81415557861328,N,1.0,0.0
2026-09-27T04:02:52,mobilevit_xxs_batch7_node_4_evaluate,0a1c23f3-d05f-43cb-863a-b879acb5b67b,5b0fa12a-3dd7-45bb-9766-cc326314d9f1,9.025843776995316,0.00010546605083564324,1.1684896552768905e-05,117.1907011008,71.38781120156766,6.0,0.0001976787142633952,0.0002362874112549207,9.935110800045853e-06,0.0004439012363183617,0.0,United Kingdom,GBR,england,,,Linux-6.4.0-150600.23.73_15.0.14-cray_shasta_c_64k-aarch64-with-glibc2.38,3.11.7,3.3.0,72,Neoverse-V2,1,1 x NVIDIA GH200 120GB,-2.5917,51.4535,64,machine,0.0,2.0,13.3,113.83402099609376,N,1.0,0.0
2026-09-27T04:03:05,mobilevit_xxs_batch7_node_5_local_train,1c617dda-6f79-4dee-8e8d-7687043d171e,5b0fa12a-3dd7-45bb-9766-cc326314d9f1,12.267269646050408,0.0001665541035458064,1.357711278478585e-05,116.74793104704,74.9092869515692,6.0,0.00030274450120215885,0.0003829319730215275,1.534126458495545e-05,0.0007010177388086418,0.0,United Kingdom,GBR,england,,,Linux-6.4.0-150600.23.73_15.0.14-cray_shasta_c_64k-aarch64-with-glibc2.38,3.11.7,3.3.0,72,Neoverse-V2,1,1 x NVIDIA GH200 120GB,-2.5917,51.4535,64,machine,9.766666666666666,6.111111111111111,13.299999999999999,113.86370849609375,N,1.0,0.0
2026-09-27T04:03:22,mobilevit_xxs_batch7_node_5_evaluate,5872f0bf-3e44-42e6-aa32-2c33d11eed58,5b0fa12a-3dd7-45bb-9766-cc326314d9f1,9.018600950948894,0.00010547518674093484,1.1695293684087136e-05,117.38303501760001,71.40310641034455,6.0,0.00019815664406962438,0.0002358660220238562,9.917022784939036e-06,0.0004439396888784196,0.0,United Kingdom,GBR,england,,,Linux-6.4.0-150600.23.73_15.0.14-cray_shasta_c_64k-aarch64-with-glibc2.38,3.11.7,3.3.0,72,Neoverse-V2,1,1 x NVIDIA GH200 120GB,-2.5917,51.4535,64,machine,0.0,2.4,13.3,113.76185302734375,N,1.0,0.0
2026-09-27T04:03:48,mobilevit_xxs_batch7_node_0_exchange,6a324f43-ca0e-4ce4-9915-a45af6683a60,5b0fa12a-3dd7-45bb-9766-cc326314d9f1,6.714862315915525,6.635609469709245e-05,9.881973981777057e-06,116.1605534688,76.11909529783604,6.0,0.0001190710073640355,0.0001541381788712215,6.0802366634986055e-06,0.0002792894228987556,0.0,United Kingdom,GBR,england,,,Linux-6.4.0-150600.23.73_15.0.14-cray_shasta_c_64k-aarch64-with-glibc2.38,3.11.7,3.3.0,72,Neoverse-V2,1,1 x NVIDIA GH200 120GB,-2.5917,51.4535,64,machine,0.0,12.666666666666666,13.300000000000002,113.91094970703125,N,1.0,0.0
2026-09-27T04:04:24,mobilevit_xxs_batch7_node_2_exchange,76fa9489-00b7-45de-b0c4-482fc9843a16,5b0fa12a-3dd7-45bb-9766-cc326314d9f1,8.166565652936697,9.192427279277112e-05,1.1256172631112706e-05,116.4756959136,74.66471252999963,6.0,0.0001671242614758488,0.00021128544679527295,8.494873981301983e-06,0.0003869045822524238,0.0,United Kingdom,GBR,england,,,Linux-6.4.0-150600.23.73_15.0.14-cray_shasta_c_64k-aarch64-with-glibc2.38,3.11.7,3.3.0,72,Neoverse-V2,1,1 x NVIDIA GH200 120GB,-2.5917,51.4535,64,machine,23.3,7.4,13.3,113.90660400390625,N,1.0,0.0
2026-09-27T04:04:32,mobilevit_xxs_batch7_node_3_exchange,6444ae40-677d-4cff-8cdd-7f6b64b95155,5b0fa12a-3dd7-45bb-9766-cc326314d9f1,6.8516997350379825,6.851820263261672e-05,1.0000175909961543e-05,116.20906508160002,75.50233874227585,6.0,0.0001236285621319282,0.00015845262674929472,6.308436196607848e-06,0.00028838962507783076,0.0,United Kingdom,GBR,england,,,Linux-6.4.0-150600.23.73_15.0.14-cray_shasta_c_64k-aarch64-with-glibc2.38,3.11.7,3.3.0,72,Neoverse-V2,1,1 x NVIDIA GH200 120GB,-2.5917,51.4535,64,machine,0.0,6.333333333333333,13.300000000000002,113.94492594401042,N,1.0,0.0
2026-09-27T04:04:42,mobilevit_xxs_batch7_node_4_exchange,c56c8d2d-a5ca-492f-abca-9d0f3e47ec15,5b0fa12a-3dd7-45bb-9766-cc326314d9f1,8.94088956201449,0.00010676275564912412,1.1940954522322629e-05,116.57703741120001,75.70901983994383,6.0,0.00019279087288618976,0.0002467793640761329,9.78876387157167e-06,0.00044935900083389435,0.0,United Kingdom,GBR,england,,,Linux-6.4.0-150600.23.73_15.0.14-cray_shasta_c_64k-aarch64-with-glibc2.38,3.11.7,3.3.0,72,Neoverse-V2,1,1 x NVIDIA GH200 120GB,-2.5917,51.4535,64,machine,0.0,9.4,13.3,113.9156982421875,N,1.0,0.0
2026-09-27T04:04:54,mobilevit_xxs_batch7_node_0_evaluate,153e84b4-8141-4649-a610-e97086cb66f5,5b0fa12a-3dd7-45bb-9766-cc326314d9f1,8.815535942092538,0.00010100595753017005,1.145772170786412e-05,117.4152189312,70.34397068732433,6.0,0.00019123030927785357,0.0002243257350045269,9.572886476914087e-06,0.0004251289307592946,0.0,United Kingdom,GBR,england,,,Linux-6.4.0-150600.23.73_15.0.14-cray_shasta_c_64k-aarch64-with-glibc2.38,3.11.7,3.3.0,72,Neoverse-V2,1,1 x NVIDIA GH200 120GB,-2.5917,51.4535,64,machine,0.0,3.0,13.3,113.77867431640625,N,1.0,0.0
2026-09-27T04:05:12,mobilevit_xxs_batch7_node_2_evaluate,5d7790db-668e-48b5-aebc-b0d2985ffb8f,5b0fa12a-3dd7-45bb-9766-cc326314d9f1,17.1054579380434,0.0002388169313051031,1.3961446233717147e-05,117.83265819428573,137.9978140949768,6.0,0.0004585584276009622,0.0005368762628421564,9.733609878458082e-06,0.0010051683003215767,0.0,United Kingdom,GBR,england,,,Linux-6.4.0-150600.23.73_15.0.14-cray_shasta_c_64k-aarch64-with-glibc2.38,3.11.7,3.3.0,72,Neoverse-V2,1,1 x NVIDIA GH200 120GB,-2.5917,51.4535,64,machine,7.485714285714287,1.1428571428571428,13.300000000000002,114.06752232142857,N,1.0,0.0
2026-09-27T04:05:31,mobilevit_xxs_batch7_node_3_evaluate,446d050d-5970-4036-8101-aaed7b8f2df3,5b0fa12a-3dd7-45bb-9766-cc326314d9f1,14.962625643005595,0.00020343592453913784,1.359627176358821e-05,117.63155038628571,138.68780898095252,6.0,0.0003887163682833266,0.0004579836997180564,9.551376885113618e-06,0.0008562514448864966,0.0,United Kingdom,GBR,england,,,Linux-6.4.0-150600.23.73_15.0.14-cray_shasta_c_64k-aarch64-with-glibc2.38,3.11.7,3.3.0,72,Neoverse-V2,1,1 x NVIDIA GH200 120GB,-2.5917,51.4535,64,machine,0.0,1.0909090909090908,13.3,113.89396528764205,N,1.0,0.0
2026-09-27T04:05:43,mobilevit_xxs_batch7_node_4_evaluate,f86e5c3e-4cbc-449d-93b1-0834cea985ae,5b0fa12a-3dd7-45bb-9766-cc326314d9f1,9.043358887080103,0.000105564577172503,1.1673160215207098e-05,117.1999534176,71.28173116858841,6.0,0.00019815119416978266,0.000236217688978968,9.94704550326181e-06,0.0004443159286520125,0.0,United Kingdom,GBR,england,,,Linux-6.4.0-150600.23.73_15.0.14-cray_shasta_c_64k-aarch64-with-glibc2.38,3.11.7,3.3.0,72,Neoverse-V2,1,1 x NVIDIA GH200 120GB,-2.5917,51.4535,64,machine,0.0,3.2,13.3,114.0340576171875,N,1.0,0.0
2026-09-27T04:06:45,mobilenet_v3_small_batch8_node_0_local_train,2424ae97-b2d9-4f7e-a5ca-154671a0a25e,5b0fa12a-3dd7-45bb-9766-cc326314d9f1,9.600007568951696,0.00013561464411510643,1.4126514290854388e-05,142.0071603593143,71.03349175974175,6.0,0.00030515799213069305,0.00025476492602649614,1.0872211731427039e-05,0.0005707951298886162,0.0,United Kingdom,GBR,england,,,Linux-6.4.0-150600.23.73_15.0.14-cray_shasta_c_64k-aarch64-with-glibc2.38,3.11.7,3.3.0,72,Neoverse-V2,1,1 x NVIDIA GH200 120GB,-2.5917,51.4535,64,machine,0.0,1.1666666666666667,12.9,110.56383260091145,N,1.0,0.0
