timestamp,project_name,run_id,experiment_id,duration,emissions,emissions_rate,cpu_power,gpu_power,ram_power,cpu_energy,gpu_energy,ram_energy,energy_consumed,water_consumed,country_name,country_iso_code,region,cloud_provider,cloud_region,os,python_version,codecarbon_version,cpu_count,cpu_model,gpu_count,gpu_model,longitude,latitude,ram_total_size,tracking_mode,cpu_utilization_percent,gpu_utilization_percent,ram_utilization_percent,ram_used_gb,on_cloud,pue,wue
2026-09-26T20:13:49,mobilenet_v3_small_batch0_node_0_local_train,c9325fae-2619-45b7-a5f4-3637b62daf95,5b0fa12a-3dd7-45bb-9766-cc326314d9f1,89.01024240395054,0.0015661480397100478,1.759514408018888e-05,119.6982181625143,128.31261236386868,6.0,0.0028783680107171286,0.003570317300699344,0.00014315201989957134,0.0065918373313160455,0.0,United Kingdom,GBR,england,,,Linux-6.4.0-150600.23.73_15.0.14-cray_shasta_c_64k-aarch64-with-glibc2.38,3.11.7,3.3.0,72,Neoverse-V2,1,1 x NVIDIA GH200 120GB,-2.5917,51.4535,64,machine,4.152941176470589,3.0588235294117645,21.09999999999997,180.57142046760111,N,1.0,0.0
2026-09-26T20:14:06,mobilenet_v3_small_batch0_node_0_evaluate,27591258-e264-453f-8b18-d5c41f007c44,5b0fa12a-3dd7-45bb-9766-cc326314d9f1,16.65444047213532,0.0002385590990516467,1.4324053663092547e-05,116.04270751089231,142.71996210950095,6.0,0.00043946935896934535,0.000543667657154856,2.0946081374616673e-05,0.001004083097498818,0.0,United Kingdom,GBR,england,,,Linux-6.4.0-150600.23.73_15.0.14-cray_shasta_c_64k-aarch64-with-glibc2.38,3.11.7,3.3.0,72,Neoverse-V2,1,1 x NVIDIA GH200 120GB,-2.5917,51.4535,64,machine,0.0,0.3076923076923077,21.099999999999998,180.4818631685697,N,1.0,0.0
2026-09-26T20:16:02,mobilenet_v3_small_batch0_node_1_local_train,37a4bcec-6504-4763-b595-a359f1b98ce2,5b0fa12a-3dd7-45bb-9766-cc326314d9f1,108.23042321996763,0.001945963330576399,1.797981817572145e-05,116.88083927376,149.01566120236902,6.0,0.0035187386245464102,0.004493865817309484,0.00017785610377710933,0.008190460545633,0.0,United Kingdom,GBR,england,,,Linux-6.4.0-150600.23.73_15.0.14-cray_shasta_c_64k-aarch64-with-glibc2.38,3.11.7,3.3.0,72,Neoverse-V2,1,1 x NVIDIA GH200 120GB,-2.5917,51.4535,64,machine,4.148148148148149,3.175925925925926,21.09999999999996,180.5832694724754,N,1.0,0.0
2026-09-26T20:17:46,mobilenet_v3_small_batch0_node_1_evaluate,96bec2b7-4d4d-4893-a9cd-60beff0caa9b,5b0fa12a-3dd7-45bb-9766-cc326314d9f1,11.712214597966522,0.00015443880482603797,1.3186131754523323e-05,116.4763044288,73.46307640348368,6.0,0.0002831616271088357,0.00035246000419419943,1.4403432256464537e-05,0.0006500250635594997,0.0,United Kingdom,GBR,england,,,Linux-6.4.0-150600.23.73_15.0.14-cray_shasta_c_64k-aarch64-with-glibc2.38,3.11.7,3.3.0,72,Neoverse-V2,1,1 x NVIDIA GH200 120GB,-2.5917,51.4535,64,machine,9.774999999999999,0.125,21.099999999999998,180.51383209228516,N,1.0,0.0
2026-09-26T20:19:12,mobilenet_v3_small_batch0_node_2_local_train,a755560c-43be-4fb1-bac5-65a3c6f79295,5b0fa12a-3dd7-45bb-9766-cc326314d9f1,85.24565246980637,0.0014859497212654632,1.7431384219761587e-05,117.94568883881142,128.13149321663158,6.0,0.0027054435011114415,0.003411984396251455,0.00013685879632015712,0.006254286693683055,0.0,United Kingdom,GBR,england,,,Linux-6.4.0-150600.23.73_15.0.14-cray_shasta_c_64k-aarch64-with-glibc2.38,3.11.7,3.3.0,72,Neoverse-V2,1,1 x NVIDIA GH200 120GB,-2.5917,51.4535,64,machine,4.834146341463415,3.024390243902439,21.099999999999973,180.46707972084604,N,1.0,0.0
2026-09-26T20:19:29,mobilenet_v3_small_batch0_node_2_evaluate,4315bfd6-e12c-4e73-a561-ab5e9e9fbe9d,5b0fa12a-3dd7-45bb-9766-cc326314d9f1,11.051997194997966,0.00014721649527031316,1.3320352210815075e-05,122.75840516400001,142.10494618877203,6.0,0.00028393481196961905,0.00032358914776864367,1.2102770751419789e-05,0.0006196267304896825,0.0,United Kingdom,GBR,england,,,Linux-6.4.0-150600.23.73_15.0.14-cray_shasta_c_64k-aarch64-with-glibc2.38,3.11.7,3.3.0,72,Neoverse-V2,1,1 x NVIDIA GH200 120GB,-2.5917,51.4535,64,machine,0.0,0.42857142857142855,21.099999999999998,180.52528599330358,N,1.0,0.0
2026-09-26T20:28:25,mobilenet_v3_small_batch0_node_3_local_train,458a379b-837d-4ca2-875d-03d55094de90,5b0fa12a-3dd7-45bb-9766-cc326314d9f1,528.8186398628168,0.009379506912598591,1.773671766757649e-05,117.75953077024543,140.4073806548702,6.0,0.017259506316433925,0.021194264177609057,0.00102409637941746,0.03947786687346044,0.0,United Kingdom,GBR,england,,,Linux-6.4.0-150600.23.73_15.0.14-cray_shasta_c_64k-aarch64-with-glibc2.38,3.11.7,3.3.0,72,Neoverse-V2,1,1 x NVIDIA GH200 120GB,-2.5917,51.4535,64,machine,3.6433712121212114,0.4659090909090909,21.150946969697145,181.25355460427025,N,1.0,0.0
2026-09-26T20:28:38,mobilenet_v3_small_batch0_node_3_evaluate,4ae220db-b7b1-47fc-92b1-17d3ab4b1634,5b0fa12a-3dd7-45bb-9766-cc326314d9f1,11.172362198820338,0.00015242004868451026,1.3642598223373381e-05,125.24423713920001,73.09713745067957,6.0,0.00029967369686361957,0.0003283724849296732,1.348203998679916e-05,0.000641528221780092,0.0,United Kingdom,GBR,england,,,Linux-6.4.0-150600.23.73_15.0.14-cray_shasta_c_64k-aarch64-with-glibc2.38,3.11.7,3.3.0,72,Neoverse-V2,1,1 x NVIDIA GH200 120GB,-2.5917,51.4535,64,machine,0.0,0.625,21.2,181.31485748291016,N,1.0,0.0
2026-09-26T20:31:01,mobilenet_v3_small_batch0_node_4_local_train,e53a814b-68e9-4310-8ef4-8690f97586df,5b0fa12a-3dd7-45bb-9766-cc326314d9f1,95.13060562103055,0.0016594078600168712,1.7443469945176353e-05,117.82095281989716,149.18393652741747,6.0,0.0030151065209310505,0.0038201616672211003,0.0001490949768801996,0.006984363165032351,0.0,United Kingdom,GBR,england,,,Linux-6.4.0-150600.23.73_15.0.14-cray_shasta_c_64k-aarch64-with-glibc2.38,3.11.7,3.3.0,72,Neoverse-V2,1,1 x NVIDIA GH200 120GB,-2.5917,51.4535,64,machine,5.629347826086957,3.0217391304347827,21.234782608695664,181.9962317425272,N,1.0,0.0
2026-09-26T20:31:23,mobilenet_v3_small_batch0_node_4_evaluate,5cfd3f67-786b-45ea-8ffb-18383b29fc98,5b0fa12a-3dd7-45bb-9766-cc326314d9f1,16.264624879928306,0.00023140155760068815,1.4227291395220187e-05,116.65518851520001,144.11597615424256,6.0,0.0004294354621078568,0.0005309382025302511,1.3583705445053054e-05,0.0009739573700831611,0.0,United Kingdom,GBR,england,,,Linux-6.4.0-150600.23.73_15.0.14-cray_shasta_c_64k-aarch64-with-glibc2.38,3.11.7,3.3.0,72,Neoverse-V2,1,1 x NVIDIA GH200 120GB,-2.5917,51.4535,64,machine,6.438461538461539,0.3076923076923077,21.199999999999996,181.83418626051682,N,1.0,0.0
2026-09-26T20:33:08,mobilenet_v3_small_batch0_node_5_local_train,04e7599b-8cbf-4bbe-bb23-3b8a4bf4a2c2,5b0fa12a-3dd7-45bb-9766-cc326314d9f1,100.0548721619416,0.0017992512175914676,1.7982644709988027e-05,124.46954767642237,130.8771156281402,6.0,0.0033841562399924007,0.004027196555085766,0.00016160393941487804,0.007572956734493043,0.0,United Kingdom,GBR,england,,,Linux-6.4.0-150600.23.73_15.0.14-cray_shasta_c_64k-aarch64-with-glibc2.38,3.11.7,3.3.0,72,Neoverse-V2,1,1 x NVIDIA GH200 120GB,-2.5917,51.4535,64,machine,7.846875,2.8333333333333335,21.20000000000003,181.45594469706217,N,1.0,0.0
2026-09-26T20:34:10,mobilenet_v3_small_batch0_node_5_evaluate,31031ffb-42e0-4082-904d-c9f5eb9f21b5,5b0fa12a-3dd7-45bb-9766-cc326314d9f1,57.58586017601192,0.0009528949635479141,1.6547377440145523e-05,116.1430395395151,142.521488027742,6.0,0.0017640862312204185,0.002175192851268548,7.14072857684611e-05,0.004010686368257428,0.0,United Kingdom,GBR,england,,,Linux-6.4.0-150600.23.73_15.0.14-cray_shasta_c_64k-aarch64-with-glibc2.38,3.11.7,3.3.0,72,Neoverse-V2,1,1 x NVIDIA GH200 120GB,-2.5917,51.4535,64,machine,1.512962962962963,0.1111111111111111,21.20000000000002,181.2607139304832,N,1.0,0.0
2026-09-26T20:34:35,mobilenet_v3_small_batch0_node_0_knowledge_extraction,ddfdf613-3f8d-43bb-a6b4-41ea3a508789,5b0fa12a-3dd7-45bb-9766-cc326314d9f1,24.45777583308518,0.0003801295671314197,1.5542278648952234e-05,116.74996599908572,97.21775069051323,6.0,0.0006980641574804105,0.0008662306929778651,3.5651136651479955e-05,0.0015999459871097557,0.0,United Kingdom,GBR,england,,,Linux-6.4.0-150600.23.73_15.0.14-cray_shasta_c_64k-aarch64-with-glibc2.38,3.11.7,3.3.0,72,Neoverse-V2,1,1 x NVIDIA GH200 120GB,-2.5917,51.4535,64,machine,3.3857142857142852,0.5714285714285714,21.199999999999996,181.20306105840774,N,1.0,0.0
2026-09-26T20:36:29,mobilenet_v3_small_batch0_node_1_knowledge_extraction,ea89d8ef-ae4b-480d-b78a-44dba037e04e,5b0fa12a-3dd7-45bb-9766-cc326314d9f1,29.109139626845717,0.00046257076822781257,1.5890911725924377e-05,116.65529293248001,144.7413272891891,6.0,0.0008487287791604839,0.0010564819563114725,4.1726068116646885e-05,0.001946936803588603,0.0,United Kingdom,GBR,england,,,Linux-6.4.0-150600.23.73_15.0.14-cray_shasta_c_64k-aarch64-with-glibc2.38,3.11.7,3.3.0,72,Neoverse-V2,1,1 x NVIDIA GH200 120GB,-2.5917,51.4535,64,machine,5.161538461538461,0.5384615384615384,21.199999999999996,181.27755502554086,N,1.0,0.0
2026-09-26T20:36:57,mobilenet_v3_small_batch0_node_2_knowledge_extraction,082c14f7-f0be-497e-8464-a49bf35ae415,5b0fa12a-3dd7-45bb-9766-cc326314d9f1,20.372552823042497,0.0003065691988153441,1.5048148431776168e-05,116.72058965760003,144.59237968733345,6.0,0.0005635811708359898,0.0006996100041192221,2.714296852510112e-05,0.001290334143480313,0.0,United Kingdom,GBR,england,,,Linux-6.4.0-150600.23.73_15.0.14-cray_shasta_c_64k-aarch64-with-glibc2.38,3.11.7,3.3.0,72,Neoverse-V2,1,1 x NVIDIA GH200 120GB,-2.5917,51.4535,64,machine,5.7176470588235295,0.47058823529411764,21.199999999999996,181.18048813763787,N,1.0,0.0
2026-09-26T20:37:46,mobilenet_v3_small_batch0_node_3_knowledge_extraction,2323f242-bd97-49e6-9acc-ca1b03ba1691,5b0fa12a-3dd7-45bb-9766-cc326314d9f1,46.821940841153264,0.0007640031275147577,1.6317203298058323e-05,116.76401906728697,144.85966756208387,6.0,0.0014129227935186417,0.001753571125078679,4.9156332528606676e-05,0.0032156502511259265,0.0,United Kingdom,GBR,england,,,Linux-6.4.0-150600.23.73_15.0.14-cray_shasta_c_64k-aarch64-with-glibc2.38,3.11.7,3.3.0,72,Neoverse-V2,1,1 x NVIDIA GH200 120GB,-2.5917,51.4535,64,machine,1.0465116279069768,0.27906976744186046,21.200000000000017,181.32972894712935,N,1.0,0.0
2026-09-26T20:38:24,mobilenet_v3_small_batch0_node_4_knowledge_extraction,5670d23c-be4c-46c5-ba36-1e2806dbc1e0,5b0fa12a-3dd7-45bb-9766-cc326314d9f1,28.80577261885628,0.0004553764617004941,1.580851406854487e-05,116.73139645649455,145.3808913705415,6.0,0.0008378745527995045,0.0010426850008116162,3.609678022796289e-05,0.0019166563338390839,0.0,United Kingdom,GBR,england,,,Linux-6.4.0-150600.23.73_15.0.14-cray_shasta_c_64k-aarch64-with-glibc2.38,3.11.7,3.3.0,72,Neoverse-V2,1,1 x NVIDIA GH200 120GB,-2.5917,51.4535,64,machine,3.52,0.48,21.199999999999996,181.32267578125,N,1.0,0.0
2026-09-26T20:42:46,mobilenet_v3_small_batch0_node_5_knowledge_extraction,2961f135-2724-44a5-a31c-c38c0a22657b,5b0fa12a-3dd7-45bb-9766-cc326314d9f1,27.126386469928548,0.00042736322702644543,1.575452106384338e-05,116.70027653376,144.82555772650292,6.0,0.0007841804889015393,0.000976153836489857,3.8415730488486585e-05,0.0017987500558798828,0.0,United Kingdom,GBR,england,,,Linux-6.4.0-150600.23.73_15.0.14-cray_shasta_c_64k-aarch64-with-glibc2.38,3.11.7,3.3.0,72,Neoverse-V2,1,1 x NVIDIA GH200 120GB,-2.5917,51.4535,64,machine,3.091666666666667,0.625,21.199999999999992,181.95099894205728,N,1.0,0.0
2026-09-26T20:47:09,mobilenet_v3_small_batch0_node_0_distill,e9714f5d-41e0-4247-bbe6-61edc225a529,5b0fa12a-3dd7-45bb-9766-cc326314d9f1,226.00420633004978,0.003977233410558266,1.75980503865049e-05,115.66352444470677,136.49596315163512,6.0,0.0072568230927455525,0.009060064470261864,0.00042308529162080955,0.016739972854628228,0.0,United Kingdom,GBR,england,,,Linux-6.4.0-150600.23.73_15.0.14-cray_shasta_c_64k-aarch64-with-glibc2.38,3.11.7,3.3.0,72,Neoverse-V2,1,1 x NVIDIA GH200 120GB,-2.5917,51.4535,64,machine,1.8488888888888892,0.6755555555555556,21.220444444444425,181.96056504991319,N,1.0,0.0
2026-09-26T20:48:17,mobilenet_v3_small_batch0_node_1_distill,97576cff-b36c-4822-b2f4-e0aaa927a555,5b0fa12a-3dd7-45bb-9766-cc326314d9f1,58.84850377193652,0.001001775603399051,1.7022957920584798e-05,116.717702511456,407.64162820739546,6.0,0.0018149767398915506,0.0023084954578962424,9.295029399024012e-05,0.004216422491778033,0.0,United Kingdom,GBR,england,,,Linux-6.4.0-150600.23.73_15.0.14-cray_shasta_c_64k-aarch64-with-glibc2.38,3.11.7,3.3.0,72,Neoverse-V2,1,1 x NVIDIA GH200 120GB,-2.5917,51.4535,64,machine,4.998181818181818,3.018181818181818,21.29999999999998,182.42586669921874,N,1.0,0.0
2026-09-26T20:49:01,mobilenet_v3_small_batch0_node_2_distill,6ea36d50-4606-44f6-bd85-28c8c28a6769,5b0fa12a-3dd7-45bb-9766-cc326314d9f1,39.16671165404841,0.0006485622815388316,1.6559017955539648e-05,116.56423491624001,111.85073263320052,6.0,0.0011738637167539134,0.0014957620299611563,6.013986338822482e-05,0.0027297656101032946,0.0,United Kingdom,GBR,england,,,Linux-6.4.0-150600.23.73_15.0.14-cray_shasta_c_64k-aarch64-with-glibc2.38,3.11.7,3.3.0,72,Neoverse-V2,1,1 x NVIDIA GH200 120GB,-2.5917,51.4535,64,machine,6.986111111111111,3.361111111111111,21.29999999999999,182.46635945638022,N,1.0,0.0
2026-09-26T20:50:00,mobilenet_v3_small_batch0_node_3_distill,6e5b7b25-01c2-445c-bb6c-5c5a07c4bf48,5b0fa12a-3dd7-45bb-9766-cc326314d9f1,50.78143791621551,0.0008561307896000858,1.6859128546391683e-05,116.63257698489602,147.56206946103742,6.0,0.0015505043900644173,0.0019750835245133658,7.782297397381627e-05,0.003603410888551599,0.0,United Kingdom,GBR,england,,,Linux-6.4.0-150600.23.73_15.0.14-cray_shasta_c_64k-aarch64-with-glibc2.38,3.11.7,3.3.0,72,Neoverse-V2,1,1 x NVIDIA GH200 120GB,-2.5917,51.4535,64,machine,2.6340425531914895,3.0425531914893615,21.29999999999998,182.44087511427858,N,1.0,0.0
2026-09-26T20:50:57,mobilenet_v3_small_batch0_node_4_distill,ed5303c9-0577-408b-b55e-5dc1ddb83256,5b0fa12a-3dd7-45bb-9766-cc326314d9f1,51.717888079117984,0.0008746279989340919,1.6911518072742774e-05,116.66870536694401,119.74129240369288,6.0,0.001581984153063962,0.0020182180034566954,8.106254400879455e-05,0.003681264700529452,0.0,United Kingdom,GBR,england,,,Linux-6.4.0-150600.23.73_15.0.14-cray_shasta_c_64k-aarch64-with-glibc2.38,3.11.7,3.3.0,72,Neoverse-V2,1,1 x NVIDIA GH200 120GB,-2.5917,51.4535,64,machine,4.720833333333333,3.5,21.29999999999998,182.4049072265625,N,1.0,0.0
2026-09-26T20:59:07,mobilenet_v3_small_batch0_node_5_distill,f4ff1922-4395-4892-b59f-179782de5be1,5b0fa12a-3dd7-45bb-9766-cc326314d9f1,83.3994241009932,0.0014341526598240645,1.719619380209827e-05,120.34289852156571,147.14805494576052,6.0,0.0026732791010692235,0.0032777323444008744,8.526405475956078e-05,0.00603627550022966,0.0,United Kingdom,GBR,england,,,Linux-6.4.0-150600.23.73_15.0.14-cray_shasta_c_64k-aarch64-with-glibc2.38,3.11.7,3.3.0,72,Neoverse-V2,1,1 x NVIDIA GH200 120GB,-2.5917,51.4535,64,machine,2.68,1.925,21.296249999999976,182.2388458251953,N,1.0,0.0
2026-09-26T21:00:31,mobilenet_v3_small_batch0_node_0_evaluate,3ebba80c-f495-4f4c-932a-2c0848bae8b8,5b0fa12a-3dd7-45bb-9766-cc326314d9f1,17.38898281380534,0.000250607811566016,1.4411872980117917e-05,116.52021961508572,145.16907997593057,6.0,0.0004640689188251557,0.0005776782399209424,1.3048356054738784e-05,0.0010547955148008368,0.0,United Kingdom,GBR,england,,,Linux-6.4.0-150600.23.73_15.0.14-cray_shasta_c_64k-aarch64-with-glibc2.38,3.11.7,3.3.0,72,Neoverse-V2,1,1 x NVIDIA GH200 120GB,-2.5917,51.4535,64,machine,0.7928571428571428,0.14285714285714285,21.257142857142856,181.89568219866072,N,1.0,0.0
2026-09-26T21:31:16,mobilenet_v3_small_batch0_node_1_evaluate,23250359-d567-4dd9-aa3f-dbf505911aae,5b0fa12a-3dd7-45bb-9766-cc326314d9f1,12.494590212823823,0.00016705688753410768,1.3370337457137957e-05,116.6029140672,143.68597783861287,6.0,0.00030859375944300785,0.0003805008599613302,1.4039311603022118e-05,0.0007031339310073602,0.0,United Kingdom,GBR,england,,,Linux-6.4.0-150600.23.73_15.0.14-cray_shasta_c_64k-aarch64-with-glibc2.38,3.11.7,3.3.0,72,Neoverse-V2,1,1 x NVIDIA GH200 120GB,-2.5917,51.4535,64,machine,1.7111111111111112,0.6666666666666666,21.5,184.4140150282118,N,1.0,0.0
2026-09-26T21:31:42,mobilenet_v3_small_batch0_node_2_evaluate,491d03af-f4f2-42e2-8a67-773414a2792f,5b0fa12a-3dd7-45bb-9766-cc326314d9f1,21.113804949913174,0.0003134301852199903,1.4844798744874225e-05,116.53158214080001,144.91879134093733,6.0,0.0005818108562042464,0.0007253733580512289,1.2027471554853644e-05,0.0013192116858103291,0.0,United Kingdom,GBR,england,,,Linux-6.4.0-150600.23.73_15.0.14-cray_shasta_c_64k-aarch64-with-glibc2.38,3.11.7,3.3.0,72,Neoverse-V2,1,1 x NVIDIA GH200 120GB,-2.5917,51.4535,64,machine,0.7222222222222222,0.3333333333333333,21.5,183.96807861328125,N,1.0,0.0
2026-09-26T21:32:41,mobilenet_v3_small_batch0_node_3_evaluate,64355604-3612-48d5-9211-b1dd3f8d0825,5b0fa12a-3dd7-45bb-9766-cc326314d9f1,13.02511251391843,0.00017639625421885747,1.3542781609783655e-05,116.6079912264,143.9611222247708,6.0,0.0003253525092152367,0.00040387448976275664,1.3215850728253524e-05,0.0007424428497062468,0.0,United Kingdom,GBR,england,,,Linux-6.4.0-150600.23.73_15.0.14-cray_shasta_c_64k-aarch64-with-glibc2.38,3.11.7,3.3.0,72,Neoverse-V2,1,1 x NVIDIA GH200 120GB,-2.5917,51.4535,64,machine,0.0,0.4444444444444444,21.5,183.9085896809896,N,1.0,0.0
2026-09-26T21:32:54,mobilenet_v3_small_batch0_node_4_evaluate,d682357b-8d45-4534-a595-21226ae068e0,5b0fa12a-3dd7-45bb-9766-cc326314d9f1,12.091073827818036,0.00015977849251373283,1.3214582491931287e-05,116.44020797760001,144.58757954708744,6.0,0.0002949123686497426,0.00036418279134409204,1.3404377079568805e-05,0.0006724995370734033,0.0,United Kingdom,GBR,england,,,Linux-6.4.0-150600.23.73_15.0.14-cray_shasta_c_64k-aarch64-with-glibc2.38,3.11.7,3.3.0,72,Neoverse-V2,1,1 x NVIDIA GH200 120GB,-2.5917,51.4535,64,machine,10.355555555555554,0.3333333333333333,21.5,183.88671875,N,1.0,0.0
2026-09-26T21:33:07,mobilenet_v3_small_batch0_node_5_evaluate,d15ab069-b9c2-443f-97f6-867083412c55,5b0fa12a-3dd7-45bb-9766-cc326314d9f1,12.250759057002142,0.00016320407663829333,1.3321956286864616e-05,116.7043896864,143.94617069001464,6.0,0.00030100734877684725,0.0003722664089167438,1.3643888486549261e-05,0.0006869176461801402,0.0,United Kingdom,GBR,england,,,Linux-6.4.0-150600.23.73_15.0.14-cray_shasta_c_64k-aarch64-with-glibc2.38,3.11.7,3.3.0,72,Neoverse-V2,1,1 x NVIDIA GH200 120GB,-2.5917,51.4535,64,machine,10.18888888888889,0.4444444444444444,21.5,183.8729044596354,N,1.0,0.0
2026-09-26T21:34:45,efficientnet_lite0_batch0_node_0_local_train,9be2a2d7-eb6d-48f6-88df-f1e981e42610,5b0fa12a-3dd7-45bb-9766-cc326314d9f1,90.1706763971597,0.001680257572301596,1.8634190619806894e-05,118.91580154439511,143.33817544877664,6.0,0.0028820903258520735,0.004044897402565084,0.00014513081369378294,0.00707211854211094,0.0,United Kingdom,GBR,england,,,Linux-6.4.0-150600.23.73_15.0.14-cray_shasta_c_64k-aarch64-with-glibc2.38,3.11.7,3.3.0,72,Neoverse-V2,1,1 x NVIDIA GH200 120GB,-2.5917,51.4535,64,machine,4.35287356321839,7.908045977011494,21.79080459770113,186.59701222386855,N,1.0,0.0
2026-09-26T21:35:22,efficientnet_lite0_batch0_node_0_evaluate,27d68042-67e6-4738-8a18-817256ce9b68,5b0fa12a-3dd7-45bb-9766-cc326314d9f1,12.685197467915714,0.00018022713041531595,1.4207672436409365e-05,124.5846059712,144.50468111647137,6.0,0.0003444471870818413,0.0004007067094562444,1.341291596298106e-05,0.0007585668125010668,0.0,United Kingdom,GBR,england,,,Linux-6.4.0-150600.23.73_15.0.14-cray_shasta_c_64k-aarch64-with-glibc2.38,3.11.7,3.3.0,72,Neoverse-V2,1,1 x NVIDIA GH200 120GB,-2.5917,51.4535,64,machine,0.0,2.2222222222222223,21.699999999999996,185.97008599175348,N,1.0,0.0
2026-09-26T21:37:33,efficientnet_lite0_batch0_node_1_local_train,dbbd6121-1205-4c86-9e1f-81a27eae5f87,5b0fa12a-3dd7-45bb-9766-cc326314d9f1,126.42025488987565,0.0024450619232594356,1.9340745083842163e-05,124.00474266373192,162.51082929873965,6.0,0.0043391580489824345,0.005744685151285012,0.00020729790163304031,0.01029114110190049,0.0,United Kingdom,GBR,england,,,Linux-6.4.0-150600.23.73_15.0.14-cray_shasta_c_64k-aarch64-with-glibc2.38,3.11.7,3.3.0,72,Neoverse-V2,1,1 x NVIDIA GH200 120GB,-2.5917,51.4535,64,machine,6.074603174603175,7.055555555555555,21.707936507936477,186.09515719943576,N,1.0,0.0
2026-09-26T21:37:57,efficientnet_lite0_batch0_node_1_evaluate,dc7465b8-234c-4b82-8e22-c048cb523e2d,5b0fa12a-3dd7-45bb-9766-cc326314d9f1,21.783302071969956,0.0003376639889969354,1.550104698917206e-05,126.71607746618183,148.46422236301655,6.0,0.0006442343953472235,0.0007625056100124539,1.447052625978055e-05,0.0014212105316194579,0.0,United Kingdom,GBR,england,,,Linux-6.4.0-150600.23.73_15.0.14-cray_shasta_c_64k-aarch64-with-glibc2.38,3.11.7,3.3.0,72,Neoverse-V2,1,1 x NVIDIA GH200 120GB,-2.5917,51.4535,64,machine,8.494444444444444,0.6666666666666666,21.699999999999992,186.12363009982639,N,1.0,0.0
2026-09-26T21:39:27,efficientnet_lite0_batch0_node_2_local_train,9806454c-9ca3-46be-ae69-104f037b7ce9,5b0fa12a-3dd7-45bb-9766-cc326314d9f1,89.37357622478157,0.0017031829103110743,1.905689558653707e-05,125.81299417412119,163.12090502594125,6.0,0.0030368624223476894,0.00398962791392421,0.0001421197858763238,0.007168610122148224,0.0,United Kingdom,GBR,england,,,Linux-6.4.0-150600.23.73_15.0.14-cray_shasta_c_64k-aarch64-with-glibc2.38,3.11.7,3.3.0,72,Neoverse-V2,1,1 x NVIDIA GH200 120GB,-2.5917,51.4535,64,machine,4.605813953488371,8.44186046511628,21.753488372093013,186.34994364893714,N,1.0,0.0
2026-09-26T21:39:46,efficientnet_lite0_batch0_node_2_evaluate,13a6910a-5247-4703-a333-93f1dfa98a26,5b0fa12a-3dd7-45bb-9766-cc326314d9f1,12.789745050948113,0.0001801656017539633,1.4086723467611848e-05,124.56136161360001,147.15639711255344,6.0,0.0003443758003179143,0.0004018880992759932,1.204394190533397e-05,0.0007583078414992415,0.0,United Kingdom,GBR,england,,,Linux-6.4.0-150600.23.73_15.0.14-cray_shasta_c_64k-aarch64-with-glibc2.38,3.11.7,3.3.0,72,Neoverse-V2,1,1 x NVIDIA GH200 120GB,-2.5917,51.4535,64,machine,0.0,1.4444444444444444,21.699999999999996,186.1593492296007,N,1.0,0.0
2026-09-26T21:42:14,efficientnet_lite0_batch0_node_3_local_train,714b75af-f596-4269-a0a6-d2aa635c827b,5b0fa12a-3dd7-45bb-9766-cc326314d9f1,93.36963075888343,0.0016972732998515963,1.817800162704524e-05,116.94897755897144,163.5717241330113,6.0,0.0028856256808342307,0.004111984122914691,0.0001461270689665495,0.007143736872715472,0.0,United Kingdom,GBR,england,,,Linux-6.4.0-150600.23.73_15.0.14-cray_shasta_c_64k-aarch64-with-glibc2.38,3.11.7,3.3.0,72,Neoverse-V2,1,1 x NVIDIA GH200 120GB,-2.5966,51.4552,64,machine,5.69659090909091,8.034090909090908,21.79999999999997,186.63449443470347,N,1.0,0.0
2026-09-26T21:42:30,efficientnet_lite0_batch0_node_3_evaluate,864ff82d-c084-49a5-a28a-f7109027af55,5b0fa12a-3dd7-45bb-9766-cc326314d9f1,11.079185868846253,0.000146376908545381,1.3211883100271896e-05,116.63172910080002,76.33430398275343,6.0,0.0002632232720222837,0.0003395147160460965,1.3354964658307533e-05,0.0006160929527266877,0.0,United Kingdom,GBR,england,,,Linux-6.4.0-150600.23.73_15.0.14-cray_shasta_c_64k-aarch64-with-glibc2.38,3.11.7,3.3.0,72,Neoverse-V2,1,1 x NVIDIA GH200 120GB,-2.5917,51.4535,64,machine,0.0,2.0,21.800000000000004,186.5596694946289,N,1.0,0.0
2026-09-26T21:44:09,efficientnet_lite0_batch0_node_4_local_train,ed6b0ba7-ad0b-4122-ae53-e8b713febe58,5b0fa12a-3dd7-45bb-9766-cc326314d9f1,95.6701661508996,0.0017710518743747523,1.85120601921114e-05,116.84319944436,163.90512721781172,6.0,0.0030111520308715744,0.004290494821276525,0.0001526202830086307,0.00745426713515673,0.0,United Kingdom,GBR,england,,,Linux-6.4.0-150600.23.73_15.0.14-cray_shasta_c_64k-aarch64-with-glibc2.38,3.11.7,3.3.0,72,Neoverse-V2,1,1 x NVIDIA GH200 120GB,-2.5917,51.4535,64,machine,2.6043478260869564,8.684782608695652,21.79999999999997,186.64009425951087,N,1.0,0.0
2026-09-26T21:44:49,efficientnet_lite0_batch0_node_4_evaluate,980a5bf8-bf91-4233-b1eb-c7c83852f351,5b0fa12a-3dd7-45bb-9766-cc326314d9f1,39.09447847097181,0.000626764007711867,1.6032033991123526e-05,116.22848815315861,149.15093347138614,6.0,0.001157827584875162,0.0014518889392860501,2.8301261644810437e-05,0.002638017785806022,0.0,United Kingdom,GBR,england,,,Linux-6.4.0-150600.23.73_15.0.14-cray_shasta_c_64k-aarch64-with-glibc2.38,3.11.7,3.3.0,72,Neoverse-V2,1,1 x NVIDIA GH200 120GB,-2.5917,51.4535,64,machine,0.1638888888888889,0.4444444444444444,21.79999999999999,186.7007293701172,N,1.0,0.0
2026-09-26T21:47:02,efficientnet_lite0_batch0_node_5_local_train,3794a302-8acf-4d2a-a15a-5d16cd1b7951,5b0fa12a-3dd7-45bb-9766-cc326314d9f1,103.14087966596708,0.001913082274040827,1.85482446944078e-05,116.85805654474287,164.3386337288969,6.0,0.003254514625902509,0.004632598983874914,0.00016495224361152698,0.008052065853388949,0.0,United Kingdom,GBR,england,,,Linux-6.4.0-150600.23.73_15.0.14-cray_shasta_c_64k-aarch64-with-glibc2.38,3.11.7,3.3.0,72,Neoverse-V2,1,1 x NVIDIA GH200 120GB,-2.5917,51.4535,64,machine,2.9509999999999996,7.78,21.80099999999998,186.66832092285156,N,1.0,0.0
2026-09-26T21:47:14,efficientnet_lite0_batch0_node_5_evaluate,2c63afdf-0e6f-4631-b7a6-009afd00c2e8,5b0fa12a-3dd7-45bb-9766-cc326314d9f1,11.4618941959925,0.0001525175897171633,1.3306490804154262e-05,116.49260534400003,75.61499744912872,6.0,0.0002753217172652652,0.00035262139320479946,1.3995656548455978e-05,0.0006419387670185206,0.0,United Kingdom,GBR,england,,,Linux-6.4.0-150600.23.73_15.0.14-cray_shasta_c_64k-aarch64-with-glibc2.38,3.11.7,3.3.0,72,Neoverse-V2,1,1 x NVIDIA GH200 120GB,-2.5917,51.4535,64,machine,0.0,3.5,21.800000000000004,186.67522430419922,N,1.0,0.0
2026-09-26T21:48:38,efficientnet_lite0_batch0_node_0_knowledge_extraction,ffe53e90-a28b-4d95-8cc0-d0a075a7bd6f,5b0fa12a-3dd7-45bb-9766-cc326314d9f1,24.724414296913892,0.0003922212626717353,1.5863723118435713e-05,116.80726194617144,100.81088120377376,6.0,0.0007072104612017415,0.0009075468371548823,3.608201942212569e-05,0.0016508393177787496,0.0,United Kingdom,GBR,england,,,Linux-6.4.0-150600.23.73_15.0.14-cray_shasta_c_64k-aarch64-with-glibc2.38,3.11.7,3.3.0,72,Neoverse-V2,1,1 x NVIDIA GH200 120GB,-2.5917,51.4535,64,machine,0.3190476190476191,2.2857142857142856,21.800000000000008,186.63008916945685,N,1.0,0.0
2026-09-26T21:51:39,efficientnet_lite0_batch0_node_1_knowledge_extraction,7f1885e3-2234-4dfb-8337-dd89c9ac19ad,5b0fa12a-3dd7-45bb-9766-cc326314d9f1,34.20492332987487,0.0005582663271239349,1.632122726134984e-05,117.17350576786285,151.00936264643258,6.0,0.0010140480883946916,0.0012937977016918012,4.1868746882537384e-05,0.00234971453696903,0.0,United Kingdom,GBR,england,,,Linux-6.4.0-150600.23.73_15.0.14-cray_shasta_c_64k-aarch64-with-glibc2.38,3.11.7,3.3.0,72,Neoverse-V2,1,1 x NVIDIA GH200 120GB,-2.5917,51.4535,64,machine,1.2806451612903227,1.7741935483870968,21.799999999999994,186.845945296749,N,1.0,0.0
2026-09-26T22:06:24,efficientnet_lite0_batch0_node_2_knowledge_extraction,e515d8e5-5f80-4312-9ad9-cec7337b6562,5b0fa12a-3dd7-45bb-9766-cc326314d9f1,21.577904411125928,0.00033336426094295117,1.5449334402049858e-05,116.62700413577143,149.35666393809623,6.0,0.0006017643442743645,0.0007750808978386203,2.6267953123121214e-05,0.001403113195236106,0.0,United Kingdom,GBR,england,,,Linux-6.4.0-150600.23.73_15.0.14-cray_shasta_c_64k-aarch64-with-glibc2.38,3.11.7,3.3.0,72,Neoverse-V2,1,1 x NVIDIA GH200 120GB,-2.5917,51.4535,64,machine,4.261111111111111,1.2777777777777777,21.800000000000008,187.01954820421008,N,1.0,0.0
2026-09-26T22:07:00,efficientnet_lite0_batch0_node_3_knowledge_extraction,d40b0d8e-5124-41a9-8acf-bc841bf05e72,5b0fa12a-3dd7-45bb-9766-cc326314d9f1,26.5621810820885,0.0004228029626700271,1.591747911677076e-05,116.79296815268573,147.75077585482538,6.0,0.0007656684081090344,0.0009789457831601567,3.49419442001575e-05,0.0017795561354693487,0.0,United Kingdom,GBR,england,,,Linux-6.4.0-150600.23.73_15.0.14-cray_shasta_c_64k-aarch64-with-glibc2.38,3.11.7,3.3.0,72,Neoverse-V2,1,1 x NVIDIA GH200 120GB,-2.5917,51.4535,64,machine,4.317391304347826,2.8260869565217392,21.800000000000008,187.01496422809103,N,1.0,0.0
2026-09-26T22:07:42,efficientnet_lite0_batch0_node_4_knowledge_extraction,ebe14e02-50c6-4c14-b87e-363c34d2a688,5b0fa12a-3dd7-45bb-9766-cc326314d9f1,25.65499786287546,0.00040792817109579834,1.5900534206868842e-05,116.82949754304002,147.6611647537209,6.0,0.000737209935694328,0.000943771032794416,3.5967926854888605e-05,0.0017169488953436326,0.0,United Kingdom,GBR,england,,,Linux-6.4.0-150600.23.73_15.0.14-cray_shasta_c_64k-aarch64-with-glibc2.38,3.11.7,3.3.0,72,Neoverse-V2,1,1 x NVIDIA GH200 120GB,-2.5917,51.4535,64,machine,3.7636363636363637,2.272727272727273,21.804545454545462,187.0982000177557,N,1.0,0.0
2026-09-26T22:08:11,efficientnet_lite0_batch0_node_5_knowledge_extraction,efe3655c-54f5-44ff-b008-3764239ee06b,5b0fa12a-3dd7-45bb-9766-cc326314d9f1,27.20753733906895,0.0004354506627217997,1.6004780487666912e-05,117.01924982784,147.45889173027584,6.0,0.0007890596940030729,0.0010051827485852982,3.854721821999799e-05,0.0018327896608083694,0.0,United Kingdom,GBR,england,,,Linux-6.4.0-150600.23.73_15.0.14-cray_shasta_c_64k-aarch64-with-glibc2.38,3.11.7,3.3.0,72,Neoverse-V2,1,1 x NVIDIA GH200 120GB,-2.5917,51.4535,64,machine,7.400000000000001,1.875,21.841666666666665,187.279172261556,N,1.0,0.0
2026-09-26T22:09:04,efficientnet_lite0_batch0_node_0_distill,9890c4c7-04d5-4bd0-9ffd-db794b99f39f,5b0fa12a-3dd7-45bb-9766-cc326314d9f1,51.56277035200037,0.0009280319172394787,1.7998100391118256e-05,116.74537613769601,162.34730296672225,6.0,0.0015765832776741024,0.002250337355818033,7.91184391900121e-05,0.0039060390726821472,0.0,United Kingdom,GBR,england,,,Linux-6.4.0-150600.23.73_15.0.14-cray_shasta_c_64k-aarch64-with-glibc2.38,3.11.7,3.3.0,72,Neoverse-V2,1,1 x NVIDIA GH200 120GB,-2.5917,51.4535,64,machine,1.7083333333333333,9.166666666666666,21.86458333333331,187.37512969970703,N,1.0,0.0
2026-09-26T22:10:26,efficientnet_lite0_batch0_node_1_distill,d166f78d-588a-4de3-a607-13d4807aeee0,5b0fa12a-3dd7-45bb-9766-cc326314d9f1,60.387401992920786,0.0010966544040354987,1.816031767957263e-05,116.65644482777142,164.90267429081473,6.0,0.001863128416961257,0.002658809071476753,9.382504280501357e-05,0.004615762531243023,0.0,United Kingdom,GBR,england,,,Linux-6.4.0-150600.23.73_15.0.14-cray_shasta_c_64k-aarch64-with-glibc2.38,3.11.7,3.3.0,72,Neoverse-V2,1,1 x NVIDIA GH200 120GB,-2.5917,51.4535,64,machine,3.5789473684210527,9.157894736842104,21.79999999999998,187.0721564041941,N,1.0,0.0
2026-09-26T22:12:19,efficientnet_lite0_batch0_node_2_distill,cc53b40c-6c40-4f0a-8d85-543077e60975,5b0fa12a-3dd7-45bb-9766-cc326314d9f1,40.991208411054686,0.0007237748710761801,1.7656831772761044e-05,116.57040482880001,160.43361227416344,6.0,0.0012327245413520035,0.0017521080683593482,6.149895898997784e-05,0.0030463315687013293,0.0,United Kingdom,GBR,england,,,Linux-6.4.0-150600.23.73_15.0.14-cray_shasta_c_64k-aarch64-with-glibc2.38,3.11.7,3.3.0,72,Neoverse-V2,1,1 x NVIDIA GH200 120GB,-2.5917,51.4535,64,machine,1.7837837837837838,8.216216216216216,21.79999999999999,187.04261408625422,N,1.0,0.0
2026-09-26T22:26:22,efficientnet_lite0_batch0_node_3_distill,2d328903-047a-42d2-be0b-8b94d0ad6056,5b0fa12a-3dd7-45bb-9766-cc326314d9f1,54.91812825691886,0.0009848805894952842,1.7933615379020205e-05,116.68658298105602,162.52075354719423,6.0,0.0016843434655738475,0.002381240238321425,7.972853486697812e-05,0.00414531223876225,0.0,United Kingdom,GBR,england,,,Linux-6.4.0-150600.23.73_15.0.14-cray_shasta_c_64k-aarch64-with-glibc2.38,3.11.7,3.3.0,72,Neoverse-V2,1,1 x NVIDIA GH200 120GB,-2.5917,51.4535,64,machine,7.637254901960785,8.03921568627451,21.976470588235294,188.05654368681067,N,1.0,0.0
2026-09-26T22:29:19,efficientnet_lite0_batch0_node_4_distill,cac597d9-886d-4ab6-aac7-cdb35327bdfd,5b0fa12a-3dd7-45bb-9766-cc326314d9f1,81.29859232902527,0.001444852188070681,1.7772167348521717e-05,116.29995527602286,159.0996521423215,6.0,0.002529850784338238,0.003445010811560678,0.0001064476737671066,0.006081309269666024,0.0,United Kingdom,GBR,england,,,Linux-6.4.0-150600.23.73_15.0.14-cray_shasta_c_64k-aarch64-with-glibc2.38,3.11.7,3.3.0,72,Neoverse-V2,1,1 x NVIDIA GH200 120GB,-2.5917,51.4535,64,machine,4.906410256410256,4.871794871794871,22.0,188.11077020107172,N,1.0,0.0
2026-09-26T22:30:19,efficientnet_lite0_batch0_node_5_distill,ce246970-532f-4fa0-a56f-885e3146c4e2,5b0fa12a-3dd7-45bb-9766-cc326314d9f1,58.43943112809211,0.0010671368158970608,1.8260561324733414e-05,120.26771411644799,161.3722491821802,6.0,0.0018603862172416302,0.0025431539789479984,8.79843099830517e-05,0.00449152450617268,0.0,United Kingdom,GBR,england,,,Linux-6.4.0-150600.23.73_15.0.14-cray_shasta_c_64k-aarch64-with-glibc2.38,3.11.7,3.3.0,72,Neoverse-V2,1,1 x NVIDIA GH200 120GB,-2.5917,51.4535,64,machine,3.272727272727273,7.963636363636364,22.0,188.2741044477983,N,1.0,0.0
2026-09-26T22:57:03,efficientnet_lite0_batch0_node_0_evaluate,b52049b4-84c9-40d5-971f-85e060a0b9e3,5b0fa12a-3dd7-45bb-9766-cc326314d9f1,10.971886389888823,0.00014935652779358259,1.3612657157225268e-05,122.19451400880001,75.42843804036555,6.0,0.00028418055432677755,0.00033127220946482794,1.3181254591327161e-05,0.0006286340183829326,0.0,United Kingdom,GBR,england,,,Linux-6.4.0-150600.23.73_15.0.14-cray_shasta_c_64k-aarch64-with-glibc2.38,3.11.7,3.3.0,72,Neoverse-V2,1,1 x NVIDIA GH200 120GB,-2.5917,51.4535,64,machine,14.571428571428571,1.7142857142857142,22.099999999999998,188.88341413225447,N,1.0,0.0
2026-09-26T22:57:17,efficientnet_lite0_batch0_node_1_evaluate,3070aa91-8401-4bbe-9e0b-7732f27aeb65,5b0fa12a-3dd7-45bb-9766-cc326314d9f1,11.6346033080481,0.00016276291116525818,1.3989553993015719e-05,123.47743328640004,75.89247161746542,6.0,0.00030994325352061013,0.0003608480664496483,1.4269483203534038e-05,0.0006850608031737925,0.0,United Kingdom,GBR,england,,,Linux-6.4.0-150600.23.73_15.0.14-cray_shasta_c_64k-aarch64-with-glibc2.38,3.11.7,3.3.0,72,Neoverse-V2,1,1 x NVIDIA GH200 120GB,-2.5917,51.4535,64,machine,0.0,3.0,22.099999999999998,188.92156982421875,N,1.0,0.0
2026-09-26T23:11:40,efficientnet_lite0_batch0_node_2_evaluate,100dbc7b-5f34-4ea9-ac9b-7eb0fd7f64f4,5b0fa12a-3dd7-45bb-9766-cc326314d9f1,89.6422025540378,0.0015047818171898962,1.6786533288076996e-05,115.85934780442386,145.17145398291646,6.0,0.00277599200241637,0.0034563819317838806,0.0001011760920631544,0.006333550026263406,0.0,United Kingdom,GBR,england,,,Linux-6.4.0-150600.23.73_15.0.14-cray_shasta_c_64k-aarch64-with-glibc2.38,3.11.7,3.3.0,72,Neoverse-V2,1,1 x NVIDIA GH200 120GB,-2.5917,51.4535,64,machine,1.016279069767442,0.3023255813953488,22.099999999999966,189.45645567428235,N,1.0,0.0
2026-09-26T23:12:02,efficientnet_lite0_batch0_node_3_evaluate,0aa53b53-1b16-49ad-969b-2054303d3f3f,5b0fa12a-3dd7-45bb-9766-cc326314d9f1,10.95871026813984,0.00014318534457443752,1.306589380236824e-05,116.6095019304,75.3346012073985,6.0,0.00025925558119534333,0.00033024776419665614,1.3156477135295669e-05,0.0006026598225272952,0.0,United Kingdom,GBR,england,,,Linux-6.4.0-150600.23.73_15.0.14-cray_shasta_c_64k-aarch64-with-glibc2.38,3.11.7,3.3.0,72,Neoverse-V2,1,1 x NVIDIA GH200 120GB,-2.5917,51.4535,64,machine,0.0,2.857142857142857,22.099999999999998,189.45328194754464,N,1.0,0.0
2026-09-26T23:12:16,efficientnet_lite0_batch0_node_4_evaluate,55e49b4f-e2f2-42d9-b3a2-97d62207e3c3,5b0fa12a-3dd7-45bb-9766-cc326314d9f1,11.158788242843002,0.00014677750148743077,1.3153534083915481e-05,116.55713174400002,75.47377658572516,6.0,0.0002653306588651287,0.00033896943784839095,1.3478931303058441e-05,0.0006177790280165781,0.0,United Kingdom,GBR,england,,,Linux-6.4.0-150600.23.73_15.0.14-cray_shasta_c_64k-aarch64-with-glibc2.38,3.11.7,3.3.0,72,Neoverse-V2,1,1 x NVIDIA GH200 120GB,-2.5917,51.4535,64,machine,0.0,2.125,22.1125,189.52349853515625,N,1.0,0.0
2026-09-26T23:12:37,efficientnet_lite0_batch0_node_5_evaluate,4d5320e4-6a40-43bc-846d-9d9cc9ee3b8d,5b0fa12a-3dd7-45bb-9766-cc326314d9f1,11.297242064960301,0.00014995370991628044,1.3273479407985705e-05,116.4370606272,76.05555149192432,6.0,0.0002696180195350481,0.00034780500047304486,1.3724507513300827e-05,0.0006311475275213938,0.0,United Kingdom,GBR,england,,,Linux-6.4.0-150600.23.73_15.0.14-cray_shasta_c_64k-aarch64-with-glibc2.38,3.11.7,3.3.0,72,Neoverse-V2,1,1 x NVIDIA GH200 120GB,-2.5917,51.4535,64,machine,0.0,1.75,22.099999999999998,189.366943359375,N,1.0,0.0
2026-09-26T23:45:44,mobilevit_xxs_batch0_node_0_local_train,7be5ebfb-2eaa-4c34-86ea-4b67c0f2fa1c,5b0fa12a-3dd7-45bb-9766-cc326314d9f1,1811.1697255230974,0.03243789322380354,1.7909913558451795e-05,115.4735407744565,140.49555984070594,6.0,0.05805649342372529,0.07237086289664774,0.0061020841158573366,0.13652944043623041,0.0,United Kingdom,GBR,england,,,Linux-6.4.0-150600.23.73_15.0.14-cray_shasta_c_64k-aarch64-with-glibc2.38,3.11.7,3.3.0,72,Neoverse-V2,1,1 x NVIDIA GH200 120GB,-2.5917,51.4535,64,machine,1.0491712707182326,0.4353591160220994,22.059779005524614,188.91336113524042,N,1.0,0.0
2026-09-26T23:46:03,mobilevit_xxs_batch0_node_0_evaluate,24f384de-0c57-4219-bb12-5fd5c6c4c814,5b0fa12a-3dd7-45bb-9766-cc326314d9f1,12.170420535840094,0.0001632271054317669,1.3411788438294891e-05,116.7074625024,145.2548858501067,6.0,0.00029836605858242396,0.00037513613345652175,1.3512381160010894e-05,0.0006870145731989566,0.0,United Kingdom,GBR,england,,,Linux-6.4.0-150600.23.73_15.0.14-cray_shasta_c_64k-aarch64-with-glibc2.38,3.11.7,3.3.0,72,Neoverse-V2,1,1 x NVIDIA GH200 120GB,-2.5917,51.4535,64,machine,0.0,1.8888888888888888,21.75555555555555,186.30579969618054,N,1.0,0.0
2026-09-26T23:48:00,mobilevit_xxs_batch0_node_1_local_train,a7c573ec-9709-47ed-a9b9-3cbad5c23a64,5b0fa12a-3dd7-45bb-9766-cc326314d9f1,113.76867714291438,0.002132481952887483,1.874401642385886e-05,119.05947385728001,141.23053732061248,6.0,0.0037678187368995982,0.005018147347854551,0.00018954184232784126,0.008975507927081992,0.0,United Kingdom,GBR,england,,,Linux-6.4.0-150600.23.73_15.0.14-cray_shasta_c_64k-aarch64-with-glibc2.38,3.11.7,3.3.0,72,Neoverse-V2,1,1 x NVIDIA GH200 120GB,-2.5917,51.4535,64,machine,4.870796460176991,8.283185840707965,21.728318584070774,186.03421425608408,N,1.0,0.0
2026-09-26T23:49:02,mobilevit_xxs_batch0_node_1_evaluate,259317f9-2320-45c3-9e69-fd9f6eea78f6,5b0fa12a-3dd7-45bb-9766-cc326314d9f1,11.843180530006066,0.00015842166741066572,1.3376615091637431e-05,116.505698976,74.75449513498101,6.0,0.0002877399690879427,0.00036441862485503407,1.463013537810184e-05,0.0006667887293210785,0.0,United Kingdom,GBR,england,,,Linux-6.4.0-150600.23.73_15.0.14-cray_shasta_c_64k-aarch64-with-glibc2.38,3.11.7,3.3.0,72,Neoverse-V2,1,1 x NVIDIA GH200 120GB,-2.5917,51.4535,64,machine,9.725,1.875,21.699999999999996,186.0111312866211,N,1.0,0.0
2026-09-26T23:50:52,mobilevit_xxs_batch0_node_2_local_train,d6ddb2ff-66fa-48d6-a077-866746079cd4,5b0fa12a-3dd7-45bb-9766-cc326314d9f1,97.38171347719617,0.0017484220241746485,1.7954315669174127e-05,117.33234831631637,156.74641240663001,6.0,0.003082189894051443,0.0041294033035228495,0.00014742605068488045,0.007359019248259172,0.0,United Kingdom,GBR,england,,,Linux-6.4.0-150600.23.73_15.0.14-cray_shasta_c_64k-aarch64-with-glibc2.38,3.11.7,3.3.0,72,Neoverse-V2,1,1 x NVIDIA GH200 120GB,-2.5917,51.4535,64,machine,3.4457446808510634,6.98936170212766,21.70000000000003,186.122228094872,N,1.0,0.0
2026-09-26T23:51:18,mobilevit_xxs_batch0_node_2_evaluate,1734f380-b5c1-44df-8997-a5d8bca76d5d,5b0fa12a-3dd7-45bb-9766-cc326314d9f1,11.513604030944407,0.00015180209845747406,1.3184585647507494e-05,116.6323456152,147.72539483581124,6.0,0.0002764706031752368,0.0003501686134512738,1.2288084121731421e-05,0.000638927300748242,0.0,United Kingdom,GBR,england,,,Linux-6.4.0-150600.23.73_15.0.14-cray_shasta_c_64k-aarch64-with-glibc2.38,3.11.7,3.3.0,72,Neoverse-V2,1,1 x NVIDIA GH200 120GB,-2.5917,51.4535,64,machine,0.0,2.0,21.699999999999996,186.12374114990234,N,1.0,0.0
2026-09-26T23:53:00,mobilevit_xxs_batch0_node_3_local_train,a4d6e032-ec84-410a-a930-d1f14afabe9f,5b0fa12a-3dd7-45bb-9766-cc326314d9f1,95.24554790789261,0.0017113973375738037,1.7968265973217075e-05,116.66192887314,138.72191845749995,6.0,0.0029926464068584712,0.004056942689999232,0.00015359513125809223,0.007203184228115795,0.0,United Kingdom,GBR,england,,,Linux-6.4.0-150600.23.73_15.0.14-cray_shasta_c_64k-aarch64-with-glibc2.38,3.11.7,3.3.0,72,Neoverse-V2,1,1 x NVIDIA GH200 120GB,-2.5917,51.4535,64,machine,2.6478260869565213,7.9021739130434785,21.70000000000003,186.10679626464844,N,1.0,0.0
2026-09-26T23:53:12,mobilevit_xxs_batch0_node_3_evaluate,53afe9b6-1e34-4f6e-bdf9-5df017e16483,5b0fa12a-3dd7-45bb-9766-cc326314d9f1,11.200783604057506,0.0001463992823531239,1.3070450026379446e-05,116.43488910720001,74.38109683819077,6.0,0.0002664376981154893,0.0003361847133902529,1.35647114381815e-05,0.0006161871229439237,0.0,United Kingdom,GBR,england,,,Linux-6.4.0-150600.23.73_15.0.14-cray_shasta_c_64k-aarch64-with-glibc2.38,3.11.7,3.3.0,72,Neoverse-V2,1,1 x NVIDIA GH200 120GB,-2.5917,51.4535,64,machine,18.375,2.5,21.699999999999996,186.14479064941406,N,1.0,0.0
2026-09-26T23:54:56,mobilevit_xxs_batch0_node_4_local_train,a8d24b47-890c-4aa5-9aa1-08db0c9251a8,5b0fa12a-3dd7-45bb-9766-cc326314d9f1,99.6759487921372,0.0017924114825606506,1.7982386967778152e-05,116.62330233564,156.65992372672738,6.0,0.003134430732110534,0.004251279512132555,0.0001584583938699992,0.007544168638113089,0.0,United Kingdom,GBR,england,,,Linux-6.4.0-150600.23.73_15.0.14-cray_shasta_c_64k-aarch64-with-glibc2.38,3.11.7,3.3.0,72,Neoverse-V2,1,1 x NVIDIA GH200 120GB,-2.5917,51.4535,64,machine,4.8687499999999995,8.21875,21.701041666666697,185.67845598856607,N,1.0,0.0
2026-09-26T23:55:17,mobilevit_xxs_batch0_node_4_evaluate,f6ae8bef-e557-47a5-8538-14bc93b4238b,5b0fa12a-3dd7-45bb-9766-cc326314d9f1,12.358058170881122,0.00016665290531120736,1.348536339664479e-05,116.5039269984,145.33450412060245,6.0,0.0003038789102659091,0.0003837353069826577,1.3819373158427577e-05,0.0007014335904069943,0.0,United Kingdom,GBR,england,,,Linux-6.4.0-150600.23.73_15.0.14-cray_shasta_c_64k-aarch64-with-glibc2.38,3.11.7,3.3.0,72,Neoverse-V2,1,1 x NVIDIA GH200 120GB,-2.5917,51.4535,64,machine,1.5333333333333334,1.7777777777777777,21.699999999999996,185.9880167643229,N,1.0,0.0
2026-09-26T23:58:44,mobilevit_xxs_batch0_node_5_local_train,0e09ca22-8ef3-4afc-a885-7de7046d5bd5,5b0fa12a-3dd7-45bb-9766-cc326314d9f1,125.0296382799279,0.0022949730317327393,1.8355432066391667e-05,116.51751945450755,155.78246929948838,6.0,0.004048426796866894,0.005416188221815332,0.00019480958318376603,0.009659424601865993,0.0,United Kingdom,GBR,england,,,Linux-6.4.0-150600.23.73_15.0.14-cray_shasta_c_64k-aarch64-with-glibc2.38,3.11.7,3.3.0,72,Neoverse-V2,1,1 x NVIDIA GH200 120GB,-2.5917,51.4535,64,machine,2.9612903225806444,6.556451612903226,21.699999999999978,185.62707273421748,N,1.0,0.0
2026-09-27T00:03:32,mobilevit_xxs_batch0_node_5_evaluate,bfc2174c-b47e-4c09-be3f-9a539e7883d5,5b0fa12a-3dd7-45bb-9766-cc326314d9f1,14.87030125898309,0.00021218233865426728,1.4268866175531498e-05,118.78334134560002,146.6399827489953,6.0,0.0003947057598803642,0.0004846312210418091,1.3727675498230383e-05,0.0008930646564204037,0.0,United Kingdom,GBR,england,,,Linux-6.4.0-150600.23.73_15.0.14-cray_shasta_c_64k-aarch64-with-glibc2.38,3.11.7,3.3.0,72,Neoverse-V2,1,1 x NVIDIA GH200 120GB,-2.5917,51.4535,64,machine,0.509090909090909,2.3636363636363638,23.099999999999998,198.2283380681818,N,1.0,0.0
2026-09-27T00:04:06,mobilevit_xxs_batch0_node_0_knowledge_extraction,bd4620de-867e-436b-bafb-1ebb8898a6f1,5b0fa12a-3dd7-45bb-9766-cc326314d9f1,24.679531838046387,0.00038848719875587756,1.5741270997571318e-05,116.71984001622859,99.32487553111673,6.0,0.0007050141243786648,0.0008940923819267255,3.601632663669685e-05,0.0016351228329420872,0.0,United Kingdom,GBR,england,,,Linux-6.4.0-150600.23.73_15.0.14-cray_shasta_c_64k-aarch64-with-glibc2.38,3.11.7,3.3.0,72,Neoverse-V2,1,1 x NVIDIA GH200 120GB,-2.5917,51.4535,64,machine,5.557142857142857,2.4285714285714284,23.10000000000001,198.16131882440476,N,1.0,0.0
2026-09-27T00:04:50,mobilevit_xxs_batch0_node_1_knowledge_extraction,6393ec93-5a65-4ffc-8c6d-2c9348eebf5c,5b0fa12a-3dd7-45bb-9766-cc326314d9f1,28.41147835412994,0.0004563543008935588,1.606232154502521e-05,116.72183366116364,99.64516147634068,6.0,0.000827214360937025,0.0010513202854980364,4.223736276384443e-05,0.0019207720091989056,0.0,United Kingdom,GBR,england,,,Linux-6.4.0-150600.23.73_15.0.14-cray_shasta_c_64k-aarch64-with-glibc2.38,3.11.7,3.3.0,72,Neoverse-V2,1,1 x NVIDIA GH200 120GB,-2.5917,51.4535,64,machine,4.843999999999999,2.16,23.10000000000001,198.20577880859375,N,1.0,0.0
2026-09-27T00:05:34,mobilevit_xxs_batch0_node_2_knowledge_extraction,8f0cc8d9-c357-4559-b0c0-85af81bc0197,5b0fa12a-3dd7-45bb-9766-cc326314d9f1,20.777775410795584,0.00031748653995755026,1.5280102594264863e-05,116.62110889344001,144.8891361159727,6.0,0.0005774010590324271,0.0007310900293049372,2.77935879630968e-05,0.0013362846763004612,0.0,United Kingdom,GBR,england,,,Linux-6.4.0-150600.23.73_15.0.14-cray_shasta_c_64k-aarch64-with-glibc2.38,3.11.7,3.3.0,72,Neoverse-V2,1,1 x NVIDIA GH200 120GB,-2.5917,51.4535,64,machine,0.6529411764705882,2.2941176470588234,23.14117647058823,198.41616641773896,N,1.0,0.0
2026-09-27T00:11:25,mobilevit_xxs_batch0_node_3_knowledge_extraction,cd5e5b96-1988-450a-9ed9-7c35dd8d3450,5b0fa12a-3dd7-45bb-9766-cc326314d9f1,287.3421888810117,0.005053609115729151,1.7587424719667076e-05,115.67167237753418,144.70928787163461,6.0,0.009224873236216994,0.011467148618166334,0.0005783615208114496,0.02127038337519477,0.0,United Kingdom,GBR,england,,,Linux-6.4.0-150600.23.73_15.0.14-cray_shasta_c_64k-aarch64-with-glibc2.38,3.11.7,3.3.0,72,Neoverse-V2,1,1 x NVIDIA GH200 120GB,-2.5917,51.4535,64,machine,1.7473867595818813,0.13937282229965156,23.022648083623736,197.11430247237044,N,1.0,0.0
2026-09-27T00:12:06,mobilevit_xxs_batch0_node_4_knowledge_extraction,19ccce2e-7b79-4725-ba68-895dac8257ee,5b0fa12a-3dd7-45bb-9766-cc326314d9f1,25.303454478969797,0.0004004015521067061,1.5823987686720314e-05,116.71130290320002,99.92369029703906,6.0,0.000725064094491779,0.0009231712941044634,3.70343507717674e-05,0.0016852697393680098,0.0,United Kingdom,GBR,england,,,Linux-6.4.0-150600.23.73_15.0.14-cray_shasta_c_64k-aarch64-with-glibc2.38,3.11.7,3.3.0,72,Neoverse-V2,1,1 x NVIDIA GH200 120GB,-2.5917,51.4535,64,machine,7.677272727272728,1.9090909090909092,22.60000000000001,193.9544677734375,N,1.0,0.0
2026-09-27T00:13:25,mobilevit_xxs_batch0_node_5_knowledge_extraction,06274458-e2a8-4c22-810f-7419136c1c55,5b0fa12a-3dd7-45bb-9766-cc326314d9f1,64.78454031795263,0.0010754321702974503,1.6600135850611786e-05,117.05773429058242,147.19320427448758,6.0,0.0019947251903536193,0.0024922242159988173,3.948982398840599e-05,0.004526439230340842,0.0,United Kingdom,GBR,england,,,Linux-6.4.0-150600.23.73_15.0.14-cray_shasta_c_64k-aarch64-with-glibc2.38,3.11.7,3.3.0,72,Neoverse-V2,1,1 x NVIDIA GH200 120GB,-2.5917,51.4535,64,machine,6.613114754098361,0.9016393442622951,22.599999999999987,193.97586810002562,N,1.0,0.0
2026-09-27T00:14:49,mobilevit_xxs_batch0_node_0_distill,c5f76726-c71c-4447-8313-0b44e0b228ad,5b0fa12a-3dd7-45bb-9766-cc326314d9f1,54.906803742051125,0.0009615991765521599,1.7513297278597663e-05,116.47495674617144,156.97424454304183,6.0,0.0016817823213857426,0.0022808865469272632,8.465308915202817e-05,0.004047321957465034,0.0,United Kingdom,GBR,england,,,Linux-6.4.0-150600.23.73_15.0.14-cray_shasta_c_64k-aarch64-with-glibc2.38,3.11.7,3.3.0,72,Neoverse-V2,1,1 x NVIDIA GH200 120GB,-2.5917,51.4535,64,machine,2.7588235294117647,7.078431372549019,22.682352941176493,194.03509042777267,N,1.0,0.0
2026-09-27T00:16:01,mobilevit_xxs_batch0_node_1_distill,cbaf3e6f-b991-47e3-891c-d35a499559f2,5b0fa12a-3dd7-45bb-9766-cc326314d9f1,62.37051166500896,0.0011014131903503825,1.7659197607132925e-05,116.39320221398403,127.01451171861984,6.0,0.0019226929220927296,0.0026142979247794074,9.880117359338327e-05,0.0046357920204655205,0.0,United Kingdom,GBR,england,,,Linux-6.4.0-150600.23.73_15.0.14-cray_shasta_c_64k-aarch64-with-glibc2.38,3.11.7,3.3.0,72,Neoverse-V2,1,1 x NVIDIA GH200 120GB,-2.5917,51.4535,64,machine,6.179661016949152,8.576271186440678,22.70000000000002,194.18187959315412,N,1.0,0.0
2026-09-27T00:16:43,mobilevit_xxs_batch0_node_2_distill,9ce25522-d7da-49dd-8297-0892f14db3f3,5b0fa12a-3dd7-45bb-9766-cc326314d9f1,41.42644241405651,0.0007137079242118295,1.7228318016747185e-05,116.36432936028,119.38469126761822,6.0,0.0012441976659077556,0.00169584691224145,6.391572393476963e-05,0.003003960302083975,0.0,United Kingdom,GBR,england,,,Linux-6.4.0-150600.23.73_15.0.14-cray_shasta_c_64k-aarch64-with-glibc2.38,3.11.7,3.3.0,72,Neoverse-V2,1,1 x NVIDIA GH200 120GB,-2.5917,51.4535,64,machine,4.7631578947368425,9.236842105263158,22.700000000000014,194.35502544202302,N,1.0,0.0
2026-09-27T00:21:24,mobilevit_xxs_batch0_node_3_distill,243e0ce7-c80b-4da1-96e9-028f458061af,5b0fa12a-3dd7-45bb-9766-cc326314d9f1,54.43063585506752,0.000952875437928213,1.7506233814086515e-05,116.55179836416,155.34243842708622,6.0,0.001667944830164999,0.0022587565292297995,8.390282652379634e-05,0.004010604185918595,0.0,United Kingdom,GBR,england,,,Linux-6.4.0-150600.23.73_15.0.14-cray_shasta_c_64k-aarch64-with-glibc2.38,3.11.7,3.3.0,72,Neoverse-V2,1,1 x NVIDIA GH200 120GB,-2.5917,51.4535,64,machine,5.398039215686275,7.686274509803922,22.6,193.51317401960785,N,1.0,0.0
2026-09-27T00:22:28,mobilevit_xxs_batch0_node_4_distill,1d49975c-7f21-4b11-8302-e01387cea916,5b0fa12a-3dd7-45bb-9766-cc326314d9f1,55.95772681897506,0.0009831344855797577,1.756923559029171e-05,116.53222095964801,158.43589048090365,6.0,0.0017166144042790512,0.0023349227012658957,8.642587077027808e-05,0.004137962976315224,0.0,United Kingdom,GBR,england,,,Linux-6.4.0-150600.23.73_15.0.14-cray_shasta_c_64k-aarch64-with-glibc2.38,3.11.7,3.3.0,72,Neoverse-V2,1,1 x NVIDIA GH200 120GB,-2.5917,51.4535,64,machine,2.8692307692307697,7.365384615384615,22.6,193.48655583308295,N,1.0,0.0
2026-09-27T00:23:33,mobilevit_xxs_batch0_node_5_distill,e58ac03b-e8d6-4f9c-8b2e-9a14218fae53,5b0fa12a-3dd7-45bb-9766-cc326314d9f1,57.83473217091523,0.0010176795451733616,1.7596338860286916e-05,116.47692354465164,127.0384136620728,6.0,0.0017773996966593641,0.0024147085984367322,9.125307758261138e-05,0.0042833613726787085,0.0,United Kingdom,GBR,england,,,Linux-6.4.0-150600.23.73_15.0.14-cray_shasta_c_64k-aarch64-with-glibc2.38,3.11.7,3.3.0,72,Neoverse-V2,1,1 x NVIDIA GH200 120GB,-2.5917,51.4535,64,machine,1.8592592592592592,7.981481481481482,22.599999999999998,193.421228479456,N,1.0,0.0
2026-09-27T00:23:47,mobilevit_xxs_batch0_node_0_evaluate,1ba7cb66-124d-4e13-8778-3b851d9424b8,5b0fa12a-3dd7-45bb-9766-cc326314d9f1,12.402968205977231,0.00016682554438098037,1.3450453279448374e-05,116.66935535040001,146.89509235549568,6.0,0.0003054738624753425,0.00038339725116998125,1.3289105813407028e-05,0.0007021602194587308,0.0,United Kingdom,GBR,england,,,Linux-6.4.0-150600.23.73_15.0.14-cray_shasta_c_64k-aarch64-with-glibc2.38,3.11.7,3.3.0,72,Neoverse-V2,1,1 x NVIDIA GH200 120GB,-2.5917,51.4535,64,machine,20.95555555555556,2.3333333333333335,22.599999999999998,193.5053914388021,N,1.0,0.0
2026-09-27T00:24:05,mobilevit_xxs_batch0_node_1_evaluate,bd1a67a3-fc69-4bf6-b9f7-3f9d922611c6,5b0fa12a-3dd7-45bb-9766-cc326314d9f1,11.731147170998156,0.0001565864646654852,1.3347924323428454e-05,116.43481739520001,74.93112647755282,6.0,0.0002838265096973348,0.0003607877886224742,1.4450156118255109e-05,0.000659064454438064,0.0,United Kingdom,GBR,england,,,Linux-6.4.0-150600.23.73_15.0.14-cray_shasta_c_64k-aarch64-with-glibc2.38,3.11.7,3.3.0,72,Neoverse-V2,1,1 x NVIDIA GH200 120GB,-2.5917,51.4535,64,machine,16.0125,2.875,22.599999999999998,193.4823989868164,N,1.0,0.0
2026-09-27T00:24:17,mobilevit_xxs_batch0_node_2_evaluate,9647fbf1-fa08-440d-8295-192035b9b79e,5b0fa12a-3dd7-45bb-9766-cc326314d9f1,10.251795531017706,0.00013571990671431414,1.3238647445092098e-05,122.65718186160001,74.89012268990406,6.0,0.00026027892597059525,0.00029897718361837633,1.1982065218423183e-05,0.0005712381748073949,0.0,United Kingdom,GBR,england,,,Linux-6.4.0-150600.23.73_15.0.14-cray_shasta_c_64k-aarch64-with-glibc2.38,3.11.7,3.3.0,72,Neoverse-V2,1,1 x NVIDIA GH200 120GB,-2.5917,51.4535,64,machine,0.0,2.5714285714285716,22.599999999999998,193.49945068359375,N,1.0,0.0
2026-09-27T00:24:35,mobilevit_xxs_batch0_node_3_evaluate,c4d1893b-0aa6-4140-a9e0-df724956617c,5b0fa12a-3dd7-45bb-9766-cc326314d9f1,12.206998424837366,0.0001723674158910036,1.4120376680010924e-05,124.03764106560004,146.33794466983295,6.0,0.0003316603512598268,0.00038029697088859393,1.3528352234667787e-05,0.0007254856743830885,0.0,United Kingdom,GBR,england,,,Linux-6.4.0-150600.23.73_15.0.14-cray_shasta_c_64k-aarch64-with-glibc2.38,3.11.7,3.3.0,72,Neoverse-V2,1,1 x NVIDIA GH200 120GB,-2.5917,51.4535,64,machine,8.977777777777778,1.7777777777777777,22.599999999999998,193.5074937608507,N,1.0,0.0
2026-09-27T00:24:50,mobilevit_xxs_batch0_node_4_evaluate,239e68c5-7587-4a39-97d4-22bfae1fa376,5b0fa12a-3dd7-45bb-9766-cc326314d9f1,11.255178971914575,0.00014797826079283202,1.3147570657213637e-05,116.5008237696,74.84077945092145,6.0,0.0002685881717612235,0.00034058693914573723,1.3657851868386693e-05,0.0006228329627753474,0.0,United Kingdom,GBR,england,,,Linux-6.4.0-150600.23.73_15.0.14-cray_shasta_c_64k-aarch64-with-glibc2.38,3.11.7,3.3.0,72,Neoverse-V2,1,1 x NVIDIA GH200 120GB,-2.5917,51.4535,64,machine,0.0,3.375,22.599999999999998,193.50904846191406,N,1.0,0.0
2026-09-27T00:25:09,mobilevit_xxs_batch0_node_5_evaluate,8b98c726-fc72-4101-82dc-3e399285937c,5b0fa12a-3dd7-45bb-9766-cc326314d9f1,11.421911509009078,0.00015121529434044778,1.3239053219872707e-05,116.39768325120002,75.15417771583628,6.0,0.0002735609414674472,0.0003489613902729616,1.3935140366666019e-05,0.0006364574721070748,0.0,United Kingdom,GBR,england,,,Linux-6.4.0-150600.23.73_15.0.14-cray_shasta_c_64k-aarch64-with-glibc2.38,3.11.7,3.3.0,72,Neoverse-V2,1,1 x NVIDIA GH200 120GB,-2.5917,51.4535,64,machine,0.0,2.0,22.599999999999998,193.5009307861328,N,1.0,0.0
2026-09-27T00:26:56,mobilenet_v3_small_batch1_node_0_local_train,8444a503-8077-4621-b73f-6e2d4e8786d5,5b0fa12a-3dd7-45bb-9766-cc326314d9f1,10.547643703175709,0.0001338800940272436,1.2692891208197968e-05,115.82084620800003,206.69994727385907,6.0,0.00024149059719630518,0.0003095708032105904,1.2433096506865693e-05,0.0005634944969137612,0.0,United Kingdom,GBR,england,,,Linux-6.4.0-150600.23.73_15.0.14-cray_shasta_c_64k-aarch64-with-glibc2.38,3.11.7,3.3.0,72,Neoverse-V2,1,1 x NVIDIA GH200 120GB,-2.5917,51.4535,64,machine,0.0,4.285714285714286,22.128571428571426,189.69214739118303,N,1.0,0.0
2026-09-27T00:27:55,mobilenet_v3_small_batch1_node_0_evaluate,61e4ebc8-d9a4-49f5-b801-8e2c94c6a931,5b0fa12a-3dd7-45bb-9766-cc326314d9f1,12.708046555053443,0.0001704005760343578,1.340887250421638e-05,115.862259312,143.85877811879263,6.0,0.0003121804916767913,0.00039064920139253445,1.4377652533197155e-05,0.0007172073456025228,0.0,United Kingdom,GBR,england,,,Linux-6.4.0-150600.23.73_15.0.14-cray_shasta_c_64k-aarch64-with-glibc2.38,3.11.7,3.3.0,72,Neoverse-V2,1,1 x NVIDIA GH200 120GB,-2.5917,51.4535,64,machine,1.2333333333333334,0.3333333333333333,22.199999999999996,189.78363037109375,N,1.0,0.0
2026-09-27T00:28:25,mobilenet_v3_small_batch1_node_1_local_train,b2e8cb2a-5a61-46c8-9a28-d03afd637da9,5b0fa12a-3dd7-45bb-9766-cc326314d9f1,12.771339593920857,0.0001806762389641958,1.4147007652211948e-05,120.90983121216001,74.74464315647617,6.0,0.00034168530758184947,0.0004026069887572703,1.6164791169964398e-05,0.0007604570875090842,0.0,United Kingdom,GBR,england,,,Linux-6.4.0-150600.23.73_15.0.14-cray_shasta_c_64k-aarch64-with-glibc2.38,3.11.7,3.3.0,72,Neoverse-V2,1,1 x NVIDIA GH200 120GB,-2.5917,51.4535,64,machine,27.666666666666668,3.5555555555555554,22.199999999999996,189.82596164279514,N,1.0,0.0
2026-09-27T00:28:44,mobilenet_v3_small_batch1_node_1_evaluate,caab7cf9-41e6-4f8e-af5c-cedcc9ac8ec2,5b0fa12a-3dd7-45bb-9766-cc326314d9f1,13.464725878089666,0.00018687192700741567,1.3878628402788433e-05,122.7946185792,144.39199654839862,6.0,0.00035840696421269273,0.0004181272789480772,1.0000179760390893e-05,0.0007865344229211608,0.0,United Kingdom,GBR,england,,,Linux-6.4.0-150600.23.73_15.0.14-cray_shasta_c_64k-aarch64-with-glibc2.38,3.11.7,3.3.0,72,Neoverse-V2,1,1 x NVIDIA GH200 120GB,-2.5917,51.4535,64,machine,0.0,0.4,22.199999999999996,190.1024597167969,N,1.0,0.0
2026-09-27T00:29:02,mobilenet_v3_small_batch1_node_2_local_train,311ff8c8-f989-4072-a7fd-a71b318c4281,5b0fa12a-3dd7-45bb-9766-cc326314d9f1,9.544979330850765,0.00012080662478432247,1.265656221945477e-05,123.214727088,145.5359855670934,6.0,0.00023204355928039568,0.00026727993603969935,9.145435414587457e-06,0.0005084689307346825,0.0,United Kingdom,GBR,england,,,Linux-6.4.0-150600.23.73_15.0.14-cray_shasta_c_64k-aarch64-with-glibc2.38,3.11.7,3.3.0,72,Neoverse-V2,1,1 x NVIDIA GH200 120GB,-2.5917,51.4535,64,machine,27.400000000000002,3.5,22.2,190.13617960611978,N,1.0,0.0
2026-09-27T00:29:22,mobilenet_v3_small_batch1_node_2_evaluate,a4c5a455-4d2d-427b-b938-615a1ca708c0,5b0fa12a-3dd7-45bb-9766-cc326314d9f1,10.31886402098462,0.0001293966750686851,1.2539817833197704e-05,117.90731011885714,145.0415825943496,6.0,0.00024039049215402323,0.0002946230134881489,9.610509226719537e-06,0.0005446240148688917,0.0,United Kingdom,GBR,england,,,Linux-6.4.0-150600.23.73_15.0.14-cray_shasta_c_64k-aarch64-with-glibc2.38,3.11.7,3.3.0,72,Neoverse-V2,1,1 x NVIDIA GH200 120GB,-2.5917,51.4535,64,machine,10.257142857142856,0.42857142857142855,22.199999999999996,190.16810825892858,N,1.0,0.0
2026-09-27T00:29:37,mobilenet_v3_small_batch1_node_3_local_train,af227639-1a01-4f2c-a94a-e1992ec63663,5b0fa12a-3dd7-45bb-9766-cc326314d9f1,12.006292634876445,0.00016344256989516288,1.3613075648380184e-05,120.33244304640002,145.32709320971563,6.0,0.00030711362576181284,0.00036757084960470365,1.3236976784731573e-05,0.0006879214521512481,0.0,United Kingdom,GBR,england,,,Linux-6.4.0-150600.23.73_15.0.14-cray_shasta_c_64k-aarch64-with-glibc2.38,3.11.7,3.3.0,72,Neoverse-V2,1,1 x NVIDIA GH200 120GB,-2.5917,51.4535,64,machine,0.0,2.625,22.199999999999996,190.20177459716797,N,1.0,0.0
2026-09-27T00:30:00,mobilenet_v3_small_batch1_node_3_evaluate,9775d80c-9856-4bc9-89ef-392cf202196d,5b0fa12a-3dd7-45bb-9766-cc326314d9f1,8.987870757933706,0.00010610119562677496,1.1804931166051549e-05,116.3983501152,386.55075705130434,6.0,0.00019399616084354415,0.00024273186085110865,9.84650670007492e-06,0.0004465745283947277,0.0,United Kingdom,GBR,england,,,Linux-6.4.0-150600.23.73_15.0.14-cray_shasta_c_64k-aarch64-with-glibc2.38,3.11.7,3.3.0,72,Neoverse-V2,1,1 x NVIDIA GH200 120GB,-2.5917,51.4535,64,machine,13.5,0.6,22.2,190.2004638671875,N,1.0,0.0
2026-09-27T00:30:27,mobilenet_v3_small_batch1_node_4_local_train,0b32b0c9-8533-43b5-82e2-6f694bec5e0b,5b0fa12a-3dd7-45bb-9766-cc326314d9f1,11.13747382699512,0.00014517738391888688,1.3035037044666672e-05,115.9914650688,74.77026719534648,6.0,0.0002622148699721039,0.00033536804606626447,1.3461298630184805e-05,0.0006110442146685532,0.0,United Kingdom,GBR,england,,,Linux-6.4.0-150600.23.73_15.0.14-cray_shasta_c_64k-aarch64-with-glibc2.38,3.11.7,3.3.0,72,Neoverse-V2,1,1 x NVIDIA GH200 120GB,-2.5917,51.4535,64,machine,0.0,1.625,22.199999999999996,190.22714233398438,N,1.0,0.0
2026-09-27T00:31:30,mobilenet_v3_small_batch1_node_4_evaluate,dffeda98-3db8-48e8-a537-6a58b5b99671,5b0fa12a-3dd7-45bb-9766-cc326314d9f1,8.90854427893646,0.00010623158651424015,1.1924685244638255e-05,119.84763787200002,72.56426419937617,6.0,0.00020235479032087233,0.00023504157692855188,9.72696974951153e-06,0.00044712333699893576,0.0,United Kingdom,GBR,england,,,Linux-6.4.0-150600.23.73_15.0.14-cray_shasta_c_64k-aarch64-with-glibc2.38,3.11.7,3.3.0,72,Neoverse-V2,1,1 x NVIDIA GH200 120GB,-2.5917,51.4535,64,machine,6.580000000000001,0.6,22.2,190.27542724609376,N,1.0,0.0
2026-09-27T00:33:37,mobilenet_v3_small_batch1_node_5_local_train,53ac8169-dfaa-4c1b-b191-a23d1174aea7,5b0fa12a-3dd7-45bb-9766-cc326314d9f1,17.158901122165844,0.00024906781692289257,1.4515371068905287e-05,115.98666483665455,146.11457862433627,6.0,0.0004555113628875253,0.0005773562952242628,1.5446097671908014e-05,0.0010483137557836962,0.0,United Kingdom,GBR,england,,,Linux-6.4.0-150600.23.73_15.0.14-cray_shasta_c_64k-aarch64-with-glibc2.38,3.11.7,3.3.0,72,Neoverse-V2,1,1 x NVIDIA GH200 120GB,-2.5917,51.4535,64,machine,0.4785714285714286,2.0,22.199999999999992,190.26836286272322,N,1.0,0.0
2026-09-27T00:33:54,mobilenet_v3_small_batch1_node_5_evaluate,1d5fc1ad-34ff-4da7-ac2e-43aa2686d78c,5b0fa12a-3dd7-45bb-9766-cc326314d9f1,9.882498904829845,0.00012164025191906262,1.230865321519173e-05,116.60425738560002,150.7988317757489,6.0,0.00022324024186678329,0.0002790591121311081,9.678270888204376e-06,0.0005119776248860958,0.0,United Kingdom,GBR,england,,,Linux-6.4.0-150600.23.73_15.0.14-cray_shasta_c_64k-aarch64-with-glibc2.38,3.11.7,3.3.0,72,Neoverse-V2,1,1 x NVIDIA GH200 120GB,-2.5917,51.4535,64,machine,0.0,0.5,22.2,190.27859497070312,N,1.0,0.0
2026-09-27T00:34:03,mobilenet_v3_small_batch1_node_0_knowledge_extraction,c2917de1-32f8-4fa5-8d7b-56f659685f3a,5b0fa12a-3dd7-45bb-9766-cc326314d9f1,6.00057441694662,5.1653250511042535e-05,8.608050983446712e-06,115.67510599680001,72.07612584104496,6.0,9.517942325812289e-05,0.0001173350938756812,4.891383438371122e-06,0.0002174059005721752,0.0,United Kingdom,GBR,england,,,Linux-6.4.0-150600.23.73_15.0.14-cray_shasta_c_64k-aarch64-with-glibc2.38,3.11.7,3.3.0,72,Neoverse-V2,1,1 x NVIDIA GH200 120GB,-2.5917,51.4535,64,machine,0.0,0.0,22.2,190.28961181640625,N,1.0,0.0
2026-09-27T00:34:18,mobilenet_v3_small_batch1_node_1_knowledge_extraction,be4b2e84-dd72-4bb3-b592-ffc5125899b5,5b0fa12a-3dd7-45bb-9766-cc326314d9f1,8.352761324960738,9.291791846678775e-05,1.1124215675733378e-05,116.08070203584002,144.70012610060763,6.0,0.0001712893620982742,0.00021347905966706548,6.318364520169174e-06,0.00039108678628550883,0.0,United Kingdom,GBR,england,,,Linux-6.4.0-150600.23.73_15.0.14-cray_shasta_c_64k-aarch64-with-glibc2.38,3.11.7,3.3.0,72,Neoverse-V2,1,1 x NVIDIA GH200 120GB,-2.5917,51.4535,64,machine,0.0,0.6,22.2,190.29403076171874,N,1.0,0.0
2026-09-27T00:34:37,mobilenet_v3_small_batch1_node_2_knowledge_extraction,d7cdae46-26ed-44a9-91e6-2589f4bb243d,5b0fa12a-3dd7-45bb-9766-cc326314d9f1,6.536506335018203,6.130601608385811e-05,9.379018843051024e-06,116.1841246848,144.28485621245204,6.0,0.00011310710720329697,0.00014079983486681158,4.126957158635681e-06,0.0002580338992287442,0.0,United Kingdom,GBR,england,,,Linux-6.4.0-150600.23.73_15.0.14-cray_shasta_c_64k-aarch64-with-glibc2.38,3.11.7,3.3.0,72,Neoverse-V2,1,1 x NVIDIA GH200 120GB,-2.5917,51.4535,64,machine,6.3999999999999995,0.3333333333333333,22.2,190.28194173177084,N,1.0,0.0
2026-09-27T00:35:23,mobilenet_v3_small_batch1_node_3_knowledge_extraction,e073061b-6f87-461b-9790-0d62f2d4de75,5b0fa12a-3dd7-45bb-9766-cc326314d9f1,6.2756880049128085,5.682494880654053e-05,9.054775948398988e-06,115.90423992000001,72.89661812700456,6.0,0.00010434648547207719,0.00012949121469318925,5.3356151251743235e-06,0.00023917331529044075,0.0,United Kingdom,GBR,england,,,Linux-6.4.0-150600.23.73_15.0.14-cray_shasta_c_64k-aarch64-with-glibc2.38,3.11.7,3.3.0,72,Neoverse-V2,1,1 x NVIDIA GH200 120GB,-2.5917,51.4535,64,machine,0.0,1.0,22.2,190.2884724934896,N,1.0,0.0
2026-09-27T00:35:56,mobilenet_v3_small_batch1_node_5_knowledge_extraction,37e59e55-b362-4748-94cd-4ffbab5e5c08,5b0fa12a-3dd7-45bb-9766-cc326314d9f1,10.736742669017985,0.000133843452456562,1.246592719808602e-05,116.21621643552001,144.96433702467613,6.0,0.00024819164279756586,0.0003090541361245869,6.094495486856128e-06,0.0005633402744090088,0.0,United Kingdom,GBR,england,,,Linux-6.4.0-150600.23.73_15.0.14-cray_shasta_c_64k-aarch64-with-glibc2.38,3.11.7,3.3.0,72,Neoverse-V2,1,1 x NVIDIA GH200 120GB,-2.5917,51.4535,64,machine,10.0,0.2857142857142857,22.199999999999996,190.29598563058036,N,1.0,0.0
2026-09-27T00:36:16,mobilenet_v3_small_batch1_node_0_distill,4efb84bf-dd3b-4a3b-bf40-fef8e4d60c23,5b0fa12a-3dd7-45bb-9766-cc326314d9f1,10.795778923202306,0.00013766568551333043,1.275180665449337e-05,115.97434096731429,145.17496854837947,6.0,0.00025055620067363323,0.00031766330968707734,1.1208348308379453e-05,0.00057942785866909,0.0,United Kingdom,GBR,england,,,Linux-6.4.0-150600.23.73_15.0.14-cray_shasta_c_64k-aarch64-with-glibc2.38,3.11.7,3.3.0,72,Neoverse-V2,1,1 x NVIDIA GH200 120GB,-2.5917,51.4535,64,machine,0.5714285714285714,3.142857142857143,22.199999999999996,190.48104422433036,N,1.0,0.0
2026-09-27T00:36:38,mobilenet_v3_small_batch1_node_1_distill,2caedc3e-bb08-4270-8849-7402e47f255b,5b0fa12a-3dd7-45bb-9766-cc326314d9f1,13.351467763073742,0.000183339577102529,1.3731791916510682e-05,115.93141885440002,148.15887344690384,6.0,0.00033293316506819706,0.0004246553397280195,1.4078437286661936e-05,0.0007716669420828783,0.0,United Kingdom,GBR,england,,,Linux-6.4.0-150600.23.73_15.0.14-cray_shasta_c_64k-aarch64-with-glibc2.38,3.11.7,3.3.0,72,Neoverse-V2,1,1 x NVIDIA GH200 120GB,-2.5917,51.4535,64,machine,0.63,2.5,22.22,190.555029296875,N,1.0,0.0
2026-09-27T00:37:35,mobilenet_v3_small_batch1_node_2_distill,5a886556-7327-4eb5-a12e-1db0235fd0a4,5b0fa12a-3dd7-45bb-9766-cc326314d9f1,8.47790433303453,9.705103646595202e-05,1.1447526729900496e-05,115.82556166080002,74.38108675901437,6.0,0.00017569306459494619,0.00022375962345222433,9.030181386818488e-06,0.00040848286943398905,0.0,United Kingdom,GBR,england,,,Linux-6.4.0-150600.23.73_15.0.14-cray_shasta_c_64k-aarch64-with-glibc2.38,3.11.7,3.3.0,72,Neoverse-V2,1,1 x NVIDIA GH200 120GB,-2.5917,51.4535,64,machine,15.24,2.8,22.3,190.63104248046875,N,1.0,0.0
2026-09-27T00:38:01,mobilenet_v3_small_batch1_node_3_distill,00afcfba-d88a-4b91-b6b6-ac73e0643607,5b0fa12a-3dd7-45bb-9766-cc326314d9f1,16.201196669833735,0.0002301433256306402,1.420532879890051e-05,116.06415213805714,145.673221992106,6.0,0.00042417352026302983,0.000532635426111483,1.1852589431606852e-05,0.0009686615358061197,0.0,United Kingdom,GBR,england,,,Linux-6.4.0-150600.23.73_15.0.14-cray_shasta_c_64k-aarch64-with-glibc2.38,3.11.7,3.3.0,72,Neoverse-V2,1,1 x NVIDIA GH200 120GB,-2.5917,51.4535,64,machine,6.800000000000001,1.3846153846153846,22.300000000000008,190.62800480769232,N,1.0,0.0
2026-09-27T00:38:20,mobilenet_v3_small_batch1_node_4_distill,e79a943a-c30a-4586-b8a2-68f96f47e356,5b0fa12a-3dd7-45bb-9766-cc326314d9f1,11.396199990063906,0.0001493872334884242,1.3108512804151524e-05,116.02251774,150.1691098028318,6.0,0.00027040624059691695,0.0003461949991816482,1.216201731003821e-05,0.0006287632570886034,0.0,United Kingdom,GBR,england,,,Linux-6.4.0-150600.23.73_15.0.14-cray_shasta_c_64k-aarch64-with-glibc2.38,3.11.7,3.3.0,72,Neoverse-V2,1,1 x NVIDIA GH200 120GB,-2.5917,51.4535,64,machine,16.775,2.25,22.300000000000004,190.62975311279297,N,1.0,0.0
2026-09-27T00:39:00,mobilenet_v3_small_batch1_node_5_distill,913ce46b-f88b-488c-b62e-e338d1fcbf72,5b0fa12a-3dd7-45bb-9766-cc326314d9f1,21.89281509188004,0.00032827765647744914,1.4994766780778506e-05,115.97964038836365,147.17346923349783,6.0,0.0006057833768152369,0.0007622372764473084,1.368328285170719e-05,0.0013817039361142525,0.0,United Kingdom,GBR,england,,,Linux-6.4.0-150600.23.73_15.0.14-cray_shasta_c_64k-aarch64-with-glibc2.38,3.11.7,3.3.0,72,Neoverse-V2,1,1 x NVIDIA GH200 120GB,-2.5917,51.4535,64,machine,6.777777777777778,1.5,22.300000000000008,190.61070421006946,N,1.0,0.0
2026-09-27T00:39:28,mobilenet_v3_small_batch1_node_0_evaluate,334db3b8-b618-46cd-bcbb-2ac838345914,5b0fa12a-3dd7-45bb-9766-cc326314d9f1,20.868985236156732,0.0003077334284531596,1.474596991520189e-05,116.5292642614154,144.98269177334302,6.0,0.0005734567646128437,0.0007121152919040696,9.662270211847499e-06,0.001295234326728761,0.0,United Kingdom,GBR,england,,,Linux-6.4.0-150600.23.73_15.0.14-cray_shasta_c_64k-aarch64-with-glibc2.38,3.11.7,3.3.0,72,Neoverse-V2,1,1 x NVIDIA GH200 120GB,-2.5917,51.4535,64,machine,0.7588235294117647,0.11764705882352941,22.300000000000008,190.63818000344668,N,1.0,0.0
2026-09-27T00:39:43,mobilenet_v3_small_batch1_node_1_evaluate,35b77619-7e82-4f88-aae5-647f546fbdba,5b0fa12a-3dd7-45bb-9766-cc326314d9f1,10.801365686114877,0.00013702910942016246,1.268627629155385e-05,116.49478698102857,147.3962868494624,6.0,0.0002521459136007805,0.00031476247401940327,9.84015469516938e-06,0.0005767485423153532,0.0,United Kingdom,GBR,england,,,Linux-6.4.0-150600.23.73_15.0.14-cray_shasta_c_64k-aarch64-with-glibc2.38,3.11.7,3.3.0,72,Neoverse-V2,1,1 x NVIDIA GH200 120GB,-2.5917,51.4535,64,machine,0.0,0.14285714285714285,22.300000000000004,190.63731166294642,N,1.0,0.0
2026-09-27T00:40:27,mobilenet_v3_small_batch1_node_2_evaluate,dd5dfd25-f277-49a3-8427-d0131e5ad190,5b0fa12a-3dd7-45bb-9766-cc326314d9f1,8.717335351044312,0.00010094232135268838,1.1579492733475692e-05,116.2288064448,73.74772940039222,6.0,0.00018436099663890577,0.0002310940737686451,9.406018921872603e-06,0.0004248610893294234,0.0,United Kingdom,GBR,england,,,Linux-6.4.0-150600.23.73_15.0.14-cray_shasta_c_64k-aarch64-with-glibc2.38,3.11.7,3.3.0,72,Neoverse-V2,1,1 x NVIDIA GH200 120GB,-2.5917,51.4535,64,machine,15.779999999999998,0.6,22.3,190.6441162109375,N,1.0,0.0
2026-09-27T00:40:42,mobilenet_v3_small_batch1_node_3_evaluate,19097292-e3f4-4b6e-9485-7602676d47b5,5b0fa12a-3dd7-45bb-9766-cc326314d9f1,9.844629259081557,0.00012019321527473996,1.220901388072721e-05,116.5288010688,142.1676196129534,6.0,0.00022129978979952761,0.0002750371644566485,9.550167095148936e-06,0.000505887121351325,0.0,United Kingdom,GBR,england,,,Linux-6.4.0-150600.23.73_15.0.14-cray_shasta_c_64k-aarch64-with-glibc2.38,3.11.7,3.3.0,72,Neoverse-V2,1,1 x NVIDIA GH200 120GB,-2.5917,51.4535,64,machine,0.0,0.3333333333333333,22.3,190.65530395507812,N,1.0,0.0
2026-09-27T00:40:52,mobilenet_v3_small_batch1_node_4_evaluate,d16494cd-9dd6-4d7b-a2e9-f1295c6dff51,5b0fa12a-3dd7-45bb-9766-cc326314d9f1,8.874529420863837,0.00010421940224508273,1.1743653922659273e-05,116.36377525440003,774.4656938539102,6.0,0.0001900913341573057,0.00023891769113504324,9.645130603263776e-06,0.00043865415589561274,0.0,United Kingdom,GBR,england,,,Linux-6.4.0-150600.23.73_15.0.14-cray_shasta_c_64k-aarch64-with-glibc2.38,3.11.7,3.3.0,72,Neoverse-V2,1,1 x NVIDIA GH200 120GB,-2.5917,51.4535,64,machine,17.119999999999997,0.8,22.3,190.66419677734376,N,1.0,0.0
2026-09-27T00:41:16,mobilenet_v3_small_batch1_node_5_evaluate,c41623f5-d819-4ef3-81bd-e75cd6fe7e6a,5b0fa12a-3dd7-45bb-9766-cc326314d9f1,10.023145749932155,0.00012270625053169442,1.224228935636549e-05,116.68070764800001,142.32563124810378,6.0,0.00022801700618994532,0.00027851522280286645,9.93212975988475e-06,0.0005164643587526965,0.0,United Kingdom,GBR,england,,,Linux-6.4.0-150600.23.73_15.0.14-cray_shasta_c_64k-aarch64-with-glibc2.38,3.11.7,3.3.0,72,Neoverse-V2,1,1 x NVIDIA GH200 120GB,-2.5917,51.4535,64,machine,0.0,0.3333333333333333,22.3,190.67428588867188,N,1.0,0.0
2026-09-27T00:44:44,efficientnet_lite0_batch1_node_0_local_train,1bf7afcf-fc3c-4314-adb5-49fa4763ae39,5b0fa12a-3dd7-45bb-9766-cc326314d9f1,119.21091495617293,0.0020850590143154982,1.749050424688088e-05,116.02878841705848,144.95189989881538,6.0,0.0038331548378267456,0.004772617429210868,0.0001701349269633647,0.008775907194000978,0.0,United Kingdom,GBR,england,,,Linux-6.4.0-150600.23.73_15.0.14-cray_shasta_c_64k-aarch64-with-glibc2.38,3.11.7,3.3.0,72,Neoverse-V2,1,1 x NVIDIA GH200 120GB,-2.5917,51.4535,64,machine,1.6899159663865548,0.47058823529411764,22.312605042016813,191.0487075933889,N,1.0,0.0
2026-09-27T00:44:58,efficientnet_lite0_batch1_node_0_evaluate,670deebb-a927-49ff-afa5-d54507f15fc2,5b0fa12a-3dd7-45bb-9766-cc326314d9f1,9.100060286931694,0.00010531127384081764,1.1572590787343661e-05,116.3049260544,75.72809793665654,6.0,0.00018964823088672553,0.00024393269514177973,9.668861801813668e-06,0.00044324978783031894,0.0,United Kingdom,GBR,england,,,Linux-6.4.0-150600.23.73_15.0.14-cray_shasta_c_64k-aarch64-with-glibc2.38,3.11.7,3.3.0,72,Neoverse-V2,1,1 x NVIDIA GH200 120GB,-2.5917,51.4535,64,machine,0.0,1.6,22.6,193.362548828125,N,1.0,0.0
2026-09-27T00:45:17,efficientnet_lite0_batch1_node_1_local_train,eda0201d-41fb-4e5f-be3d-7e42c4a7a109,5b0fa12a-3dd7-45bb-9766-cc326314d9f1,14.295153335900977,0.00020488437917541506,1.4332436621079579e-05,116.08390709568,154.18745502979624,6.0,0.00036292566099646096,0.0004884817796693142,1.0940476011407251e-05,0.0008623479166771824,0.0,United Kingdom,GBR,england,,,Linux-6.4.0-150600.23.73_15.0.14-cray_shasta_c_64k-aarch64-with-glibc2.38,3.11.7,3.3.0,72,Neoverse-V2,1,1 x NVIDIA GH200 120GB,-2.5917,51.4535,64,machine,0.0,5.2727272727272725,22.02727272727273,188.4371004971591,N,1.0,0.0
2026-09-27T00:45:27,efficientnet_lite0_batch1_node_1_evaluate,69ae0021-9f61-4225-9935-612e985ee8df,5b0fa12a-3dd7-45bb-9766-cc326314d9f1,8.974947720998898,0.0001119769935254686,1.247661791538611e-05,122.7495418848,75.31860174222204,6.0,0.00021414739147065438,0.0002473024200639884,9.855650946653139e-06,0.00047130546248129587,0.0,United Kingdom,GBR,england,,,Linux-6.4.0-150600.23.73_15.0.14-cray_shasta_c_64k-aarch64-with-glibc2.38,3.11.7,3.3.0,72,Neoverse-V2,1,1 x NVIDIA GH200 120GB,-2.5917,51.4535,64,machine,0.0,2.4,22.0,188.26142578125,N,1.0,0.0
2026-09-27T00:45:36,efficientnet_lite0_batch1_node_2_local_train,ab3715d7-25cb-4e63-8db2-9bc98eff72e2,5b0fa12a-3dd7-45bb-9766-cc326314d9f1,7.8221228760667145,9.14735473297084e-05,1.1694209970747105e-05,121.0502479392,155.1107690645852,6.0,0.00016368838834841419,0.00021506961650175072,6.249496884799251e-06,0.00038500750173496416,0.0,United Kingdom,GBR,england,,,Linux-6.4.0-150600.23.73_15.0.14-cray_shasta_c_64k-aarch64-with-glibc2.38,3.11.7,3.3.0,72,Neoverse-V2,1,1 x NVIDIA GH200 120GB,-2.5917,51.4535,64,machine,0.0,3.5,22.2,190.31845092773438,N,1.0,0.0
2026-09-27T00:46:40,efficientnet_lite0_batch1_node_2_evaluate,58dcc5a2-f985-4bc0-8500-a5f24a588fa4,5b0fa12a-3dd7-45bb-9766-cc326314d9f1,53.880578694166616,0.0008950929398179934,1.6612533894609054e-05,116.2111108908648,117.38688643720286,6.0,0.0016318839041621733,0.00203209995900977,0.00010341673120739871,0.003767400594379342,0.0,United Kingdom,GBR,england,,,Linux-6.4.0-150600.23.73_15.0.14-cray_shasta_c_64k-aarch64-with-glibc2.38,3.11.7,3.3.0,72,Neoverse-V2,1,1 x NVIDIA GH200 120GB,-2.5917,51.4535,64,machine,0.728,0.26,22.200000000000017,190.30632568359374,N,1.0,0.0
2026-09-27T00:46:59,efficientnet_lite0_batch1_node_3_local_train,5740feef-3e39-43b1-b6d8-dbc108db181c,5b0fa12a-3dd7-45bb-9766-cc326314d9f1,9.950131259858608,0.0001314248631457813,1.3208354715478281e-05,120.4773455232,154.46824433914753,6.0,0.000236415703234663,0.00030776441289503964,8.980439055012538e-06,0.0005531605551847152,0.0,United Kingdom,GBR,england,,,Linux-6.4.0-150600.23.73_15.0.14-cray_shasta_c_64k-aarch64-with-glibc2.38,3.11.7,3.3.0,72,Neoverse-V2,1,1 x NVIDIA GH200 120GB,-2.5917,51.4535,64,machine,0.0,6.333333333333333,22.2,190.42400105794272,N,1.0,0.0
2026-09-27T00:47:12,efficientnet_lite0_batch1_node_3_evaluate,6a60b796-a589-4ee2-a485-a59e3e16d89a,5b0fa12a-3dd7-45bb-9766-cc326314d9f1,9.957413611002266,0.00012393805542548344,1.244681202039657e-05,116.70363181440001,152.3560189198792,6.0,0.00022548231818324851,0.0002863718957684114,9.794748860100906e-06,0.0005216489628117608,0.0,United Kingdom,GBR,england,,,Linux-6.4.0-150600.23.73_15.0.14-cray_shasta_c_64k-aarch64-with-glibc2.38,3.11.7,3.3.0,72,Neoverse-V2,1,1 x NVIDIA GH200 120GB,-2.5917,51.4535,64,machine,0.0,1.8333333333333333,22.2,190.47451782226562,N,1.0,0.0
2026-09-27T00:47:25,efficientnet_lite0_batch1_node_4_local_train,aa02d011-0e30-4260-a803-d1ce53a102d3,5b0fa12a-3dd7-45bb-9766-cc326314d9f1,8.584892203100026,0.00010488184482950342,1.221702525182906e-05,115.80780265920002,82.56212538307659,6.0,0.00017909923024565365,0.000253139646957834,9.203465790099775e-06,0.00044144234299358737,0.0,United Kingdom,GBR,england,,,Linux-6.4.0-150600.23.73_15.0.14-cray_shasta_c_64k-aarch64-with-glibc2.38,3.11.7,3.3.0,72,Neoverse-V2,1,1 x NVIDIA GH200 120GB,-2.5917,51.4535,64,machine,14.680000000000001,8.0,22.2,190.48475341796876,N,1.0,0.0
2026-09-27T00:48:05,efficientnet_lite0_batch1_node_4_evaluate,23b57e3a-92a4-46c9-8cf5-b2bffcfd650a,5b0fa12a-3dd7-45bb-9766-cc326314d9f1,13.009247756097466,0.00017519581947741066,1.3467021519003354e-05,116.9026618176,147.62500462750836,6.0,0.00032114199108341905,0.0004065133807671373,9.734909170074387e-06,0.0007373902810206308,0.0,United Kingdom,GBR,england,,,Linux-6.4.0-150600.23.73_15.0.14-cray_shasta_c_64k-aarch64-with-glibc2.38,3.11.7,3.3.0,72,Neoverse-V2,1,1 x NVIDIA GH200 120GB,-2.5917,51.4535,64,machine,15.58888888888889,0.8888888888888888,22.199999999999996,190.5413614908854,N,1.0,0.0
2026-09-27T00:48:17,efficientnet_lite0_batch1_node_5_local_train,9df9a26e-ac46-4c70-822d-5b3666302c8a,5b0fa12a-3dd7-45bb-9766-cc326314d9f1,10.581676555098966,0.0001422106452115409,1.3439330192247674e-05,116.83222028022857,157.91995966878594,6.0,0.00024510424173039124,0.0003428355520469495,1.0617568775390584e-05,0.0005985573625527313,0.0,United Kingdom,GBR,england,,,Linux-6.4.0-150600.23.73_15.0.14-cray_shasta_c_64k-aarch64-with-glibc2.38,3.11.7,3.3.0,72,Neoverse-V2,1,1 x NVIDIA GH200 120GB,-2.5917,51.4535,64,machine,0.0,9.714285714285714,22.300000000000004,190.5806884765625,N,1.0,0.0
2026-09-27T00:49:38,efficientnet_lite0_batch1_node_5_evaluate,7f60b673-98d5-423c-9470-885ec1633fda,5b0fa12a-3dd7-45bb-9766-cc326314d9f1,10.02777397283353,0.00012568731135126728,1.2533919461265246e-05,116.76960504000002,150.6576385300641,6.0,0.0002279652487539447,0.00029116745514556897,9.878788009906807e-06,0.0005290114919094204,0.0,United Kingdom,GBR,england,,,Linux-6.4.0-150600.23.73_15.0.14-cray_shasta_c_64k-aarch64-with-glibc2.38,3.11.7,3.3.0,72,Neoverse-V2,1,1 x NVIDIA GH200 120GB,-2.5917,51.4535,64,machine,0.0,2.0,22.3,190.63219197591147,N,1.0,0.0
2026-09-27T00:49:56,efficientnet_lite0_batch1_node_2_knowledge_extraction,6ec1e540-e53e-4797-9766-21a730cbba34,5b0fa12a-3dd7-45bb-9766-cc326314d9f1,11.574328040936962,0.00014852914680844068,1.2832636701077724e-05,116.22762891154287,147.78031899768195,6.0,0.00027432557348917023,0.00034669194403136316,4.1340964365129675e-06,0.0006251516139570463,0.0,United Kingdom,GBR,england,,,Linux-6.4.0-150600.23.73_15.0.14-cray_shasta_c_64k-aarch64-with-glibc2.38,3.11.7,3.3.0,72,Neoverse-V2,1,1 x NVIDIA GH200 120GB,-2.5917,51.4535,64,machine,0.0,0.625,22.300000000000004,190.62818908691406,N,1.0,0.0
2026-09-27T00:50:04,efficientnet_lite0_batch1_node_3_knowledge_extraction,f47be173-dd7b-46a8-8d28-b51500144cc3,5b0fa12a-3dd7-45bb-9766-cc326314d9f1,7.311609263997525,7.62382446172657e-05,1.042701296863113e-05,116.16412874400001,152.32138622618152,6.0,0.00013821268263583455,0.00017727458627803117,5.395619676370794e-06,0.00032088288859023653,0.0,United Kingdom,GBR,england,,,Linux-6.4.0-150600.23.73_15.0.14-cray_shasta_c_64k-aarch64-with-glibc2.38,3.11.7,3.3.0,72,Neoverse-V2,1,1 x NVIDIA GH200 120GB,-2.5917,51.4535,64,machine,1.675,0.0,22.3,190.6291046142578,N,1.0,0.0
2026-09-27T00:50:19,efficientnet_lite0_batch1_node_4_knowledge_extraction,f7eeb20d-fff3-42d5-8e35-6ba457bb9c43,5b0fa12a-3dd7-45bb-9766-cc326314d9f1,7.732413252815604,8.31836944679464e-05,1.0757792133996035e-05,116.05281167520002,147.97126696980024,6.0,0.00015127781369756618,0.00019334848802543547,5.489631539676339e-06,0.000350115933262678,0.0,United Kingdom,GBR,england,,,Linux-6.4.0-150600.23.73_15.0.14-cray_shasta_c_64k-aarch64-with-glibc2.38,3.11.7,3.3.0,72,Neoverse-V2,1,1 x NVIDIA GH200 120GB,-2.5917,51.4535,64,machine,0.0,2.0,22.3,190.6209716796875,N,1.0,0.0
2026-09-27T00:50:29,efficientnet_lite0_batch1_node_5_knowledge_extraction,16b0ffee-4fa8-4f2e-b9d7-41a863a1e1d1,5b0fa12a-3dd7-45bb-9766-cc326314d9f1,6.775385130895302,6.668645452594477e-05,9.842459614857761e-06,115.82462651040001,75.04695684624245,6.0,0.00012042090349230823,0.00015407678993994978,6.182197160087525e-06,0.0002806798905923455,0.0,United Kingdom,GBR,england,,,Linux-6.4.0-150600.23.73_15.0.14-cray_shasta_c_64k-aarch64-with-glibc2.38,3.11.7,3.3.0,72,Neoverse-V2,1,1 x NVIDIA GH200 120GB,-2.5917,51.4535,64,machine,0.0,4.0,22.3,190.60540771484375,N,1.0,0.0
2026-09-27T00:50:42,efficientnet_lite0_batch1_node_1_distill,4fa0d806-c52a-4eb2-a2d1-c8325ec3d464,5b0fa12a-3dd7-45bb-9766-cc326314d9f1,11.90301786409691,0.00016821874961004727,1.4132445362234206e-05,115.86981398400002,82.86066918336702,6.0,0.0002865616314830812,0.0004067308809254655,1.4731636899911488e-05,0.0007080241493084582,0.0,United Kingdom,GBR,england,,,Linux-6.4.0-150600.23.73_15.0.14-cray_shasta_c_64k-aarch64-with-glibc2.38,3.11.7,3.3.0,72,Neoverse-V2,1,1 x NVIDIA GH200 120GB,-2.5917,51.4535,64,machine,11.0875,6.0,22.300000000000004,190.59542083740234,N,1.0,0.0
2026-09-27T00:50:57,efficientnet_lite0_batch1_node_1_evaluate,1679dc86-4801-4b4a-9bfb-a62f85880cb5,5b0fa12a-3dd7-45bb-9766-cc326314d9f1,10.074725812999532,0.0001271176863515695,1.2617483464170122e-05,116.66079028800002,149.9774817898621,6.0,0.00022951435318346294,0.0002956132920530763,9.904222196588915e-06,0.0005350318674331282,0.0,United Kingdom,GBR,england,,,Linux-6.4.0-150600.23.73_15.0.14-cray_shasta_c_64k-aarch64-with-glibc2.38,3.11.7,3.3.0,72,Neoverse-V2,1,1 x NVIDIA GH200 120GB,-2.5917,51.4535,64,machine,0.0,2.7142857142857144,22.300000000000004,190.61835588727678,N,1.0,0.0
2026-09-27T00:51:25,mobilevit_xxs_batch1_node_0_local_train,d7e690f4-ba1e-4de3-9e50-fca175711a63,5b0fa12a-3dd7-45bb-9766-cc326314d9f1,11.963992316974327,0.00016296152663848037,1.3620998937559754e-05,115.78782056400001,155.91221918043465,6.0,0.00028732470420913094,0.00038545086390229244,1.3121197473180171e-05,0.0006858967655846036,0.0,United Kingdom,GBR,england,,,Linux-6.4.0-150600.23.73_15.0.14-cray_shasta_c_64k-aarch64-with-glibc2.38,3.11.7,3.3.0,72,Neoverse-V2,1,1 x NVIDIA GH200 120GB,-2.5917,51.4535,64,machine,0.0,7.375,22.300000000000004,190.62339782714844,N,1.0,0.0
2026-09-27T00:51:37,mobilevit_xxs_batch1_node_0_evaluate,349e6210-7963-43ed-b5bb-bcbe7434c952,5b0fa12a-3dd7-45bb-9766-cc326314d9f1,9.083457866916433,0.00011459645578226248,1.2615950606172031e-05,122.93381653302859,791.1010300235213,6.0,0.00021900684389478532,0.000253301035968434,1.0022765841179839e-05,0.00048233064570439913,0.0,United Kingdom,GBR,england,,,Linux-6.4.0-150600.23.73_15.0.14-cray_shasta_c_64k-aarch64-with-glibc2.38,3.11.7,3.3.0,72,Neoverse-V2,1,1 x NVIDIA GH200 120GB,-2.5917,51.4535,64,machine,0.0,1.5,22.266666666666666,190.57073974609375,N,1.0,0.0
2026-09-27T00:52:10,mobilevit_xxs_batch1_node_1_local_train,445ebf7b-7dd1-41d5-b6c5-636cdb37f906,5b0fa12a-3dd7-45bb-9766-cc326314d9f1,14.729986824793741,0.00021514331978592107,1.4605805310279607e-05,115.98138111534547,150.03188010690414,6.0,0.0003781146787901975,0.0005096390188299438,1.7773577573243526e-05,0.0009055272751933847,0.0,United Kingdom,GBR,england,,,Linux-6.4.0-150600.23.73_15.0.14-cray_shasta_c_64k-aarch64-with-glibc2.38,3.11.7,3.3.0,72,Neoverse-V2,1,1 x NVIDIA GH200 120GB,-2.5917,51.4535,64,machine,1.0727272727272728,7.7272727272727275,22.300000000000008,190.60147927024147,N,1.0,0.0
2026-09-27T00:52:21,mobilevit_xxs_batch1_node_1_evaluate,3599e03f-8e98-4825-905a-c4fb08d18ace,5b0fa12a-3dd7-45bb-9766-cc326314d9f1,10.199622835963964,0.00012852196155819208,1.260065824248152e-05,116.69298377965714,152.45642414578322,6.0,0.00023382593799508997,0.0002969110708477274,1.0205381411748628e-05,0.000540942390254566,0.0,United Kingdom,GBR,england,,,Linux-6.4.0-150600.23.73_15.0.14-cray_shasta_c_64k-aarch64-with-glibc2.38,3.11.7,3.3.0,72,Neoverse-V2,1,1 x NVIDIA GH200 120GB,-2.5917,51.4535,64,machine,0.0,1.8571428571428572,22.300000000000004,190.61681256975447,N,1.0,0.0
2026-09-27T00:52:36,mobilevit_xxs_batch1_node_2_local_train,24239abf-0b30-4971-9972-4e0f218c1b10,5b0fa12a-3dd7-45bb-9766-cc326314d9f1,9.99209516402334,0.00012744325739176112,1.2754407889410634e-05,115.88037096960002,150.57869474867186,6.0,0.00022418048886235415,0.0003023502418955104,9.871448601285617e-06,0.0005364021793591502,0.0,United Kingdom,GBR,england,,,Linux-6.4.0-150600.23.73_15.0.14-cray_shasta_c_64k-aarch64-with-glibc2.38,3.11.7,3.3.0,72,Neoverse-V2,1,1 x NVIDIA GH200 120GB,-2.5917,51.4535,64,machine,17.8,6.666666666666667,22.3,190.63314819335938,N,1.0,0.0
2026-09-27T00:53:26,mobilevit_xxs_batch1_node_2_evaluate,badc80d1-eb6d-4906-8a4d-d3bd07d7df78,5b0fa12a-3dd7-45bb-9766-cc326314d9f1,9.963798381853849,0.00012456030863228253,1.2501287547039569e-05,116.67148427520002,152.54074713571094,6.0,0.00022605452919986595,0.0002883821751566984,9.831290509706983e-06,0.0005242679948662713,0.0,United Kingdom,GBR,england,,,Linux-6.4.0-150600.23.73_15.0.14-cray_shasta_c_64k-aarch64-with-glibc2.38,3.11.7,3.3.0,72,Neoverse-V2,1,1 x NVIDIA GH200 120GB,-2.5917,51.4535,64,machine,0.0,2.0,22.3,190.6479695638021,N,1.0,0.0
2026-09-27T00:58:22,mobilevit_xxs_batch1_node_3_local_train,bb71b8c0-e054-4d3a-bef8-0c78273f2bd1,5b0fa12a-3dd7-45bb-9766-cc326314d9f1,15.665455029113218,0.0002274952597751248,1.4522097146386097e-05,115.81288945920001,151.2811571246536,6.0,0.0004065010171885909,0.0005371037630226283,1.391118128163119e-05,0.0009575159614928503,0.0,United Kingdom,GBR,england,,,Linux-6.4.0-150600.23.73_15.0.14-cray_shasta_c_64k-aarch64-with-glibc2.38,3.11.7,3.3.0,72,Neoverse-V2,1,1 x NVIDIA GH200 120GB,-2.5917,51.4535,64,machine,0.0,5.0,22.300000000000008,190.68344116210938,N,1.0,0.0
2026-09-27T00:58:38,mobilevit_xxs_batch1_node_3_evaluate,fa5ec073-81b5-47fe-963a-81200df6e126,5b0fa12a-3dd7-45bb-9766-cc326314d9f1,8.938163325889036,0.00010520530256442533,1.1770349089471472e-05,116.35178613120002,73.8461892425757,6.0,0.000192267916173831,0.0002407463037030766,9.789540248457343e-06,0.00044280376012536496,0.0,United Kingdom,GBR,england,,,Linux-6.4.0-150600.23.73_15.0.14-cray_shasta_c_64k-aarch64-with-glibc2.38,3.11.7,3.3.0,72,Neoverse-V2,1,1 x NVIDIA GH200 120GB,-2.5917,51.4535,64,machine,0.0,2.0,22.3,190.7140869140625,N,1.0,0.0
2026-09-27T00:59:00,mobilevit_xxs_batch1_node_4_local_train,03acaba0-8e7c-4b2e-9d02-f2626c3d8e72,5b0fa12a-3dd7-45bb-9766-cc326314d9f1,16.485722271958366,0.00024159980928331774,1.4655093983614568e-05,115.88499940031998,150.46764443027703,6.0,0.00043302052851141594,0.0005695318445049224,1.4328918976631636e-05,0.00101688129199297,0.0,United Kingdom,GBR,england,,,Linux-6.4.0-150600.23.73_15.0.14-cray_shasta_c_64k-aarch64-with-glibc2.38,3.11.7,3.3.0,72,Neoverse-V2,1,1 x NVIDIA GH200 120GB,-2.5917,51.4535,64,machine,0.0,2.8461538461538463,22.300000000000008,190.7432344876803,N,1.0,0.0
2026-09-27T00:59:27,mobilevit_xxs_batch1_node_4_evaluate,58c6345f-9a23-49b2-8f58-7dfd747fd952,5b0fa12a-3dd7-45bb-9766-cc326314d9f1,8.937101467046887,0.00010616454058762776,1.1879079697045e-05,116.25339510720002,75.42682051510259,6.0,0.00019184008217611916,0.00024524158509109384,9.759476841427386e-06,0.0004468411441086404,0.0,United Kingdom,GBR,england,,,Linux-6.4.0-150600.23.73_15.0.14-cray_shasta_c_64k-aarch64-with-glibc2.38,3.11.7,3.3.0,72,Neoverse-V2,1,1 x NVIDIA GH200 120GB,-2.5917,51.4535,64,machine,15.459999999999999,2.4,22.3,190.7345458984375,N,1.0,0.0
2026-09-27T01:00:08,mobilevit_xxs_batch1_node_5_local_train,7c0d1b51-9b39-4f9f-b2c0-3a8cb1f0d677,5b0fa12a-3dd7-45bb-9766-cc326314d9f1,16.76014357386157,0.0002484370124890793,1.4823083787690902e-05,115.82847054065456,150.395445753576,6.0,0.0004422641213146382,0.0005867693583070377,1.6625252428542198e-05,0.001045658732050218,0.0,United Kingdom,GBR,england,,,Linux-6.4.0-150600.23.73_15.0.14-cray_shasta_c_64k-aarch64-with-glibc2.38,3.11.7,3.3.0,72,Neoverse-V2,1,1 x NVIDIA GH200 120GB,-2.5917,51.4535,64,machine,0.0,7.230769230769231,22.300000000000008,190.74170391376202,N,1.0,0.0
2026-09-27T01:01:00,mobilevit_xxs_batch1_node_5_evaluate,c4027cc1-a2b7-4de8-b177-a67d9b051f5e,5b0fa12a-3dd7-45bb-9766-cc326314d9f1,14.155788520118222,0.00019553127454975894,1.3812814049310619e-05,116.55502560411429,146.83761836746274,6.0,0.00035992310072246737,0.00045316647364757046,9.891601314690585e-06,0.0008229811756847285,0.0,United Kingdom,GBR,england,,,Linux-6.4.0-150600.23.73_15.0.14-cray_shasta_c_64k-aarch64-with-glibc2.38,3.11.7,3.3.0,72,Neoverse-V2,1,1 x NVIDIA GH200 120GB,-2.5917,51.4535,64,machine,0.0,1.0,22.300000000000008,190.75327370383522,N,1.0,0.0
2026-09-27T01:01:15,mobilevit_xxs_batch1_node_2_knowledge_extraction,1f02b977-d3a9-4024-8d30-3463d2f2eae5,5b0fa12a-3dd7-45bb-9766-cc326314d9f1,6.546552156098187,6.0909857724631225e-05,9.304112496513604e-06,116.18144136000001,142.64039267555378,6.0,0.00011308835910886703,0.00013915233355987766,4.125796203346302e-06,0.000256366488872091,0.0,United Kingdom,GBR,england,,,Linux-6.4.0-150600.23.73_15.0.14-cray_shasta_c_64k-aarch64-with-glibc2.38,3.11.7,3.3.0,72,Neoverse-V2,1,1 x NVIDIA GH200 120GB,-2.5917,51.4535,64,machine,0.0,1.3333333333333333,22.3,190.783203125,N,1.0,0.0
2026-09-27T01:01:24,mobilevit_xxs_batch1_node_3_knowledge_extraction,84b8be02-53c3-47d2-b0b8-20da6acbbb7b,5b0fa12a-3dd7-45bb-9766-cc326314d9f1,7.633463540114462,8.117962751163216e-05,1.0634704297076512e-05,115.84314881280001,147.35715400533934,6.0,0.0001479423117733351,0.00018840459516411556,5.3340105782262985e-06,0.00034168091751567695,0.0,United Kingdom,GBR,england,,,Linux-6.4.0-150600.23.73_15.0.14-cray_shasta_c_64k-aarch64-with-glibc2.38,3.11.7,3.3.0,72,Neoverse-V2,1,1 x NVIDIA GH200 120GB,-2.5917,51.4535,64,machine,0.0,0.0,22.3,190.7936248779297,N,1.0,0.0
2026-09-27T01:01:42,mobilevit_xxs_batch1_node_4_knowledge_extraction,f6c91490-54bb-4255-9182-993b9aa13fb4,5b0fa12a-3dd7-45bb-9766-cc326314d9f1,11.799087547929958,0.00015267468459901498,1.2939533161257064e-05,115.92201598560001,147.42310215353416,6.0,0.0002814676348905152,0.00035570139567653314,5.4309408079522356e-06,0.0006425999713750005,0.0,United Kingdom,GBR,england,,,Linux-6.4.0-150600.23.73_15.0.14-cray_shasta_c_64k-aarch64-with-glibc2.38,3.11.7,3.3.0,72,Neoverse-V2,1,1 x NVIDIA GH200 120GB,-2.5917,51.4535,64,machine,0.0,0.5,22.300000000000004,190.796875,N,1.0,0.0
2026-09-27T01:02:09,mobilevit_xxs_batch1_node_5_knowledge_extraction,5af0ed69-85d7-47d9-a51f-3c277bf8243e,5b0fa12a-3dd7-45bb-9766-cc326314d9f1,19.724428652087227,0.0002878450629456506,1.4593328304857693e-05,115.99332651154288,146.26605841359242,6.0,0.0005347294410484505,0.0006707255365796527,6.070231643583005e-06,0.001211525209271686,0.0,United Kingdom,GBR,england,,,Linux-6.4.0-150600.23.73_15.0.14-cray_shasta_c_64k-aarch64-with-glibc2.38,3.11.7,3.3.0,72,Neoverse-V2,1,1 x NVIDIA GH200 120GB,-2.5917,51.4535,64,machine,0.7625,0.5,22.300000000000008,190.80589294433594,N,1.0,0.0
2026-09-27T01:02:20,mobilevit_xxs_batch1_node_0_distill,d208f972-4fdf-4378-ba02-60af00a143a7,5b0fa12a-3dd7-45bb-9766-cc326314d9f1,10.138318142853677,0.00013152296699932425,1.2972858529995182e-05,115.73759589840002,79.7301774691496,6.0,0.0002288690858972655,0.00031291997257199,1.1784410838348169e-05,0.0005535734693076037,0.0,United Kingdom,GBR,england,,,Linux-6.4.0-150600.23.73_15.0.14-cray_shasta_c_64k-aarch64-with-glibc2.38,3.11.7,3.3.0,72,Neoverse-V2,1,1 x NVIDIA GH200 120GB,-2.5917,51.4535,64,machine,0.0,10.428571428571429,22.300000000000004,190.819580078125,N,1.0,0.0
2026-09-27T01:02:44,mobilevit_xxs_batch1_node_1_distill,0d51fc37-f62f-4732-a127-344c58bef762,5b0fa12a-3dd7-45bb-9766-cc326314d9f1,12.086103982059285,0.00016831094190257391,1.3925988238427876e-05,115.78376827008002,870.517664212667,6.0,0.00029222755472631723,0.0004011594875805713,1.502513966523111e-05,0.0007084121819721196,0.0,United Kingdom,GBR,england,,,Linux-6.4.0-150600.23.73_15.0.14-cray_shasta_c_64k-aarch64-with-glibc2.38,3.11.7,3.3.0,72,Neoverse-V2,1,1 x NVIDIA GH200 120GB,-2.5917,51.4535,64,machine,0.0,6.0,22.300000000000004,190.84231906467014,N,1.0,0.0
2026-09-27T01:02:55,mobilevit_xxs_batch1_node_2_distill,bf8be5c8-eafc-4fae-b884-2f418a1a8b23,5b0fa12a-3dd7-45bb-9766-cc326314d9f1,9.93740570382215,0.00012648228588431373,1.2727897969956665e-05,115.8450272352,151.05762815843482,6.0,0.00022235722799022786,0.00030023496242392866,9.765308814821765e-06,0.0005323574992289783,0.0,United Kingdom,GBR,england,,,Linux-6.4.0-150600.23.73_15.0.14-cray_shasta_c_64k-aarch64-with-glibc2.38,3.11.7,3.3.0,72,Neoverse-V2,1,1 x NVIDIA GH200 120GB,-2.5917,51.4535,64,machine,0.0,10.5,22.3,190.8425089518229,N,1.0,0.0
2026-09-27T01:03:16,mobilevit_xxs_batch1_node_3_distill,a52c2ec4-9c61-45b5-b783-4a0c8b04f05c,5b0fa12a-3dd7-45bb-9766-cc326314d9f1,10.659134636167437,0.0001411371032924384,1.324095323963233e-05,115.73466240240002,79.72910496127756,6.0,0.00024564733050215314,0.0003357508241492724,1.2640724641969427e-05,0.0005940388792933949,0.0,United Kingdom,GBR,england,,,Linux-6.4.0-150600.23.73_15.0.14-cray_shasta_c_64k-aarch64-with-glibc2.38,3.11.7,3.3.0,72,Neoverse-V2,1,1 x NVIDIA GH200 120GB,-2.5917,51.4535,64,machine,0.0,10.285714285714286,22.300000000000004,190.84200613839286,N,1.0,0.0
2026-09-27T01:03:29,mobilevit_xxs_batch1_node_4_distill,b78036a2-fc09-4b32-b253-f4626686d066,5b0fa12a-3dd7-45bb-9766-cc326314d9f1,12.209684358909726,0.00016811860857112926,1.3769283761086642e-05,115.81214132160001,151.98631440870264,6.0,0.00029574233009185136,0.000398913096915976,1.2947233768257623e-05,0.000707602660776085,0.0,United Kingdom,GBR,england,,,Linux-6.4.0-150600.23.73_15.0.14-cray_shasta_c_64k-aarch64-with-glibc2.38,3.11.7,3.3.0,72,Neoverse-V2,1,1 x NVIDIA GH200 120GB,-2.5917,51.4535,64,machine,6.422222222222222,6.444444444444445,22.300000000000004,190.84585910373264,N,1.0,0.0
2026-09-27T01:03:53,mobilevit_xxs_batch1_node_5_distill,b13c3620-2c1c-43de-a8a8-c5741b521173,5b0fa12a-3dd7-45bb-9766-cc326314d9f1,12.821999848121777,0.00018004209104743022,1.4041654436129445e-05,115.89549978240002,150.87284637093364,6.0,0.0003158726564890048,0.0004273300640704747,1.4585270666672538e-05,0.000757787991226152,0.0,United Kingdom,GBR,england,,,Linux-6.4.0-150600.23.73_15.0.14-cray_shasta_c_64k-aarch64-with-glibc2.38,3.11.7,3.3.0,72,Neoverse-V2,1,1 x NVIDIA GH200 120GB,-2.5917,51.4535,64,machine,3.0555555555555554,10.0,22.300000000000004,190.87950303819446,N,1.0,0.0
2026-09-27T01:04:48,mobilevit_xxs_batch1_node_0_evaluate,1347bb31-2f8e-43d0-ae0d-e0a205469501,5b0fa12a-3dd7-45bb-9766-cc326314d9f1,8.958933269837871,0.00010620500119570803,1.1854648092230964e-05,116.3793721824,766.2525788965321,6.0,0.0001927738410181369,0.0002444207510876595,9.816848641494289e-06,0.00044701144074729064,0.0,United Kingdom,GBR,england,,,Linux-6.4.0-150600.23.73_15.0.14-cray_shasta_c_64k-aarch64-with-glibc2.38,3.11.7,3.3.0,72,Neoverse-V2,1,1 x NVIDIA GH200 120GB,-2.5917,51.4535,64,machine,0.0,2.4,22.3,190.93125,N,1.0,0.0
2026-09-27T01:05:54,mobilevit_xxs_batch1_node_1_evaluate,4a6d227f-41ed-46cb-ac44-2aa6bc47fe22,5b0fa12a-3dd7-45bb-9766-cc326314d9f1,10.182739888085052,0.00013365919707120333,1.3126054337064976e-05,124.42384487725715,145.21648004992886,6.0,0.0002596576259701465,0.0002927041230549321,1.0203003851541628e-05,0.0005625647528766202,0.0,United Kingdom,GBR,england,,,Linux-6.4.0-150600.23.73_15.0.14-cray_shasta_c_64k-aarch64-with-glibc2.38,3.11.7,3.3.0,72,Neoverse-V2,1,1 x NVIDIA GH200 120GB,-2.5917,51.4535,64,machine,16.67142857142857,2.0,22.12857142857143,189.48836844308036,N,1.0,0.0
2026-09-27T01:06:13,mobilevit_xxs_batch1_node_2_evaluate,a70929b1-797e-4500-8859-6d6e3f0be15b,5b0fa12a-3dd7-45bb-9766-cc326314d9f1,8.930030249990523,0.0001060747234404974,1.187842823271623e-05,116.35950700800001,75.23602407309934,6.0,0.00019207478248106305,0.00024462852903184285,9.759796798073996e-06,0.0004464631083109799,0.0,United Kingdom,GBR,england,,,Linux-6.4.0-150600.23.73_15.0.14-cray_shasta_c_64k-aarch64-with-glibc2.38,3.11.7,3.3.0,72,Neoverse-V2,1,1 x NVIDIA GH200 120GB,-2.5917,51.4535,64,machine,11.620000000000001,1.6,22.0,188.35003662109375,N,1.0,0.0
2026-09-27T01:06:38,mobilevit_xxs_batch1_node_3_evaluate,4ee444e2-2296-4ace-afeb-9fb35bd5bd6f,5b0fa12a-3dd7-45bb-9766-cc326314d9f1,10.02241435018368,0.00012722807542735597,1.2694353973204496e-05,119.54914704000001,145.84376336076792,6.0,0.00023705006523079563,0.00028851328634971196,9.933137850215038e-06,0.0005354964894307226,0.0,United Kingdom,GBR,england,,,Linux-6.4.0-150600.23.73_15.0.14-cray_shasta_c_64k-aarch64-with-glibc2.38,3.11.7,3.3.0,72,Neoverse-V2,1,1 x NVIDIA GH200 120GB,-2.5917,51.4535,64,machine,0.0,1.6666666666666667,22.0,188.33577473958334,N,1.0,0.0
2026-09-27T01:07:23,mobilevit_xxs_batch1_node_4_evaluate,0935a116-2a31-47bc-84c5-c9a6c27d13ac,5b0fa12a-3dd7-45bb-9766-cc326314d9f1,15.07652117102407,0.00021922139557212366,1.4540582212921278e-05,126.70581438720001,146.52272912262464,6.0,0.00042334577120150185,0.000489328169237524,1.0017748031920444e-05,0.0009226916884709463,0.0,United Kingdom,GBR,england,,,Linux-6.4.0-150600.23.73_15.0.14-cray_shasta_c_64k-aarch64-with-glibc2.38,3.11.7,3.3.0,72,Neoverse-V2,1,1 x NVIDIA GH200 120GB,-2.5917,51.4535,64,machine,9.216666666666667,1.0833333333333333,22.300000000000008,191.09122212727866,N,1.0,0.0
2026-09-27T01:07:48,mobilevit_xxs_batch1_node_5_evaluate,63b58fc4-2fb5-4e3f-8d44-143cbc002dab,5b0fa12a-3dd7-45bb-9766-cc326314d9f1,16.217681331792846,0.00022988228093445785,1.417479331547851e-05,116.65778545645713,145.5934299947861,6.0,0.00042630003598697903,0.0005311509804784009,1.0111795510165393e-05,0.0009675628119755453,0.0,United Kingdom,GBR,england,,,Linux-6.4.0-150600.23.73_15.0.14-cray_shasta_c_64k-aarch64-with-glibc2.38,3.11.7,3.3.0,72,Neoverse-V2,1,1 x NVIDIA GH200 120GB,-2.5917,51.4535,64,machine,0.5153846153846154,1.2307692307692308,22.300000000000008,191.10949237530048,N,1.0,0.0
2026-09-27T01:08:36,mobilenet_v3_small_batch2_node_0_local_train,7645ccf3-bb53-488a-907b-e7d726195090,5b0fa12a-3dd7-45bb-9766-cc326314d9f1,11.323095398023725,0.00014811428093107135,1.3080723576427914e-05,115.9306426944,207.78675034331218,6.0,0.0002669982524981186,0.00034270499638466845,1.3702215726564947e-05,0.000623405464609352,0.0,United Kingdom,GBR,england,,,Linux-6.4.0-150600.23.73_15.0.14-cray_shasta_c_64k-aarch64-with-glibc2.38,3.11.7,3.3.0,72,Neoverse-V2,1,1 x NVIDIA GH200 120GB,-2.5917,51.4535,64,machine,9.8625,2.625,21.900000000000002,187.73065948486328,N,1.0,0.0
2026-09-27T01:08:53,mobilenet_v3_small_batch2_node_0_evaluate,120343bc-46d2-474d-a062-90d6e334b740,5b0fa12a-3dd7-45bb-9766-cc326314d9f1,13.028859863989055,0.0001758450597247345,1.3496580787606683e-05,115.9080012288,150.06710633007395,6.0,0.00032287226226849764,0.0004023292107575571,1.492142712813802e-05,0.0007401229001541928,0.0,United Kingdom,GBR,england,,,Linux-6.4.0-150600.23.73_15.0.14-cray_shasta_c_64k-aarch64-with-glibc2.38,3.11.7,3.3.0,72,Neoverse-V2,1,1 x NVIDIA GH200 120GB,-2.5917,51.4535,64,machine,0.0,0.3333333333333333,21.900000000000002,187.75732421875,N,1.0,0.0
2026-09-27T01:09:15,mobilenet_v3_small_batch2_node_1_local_train,b41f8298-3031-4685-a5c1-f176eca97ac3,5b0fa12a-3dd7-45bb-9766-cc326314d9f1,17.782520513050258,0.0002600947988111201,1.4626430410708168e-05,116.18340316939637,146.6589829157798,6.0,0.0004761013328758569,0.000601861870379139,1.6762557664575677e-05,0.0010947257609195717,0.0,United Kingdom,GBR,england,,,Linux-6.4.0-150600.23.73_15.0.14-cray_shasta_c_64k-aarch64-with-glibc2.38,3.11.7,3.3.0,72,Neoverse-V2,1,1 x NVIDIA GH200 120GB,-2.5917,51.4535,64,machine,5.164285714285714,1.4285714285714286,21.9,187.76443481445312,N,1.0,0.0
2026-09-27T01:11:16,mobilenet_v3_small_batch2_node_1_evaluate,d877749c-084e-4a29-9ecc-7b6e4f3232a6,5b0fa12a-3dd7-45bb-9766-cc326314d9f1,114.48526986804791,0.001987505923988303,1.7360363706868486e-05,118.12990275182958,125.26475393439773,6.0,0.003625370547872282,0.004464901627486029,0.0002750390300775568,0.00836531120543587,0.0,United Kingdom,GBR,england,,,Linux-6.4.0-150600.23.73_15.0.14-cray_shasta_c_64k-aarch64-with-glibc2.38,3.11.7,3.3.0,72,Neoverse-V2,1,1 x NVIDIA GH200 120GB,-2.5917,51.4535,64,machine,1.118918918918919,0.04504504504504504,21.900000000000045,187.74218310106983,N,1.0,0.0
2026-09-27T01:11:42,mobilenet_v3_small_batch2_node_2_local_train,b412ec1a-3434-4fa9-af4b-6dfca0b0d2f5,5b0fa12a-3dd7-45bb-9766-cc326314d9f1,9.584689018083736,0.00012055528854961355,1.257790297861079e-05,121.12719361920001,151.65717720168726,6.0,0.00022728513045933564,0.0002709421612081542,9.183777656483774e-06,0.0005074110693239736,0.0,United Kingdom,GBR,england,,,Linux-6.4.0-150600.23.73_15.0.14-cray_shasta_c_64k-aarch64-with-glibc2.38,3.11.7,3.3.0,72,Neoverse-V2,1,1 x NVIDIA GH200 120GB,-2.5917,51.4535,64,machine,0.0,3.3333333333333335,21.900000000000002,187.76021321614584,N,1.0,0.0
2026-09-27T01:13:09,mobilenet_v3_small_batch2_node_2_evaluate,ae9f274f-b45e-410e-9fff-b014ef318f5f,5b0fa12a-3dd7-45bb-9766-cc326314d9f1,10.888681746087968,0.00013791456681052462,1.2665864429371707e-05,116.80655832000002,143.82319071569816,6.0,0.0002560730005447526,0.0003146963628779531,9.706023950129747e-06,0.0005804753873728355,0.0,United Kingdom,GBR,england,,,Linux-6.4.0-150600.23.73_15.0.14-cray_shasta_c_64k-aarch64-with-glibc2.38,3.11.7,3.3.0,72,Neoverse-V2,1,1 x NVIDIA GH200 120GB,-2.5917,51.4535,64,machine,1.6857142857142857,0.42857142857142855,21.900000000000002,187.81195940290178,N,1.0,0.0
2026-09-27T01:13:31,mobilenet_v3_small_batch2_node_3_local_train,080c1ec3-c9fa-41c3-a56d-61e0d17a2ded,5b0fa12a-3dd7-45bb-9766-cc326314d9f1,14.415107533102855,0.00020083849323918474,1.393250052266202e-05,116.01787062240001,145.48325959895902,6.0,0.00036745874835384767,0.0004639537044965891,1.3906535988207907e-05,0.0008453189888386447,0.0,United Kingdom,GBR,england,,,Linux-6.4.0-150600.23.73_15.0.14-cray_shasta_c_64k-aarch64-with-glibc2.38,3.11.7,3.3.0,72,Neoverse-V2,1,1 x NVIDIA GH200 120GB,-2.5917,51.4535,64,machine,0.0,3.272727272727273,21.900000000000002,187.81144575639203,N,1.0,0.0
2026-09-27T01:16:18,mobilenet_v3_small_batch2_node_3_evaluate,7d446d2b-7195-468a-b1ac-0a1cba544980,5b0fa12a-3dd7-45bb-9766-cc326314d9f1,165.6535464830231,0.002892502723696855,1.746115785087216e-05,115.64097163980549,143.22251818595012,6.0,0.00530945739017523,0.006599608335235985,0.0002653309162550917,0.012174396641666304,0.0,United Kingdom,GBR,england,,,Linux-6.4.0-150600.23.73_15.0.14-cray_shasta_c_64k-aarch64-with-glibc2.38,3.11.7,3.3.0,72,Neoverse-V2,1,1 x NVIDIA GH200 120GB,-2.5917,51.4535,64,machine,1.04,0.024242424242424242,21.90000000000006,187.80841434363163,N,1.0,0.0
2026-09-27T01:16:31,mobilenet_v3_small_batch2_node_4_local_train,5f9c197a-7190-473a-859d-8610ec88c909,5b0fa12a-3dd7-45bb-9766-cc326314d9f1,12.08966796589084,0.0001610703677318681,1.3322976957374153e-05,116.30591262720003,145.73144078993457,6.0,0.0002935095487012084,0.00037156696392059985,1.2860461446301389e-05,0.0006779369740681097,0.0,United Kingdom,GBR,england,,,Linux-6.4.0-150600.23.73_15.0.14-cray_shasta_c_64k-aarch64-with-glibc2.38,3.11.7,3.3.0,72,Neoverse-V2,1,1 x NVIDIA GH200 120GB,-2.5917,51.4535,64,machine,0.0,2.6666666666666665,21.900000000000002,187.73487006293402,N,1.0,0.0
2026-09-27T01:17:25,mobilenet_v3_small_batch2_node_4_evaluate,aca8dcda-b768-428b-8c76-a210410b6cc0,5b0fa12a-3dd7-45bb-9766-cc326314d9f1,9.015519709093496,0.00010631343311131428,1.179226894752183e-05,116.3395185408,760.571697433432,6.0,0.00019453087493461618,0.00024303102773615137,9.905922486602017e-06,0.0004474678251573696,0.0,United Kingdom,GBR,england,,,Linux-6.4.0-150600.23.73_15.0.14-cray_shasta_c_64k-aarch64-with-glibc2.38,3.11.7,3.3.0,72,Neoverse-V2,1,1 x NVIDIA GH200 120GB,-2.5917,51.4535,64,machine,39.120000000000005,0.8,21.9,187.70626220703124,N,1.0,0.0
2026-09-27T01:17:52,mobilenet_v3_small_batch2_node_5_local_train,e8a893d0-9f4b-4e11-909f-297b0ceae997,5b0fa12a-3dd7-45bb-9766-cc326314d9f1,19.750302635133266,0.0002989331822271372,1.5135625400259601e-05,121.1038161984,147.88306165930146,6.0,0.000562538157103325,0.0006802549886515408,1.5401392827043308e-05,0.0012581945385819091,0.0,United Kingdom,GBR,england,,,Linux-6.4.0-150600.23.73_15.0.14-cray_shasta_c_64k-aarch64-with-glibc2.38,3.11.7,3.3.0,72,Neoverse-V2,1,1 x NVIDIA GH200 120GB,-2.5917,51.4535,64,machine,4.725,1.8125,21.899999999999995,187.6557502746582,N,1.0,0.0
2026-09-27T01:18:20,mobilenet_v3_small_batch2_node_5_evaluate,1a5a69a6-ef9b-47e0-98df-0d3e45e74b5c,5b0fa12a-3dd7-45bb-9766-cc326314d9f1,26.88305566413328,0.0004184847948100495,1.5566861149954086e-05,116.4675948699429,96.53206653615764,6.0,0.000770363280682112,0.0009559796536677823,3.5038252531861266e-05,0.0017613811868817557,0.0,United Kingdom,GBR,england,,,Linux-6.4.0-150600.23.73_15.0.14-cray_shasta_c_64k-aarch64-with-glibc2.38,3.11.7,3.3.0,72,Neoverse-V2,1,1 x NVIDIA GH200 120GB,-2.5917,51.4535,64,machine,4.3130434782608695,0.13043478260869565,21.899999999999988,187.6571734884511,N,1.0,0.0
2026-09-27T01:18:27,mobilenet_v3_small_batch2_node_0_knowledge_extraction,e0c7a872-a053-4b6b-8687-c546b68219ab,5b0fa12a-3dd7-45bb-9766-cc326314d9f1,6.280504956142977,5.69725760143599e-05,9.071336845078816e-06,116.036509032,72.7305516586113,6.0,0.00010479456688572651,0.00012964288148964442,5.357222313759848e-06,0.0002397946706891308,0.0,United Kingdom,GBR,england,,,Linux-6.4.0-150600.23.73_15.0.14-cray_shasta_c_64k-aarch64-with-glibc2.38,3.11.7,3.3.0,72,Neoverse-V2,1,1 x NVIDIA GH200 120GB,-2.5917,51.4535,64,machine,2.3666666666666667,0.3333333333333333,21.899999999999995,187.65047200520834,N,1.0,0.0
2026-09-27T01:19:32,mobilenet_v3_small_batch2_node_1_knowledge_extraction,a072b8cb-0140-497c-bb67-9747fb69ef86,5b0fa12a-3dd7-45bb-9766-cc326314d9f1,14.122797460993752,0.00019187869070546554,1.35864506472901e-05,116.29184846832001,145.04632174247365,6.0,0.00035668406926188574,0.0004444531333405166,6.470433716895058e-06,0.0008076076363192974,0.0,United Kingdom,GBR,england,,,Linux-6.4.0-150600.23.73_15.0.14-cray_shasta_c_64k-aarch64-with-glibc2.38,3.11.7,3.3.0,72,Neoverse-V2,1,1 x NVIDIA GH200 120GB,-2.5917,51.4535,64,machine,0.0,0.36363636363636365,21.900000000000002,187.65037397904828,N,1.0,0.0
2026-09-27T01:20:12,mobilenet_v3_small_batch2_node_0_distill,c555d672-1341-495a-b6dd-ddac19ebf13b,5b0fa12a-3dd7-45bb-9766-cc326314d9f1,10.1989486371167,0.00012851363606476788,1.2600674896731257e-05,115.890443352,806.4038949624063,6.0,0.00023147552346541669,0.00029754023802297525,1.1891587188389774e-05,0.0005409073486767817,0.0,United Kingdom,GBR,england,,,Linux-6.4.0-150600.23.73_15.0.14-cray_shasta_c_64k-aarch64-with-glibc2.38,3.11.7,3.3.0,72,Neoverse-V2,1,1 x NVIDIA GH200 120GB,-2.5917,51.4535,64,machine,9.171428571428573,2.142857142857143,21.900000000000002,187.77842494419642,N,1.0,0.0
2026-09-27T01:25:12,mobilenet_v3_small_batch2_node_1_distill,2eb0b49e-18d5-4370-8cce-7a4b3ff382d7,5b0fa12a-3dd7-45bb-9766-cc326314d9f1,289.8069638819434,0.005075453516516515,1.7513221382023336e-05,116.21441021586402,143.90023198515246,6.0,0.009335330701776423,0.011546132570245504,0.0004808620734970706,0.021362325345519004,0.0,United Kingdom,GBR,england,,,Linux-6.4.0-150600.23.73_15.0.14-cray_shasta_c_64k-aarch64-with-glibc2.38,3.11.7,3.3.0,72,Neoverse-V2,1,1 x NVIDIA GH200 120GB,-2.5917,51.4535,64,machine,1.141522491349481,0.10380622837370242,21.899999999999913,187.72977666623865,N,1.0,0.0
2026-09-27T01:26:32,mobilenet_v3_small_batch2_node_2_distill,df292562-d05b-44ea-8502-489712bb0edd,5b0fa12a-3dd7-45bb-9766-cc326314d9f1,14.744035074021667,0.00020357198099674314,1.3807073842046666e-05,116.10787235245715,145.10337933171985,6.0,0.00037712475594833177,0.0004704050985537833,9.294245084747674e-06,0.0008568240995868628,0.0,United Kingdom,GBR,england,,,Linux-6.4.0-150600.23.73_15.0.14-cray_shasta_c_64k-aarch64-with-glibc2.38,3.11.7,3.3.0,72,Neoverse-V2,1,1 x NVIDIA GH200 120GB,-2.5917,51.4535,64,machine,0.0,0.9090909090909091,21.900000000000002,187.58693070845172,N,1.0,0.0
2026-09-27T01:27:07,mobilenet_v3_small_batch2_node_3_distill,e06ab687-83d6-4b8e-89b3-5198dd37f509,5b0fa12a-3dd7-45bb-9766-cc326314d9f1,24.533936752937734,0.0003730941541772269,1.520726811739873e-05,115.80564083657146,147.9204628290989,6.0,0.0006904983763997876,0.0008672479160054536,1.258799991143557e-05,0.0015703342923166768,0.0,United Kingdom,GBR,england,,,Linux-6.4.0-150600.23.73_15.0.14-cray_shasta_c_64k-aarch64-with-glibc2.38,3.11.7,3.3.0,72,Neoverse-V2,1,1 x NVIDIA GH200 120GB,-2.5917,51.4535,64,machine,0.8809523809523809,1.380952380952381,21.89999999999999,187.54886009579613,N,1.0,0.0
2026-09-27T01:27:27,mobilenet_v3_small_batch2_node_4_distill,73ae15af-e4e5-4712-a52e-f2ebf37d9ac9,5b0fa12a-3dd7-45bb-9766-cc326314d9f1,11.418662918033078,0.00015073164193854814,1.3200463401061007e-05,117.26371929600002,145.98993882695862,6.0,0.0002760212435946446,0.0003461513880296252,1.2249172156831872e-05,0.0006344218037811016,0.0,United Kingdom,GBR,england,,,Linux-6.4.0-150600.23.73_15.0.14-cray_shasta_c_64k-aarch64-with-glibc2.38,3.11.7,3.3.0,72,Neoverse-V2,1,1 x NVIDIA GH200 120GB,-2.5917,51.4535,64,machine,1.475,2.0,21.900000000000002,187.49828338623047,N,1.0,0.0
2026-09-27T01:28:03,mobilenet_v3_small_batch2_node_5_distill,2a926509-7610-48ed-a3e8-16a0df45d6ba,5b0fa12a-3dd7-45bb-9766-cc326314d9f1,11.273507470963523,0.0001475995934963196,1.3092606172168046e-05,115.9940709504,74.729523813845,6.0,0.00026683084503913764,0.00034072305035692807,1.3685276014730334e-05,0.000621239171410796,0.0,United Kingdom,GBR,england,,,Linux-6.4.0-150600.23.73_15.0.14-cray_shasta_c_64k-aarch64-with-glibc2.38,3.11.7,3.3.0,72,Neoverse-V2,1,1 x NVIDIA GH200 120GB,-2.5917,51.4535,64,machine,11.425,3.25,21.900000000000002,187.5273208618164,N,1.0,0.0
2026-09-27T01:28:20,mobilenet_v3_small_batch2_node_0_evaluate,f1651d22-0971-4580-9dc7-0bb63f373d4b,5b0fa12a-3dd7-45bb-9766-cc326314d9f1,13.976280404021963,0.00019062018561754327,1.3638835234207835e-05,116.57065039981717,144.24090312357936,6.0,0.00035427351800726556,0.00043802340596243994,1.00137285333282e-05,0.0008023106525030337,0.0,United Kingdom,GBR,england,,,Linux-6.4.0-150600.23.73_15.0.14-cray_shasta_c_64k-aarch64-with-glibc2.38,3.11.7,3.3.0,72,Neoverse-V2,1,1 x NVIDIA GH200 120GB,-2.5917,51.4535,64,machine,6.67,0.3,21.900000000000002,187.5359375,N,1.0,0.0
2026-09-27T01:29:12,mobilenet_v3_small_batch2_node_1_evaluate,1d06f1d8-eeb2-4383-9d3c-7b8499d95810,5b0fa12a-3dd7-45bb-9766-cc326314d9f1,47.81862789299339,0.0007797688634640779,1.6306801299464582e-05,115.94843640776573,143.64000800171334,6.0,0.001437684060453298,0.001784183371782433,6.013999851265302e-05,0.0032820074307483844,0.0,United Kingdom,GBR,england,,,Linux-6.4.0-150600.23.73_15.0.14-cray_shasta_c_64k-aarch64-with-glibc2.38,3.11.7,3.3.0,72,Neoverse-V2,1,1 x NVIDIA GH200 120GB,-2.5917,51.4535,64,machine,0.6795454545454546,0.045454545454545456,21.899999999999984,187.53018327192828,N,1.0,0.0
2026-09-27T01:30:32,mobilenet_v3_small_batch2_node_2_evaluate,1acddd12-dc03-4a7a-b9a3-097b321af93d,5b0fa12a-3dd7-45bb-9766-cc326314d9f1,14.978794940980151,0.0002095326878140206,1.3988621156750387e-05,119.20137221622858,144.37443724614218,6.0,0.00039440009924713784,0.0004779481601246971,9.564151615292454e-06,0.0008819124109871274,0.0,United Kingdom,GBR,england,,,Linux-6.4.0-150600.23.73_15.0.14-cray_shasta_c_64k-aarch64-with-glibc2.38,3.11.7,3.3.0,72,Neoverse-V2,1,1 x NVIDIA GH200 120GB,-2.5917,51.4535,64,machine,0.0,0.36363636363636365,21.900000000000002,187.5268887606534,N,1.0,0.0
2026-09-27T01:31:09,mobilenet_v3_small_batch2_node_3_evaluate,b334d8b4-b452-4d59-939d-298c83349d23,5b0fa12a-3dd7-45bb-9766-cc326314d9f1,33.26305178087205,0.000525455884665581,1.5796983635991722e-05,116.6797943964,145.2474445736668,6.0,0.0009705452113242126,0.0012062817983604646,3.4790046094761536e-05,0.0022116170557794387,0.0,United Kingdom,GBR,england,,,Linux-6.4.0-150600.23.73_15.0.14-cray_shasta_c_64k-aarch64-with-glibc2.38,3.11.7,3.3.0,72,Neoverse-V2,1,1 x NVIDIA GH200 120GB,-2.5917,51.4535,64,machine,3.5833333333333335,0.06666666666666667,21.899999999999988,187.50691935221354,N,1.0,0.0
2026-09-27T01:32:06,mobilenet_v3_small_batch2_node_4_evaluate,21f86fdc-70d7-4549-a3e5-6245d33a3278,5b0fa12a-3dd7-45bb-9766-cc326314d9f1,53.873794802930206,0.000894110023014609,1.6596380973073355e-05,115.94286996784942,115.4086687777436,6.0,0.0016359273077593724,0.0020277099554988354,9.962628435809165e-05,0.0037632635476162997,0.0,United Kingdom,GBR,england,,,Linux-6.4.0-150600.23.73_15.0.14-cray_shasta_c_64k-aarch64-with-glibc2.38,3.11.7,3.3.0,72,Neoverse-V2,1,1 x NVIDIA GH200 120GB,-2.5917,51.4535,64,machine,0.628,0.08,21.89999999999999,187.4892919921875,N,1.0,0.0
2026-09-27T01:32:27,mobilenet_v3_small_batch2_node_5_evaluate,3e832d40-0593-41da-98bf-f02fd7a16ba1,5b0fa12a-3dd7-45bb-9766-cc326314d9f1,13.562425474170595,0.00018368698621326688,1.3543815342107912e-05,116.6845087839086,144.6216572535074,6.0,0.0003410683921447184,0.0004223856156926331,9.675161498210704e-06,0.0007731291693355622,0.0,United Kingdom,GBR,england,,,Linux-6.4.0-150600.23.73_15.0.14-cray_shasta_c_64k-aarch64-with-glibc2.38,3.11.7,3.3.0,72,Neoverse-V2,1,1 x NVIDIA GH200 120GB,-2.5917,51.4535,64,machine,7.18,0.3,21.339999999999996,182.52377319335938,N,1.0,0.0
2026-09-27T01:32:54,efficientnet_lite0_batch2_node_0_local_train,de1e1911-e70a-4d52-a9c9-7d55eda045ff,5b0fa12a-3dd7-45bb-9766-cc326314d9f1,9.449662565952167,0.00011947983573939724,1.2643820338081904e-05,116.0948817792,153.67431206814769,6.0,0.0002068885534174195,0.00028703439629396144,8.96159350988455e-06,0.0005028845432212655,0.0,United Kingdom,GBR,england,,,Linux-6.4.0-150600.23.73_15.0.14-cray_shasta_c_64k-aarch64-with-glibc2.38,3.11.7,3.3.0,72,Neoverse-V2,1,1 x NVIDIA GH200 120GB,-2.5917,51.4535,64,machine,0.9333333333333332,6.0,21.650000000000002,185.34752400716147,N,1.0,0.0
2026-09-27T01:33:05,efficientnet_lite0_batch2_node_0_evaluate,8ceee340-f414-4d50-bb3c-de8c7fb2ed5e,5b0fa12a-3dd7-45bb-9766-cc326314d9f1,10.01332222786732,0.00012572270333970973,1.2555543552750192e-05,116.74477480320002,147.08830830934593,6.0,0.0002280261258056228,0.0002912166218607126,9.917707319837063e-06,0.0005291604549861725,0.0,United Kingdom,GBR,england,,,Linux-6.4.0-150600.23.73_15.0.14-cray_shasta_c_64k-aarch64-with-glibc2.38,3.11.7,3.3.0,72,Neoverse-V2,1,1 x NVIDIA GH200 120GB,-2.5917,51.4535,64,machine,15.116666666666665,1.5,21.7,186.18360392252603,N,1.0,0.0
2026-09-27T01:36:26,efficientnet_lite0_batch2_node_1_local_train,92f781d0-ba4b-4fe8-9dad-56a7277be5a9,5b0fa12a-3dd7-45bb-9766-cc326314d9f1,195.7231027118396,0.003434836396451472,1.7549468350236273e-05,116.16094184869402,146.10629733534432,6.0,0.006309993021071719,0.007832619321646916,0.0003144391051660446,0.014457051447884676,0.0,United Kingdom,GBR,england,,,Linux-6.4.0-150600.23.73_15.0.14-cray_shasta_c_64k-aarch64-with-glibc2.38,3.11.7,3.3.0,72,Neoverse-V2,1,1 x NVIDIA GH200 120GB,-2.5917,51.4535,64,machine,3.5733333333333333,0.24102564102564103,21.895384615384668,187.460159380008,N,1.0,0.0
2026-09-27T01:36:47,efficientnet_lite0_batch2_node_1_evaluate,18c2fa29-17a2-4983-9d86-375eedea5d48,5b0fa12a-3dd7-45bb-9766-cc326314d9f1,14.916055575944483,0.00020922011434374485,1.4026504076664855e-05,116.5682587392,147.61620455284645,6.0,0.0003841508566957228,0.0004863365001881448,1.010944828701516e-05,0.0008805968051708827,0.0,United Kingdom,GBR,england,,,Linux-6.4.0-150600.23.73_15.0.14-cray_shasta_c_64k-aarch64-with-glibc2.38,3.11.7,3.3.0,72,Neoverse-V2,1,1 x NVIDIA GH200 120GB,-2.5917,51.4535,64,machine,7.4363636363636365,0.36363636363636365,21.900000000000002,187.450927734375,N,1.0,0.0
2026-09-27T01:36:57,efficientnet_lite0_batch2_node_2_local_train,d7d01796-bb73-4e9e-b105-f266e8d5c69c,5b0fa12a-3dd7-45bb-9766-cc326314d9f1,6.76066918997094,7.035404837468305e-05,1.0406373451765573e-05,115.6878802368,82.87556354254939,6.0,0.00011989562593517555,0.00017005958048343928,6.1613998833733294e-06,0.00029611660630198813,0.0,United Kingdom,GBR,england,,,Linux-6.4.0-150600.23.73_15.0.14-cray_shasta_c_64k-aarch64-with-glibc2.38,3.11.7,3.3.0,72,Neoverse-V2,1,1 x NVIDIA GH200 120GB,-2.5917,51.4535,64,machine,17.099999999999998,12.0,21.899999999999995,187.4361775716146,N,1.0,0.0
2026-09-27T01:37:15,efficientnet_lite0_batch2_node_2_evaluate,1b5a9bed-3b77-4618-a3e6-623bd86b5b93,5b0fa12a-3dd7-45bb-9766-cc326314d9f1,9.867646872997284,0.00012256708791948486,1.2421106014128705e-05,116.765147664,146.8088916557123,6.0,0.00022310045181426667,0.00028311689315785316,9.661285433685406e-06,0.0005158786304058052,0.0,United Kingdom,GBR,england,,,Linux-6.4.0-150600.23.73_15.0.14-cray_shasta_c_64k-aarch64-with-glibc2.38,3.11.7,3.3.0,72,Neoverse-V2,1,1 x NVIDIA GH200 120GB,-2.5917,51.4535,64,machine,12.533333333333333,1.3333333333333333,21.900000000000002,187.41293334960938,N,1.0,0.0
2026-09-27T01:38:50,efficientnet_lite0_batch2_node_3_local_train,3a8120a5-2d4b-453b-86f3-e193f1eb73fd,5b0fa12a-3dd7-45bb-9766-cc326314d9f1,86.70458872104064,0.0014371236883903623,1.657494383618032e-05,116.00258560040508,153.8615382861328,6.0,0.0026793412777371454,0.0033600724102740287,9.366720132141684e-06,0.006048780408143316,0.0,United Kingdom,GBR,england,,,Linux-6.4.0-150600.23.73_15.0.14-cray_shasta_c_64k-aarch64-with-glibc2.38,3.11.7,3.3.0,72,Neoverse-V2,1,1 x NVIDIA GH200 120GB,-2.5917,51.4535,64,machine,0.5349397590361445,0.4819277108433735,21.90000000000003,187.5309330584055,N,1.0,0.0
2026-09-27T01:40:39,efficientnet_lite0_batch2_node_3_evaluate,2469aaf8-0969-4815-8669-74e155d7541b,5b0fa12a-3dd7-45bb-9766-cc326314d9f1,9.90546595188789,0.00012280302289312503,1.2397500883814548e-05,116.64034761600001,145.56079157496725,6.0,0.00022417532003198308,0.000282955226367676,9.741122293441247e-06,0.0005168716686931004,0.0,United Kingdom,GBR,england,,,Linux-6.4.0-150600.23.73_15.0.14-cray_shasta_c_64k-aarch64-with-glibc2.38,3.11.7,3.3.0,72,Neoverse-V2,1,1 x NVIDIA GH200 120GB,-2.5917,51.4535,64,machine,0.0,2.6666666666666665,21.900000000000002,187.34426879882812,N,1.0,0.0
2026-09-27T01:40:58,efficientnet_lite0_batch2_node_4_local_train,b74db9c3-499c-47ab-b9c5-b39078ae024a,5b0fa12a-3dd7-45bb-9766-cc326314d9f1,8.337980790995061,0.0001007893843287717,1.2087984711792963e-05,115.78641537600001,83.60605483125039,6.0,0.0001707981340795218,0.0002446357512724262,8.783499833274012e-06,0.000424217385185222,0.0,United Kingdom,GBR,england,,,Linux-6.4.0-150600.23.73_15.0.14-cray_shasta_c_64k-aarch64-with-glibc2.38,3.11.7,3.3.0,72,Neoverse-V2,1,1 x NVIDIA GH200 120GB,-2.5917,51.4535,64,machine,17.96,4.8,21.9,187.32987060546876,N,1.0,0.0
2026-09-27T01:41:32,efficientnet_lite0_batch2_node_4_evaluate,22c3deba-4e03-4074-8b15-49459c619d6d,5b0fa12a-3dd7-45bb-9766-cc326314d9f1,9.859356157947332,0.00012251325590132453,1.2426090906815478e-05,116.60978154240001,146.68337848520395,6.0,0.00022238342378575978,0.0002836143935525115,9.654236844896029e-06,0.0005156520541831673,0.0,United Kingdom,GBR,england,,,Linux-6.4.0-150600.23.73_15.0.14-cray_shasta_c_64k-aarch64-with-glibc2.38,3.11.7,3.3.0,72,Neoverse-V2,1,1 x NVIDIA GH200 120GB,-2.5917,51.4535,64,machine,0.0,1.6666666666666667,21.900000000000002,187.30349731445312,N,1.0,0.0
2026-09-27T01:41:51,efficientnet_lite0_batch2_node_5_local_train,5277a61d-0a1a-4aac-9692-16da96ca3731,5b0fa12a-3dd7-45bb-9766-cc326314d9f1,9.204882715130225,0.00011780604016811558,1.279821197226943e-05,115.81537738422858,804.358247736653,6.0,0.00019905528361540277,0.00028656439593532923,1.0219943361589684e-05,0.0004958396229123216,0.0,United Kingdom,GBR,england,,,Linux-6.4.0-150600.23.73_15.0.14-cray_shasta_c_64k-aarch64-with-glibc2.38,3.11.7,3.3.0,72,Neoverse-V2,1,1 x NVIDIA GH200 120GB,-2.5917,51.4535,64,machine,11.35,3.1666666666666665,21.900000000000002,187.30663045247397,N,1.0,0.0
2026-09-27T01:42:08,efficientnet_lite0_batch2_node_5_evaluate,73dcc7c1-4c36-4eb6-954e-42eda7d4d61f,5b0fa12a-3dd7-45bb-9766-cc326314d9f1,9.891028166981414,0.00012266685447316216,1.2401830467195824e-05,116.8121437344,146.2434827695957,6.0,0.0002233701503074668,0.00028323244880823495,9.695943633172042e-06,0.0005162985427488737,0.0,United Kingdom,GBR,england,,,Linux-6.4.0-150600.23.73_15.0.14-cray_shasta_c_64k-aarch64-with-glibc2.38,3.11.7,3.3.0,72,Neoverse-V2,1,1 x NVIDIA GH200 120GB,-2.5917,51.4535,64,machine,0.0,2.0,21.900000000000002,187.2829386393229,N,1.0,0.0
2026-09-27T01:42:56,efficientnet_lite0_batch2_node_0_knowledge_extraction,5288f649-a018-482d-b608-258eeddff4c5,5b0fa12a-3dd7-45bb-9766-cc326314d9f1,16.28952197683975,0.0002336648223943053,1.4344486150454701e-05,125.18970637745454,146.81812839216556,6.0,0.0004428608734331943,0.0005352590393243872,5.363423568196595e-06,0.000983483336325778,0.0,United Kingdom,GBR,england,,,Linux-6.4.0-150600.23.73_15.0.14-cray_shasta_c_64k-aarch64-with-glibc2.38,3.11.7,3.3.0,72,Neoverse-V2,1,1 x NVIDIA GH200 120GB,-2.5917,51.4535,64,machine,1.4153846153846155,0.9230769230769231,21.9,187.27472393329327,N,1.0,0.0
2026-09-27T01:43:57,efficientnet_lite0_batch2_node_1_knowledge_extraction,241e20bf-2ed1-49d8-9cd0-23f7d7d5f479,5b0fa12a-3dd7-45bb-9766-cc326314d9f1,16.016549844061956,0.00022552843109004985,1.4080962085206086e-05,117.09109585440002,146.0145343111517,6.0,0.0004215439191928732,0.0005211284724566667,6.5652880833173796e-06,0.0009492376797328574,0.0,United Kingdom,GBR,england,,,Linux-6.4.0-150600.23.73_15.0.14-cray_shasta_c_64k-aarch64-with-glibc2.38,3.11.7,3.3.0,72,Neoverse-V2,1,1 x NVIDIA GH200 120GB,-2.5917,51.4535,64,machine,5.983333333333333,0.0,21.900000000000002,187.70570373535156,N,1.0,0.0
2026-09-27T01:50:34,efficientnet_lite0_batch2_node_4_knowledge_extraction,a66335c2-8315-42e5-a744-7797ca52c986,5b0fa12a-3dd7-45bb-9766-cc326314d9f1,386.7047969950363,0.006806774200951999,1.760199059811345e-05,115.4114899493984,133.0199911887194,6.0,0.012397048214949247,0.015387362587645725,0.0008649551232349284,0.028649365925829895,0.0,United Kingdom,GBR,england,,,Linux-6.4.0-150600.23.73_15.0.14-cray_shasta_c_64k-aarch64-with-glibc2.38,3.11.7,3.3.0,72,Neoverse-V2,1,1 x NVIDIA GH200 120GB,-2.5917,51.4535,64,machine,1.1240932642487045,0.0,22.18290155440405,189.6390037734274,N,1.0,0.0
2026-09-27T01:51:15,efficientnet_lite0_batch2_node_5_knowledge_extraction,bcbf9f99-7478-40b9-bc50-da913bd614a9,5b0fa12a-3dd7-45bb-9766-cc326314d9f1,12.588359758025035,0.0001657598460617264,1.3167708045208596e-05,116.03131783488001,146.41135998824598,6.0,0.00030679188297385093,0.0003848847523642007,5.998114173611005e-06,0.0006976747495116626,0.0,United Kingdom,GBR,england,,,Linux-6.4.0-150600.23.73_15.0.14-cray_shasta_c_64k-aarch64-with-glibc2.38,3.11.7,3.3.0,72,Neoverse-V2,1,1 x NVIDIA GH200 120GB,-2.5917,51.4535,64,machine,0.0,0.5555555555555556,22.199999999999996,189.72674560546875,N,1.0,0.0
2026-09-27T01:52:13,efficientnet_lite0_batch2_node_1_distill,a80dd13a-b578-4d05-97b9-ee4eb30ee56d,5b0fa12a-3dd7-45bb-9766-cc326314d9f1,21.9220615378581,0.00033971740129499074,1.549659920023119e-05,117.84770120612573,157.67891358239248,6.0,0.0006121446398499939,0.0008027400866268408,1.496851291973144e-05,0.0014298532393965662,0.0,United Kingdom,GBR,england,,,Linux-6.4.0-150600.23.73_15.0.14-cray_shasta_c_64k-aarch64-with-glibc2.38,3.11.7,3.3.0,72,Neoverse-V2,1,1 x NVIDIA GH200 120GB,-2.5917,51.4535,64,machine,7.111111111111111,3.6666666666666665,22.199999999999992,189.71699015299478,N,1.0,0.0
2026-09-27T01:52:43,efficientnet_lite0_batch2_node_1_evaluate,4e5180a7-3759-4d38-9e81-47ae1cde92af,5b0fa12a-3dd7-45bb-9766-cc326314d9f1,15.851559966802597,0.00022511917076650318,1.4201704516020057e-05,116.79078030994287,147.0805743279323,6.0,0.00041511938816875683,0.0005221401399353454,1.0255595771595836e-05,0.0009475151238756979,0.0,United Kingdom,GBR,england,,,Linux-6.4.0-150600.23.73_15.0.14-cray_shasta_c_64k-aarch64-with-glibc2.38,3.11.7,3.3.0,72,Neoverse-V2,1,1 x NVIDIA GH200 120GB,-2.5917,51.4535,64,machine,0.9833333333333334,1.0833333333333333,22.099999999999998,189.68623860677084,N,1.0,0.0
2026-09-27T01:53:26,mobilevit_xxs_batch2_node_0_local_train,36cb3426-4dfd-44d4-831a-be334821a66e,5b0fa12a-3dd7-45bb-9766-cc326314d9f1,12.438204779988155,0.00017204183454843034,1.383172552563443e-05,115.86429630720001,149.6503014285172,6.0,0.0003034816878787204,0.0004066753253226807,1.3958305893465876e-05,0.000724115319094867,0.0,United Kingdom,GBR,england,,,Linux-6.4.0-150600.23.73_15.0.14-cray_shasta_c_64k-aarch64-with-glibc2.38,3.11.7,3.3.0,72,Neoverse-V2,1,1 x NVIDIA GH200 120GB,-2.5917,51.4535,64,machine,0.7444444444444445,6.666666666666667,22.099999999999998,189.56475830078125,N,1.0,0.0
2026-09-27T01:54:21,mobilevit_xxs_batch2_node_0_evaluate,d5c2feea-2ce5-4c08-b133-337e1dbb1d63,5b0fa12a-3dd7-45bb-9766-cc326314d9f1,10.045087731909007,0.00012512950812723888,1.2456785990007355e-05,116.4882757536,145.24494285620148,6.0,0.0002282288314177496,0.00028849828635202357,9.936608780020226e-06,0.0005266637265497934,0.0,United Kingdom,GBR,england,,,Linux-6.4.0-150600.23.73_15.0.14-cray_shasta_c_64k-aarch64-with-glibc2.38,3.11.7,3.3.0,72,Neoverse-V2,1,1 x NVIDIA GH200 120GB,-2.5917,51.4535,64,machine,0.0,1.6666666666666667,22.099999999999998,189.56329345703125,N,1.0,0.0
2026-09-27T01:54:52,mobilevit_xxs_batch2_node_1_local_train,0697eb0a-4dee-4447-a472-a02113fc1087,5b0fa12a-3dd7-45bb-9766-cc326314d9f1,13.776466581970453,0.00019991896344928345,1.4511628381614306e-05,116.71824505483636,792.7463668880329,6.0,0.0003503971330973255,0.0004732309341477503,1.7820667541818692e-05,0.0008414487347868944,0.0,United Kingdom,GBR,england,,,Linux-6.4.0-150600.23.73_15.0.14-cray_shasta_c_64k-aarch64-with-glibc2.38,3.11.7,3.3.0,72,Neoverse-V2,1,1 x NVIDIA GH200 120GB,-2.5917,51.4535,64,machine,13.580000000000002,7.4,22.099999999999998,189.61087646484376,N,1.0,0.0
2026-09-27T01:55:29,mobilevit_xxs_batch2_node_1_evaluate,7d0b792a-17f4-4f1e-84f4-c25d4497a1d0,5b0fa12a-3dd7-45bb-9766-cc326314d9f1,9.070647484157234,0.0001080720488303128,1.191448008745474e-05,116.28613768320002,74.61755804034541,6.0,0.00019620631388781845,0.00024865658780015565,1.0006847459978114e-05,0.00045486974914795217,0.0,United Kingdom,GBR,england,,,Linux-6.4.0-150600.23.73_15.0.14-cray_shasta_c_64k-aarch64-with-glibc2.38,3.11.7,3.3.0,72,Neoverse-V2,1,1 x NVIDIA GH200 120GB,-2.5917,51.4535,64,machine,0.0,2.5,22.099999999999998,189.54247029622397,N,1.0,0.0
2026-09-27T01:56:27,mobilevit_xxs_batch2_node_2_local_train,878709a1-db7f-444b-a606-f2e9fc16db8d,5b0fa12a-3dd7-45bb-9766-cc326314d9f1,43.87855365406722,0.0007161865976963594,1.63220192566665e-05,115.63512592320001,100.51086604174198,6.0,0.001308506180230241,0.001646364372646758,5.9522359658343096e-05,0.0030143929125353423,0.0,United Kingdom,GBR,england,,,Linux-6.4.0-150600.23.73_15.0.14-cray_shasta_c_64k-aarch64-with-glibc2.38,3.11.7,3.3.0,72,Neoverse-V2,1,1 x NVIDIA GH200 120GB,-2.5917,51.4535,64,machine,0.9425000000000001,1.025,22.100000000000016,189.5293426513672,N,1.0,0.0
2026-09-27T01:57:12,mobilevit_xxs_batch2_node_2_evaluate,d4406523-0942-45b9-8726-3d10c12b392a,5b0fa12a-3dd7-45bb-9766-cc326314d9f1,9.761838054051623,0.00011992558954701375,1.2285144342999931e-05,116.51987802240001,145.599808485678,6.0,0.00021896293161470948,0.0002763046654763457,9.493101203115658e-06,0.0005047606982941708,0.0,United Kingdom,GBR,england,,,Linux-6.4.0-150600.23.73_15.0.14-cray_shasta_c_64k-aarch64-with-glibc2.38,3.11.7,3.3.0,72,Neoverse-V2,1,1 x NVIDIA GH200 120GB,-2.5917,51.4535,64,machine,12.083333333333334,1.3333333333333333,22.2,190.38427734375,N,1.0,0.0
2026-09-27T01:57:25,mobilevit_xxs_batch2_node_3_local_train,95c9d2a2-9e4f-40a6-85ea-00255f44b571,5b0fa12a-3dd7-45bb-9766-cc326314d9f1,12.77706849295646,0.00017835627217405465,1.3959091811425764e-05,115.85742508800001,149.8312018323378,6.0,0.0003143994304165666,0.0004217742263108448,1.4518808723660187e-05,0.0007506924654510716,0.0,United Kingdom,GBR,england,,,Linux-6.4.0-150600.23.73_15.0.14-cray_shasta_c_64k-aarch64-with-glibc2.38,3.11.7,3.3.0,72,Neoverse-V2,1,1 x NVIDIA GH200 120GB,-2.5917,51.4535,64,machine,1.3111111111111111,8.666666666666666,22.199999999999996,190.3673095703125,N,1.0,0.0
2026-09-27T01:57:57,mobilevit_xxs_batch2_node_3_evaluate,5f8d5b35-398b-4ad5-ac3c-c54e005d2e16,5b0fa12a-3dd7-45bb-9766-cc326314d9f1,10.027668023016304,0.00012492372925510266,1.2457904367034064e-05,116.5293658656,149.80803398292008,6.0,0.00022732603618830897,0.00028863411979784814,9.837457771645857e-06,0.000525797613757803,0.0,United Kingdom,GBR,england,,,Linux-6.4.0-150600.23.73_15.0.14-cray_shasta_c_64k-aarch64-with-glibc2.38,3.11.7,3.3.0,72,Neoverse-V2,1,1 x NVIDIA GH200 120GB,-2.5917,51.4535,64,machine,0.0,2.3333333333333335,22.2,190.3820597330729,N,1.0,0.0
2026-09-27T02:03:42,mobilevit_xxs_batch2_node_4_local_train,016605f4-d6b1-41a8-add8-e14db7ccecf1,5b0fa12a-3dd7-45bb-9766-cc326314d9f1,12.469726569019258,0.000173511192292827,1.391459478541506e-05,115.8246696672,153.6457369076722,6.0,0.00030409728179315443,0.000412290885392963,1.3911603816862529e-05,0.00073029977100298,0.0,United Kingdom,GBR,england,,,Linux-6.4.0-150600.23.73_15.0.14-cray_shasta_c_64k-aarch64-with-glibc2.38,3.11.7,3.3.0,72,Neoverse-V2,1,1 x NVIDIA GH200 120GB,-2.5917,51.4535,64,machine,0.0,6.555555555555555,22.400000000000002,191.5163777669271,N,1.0,0.0
2026-09-27T02:05:20,mobilevit_xxs_batch2_node_4_evaluate,914f6397-1f96-4ea1-8c76-ac44ee0f5cd6,5b0fa12a-3dd7-45bb-9766-cc326314d9f1,8.956351900007576,0.00010607920579256132,1.1844019415145087e-05,116.3257906176,74.8640454887291,6.0,0.00019237621924022018,0.0002443060287902199,9.799726272079473e-06,0.00044648197430251956,0.0,United Kingdom,GBR,england,,,Linux-6.4.0-150600.23.73_15.0.14-cray_shasta_c_64k-aarch64-with-glibc2.38,3.11.7,3.3.0,72,Neoverse-V2,1,1 x NVIDIA GH200 120GB,-2.5917,51.4535,64,machine,0.0,2.4,22.3,191.0064697265625,N,1.0,0.0
2026-09-27T02:05:56,mobilevit_xxs_batch2_node_5_local_train,90133428-7c49-439d-9b0c-54859d6d8360,5b0fa12a-3dd7-45bb-9766-cc326314d9f1,20.253820426994935,0.0003074098291548447,1.5177868800748284e-05,115.94502483840002,153.90643591732803,6.0,0.0005535151151096154,0.000724117245951561,1.6239952702696127e-05,0.0012938723137638725,0.0,United Kingdom,GBR,england,,,Linux-6.4.0-150600.23.73_15.0.14-cray_shasta_c_64k-aarch64-with-glibc2.38,3.11.7,3.3.0,72,Neoverse-V2,1,1 x NVIDIA GH200 120GB,-2.5917,51.4535,64,machine,3.164705882352941,5.0,22.300000000000008,191.00942095588235,N,1.0,0.0
2026-09-27T02:06:06,mobilevit_xxs_batch2_node_5_evaluate,3c61412d-fd52-461d-a291-16f32cac6e91,5b0fa12a-3dd7-45bb-9766-cc326314d9f1,8.956518674036488,0.00010623479779025275,1.1861170802692613e-05,116.25650239680002,74.82061785033781,6.0,0.00019257691455320012,0.0002447407513415101,9.819187201404325e-06,0.0004471368530961145,0.0,United Kingdom,GBR,england,,,Linux-6.4.0-150600.23.73_15.0.14-cray_shasta_c_64k-aarch64-with-glibc2.38,3.11.7,3.3.0,72,Neoverse-V2,1,1 x NVIDIA GH200 120GB,-2.5917,51.4535,64,machine,15.34,2.6,22.3,191.02943115234376,N,1.0,0.0
2026-09-27T02:06:26,mobilevit_xxs_batch2_node_0_knowledge_extraction,3cc8bc0a-0e2f-4ce6-9960-9c1b1cf87536,5b0fa12a-3dd7-45bb-9766-cc326314d9f1,17.244425853015855,0.0002448787823012876,1.4200460159620858e-05,116.06772224160002,146.7873286430878,6.0,0.00045579221347979336,0.0005696137890396358,5.276319899906715e-06,0.0010306823224193358,0.0,United Kingdom,GBR,england,,,Linux-6.4.0-150600.23.73_15.0.14-cray_shasta_c_64k-aarch64-with-glibc2.38,3.11.7,3.3.0,72,Neoverse-V2,1,1 x NVIDIA GH200 120GB,-2.5917,51.4535,64,machine,0.0,0.5714285714285714,22.300000000000008,191.03987775530135,N,1.0,0.0
2026-09-27T02:06:34,mobilevit_xxs_batch2_node_1_knowledge_extraction,757e33c0-734f-40c8-a046-90eb0f69e82c,5b0fa12a-3dd7-45bb-9766-cc326314d9f1,6.929152837954462,6.861733958524218e-05,9.902702565512834e-06,115.822207008,73.76331530402247,6.0,0.00012509149587167182,0.00015729262582908632,6.422765761381014e-06,0.00028880688746213916,0.0,United Kingdom,GBR,england,,,Linux-6.4.0-150600.23.73_15.0.14-cray_shasta_c_64k-aarch64-with-glibc2.38,3.11.7,3.3.0,72,Neoverse-V2,1,1 x NVIDIA GH200 120GB,-2.5917,51.4535,64,machine,0.0,2.6666666666666665,22.3,191.01055908203125,N,1.0,0.0
2026-09-27T02:06:52,mobilevit_xxs_batch2_node_4_knowledge_extraction,7e5f7559-df4e-45aa-8211-dc33500dce9c,5b0fa12a-3dd7-45bb-9766-cc326314d9f1,7.504075950942934,7.921935163268945e-05,1.0556842994470899e-05,115.98898237920002,150.4140307232243,6.0,0.00014374583282739627,0.00018433570302534008,5.348680330207572e-06,0.0003334302161829439,0.0,United Kingdom,GBR,england,,,Linux-6.4.0-150600.23.73_15.0.14-cray_shasta_c_64k-aarch64-with-glibc2.38,3.11.7,3.3.0,72,Neoverse-V2,1,1 x NVIDIA GH200 120GB,-2.5917,51.4535,64,machine,0.0,3.0,22.3,191.00076293945312,N,1.0,0.0
2026-09-27T02:07:42,mobilevit_xxs_batch2_node_5_knowledge_extraction,6daf2055-690b-4a47-a182-fcb9815fa8dd,5b0fa12a-3dd7-45bb-9766-cc326314d9f1,30.636019391939044,0.00048036687715490055,1.5679807190659203e-05,116.09630673995294,145.57228993846581,6.0,0.0008872840493206,0.001103599216222051,3.09564541198779e-05,0.002021839719662529,0.0,United Kingdom,GBR,england,,,Linux-6.4.0-150600.23.73_15.0.14-cray_shasta_c_64k-aarch64-with-glibc2.38,3.11.7,3.3.0,72,Neoverse-V2,1,1 x NVIDIA GH200 120GB,-2.5917,51.4535,64,machine,3.37037037037037,0.4444444444444444,22.3,191.02963369864005,N,1.0,0.0
2026-09-27T02:08:01,mobilevit_xxs_batch2_node_0_distill,c933e229-3fe7-4b99-906d-e632e889d304,5b0fa12a-3dd7-45bb-9766-cc326314d9f1,10.759259860031307,0.00014712928894895566,1.3674666367666628e-05,120.2839160112,132.19041644730663,6.0,0.00026786991151307423,0.0003387844377016336,1.2605334310016284e-05,0.0006192596835247241,0.0,United Kingdom,GBR,england,,,Linux-6.4.0-150600.23.73_15.0.14-cray_shasta_c_64k-aarch64-with-glibc2.38,3.11.7,3.3.0,72,Neoverse-V2,1,1 x NVIDIA GH200 120GB,-2.5917,51.4535,64,machine,28.142857142857142,10.714285714285714,22.300000000000004,191.00931222098214,N,1.0,0.0
2026-09-27T02:08:31,mobilevit_xxs_batch2_node_1_distill,6793e79f-f7be-4a08-a224-dea6babe949e,5b0fa12a-3dd7-45bb-9766-cc326314d9f1,13.371725965989754,0.0001901626389323541,1.422124858197231e-05,116.46635840640002,149.6138079424708,6.0,0.00033647051565708605,0.00044839841426380644,1.5515931888173026e-05,0.0008003848618090656,0.0,United Kingdom,GBR,england,,,Linux-6.4.0-150600.23.73_15.0.14-cray_shasta_c_64k-aarch64-with-glibc2.38,3.11.7,3.3.0,72,Neoverse-V2,1,1 x NVIDIA GH200 120GB,-2.5917,51.4535,64,machine,0.0,8.8,22.400000000000002,191.45106201171876,N,1.0,0.0
2026-09-27T02:09:09,mobilevit_xxs_batch2_node_2_distill,0d653604-0998-48cb-b464-ef09990d36fb,5b0fa12a-3dd7-45bb-9766-cc326314d9f1,12.01075293100439,0.00016351872153025544,1.3614360604167495e-05,119.2532870448,149.77765368760083,6.0,0.0003000515847569194,0.00037828530263084303,9.905083116997654e-06,0.0006882419705047601,0.0,United Kingdom,GBR,england,,,Linux-6.4.0-150600.23.73_15.0.14-cray_shasta_c_64k-aarch64-with-glibc2.38,3.11.7,3.3.0,72,Neoverse-V2,1,1 x NVIDIA GH200 120GB,-2.5917,51.4535,64,machine,0.0,6.625,22.300000000000004,190.97903442382812,N,1.0,0.0
2026-09-27T02:09:23,mobilevit_xxs_batch2_node_3_distill,03d74af2-7cda-4401-bb5c-7199d73f2907,5b0fa12a-3dd7-45bb-9766-cc326314d9f1,12.52037385595031,0.0001734060403820484,1.3849909146254218e-05,116.19024333120004,153.7538589442932,6.0,0.00030611204218548057,0.0004103828282921995,1.3362321488481634e-05,0.0007298571919661617,0.0,United Kingdom,GBR,england,,,Linux-6.4.0-150600.23.73_15.0.14-cray_shasta_c_64k-aarch64-with-glibc2.38,3.11.7,3.3.0,72,Neoverse-V2,1,1 x NVIDIA GH200 120GB,-2.5917,51.4535,64,machine,0.5888888888888889,10.444444444444445,22.300000000000004,190.9712931315104,N,1.0,0.0
2026-09-27T02:10:02,mobilevit_xxs_batch2_node_4_distill,cb2feb6a-3767-4363-9f57-5c261a04df9a,5b0fa12a-3dd7-45bb-9766-cc326314d9f1,33.052930620033294,0.0005302835949399252,1.6043466796814736e-05,115.87599477257145,148.51929016198798,6.0,0.0009662243649441229,0.0012278359822630591,3.78762952296529e-05,0.002231936642436835,0.0,United Kingdom,GBR,england,,,Linux-6.4.0-150600.23.73_15.0.14-cray_shasta_c_64k-aarch64-with-glibc2.38,3.11.7,3.3.0,72,Neoverse-V2,1,1 x NVIDIA GH200 120GB,-2.5917,51.4535,64,machine,0.43103448275862066,1.3793103448275863,22.299999999999997,190.9368517645474,N,1.0,0.0
2026-09-27T02:11:04,mobilevit_xxs_batch2_node_5_distill,b4fcfc7f-b419-49b3-affa-671a2862c732,5b0fa12a-3dd7-45bb-9766-cc326314d9f1,21.660948740085587,0.0003298324100910681,1.52270527966618e-05,115.89654085265455,153.38355447918346,6.0,0.0005979554255517766,0.0007759850652462319,1.4307324088489017e-05,0.0013882478148864977,0.0,United Kingdom,GBR,england,,,Linux-6.4.0-150600.23.73_15.0.14-cray_shasta_c_64k-aarch64-with-glibc2.38,3.11.7,3.3.0,72,Neoverse-V2,1,1 x NVIDIA GH200 120GB,-2.5917,51.4535,64,machine,0.7,2.5555555555555554,22.300000000000008,190.93211534288196,N,1.0,0.0
2026-09-27T02:11:29,mobilevit_xxs_batch2_node_0_evaluate,0713967c-4ece-457e-a18b-0cc3c64a2435,5b0fa12a-3dd7-45bb-9766-cc326314d9f1,17.728761174017563,0.00025626574443179343,1.4454802674389028e-05,116.5268586569143,146.4308942004542,6.0,0.00047406020141217096,0.0005948371425432697,9.712122104829177e-06,0.0010786094660602697,0.0,United Kingdom,GBR,england,,,Linux-6.4.0-150600.23.73_15.0.14-cray_shasta_c_64k-aarch64-with-glibc2.38,3.11.7,3.3.0,72,Neoverse-V2,1,1 x NVIDIA GH200 120GB,-2.5917,51.4535,64,machine,0.4785714285714286,0.5714285714285714,22.300000000000008,190.9574715750558,N,1.0,0.0
2026-09-27T02:11:45,mobilevit_xxs_batch2_node_1_evaluate,9b5fffc9-d2a9-4aba-ae42-bfd86d9bfd6e,5b0fa12a-3dd7-45bb-9766-cc326314d9f1,12.984041393036023,0.00017489379258784816,1.346990411488154e-05,116.59148260992002,145.80660153929088,6.0,0.0003225576023316666,0.00040370560076041784,9.855862133360158e-06,0.0007361190652254447,0.0,United Kingdom,GBR,england,,,Linux-6.4.0-150600.23.73_15.0.14-cray_shasta_c_64k-aarch64-with-glibc2.38,3.11.7,3.3.0,72,Neoverse-V2,1,1 x NVIDIA GH200 120GB,-2.5917,51.4535,64,machine,1.4,1.3333333333333333,22.300000000000004,190.92989095052084,N,1.0,0.0
2026-09-27T02:12:06,mobilevit_xxs_batch2_node_2_evaluate,b3eba85e-aa2a-41ae-b400-62fc2c9df5b9,5b0fa12a-3dd7-45bb-9766-cc326314d9f1,9.72885357402265,0.00011864349627849066,1.2195013048123653e-05,116.6035873536,144.82895612307368,6.0,0.00021779885617787578,0.00027214271771924814,9.42285913003919e-06,0.0004993644330271631,0.0,United Kingdom,GBR,england,,,Linux-6.4.0-150600.23.73_15.0.14-cray_shasta_c_64k-aarch64-with-glibc2.38,3.11.7,3.3.0,72,Neoverse-V2,1,1 x NVIDIA GH200 120GB,-2.5917,51.4535,64,machine,11.350000000000001,0.6666666666666666,22.3,190.91241455078125,N,1.0,0.0
2026-09-27T02:12:26,mobilevit_xxs_batch2_node_3_evaluate,1d925c70-4529-4c19-b406-c8b70159cfb9,5b0fa12a-3dd7-45bb-9766-cc326314d9f1,15.322654165094718,0.00021521591868406382,1.4045603089726423e-05,116.54102637257144,146.91056110780772,6.0,0.0003968081263804711,0.0004993823439320977,9.642369945455965e-06,0.0009058328402580247,0.0,United Kingdom,GBR,england,,,Linux-6.4.0-150600.23.73_15.0.14-cray_shasta_c_64k-aarch64-with-glibc2.38,3.11.7,3.3.0,72,Neoverse-V2,1,1 x NVIDIA GH200 120GB,-2.5917,51.4535,64,machine,0.0,1.3333333333333333,22.300000000000008,190.9143524169922,N,1.0,0.0
2026-09-27T02:12:45,mobilevit_xxs_batch2_node_4_evaluate,1a53624f-2ac4-481b-bcca-aeb06e6b471a,5b0fa12a-3dd7-45bb-9766-cc326314d9f1,14.879823523107916,0.00020710975823570946,1.3918831625527968e-05,116.54258700342857,146.18601086155434,6.0,0.0003825891197973912,0.00047944010579215046,9.68519820831716e-06,0.0008717144237978588,0.0,United Kingdom,GBR,england,,,Linux-6.4.0-150600.23.73_15.0.14-cray_shasta_c_64k-aarch64-with-glibc2.38,3.11.7,3.3.0,72,Neoverse-V2,1,1 x NVIDIA GH200 120GB,-2.5917,51.4535,64,machine,12.054545454545455,1.3636363636363635,22.300000000000008,190.88865522904828,N,1.0,0.0
2026-09-27T02:12:59,mobilevit_xxs_batch2_node_5_evaluate,19e6205d-9207-4d96-bea0-26f6b12d7b4b,5b0fa12a-3dd7-45bb-9766-cc326314d9f1,8.91802482912317,0.00010495872648789569,1.1769279464791012e-05,116.20599105600002,74.04556314966204,6.0,0.0001911751956921764,0.00024082658154611636,9.764156739693136e-06,0.0004417659339779859,0.0,United Kingdom,GBR,england,,,Linux-6.4.0-150600.23.73_15.0.14-cray_shasta_c_64k-aarch64-with-glibc2.38,3.11.7,3.3.0,72,Neoverse-V2,1,1 x NVIDIA GH200 120GB,-2.5917,51.4535,64,machine,0.0,3.4,22.3,190.859619140625,N,1.0,0.0
2026-09-27T02:13:47,mobilenet_v3_small_batch3_node_0_local_train,dbf73b14-f892-4471-92d9-ec0be02efc76,5b0fa12a-3dd7-45bb-9766-cc326314d9f1,11.302927821874619,0.00014725673441194037,1.3028193821334822e-05,115.87867879680002,74.89774357182753,6.0,0.00026634666490756644,0.0003397502717916723,1.3699158288072794e-05,0.0006197960949873116,0.0,United Kingdom,GBR,england,,,Linux-6.4.0-150600.23.73_15.0.14-cray_shasta_c_64k-aarch64-with-glibc2.38,3.11.7,3.3.0,72,Neoverse-V2,1,1 x NVIDIA GH200 120GB,-2.5917,51.4535,64,machine,0.7875,1.25,21.900000000000002,187.37291717529297,N,1.0,0.0
2026-09-27T02:14:06,mobilenet_v3_small_batch3_node_0_evaluate,c0f0b12e-ba7d-4b21-a4b7-ab7d1a83aac6,5b0fa12a-3dd7-45bb-9766-cc326314d9f1,14.348288611974567,0.00019851523103398396,1.383546403355103e-05,115.85551585745455,147.10642427481696,6.0,0.00036490258195901636,0.00045421730781924907,1.6420606768224388e-05,0.0008355404965464898,0.0,United Kingdom,GBR,england,,,Linux-6.4.0-150600.23.73_15.0.14-cray_shasta_c_64k-aarch64-with-glibc2.38,3.11.7,3.3.0,72,Neoverse-V2,1,1 x NVIDIA GH200 120GB,-2.5917,51.4535,64,machine,0.0,0.2727272727272727,21.900000000000002,187.38393887606534,N,1.0,0.0
2026-09-27T02:14:45,mobilenet_v3_small_batch3_node_1_local_train,8b46f87f-bdee-4681-aa52-2c38f37e31b0,5b0fa12a-3dd7-45bb-9766-cc326314d9f1,13.640947287902236,0.00018928550467872508,1.3876272716528782e-05,116.05387416192,152.18662023816677,6.0,0.00034326920465031454,0.0004374672944180702,1.5956549341790377e-05,0.0007966930484101751,0.0,United Kingdom,GBR,england,,,Linux-6.4.0-150600.23.73_15.0.14-cray_shasta_c_64k-aarch64-with-glibc2.38,3.11.7,3.3.0,72,Neoverse-V2,1,1 x NVIDIA GH200 120GB,-2.5917,51.4535,64,machine,0.0,2.5,21.860000000000007,187.21932373046874,N,1.0,0.0
2026-09-27T02:15:04,mobilenet_v3_small_batch3_node_1_evaluate,05ff8d1b-20e4-44d9-99d3-ece396ec1189,5b0fa12a-3dd7-45bb-9766-cc326314d9f1,9.858448500046507,0.00012025912580292032,1.2198585386164263e-05,116.5583182464,143.76710195378814,6.0,0.00022213441614571215,0.0002743813306267384,9.648788634998104e-06,0.0005061645354074487,0.0,United Kingdom,GBR,england,,,Linux-6.4.0-150600.23.73_15.0.14-cray_shasta_c_64k-aarch64-with-glibc2.38,3.11.7,3.3.0,72,Neoverse-V2,1,1 x NVIDIA GH200 120GB,-2.5917,51.4535,64,machine,6.433333333333333,0.8333333333333334,21.8,186.93756103515625,N,1.0,0.0
2026-09-27T02:20:44,mobilenet_v3_small_batch3_node_2_local_train,fd28bc98-1fd6-4af9-8c6c-655dc1ab9693,5b0fa12a-3dd7-45bb-9766-cc326314d9f1,158.5377597331535,0.002770003425521657,1.7472199873292347e-05,115.7366236641055,143.62600649765884,6.0,0.005098476700115996,0.006312050882968379,0.00024827575175712503,0.0116588033348415,0.0,United Kingdom,GBR,england,,,Linux-6.4.0-150600.23.73_15.0.14-cray_shasta_c_64k-aarch64-with-glibc2.38,3.11.7,3.3.0,72,Neoverse-V2,1,1 x NVIDIA GH200 120GB,-2.5917,51.4535,64,machine,2.3075949367088606,0.08860759493670886,21.40000000000006,183.34714131415646,N,1.0,0.0
2026-09-27T02:21:06,mobilenet_v3_small_batch3_node_2_evaluate,49aa0aa4-973d-40bf-b157-d5f9f9fa8149,5b0fa12a-3dd7-45bb-9766-cc326314d9f1,18.635560445021838,0.00027002046758738623,1.4489527609539505e-05,117.01952483956364,147.57506952573706,6.0,0.0005022970461399229,0.0006249427221831638,9.262626936736828e-06,0.0011365023952598235,0.0,United Kingdom,GBR,england,,,Linux-6.4.0-150600.23.73_15.0.14-cray_shasta_c_64k-aarch64-with-glibc2.38,3.11.7,3.3.0,72,Neoverse-V2,1,1 x NVIDIA GH200 120GB,-2.5917,51.4535,64,machine,0.8066666666666668,0.13333333333333333,21.399999999999995,183.39305419921874,N,1.0,0.0
2026-09-27T02:21:31,mobilenet_v3_small_batch3_node_3_local_train,885f7bc6-3bb2-473f-a465-8dc1be672891,5b0fa12a-3dd7-45bb-9766-cc326314d9f1,11.759409836027771,0.0001555003654513005,1.3223483798896766e-05,115.95330725760002,145.62820480954332,6.0,0.00028196960179952305,0.00035969834331694983,1.2825173046827939e-05,0.0006544931181633009,0.0,United Kingdom,GBR,england,,,Linux-6.4.0-150600.23.73_15.0.14-cray_shasta_c_64k-aarch64-with-glibc2.38,3.11.7,3.3.0,72,Neoverse-V2,1,1 x NVIDIA GH200 120GB,-2.5917,51.4535,64,machine,0.0,2.25,21.400000000000002,183.42904663085938,N,1.0,0.0
2026-09-27T02:21:47,mobilenet_v3_small_batch3_node_3_evaluate,c1760306-0dc0-4022-b709-f2161801bcec,5b0fa12a-3dd7-45bb-9766-cc326314d9f1,8.714599526952952,0.00010096553618429241,1.1585791851022082e-05,116.23823138880002,73.72009474750631,6.0,0.00018440767608093466,0.00023113935158391996,9.411771708400919e-06,0.00042495879937325554,0.0,United Kingdom,GBR,england,,,Linux-6.4.0-150600.23.73_15.0.14-cray_shasta_c_64k-aarch64-with-glibc2.38,3.11.7,3.3.0,72,Neoverse-V2,1,1 x NVIDIA GH200 120GB,-2.5917,51.4535,64,machine,0.0,0.8,21.4,183.46776123046874,N,1.0,0.0
2026-09-27T02:22:02,mobilenet_v3_small_batch3_node_4_local_train,f30ba65c-76c5-4a13-9d87-3fd40d2bf2e1,5b0fa12a-3dd7-45bb-9766-cc326314d9f1,12.328378379810601,0.00016551268568905435,1.342534115923177e-05,115.9852974624,146.9789517295017,6.0,0.00030034799071434093,0.00038331725109230774,1.2969222284931068e-05,0.0006966344640915797,0.0,United Kingdom,GBR,england,,,Linux-6.4.0-150600.23.73_15.0.14-cray_shasta_c_64k-aarch64-with-glibc2.38,3.11.7,3.3.0,72,Neoverse-V2,1,1 x NVIDIA GH200 120GB,-2.5917,51.4535,64,machine,1.5333333333333334,1.6666666666666667,21.400000000000002,183.445556640625,N,1.0,0.0
2026-09-27T02:22:41,mobilenet_v3_small_batch3_node_4_evaluate,5bc37964-5582-4d32-a403-8ff63ef8425a,5b0fa12a-3dd7-45bb-9766-cc326314d9f1,11.8063235480804,0.00015307495570767563,1.2965505738030043e-05,116.67481953120001,143.73374238443407,6.0,0.0002845464339540075,0.0003501905579241793,9.54770020636109e-06,0.0006442846920845478,0.0,United Kingdom,GBR,england,,,Linux-6.4.0-150600.23.73_15.0.14-cray_shasta_c_64k-aarch64-with-glibc2.38,3.11.7,3.3.0,72,Neoverse-V2,1,1 x NVIDIA GH200 120GB,-2.5917,51.4535,64,machine,0.0,0.375,21.400000000000002,183.4131851196289,N,1.0,0.0
2026-09-27T02:24:08,mobilenet_v3_small_batch3_node_5_local_train,419dc4e8-fc1b-49dc-adb2-e06b0adb3862,5b0fa12a-3dd7-45bb-9766-cc326314d9f1,40.02777059003711,0.0006445266677555978,1.6101987651443672e-05,115.64860713408001,146.2725079447574,6.0,0.0011868104323819598,0.0014865264670049783,3.944301784659426e-05,0.0027127799172335324,0.0,United Kingdom,GBR,england,,,Linux-6.4.0-150600.23.73_15.0.14-cray_shasta_c_64k-aarch64-with-glibc2.38,3.11.7,3.3.0,72,Neoverse-V2,1,1 x NVIDIA GH200 120GB,-2.5917,51.4535,64,machine,2.1750000000000003,0.8611111111111112,21.399999999999988,183.53679911295572,N,1.0,0.0
2026-09-27T02:25:17,mobilenet_v3_small_batch3_node_5_evaluate,18ea5bf0-d063-452f-b5d6-c53ce9e2c00e,5b0fa12a-3dd7-45bb-9766-cc326314d9f1,15.046679360093549,0.00020872609325237284,1.3871904109683583e-05,116.40915831085718,144.82765511398193,6.0,0.00038745218647515556,0.0004817426076186848,9.322701465183248e-06,0.0008785174955590236,0.0,United Kingdom,GBR,england,,,Linux-6.4.0-150600.23.73_15.0.14-cray_shasta_c_64k-aarch64-with-glibc2.38,3.11.7,3.3.0,72,Neoverse-V2,1,1 x NVIDIA GH200 120GB,-2.5917,51.4535,64,machine,1.7909090909090908,0.0,21.400000000000002,183.51634632457387,N,1.0,0.0
2026-09-27T02:25:42,mobilenet_v3_small_batch3_node_0_knowledge_extraction,e30c8e16-d6ad-453a-815b-10e7f07f9bd4,5b0fa12a-3dd7-45bb-9766-cc326314d9f1,12.625596845056862,0.00016470365290327098,1.3045217182564743e-05,115.98525713828572,143.12134373140788,6.0,0.0003078952071933173,0.00038007058184064135,5.263497268315405e-06,0.0006932292863022741,0.0,United Kingdom,GBR,england,,,Linux-6.4.0-150600.23.73_15.0.14-cray_shasta_c_64k-aarch64-with-glibc2.38,3.11.7,3.3.0,72,Neoverse-V2,1,1 x NVIDIA GH200 120GB,-2.5917,51.4535,64,machine,15.466666666666665,0.1111111111111111,21.400000000000002,183.4896240234375,N,1.0,0.0
2026-09-27T02:25:57,mobilenet_v3_small_batch3_node_1_knowledge_extraction,4965e27f-3f4f-4f01-916b-068df611c834,5b0fa12a-3dd7-45bb-9766-cc326314d9f1,12.986167268129066,0.00017259946929990008,1.3291024652323511e-05,116.05070308320003,145.603994207475,6.0,0.0003197883752160789,0.0004005439315477588,6.1300685982375095e-06,0.0007264623753620752,0.0,United Kingdom,GBR,england,,,Linux-6.4.0-150600.23.73_15.0.14-cray_shasta_c_64k-aarch64-with-glibc2.38,3.11.7,3.3.0,72,Neoverse-V2,1,1 x NVIDIA GH200 120GB,-2.5917,51.4535,64,machine,0.0,0.2222222222222222,21.400000000000002,183.4859822591146,N,1.0,0.0
2026-09-27T02:31:14,mobilenet_v3_small_batch3_node_4_knowledge_extraction,9aaec3d4-ef12-40ac-9e51-6007f327cf50,5b0fa12a-3dd7-45bb-9766-cc326314d9f1,7.148165696999058,7.197389318579599e-05,1.0068861892221114e-05,115.96124251008001,144.77787204921918,6.0,0.0001324467576664872,0.00016533124339446204,5.156449548279246e-06,0.0003029344506092285,0.0,United Kingdom,GBR,england,,,Linux-6.4.0-150600.23.73_15.0.14-cray_shasta_c_64k-aarch64-with-glibc2.38,3.11.7,3.3.0,72,Neoverse-V2,1,1 x NVIDIA GH200 120GB,-2.5917,51.4535,64,machine,0.0,0.5,21.4,183.4883575439453,N,1.0,0.0
2026-09-27T02:32:35,mobilenet_v3_small_batch3_node_0_distill,93d8e4a7-3117-4da2-8897-c60ce40c3b00,5b0fa12a-3dd7-45bb-9766-cc326314d9f1,76.6855942378752,0.001293141926141645,1.6862905464752326e-05,115.83152040995265,146.6071666391257,6.0,0.0023641614832723033,0.0029407984637401796,0.00013780855717603118,0.0054427685041885145,0.0,United Kingdom,GBR,england,,,Linux-6.4.0-150600.23.73_15.0.14-cray_shasta_c_64k-aarch64-with-glibc2.38,3.11.7,3.3.0,72,Neoverse-V2,1,1 x NVIDIA GH200 120GB,-2.5917,51.4535,64,machine,2.8013698630136985,0.410958904109589,21.40684931506851,183.50699228783176,N,1.0,0.0
2026-09-27T02:32:55,mobilenet_v3_small_batch3_node_1_distill,244ea412-883c-40d1-b1a3-486f388ab3b0,5b0fa12a-3dd7-45bb-9766-cc326314d9f1,14.046650299802423,0.00019754339544913508,1.4063381036254152e-05,118.2812259456,145.38804009124135,6.0,0.00036533177141475205,0.0004520500838651742,1.4068234787943461e-05,0.0008314500900678697,0.0,United Kingdom,GBR,england,,,Linux-6.4.0-150600.23.73_15.0.14-cray_shasta_c_64k-aarch64-with-glibc2.38,3.11.7,3.3.0,72,Neoverse-V2,1,1 x NVIDIA GH200 120GB,-2.5917,51.4535,64,machine,6.470000000000001,1.6,21.5,183.73436889648437,N,1.0,0.0
2026-09-27T02:33:43,mobilenet_v3_small_batch3_node_2_distill,f4d4d839-b693-4299-a85c-ed461cd6c1ef,5b0fa12a-3dd7-45bb-9766-cc326314d9f1,37.06709343614057,0.0005943075550228639,1.6033292603498597e-05,117.47500782913303,145.5836732532258,6.0,0.0011055506643651274,0.0013621310896922978,3.372847546862128e-05,0.0025014102295260465,0.0,United Kingdom,GBR,england,,,Linux-6.4.0-150600.23.73_15.0.14-cray_shasta_c_64k-aarch64-with-glibc2.38,3.11.7,3.3.0,72,Neoverse-V2,1,1 x NVIDIA GH200 120GB,-2.5917,51.4535,64,machine,0.20882352941176469,1.0294117647058822,21.694117647058814,185.4708646886489,N,1.0,0.0
2026-09-27T02:34:11,mobilenet_v3_small_batch3_node_3_distill,bad1074e-c3ea-424d-a9f1-a0d720cc2eb4,5b0fa12a-3dd7-45bb-9766-cc326314d9f1,15.106425318168476,0.0002117037137197379,1.4014150221569767e-05,116.28837749520001,145.6295362030788,6.0,0.00038971851924263484,0.0004897045584328907,1.1627070773004863e-05,0.0008910501484485305,0.0,United Kingdom,GBR,england,,,Linux-6.4.0-150600.23.73_15.0.14-cray_shasta_c_64k-aarch64-with-glibc2.38,3.11.7,3.3.0,72,Neoverse-V2,1,1 x NVIDIA GH200 120GB,-2.5917,51.4535,64,machine,10.25,0.9166666666666666,21.800000000000008,186.38701883951822,N,1.0,0.0
2026-09-27T02:34:25,mobilenet_v3_small_batch3_node_4_distill,021d6bf7-ee99-4e4f-9e88-f0d1e91f8e18,5b0fa12a-3dd7-45bb-9766-cc326314d9f1,10.165620595915243,0.00013091905750166157,1.2878609452950423e-05,118.631467152,780.925267317491,6.0,0.00024049910617900713,0.00029870079451654874,1.183174429500165e-05,0.0005510316449905575,0.0,United Kingdom,GBR,england,,,Linux-6.4.0-150600.23.73_15.0.14-cray_shasta_c_64k-aarch64-with-glibc2.38,3.11.7,3.3.0,72,Neoverse-V2,1,1 x NVIDIA GH200 120GB,-2.5917,51.4535,64,machine,19.642857142857142,5.0,21.800000000000004,186.38542829241072,N,1.0,0.0
2026-09-27T02:34:51,mobilenet_v3_small_batch3_node_5_distill,c8fe28f4-98d1-4d38-be7d-9b49f75d025e,5b0fa12a-3dd7-45bb-9766-cc326314d9f1,16.449972284026444,0.00024115192663551772,1.4659716288378523e-05,121.35106523520001,146.60963893902806,6.0,0.0004555593607391523,0.000546346548190968,1.309026781003922e-05,0.0010149961767401594,0.0,United Kingdom,GBR,england,,,Linux-6.4.0-150600.23.73_15.0.14-cray_shasta_c_64k-aarch64-with-glibc2.38,3.11.7,3.3.0,72,Neoverse-V2,1,1 x NVIDIA GH200 120GB,-2.5917,51.4535,64,machine,13.061538461538463,2.0,21.800000000000008,186.4208749624399,N,1.0,0.0
2026-09-27T02:35:10,mobilenet_v3_small_batch3_node_0_evaluate,b3ea79fe-a3ec-4f3f-a58f-a9cf845c1a38,5b0fa12a-3dd7-45bb-9766-cc326314d9f1,14.944784083170816,0.0002082828304326201,1.3936824331049753e-05,117.89992689325717,144.5994487361042,6.0,0.00038947711752887655,0.0004774670486398236,9.70765875846458e-06,0.0008766518249271647,0.0,United Kingdom,GBR,england,,,Linux-6.4.0-150600.23.73_15.0.14-cray_shasta_c_64k-aarch64-with-glibc2.38,3.11.7,3.3.0,72,Neoverse-V2,1,1 x NVIDIA GH200 120GB,-2.5917,51.4535,64,machine,1.4363636363636365,0.2727272727272727,21.800000000000008,186.46680242365056,N,1.0,0.0
2026-09-27T02:35:32,mobilenet_v3_small_batch3_node_1_evaluate,8d52850d-d5d5-4ab0-979f-91f2eb4477a8,5b0fa12a-3dd7-45bb-9766-cc326314d9f1,9.95361336111091,0.0001222002252283686,1.2276971266114157e-05,116.7602504256,144.02577803528254,6.0,0.00022561367596839933,0.0002789085564671723,9.812291588556643e-06,0.0005143345240241282,0.0,United Kingdom,GBR,england,,,Linux-6.4.0-150600.23.73_15.0.14-cray_shasta_c_64k-aarch64-with-glibc2.38,3.11.7,3.3.0,72,Neoverse-V2,1,1 x NVIDIA GH200 120GB,-2.5917,51.4535,64,machine,0.0,0.6666666666666666,21.8,186.45301310221353,N,1.0,0.0
2026-09-27T02:36:29,mobilenet_v3_small_batch3_node_2_evaluate,6a35d6af-a603-4982-8d9b-1de1610ee83d,5b0fa12a-3dd7-45bb-9766-cc326314d9f1,15.487598858075216,0.00021587277259850797,1.3938427420332633e-05,116.34163218102859,144.1996722377146,6.0,0.00040164487880515304,0.0004975881758468859,9.364450276674081e-06,0.0009085975049287129,0.0,United Kingdom,GBR,england,,,Linux-6.4.0-150600.23.73_15.0.14-cray_shasta_c_64k-aarch64-with-glibc2.38,3.11.7,3.3.0,72,Neoverse-V2,1,1 x NVIDIA GH200 120GB,-2.5917,51.4535,64,machine,0.0,0.16666666666666666,21.800000000000008,186.44909159342447,N,1.0,0.0
2026-09-27T02:37:13,mobilenet_v3_small_batch3_node_3_evaluate,b399bf11-df93-4b1d-bd51-e88bae4f695c,5b0fa12a-3dd7-45bb-9766-cc326314d9f1,20.242432158906013,0.00029738294391348834,1.469106783112767e-05,116.55475691904002,145.4544969155072,6.0,0.0005533809980447266,0.0006888094399357669,9.479226496769115e-06,0.0012516696644772627,0.0,United Kingdom,GBR,england,,,Linux-6.4.0-150600.23.73_15.0.14-cray_shasta_c_64k-aarch64-with-glibc2.38,3.11.7,3.3.0,72,Neoverse-V2,1,1 x NVIDIA GH200 120GB,-2.5917,51.4535,64,machine,0.0,0.11764705882352941,21.800000000000008,186.44455135569854,N,1.0,0.0
2026-09-27T02:37:23,mobilenet_v3_small_batch3_node_4_evaluate,f8f16aaf-b444-4865-97fd-62622499d76e,5b0fa12a-3dd7-45bb-9766-cc326314d9f1,8.774192898068577,0.00010159688316643099,1.157905739555772e-05,116.37509667840001,72.87784306069746,6.0,0.00018702909765337263,0.0002310679626447154,9.519046366913245e-06,0.0004276161066650013,0.0,United Kingdom,GBR,england,,,Linux-6.4.0-150600.23.73_15.0.14-cray_shasta_c_64k-aarch64-with-glibc2.38,3.11.7,3.3.0,72,Neoverse-V2,1,1 x NVIDIA GH200 120GB,-2.5917,51.4535,64,machine,2.8600000000000003,0.8,21.8,186.48280029296876,N,1.0,0.0
2026-09-27T02:37:54,mobilenet_v3_small_batch3_node_5_evaluate,b8bb6d0d-a361-4b50-accc-3896f0ca142f,5b0fa12a-3dd7-45bb-9766-cc326314d9f1,9.785187534056604,0.00011878079899339316,1.2138837255799706e-05,116.57420452800001,143.4237540931862,6.0,0.00021973714589932348,0.0002706818832081126,9.52330405358225e-06,0.0004999423331610183,0.0,United Kingdom,GBR,england,,,Linux-6.4.0-150600.23.73_15.0.14-cray_shasta_c_64k-aarch64-with-glibc2.38,3.11.7,3.3.0,72,Neoverse-V2,1,1 x NVIDIA GH200 120GB,-2.5917,51.4535,64,machine,0.0,0.5,21.8,186.4819539388021,N,1.0,0.0
2026-09-27T02:38:21,efficientnet_lite0_batch3_node_0_local_train,48fce800-6a2d-442f-b150-7ec0fd868853,5b0fa12a-3dd7-45bb-9766-cc326314d9f1,15.580911393044516,0.00022503780444555946,1.4443173365713299e-05,115.83206179200002,155.16147364380632,6.0,0.00040289717383327323,0.0005350398724601746,9.235610881587491e-06,0.0009471726571750353,0.0,United Kingdom,GBR,england,,,Linux-6.4.0-150600.23.73_15.0.14-cray_shasta_c_64k-aarch64-with-glibc2.38,3.11.7,3.3.0,72,Neoverse-V2,1,1 x NVIDIA GH200 120GB,-2.5917,51.4535,64,machine,0.0,4.5,21.925,187.64983622233072,N,1.0,0.0
2026-09-27T02:38:53,efficientnet_lite0_batch3_node_0_evaluate,2a7f7369-70ab-4702-a137-d7ab65115afc,5b0fa12a-3dd7-45bb-9766-cc326314d9f1,8.77207028400153,0.0001034439114279939,1.1792417078173044e-05,116.3852811648,75.47736976025178,6.0,0.00018683071197499925,0.00023905241346255934,9.507029106607662e-06,0.0004353901545441662,0.0,United Kingdom,GBR,england,,,Linux-6.4.0-150600.23.73_15.0.14-cray_shasta_c_64k-aarch64-with-glibc2.38,3.11.7,3.3.0,72,Neoverse-V2,1,1 x NVIDIA GH200 120GB,-2.5917,51.4535,64,machine,0.0,2.2,22.1,189.06058349609376,N,1.0,0.0
2026-09-27T02:40:49,efficientnet_lite0_batch3_node_1_local_train,4be6b969-91b2-4080-a7b9-8ea01b6f1c4a,5b0fa12a-3dd7-45bb-9766-cc326314d9f1,102.38306853896938,0.0017432131870824417,1.7026381529275362e-05,115.36873099507582,146.0451584476027,6.0,0.003180801251850837,0.003996764864069746,0.00015952940231654794,0.007337095518237131,0.0,United Kingdom,GBR,england,,,Linux-6.4.0-150600.23.73_15.0.14-cray_shasta_c_64k-aarch64-with-glibc2.38,3.11.7,3.3.0,72,Neoverse-V2,1,1 x NVIDIA GH200 120GB,-2.5917,51.4535,64,machine,0.8313131313131313,0.40404040404040403,22.09999999999996,189.0257438890862,N,1.0,0.0
2026-09-27T02:41:03,efficientnet_lite0_batch3_node_1_evaluate,fcd65e27-19cf-4c9f-a3f1-dcafd2c7d91b,5b0fa12a-3dd7-45bb-9766-cc326314d9f1,13.717202869942412,0.00018769135472898824,1.368291746564919e-05,116.47646137069714,146.76803557769554,6.0,0.0003452260960001328,0.0004352117370558517,9.545519409778838e-06,0.0007899833524657634,0.0,United Kingdom,GBR,england,,,Linux-6.4.0-150600.23.73_15.0.14-cray_shasta_c_64k-aarch64-with-glibc2.38,3.11.7,3.3.0,72,Neoverse-V2,1,1 x NVIDIA GH200 120GB,-2.5917,51.4535,64,machine,0.0,0.6,22.099999999999998,188.9921630859375,N,1.0,0.0
2026-09-27T02:41:15,efficientnet_lite0_batch3_node_2_local_train,f59467d9-5d8d-49ff-82f1-0046933dcb19,5b0fa12a-3dd7-45bb-9766-cc326314d9f1,11.78370424406603,0.00015515032104177734,1.3166515199998087e-05,115.69303213920001,153.34193974682634,6.0,0.00028015372832579816,0.00036708001589147443,5.786054854979738e-06,0.0006530197990722523,0.0,United Kingdom,GBR,england,,,Linux-6.4.0-150600.23.73_15.0.14-cray_shasta_c_64k-aarch64-with-glibc2.38,3.11.7,3.3.0,72,Neoverse-V2,1,1 x NVIDIA GH200 120GB,-2.5917,51.4535,64,machine,1.6749999999999998,4.0,22.099999999999998,188.98265075683594,N,1.0,0.0
2026-09-27T02:41:38,efficientnet_lite0_batch3_node_2_evaluate,5827a19f-b900-4a60-8f79-fbd5f6ecf5ef,5b0fa12a-3dd7-45bb-9766-cc326314d9f1,15.136374268913642,0.00021223974450612247,1.4021835132737848e-05,116.43820417645713,147.3327458383779,6.0,0.0003906702792553352,0.0004934273391938859,9.208656277817984e-06,0.000893306274727039,0.0,United Kingdom,GBR,england,,,Linux-6.4.0-150600.23.73_15.0.14-cray_shasta_c_64k-aarch64-with-glibc2.38,3.11.7,3.3.0,72,Neoverse-V2,1,1 x NVIDIA GH200 120GB,-2.5917,51.4535,64,machine,11.458333333333334,1.6666666666666667,22.099999999999998,188.96322631835938,N,1.0,0.0
2026-09-27T02:41:52,efficientnet_lite0_batch3_node_3_local_train,86efc291-1c79-42de-97e9-88b37a65b286,5b0fa12a-3dd7-45bb-9766-cc326314d9f1,12.695261850953102,0.000174525997060932,1.3747333383897819e-05,115.87812004224001,154.1931453500777,6.0,0.00031056788642429425,0.0004153633878445362,8.63975831656717e-06,0.0007345710325853975,0.0,United Kingdom,GBR,england,,,Linux-6.4.0-150600.23.73_15.0.14-cray_shasta_c_64k-aarch64-with-glibc2.38,3.11.7,3.3.0,72,Neoverse-V2,1,1 x NVIDIA GH200 120GB,-2.5917,51.4535,64,machine,0.0,5.111111111111111,22.099999999999998,188.95538330078125,N,1.0,0.0
2026-09-27T02:42:06,efficientnet_lite0_batch3_node_3_evaluate,60500d1e-d6fd-48ef-98b1-0e3019a0eef6,5b0fa12a-3dd7-45bb-9766-cc326314d9f1,8.667916191043332,0.00010164305398712724,1.1726354033297681e-05,116.35332577920002,75.58885794829908,6.0,0.0001833383958785135,0.0002351346325610848,9.337408858118579e-06,0.00042781043729771685,0.0,United Kingdom,GBR,england,,,Linux-6.4.0-150600.23.73_15.0.14-cray_shasta_c_64k-aarch64-with-glibc2.38,3.11.7,3.3.0,72,Neoverse-V2,1,1 x NVIDIA GH200 120GB,-2.5917,51.4535,64,machine,0.0,4.0,22.1,188.94613037109374,N,1.0,0.0
2026-09-27T02:42:42,efficientnet_lite0_batch3_node_4_local_train,a85e5e52-b74d-456b-bf62-450b787b29e4,5b0fa12a-3dd7-45bb-9766-cc326314d9f1,19.723081609932706,0.00029563630862393836,1.49893568596833e-05,115.89940735488001,160.25131587824856,6.0,0.0005351536852012506,0.0007002941713665223,8.870308936263124e-06,0.001244318165504036,0.0,United Kingdom,GBR,england,,,Linux-6.4.0-150600.23.73_15.0.14-cray_shasta_c_64k-aarch64-with-glibc2.38,3.11.7,3.3.0,72,Neoverse-V2,1,1 x NVIDIA GH200 120GB,-2.5917,51.4535,64,machine,0.7875,2.75,22.100000000000005,188.92485809326172,N,1.0,0.0
2026-09-27T02:43:00,efficientnet_lite0_batch3_node_4_evaluate,03b62499-8a8e-41a9-abe7-548aef595256,5b0fa12a-3dd7-45bb-9766-cc326314d9f1,8.779292830033228,0.00010329706321225598,1.1765989039445791e-05,116.2653247872,75.31618957263396,6.0,0.0001866121084195408,0.0002386443575659314,9.515611897998799e-06,0.000434772077883471,0.0,United Kingdom,GBR,england,,,Linux-6.4.0-150600.23.73_15.0.14-cray_shasta_c_64k-aarch64-with-glibc2.38,3.11.7,3.3.0,72,Neoverse-V2,1,1 x NVIDIA GH200 120GB,-2.5917,51.4535,64,machine,0.0,3.2,22.1,188.90286865234376,N,1.0,0.0
2026-09-27T02:43:44,efficientnet_lite0_batch3_node_5_local_train,cadd82ce-a1cd-4388-a923-d7e94a43cf47,5b0fa12a-3dd7-45bb-9766-cc326314d9f1,32.3583906609565,0.0005189721191083118,1.603825494741002e-05,116.00710515565716,102.88886854886807,6.0,0.0009456882697603034,0.0012037201296379862,3.491881738494461e-05,0.002184327216783234,0.0,United Kingdom,GBR,england,,,Linux-6.4.0-150600.23.73_15.0.14-cray_shasta_c_64k-aarch64-with-glibc2.38,3.11.7,3.3.0,72,Neoverse-V2,1,1 x NVIDIA GH200 120GB,-2.5917,51.4535,64,machine,3.3517241379310345,0.896551724137931,22.100000000000012,188.91471494477372,N,1.0,0.0
2026-09-27T02:43:54,efficientnet_lite0_batch3_node_5_evaluate,beef9534-476b-4372-b528-48d073c9ce22,5b0fa12a-3dd7-45bb-9766-cc326314d9f1,8.810945585835725,0.00010363790181456015,1.176240402405459e-05,116.31900173760002,74.95862926790753,6.0,0.00018773785426823763,0.00023890213556398976,9.566660368582235e-06,0.0004362066502008096,0.0,United Kingdom,GBR,england,,,Linux-6.4.0-150600.23.73_15.0.14-cray_shasta_c_64k-aarch64-with-glibc2.38,3.11.7,3.3.0,72,Neoverse-V2,1,1 x NVIDIA GH200 120GB,-2.5917,51.4535,64,machine,2.6799999999999997,4.0,22.1,188.92982177734376,N,1.0,0.0
2026-09-27T02:44:01,efficientnet_lite0_batch3_node_0_knowledge_extraction,4475e429-c445-466a-af1c-d9d9e115052c,5b0fa12a-3dd7-45bb-9766-cc326314d9f1,6.2861312930472195,5.885028208121447e-05,9.361923787100322e-06,115.90388235360001,618.9266241094153,6.0,0.00010475753628763758,0.00013757788785540015,5.362415745233496e-06,0.00024769783988827125,0.0,United Kingdom,GBR,england,,,Linux-6.4.0-150600.23.73_15.0.14-cray_shasta_c_64k-aarch64-with-glibc2.38,3.11.7,3.3.0,72,Neoverse-V2,1,1 x NVIDIA GH200 120GB,-2.5917,51.4535,64,machine,0.0,2.6666666666666665,22.100000000000005,188.9282023111979,N,1.0,0.0
2026-09-27T02:44:23,efficientnet_lite0_batch3_node_1_knowledge_extraction,81203839-add6-40f2-8b49-bac55cf5ad73,5b0fa12a-3dd7-45bb-9766-cc326314d9f1,6.823127210140228,6.811284060745952e-05,9.982642637269498e-06,115.84248409440002,76.28493285388275,6.0,0.00012199449812099343,0.00015845234898392846,6.236629855120555e-06,0.00028668347696004246,0.0,United Kingdom,GBR,england,,,Linux-6.4.0-150600.23.73_15.0.14-cray_shasta_c_64k-aarch64-with-glibc2.38,3.11.7,3.3.0,72,Neoverse-V2,1,1 x NVIDIA GH200 120GB,-2.5917,51.4535,64,machine,0.0,1.3333333333333333,22.100000000000005,188.919921875,N,1.0,0.0
2026-09-27T02:46:10,efficientnet_lite0_batch3_node_2_knowledge_extraction,97f7e1f9-2710-4304-9bfa-e58766683616,5b0fa12a-3dd7-45bb-9766-cc326314d9f1,9.831628534942865,0.00011813402855337812,1.201571317849476e-05,115.89591705984,147.63831459515305,6.0,0.00021805949617574258,0.00027535716472470995,3.803448420173178e-06,0.0004972201093206256,0.0,United Kingdom,GBR,england,,,Linux-6.4.0-150600.23.73_15.0.14-cray_shasta_c_64k-aarch64-with-glibc2.38,3.11.7,3.3.0,72,Neoverse-V2,1,1 x NVIDIA GH200 120GB,-2.5917,51.4535,64,machine,0.0,0.6666666666666666,22.099999999999998,188.89553833007812,N,1.0,0.0
2026-09-27T02:46:26,efficientnet_lite0_batch3_node_5_knowledge_extraction,826b227c-29d3-46f1-82a4-81520a7bfb2b,5b0fa12a-3dd7-45bb-9766-cc326314d9f1,6.993955268058926,7.024115763930159e-05,1.0043123661383673e-05,116.14504358880001,143.7415171392176,6.0,0.0001275437854140979,0.00016241096325586568,5.6867062766104935e-06,0.0002956414549465741,0.0,United Kingdom,GBR,england,,,Linux-6.4.0-150600.23.73_15.0.14-cray_shasta_c_64k-aarch64-with-glibc2.38,3.11.7,3.3.0,72,Neoverse-V2,1,1 x NVIDIA GH200 120GB,-2.5917,51.4535,64,machine,0.0,1.3333333333333333,22.100000000000005,188.9024658203125,N,1.0,0.0
2026-09-27T02:48:31,mobilevit_xxs_batch3_node_0_local_train,e484fd96-436c-4899-8d9a-81e1d04fa875,5b0fa12a-3dd7-45bb-9766-cc326314d9f1,11.639406927861273,0.0001618188821257843,1.3902674176502764e-05,117.92085114240001,79.7364670138811,6.0,0.00028719598536617084,0.00037960335923514776,1.4288088427080463e-05,0.0006810874330283991,0.0,United Kingdom,GBR,england,,,Linux-6.4.0-150600.23.73_15.0.14-cray_shasta_c_64k-aarch64-with-glibc2.38,3.11.7,3.3.0,72,Neoverse-V2,1,1 x NVIDIA GH200 120GB,-2.5917,51.4535,64,machine,0.0,7.375,22.0,188.3856658935547,N,1.0,0.0
2026-09-27T02:51:43,mobilevit_xxs_batch3_node_0_evaluate,fdab9e12-02b6-4710-89d9-cfd726065f22,5b0fa12a-3dd7-45bb-9766-cc326314d9f1,8.70968418684788,0.00011337353786399289,1.3016951640473186e-05,131.0242227264,604.1240567649429,6.0,0.00023020400299037175,0.00023758963452280568,9.389808959482859e-06,0.00047718344647266033,0.0,United Kingdom,GBR,england,,,Linux-6.4.0-150600.23.73_15.0.14-cray_shasta_c_64k-aarch64-with-glibc2.38,3.11.7,3.3.0,72,Neoverse-V2,1,1 x NVIDIA GH200 120GB,-2.5917,51.4535,64,machine,13.5,3.4,22.0,188.25948486328124,N,1.0,0.0
2026-09-27T02:52:07,mobilevit_xxs_batch3_node_1_local_train,a278bb5d-bcb0-4557-bf01-be173daaf0f0,5b0fa12a-3dd7-45bb-9766-cc326314d9f1,13.356440098956227,0.0001912055357074009,1.4315606126391653e-05,115.69703584058183,79.55578849743314,6.0,0.0003327244367605557,0.00045489064167725246,1.7159282780097176e-05,0.0008047743612179053,0.0,United Kingdom,GBR,england,,,Linux-6.4.0-150600.23.73_15.0.14-cray_shasta_c_64k-aarch64-with-glibc2.38,3.11.7,3.3.0,72,Neoverse-V2,1,1 x NVIDIA GH200 120GB,-2.5917,51.4535,64,machine,15.819999999999999,7.8,22.0,188.27814331054688,N,1.0,0.0
2026-09-27T02:52:21,mobilevit_xxs_batch3_node_1_evaluate,66647e67-e549-4a6b-92c9-d5e8d12f1ea3,5b0fa12a-3dd7-45bb-9766-cc326314d9f1,10.402569907018915,0.00013056556223462422,1.2551279482056436e-05,116.3463328841143,146.55161266029864,6.0,0.00023886232865998739,0.0003009327407426099,9.748732013395057e-06,0.0005495438014159924,0.0,United Kingdom,GBR,england,,,Linux-6.4.0-150600.23.73_15.0.14-cray_shasta_c_64k-aarch64-with-glibc2.38,3.11.7,3.3.0,72,Neoverse-V2,1,1 x NVIDIA GH200 120GB,-2.5917,51.4535,64,machine,0.0,3.0,22.0,188.3411603655134,N,1.0,0.0
2026-09-27T02:52:50,mobilevit_xxs_batch3_node_2_local_train,adff47a6-0b40-44b0-b492-e47247726b71,5b0fa12a-3dd7-45bb-9766-cc326314d9f1,15.016157092992216,0.00021228331086503124,1.4136993210073716e-05,115.72739711588572,151.16940521154322,6.0,0.0003845705324583527,0.0004997631775864875,9.155933267902584e-06,0.0008934896433127427,0.0,United Kingdom,GBR,england,,,Linux-6.4.0-150600.23.73_15.0.14-cray_shasta_c_64k-aarch64-with-glibc2.38,3.11.7,3.3.0,72,Neoverse-V2,1,1 x NVIDIA GH200 120GB,-2.5917,51.4535,64,machine,0.0,4.545454545454546,21.963636363636365,188.01345547762784,N,1.0,0.0
2026-09-27T02:53:11,mobilevit_xxs_batch3_node_2_evaluate,efaa3b65-8b61-4884-ad6a-60b58d5cc8d1,5b0fa12a-3dd7-45bb-9766-cc326314d9f1,10.097445318941027,0.00012504065907570065,1.2383395515016697e-05,116.35561683565716,144.06979554702724,6.0,0.00022893149833399983,0.000288043841550234,9.314425532938912e-06,0.0005262897654171728,0.0,United Kingdom,GBR,england,,,Linux-6.4.0-150600.23.73_15.0.14-cray_shasta_c_64k-aarch64-with-glibc2.38,3.11.7,3.3.0,72,Neoverse-V2,1,1 x NVIDIA GH200 120GB,-2.5917,51.4535,64,machine,9.528571428571428,2.142857142857143,21.900000000000002,187.54588971819197,N,1.0,0.0
2026-09-27T02:53:23,mobilevit_xxs_batch3_node_3_local_train,b1f1bc2a-a485-4afe-953c-5ed07c376cb2,5b0fa12a-3dd7-45bb-9766-cc326314d9f1,11.347211336018518,0.00015377948780560623,1.3552183285551109e-05,115.71251811840003,79.45302432030873,6.0,0.0002679248047059277,0.00036551862574185634,1.3806601353377724e-05,0.0006472500318011618,0.0,United Kingdom,GBR,england,,,Linux-6.4.0-150600.23.73_15.0.14-cray_shasta_c_64k-aarch64-with-glibc2.38,3.11.7,3.3.0,72,Neoverse-V2,1,1 x NVIDIA GH200 120GB,-2.5917,51.4535,64,machine,0.7375,9.125,21.900000000000002,187.5737762451172,N,1.0,0.0
2026-09-27T02:53:49,mobilevit_xxs_batch3_node_3_evaluate,30e9270b-c793-4378-b8c2-d357c575c1d7,5b0fa12a-3dd7-45bb-9766-cc326314d9f1,10.284950757864863,0.00012951491523084815,1.2592662646615841e-05,116.29049387245716,147.55334453247656,6.0,0.00023501096448965455,0.0003005660737898097,9.54464340970541e-06,0.0005451216816891697,0.0,United Kingdom,GBR,england,,,Linux-6.4.0-150600.23.73_15.0.14-cray_shasta_c_64k-aarch64-with-glibc2.38,3.11.7,3.3.0,72,Neoverse-V2,1,1 x NVIDIA GH200 120GB,-2.5917,51.4535,64,machine,0.0,3.0,21.900000000000002,187.61280168805803,N,1.0,0.0
2026-09-27T02:54:08,mobilevit_xxs_batch3_node_4_local_train,10eb2089-549e-4027-9a09-5a0979b66ed8,5b0fa12a-3dd7-45bb-9766-cc326314d9f1,12.878732203971595,0.0001800409520339353,1.3979710827313697e-05,115.91904841920001,149.58990449632856,6.0,0.00031765864609416093,0.0004254561737155882,1.466837736661546e-05,0.0007577831971763646,0.0,United Kingdom,GBR,england,,,Linux-6.4.0-150600.23.73_15.0.14-cray_shasta_c_64k-aarch64-with-glibc2.38,3.11.7,3.3.0,72,Neoverse-V2,1,1 x NVIDIA GH200 120GB,-2.5917,51.4535,64,machine,9.177777777777777,8.444444444444445,22.22222222222222,190.4247029622396,N,1.0,0.0
2026-09-27T02:54:19,mobilevit_xxs_batch3_node_4_evaluate,235ce794-d8df-47b7-acfb-c611f9e897a4,5b0fa12a-3dd7-45bb-9766-cc326314d9f1,9.270716239931062,0.00012583777903999135,1.3573684684466957e-05,137.84182369097144,74.89005576978282,6.0,0.0002619706193612873,0.0002573413169812966,1.0332866404981662e-05,0.0005296448027475656,0.0,United Kingdom,GBR,england,,,Linux-6.4.0-150600.23.73_15.0.14-cray_shasta_c_64k-aarch64-with-glibc2.38,3.11.7,3.3.0,72,Neoverse-V2,1,1 x NVIDIA GH200 120GB,-2.5917,51.4535,64,machine,41.016666666666666,2.0,24.45,209.41146850585938,N,1.0,0.0
2026-09-27T02:54:35,mobilevit_xxs_batch3_node_5_local_train,2b6bb9fb-ede4-4076-862e-f0c31b96f7d8,5b0fa12a-3dd7-45bb-9766-cc326314d9f1,14.407369847875088,0.0002123953727248954,1.4742133711256196e-05,122.59590648087274,150.9891367344914,6.0,0.0003837909194557856,0.0004937598394576526,1.6410547059883054e-05,0.0008939613059733212,0.0,United Kingdom,GBR,england,,,Linux-6.4.0-150600.23.73_15.0.14-cray_shasta_c_64k-aarch64-with-glibc2.38,3.11.7,3.3.0,72,Neoverse-V2,1,1 x NVIDIA GH200 120GB,-2.5917,51.4535,64,machine,5.290909090909091,4.636363636363637,25.60909090909091,219.3967618075284,N,1.0,0.0
2026-09-27T02:58:24,mobilevit_xxs_batch3_node_5_evaluate,c12603b2-cda1-4e37-9611-c6469e3b0cda,5b0fa12a-3dd7-45bb-9766-cc326314d9f1,9.936150243971497,0.00012369284978051945,1.2448770071242321e-05,117.10867112640003,145.1789564672751,6.0,0.00022646243335241184,0.00028438911640193965,9.765354986690607e-06,0.0005206169047410421,0.0,United Kingdom,GBR,england,,,Linux-6.4.0-150600.23.73_15.0.14-cray_shasta_c_64k-aarch64-with-glibc2.38,3.11.7,3.3.0,72,Neoverse-V2,1,1 x NVIDIA GH200 120GB,-2.5917,51.4535,64,machine,0.0,1.3333333333333333,28.916666666666668,247.8408406575521,N,1.0,0.0
2026-09-27T02:58:54,mobilevit_xxs_batch3_node_0_knowledge_extraction,f17ecf80-dc24-4de1-973e-d245bbf818f6,5b0fa12a-3dd7-45bb-9766-cc326314d9f1,7.698337565176189,8.168834608623787e-05,1.0611167072714393e-05,116.05099468320002,145.35957419799468,6.0,0.00015039335248886844,0.0001879909837185778,5.437751878441001e-06,0.00034382208808588725,0.0,United Kingdom,GBR,england,,,Linux-6.4.0-150600.23.73_15.0.14-cray_shasta_c_64k-aarch64-with-glibc2.38,3.11.7,3.3.0,72,Neoverse-V2,1,1 x NVIDIA GH200 120GB,-2.5917,51.4535,64,machine,0.0,0.75,29.4,251.6239013671875,N,1.0,0.0
2026-09-27T02:59:11,mobilevit_xxs_batch3_node_1_knowledge_extraction,db8a6442-0797-469d-94fe-94c05e46e794,5b0fa12a-3dd7-45bb-9766-cc326314d9f1,6.843621145002544,6.699388664950496e-05,9.789245376101259e-06,115.8835821984,72.87343980001738,6.0,0.00012285022592405906,0.00015282484446288436,6.2987863551825274e-06,0.00028197385674212595,0.0,United Kingdom,GBR,england,,,Linux-6.4.0-150600.23.73_15.0.14-cray_shasta_c_64k-aarch64-with-glibc2.38,3.11.7,3.3.0,72,Neoverse-V2,1,1 x NVIDIA GH200 120GB,-2.5917,51.4535,64,machine,0.0,2.6666666666666665,29.8,254.94512939453125,N,1.0,0.0
2026-09-27T02:59:17,mobilevit_xxs_batch3_node_2_knowledge_extraction,f4521d8f-00bf-4fd9-8ce9-b3cc4588bb3a,5b0fa12a-3dd7-45bb-9766-cc326314d9f1,5.419675418874249,4.2666048558126976e-05,7.872436125886922e-06,115.67420432640002,75.82241170630027,6.0,7.649658994900387e-05,9.915424598716527e-05,3.9283893567820396e-06,0.00017957922529295117,0.0,United Kingdom,GBR,england,,,Linux-6.4.0-150600.23.73_15.0.14-cray_shasta_c_64k-aarch64-with-glibc2.38,3.11.7,3.3.0,72,Neoverse-V2,1,1 x NVIDIA GH200 120GB,-2.5917,51.4535,64,machine,0.0,2.0,29.8,254.93521118164062,N,1.0,0.0
2026-09-27T03:00:01,mobilevit_xxs_batch3_node_4_knowledge_extraction,23a93ca7-5da0-4f70-99a3-d4dfd52ad5a1,5b0fa12a-3dd7-45bb-9766-cc326314d9f1,9.238242147956043,0.00010857984595827372,1.1753301571803566e-05,116.29308242880002,146.73791860266917,6.0,0.00019978662810398492,0.0002519421459936666,5.278267298514645e-06,0.00045700704139616617,0.0,United Kingdom,GBR,england,,,Linux-6.4.0-150600.23.73_15.0.14-cray_shasta_c_64k-aarch64-with-glibc2.38,3.11.7,3.3.0,72,Neoverse-V2,1,1 x NVIDIA GH200 120GB,-2.5917,51.4535,64,machine,0.0,1.3333333333333333,29.8,255.24609375,N,1.0,0.0
2026-09-27T03:00:22,mobilevit_xxs_batch3_node_0_distill,28fd93ad-f193-49e7-b40c-d2cd6264db41,5b0fa12a-3dd7-45bb-9766-cc326314d9f1,20.146803122013807,0.0003029136957793849,1.5035323169878012e-05,116.45267666852573,153.6705847762355,6.0,0.0005505600896279913,0.0007117116804806756,1.2676547277175511e-05,0.0012749483173858424,0.0,United Kingdom,GBR,england,,,Linux-6.4.0-150600.23.73_15.0.14-cray_shasta_c_64k-aarch64-with-glibc2.38,3.11.7,3.3.0,72,Neoverse-V2,1,1 x NVIDIA GH200 120GB,-2.5917,51.4535,64,machine,1.088235294117647,4.117647058823529,29.988235294117644,257.0288732192096,N,1.0,0.0
2026-09-27T03:00:54,mobilevit_xxs_batch3_node_1_distill,2d1c210f-62fe-4aaf-ae1f-80d930222b9c,5b0fa12a-3dd7-45bb-9766-cc326314d9f1,12.947348122950643,0.0001822212013554926,1.4074017291037757e-05,116.03127245760001,156.340464995344,6.0,0.0003205989078316837,0.0004315664563705468,1.4794391323036203e-05,0.0007669597555252667,0.0,United Kingdom,GBR,england,,,Linux-6.4.0-150600.23.73_15.0.14-cray_shasta_c_64k-aarch64-with-glibc2.38,3.11.7,3.3.0,72,Neoverse-V2,1,1 x NVIDIA GH200 120GB,-2.5917,51.4535,64,machine,7.688888888888889,8.222222222222221,29.699999999999996,254.5933091905382,N,1.0,0.0
2026-09-27T03:01:07,mobilevit_xxs_batch3_node_2_distill,41656e16-70aa-458d-9d36-ea1a4d4238ec,5b0fa12a-3dd7-45bb-9766-cc326314d9f1,9.96359672700055,0.00012609491847452535,1.265556223615697e-05,115.8284785248,148.10541967343528,6.0,0.0002231181187562748,0.0002983796831443897,9.229287630102288e-06,0.0005307270895307667,0.0,United Kingdom,GBR,england,,,Linux-6.4.0-150600.23.73_15.0.14-cray_shasta_c_64k-aarch64-with-glibc2.38,3.11.7,3.3.0,72,Neoverse-V2,1,1 x NVIDIA GH200 120GB,-2.5917,51.4535,64,machine,1.05,13.0,29.7,254.59701538085938,N,1.0,0.0
2026-09-27T03:01:19,mobilevit_xxs_batch3_node_3_distill,7071f813-4503-4b6e-822b-aaaad47fde30,5b0fa12a-3dd7-45bb-9766-cc326314d9f1,10.482359621208161,0.00013771293737043687,1.3137589469055493e-05,115.79454959040001,79.40576597185516,6.0,0.00024025466276579656,0.00032701192829165393,1.2360148271545768e-05,0.0005796267393289962,0.0,United Kingdom,GBR,england,,,Linux-6.4.0-150600.23.73_15.0.14-cray_shasta_c_64k-aarch64-with-glibc2.38,3.11.7,3.3.0,72,Neoverse-V2,1,1 x NVIDIA GH200 120GB,-2.5917,51.4535,64,machine,19.571428571428573,7.142857142857143,29.699999999999996,254.67809186662947,N,1.0,0.0
2026-09-27T03:01:38,mobilevit_xxs_batch3_node_5_distill,74fc82ec-776f-4088-9931-f04ff9ec5c9e,5b0fa12a-3dd7-45bb-9766-cc326314d9f1,12.329149500001222,0.00017091203856671336,1.3862435406975674e-05,116.18200465920002,156.59886232514577,6.0,0.0003009354832810426,0.0004046839348603726,1.374064720973062e-05,0.0007193600653511458,0.0,United Kingdom,GBR,england,,,Linux-6.4.0-150600.23.73_15.0.14-cray_shasta_c_64k-aarch64-with-glibc2.38,3.11.7,3.3.0,72,Neoverse-V2,1,1 x NVIDIA GH200 120GB,-2.5917,51.4535,64,machine,0.0,8.666666666666666,29.800000000000004,254.97736273871527,N,1.0,0.0
2026-09-27T03:01:50,mobilevit_xxs_batch3_node_0_evaluate,d8607ebf-1280-4498-900a-53fcf8dd9011,5b0fa12a-3dd7-45bb-9766-cc326314d9f1,9.827751694014296,0.00012212266560072081,1.2426307603508238e-05,117.37336556160001,145.97961566340967,6.0,0.00022384846175673532,0.00028054966888646504,9.609948858463517e-06,0.0005140080795016639,0.0,United Kingdom,GBR,england,,,Linux-6.4.0-150600.23.73_15.0.14-cray_shasta_c_64k-aarch64-with-glibc2.38,3.11.7,3.3.0,72,Neoverse-V2,1,1 x NVIDIA GH200 120GB,-2.5917,51.4535,64,machine,0.0,1.3333333333333333,29.8,255.29963175455728,N,1.0,0.0
2026-09-27T03:02:00,mobilevit_xxs_batch3_node_1_evaluate,c302523f-4906-4450-a210-8803b8518f98,5b0fa12a-3dd7-45bb-9766-cc326314d9f1,8.943322848062962,0.0001050225358338373,1.1743122508049026e-05,116.2244244096,73.8376920445564,6.0,0.00019170932952927098,0.00024054519241190064,9.779982323913524e-06,0.0004420345042650851,0.0,United Kingdom,GBR,england,,,Linux-6.4.0-150600.23.73_15.0.14-cray_shasta_c_64k-aarch64-with-glibc2.38,3.11.7,3.3.0,72,Neoverse-V2,1,1 x NVIDIA GH200 120GB,-2.5917,51.4535,64,machine,0.0,2.4,29.8,255.464013671875,N,1.0,0.0
2026-09-27T03:02:10,mobilevit_xxs_batch3_node_2_evaluate,9c488120-d6fe-4112-990a-deb8867a7942,5b0fa12a-3dd7-45bb-9766-cc326314d9f1,8.696833190042526,0.00010230751562607852,1.1763766579220575e-05,116.39519426880003,75.66263326421807,6.0,0.00018451119292271447,0.00023670463379232842,9.391295778332279e-06,0.0004306071224933752,0.0,United Kingdom,GBR,england,,,Linux-6.4.0-150600.23.73_15.0.14-cray_shasta_c_64k-aarch64-with-glibc2.38,3.11.7,3.3.0,72,Neoverse-V2,1,1 x NVIDIA GH200 120GB,-2.5917,51.4535,64,machine,0.0,1.8,29.8,255.45423583984376,N,1.0,0.0
2026-09-27T03:02:20,mobilevit_xxs_batch3_node_3_evaluate,d4ee888a-0121-40d4-849a-2282b451dab4,5b0fa12a-3dd7-45bb-9766-cc326314d9f1,8.804826952982694,0.00010450722533989748,1.1869310538180986e-05,116.86747083840001,75.64515182348775,6.0,0.00018934274065192147,0.00024096130387363246,9.561544116586447e-06,0.00043986558864214035,0.0,United Kingdom,GBR,england,,,Linux-6.4.0-150600.23.73_15.0.14-cray_shasta_c_64k-aarch64-with-glibc2.38,3.11.7,3.3.0,72,Neoverse-V2,1,1 x NVIDIA GH200 120GB,-2.5917,51.4535,64,machine,3.5400000000000005,2.2,29.8,255.58839111328126,N,1.0,0.0
2026-09-27T03:02:41,mobilevit_xxs_batch3_node_5_evaluate,26da5ea7-f27b-4a97-b286-dca845bf10b4,5b0fa12a-3dd7-45bb-9766-cc326314d9f1,9.821508308174089,0.00012144842954660574,1.2365557889466792e-05,116.5930448256,152.012722271011,6.0,0.00022108516006979942,0.0002805121688567169,9.57292536390014e-06,0.0005111702542904164,0.0,United Kingdom,GBR,england,,,Linux-6.4.0-150600.23.73_15.0.14-cray_shasta_c_64k-aarch64-with-glibc2.38,3.11.7,3.3.0,72,Neoverse-V2,1,1 x NVIDIA GH200 120GB,-2.5917,51.4535,64,machine,0.0,2.1666666666666665,29.8,255.3808390299479,N,1.0,0.0
2026-09-27T03:03:18,mobilenet_v3_small_batch4_node_0_local_train,78315f81-7f8e-4957-8fce-c8c40a98ea96,5b0fa12a-3dd7-45bb-9766-cc326314d9f1,11.186870394973084,0.00014581799410364886,1.3034744209530972e-05,116.5391183232,75.00573259215223,6.0,0.00026529706221969164,0.000334953045737052,1.3490402351599186e-05,0.0006137405103083429,0.0,United Kingdom,GBR,england,,,Linux-6.4.0-150600.23.73_15.0.14-cray_shasta_c_64k-aarch64-with-glibc2.38,3.11.7,3.3.0,72,Neoverse-V2,1,1 x NVIDIA GH200 120GB,-2.5917,51.4535,64,machine,0.0,1.75,29.475,252.37162017822266,N,1.0,0.0
2026-09-27T03:03:32,mobilenet_v3_small_batch4_node_0_evaluate,b87ce17c-baf9-41c9-8041-28584048b6a8,5b0fa12a-3dd7-45bb-9766-cc326314d9f1,11.800171399954706,0.00015517174784826293,1.3149957114085524e-05,116.06061997440001,73.10461898799883,6.0,0.0002840673661721286,0.00035449000580456413,1.455261143273674e-05,0.0006531099834094294,0.0,United Kingdom,GBR,england,,,Linux-6.4.0-150600.23.73_15.0.14-cray_shasta_c_64k-aarch64-with-glibc2.38,3.11.7,3.3.0,72,Neoverse-V2,1,1 x NVIDIA GH200 120GB,-2.5917,51.4535,64,machine,0.0,0.375,29.400000000000002,252.11489868164062,N,1.0,0.0
2026-09-27T03:03:48,mobilenet_v3_small_batch4_node_1_local_train,d8c8299e-a935-4300-8a74-a5318857040d,5b0fa12a-3dd7-45bb-9766-cc326314d9f1,13.875661341939121,0.00019398584408669757,1.3980295375210424e-05,116.88171049152001,147.15933427459294,6.0,0.00035505531020502444,0.0004456742454266305,1.5746981946673866e-05,0.0008164765375783289,0.0,United Kingdom,GBR,england,,,Linux-6.4.0-150600.23.73_15.0.14-cray_shasta_c_64k-aarch64-with-glibc2.38,3.11.7,3.3.0,72,Neoverse-V2,1,1 x NVIDIA GH200 120GB,-2.5917,51.4535,64,machine,14.919999999999998,2.8,29.49,252.32401123046876,N,1.0,0.0
2026-09-27T03:04:45,mobilenet_v3_small_batch4_node_1_evaluate,c0424cc1-5fb5-4a50-9046-f43b170f3f0b,5b0fa12a-3dd7-45bb-9766-cc326314d9f1,51.377001798013225,0.0008377766421659129,1.630645255360756e-05,116.14572667949349,145.0842039472568,6.0,0.001551294618853821,0.0019305001555096624,4.436444246016132e-05,0.003526159216823645,0.0,United Kingdom,GBR,england,,,Linux-6.4.0-150600.23.73_15.0.14-cray_shasta_c_64k-aarch64-with-glibc2.38,3.11.7,3.3.0,72,Neoverse-V2,1,1 x NVIDIA GH200 120GB,-2.5917,51.4535,64,machine,0.9229166666666666,0.041666666666666664,29.737499999999994,254.9175173441569,N,1.0,0.0
2026-09-27T03:05:05,mobilenet_v3_small_batch4_node_2_local_train,d48e0a24-f85c-4be5-86db-e38224ae0c0e,5b0fa12a-3dd7-45bb-9766-cc326314d9f1,8.678822858957574,0.000100663706198583,1.159877414650607e-05,115.84121716800001,74.45315228708698,6.0,0.0001822264047480833,0.00023210018566999224,9.361821918282658e-06,0.00042368841233635817,0.0,United Kingdom,GBR,england,,,Linux-6.4.0-150600.23.73_15.0.14-cray_shasta_c_64k-aarch64-with-glibc2.38,3.11.7,3.3.0,72,Neoverse-V2,1,1 x NVIDIA GH200 120GB,-2.5917,51.4535,64,machine,20.0,5.4,29.82,255.56773681640624,N,1.0,0.0
2026-09-27T03:05:26,mobilenet_v3_small_batch4_node_2_evaluate,f676fc1c-76ac-448d-b3ea-48aad1ff6d2c,5b0fa12a-3dd7-45bb-9766-cc326314d9f1,9.934378752019256,0.00012197835223040815,1.2278407666469823e-05,116.69943458880002,143.84206517080912,6.0,0.00022506709132222964,0.00027855355618555677,9.780024368471157e-06,0.0005134006718762575,0.0,United Kingdom,GBR,england,,,Linux-6.4.0-150600.23.73_15.0.14-cray_shasta_c_64k-aarch64-with-glibc2.38,3.11.7,3.3.0,72,Neoverse-V2,1,1 x NVIDIA GH200 120GB,-2.5917,51.4535,64,machine,0.0,0.3333333333333333,29.883333333333336,255.84330240885416,N,1.0,0.0
2026-09-27T03:05:42,mobilenet_v3_small_batch4_node_3_local_train,4d81e13a-e958-4ec4-a0a8-372ac7f3cd8e,5b0fa12a-3dd7-45bb-9766-cc326314d9f1,11.603012287989259,0.00015358176076464306,1.3236369741986887e-05,116.70340911840002,145.95321964272642,6.0,0.0002798590930482499,0.0003539952831914661,1.2563432516762988e-05,0.0006464178087564789,0.0,United Kingdom,GBR,england,,,Linux-6.4.0-150600.23.73_15.0.14-cray_shasta_c_64k-aarch64-with-glibc2.38,3.11.7,3.3.0,72,Neoverse-V2,1,1 x NVIDIA GH200 120GB,-2.5917,51.4535,64,machine,17.0875,3.5,29.900000000000002,256.1917419433594,N,1.0,0.0
2026-09-27T03:06:07,mobilenet_v3_small_batch4_node_3_evaluate,82d58897-7700-45bc-ac25-b2a8a401c45e,5b0fa12a-3dd7-45bb-9766-cc326314d9f1,16.19670935999602,0.00023445025619020274,1.4475178320435105e-05,123.1239501010286,145.09525550426707,6.0,0.0004472787956420357,0.0005295065347183936,1.000385680817999e-05,0.0009867891871686095,0.0,United Kingdom,GBR,england,,,Linux-6.4.0-150600.23.73_15.0.14-cray_shasta_c_64k-aarch64-with-glibc2.38,3.11.7,3.3.0,72,Neoverse-V2,1,1 x NVIDIA GH200 120GB,-2.5917,51.4535,64,machine,1.4230769230769231,0.23076923076923078,29.99230769230769,256.6205350435697,N,1.0,0.0
2026-09-27T03:06:29,mobilenet_v3_small_batch4_node_4_local_train,7df417ba-5d41-4d7a-a26e-208008d5e928,5b0fa12a-3dd7-45bb-9766-cc326314d9f1,11.22847544401884,0.00015179250208590132,1.351853177599082e-05,120.62450050560003,74.7534747164966,6.0,0.0002863177072324691,0.00033895916004667015,1.3610042829920227e-05,0.0006388869101090595,0.0,United Kingdom,GBR,england,,,Linux-6.4.0-150600.23.73_15.0.14-cray_shasta_c_64k-aarch64-with-glibc2.38,3.11.7,3.3.0,72,Neoverse-V2,1,1 x NVIDIA GH200 120GB,-2.5917,51.4535,64,machine,0.0,3.25,30.0,256.9748764038086,N,1.0,0.0
2026-09-27T03:06:42,mobilenet_v3_small_batch4_node_4_evaluate,17017b8b-fdea-420c-9951-2e11a6be6c8f,5b0fa12a-3dd7-45bb-9766-cc326314d9f1,10.092104580020532,0.00013099799861504346,1.2980245852226092e-05,125.3812602857143,143.47196872397325,6.0,0.000258756658873533,0.00028256189271758103,1.004535252500015e-05,0.0005513639041161143,0.0,United Kingdom,GBR,england,,,Linux-6.4.0-150600.23.73_15.0.14-cray_shasta_c_64k-aarch64-with-glibc2.38,3.11.7,3.3.0,72,Neoverse-V2,1,1 x NVIDIA GH200 120GB,-2.5917,51.4535,64,machine,3.9,0.42857142857142855,30.0,256.7945818219866,N,1.0,0.0
2026-09-27T03:07:01,mobilenet_v3_small_batch4_node_5_local_train,5f8446fb-849b-4e6a-883e-bca66b33431d,5b0fa12a-3dd7-45bb-9766-cc326314d9f1,17.185447849100456,0.0002537529418794506,1.4765570505206992e-05,119.5206726726982,145.76941251546347,6.0,0.0004751847031071893,0.0005765185167803111,1.6329988213256e-05,0.0010680332081007564,0.0,United Kingdom,GBR,england,,,Linux-6.4.0-150600.23.73_15.0.14-cray_shasta_c_64k-aarch64-with-glibc2.38,3.11.7,3.3.0,72,Neoverse-V2,1,1 x NVIDIA GH200 120GB,-2.5917,51.4535,64,machine,13.55,2.0714285714285716,29.907142857142848,256.30652291434154,N,1.0,0.0
2026-09-27T03:07:11,mobilenet_v3_small_batch4_node_5_evaluate,da13278c-00fe-4419-80f9-7b153e774e2a,5b0fa12a-3dd7-45bb-9766-cc326314d9f1,9.117223005043343,0.00011349075149027363,1.244795168742657e-05,123.29586975908573,73.38956924545943,6.0,0.00022079513159255147,0.00024678408631473303,1.0097574748409291e-05,0.0004776767926556938,0.0,United Kingdom,GBR,england,,,Linux-6.4.0-150600.23.73_15.0.14-cray_shasta_c_64k-aarch64-with-glibc2.38,3.11.7,3.3.0,72,Neoverse-V2,1,1 x NVIDIA GH200 120GB,-2.5917,51.4535,64,machine,0.0,0.6666666666666666,29.900000000000002,255.70449829101562,N,1.0,0.0
2026-09-27T03:07:19,mobilenet_v3_small_batch4_node_0_knowledge_extraction,3d70a785-98f0-4043-9ce3-e227ae4b2688,5b0fa12a-3dd7-45bb-9766-cc326314d9f1,7.22022739588283,7.303142377370281e-05,1.0114837077755656e-05,117.77290797600001,142.14562980673003,6.0,0.00013709120559329317,0.00016502957646480354,5.264760932962721e-06,0.0003073855429910594,0.0,United Kingdom,GBR,england,,,Linux-6.4.0-150600.23.73_15.0.14-cray_shasta_c_64k-aarch64-with-glibc2.38,3.11.7,3.3.0,72,Neoverse-V2,1,1 x NVIDIA GH200 120GB,-2.5917,51.4535,64,machine,32.175,0.25,29.375,251.56341552734375,N,1.0,0.0
2026-09-27T03:07:38,mobilenet_v3_small_batch4_node_1_knowledge_extraction,db3164be-9d7f-4483-a3f6-011a33800370,5b0fa12a-3dd7-45bb-9766-cc326314d9f1,8.28979997895658,9.159816522020038e-05,1.1049502455152079e-05,116.57095027200003,143.71200487157296,6.0,0.00017014687513756835,0.00020913961175494933,6.24552519642748e-06,0.00038553201208894514,0.0,United Kingdom,GBR,england,,,Linux-6.4.0-150600.23.73_15.0.14-cray_shasta_c_64k-aarch64-with-glibc2.38,3.11.7,3.3.0,72,Neoverse-V2,1,1 x NVIDIA GH200 120GB,-2.5917,51.4535,64,machine,1.42,0.2,29.4,251.820068359375,N,1.0,0.0
2026-09-27T03:07:50,mobilenet_v3_small_batch4_node_2_knowledge_extraction,919cfaea-ed32-454e-8f4f-6500ca0b2b7b,5b0fa12a-3dd7-45bb-9766-cc326314d9f1,6.591878443956375,6.172779380161515e-05,9.3642190653878e-06,116.20676770560002,142.90098712177775,6.0,0.00011471926142908614,0.0001408831682709888,4.206710460518176e-06,0.0002598091401605931,0.0,United Kingdom,GBR,england,,,Linux-6.4.0-150600.23.73_15.0.14-cray_shasta_c_64k-aarch64-with-glibc2.38,3.11.7,3.3.0,72,Neoverse-V2,1,1 x NVIDIA GH200 120GB,-2.5917,51.4535,64,machine,0.0,0.3333333333333333,29.399999999999995,251.92431640625,N,1.0,0.0
2026-09-27T03:08:15,mobilenet_v3_small_batch4_node_3_knowledge_extraction,7a12fd93-ecb3-4cb8-bb61-720a29e3bf8d,5b0fa12a-3dd7-45bb-9766-cc326314d9f1,7.436802081065252,7.703658939553825e-05,1.0358832809559385e-05,116.25487181280002,145.21380272499368,6.0,0.00014211046289566988,0.00017696791934440625,5.16469886021999e-06,0.0003242430811002961,0.0,United Kingdom,GBR,england,,,Linux-6.4.0-150600.23.73_15.0.14-cray_shasta_c_64k-aarch64-with-glibc2.38,3.11.7,3.3.0,72,Neoverse-V2,1,1 x NVIDIA GH200 120GB,-2.5917,51.4535,64,machine,0.0,0.5,29.6,253.51651000976562,N,1.0,0.0
2026-09-27T03:09:14,mobilenet_v3_small_batch4_node_5_knowledge_extraction,9493b83c-3b63-4f63-8eec-69c17504ecc1,5b0fa12a-3dd7-45bb-9766-cc326314d9f1,35.7923212510068,0.0005648746338797181,1.578200614367331e-05,120.34034025408,142.50142928450967,6.0,0.001064140161215124,0.0013072110457699182,6.17735654154482e-06,0.0023775285635265864,0.0,United Kingdom,GBR,england,,,Linux-6.4.0-150600.23.73_15.0.14-cray_shasta_c_64k-aarch64-with-glibc2.38,3.11.7,3.3.0,72,Neoverse-V2,1,1 x NVIDIA GH200 120GB,-2.5917,51.4535,64,machine,0.7218749999999999,0.0625,29.600000000000016,253.60737419128418,N,1.0,0.0
2026-09-27T03:09:43,mobilenet_v3_small_batch4_node_0_distill,c7703811-4ac2-4786-aac9-fe0f6493b461,5b0fa12a-3dd7-45bb-9766-cc326314d9f1,10.067371679004282,0.00012640074073560784,1.2555485658607328e-05,116.8401209184,74.72061782361125,6.0,0.0002299128937074445,0.0002904307878850432,1.1670598258885245e-05,0.0005320142798513729,0.0,United Kingdom,GBR,england,,,Linux-6.4.0-150600.23.73_15.0.14-cray_shasta_c_64k-aarch64-with-glibc2.38,3.11.7,3.3.0,72,Neoverse-V2,1,1 x NVIDIA GH200 120GB,-2.5917,51.4535,64,machine,21.071428571428573,4.428571428571429,29.671428571428567,254.0592302594866,N,1.0,0.0
2026-09-27T03:10:01,mobilenet_v3_small_batch4_node_1_distill,76d12c86-d72a-4a17-85d5-ca00be55bc3d,5b0fa12a-3dd7-45bb-9766-cc326314d9f1,11.463783481856808,0.00015101204257548,1.3172967093671968e-05,116.26694352,74.72335604717108,6.0,0.00027321307625700897,0.0003483961120451795,1.3992807478255903e-05,0.0006356019957804444,0.0,United Kingdom,GBR,england,,,Linux-6.4.0-150600.23.73_15.0.14-cray_shasta_c_64k-aarch64-with-glibc2.38,3.11.7,3.3.0,72,Neoverse-V2,1,1 x NVIDIA GH200 120GB,-2.5917,51.4535,64,machine,13.5625,5.0,29.699999999999996,253.98461151123047,N,1.0,0.0
2026-09-27T03:10:14,mobilenet_v3_small_batch4_node_2_distill,ad05478a-5cd5-4a46-bb5b-6466fae57855,5b0fa12a-3dd7-45bb-9766-cc326314d9f1,8.801389514934272,0.0001031084349860354,1.1715017817479858e-05,118.13173672320002,73.67126971156844,6.0,0.0001899019002620369,0.00023451935427942772,9.556896745149667e-06,0.00043397815128661427,0.0,United Kingdom,GBR,england,,,Linux-6.4.0-150600.23.73_15.0.14-cray_shasta_c_64k-aarch64-with-glibc2.38,3.11.7,3.3.0,72,Neoverse-V2,1,1 x NVIDIA GH200 120GB,-2.5917,51.4535,64,machine,12.1,3.6,29.659999999999997,254.058740234375,N,1.0,0.0
2026-09-27T03:10:43,mobilenet_v3_small_batch4_node_3_distill,651e7ec4-acf7-4322-b63b-c55dc299c261,5b0fa12a-3dd7-45bb-9766-cc326314d9f1,21.71891144104302,0.00032675077277546417,1.5044528067736918e-05,117.67115503296002,147.66671545617248,6.0,0.0006084396689006951,0.0007550864374081812,1.1751254071714358e-05,0.0013752773603805907,0.0,United Kingdom,GBR,england,,,Linux-6.4.0-150600.23.73_15.0.14-cray_shasta_c_64k-aarch64-with-glibc2.38,3.11.7,3.3.0,72,Neoverse-V2,1,1 x NVIDIA GH200 120GB,-2.5917,51.4535,64,machine,4.194444444444445,1.5555555555555556,29.644444444444453,253.98582628038196,N,1.0,0.0
2026-09-27T03:11:06,mobilenet_v3_small_batch4_node_4_distill,f4d8b70b-54d2-4e7a-bea6-76907be1036c,5b0fa12a-3dd7-45bb-9766-cc326314d9f1,17.02923808991909,0.0002499957719673299,1.468038503233574e-05,120.54401213040003,146.76470097367718,6.0,0.0004693959838074762,0.0005703457340615614,1.2477753433631732e-05,0.0010522194713026693,0.0,United Kingdom,GBR,england,,,Linux-6.4.0-150600.23.73_15.0.14-cray_shasta_c_64k-aarch64-with-glibc2.38,3.11.7,3.3.0,72,Neoverse-V2,1,1 x NVIDIA GH200 120GB,-2.5917,51.4535,64,machine,0.0,2.6923076923076925,29.600000000000005,253.79195932241586,N,1.0,0.0
2026-09-27T03:11:40,mobilenet_v3_small_batch4_node_5_distill,be11698f-e081-4ec9-9a1a-8d362e777585,5b0fa12a-3dd7-45bb-9766-cc326314d9f1,22.32311408314854,0.0003365953673779483,1.5078333879592554e-05,116.28703825710546,147.78341740782983,6.0,0.0006209941417815898,0.0007816522919910085,1.4066323880106212e-05,0.0014167127576527041,0.0,United Kingdom,GBR,england,,,Linux-6.4.0-150600.23.73_15.0.14-cray_shasta_c_64k-aarch64-with-glibc2.38,3.11.7,3.3.0,72,Neoverse-V2,1,1 x NVIDIA GH200 120GB,-2.5917,51.4535,64,machine,0.9,1.1578947368421053,29.705263157894734,254.44960102282073,N,1.0,0.0
2026-09-27T03:12:00,mobilenet_v3_small_batch4_node_0_evaluate,7e6949d7-cc00-44f8-84ec-429e3d21142d,5b0fa12a-3dd7-45bb-9766-cc326314d9f1,9.924004666041583,0.00012276660735047307,1.237067207057666e-05,118.18696135680001,143.94332781007435,6.0,0.0002283726180553967,0.00027859550066011707,9.750278813298791e-06,0.0005167183975288126,0.0,United Kingdom,GBR,england,,,Linux-6.4.0-150600.23.73_15.0.14-cray_shasta_c_64k-aarch64-with-glibc2.38,3.11.7,3.3.0,72,Neoverse-V2,1,1 x NVIDIA GH200 120GB,-2.5917,51.4535,64,machine,22.883333333333336,0.6666666666666666,29.7,254.22647094726562,N,1.0,0.0
2026-09-27T03:13:02,mobilenet_v3_small_batch4_node_1_evaluate,276881b9-e141-4077-9a2b-258f631a7f64,5b0fa12a-3dd7-45bb-9766-cc326314d9f1,9.93133690720424,0.00012260029915542686,1.2344793082841848e-05,117.49126786560001,146.9960887102614,6.0,0.0002274774567497349,0.00027884827863999817,9.692679416621104e-06,0.0005160184148063541,0.0,United Kingdom,GBR,england,,,Linux-6.4.0-150600.23.73_15.0.14-cray_shasta_c_64k-aarch64-with-glibc2.38,3.11.7,3.3.0,72,Neoverse-V2,1,1 x NVIDIA GH200 120GB,-2.5917,51.4535,64,machine,12.316666666666665,0.3333333333333333,29.73333333333333,254.74447631835938,N,1.0,0.0
2026-09-27T03:13:28,mobilenet_v3_small_batch4_node_2_evaluate,f7143d62-e835-46dc-aa88-e9576c6ba2e7,5b0fa12a-3dd7-45bb-9766-cc326314d9f1,15.525342134060338,0.00021785771362919693,1.4032393730715205e-05,117.30449515885714,144.8649491419539,6.0,0.0004060921823859261,0.0005011370675731541,9.72277066980799e-06,0.0009169520206288882,0.0,United Kingdom,GBR,england,,,Linux-6.4.0-150600.23.73_15.0.14-cray_shasta_c_64k-aarch64-with-glibc2.38,3.11.7,3.3.0,72,Neoverse-V2,1,1 x NVIDIA GH200 120GB,-2.5917,51.4535,64,machine,0.0,0.4166666666666667,29.783333333333342,254.83182271321616,N,1.0,0.0
2026-09-27T03:14:25,mobilenet_v3_small_batch4_node_3_evaluate,d1d31093-de35-4c86-a81e-d324f49ef3c4,5b0fa12a-3dd7-45bb-9766-cc326314d9f1,45.873713036067784,0.000754630053653349,1.6450162930130118e-05,116.72774371993205,145.58982479360316,6.0,0.001402960658324445,0.001738475001886286,3.476380042654152e-05,0.003176199460637273,0.0,United Kingdom,GBR,england,,,Linux-6.4.0-150600.23.73_15.0.14-cray_shasta_c_64k-aarch64-with-glibc2.38,3.11.7,3.3.0,72,Neoverse-V2,1,1 x NVIDIA GH200 120GB,-2.5917,51.4535,64,machine,1.1785714285714286,0.07142857142857142,29.802380952380933,255.1445065452939,N,1.0,0.0
2026-09-27T03:18:46,mobilenet_v3_small_batch4_node_4_evaluate,3fb4e79f-4497-40c9-a8be-4a04b7344356,5b0fa12a-3dd7-45bb-9766-cc326314d9f1,9.829292102018371,0.00012097478046036586,1.2307578125135237e-05,117.63576555840002,144.29742801809556,6.0,0.0002245076612081307,0.0002750768867372244,9.592141465206319e-06,0.0005091766894105614,0.0,United Kingdom,GBR,england,,,Linux-6.4.0-150600.23.73_15.0.14-cray_shasta_c_64k-aarch64-with-glibc2.38,3.11.7,3.3.0,72,Neoverse-V2,1,1 x NVIDIA GH200 120GB,-2.5917,51.4535,64,machine,0.0,0.6666666666666666,29.783333333333335,254.93255615234375,N,1.0,0.0
2026-09-27T03:19:05,mobilenet_v3_small_batch4_node_5_evaluate,a36aa8c8-6435-4bf1-85b1-8d72fdc3dbcf,5b0fa12a-3dd7-45bb-9766-cc326314d9f1,14.90020736400038,0.00020640859770383051,1.3852733231251777e-05,117.03936152777145,144.10413367081438,6.0,0.00038501633194561115,0.00047369565673704983,1.0051286148373037e-05,0.000868763274831034,0.0,United Kingdom,GBR,england,,,Linux-6.4.0-150600.23.73_15.0.14-cray_shasta_c_64k-aarch64-with-glibc2.38,3.11.7,3.3.0,72,Neoverse-V2,1,1 x NVIDIA GH200 120GB,-2.5917,51.4535,64,machine,1.7454545454545454,0.2727272727272727,29.800000000000008,254.91595458984375,N,1.0,0.0
2026-09-27T03:19:26,efficientnet_lite0_batch4_node_0_local_train,184edd02-e5f7-410c-8fbf-62deb80015e4,5b0fa12a-3dd7-45bb-9766-cc326314d9f1,8.392038092948496,0.00010211206568250112,1.2167731432046516e-05,115.9765348608,83.91274070289514,6.0,0.00017260884091599985,0.00024829325418807,8.882388531540832e-06,0.00042978448363561073,0.0,United Kingdom,GBR,england,,,Linux-6.4.0-150600.23.73_15.0.14-cray_shasta_c_64k-aarch64-with-glibc2.38,3.11.7,3.3.0,72,Neoverse-V2,1,1 x NVIDIA GH200 120GB,-2.5917,51.4535,64,machine,30.059999999999995,6.4,30.02,257.338623046875,N,1.0,0.0
2026-09-27T03:19:51,efficientnet_lite0_batch4_node_0_evaluate,2525feab-1024-4499-b32a-7670837a103f,5b0fa12a-3dd7-45bb-9766-cc326314d9f1,8.91360075911507,0.00010668173847286319,1.1968422341977812e-05,116.49089592000001,76.3134997971138,6.0,0.0001916763192629086,0.0002475985314021045,9.74315300040568e-06,0.0004490180036654188,0.0,United Kingdom,GBR,england,,,Linux-6.4.0-150600.23.73_15.0.14-cray_shasta_c_64k-aarch64-with-glibc2.38,3.11.7,3.3.0,72,Neoverse-V2,1,1 x NVIDIA GH200 120GB,-2.5917,51.4535,64,machine,0.0,2.4,30.1,257.473974609375,N,1.0,0.0
2026-09-27T03:20:21,efficientnet_lite0_batch4_node_1_local_train,6080af2f-bd55-4770-8c8b-762a4a6272d1,5b0fa12a-3dd7-45bb-9766-cc326314d9f1,16.133210212923586,0.0002357081977107235,1.4610123750938812e-05,116.57353996697142,153.74969706786806,6.0,0.0004236420316947161,0.0005577362795037288,1.0705487759939084e-05,0.000992083798958384,0.0,United Kingdom,GBR,england,,,Linux-6.4.0-150600.23.73_15.0.14-cray_shasta_c_64k-aarch64-with-glibc2.38,3.11.7,3.3.0,72,Neoverse-V2,1,1 x NVIDIA GH200 120GB,-2.5917,51.4535,64,machine,0.0,3.3846153846153846,30.146153846153847,258.1825843224159,N,1.0,0.0
2026-09-27T03:21:01,efficientnet_lite0_batch4_node_1_evaluate,3c9c2733-f7e8-4aed-9b60-c47c3d7218d2,5b0fa12a-3dd7-45bb-9766-cc326314d9f1,14.779984737979248,0.00020785504310820695,1.4063278602317783e-05,117.63177096548574,147.9997937031497,6.0,0.00038335269580132535,0.0004816084408361121,9.890153229547045e-06,0.0008748512898669844,0.0,United Kingdom,GBR,england,,,Linux-6.4.0-150600.23.73_15.0.14-cray_shasta_c_64k-aarch64-with-glibc2.38,3.11.7,3.3.0,72,Neoverse-V2,1,1 x NVIDIA GH200 120GB,-2.5917,51.4535,64,machine,7.236363636363635,0.7272727272727273,30.1,257.90598366477275,N,1.0,0.0
2026-09-27T03:27:06,efficientnet_lite0_batch4_node_2_local_train,97531d09-ecc0-483f-ae17-2bbefac5d6d3,5b0fa12a-3dd7-45bb-9766-cc326314d9f1,9.890046659857035,0.0001240733461771455,1.2545274096708766e-05,116.5498749792,153.8104565437706,6.0,0.00022158470844212981,0.00029427690209615776,6.3567841565236455e-06,0.0005222183946948112,0.0,United Kingdom,GBR,england,,,Linux-6.4.0-150600.23.73_15.0.14-cray_shasta_c_64k-aarch64-with-glibc2.38,3.11.7,3.3.0,72,Neoverse-V2,1,1 x NVIDIA GH200 120GB,-2.5917,51.4535,64,machine,1.5833333333333333,3.6666666666666665,30.2,258.7279459635417,N,1.0,0.0
2026-09-27T03:27:17,efficientnet_lite0_batch4_node_2_evaluate,d36e18cf-cf36-46dd-9221-695f89ad7441,5b0fa12a-3dd7-45bb-9766-cc326314d9f1,10.279015694977716,0.000130266611658204,1.267306282272258e-05,117.85522269394289,147.6679192879568,6.0,0.00023999044776573826,0.0002985499610588249,9.74512484157458e-06,0.0005482855336661377,0.0,United Kingdom,GBR,england,,,Linux-6.4.0-150600.23.73_15.0.14-cray_shasta_c_64k-aarch64-with-glibc2.38,3.11.7,3.3.0,72,Neoverse-V2,1,1 x NVIDIA GH200 120GB,-2.5917,51.4535,64,machine,7.942857142857143,1.7142857142857142,30.199999999999996,258.6260986328125,N,1.0,0.0
2026-09-27T03:27:42,efficientnet_lite0_batch4_node_3_local_train,a266a405-1c18-45e4-8b1d-dcb18dd52f5e,5b0fa12a-3dd7-45bb-9766-cc326314d9f1,14.723674519918859,0.0002096345201443744,1.4237921373551911e-05,116.3598822432,154.56992613629097,6.0,0.00037693471678714954,0.0004968726197205342,8.533681571328392e-06,0.0008823410180790121,0.0,United Kingdom,GBR,england,,,Linux-6.4.0-150600.23.73_15.0.14-cray_shasta_c_64k-aarch64-with-glibc2.38,3.11.7,3.3.0,72,Neoverse-V2,1,1 x NVIDIA GH200 120GB,-2.5917,51.4535,64,machine,2.172727272727273,4.090909090909091,30.290909090909096,259.12764115767044,N,1.0,0.0
2026-09-27T03:28:04,efficientnet_lite0_batch4_node_3_evaluate,66f5f4fe-98d2-4d81-83d8-e1f2fb8d6368,5b0fa12a-3dd7-45bb-9766-cc326314d9f1,10.510856614913791,0.00013348968416476326,1.2700171741983004e-05,117.2269275593143,145.83092811718058,6.0,0.00024531158268658774,0.00030648191184923235,1.005778715130873e-05,0.0005618512816871288,0.0,United Kingdom,GBR,england,,,Linux-6.4.0-150600.23.73_15.0.14-cray_shasta_c_64k-aarch64-with-glibc2.38,3.11.7,3.3.0,72,Neoverse-V2,1,1 x NVIDIA GH200 120GB,-2.5917,51.4535,64,machine,0.0,1.2857142857142858,30.271428571428576,259.27357700892856,N,1.0,0.0
2026-09-27T03:35:07,efficientnet_lite0_batch4_node_4_local_train,90618d2c-6bac-4c22-b6d6-835a49ecf437,5b0fa12a-3dd7-45bb-9766-cc326314d9f1,411.69491462106816,0.009632333195957115,2.3396774781206366e-05,115.7819763929214,138.779147775644,6.0,0.01323955435008335,0.016415304798883312,0.0008231021164450791,0.03047796126541175,0.0,United Kingdom,GBR,england,,,Linux-6.4.0-150600.23.73_15.0.14-cray_shasta_c_64k-aarch64-with-glibc2.38,3.11.7,3.3.0,72,Neoverse-V2,1,1 x NVIDIA GH200 120GB,-2.5917,51.4535,64,machine,2.5250608272506074,0.07785888077858881,30.656204379562187,262.5634778990363,N,1.0,0.0
2026-09-27T03:36:03,efficientnet_lite0_batch4_node_4_evaluate,265fdbf7-3a36-4905-acdf-a6e0a953910d,5b0fa12a-3dd7-45bb-9766-cc326314d9f1,24.582756340969354,0.00037964603795636595,1.5443591137241676e-05,116.3669919418286,97.86326060543495,6.0,0.0006948797605924695,0.0008679659721337885,3.5065104713042576e-05,0.0015979108374393005,0.0,United Kingdom,GBR,england,,,Linux-6.4.0-150600.23.73_15.0.14-cray_shasta_c_64k-aarch64-with-glibc2.38,3.11.7,3.3.0,72,Neoverse-V2,1,1 x NVIDIA GH200 120GB,-2.5917,51.4535,64,machine,3.647619047619048,0.7142857142857143,31.100000000000012,266.1048961821057,N,1.0,0.0
2026-09-27T03:36:19,efficientnet_lite0_batch4_node_5_local_train,ce1f3649-92e6-4838-94bf-038a402b3efc,5b0fa12a-3dd7-45bb-9766-cc326314d9f1,10.059966227971017,0.0001320752516920176,1.3128796727447434e-05,115.99307261074287,162.24668966637012,6.0,0.00022720144688149785,0.0003174716428731017,1.1224917695314315e-05,0.0005558980074499139,0.0,United Kingdom,GBR,england,,,Linux-6.4.0-150600.23.73_15.0.14-cray_shasta_c_64k-aarch64-with-glibc2.38,3.11.7,3.3.0,72,Neoverse-V2,1,1 x NVIDIA GH200 120GB,-2.5917,51.4535,64,machine,12.366666666666667,9.166666666666666,31.099999999999998,266.3017883300781,N,1.0,0.0
2026-09-27T03:37:50,efficientnet_lite0_batch4_node_5_evaluate,ac826320-3c87-41fc-afd5-cd44ed2906cb,5b0fa12a-3dd7-45bb-9766-cc326314d9f1,10.234956822125241,0.0001293150003611061,1.2634640537179564e-05,116.89932564205715,149.7487345395922,6.0,0.000235451885370738,0.00029862996112228757,1.0198403691562515e-05,0.0005442802501845881,0.0,United Kingdom,GBR,england,,,Linux-6.4.0-150600.23.73_15.0.14-cray_shasta_c_64k-aarch64-with-glibc2.38,3.11.7,3.3.0,72,Neoverse-V2,1,1 x NVIDIA GH200 120GB,-2.5917,51.4535,64,machine,0.0,2.142857142857143,31.0,265.7401123046875,N,1.0,0.0
2026-09-27T03:39:54,efficientnet_lite0_batch4_node_1_knowledge_extraction,f8136806-545e-4c05-af89-5ff8c5d1e661,5b0fa12a-3dd7-45bb-9766-cc326314d9f1,7.866069119190797,8.580421076786234e-05,1.0908143504425402e-05,116.32879306080001,146.05240003060305,6.0,0.0001563008200613537,0.00019851988102459472,6.324851813648518e-06,0.000361145552899597,0.0,United Kingdom,GBR,england,,,Linux-6.4.0-150600.23.73_15.0.14-cray_shasta_c_64k-aarch64-with-glibc2.38,3.11.7,3.3.0,72,Neoverse-V2,1,1 x NVIDIA GH200 120GB,-2.5917,51.4535,64,machine,0.0,0.0,31.0,265.8511199951172,N,1.0,0.0
2026-09-27T03:40:47,efficientnet_lite0_batch4_node_2_knowledge_extraction,1a2bb9c4-0304-47c0-b543-207246bca0c5,5b0fa12a-3dd7-45bb-9766-cc326314d9f1,6.632781529100612,6.285551735796613e-05,9.476494451414439e-06,116.2377787392,143.96288773112448,6.0,0.00011614128168127477,0.00014413844864691328,4.275940843314553e-06,0.0002645556711715026,0.0,United Kingdom,GBR,england,,,Linux-6.4.0-150600.23.73_15.0.14-cray_shasta_c_64k-aarch64-with-glibc2.38,3.11.7,3.3.0,72,Neoverse-V2,1,1 x NVIDIA GH200 120GB,-2.5917,51.4535,64,machine,0.0,0.0,31.0,265.81939697265625,N,1.0,0.0
2026-09-27T03:42:27,efficientnet_lite0_batch4_node_3_knowledge_extraction,faca5b70-1e73-4481-8dc3-2c0c55b6943d,5b0fa12a-3dd7-45bb-9766-cc326314d9f1,6.222501422045752,5.730250569499705e-05,9.208918055362675e-06,116.01006791040001,768.3999955242264,6.0,0.0001028211939060767,0.0001331184398196683,5.243694185046479e-06,0.00024118332791079152,0.0,United Kingdom,GBR,england,,,Linux-6.4.0-150600.23.73_15.0.14-cray_shasta_c_64k-aarch64-with-glibc2.38,3.11.7,3.3.0,72,Neoverse-V2,1,1 x NVIDIA GH200 120GB,-2.5917,51.4535,64,machine,23.933333333333334,1.3333333333333333,31.0,265.8132731119792,N,1.0,0.0
2026-09-27T03:43:25,efficientnet_lite0_batch4_node_4_knowledge_extraction,ff292107-300b-4be4-853e-6a48518d4b43,5b0fa12a-3dd7-45bb-9766-cc326314d9f1,7.414115597028285,7.81768548826707e-05,1.0544326408129572e-05,116.45612791200003,152.24006049974278,6.0,0.00014193322508592658,0.00018154236744294394,5.566807930202534e-06,0.000329042400459073,0.0,United Kingdom,GBR,england,,,Linux-6.4.0-150600.23.73_15.0.14-cray_shasta_c_64k-aarch64-with-glibc2.38,3.11.7,3.3.0,72,Neoverse-V2,1,1 x NVIDIA GH200 120GB,-2.5917,51.4535,64,machine,0.0,1.0,31.0,265.76136779785156,N,1.0,0.0
2026-09-27T03:43:38,efficientnet_lite0_batch4_node_5_knowledge_extraction,22df1d4a-3074-4a47-b4d5-6710fe241f81,5b0fa12a-3dd7-45bb-9766-cc326314d9f1,6.878714365884662,6.864842864257785e-05,9.979834165384635e-06,115.92313858080001,75.39668846250972,6.0,0.0001236930664317778,0.00015891623823449663,6.3284350547473886e-06,0.0002889377397210218,0.0,United Kingdom,GBR,england,,,Linux-6.4.0-150600.23.73_15.0.14-cray_shasta_c_64k-aarch64-with-glibc2.38,3.11.7,3.3.0,72,Neoverse-V2,1,1 x NVIDIA GH200 120GB,-2.5917,51.4535,64,machine,41.6,2.6666666666666665,31.0,265.768310546875,N,1.0,0.0
2026-09-27T03:44:29,mobilevit_xxs_batch4_node_0_local_train,b3986c1e-1a56-43b4-8b6f-4fb023792ce1,5b0fa12a-3dd7-45bb-9766-cc326314d9f1,15.758867168799043,0.00022890720355572578,1.4525612856800951e-05,116.09744852736,149.70105319437855,6.0,0.00041059826693038337,0.0005388351532928937,1.4025340728306523e-05,0.0009634587609515836,0.0,United Kingdom,GBR,england,,,Linux-6.4.0-150600.23.73_15.0.14-cray_shasta_c_64k-aarch64-with-glibc2.38,3.11.7,3.3.0,72,Neoverse-V2,1,1 x NVIDIA GH200 120GB,-2.5917,51.4535,64,machine,1.0083333333333335,5.0,31.0,265.73691813151044,N,1.0,0.0
2026-09-27T03:44:50,mobilevit_xxs_batch4_node_0_evaluate,18db4df7-c49f-4202-bdde-e99962f5037b,5b0fa12a-3dd7-45bb-9766-cc326314d9f1,9.219850190915167,0.00011139208134653547,1.208176695281842e-05,116.48643374262858,75.26565166465198,6.0,0.0002013090640102762,0.00025727381692775,1.0260715973175443e-05,0.0004688435969112016,0.0,United Kingdom,GBR,england,,,Linux-6.4.0-150600.23.73_15.0.14-cray_shasta_c_64k-aarch64-with-glibc2.38,3.11.7,3.3.0,72,Neoverse-V2,1,1 x NVIDIA GH200 120GB,-2.5917,51.4535,64,machine,0.0,2.0,24.133333333333336,206.90719604492188,N,1.0,0.0
2026-09-27T03:45:59,mobilevit_xxs_batch4_node_1_local_train,307ce86f-a046-424e-ab21-80540d70ae54,5b0fa12a-3dd7-45bb-9766-cc326314d9f1,14.059165416983888,0.0002074203919126493,1.475339294764107e-05,119.70754486848001,149.85700199682265,6.0,0.00037679989692525145,0.0004795676058790832,1.665436231841644e-05,0.0008730218651227511,0.0,United Kingdom,GBR,england,,,Linux-6.4.0-150600.23.73_15.0.14-cray_shasta_c_64k-aarch64-with-glibc2.38,3.11.7,3.3.0,72,Neoverse-V2,1,1 x NVIDIA GH200 120GB,-2.5917,51.4535,64,machine,0.0,6.3,23.300000000000004,199.5049072265625,N,1.0,0.0
2026-09-27T03:46:42,mobilevit_xxs_batch4_node_1_evaluate,63b70d8c-2c40-47d3-bec6-16962569b596,5b0fa12a-3dd7-45bb-9766-cc326314d9f1,9.008462800877169,0.00010785175425986756,1.1972270590867717e-05,116.31238418880001,75.61569819125707,6.0,0.000194483369438046,0.00024955297743645133,9.906193646602334e-06,0.0004539425405210997,0.0,United Kingdom,GBR,england,,,Linux-6.4.0-150600.23.73_15.0.14-cray_shasta_c_64k-aarch64-with-glibc2.38,3.11.7,3.3.0,72,Neoverse-V2,1,1 x NVIDIA GH200 120GB,-2.5917,51.4535,64,machine,0.0,2.4,23.3,199.4931884765625,N,1.0,0.0
2026-09-27T03:46:59,mobilevit_xxs_batch4_node_2_local_train,8e877172-f4ff-4ca0-b29a-a46088b72544,5b0fa12a-3dd7-45bb-9766-cc326314d9f1,10.44875542097725,0.00013485893275455758,1.2906698197166196e-05,115.7918631305143,151.2383525177194,6.0,0.0002387260552097474,0.0003188763662222982,1.001195783028379e-05,0.0005676143792623294,0.0,United Kingdom,GBR,england,,,Linux-6.4.0-150600.23.73_15.0.14-cray_shasta_c_64k-aarch64-with-glibc2.38,3.11.7,3.3.0,72,Neoverse-V2,1,1 x NVIDIA GH200 120GB,-2.5917,51.4535,64,machine,0.0,6.714285714285714,23.400000000000002,200.00932094029017,N,1.0,0.0
2026-09-27T03:47:19,mobilevit_xxs_batch4_node_2_evaluate,95676da4-d04f-417c-bce3-0691824249f7,5b0fa12a-3dd7-45bb-9766-cc326314d9f1,9.864380854880437,0.00012180635389461138,1.2348099255955557e-05,116.5478327424,145.60908403846872,6.0,0.00022236991552369596,0.0002806410578557461,9.665766261750833e-06,0.0005126767396411929,0.0,United Kingdom,GBR,england,,,Linux-6.4.0-150600.23.73_15.0.14-cray_shasta_c_64k-aarch64-with-glibc2.38,3.11.7,3.3.0,72,Neoverse-V2,1,1 x NVIDIA GH200 120GB,-2.5917,51.4535,64,machine,0.0,1.3333333333333333,23.3,199.54220581054688,N,1.0,0.0
2026-09-27T03:47:31,mobilevit_xxs_batch4_node_3_local_train,ac9d8873-81cc-4b31-80d2-90e3f29f9d7b,5b0fa12a-3dd7-45bb-9766-cc326314d9f1,11.168144409079105,0.00015005758905645833,1.343621496642446e-05,115.75361485440001,79.0856913418239,6.0,0.00026228755545140036,0.00035579528463358656,1.3501909446592131e-05,0.0006315847495315791,0.0,United Kingdom,GBR,england,,,Linux-6.4.0-150600.23.73_15.0.14-cray_shasta_c_64k-aarch64-with-glibc2.38,3.11.7,3.3.0,72,Neoverse-V2,1,1 x NVIDIA GH200 120GB,-2.5917,51.4535,64,machine,0.0,11.75,23.300000000000004,199.55313873291016,N,1.0,0.0
2026-09-27T03:48:12,mobilevit_xxs_batch4_node_3_evaluate,a429566f-7210-4243-af16-63ecff34df27,5b0fa12a-3dd7-45bb-9766-cc326314d9f1,16.560297382995486,0.0002380785032708064,1.4376463040770702e-05,117.39494816434288,147.4965141907665,6.0,0.00044047462127255375,0.000551685719131001,9.899953931647664e-06,0.0010020602943352024,0.0,United Kingdom,GBR,england,,,Linux-6.4.0-150600.23.73_15.0.14-cray_shasta_c_64k-aarch64-with-glibc2.38,3.11.7,3.3.0,72,Neoverse-V2,1,1 x NVIDIA GH200 120GB,-2.5917,51.4535,64,machine,10.330769230769231,1.3846153846153846,23.300000000000008,199.46707857572116,N,1.0,0.0
2026-09-27T03:48:36,mobilevit_xxs_batch4_node_4_local_train,09783aa1-0ffa-47d0-ac93-fb582a47e6ca,5b0fa12a-3dd7-45bb-9766-cc326314d9f1,18.545458561042324,0.0002796303033792831,1.5078101329168043e-05,118.59533855506288,155.9034291516493,6.0,0.0005095592389601043,0.0006526105220814316,1.4779943613490712e-05,0.0011769497046550267,0.0,United Kingdom,GBR,england,,,Linux-6.4.0-150600.23.73_15.0.14-cray_shasta_c_64k-aarch64-with-glibc2.38,3.11.7,3.3.0,72,Neoverse-V2,1,1 x NVIDIA GH200 120GB,-2.5917,51.4535,64,machine,0.0,4.066666666666666,23.300000000000008,199.44607340494792,N,1.0,0.0
2026-09-27T03:48:47,mobilevit_xxs_batch4_node_4_evaluate,d5d19d23-d302-4bba-a477-9b4392255bde,5b0fa12a-3dd7-45bb-9766-cc326314d9f1,10.599640365922824,0.00013399800567747848,1.2641750196381532e-05,116.51767626651429,142.76005304391694,6.0,0.00024587886882361987,0.0003078294129323922,1.0282499288053563e-05,0.0005639907810440656,0.0,United Kingdom,GBR,england,,,Linux-6.4.0-150600.23.73_15.0.14-cray_shasta_c_64k-aarch64-with-glibc2.38,3.11.7,3.3.0,72,Neoverse-V2,1,1 x NVIDIA GH200 120GB,-2.5917,51.4535,64,machine,0.0,1.7142857142857142,23.300000000000004,199.83662632533483,N,1.0,0.0
2026-09-27T03:50:42,mobilevit_xxs_batch4_node_5_local_train,eaa321ad-4170-4f46-8f00-21550ba2a80c,5b0fa12a-3dd7-45bb-9766-cc326314d9f1,64.68835645797662,0.0010844812994829673,1.6764706337646356e-05,115.75669032480003,147.8645627633104,6.0,0.001978170293350055,0.0024937058838787607,9.26503769591606e-05,0.004564526554187977,0.0,United Kingdom,GBR,england,,,Linux-6.4.0-150600.23.73_15.0.14-cray_shasta_c_64k-aarch64-with-glibc2.38,3.11.7,3.3.0,72,Neoverse-V2,1,1 x NVIDIA GH200 120GB,-2.5917,51.4535,64,machine,1.821311475409836,1.3278688524590163,23.299999999999972,199.8135105820953,N,1.0,0.0
2026-09-27T03:50:53,mobilevit_xxs_batch4_node_5_evaluate,35379e27-288d-41ba-bb66-f877d465880c,5b0fa12a-3dd7-45bb-9766-cc326314d9f1,10.531675054924563,0.0001367717873546712,1.29867078732853e-05,120.21706205485717,147.6611060653073,6.0,0.000256457848570902,0.00030904108056972746,1.0166557707125321e-05,0.0005756654868477548,0.0,United Kingdom,GBR,england,,,Linux-6.4.0-150600.23.73_15.0.14-cray_shasta_c_64k-aarch64-with-glibc2.38,3.11.7,3.3.0,72,Neoverse-V2,1,1 x NVIDIA GH200 120GB,-2.5917,51.4535,64,machine,1.5857142857142856,2.0,23.300000000000004,199.32909284319197,N,1.0,0.0
2026-09-27T03:51:07,mobilevit_xxs_batch4_node_0_knowledge_extraction,dbd2c985-410e-4dad-88e8-d8eff71c61a0,5b0fa12a-3dd7-45bb-9766-cc326314d9f1,11.77419022610411,0.0001513106841103957,1.2851048030031869e-05,116.0729950608,146.35527974404545,6.0,0.00028054432010491477,0.00035089333627524866,5.421306410183509e-06,0.0006368589627903468,0.0,United Kingdom,GBR,england,,,Linux-6.4.0-150600.23.73_15.0.14-cray_shasta_c_64k-aarch64-with-glibc2.38,3.11.7,3.3.0,72,Neoverse-V2,1,1 x NVIDIA GH200 120GB,-2.5917,51.4535,64,machine,0.0,0.0,23.300000000000004,199.4406280517578,N,1.0,0.0
2026-09-27T03:51:25,mobilevit_xxs_batch4_node_1_knowledge_extraction,11be4b2f-dff2-4b9e-9e8f-f80dc5d8a61d,5b0fa12a-3dd7-45bb-9766-cc326314d9f1,8.04753192118369,8.871385456959589e-05,1.1023734411798046e-05,116.15552654400001,146.92756361004456,6.0,0.00016202194645261296,0.000204884608351108,6.485540661960841e-06,0.00037339209546568186,0.0,United Kingdom,GBR,england,,,Linux-6.4.0-150600.23.73_15.0.14-cray_shasta_c_64k-aarch64-with-glibc2.38,3.11.7,3.3.0,72,Neoverse-V2,1,1 x NVIDIA GH200 120GB,-2.5917,51.4535,64,machine,0.0,3.0,23.3,199.8006134033203,N,1.0,0.0
2026-09-27T03:51:50,mobilevit_xxs_batch4_node_3_knowledge_extraction,eedd3db4-1d1d-46eb-9779-18f687ce5def,5b0fa12a-3dd7-45bb-9766-cc326314d9f1,9.301768712000921,0.00011078088916555548,1.1909658538663578e-05,118.22889339360002,147.29689289721978,6.0,0.00020533861835599914,0.00025554992666343423,5.382575131564711e-06,0.0004662711201509981,0.0,United Kingdom,GBR,england,,,Linux-6.4.0-150600.23.73_15.0.14-cray_shasta_c_64k-aarch64-with-glibc2.38,3.11.7,3.3.0,72,Neoverse-V2,1,1 x NVIDIA GH200 120GB,-2.5917,51.4535,64,machine,11.700000000000001,1.6666666666666667,23.3,199.77873738606772,N,1.0,0.0
2026-09-27T03:52:12,mobilevit_xxs_batch4_node_0_distill,1a179df5-996f-4ff1-b574-a546ae9d5045,5b0fa12a-3dd7-45bb-9766-cc326314d9f1,10.80614435696043,0.00014572079973342806,1.3484994732609386e-05,117.6617847888,79.80784028372629,6.0,0.00025786041891324215,0.0003425872185260914,1.288378671510145e-05,0.000613331424154435,0.0,United Kingdom,GBR,england,,,Linux-6.4.0-150600.23.73_15.0.14-cray_shasta_c_64k-aarch64-with-glibc2.38,3.11.7,3.3.0,72,Neoverse-V2,1,1 x NVIDIA GH200 120GB,-2.5917,51.4535,64,machine,0.0,10.285714285714286,23.300000000000004,199.79420689174108,N,1.0,0.0
2026-09-27T03:52:25,mobilevit_xxs_batch4_node_1_distill,be41cc3e-21f0-484d-8cee-0dea56d0288e,5b0fa12a-3dd7-45bb-9766-cc326314d9f1,12.284993452951312,0.00017072962174642442,1.3897412513916222e-05,116.83846758528,78.84455574687955,6.0,0.00029965124029432996,0.0004035786562042176,1.5362385746945318e-05,0.0007185922822454929,0.0,United Kingdom,GBR,england,,,Linux-6.4.0-150600.23.73_15.0.14-cray_shasta_c_64k-aarch64-with-glibc2.38,3.11.7,3.3.0,72,Neoverse-V2,1,1 x NVIDIA GH200 120GB,-2.5917,51.4535,64,machine,0.0,9.555555555555555,23.300000000000004,199.8339369032118,N,1.0,0.0
2026-09-27T03:52:42,mobilevit_xxs_batch4_node_2_distill,6574d7bb-1629-4312-a326-c87e7c115090,5b0fa12a-3dd7-45bb-9766-cc326314d9f1,9.329889106098562,0.00011482982312468107,1.230773718946151e-05,115.82962590445715,77.70172409621784,6.0,0.0002030879396179952,0.00026978466026150727,1.0440277083156009e-05,0.0004833128769626585,0.0,United Kingdom,GBR,england,,,Linux-6.4.0-150600.23.73_15.0.14-cray_shasta_c_64k-aarch64-with-glibc2.38,3.11.7,3.3.0,72,Neoverse-V2,1,1 x NVIDIA GH200 120GB,-2.5917,51.4535,64,machine,11.533333333333333,9.166666666666666,23.3,199.85549926757812,N,1.0,0.0
2026-09-27T03:53:13,mobilevit_xxs_batch4_node_3_distill,a98323dd-bf26-424c-a0e4-63f5869db87f,5b0fa12a-3dd7-45bb-9766-cc326314d9f1,10.709863549796864,0.00014180123174648674,1.3240246347412737e-05,115.77162516480001,79.38718576148045,6.0,0.0002475005259493987,0.00033660776928456926,1.2725866896798835e-05,0.0005968341621307668,0.0,United Kingdom,GBR,england,,,Linux-6.4.0-150600.23.73_15.0.14-cray_shasta_c_64k-aarch64-with-glibc2.38,3.11.7,3.3.0,72,Neoverse-V2,1,1 x NVIDIA GH200 120GB,-2.5917,51.4535,64,machine,2.8714285714285714,14.142857142857142,23.32857142857143,200.03474644252233,N,1.0,0.0
2026-09-27T03:53:42,mobilevit_xxs_batch4_node_4_distill,7acb5708-f175-427b-b11b-623743638b50,5b0fa12a-3dd7-45bb-9766-cc326314d9f1,12.7544835859444,0.00017697086341905406,1.387518845640118e-05,115.77447780480001,150.36718380228268,6.0,0.00031304337730000823,0.0004181608900921674,1.36570831714198e-05,0.0007448613505635954,0.0,United Kingdom,GBR,england,,,Linux-6.4.0-150600.23.73_15.0.14-cray_shasta_c_64k-aarch64-with-glibc2.38,3.11.7,3.3.0,72,Neoverse-V2,1,1 x NVIDIA GH200 120GB,-2.5917,51.4535,64,machine,15.011111111111111,5.555555555555555,23.37777777777778,200.28515625,N,1.0,0.0
2026-09-27T03:54:44,mobilevit_xxs_batch4_node_5_distill,9197e926-0e13-455f-ac92-17fcbd60a05f,5b0fa12a-3dd7-45bb-9766-cc326314d9f1,13.38667717995122,0.00018932678086775346,1.4142925710593952e-05,115.83425991168002,149.3235814264259,6.0,0.00033408273608149516,0.0004472506355881478,1.55334061178534e-05,0.0007968667777874963,0.0,United Kingdom,GBR,england,,,Linux-6.4.0-150600.23.73_15.0.14-cray_shasta_c_64k-aarch64-with-glibc2.38,3.11.7,3.3.0,72,Neoverse-V2,1,1 x NVIDIA GH200 120GB,-2.5917,51.4535,64,machine,8.489999999999998,4.4,23.400000000000002,200.32158813476562,N,1.0,0.0
2026-09-27T03:55:10,mobilevit_xxs_batch4_node_0_evaluate,b7d2e68c-7612-463c-8b94-53e06a407c8d,5b0fa12a-3dd7-45bb-9766-cc326314d9f1,22.368729854933918,0.00033732159412536725,1.5080051317753454e-05,118.3920730642286,146.6798471856084,6.0,0.0006302675545379952,0.0007792786789906359,1.0223175515420735e-05,0.0014197694090440519,0.0,United Kingdom,GBR,england,,,Linux-6.4.0-150600.23.73_15.0.14-cray_shasta_c_64k-aarch64-with-glibc2.38,3.11.7,3.3.0,72,Neoverse-V2,1,1 x NVIDIA GH200 120GB,-2.5917,51.4535,64,machine,4.905263157894737,0.631578947368421,23.39999999999999,200.0380281147204,N,1.0,0.0
2026-09-27T03:55:19,mobilevit_xxs_batch4_node_1_evaluate,12b59d07-82b6-42c2-9fe4-8a634d024b70,5b0fa12a-3dd7-45bb-9766-cc326314d9f1,9.24373215995729,0.00011572002717318706,1.2518755971151131e-05,122.04605808822856,75.37496227282318,6.0,0.0002186281232752247,0.0002581474287524088,1.0284148434875534e-05,0.00048705970046250904,0.0,United Kingdom,GBR,england,,,Linux-6.4.0-150600.23.73_15.0.14-cray_shasta_c_64k-aarch64-with-glibc2.38,3.11.7,3.3.0,72,Neoverse-V2,1,1 x NVIDIA GH200 120GB,-2.5917,51.4535,64,machine,0.0,2.1666666666666665,23.400000000000002,200.58450317382812,N,1.0,0.0
2026-09-27T03:55:29,mobilevit_xxs_batch4_node_2_evaluate,0ca4fe53-fcb0-43bf-bd01-9b984123f8bf,5b0fa12a-3dd7-45bb-9766-cc326314d9f1,9.06908947788179,0.00011419217636084599,1.2591360647542883e-05,123.93457558765715,74.54339794632588,6.0,0.0002218975253671702,0.0002487163100965972,1.0015218746848405e-05,0.0004806290542106158,0.0,United Kingdom,GBR,england,,,Linux-6.4.0-150600.23.73_15.0.14-cray_shasta_c_64k-aarch64-with-glibc2.38,3.11.7,3.3.0,72,Neoverse-V2,1,1 x NVIDIA GH200 120GB,-2.5917,51.4535,64,machine,11.116666666666667,3.5,23.400000000000002,200.58984375,N,1.0,0.0
2026-09-27T03:55:45,mobilevit_xxs_batch4_node_3_evaluate,b8f13c97-0a9c-4c10-ae9c-16739c4e447f,5b0fa12a-3dd7-45bb-9766-cc326314d9f1,13.94589890097268,0.00019188333216803622,1.3759122558579067e-05,116.54647580818288,146.4783490123437,6.0,0.0003531815708683884,0.000444319244337521,1.0126356792946658e-05,0.0008076271719988561,0.0,United Kingdom,GBR,england,,,Linux-6.4.0-150600.23.73_15.0.14-cray_shasta_c_64k-aarch64-with-glibc2.38,3.11.7,3.3.0,72,Neoverse-V2,1,1 x NVIDIA GH200 120GB,-2.5917,51.4535,64,machine,0.0,1.4,23.400000000000002,200.60143432617187,N,1.0,0.0
2026-09-27T03:56:11,mobilevit_xxs_batch4_node_4_evaluate,e768737c-0a95-4cab-abaf-eb324850898c,5b0fa12a-3dd7-45bb-9766-cc326314d9f1,9.162566578015685,0.0001098807388291259,1.1992353659155895e-05,116.39274775405715,74.58960402615902,6.0,0.00019969951539871664,0.00025261714654334355,1.0165771289806193e-05,0.0004624824332318664,0.0,United Kingdom,GBR,england,,,Linux-6.4.0-150600.23.73_15.0.14-cray_shasta_c_64k-aarch64-with-glibc2.38,3.11.7,3.3.0,72,Neoverse-V2,1,1 x NVIDIA GH200 120GB,-2.5917,51.4535,64,machine,12.0,2.3333333333333335,23.400000000000002,200.62274169921875,N,1.0,0.0
2026-09-27T03:56:57,mobilevit_xxs_batch4_node_5_evaluate,614c2702-442d-43cf-b29f-e7f2bbb28dde,5b0fa12a-3dd7-45bb-9766-cc326314d9f1,10.20715696294792,0.00012728922694636997,1.247058582604648e-05,116.4838640338286,144.83323282710978,6.0,0.00023343562533200164,0.00029208356700394233,1.0234680723709364e-05,0.0005357538730596534,0.0,United Kingdom,GBR,england,,,Linux-6.4.0-150600.23.73_15.0.14-cray_shasta_c_64k-aarch64-with-glibc2.38,3.11.7,3.3.0,72,Neoverse-V2,1,1 x NVIDIA GH200 120GB,-2.5917,51.4535,64,machine,9.971428571428572,2.0,23.400000000000002,200.5950927734375,N,1.0,0.0
2026-09-27T03:57:55,mobilenet_v3_small_batch5_node_0_local_train,70817097-d6c0-4f98-9b42-fab427aa377c,5b0fa12a-3dd7-45bb-9766-cc326314d9f1,11.073102212976664,0.00014324743002154723,1.2936521967048613e-05,115.8925418352,75.04131508526649,6.0,0.0002589685528147527,0.0003306438756141006,1.3308708583159994e-05,0.0006029211370120132,0.0,United Kingdom,GBR,england,,,Linux-6.4.0-150600.23.73_15.0.14-cray_shasta_c_64k-aarch64-with-glibc2.38,3.11.7,3.3.0,72,Neoverse-V2,1,1 x NVIDIA GH200 120GB,-2.5917,51.4535,64,machine,0.0,2.142857142857143,23.014285714285712,197.36866106305803,N,1.0,0.0
2026-09-27T03:58:22,mobilenet_v3_small_batch5_node_0_evaluate,9904a4fc-8cc8-4541-be84-6d9b42059c23,5b0fa12a-3dd7-45bb-9766-cc326314d9f1,22.07834348711185,0.00033055136579390623,1.4971746679585103e-05,116.0086353764073,145.3778582637938,6.0,0.0006115812352898351,0.0007647222784470387,1.4970349084663515e-05,0.0013912738628215375,0.0,United Kingdom,GBR,england,,,Linux-6.4.0-150600.23.73_15.0.14-cray_shasta_c_64k-aarch64-with-glibc2.38,3.11.7,3.3.0,72,Neoverse-V2,1,1 x NVIDIA GH200 120GB,-2.5917,51.4535,64,machine,0.3105263157894737,0.21052631578947367,23.0,197.27901418585526,N,1.0,0.0
2026-09-27T03:59:01,mobilenet_v3_small_batch5_node_1_local_train,f1c8266c-d6ed-468c-a22e-0dbde1b2cd13,5b0fa12a-3dd7-45bb-9766-cc326314d9f1,12.622182207880542,0.00017200824574883352,1.362745703682219e-05,115.92397654848,75.04080043341244,6.0,0.00031016470829103485,0.0003978925405334621,1.591669672362817e-05,0.0007239739455481252,0.0,United Kingdom,GBR,england,,,Linux-6.4.0-150600.23.73_15.0.14-cray_shasta_c_64k-aarch64-with-glibc2.38,3.11.7,3.3.0,72,Neoverse-V2,1,1 x NVIDIA GH200 120GB,-2.5917,51.4535,64,machine,8.377777777777778,4.888888888888889,23.01111111111111,196.98067220052084,N,1.0,0.0
2026-09-27T03:59:12,mobilenet_v3_small_batch5_node_1_evaluate,d41b856f-baf9-4f2e-b9d2-24a18d952974,5b0fa12a-3dd7-45bb-9766-cc326314d9f1,10.093848885968328,0.00012422845909502465,1.2307342867765462e-05,116.61100274468572,143.6382423264132,6.0,0.00022993518120894722,0.0002828955040854453,1.0040571771484489e-05,0.000522871257065877,0.0,United Kingdom,GBR,england,,,Linux-6.4.0-150600.23.73_15.0.14-cray_shasta_c_64k-aarch64-with-glibc2.38,3.11.7,3.3.0,72,Neoverse-V2,1,1 x NVIDIA GH200 120GB,-2.5917,51.4535,64,machine,18.514285714285712,0.42857142857142855,23.099999999999998,198.15754917689733,N,1.0,0.0
2026-09-27T03:59:22,mobilenet_v3_small_batch5_node_2_local_train,774b8a83-c4b0-4cd3-b839-b5e48d9c9a2c,5b0fa12a-3dd7-45bb-9766-cc326314d9f1,9.184348041191697,0.00010888689581233238,1.1855702258230621e-05,116.08420152960002,145.1982362785476,6.0,0.0001987359503129295,0.00025102964526979576,8.533803010359407e-06,0.00045829939859308466,0.0,United Kingdom,GBR,england,,,Linux-6.4.0-150600.23.73_15.0.14-cray_shasta_c_64k-aarch64-with-glibc2.38,3.11.7,3.3.0,72,Neoverse-V2,1,1 x NVIDIA GH200 120GB,-2.5917,51.4535,64,machine,0.0,3.6666666666666665,23.099999999999998,198.2392374674479,N,1.0,0.0
2026-09-27T03:59:44,mobilenet_v3_small_batch5_node_2_evaluate,1f1fbece-765c-4e33-9235-05e40ee72a96,5b0fa12a-3dd7-45bb-9766-cc326314d9f1,9.896458704024553,0.00012149802831256182,1.227691964835388e-05,116.53675211520002,148.5613185558007,6.0,0.0002230989601077159,0.0002786518895874224,9.628163274998466e-06,0.0005113790129701367,0.0,United Kingdom,GBR,england,,,Linux-6.4.0-150600.23.73_15.0.14-cray_shasta_c_64k-aarch64-with-glibc2.38,3.11.7,3.3.0,72,Neoverse-V2,1,1 x NVIDIA GH200 120GB,-2.5917,51.4535,64,machine,5.266666666666667,0.6666666666666666,23.099999999999998,197.97149658203125,N,1.0,0.0
2026-09-27T04:00:03,mobilenet_v3_small_batch5_node_3_local_train,f596f35e-29f6-4286-bd8c-a731c3128ad6,5b0fa12a-3dd7-45bb-9766-cc326314d9f1,12.857793133938685,0.00017503529251567749,1.3613167570231355e-05,116.03302473599999,145.5833767551621,6.0,0.0003178221921276293,0.00040424337895217377,1.4649060134931157e-05,0.0007367146312147342,0.0,United Kingdom,GBR,england,,,Linux-6.4.0-150600.23.73_15.0.14-cray_shasta_c_64k-aarch64-with-glibc2.38,3.11.7,3.3.0,72,Neoverse-V2,1,1 x NVIDIA GH200 120GB,-2.5917,51.4535,64,machine,9.366666666666667,3.111111111111111,23.15555555555555,198.07200792100696,N,1.0,0.0
2026-09-27T04:02:55,mobilenet_v3_small_batch5_node_3_evaluate,b3c21618-569f-43d0-a841-1bb1d5ad2960,5b0fa12a-3dd7-45bb-9766-cc326314d9f1,161.26174468104728,0.002819804274861627,1.7485884705258508e-05,116.0426934297678,143.71882403824537,6.0,0.005199471559552383,0.006423557361060261,0.0002453836526193966,0.011868412573232038,0.0,United Kingdom,GBR,england,,,Linux-6.4.0-150600.23.73_15.0.14-cray_shasta_c_64k-aarch64-with-glibc2.38,3.11.7,3.3.0,72,Neoverse-V2,1,1 x NVIDIA GH200 120GB,-2.5917,51.4535,64,machine,3.3291925465838514,0.018633540372670808,22.821118012422307,195.5393388641547,N,1.0,0.0
2026-09-27T04:03:30,mobilenet_v3_small_batch5_node_4_local_train,310dc073-5094-4513-acd6-7d638cf6f38b,5b0fa12a-3dd7-45bb-9766-cc326314d9f1,10.942486530868337,0.00014177199674417568,1.295610429533016e-05,116.06609969280001,74.86890520965383,6.0,0.0002561325716826753,0.0003274519286122768,1.3126613200098897e-05,0.000596711113495051,0.0,United Kingdom,GBR,england,,,Linux-6.4.0-150600.23.73_15.0.14-cray_shasta_c_64k-aarch64-with-glibc2.38,3.11.7,3.3.0,72,Neoverse-V2,1,1 x NVIDIA GH200 120GB,-2.5917,51.4535,64,machine,0.9,2.4285714285714284,22.699999999999996,194.52875627790178,N,1.0,0.0
2026-09-27T04:03:52,mobilenet_v3_small_batch5_node_4_evaluate,aa0f21bc-2905-4390-bbad-3336a132c33b,5b0fa12a-3dd7-45bb-9766-cc326314d9f1,8.994836312020198,0.00011034292903521698,1.2267363763780877e-05,122.8394524896,72.71716231593827,6.0,0.00021540017390160585,0.00023915352466019613,9.874069707002491e-06,0.0004644277682688045,0.0,United Kingdom,GBR,england,,,Linux-6.4.0-150600.23.73_15.0.14-cray_shasta_c_64k-aarch64-with-glibc2.38,3.11.7,3.3.0,72,Neoverse-V2,1,1 x NVIDIA GH200 120GB,-2.5917,51.4535,64,machine,0.0,0.6,22.7,194.4981689453125,N,1.0,0.0
2026-09-27T04:04:06,mobilenet_v3_small_batch5_node_5_local_train,e77c11fd-53c1-4f6e-a9db-756998b95491,5b0fa12a-3dd7-45bb-9766-cc326314d9f1,12.097045772941783,0.00016188714820950697,1.3382370476898588e-05,115.99692854400001,74.29252957951891,6.0,0.0002935481193301727,0.00037276863153579143,1.5058010631861787e-05,0.000681374761497826,0.0,United Kingdom,GBR,england,,,Linux-6.4.0-150600.23.73_15.0.14-cray_shasta_c_64k-aarch64-with-glibc2.38,3.11.7,3.3.0,72,Neoverse-V2,1,1 x NVIDIA GH200 120GB,-2.5917,51.4535,64,machine,14.0,1.0,22.699999999999996,194.53971354166666,N,1.0,0.0
2026-09-27T04:04:17,mobilenet_v3_small_batch5_node_5_evaluate,d7cdab42-3e5f-417c-9704-25b1f1cab9b9,5b0fa12a-3dd7-45bb-9766-cc326314d9f1,9.961018852889538,0.0001222361995584921,1.2271455497048205e-05,116.72737704000002,143.81160083507098,6.0,0.00022586530616804936,0.0002787960563779279,9.824575601378455e-06,0.0005144859381473558,0.0,United Kingdom,GBR,england,,,Linux-6.4.0-150600.23.73_15.0.14-cray_shasta_c_64k-aarch64-with-glibc2.38,3.11.7,3.3.0,72,Neoverse-V2,1,1 x NVIDIA GH200 120GB,-2.5917,51.4535,64,machine,11.966666666666667,0.5,22.766666666666666,194.88548787434897,N,1.0,0.0
2026-09-27T04:05:21,mobilenet_v3_small_batch5_node_0_knowledge_extraction,cfdde8c1-405a-47c3-9e6d-143fbd5e2866,5b0fa12a-3dd7-45bb-9766-cc326314d9f1,11.6546338070184,0.00014880710775322536,1.276806377765503e-05,115.9411391568,145.11509644106394,6.0,0.0002768430720826163,0.00034426027541201165,5.21818992177335e-06,0.0006263215374164013,0.0,United Kingdom,GBR,england,,,Linux-6.4.0-150600.23.73_15.0.14-cray_shasta_c_64k-aarch64-with-glibc2.38,3.11.7,3.3.0,72,Neoverse-V2,1,1 x NVIDIA GH200 120GB,-2.5917,51.4535,64,machine,0.0,0.25,22.800000000000004,194.9569320678711,N,1.0,0.0
2026-09-27T04:06:02,mobilenet_v3_small_batch5_node_1_knowledge_extraction,e977c178-c44a-4f15-8b66-99b449cca9a9,5b0fa12a-3dd7-45bb-9766-cc326314d9f1,11.296946831978858,0.00014263099584411389,1.262562336226642e-05,116.03542575744001,143.60466413097356,6.0,0.000265522711569503,0.00032869442962635276,6.109455759869889e-06,0.0006003265969557256,0.0,United Kingdom,GBR,england,,,Linux-6.4.0-150600.23.73_15.0.14-cray_shasta_c_64k-aarch64-with-glibc2.38,3.11.7,3.3.0,72,Neoverse-V2,1,1 x NVIDIA GH200 120GB,-2.5917,51.4535,64,machine,0.0,0.375,22.800000000000004,194.94027709960938,N,1.0,0.0
2026-09-27T04:06:20,mobilenet_v3_small_batch5_node_2_knowledge_extraction,9ad1bc7a-3b9a-45f1-82f0-427e92abb14d,5b0fa12a-3dd7-45bb-9766-cc326314d9f1,11.587379788979888,0.0001467757497857112,1.2666862781636056e-05,115.90443988662858,143.94488286938736,6.0,0.00027417282070774546,0.0003397449940223396,3.853840463173886e-06,0.0006177716551932589,0.0,United Kingdom,GBR,england,,,Linux-6.4.0-150600.23.73_15.0.14-cray_shasta_c_64k-aarch64-with-glibc2.38,3.11.7,3.3.0,72,Neoverse-V2,1,1 x NVIDIA GH200 120GB,-2.5917,51.4535,64,machine,0.0,0.25,22.800000000000004,194.93820190429688,N,1.0,0.0
2026-09-27T04:06:42,mobilenet_v3_small_batch5_node_3_knowledge_extraction,5da319bd-9cee-44cd-87b0-30d27bff64c6,5b0fa12a-3dd7-45bb-9766-cc326314d9f1,13.706698536872864,0.00018442103631337176,1.3454810858884388e-05,115.96355751600001,145.26324762768735,6.0,0.000342469592696147,0.0004281153424869899,5.633813636765504e-06,0.0007762187488199023,0.0,United Kingdom,GBR,england,,,Linux-6.4.0-150600.23.73_15.0.14-cray_shasta_c_64k-aarch64-with-glibc2.38,3.11.7,3.3.0,72,Neoverse-V2,1,1 x NVIDIA GH200 120GB,-2.5917,51.4535,64,machine,0.0,0.3,22.800000000000004,194.93142700195312,N,1.0,0.0
2026-09-27T04:06:50,mobilenet_v3_small_batch5_node_4_knowledge_extraction,8f274930-12a3-48cf-947d-66530575c0e6,5b0fa12a-3dd7-45bb-9766-cc326314d9f1,7.202309288084507,7.247321642716166e-05,1.006249711423269e-05,116.10567162720001,143.08085494238895,6.0,0.0001344376960143716,0.00016537485453227418,5.223526153713465e-06,0.00030503607670035924,0.0,United Kingdom,GBR,england,,,Linux-6.4.0-150600.23.73_15.0.14-cray_shasta_c_64k-aarch64-with-glibc2.38,3.11.7,3.3.0,72,Neoverse-V2,1,1 x NVIDIA GH200 120GB,-2.5917,51.4535,64,machine,1.575,0.25,22.8,194.93222045898438,N,1.0,0.0
2026-09-27T04:06:58,mobilenet_v3_small_batch5_node_5_knowledge_extraction,fdc49d3e-a9b7-4e09-bd1b-24119619a7a1,5b0fa12a-3dd7-45bb-9766-cc326314d9f1,6.551320165162906,6.196289044467394e-05,9.458076980295644e-06,115.82930960640002,73.2104731887573,6.0,0.00011332087714133708,0.00014166705777540756,5.810715040424839e-06,0.0002607986499571695,0.0,United Kingdom,GBR,england,,,Linux-6.4.0-150600.23.73_15.0.14-cray_shasta_c_64k-aarch64-with-glibc2.38,3.11.7,3.3.0,72,Neoverse-V2,1,1 x NVIDIA GH200 120GB,-2.5917,51.4535,64,machine,0.0,0.6666666666666666,22.8,194.911865234375,N,1.0,0.0
