timestamp,project_name,run_id,experiment_id,duration,emissions,emissions_rate,cpu_power,gpu_power,ram_power,cpu_energy,gpu_energy,ram_energy,energy_consumed,water_consumed,country_name,country_iso_code,region,cloud_provider,cloud_region,os,python_version,codecarbon_version,cpu_count,cpu_model,gpu_count,gpu_model,longitude,latitude,ram_total_size,tracking_mode,cpu_utilization_percent,gpu_utilization_percent,ram_utilization_percent,ram_used_gb,on_cloud,pue,wue
2026-09-26T20:20:56,mobilenet_v3_small_batch0_node_0_local_train,ee966be2-576f-4fb8-820b-cbc2fbc4e837,5b0fa12a-3dd7-45bb-9766-cc326314d9f1,57.10846385802142,0.0009597517426030391,1.680577059451465e-05,115.403008458816,169.78017317110476,6.0,0.0017317280189682992,0.0022178484409494104,8.99697421498907e-05,0.0040395462020676,0.0,United Kingdom,GBR,england,,,Linux-6.4.0-150600.23.73_15.0.14-cray_shasta_c_64k-aarch64-with-glibc2.38,3.11.7,3.3.0,72,Neoverse-V2,1,1 x NVIDIA GH200 120GB,-2.5917,51.4535,64,machine,3.949056603773585,3.056603773584906,21.78113207547168,186.48982900943398,N,1.0,0.0
2026-09-26T20:21:22,mobilenet_v3_small_batch0_node_0_evaluate,1f22e12a-73bb-4f60-9eac-7eca6e2deaba,5b0fa12a-3dd7-45bb-9766-cc326314d9f1,19.346520429011434,0.00027958725010892503,1.4451552212441509e-05,115.33451786057144,142.32982042050693,6.0,0.000521860396303239,0.000637799121349758,1.71089779799028e-05,0.0011767684956328999,0.0,United Kingdom,GBR,england,,,Linux-6.4.0-150600.23.73_15.0.14-cray_shasta_c_64k-aarch64-with-glibc2.38,3.11.7,3.3.0,72,Neoverse-V2,1,1 x NVIDIA GH200 120GB,-2.5917,51.4535,64,machine,0.0,0.3125,21.800000000000008,186.47041702270508,N,1.0,0.0
2026-09-26T20:22:25,mobilenet_v3_small_batch0_node_1_local_train,b7b36334-410b-4bd7-aeb9-463d5bab76f2,5b0fa12a-3dd7-45bb-9766-cc326314d9f1,61.84351948602125,0.0010443021729620477,1.688620217027098e-05,115.39595719954286,118.26647153207458,6.0,0.001885312370021427,0.0024122016519783074,9.79006350847582e-05,0.004395414657084493,0.0,United Kingdom,GBR,england,,,Linux-6.4.0-150600.23.73_15.0.14-cray_shasta_c_64k-aarch64-with-glibc2.38,3.11.7,3.3.0,72,Neoverse-V2,1,1 x NVIDIA GH200 120GB,-2.5917,51.4535,64,machine,4.994827586206897,4.051724137931035,21.79655172413791,186.69070750269395,N,1.0,0.0
2026-09-26T20:23:08,mobilenet_v3_small_batch0_node_1_evaluate,933877f8-8dcf-4fe6-89a5-3200d9ec5800,5b0fa12a-3dd7-45bb-9766-cc326314d9f1,9.784879617858678,0.0001172791380798196,1.1985751757821315e-05,115.38954000000001,141.71877080032394,6.0,0.0002159345680780576,0.0002690127152078503,8.674635573212678e-06,0.0004936219188591206,0.0,United Kingdom,GBR,england,,,Linux-6.4.0-150600.23.73_15.0.14-cray_shasta_c_64k-aarch64-with-glibc2.38,3.11.7,3.3.0,72,Neoverse-V2,1,1 x NVIDIA GH200 120GB,-2.5917,51.4535,64,machine,0.0,0.8333333333333334,21.766666666666666,186.30061848958334,N,1.0,0.0
2026-09-26T20:28:33,mobilenet_v3_small_batch0_node_2_local_train,1fa37609-5a02-4de0-bb74-2330af022257,5b0fa12a-3dd7-45bb-9766-cc326314d9f1,83.80872553493828,0.0014370858561182198,1.714721047176795e-05,115.42810077069062,258.5994586160456,6.0,0.002589990840322282,0.0033241015481593195,0.00013452878555515778,0.00604862117403676,0.0,United Kingdom,GBR,england,,,Linux-6.4.0-150600.23.73_15.0.14-cray_shasta_c_64k-aarch64-with-glibc2.38,3.11.7,3.3.0,72,Neoverse-V2,1,1 x NVIDIA GH200 120GB,-2.5917,51.4535,64,machine,4.449999999999999,5.625,21.79249999999997,186.6351631164551,N,1.0,0.0
2026-09-26T20:38:00,mobilenet_v3_small_batch0_node_2_evaluate,d768dc12-ea24-4142-890e-e14a12dde170,5b0fa12a-3dd7-45bb-9766-cc326314d9f1,14.885078321909532,0.0002029605487447812,1.3635168344800782e-05,115.34216911405716,141.67692891909002,6.0,0.0003791869179178302,0.0004653687056190847,9.6949888432088e-06,0.0008542506123801237,0.0,United Kingdom,GBR,england,,,Linux-6.4.0-150600.23.73_15.0.14-cray_shasta_c_64k-aarch64-with-glibc2.38,3.11.7,3.3.0,72,Neoverse-V2,1,1 x NVIDIA GH200 120GB,-2.5917,51.4535,64,machine,1.0727272727272728,0.45454545454545453,21.718181818181815,186.19330943714488,N,1.0,0.0
2026-09-26T20:39:18,mobilenet_v3_small_batch0_node_3_local_train,4167c3b3-c059-4d40-afbc-638f1b95663f,5b0fa12a-3dd7-45bb-9766-cc326314d9f1,76.7505857120268,0.0013072072550500105,1.7031886374844582e-05,115.39239797232,146.776528235303,6.0,0.0023627444505297103,0.0030234440854144395,0.00011578022123741297,0.005501968757181563,0.0,United Kingdom,GBR,england,,,Linux-6.4.0-150600.23.73_15.0.14-cray_shasta_c_64k-aarch64-with-glibc2.38,3.11.7,3.3.0,72,Neoverse-V2,1,1 x NVIDIA GH200 120GB,-2.5917,51.4535,64,machine,2.5739726027397256,4.534246575342466,21.79589041095888,186.60156166390198,N,1.0,0.0
2026-09-26T20:39:32,mobilenet_v3_small_batch0_node_3_evaluate,acda4f59-5cea-4eb9-9bd4-a5ca0f4204a7,5b0fa12a-3dd7-45bb-9766-cc326314d9f1,12.643890470964834,0.00016511774989630773,1.3059093660727343e-05,115.39781057088001,141.47963188098035,6.0,0.0003077335109354348,0.0003779408578878929,9.297830631646018e-06,0.0006949721994549737,0.0,United Kingdom,GBR,england,,,Linux-6.4.0-150600.23.73_15.0.14-cray_shasta_c_64k-aarch64-with-glibc2.38,3.11.7,3.3.0,72,Neoverse-V2,1,1 x NVIDIA GH200 120GB,-2.5917,51.4535,64,machine,0.0,0.5555555555555556,21.800000000000004,186.7760009765625,N,1.0,0.0
2026-09-26T20:40:38,mobilenet_v3_small_batch0_node_4_local_train,af93d695-1515-4ffe-826b-0dbf57f09972,5b0fa12a-3dd7-45bb-9766-cc326314d9f1,63.585000791819766,0.0010685531996294075,1.6805114198675567e-05,115.40092194288,145.75308732769415,6.0,0.0019403575521628191,0.0024713258659545545,8.580257504479961e-05,0.004497485993162173,0.0,United Kingdom,GBR,england,,,Linux-6.4.0-150600.23.73_15.0.14-cray_shasta_c_64k-aarch64-with-glibc2.38,3.11.7,3.3.0,72,Neoverse-V2,1,1 x NVIDIA GH200 120GB,-2.5917,51.4535,64,machine,2.566666666666667,3.1,21.79499999999998,186.67438659667968,N,1.0,0.0
2026-09-26T20:40:48,mobilenet_v3_small_batch0_node_4_evaluate,1e2dd5ff-39dd-4732-9e49-1596ce20b8ad,5b0fa12a-3dd7-45bb-9766-cc326314d9f1,9.055577777093276,0.00010434325692855372,1.15225399744782e-05,115.38579316032002,141.01688015934377,6.0,0.00019267582459520078,0.00023818241275819219,8.317216596721363e-06,0.00043917545395011435,0.0,United Kingdom,GBR,england,,,Linux-6.4.0-150600.23.73_15.0.14-cray_shasta_c_64k-aarch64-with-glibc2.38,3.11.7,3.3.0,72,Neoverse-V2,1,1 x NVIDIA GH200 120GB,-2.5917,51.4535,64,machine,0.0,0.8,21.8,186.87091064453125,N,1.0,0.0
2026-09-26T20:41:56,mobilenet_v3_small_batch0_node_5_local_train,83fe0d7e-d391-4d6d-878f-11ff3cd9fb69,5b0fa12a-3dd7-45bb-9766-cc326314d9f1,63.02077655098401,0.0010667395657481746,1.692679183166172e-05,115.38221653987202,146.4731513509118,6.0,0.0019224666166889766,0.0024691747531022656,9.82111307377151e-05,0.004489852500528958,0.0,United Kingdom,GBR,england,,,Linux-6.4.0-150600.23.73_15.0.14-cray_shasta_c_64k-aarch64-with-glibc2.38,3.11.7,3.3.0,72,Neoverse-V2,1,1 x NVIDIA GH200 120GB,-2.5917,51.4535,64,machine,4.3,4.661016949152542,21.79830508474574,186.74257026284428,N,1.0,0.0
2026-09-26T20:42:05,mobilenet_v3_small_batch0_node_5_evaluate,da85abdf-386c-44af-803d-45eae05b0655,5b0fa12a-3dd7-45bb-9766-cc326314d9f1,7.993923094822094,8.609571258606301e-05,1.0770145217162499e-05,115.35235838208001,71.448172408951,6.0,0.00015860131360030002,0.00019555404533377896,8.217110271410395e-06,0.00036237246920548937,0.0,United Kingdom,GBR,england,,,Linux-6.4.0-150600.23.73_15.0.14-cray_shasta_c_64k-aarch64-with-glibc2.38,3.11.7,3.3.0,72,Neoverse-V2,1,1 x NVIDIA GH200 120GB,-2.5917,51.4535,64,machine,17.575,1.0,21.8,186.89610290527344,N,1.0,0.0
2026-09-26T21:03:18,mobilenet_v3_small_batch0_node_0_upload,40fa704c-cd5d-4d8b-89e9-2ecdc653ca07,5b0fa12a-3dd7-45bb-9766-cc326314d9f1,1249.5728849039879,0.02161635760591622,1.729899701494974e-05,115.20035927404616,139.27718155355504,6.0,0.03998495109557188,0.048358089797531534,0.002639107295222736,0.09098214818832615,0.0,United Kingdom,GBR,england,,,Linux-6.4.0-150600.23.73_15.0.14-cray_shasta_c_64k-aarch64-with-glibc2.38,3.11.7,3.3.0,72,Neoverse-V2,1,1 x NVIDIA GH200 120GB,-2.5917,51.4535,64,machine,0.9252201761409136,0.0,21.725620496397546,186.21579030802766,N,1.0,0.0
2026-09-26T21:03:52,mobilenet_v3_small_batch0_node_1_upload,9ca34408-43b9-45ed-b3b5-989f7a32dbc1,5b0fa12a-3dd7-45bb-9766-cc326314d9f1,4.080925998976454,1.692625023921997e-05,4.147649392188264e-06,115.20035562240001,137.86073527708237,6.0,3.2484665940211676e-05,3.875003099551577e-05,7.028225033233563e-09,7.124172516076068e-05,0.0,United Kingdom,GBR,england,,,Linux-6.4.0-150600.23.73_15.0.14-cray_shasta_c_64k-aarch64-with-glibc2.38,3.11.7,3.3.0,72,Neoverse-V2,1,1 x NVIDIA GH200 120GB,-2.5917,51.4535,64,machine,0.0,0.0,21.7,186.1824951171875,N,1.0,0.0
2026-09-26T21:04:06,mobilenet_v3_small_batch0_node_2_upload,7053eb9d-3837-4005-825f-9c656d254b0e,5b0fa12a-3dd7-45bb-9766-cc326314d9f1,9.397980837151408,0.00010607195163466462,1.1286674603053962e-05,115.20035562240001,138.58499017015913,6.0,0.00020271054736396244,0.0002437310283340821,9.866223360101382e-09,0.0004464514419214047,0.0,United Kingdom,GBR,england,,,Linux-6.4.0-150600.23.73_15.0.14-cray_shasta_c_64k-aarch64-with-glibc2.38,3.11.7,3.3.0,72,Neoverse-V2,1,1 x NVIDIA GH200 120GB,-2.5917,51.4535,64,machine,0.0,0.0,21.7,186.25,N,1.0,0.0
2026-09-26T21:04:29,mobilenet_v3_small_batch0_node_3_upload,8b5a1ef1-1102-48d4-ab35-13360f039be6,5b0fa12a-3dd7-45bb-9766-cc326314d9f1,4.095630337949842,1.695883967352278e-05,4.140715414763701e-06,115.20035562240001,137.13252891740066,6.0,3.264212697427603e-05,3.872669763893555e-05,1.0067816668500503e-08,7.137889242988008e-05,0.0,United Kingdom,GBR,england,,,Linux-6.4.0-150600.23.73_15.0.14-cray_shasta_c_64k-aarch64-with-glibc2.38,3.11.7,3.3.0,72,Neoverse-V2,1,1 x NVIDIA GH200 120GB,-2.5917,51.4535,64,machine,0.0,0.0,21.7,186.1943359375,N,1.0,0.0
2026-09-26T21:04:54,mobilenet_v3_small_batch0_node_4_upload,16f18ea6-3c5b-4de8-8c3c-d9ca9d640ab8,5b0fa12a-3dd7-45bb-9766-cc326314d9f1,3.071758647914976,1.213545122608221e-07,3.950652579531083e-08,115.20035562240001,0.0,6.0,5.007129047796181e-07,0.0,1.0062056438376506e-08,5.107749612179946e-07,0.0,United Kingdom,GBR,england,,,Linux-6.4.0-150600.23.73_15.0.14-cray_shasta_c_64k-aarch64-with-glibc2.38,3.11.7,3.3.0,72,Neoverse-V2,1,1 x NVIDIA GH200 120GB,-2.5917,51.4535,64,machine,0,0,0,0,N,1.0,0.0
2026-09-26T21:05:07,mobilenet_v3_small_batch0_node_5_upload,6d47063c-bcab-460b-80a6-3ca56d2d1269,5b0fa12a-3dd7-45bb-9766-cc326314d9f1,9.637496492126957,0.00011072087206129199,1.1488551217812826e-05,115.20035562240001,139.82349755708682,6.0,0.0002105617555440177,0.00025544659324339136,1.016242856470247e-08,0.00046601851121597375,0.0,United Kingdom,GBR,england,,,Linux-6.4.0-150600.23.73_15.0.14-cray_shasta_c_64k-aarch64-with-glibc2.38,3.11.7,3.3.0,72,Neoverse-V2,1,1 x NVIDIA GH200 120GB,-2.5917,51.4535,64,machine,0.0,0.0,21.7,186.20389811197916,N,1.0,0.0
2026-09-26T21:05:18,mobilenet_v3_small_batch0_node_0_exchange,914f2dd4-1dbe-4aec-8e45-917ae4732ea3,5b0fa12a-3dd7-45bb-9766-cc326314d9f1,8.092245323816314,8.399148133442782e-05,1.0379255444373665e-05,115.2003556224,139.359320878217,6.0,0.00016003517882668355,0.00019347071031461383,9.977899802227815e-09,0.0003535158670410996,0.0,United Kingdom,GBR,england,,,Linux-6.4.0-150600.23.73_15.0.14-cray_shasta_c_64k-aarch64-with-glibc2.38,3.11.7,3.3.0,72,Neoverse-V2,1,1 x NVIDIA GH200 120GB,-2.5917,51.4535,64,machine,0.0,0.0,21.7,186.23441162109376,N,1.0,0.0
2026-09-26T21:05:40,mobilenet_v3_small_batch0_node_1_exchange,02a7f578-b515-4ebc-84bc-c9b9c20f554d,5b0fa12a-3dd7-45bb-9766-cc326314d9f1,9.473998420173302,0.00010749206152426877,1.134600796379513e-05,115.20035562240001,139.64608465909188,6.0,0.0002045793798576194,0.000247843809376036,5.422883356610934e-09,0.000452428612117012,0.0,United Kingdom,GBR,england,,,Linux-6.4.0-150600.23.73_15.0.14-cray_shasta_c_64k-aarch64-with-glibc2.38,3.11.7,3.3.0,72,Neoverse-V2,1,1 x NVIDIA GH200 120GB,-2.5917,51.4535,64,machine,0.0,0.0,21.8,186.66497802734375,N,1.0,0.0
2026-09-26T21:05:55,mobilenet_v3_small_batch0_node_2_exchange,fdc61652-fdb5-411d-82fc-f01f88223f14,5b0fa12a-3dd7-45bb-9766-cc326314d9f1,4.10092904092744,1.6910908633194092e-05,4.123677455625916e-06,115.20035562240001,137.90142154837395,6.0,3.2450174957838543e-05,3.872141986960287e-05,5.558294942602515e-09,7.117715312238401e-05,0.0,United Kingdom,GBR,england,,,Linux-6.4.0-150600.23.73_15.0.14-cray_shasta_c_64k-aarch64-with-glibc2.38,3.11.7,3.3.0,72,Neoverse-V2,1,1 x NVIDIA GH200 120GB,-2.5917,51.4535,64,machine,0.0,0.0,21.8,186.66400146484375,N,1.0,0.0
2026-09-26T21:06:36,mobilenet_v3_small_batch0_node_3_exchange,a9ba4f91-24b2-425c-97f5-37007f0f5b4c,5b0fa12a-3dd7-45bb-9766-cc326314d9f1,9.294283233117312,0.00010425609014815054,1.1217227572392684e-05,115.20035562240001,139.50300858071046,6.0,0.00019858996456527045,0.00024020796995216642,1.0638893581926823e-08,0.0004388085734110188,0.0,United Kingdom,GBR,england,,,Linux-6.4.0-150600.23.73_15.0.14-cray_shasta_c_64k-aarch64-with-glibc2.38,3.11.7,3.3.0,72,Neoverse-V2,1,1 x NVIDIA GH200 120GB,-2.5917,51.4535,64,machine,0.9333333333333332,0.0,21.7,186.1139933268229,N,1.0,0.0
2026-09-26T21:08:20,mobilenet_v3_small_batch0_node_4_exchange,61acbeda-75a7-4936-a06b-458e6bb2e1ab,5b0fa12a-3dd7-45bb-9766-cc326314d9f1,72.33592897094786,0.0011839823073411192,1.6367831645829e-05,115.20035562239998,139.24225792245176,6.0,0.002215998897949375,0.0026791349210668614,8.818740941234864e-05,0.004983321228428586,0.0,United Kingdom,GBR,england,,,Linux-6.4.0-150600.23.73_15.0.14-cray_shasta_c_64k-aarch64-with-glibc2.38,3.11.7,3.3.0,72,Neoverse-V2,1,1 x NVIDIA GH200 120GB,-2.5917,51.4535,64,machine,0.7231884057971015,0.0,21.700000000000024,186.15302575152853,N,1.0,0.0
2026-09-26T21:08:37,mobilenet_v3_small_batch0_node_5_exchange,07f201eb-c5b0-4342-b39b-1c49d46312d3,5b0fa12a-3dd7-45bb-9766-cc326314d9f1,3.0971774738281965,1.0939033518087683e-07,3.5319362905499684e-08,115.20035562240001,0.0,6.0,4.5318197284910404e-07,0.0,7.2363764047622685e-09,4.604183492538663e-07,0.0,United Kingdom,GBR,england,,,Linux-6.4.0-150600.23.73_15.0.14-cray_shasta_c_64k-aarch64-with-glibc2.38,3.11.7,3.3.0,72,Neoverse-V2,1,1 x NVIDIA GH200 120GB,-2.5917,51.4535,64,machine,0,0,0,0,N,1.0,0.0
2026-09-26T21:19:26,mobilenet_v3_small_batch0_node_0_evaluate,b48496f3-ec3d-44bf-a82f-df703862d794,5b0fa12a-3dd7-45bb-9766-cc326314d9f1,11.133272606879473,0.00013970743324601966,1.2548640294650797e-05,115.34147576640001,141.95385868176368,6.0,0.00025908176554116505,0.00032052164530682603,8.418060036686561e-06,0.0005880214708846776,0.0,United Kingdom,GBR,england,,,Linux-6.4.0-150600.23.73_15.0.14-cray_shasta_c_64k-aarch64-with-glibc2.38,3.11.7,3.3.0,72,Neoverse-V2,1,1 x NVIDIA GH200 120GB,-2.5917,51.4535,64,machine,2.2,0.5,21.762500000000003,186.3416290283203,N,1.0,0.0
2026-09-26T21:21:09,mobilenet_v3_small_batch0_node_1_evaluate,e15e0fc6-76b1-4f33-bb9b-95b20c0e7b7b,5b0fa12a-3dd7-45bb-9766-cc326314d9f1,30.46352928201668,0.0004700645852036439,1.5430404693166456e-05,115.3218676709647,140.93857555993625,6.0,0.0008774042633577958,0.0010673605761155613,3.371305808774196e-05,0.001978477897561099,0.0,United Kingdom,GBR,england,,,Linux-6.4.0-150600.23.73_15.0.14-cray_shasta_c_64k-aarch64-with-glibc2.38,3.11.7,3.3.0,72,Neoverse-V2,1,1 x NVIDIA GH200 120GB,-2.5917,51.4535,64,machine,0.6666666666666666,0.14814814814814814,21.762962962962963,186.28904441550927,N,1.0,0.0
2026-09-26T21:21:19,mobilenet_v3_small_batch0_node_2_evaluate,a4bf7db6-0fc2-4bbe-ab1a-583c12f99a54,5b0fa12a-3dd7-45bb-9766-cc326314d9f1,8.853782351128757,0.00010140093659489542,1.1452838185249487e-05,115.3843674048,71.7842081518446,6.0,0.00018634967675439665,0.00023079101796952273,9.650682801535975e-06,0.0004267913775254554,0.0,United Kingdom,GBR,england,,,Linux-6.4.0-150600.23.73_15.0.14-cray_shasta_c_64k-aarch64-with-glibc2.38,3.11.7,3.3.0,72,Neoverse-V2,1,1 x NVIDIA GH200 120GB,-2.5917,51.4535,64,machine,3.7399999999999998,1.0,21.779999999999998,186.328515625,N,1.0,0.0
2026-09-26T21:21:30,mobilenet_v3_small_batch0_node_3_evaluate,3741d4ca-01bd-42bf-8e89-4f1a9b02d7fb,5b0fa12a-3dd7-45bb-9766-cc326314d9f1,9.554402985842898,0.00011285740686122969,1.1812083604643279e-05,115.42099495680002,140.72920720642955,6.0,0.00020861293440027474,0.00025725687247302176,9.141270496572059e-06,0.00047501107736986855,0.0,United Kingdom,GBR,england,,,Linux-6.4.0-150600.23.73_15.0.14-cray_shasta_c_64k-aarch64-with-glibc2.38,3.11.7,3.3.0,72,Neoverse-V2,1,1 x NVIDIA GH200 120GB,-2.5917,51.4535,64,machine,0.0,0.8333333333333334,21.8,186.59548950195312,N,1.0,0.0
2026-09-26T21:26:57,mobilenet_v3_small_batch0_node_4_evaluate,552f20c4-50b7-4b70-a0e2-acad1053df7f,5b0fa12a-3dd7-45bb-9766-cc326314d9f1,305.0746205030009,0.005249196427848105,1.720627045013884e-05,115.21634315818557,147.26586150280897,6.0,0.009762565561943996,0.011827838906711463,0.0005031959414986585,0.022093600410154113,0.0,United Kingdom,GBR,england,,,Linux-6.4.0-150600.23.73_15.0.14-cray_shasta_c_64k-aarch64-with-glibc2.38,3.11.7,3.3.0,72,Neoverse-V2,1,1 x NVIDIA GH200 120GB,-2.5917,51.4535,64,machine,0.7754098360655737,0.013114754098360656,21.88295081967212,187.35968417808658,N,1.0,0.0
2026-09-26T21:29:23,mobilenet_v3_small_batch0_node_5_evaluate,85dfc0fd-9619-4bbc-a0c9-df3371a1b1be,5b0fa12a-3dd7-45bb-9766-cc326314d9f1,8.042532799066976,8.745054014088822e-05,1.087350742928067e-05,115.31015740800001,72.52880415513656,6.0,0.0001598209685333987,0.0001999726599706264,8.281240874979025e-06,0.00036807486937900414,0.0,United Kingdom,GBR,england,,,Linux-6.4.0-150600.23.73_15.0.14-cray_shasta_c_64k-aarch64-with-glibc2.38,3.11.7,3.3.0,72,Neoverse-V2,1,1 x NVIDIA GH200 120GB,-2.5917,51.4535,64,machine,0.0,1.0,22.0,188.3175048828125,N,1.0,0.0
2026-09-26T21:30:28,efficientnet_lite0_batch0_node_0_local_train,81335a86-5ee0-4868-85d6-6b5df09c24f7,5b0fa12a-3dd7-45bb-9766-cc326314d9f1,57.827133662998676,0.0010691317273709392,1.8488409499968606e-05,115.66100779234037,360.26052016892027,6.0,0.0017585398018485885,0.002650169620125098,9.121156498673373e-05,0.00449992098696042,0.0,United Kingdom,GBR,england,,,Linux-6.4.0-150600.23.73_15.0.14-cray_shasta_c_64k-aarch64-with-glibc2.38,3.11.7,3.3.0,72,Neoverse-V2,1,1 x NVIDIA GH200 120GB,-2.5917,51.4535,64,machine,2.007407407407407,11.5,22.33888888888889,191.3139365867332,N,1.0,0.0
2026-09-26T21:30:44,efficientnet_lite0_batch0_node_0_evaluate,3b94c24d-7259-42d4-b03d-e7e026e6cbf0,5b0fa12a-3dd7-45bb-9766-cc326314d9f1,9.120492856018245,0.0001088746162051616,1.1937361053171555e-05,115.64387991360002,146.00496299102733,6.0,0.00019556563672177882,0.0002542499256037445,8.432152026410525e-06,0.00045824771435193384,0.0,United Kingdom,GBR,england,,,Linux-6.4.0-150600.23.73_15.0.14-cray_shasta_c_64k-aarch64-with-glibc2.38,3.11.7,3.3.0,72,Neoverse-V2,1,1 x NVIDIA GH200 120GB,-2.5917,51.4535,64,machine,0.0,3.0,22.3,190.89507039388022,N,1.0,0.0
2026-09-26T21:31:49,efficientnet_lite0_batch0_node_1_local_train,80d8e703-00d8-402b-9ab8-18842e9bfbf6,5b0fa12a-3dd7-45bb-9766-cc326314d9f1,63.97004341194406,0.0011880687073695816,1.85722667048832e-05,115.58106166968003,145.1758125323914,6.0,0.0019565209507530178,0.0029425504095996757,0.00010144931766514977,0.005000520678017844,0.0,United Kingdom,GBR,england,,,Linux-6.4.0-150600.23.73_15.0.14-cray_shasta_c_64k-aarch64-with-glibc2.38,3.11.7,3.3.0,72,Neoverse-V2,1,1 x NVIDIA GH200 120GB,-2.5917,51.4535,64,machine,2.6233333333333335,11.783333333333333,22.356666666666683,191.36590983072918,N,1.0,0.0
2026-09-26T21:34:15,efficientnet_lite0_batch0_node_1_evaluate,fd0e1cc7-3bf6-42c9-a12c-1cce8e510b68,5b0fa12a-3dd7-45bb-9766-cc326314d9f1,8.310605115955696,9.541319684363025e-05,1.1480896458483459e-05,115.50921160320001,775.231725444347,6.0,0.00016928947473201714,0.00022357101219938613,8.72879895148799e-06,0.00040158928588289125,0.0,United Kingdom,GBR,england,,,Linux-6.4.0-150600.23.73_15.0.14-cray_shasta_c_64k-aarch64-with-glibc2.38,3.11.7,3.3.0,72,Neoverse-V2,1,1 x NVIDIA GH200 120GB,-2.5917,51.4535,64,machine,36.519999999999996,2.8,22.3,191.0212890625,N,1.0,0.0
2026-09-26T21:35:56,efficientnet_lite0_batch0_node_2_local_train,68d2be0e-8ca8-4d45-9a9f-4fd0c31b6035,5b0fa12a-3dd7-45bb-9766-cc326314d9f1,88.05092715797946,0.0016568481593458298,1.8816930301859755e-05,115.58908502215482,169.18554321451023,6.0,0.0027301862782503697,0.004103501338349247,0.0001399018986802548,0.006973589515279873,0.0,United Kingdom,GBR,england,,,Linux-6.4.0-150600.23.73_15.0.14-cray_shasta_c_64k-aarch64-with-glibc2.38,3.11.7,3.3.0,72,Neoverse-V2,1,1 x NVIDIA GH200 120GB,-2.5917,51.4535,64,machine,3.5416666666666665,12.285714285714286,22.372619047619075,191.48274812244233,N,1.0,0.0
2026-09-26T21:36:15,efficientnet_lite0_batch0_node_2_evaluate,3acac6e5-528b-494d-9053-7f341d34a257,5b0fa12a-3dd7-45bb-9766-cc326314d9f1,9.865962104871869,0.00012177014025260964,1.2342449622067659e-05,115.60795099200001,145.20444175982593,6.0,0.0002191174241462298,0.00028375383811862775,9.653056001601121e-06,0.0005125243182664586,0.0,United Kingdom,GBR,england,,,Linux-6.4.0-150600.23.73_15.0.14-cray_shasta_c_64k-aarch64-with-glibc2.38,3.11.7,3.3.0,72,Neoverse-V2,1,1 x NVIDIA GH200 120GB,-2.5917,51.4535,64,machine,0.0,3.3333333333333335,22.400000000000002,191.84825642903647,N,1.0,0.0
2026-09-26T21:37:48,efficientnet_lite0_batch0_node_3_local_train,5c9118fa-fb66-4773-af8d-04b85273c83a,5b0fa12a-3dd7-45bb-9766-cc326314d9f1,76.02940753800794,0.0014219619015595618,1.870278813955912e-05,115.58612082281144,168.40380418843264,6.0,0.0023445321737280023,0.0035205253164178885,0.00011990772945418333,0.0059849652196000734,0.0,United Kingdom,GBR,england,,,Linux-6.4.0-150600.23.73_15.0.14-cray_shasta_c_64k-aarch64-with-glibc2.38,3.11.7,3.3.0,72,Neoverse-V2,1,1 x NVIDIA GH200 120GB,-2.5917,51.4535,64,machine,2.7375,11.694444444444445,22.34583333333332,191.31621805826822,N,1.0,0.0
2026-09-26T21:37:57,efficientnet_lite0_batch0_node_3_evaluate,240ce777-4582-4424-bf0a-4e3a31762ad0,5b0fa12a-3dd7-45bb-9766-cc326314d9f1,8.564581754850224,0.00010062485087415842,1.1748950941728519e-05,115.590064032,598.0565055769574,6.0,0.00017778516725749184,0.00023656852258113759,9.17118241622423e-06,0.0004235248722548536,0.0,United Kingdom,GBR,england,,,Linux-6.4.0-150600.23.73_15.0.14-cray_shasta_c_64k-aarch64-with-glibc2.38,3.11.7,3.3.0,72,Neoverse-V2,1,1 x NVIDIA GH200 120GB,-2.5917,51.4535,64,machine,0.0,4.0,22.4,191.52188720703126,N,1.0,0.0
2026-09-26T21:39:32,efficientnet_lite0_batch0_node_4_local_train,f9b0e28d-57a6-4c45-bc10-1c8857feaf38,5b0fa12a-3dd7-45bb-9766-cc326314d9f1,57.622098225867376,0.0010623599112035143,1.8436675232464995e-05,115.57812607056,167.19771372999386,6.0,0.0017527886679752148,0.002629413492414301,8.921659722769013e-05,0.0044714187576172055,0.0,United Kingdom,GBR,england,,,Linux-6.4.0-150600.23.73_15.0.14-cray_shasta_c_64k-aarch64-with-glibc2.38,3.11.7,3.3.0,72,Neoverse-V2,1,1 x NVIDIA GH200 120GB,-2.5917,51.4535,64,machine,2.940740740740741,12.314814814814815,22.35555555555556,191.40886886031538,N,1.0,0.0
2026-09-26T21:40:41,efficientnet_lite0_batch0_node_4_evaluate,6d9fccd6-1498-4230-9383-efcddbad1cc6,5b0fa12a-3dd7-45bb-9766-cc326314d9f1,8.080740262987092,9.05556651652197e-05,1.1206357613051812e-05,115.51422669120001,76.00949213831635,6.0,0.00016168882631644032,0.0002111173911316655,8.337965006552016e-06,0.00038114418245465786,0.0,United Kingdom,GBR,england,,,Linux-6.4.0-150600.23.73_15.0.14-cray_shasta_c_64k-aarch64-with-glibc2.38,3.11.7,3.3.0,72,Neoverse-V2,1,1 x NVIDIA GH200 120GB,-2.5917,51.4535,64,machine,32.2,3.2,22.3,191.01951904296874,N,1.0,0.0
2026-09-26T21:41:50,efficientnet_lite0_batch0_node_5_local_train,da78d2bf-c5e7-4de5-84cf-2958e004f776,5b0fa12a-3dd7-45bb-9766-cc326314d9f1,66.15893320692703,1.977061686024252e-05,2.988351822180301e-07,115.58787119784002,145.9795854699414,6.0,0.001962593685617679,0.002956940698879862,0.00010175953659655836,0.005021293921094099,0.0,Canada,CAN,quebec,,,Linux-6.4.0-150600.23.73_15.0.14-cray_shasta_c_64k-aarch64-with-glibc2.38,3.11.7,3.3.0,72,Neoverse-V2,1,1 x NVIDIA GH200 120GB,-71.2,46.8,64,machine,4.1262295081967215,13.065573770491802,22.324590163934435,191.3168415007044,N,1.0,0.0
2026-09-26T21:44:23,efficientnet_lite0_batch0_node_5_evaluate,6debca00-e718-4312-89ba-d405a361096c,5b0fa12a-3dd7-45bb-9766-cc326314d9f1,10.639296028064564,0.00013398375576391264,1.2593291455608286e-05,115.5137357664,147.21974594401553,6.0,0.00024365835984782054,0.0003120163607377435,8.256083298086499e-06,0.0005639308038836505,0.0,United Kingdom,GBR,england,,,Linux-6.4.0-150600.23.73_15.0.14-cray_shasta_c_64k-aarch64-with-glibc2.38,3.11.7,3.3.0,72,Neoverse-V2,1,1 x NVIDIA GH200 120GB,-2.5917,51.4535,64,machine,0.0,2.857142857142857,22.300000000000004,190.93287004743303,N,1.0,0.0
2026-09-26T21:45:56,efficientnet_lite0_batch0_node_0_upload,bbb4ac07-4c0c-45ae-821c-fc2005a2f3d3,5b0fa12a-3dd7-45bb-9766-cc326314d9f1,4.132918981136754,1.8246205172931055e-05,4.414847050283202e-06,115.20055572480001,145.85799439549066,6.0,3.394450643523515e-05,4.284697872947163e-05,5.863083448881904e-09,7.679734824815566e-05,0.0,United Kingdom,GBR,england,,,Linux-6.4.0-150600.23.73_15.0.14-cray_shasta_c_64k-aarch64-with-glibc2.38,3.11.7,3.3.0,72,Neoverse-V2,1,1 x NVIDIA GH200 120GB,-2.5917,51.4535,64,machine,0.0,0.0,22.3,190.918701171875,N,1.0,0.0
2026-09-26T21:46:03,efficientnet_lite0_batch0_node_1_upload,3141f345-6821-4346-95a9-bb8c16571ea1,5b0fa12a-3dd7-45bb-9766-cc326314d9f1,6.101810208056122,5.070503043789508e-05,8.309834083490509e-06,115.20039942720004,139.30804755549386,6.0,9.664924246933884e-05,0.00011675481562178902,1.0832488381614287e-08,0.00021341489057950948,0.0,United Kingdom,GBR,england,,,Linux-6.4.0-150600.23.73_15.0.14-cray_shasta_c_64k-aarch64-with-glibc2.38,3.11.7,3.3.0,72,Neoverse-V2,1,1 x NVIDIA GH200 120GB,-2.5917,51.4535,64,machine,0.0,0.0,22.3,191.025146484375,N,1.0,0.0
2026-09-26T21:46:09,efficientnet_lite0_batch0_node_2_upload,b691e284-57ba-451d-a0b6-19474103cf37,5b0fa12a-3dd7-45bb-9766-cc326314d9f1,4.086975960992277,1.698530614821017e-05,4.155959396464448e-06,115.20035562240001,138.7269996479484,6.0,3.252433262593483e-05,3.896058672125946e-05,5.369126641501983e-09,7.149028847383578e-05,0.0,United Kingdom,GBR,england,,,Linux-6.4.0-150600.23.73_15.0.14-cray_shasta_c_64k-aarch64-with-glibc2.38,3.11.7,3.3.0,72,Neoverse-V2,1,1 x NVIDIA GH200 120GB,-2.5917,51.4535,64,machine,0.0,0.0,22.3,191.04302978515625,N,1.0,0.0
2026-09-26T21:46:25,efficientnet_lite0_batch0_node_3_upload,cb0cf080-c4af-4d2e-bc50-3e750664f170,5b0fa12a-3dd7-45bb-9766-cc326314d9f1,6.744437220040709,6.214917271594458e-05,9.214878971854296e-06,115.20035562240001,140.9101900349655,6.0,0.00011771690541140534,0.00014386039286762298,5.404270098855098e-09,0.00026158270254912717,0.0,United Kingdom,GBR,england,,,Linux-6.4.0-150600.23.73_15.0.14-cray_shasta_c_64k-aarch64-with-glibc2.38,3.11.7,3.3.0,72,Neoverse-V2,1,1 x NVIDIA GH200 120GB,-2.5917,51.4535,64,machine,3.9333333333333336,0.0,22.3,190.85003662109375,N,1.0,0.0
2026-09-26T21:46:31,efficientnet_lite0_batch0_node_4_upload,75647854-0642-429a-808c-17ef51982936,5b0fa12a-3dd7-45bb-9766-cc326314d9f1,4.096588836051524,1.705277299431632e-05,4.162676235468276e-06,115.20035562240001,136.88035242848633,6.0,3.284514152027388e-05,3.890308667564568e-05,2.6024796922380728e-08,7.177425299284193e-05,0.0,United Kingdom,GBR,england,,,Linux-6.4.0-150600.23.73_15.0.14-cray_shasta_c_64k-aarch64-with-glibc2.38,3.11.7,3.3.0,72,Neoverse-V2,1,1 x NVIDIA GH200 120GB,-2.5917,51.4535,64,machine,5.6,0.0,22.3,190.9564208984375,N,1.0,0.0
2026-09-26T21:46:40,efficientnet_lite0_batch0_node_5_upload,af0b53d1-7c2d-4239-acc1-88ef78ec8285,5b0fa12a-3dd7-45bb-9766-cc326314d9f1,6.420456094201654,5.6031814290752e-05,8.727076934823153e-06,115.20035562240001,137.7281962595097,6.0,0.00010746838631669152,0.0001283592693397395,7.396853373696407e-09,0.00023583505250980474,0.0,United Kingdom,GBR,england,,,Linux-6.4.0-150600.23.73_15.0.14-cray_shasta_c_64k-aarch64-with-glibc2.38,3.11.7,3.3.0,72,Neoverse-V2,1,1 x NVIDIA GH200 120GB,-2.5917,51.4535,64,machine,7.333333333333333,0.0,22.3,190.98236083984375,N,1.0,0.0
2026-09-26T21:48:20,efficientnet_lite0_batch0_node_0_exchange,cdb9ec65-e13f-4a1f-9f67-93856f3d9262,5b0fa12a-3dd7-45bb-9766-cc326314d9f1,3.1345202829688787,6.42942737804088e-07,2.051167897357235e-07,115.4755638144,0.0,6.0,2.5991286953001256e-06,0.0,1.0698454144100349e-07,2.706113236741129e-06,0.0,United Kingdom,GBR,england,,,Linux-6.4.0-150600.23.73_15.0.14-cray_shasta_c_64k-aarch64-with-glibc2.38,3.11.7,3.3.0,72,Neoverse-V2,1,1 x NVIDIA GH200 120GB,-2.5917,51.4535,64,machine,0,0,0,0,N,1.0,0.0
2026-09-26T21:48:26,efficientnet_lite0_batch0_node_1_exchange,6d601c48-660e-40cd-b1eb-0cdb77dcc9a8,5b0fa12a-3dd7-45bb-9766-cc326314d9f1,5.425487574888393,4.0381563071849514e-05,7.442937158082091e-06,115.5907054656,188.71509611687452,6.0,7.595272057737024e-05,9.390118621865895e-05,1.1003543972037732e-07,0.0001699639422357496,0.0,United Kingdom,GBR,england,,,Linux-6.4.0-150600.23.73_15.0.14-cray_shasta_c_64k-aarch64-with-glibc2.38,3.11.7,3.3.0,72,Neoverse-V2,1,1 x NVIDIA GH200 120GB,-2.5917,51.4535,64,machine,0.0,0.0,20.2,173.08404541015625,N,1.0,0.0
2026-09-26T21:48:52,efficientnet_lite0_batch0_node_2_exchange,19087bca-a63d-4534-9f89-e37b4d06ab42,5b0fa12a-3dd7-45bb-9766-cc326314d9f1,4.127781501971185,1.7492261274138085e-05,4.237690697965677e-06,116.2872125856,69.45154212898898,6.0,3.450916717671708e-05,3.900947562840429e-05,1.0539397325677177e-07,7.362403677837815e-05,0.0,United Kingdom,GBR,england,,,Linux-6.4.0-150600.23.73_15.0.14-cray_shasta_c_64k-aarch64-with-glibc2.38,3.11.7,3.3.0,72,Neoverse-V2,1,1 x NVIDIA GH200 120GB,-2.5917,51.4535,64,machine,6.2,0.0,20.2,172.9996337890625,N,1.0,0.0
2026-09-26T21:49:12,efficientnet_lite0_batch0_node_3_exchange,410bd5dc-9f33-4872-86c5-00df33295c02,5b0fa12a-3dd7-45bb-9766-cc326314d9f1,12.127612783107907,0.00015356905959759546,1.2662760787637942e-05,115.64448295104002,190.08441519962633,6.0,0.00029062168590554685,0.0003556386178473758,1.0404643835499882e-07,0.0006463643501912776,0.0,United Kingdom,GBR,england,,,Linux-6.4.0-150600.23.73_15.0.14-cray_shasta_c_64k-aarch64-with-glibc2.38,3.11.7,3.3.0,72,Neoverse-V2,1,1 x NVIDIA GH200 120GB,-2.5917,51.4535,64,machine,0.0,0.0,20.2,173.0078125,N,1.0,0.0
2026-09-26T21:52:27,efficientnet_lite0_batch0_node_4_exchange,ec07ca14-5281-4e6c-aa9d-95336fc4ecd4,5b0fa12a-3dd7-45bb-9766-cc326314d9f1,3.1418670848943293,1.6259157422724967e-06,5.174998490832661e-07,115.6037050368,349.0966872446791,6.0,2.8285731714111605e-06,3.910003115947802e-06,1.0482025992435714e-07,6.8433965472833205e-06,0.0,United Kingdom,GBR,england,,,Linux-6.4.0-150600.23.73_15.0.14-cray_shasta_c_64k-aarch64-with-glibc2.38,3.11.7,3.3.0,72,Neoverse-V2,1,1 x NVIDIA GH200 120GB,-2.5917,51.4535,64,machine,0,0,0,0,N,1.0,0.0
2026-09-26T21:52:32,efficientnet_lite0_batch0_node_5_exchange,b9c7ada7-ec97-4557-813d-816b2ce07b55,5b0fa12a-3dd7-45bb-9766-cc326314d9f1,4.451565067982301,2.3668345037396174e-05,5.316859278915133e-06,115.4460409344,185.97445053512428,6.0,4.499356744434175e-05,5.451948806012297e-05,1.0580327012576163e-07,9.961885877459047e-05,0.0,United Kingdom,GBR,england,,,Linux-6.4.0-150600.23.73_15.0.14-cray_shasta_c_64k-aarch64-with-glibc2.38,3.11.7,3.3.0,72,Neoverse-V2,1,1 x NVIDIA GH200 120GB,-2.5917,51.4535,64,machine,0.0,0.0,20.2,173.083984375,N,1.0,0.0
2026-09-26T21:52:51,efficientnet_lite0_batch0_node_0_evaluate,26f7cac3-0502-4189-8aa3-36fa734dfdea,5b0fa12a-3dd7-45bb-9766-cc326314d9f1,11.97209346992895,0.000156326645410003,1.3057586444898575e-05,115.46107630560002,146.39646594640334,6.0,0.0002858976754254711,0.0003636541798215376,8.419033177973081e-06,0.0006579708884249818,0.0,United Kingdom,GBR,england,,,Linux-6.4.0-150600.23.73_15.0.14-cray_shasta_c_64k-aarch64-with-glibc2.38,3.11.7,3.3.0,72,Neoverse-V2,1,1 x NVIDIA GH200 120GB,-2.5917,51.4535,64,machine,0.0,2.0,20.2,173.2765121459961,N,1.0,0.0
2026-09-26T21:56:56,efficientnet_lite0_batch0_node_1_evaluate,2b16500f-b2ce-44a7-b4f6-3d7611a6b0ae,5b0fa12a-3dd7-45bb-9766-cc326314d9f1,9.344069020124152,0.000112923061048177,1.2084998602319465e-05,115.4456631072,146.145461692965,6.0,0.00020218272475649304,0.00026431132256732326,8.793365174982076e-06,0.0004752874124987984,0.0,United Kingdom,GBR,england,,,Linux-6.4.0-150600.23.73_15.0.14-cray_shasta_c_64k-aarch64-with-glibc2.38,3.11.7,3.3.0,72,Neoverse-V2,1,1 x NVIDIA GH200 120GB,-2.5917,51.4535,64,machine,14.766666666666666,3.3333333333333335,20.2,173.19915771484375,N,1.0,0.0
2026-09-26T21:57:29,efficientnet_lite0_batch0_node_2_evaluate,cc072f0c-4f01-4cd5-a470-894d09e1b1d7,5b0fa12a-3dd7-45bb-9766-cc326314d9f1,13.141280194977298,0.00017781199813796906,1.3530797266306689e-05,115.46175639332571,146.99038338203002,6.0,0.0003237432017804612,0.0004148956096940992,9.762832279860352e-06,0.0007484016437544207,0.0,United Kingdom,GBR,england,,,Linux-6.4.0-150600.23.73_15.0.14-cray_shasta_c_64k-aarch64-with-glibc2.38,3.11.7,3.3.0,72,Neoverse-V2,1,1 x NVIDIA GH200 120GB,-2.5917,51.4535,64,machine,0.0,2.1,20.21,173.28667602539062,N,1.0,0.0
2026-09-26T21:57:43,efficientnet_lite0_batch0_node_3_evaluate,714b4804-1bd8-4c6d-8a15-7989d503c290,5b0fa12a-3dd7-45bb-9766-cc326314d9f1,9.568367569008842,0.0001167006890401999,1.2196509822447025e-05,115.53160682880002,146.5692492453718,6.0,0.00020971451657812354,0.0002723029956115397,9.169744123549511e-06,0.0004911872563132128,0.0,United Kingdom,GBR,england,,,Linux-6.4.0-150600.23.73_15.0.14-cray_shasta_c_64k-aarch64-with-glibc2.38,3.11.7,3.3.0,72,Neoverse-V2,1,1 x NVIDIA GH200 120GB,-2.5917,51.4535,64,machine,0.0,2.6666666666666665,20.3,173.54086303710938,N,1.0,0.0
2026-09-26T21:57:54,efficientnet_lite0_batch0_node_4_evaluate,cf417792-3f56-415b-a134-5efba77bd43c,5b0fa12a-3dd7-45bb-9766-cc326314d9f1,8.050037811044604,9.053284600053755e-05,1.124626344938741e-05,115.41808911744002,76.5260979818285,6.0,0.00016073463401438735,0.00021199600293186904,8.3175008064912e-06,0.0003810481377527476,0.0,United Kingdom,GBR,england,,,Linux-6.4.0-150600.23.73_15.0.14-cray_shasta_c_64k-aarch64-with-glibc2.38,3.11.7,3.3.0,72,Neoverse-V2,1,1 x NVIDIA GH200 120GB,-2.5917,51.4535,64,machine,0.0,2.25,20.3,173.6620330810547,N,1.0,0.0
2026-09-26T21:58:04,efficientnet_lite0_batch0_node_5_evaluate,45e3c820-fb75-447b-8ab1-0c3644eced0a,5b0fa12a-3dd7-45bb-9766-cc326314d9f1,9.018026314908639,0.00010706664649248586,1.1872514312303884e-05,115.51578133824,152.01815410008135,6.0,0.00019167438924625388,0.00025071770058104903,8.24597208838289e-06,0.00045063806191568574,0.0,United Kingdom,GBR,england,,,Linux-6.4.0-150600.23.73_15.0.14-cray_shasta_c_64k-aarch64-with-glibc2.38,3.11.7,3.3.0,72,Neoverse-V2,1,1 x NVIDIA GH200 120GB,-2.5917,51.4535,64,machine,0.0,3.2,20.2,173.2623779296875,N,1.0,0.0
2026-09-26T21:59:19,mobilevit_xxs_batch0_node_0_local_train,49b2c2f9-ffdf-40a2-be78-c42e57f3af21,5b0fa12a-3dd7-45bb-9766-cc326314d9f1,66.56064824899659,0.001176476009335712,1.767524866847203e-05,115.43548619530287,158.33836859515273,6.0,0.0020361235775864846,0.0028198322558665723,9.577176898523855e-05,0.004951727602438295,0.0,United Kingdom,GBR,england,,,Linux-6.4.0-150600.23.73_15.0.14-cray_shasta_c_64k-aarch64-with-glibc2.38,3.11.7,3.3.0,72,Neoverse-V2,1,1 x NVIDIA GH200 120GB,-2.5917,51.4535,64,machine,1.4936507936507935,10.857142857142858,20.531746031746035,175.80994427393352,N,1.0,0.0
2026-09-26T22:09:59,mobilevit_xxs_batch0_node_0_evaluate,c4dcf276-ac37-40b5-810f-f226b71749fa,5b0fa12a-3dd7-45bb-9766-cc326314d9f1,9.321300698909909,0.00011154029799521794,1.196617313378402e-05,115.44029300160003,144.04639956129273,6.0,0.00020127716025921056,0.0002594860409175226,8.704232059729597e-06,0.00046946743323646276,0.0,United Kingdom,GBR,england,,,Linux-6.4.0-150600.23.73_15.0.14-cray_shasta_c_64k-aarch64-with-glibc2.38,3.11.7,3.3.0,72,Neoverse-V2,1,1 x NVIDIA GH200 120GB,-2.5917,51.4535,64,machine,0.0,2.6666666666666665,20.3,173.53732299804688,N,1.0,0.0
2026-09-26T22:18:37,mobilevit_xxs_batch0_node_1_local_train,c5fed9d0-5bb1-44ba-9e56-a89cb6b236e0,5b0fa12a-3dd7-45bb-9766-cc326314d9f1,477.0331566869281,0.008394931081459034,1.7598212962308907e-05,115.24441297787477,143.3274169246142,6.0,0.015270570715210046,0.018949849326531876,0.0011134173053534081,0.03533383734709534,0.0,United Kingdom,GBR,england,,,Linux-6.4.0-150600.23.73_15.0.14-cray_shasta_c_64k-aarch64-with-glibc2.38,3.11.7,3.3.0,72,Neoverse-V2,1,1 x NVIDIA GH200 120GB,-2.5917,51.4535,64,machine,1.0764705882352938,1.569327731092437,18.602100840336234,159.15714065167083,N,1.0,0.0
2026-09-26T22:18:59,mobilevit_xxs_batch0_node_1_evaluate,93f5b83d-a26d-433f-acc6-3fd7288cb3ba,5b0fa12a-3dd7-45bb-9766-cc326314d9f1,10.22350849583745,0.0001265629053159635,1.237959604254197e-05,115.5017235744,147.47491100035074,6.0,0.00023003725203291967,0.0002937735683445908,8.88600193313323e-06,0.0005326968223106437,0.0,United Kingdom,GBR,england,,,Linux-6.4.0-150600.23.73_15.0.14-cray_shasta_c_64k-aarch64-with-glibc2.38,3.11.7,3.3.0,72,Neoverse-V2,1,1 x NVIDIA GH200 120GB,-2.5917,51.4535,64,machine,0.0,2.857142857142857,10.1,86.21084158761161,N,1.0,0.0
2026-09-26T22:20:37,mobilevit_xxs_batch0_node_2_local_train,50258eeb-e20e-4019-81eb-957d86f6e064,5b0fa12a-3dd7-45bb-9766-cc326314d9f1,94.01663131196983,0.0016933680031726434,1.801136649486664e-05,115.46524095482769,158.3256165773285,6.0,0.002917462985047907,0.004063336861776179,0.00014649983107616816,0.007127299677900253,0.0,United Kingdom,GBR,england,,,Linux-6.4.0-150600.23.73_15.0.14-cray_shasta_c_64k-aarch64-with-glibc2.38,3.11.7,3.3.0,72,Neoverse-V2,1,1 x NVIDIA GH200 120GB,-2.5917,51.4535,64,machine,2.6600000000000006,11.6,10.098888888888904,86.27789103190104,N,1.0,0.0
2026-09-26T22:20:53,mobilevit_xxs_batch0_node_2_evaluate,b550aa74-1551-4ebf-a736-e3cd58080fe5,5b0fa12a-3dd7-45bb-9766-cc326314d9f1,13.362578375032172,0.00018022856861530317,1.3487559328524369e-05,115.46190307090288,145.15425674089164,6.0,0.0003306940724004492,0.00041768200080127826,1.0196792609834423e-05,0.0007585728658115619,0.0,United Kingdom,GBR,england,,,Linux-6.4.0-150600.23.73_15.0.14-cray_shasta_c_64k-aarch64-with-glibc2.38,3.11.7,3.3.0,72,Neoverse-V2,1,1 x NVIDIA GH200 120GB,-2.5917,51.4535,64,machine,0.0,1.8,10.150000000000002,87.02702026367187,N,1.0,0.0
2026-09-26T22:24:27,mobilevit_xxs_batch0_node_3_local_train,63d80767-0090-4617-8a7c-defb72b3e092,5b0fa12a-3dd7-45bb-9766-cc326314d9f1,80.80763475387357,0.0014560740378319684,1.8019015681710326e-05,121.1170614603429,160.2703954120553,6.0,0.0025263006985127554,0.0034743777794972175,0.0001278629857445291,0.006128541463754502,0.0,United Kingdom,GBR,england,,,Linux-6.4.0-150600.23.73_15.0.14-cray_shasta_c_64k-aarch64-with-glibc2.38,3.11.7,3.3.0,72,Neoverse-V2,1,1 x NVIDIA GH200 120GB,-2.5917,51.4535,64,machine,4.251948051948052,10.766233766233766,21.449350649350635,183.67330100319603,N,1.0,0.0
2026-09-26T22:25:17,mobilevit_xxs_batch0_node_3_evaluate,0281a978-7d27-42ef-8d55-69476e18feb2,5b0fa12a-3dd7-45bb-9766-cc326314d9f1,8.731988719897345,0.00010284264136258411,1.17776882977688e-05,116.9796065472,75.13957236802322,6.0,0.00018725006843037616,0.00023617463338609923,9.434737646564222e-06,0.0004328594394630396,0.0,United Kingdom,GBR,england,,,Linux-6.4.0-150600.23.73_15.0.14-cray_shasta_c_64k-aarch64-with-glibc2.38,3.11.7,3.3.0,72,Neoverse-V2,1,1 x NVIDIA GH200 120GB,-2.5917,51.4535,64,machine,0.0,2.4,30.579999999999995,262.078076171875,N,1.0,0.0
2026-09-26T22:26:19,mobilevit_xxs_batch0_node_4_local_train,444c1638-bfe4-4658-bedd-2d433730ce9c,5b0fa12a-3dd7-45bb-9766-cc326314d9f1,59.614399664103985,0.001055678795536118,1.770845301612223e-05,115.98288661309293,128.88378315355882,6.0,0.001819492343155403,0.0025296070236890955,9.419891521451063e-05,0.00444329828205901,0.0,United Kingdom,GBR,england,,,Linux-6.4.0-150600.23.73_15.0.14-cray_shasta_c_64k-aarch64-with-glibc2.38,3.11.7,3.3.0,72,Neoverse-V2,1,1 x NVIDIA GH200 120GB,-2.5917,51.4535,64,machine,3.4107142857142856,11.285714285714286,32.15357142857146,275.3844560895647,N,1.0,0.0
2026-09-26T22:28:17,mobilevit_xxs_batch0_node_4_evaluate,1182f4df-8a5f-4c94-a4bf-66c9918f1677,5b0fa12a-3dd7-45bb-9766-cc326314d9f1,9.20338339312002,0.00010857674692354337,1.1797481674479605e-05,115.55025125760001,143.20021814014387,6.0,0.00019786416546601612,0.0002505735337905435,8.556298460268104e-06,0.0004569939977168277,0.0,United Kingdom,GBR,england,,,Linux-6.4.0-150600.23.73_15.0.14-cray_shasta_c_64k-aarch64-with-glibc2.38,3.11.7,3.3.0,72,Neoverse-V2,1,1 x NVIDIA GH200 120GB,-2.5917,51.4535,64,machine,15.833333333333334,3.1666666666666665,32.4,277.23305257161456,N,1.0,0.0
2026-09-26T22:29:27,mobilevit_xxs_batch0_node_5_local_train,4a805657-b47a-4dbd-95eb-514f6bd08b09,5b0fa12a-3dd7-45bb-9766-cc326314d9f1,67.6663109138608,0.0012069032628492338,1.7836102582651822e-05,115.57826752896001,134.55969287091122,6.0,0.002075613372749514,0.0028965406505676583,0.00010764033942366952,0.005079794362740841,0.0,United Kingdom,GBR,england,,,Linux-6.4.0-150600.23.73_15.0.14-cray_shasta_c_64k-aarch64-with-glibc2.38,3.11.7,3.3.0,72,Neoverse-V2,1,1 x NVIDIA GH200 120GB,-2.5917,51.4535,64,machine,4.26875,11.796875,32.41718750000003,277.382417678833,N,1.0,0.0
2026-09-26T22:30:38,mobilevit_xxs_batch0_node_5_evaluate,c64262c4-3738-415a-addf-5e39417db084,5b0fa12a-3dd7-45bb-9766-cc326314d9f1,9.12651325808838,0.00010783087221968964,1.1815122508491886e-05,115.53907291200002,144.58609238363607,6.0,0.0001950804717782639,0.0002503563113975815,8.417865901719778e-06,0.0004538546490775652,0.0,United Kingdom,GBR,england,,,Linux-6.4.0-150600.23.73_15.0.14-cray_shasta_c_64k-aarch64-with-glibc2.38,3.11.7,3.3.0,72,Neoverse-V2,1,1 x NVIDIA GH200 120GB,-2.5917,51.4535,64,machine,0.0,3.5,32.43333333333333,277.5636291503906,N,1.0,0.0
2026-09-26T22:30:43,mobilevit_xxs_batch0_node_0_upload,2e0cf8a8-5ec6-409a-a0cf-0bd964fff862,5b0fa12a-3dd7-45bb-9766-cc326314d9f1,3.075491097057238,1.2132903131946255e-07,3.945029508801224e-08,115.20053084160004,0.0,6.0,5.00618246336197e-07,0.0,1.0049466897423069e-08,5.106677132336201e-07,0.0,United Kingdom,GBR,england,,,Linux-6.4.0-150600.23.73_15.0.14-cray_shasta_c_64k-aarch64-with-glibc2.38,3.11.7,3.3.0,72,Neoverse-V2,1,1 x NVIDIA GH200 120GB,-2.5917,51.4535,64,machine,0,0,0,0,N,1.0,0.0
2026-09-26T22:30:48,mobilevit_xxs_batch0_node_1_upload,59099dd1-12f7-4d27-8f24-9edd4c9985ad,5b0fa12a-3dd7-45bb-9766-cc326314d9f1,4.072162334807217,1.7950115262283614e-05,4.408005817659379e-06,115.2030652992,153.33747001497736,6.0,3.247217409195199e-05,4.307364557121218e-05,5.3012316736082236e-09,7.555112089483778e-05,0.0,United Kingdom,GBR,england,,,Linux-6.4.0-150600.23.73_15.0.14-cray_shasta_c_64k-aarch64-with-glibc2.38,3.11.7,3.3.0,72,Neoverse-V2,1,1 x NVIDIA GH200 120GB,-2.5917,51.4535,64,machine,0.0,0.0,32.6,279.61761474609375,N,1.0,0.0
2026-09-26T22:30:52,mobilevit_xxs_batch0_node_2_upload,ab9f8ca4-7c75-4eb8-bb19-12cc40ca4e06,5b0fa12a-3dd7-45bb-9766-cc326314d9f1,3.072093789000064,1.0820104239610765e-07,3.522061819321148e-08,115.2010368,0.0,6.0,4.498863849018887e-07,0.0,5.526291594530145e-09,4.5541267649641884e-07,0.0,United Kingdom,GBR,england,,,Linux-6.4.0-150600.23.73_15.0.14-cray_shasta_c_64k-aarch64-with-glibc2.38,3.11.7,3.3.0,72,Neoverse-V2,1,1 x NVIDIA GH200 120GB,-2.5917,51.4535,64,machine,0,0,0,0,N,1.0,0.0
2026-09-26T22:31:06,mobilevit_xxs_batch0_node_3_upload,fc95ce1a-90d3-4b3f-805b-5e0578c4dd50,5b0fa12a-3dd7-45bb-9766-cc326314d9f1,3.08067296189256,1.0369351388310831e-07,3.3659370912063944e-08,115.2007558272,0.0,6.0,4.310717552928672e-07,0.0,5.368963272000353e-09,4.3644071856486755e-07,0.0,United Kingdom,GBR,england,,,Linux-6.4.0-150600.23.73_15.0.14-cray_shasta_c_64k-aarch64-with-glibc2.38,3.11.7,3.3.0,72,Neoverse-V2,1,1 x NVIDIA GH200 120GB,-2.5917,51.4535,64,machine,0,0,0,0,N,1.0,0.0
2026-09-26T22:31:26,mobilevit_xxs_batch0_node_4_upload,369642fb-4602-4ae8-b894-b29fe26b2d84,5b0fa12a-3dd7-45bb-9766-cc326314d9f1,4.078299631830305,1.7053777931571877e-05,4.181590238851158e-06,115.2029248128,138.2533976534896,6.0,3.267956209041044e-05,3.909364238552371e-05,5.2782466324667135e-09,7.177848272256661e-05,0.0,United Kingdom,GBR,england,,,Linux-6.4.0-150600.23.73_15.0.14-cray_shasta_c_64k-aarch64-with-glibc2.38,3.11.7,3.3.0,72,Neoverse-V2,1,1 x NVIDIA GH200 120GB,-2.5917,51.4535,64,machine,0.0,0.0,32.4,277.25323486328125,N,1.0,0.0
2026-09-26T22:31:31,mobilevit_xxs_batch0_node_5_upload,6d9859d1-534f-4f91-b92d-4973252c03c5,5b0fa12a-3dd7-45bb-9766-cc326314d9f1,3.0795021920930594,1.799256336981298e-07,5.842685683423363e-08,115.20053084160004,0.0,6.0,7.519201713942263e-07,0.0,5.377656780183315e-09,7.572978281744097e-07,0.0,United Kingdom,GBR,england,,,Linux-6.4.0-150600.23.73_15.0.14-cray_shasta_c_64k-aarch64-with-glibc2.38,3.11.7,3.3.0,72,Neoverse-V2,1,1 x NVIDIA GH200 120GB,-2.5917,51.4535,64,machine,0,0,0,0,N,1.0,0.0
2026-09-26T22:34:13,mobilevit_xxs_batch0_node_0_exchange,0d4d083f-7906-40fa-b2be-38515fce08cd,5b0fa12a-3dd7-45bb-9766-cc326314d9f1,7.001407923176885,6.584134563296255e-05,9.404015071741039e-06,115.20031052160002,139.30882645846282,6.0,0.00012548993355865345,0.00015162567684967598,7.259896956384183e-09,0.0002771228703052858,0.0,United Kingdom,GBR,england,,,Linux-6.4.0-150600.23.73_15.0.14-cray_shasta_c_64k-aarch64-with-glibc2.38,3.11.7,3.3.0,72,Neoverse-V2,1,1 x NVIDIA GH200 120GB,-2.5917,51.4535,64,machine,0.0,0.0,11.699999999999998,100.31781005859375,N,1.0,0.0
2026-09-26T22:34:22,mobilevit_xxs_batch0_node_1_exchange,7a8b31b9-8320-4eaa-ae2b-52035b45a280,5b0fa12a-3dd7-45bb-9766-cc326314d9f1,5.031192532973364,3.335285184062406e-05,6.629213973036527e-06,115.2001778112,144.1008117034695,6.0,6.257373347931683e-05,7.779700668208989e-05,9.714491898193955e-09,0.00014038045465330492,0.0,United Kingdom,GBR,england,,,Linux-6.4.0-150600.23.73_15.0.14-cray_shasta_c_64k-aarch64-with-glibc2.38,3.11.7,3.3.0,72,Neoverse-V2,1,1 x NVIDIA GH200 120GB,-2.5917,51.4535,64,machine,0.0,0.0,11.7,100.31610107421875,N,1.0,0.0
2026-09-26T22:34:27,mobilevit_xxs_batch0_node_2_exchange,d1c071fc-d34a-40f3-977b-36c4b915be8c,5b0fa12a-3dd7-45bb-9766-cc326314d9f1,3.093269230099395,9.887520646738334e-08,3.1964630011919854e-08,115.20000000000003,0.0,6.0,4.1078614443540583e-07,0.0,5.3745636250823736e-09,4.1616070806048823e-07,0.0,United Kingdom,GBR,england,,,Linux-6.4.0-150600.23.73_15.0.14-cray_shasta_c_64k-aarch64-with-glibc2.38,3.11.7,3.3.0,72,Neoverse-V2,1,1 x NVIDIA GH200 120GB,-2.5917,51.4535,64,machine,0,0,0,0,N,1.0,0.0
2026-09-26T22:34:35,mobilevit_xxs_batch0_node_3_exchange,5339a89c-aa9e-49d4-9ed5-20f76f4dbfec,5b0fa12a-3dd7-45bb-9766-cc326314d9f1,4.100731482030824,1.705581115187168e-05,4.159211893441278e-06,115.20000000000003,136.81009802352426,6.0,3.286050649732352e-05,3.8900308894085356e-05,2.622505184262991e-08,7.17870404432515e-05,0.0,United Kingdom,GBR,england,,,Linux-6.4.0-150600.23.73_15.0.14-cray_shasta_c_64k-aarch64-with-glibc2.38,3.11.7,3.3.0,72,Neoverse-V2,1,1 x NVIDIA GH200 120GB,-2.5917,51.4535,64,machine,0.0,0.0,11.7,100.3214111328125,N,1.0,0.0
2026-09-26T22:34:39,mobilevit_xxs_batch0_node_4_exchange,47a6bcc4-ef4d-4636-848d-c9da48932102,5b0fa12a-3dd7-45bb-9766-cc326314d9f1,3.092203286010772,1.1163158029171444e-07,3.61009836567794e-08,115.20000103680002,0.0,6.0,4.644001689626025e-07,0.0,5.451466810579102e-09,4.698516357731816e-07,0.0,United Kingdom,GBR,england,,,Linux-6.4.0-150600.23.73_15.0.14-cray_shasta_c_64k-aarch64-with-glibc2.38,3.11.7,3.3.0,72,Neoverse-V2,1,1 x NVIDIA GH200 120GB,-2.5917,51.4535,64,machine,0,0,0,0,N,1.0,0.0
2026-09-26T22:34:49,mobilevit_xxs_batch0_node_5_exchange,5d6d1a65-c532-4fe7-b362-9233fc3b2590,5b0fa12a-3dd7-45bb-9766-cc326314d9f1,7.613741983892396,7.700715947206093e-05,1.0114232874580854e-05,115.20000000000003,141.90484449203908,6.0,0.00014528157638013365,0.00017882764305454657,9.992616639162104e-09,0.0003241192120513194,0.0,United Kingdom,GBR,england,,,Linux-6.4.0-150600.23.73_15.0.14-cray_shasta_c_64k-aarch64-with-glibc2.38,3.11.7,3.3.0,72,Neoverse-V2,1,1 x NVIDIA GH200 120GB,-2.5917,51.4535,64,machine,0.0,0.0,11.7,100.32635498046875,N,1.0,0.0
2026-09-26T22:35:27,mobilevit_xxs_batch0_node_0_evaluate,abd3ae0a-e7e6-4771-ad32-ba150531cfbb,5b0fa12a-3dd7-45bb-9766-cc326314d9f1,36.94422621279955,0.0005822217356411781,1.5759478417211076e-05,115.37682843581106,144.58820075019267,6.0,0.0010852718847155149,0.00133178606542117,3.348368117275337e-05,0.0024505416313094384,0.0,United Kingdom,GBR,england,,,Linux-6.4.0-150600.23.73_15.0.14-cray_shasta_c_64k-aarch64-with-glibc2.38,3.11.7,3.3.0,72,Neoverse-V2,1,1 x NVIDIA GH200 120GB,-2.5917,51.4535,64,machine,0.16969696969696968,0.45454545454545453,11.699999999999994,100.377861254143,N,1.0,0.0
2026-09-26T22:35:39,mobilevit_xxs_batch0_node_1_evaluate,a57f54e7-5fc1-4ea7-abb6-067e81579127,5b0fa12a-3dd7-45bb-9766-cc326314d9f1,9.366435986943543,0.00011186736892524199,1.1943429611986979e-05,115.53294240000002,144.52881497621172,6.0,0.00020283512513341985,0.0002591857629141714,8.823170074804997e-06,0.0004708440581223962,0.0,United Kingdom,GBR,england,,,Linux-6.4.0-150600.23.73_15.0.14-cray_shasta_c_64k-aarch64-with-glibc2.38,3.11.7,3.3.0,72,Neoverse-V2,1,1 x NVIDIA GH200 120GB,-2.5917,51.4535,64,machine,0.0,2.8333333333333335,11.700000000000001,100.41957600911458,N,1.0,0.0
2026-09-26T22:35:52,mobilevit_xxs_batch0_node_2_evaluate,dcc54a1e-6d95-4248-a2d1-12c5f3ee85ac,5b0fa12a-3dd7-45bb-9766-cc326314d9f1,8.983743104152381,0.00010672334478266374,1.1879607814401447e-05,115.46883489600003,767.6243320197887,6.0,0.00019052312541280325,0.0002488313101878248,9.83868690362821e-06,0.00044919312250425627,0.0,United Kingdom,GBR,england,,,Linux-6.4.0-150600.23.73_15.0.14-cray_shasta_c_64k-aarch64-with-glibc2.38,3.11.7,3.3.0,72,Neoverse-V2,1,1 x NVIDIA GH200 120GB,-2.5917,51.4535,64,machine,0.0,3.6,11.7,100.3626953125,N,1.0,0.0
2026-09-26T22:36:06,mobilevit_xxs_batch0_node_3_evaluate,5bf821cd-736f-46df-b695-c94008c8b83b,5b0fa12a-3dd7-45bb-9766-cc326314d9f1,8.680038783000782,0.00010128793951181385,1.166906531687149e-05,115.45601460480003,791.377420852156,6.0,0.00018074204037153292,0.00023624796676813276,9.325771418322498e-06,0.0004263157785579882,0.0,United Kingdom,GBR,england,,,Linux-6.4.0-150600.23.73_15.0.14-cray_shasta_c_64k-aarch64-with-glibc2.38,3.11.7,3.3.0,72,Neoverse-V2,1,1 x NVIDIA GH200 120GB,-2.5917,51.4535,64,machine,0.0,3.2,11.7,100.33226318359375,N,1.0,0.0
2026-09-26T22:36:22,mobilevit_xxs_batch0_node_4_evaluate,058dc559-2169-45a5-b80c-5702742e323c,5b0fa12a-3dd7-45bb-9766-cc326314d9f1,11.149448251817375,0.00014172220736130545,1.2711140870868165e-05,115.52193797760002,144.6129101913952,6.0,0.00026007785189283465,0.0003279569290270956,8.466771598517274e-06,0.0005965015525184476,0.0,United Kingdom,GBR,england,,,Linux-6.4.0-150600.23.73_15.0.14-cray_shasta_c_64k-aarch64-with-glibc2.38,3.11.7,3.3.0,72,Neoverse-V2,1,1 x NVIDIA GH200 120GB,-2.5917,51.4535,64,machine,0.0,2.5,11.700000000000001,100.3112564086914,N,1.0,0.0
2026-09-26T22:36:31,mobilevit_xxs_batch0_node_5_evaluate,9c36d70c-9841-48e3-9f74-5322143974c3,5b0fa12a-3dd7-45bb-9766-cc326314d9f1,8.129388012224808,9.09235831466145e-05,1.1184554484284114e-05,115.47403151040004,795.8258481363214,6.0,0.00016310824638429157,0.00021117044671825624,8.414037396820882e-06,0.0003826927304993687,0.0,United Kingdom,GBR,england,,,Linux-6.4.0-150600.23.73_15.0.14-cray_shasta_c_64k-aarch64-with-glibc2.38,3.11.7,3.3.0,72,Neoverse-V2,1,1 x NVIDIA GH200 120GB,-2.5917,51.4535,64,machine,0.0,3.4,11.7,100.27835693359376,N,1.0,0.0
2026-09-26T22:37:25,mobilenet_v3_small_batch1_node_0_local_train,0625b922-eac2-4454-ac1d-347a5d02cee6,5b0fa12a-3dd7-45bb-9766-cc326314d9f1,8.97622227203101,0.00010477155476056632,1.1672121253840133e-05,115.2947490912,202.10026219975245,6.0,0.00018917005614555176,0.00024198297136024394,9.825110204983502e-06,0.0004409781377107792,0.0,United Kingdom,GBR,england,,,Linux-6.4.0-150600.23.73_15.0.14-cray_shasta_c_64k-aarch64-with-glibc2.38,3.11.7,3.3.0,72,Neoverse-V2,1,1 x NVIDIA GH200 120GB,-2.5917,51.4535,64,machine,0.0,6.4,11.540000000000001,98.90301513671875,N,1.0,0.0
2026-09-26T22:38:00,mobilenet_v3_small_batch1_node_0_evaluate,6b119bbf-04aa-48a3-a9e9-30fe7eabb901,5b0fa12a-3dd7-45bb-9766-cc326314d9f1,11.14315774710849,0.0001405821942996686,1.261601042452692e-05,115.31722002480001,141.04602297299994,6.0,0.00025921929206097755,0.0003206983121231133,1.1785691421634207e-05,0.0005917032956057251,0.0,United Kingdom,GBR,england,,,Linux-6.4.0-150600.23.73_15.0.14-cray_shasta_c_64k-aarch64-with-glibc2.38,3.11.7,3.3.0,72,Neoverse-V2,1,1 x NVIDIA GH200 120GB,-2.5917,51.4535,64,machine,5.4625,0.375,11.599999999999998,99.25846862792969,N,1.0,0.0
2026-09-26T22:38:11,mobilenet_v3_small_batch1_node_1_local_train,6113d941-31ff-4434-b8b3-87c6c5c1bae8,5b0fa12a-3dd7-45bb-9766-cc326314d9f1,8.824037203099579,0.00010290218716950193,1.166157675914557e-05,115.29282047040002,74.58016556622943,6.0,0.00018504411436250505,0.00023846824633722008,9.59770403181513e-06,0.0004331100647315403,0.0,United Kingdom,GBR,england,,,Linux-6.4.0-150600.23.73_15.0.14-cray_shasta_c_64k-aarch64-with-glibc2.38,3.11.7,3.3.0,72,Neoverse-V2,1,1 x NVIDIA GH200 120GB,-2.5917,51.4535,64,machine,5.140000000000001,3.4,11.6,99.558447265625,N,1.0,0.0
2026-09-26T22:38:20,mobilenet_v3_small_batch1_node_1_evaluate,e4e6b821-7997-41b5-af66-0488611506e9,5b0fa12a-3dd7-45bb-9766-cc326314d9f1,7.1293023528996855,7.186966038915186e-05,1.0080882649046364e-05,115.3785302208,72.86096697864909,6.0,0.0001310874636251688,0.00016462457614352388,6.78370030829683e-06,0.00030249574007698956,0.0,United Kingdom,GBR,england,,,Linux-6.4.0-150600.23.73_15.0.14-cray_shasta_c_64k-aarch64-with-glibc2.38,3.11.7,3.3.0,72,Neoverse-V2,1,1 x NVIDIA GH200 120GB,-2.5917,51.4535,64,machine,0.0,0.75,11.625,99.74833679199219,N,1.0,0.0
2026-09-26T22:38:39,mobilenet_v3_small_batch1_node_2_local_train,8ef2f19f-a72c-4512-9f78-d04e7e5ddece,5b0fa12a-3dd7-45bb-9766-cc326314d9f1,15.129677393939346,0.0002102259705736498,1.3894940724768013e-05,115.30833055488002,143.5512610903465,6.0,0.0003863078572816622,0.00048532538826862037,1.3197157261505102e-05,0.0008848304028117876,0.0,United Kingdom,GBR,england,,,Linux-6.4.0-150600.23.73_15.0.14-cray_shasta_c_64k-aarch64-with-glibc2.38,3.11.7,3.3.0,72,Neoverse-V2,1,1 x NVIDIA GH200 120GB,-2.5917,51.4535,64,machine,0.0,3.25,11.700000000000001,99.96624755859375,N,1.0,0.0
2026-09-26T22:38:49,mobilenet_v3_small_batch1_node_2_evaluate,ce21b220-8f4a-4eff-bd7e-3544179d8eb5,5b0fa12a-3dd7-45bb-9766-cc326314d9f1,7.229793544858694,7.347617515780903e-05,1.0162970035300657e-05,115.37062555392001,72.7918476388062,6.0,0.00013411631655241738,0.00016820346789359064,6.937694468457873e-06,0.0003092574789144659,0.0,United Kingdom,GBR,england,,,Linux-6.4.0-150600.23.73_15.0.14-cray_shasta_c_64k-aarch64-with-glibc2.38,3.11.7,3.3.0,72,Neoverse-V2,1,1 x NVIDIA GH200 120GB,-2.5917,51.4535,64,machine,0.0,0.75,11.7,100.22286987304688,N,1.0,0.0
2026-09-26T22:39:06,mobilenet_v3_small_batch1_node_3_local_train,be5ee7a3-e851-43e2-84c5-22b33a0c2a64,5b0fa12a-3dd7-45bb-9766-cc326314d9f1,9.97273060400039,0.00012302463086210307,1.2336102893700332e-05,115.28362584411428,74.13462654170279,6.0,0.00022188064236235687,0.00028440717197497634,1.1516591010149568e-05,0.0005178044053474828,0.0,United Kingdom,GBR,england,,,Linux-6.4.0-150600.23.73_15.0.14-cray_shasta_c_64k-aarch64-with-glibc2.38,3.11.7,3.3.0,72,Neoverse-V2,1,1 x NVIDIA GH200 120GB,-2.5917,51.4535,64,machine,0.0,4.166666666666667,11.700000000000001,100.48846435546875,N,1.0,0.0
2026-09-26T22:40:03,mobilenet_v3_small_batch1_node_3_evaluate,40cf5026-342a-45e5-88bd-cdd742b2a3ce,5b0fa12a-3dd7-45bb-9766-cc326314d9f1,10.269551153993234,0.00012431798684440948,1.2105493704665896e-05,115.36795999296001,141.82776229598085,6.0,0.00023135757773166092,0.00028488828345984984,7.0022136116555594e-06,0.0005232480748031663,0.0,United Kingdom,GBR,england,,,Linux-6.4.0-150600.23.73_15.0.14-cray_shasta_c_64k-aarch64-with-glibc2.38,3.11.7,3.3.0,72,Neoverse-V2,1,1 x NVIDIA GH200 120GB,-2.5917,51.4535,64,machine,1.3571428571428572,0.2857142857142857,11.799999999999999,101.00118582589286,N,1.0,0.0
2026-09-26T22:40:14,mobilenet_v3_small_batch1_node_4_local_train,6a3ab680-a0f4-403f-9e74-eb62648f7e91,5b0fa12a-3dd7-45bb-9766-cc326314d9f1,10.381086382083595,0.00012771317972897202,1.2302486948705905e-05,115.28963196480004,143.61890982437814,6.0,0.00023475391597528692,0.0002945746801117366,8.209672641629974e-06,0.0005375382687286534,0.0,United Kingdom,GBR,england,,,Linux-6.4.0-150600.23.73_15.0.14-cray_shasta_c_64k-aarch64-with-glibc2.38,3.11.7,3.3.0,72,Neoverse-V2,1,1 x NVIDIA GH200 120GB,-2.5917,51.4535,64,machine,0.0,4.0,11.799999999999999,101.22529820033482,N,1.0,0.0
2026-09-26T22:46:44,mobilenet_v3_small_batch1_node_4_evaluate,645e8f8d-c158-470b-a1f4-375d5bbacc7d,5b0fa12a-3dd7-45bb-9766-cc326314d9f1,7.944482777034864,8.51878118576108e-05,1.0722889613891972e-05,115.4335853376,146.5241410151537,6.0,0.0001571563856032981,0.00019492765595430228,6.467119723480816e-06,0.0003585511612810812,0.0,United Kingdom,GBR,england,,,Linux-6.4.0-150600.23.73_15.0.14-cray_shasta_c_64k-aarch64-with-glibc2.38,3.11.7,3.3.0,72,Neoverse-V2,1,1 x NVIDIA GH200 120GB,-2.5917,51.4535,64,machine,14.875,0.5,13.85,118.76423645019531,N,1.0,0.0
2026-09-26T22:46:53,mobilenet_v3_small_batch1_node_5_local_train,e16d7b2b-47b7-4b15-be8d-917f5d5d7d9f,5b0fa12a-3dd7-45bb-9766-cc326314d9f1,7.286237030988559,7.490588761698682e-05,1.0280462644628509e-05,115.31378496383999,73.73030708181109,6.0,0.00013570295549132497,0.00017254597136684424,7.026138978156572e-06,0.0003152750658363258,0.0,United Kingdom,GBR,england,,,Linux-6.4.0-150600.23.73_15.0.14-cray_shasta_c_64k-aarch64-with-glibc2.38,3.11.7,3.3.0,72,Neoverse-V2,1,1 x NVIDIA GH200 120GB,-2.5917,51.4535,64,machine,2.5,4.5,14.1,120.72492980957031,N,1.0,0.0
2026-09-26T22:47:05,mobilenet_v3_small_batch1_node_5_evaluate,77967531-d44b-4b52-b587-8aa61ca1f4a2,5b0fa12a-3dd7-45bb-9766-cc326314d9f1,6.960196532076225,6.840589366511883e-05,9.828155476626084e-06,115.38688073760001,72.12147066190721,6.0,0.00012550064370155087,0.0001559248469504837,6.4914317017731555e-06,0.00028791692235380774,0.0,United Kingdom,GBR,england,,,Linux-6.4.0-150600.23.73_15.0.14-cray_shasta_c_64k-aarch64-with-glibc2.38,3.11.7,3.3.0,72,Neoverse-V2,1,1 x NVIDIA GH200 120GB,-2.5917,51.4535,64,machine,0.0,0.6666666666666666,14.300000000000002,122.58290608723958,N,1.0,0.0
2026-09-26T22:47:12,mobilenet_v3_small_batch1_node_0_upload,bde87a3e-6fd6-4526-96d1-12feb759d438,5b0fa12a-3dd7-45bb-9766-cc326314d9f1,6.074437249219045,5.0693276403666554e-05,8.345345309178047e-06,115.20781669440002,139.33962297158996,6.0,9.663376488927383e-05,0.00011672176003685308,9.893521976967653e-09,0.00021336541844810389,0.0,United Kingdom,GBR,england,,,Linux-6.4.0-150600.23.73_15.0.14-cray_shasta_c_64k-aarch64-with-glibc2.38,3.11.7,3.3.0,72,Neoverse-V2,1,1 x NVIDIA GH200 120GB,-2.5917,51.4535,64,machine,0.0,0.0,14.466666666666667,123.76509602864583,N,1.0,0.0
2026-09-26T22:47:19,mobilenet_v3_small_batch1_node_2_upload,cc4c1f7e-8f6a-4521-a074-f37b41f0cd63,5b0fa12a-3dd7-45bb-9766-cc326314d9f1,6.08012629696168,5.0683299611231396e-05,8.335895857386797e-06,115.20207852480002,139.46571463721654,6.0,9.657683182308542e-05,0.00011674092671398739,5.6680998144050446e-09,0.0002133234266368872,0.0,United Kingdom,GBR,england,,,Linux-6.4.0-150600.23.73_15.0.14-cray_shasta_c_64k-aarch64-with-glibc2.38,3.11.7,3.3.0,72,Neoverse-V2,1,1 x NVIDIA GH200 120GB,-2.5917,51.4535,64,machine,0.0,0.0,14.6,125.20469156901042,N,1.0,0.0
2026-09-26T22:47:24,mobilenet_v3_small_batch1_node_0_exchange,661d51ca-a3bf-4197-9e7b-231c1089ed96,5b0fa12a-3dd7-45bb-9766-cc326314d9f1,3.09660386107862,1.0156395068434611e-07,3.279849643052793e-08,115.2007558272,0.0,6.0,4.221589323265687e-07,0.0,5.318563198670745e-09,4.2747749552523945e-07,0.0,United Kingdom,GBR,england,,,Linux-6.4.0-150600.23.73_15.0.14-cray_shasta_c_64k-aarch64-with-glibc2.38,3.11.7,3.3.0,72,Neoverse-V2,1,1 x NVIDIA GH200 120GB,-2.5917,51.4535,64,machine,0,0,0,0,N,1.0,0.0
2026-09-26T22:48:32,mobilenet_v3_small_batch1_node_1_exchange,c4c363bf-5c9f-4636-bf5b-0ce38eb62803,5b0fa12a-3dd7-45bb-9766-cc326314d9f1,7.560433767968789,7.57644346973108e-05,1.00211756391943e-05,115.20053084160006,141.29222920456596,6.0,0.0001432782700483604,0.00017560264046778684,7.736253319308163e-09,0.00031888864676946657,0.0,United Kingdom,GBR,england,,,Linux-6.4.0-150600.23.73_15.0.14-cray_shasta_c_64k-aarch64-with-glibc2.38,3.11.7,3.3.0,72,Neoverse-V2,1,1 x NVIDIA GH200 120GB,-2.5917,51.4535,64,machine,4.525,0.0,15.2,130.20413208007812,N,1.0,0.0
2026-09-26T22:48:42,mobilenet_v3_small_batch1_node_2_exchange,84c2bfb8-4409-427c-961a-fac37dc09570,5b0fa12a-3dd7-45bb-9766-cc326314d9f1,4.109716601902619,1.7015652578426866e-05,4.14034694522473e-06,115.20064333440001,139.2475317235557,6.0,3.247890867344735e-05,3.913364243146589e-05,5.4639480852832394e-09,7.161801505299852e-05,0.0,United Kingdom,GBR,england,,,Linux-6.4.0-150600.23.73_15.0.14-cray_shasta_c_64k-aarch64-with-glibc2.38,3.11.7,3.3.0,72,Neoverse-V2,1,1 x NVIDIA GH200 120GB,-2.5917,51.4535,64,machine,0.0,0.0,15.2,130.14654541015625,N,1.0,0.0
2026-09-26T22:55:07,mobilenet_v3_small_batch1_node_3_exchange,38de7da5-c651-47af-bbcf-4b1f0769ab86,5b0fa12a-3dd7-45bb-9766-cc326314d9f1,3.1091565750539303,1.7679905916882287e-07,5.686399346605958e-08,115.2007558272,0.0,6.0,7.364203817351487e-07,0.0,7.717853489642342e-09,7.44138235224791e-07,0.0,United Kingdom,GBR,england,,,Linux-6.4.0-150600.23.73_15.0.14-cray_shasta_c_64k-aarch64-with-glibc2.38,3.11.7,3.3.0,72,Neoverse-V2,1,1 x NVIDIA GH200 120GB,-2.5917,51.4535,64,machine,0,0,0,0,N,1.0,0.0
2026-09-26T22:55:16,mobilenet_v3_small_batch1_node_4_exchange,5cae5803-4c51-41cd-b40b-d34698477a29,5b0fa12a-3dd7-45bb-9766-cc326314d9f1,7.759859615005553,7.917495867370491e-05,1.0203143175502958e-05,115.20092441087999,141.36924976197858,6.0,0.00014973263482197873,0.00018350542458733798,5.3090703052779035e-09,0.000333243368479622,0.0,United Kingdom,GBR,england,,,Linux-6.4.0-150600.23.73_15.0.14-cray_shasta_c_64k-aarch64-with-glibc2.38,3.11.7,3.3.0,72,Neoverse-V2,1,1 x NVIDIA GH200 120GB,-2.5917,51.4535,64,machine,0.0,0.0,15.2,130.23410034179688,N,1.0,0.0
2026-09-26T23:03:11,mobilenet_v3_small_batch1_node_5_exchange,84b12748-9d8c-41f2-a1e8-5468fe27fcde,5b0fa12a-3dd7-45bb-9766-cc326314d9f1,7.232914027990773,7.038923698942044e-05,9.731795057568772e-06,115.20054079488003,141.99740599359254,6.0,0.00013275910657915184,0.00016350013081023462,5.475999787449837e-09,0.00029626471338917393,0.0,United Kingdom,GBR,england,,,Linux-6.4.0-150600.23.73_15.0.14-cray_shasta_c_64k-aarch64-with-glibc2.38,3.11.7,3.3.0,72,Neoverse-V2,1,1 x NVIDIA GH200 120GB,-2.5917,51.4535,64,machine,4.8,0.0,28.7,245.91632080078125,N,1.0,0.0
2026-09-26T23:03:27,mobilenet_v3_small_batch1_node_0_evaluate,8a49c81d-cb2c-481d-b9c9-378864acb4e0,5b0fa12a-3dd7-45bb-9766-cc326314d9f1,11.519459906965494,0.00014565346911321863,1.264412310035005e-05,115.47680859648001,142.64080753572875,6.0,0.0002717111330437734,0.0003348922123649345,6.444687594582017e-06,0.0006130480330032898,0.0,United Kingdom,GBR,england,,,Linux-6.4.0-150600.23.73_15.0.14-cray_shasta_c_64k-aarch64-with-glibc2.38,3.11.7,3.3.0,72,Neoverse-V2,1,1 x NVIDIA GH200 120GB,-2.5917,51.4535,64,machine,0.0,0.5,28.825000000000003,246.99341583251953,N,1.0,0.0
2026-09-26T23:03:42,mobilenet_v3_small_batch1_node_1_evaluate,58411885-7a1c-44de-91bf-4473c8929529,5b0fa12a-3dd7-45bb-9766-cc326314d9f1,12.108719927957281,0.00015564182751881626,1.285369786772108e-05,115.52785912512002,142.84892258058963,6.0,0.0002905195595333039,0.000358141953185509,6.4270120816460495e-06,0.000655088524800459,0.0,United Kingdom,GBR,england,,,Linux-6.4.0-150600.23.73_15.0.14-cray_shasta_c_64k-aarch64-with-glibc2.38,3.11.7,3.3.0,72,Neoverse-V2,1,1 x NVIDIA GH200 120GB,-2.5917,51.4535,64,machine,0.0,0.3333333333333333,28.900000000000002,247.19181315104166,N,1.0,0.0
2026-09-26T23:04:16,mobilenet_v3_small_batch1_node_2_evaluate,f04f72b4-822a-4ac8-ac4b-3f6c06c7625f,5b0fa12a-3dd7-45bb-9766-cc326314d9f1,28.027110068826005,0.0004223048876022636,1.5067728587257552e-05,115.50473274501817,140.97452909046314,6.0,0.0007998675552787278,0.0009710035545822393,6.588653016369789e-06,0.001777459762877337,0.0,United Kingdom,GBR,england,,,Linux-6.4.0-150600.23.73_15.0.14-cray_shasta_c_64k-aarch64-with-glibc2.38,3.11.7,3.3.0,72,Neoverse-V2,1,1 x NVIDIA GH200 120GB,-2.5917,51.4535,64,machine,2.5749999999999997,0.125,28.899999999999988,247.35446166992188,N,1.0,0.0
2026-09-26T23:05:17,mobilenet_v3_small_batch1_node_3_evaluate,96bd27f9-555e-48ba-b25e-2359958112aa,5b0fa12a-3dd7-45bb-9766-cc326314d9f1,36.41864815307781,0.0005657641897875772,1.55350134746768e-05,115.45043497344,139.82006033394944,6.0,0.0010687068391570596,0.0013060743781920792,6.491441686327259e-06,0.0023812726590354658,0.0,United Kingdom,GBR,england,,,Linux-6.4.0-150600.23.73_15.0.14-cray_shasta_c_64k-aarch64-with-glibc2.38,3.11.7,3.3.0,72,Neoverse-V2,1,1 x NVIDIA GH200 120GB,-2.5917,51.4535,64,machine,0.5151515151515151,0.12121212121212122,28.930303030303023,247.5094512014678,N,1.0,0.0
2026-09-26T23:05:26,mobilenet_v3_small_batch1_node_4_evaluate,b7e3a7be-8150-4973-b051-4f24233a262b,5b0fa12a-3dd7-45bb-9766-cc326314d9f1,8.213623764924705,8.992215658374116e-05,1.0947927389582043e-05,115.47567770688002,140.83974362722793,6.0,0.00016586302186035495,0.0002062696094498051,6.345145791225756e-06,0.00037847777710138585,0.0,United Kingdom,GBR,england,,,Linux-6.4.0-150600.23.73_15.0.14-cray_shasta_c_64k-aarch64-with-glibc2.38,3.11.7,3.3.0,72,Neoverse-V2,1,1 x NVIDIA GH200 120GB,-2.5917,51.4535,64,machine,0.0,0.8,30.160000000000004,258.275244140625,N,1.0,0.0
2026-09-26T23:09:09,mobilenet_v3_small_batch1_node_5_evaluate,20eb2477-64e5-4bab-84e7-e0037d92c172,5b0fa12a-3dd7-45bb-9766-cc326314d9f1,7.914638545829803,8.479689342454107e-05,1.0713931272227244e-05,115.5044652624,145.24364669404585,6.0,0.00015628588795073598,0.0001942615442942497,6.358373261755333e-06,0.000356905805506741,0.0,United Kingdom,GBR,england,,,Linux-6.4.0-150600.23.73_15.0.14-cray_shasta_c_64k-aarch64-with-glibc2.38,3.11.7,3.3.0,72,Neoverse-V2,1,1 x NVIDIA GH200 120GB,-2.5917,51.4535,64,machine,0.0,0.75,37.7,322.791259765625,N,1.0,0.0
2026-09-26T23:09:33,efficientnet_lite0_batch1_node_0_local_train,dcd14f66-063b-47e9-ae0b-cb5b8aa36dc2,5b0fa12a-3dd7-45bb-9766-cc326314d9f1,7.81459860317409,8.93817855257018e-05,1.143779611270081e-05,115.3800659808,154.97750990303942,6.0,0.0001526183822353004,0.00021734517387983487,6.2398267254078136e-06,0.0003762033828405431,0.0,United Kingdom,GBR,england,,,Linux-6.4.0-150600.23.73_15.0.14-cray_shasta_c_64k-aarch64-with-glibc2.38,3.11.7,3.3.0,72,Neoverse-V2,1,1 x NVIDIA GH200 120GB,-2.5917,51.4535,64,machine,0.0,8.5,37.800000000000004,323.88853454589844,N,1.0,0.0
2026-09-26T23:10:21,efficientnet_lite0_batch1_node_0_evaluate,4355a9f7-4f2a-49ac-8ce1-8576cf81feac,5b0fa12a-3dd7-45bb-9766-cc326314d9f1,7.959221104159951,8.721103030671536e-05,1.0957231764944163e-05,115.80844478400002,144.96645790633664,6.0,0.00015797737866155053,0.00020260071764255372,6.488688381699225e-06,0.0003670667846858035,0.0,United Kingdom,GBR,england,,,Linux-6.4.0-150600.23.73_15.0.14-cray_shasta_c_64k-aarch64-with-glibc2.38,3.11.7,3.3.0,72,Neoverse-V2,1,1 x NVIDIA GH200 120GB,-2.5917,51.4535,64,machine,0.0,2.0,38.6,330.7274475097656,N,1.0,0.0
2026-09-26T23:10:37,efficientnet_lite0_batch1_node_1_local_train,c4e8211a-4c20-4ee0-a1ae-e9e6369206f1,5b0fa12a-3dd7-45bb-9766-cc326314d9f1,6.9018734260462224,7.467726792630007e-05,1.0819854743276475e-05,115.30645201440001,86.959744586941,6.0,0.0001233742305276202,0.00018456598100158317,6.372605673192689e-06,0.00031431281720239605,0.0,United Kingdom,GBR,england,,,Linux-6.4.0-150600.23.73_15.0.14-cray_shasta_c_64k-aarch64-with-glibc2.38,3.11.7,3.3.0,72,Neoverse-V2,1,1 x NVIDIA GH200 120GB,-2.5917,51.4535,64,machine,0.0,11.333333333333334,38.7,331.21478271484375,N,1.0,0.0
2026-09-26T23:11:05,efficientnet_lite0_batch1_node_1_evaluate,15209d5b-1e70-4036-a598-032da9932adb,5b0fa12a-3dd7-45bb-9766-cc326314d9f1,12.530355168040842,0.0001645102279941216,1.3128935755445412e-05,115.50194648640002,146.45925346270104,6.0,0.0003039776217189711,0.00038199919450221387,6.438354490092025e-06,0.0006924151707112771,0.0,United Kingdom,GBR,england,,,Linux-6.4.0-150600.23.73_15.0.14-cray_shasta_c_64k-aarch64-with-glibc2.38,3.11.7,3.3.0,72,Neoverse-V2,1,1 x NVIDIA GH200 120GB,-2.5917,51.4535,64,machine,0.0,1.7777777777777777,37.93333333333333,324.9943033854167,N,1.0,0.0
2026-09-26T23:11:14,efficientnet_lite0_batch1_node_2_local_train,313c6abe-752a-4625-ab32-785f4e7dc584,5b0fa12a-3dd7-45bb-9766-cc326314d9f1,8.297562531195581,0.00010175205234826648,1.2262884668325025e-05,115.3503573408,738.8106271642009,6.0,0.0001683392828404663,0.0002512274232060463,8.702499801681068e-06,0.00042826920584819364,0.0,United Kingdom,GBR,england,,,Linux-6.4.0-150600.23.73_15.0.14-cray_shasta_c_64k-aarch64-with-glibc2.38,3.11.7,3.3.0,72,Neoverse-V2,1,1 x NVIDIA GH200 120GB,-2.5917,51.4535,64,machine,0.0,11.2,37.92,324.641943359375,N,1.0,0.0
2026-09-26T23:11:52,efficientnet_lite0_batch1_node_2_evaluate,01dfd3c0-1f5e-4a1e-bffa-649ea33a8a6e,5b0fa12a-3dd7-45bb-9766-cc326314d9f1,8.016204187879339,8.852100831840753e-05,1.1042758672770969e-05,115.5585679488,145.55320408505355,6.0,0.000159684087213668,0.0002063146094997137,6.581718703188623e-06,0.00037258041541657035,0.0,United Kingdom,GBR,england,,,Linux-6.4.0-150600.23.73_15.0.14-cray_shasta_c_64k-aarch64-with-glibc2.38,3.11.7,3.3.0,72,Neoverse-V2,1,1 x NVIDIA GH200 120GB,-2.5917,51.4535,64,machine,25.1,3.0,38.3,327.94773864746094,N,1.0,0.0
2026-09-26T23:12:13,efficientnet_lite0_batch1_node_3_local_train,b6d276e6-aa5c-4496-a4d2-c21443dd3026,5b0fa12a-3dd7-45bb-9766-cc326314d9f1,15.19009654596448,0.00021550011971675155,1.4186882819648898e-05,115.3561653,155.27458365952882,6.0,0.00038887677682280066,0.0005105834640346529,7.568787072086707e-06,0.0009070290279295403,0.0,United Kingdom,GBR,england,,,Linux-6.4.0-150600.23.73_15.0.14-cray_shasta_c_64k-aarch64-with-glibc2.38,3.11.7,3.3.0,72,Neoverse-V2,1,1 x NVIDIA GH200 120GB,-2.5917,51.4535,64,machine,1.9666666666666668,5.666666666666667,38.391666666666666,328.7194417317708,N,1.0,0.0
2026-09-26T23:12:33,efficientnet_lite0_batch1_node_3_evaluate,0a440e11-036a-4b78-a1ef-9a3304839c0e,5b0fa12a-3dd7-45bb-9766-cc326314d9f1,15.00189528777264,0.00020562975557330253,1.370691846788865e-05,115.44900099840001,145.03500327759167,6.0,0.0003831106030854237,0.00047578760285205135,6.586962034537768e-06,0.0008654851679720127,0.0,United Kingdom,GBR,england,,,Linux-6.4.0-150600.23.73_15.0.14-cray_shasta_c_64k-aarch64-with-glibc2.38,3.11.7,3.3.0,72,Neoverse-V2,1,1 x NVIDIA GH200 120GB,-2.5917,51.4535,64,machine,7.872727272727274,0.7272727272727273,38.06363636363636,325.90362548828125,N,1.0,0.0
2026-09-26T23:12:40,efficientnet_lite0_batch1_node_4_local_train,71134ee1-8f48-485e-8148-99651577377a,5b0fa12a-3dd7-45bb-9766-cc326314d9f1,6.3050961589906365,6.20128612758446e-05,9.835355355749571e-06,115.2899338464,84.01887423200544,6.0,0.00010438194494794808,0.00015122206544049277,5.404964251987015e-06,0.00026100897464042785,0.0,United Kingdom,GBR,england,,,Linux-6.4.0-150600.23.73_15.0.14-cray_shasta_c_64k-aarch64-with-glibc2.38,3.11.7,3.3.0,72,Neoverse-V2,1,1 x NVIDIA GH200 120GB,-2.5917,51.4535,64,machine,0.0,10.0,38.0,325.1007080078125,N,1.0,0.0
2026-09-26T23:13:12,efficientnet_lite0_batch1_node_4_evaluate,42cf7b6f-a465-4042-98ab-02ad300d8fea,5b0fa12a-3dd7-45bb-9766-cc326314d9f1,20.482387053081766,0.0002988809383905913,1.4592095033455679e-05,115.40073015771429,150.43919667051082,6.0,0.0005579422786641968,0.0006936697215991217,6.362646671477705e-06,0.0012579746469347963,0.0,United Kingdom,GBR,england,,,Linux-6.4.0-150600.23.73_15.0.14-cray_shasta_c_64k-aarch64-with-glibc2.38,3.11.7,3.3.0,72,Neoverse-V2,1,1 x NVIDIA GH200 120GB,-2.5917,51.4535,64,machine,0.5882352941176471,0.7058823529411765,38.11764705882354,326.4646678251379,N,1.0,0.0
2026-09-26T23:23:58,efficientnet_lite0_batch1_node_5_local_train,b153f55a-c562-42e1-b3e1-1a8e344f4fc6,5b0fa12a-3dd7-45bb-9766-cc326314d9f1,7.1823272339534014,7.780322870984943e-05,1.083259313806339e-05,115.8245429184,160.2415303628568,6.0,0.0001331320285861353,0.00018918765135822468,5.150146983020629e-06,0.0003274698269273806,0.0,United Kingdom,GBR,england,,,Linux-6.4.0-150600.23.73_15.0.14-cray_shasta_c_64k-aarch64-with-glibc2.38,3.11.7,3.3.0,72,Neoverse-V2,1,1 x NVIDIA GH200 120GB,-2.5917,51.4535,64,machine,37.97500000000001,9.0,28.85,246.99838256835938,N,1.0,0.0
2026-09-26T23:24:13,efficientnet_lite0_batch1_node_5_evaluate,3d06630b-2d8f-4a9a-aefe-142c5fa4274b,5b0fa12a-3dd7-45bb-9766-cc326314d9f1,7.950903407065198,8.731063125327383e-05,1.0981221476755627e-05,116.0000665488,144.83679487936308,6.0,0.00015827069858385484,0.00020274210665149894,6.47319476158979e-06,0.0003674859999969436,0.0,United Kingdom,GBR,england,,,Linux-6.4.0-150600.23.73_15.0.14-cray_shasta_c_64k-aarch64-with-glibc2.38,3.11.7,3.3.0,72,Neoverse-V2,1,1 x NVIDIA GH200 120GB,-2.5917,51.4535,64,machine,0.0,3.0,28.8,246.9081573486328,N,1.0,0.0
2026-09-26T23:24:18,efficientnet_lite0_batch1_node_1_upload,ffeb4ac7-2f7d-4302-8c0f-0320eedca83d,5b0fa12a-3dd7-45bb-9766-cc326314d9f1,3.0821900099981576,1.0683934299249814e-06,3.466345119733939e-07,115.7509980288,1102.24148407417,6.0,5.652109322956907e-07,3.921947566709605e-06,9.655031608417631e-09,4.496813530613713e-06,0.0,United Kingdom,GBR,england,,,Linux-6.4.0-150600.23.73_15.0.14-cray_shasta_c_64k-aarch64-with-glibc2.38,3.11.7,3.3.0,72,Neoverse-V2,1,1 x NVIDIA GH200 120GB,-2.5917,51.4535,64,machine,0,0,0,0,N,1.0,0.0
2026-09-26T23:24:35,efficientnet_lite0_batch1_node_3_upload,c96f3d4b-799c-4658-be62-a4fb060b4619,5b0fa12a-3dd7-45bb-9766-cc326314d9f1,10.055118313990533,0.00011866539852595021,1.1801492018332699e-05,116.0784436114286,141.4132852498567,6.0,0.00022524057583405178,0.00027420577492875964,1.0267708372945587e-08,0.0004994566184711843,0.0,United Kingdom,GBR,england,,,Linux-6.4.0-150600.23.73_15.0.14-cray_shasta_c_64k-aarch64-with-glibc2.38,3.11.7,3.3.0,72,Neoverse-V2,1,1 x NVIDIA GH200 120GB,-2.5917,51.4535,64,machine,0.0,0.0,28.900000000000002,247.57536824544272,N,1.0,0.0
2026-09-26T23:24:51,efficientnet_lite0_batch1_node_5_upload,df3293bc-64e1-4664-8c55-c920a4babb06,5b0fa12a-3dd7-45bb-9766-cc326314d9f1,4.08673376403749,1.7042571927502743e-05,4.1702182993847705e-06,115.42869786240003,138.81101467512403,6.0,3.2619228540762406e-05,3.910169793641671e-05,1.0390745010226965e-08,7.173131722218935e-05,0.0,United Kingdom,GBR,england,,,Linux-6.4.0-150600.23.73_15.0.14-cray_shasta_c_64k-aarch64-with-glibc2.38,3.11.7,3.3.0,72,Neoverse-V2,1,1 x NVIDIA GH200 120GB,-2.5917,51.4535,64,machine,5.6,0.0,28.7,246.09814453125,N,1.0,0.0
2026-09-26T23:25:16,mobilevit_xxs_batch1_node_0_local_train,40f5e788-ce61-4251-8484-d6ef5e8d5b82,5b0fa12a-3dd7-45bb-9766-cc326314d9f1,8.999831940978765,0.00010977627225459758,1.219759135220685e-05,115.4343792672,79.30547062625038,6.0,0.00019081712754536508,0.00026133354241153484,9.89206878351979e-06,0.0004620427387404197,0.0,United Kingdom,GBR,england,,,Linux-6.4.0-150600.23.73_15.0.14-cray_shasta_c_64k-aarch64-with-glibc2.38,3.11.7,3.3.0,72,Neoverse-V2,1,1 x NVIDIA GH200 120GB,-2.5917,51.4535,64,machine,0.0,15.4,29.4,251.938720703125,N,1.0,0.0
2026-09-26T23:40:43,mobilevit_xxs_batch1_node_0_evaluate,f9700e81-41f6-44fc-a7ab-d0a833ca29c1,5b0fa12a-3dd7-45bb-9766-cc326314d9f1,11.156087438110262,0.0001405241803075003,1.2596188501307031e-05,115.65127228032003,145.00301895273589,6.0,0.0002595764898839258,0.00032514331566346755,6.739312120092411e-06,0.0005914591176674858,0.0,United Kingdom,GBR,england,,,Linux-6.4.0-150600.23.73_15.0.14-cray_shasta_c_64k-aarch64-with-glibc2.38,3.11.7,3.3.0,72,Neoverse-V2,1,1 x NVIDIA GH200 120GB,-2.5917,51.4535,64,machine,0.0,1.0,29.5,252.81620025634766,N,1.0,0.0
2026-09-26T23:41:02,mobilevit_xxs_batch1_node_1_local_train,affbe34f-7691-4b93-bdd9-94aa7fdca42f,5b0fa12a-3dd7-45bb-9766-cc326314d9f1,14.786961185047403,0.00020784307607435524,1.4055834290315611e-05,115.38493539840002,149.41281322746534,6.0,0.0003760161706240305,0.0004884362240602513,1.0348526546731592e-05,0.0008748009212310134,0.0,United Kingdom,GBR,england,,,Linux-6.4.0-150600.23.73_15.0.14-cray_shasta_c_64k-aarch64-with-glibc2.38,3.11.7,3.3.0,72,Neoverse-V2,1,1 x NVIDIA GH200 120GB,-2.5917,51.4535,64,machine,1.0727272727272728,10.181818181818182,29.54545454545455,253.0951260653409,N,1.0,0.0
2026-09-26T23:41:50,mobilevit_xxs_batch1_node_1_evaluate,a847ee8c-033b-4769-a0f9-05add7f6606f,5b0fa12a-3dd7-45bb-9766-cc326314d9f1,8.14498883485794,8.893345382441282e-05,1.0918793828642975e-05,115.57205308800002,140.43618699344682,6.0,0.0001634817733501175,0.00020412238552580675,6.712218668544666e-06,0.0003743163775444689,0.0,United Kingdom,GBR,england,,,Linux-6.4.0-150600.23.73_15.0.14-cray_shasta_c_64k-aarch64-with-glibc2.38,3.11.7,3.3.0,72,Neoverse-V2,1,1 x NVIDIA GH200 120GB,-2.5917,51.4535,64,machine,0.0,2.4,29.5,252.90087890625,N,1.0,0.0
2026-09-26T23:42:11,mobilevit_xxs_batch1_node_2_local_train,683071af-18f6-424d-88b7-0f1b25cb0add,5b0fa12a-3dd7-45bb-9766-cc326314d9f1,12.517088927095756,0.00017422702906781494,1.3919133281115028e-05,115.41886349760003,155.3365211765926,6.0,0.00030406510591734045,0.0004151567210186613,1.4090864593551183e-05,0.0007333126915295529,0.0,United Kingdom,GBR,england,,,Linux-6.4.0-150600.23.73_15.0.14-cray_shasta_c_64k-aarch64-with-glibc2.38,3.11.7,3.3.0,72,Neoverse-V2,1,1 x NVIDIA GH200 120GB,-2.5917,51.4535,64,machine,0.0,5.111111111111111,29.58888888888889,253.21971299913196,N,1.0,0.0
2026-09-26T23:42:31,mobilevit_xxs_batch1_node_2_evaluate,8038c31a-c5f8-4fef-a501-c9443e55ab4a,5b0fa12a-3dd7-45bb-9766-cc326314d9f1,11.168562400853261,0.00014088460765462768,1.261439051850257e-05,115.64956228608003,144.38213412068592,6.0,0.00026076229450796055,0.0003253822047497579,6.831638756363342e-06,0.0005929761380140818,0.0,United Kingdom,GBR,england,,,Linux-6.4.0-150600.23.73_15.0.14-cray_shasta_c_64k-aarch64-with-glibc2.38,3.11.7,3.3.0,72,Neoverse-V2,1,1 x NVIDIA GH200 120GB,-2.5917,51.4535,64,machine,0.0,1.75,29.599999999999998,253.42220306396484,N,1.0,0.0
2026-09-26T23:42:55,mobilevit_xxs_batch1_node_3_local_train,8de8afb2-1715-4f00-9cc4-ecfcf862bcc3,5b0fa12a-3dd7-45bb-9766-cc326314d9f1,11.421493327012286,0.0001539367960934006,1.347781692691042e-05,115.42044188880004,149.3581105453918,6.0,0.0002687889234620436,0.0003668866824000361,1.223652851030541e-05,0.000647912134372385,0.0,United Kingdom,GBR,england,,,Linux-6.4.0-150600.23.73_15.0.14-cray_shasta_c_64k-aarch64-with-glibc2.38,3.11.7,3.3.0,72,Neoverse-V2,1,1 x NVIDIA GH200 120GB,-2.5917,51.4535,64,machine,0.0,16.625,29.525,252.981201171875,N,1.0,0.0
2026-09-26T23:43:10,mobilevit_xxs_batch1_node_3_evaluate,f794fb84-2136-4bf7-b2e8-1ef0a1b2fc6c,5b0fa12a-3dd7-45bb-9766-cc326314d9f1,11.801618091063574,0.00015117284723040224,1.2809501719503481e-05,115.54377851520002,143.73220924174643,6.0,0.0002808511787160589,0.0003486636122715936,6.764023395177598e-06,0.0006362788143828302,0.0,United Kingdom,GBR,england,,,Linux-6.4.0-150600.23.73_15.0.14-cray_shasta_c_64k-aarch64-with-glibc2.38,3.11.7,3.3.0,72,Neoverse-V2,1,1 x NVIDIA GH200 120GB,-2.5917,51.4535,64,machine,2.35,2.125,29.5,252.75426483154297,N,1.0,0.0
2026-09-26T23:47:40,mobilevit_xxs_batch1_node_4_local_train,db290bbc-24ff-4e60-82af-cb67ae222e2c,5b0fa12a-3dd7-45bb-9766-cc326314d9f1,264.7617773921229,0.004574079468276482,1.7276207741656324e-05,115.23089166546384,141.4370565934482,6.0,0.008473764175663756,0.010343995497422043,0.0004343078396209361,0.01925206751270674,0.0,United Kingdom,GBR,england,,,Linux-6.4.0-150600.23.73_15.0.14-cray_shasta_c_64k-aarch64-with-glibc2.38,3.11.7,3.3.0,72,Neoverse-V2,1,1 x NVIDIA GH200 120GB,-2.5917,51.4535,64,machine,1.7492424242424243,0.14393939393939395,29.50075757575758,252.87279094349253,N,1.0,0.0
2026-09-26T23:48:01,mobilevit_xxs_batch1_node_4_evaluate,b005584b-64a6-44a5-a05c-d008ddce6855,5b0fa12a-3dd7-45bb-9766-cc326314d9f1,8.00880915299058,8.703927082835711e-05,1.0867941683421895e-05,115.60101065280001,143.1995907133812,6.0,0.0001592319580651469,0.00020055766044890788,6.554239275477206e-06,0.000366343857789532,0.0,United Kingdom,GBR,england,,,Linux-6.4.0-150600.23.73_15.0.14-cray_shasta_c_64k-aarch64-with-glibc2.38,3.11.7,3.3.0,72,Neoverse-V2,1,1 x NVIDIA GH200 120GB,-2.5917,51.4535,64,machine,0.0,2.25,29.525,253.0086212158203,N,1.0,0.0
2026-09-26T23:48:10,mobilevit_xxs_batch1_node_5_local_train,873cc996-4ace-4646-9e60-ddd1b1162136,5b0fa12a-3dd7-45bb-9766-cc326314d9f1,8.735618719831109,0.00010399250563143667,1.1904423597994123e-05,115.38603696384001,149.7876006765515,6.0,0.0001824655124881421,0.0002474451979423975,7.78844917464691e-06,0.00043769915960518654,0.0,United Kingdom,GBR,england,,,Linux-6.4.0-150600.23.73_15.0.14-cray_shasta_c_64k-aarch64-with-glibc2.38,3.11.7,3.3.0,72,Neoverse-V2,1,1 x NVIDIA GH200 120GB,-2.5917,51.4535,64,machine,15.98,7.4,29.6,253.23160400390626,N,1.0,0.0
2026-09-26T23:48:20,mobilevit_xxs_batch1_node_5_evaluate,fe7ac681-f773-4cb8-8d2f-e4878196cda4,5b0fa12a-3dd7-45bb-9766-cc326314d9f1,7.138692687032744,7.116224078644866e-05,9.968525597930989e-06,115.48556815680003,584.0817392878587,6.0,0.00012758366786651563,0.00016535263227979158,6.581946853548288e-06,0.0002995182469998555,0.0,United Kingdom,GBR,england,,,Linux-6.4.0-150600.23.73_15.0.14-cray_shasta_c_64k-aarch64-with-glibc2.38,3.11.7,3.3.0,72,Neoverse-V2,1,1 x NVIDIA GH200 120GB,-2.5917,51.4535,64,machine,42.333333333333336,4.0,29.600000000000005,253.449462890625,N,1.0,0.0
2026-09-26T23:48:30,mobilevit_xxs_batch1_node_0_upload,9571e5a3-1744-4978-b386-ffd32ae61186,5b0fa12a-3dd7-45bb-9766-cc326314d9f1,6.085601721191779,5.160113720058227e-05,8.479216939368966e-06,115.22819344320001,143.9188359534653,6.0,9.662343185400167e-05,0.00012055342976680095,9.696681906158726e-09,0.00021718655830270877,0.0,United Kingdom,GBR,england,,,Linux-6.4.0-150600.23.73_15.0.14-cray_shasta_c_64k-aarch64-with-glibc2.38,3.11.7,3.3.0,72,Neoverse-V2,1,1 x NVIDIA GH200 120GB,-2.5917,51.4535,64,machine,0.0,0.0,29.600000000000005,253.5022989908854,N,1.0,0.0
2026-09-26T23:48:36,mobilevit_xxs_batch1_node_1_upload,6b0797f4-325d-45e1-a60c-dd85ecb23dc4,5b0fa12a-3dd7-45bb-9766-cc326314d9f1,3.0899616051465273,1.0314259623032335e-06,3.337989574321338e-07,115.20711141120002,1320.4243648229321,6.0,4.378267105156866e-07,3.897780899819736e-06,5.611731903627515e-09,4.34121934223905e-06,0.0,United Kingdom,GBR,england,,,Linux-6.4.0-150600.23.73_15.0.14-cray_shasta_c_64k-aarch64-with-glibc2.38,3.11.7,3.3.0,72,Neoverse-V2,1,1 x NVIDIA GH200 120GB,-2.5917,51.4535,64,machine,0,0,0,0,N,1.0,0.0
2026-09-26T23:48:48,mobilevit_xxs_batch1_node_2_upload,bee1d6ff-15bd-447b-af54-e918c4dc0df1,5b0fa12a-3dd7-45bb-9766-cc326314d9f1,8.254299364984035,8.75160306799091e-05,1.0602478394612766e-05,115.20642021120003,140.25566981955564,6.0,0.0001661690859805912,0.00020217543951162043,5.990229935074847e-09,0.00036835051572214666,0.0,United Kingdom,GBR,england,,,Linux-6.4.0-150600.23.73_15.0.14-cray_shasta_c_64k-aarch64-with-glibc2.38,3.11.7,3.3.0,72,Neoverse-V2,1,1 x NVIDIA GH200 120GB,-2.5917,51.4535,64,machine,0.0,0.0,29.6,253.47919921875,N,1.0,0.0
2026-09-26T23:49:00,mobilevit_xxs_batch1_node_4_upload,2751b06b-c161-41bd-aa03-b70b73f3288d,5b0fa12a-3dd7-45bb-9766-cc326314d9f1,8.731512971920893,9.574069913095264e-05,1.0964960991163726e-05,115.20971066880004,141.17882921687047,6.0,0.0001813214796917959,0.00022164073287456176,5.513763365646204e-09,0.0004029677263297233,0.0,United Kingdom,GBR,england,,,Linux-6.4.0-150600.23.73_15.0.14-cray_shasta_c_64k-aarch64-with-glibc2.38,3.11.7,3.3.0,72,Neoverse-V2,1,1 x NVIDIA GH200 120GB,-2.5917,51.4535,64,machine,0.0,0.0,29.5,252.6916015625,N,1.0,0.0
2026-09-26T23:49:19,mobilevit_xxs_batch1_node_0_exchange,10635c20-624a-4656-b456-68a1bb0babb7,5b0fa12a-3dd7-45bb-9766-cc326314d9f1,4.093989606015384,1.6969092681074085e-05,4.144879277695538e-06,115.20770290560002,138.57008439218808,6.0,3.248048252428616e-05,3.893614226058162e-05,5.422031584506234e-09,7.14220468164523e-05,0.0,United Kingdom,GBR,england,,,Linux-6.4.0-150600.23.73_15.0.14-cray_shasta_c_64k-aarch64-with-glibc2.38,3.11.7,3.3.0,72,Neoverse-V2,1,1 x NVIDIA GH200 120GB,-2.5917,51.4535,64,machine,0.0,0.0,29.5,252.7154541015625,N,1.0,0.0
2026-09-26T23:49:25,mobilevit_xxs_batch1_node_1_exchange,36af1325-cfb9-42b4-8f69-3a7e3e94333a,5b0fa12a-3dd7-45bb-9766-cc326314d9f1,4.088805274805054,1.6981600677960824e-05,4.15319379051879e-06,115.20770290560002,138.7089399672669,6.0,3.248536617740229e-05,3.898280895953121e-05,6.517201351622741e-09,7.147469233828512e-05,0.0,United Kingdom,GBR,england,,,Linux-6.4.0-150600.23.73_15.0.14-cray_shasta_c_64k-aarch64-with-glibc2.38,3.11.7,3.3.0,72,Neoverse-V2,1,1 x NVIDIA GH200 120GB,-2.5917,51.4535,64,machine,0.0,0.0,29.5,252.82275390625,N,1.0,0.0
2026-09-26T23:49:35,mobilevit_xxs_batch1_node_4_exchange,97e6c122-4857-4570-8a7b-944f8b535b2f,5b0fa12a-3dd7-45bb-9766-cc326314d9f1,3.093424028949812,1.0603182364213331e-07,3.427652421712458e-08,115.20829440000003,0.0,6.0,4.397676919900776e-07,0.0,6.5148532545814915e-09,4.462825452446591e-07,0.0,United Kingdom,GBR,england,,,Linux-6.4.0-150600.23.73_15.0.14-cray_shasta_c_64k-aarch64-with-glibc2.38,3.11.7,3.3.0,72,Neoverse-V2,1,1 x NVIDIA GH200 120GB,-2.5917,51.4535,64,machine,0,0,0,0,N,1.0,0.0
2026-09-26T23:49:41,mobilevit_xxs_batch1_node_5_exchange,fe479525-b4d8-4f83-a08e-fff9d159ff4a,5b0fa12a-3dd7-45bb-9766-cc326314d9f1,4.47937384294346,2.359217165389899e-05,5.266845876475503e-06,115.20829440000003,140.00467288377635,6.0,4.488004136810244e-05,5.4411154650324534e-05,7.0528647241493074e-09,9.929824888315112e-05,0.0,United Kingdom,GBR,england,,,Linux-6.4.0-150600.23.73_15.0.14-cray_shasta_c_64k-aarch64-with-glibc2.38,3.11.7,3.3.0,72,Neoverse-V2,1,1 x NVIDIA GH200 120GB,-2.5917,51.4535,64,machine,0.0,0.0,29.5,252.77252197265625,N,1.0,0.0
2026-09-26T23:50:01,mobilevit_xxs_batch1_node_0_evaluate,3660bc37-8b93-4e10-8711-d72fdc40408a,5b0fa12a-3dd7-45bb-9766-cc326314d9f1,11.86452142498456,0.00015249001766930243,1.2852605866443608e-05,115.59299727744,144.31605955343304,6.0,0.0002830410503477384,0.0003521091705493973,6.672496776251743e-06,0.0006418227176733874,0.0,United Kingdom,GBR,england,,,Linux-6.4.0-150600.23.73_15.0.14-cray_shasta_c_64k-aarch64-with-glibc2.38,3.11.7,3.3.0,72,Neoverse-V2,1,1 x NVIDIA GH200 120GB,-2.5917,51.4535,64,machine,0.0,2.0,29.5,252.80917358398438,N,1.0,0.0
2026-09-26T23:51:02,mobilevit_xxs_batch1_node_1_evaluate,ca532aee-19b0-4ce2-9f4b-62319878ac36,5b0fa12a-3dd7-45bb-9766-cc326314d9f1,14.097109682159498,0.00019093941593402853,1.3544579012226217e-05,115.62535771056002,146.00071429769702,6.0,0.00035389368315029,0.00044311063227553404,6.649961220100523e-06,0.0008036542766459245,0.0,United Kingdom,GBR,england,,,Linux-6.4.0-150600.23.73_15.0.14-cray_shasta_c_64k-aarch64-with-glibc2.38,3.11.7,3.3.0,72,Neoverse-V2,1,1 x NVIDIA GH200 120GB,-2.5917,51.4535,64,machine,10.20909090909091,1.0909090909090908,29.5,252.7796963778409,N,1.0,0.0
2026-09-26T23:51:13,mobilevit_xxs_batch1_node_4_evaluate,ea0d3b9f-3eb4-44f4-8258-e1e58e88b4f3,5b0fa12a-3dd7-45bb-9766-cc326314d9f1,7.007172505138442,7.016300103841238e-05,1.001302607962927e-05,115.475823792,73.98907765530932,6.0,0.00012719913886228673,0.00016155651813676286,6.556840795092284e-06,0.0002953124977941419,0.0,United Kingdom,GBR,england,,,Linux-6.4.0-150600.23.73_15.0.14-cray_shasta_c_64k-aarch64-with-glibc2.38,3.11.7,3.3.0,72,Neoverse-V2,1,1 x NVIDIA GH200 120GB,-2.5917,51.4535,64,machine,0.0,4.0,29.5,253.0334676106771,N,1.0,0.0
2026-09-26T23:51:31,mobilevit_xxs_batch1_node_5_evaluate,5fb11ca0-0f63-49c8-a745-4d1a4a5b1aa1,5b0fa12a-3dd7-45bb-9766-cc326314d9f1,12.92019556905143,0.00016965499909933005,1.3130993117914988e-05,115.49172312000002,143.77365694650223,6.0,0.0003162971178093083,0.00039124725745409705,6.524874993677562e-06,0.0007140692502570829,0.0,United Kingdom,GBR,england,,,Linux-6.4.0-150600.23.73_15.0.14-cray_shasta_c_64k-aarch64-with-glibc2.38,3.11.7,3.3.0,72,Neoverse-V2,1,1 x NVIDIA GH200 120GB,-2.5917,51.4535,64,machine,4.3999999999999995,1.1111111111111112,29.5,252.73658582899304,N,1.0,0.0
2026-09-26T23:53:49,mobilenet_v3_small_batch2_node_0_local_train,955af55f-6259-429e-9cc6-a2ee642584cc,5b0fa12a-3dd7-45bb-9766-cc326314d9f1,8.500436312984675,9.622445650145063e-05,1.131994323096861e-05,115.71101141760002,201.63421760893323,6.0,0.00017500941379545873,0.00022098545456117336,9.008968106548612e-06,0.0004050038364631807,0.0,United Kingdom,GBR,england,,,Linux-6.4.0-150600.23.73_15.0.14-cray_shasta_c_64k-aarch64-with-glibc2.38,3.11.7,3.3.0,72,Neoverse-V2,1,1 x NVIDIA GH200 120GB,-2.5917,51.4535,64,machine,1.9,2.6,29.1,249.42069091796876,N,1.0,0.0
2026-09-26T23:54:14,mobilenet_v3_small_batch2_node_0_evaluate,29805206-f553-4422-8839-bb3d6c94d98a,5b0fa12a-3dd7-45bb-9766-cc326314d9f1,12.185190996155143,0.00015753957434735946,1.2928773492107653e-05,115.489833444,140.09518101989812,6.0,0.00029330243320083735,0.00035881973150253543,1.095387984144812e-05,0.0006630760445448209,0.0,United Kingdom,GBR,england,,,Linux-6.4.0-150600.23.73_15.0.14-cray_shasta_c_64k-aarch64-with-glibc2.38,3.11.7,3.3.0,72,Neoverse-V2,1,1 x NVIDIA GH200 120GB,-2.5917,51.4535,64,machine,2.3666666666666667,0.4444444444444444,29.12222222222222,249.58492702907986,N,1.0,0.0
2026-09-26T23:58:50,mobilenet_v3_small_batch2_node_1_local_train,19960e0b-bc26-4040-8195-2931c2c6f64b,5b0fa12a-3dd7-45bb-9766-cc326314d9f1,14.290379095822573,0.00019438802322108725,1.3602719838126031e-05,115.4411658761143,143.9161345225888,6.0,0.00036044853556970434,0.0004486845256082006,9.03622789308429e-06,0.0008181692890709893,0.0,United Kingdom,GBR,england,,,Linux-6.4.0-150600.23.73_15.0.14-cray_shasta_c_64k-aarch64-with-glibc2.38,3.11.7,3.3.0,72,Neoverse-V2,1,1 x NVIDIA GH200 120GB,-2.5917,51.4535,64,machine,3.5818181818181825,2.1818181818181817,29.1,249.37058882279828,N,1.0,0.0
2026-09-27T00:00:52,mobilenet_v3_small_batch2_node_1_evaluate,04311a09-4097-49c4-a005-8ba91af550d0,5b0fa12a-3dd7-45bb-9766-cc326314d9f1,9.930166196078062,0.00011902846791637902,1.198655345399854e-05,115.69636579680001,142.92472066579757,6.0,0.00022115589975330117,0.0002734049409554018,6.423918334767222e-06,0.0005009847590434701,0.0,United Kingdom,GBR,england,,,Linux-6.4.0-150600.23.73_15.0.14-cray_shasta_c_64k-aarch64-with-glibc2.38,3.11.7,3.3.0,72,Neoverse-V2,1,1 x NVIDIA GH200 120GB,-2.5917,51.4535,64,machine,12.383333333333335,0.3333333333333333,29.116666666666664,249.4769490559896,N,1.0,0.0
2026-09-27T00:03:34,mobilenet_v3_small_batch2_node_2_local_train,9daafab5-d1cd-4f48-8633-921fe7cf5cee,5b0fa12a-3dd7-45bb-9766-cc326314d9f1,12.463779801968485,0.00016579169009126575,1.3301878942460232e-05,115.46793288000002,143.70407615477632,6.0,0.00030244942585847526,0.00038302447309490617,1.2334880456716443e-05,0.0006978087794100979,0.0,United Kingdom,GBR,england,,,Linux-6.4.0-150600.23.73_15.0.14-cray_shasta_c_64k-aarch64-with-glibc2.38,3.11.7,3.3.0,72,Neoverse-V2,1,1 x NVIDIA GH200 120GB,-2.5917,51.4535,64,machine,8.81111111111111,3.2222222222222223,29.15555555555555,249.7132364908854,N,1.0,0.0
2026-09-27T00:04:18,mobilenet_v3_small_batch2_node_2_evaluate,346c97a4-0af7-4e68-8f76-ed4504a2d8db,5b0fa12a-3dd7-45bb-9766-cc326314d9f1,7.029102388070896,7.00707553169358e-05,9.968663343964519e-06,115.54350531840002,72.69192925382659,6.0,0.00012818190507623558,0.00016012846143098614,6.613873743529742e-06,0.0002949242402507515,0.0,United Kingdom,GBR,england,,,Linux-6.4.0-150600.23.73_15.0.14-cray_shasta_c_64k-aarch64-with-glibc2.38,3.11.7,3.3.0,72,Neoverse-V2,1,1 x NVIDIA GH200 120GB,-2.5917,51.4535,64,machine,18.033333333333335,1.0,29.100000000000005,249.48490397135416,N,1.0,0.0
2026-09-27T00:04:38,mobilenet_v3_small_batch2_node_3_local_train,ab3ebbed-9495-45c7-affc-e18fe6ca1bf1,5b0fa12a-3dd7-45bb-9766-cc326314d9f1,13.849369140109047,0.0001879596930516068,1.3571715155404315e-05,115.46462658157716,144.37218542676354,6.0,0.000346474792953231,0.00043412618065019615,1.0511801195098087e-05,0.0007911127747985252,0.0,United Kingdom,GBR,england,,,Linux-6.4.0-150600.23.73_15.0.14-cray_shasta_c_64k-aarch64-with-glibc2.38,3.11.7,3.3.0,72,Neoverse-V2,1,1 x NVIDIA GH200 120GB,-2.5917,51.4535,64,machine,10.969999999999999,3.5,29.209999999999997,249.9296447753906,N,1.0,0.0
2026-09-27T00:04:52,mobilenet_v3_small_batch2_node_3_evaluate,becd98cc-2b45-4e90-9b7e-83ebea646624,5b0fa12a-3dd7-45bb-9766-cc326314d9f1,10.988440811866894,0.00013639684693639932,1.2412757121019248e-05,115.72225938432001,141.72899068234264,6.0,0.00025528438378549605,0.0003122666387156414,6.536359222761045e-06,0.0005740873817238985,0.0,United Kingdom,GBR,england,,,Linux-6.4.0-150600.23.73_15.0.14-cray_shasta_c_64k-aarch64-with-glibc2.38,3.11.7,3.3.0,72,Neoverse-V2,1,1 x NVIDIA GH200 120GB,-2.5917,51.4535,64,machine,0.0,0.42857142857142855,29.300000000000004,250.94557407924108,N,1.0,0.0
2026-09-27T00:05:16,mobilenet_v3_small_batch2_node_4_local_train,10653556-f3a4-4265-8c67-e04a3956de49,5b0fa12a-3dd7-45bb-9766-cc326314d9f1,8.97277103108354,0.0001043923582737372,1.1634349958569145e-05,115.47397756224001,143.07421851927882,6.0,0.0001902532854448396,0.00024095908165122637,8.169751915071779e-06,0.00043938211901113774,0.0,United Kingdom,GBR,england,,,Linux-6.4.0-150600.23.73_15.0.14-cray_shasta_c_64k-aarch64-with-glibc2.38,3.11.7,3.3.0,72,Neoverse-V2,1,1 x NVIDIA GH200 120GB,-2.5917,51.4535,64,machine,26.46,3.6,29.3,251.1942626953125,N,1.0,0.0
2026-09-27T00:05:37,mobilenet_v3_small_batch2_node_4_evaluate,2a9cff09-3487-41cc-acb8-b8d73714f77d,5b0fa12a-3dd7-45bb-9766-cc326314d9f1,11.312437734100968,0.0001422829655440144,1.2577568945648835e-05,115.64705779200001,142.88514274150631,6.0,0.00026538866233634004,0.0003271172061403149,6.3558866720025745e-06,0.0005988617551486576,0.0,United Kingdom,GBR,england,,,Linux-6.4.0-150600.23.73_15.0.14-cray_shasta_c_64k-aarch64-with-glibc2.38,3.11.7,3.3.0,72,Neoverse-V2,1,1 x NVIDIA GH200 120GB,-2.5917,51.4535,64,machine,4.1875,0.375,29.524999999999995,252.7437286376953,N,1.0,0.0
2026-09-27T00:07:16,mobilenet_v3_small_batch2_node_5_local_train,cf2f2e06-5eb2-4058-a460-5d597fcd6220,5b0fa12a-3dd7-45bb-9766-cc326314d9f1,93.09752845112234,0.001551637096204055,1.666679150369377e-05,115.25333366474185,141.64456927499933,6.0,0.0028808911096372984,0.003524228097148807,0.0001256423023917402,0.006530761509177845,0.0,United Kingdom,GBR,england,,,Linux-6.4.0-150600.23.73_15.0.14-cray_shasta_c_64k-aarch64-with-glibc2.38,3.11.7,3.3.0,72,Neoverse-V2,1,1 x NVIDIA GH200 120GB,-2.5917,51.4535,64,machine,1.09,0.35555555555555557,29.104444444444393,249.41286146375867,N,1.0,0.0
2026-09-27T00:08:09,mobilenet_v3_small_batch2_node_5_evaluate,7d75f292-e2f7-4541-91e8-36562a20dce8,5b0fa12a-3dd7-45bb-9766-cc326314d9f1,45.122127048904076,0.000724371024615216,1.6053565556209954e-05,115.4064256110091,141.92723241634107,6.0,0.0013471979850482358,0.001646918817527876,5.472394600743427e-05,0.0030488407485835456,0.0,United Kingdom,GBR,england,,,Linux-6.4.0-150600.23.73_15.0.14-cray_shasta_c_64k-aarch64-with-glibc2.38,3.11.7,3.3.0,72,Neoverse-V2,1,1 x NVIDIA GH200 120GB,-2.5917,51.4535,64,machine,1.2761904761904763,0.07142857142857142,29.109523809523818,249.47979591006325,N,1.0,0.0
2026-09-27T00:08:13,mobilenet_v3_small_batch2_node_0_upload,e4d652a5-ce1a-41df-9758-9ea3f352ed2f,5b0fa12a-3dd7-45bb-9766-cc326314d9f1,3.0689594079740345,1.0163914330698622e-07,3.311843846578702e-08,115.20509379840001,0.0,6.0,4.2222554738366324e-07,0.0,5.568430060520768e-09,4.27793977444184e-07,0.0,United Kingdom,GBR,england,,,Linux-6.4.0-150600.23.73_15.0.14-cray_shasta_c_64k-aarch64-with-glibc2.38,3.11.7,3.3.0,72,Neoverse-V2,1,1 x NVIDIA GH200 120GB,-2.5917,51.4535,64,machine,0,0,0,0,N,1.0,0.0
2026-09-27T00:08:40,mobilenet_v3_small_batch2_node_1_upload,1ae96a8b-cfe1-473e-bb13-fdad6ca96efe,5b0fa12a-3dd7-45bb-9766-cc326314d9f1,8.428492788923904,8.974228739372279e-05,1.0647489372198953e-05,115.21012469760002,138.29054605546898,6.0,0.00017171167698399128,0.00020598460923793027,2.4430619863172376e-08,0.0003777207168417847,0.0,United Kingdom,GBR,england,,,Linux-6.4.0-150600.23.73_15.0.14-cray_shasta_c_64k-aarch64-with-glibc2.38,3.11.7,3.3.0,72,Neoverse-V2,1,1 x NVIDIA GH200 120GB,-2.5917,51.4535,64,machine,0.0,0.0,29.1,249.35654296875,N,1.0,0.0
2026-09-27T00:09:05,mobilenet_v3_small_batch2_node_0_exchange,be8e8c75-a5ce-4694-8541-02e91a8d051a,5b0fa12a-3dd7-45bb-9766-cc326314d9f1,15.750828298041597,0.00021259643167769224,1.349747630123844e-05,115.20805856787693,139.1854159236837,6.0,0.00040528653728588677,0.0004895137249576464,7.29062167617182e-09,0.0008948075528652094,0.0,United Kingdom,GBR,england,,,Linux-6.4.0-150600.23.73_15.0.14-cray_shasta_c_64k-aarch64-with-glibc2.38,3.11.7,3.3.0,72,Neoverse-V2,1,1 x NVIDIA GH200 120GB,-2.5917,51.4535,64,machine,0.0,0.0,29.100000000000005,249.37831115722656,N,1.0,0.0
2026-09-27T00:09:18,mobilenet_v3_small_batch2_node_1_exchange,060a1b2b-c525-4ad4-a40c-36f95322bbed,5b0fa12a-3dd7-45bb-9766-cc326314d9f1,9.124844439094886,0.00010133067598986273,1.1104920929469998e-05,115.20847035977145,139.18989002651625,6.0,0.00019320173536816984,0.00023328685328749543,7.065561755249898e-09,0.0004264956542174205,0.0,United Kingdom,GBR,england,,,Linux-6.4.0-150600.23.73_15.0.14-cray_shasta_c_64k-aarch64-with-glibc2.38,3.11.7,3.3.0,72,Neoverse-V2,1,1 x NVIDIA GH200 120GB,-2.5917,51.4535,64,machine,3.3666666666666667,0.0,29.099999999999998,249.452392578125,N,1.0,0.0
2026-09-27T00:09:30,mobilenet_v3_small_batch2_node_2_exchange,c5a67342-4f72-4746-adda-9574cd378d68,5b0fa12a-3dd7-45bb-9766-cc326314d9f1,7.722565137082711,7.77089325720978e-05,1.0062580398182729e-05,115.20694448640002,139.20793591069364,6.0,0.000148186295532921,0.00017887930977167343,7.33398172693948e-09,0.00032707293928632133,0.0,United Kingdom,GBR,england,,,Linux-6.4.0-150600.23.73_15.0.14-cray_shasta_c_64k-aarch64-with-glibc2.38,3.11.7,3.3.0,72,Neoverse-V2,1,1 x NVIDIA GH200 120GB,-2.5917,51.4535,64,machine,0.0,0.0,29.1,249.4753875732422,N,1.0,0.0
2026-09-27T00:09:39,mobilenet_v3_small_batch2_node_3_exchange,259df237-24d5-4950-a213-4a26f5d71e7f,5b0fa12a-3dd7-45bb-9766-cc326314d9f1,4.548286597011611,2.498385514677564e-05,5.493025695256526e-06,115.2065790144,143.66337021355764,6.0,4.6854941596441085e-05,5.8295046628131786e-05,5.785598186776043e-09,0.00010515577382275965,0.0,United Kingdom,GBR,england,,,Linux-6.4.0-150600.23.73_15.0.14-cray_shasta_c_64k-aarch64-with-glibc2.38,3.11.7,3.3.0,72,Neoverse-V2,1,1 x NVIDIA GH200 120GB,-2.5917,51.4535,64,machine,0.0,0.0,29.1,249.5611572265625,N,1.0,0.0
2026-09-27T00:10:03,mobilenet_v3_small_batch2_node_4_exchange,5e33bc1c-9bda-4aa1-bbed-599393d76626,5b0fa12a-3dd7-45bb-9766-cc326314d9f1,9.124642424052581,0.00010127951013097509,1.1099559349745261e-05,115.20750095177145,139.20154101571006,6.0,0.00019308392581592428,0.00023317074209217026,2.5631815272693835e-08,0.00042628029972336724,0.0,United Kingdom,GBR,england,,,Linux-6.4.0-150600.23.73_15.0.14-cray_shasta_c_64k-aarch64-with-glibc2.38,3.11.7,3.3.0,72,Neoverse-V2,1,1 x NVIDIA GH200 120GB,-2.5917,51.4535,64,machine,3.9166666666666665,0.0,29.2,250.25106811523438,N,1.0,0.0
2026-09-27T00:10:15,mobilenet_v3_small_batch2_node_5_exchange,36249a01-052a-49b8-b5ed-defc7792e954,5b0fa12a-3dd7-45bb-9766-cc326314d9f1,3.1295622559264302,3.824770131196163e-07,1.222142209810085e-07,115.20711141120002,0.0,6.0,1.604363061193116e-06,0.0,5.463206519683202e-09,1.6098262677127993e-06,0.0,United Kingdom,GBR,england,,,Linux-6.4.0-150600.23.73_15.0.14-cray_shasta_c_64k-aarch64-with-glibc2.38,3.11.7,3.3.0,72,Neoverse-V2,1,1 x NVIDIA GH200 120GB,-2.5917,51.4535,64,machine,0,0,0,0,N,1.0,0.0
2026-09-27T00:11:05,mobilenet_v3_small_batch2_node_0_evaluate,e36a8659-c57e-4664-85e2-39a012c4a546,5b0fa12a-3dd7-45bb-9766-cc326314d9f1,7.867404293036088,8.377817617705132e-05,1.0648769664882788e-05,115.63831471680001,141.28488397878067,6.0,0.0001550886263679801,0.0001911940418466429,6.335408283242335e-06,0.00035261807649786535,0.0,United Kingdom,GBR,england,,,Linux-6.4.0-150600.23.73_15.0.14-cray_shasta_c_64k-aarch64-with-glibc2.38,3.11.7,3.3.0,72,Neoverse-V2,1,1 x NVIDIA GH200 120GB,-2.5917,51.4535,64,machine,9.575000000000001,0.5,30.575000000000003,261.74749755859375,N,1.0,0.0
2026-09-27T00:11:20,mobilenet_v3_small_batch2_node_1_evaluate,adb365d8-bb6c-4b9a-b2a3-3b4f781361ee,5b0fa12a-3dd7-45bb-9766-cc326314d9f1,7.924577966099605,8.521170996923806e-05,1.0752838868361639e-05,115.63813003680002,141.93053159955343,6.0,0.00015688733859875838,0.00019534960073031016,6.4148078866613404e-06,0.0003586517472157299,0.0,United Kingdom,GBR,england,,,Linux-6.4.0-150600.23.73_15.0.14-cray_shasta_c_64k-aarch64-with-glibc2.38,3.11.7,3.3.0,72,Neoverse-V2,1,1 x NVIDIA GH200 120GB,-2.5917,51.4535,64,machine,0.0,0.75,29.674999999999997,253.89654541015625,N,1.0,0.0
2026-09-27T00:11:31,mobilenet_v3_small_batch2_node_2_evaluate,30a1d73f-9019-447a-9d0a-849f68ae368a,5b0fa12a-3dd7-45bb-9766-cc326314d9f1,8.000552247045562,8.586663399023532e-05,1.073258836875218e-05,115.68505780800001,140.8503065197346,6.0,0.00015951237784254667,0.00019534126738562918,6.5546438350187e-06,0.0003614082890631945,0.0,United Kingdom,GBR,england,,,Linux-6.4.0-150600.23.73_15.0.14-cray_shasta_c_64k-aarch64-with-glibc2.38,3.11.7,3.3.0,72,Neoverse-V2,1,1 x NVIDIA GH200 120GB,-2.5917,51.4535,64,machine,0.0,0.75,29.7,254.26988220214844,N,1.0,0.0
2026-09-27T00:11:39,mobilenet_v3_small_batch2_node_3_evaluate,a526a6a7-3bb7-46b9-8bc5-f715bd71f703,5b0fa12a-3dd7-45bb-9766-cc326314d9f1,6.952488168142736,6.8552921079715e-05,9.860199603623058e-06,115.54865756640001,72.40565730106306,6.0,0.00012568983850477476,0.00015636179176681253,6.484122981783003e-06,0.0002885357532533703,0.0,United Kingdom,GBR,england,,,Linux-6.4.0-150600.23.73_15.0.14-cray_shasta_c_64k-aarch64-with-glibc2.38,3.11.7,3.3.0,72,Neoverse-V2,1,1 x NVIDIA GH200 120GB,-2.5917,51.4535,64,machine,0.0,1.0,29.333333333333332,251.3940633138021,N,1.0,0.0
2026-09-27T00:11:52,mobilenet_v3_small_batch2_node_4_evaluate,cc0fc3f0-0fe5-4063-a828-4dd2d16b4355,5b0fa12a-3dd7-45bb-9766-cc326314d9f1,10.326750448904932,0.0001258165527292089,1.2183557000987734e-05,115.66826898336001,142.88681847550632,6.0,0.00023399948133212578,0.0002892021758214014,6.353805133063967e-06,0.0005295554622865911,0.0,United Kingdom,GBR,england,,,Linux-6.4.0-150600.23.73_15.0.14-cray_shasta_c_64k-aarch64-with-glibc2.38,3.11.7,3.3.0,72,Neoverse-V2,1,1 x NVIDIA GH200 120GB,-2.5917,51.4535,64,machine,0.0,0.5714285714285714,29.728571428571428,254.87847028459822,N,1.0,0.0
2026-09-27T00:12:15,mobilenet_v3_small_batch2_node_5_evaluate,626362e5-fa96-4cab-837f-10ada258bcbd,5b0fa12a-3dd7-45bb-9766-cc326314d9f1,14.456988184014335,0.00019516176271259597,1.3499475840230268e-05,115.56354387600003,143.08851704909665,6.0,0.0003657882198566674,0.00044923813717900885,6.3995621465922634e-06,0.0008214259191822685,0.0,United Kingdom,GBR,england,,,Linux-6.4.0-150600.23.73_15.0.14-cray_shasta_c_64k-aarch64-with-glibc2.38,3.11.7,3.3.0,72,Neoverse-V2,1,1 x NVIDIA GH200 120GB,-2.5917,51.4535,64,machine,5.854545454545455,0.2727272727272727,29.45454545454545,252.16624866832387,N,1.0,0.0
2026-09-27T00:13:10,efficientnet_lite0_batch2_node_0_local_train,8a87d49c-74d0-4229-995e-70c73d5663ac,5b0fa12a-3dd7-45bb-9766-cc326314d9f1,7.638855191878974,8.612062809989205e-05,1.1274022865553032e-05,115.4109547152,155.07141956028596,6.0,0.0001472907585013931,0.00020923488960988834,5.951689222905164e-06,0.00036247733733418656,0.0,United Kingdom,GBR,england,,,Linux-6.4.0-150600.23.73_15.0.14-cray_shasta_c_64k-aarch64-with-glibc2.38,3.11.7,3.3.0,72,Neoverse-V2,1,1 x NVIDIA GH200 120GB,-2.5917,51.4535,64,machine,0.0,10.0,30.500000000000004,261.2424011230469,N,1.0,0.0
2026-09-27T00:13:20,efficientnet_lite0_batch2_node_0_evaluate,1acf8f3f-bf67-48ea-9b19-dd151ec93110,5b0fa12a-3dd7-45bb-9766-cc326314d9f1,6.893965523922816,6.879951098049692e-05,9.979671459300903e-06,115.46059294080001,75.0737863075837,6.0,0.0001236031421669992,0.00015958373879243481,6.38675662688911e-06,0.0002895736375863231,0.0,United Kingdom,GBR,england,,,Linux-6.4.0-150600.23.73_15.0.14-cray_shasta_c_64k-aarch64-with-glibc2.38,3.11.7,3.3.0,72,Neoverse-V2,1,1 x NVIDIA GH200 120GB,-2.5917,51.4535,64,machine,0.0,4.0,30.433333333333334,260.42791748046875,N,1.0,0.0
2026-09-27T00:13:35,efficientnet_lite0_batch2_node_1_local_train,621e1b5f-e7ee-4f48-9e65-f9b1260f6173,5b0fa12a-3dd7-45bb-9766-cc326314d9f1,9.801215484039858,0.0001233988289316222,1.2590155693705834e-05,115.40800281600002,156.7224589172323,6.0,0.0002164222026065731,0.0002967416262720235,6.215557084651664e-06,0.0005193793859632483,0.0,United Kingdom,GBR,england,,,Linux-6.4.0-150600.23.73_15.0.14-cray_shasta_c_64k-aarch64-with-glibc2.38,3.11.7,3.3.0,72,Neoverse-V2,1,1 x NVIDIA GH200 120GB,-2.5917,51.4535,64,machine,0.0,6.0,31.149999999999995,266.78489176432294,N,1.0,0.0
2026-09-27T00:13:42,efficientnet_lite0_batch2_node_1_evaluate,7d575602-fb72-439a-964d-2479ad4403ca,5b0fa12a-3dd7-45bb-9766-cc326314d9f1,6.901873081922531,6.901694464355517e-05,9.99974120421385e-06,115.48449779040001,75.05821242548093,6.0,0.00012400793203092025,0.00016007707250764724,6.403800261129315e-06,0.0002904888047996968,0.0,United Kingdom,GBR,england,,,Linux-6.4.0-150600.23.73_15.0.14-cray_shasta_c_64k-aarch64-with-glibc2.38,3.11.7,3.3.0,72,Neoverse-V2,1,1 x NVIDIA GH200 120GB,-2.5917,51.4535,64,machine,28.96666666666667,3.3333333333333335,31.7,271.6029052734375,N,1.0,0.0
2026-09-27T00:14:25,efficientnet_lite0_batch2_node_2_local_train,61f01bfe-8ad8-4cad-b465-fe138c670ac4,5b0fa12a-3dd7-45bb-9766-cc326314d9f1,8.195196948945522,9.988472038751512e-05,1.2188202554469092e-05,115.34644523520001,429.0170965315705,6.0,0.0001648683767619019,0.000247023808711333,8.517515260027721e-06,0.0004204097007332626,0.0,United Kingdom,GBR,england,,,Linux-6.4.0-150600.23.73_15.0.14-cray_shasta_c_64k-aarch64-with-glibc2.38,3.11.7,3.3.0,72,Neoverse-V2,1,1 x NVIDIA GH200 120GB,-2.5917,51.4535,64,machine,0.0,14.4,29.7,254.5930419921875,N,1.0,0.0
2026-09-27T00:17:27,efficientnet_lite0_batch2_node_2_evaluate,367a8655-e41a-4681-aa7e-08f8f88782a9,5b0fa12a-3dd7-45bb-9766-cc326314d9f1,177.18067554500885,0.003054285062721063,1.723825159445895e-05,115.28868385443654,141.27784862463636,6.0,0.005670901568654659,0.006919599146783639,0.0002648295512030988,0.012855330266641398,0.0,United Kingdom,GBR,england,,,Linux-6.4.0-150600.23.73_15.0.14-cray_shasta_c_64k-aarch64-with-glibc2.38,3.11.7,3.3.0,72,Neoverse-V2,1,1 x NVIDIA GH200 120GB,-2.5917,51.4535,64,machine,1.2734463276836157,0.0903954802259887,29.548022598870055,252.99977103195621,N,1.0,0.0
2026-09-27T00:17:38,efficientnet_lite0_batch2_node_3_local_train,2dca2530-6ae1-4c8d-b63c-d92d1f46ab86,5b0fa12a-3dd7-45bb-9766-cc326314d9f1,9.427659690147266,0.00011864357812578346,1.2584626728707279e-05,115.46719732224003,156.00826444916396,6.0,0.0002048615928801725,0.0002872255075629937,7.277677075083678e-06,0.0004993647775182498,0.0,United Kingdom,GBR,england,,,Linux-6.4.0-150600.23.73_15.0.14-cray_shasta_c_64k-aarch64-with-glibc2.38,3.11.7,3.3.0,72,Neoverse-V2,1,1 x NVIDIA GH200 120GB,-2.5917,51.4535,64,machine,4.233333333333333,7.666666666666667,29.5,252.85055541992188,N,1.0,0.0
2026-09-27T00:18:47,efficientnet_lite0_batch2_node_3_evaluate,35b2fec7-468f-4919-9c43-3e38c0b56265,5b0fa12a-3dd7-45bb-9766-cc326314d9f1,10.770205897977576,0.0001344479288043654,1.2483320196284452e-05,115.52393564064,145.43498444431322,6.0,0.0002477798779502632,0.0003116291381957126,6.475468423450366e-06,0.0005658844845694261,0.0,United Kingdom,GBR,england,,,Linux-6.4.0-150600.23.73_15.0.14-cray_shasta_c_64k-aarch64-with-glibc2.38,3.11.7,3.3.0,72,Neoverse-V2,1,1 x NVIDIA GH200 120GB,-2.5917,51.4535,64,machine,17.914285714285715,1.7142857142857142,29.5,252.60784912109375,N,1.0,0.0
2026-09-27T00:18:57,efficientnet_lite0_batch2_node_4_local_train,a7a1f347-d685-478f-936d-67dd66091904,5b0fa12a-3dd7-45bb-9766-cc326314d9f1,7.464435352012515,8.272066955620652e-05,1.1081972802390723e-05,115.40203719840002,154.84386421674347,6.0,0.00014163375356057346,0.00020087627180487289,5.6570596267314005e-06,0.00034816708499217777,0.0,United Kingdom,GBR,england,,,Linux-6.4.0-150600.23.73_15.0.14-cray_shasta_c_64k-aarch64-with-glibc2.38,3.11.7,3.3.0,72,Neoverse-V2,1,1 x NVIDIA GH200 120GB,-2.5917,51.4535,64,machine,0.0,4.5,29.5,252.91224670410156,N,1.0,0.0
2026-09-27T00:19:26,efficientnet_lite0_batch2_node_4_evaluate,a661e9e4-b577-4991-8404-3782fc41cc08,5b0fa12a-3dd7-45bb-9766-cc326314d9f1,7.885136567987502,8.571134217426679e-05,1.0869988291926646e-05,115.57619847360002,145.1926465021948,6.0,0.00015525584032276388,0.00019914460376924126,6.35422962717712e-06,0.00036075467371918224,0.0,United Kingdom,GBR,england,,,Linux-6.4.0-150600.23.73_15.0.14-cray_shasta_c_64k-aarch64-with-glibc2.38,3.11.7,3.3.0,72,Neoverse-V2,1,1 x NVIDIA GH200 120GB,-2.5917,51.4535,64,machine,0.0,3.0,29.525,252.7583770751953,N,1.0,0.0
2026-09-27T00:19:55,efficientnet_lite0_batch2_node_5_local_train,748f36f7-09cf-4308-8c80-1e9c6a0267af,5b0fa12a-3dd7-45bb-9766-cc326314d9f1,23.74567686393857,0.0003692874468418779,1.5551775969911272e-05,115.36293695040001,150.45906466141196,6.0,0.000673128863223282,0.0008502709579971679,3.0912233806836107e-05,0.001554312055027286,0.0,United Kingdom,GBR,england,,,Linux-6.4.0-150600.23.73_15.0.14-cray_shasta_c_64k-aarch64-with-glibc2.38,3.11.7,3.3.0,72,Neoverse-V2,1,1 x NVIDIA GH200 120GB,-2.5917,51.4535,64,machine,1.345,1.9,29.5,252.53661193847657,N,1.0,0.0
2026-09-27T00:20:37,efficientnet_lite0_batch2_node_5_evaluate,67b35f00-b9bc-4b9c-85e2-e737ee998953,5b0fa12a-3dd7-45bb-9766-cc326314d9f1,6.900256290799007,6.999006545590923e-05,1.0143110995635905e-05,115.47998822880001,77.39648553975034,6.0,0.0001237675100556796,0.00016443790933351465,6.379201346232246e-06,0.00029458462073542646,0.0,United Kingdom,GBR,england,,,Linux-6.4.0-150600.23.73_15.0.14-cray_shasta_c_64k-aarch64-with-glibc2.38,3.11.7,3.3.0,72,Neoverse-V2,1,1 x NVIDIA GH200 120GB,-2.5917,51.4535,64,machine,35.93333333333333,2.6666666666666665,29.5,252.92547607421875,N,1.0,0.0
2026-09-27T00:20:50,efficientnet_lite0_batch2_node_2_upload,b08a66cc-d77b-4ac7-b942-07bfb4a39dc9,5b0fa12a-3dd7-45bb-9766-cc326314d9f1,4.085402863100171,1.6961337611765674e-05,4.151692790192719e-06,115.21493562240002,138.41285093863675,6.0,3.248444813559599e-05,3.889947558377571e-05,5.482405346507828e-09,7.138940612471821e-05,0.0,United Kingdom,GBR,england,,,Linux-6.4.0-150600.23.73_15.0.14-cray_shasta_c_64k-aarch64-with-glibc2.38,3.11.7,3.3.0,72,Neoverse-V2,1,1 x NVIDIA GH200 120GB,-2.5917,51.4535,64,machine,0.0,0.0,29.5,252.60821533203125,N,1.0,0.0
2026-09-27T00:21:17,efficientnet_lite0_batch2_node_3_upload,d067f935-305b-475a-b33c-91d77bcc47e8,5b0fa12a-3dd7-45bb-9766-cc326314d9f1,17.020708942087367,0.00023530794346479376,1.3824802730921755e-05,115.21027587291431,140.42485597366866,6.0,0.00044641162449271743,0.0005439821018455859,5.4228849088152254e-09,0.0009903991492232122,0.0,United Kingdom,GBR,england,,,Linux-6.4.0-150600.23.73_15.0.14-cray_shasta_c_64k-aarch64-with-glibc2.38,3.11.7,3.3.0,72,Neoverse-V2,1,1 x NVIDIA GH200 120GB,-2.5917,51.4535,64,machine,0.8076923076923077,0.0,29.5,252.58273080679086,N,1.0,0.0
2026-09-27T00:21:41,mobilevit_xxs_batch2_node_0_local_train,81e1404c-fedb-4f97-a1e7-0e9967db94e0,5b0fa12a-3dd7-45bb-9766-cc326314d9f1,13.2050871970132,0.00017992670210995387,1.3625559560913063e-05,115.40430900864003,149.0576749580647,6.0,0.00032558768071429197,0.0004224445046361325,9.270139714935795e-06,0.0007573023250653602,0.0,United Kingdom,GBR,england,,,Linux-6.4.0-150600.23.73_15.0.14-cray_shasta_c_64k-aarch64-with-glibc2.38,3.11.7,3.3.0,72,Neoverse-V2,1,1 x NVIDIA GH200 120GB,-2.5917,51.4535,64,machine,0.0,5.0,29.890000000000004,256.2043029785156,N,1.0,0.0
2026-09-27T00:21:49,mobilevit_xxs_batch2_node_0_evaluate,6a8db07c-63a6-478b-a84a-22b6e02a8cd1,5b0fa12a-3dd7-45bb-9766-cc326314d9f1,7.001955548999831,7.108399590579742e-05,1.0152020447480726e-05,115.47849251520002,75.66225394664308,6.0,0.0001271547674040193,0.00016546763238523,6.5665184931519135e-06,0.0002991889182824012,0.0,United Kingdom,GBR,england,,,Linux-6.4.0-150600.23.73_15.0.14-cray_shasta_c_64k-aarch64-with-glibc2.38,3.11.7,3.3.0,72,Neoverse-V2,1,1 x NVIDIA GH200 120GB,-2.5917,51.4535,64,machine,0.0,2.6666666666666665,30.0,256.6033935546875,N,1.0,0.0
2026-09-27T00:21:59,mobilevit_xxs_batch2_node_1_local_train,da42127e-6278-46b9-9637-68ee81b33f0b,5b0fa12a-3dd7-45bb-9766-cc326314d9f1,9.021136462921277,0.00011005091065922033,1.219922912279979e-05,115.39803242880001,79.4211990857572,6.0,0.00019149566339194679,0.00026178993167036424,9.913082735147328e-06,0.00046319867779745836,0.0,United Kingdom,GBR,england,,,Linux-6.4.0-150600.23.73_15.0.14-cray_shasta_c_64k-aarch64-with-glibc2.38,3.11.7,3.3.0,72,Neoverse-V2,1,1 x NVIDIA GH200 120GB,-2.5917,51.4535,64,machine,10.36,2.8,30.0,256.6177124023437,N,1.0,0.0
2026-09-27T00:22:12,mobilevit_xxs_batch2_node_1_evaluate,d7a7e3ed-ba53-4b00-8972-4715d62103e3,5b0fa12a-3dd7-45bb-9766-cc326314d9f1,8.084359436063096,8.880550520671139e-05,1.0984853643513617e-05,115.67936572416002,143.91238481120348,6.0,0.0001620320907918455,0.00020506571961220743,6.680037925252691e-06,0.0003737778483293056,0.0,United Kingdom,GBR,england,,,Linux-6.4.0-150600.23.73_15.0.14-cray_shasta_c_64k-aarch64-with-glibc2.38,3.11.7,3.3.0,72,Neoverse-V2,1,1 x NVIDIA GH200 120GB,-2.5917,51.4535,64,machine,0.0,2.4,29.52,252.963134765625,N,1.0,0.0
2026-09-27T00:22:35,mobilevit_xxs_batch2_node_2_local_train,f5608da5-5be7-4e45-8a7d-41fb3fae17c6,5b0fa12a-3dd7-45bb-9766-cc326314d9f1,16.879170017084107,0.00024678572292139133,1.4620726177389604e-05,115.43349297600003,149.9252685064506,6.0,0.00044323571606517606,0.0005819521322223409,1.3520690076596415e-05,0.0010387085383641134,0.0,United Kingdom,GBR,england,,,Linux-6.4.0-150600.23.73_15.0.14-cray_shasta_c_64k-aarch64-with-glibc2.38,3.11.7,3.3.0,72,Neoverse-V2,1,1 x NVIDIA GH200 120GB,-2.5917,51.4535,64,machine,5.653846153846154,3.230769230769231,29.59230769230769,253.4149874173678,N,1.0,0.0
2026-09-27T00:22:47,mobilevit_xxs_batch2_node_2_evaluate,4bed675f-7880-4c16-a66c-e74be07a96f1,5b0fa12a-3dd7-45bb-9766-cc326314d9f1,8.097090610070154,8.98232052816041e-05,1.109326912680132e-05,115.68237114816002,144.98870973838945,6.0,0.00016267631806178877,0.00020865988915375056,6.7250888949880994e-06,0.00037806129611052744,0.0,United Kingdom,GBR,england,,,Linux-6.4.0-150600.23.73_15.0.14-cray_shasta_c_64k-aarch64-with-glibc2.38,3.11.7,3.3.0,72,Neoverse-V2,1,1 x NVIDIA GH200 120GB,-2.5917,51.4535,64,machine,3.0,3.0,29.7,254.2143310546875,N,1.0,0.0
2026-09-27T00:22:58,mobilevit_xxs_batch2_node_3_local_train,e2f8e2e0-6341-4965-9d70-f3797ceaf4b1,5b0fa12a-3dd7-45bb-9766-cc326314d9f1,10.014919785084203,0.0001297449213165423,1.2955163306427963e-05,115.43187757988574,714.6750453684838,6.0,0.000223742806228213,0.00031077635972565076,1.1570599635209267e-05,0.0005460897655890731,0.0,United Kingdom,GBR,england,,,Linux-6.4.0-150600.23.73_15.0.14-cray_shasta_c_64k-aarch64-with-glibc2.38,3.11.7,3.3.0,72,Neoverse-V2,1,1 x NVIDIA GH200 120GB,-2.5917,51.4535,64,machine,0.0,10.0,29.7,254.3407999674479,N,1.0,0.0
2026-09-27T00:23:10,mobilevit_xxs_batch2_node_3_evaluate,640d0544-3de5-4575-87f2-2849b6a4a1ad,5b0fa12a-3dd7-45bb-9766-cc326314d9f1,8.540029441006482,9.684474790245363e-05,1.1340095320683114e-05,115.60103361792002,144.7038833297396,6.0,0.0001766043008165662,0.0002243754572788248,6.634853281623994e-06,0.00040761461137701503,0.0,United Kingdom,GBR,england,,,Linux-6.4.0-150600.23.73_15.0.14-cray_shasta_c_64k-aarch64-with-glibc2.38,3.11.7,3.3.0,72,Neoverse-V2,1,1 x NVIDIA GH200 120GB,-2.5917,51.4535,64,machine,0.0,2.6,29.7,254.44808349609374,N,1.0,0.0
2026-09-27T00:23:19,mobilevit_xxs_batch2_node_4_local_train,f6006567-c241-4c28-9862-58827c4a1f02,5b0fa12a-3dd7-45bb-9766-cc326314d9f1,8.44369218684733,9.947669687270106e-05,1.1781184660859039e-05,115.37787651840002,79.36962551870681,6.0,0.0001730674571872646,0.0002366718560153913,8.953037338408953e-06,0.0004186923505410649,0.0,United Kingdom,GBR,england,,,Linux-6.4.0-150600.23.73_15.0.14-cray_shasta_c_64k-aarch64-with-glibc2.38,3.11.7,3.3.0,72,Neoverse-V2,1,1 x NVIDIA GH200 120GB,-2.5917,51.4535,64,machine,19.3,14.2,29.7,254.47822265625,N,1.0,0.0
2026-09-27T00:23:50,mobilevit_xxs_batch2_node_4_evaluate,11ef8540-56f2-42cb-91cd-d5eb153b5708,5b0fa12a-3dd7-45bb-9766-cc326314d9f1,7.987793109146878,8.6885937828348e-05,1.0877339540611574e-05,115.66909264320002,143.63823259475294,6.0,0.00015860878749398495,0.00020057654934646507,6.513150161675488e-06,0.0003656984870021255,0.0,United Kingdom,GBR,england,,,Linux-6.4.0-150600.23.73_15.0.14-cray_shasta_c_64k-aarch64-with-glibc2.38,3.11.7,3.3.0,72,Neoverse-V2,1,1 x NVIDIA GH200 120GB,-2.5917,51.4535,64,machine,0.0,2.0,29.5,252.6165008544922,N,1.0,0.0
2026-09-27T00:24:00,mobilevit_xxs_batch2_node_5_local_train,95110271-264d-4b98-b593-10107ed00ded,5b0fa12a-3dd7-45bb-9766-cc326314d9f1,8.70840422110632,0.00010539797798909683,1.2103018568390134e-05,115.36424856000002,80.76517195870825,6.0,0.00018136570132448504,0.0002528515911564,9.397428693482651e-06,0.00044361472117436767,0.0,United Kingdom,GBR,england,,,Linux-6.4.0-150600.23.73_15.0.14-cray_shasta_c_64k-aarch64-with-glibc2.38,3.11.7,3.3.0,72,Neoverse-V2,1,1 x NVIDIA GH200 120GB,-2.5917,51.4535,64,machine,7.26,15.0,29.5,252.77623291015624,N,1.0,0.0
2026-09-27T00:24:11,mobilevit_xxs_batch2_node_5_evaluate,1408e8c0-cb7b-43e5-82f8-7836af0d2fbe,5b0fa12a-3dd7-45bb-9766-cc326314d9f1,6.984382226830348,7.006603553576678e-05,1.0031815736917958e-05,115.4881803744,74.37614518596871,6.0,0.0001265096011946618,0.0001618604072746166,6.534366462922965e-06,0.00029490437493220136,0.0,United Kingdom,GBR,england,,,Linux-6.4.0-150600.23.73_15.0.14-cray_shasta_c_64k-aarch64-with-glibc2.38,3.11.7,3.3.0,72,Neoverse-V2,1,1 x NVIDIA GH200 120GB,-2.5917,51.4535,64,machine,0.0,4.0,29.5,252.9486083984375,N,1.0,0.0
2026-09-27T00:24:19,mobilevit_xxs_batch2_node_1_upload,bb9459a4-34c9-4727-beaf-a0d789ff079d,5b0fa12a-3dd7-45bb-9766-cc326314d9f1,3.0693194698542356,1.0278914652451799e-07,3.348923027859316e-08,115.20711141120002,0.0,6.0,4.272720359182627e-07,0.0,5.362246495982011e-09,4.3263428241424474e-07,0.0,United Kingdom,GBR,england,,,Linux-6.4.0-150600.23.73_15.0.14-cray_shasta_c_64k-aarch64-with-glibc2.38,3.11.7,3.3.0,72,Neoverse-V2,1,1 x NVIDIA GH200 120GB,-2.5917,51.4535,64,machine,0,0,0,0,N,1.0,0.0
2026-09-27T00:24:36,mobilevit_xxs_batch2_node_2_upload,b94af7ea-43b9-4ead-917a-1776b4eb6cd7,5b0fa12a-3dd7-45bb-9766-cc326314d9f1,6.843311792006716,6.293087412203864e-05,9.195967688560473e-06,115.21254294720002,137.3610651586789,6.0,0.00012087800411584933,0.00014398761518918946,7.22464833719035e-09,0.00026487284395337597,0.0,United Kingdom,GBR,england,,,Linux-6.4.0-150600.23.73_15.0.14-cray_shasta_c_64k-aarch64-with-glibc2.38,3.11.7,3.3.0,72,Neoverse-V2,1,1 x NVIDIA GH200 120GB,-2.5917,51.4535,64,machine,0.0,0.0,29.600000000000005,253.547119140625,N,1.0,0.0
2026-09-27T00:24:48,mobilevit_xxs_batch2_node_4_upload,1635bcd2-3ec4-4079-ba3e-0bd87ef3950d,5b0fa12a-3dd7-45bb-9766-cc326314d9f1,3.07356542092748,1.0432230098015094e-07,3.39417863923881e-08,115.20829440000003,0.0,6.0,4.330745696365834e-07,0.0,6.012681794042389e-09,4.3908725143062576e-07,0.0,United Kingdom,GBR,england,,,Linux-6.4.0-150600.23.73_15.0.14-cray_shasta_c_64k-aarch64-with-glibc2.38,3.11.7,3.3.0,72,Neoverse-V2,1,1 x NVIDIA GH200 120GB,-2.5917,51.4535,64,machine,0,0,0,0,N,1.0,0.0
2026-09-27T00:25:02,mobilevit_xxs_batch2_node_5_upload,fcaf33a2-89ab-42ac-97e7-83a524f9fd53,5b0fa12a-3dd7-45bb-9766-cc326314d9f1,4.116805850993842,1.821659930201913e-05,4.424935243818079e-06,115.20514667520001,145.77900937807783,6.0,3.390142165417538e-05,4.276586754770051e-05,5.449443512285749e-09,7.667273864538817e-05,0.0,United Kingdom,GBR,england,,,Linux-6.4.0-150600.23.73_15.0.14-cray_shasta_c_64k-aarch64-with-glibc2.38,3.11.7,3.3.0,72,Neoverse-V2,1,1 x NVIDIA GH200 120GB,-2.5917,51.4535,64,machine,0.0,0.0,29.6,253.16015625,N,1.0,0.0
2026-09-27T00:25:09,mobilevit_xxs_batch2_node_0_exchange,b4ce0b9d-ae41-46b9-b5cc-c4f2c4a549bd,5b0fa12a-3dd7-45bb-9766-cc326314d9f1,4.100278130033985,1.6955164430982386e-05,4.135125445951603e-06,115.21290090240001,138.3250916888699,6.0,3.2481843756545036e-05,3.887614221298463e-05,5.437551687161128e-09,7.136342352121684e-05,0.0,United Kingdom,GBR,england,,,Linux-6.4.0-150600.23.73_15.0.14-cray_shasta_c_64k-aarch64-with-glibc2.38,3.11.7,3.3.0,72,Neoverse-V2,1,1 x NVIDIA GH200 120GB,-2.5917,51.4535,64,machine,9.5,0.0,29.5,252.56787109375,N,1.0,0.0
2026-09-27T00:25:32,mobilevit_xxs_batch2_node_1_exchange,61383409-1f44-45a9-811e-cf482c77ffbd,5b0fa12a-3dd7-45bb-9766-cc326314d9f1,4.094024232821539,1.695792519683756e-05,4.142116468409474e-06,115.20711141120002,138.40124068216164,6.0,3.2478401376007114e-05,3.889114222488388e-05,5.499843197564284e-09,7.137504344408856e-05,0.0,United Kingdom,GBR,england,,,Linux-6.4.0-150600.23.73_15.0.14-cray_shasta_c_64k-aarch64-with-glibc2.38,3.11.7,3.3.0,72,Neoverse-V2,1,1 x NVIDIA GH200 120GB,-2.5917,51.4535,64,machine,0.0,0.0,29.5,252.7861328125,N,1.0,0.0
2026-09-27T00:25:47,mobilevit_xxs_batch2_node_4_exchange,1c07913f-f7a7-4171-85f4-3cc76ae27b6a,5b0fa12a-3dd7-45bb-9766-cc326314d9f1,3.096436924068257,1.0589473321462018e-06,3.4198898867117974e-07,115.20604661760001,1103.3430922611005,6.0,5.54489836663965e-07,3.8925031162762025e-06,1.0062433235968152e-08,4.457055386176135e-06,0.0,United Kingdom,GBR,england,,,Linux-6.4.0-150600.23.73_15.0.14-cray_shasta_c_64k-aarch64-with-glibc2.38,3.11.7,3.3.0,72,Neoverse-V2,1,1 x NVIDIA GH200 120GB,-2.5917,51.4535,64,machine,0,0,0,0,N,1.0,0.0
2026-09-27T00:26:05,mobilevit_xxs_batch2_node_5_exchange,6c734c72-9d33-44f8-9cb4-e9dd3295324b,5b0fa12a-3dd7-45bb-9766-cc326314d9f1,7.724518847186118,7.78104767168953e-05,1.007318102994079e-05,115.20649492992001,138.7978241140674,6.0,0.00014859640469905337,0.00017889847644880774,5.452272016555071e-09,0.00032750033341987764,0.0,United Kingdom,GBR,england,,,Linux-6.4.0-150600.23.73_15.0.14-cray_shasta_c_64k-aarch64-with-glibc2.38,3.11.7,3.3.0,72,Neoverse-V2,1,1 x NVIDIA GH200 120GB,-2.5917,51.4535,64,machine,0.0,0.0,29.5,252.85296630859375,N,1.0,0.0
2026-09-27T00:29:51,mobilevit_xxs_batch2_node_0_evaluate,5906f15b-cb5d-4bf1-9b23-a88da7a08c0d,5b0fa12a-3dd7-45bb-9766-cc326314d9f1,11.86171918711625,0.00015348496183865918,1.2939520774136074e-05,115.62972145920003,146.4733731757505,6.0,0.00028287755195129875,0.0003566633408809139,6.469494175010671e-06,0.0006460103870072234,0.0,United Kingdom,GBR,england,,,Linux-6.4.0-150600.23.73_15.0.14-cray_shasta_c_64k-aarch64-with-glibc2.38,3.11.7,3.3.0,72,Neoverse-V2,1,1 x NVIDIA GH200 120GB,-2.5917,51.4535,64,machine,0.5625,1.5,27.300000000000004,233.48397064208984,N,1.0,0.0
2026-09-27T00:30:04,mobilevit_xxs_batch2_node_1_evaluate,243b5f6d-30c3-4ae4-aee7-4f8b7003a1ba,5b0fa12a-3dd7-45bb-9766-cc326314d9f1,11.058211071882397,0.0001387241719248987,1.2544901794977604e-05,115.60841835552002,144.1741901073843,6.0,0.0002571195128385122,0.00032023025617888834,6.533205046628913e-06,0.0005838829740640295,0.0,United Kingdom,GBR,england,,,Linux-6.4.0-150600.23.73_15.0.14-cray_shasta_c_64k-aarch64-with-glibc2.38,3.11.7,3.3.0,72,Neoverse-V2,1,1 x NVIDIA GH200 120GB,-2.5917,51.4535,64,machine,3.1857142857142855,1.1428571428571428,27.300000000000004,233.68903459821428,N,1.0,0.0
2026-09-27T00:31:02,mobilevit_xxs_batch2_node_4_evaluate,7b630239-14c9-49fb-84a0-c85c008a7561,5b0fa12a-3dd7-45bb-9766-cc326314d9f1,7.9500176620204,8.65634373991933e-05,1.0888458501511587e-05,115.65941074560001,143.7404038869099,6.0,0.0001578706092978076,0.00019999182666197157,6.478663161785032e-06,0.00036434109912156416,0.0,United Kingdom,GBR,england,,,Linux-6.4.0-150600.23.73_15.0.14-cray_shasta_c_64k-aarch64-with-glibc2.38,3.11.7,3.3.0,72,Neoverse-V2,1,1 x NVIDIA GH200 120GB,-2.5917,51.4535,64,machine,0.0,2.5,27.3,233.96682739257812,N,1.0,0.0
2026-09-27T00:31:12,mobilevit_xxs_batch2_node_5_evaluate,3e27db4c-d348-496e-b905-64fc0677c50f,5b0fa12a-3dd7-45bb-9766-cc326314d9f1,6.98636018903926,6.99072066201497e-05,1.0006241408770407e-05,115.46765199360001,74.12894447834921,6.0,0.00012643475057571438,0.000161268740114906,6.532381425301235e-06,0.0002942358721159216,0.0,United Kingdom,GBR,england,,,Linux-6.4.0-150600.23.73_15.0.14-cray_shasta_c_64k-aarch64-with-glibc2.38,3.11.7,3.3.0,72,Neoverse-V2,1,1 x NVIDIA GH200 120GB,-2.5917,51.4535,64,machine,0.0,3.6666666666666665,27.3,234.0367431640625,N,1.0,0.0
2026-09-27T00:31:57,mobilenet_v3_small_batch3_node_0_local_train,8d142a33-04b9-4036-ac2e-baad1480e026,5b0fa12a-3dd7-45bb-9766-cc326314d9f1,8.334732129005715,9.607899694811287e-05,1.1527544672221462e-05,120.16329405120001,73.72279508649234,6.0,0.0001826825656480773,0.00021295267036691712,8.75636859680526e-06,0.0004043916046117997,0.0,United Kingdom,GBR,england,,,Linux-6.4.0-150600.23.73_15.0.14-cray_shasta_c_64k-aarch64-with-glibc2.38,3.11.7,3.3.0,72,Neoverse-V2,1,1 x NVIDIA GH200 120GB,-2.5917,51.4535,64,machine,0.0,5.0,27.1,232.0384521484375,N,1.0,0.0
2026-09-27T00:32:15,mobilenet_v3_small_batch3_node_0_evaluate,ea185457-7f7c-4966-9957-05fcad5ddbaf,5b0fa12a-3dd7-45bb-9766-cc326314d9f1,10.660412502009422,0.00013215813093958624,1.2397093537860309e-05,115.4592129970286,140.72855327506912,6.0,0.0002444684415831812,0.00030078996284998993,1.0988437548512593e-05,0.0005562468419816837,0.0,United Kingdom,GBR,england,,,Linux-6.4.0-150600.23.73_15.0.14-cray_shasta_c_64k-aarch64-with-glibc2.38,3.11.7,3.3.0,72,Neoverse-V2,1,1 x NVIDIA GH200 120GB,-2.5917,51.4535,64,machine,14.914285714285715,0.42857142857142855,27.099999999999998,231.98062569754464,N,1.0,0.0
2026-09-27T00:32:26,mobilenet_v3_small_batch3_node_1_local_train,a075e4d8-a76e-4b51-8665-a3d750bbab9b,5b0fa12a-3dd7-45bb-9766-cc326314d9f1,9.55573025206104,0.00011483632266242497,1.201753499034324e-05,115.40614236480002,143.78671128154173,6.0,0.00020878166273754264,0.0002654093789971057,9.149191451336569e-06,0.0004833402331859849,0.0,United Kingdom,GBR,england,,,Linux-6.4.0-150600.23.73_15.0.14-cray_shasta_c_64k-aarch64-with-glibc2.38,3.11.7,3.3.0,72,Neoverse-V2,1,1 x NVIDIA GH200 120GB,-2.5917,51.4535,64,machine,1.6666666666666667,2.8333333333333335,27.2,232.5873006184896,N,1.0,0.0
2026-09-27T00:32:34,mobilenet_v3_small_batch3_node_1_evaluate,db03b0cf-76c4-4746-9a8c-0fa0341d07c4,5b0fa12a-3dd7-45bb-9766-cc326314d9f1,6.943374454043806,6.83951396917212e-05,9.850417854374544e-06,115.56295853760003,72.63790549223465,6.0,0.00012518844005031922,0.00015622568052719998,6.4575388499846066e-06,0.0002878716594275038,0.0,United Kingdom,GBR,england,,,Linux-6.4.0-150600.23.73_15.0.14-cray_shasta_c_64k-aarch64-with-glibc2.38,3.11.7,3.3.0,72,Neoverse-V2,1,1 x NVIDIA GH200 120GB,-2.5917,51.4535,64,machine,0.0,1.0,27.100000000000005,232.23876953125,N,1.0,0.0
2026-09-27T00:32:46,mobilenet_v3_small_batch3_node_2_local_train,4fee365b-a877-4b12-99c9-07d2b4d8b4df,5b0fa12a-3dd7-45bb-9766-cc326314d9f1,10.756717002950609,0.00013726433364187442,1.2760801795215238e-05,115.47527247360001,74.51428375425083,6.0,0.0002475110324071221,0.0003174405317167839,1.2787024960077058e-05,0.0005777385890839829,0.0,United Kingdom,GBR,england,,,Linux-6.4.0-150600.23.73_15.0.14-cray_shasta_c_64k-aarch64-with-glibc2.38,3.11.7,3.3.0,72,Neoverse-V2,1,1 x NVIDIA GH200 120GB,-2.5917,51.4535,64,machine,0.0,4.142857142857143,27.199999999999996,232.88178362165178,N,1.0,0.0
2026-09-27T00:32:55,mobilenet_v3_small_batch3_node_2_evaluate,48c62a0c-a3c4-4035-a5f0-4c43aa00a3b6,5b0fa12a-3dd7-45bb-9766-cc326314d9f1,7.062343050958589,7.034290983635522e-05,9.960279375951216e-06,115.54573055040001,72.34353483894068,6.0,0.00012906692619340772,0.00016034623938310233,6.656559184969714e-06,0.00029606972476147977,0.0,United Kingdom,GBR,england,,,Linux-6.4.0-150600.23.73_15.0.14-cray_shasta_c_64k-aarch64-with-glibc2.38,3.11.7,3.3.0,72,Neoverse-V2,1,1 x NVIDIA GH200 120GB,-2.5917,51.4535,64,machine,0.0,1.0,27.100000000000005,232.4571533203125,N,1.0,0.0
2026-09-27T00:33:09,mobilenet_v3_small_batch3_node_3_local_train,156f234c-dd1a-4cd1-9dbc-a143a5dbaa3a,5b0fa12a-3dd7-45bb-9766-cc326314d9f1,9.775519559858367,0.00011960111351072402,1.2234757731123283e-05,115.42028237897144,74.04792575376736,6.0,0.00021611020258312604,0.0002760935542056586,1.119123839501602e-05,0.0005033949951838007,0.0,United Kingdom,GBR,england,,,Linux-6.4.0-150600.23.73_15.0.14-cray_shasta_c_64k-aarch64-with-glibc2.38,3.11.7,3.3.0,72,Neoverse-V2,1,1 x NVIDIA GH200 120GB,-2.5917,51.4535,64,machine,0.0,6.0,27.166666666666668,232.53865559895834,N,1.0,0.0
2026-09-27T00:33:39,mobilenet_v3_small_batch3_node_3_evaluate,7da4a6c5-3558-4b75-a988-06d4344a3370,5b0fa12a-3dd7-45bb-9766-cc326314d9f1,7.994810109958053,8.57574133952986e-05,1.0726635431713656e-05,115.6604518224,140.8368829660331,6.0,0.00015932154534742418,0.00019508210051810693,6.544939276451866e-06,0.000360948585141983,0.0,United Kingdom,GBR,england,,,Linux-6.4.0-150600.23.73_15.0.14-cray_shasta_c_64k-aarch64-with-glibc2.38,3.11.7,3.3.0,72,Neoverse-V2,1,1 x NVIDIA GH200 120GB,-2.5917,51.4535,64,machine,0.0,0.75,27.2,233.05491638183594,N,1.0,0.0
2026-09-27T00:34:04,mobilenet_v3_small_batch3_node_4_local_train,7feabaac-3d9f-4545-8ca2-c84a490a8630,5b0fa12a-3dd7-45bb-9766-cc326314d9f1,13.588432471966371,0.00018317432658898758,1.3480166087360375e-05,115.43469842880002,145.69892864068967,6.0,0.00033743239889384306,0.0004249147843893297,8.624227804830298e-06,0.0007709714110880031,0.0,United Kingdom,GBR,england,,,Linux-6.4.0-150600.23.73_15.0.14-cray_shasta_c_64k-aarch64-with-glibc2.38,3.11.7,3.3.0,72,Neoverse-V2,1,1 x NVIDIA GH200 120GB,-2.5917,51.4535,64,machine,3.25,1.8,27.199999999999996,233.17633666992188,N,1.0,0.0
2026-09-27T00:34:44,mobilenet_v3_small_batch3_node_4_evaluate,fb4eea6b-85c9-48bb-953c-632e5f8ca22f,5b0fa12a-3dd7-45bb-9766-cc326314d9f1,19.149431556928903,0.00027408522283102005,1.4312969135203748e-05,115.6177276305231,143.64783444895616,6.0,0.0005158291945468363,0.0006313132828239532,6.468265681372334e-06,0.0011536107430521617,0.0,United Kingdom,GBR,england,,,Linux-6.4.0-150600.23.73_15.0.14-cray_shasta_c_64k-aarch64-with-glibc2.38,3.11.7,3.3.0,72,Neoverse-V2,1,1 x NVIDIA GH200 120GB,-2.5917,51.4535,64,machine,1.13125,0.25,27.199999999999992,233.2198486328125,N,1.0,0.0
2026-09-27T00:34:57,mobilenet_v3_small_batch3_node_5_local_train,5d1c4937-74d4-4001-a636-bddca2837cbb,5b0fa12a-3dd7-45bb-9766-cc326314d9f1,7.865707455202937,8.562451593328068e-05,1.0885799709807737e-05,115.36343327232001,396.2877041660398,6.0,0.00015461005521445748,0.00019779099156380653,7.988179714884608e-06,0.0003603892264931486,0.0,United Kingdom,GBR,england,,,Linux-6.4.0-150600.23.73_15.0.14-cray_shasta_c_64k-aarch64-with-glibc2.38,3.11.7,3.3.0,72,Neoverse-V2,1,1 x NVIDIA GH200 120GB,-2.5917,51.4535,64,machine,2.275,1.75,27.2,233.2764129638672,N,1.0,0.0
2026-09-27T00:35:09,mobilenet_v3_small_batch3_node_5_evaluate,eca449da-7791-4416-852d-3a8e7dfd57ff,5b0fa12a-3dd7-45bb-9766-cc326314d9f1,11.180617618840188,0.00013974644310546999,1.2498991367881739e-05,115.64236129536,142.1663462509307,6.0,0.0002611416706243021,0.00032045220081045045,6.5917899614820876e-06,0.0005881856613962346,0.0,United Kingdom,GBR,england,,,Linux-6.4.0-150600.23.73_15.0.14-cray_shasta_c_64k-aarch64-with-glibc2.38,3.11.7,3.3.0,72,Neoverse-V2,1,1 x NVIDIA GH200 120GB,-2.5917,51.4535,64,machine,7.025,0.375,27.2125,233.3376235961914,N,1.0,0.0
2026-09-27T00:35:33,mobilenet_v3_small_batch3_node_0_upload,a4f73503-b8af-46bf-91a1-d8d2141fe7f9,5b0fa12a-3dd7-45bb-9766-cc326314d9f1,9.917212672065943,0.00011596276803428043,1.1693080694025612e-05,115.2148046153143,141.28759433114965,6.0,0.00021929182974952702,0.0002687841039090699,5.450724856927991e-09,0.0004880813843834539,0.0,United Kingdom,GBR,england,,,Linux-6.4.0-150600.23.73_15.0.14-cray_shasta_c_64k-aarch64-with-glibc2.38,3.11.7,3.3.0,72,Neoverse-V2,1,1 x NVIDIA GH200 120GB,-2.5917,51.4535,64,machine,0.0,0.0,27.3,233.89590454101562,N,1.0,0.0
2026-09-27T00:35:56,mobilenet_v3_small_batch3_node_1_upload,58ecbd7b-ddd3-4767-9cb6-8e85f0114cab,5b0fa12a-3dd7-45bb-9766-cc326314d9f1,3.082801937824115,1.772549042958558e-07,5.749798653006064e-08,115.20711141120002,0.0,6.0,7.390259708747342e-07,0.0,7.030893272409837e-09,7.460568641471441e-07,0.0,United Kingdom,GBR,england,,,Linux-6.4.0-150600.23.73_15.0.14-cray_shasta_c_64k-aarch64-with-glibc2.38,3.11.7,3.3.0,72,Neoverse-V2,1,1 x NVIDIA GH200 120GB,-2.5917,51.4535,64,machine,0,0,0,0,N,1.0,0.0
2026-09-27T00:36:21,mobilenet_v3_small_batch3_node_2_upload,7b4797c3-0b4b-4c04-826c-24f97e4da2d7,5b0fa12a-3dd7-45bb-9766-cc326314d9f1,7.848348302068189,8.081904887127405e-05,1.0297586926662861e-05,115.20837029376001,140.45904341721572,6.0,0.00015334352686715023,0.0001868143161232183,5.417393210033576e-09,0.00034016326038357857,0.0,United Kingdom,GBR,england,,,Linux-6.4.0-150600.23.73_15.0.14-cray_shasta_c_64k-aarch64-with-glibc2.38,3.11.7,3.3.0,72,Neoverse-V2,1,1 x NVIDIA GH200 120GB,-2.5917,51.4535,64,machine,0.0,0.0,27.3,233.98428344726562,N,1.0,0.0
2026-09-27T00:36:35,mobilenet_v3_small_batch3_node_3_upload,4564b3f0-4514-41bf-b33d-3f2ab2c88f42,5b0fa12a-3dd7-45bb-9766-cc326314d9f1,4.130417353007942,1.7398127652482848e-05,4.2121960483757906e-06,115.20960180480002,131.51101998556084,6.0,3.4294189066810446e-05,3.890586445720601e-05,2.7779635274782776e-08,7.322783315929124e-05,0.0,United Kingdom,GBR,england,,,Linux-6.4.0-150600.23.73_15.0.14-cray_shasta_c_64k-aarch64-with-glibc2.38,3.11.7,3.3.0,72,Neoverse-V2,1,1 x NVIDIA GH200 120GB,-2.5917,51.4535,64,machine,0.0,0.0,27.3,234.06390380859375,N,1.0,0.0
2026-09-27T00:37:31,mobilenet_v3_small_batch3_node_4_upload,b865153d-4232-4b72-a14f-c6cb7c3738bd,5b0fa12a-3dd7-45bb-9766-cc326314d9f1,4.12842822400853,1.825136231260278e-05,4.420898541111482e-06,115.20829440000003,145.24139947672157,6.0,3.403693675445253e-05,4.277670088015384e-05,5.416751761610309e-09,7.681905438636798e-05,0.0,United Kingdom,GBR,england,,,Linux-6.4.0-150600.23.73_15.0.14-cray_shasta_c_64k-aarch64-with-glibc2.38,3.11.7,3.3.0,72,Neoverse-V2,1,1 x NVIDIA GH200 120GB,-2.5917,51.4535,64,machine,0.0,0.0,27.3,234.0426025390625,N,1.0,0.0
2026-09-27T00:38:06,mobilenet_v3_small_batch3_node_0_exchange,94a02e52-87bb-4071-84ba-9b74812044ca,5b0fa12a-3dd7-45bb-9766-cc326314d9f1,4.140263759065419,1.72171807562755e-05,4.158474377043536e-06,115.20770290560002,134.6220261532976,6.0,3.352082542869044e-05,3.894003113202871e-05,5.3803285118192435e-09,7.246623688923098e-05,0.0,United Kingdom,GBR,england,,,Linux-6.4.0-150600.23.73_15.0.14-cray_shasta_c_64k-aarch64-with-glibc2.38,3.11.7,3.3.0,72,Neoverse-V2,1,1 x NVIDIA GH200 120GB,-2.5917,51.4535,64,machine,0.0,0.0,26.9,230.01141357421875,N,1.0,0.0
2026-09-27T00:38:19,mobilenet_v3_small_batch3_node_1_exchange,1d0065e4-ffc1-4d4b-9c56-d0b37c647274,5b0fa12a-3dd7-45bb-9766-cc326314d9f1,4.098968870006502,1.7020327125863296e-05,4.152343593142804e-06,115.20328872960002,138.7375185618026,6.0,3.261192265772245e-05,3.9020031223913065e-05,5.736103436599176e-09,7.163768998507211e-05,0.0,United Kingdom,GBR,england,,,Linux-6.4.0-150600.23.73_15.0.14-cray_shasta_c_64k-aarch64-with-glibc2.38,3.11.7,3.3.0,72,Neoverse-V2,1,1 x NVIDIA GH200 120GB,-2.5917,51.4535,64,machine,0.0,0.0,23.8,203.74908447265625,N,1.0,0.0
2026-09-27T00:38:31,mobilenet_v3_small_batch3_node_2_exchange,4cc78321-d2ef-4f31-84fd-8d1533679851,5b0fa12a-3dd7-45bb-9766-cc326314d9f1,4.100410776911303,1.6973069512216443e-05,4.1393583315576165e-06,115.20160030080001,138.01401542501995,6.0,3.255570711793674e-05,3.887753109665937e-05,5.546881584450603e-09,7.143878509618056e-05,0.0,United Kingdom,GBR,england,,,Linux-6.4.0-150600.23.73_15.0.14-cray_shasta_c_64k-aarch64-with-glibc2.38,3.11.7,3.3.0,72,Neoverse-V2,1,1 x NVIDIA GH200 120GB,-2.5917,51.4535,64,machine,0.0,0.0,23.8,203.75872802734375,N,1.0,0.0
2026-09-27T00:38:41,mobilenet_v3_small_batch3_node_3_exchange,2df6c64e-8d57-46e9-88bf-63f2100dbe46,5b0fa12a-3dd7-45bb-9766-cc326314d9f1,3.090581057127565,9.73362790584487e-08,3.149449157269946e-08,115.20035562240001,0.0,6.0,4.0424652763454487e-07,0.0,5.436913343146443e-09,4.096834409776913e-07,0.0,United Kingdom,GBR,england,,,Linux-6.4.0-150600.23.73_15.0.14-cray_shasta_c_64k-aarch64-with-glibc2.38,3.11.7,3.3.0,72,Neoverse-V2,1,1 x NVIDIA GH200 120GB,-2.5917,51.4535,64,machine,0,0,0,0,N,1.0,0.0
2026-09-27T00:39:18,mobilenet_v3_small_batch3_node_4_exchange,e5a64358-f35b-40a4-a44a-876b025e3ec2,5b0fa12a-3dd7-45bb-9766-cc326314d9f1,24.100082278018817,0.00035383351437092775,1.4681838438935619e-05,115.20066270370904,139.88660135364458,6.0,0.0006726269982547119,0.0008166348199694085,5.422140238806606e-09,0.0014892672403643593,0.0,United Kingdom,GBR,england,,,Linux-6.4.0-150600.23.73_15.0.14-cray_shasta_c_64k-aarch64-with-glibc2.38,3.11.7,3.3.0,72,Neoverse-V2,1,1 x NVIDIA GH200 120GB,-2.5917,51.4535,64,machine,0.4333333333333333,0.0,23.800000000000008,203.79363432384673,N,1.0,0.0
2026-09-27T00:39:29,mobilenet_v3_small_batch3_node_5_exchange,6d15b910-f2f3-49cb-91ef-c3beabba6c87,5b0fa12a-3dd7-45bb-9766-cc326314d9f1,3.095704335020855,1.0286107389316596e-06,3.322703422595201e-07,115.20035562240001,1452.425030166477,6.0,4.298141306966046e-07,3.894169779528056e-06,5.386300229777892e-09,4.329370210454439e-06,0.0,United Kingdom,GBR,england,,,Linux-6.4.0-150600.23.73_15.0.14-cray_shasta_c_64k-aarch64-with-glibc2.38,3.11.7,3.3.0,72,Neoverse-V2,1,1 x NVIDIA GH200 120GB,-2.5917,51.4535,64,machine,0,0,0,0,N,1.0,0.0
2026-09-27T00:39:47,mobilenet_v3_small_batch3_node_0_evaluate,d036d0d2-91cc-4e33-ae32-a4bf9945534e,5b0fa12a-3dd7-45bb-9766-cc326314d9f1,7.887702790088952,8.383435636981554e-05,1.062848824313652e-05,115.57786759200002,140.81773295922264,6.0,0.0001556429543079982,0.00019084154155279975,6.37004020701473e-06,0.0003528545360678127,0.0,United Kingdom,GBR,england,,,Linux-6.4.0-150600.23.73_15.0.14-cray_shasta_c_64k-aarch64-with-glibc2.38,3.11.7,3.3.0,72,Neoverse-V2,1,1 x NVIDIA GH200 120GB,-2.5917,51.4535,64,machine,16.325,0.75,23.8,203.8062286376953,N,1.0,0.0
2026-09-27T00:39:58,mobilenet_v3_small_batch3_node_1_evaluate,d897edd6-d81e-4906-bc4e-2195a09e53df,5b0fa12a-3dd7-45bb-9766-cc326314d9f1,6.890330605907366,6.797298182986793e-05,9.864981191409288e-06,115.44968113920001,73.56111024319291,6.0,0.0001235322430003259,0.00015618762496671934,6.374950521470359e-06,0.0002860948184885156,0.0,United Kingdom,GBR,england,,,Linux-6.4.0-150600.23.73_15.0.14-cray_shasta_c_64k-aarch64-with-glibc2.38,3.11.7,3.3.0,72,Neoverse-V2,1,1 x NVIDIA GH200 120GB,-2.5917,51.4535,64,machine,19.73333333333333,0.6666666666666666,23.8,203.7249959309896,N,1.0,0.0
2026-09-27T00:40:09,mobilenet_v3_small_batch3_node_2_evaluate,aa1a71ae-010e-4219-80db-7fbce888e914,5b0fa12a-3dd7-45bb-9766-cc326314d9f1,10.007187354844064,0.00012049218920843607,1.204056493956924e-05,115.62426685440002,143.63027553904442,6.0,0.00022368439644161357,0.00027690077708086847,6.560313888282205e-06,0.0005071454874107643,0.0,United Kingdom,GBR,england,,,Linux-6.4.0-150600.23.73_15.0.14-cray_shasta_c_64k-aarch64-with-glibc2.38,3.11.7,3.3.0,72,Neoverse-V2,1,1 x NVIDIA GH200 120GB,-2.5917,51.4535,64,machine,0.0,0.5,23.8,203.73953247070312,N,1.0,0.0
2026-09-27T00:40:26,mobilenet_v3_small_batch3_node_3_evaluate,afa2e141-bef4-48bd-81d2-3b8dd2ec8b88,5b0fa12a-3dd7-45bb-9766-cc326314d9f1,7.98833375191316,8.657232520422447e-05,1.0837344544285082e-05,115.58304187200001,145.8810297391736,6.0,0.00015891182394953417,0.00019898654807093408,6.480135419794048e-06,0.0003643785074402623,0.0,United Kingdom,GBR,england,,,Linux-6.4.0-150600.23.73_15.0.14-cray_shasta_c_64k-aarch64-with-glibc2.38,3.11.7,3.3.0,72,Neoverse-V2,1,1 x NVIDIA GH200 120GB,-2.5917,51.4535,64,machine,17.6,0.5,23.8,203.88282775878906,N,1.0,0.0
2026-09-27T00:40:39,mobilenet_v3_small_batch3_node_4_evaluate,da6eaa9b-a05b-40df-9d6f-2329b87c210c,5b0fa12a-3dd7-45bb-9766-cc326314d9f1,6.889691797085106,6.692687686423043e-05,9.714059617666188e-06,115.44644450880001,71.66637892752188,6.0,0.0001233214409663029,0.00015200123272052224,6.36914228205569e-06,0.0002816918159688808,0.0,United Kingdom,GBR,england,,,Linux-6.4.0-150600.23.73_15.0.14-cray_shasta_c_64k-aarch64-with-glibc2.38,3.11.7,3.3.0,72,Neoverse-V2,1,1 x NVIDIA GH200 120GB,-2.5917,51.4535,64,machine,0.0,0.6666666666666666,23.8,203.893798828125,N,1.0,0.0
2026-09-27T00:40:54,mobilenet_v3_small_batch3_node_5_evaluate,10d21704-a085-4e5e-b1ff-41c356193ecb,5b0fa12a-3dd7-45bb-9766-cc326314d9f1,7.880056295078248,8.477368266098024e-05,1.0758004700287291e-05,115.58371151520001,143.08119768950985,6.0,0.0001553765140059649,0.00019507848939781525,6.353109181315329e-06,0.00035680811258509545,0.0,United Kingdom,GBR,england,,,Linux-6.4.0-150600.23.73_15.0.14-cray_shasta_c_64k-aarch64-with-glibc2.38,3.11.7,3.3.0,72,Neoverse-V2,1,1 x NVIDIA GH200 120GB,-2.5917,51.4535,64,machine,39.125,0.5,23.8,203.8809356689453,N,1.0,0.0
2026-09-27T00:41:08,efficientnet_lite0_batch3_node_0_local_train,c7cc8427-541e-45b2-b720-0bcfd6d5f1a2,5b0fa12a-3dd7-45bb-9766-cc326314d9f1,6.56153201404959,6.820096986132876e-05,1.0394061892145989e-05,115.56633708000001,742.699816125717,6.0,0.0001126425912889912,0.0001685781904114947,5.8336268004495654e-06,0.00028705440850093546,0.0,United Kingdom,GBR,england,,,Linux-6.4.0-150600.23.73_15.0.14-cray_shasta_c_64k-aarch64-with-glibc2.38,3.11.7,3.3.0,72,Neoverse-V2,1,1 x NVIDIA GH200 120GB,-2.5917,51.4535,64,machine,0.0,3.0,24.2,207.26688639322916,N,1.0,0.0
2026-09-27T00:41:17,efficientnet_lite0_batch3_node_0_evaluate,b6bb4d7c-a196-432e-8ecc-0e295fe92892,5b0fa12a-3dd7-45bb-9766-cc326314d9f1,8.294097401900217,9.35110956415697e-05,1.1274414937561001e-05,115.54681182912,147.60921854709926,6.0,0.00016868931520902666,0.00021847656365991952,6.417559933227797e-06,0.00039358343880217393,0.0,United Kingdom,GBR,england,,,Linux-6.4.0-150600.23.73_15.0.14-cray_shasta_c_64k-aarch64-with-glibc2.38,3.11.7,3.3.0,72,Neoverse-V2,1,1 x NVIDIA GH200 120GB,-2.5917,51.4535,64,machine,0.0,3.2,24.2,206.9278564453125,N,1.0,0.0
2026-09-27T00:42:00,efficientnet_lite0_batch3_node_1_local_train,781474aa-36c0-4c2e-ad5c-7d2e8d40cd74,5b0fa12a-3dd7-45bb-9766-cc326314d9f1,29.734868478029966,0.0004658831158776098,1.5667905718898143e-05,115.24133515968002,149.535321104372,6.0,0.0008539929727359487,0.00107411474817809,3.277058522643832e-05,0.0019608783061404772,0.0,United Kingdom,GBR,england,,,Linux-6.4.0-150600.23.73_15.0.14-cray_shasta_c_64k-aarch64-with-glibc2.38,3.11.7,3.3.0,72,Neoverse-V2,1,1 x NVIDIA GH200 120GB,-2.5917,51.4535,64,machine,2.569230769230769,1.4615384615384615,24.434615384615388,209.3321274977464,N,1.0,0.0
2026-09-27T00:42:09,efficientnet_lite0_batch3_node_1_evaluate,a187cba4-a84c-4e0d-a072-9545df2d8498,5b0fa12a-3dd7-45bb-9766-cc326314d9f1,7.9497738720383495,8.808992683552168e-05,1.1080809121547392e-05,115.27418697984001,75.96533924272715,6.0,0.0001570181489337293,0.0002056221089361543,8.125757541274653e-06,0.00037076601541115826,0.0,United Kingdom,GBR,england,,,Linux-6.4.0-150600.23.73_15.0.14-cray_shasta_c_64k-aarch64-with-glibc2.38,3.11.7,3.3.0,72,Neoverse-V2,1,1 x NVIDIA GH200 120GB,-2.5917,51.4535,64,machine,12.075,3.75,26.599999999999998,227.75430297851562,N,1.0,0.0
2026-09-27T00:42:18,efficientnet_lite0_batch3_node_2_local_train,8d835cf4-68e1-4014-8f6b-89eb1020b18c,5b0fa12a-3dd7-45bb-9766-cc326314d9f1,8.265387104125693,0.00010080162100368115,1.2195632186829545e-05,115.37567461440001,85.9217502872106,6.0,0.00016743910786527413,0.00024815964296465154,8.670137896745777e-06,0.00042426888872667146,0.0,United Kingdom,GBR,england,,,Linux-6.4.0-150600.23.73_15.0.14-cray_shasta_c_64k-aarch64-with-glibc2.38,3.11.7,3.3.0,72,Neoverse-V2,1,1 x NVIDIA GH200 120GB,-2.5917,51.4535,64,machine,2.8600000000000003,12.4,28.48,243.816552734375,N,1.0,0.0
2026-09-27T00:42:28,efficientnet_lite0_batch3_node_2_evaluate,e9626a02-0ee4-4568-a641-1e4ac7cb4e4e,5b0fa12a-3dd7-45bb-9766-cc326314d9f1,8.035509441047907,8.913937411172286e-05,1.1093182674438902e-05,115.87115265120002,145.91984628465912,6.0,0.0001611009776586287,0.0002074634993221025,6.618608564992125e-06,0.0003751830855457233,0.0,United Kingdom,GBR,england,,,Linux-6.4.0-150600.23.73_15.0.14-cray_shasta_c_64k-aarch64-with-glibc2.38,3.11.7,3.3.0,72,Neoverse-V2,1,1 x NVIDIA GH200 120GB,-2.5917,51.4535,64,machine,0.0,2.0,29.325,251.32017517089844,N,1.0,0.0
2026-09-27T00:42:59,efficientnet_lite0_batch3_node_3_local_train,f737c264-b63a-41a0-9aa3-d6eecef5212a,5b0fa12a-3dd7-45bb-9766-cc326314d9f1,8.650800514034927,0.00010444963951565261,1.207398544749646e-05,115.36422580224001,152.56502270162446,6.0,0.00017936834300622144,0.0002526329798797633,7.621889954898506e-06,0.00043962321284088325,0.0,United Kingdom,GBR,england,,,Linux-6.4.0-150600.23.73_15.0.14-cray_shasta_c_64k-aarch64-with-glibc2.38,3.11.7,3.3.0,72,Neoverse-V2,1,1 x NVIDIA GH200 120GB,-2.5917,51.4535,64,machine,15.139999999999997,7.8,25.3,216.89061279296874,N,1.0,0.0
2026-09-27T00:43:12,efficientnet_lite0_batch3_node_3_evaluate,af95145c-db28-4ecb-88be-2a2db4860f89,5b0fa12a-3dd7-45bb-9766-cc326314d9f1,6.957889284007251,7.02632409963319e-05,1.0098355712246293e-05,115.43494004640002,723.7658273291754,6.0,0.00012552817853152682,0.0001637206865297003,6.4855376103272044e-06,0.0002957344026715543,0.0,United Kingdom,GBR,england,,,Linux-6.4.0-150600.23.73_15.0.14-cray_shasta_c_64k-aarch64-with-glibc2.38,3.11.7,3.3.0,72,Neoverse-V2,1,1 x NVIDIA GH200 120GB,-2.5917,51.4535,64,machine,0.0,4.0,25.3,216.786865234375,N,1.0,0.0
2026-09-27T00:43:53,efficientnet_lite0_batch3_node_4_local_train,57ee7e86-8cf5-43de-b943-b1179c8d046a,5b0fa12a-3dd7-45bb-9766-cc326314d9f1,7.6088635448832065,8.591590455186334e-05,1.1291555439923731e-05,115.3082994624,155.92272055555355,6.0,0.00014621596874527917,0.00020949516759571907,5.904530006616066e-06,0.0003616156663476143,0.0,United Kingdom,GBR,england,,,Linux-6.4.0-150600.23.73_15.0.14-cray_shasta_c_64k-aarch64-with-glibc2.38,3.11.7,3.3.0,72,Neoverse-V2,1,1 x NVIDIA GH200 120GB,-2.5917,51.4535,64,machine,1.25,7.5,25.375,217.18238830566406,N,1.0,0.0
2026-09-27T00:44:06,efficientnet_lite0_batch3_node_4_evaluate,95ea54cf-3b42-41af-8911-ff53ed7808ad,5b0fa12a-3dd7-45bb-9766-cc326314d9f1,6.904956666985527,6.989783431817943e-05,1.012284909076692e-05,115.40116861920002,77.00774481987332,6.0,0.00012391961717030385,0.00016388513111564862,6.391676288330928e-06,0.00029419642457428343,0.0,United Kingdom,GBR,england,,,Linux-6.4.0-150600.23.73_15.0.14-cray_shasta_c_64k-aarch64-with-glibc2.38,3.11.7,3.3.0,72,Neoverse-V2,1,1 x NVIDIA GH200 120GB,-2.5917,51.4535,64,machine,0.0,3.3333333333333335,25.433333333333334,217.92130533854166,N,1.0,0.0
2026-09-27T00:44:26,efficientnet_lite0_batch3_node_5_local_train,d9339184-4cd9-483b-9729-378a7041459a,5b0fa12a-3dd7-45bb-9766-cc326314d9f1,10.326021590037271,0.0001294479253876969,1.2536088972793796e-05,115.39170097632002,153.21692130846668,6.0,0.00023308463855916268,0.0003063294117140458,5.425674578097339e-06,0.0005448397248513058,0.0,United Kingdom,GBR,england,,,Linux-6.4.0-150600.23.73_15.0.14-cray_shasta_c_64k-aarch64-with-glibc2.38,3.11.7,3.3.0,72,Neoverse-V2,1,1 x NVIDIA GH200 120GB,-2.5917,51.4535,64,machine,0.0,5.142857142857143,25.599999999999998,219.24005126953125,N,1.0,0.0
2026-09-27T00:44:37,efficientnet_lite0_batch3_node_5_evaluate,4abdc24f-dd3c-4090-9ac7-be4a68e1b318,5b0fa12a-3dd7-45bb-9766-cc326314d9f1,6.861442962894216,6.854799972432602e-05,9.990318376910602e-06,115.4942251776,75.76091981088304,6.0,0.0001225740795453874,0.00015961096102046213,6.3299989533455414e-06,0.00028851503951919503,0.0,United Kingdom,GBR,england,,,Linux-6.4.0-150600.23.73_15.0.14-cray_shasta_c_64k-aarch64-with-glibc2.38,3.11.7,3.3.0,72,Neoverse-V2,1,1 x NVIDIA GH200 120GB,-2.5917,51.4535,64,machine,0.0,3.0,25.899999999999995,221.864501953125,N,1.0,0.0
2026-09-27T00:44:45,efficientnet_lite0_batch3_node_1_upload,54eff6a0-01fe-4eea-8f19-df64a3c15cc9,5b0fa12a-3dd7-45bb-9766-cc326314d9f1,3.088039913913235,1.118197715895672e-06,3.6210597889541724e-07,115.2013799808,1375.2146443009442,6.0,7.93174231392323e-07,3.907503113964594e-06,5.759888251001636e-09,4.706437233607919e-06,0.0,United Kingdom,GBR,england,,,Linux-6.4.0-150600.23.73_15.0.14-cray_shasta_c_64k-aarch64-with-glibc2.38,3.11.7,3.3.0,72,Neoverse-V2,1,1 x NVIDIA GH200 120GB,-2.5917,51.4535,64,machine,0,0,0,0,N,1.0,0.0
2026-09-27T00:45:06,efficientnet_lite0_batch3_node_3_upload,61aaef3d-9b65-4c49-ba62-03543deeefb2,5b0fa12a-3dd7-45bb-9766-cc326314d9f1,4.083535473793745,1.7002052491092755e-05,4.1635618449268085e-06,115.2028133568,139.00955498143983,6.0,3.2511243132451476e-05,3.9044197890802934e-05,5.33195484119157e-09,7.156077297809559e-05,0.0,United Kingdom,GBR,england,,,Linux-6.4.0-150600.23.73_15.0.14-cray_shasta_c_64k-aarch64-with-glibc2.38,3.11.7,3.3.0,72,Neoverse-V2,1,1 x NVIDIA GH200 120GB,-2.5917,51.4535,64,machine,0.0,0.0,26.3,225.562255859375,N,1.0,0.0
2026-09-27T00:45:23,mobilevit_xxs_batch3_node_0_local_train,0b62155c-74cb-4a59-8cc5-f1dc3c2b3c50,5b0fa12a-3dd7-45bb-9766-cc326314d9f1,8.365478100022301,9.827746151587293e-05,1.1747979056404552e-05,115.4803240224,79.85311275792463,6.0,0.00017017086760435916,0.00023465268772326908,8.82127467659302e-06,0.0004136448300042213,0.0,United Kingdom,GBR,england,,,Linux-6.4.0-150600.23.73_15.0.14-cray_shasta_c_64k-aarch64-with-glibc2.38,3.11.7,3.3.0,72,Neoverse-V2,1,1 x NVIDIA GH200 120GB,-2.5917,51.4535,64,machine,0.0,4.6,28.7,245.98544921875,N,1.0,0.0
2026-09-27T00:45:41,mobilevit_xxs_batch3_node_0_evaluate,83a0222c-32a2-4a7f-ab26-c9f0cdfb52cb,5b0fa12a-3dd7-45bb-9766-cc326314d9f1,14.288673350820318,0.00019313192563832018,1.3516435073885456e-05,115.51223232,144.17215959107233,6.0,0.0003603377541429657,0.00044599813458034987,6.546549597987906e-06,0.0008128824383213035,0.0,United Kingdom,GBR,england,,,Linux-6.4.0-150600.23.73_15.0.14-cray_shasta_c_64k-aarch64-with-glibc2.38,3.11.7,3.3.0,72,Neoverse-V2,1,1 x NVIDIA GH200 120GB,-2.5917,51.4535,64,machine,0.0,1.3636363636363635,28.709090909090904,245.98281582919034,N,1.0,0.0
2026-09-27T00:49:53,mobilevit_xxs_batch3_node_1_local_train,ea6e3d73-49e4-44fe-b653-b48d61b037a0,5b0fa12a-3dd7-45bb-9766-cc326314d9f1,36.96745874802582,0.0005822082604498456,1.5749209714907367e-05,115.32997141473106,154.4111190661546,6.0,0.0010857322047727535,0.001354976917312456,9.775792830235635e-06,0.002450484914915445,0.0,United Kingdom,GBR,england,,,Linux-6.4.0-150600.23.73_15.0.14-cray_shasta_c_64k-aarch64-with-glibc2.38,3.11.7,3.3.0,72,Neoverse-V2,1,1 x NVIDIA GH200 120GB,-2.5917,51.4535,64,machine,0.6848484848484849,1.0606060606060606,28.600000000000016,245.126152269768,N,1.0,0.0
2026-09-27T00:50:06,mobilevit_xxs_batch3_node_1_evaluate,e4f1cf56-625a-483e-9c89-48d4d20c0bb7,5b0fa12a-3dd7-45bb-9766-cc326314d9f1,7.977463610004634,8.693479006501542e-05,1.0897547681193988e-05,115.5179636208,144.03400304216504,6.0,0.0001584769730911663,0.00020090349404711105,6.523636439815164e-06,0.0003659041035780925,0.0,United Kingdom,GBR,england,,,Linux-6.4.0-150600.23.73_15.0.14-cray_shasta_c_64k-aarch64-with-glibc2.38,3.11.7,3.3.0,72,Neoverse-V2,1,1 x NVIDIA GH200 120GB,-2.5917,51.4535,64,machine,2.625,3.0,28.6,245.158935546875,N,1.0,0.0
2026-09-27T00:50:31,mobilevit_xxs_batch3_node_2_local_train,f9fa0e66-684e-4e71-86b7-ee7d9dba2084,5b0fa12a-3dd7-45bb-9766-cc326314d9f1,11.285597754176706,0.00015259872485440785,1.3521545617548909e-05,115.3335531456,79.96011577755009,6.0,0.0002639820532165786,0.0003646089028137567,1.3689304648432882e-05,0.0006422802606787681,0.0,United Kingdom,GBR,england,,,Linux-6.4.0-150600.23.73_15.0.14-cray_shasta_c_64k-aarch64-with-glibc2.38,3.11.7,3.3.0,72,Neoverse-V2,1,1 x NVIDIA GH200 120GB,-2.5917,51.4535,64,machine,7.9125,6.875,28.687499999999996,245.56351470947266,N,1.0,0.0
2026-09-27T00:50:48,mobilevit_xxs_batch3_node_2_evaluate,44934141-9a2c-4314-ae19-ffa7fe1a95d7,5b0fa12a-3dd7-45bb-9766-cc326314d9f1,8.13289540214464,8.99989524201396e-05,1.1066040809575261e-05,115.51844052288,144.49436158110882,6.0,0.00016324778527745416,0.00020878544479785432,6.7677767900750045e-06,0.0003788010068653835,0.0,United Kingdom,GBR,england,,,Linux-6.4.0-150600.23.73_15.0.14-cray_shasta_c_64k-aarch64-with-glibc2.38,3.11.7,3.3.0,72,Neoverse-V2,1,1 x NVIDIA GH200 120GB,-2.5917,51.4535,64,machine,1.26,2.8,28.7,245.577099609375,N,1.0,0.0
2026-09-27T00:51:04,mobilevit_xxs_batch3_node_3_local_train,35f9d281-c190-4640-9fe1-bf52d62df045,5b0fa12a-3dd7-45bb-9766-cc326314d9f1,14.07817920902744,0.00019843225218758986,1.4095022462872748e-05,115.34442009120002,150.2420457128124,6.0,0.0003534742000023816,0.0004696464868345629,1.207055597139212e-05,0.0008351912428083366,0.0,United Kingdom,GBR,england,,,Linux-6.4.0-150600.23.73_15.0.14-cray_shasta_c_64k-aarch64-with-glibc2.38,3.11.7,3.3.0,72,Neoverse-V2,1,1 x NVIDIA GH200 120GB,-2.5917,51.4535,64,machine,0.5727272727272728,10.363636363636363,28.6,245.0511474609375,N,1.0,0.0
2026-09-27T00:51:18,mobilevit_xxs_batch3_node_3_evaluate,4193c110-158e-46c2-8c12-337fd9512480,5b0fa12a-3dd7-45bb-9766-cc326314d9f1,8.008757511852309,8.707624281460861e-05,1.0872628205529117e-05,115.5933498672,142.88739737085143,6.0,0.00015955422875198045,0.0002003709936246878,6.574248619920885e-06,0.0003664994709965891,0.0,United Kingdom,GBR,england,,,Linux-6.4.0-150600.23.73_15.0.14-cray_shasta_c_64k-aarch64-with-glibc2.38,3.11.7,3.3.0,72,Neoverse-V2,1,1 x NVIDIA GH200 120GB,-2.5917,51.4535,64,machine,0.0,3.0,28.6,244.96087646484375,N,1.0,0.0
2026-09-27T00:51:27,mobilevit_xxs_batch3_node_4_local_train,dbc254d6-6906-4fc6-84c8-b5a6a1bb4dfa,5b0fa12a-3dd7-45bb-9766-cc326314d9f1,8.614906053990126,0.00010378482084035819,1.204712160410486e-05,115.34505678720001,80.90375888760833,6.0,0.000178543385656357,0.00024904158813399135,9.240051107093072e-06,0.0004368250248974414,0.0,United Kingdom,GBR,england,,,Linux-6.4.0-150600.23.73_15.0.14-cray_shasta_c_64k-aarch64-with-glibc2.38,3.11.7,3.3.0,72,Neoverse-V2,1,1 x NVIDIA GH200 120GB,-2.5917,51.4535,64,machine,2.3600000000000003,11.8,28.7,245.43656005859376,N,1.0,0.0
2026-09-27T00:51:48,mobilevit_xxs_batch3_node_4_evaluate,ae83dc3b-0996-48f1-a2ff-e04896061e4a,5b0fa12a-3dd7-45bb-9766-cc326314d9f1,8.001957003958523,8.701475953717045e-05,1.0874184839299279e-05,115.600186656,141.29711513893648,6.0,0.00015932397086771484,0.00020042127144392907,6.4954487017045426e-06,0.0003662406910133485,0.0,United Kingdom,GBR,england,,,Linux-6.4.0-150600.23.73_15.0.14-cray_shasta_c_64k-aarch64-with-glibc2.38,3.11.7,3.3.0,72,Neoverse-V2,1,1 x NVIDIA GH200 120GB,-2.5917,51.4535,64,machine,14.274999999999999,2.5,28.6,244.91461181640625,N,1.0,0.0
2026-09-27T00:52:10,mobilevit_xxs_batch3_node_5_local_train,cf9837d6-6307-4bb7-a2f1-a7407c51f7a5,5b0fa12a-3dd7-45bb-9766-cc326314d9f1,17.537106168922037,0.00025221056362012794,1.438153827608553e-05,115.34346013248,149.3309010160943,6.0,0.00046407473401479337,0.0005888965822151704,8.570100334472954e-06,0.0010615414165644366,0.0,United Kingdom,GBR,england,,,Linux-6.4.0-150600.23.73_15.0.14-cray_shasta_c_64k-aarch64-with-glibc2.38,3.11.7,3.3.0,72,Neoverse-V2,1,1 x NVIDIA GH200 120GB,-2.5917,51.4535,64,machine,5.042857142857143,3.0,28.699999999999992,245.7249276297433,N,1.0,0.0
2026-09-27T00:52:24,mobilevit_xxs_batch3_node_5_evaluate,fe37d062-c790-459f-be51-e73334ee896c,5b0fa12a-3dd7-45bb-9766-cc326314d9f1,8.049372420180589,8.840315555773468e-05,1.098261466149821e-05,115.57922346720001,144.0862794596095,6.0,0.00016075438771225034,0.00020469238599218897,6.637605444993824e-06,0.00037208437914943316,0.0,United Kingdom,GBR,england,,,Linux-6.4.0-150600.23.73_15.0.14-cray_shasta_c_64k-aarch64-with-glibc2.38,3.11.7,3.3.0,72,Neoverse-V2,1,1 x NVIDIA GH200 120GB,-2.5917,51.4535,64,machine,11.025,3.0,28.650000000000002,245.53274536132812,N,1.0,0.0
2026-09-27T00:52:29,mobilevit_xxs_batch3_node_0_upload,33efbe48-992c-41d0-a3c5-bbe9b45895e8,5b0fa12a-3dd7-45bb-9766-cc326314d9f1,4.165223666932434,1.8659228053322502e-05,4.47976616512997e-06,115.21613364480002,139.7702389896288,6.0,3.554348202316904e-05,4.2982534395719085e-05,9.72409655029575e-09,7.853574051543843e-05,0.0,United Kingdom,GBR,england,,,Linux-6.4.0-150600.23.73_15.0.14-cray_shasta_c_64k-aarch64-with-glibc2.38,3.11.7,3.3.0,72,Neoverse-V2,1,1 x NVIDIA GH200 120GB,-2.5917,51.4535,64,machine,0.0,0.0,28.7,245.83111572265625,N,1.0,0.0
2026-09-27T00:52:33,mobilevit_xxs_batch3_node_1_upload,fbb4b1b6-9a72-4be9-aa0d-70ebdaeb6a14,5b0fa12a-3dd7-45bb-9766-cc326314d9f1,3.110406489111483,1.2146425974039242e-07,3.905092796250236e-08,115.2013799808,0.0,6.0,5.012233544463714e-07,0.0,1.0013528323421875e-08,5.112368827697933e-07,0.0,United Kingdom,GBR,england,,,Linux-6.4.0-150600.23.73_15.0.14-cray_shasta_c_64k-aarch64-with-glibc2.38,3.11.7,3.3.0,72,Neoverse-V2,1,1 x NVIDIA GH200 120GB,-2.5917,51.4535,64,machine,0,0,0,0,N,1.0,0.0
2026-09-27T00:52:49,mobilevit_xxs_batch3_node_2_upload,a8783478-3b84-4b82-ae8e-891f84a6d0a1,5b0fa12a-3dd7-45bb-9766-cc326314d9f1,3.068225929979235,1.1249455798968137e-07,3.666436584428537e-08,115.2013799808,0.0,6.0,4.6608434139719103e-07,0.0,7.399523553128044e-09,4.734838649503191e-07,0.0,United Kingdom,GBR,england,,,Linux-6.4.0-150600.23.73_15.0.14-cray_shasta_c_64k-aarch64-with-glibc2.38,3.11.7,3.3.0,72,Neoverse-V2,1,1 x NVIDIA GH200 120GB,-2.5917,51.4535,64,machine,0,0,0,0,N,1.0,0.0
2026-09-27T00:52:58,mobilevit_xxs_batch3_node_3_upload,8d7be8fa-8551-4f26-8fbd-ec7cecc25e5e,5b0fa12a-3dd7-45bb-9766-cc326314d9f1,3.0833427470643073,1.1203791379979367e-06,3.6336509752756643e-07,115.2013799808,1343.642831241638,6.0,8.004302003352989e-07,3.909447571004421e-06,5.74095679136614e-09,4.715618728131086e-06,0.0,United Kingdom,GBR,england,,,Linux-6.4.0-150600.23.73_15.0.14-cray_shasta_c_64k-aarch64-with-glibc2.38,3.11.7,3.3.0,72,Neoverse-V2,1,1 x NVIDIA GH200 120GB,-2.5917,51.4535,64,machine,0,0,0,0,N,1.0,0.0
2026-09-27T00:53:08,mobilevit_xxs_batch3_node_4_upload,16daeafd-b477-4fef-a75b-cf314c850c05,5b0fa12a-3dd7-45bb-9766-cc326314d9f1,4.108996780123562,1.8215933375269738e-05,4.433182684246827e-06,115.20141419520002,146.94669974051575,6.0,3.3751470328553795e-05,4.291308988513265e-05,5.375579930841923e-09,7.666993579361729e-05,0.0,United Kingdom,GBR,england,,,Linux-6.4.0-150600.23.73_15.0.14-cray_shasta_c_64k-aarch64-with-glibc2.38,3.11.7,3.3.0,72,Neoverse-V2,1,1 x NVIDIA GH200 120GB,-2.5917,51.4535,64,machine,0.0,0.0,28.7,246.13470458984375,N,1.0,0.0
2026-09-27T00:53:38,mobilevit_xxs_batch3_node_5_upload,9a80cc0a-04c9-4b37-a636-836efe7ff5f7,5b0fa12a-3dd7-45bb-9766-cc326314d9f1,24.814069787971675,0.00037325582495840217,1.5042104263740465e-05,115.20151050846317,141.36181563274369,6.0,0.0006962642092555514,0.0008497304020096408,2.502014513515557e-05,0.0015710147564003477,0.0,United Kingdom,GBR,england,,,Linux-6.4.0-150600.23.73_15.0.14-cray_shasta_c_64k-aarch64-with-glibc2.38,3.11.7,3.3.0,72,Neoverse-V2,1,1 x NVIDIA GH200 120GB,-2.5917,51.4535,64,machine,1.1619047619047618,0.0,28.7095238095238,246.18836902436755,N,1.0,0.0
2026-09-27T00:53:43,mobilevit_xxs_batch3_node_0_exchange,3814da31-f3ec-4fa1-84bc-bf9ab6e54259,5b0fa12a-3dd7-45bb-9766-cc326314d9f1,4.4814194911159575,2.364173289854606e-05,5.275500975843444e-06,115.2013799808,139.35515601420613,6.0,4.51160141706121e-05,5.438476571839601e-05,6.069748584801952e-09,9.950684963759291e-05,0.0,United Kingdom,GBR,england,,,Linux-6.4.0-150600.23.73_15.0.14-cray_shasta_c_64k-aarch64-with-glibc2.38,3.11.7,3.3.0,72,Neoverse-V2,1,1 x NVIDIA GH200 120GB,-2.5917,51.4535,64,machine,0.0,0.0,28.8,246.2471923828125,N,1.0,0.0
2026-09-27T00:53:50,mobilevit_xxs_batch3_node_4_exchange,b4f3cbc1-1d30-4ef0-b814-ee2156af19e2,5b0fa12a-3dd7-45bb-9766-cc326314d9f1,4.503162876004353,2.3732468794234967e-05,5.270177750108994e-06,115.2013799808,138.0758348411636,6.0,4.5495249495807285e-05,5.438726574880093e-05,6.237156533946594e-09,9.988875240114217e-05,0.0,United Kingdom,GBR,england,,,Linux-6.4.0-150600.23.73_15.0.14-cray_shasta_c_64k-aarch64-with-glibc2.38,3.11.7,3.3.0,72,Neoverse-V2,1,1 x NVIDIA GH200 120GB,-2.5917,51.4535,64,machine,0.0,0.0,28.8,246.462890625,N,1.0,0.0
2026-09-27T00:53:54,mobilevit_xxs_batch3_node_5_exchange,c6c26c4b-9e9b-4a94-9979-96932ae89e71,5b0fa12a-3dd7-45bb-9766-cc326314d9f1,3.0877617590595037,1.0009087190463177e-07,3.24153479817427e-08,115.2013799808,0.0,6.0,4.159041470307867e-07,0.0,5.373234938209256e-09,4.2127738196899595e-07,0.0,United Kingdom,GBR,england,,,Linux-6.4.0-150600.23.73_15.0.14-cray_shasta_c_64k-aarch64-with-glibc2.38,3.11.7,3.3.0,72,Neoverse-V2,1,1 x NVIDIA GH200 120GB,-2.5917,51.4535,64,machine,0,0,0,0,N,1.0,0.0
2026-09-27T00:54:07,mobilevit_xxs_batch3_node_0_evaluate,fb77b44d-b8a1-4c34-9768-fac945076e12,5b0fa12a-3dd7-45bb-9766-cc326314d9f1,6.98396511701867,6.998013523275404e-05,1.002011522970311e-05,115.43519004480001,74.52588788463274,6.0,0.00012622634404432337,0.0001617965183271508,6.519962560463075e-06,0.0002945428249319372,0.0,United Kingdom,GBR,england,,,Linux-6.4.0-150600.23.73_15.0.14-cray_shasta_c_64k-aarch64-with-glibc2.38,3.11.7,3.3.0,72,Neoverse-V2,1,1 x NVIDIA GH200 120GB,-2.5917,51.4535,64,machine,49.03333333333333,4.0,28.833333333333332,246.86541748046875,N,1.0,0.0
2026-09-27T00:54:31,mobilevit_xxs_batch3_node_4_evaluate,2de0632d-8b37-4e94-9a88-73e590eb3a24,5b0fa12a-3dd7-45bb-9766-cc326314d9f1,19.713073784019798,0.00028427815719147127,1.442079303847168e-05,115.47885141415385,144.55680546245182,6.0,0.0005336082193712892,0.000656474414057584,6.429651194872956e-06,0.0011965122846237463,0.0,United Kingdom,GBR,england,,,Linux-6.4.0-150600.23.73_15.0.14-cray_shasta_c_64k-aarch64-with-glibc2.38,3.11.7,3.3.0,72,Neoverse-V2,1,1 x NVIDIA GH200 120GB,-2.5917,51.4535,64,machine,0.0,0.5,28.800000000000008,246.35515213012695,N,1.0,0.0
2026-09-27T00:54:45,mobilevit_xxs_batch3_node_5_evaluate,3744fd51-6be9-4213-a815-774c5fa470ac,5b0fa12a-3dd7-45bb-9766-cc326314d9f1,6.908705033129081,6.934525723543415e-05,1.0037374139278658e-05,115.4674701648,75.56745923544037,6.0,0.0001241244282140314,0.00016133540685814296,6.410820704962437e-06,0.00029187065577713676,0.0,United Kingdom,GBR,england,,,Linux-6.4.0-150600.23.73_15.0.14-cray_shasta_c_64k-aarch64-with-glibc2.38,3.11.7,3.3.0,72,Neoverse-V2,1,1 x NVIDIA GH200 120GB,-2.5917,51.4535,64,machine,0.0,4.0,28.8,246.74678548177084,N,1.0,0.0
2026-09-27T00:55:44,mobilenet_v3_small_batch4_node_0_local_train,52a29dc6-118f-4a65-b3b1-ca9a7efa56bd,5b0fa12a-3dd7-45bb-9766-cc326314d9f1,9.039287226041779,0.00010623826487044312,1.1752947131094084e-05,115.33805182080002,74.81767314689964,6.0,0.00019155766486267034,0.0002456529743142255,9.940806683152914e-06,0.00044715144586004877,0.0,United Kingdom,GBR,england,,,Linux-6.4.0-150600.23.73_15.0.14-cray_shasta_c_64k-aarch64-with-glibc2.38,3.11.7,3.3.0,72,Neoverse-V2,1,1 x NVIDIA GH200 120GB,-2.5917,51.4535,64,machine,0.0,5.2,28.4,243.2337158203125,N,1.0,0.0
2026-09-27T00:56:05,mobilenet_v3_small_batch4_node_0_evaluate,751e1047-d8e7-4709-8a2f-020d276900a0,5b0fa12a-3dd7-45bb-9766-cc326314d9f1,10.694017402129248,0.00013315171300785404,1.2451046973361263e-05,115.37220188982859,143.73812373956133,6.0,0.00024527658996965776,0.00030422024336473896,1.0931944967014715e-05,0.0005604287783014115,0.0,United Kingdom,GBR,england,,,Linux-6.4.0-150600.23.73_15.0.14-cray_shasta_c_64k-aarch64-with-glibc2.38,3.11.7,3.3.0,72,Neoverse-V2,1,1 x NVIDIA GH200 120GB,-2.5917,51.4535,64,machine,1.7857142857142858,0.42857142857142855,28.400000000000002,243.23381696428572,N,1.0,0.0
2026-09-27T00:56:21,mobilenet_v3_small_batch4_node_1_local_train,1fceaeac-d8a3-456f-91b0-1ace94c5bae2,5b0fa12a-3dd7-45bb-9766-cc326314d9f1,8.197407527826726,9.206689528726899e-05,1.123122096525528e-05,115.34461061760001,74.94276083567749,6.0,0.0001652373000905769,0.0002137073932004796,8.560179776589697e-06,0.00038750487306764617,0.0,United Kingdom,GBR,england,,,Linux-6.4.0-150600.23.73_15.0.14-cray_shasta_c_64k-aarch64-with-glibc2.38,3.11.7,3.3.0,72,Neoverse-V2,1,1 x NVIDIA GH200 120GB,-2.5917,51.4535,64,machine,3.06,3.0,28.4,243.11085205078126,N,1.0,0.0
2026-09-27T00:56:32,mobilenet_v3_small_batch4_node_1_evaluate,90427428-62f8-4b94-a226-8dfe6902b87a,5b0fa12a-3dd7-45bb-9766-cc326314d9f1,6.8832476059906185,6.693352265729436e-05,9.724119556449032e-06,115.4519116848,71.59835673596055,6.0,0.0001233558642797277,0.00015198928825554958,6.374635238122815e-06,0.0002817197877734001,0.0,United Kingdom,GBR,england,,,Linux-6.4.0-150600.23.73_15.0.14-cray_shasta_c_64k-aarch64-with-glibc2.38,3.11.7,3.3.0,72,Neoverse-V2,1,1 x NVIDIA GH200 120GB,-2.5917,51.4535,64,machine,0.0,1.0,28.399999999999995,243.19978841145834,N,1.0,0.0
2026-09-27T00:56:56,mobilenet_v3_small_batch4_node_2_local_train,83b7ebdb-997b-4dc9-ba3b-0bd296de7a00,5b0fa12a-3dd7-45bb-9766-cc326314d9f1,14.507519090780988,0.00020055708233338872,1.3824354190292647e-05,115.38749657088002,145.1644769353861,6.0,0.0003675020957014433,0.0004643181492411941,1.2314299726470686e-05,0.0008441345446691081,0.0,United Kingdom,GBR,england,,,Linux-6.4.0-150600.23.73_15.0.14-cray_shasta_c_64k-aarch64-with-glibc2.38,3.11.7,3.3.0,72,Neoverse-V2,1,1 x NVIDIA GH200 120GB,-2.5917,51.4535,64,machine,3.409090909090909,2.6363636363636362,28.4,243.16695334694603,N,1.0,0.0
2026-09-27T00:57:11,mobilenet_v3_small_batch4_node_2_evaluate,cec2d5be-4e8f-49d0-b84f-3e55d4133453,5b0fa12a-3dd7-45bb-9766-cc326314d9f1,7.982797477161512,8.558225599255629e-05,1.072083517556395e-05,115.55395872480001,141.2859247393519,6.0,0.00015857991696084862,0.00019510571162584256,6.525727968352536e-06,0.0003602113565550438,0.0,United Kingdom,GBR,england,,,Linux-6.4.0-150600.23.73_15.0.14-cray_shasta_c_64k-aarch64-with-glibc2.38,3.11.7,3.3.0,72,Neoverse-V2,1,1 x NVIDIA GH200 120GB,-2.5917,51.4535,64,machine,17.55,0.75,28.4,243.1726837158203,N,1.0,0.0
2026-09-27T00:57:26,mobilenet_v3_small_batch4_node_3_local_train,3f2a154f-62d2-45f9-80cf-dee57f74bb1c,5b0fa12a-3dd7-45bb-9766-cc326314d9f1,10.685273815877736,0.00013573889715048354,1.2703361606773513e-05,115.38092793188572,150.56701242016135,6.0,0.00024495435849176413,0.0003153527522812283,1.1010993813009312e-05,0.0005713181045860017,0.0,United Kingdom,GBR,england,,,Linux-6.4.0-150600.23.73_15.0.14-cray_shasta_c_64k-aarch64-with-glibc2.38,3.11.7,3.3.0,72,Neoverse-V2,1,1 x NVIDIA GH200 120GB,-2.5917,51.4535,64,machine,0.0,4.571428571428571,28.400000000000002,243.22181919642858,N,1.0,0.0
2026-09-27T00:57:37,mobilenet_v3_small_batch4_node_3_evaluate,66c6d795-2c5e-440a-a48c-fb639110516d,5b0fa12a-3dd7-45bb-9766-cc326314d9f1,8.448497100034729,9.377855392432586e-05,1.1100027947448828e-05,115.53487074432002,143.34126040532897,6.0,0.00017351073604809537,0.00021466572729877953,6.532693745102734e-06,0.0003947091570919776,0.0,United Kingdom,GBR,england,,,Linux-6.4.0-150600.23.73_15.0.14-cray_shasta_c_64k-aarch64-with-glibc2.38,3.11.7,3.3.0,72,Neoverse-V2,1,1 x NVIDIA GH200 120GB,-2.5917,51.4535,64,machine,0.0,0.8,28.4,243.19951171875,N,1.0,0.0
2026-09-27T00:57:54,mobilenet_v3_small_batch4_node_4_local_train,a1774f15-dc4b-41ed-9b65-bb4753ee07dd,5b0fa12a-3dd7-45bb-9766-cc326314d9f1,13.726643272908404,0.00018476813414592704,1.346054752589038e-05,115.33113230400001,144.86001405283162,6.0,0.0003420193143143015,0.0004277106199310765,7.949731673191613e-06,0.0007776796659185696,0.0,United Kingdom,GBR,england,,,Linux-6.4.0-150600.23.73_15.0.14-cray_shasta_c_64k-aarch64-with-glibc2.38,3.11.7,3.3.0,72,Neoverse-V2,1,1 x NVIDIA GH200 120GB,-2.5917,51.4535,64,machine,3.0000000000000004,1.5,28.4,243.2814208984375,N,1.0,0.0
2026-09-27T00:58:11,mobilenet_v3_small_batch4_node_4_evaluate,b36a3b5d-652b-4b04-996b-f06fb4478d3c,5b0fa12a-3dd7-45bb-9766-cc326314d9f1,12.82512179389596,0.00016753884831124277,1.306333390073394e-05,115.39904501952,142.85518991602623,6.0,0.00031324182435644337,0.00038550280838478557,6.417846629628912e-06,0.000705162479370858,0.0,United Kingdom,GBR,england,,,Linux-6.4.0-150600.23.73_15.0.14-cray_shasta_c_64k-aarch64-with-glibc2.38,3.11.7,3.3.0,72,Neoverse-V2,1,1 x NVIDIA GH200 120GB,-2.5917,51.4535,64,machine,0.0,0.3333333333333333,28.400000000000002,243.34256998697916,N,1.0,0.0
2026-09-27T00:58:51,mobilenet_v3_small_batch4_node_5_local_train,0898c465-15c0-4cfe-a930-d1b54348b880,5b0fa12a-3dd7-45bb-9766-cc326314d9f1,34.192232182016596,0.0005353206131308208,1.5656205487876064e-05,115.31564955792001,143.28436163505447,6.0,0.0009969405274374325,0.00122326070082579,3.2935967191200084e-05,0.0022531371954544227,0.0,United Kingdom,GBR,england,,,Linux-6.4.0-150600.23.73_15.0.14-cray_shasta_c_64k-aarch64-with-glibc2.38,3.11.7,3.3.0,72,Neoverse-V2,1,1 x NVIDIA GH200 120GB,-2.5917,51.4535,64,machine,0.896774193548387,0.9354838709677419,28.399999999999984,243.28448092552924,N,1.0,0.0
2026-09-27T00:59:02,mobilenet_v3_small_batch4_node_5_evaluate,3c595ee0-1186-4f72-b742-a33c8a2df1fa,5b0fa12a-3dd7-45bb-9766-cc326314d9f1,6.926431664032862,6.821425310298056e-05,9.848397618242484e-06,115.4197454832,72.98492741978892,6.0,0.00012441004862701738,0.00015626734723639402,6.4329211250878874e-06,0.0002871103169884993,0.0,United Kingdom,GBR,england,,,Linux-6.4.0-150600.23.73_15.0.14-cray_shasta_c_64k-aarch64-with-glibc2.38,3.11.7,3.3.0,72,Neoverse-V2,1,1 x NVIDIA GH200 120GB,-2.5917,51.4535,64,machine,0.0,0.6666666666666666,28.399999999999995,243.2017822265625,N,1.0,0.0
2026-09-27T00:59:48,mobilenet_v3_small_batch4_node_3_upload,781d430b-8343-4c07-85c3-0f78ae9e7a59,5b0fa12a-3dd7-45bb-9766-cc326314d9f1,39.58026251010597,0.0006262313722210839,1.582180947034369e-05,115.2017812970182,141.15344309345483,6.0,0.0011686225712348288,0.00142847642055699,3.8676958361951016e-05,0.0026357759501537694,0.0,United Kingdom,GBR,england,,,Linux-6.4.0-150600.23.73_15.0.14-cray_shasta_c_64k-aarch64-with-glibc2.38,3.11.7,3.3.0,72,Neoverse-V2,1,1 x NVIDIA GH200 120GB,-2.5917,51.4535,64,machine,0.9583333333333334,0.0,28.399999999999984,243.24845716688367,N,1.0,0.0
2026-09-27T01:00:06,mobilenet_v3_small_batch4_node_5_upload,a431e280-4052-4bb6-95d5-ca0daac44582,5b0fa12a-3dd7-45bb-9766-cc326314d9f1,4.141739337937906,1.842274886515145e-05,4.448070571800829e-06,115.2013799808,143.45524873900402,6.0,3.459103861901016e-05,4.294364546808538e-05,5.727569805458188e-09,7.7540411656901e-05,0.0,United Kingdom,GBR,england,,,Linux-6.4.0-150600.23.73_15.0.14-cray_shasta_c_64k-aarch64-with-glibc2.38,3.11.7,3.3.0,72,Neoverse-V2,1,1 x NVIDIA GH200 120GB,-2.5917,51.4535,64,machine,0.0,0.0,28.4,243.2672119140625,N,1.0,0.0
2026-09-27T01:00:22,mobilenet_v3_small_batch4_node_0_exchange,ef5d2890-bb55-44e0-9305-fe154cf66a74,5b0fa12a-3dd7-45bb-9766-cc326314d9f1,7.104514301987365,6.750455718598051e-05,9.501642802956604e-06,115.20131134464002,139.33782536414105,6.0,0.0001286410405490463,0.0001554723465915231,9.855879858757058e-09,0.00028412324302042817,0.0,United Kingdom,GBR,england,,,Linux-6.4.0-150600.23.73_15.0.14-cray_shasta_c_64k-aarch64-with-glibc2.38,3.11.7,3.3.0,72,Neoverse-V2,1,1 x NVIDIA GH200 120GB,-2.5917,51.4535,64,machine,0.0,0.0,28.4,243.25796508789062,N,1.0,0.0
2026-09-27T01:00:48,mobilenet_v3_small_batch4_node_1_exchange,9caa4725-6350-4cd8-845e-9c5229de693d,5b0fa12a-3dd7-45bb-9766-cc326314d9f1,13.88190661300905,0.0001818888751846418,1.3102585995945947e-05,115.20113039476365,139.95384055701857,6.0,0.0003457015577505185,0.0004198525580960677,6.895751769964894e-09,0.0007655610115983561,0.0,United Kingdom,GBR,england,,,Linux-6.4.0-150600.23.73_15.0.14-cray_shasta_c_64k-aarch64-with-glibc2.38,3.11.7,3.3.0,72,Neoverse-V2,1,1 x NVIDIA GH200 120GB,-2.5917,51.4535,64,machine,0.0,0.0,28.4,243.23522338867187,N,1.0,0.0
2026-09-27T01:02:43,mobilenet_v3_small_batch4_node_2_exchange,8f0a1f79-dd36-42a7-9292-0cef409cdc8f,5b0fa12a-3dd7-45bb-9766-cc326314d9f1,111.62885102815926,0.00192589628989617,1.7252675022251616e-05,115.20110449954288,140.03601531317665,6.0,0.003572003624955307,0.004341647917755154,0.00019234785076385988,0.00810599939347432,0.0,United Kingdom,GBR,england,,,Linux-6.4.0-150600.23.73_15.0.14-cray_shasta_c_64k-aarch64-with-glibc2.38,3.11.7,3.3.0,72,Neoverse-V2,1,1 x NVIDIA GH200 120GB,-2.5917,51.4535,64,machine,1.4774774774774775,0.0,27.976576576576605,239.56862441054335,N,1.0,0.0
2026-09-27T01:02:47,mobilenet_v3_small_batch4_node_3_exchange,efa2f1da-a849-47f7-ad6e-58bd18571f08,5b0fa12a-3dd7-45bb-9766-cc326314d9f1,3.09897579299286,1.2183398500498482e-07,3.931427450335864e-08,115.2013799808,0.0,6.0,5.03024620938016e-07,0.0,9.76841663941741e-09,5.127930375774334e-07,0.0,United Kingdom,GBR,england,,,Linux-6.4.0-150600.23.73_15.0.14-cray_shasta_c_64k-aarch64-with-glibc2.38,3.11.7,3.3.0,72,Neoverse-V2,1,1 x NVIDIA GH200 120GB,-2.5917,51.4535,64,machine,0,0,0,0,N,1.0,0.0
2026-09-27T01:02:57,mobilenet_v3_small_batch4_node_4_exchange,8363b655-157c-45a6-92eb-65188faa8b50,5b0fa12a-3dd7-45bb-9766-cc326314d9f1,8.210480907000601,8.604001572885013e-05,1.0479290641244754e-05,115.2012083904,139.23969527427045,6.0,0.00016408439237770143,0.00019804765842934557,5.993163213133813e-09,0.0003621380439702601,0.0,United Kingdom,GBR,england,,,Linux-6.4.0-150600.23.73_15.0.14-cray_shasta_c_64k-aarch64-with-glibc2.38,3.11.7,3.3.0,72,Neoverse-V2,1,1 x NVIDIA GH200 120GB,-2.5917,51.4535,64,machine,6.6,0.0,28.5,243.86163330078125,N,1.0,0.0
2026-09-27T01:03:08,mobilenet_v3_small_batch4_node_5_exchange,d21bffca-e361-497b-bda6-869056e72bcd,5b0fa12a-3dd7-45bb-9766-cc326314d9f1,7.819237143034115,8.044635047946791e-05,1.0288260735401118e-05,115.2013799808,142.2824018744071,6.0,0.0001515496163865176,0.000187039316301707,5.659146700054407e-09,0.00033859459183492466,0.0,United Kingdom,GBR,england,,,Linux-6.4.0-150600.23.73_15.0.14-cray_shasta_c_64k-aarch64-with-glibc2.38,3.11.7,3.3.0,72,Neoverse-V2,1,1 x NVIDIA GH200 120GB,-2.5917,51.4535,64,machine,0.0,0.0,28.5,243.90354919433594,N,1.0,0.0
2026-09-27T01:04:16,mobilenet_v3_small_batch4_node_0_evaluate,53dcdaf1-f246-4b5c-beba-747c13573011,5b0fa12a-3dd7-45bb-9766-cc326314d9f1,12.544187758117914,0.00016270323721278922,1.2970408315795222e-05,115.46105976000001,142.0246755079093,6.0,0.0003043622819340811,0.0003740486325796155,6.398724033497274e-06,0.0006848096385471938,0.0,United Kingdom,GBR,england,,,Linux-6.4.0-150600.23.73_15.0.14-cray_shasta_c_64k-aarch64-with-glibc2.38,3.11.7,3.3.0,72,Neoverse-V2,1,1 x NVIDIA GH200 120GB,-2.5917,51.4535,64,machine,0.0,0.5555555555555556,28.5,243.8708970811632,N,1.0,0.0
2026-09-27T01:04:33,mobilenet_v3_small_batch4_node_1_evaluate,ee2953d1-f7a7-41e2-b577-c20745d6d774,5b0fa12a-3dd7-45bb-9766-cc326314d9f1,12.603651897981763,0.00016395684933514243,1.3008678013504723e-05,115.49888312255999,142.5886298130343,6.0,0.00030626261077357046,0.00037746585752529427,6.3575598217236505e-06,0.0006900860281205882,0.0,United Kingdom,GBR,england,,,Linux-6.4.0-150600.23.73_15.0.14-cray_shasta_c_64k-aarch64-with-glibc2.38,3.11.7,3.3.0,72,Neoverse-V2,1,1 x NVIDIA GH200 120GB,-2.5917,51.4535,64,machine,0.0,0.3333333333333333,28.5,243.81949869791666,N,1.0,0.0
2026-09-27T01:05:28,mobilenet_v3_small_batch4_node_2_evaluate,9136319f-ec42-4aca-8492-09888984853b,5b0fa12a-3dd7-45bb-9766-cc326314d9f1,7.989473958965391,8.555529418157754e-05,1.0708501538523902e-05,115.5497219712,140.74533127567918,6.0,0.00015879456185940533,0.0001947648780316058,6.538435774855316e-06,0.00036009787566586646,0.0,United Kingdom,GBR,england,,,Linux-6.4.0-150600.23.73_15.0.14-cray_shasta_c_64k-aarch64-with-glibc2.38,3.11.7,3.3.0,72,Neoverse-V2,1,1 x NVIDIA GH200 120GB,-2.5917,51.4535,64,machine,0.0,0.75,28.5,243.910400390625,N,1.0,0.0
2026-09-27T01:05:38,mobilenet_v3_small_batch4_node_3_evaluate,e8455014-3cf1-4f2e-82e6-909a57270905,5b0fa12a-3dd7-45bb-9766-cc326314d9f1,6.937246177811176,6.82630281980764e-05,9.840075794976992e-06,115.42003189920001,72.533773500245,6.0,0.00012497048340879467,0.00015589206915933573,6.453056311390053e-06,0.0002873156088795205,0.0,United Kingdom,GBR,england,,,Linux-6.4.0-150600.23.73_15.0.14-cray_shasta_c_64k-aarch64-with-glibc2.38,3.11.7,3.3.0,72,Neoverse-V2,1,1 x NVIDIA GH200 120GB,-2.5917,51.4535,64,machine,0.0,1.0,28.5,243.88301595052084,N,1.0,0.0
2026-09-27T01:05:51,mobilenet_v3_small_batch4_node_4_evaluate,26fc99fc-8ca0-4780-bec8-a2d564e72856,5b0fa12a-3dd7-45bb-9766-cc326314d9f1,6.8361319890245795,6.653118198000443e-05,9.732284585321106e-06,115.4219525712,72.48358961434009,6.0,0.00012176625428332087,0.00015196484379487174,6.295258276707803e-06,0.0002800263563549004,0.0,United Kingdom,GBR,england,,,Linux-6.4.0-150600.23.73_15.0.14-cray_shasta_c_64k-aarch64-with-glibc2.38,3.11.7,3.3.0,72,Neoverse-V2,1,1 x NVIDIA GH200 120GB,-2.5917,51.4535,64,machine,0.0,1.0,28.5,243.8468017578125,N,1.0,0.0
2026-09-27T01:06:05,mobilenet_v3_small_batch4_node_5_evaluate,ba7fcac3-d19b-41c7-8ca3-7b8290737451,5b0fa12a-3dd7-45bb-9766-cc326314d9f1,7.852058802964166,8.357534000071324e-05,1.064374861395121e-05,115.65056632320001,141.49015631179861,6.0,0.00015458939298446626,0.00019086404158485948,6.31091479328461e-06,0.00035176434936261036,0.0,United Kingdom,GBR,england,,,Linux-6.4.0-150600.23.73_15.0.14-cray_shasta_c_64k-aarch64-with-glibc2.38,3.11.7,3.3.0,72,Neoverse-V2,1,1 x NVIDIA GH200 120GB,-2.5917,51.4535,64,machine,0.0,0.75,28.5,243.79737854003906,N,1.0,0.0
2026-09-27T01:06:30,efficientnet_lite0_batch4_node_0_local_train,ad2e539f-a031-4777-96ab-b40dcc7088cd,5b0fa12a-3dd7-45bb-9766-cc326314d9f1,13.133575583109632,0.00017971531298627326,1.3683654679491487e-05,115.34882929261715,155.75319335663272,6.0,0.00032294431230072676,0.0004268408970347082,6.6273896749286605e-06,0.0007564125990103636,0.0,United Kingdom,GBR,england,,,Linux-6.4.0-150600.23.73_15.0.14-cray_shasta_c_64k-aarch64-with-glibc2.38,3.11.7,3.3.0,72,Neoverse-V2,1,1 x NVIDIA GH200 120GB,-2.5917,51.4535,64,machine,0.0,5.4,28.659999999999997,245.63475341796874,N,1.0,0.0
2026-09-27T01:06:47,efficientnet_lite0_batch4_node_0_evaluate,a2b7fb10-8e02-4997-90e6-a5aebe8f94d7,5b0fa12a-3dd7-45bb-9766-cc326314d9f1,10.925218731863424,0.000137625752837801,1.2597070705450975e-05,115.54590144096,146.41512978118672,6.0,0.00025284031433324097,0.0003199858115436882,6.4336581947281964e-06,0.0005792597840716574,0.0,United Kingdom,GBR,england,,,Linux-6.4.0-150600.23.73_15.0.14-cray_shasta_c_64k-aarch64-with-glibc2.38,3.11.7,3.3.0,72,Neoverse-V2,1,1 x NVIDIA GH200 120GB,-2.5917,51.4535,64,machine,0.0,1.7142857142857142,28.900000000000002,247.26327078683036,N,1.0,0.0
2026-09-27T01:07:46,efficientnet_lite0_batch4_node_1_local_train,cd6f799b-2321-4111-b06c-0af272f75a79,5b0fa12a-3dd7-45bb-9766-cc326314d9f1,11.160411799093708,0.00014496916955282333,1.2989589646198869e-05,115.32385830528001,154.90554251142683,6.0,0.00025963597174776535,0.0003446274979239661,5.904381334936868e-06,0.0006101678510066683,0.0,United Kingdom,GBR,england,,,Linux-6.4.0-150600.23.73_15.0.14-cray_shasta_c_64k-aarch64-with-glibc2.38,3.11.7,3.3.0,72,Neoverse-V2,1,1 x NVIDIA GH200 120GB,-2.5917,51.4535,64,machine,0.0,5.5,28.812500000000004,247.07427215576172,N,1.0,0.0
2026-09-27T01:07:57,efficientnet_lite0_batch4_node_1_evaluate,5e5022db-bf66-47ed-9394-56169b66bfd3,5b0fa12a-3dd7-45bb-9766-cc326314d9f1,7.990660659968853,8.7488216401766e-05,1.0948808881355628e-05,115.49341012320001,144.75745554439143,6.0,0.00015860582186110608,0.00020310127358413865,6.526351396848138e-06,0.0003682334468420929,0.0,United Kingdom,GBR,england,,,Linux-6.4.0-150600.23.73_15.0.14-cray_shasta_c_64k-aarch64-with-glibc2.38,3.11.7,3.3.0,72,Neoverse-V2,1,1 x NVIDIA GH200 120GB,-2.5917,51.4535,64,machine,0.0,2.5,28.8,247.07357788085938,N,1.0,0.0
2026-09-27T01:08:14,efficientnet_lite0_batch4_node_2_local_train,b7161afb-fadb-46e8-83b1-b2c205b4feb6,5b0fa12a-3dd7-45bb-9766-cc326314d9f1,9.143771579954773,0.00011542339450497927,1.2623171247848492e-05,115.38771575040002,155.4316747543583,6.0,0.0001955662966757003,0.00028178133653966597,8.463555454897382e-06,0.00048581118867026366,0.0,United Kingdom,GBR,england,,,Linux-6.4.0-150600.23.73_15.0.14-cray_shasta_c_64k-aarch64-with-glibc2.38,3.11.7,3.3.0,72,Neoverse-V2,1,1 x NVIDIA GH200 120GB,-2.5917,51.4535,64,machine,7.8,7.5,28.8,246.53854370117188,N,1.0,0.0
2026-09-27T01:08:26,efficientnet_lite0_batch4_node_2_evaluate,5350264f-87ef-4bd8-ab7c-714ec8f6f063,5b0fa12a-3dd7-45bb-9766-cc326314d9f1,8.544685541884974,9.72796043334512e-05,1.1384808002190229e-05,115.52544763200001,146.05196289330553,6.0,0.0001765106499696372,0.00022628462548368589,6.649624493438751e-06,0.0004094448999467619,0.0,United Kingdom,GBR,england,,,Linux-6.4.0-150600.23.73_15.0.14-cray_shasta_c_64k-aarch64-with-glibc2.38,3.11.7,3.3.0,72,Neoverse-V2,1,1 x NVIDIA GH200 120GB,-2.5917,51.4535,64,machine,0.0,2.4,28.8,246.4158203125,N,1.0,0.0
2026-09-27T01:09:10,efficientnet_lite0_batch4_node_3_local_train,8845f767-1929-4c72-a687-1aebf31da465,5b0fa12a-3dd7-45bb-9766-cc326314d9f1,36.29075776296668,0.0005787577503326072,1.5947800101413347e-05,115.31626829840575,154.88024869846836,6.0,0.001064392156773164,0.0013389207933585112,3.264894344339458e-05,0.0024359618935750693,0.0,United Kingdom,GBR,england,,,Linux-6.4.0-150600.23.73_15.0.14-cray_shasta_c_64k-aarch64-with-glibc2.38,3.11.7,3.3.0,72,Neoverse-V2,1,1 x NVIDIA GH200 120GB,-2.5917,51.4535,64,machine,0.8151515151515151,1.0,28.799999999999983,246.39755526455966,N,1.0,0.0
2026-09-27T01:09:22,efficientnet_lite0_batch4_node_3_evaluate,e1f466ac-c5d2-49bd-b4ed-8d9b0378581c,5b0fa12a-3dd7-45bb-9766-cc326314d9f1,10.989339564926922,0.00013824662986128476,1.2580067168231512e-05,115.54420391424,145.38694578223365,6.0,0.0002549743759108977,0.00032041942300509163,6.479224924696609e-06,0.000581873023840686,0.0,United Kingdom,GBR,england,,,Linux-6.4.0-150600.23.73_15.0.14-cray_shasta_c_64k-aarch64-with-glibc2.38,3.11.7,3.3.0,72,Neoverse-V2,1,1 x NVIDIA GH200 120GB,-2.5917,51.4535,64,machine,18.514285714285712,1.1428571428571428,28.74285714285714,246.35111781529017,N,1.0,0.0
2026-09-27T01:09:40,efficientnet_lite0_batch4_node_4_local_train,8e16ace3-6436-47b3-8e39-7b8f1c4f7e10,5b0fa12a-3dd7-45bb-9766-cc326314d9f1,11.031918071210384,0.00014188900846789403,1.2861680765938326e-05,115.32956031648001,154.46914667525212,6.0,0.00025568339272319574,0.0003360161021390695,5.504115018217514e-06,0.0005972036098804828,0.0,United Kingdom,GBR,england,,,Linux-6.4.0-150600.23.73_15.0.14-cray_shasta_c_64k-aarch64-with-glibc2.38,3.11.7,3.3.0,72,Neoverse-V2,1,1 x NVIDIA GH200 120GB,-2.5917,51.4535,64,machine,0.0,3.142857142857143,28.72857142857143,246.35582624162947,N,1.0,0.0
2026-09-27T01:10:31,efficientnet_lite0_batch4_node_4_evaluate,a8fa46e5-cb63-448d-9564-0a68b8b8e9e9,5b0fa12a-3dd7-45bb-9766-cc326314d9f1,16.974124041153118,0.00023894940794205104,1.4077274760260223e-05,115.50050774967276,145.63761110878505,6.0,0.0004462974232031578,0.0005529323867961011,6.4960777398664505e-06,0.0010057258877391253,0.0,United Kingdom,GBR,england,,,Linux-6.4.0-150600.23.73_15.0.14-cray_shasta_c_64k-aarch64-with-glibc2.38,3.11.7,3.3.0,72,Neoverse-V2,1,1 x NVIDIA GH200 120GB,-2.5917,51.4535,64,machine,2.053846153846154,0.9230769230769231,28.72307692307692,246.18023212139423,N,1.0,0.0
2026-09-27T01:10:41,efficientnet_lite0_batch4_node_5_local_train,45b1f0ce-a955-4f97-a0c6-76583763cfe9,5b0fa12a-3dd7-45bb-9766-cc326314d9f1,7.961744532221928,9.083721088833525e-05,1.1409209441562526e-05,115.3059673104,155.48376686548522,6.0,0.00015705503313245733,0.00021962545348230833,5.648707448660086e-06,0.0003823291940634257,0.0,United Kingdom,GBR,england,,,Linux-6.4.0-150600.23.73_15.0.14-cray_shasta_c_64k-aarch64-with-glibc2.38,3.11.7,3.3.0,72,Neoverse-V2,1,1 x NVIDIA GH200 120GB,-2.5917,51.4535,64,machine,0.0,12.0,28.75,246.38720703125,N,1.0,0.0
2026-09-27T01:11:14,efficientnet_lite0_batch4_node_5_evaluate,a5244a3b-c18e-492f-893f-348565d2c0cb,5b0fa12a-3dd7-45bb-9766-cc326314d9f1,12.82750582601875,0.00016868510479206084,1.315026530332244e-05,115.46761186944,145.0574547833946,6.0,0.00031351008815809223,0.0003901267009922549,6.350225366574402e-06,0.0007099870145169214,0.0,United Kingdom,GBR,england,,,Linux-6.4.0-150600.23.73_15.0.14-cray_shasta_c_64k-aarch64-with-glibc2.38,3.11.7,3.3.0,72,Neoverse-V2,1,1 x NVIDIA GH200 120GB,-2.5917,51.4535,64,machine,2.4777777777777774,0.8888888888888888,28.699999999999996,246.1435072157118,N,1.0,0.0
2026-09-27T01:11:36,efficientnet_lite0_batch4_node_1_upload,98988e9f-df48-4061-9ed0-fa0b15cfe122,5b0fa12a-3dd7-45bb-9766-cc326314d9f1,8.865252651041374,9.787556886542581e-05,1.1040358658467413e-05,115.20246499199999,140.58538981268524,6.0,0.00018559154035421884,0.00022635601440867958,5.7295449854185185e-09,0.0004119532843078838,0.0,United Kingdom,GBR,england,,,Linux-6.4.0-150600.23.73_15.0.14-cray_shasta_c_64k-aarch64-with-glibc2.38,3.11.7,3.3.0,72,Neoverse-V2,1,1 x NVIDIA GH200 120GB,-2.5917,51.4535,64,machine,3.4799999999999995,0.0,28.7,246.19422607421876,N,1.0,0.0
2026-09-27T01:11:44,efficientnet_lite0_batch4_node_2_upload,ad55563a-fb96-46bf-bebb-1cd04e3189ac,5b0fa12a-3dd7-45bb-9766-cc326314d9f1,6.095628418959677,5.0860570357761235e-05,8.343778009756286e-06,115.20209666879998,139.30329644662774,6.0,9.694220686513942e-05,0.00011709953813010543,2.7805184945464134e-08,0.0002140695501801903,0.0,United Kingdom,GBR,england,,,Linux-6.4.0-150600.23.73_15.0.14-cray_shasta_c_64k-aarch64-with-glibc2.38,3.11.7,3.3.0,72,Neoverse-V2,1,1 x NVIDIA GH200 120GB,-2.5917,51.4535,64,machine,5.733333333333333,0.0,28.7,246.1876220703125,N,1.0,0.0
2026-09-27T01:11:51,efficientnet_lite0_batch4_node_3_upload,f34dfc4e-925d-4a80-96e6-545614db5d53,5b0fa12a-3dd7-45bb-9766-cc326314d9f1,4.085153944091871,1.7969905512041702e-05,4.398831906452526e-06,115.2013799808,152.44513416620754,6.0,3.263331791780583e-05,4.299086774040006e-05,1.0231389896944166e-08,7.563441704810283e-05,0.0,United Kingdom,GBR,england,,,Linux-6.4.0-150600.23.73_15.0.14-cray_shasta_c_64k-aarch64-with-glibc2.38,3.11.7,3.3.0,72,Neoverse-V2,1,1 x NVIDIA GH200 120GB,-2.5917,51.4535,64,machine,0.0,0.0,28.8,246.23480224609375,N,1.0,0.0
2026-09-27T01:12:04,efficientnet_lite0_batch4_node_5_upload,23db3cca-1b18-403c-a424-4edfc9055486,5b0fa12a-3dd7-45bb-9766-cc326314d9f1,4.538442720891908,2.5161796259127622e-05,5.5441475868583294e-06,115.2013799808,142.98897096676646,6.0,4.730749302208469e-05,5.858726909480083e-05,9.956784779205919e-09,0.00010590471890166473,0.0,United Kingdom,GBR,england,,,Linux-6.4.0-150600.23.73_15.0.14-cray_shasta_c_64k-aarch64-with-glibc2.38,3.11.7,3.3.0,72,Neoverse-V2,1,1 x NVIDIA GH200 120GB,-2.5917,51.4535,64,machine,0.0,0.0,28.8,246.2413330078125,N,1.0,0.0
2026-09-27T01:12:34,mobilevit_xxs_batch4_node_0_local_train,5406fc46-fc8f-4734-a955-1321a5900c14,5b0fa12a-3dd7-45bb-9766-cc326314d9f1,9.276770073920488,0.00012605122586528198,1.3587835513962568e-05,128.61941800320002,79.75396636305814,6.0,0.0002454651132574567,0.000274734108671737,1.0343967634641256e-05,0.000530543189563835,0.0,United Kingdom,GBR,england,,,Linux-6.4.0-150600.23.73_15.0.14-cray_shasta_c_64k-aarch64-with-glibc2.38,3.11.7,3.3.0,72,Neoverse-V2,1,1 x NVIDIA GH200 120GB,-2.5917,51.4535,64,machine,0.0,6.5,28.900000000000002,247.3613077799479,N,1.0,0.0
2026-09-27T01:12:51,mobilevit_xxs_batch4_node_0_evaluate,d8b8c799-559e-496e-a5b0-b315cf83af3e,5b0fa12a-3dd7-45bb-9766-cc326314d9f1,10.034871958196163,0.00012179642312715087,1.213731711122347e-05,115.38220451040002,144.86401541092505,6.0,0.00022391119871515198,0.0002821118923463928,6.61185048520565e-06,0.0005126349415467504,0.0,United Kingdom,GBR,england,,,Linux-6.4.0-150600.23.73_15.0.14-cray_shasta_c_64k-aarch64-with-glibc2.38,3.11.7,3.3.0,72,Neoverse-V2,1,1 x NVIDIA GH200 120GB,-2.5917,51.4535,64,machine,0.0,1.3333333333333333,28.900000000000002,247.34102376302084,N,1.0,0.0
2026-09-27T01:13:01,mobilevit_xxs_batch4_node_1_local_train,40701c1b-52e4-4618-a589-ab3c2d44a242,5b0fa12a-3dd7-45bb-9766-cc326314d9f1,9.702555340947583,0.00012225153275362765,1.2599931508526512e-05,115.2898127136,150.38610403599284,6.0,0.0002130943831040227,0.00029206551143090564,9.39058024979507e-06,0.0005145504747847234,0.0,United Kingdom,GBR,england,,,Linux-6.4.0-150600.23.73_15.0.14-cray_shasta_c_64k-aarch64-with-glibc2.38,3.11.7,3.3.0,72,Neoverse-V2,1,1 x NVIDIA GH200 120GB,-2.5917,51.4535,64,machine,0.0,2.8333333333333335,28.900000000000002,247.37049357096353,N,1.0,0.0
2026-09-27T01:13:14,mobilevit_xxs_batch4_node_1_evaluate,74fc6c9f-819f-4943-9625-38a6e3417951,5b0fa12a-3dd7-45bb-9766-cc326314d9f1,7.982721606036648,8.671782272290757e-05,1.0863190150252805e-05,115.4228158368,143.70125335734824,6.0,0.00015826152165051552,0.00020020099348982967,6.528383945502963e-06,0.00036499089908584813,0.0,United Kingdom,GBR,england,,,Linux-6.4.0-150600.23.73_15.0.14-cray_shasta_c_64k-aarch64-with-glibc2.38,3.11.7,3.3.0,72,Neoverse-V2,1,1 x NVIDIA GH200 120GB,-2.5917,51.4535,64,machine,0.0,1.5,28.9,247.3481903076172,N,1.0,0.0
2026-09-27T01:15:34,mobilevit_xxs_batch4_node_2_local_train,4545c5fa-c08a-45ad-bac1-f29c659b2246,5b0fa12a-3dd7-45bb-9766-cc326314d9f1,11.225776039995253,0.00015200780668130325,1.3540961991378508e-05,115.2784102464,420.04161892123955,6.0,0.00026200560926373267,0.00036420001359260823,1.3587493328765655e-05,0.0006397931161851065,0.0,United Kingdom,GBR,england,,,Linux-6.4.0-150600.23.73_15.0.14-cray_shasta_c_64k-aarch64-with-glibc2.38,3.11.7,3.3.0,72,Neoverse-V2,1,1 x NVIDIA GH200 120GB,-2.5917,51.4535,64,machine,0.0,13.75,28.900000000000002,247.3043212890625,N,1.0,0.0
2026-09-27T01:18:24,mobilevit_xxs_batch4_node_2_evaluate,d4aec1b7-6324-4f00-8e12-a21ae52076c8,5b0fa12a-3dd7-45bb-9766-cc326314d9f1,162.0865332048852,0.0027210005089727926,1.6787332390737957e-05,115.25031465646944,141.86704427586216,6.0,0.005089336818527886,0.006204076352148036,0.00015913938425209684,0.011452552554928018,0.0,United Kingdom,GBR,england,,,Linux-6.4.0-150600.23.73_15.0.14-cray_shasta_c_64k-aarch64-with-glibc2.38,3.11.7,3.3.0,72,Neoverse-V2,1,1 x NVIDIA GH200 120GB,-2.5917,51.4535,64,machine,1.5588607594936712,0.0759493670886076,28.900000000000016,247.3038156243819,N,1.0,0.0
2026-09-27T01:18:34,mobilevit_xxs_batch4_node_3_local_train,a4e87abe-7615-4251-84f3-3106eaf39ece,5b0fa12a-3dd7-45bb-9766-cc326314d9f1,10.363954060943797,0.00013563400330673066,1.3087090362341794e-05,115.2888314688,80.02074113662529,6.0,0.0002343688242374225,0.00032434248170432056,1.2165305798407644e-05,0.0005708766117401507,0.0,United Kingdom,GBR,england,,,Linux-6.4.0-150600.23.73_15.0.14-cray_shasta_c_64k-aarch64-with-glibc2.38,3.11.7,3.3.0,72,Neoverse-V2,1,1 x NVIDIA GH200 120GB,-2.5917,51.4535,64,machine,15.614285714285714,13.857142857142858,28.900000000000002,247.2347150530134,N,1.0,0.0
2026-09-27T01:18:58,mobilevit_xxs_batch4_node_3_evaluate,32f9f0aa-e6f8-4299-85a9-1a882caf7f57,5b0fa12a-3dd7-45bb-9766-cc326314d9f1,8.10543405287899,8.869370998617845e-05,1.0942499736294207e-05,115.41970818432,142.53104523385528,6.0,0.00016224120742109802,0.00020433405235564805,6.732048163345705e-06,0.00037330730794009174,0.0,United Kingdom,GBR,england,,,Linux-6.4.0-150600.23.73_15.0.14-cray_shasta_c_64k-aarch64-with-glibc2.38,3.11.7,3.3.0,72,Neoverse-V2,1,1 x NVIDIA GH200 120GB,-2.5917,51.4535,64,machine,0.0,2.4,28.9,247.148779296875,N,1.0,0.0
2026-09-27T01:19:14,mobilevit_xxs_batch4_node_4_local_train,88795406-167f-4c05-8ecd-a735b7dcd734,5b0fa12a-3dd7-45bb-9766-cc326314d9f1,13.94586492003873,0.0001927295706115686,1.381983632543555e-05,115.28065154880002,150.2919255561713,6.0,0.00034898543827363863,0.0004534603627632805,8.74314546973134e-06,0.0008111889465066505,0.0,United Kingdom,GBR,england,,,Linux-6.4.0-150600.23.73_15.0.14-cray_shasta_c_64k-aarch64-with-glibc2.38,3.11.7,3.3.0,72,Neoverse-V2,1,1 x NVIDIA GH200 120GB,-2.5917,51.4535,64,machine,3.54,5.2,28.870000000000005,247.08648071289062,N,1.0,0.0
2026-09-27T01:19:33,mobilevit_xxs_batch4_node_4_evaluate,f55442f2-e6d4-43c0-835e-03361c60b13d,5b0fa12a-3dd7-45bb-9766-cc326314d9f1,8.023121499922127,8.79674225674423e-05,1.0964239114202136e-05,115.3922171472,147.3323054352677,6.0,0.0001596864458890104,0.0002040521076906998,6.51184760654966e-06,0.00037025040118625986,0.0,United Kingdom,GBR,england,,,Linux-6.4.0-150600.23.73_15.0.14-cray_shasta_c_64k-aarch64-with-glibc2.38,3.11.7,3.3.0,72,Neoverse-V2,1,1 x NVIDIA GH200 120GB,-2.5917,51.4535,64,machine,0.0,2.5,28.8,246.9999237060547,N,1.0,0.0
2026-09-27T01:19:49,mobilevit_xxs_batch4_node_5_local_train,83489ff8-bfee-4d1d-b263-1f59cf81334b,5b0fa12a-3dd7-45bb-9766-cc326314d9f1,9.314974592067301,0.00011388123818597351,1.2225609105037772e-05,115.28805049920001,148.48551152125384,6.0,0.0002006711340918477,0.0002699046603709121,8.744536806674054e-06,0.00047932033126943385,0.0,United Kingdom,GBR,england,,,Linux-6.4.0-150600.23.73_15.0.14-cray_shasta_c_64k-aarch64-with-glibc2.38,3.11.7,3.3.0,72,Neoverse-V2,1,1 x NVIDIA GH200 120GB,-2.5917,51.4535,64,machine,0.0,11.166666666666666,28.8,246.9897664388021,N,1.0,0.0
2026-09-27T01:20:01,mobilevit_xxs_batch4_node_5_evaluate,799eceff-8963-449d-8f30-edbf78343f9b,5b0fa12a-3dd7-45bb-9766-cc326314d9f1,6.98928124178201,6.98388248596843e-05,9.992275663796006e-06,115.3562652,74.08416411424014,6.0,0.00012629370870789213,0.00016112401777945706,6.530330281627054e-06,0.0002939480567689763,0.0,United Kingdom,GBR,england,,,Linux-6.4.0-150600.23.73_15.0.14-cray_shasta_c_64k-aarch64-with-glibc2.38,3.11.7,3.3.0,72,Neoverse-V2,1,1 x NVIDIA GH200 120GB,-2.5917,51.4535,64,machine,0.0,4.0,28.8,246.9537150065104,N,1.0,0.0
2026-09-27T01:20:08,mobilevit_xxs_batch4_node_0_upload,411e48e3-7320-4cdc-a1de-acc309aadb4f,5b0fa12a-3dd7-45bb-9766-cc326314d9f1,4.568908942164853,2.5391116652779716e-05,5.557369817212602e-06,115.2120699072,139.82580144700356,6.0,4.833450224139873e-05,5.853004682876417e-05,5.367688524226348e-09,0.00010686991675868712,0.0,United Kingdom,GBR,england,,,Linux-6.4.0-150600.23.73_15.0.14-cray_shasta_c_64k-aarch64-with-glibc2.38,3.11.7,3.3.0,72,Neoverse-V2,1,1 x NVIDIA GH200 120GB,-2.5917,51.4535,64,machine,0.0,0.0,28.8,246.9935302734375,N,1.0,0.0
2026-09-27T01:20:26,mobilevit_xxs_batch4_node_5_upload,792f7c54-b575-43cb-af1e-21cb82446a05,5b0fa12a-3dd7-45bb-9766-cc326314d9f1,14.71059034508653,0.00019705699155218322,1.3395586915925645e-05,115.20157161600004,141.13907347299454,6.0,0.0003729750141300967,0.00045641758737247073,1.0239336794863145e-08,0.0008294028408393622,0.0,United Kingdom,GBR,england,,,Linux-6.4.0-150600.23.73_15.0.14-cray_shasta_c_64k-aarch64-with-glibc2.38,3.11.7,3.3.0,72,Neoverse-V2,1,1 x NVIDIA GH200 120GB,-2.5917,51.4535,64,machine,1.6363636363636365,0.0,28.800000000000008,246.97865988991478,N,1.0,0.0
2026-09-27T01:20:31,mobilevit_xxs_batch4_node_0_exchange,37c36d9b-cebd-4bc1-aaf7-04b16cc48d10,5b0fa12a-3dd7-45bb-9766-cc326314d9f1,4.100947114871815,1.796668492275203e-05,4.381106222413118e-06,115.20182891520001,152.0910634545429,6.0,3.2866539413082344e-05,4.2748923078761436e-05,5.399259971454739e-09,7.562086175181524e-05,0.0,United Kingdom,GBR,england,,,Linux-6.4.0-150600.23.73_15.0.14-cray_shasta_c_64k-aarch64-with-glibc2.38,3.11.7,3.3.0,72,Neoverse-V2,1,1 x NVIDIA GH200 120GB,-2.5917,51.4535,64,machine,0.0,0.0,28.8,246.97344970703125,N,1.0,0.0
2026-09-27T01:20:40,mobilevit_xxs_batch4_node_2_exchange,301db70e-c3f5-4348-a2b8-ad57f903f455,5b0fa12a-3dd7-45bb-9766-cc326314d9f1,6.060840419027954,5.041528471300454e-05,8.31820031999625e-06,115.20137998080001,140.95089922947056,6.0,9.549473745407433e-05,0.00011669314892515104,7.479201691846054e-09,0.00021219536558091722,0.0,United Kingdom,GBR,england,,,Linux-6.4.0-150600.23.73_15.0.14-cray_shasta_c_64k-aarch64-with-glibc2.38,3.11.7,3.3.0,72,Neoverse-V2,1,1 x NVIDIA GH200 120GB,-2.5917,51.4535,64,machine,6.0,0.0,28.8,246.93096923828125,N,1.0,0.0
2026-09-27T01:21:06,mobilevit_xxs_batch4_node_3_exchange,63750a7c-836f-477c-848e-6b5b43c50674,5b0fa12a-3dd7-45bb-9766-cc326314d9f1,6.099099337123334,5.0694426202944295e-05,8.311788905352463e-06,115.20120839039998,139.4133951366236,6.0,9.659729353835863e-05,0.00011676287120110374,1.0093155239398281e-08,0.00021337025789470177,0.0,United Kingdom,GBR,england,,,Linux-6.4.0-150600.23.73_15.0.14-cray_shasta_c_64k-aarch64-with-glibc2.38,3.11.7,3.3.0,72,Neoverse-V2,1,1 x NVIDIA GH200 120GB,-2.5917,51.4535,64,machine,0.0,0.0,28.8,246.94586181640625,N,1.0,0.0
2026-09-27T01:21:15,mobilevit_xxs_batch4_node_4_exchange,5e42c5bf-f9ff-4b25-af8f-b04ddcfe226f,5b0fa12a-3dd7-45bb-9766-cc326314d9f1,4.08935872791335,1.695903197547699e-05,4.147112812509496e-06,115.2013799808,138.60526600231495,6.0,3.2450769905250334e-05,3.892364225066558e-05,5.289663095027208e-09,7.137970181901094e-05,0.0,United Kingdom,GBR,england,,,Linux-6.4.0-150600.23.73_15.0.14-cray_shasta_c_64k-aarch64-with-glibc2.38,3.11.7,3.3.0,72,Neoverse-V2,1,1 x NVIDIA GH200 120GB,-2.5917,51.4535,64,machine,13.6,0.0,28.8,247.0030517578125,N,1.0,0.0
2026-09-27T01:21:25,mobilevit_xxs_batch4_node_5_exchange,6d62525b-02b3-42b8-8902-9bea1fe28fa5,5b0fa12a-3dd7-45bb-9766-cc326314d9f1,3.090314099099487,9.956521279743111e-08,3.2218476699971786e-08,115.2013799808,0.0,6.0,4.136175960599696e-07,0.0,5.447313499947389e-09,4.19064909559917e-07,0.0,United Kingdom,GBR,england,,,Linux-6.4.0-150600.23.73_15.0.14-cray_shasta_c_64k-aarch64-with-glibc2.38,3.11.7,3.3.0,72,Neoverse-V2,1,1 x NVIDIA GH200 120GB,-2.5917,51.4535,64,machine,0,0,0,0,N,1.0,0.0
2026-09-27T01:21:43,mobilevit_xxs_batch4_node_0_evaluate,b15a37b6-0062-4218-9be1-6e22395ab2ee,5b0fa12a-3dd7-45bb-9766-cc326314d9f1,8.009523628978059,8.783785913093041e-05,1.0966677070923095e-05,115.445501928,150.069003447132,6.0,0.0001591517730596431,0.00020400182987145854,6.551472349868467e-06,0.0003697050752809701,0.0,United Kingdom,GBR,england,,,Linux-6.4.0-150600.23.73_15.0.14-cray_shasta_c_64k-aarch64-with-glibc2.38,3.11.7,3.3.0,72,Neoverse-V2,1,1 x NVIDIA GH200 120GB,-2.5917,51.4535,64,machine,12.9,3.0,28.8,246.96975708007812,N,1.0,0.0
2026-09-27T01:22:30,mobilevit_xxs_batch4_node_2_evaluate,7681a878-0980-41c0-b162-beb79f5bf483,5b0fa12a-3dd7-45bb-9766-cc326314d9f1,7.086725873872638,7.16807295813863e-05,1.0114787965153136e-05,115.35855460991999,74.07953583696057,6.0,0.00012959943454788652,0.00016539763231548932,6.70347306644544e-06,0.00030170053992982125,0.0,United Kingdom,GBR,england,,,Linux-6.4.0-150600.23.73_15.0.14-cray_shasta_c_64k-aarch64-with-glibc2.38,3.11.7,3.3.0,72,Neoverse-V2,1,1 x NVIDIA GH200 120GB,-2.5917,51.4535,64,machine,0.0,3.25,28.8,246.83482360839844,N,1.0,0.0
2026-09-27T01:22:54,mobilevit_xxs_batch4_node_3_evaluate,66080091-9c0b-45f1-a7f4-ddec62f99f44,5b0fa12a-3dd7-45bb-9766-cc326314d9f1,11.816139507805929,0.00015213206920050562,1.2874938477157008e-05,115.38035436671998,145.55206435012866,6.0,0.0002808600082683634,0.00035282139337766694,6.634729153399044e-06,0.0006403161307994294,0.0,United Kingdom,GBR,england,,,Linux-6.4.0-150600.23.73_15.0.14-cray_shasta_c_64k-aarch64-with-glibc2.38,3.11.7,3.3.0,72,Neoverse-V2,1,1 x NVIDIA GH200 120GB,-2.5917,51.4535,64,machine,0.7875,1.5,28.800000000000004,246.88716888427734,N,1.0,0.0
2026-09-27T01:25:38,mobilevit_xxs_batch4_node_4_evaluate,0a8a32f3-6035-401f-ba23-8770eafbe127,5b0fa12a-3dd7-45bb-9766-cc326314d9f1,156.9242626891937,0.002704911281056007,1.7237049482994163e-05,115.24162335433114,140.66390465274762,6.0,0.00502196475521923,0.006108119330932027,0.00025474972793948833,0.011384833814090748,0.0,United Kingdom,GBR,england,,,Linux-6.4.0-150600.23.73_15.0.14-cray_shasta_c_64k-aarch64-with-glibc2.38,3.11.7,3.3.0,72,Neoverse-V2,1,1 x NVIDIA GH200 120GB,-2.5917,51.4535,64,machine,1.3166666666666667,0.05128205128205128,28.800000000000082,246.84008084810696,N,1.0,0.0
2026-09-27T01:28:38,mobilevit_xxs_batch4_node_5_evaluate,32df81ea-df2b-4cee-813b-33a3961928f0,5b0fa12a-3dd7-45bb-9766-cc326314d9f1,7.9700301920529455,8.677803629811274e-05,1.088804360925014e-05,115.3650487104,144.3524145237322,6.0,0.00015769948869089946,0.00020104571639478763,6.4991298713721335e-06,0.0003652443349570592,0.0,United Kingdom,GBR,england,,,Linux-6.4.0-150600.23.73_15.0.14-cray_shasta_c_64k-aarch64-with-glibc2.38,3.11.7,3.3.0,72,Neoverse-V2,1,1 x NVIDIA GH200 120GB,-2.5917,51.4535,64,machine,0.0,3.0,28.9,247.1539764404297,N,1.0,0.0
2026-09-27T01:29:17,mobilenet_v3_small_batch5_node_0_local_train,ac530063-8458-4d1a-b6d8-9876870db94b,5b0fa12a-3dd7-45bb-9766-cc326314d9f1,8.678232091944665,9.971779153734909e-05,1.1490565184343184e-05,115.34352966720002,198.93010610474505,6.0,0.00017971122988964095,0.00023067768452733617,9.318191288039087e-06,0.0004197071057050162,0.0,United Kingdom,GBR,england,,,Linux-6.4.0-150600.23.73_15.0.14-cray_shasta_c_64k-aarch64-with-glibc2.38,3.11.7,3.3.0,72,Neoverse-V2,1,1 x NVIDIA GH200 120GB,-2.5917,51.4535,64,machine,0.0,4.6,28.6,244.936328125,N,1.0,0.0
2026-09-27T01:29:38,mobilenet_v3_small_batch5_node_0_evaluate,4770030a-c943-41ce-9c70-a58f45d2d3c9,5b0fa12a-3dd7-45bb-9766-cc326314d9f1,15.5585199999623,0.00021468797535705085,1.3798740198783115e-05,115.41153600822858,141.6692653799059,6.0,0.00040101063121887766,0.0004917970601070465,1.0803062358172611e-05,0.0009036107536840967,0.0,United Kingdom,GBR,england,,,Linux-6.4.0-150600.23.73_15.0.14-cray_shasta_c_64k-aarch64-with-glibc2.38,3.11.7,3.3.0,72,Neoverse-V2,1,1 x NVIDIA GH200 120GB,-2.5917,51.4535,64,machine,5.791666666666667,0.25,28.600000000000005,244.79229227701822,N,1.0,0.0
2026-09-27T01:29:58,mobilenet_v3_small_batch5_node_1_local_train,a6b7060d-bb27-4fb5-962c-b04cde8716a3,5b0fa12a-3dd7-45bb-9766-cc326314d9f1,13.984365854179487,0.00018928574714211364,1.3535525966344917e-05,115.397694864,144.44027415745273,6.0,0.00035011873301328886,0.00043770062794123987,8.874707971699537e-06,0.0007966940689262282,0.0,United Kingdom,GBR,england,,,Linux-6.4.0-150600.23.73_15.0.14-cray_shasta_c_64k-aarch64-with-glibc2.38,3.11.7,3.3.0,72,Neoverse-V2,1,1 x NVIDIA GH200 120GB,-2.5917,51.4535,64,machine,0.0,1.4,28.6,244.7743408203125,N,1.0,0.0
2026-09-27T01:30:08,mobilenet_v3_small_batch5_node_1_evaluate,0cfccf2f-9a11-44cb-8621-cbf1de75f50b,5b0fa12a-3dd7-45bb-9766-cc326314d9f1,6.916849622968584,6.820950752238218e-05,9.861354697647441e-06,115.520456088,73.0419658942043,6.0,0.00012447976466880255,0.0001561901249544917,6.420453458170717e-06,0.000287090343081465,0.0,United Kingdom,GBR,england,,,Linux-6.4.0-150600.23.73_15.0.14-cray_shasta_c_64k-aarch64-with-glibc2.38,3.11.7,3.3.0,72,Neoverse-V2,1,1 x NVIDIA GH200 120GB,-2.5917,51.4535,64,machine,0.0,0.6666666666666666,28.600000000000005,244.7602335611979,N,1.0,0.0
2026-09-27T01:30:35,mobilenet_v3_small_batch5_node_2_local_train,ba755e9e-c6a4-4ed6-9a39-d6ecf133b12f,5b0fa12a-3dd7-45bb-9766-cc326314d9f1,11.865963556105271,0.00015591176127602413,1.3139410089946255e-05,115.4482116696,147.03816467997473,6.0,0.00028303771404335394,0.00036025834376118837,1.2928604431605587e-05,0.0006562246622361478,0.0,United Kingdom,GBR,england,,,Linux-6.4.0-150600.23.73_15.0.14-cray_shasta_c_64k-aarch64-with-glibc2.38,3.11.7,3.3.0,72,Neoverse-V2,1,1 x NVIDIA GH200 120GB,-2.5917,51.4535,64,machine,0.0,3.5,28.599999999999998,244.8000717163086,N,1.0,0.0
2026-09-27T01:30:54,mobilenet_v3_small_batch5_node_2_evaluate,0451b123-4a1f-454a-87a6-61f34d32bfa2,5b0fa12a-3dd7-45bb-9766-cc326314d9f1,12.291016238974407,0.00015909398485119565,1.2943924388181497e-05,115.67169533952001,143.22659584906282,6.0,0.0002966217989484641,0.00036638807088706926,6.608609349932522e-06,0.0006696184791854659,0.0,United Kingdom,GBR,england,,,Linux-6.4.0-150600.23.73_15.0.14-cray_shasta_c_64k-aarch64-with-glibc2.38,3.11.7,3.3.0,72,Neoverse-V2,1,1 x NVIDIA GH200 120GB,-2.5917,51.4535,64,machine,9.600000000000001,0.3333333333333333,28.599999999999998,244.87901475694446,N,1.0,0.0
2026-09-27T01:31:12,mobilenet_v3_small_batch5_node_3_local_train,8c420756-70a9-45dd-b279-b3476177f2d2,5b0fa12a-3dd7-45bb-9766-cc326314d9f1,11.409555825870484,0.0001475634394907206,1.2933320257404703e-05,115.46074451108572,144.8386615171711,6.0,0.0002683401582584393,0.0003421794404090406,1.056740237516351e-05,0.0006210870010426434,0.0,United Kingdom,GBR,england,,,Linux-6.4.0-150600.23.73_15.0.14-cray_shasta_c_64k-aarch64-with-glibc2.38,3.11.7,3.3.0,72,Neoverse-V2,1,1 x NVIDIA GH200 120GB,-2.5917,51.4535,64,machine,0.0,4.375,28.599999999999998,244.8593292236328,N,1.0,0.0
2026-09-27T01:31:33,mobilenet_v3_small_batch5_node_3_evaluate,ed0aed5f-9089-4126-811e-d522a6f18577,5b0fa12a-3dd7-45bb-9766-cc326314d9f1,6.969909255160019,6.855367846826408e-05,9.835662984781598e-06,115.50470165280001,72.0875650147475,6.0,0.00012595920930973063,0.00015607762486524734,6.502106888219714e-06,0.0002885389410631977,0.0,United Kingdom,GBR,england,,,Linux-6.4.0-150600.23.73_15.0.14-cray_shasta_c_64k-aarch64-with-glibc2.38,3.11.7,3.3.0,72,Neoverse-V2,1,1 x NVIDIA GH200 120GB,-2.5917,51.4535,64,machine,0.0,1.0,28.600000000000005,244.78243001302084,N,1.0,0.0
2026-09-27T01:32:39,mobilenet_v3_small_batch5_node_4_local_train,105a4d19-f33f-4533-b7b3-52564b11959f,5b0fa12a-3dd7-45bb-9766-cc326314d9f1,7.649584548082203,8.100063063039804e-05,1.0588892785125878e-05,115.34896545408,73.28947528709304,6.0,0.00014744500145202023,0.0001858673709023151,7.615156404984494e-06,0.00034092752875931984,0.0,United Kingdom,GBR,england,,,Linux-6.4.0-150600.23.73_15.0.14-cray_shasta_c_64k-aarch64-with-glibc2.38,3.11.7,3.3.0,72,Neoverse-V2,1,1 x NVIDIA GH200 120GB,-2.5917,51.4535,64,machine,0.0,5.25,28.6,244.7850799560547,N,1.0,0.0
2026-09-27T01:33:27,mobilenet_v3_small_batch5_node_4_evaluate,8923d20b-efca-4b8f-be15-58581cdba068,5b0fa12a-3dd7-45bb-9766-cc326314d9f1,16.941381414886564,0.0002374717261837307,1.4017258709201948e-05,115.59686372378184,142.08666097921144,6.0,0.0004454471915840677,0.0005476107158699506,6.448493026352178e-06,0.0009995064004803703,0.0,United Kingdom,GBR,england,,,Linux-6.4.0-150600.23.73_15.0.14-cray_shasta_c_64k-aarch64-with-glibc2.38,3.11.7,3.3.0,72,Neoverse-V2,1,1 x NVIDIA GH200 120GB,-2.5917,51.4535,64,machine,0.0,0.15384615384615385,28.600000000000005,244.80641526442307,N,1.0,0.0
2026-09-27T01:33:59,mobilenet_v3_small_batch5_node_5_local_train,1151db91-0f07-4349-8928-0ffe0f31acf0,5b0fa12a-3dd7-45bb-9766-cc326314d9f1,14.90616756095551,0.00020507089834633416,1.3757452913885585e-05,115.35713209440001,145.1245773671443,6.0,0.00037968529449988893,0.00047557065822445566,7.877013643349831e-06,0.0008631329663676945,0.0,United Kingdom,GBR,england,,,Linux-6.4.0-150600.23.73_15.0.14-cray_shasta_c_64k-aarch64-with-glibc2.38,3.11.7,3.3.0,72,Neoverse-V2,1,1 x NVIDIA GH200 120GB,-2.5917,51.4535,64,machine,2.309090909090909,1.0,28.6,244.8749445134943,N,1.0,0.0
2026-09-27T01:34:20,mobilenet_v3_small_batch5_node_5_evaluate,51cf8af1-e5a9-4620-b32e-4d2ea278143b,5b0fa12a-3dd7-45bb-9766-cc326314d9f1,14.473913075169548,0.00019611802206859604,1.3549758178736243e-05,115.47608358816001,143.36893164263086,6.0,0.0003662761240504237,0.00045270313994194566,6.471502114630616e-06,0.000825450766107,0.0,United Kingdom,GBR,england,,,Linux-6.4.0-150600.23.73_15.0.14-cray_shasta_c_64k-aarch64-with-glibc2.38,3.11.7,3.3.0,72,Neoverse-V2,1,1 x NVIDIA GH200 120GB,-2.5917,51.4535,64,machine,2.6818181818181817,0.2727272727272727,28.6,244.8546697443182,N,1.0,0.0
2026-09-27T01:34:36,mobilenet_v3_small_batch5_node_0_upload,df204e83-94f7-4de8-822f-801af2659558,5b0fa12a-3dd7-45bb-9766-cc326314d9f1,9.032560191117227,0.00010093214492226599,1.11742565548054e-05,115.2031264704,140.89584652300746,6.0,0.00019119662273157413,0.00023361074245542568,1.089206508671244e-08,0.00042481825725208653,0.0,United Kingdom,GBR,england,,,Linux-6.4.0-150600.23.73_15.0.14-cray_shasta_c_64k-aarch64-with-glibc2.38,3.11.7,3.3.0,72,Neoverse-V2,1,1 x NVIDIA GH200 120GB,-2.5917,51.4535,64,machine,0.0,0.0,28.6,244.8536865234375,N,1.0,0.0
2026-09-27T01:34:49,mobilenet_v3_small_batch5_node_2_upload,0209e35e-847a-4a0d-a817-e61e529e5df4,5b0fa12a-3dd7-45bb-9766-cc326314d9f1,8.29981080815196,8.797034925996231e-05,1.059907885774445e-05,115.2016759872,139.0664864653619,6.0,0.000167812203239797,0.00020244516194622975,5.354299986114104e-09,0.00037026271948601287,0.0,United Kingdom,GBR,england,,,Linux-6.4.0-150600.23.73_15.0.14-cray_shasta_c_64k-aarch64-with-glibc2.38,3.11.7,3.3.0,72,Neoverse-V2,1,1 x NVIDIA GH200 120GB,-2.5917,51.4535,64,machine,0.0,0.0,28.6,244.78970947265626,N,1.0,0.0
2026-09-27T01:34:56,mobilenet_v3_small_batch5_node_3_upload,a3f4b209-b2c3-418e-9fd9-d69fe5923c1b,5b0fa12a-3dd7-45bb-9766-cc326314d9f1,4.562952850945294,2.533464759292817e-05,5.552248383999774e-06,115.2013799808,139.9309264597321,6.0,4.820412728478109e-05,5.842226896390912e-05,5.8451131917536265e-09,0.00010663224136188196,0.0,United Kingdom,GBR,england,,,Linux-6.4.0-150600.23.73_15.0.14-cray_shasta_c_64k-aarch64-with-glibc2.38,3.11.7,3.3.0,72,Neoverse-V2,1,1 x NVIDIA GH200 120GB,-2.5917,51.4535,64,machine,0.0,0.0,28.6,244.815673828125,N,1.0,0.0
2026-09-27T01:35:01,mobilenet_v3_small_batch5_node_4_upload,6fe7e92a-b46d-46d1-af0a-6062657037f4,5b0fa12a-3dd7-45bb-9766-cc326314d9f1,3.072853985009715,1.0756368100412558e-07,3.500448818227382e-08,115.2013799808,0.0,6.0,4.4721239817791155e-07,0.0,5.517656682059169e-09,4.5273005485997073e-07,0.0,United Kingdom,GBR,england,,,Linux-6.4.0-150600.23.73_15.0.14-cray_shasta_c_64k-aarch64-with-glibc2.38,3.11.7,3.3.0,72,Neoverse-V2,1,1 x NVIDIA GH200 120GB,-2.5917,51.4535,64,machine,0,0,0,0,N,1.0,0.0
2026-09-27T01:35:08,mobilenet_v3_small_batch5_node_5_upload,73a810e7-f692-4514-a7e6-5626008bf080,5b0fa12a-3dd7-45bb-9766-cc326314d9f1,6.076268211007118,5.069338527805325e-05,8.342848524398994e-06,115.2012941856,139.5033087645829,6.0,9.660576022386094e-05,0.00011675481560757817,5.300863413140178e-09,0.00021336587669485227,0.0,United Kingdom,GBR,england,,,Linux-6.4.0-150600.23.73_15.0.14-cray_shasta_c_64k-aarch64-with-glibc2.38,3.11.7,3.3.0,72,Neoverse-V2,1,1 x NVIDIA GH200 120GB,-2.5917,51.4535,64,machine,0.0,0.0,28.600000000000005,244.81756591796875,N,1.0,0.0
2026-09-27T01:35:25,mobilenet_v3_small_batch5_node_0_exchange,06b69255-8da0-42a4-8d74-ac9da07d5e8a,5b0fa12a-3dd7-45bb-9766-cc326314d9f1,7.11077792593278,6.854461112203694e-05,9.639537591528057e-06,115.20124270848001,143.07306981976294,6.0,0.00012892381224526714,0.00015957151654788504,5.448271598046025e-09,0.00028850077706475024,0.0,United Kingdom,GBR,england,,,Linux-6.4.0-150600.23.73_15.0.14-cray_shasta_c_64k-aarch64-with-glibc2.38,3.11.7,3.3.0,72,Neoverse-V2,1,1 x NVIDIA GH200 120GB,-2.5917,51.4535,64,machine,1.05,0.0,28.6,244.91488647460938,N,1.0,0.0
2026-09-27T01:35:48,mobilenet_v3_small_batch5_node_1_exchange,18006965-0220-44ea-8cef-31dbb942c551,5b0fa12a-3dd7-45bb-9766-cc326314d9f1,4.099066860973835,1.6969767006839392e-05,4.1399097849328085e-06,115.2013799808,138.73161577083127,6.0,3.2458863411441525e-05,3.896058672125946e-05,5.434886552393436e-09,7.142488501925338e-05,0.0,United Kingdom,GBR,england,,,Linux-6.4.0-150600.23.73_15.0.14-cray_shasta_c_64k-aarch64-with-glibc2.38,3.11.7,3.3.0,72,Neoverse-V2,1,1 x NVIDIA GH200 120GB,-2.5917,51.4535,64,machine,0.0,0.0,28.6,244.89288330078125,N,1.0,0.0
2026-09-27T01:36:08,mobilenet_v3_small_batch5_node_2_exchange,8ef71432-62ae-4818-93a1-b13aa1a36a21,5b0fa12a-3dd7-45bb-9766-cc326314d9f1,9.575925625860691,0.00010949253567705992,1.1434146416234164e-05,115.20118387748572,140.35073659705012,6.0,0.00020780343362624608,0.0002530396468642948,5.4254464339464904e-09,0.00046084850593697485,0.0,United Kingdom,GBR,england,,,Linux-6.4.0-150600.23.73_15.0.14-cray_shasta_c_64k-aarch64-with-glibc2.38,3.11.7,3.3.0,72,Neoverse-V2,1,1 x NVIDIA GH200 120GB,-2.5917,51.4535,64,machine,3.766666666666667,0.0,28.599999999999998,244.93846638997397,N,1.0,0.0
2026-09-27T01:36:22,mobilenet_v3_small_batch5_node_3_exchange,45bfce03-3d52-4cb7-ab05-6f0865bc25ee,5b0fa12a-3dd7-45bb-9766-cc326314d9f1,3.0929913921281695,1.0350852914045139e-06,3.3465508311431515e-07,115.2013799808,1422.558213718453,6.0,4.227084936209606e-07,3.928058703195347e-06,5.8540752312789355e-09,4.356621272047586e-06,0.0,United Kingdom,GBR,england,,,Linux-6.4.0-150600.23.73_15.0.14-cray_shasta_c_64k-aarch64-with-glibc2.38,3.11.7,3.3.0,72,Neoverse-V2,1,1 x NVIDIA GH200 120GB,-2.5917,51.4535,64,machine,0,0,0,0,N,1.0,0.0
2026-09-27T01:36:41,mobilenet_v3_small_batch5_node_4_exchange,a3033f35-b4d8-4f45-8594-14e4362aad61,5b0fa12a-3dd7-45bb-9766-cc326314d9f1,9.099063083995134,0.0001022115552682886,1.1233195585606434e-05,115.20118387748572,142.07570199270916,6.0,0.00019271183782837661,0.00023748435665993384,7.035746627176802e-09,0.00043020323023493766,0.0,United Kingdom,GBR,england,,,Linux-6.4.0-150600.23.73_15.0.14-cray_shasta_c_64k-aarch64-with-glibc2.38,3.11.7,3.3.0,72,Neoverse-V2,1,1 x NVIDIA GH200 120GB,-2.5917,51.4535,64,machine,0.0,0.0,28.599999999999998,245.27798461914062,N,1.0,0.0
2026-09-27T01:37:22,mobilenet_v3_small_batch5_node_5_exchange,d3b62b5a-e655-4822-9078-8921a2a0202c,5b0fa12a-3dd7-45bb-9766-cc326314d9f1,4.099718329962343,1.6968123154148488e-05,4.138850962062154e-06,115.2013799808,138.5193112798661,6.0,3.2481625543105565e-05,3.892975335872961e-05,6.5872251677016414e-09,7.141796612700289e-05,0.0,United Kingdom,GBR,england,,,Linux-6.4.0-150600.23.73_15.0.14-cray_shasta_c_64k-aarch64-with-glibc2.38,3.11.7,3.3.0,72,Neoverse-V2,1,1 x NVIDIA GH200 120GB,-2.5917,51.4535,64,machine,0.0,0.0,28.6,245.21209716796875,N,1.0,0.0
2026-09-27T01:37:36,mobilenet_v3_small_batch5_node_0_evaluate,161efbda-2bce-41d6-ad7a-49de219d65b4,5b0fa12a-3dd7-45bb-9766-cc326314d9f1,12.87511065788567,0.00016814631116393738,1.3059795417055474e-05,115.53134583168,141.56594636257347,6.0,0.00031519672434544306,0.00038606419774112055,6.4583374916886295e-06,0.0007077192595782522,0.0,United Kingdom,GBR,england,,,Linux-6.4.0-150600.23.73_15.0.14-cray_shasta_c_64k-aarch64-with-glibc2.38,3.11.7,3.3.0,72,Neoverse-V2,1,1 x NVIDIA GH200 120GB,-2.5917,51.4535,64,machine,0.0,0.2222222222222222,28.599999999999998,244.83148871527777,N,1.0,0.0
2026-09-27T01:38:06,mobilenet_v3_small_batch5_node_1_evaluate,c5bda580-1e48-4e0e-955b-01e3aa1e54ae,5b0fa12a-3dd7-45bb-9766-cc326314d9f1,7.922365674981847,8.525602237212382e-05,1.0761434888237366e-05,115.64431869600001,142.5882923310532,6.0,0.0001569574364904686,0.00019545210079741082,6.428718574655553e-06,0.000358838255862535,0.0,United Kingdom,GBR,england,,,Linux-6.4.0-150600.23.73_15.0.14-cray_shasta_c_64k-aarch64-with-glibc2.38,3.11.7,3.3.0,72,Neoverse-V2,1,1 x NVIDIA GH200 120GB,-2.5917,51.4535,64,machine,0.0,0.75,28.6,244.8569793701172,N,1.0,0.0
2026-09-27T01:38:19,mobilenet_v3_small_batch5_node_2_evaluate,e51e03ff-5db1-4c14-92cd-36a1d45e8f88,5b0fa12a-3dd7-45bb-9766-cc326314d9f1,8.110772365005687,8.862490063529728e-05,1.092681395148921e-05,115.58663961984001,142.47839154627297,6.0,0.00016285920146782062,0.00020341266274215286,6.745828676891203e-06,0.00037301769288686465,0.0,United Kingdom,GBR,england,,,Linux-6.4.0-150600.23.73_15.0.14-cray_shasta_c_64k-aarch64-with-glibc2.38,3.11.7,3.3.0,72,Neoverse-V2,1,1 x NVIDIA GH200 120GB,-2.5917,51.4535,64,machine,17.04,0.6,28.6,244.79794921875,N,1.0,0.0
2026-09-27T01:38:47,mobilenet_v3_small_batch5_node_3_evaluate,a783eff3-1971-4351-9762-5bba01c2f732,5b0fa12a-3dd7-45bb-9766-cc326314d9f1,24.791933534899727,0.000375712250980486,1.5154616740626303e-05,115.48077313152002,95.1498950825319,6.0,0.0006964759914537817,0.00085336596046659,3.1511776495026424e-05,0.001581353728415398,0.0,United Kingdom,GBR,england,,,Linux-6.4.0-150600.23.73_15.0.14-cray_shasta_c_64k-aarch64-with-glibc2.38,3.11.7,3.3.0,72,Neoverse-V2,1,1 x NVIDIA GH200 120GB,-2.5917,51.4535,64,machine,1.919047619047619,0.047619047619047616,28.600000000000012,244.79727318173363,N,1.0,0.0
2026-09-27T01:39:15,mobilenet_v3_small_batch5_node_4_evaluate,1f32550f-085a-4b91-ba67-42e1449dc5fe,5b0fa12a-3dd7-45bb-9766-cc326314d9f1,7.866441691992804,8.36361921850292e-05,1.0632023405215333e-05,115.61634103680001,141.3910085741461,6.0,0.00015484188485349534,0.00019085043045663497,6.328157796912517e-06,0.00035202047310704283,0.0,United Kingdom,GBR,england,,,Linux-6.4.0-150600.23.73_15.0.14-cray_shasta_c_64k-aarch64-with-glibc2.38,3.11.7,3.3.0,72,Neoverse-V2,1,1 x NVIDIA GH200 120GB,-2.5917,51.4535,64,machine,0.0,0.5,28.6,244.75894165039062,N,1.0,0.0
2026-09-27T01:40:51,mobilenet_v3_small_batch5_node_5_evaluate,90874aaf-b12a-4d10-9437-3cb39ace2818,5b0fa12a-3dd7-45bb-9766-cc326314d9f1,7.8928898479789495,8.487122962290405e-05,1.0752871414344664e-05,115.56035616960001,147.60729246904378,6.0,0.0001557790506345343,0.00019506043382477856,6.379198320209979e-06,0.00035721868277952283,0.0,United Kingdom,GBR,england,,,Linux-6.4.0-150600.23.73_15.0.14-cray_shasta_c_64k-aarch64-with-glibc2.38,3.11.7,3.3.0,72,Neoverse-V2,1,1 x NVIDIA GH200 120GB,-2.5917,51.4535,64,machine,0.0,0.5,28.6,244.7700958251953,N,1.0,0.0
2026-09-27T01:41:13,efficientnet_lite0_batch5_node_0_local_train,71971fbc-3c68-4ed8-a7e2-45e2d698aca1,5b0fa12a-3dd7-45bb-9766-cc326314d9f1,6.851913277991116,7.260769613180616e-05,1.0596703896563868e-05,115.3649544912,713.9320368342153,6.0,0.00012179700922832244,0.00017749430864455462,6.310777054944386e-06,0.00030560209492782144,0.0,United Kingdom,GBR,england,,,Linux-6.4.0-150600.23.73_15.0.14-cray_shasta_c_64k-aarch64-with-glibc2.38,3.11.7,3.3.0,72,Neoverse-V2,1,1 x NVIDIA GH200 120GB,-2.5917,51.4535,64,machine,0.0,12.0,28.733333333333334,246.24678548177084,N,1.0,0.0
2026-09-27T01:41:29,efficientnet_lite0_batch5_node_0_evaluate,bcd20f14-f2c3-42be-86dd-dd964ae0a181,5b0fa12a-3dd7-45bb-9766-cc326314d9f1,12.816237840102986,0.00016849318508618726,1.3146852234511381e-05,115.57173062592,144.6585008564419,6.0,0.00031341063807145464,0.0003893567003814269,6.411895796967051e-06,0.0007091792342498486,0.0,United Kingdom,GBR,england,,,Linux-6.4.0-150600.23.73_15.0.14-cray_shasta_c_64k-aarch64-with-glibc2.38,3.11.7,3.3.0,72,Neoverse-V2,1,1 x NVIDIA GH200 120GB,-2.5917,51.4535,64,machine,0.0,1.3333333333333333,28.699999999999996,246.12813313802084,N,1.0,0.0
2026-09-27T01:42:01,efficientnet_lite0_batch5_node_1_local_train,7b65c32d-a8d7-43b7-9599-0320c47ac82c,5b0fa12a-3dd7-45bb-9766-cc326314d9f1,9.726557528134435,0.00012178725555974262,1.2521105767119392e-05,115.40134643040003,156.29958552446914,6.0,0.0002141647328852953,0.0002923407894286356,6.090833408525214e-06,0.0005125963557224561,0.0,United Kingdom,GBR,england,,,Linux-6.4.0-150600.23.73_15.0.14-cray_shasta_c_64k-aarch64-with-glibc2.38,3.11.7,3.3.0,72,Neoverse-V2,1,1 x NVIDIA GH200 120GB,-2.5917,51.4535,64,machine,3.9333333333333336,6.666666666666667,28.7,246.163330078125,N,1.0,0.0
2026-09-27T01:42:14,efficientnet_lite0_batch5_node_1_evaluate,15e12c4b-215c-4c62-bd85-0ed93f5d4feb,5b0fa12a-3dd7-45bb-9766-cc326314d9f1,7.9508063229732215,8.718588995489908e-05,1.0965666425929958e-05,115.61246275680001,150.24749313997302,6.0,0.00015784676110188955,0.00020263405100706677,6.480158116513242e-06,0.00036696097022546957,0.0,United Kingdom,GBR,england,,,Linux-6.4.0-150600.23.73_15.0.14-cray_shasta_c_64k-aarch64-with-glibc2.38,3.11.7,3.3.0,72,Neoverse-V2,1,1 x NVIDIA GH200 120GB,-2.5917,51.4535,64,machine,0.0,3.0,28.7,246.08865356445312,N,1.0,0.0
2026-09-27T01:42:34,efficientnet_lite0_batch5_node_2_local_train,3706ef67-3909-4ea2-9e57-1dc31b17bff5,5b0fa12a-3dd7-45bb-9766-cc326314d9f1,14.562261844985187,0.00020710616742787718,1.4222115330194974e-05,115.42168920548572,155.3292153344994,6.0,0.0003692103906045048,0.000493493450349547,8.995469316529732e-06,0.0008716993102705814,0.0,United Kingdom,GBR,england,,,Linux-6.4.0-150600.23.73_15.0.14-cray_shasta_c_64k-aarch64-with-glibc2.38,3.11.7,3.3.0,72,Neoverse-V2,1,1 x NVIDIA GH200 120GB,-2.5917,51.4535,64,machine,0.0,4.909090909090909,28.699999999999992,245.91172096946022,N,1.0,0.0
2026-09-27T01:42:51,efficientnet_lite0_batch5_node_2_evaluate,5132f479-1f31-4d14-93cf-dbcd5a513d7b,5b0fa12a-3dd7-45bb-9766-cc326314d9f1,11.025284542934969,0.0001384309356905809,1.2555769889792805e-05,115.6387955328,144.75700616850668,6.0,0.0002559833512469189,0.00032008247828230196,6.582928159817433e-06,0.0005826487576890383,0.0,United Kingdom,GBR,england,,,Linux-6.4.0-150600.23.73_15.0.14-cray_shasta_c_64k-aarch64-with-glibc2.38,3.11.7,3.3.0,72,Neoverse-V2,1,1 x NVIDIA GH200 120GB,-2.5917,51.4535,64,machine,0.0,1.2857142857142858,28.64285714285714,245.33851841517858,N,1.0,0.0
2026-09-27T01:43:02,efficientnet_lite0_batch5_node_3_local_train,8435b3bc-0750-4ea8-96a7-ff9d0b425a65,5b0fa12a-3dd7-45bb-9766-cc326314d9f1,7.422557584941387,8.502315806714328e-05,1.1454698342743093e-05,115.35633139968002,86.86351965001558,6.0,0.0001403659850214244,0.0002102262792931242,7.265877548682814e-06,0.0003578581418632314,0.0,United Kingdom,GBR,england,,,Linux-6.4.0-150600.23.73_15.0.14-cray_shasta_c_64k-aarch64-with-glibc2.38,3.11.7,3.3.0,72,Neoverse-V2,1,1 x NVIDIA GH200 120GB,-2.5917,51.4535,64,machine,0.0,12.0,28.6,245.2252655029297,N,1.0,0.0
2026-09-27T01:43:15,efficientnet_lite0_batch5_node_3_evaluate,e6451f8d-3fdc-4a77-b594-27b2a8d629bf,5b0fa12a-3dd7-45bb-9766-cc326314d9f1,7.958791952114552,8.727444336307603e-05,1.0965790271711814e-05,115.64828808480001,144.88513371822512,6.0,0.00015811121004044647,0.00020272932887621664,6.4931480935774745e-06,0.00036733368701024054,0.0,United Kingdom,GBR,england,,,Linux-6.4.0-150600.23.73_15.0.14-cray_shasta_c_64k-aarch64-with-glibc2.38,3.11.7,3.3.0,72,Neoverse-V2,1,1 x NVIDIA GH200 120GB,-2.5917,51.4535,64,machine,0.0,2.0,28.6,245.30738830566406,N,1.0,0.0
2026-09-27T01:43:23,efficientnet_lite0_batch5_node_4_local_train,12991e6c-3c4e-489d-bbf6-d5c82efcde5f,5b0fa12a-3dd7-45bb-9766-cc326314d9f1,6.202043512137607,6.03148887931469e-05,9.72500252136391e-06,115.38598559040001,84.97996672576775,6.0,0.00010095902554705452,0.0001476842848120441,5.21898458362557e-06,0.0002538622949427242,0.0,United Kingdom,GBR,england,,,Linux-6.4.0-150600.23.73_15.0.14-cray_shasta_c_64k-aarch64-with-glibc2.38,3.11.7,3.3.0,72,Neoverse-V2,1,1 x NVIDIA GH200 120GB,-2.5917,51.4535,64,machine,0.0,7.666666666666667,28.600000000000005,245.29119873046875,N,1.0,0.0
2026-09-27T01:43:35,efficientnet_lite0_batch5_node_4_evaluate,dcba97a9-cb2e-4d93-b2ed-693fdd1f4325,5b0fa12a-3dd7-45bb-9766-cc326314d9f1,6.891865429934114,6.979746426619699e-05,1.0127514092634314e-05,115.49006320320001,77.26751958237466,6.0,0.0001236608862803985,0.00016374985322897828,6.363232628209517e-06,0.0002937739721375863,0.0,United Kingdom,GBR,england,,,Linux-6.4.0-150600.23.73_15.0.14-cray_shasta_c_64k-aarch64-with-glibc2.38,3.11.7,3.3.0,72,Neoverse-V2,1,1 x NVIDIA GH200 120GB,-2.5917,51.4535,64,machine,0.0,2.6666666666666665,28.600000000000005,245.0195515950521,N,1.0,0.0
2026-09-27T01:44:36,efficientnet_lite0_batch5_node_5_local_train,5f156f80-1450-4281-91d7-f940347d323e,5b0fa12a-3dd7-45bb-9766-cc326314d9f1,7.33181542204693,8.030056888619573e-05,1.0952344578224128e-05,115.38171254880001,160.34144760115453,6.0,0.0001372810574849905,0.00019527543399533442,5.424513053537037e-06,0.000337981004533862,0.0,United Kingdom,GBR,england,,,Linux-6.4.0-150600.23.73_15.0.14-cray_shasta_c_64k-aarch64-with-glibc2.38,3.11.7,3.3.0,72,Neoverse-V2,1,1 x NVIDIA GH200 120GB,-2.5917,51.4535,64,machine,0.0,11.75,28.6,244.73641967773438,N,1.0,0.0
2026-09-27T01:44:44,efficientnet_lite0_batch5_node_5_evaluate,5061898e-5d6e-4407-9fbd-90bbc55ddb4f,5b0fa12a-3dd7-45bb-9766-cc326314d9f1,6.874221321893856,6.866485132041352e-05,9.988746085570645e-06,115.46576436960001,75.47550355513617,6.0,0.00012299852156569274,0.00015965679439489122,6.351545975000287e-06,0.00028900686193558423,0.0,United Kingdom,GBR,england,,,Linux-6.4.0-150600.23.73_15.0.14-cray_shasta_c_64k-aarch64-with-glibc2.38,3.11.7,3.3.0,72,Neoverse-V2,1,1 x NVIDIA GH200 120GB,-2.5917,51.4535,64,machine,18.400000000000002,3.6666666666666665,28.600000000000005,244.75093587239584,N,1.0,0.0
2026-09-27T01:44:58,efficientnet_lite0_batch5_node_1_upload,5c7772d3-9e7f-4e5e-9cb4-e6bd88b71880,5b0fa12a-3dd7-45bb-9766-cc326314d9f1,8.853867570869625,9.78194805278708e-05,1.1048220423999745e-05,115.2078644736,140.96238277807768,6.0,0.00018521943470323703,0.0002264924034136584,5.373234938209256e-09,0.00041171721135183363,0.0,United Kingdom,GBR,england,,,Linux-6.4.0-150600.23.73_15.0.14-cray_shasta_c_64k-aarch64-with-glibc2.38,3.11.7,3.3.0,72,Neoverse-V2,1,1 x NVIDIA GH200 120GB,-2.5917,51.4535,64,machine,0.0,0.0,28.6,244.78485107421875,N,1.0,0.0
2026-09-27T01:45:06,efficientnet_lite0_batch5_node_2_upload,3ac91df5-acac-43b5-af9f-05c1ee583a37,5b0fa12a-3dd7-45bb-9766-cc326314d9f1,3.080162412021309,1.0165462588610341e-07,3.3003008376884296e-08,115.2013799808,0.0,6.0,4.223439397959958e-07,0.0,5.51520303512613e-09,4.278591428311219e-07,0.0,United Kingdom,GBR,england,,,Linux-6.4.0-150600.23.73_15.0.14-cray_shasta_c_64k-aarch64-with-glibc2.38,3.11.7,3.3.0,72,Neoverse-V2,1,1 x NVIDIA GH200 120GB,-2.5917,51.4535,64,machine,0,0,0,0,N,1.0,0.0
2026-09-27T01:45:14,efficientnet_lite0_batch5_node_3_upload,e6ab979a-8ba3-42a3-bb38-8b970b571617,5b0fa12a-3dd7-45bb-9766-cc326314d9f1,4.518875706940889,2.4010218454966348e-05,5.313316854032343e-06,115.2013799808,136.1736456562288,6.0,4.63669389382065e-05,5.4680043731991645e-05,1.0803906479850412e-08,0.000101057786576678,0.0,United Kingdom,GBR,england,,,Linux-6.4.0-150600.23.73_15.0.14-cray_shasta_c_64k-aarch64-with-glibc2.38,3.11.7,3.3.0,72,Neoverse-V2,1,1 x NVIDIA GH200 120GB,-2.5917,51.4535,64,machine,0.0,0.0,28.6,244.704833984375,N,1.0,0.0
2026-09-27T01:45:27,efficientnet_lite0_batch5_node_4_upload,606d9cea-fda9-4130-9202-64ca56ff9d31,5b0fa12a-3dd7-45bb-9766-cc326314d9f1,8.610621699132025,9.412443840272953e-05,1.0931201217702728e-05,115.2015669504,142.2231319126611,6.0,0.00017748829096152598,0.0002186712860350326,5.390248261392116e-09,0.00039616496724482,0.0,United Kingdom,GBR,england,,,Linux-6.4.0-150600.23.73_15.0.14-cray_shasta_c_64k-aarch64-with-glibc2.38,3.11.7,3.3.0,72,Neoverse-V2,1,1 x NVIDIA GH200 120GB,-2.5917,51.4535,64,machine,0.0,0.0,28.6,245.20223388671874,N,1.0,0.0
2026-09-27T01:45:40,efficientnet_lite0_batch5_node_5_upload,e04d03a6-4fce-46ad-8c94-d1b19370e598,5b0fa12a-3dd7-45bb-9766-cc326314d9f1,8.786275821970776,9.629192751757093e-05,1.095935632669138e-05,115.2012083904,140.23759299284677,6.0,0.00018283778902435156,0.00022244462240905705,5.407100155328711e-09,0.00040528781853356395,0.0,United Kingdom,GBR,england,,,Linux-6.4.0-150600.23.73_15.0.14-cray_shasta_c_64k-aarch64-with-glibc2.38,3.11.7,3.3.0,72,Neoverse-V2,1,1 x NVIDIA GH200 120GB,-2.5917,51.4535,64,machine,0.0,0.0,28.6,245.21060791015626,N,1.0,0.0
2026-09-27T01:46:33,mobilevit_xxs_batch5_node_0_local_train,1f2b7c19-3e41-403f-a29c-c7af649208ef,5b0fa12a-3dd7-45bb-9766-cc326314d9f1,8.829000814119354,0.00010702840583719933,1.212236900760495e-05,115.3211671872,79.96925353896879,6.0,0.000185287377621002,0.00025559520446449824,9.594526859776426e-06,0.00045047710894527665,0.0,United Kingdom,GBR,england,,,Linux-6.4.0-150600.23.73_15.0.14-cray_shasta_c_64k-aarch64-with-glibc2.38,3.11.7,3.3.0,72,Neoverse-V2,1,1 x NVIDIA GH200 120GB,-2.5917,51.4535,64,machine,0.0,11.4,28.619999999999997,245.39913330078124,N,1.0,0.0
2026-09-27T01:46:46,mobilevit_xxs_batch5_node_0_evaluate,b01adbd2-6561-4990-804b-75b95adeae72,5b0fa12a-3dd7-45bb-9766-cc326314d9f1,7.013973709894344,7.116239698278377e-05,1.0145803210296854e-05,115.465531608,729.5593252213777,6.0,0.00012751818949947166,0.0001654267990147673,6.573915908035511e-06,0.00029951890442227446,0.0,United Kingdom,GBR,england,,,Linux-6.4.0-150600.23.73_15.0.14-cray_shasta_c_64k-aarch64-with-glibc2.38,3.11.7,3.3.0,72,Neoverse-V2,1,1 x NVIDIA GH200 120GB,-2.5917,51.4535,64,machine,42.73333333333333,4.0,28.600000000000005,245.27264404296875,N,1.0,0.0
2026-09-27T01:47:03,mobilevit_xxs_batch5_node_1_local_train,f40310e9-d261-4aee-9143-441ae567275f,5b0fa12a-3dd7-45bb-9766-cc326314d9f1,8.90413372288458,0.00010807347409187053,1.2137449577392362e-05,115.3164511296,79.31930080674817,6.0,0.00018779725698421054,0.000257339928083411,9.738562933634968e-06,0.0004548757480012565,0.0,United Kingdom,GBR,england,,,Linux-6.4.0-150600.23.73_15.0.14-cray_shasta_c_64k-aarch64-with-glibc2.38,3.11.7,3.3.0,72,Neoverse-V2,1,1 x NVIDIA GH200 120GB,-2.5917,51.4535,64,machine,16.02,5.6,28.619999999999997,245.360205078125,N,1.0,0.0
2026-09-27T01:47:48,mobilevit_xxs_batch5_node_1_evaluate,4b248315-fb71-42bc-8ed7-c9f80af9ecce,5b0fa12a-3dd7-45bb-9766-cc326314d9f1,35.7314534180332,0.0005595491920898795,1.5659849755999077e-05,115.33079254539132,144.46008386869516,6.0,0.0010460518475459565,0.0012774718553032471,3.159034742197643e-05,0.0023551140502711806,0.0,United Kingdom,GBR,england,,,Linux-6.4.0-150600.23.73_15.0.14-cray_shasta_c_64k-aarch64-with-glibc2.38,3.11.7,3.3.0,72,Neoverse-V2,1,1 x NVIDIA GH200 120GB,-2.5917,51.4535,64,machine,1.3250000000000002,0.5,28.615625000000016,245.3065414428711,N,1.0,0.0
2026-09-27T01:48:01,mobilevit_xxs_batch5_node_2_local_train,251bb49e-31cc-4415-a747-c02a923335c2,5b0fa12a-3dd7-45bb-9766-cc326314d9f1,11.621757030952722,0.00015955840276418005,1.3729283992017845e-05,115.3465229952,606.1513068997409,6.0,0.00027510730503712926,0.0003821994724120259,1.426641307810011e-05,0.0006715731905272553,0.0,United Kingdom,GBR,england,,,Linux-6.4.0-150600.23.73_15.0.14-cray_shasta_c_64k-aarch64-with-glibc2.38,3.11.7,3.3.0,72,Neoverse-V2,1,1 x NVIDIA GH200 120GB,-2.5917,51.4535,64,machine,3.1125,13.625,28.612499999999997,245.30744171142578,N,1.0,0.0
2026-09-27T01:48:32,mobilevit_xxs_batch5_node_2_evaluate,8a1d2aff-1f6a-45e5-aa5d-34e07b078d3d,5b0fa12a-3dd7-45bb-9766-cc326314d9f1,22.331681032897905,0.0003291759725501024,1.4740313192955648e-05,115.48586069640004,144.21478618019046,6.0,0.0006177235958760625,0.0007610106087980739,6.750698036436612e-06,0.0013854849027105732,0.0,United Kingdom,GBR,england,,,Linux-6.4.0-150600.23.73_15.0.14-cray_shasta_c_64k-aarch64-with-glibc2.38,3.11.7,3.3.0,72,Neoverse-V2,1,1 x NVIDIA GH200 120GB,-2.5917,51.4535,64,machine,0.6210526315789474,0.631578947368421,28.600000000000012,245.22859272203948,N,1.0,0.0
2026-09-27T01:48:56,mobilevit_xxs_batch5_node_3_local_train,a6393c99-e1d7-46e0-8960-1f21a96e3976,5b0fa12a-3dd7-45bb-9766-cc326314d9f1,11.080226419027895,0.00014721098653826205,1.3285918623960517e-05,115.36298619120001,148.97594553865255,6.0,0.0002574382379355824,0.0003504866692765063,1.1678637304964165e-05,0.0006196035445170528,0.0,United Kingdom,GBR,england,,,Linux-6.4.0-150600.23.73_15.0.14-cray_shasta_c_64k-aarch64-with-glibc2.38,3.11.7,3.3.0,72,Neoverse-V2,1,1 x NVIDIA GH200 120GB,-2.5917,51.4535,64,machine,9.7875,14.125,28.599999999999998,245.17858123779297,N,1.0,0.0
2026-09-27T01:49:44,mobilevit_xxs_batch5_node_3_evaluate,ee04d74b-9c4c-41c8-a6e9-4b6ece43f064,5b0fa12a-3dd7-45bb-9766-cc326314d9f1,8.081479089101776,8.863603206381614e-05,1.0967798231804579e-05,115.48706099328001,143.416314805792,6.0,0.0001617794051119319,0.00020458599701100866,6.699142379608626e-06,0.00037306454450254916,0.0,United Kingdom,GBR,england,,,Linux-6.4.0-150600.23.73_15.0.14-cray_shasta_c_64k-aarch64-with-glibc2.38,3.11.7,3.3.0,72,Neoverse-V2,1,1 x NVIDIA GH200 120GB,-2.5917,51.4535,64,machine,0.0,2.8,28.639999999999997,245.23453369140626,N,1.0,0.0
2026-09-27T01:51:50,mobilevit_xxs_batch5_node_4_local_train,682ce4a8-1756-4c77-b452-8f8f38447942,5b0fa12a-3dd7-45bb-9766-cc326314d9f1,99.12694718805142,0.0016774686394071686,1.6922428128699273e-05,115.22971397815581,146.385936147889,6.0,0.003074699360589225,0.003778075800241254,0.0002076049047751197,0.007060380065605599,0.0,United Kingdom,GBR,england,,,Linux-6.4.0-150600.23.73_15.0.14-cray_shasta_c_64k-aarch64-with-glibc2.38,3.11.7,3.3.0,72,Neoverse-V2,1,1 x NVIDIA GH200 120GB,-2.5917,51.4535,64,machine,1.2208333333333332,0.40625,28.699999999999978,245.4748624165853,N,1.0,0.0
2026-09-27T01:53:34,mobilevit_xxs_batch5_node_4_evaluate,39434daa-ba6c-483e-99a6-9074e2a45383,5b0fa12a-3dd7-45bb-9766-cc326314d9f1,7.975986663950607,8.67269926822184e-05,1.0873512749739407e-05,115.51380747840003,143.7427595068247,6.0,0.00015821421523000754,0.00020030266026083154,6.5126194866995025e-06,0.00036502949497753856,0.0,United Kingdom,GBR,england,,,Linux-6.4.0-150600.23.73_15.0.14-cray_shasta_c_64k-aarch64-with-glibc2.38,3.11.7,3.3.0,72,Neoverse-V2,1,1 x NVIDIA GH200 120GB,-2.5917,51.4535,64,machine,5.5,2.25,28.6,244.8138885498047,N,1.0,0.0
2026-09-27T01:53:48,mobilevit_xxs_batch5_node_5_local_train,ffc1b268-cab5-457e-a063-99263965e47f,5b0fa12a-3dd7-45bb-9766-cc326314d9f1,8.223821620922536,9.625493480455793e-05,1.1704404502120049e-05,115.3332558432,80.53060567483632,6.0,0.0001659792825527886,0.0002305574066809868,8.595428854847948e-06,0.00040513211808862335,0.0,United Kingdom,GBR,england,,,Linux-6.4.0-150600.23.73_15.0.14-cray_shasta_c_64k-aarch64-with-glibc2.38,3.11.7,3.3.0,72,Neoverse-V2,1,1 x NVIDIA GH200 120GB,-2.5917,51.4535,64,machine,28.7,11.0,28.6,244.9146484375,N,1.0,0.0
2026-09-27T01:53:59,mobilevit_xxs_batch5_node_5_evaluate,ffb77bd5-9689-4857-a235-332e1ec4af14,5b0fa12a-3dd7-45bb-9766-cc326314d9f1,6.994066955987364,7.004623590769603e-05,1.0015093699915472e-05,115.42022616960001,73.93003564898243,6.0,0.00012681710630640526,0.0001614470735944451,6.556859405245633e-06,0.000294821039306096,0.0,United Kingdom,GBR,england,,,Linux-6.4.0-150600.23.73_15.0.14-cray_shasta_c_64k-aarch64-with-glibc2.38,3.11.7,3.3.0,72,Neoverse-V2,1,1 x NVIDIA GH200 120GB,-2.5917,51.4535,64,machine,0.0,4.0,28.600000000000005,244.83856201171875,N,1.0,0.0
2026-09-27T01:54:17,mobilevit_xxs_batch5_node_3_upload,fe1029a6-31e7-4e9c-bfc3-2644599fa875,5b0fa12a-3dd7-45bb-9766-cc326314d9f1,9.078115347074345,0.0001012061076880765,1.1148361066010551e-05,115.20399953005713,139.71087254075238,6.0,0.0001925643851197759,0.00023340157561335673,5.3918466437608e-09,0.0004259713525797764,0.0,United Kingdom,GBR,england,,,Linux-6.4.0-150600.23.73_15.0.14-cray_shasta_c_64k-aarch64-with-glibc2.38,3.11.7,3.3.0,72,Neoverse-V2,1,1 x NVIDIA GH200 120GB,-2.5917,51.4535,64,machine,1.9666666666666668,0.0,28.599999999999998,245.28860473632812,N,1.0,0.0
2026-09-27T01:54:23,mobilevit_xxs_batch5_node_4_upload,f5d0ada6-bfc3-4f00-bea4-73ba73c767de,5b0fa12a-3dd7-45bb-9766-cc326314d9f1,3.0784504029434174,1.8795748704081197e-07,6.105587631397246e-08,115.2013799808,0.0,6.0,7.688127612908454e-07,0.0,2.229072852060199e-08,7.911034898114474e-07,0.0,United Kingdom,GBR,england,,,Linux-6.4.0-150600.23.73_15.0.14-cray_shasta_c_64k-aarch64-with-glibc2.38,3.11.7,3.3.0,72,Neoverse-V2,1,1 x NVIDIA GH200 120GB,-2.5917,51.4535,64,machine,0,0,0,0,N,1.0,0.0
2026-09-27T01:54:30,mobilevit_xxs_batch5_node_5_upload,d89db0cc-87f0-403d-9dff-544562ae6ca3,5b0fa12a-3dd7-45bb-9766-cc326314d9f1,3.0725360738579184,1.0267114918587848e-06,3.3415766883727156e-07,115.2013799808,1416.7161015831587,6.0,4.213158293144189e-07,3.894725338682292e-06,5.33520826138556e-09,4.3213763762580965e-06,0.0,United Kingdom,GBR,england,,,Linux-6.4.0-150600.23.73_15.0.14-cray_shasta_c_64k-aarch64-with-glibc2.38,3.11.7,3.3.0,72,Neoverse-V2,1,1 x NVIDIA GH200 120GB,-2.5917,51.4535,64,machine,0,0,0,0,N,1.0,0.0
2026-09-27T01:57:24,mobilevit_xxs_batch5_node_0_exchange,46551d80-2314-42eb-b997-7b391405953e,5b0fa12a-3dd7-45bb-9766-cc326314d9f1,4.090374171035364,1.698775604988405e-05,4.153105642553985e-06,115.2008963136,138.8492929406218,6.0,3.2474534491274964e-05,3.902058676885645e-05,5.478725070133806e-09,7.150059998520155e-05,0.0,United Kingdom,GBR,england,,,Linux-6.4.0-150600.23.73_15.0.14-cray_shasta_c_64k-aarch64-with-glibc2.38,3.11.7,3.3.0,72,Neoverse-V2,1,1 x NVIDIA GH200 120GB,-2.5917,51.4535,64,machine,0.0,0.0,23.4,200.00494384765625,N,1.0,0.0
2026-09-27T01:57:28,mobilevit_xxs_batch5_node_2_exchange,68f022aa-5363-409f-b97d-14886d7d72d2,5b0fa12a-3dd7-45bb-9766-cc326314d9f1,3.0952043391298503,1.2190771718138474e-07,3.938599970290054e-08,115.20035562240001,0.0,6.0,5.031164024445347e-07,0.0,9.986970108002424e-09,5.131033725525371e-07,0.0,United Kingdom,GBR,england,,,Linux-6.4.0-150600.23.73_15.0.14-cray_shasta_c_64k-aarch64-with-glibc2.38,3.11.7,3.3.0,72,Neoverse-V2,1,1 x NVIDIA GH200 120GB,-2.5917,51.4535,64,machine,0,0,0,0,N,1.0,0.0
2026-09-27T01:57:36,mobilevit_xxs_batch5_node_3_exchange,a1251b21-c00f-498c-81f2-6d800d126c80,5b0fa12a-3dd7-45bb-9766-cc326314d9f1,4.580622799927369,2.5348088600186543e-05,5.533764666365558e-06,115.20055572480001,140.57776866259007,6.0,4.81232407169585e-05,5.8558935748465046e-05,6.6374114248901605e-09,0.00010668881387684844,0.0,United Kingdom,GBR,england,,,Linux-6.4.0-150600.23.73_15.0.14-cray_shasta_c_64k-aarch64-with-glibc2.38,3.11.7,3.3.0,72,Neoverse-V2,1,1 x NVIDIA GH200 120GB,-2.5917,51.4535,64,machine,0.0,0.0,23.4,199.9984130859375,N,1.0,0.0
2026-09-27T01:57:58,mobilevit_xxs_batch5_node_5_exchange,151504b8-7c8f-4899-a4b3-5549fc434776,5b0fa12a-3dd7-45bb-9766-cc326314d9f1,16.516958515858278,0.0002265606356851203,1.3716849592350473e-05,115.20038420845711,140.2514180504782,6.0,0.00043008961069321966,0.0005234865298859859,6.035721550385157e-09,0.0009535821763007559,0.0,United Kingdom,GBR,england,,,Linux-6.4.0-150600.23.73_15.0.14-cray_shasta_c_64k-aarch64-with-glibc2.38,3.11.7,3.3.0,72,Neoverse-V2,1,1 x NVIDIA GH200 120GB,-2.5917,51.4535,64,machine,0.0,0.0,23.4,200.0292029747596,N,1.0,0.0
2026-09-27T01:58:21,mobilevit_xxs_batch5_node_0_evaluate,1a7bf6d8-5419-488c-9e88-1bf9d3034c3e,5b0fa12a-3dd7-45bb-9766-cc326314d9f1,19.06002750294283,0.00027429570145857344,1.4391149300084836e-05,115.4553251328,147.3138291783976,6.0,0.0005125819399008496,0.0006353113415826783,6.60335539180475e-06,0.0011544966368753327,0.0,United Kingdom,GBR,england,,,Linux-6.4.0-150600.23.73_15.0.14-cray_shasta_c_64k-aarch64-with-glibc2.38,3.11.7,3.3.0,72,Neoverse-V2,1,1 x NVIDIA GH200 120GB,-2.5917,51.4535,64,machine,0.9733333333333334,0.8,23.399999999999995,200.02232259114584,N,1.0,0.0
2026-09-27T01:58:29,mobilevit_xxs_batch5_node_2_evaluate,8738a58a-4a5a-4425-9683-82b7ae3fd197,5b0fa12a-3dd7-45bb-9766-cc326314d9f1,7.139525222824886,7.323488561820367e-05,1.0257668869082996e-05,115.41364798464,75.46944802285175,6.0,0.00013119784692515132,0.00017026569177858164,6.7783648280116425e-06,0.00030824190353174465,0.0,United Kingdom,GBR,england,,,Linux-6.4.0-150600.23.73_15.0.14-cray_shasta_c_64k-aarch64-with-glibc2.38,3.11.7,3.3.0,72,Neoverse-V2,1,1 x NVIDIA GH200 120GB,-2.5917,51.4535,64,machine,0.0,3.5,23.3,199.9197540283203,N,1.0,0.0
2026-09-27T01:58:51,mobilevit_xxs_batch5_node_3_evaluate,e38bac4c-533b-4078-be7e-e2d0ea7b2bc8,5b0fa12a-3dd7-45bb-9766-cc326314d9f1,8.053718087961897,8.850702092403197e-05,1.0989585177599613e-05,115.45996969440002,144.36328205824563,6.0,0.0001608742891010768,0.0002049937750996378,6.6534789853418864e-06,0.00037252154318605647,0.0,United Kingdom,GBR,england,,,Linux-6.4.0-150600.23.73_15.0.14-cray_shasta_c_64k-aarch64-with-glibc2.38,3.11.7,3.3.0,72,Neoverse-V2,1,1 x NVIDIA GH200 120GB,-2.5917,51.4535,64,machine,0.0,3.0,23.3,199.8314208984375,N,1.0,0.0
2026-09-27T01:59:09,mobilevit_xxs_batch5_node_5_evaluate,16cc4f8c-71ee-4e23-8507-73622baba0f3,5b0fa12a-3dd7-45bb-9766-cc326314d9f1,17.009340011980385,0.00023900344735043418,1.4051306351809895e-05,115.48233158530908,144.18229699030968,6.0,0.00044710875327426825,0.0005522871084906456,6.557475091734281e-06,0.0010059533368566482,0.0,United Kingdom,GBR,england,,,Linux-6.4.0-150600.23.73_15.0.14-cray_shasta_c_64k-aarch64-with-glibc2.38,3.11.7,3.3.0,72,Neoverse-V2,1,1 x NVIDIA GH200 120GB,-2.5917,51.4535,64,machine,3.4846153846153842,0.9230769230769231,23.37692307692308,200.21209716796875,N,1.0,0.0
2026-09-27T01:59:41,mobilenet_v3_small_batch6_node_0_local_train,157331e2-0fed-45a5-ba30-7c00ae1ba27b,5b0fa12a-3dd7-45bb-9766-cc326314d9f1,8.393917546840385,9.444873592962438e-05,1.1252044757715844e-05,115.28684081280002,202.90015823206477,6.0,0.00017044303925178495,0.00021823628571837617,8.850594048077861e-06,0.000397529919018239,0.0,United Kingdom,GBR,england,,,Linux-6.4.0-150600.23.73_15.0.14-cray_shasta_c_64k-aarch64-with-glibc2.38,3.11.7,3.3.0,72,Neoverse-V2,1,1 x NVIDIA GH200 120GB,-2.5917,51.4535,64,machine,3.78,4.6,22.98,196.57789306640626,N,1.0,0.0
2026-09-27T01:59:57,mobilenet_v3_small_batch6_node_0_evaluate,97e519cd-91da-4fb5-9706-db012fffd774,5b0fa12a-3dd7-45bb-9766-cc326314d9f1,10.519601305015385,0.00013006542013356648,1.2364101676700974e-05,115.2996460704,141.4471998302266,6.0,0.00023939911558294234,0.000297289126706346,1.0750486496835949e-05,0.0005474387287861242,0.0,United Kingdom,GBR,england,,,Linux-6.4.0-150600.23.73_15.0.14-cray_shasta_c_64k-aarch64-with-glibc2.38,3.11.7,3.3.0,72,Neoverse-V2,1,1 x NVIDIA GH200 120GB,-2.5917,51.4535,64,machine,0.0,0.42857142857142855,22.928571428571427,196.53948102678572,N,1.0,0.0
2026-09-27T02:00:19,mobilenet_v3_small_batch6_node_1_local_train,42561393-34b7-4f16-8a30-dd0a214d1cac,5b0fa12a-3dd7-45bb-9766-cc326314d9f1,11.66780617297627,0.00015068619846637091,1.2914698464512912e-05,115.30095948000002,144.5579762431231,6.0,0.00027598322779964275,0.000348919168033035,9.328138688579202e-06,0.000634230534521257,0.0,United Kingdom,GBR,england,,,Linux-6.4.0-150600.23.73_15.0.14-cray_shasta_c_64k-aarch64-with-glibc2.38,3.11.7,3.3.0,72,Neoverse-V2,1,1 x NVIDIA GH200 120GB,-2.5917,51.4535,64,machine,0.0,3.0,22.900000000000002,196.50816345214844,N,1.0,0.0
2026-09-27T02:00:34,mobilenet_v3_small_batch6_node_1_evaluate,5ed9b5de-4071-48eb-8514-f75ded0512b0,5b0fa12a-3dd7-45bb-9766-cc326314d9f1,6.950485116103664,6.853347923486254e-05,9.860244010317566e-06,115.32531594240001,72.74670872345818,6.0,0.00012511681509309568,0.00015686290328176256,6.474205143749714e-06,0.000288453923518608,0.0,United Kingdom,GBR,england,,,Linux-6.4.0-150600.23.73_15.0.14-cray_shasta_c_64k-aarch64-with-glibc2.38,3.11.7,3.3.0,72,Neoverse-V2,1,1 x NVIDIA GH200 120GB,-2.5917,51.4535,64,machine,0.0,1.0,22.899999999999995,196.43098958333334,N,1.0,0.0
2026-09-27T02:00:48,mobilenet_v3_small_batch6_node_2_local_train,d77eb3de-db46-43cf-8a14-f3a10866445a,5b0fa12a-3dd7-45bb-9766-cc326314d9f1,10.780020758975297,0.00013869758859285554,1.2866170826004934e-05,115.2836363232,754.0495375607438,6.0,0.0002478698279465823,0.0003230530362117179,1.2848222015115124e-05,0.0005837710861734153,0.0,United Kingdom,GBR,england,,,Linux-6.4.0-150600.23.73_15.0.14-cray_shasta_c_64k-aarch64-with-glibc2.38,3.11.7,3.3.0,72,Neoverse-V2,1,1 x NVIDIA GH200 120GB,-2.5917,51.4535,64,machine,0.0,5.857142857142857,22.900000000000002,196.44780622209822,N,1.0,0.0
2026-09-27T02:01:11,mobilenet_v3_small_batch6_node_2_evaluate,22b307da-8f35-415d-8763-66621519d3e6,5b0fa12a-3dd7-45bb-9766-cc326314d9f1,12.180456161033362,0.0001566306367715331,1.2859176594109173e-05,115.35565061952,142.22923635949658,6.0,0.00029265154468864136,0.0003600158435688172,6.58298432516555e-06,0.0006592503725826242,0.0,United Kingdom,GBR,england,,,Linux-6.4.0-150600.23.73_15.0.14-cray_shasta_c_64k-aarch64-with-glibc2.38,3.11.7,3.3.0,72,Neoverse-V2,1,1 x NVIDIA GH200 120GB,-2.5917,51.4535,64,machine,0.6888888888888889,0.4444444444444444,22.900000000000002,196.44818115234375,N,1.0,0.0
2026-09-27T02:01:34,mobilenet_v3_small_batch6_node_3_local_train,30fdc093-081b-4879-a57a-95f978b77da3,5b0fa12a-3dd7-45bb-9766-cc326314d9f1,10.395630779210478,0.00012974834493504974,1.2481045901949953e-05,115.28809252662859,142.82140982870763,6.0,0.00023534351017159616,0.00030024357351976505,1.0517091733636334e-05,0.0005461041754249975,0.0,United Kingdom,GBR,england,,,Linux-6.4.0-150600.23.73_15.0.14-cray_shasta_c_64k-aarch64-with-glibc2.38,3.11.7,3.3.0,72,Neoverse-V2,1,1 x NVIDIA GH200 120GB,-2.5917,51.4535,64,machine,0.0,4.142857142857143,22.900000000000002,196.45595005580358,N,1.0,0.0
2026-09-27T02:01:58,mobilenet_v3_small_batch6_node_3_evaluate,7066e4b0-3658-424b-9539-cbbbdd4ddb55,5b0fa12a-3dd7-45bb-9766-cc326314d9f1,7.0056606840807945,7.004393320938049e-05,9.998190944152313e-06,115.304103792,73.74582946682871,6.0,0.00012691614857927974,0.00016132679570546316,6.568403081425156e-06,0.000294811347366168,0.0,United Kingdom,GBR,england,,,Linux-6.4.0-150600.23.73_15.0.14-cray_shasta_c_64k-aarch64-with-glibc2.38,3.11.7,3.3.0,72,Neoverse-V2,1,1 x NVIDIA GH200 120GB,-2.5917,51.4535,64,machine,0.0,1.0,22.899999999999995,196.4603271484375,N,1.0,0.0
2026-09-27T02:02:08,mobilenet_v3_small_batch6_node_4_local_train,efe5d805-4492-434a-ad4a-fd169777830e,5b0fa12a-3dd7-45bb-9766-cc326314d9f1,9.245714853983372,0.00010819087616166284,1.1701731869337337e-05,115.2782230176,142.97577110050057,6.0,0.00019837094745539993,0.00024904408813597456,7.954851742057752e-06,0.0004553698873334323,0.0,United Kingdom,GBR,england,,,Linux-6.4.0-150600.23.73_15.0.14-cray_shasta_c_64k-aarch64-with-glibc2.38,3.11.7,3.3.0,72,Neoverse-V2,1,1 x NVIDIA GH200 120GB,-2.5917,51.4535,64,machine,2.0833333333333335,3.0,22.933333333333334,196.53692626953125,N,1.0,0.0
2026-09-27T02:02:28,mobilenet_v3_small_batch6_node_4_evaluate,3ecda1c3-ee6d-42c9-b263-6ee0af2f5500,5b0fa12a-3dd7-45bb-9766-cc326314d9f1,7.9101142038125545,8.516567638815218e-05,1.0766681010383343e-05,115.34369931360001,148.2223487240775,6.0,0.00015583878643393964,0.00019622376809991238,6.39543968369253e-06,0.0003584579942175445,0.0,United Kingdom,GBR,england,,,Linux-6.4.0-150600.23.73_15.0.14-cray_shasta_c_64k-aarch64-with-glibc2.38,3.11.7,3.3.0,72,Neoverse-V2,1,1 x NVIDIA GH200 120GB,-2.5917,51.4535,64,machine,1.575,0.75,22.9,196.47476196289062,N,1.0,0.0
2026-09-27T02:02:43,mobilenet_v3_small_batch6_node_5_local_train,acc65164-92da-4cf9-8c47-2facb644be0f,5b0fa12a-3dd7-45bb-9766-cc326314d9f1,8.512703299056739,9.68522400191632e-05,1.1377377622205515e-05,115.27592496768,144.65704605339315,6.0,0.00017507950770129634,0.00022515073567319632,7.415901940160742e-06,0.00040764614531465344,0.0,United Kingdom,GBR,england,,,Linux-6.4.0-150600.23.73_15.0.14-cray_shasta_c_64k-aarch64-with-glibc2.38,3.11.7,3.3.0,72,Neoverse-V2,1,1 x NVIDIA GH200 120GB,-2.5917,51.4535,64,machine,0.0,1.6,22.9,196.361962890625,N,1.0,0.0
2026-09-27T02:03:37,mobilenet_v3_small_batch6_node_5_evaluate,fb2c3b9d-4dd4-4c9a-810f-e50f4e96e058,5b0fa12a-3dd7-45bb-9766-cc326314d9f1,28.464717684080824,0.00043773476036336397,1.5378152181996572e-05,115.31419343790547,95.0809275083689,6.0,0.000813313325450595,0.0009976988537090392,3.1391132287293056e-05,0.0018424033114469271,0.0,United Kingdom,GBR,england,,,Linux-6.4.0-150600.23.73_15.0.14-cray_shasta_c_64k-aarch64-with-glibc2.38,3.11.7,3.3.0,72,Neoverse-V2,1,1 x NVIDIA GH200 120GB,-2.5917,51.4535,64,machine,1.5719999999999998,0.16,22.89999999999999,196.3608447265625,N,1.0,0.0
2026-09-27T02:03:56,mobilenet_v3_small_batch6_node_2_upload,abe410c3-0dfd-4a70-b51c-cb3678f2853e,5b0fa12a-3dd7-45bb-9766-cc326314d9f1,10.440703755011782,0.00012462491511609512,1.1936447775972213e-05,115.20111702240001,140.83446686609886,6.0,0.00023613519241931098,0.000288397730713541,6.997133217131098e-09,0.0005245399202660692,0.0,United Kingdom,GBR,england,,,Linux-6.4.0-150600.23.73_15.0.14-cray_shasta_c_64k-aarch64-with-glibc2.38,3.11.7,3.3.0,72,Neoverse-V2,1,1 x NVIDIA GH200 120GB,-2.5917,51.4535,64,machine,0.0,0.0,22.900000000000002,196.34041922433036,N,1.0,0.0
2026-09-27T02:04:10,mobilenet_v3_small_batch6_node_4_upload,537be8cb-6f56-43e6-a3c4-68600d6fe3b0,5b0fa12a-3dd7-45bb-9766-cc326314d9f1,9.78825445403345,0.00011321816192805189,1.1566736690360357e-05,115.20045293348574,139.63536464215827,6.0,0.00021547413751852617,0.00026104937550996965,5.964043472583095e-09,0.00047652947707196836,0.0,United Kingdom,GBR,england,,,Linux-6.4.0-150600.23.73_15.0.14-cray_shasta_c_64k-aarch64-with-glibc2.38,3.11.7,3.3.0,72,Neoverse-V2,1,1 x NVIDIA GH200 120GB,-2.5917,51.4535,64,machine,0.0,0.0,22.900000000000002,196.33368937174478,N,1.0,0.0
2026-09-27T02:04:35,mobilenet_v3_small_batch6_node_5_upload,7848f025-dbce-4c4f-b96a-f230957ddae9,5b0fa12a-3dd7-45bb-9766-cc326314d9f1,3.1079829449299723,1.2772462318884566e-06,4.109566411784911e-07,115.20035562240001,467.8702126829713,6.0,1.469668790148018e-06,3.900836446746325e-06,5.359099789833029e-09,5.3758643366841755e-06,0.0,United Kingdom,GBR,england,,,Linux-6.4.0-150600.23.73_15.0.14-cray_shasta_c_64k-aarch64-with-glibc2.38,3.11.7,3.3.0,72,Neoverse-V2,1,1 x NVIDIA GH200 120GB,-2.5917,51.4535,64,machine,0,0,0,0,N,1.0,0.0
2026-09-27T02:05:01,mobilenet_v3_small_batch6_node_0_exchange,fe11f4b3-da63-4769-a439-44b794cda7ae,5b0fa12a-3dd7-45bb-9766-cc326314d9f1,10.319157307036221,0.00012155614052871772,1.1779657670867508e-05,115.20035562240001,139.61841817212633,6.0,0.00023136699118479163,0.0002802496686484801,6.9444948652138315e-09,0.0005116236043281369,0.0,United Kingdom,GBR,england,,,Linux-6.4.0-150600.23.73_15.0.14-cray_shasta_c_64k-aarch64-with-glibc2.38,3.11.7,3.3.0,72,Neoverse-V2,1,1 x NVIDIA GH200 120GB,-2.5917,51.4535,64,machine,0.0,0.0,22.900000000000002,196.26632254464286,N,1.0,0.0
2026-09-27T02:05:14,mobilenet_v3_small_batch6_node_1_exchange,07189409-1511-4472-831b-e707f7f53436,5b0fa12a-3dd7-45bb-9766-cc326314d9f1,9.117959229974076,0.00010134203254775078,1.1114552060575392e-05,115.20035562240001,139.2975743728658,6.0,0.000193133052360974,0.00023340296449703146,7.436533148090044e-09,0.00042654345339115354,0.0,United Kingdom,GBR,england,,,Linux-6.4.0-150600.23.73_15.0.14-cray_shasta_c_64k-aarch64-with-glibc2.38,3.11.7,3.3.0,72,Neoverse-V2,1,1 x NVIDIA GH200 120GB,-2.5917,51.4535,64,machine,1.6666666666666667,0.0,22.900000000000002,196.26348876953125,N,1.0,0.0
2026-09-27T02:05:39,mobilenet_v3_small_batch6_node_2_exchange,d8968576-18da-4995-bdc7-c302850ac77f,5b0fa12a-3dd7-45bb-9766-cc326314d9f1,13.302455556811765,0.00017201444323414295,1.2931029350145795e-05,115.2003556224,139.8445434220893,6.0,0.00032707547687594083,0.00039691753974580024,7.0138263981789355e-09,0.0007240000304481393,0.0,United Kingdom,GBR,england,,,Linux-6.4.0-150600.23.73_15.0.14-cray_shasta_c_64k-aarch64-with-glibc2.38,3.11.7,3.3.0,72,Neoverse-V2,1,1 x NVIDIA GH200 120GB,-2.5917,51.4535,64,machine,3.3899999999999997,0.0,22.900000000000002,196.40604248046876,N,1.0,0.0
2026-09-27T02:05:52,mobilenet_v3_small_batch6_node_3_exchange,5d2564e0-e1a4-4794-99e5-f6c22d99aae7,5b0fa12a-3dd7-45bb-9766-cc326314d9f1,3.0937274489551783,1.1460019224968483e-07,3.7042756396782107e-08,115.20035562240001,0.0,6.0,4.769558058422003e-07,0.0,5.390566463271777e-09,4.823463723054722e-07,0.0,United Kingdom,GBR,england,,,Linux-6.4.0-150600.23.73_15.0.14-cray_shasta_c_64k-aarch64-with-glibc2.38,3.11.7,3.3.0,72,Neoverse-V2,1,1 x NVIDIA GH200 120GB,-2.5917,51.4535,64,machine,0,0,0,0,N,1.0,0.0
2026-09-27T02:06:33,mobilenet_v3_small_batch6_node_4_exchange,312afeea-de29-4670-9d8e-543d155781df,5b0fa12a-3dd7-45bb-9766-cc326314d9f1,4.111564713995904,1.80118249560462e-05,4.3807713629639215e-06,115.20035562240001,153.24246341294258,6.0,3.27699218356903e-05,4.303558998230983e-05,5.342034855857491e-09,7.581085385285598e-05,0.0,United Kingdom,GBR,england,,,Linux-6.4.0-150600.23.73_15.0.14-cray_shasta_c_64k-aarch64-with-glibc2.38,3.11.7,3.3.0,72,Neoverse-V2,1,1 x NVIDIA GH200 120GB,-2.5917,51.4535,64,machine,0.0,0.0,22.9,196.38720703125,N,1.0,0.0
2026-09-27T02:06:39,mobilenet_v3_small_batch6_node_5_exchange,1926ac62-6575-4ccc-9306-0d1fdb961daa,5b0fa12a-3dd7-45bb-9766-cc326314d9f1,3.1010633029509336,1.3736960917185709e-07,4.4297583039062076e-08,115.20035562240001,0.0,6.0,5.727342166029497e-07,0.0,5.447471824785074e-09,5.781816884277348e-07,0.0,United Kingdom,GBR,england,,,Linux-6.4.0-150600.23.73_15.0.14-cray_shasta_c_64k-aarch64-with-glibc2.38,3.11.7,3.3.0,72,Neoverse-V2,1,1 x NVIDIA GH200 120GB,-2.5917,51.4535,64,machine,0,0,0,0,N,1.0,0.0
2026-09-27T02:06:58,mobilenet_v3_small_batch6_node_0_evaluate,d3c2b50f-f55a-4cff-a2ad-bf2483370b00,5b0fa12a-3dd7-45bb-9766-cc326314d9f1,11.722077940125018,0.0001491370932550146,1.272275223017533e-05,115.38078380927999,143.0969522905725,6.0,0.00027778171211488616,0.0003436274971164721,6.301220355089754e-06,0.0006277104295864481,0.0,United Kingdom,GBR,england,,,Linux-6.4.0-150600.23.73_15.0.14-cray_shasta_c_64k-aarch64-with-glibc2.38,3.11.7,3.3.0,72,Neoverse-V2,1,1 x NVIDIA GH200 120GB,-2.5917,51.4535,64,machine,0.0,0.375,22.900000000000002,196.35529327392578,N,1.0,0.0
2026-09-27T02:07:13,mobilenet_v3_small_batch6_node_1_evaluate,19dc85bc-83b3-48ce-a581-c47344f93891,5b0fa12a-3dd7-45bb-9766-cc326314d9f1,7.940482479054481,8.524381139605634e-05,1.0735344057607796e-05,115.42111159680002,145.20513283896938,6.0,0.00015710099872537743,0.00019527987845435746,6.405983306467534e-06,0.0003587868604862024,0.0,United Kingdom,GBR,england,,,Linux-6.4.0-150600.23.73_15.0.14-cray_shasta_c_64k-aarch64-with-glibc2.38,3.11.7,3.3.0,72,Neoverse-V2,1,1 x NVIDIA GH200 120GB,-2.5917,51.4535,64,machine,0.0,0.75,22.9,196.3104705810547,N,1.0,0.0
2026-09-27T02:07:42,mobilenet_v3_small_batch6_node_2_evaluate,6d50a809-164d-43f3-b1c8-6ae4fe3448a3,5b0fa12a-3dd7-45bb-9766-cc326314d9f1,14.540178894996643,0.0001956597662798376,1.3456489613560752e-05,115.40588340240001,141.72569156163217,6.0,0.00036774991880940335,0.0004492453593911705,6.52671263165151e-06,0.0008235219908322253,0.0,United Kingdom,GBR,england,,,Linux-6.4.0-150600.23.73_15.0.14-cray_shasta_c_64k-aarch64-with-glibc2.38,3.11.7,3.3.0,72,Neoverse-V2,1,1 x NVIDIA GH200 120GB,-2.5917,51.4535,64,machine,0.0,0.2727272727272727,22.900000000000002,196.07085071910512,N,1.0,0.0
2026-09-27T02:08:18,mobilenet_v3_small_batch6_node_3_evaluate,51b63848-b29d-49c6-a90d-4f795d5952c0,5b0fa12a-3dd7-45bb-9766-cc326314d9f1,12.784192010993138,0.00016617872725240043,1.2998766532097077e-05,115.37218225728002,141.70919838677287,6.0,0.00031124150335593253,0.0003817439165061387,6.452379246475176e-06,0.0006994377991085464,0.0,United Kingdom,GBR,england,,,Linux-6.4.0-150600.23.73_15.0.14-cray_shasta_c_64k-aarch64-with-glibc2.38,3.11.7,3.3.0,72,Neoverse-V2,1,1 x NVIDIA GH200 120GB,-2.5917,51.4535,64,machine,9.78888888888889,0.3333333333333333,22.900000000000002,196.10514322916666,N,1.0,0.0
2026-09-27T02:08:41,mobilenet_v3_small_batch6_node_4_evaluate,8fdb9d6d-557c-4bfa-8388-012fb84663c9,5b0fa12a-3dd7-45bb-9766-cc326314d9f1,8.30340739293024,9.156352675606863e-05,1.1027223213692785e-05,115.44566836032001,143.53467909558663,6.0,0.00016860663211730668,0.0002105090572968038,6.270531143527478e-06,0.0003853862205576379,0.0,United Kingdom,GBR,england,,,Linux-6.4.0-150600.23.73_15.0.14-cray_shasta_c_64k-aarch64-with-glibc2.38,3.11.7,3.3.0,72,Neoverse-V2,1,1 x NVIDIA GH200 120GB,-2.5917,51.4535,64,machine,5.26,0.6,22.9,196.1244140625,N,1.0,0.0
2026-09-27T02:09:05,mobilenet_v3_small_batch6_node_5_evaluate,52832a98-9c52-4853-856b-6db320a84607,5b0fa12a-3dd7-45bb-9766-cc326314d9f1,7.818282050080597,8.328634175282682e-05,1.065276760538055e-05,115.46680752,142.48325376602537,6.0,0.0001532322080468621,0.00019105515283968089,6.260609570114563e-06,0.00035054797045665757,0.0,United Kingdom,GBR,england,,,Linux-6.4.0-150600.23.73_15.0.14-cray_shasta_c_64k-aarch64-with-glibc2.38,3.11.7,3.3.0,72,Neoverse-V2,1,1 x NVIDIA GH200 120GB,-2.5917,51.4535,64,machine,0.0,0.75,22.9,196.10308837890625,N,1.0,0.0
2026-09-27T02:09:41,efficientnet_lite0_batch6_node_0_local_train,3f4b5e2c-f48d-402c-b3a0-b9ef9f9aacc7,5b0fa12a-3dd7-45bb-9766-cc326314d9f1,6.543457392137498,6.748524118204024e-05,1.0313392009418339e-05,115.30401449760001,86.44544161072963,6.0,0.00011169176614093737,0.000166564299902916,5.785876899802438e-06,0.0002840419429436558,0.0,United Kingdom,GBR,england,,,Linux-6.4.0-150600.23.73_15.0.14-cray_shasta_c_64k-aarch64-with-glibc2.38,3.11.7,3.3.0,72,Neoverse-V2,1,1 x NVIDIA GH200 120GB,-2.5917,51.4535,64,machine,0.0,17.666666666666668,23.3,199.20025634765625,N,1.0,0.0
2026-09-27T02:10:06,efficientnet_lite0_batch6_node_0_evaluate,e0e5b903-de3f-4e98-a663-c45dd3883a70,5b0fa12a-3dd7-45bb-9766-cc326314d9f1,8.353011580184102,9.389415496546829e-05,1.1240754794140827e-05,115.48109405376002,146.1034186300817,6.0,0.00017013002947472778,0.0002187607305614847,6.304955950084454e-06,0.00039519571598629693,0.0,United Kingdom,GBR,england,,,Linux-6.4.0-150600.23.73_15.0.14-cray_shasta_c_64k-aarch64-with-glibc2.38,3.11.7,3.3.0,72,Neoverse-V2,1,1 x NVIDIA GH200 120GB,-2.5917,51.4535,64,machine,22.0,3.0,23.28,199.14407958984376,N,1.0,0.0
2026-09-27T02:10:20,efficientnet_lite0_batch6_node_1_local_train,122be2f6-5213-4a9b-a803-094fbe31de46,5b0fa12a-3dd7-45bb-9766-cc326314d9f1,7.904509123880416,9.205619667965122e-05,1.1646035855855874e-05,115.33955535360002,156.87190561349564,6.0,0.000155610546763835,0.00022546879148421795,6.380504925036803e-06,0.00038745984317308977,0.0,United Kingdom,GBR,england,,,Linux-6.4.0-150600.23.73_15.0.14-cray_shasta_c_64k-aarch64-with-glibc2.38,3.11.7,3.3.0,72,Neoverse-V2,1,1 x NVIDIA GH200 120GB,-2.5917,51.4535,64,machine,0.0,11.25,23.25,199.08815002441406,N,1.0,0.0
2026-09-27T02:11:41,efficientnet_lite0_batch6_node_1_evaluate,2224f386-8817-495f-a392-2f4489609953,5b0fa12a-3dd7-45bb-9766-cc326314d9f1,12.92053334787488,0.00017161736262398037,1.3282529289103019e-05,115.41607186011429,147.50460288635514,6.0,0.0003162465281360089,0.00039967087529646506,6.411334951796259e-06,0.0007223287383842702,0.0,United Kingdom,GBR,england,,,Linux-6.4.0-150600.23.73_15.0.14-cray_shasta_c_64k-aarch64-with-glibc2.38,3.11.7,3.3.0,72,Neoverse-V2,1,1 x NVIDIA GH200 120GB,-2.5917,51.4535,64,machine,7.611111111111111,1.3333333333333333,23.199999999999996,198.99810791015625,N,1.0,0.0
2026-09-27T02:11:58,efficientnet_lite0_batch6_node_2_local_train,eced8914-4e1b-436c-bbf6-60a5c1b83a05,5b0fa12a-3dd7-45bb-9766-cc326314d9f1,8.333085709949955,0.00010284531203259559,1.2341804178228382e-05,115.31974055040001,87.06775581136515,6.0,0.00016939777970906346,0.0002546915926444626,8.781307823567962e-06,0.00043287068017709403,0.0,United Kingdom,GBR,england,,,Linux-6.4.0-150600.23.73_15.0.14-cray_shasta_c_64k-aarch64-with-glibc2.38,3.11.7,3.3.0,72,Neoverse-V2,1,1 x NVIDIA GH200 120GB,-2.5917,51.4535,64,machine,0.0,14.4,23.2,198.880224609375,N,1.0,0.0
2026-09-27T02:12:11,efficientnet_lite0_batch6_node_2_evaluate,ca19ff9a-02d4-48c9-a2e8-17a8c2f43692,5b0fa12a-3dd7-45bb-9766-cc326314d9f1,8.565860152011737,9.737738834289517e-05,1.1368080568070631e-05,115.46038200384001,145.24137918063815,6.0,0.0001770061367737908,0.00022636684776955462,6.4834833187827225e-06,0.00040985646786212816,0.0,United Kingdom,GBR,england,,,Linux-6.4.0-150600.23.73_15.0.14-cray_shasta_c_64k-aarch64-with-glibc2.38,3.11.7,3.3.0,72,Neoverse-V2,1,1 x NVIDIA GH200 120GB,-2.5917,51.4535,64,machine,0.0,3.2,23.2,198.790478515625,N,1.0,0.0
2026-09-27T02:12:24,efficientnet_lite0_batch6_node_3_local_train,6f2243aa-8ede-4d89-8859-e6e8e2394b52,5b0fa12a-3dd7-45bb-9766-cc326314d9f1,7.413190976949409,8.51265548058446e-05,1.148311908738589e-05,115.29143684352002,87.73733152586641,6.0,0.00013979359018033777,0.0002112704467833737,7.229296506460136e-06,0.0003582933334701716,0.0,United Kingdom,GBR,england,,,Linux-6.4.0-150600.23.73_15.0.14-cray_shasta_c_64k-aarch64-with-glibc2.38,3.11.7,3.3.0,72,Neoverse-V2,1,1 x NVIDIA GH200 120GB,-2.5917,51.4535,64,machine,0.0,9.0,23.2,198.77516174316406,N,1.0,0.0
2026-09-27T02:12:57,efficientnet_lite0_batch6_node_3_evaluate,379c14e7-207f-4a07-81dd-0c3192a2f07b,5b0fa12a-3dd7-45bb-9766-cc326314d9f1,13.852003221865743,0.00018669380030814003,1.347774739276981e-05,115.44039659520001,146.35034980679467,6.0,0.0003460801966706417,0.000433235068797444,6.469431248260662e-06,0.0007857846967163464,0.0,United Kingdom,GBR,england,,,Linux-6.4.0-150600.23.73_15.0.14-cray_shasta_c_64k-aarch64-with-glibc2.38,3.11.7,3.3.0,72,Neoverse-V2,1,1 x NVIDIA GH200 120GB,-2.5917,51.4535,64,machine,0.0,1.2,23.199999999999996,198.717333984375,N,1.0,0.0
2026-09-27T02:13:28,efficientnet_lite0_batch6_node_4_local_train,dbce6bf5-231a-484b-838c-2860cce47dec,5b0fa12a-3dd7-45bb-9766-cc326314d9f1,29.36112020094879,0.00045781669541740703,1.559261677633856e-05,115.2831579855158,151.33273589928112,6.0,0.0008422528858334768,0.001054215843367956,3.0458424064951637e-05,0.0019269271532663845,0.0,United Kingdom,GBR,england,,,Linux-6.4.0-150600.23.73_15.0.14-cray_shasta_c_64k-aarch64-with-glibc2.38,3.11.7,3.3.0,72,Neoverse-V2,1,1 x NVIDIA GH200 120GB,-2.5917,51.4535,64,machine,0.5153846153846154,1.3846153846153846,23.199999999999996,198.73937049278845,N,1.0,0.0
2026-09-27T02:13:50,efficientnet_lite0_batch6_node_4_evaluate,e5d1786a-866d-48bf-966e-707c5f614057,5b0fa12a-3dd7-45bb-9766-cc326314d9f1,7.937141289934516,8.717354054326371e-05,1.0982989638071936e-05,115.44324274080002,149.3927121339254,6.0,0.00015651814536168227,0.00020402766321581112,6.363183603389188e-06,0.0003669089921808826,0.0,United Kingdom,GBR,england,,,Linux-6.4.0-150600.23.73_15.0.14-cray_shasta_c_64k-aarch64-with-glibc2.38,3.11.7,3.3.0,72,Neoverse-V2,1,1 x NVIDIA GH200 120GB,-2.5917,51.4535,64,machine,0.0,3.0,23.2,198.7303924560547,N,1.0,0.0
2026-09-27T02:15:29,efficientnet_lite0_batch6_node_5_local_train,b6869544-17b5-4ed2-96b4-cd9694b9ee96,5b0fa12a-3dd7-45bb-9766-cc326314d9f1,6.122098123887554,5.958353971947715e-05,9.732535891084574e-06,115.2766831536,86.75177763407478,6.0,9.846465219537344e-05,0.00014722289554924828,5.096536196457843e-06,0.00025078408394107955,0.0,United Kingdom,GBR,england,,,Linux-6.4.0-150600.23.73_15.0.14-cray_shasta_c_64k-aarch64-with-glibc2.38,3.11.7,3.3.0,72,Neoverse-V2,1,1 x NVIDIA GH200 120GB,-2.5917,51.4535,64,machine,27.633333333333336,18.0,23.2,198.64298502604166,N,1.0,0.0
2026-09-27T02:15:42,efficientnet_lite0_batch6_node_5_evaluate,ab772f92-9d30-45ef-a702-94ea3852f159,5b0fa12a-3dd7-45bb-9766-cc326314d9f1,12.252032032003626,0.00015953570514095903,1.302116291601545e-05,115.41066576768002,146.10660798955192,6.0,0.00029481866284889586,0.0003703477962915258,6.311198246742909e-06,0.0006714776573871645,0.0,United Kingdom,GBR,england,,,Linux-6.4.0-150600.23.73_15.0.14-cray_shasta_c_64k-aarch64-with-glibc2.38,3.11.7,3.3.0,72,Neoverse-V2,1,1 x NVIDIA GH200 120GB,-2.5917,51.4535,64,machine,0.7,1.7777777777777777,23.199999999999996,198.6653849283854,N,1.0,0.0
2026-09-27T02:16:54,efficientnet_lite0_batch6_node_1_upload,2e41efd5-0c2f-4387-95a8-b414937be33f,5b0fa12a-3dd7-45bb-9766-cc326314d9f1,4.42921624192968,2.3371556497137238e-05,5.276679940773208e-06,115.2008678016,146.56076618391683,6.0,4.358320415016959e-05,5.478115492962843e-05,5.33184502273798e-09,9.836969092482075e-05,0.0,United Kingdom,GBR,england,,,Linux-6.4.0-150600.23.73_15.0.14-cray_shasta_c_64k-aarch64-with-glibc2.38,3.11.7,3.3.0,72,Neoverse-V2,1,1 x NVIDIA GH200 120GB,-2.5917,51.4535,64,machine,0.0,0.0,23.2,198.6871337890625,N,1.0,0.0
2026-09-27T02:17:04,efficientnet_lite0_batch6_node_2_upload,251137b6-0c07-415f-9fae-f4087470b446,5b0fa12a-3dd7-45bb-9766-cc326314d9f1,4.472950495081022,2.373371441555326e-05,5.306053452112564e-06,115.20044323200003,139.99151350247655,6.0,4.51466665623426e-05,5.4740043793799487e-05,7.284801686182618e-09,9.989399515782827e-05,0.0,United Kingdom,GBR,england,,,Linux-6.4.0-150600.23.73_15.0.14-cray_shasta_c_64k-aarch64-with-glibc2.38,3.11.7,3.3.0,72,Neoverse-V2,1,1 x NVIDIA GH200 120GB,-2.5917,51.4535,64,machine,0.0,0.0,23.2,198.6815185546875,N,1.0,0.0
2026-09-27T02:17:46,efficientnet_lite0_batch6_node_4_upload,4902475c-aab2-44ac-86c7-de01971127fc,5b0fa12a-3dd7-45bb-9766-cc326314d9f1,3.082315183011815,1.2551239627279525e-07,4.072016935988799e-08,115.20035562240001,0.0,6.0,5.229483967468622e-07,0.0,5.326886506130298e-09,5.282752832529925e-07,0.0,United Kingdom,GBR,england,,,Linux-6.4.0-150600.23.73_15.0.14-cray_shasta_c_64k-aarch64-with-glibc2.38,3.11.7,3.3.0,72,Neoverse-V2,1,1 x NVIDIA GH200 120GB,-2.5917,51.4535,64,machine,0,0,0,0,N,1.0,0.0
2026-09-27T02:17:50,efficientnet_lite0_batch6_node_5_upload,ebb79b4c-fb3b-4392-85d2-f95e740ef221,5b0fa12a-3dd7-45bb-9766-cc326314d9f1,3.079497759928927,1.11756028077618e-07,3.629034238368703e-08,115.20035562240001,0.0,6.0,4.648634836550902e-07,0.0,5.5119465105235575e-09,4.7037543016561373e-07,0.0,United Kingdom,GBR,england,,,Linux-6.4.0-150600.23.73_15.0.14-cray_shasta_c_64k-aarch64-with-glibc2.38,3.11.7,3.3.0,72,Neoverse-V2,1,1 x NVIDIA GH200 120GB,-2.5917,51.4535,64,machine,0,0,0,0,N,1.0,0.0
2026-09-27T02:18:53,mobilevit_xxs_batch6_node_0_local_train,86ff9e6d-4f01-4f2b-9cec-08f7f0185f40,5b0fa12a-3dd7-45bb-9766-cc326314d9f1,8.560210552066565,0.00010230681420841931,1.1951436659898616e-05,115.2408078432,80.36180508380832,6.0,0.0001763713976058612,0.000245078251623454,9.154521032857398e-06,0.00043060417026217254,0.0,United Kingdom,GBR,england,,,Linux-6.4.0-150600.23.73_15.0.14-cray_shasta_c_64k-aarch64-with-glibc2.38,3.11.7,3.3.0,72,Neoverse-V2,1,1 x NVIDIA GH200 120GB,-2.5917,51.4535,64,machine,0.0,6.4,23.3,199.240771484375,N,1.0,0.0
2026-09-27T02:19:14,mobilevit_xxs_batch6_node_0_evaluate,c2235cd1-f1ef-481f-8f39-d6d37c7dffb3,5b0fa12a-3dd7-45bb-9766-cc326314d9f1,7.133763788035139,7.101800323020982e-05,9.955194107957755e-06,115.28589758400001,75.85142009015624,6.0,0.00012660156273354507,0.00016574874371144688,6.560852027032524e-06,0.00029891115847202447,0.0,United Kingdom,GBR,england,,,Linux-6.4.0-150600.23.73_15.0.14-cray_shasta_c_64k-aarch64-with-glibc2.38,3.11.7,3.3.0,72,Neoverse-V2,1,1 x NVIDIA GH200 120GB,-2.5917,51.4535,64,machine,10.6,4.0,23.2,199.11065673828125,N,1.0,0.0
2026-09-27T02:19:30,mobilevit_xxs_batch6_node_1_local_train,a94513fa-4094-418a-9f23-807c755f4759,5b0fa12a-3dd7-45bb-9766-cc326314d9f1,13.217478609876707,0.0001812475446546176,1.3712717077459926e-05,115.25221825426287,149.48288312900456,6.0,0.0003253096772731531,0.00042731367518911156,1.023833159978191e-05,0.0007628616840620467,0.0,United Kingdom,GBR,england,,,Linux-6.4.0-150600.23.73_15.0.14-cray_shasta_c_64k-aarch64-with-glibc2.38,3.11.7,3.3.0,72,Neoverse-V2,1,1 x NVIDIA GH200 120GB,-2.5917,51.4535,64,machine,0.0,8.3,23.199999999999996,199.073779296875,N,1.0,0.0
2026-09-27T02:19:38,mobilevit_xxs_batch6_node_1_evaluate,58a69236-7b9a-4de1-9d9c-486d656278b0,5b0fa12a-3dd7-45bb-9766-cc326314d9f1,7.03242451697588,7.127117935158971e-05,1.0134652590944284e-05,115.2740459232,613.3308866659676,6.0,0.0001276891529873075,0.00016567207697448794,6.615533910226077e-06,0.0002999767638720215,0.0,United Kingdom,GBR,england,,,Linux-6.4.0-150600.23.73_15.0.14-cray_shasta_c_64k-aarch64-with-glibc2.38,3.11.7,3.3.0,72,Neoverse-V2,1,1 x NVIDIA GH200 120GB,-2.5917,51.4535,64,machine,0.0,4.0,23.2,199.03277587890625,N,1.0,0.0
2026-09-27T02:19:50,mobilevit_xxs_batch6_node_2_local_train,053f82b8-3bd8-4af4-bbfb-5d3dd78ef74d,5b0fa12a-3dd7-45bb-9766-cc326314d9f1,11.507295941002667,0.00015771972637244072,1.3706063282030975e-05,115.2529455744,80.78740669790776,6.0,0.0002709552983462852,0.00037880280304136704,1.4076193855144084e-05,0.0006638342952427963,0.0,United Kingdom,GBR,england,,,Linux-6.4.0-150600.23.73_15.0.14-cray_shasta_c_64k-aarch64-with-glibc2.38,3.11.7,3.3.0,72,Neoverse-V2,1,1 x NVIDIA GH200 120GB,-2.5917,51.4535,64,machine,0.0,4.75,23.199999999999996,198.9617919921875,N,1.0,0.0
2026-09-27T02:20:11,mobilevit_xxs_batch6_node_2_evaluate,5c7f566c-56f5-47d6-82e9-ac94f909001d,5b0fa12a-3dd7-45bb-9766-cc326314d9f1,13.735561981098726,0.00018420805399137663,1.3411031470344076e-05,115.29649622016001,144.90504365664046,6.0,0.0003419304780469082,0.0004266903413423506,6.701497685086603e-06,0.0007753223170743454,0.0,United Kingdom,GBR,england,,,Linux-6.4.0-150600.23.73_15.0.14-cray_shasta_c_64k-aarch64-with-glibc2.38,3.11.7,3.3.0,72,Neoverse-V2,1,1 x NVIDIA GH200 120GB,-2.5917,51.4535,64,machine,0.0,1.4,23.199999999999996,198.9192687988281,N,1.0,0.0
2026-09-27T02:20:35,mobilevit_xxs_batch6_node_3_local_train,a77cb68e-626c-491f-a863-5365c92cb941,5b0fa12a-3dd7-45bb-9766-cc326314d9f1,10.022863942198455,0.00012985256872208428,1.295563518281202e-05,115.25717952,618.2095863829952,6.0,0.00022327934672706313,0.0003116696937723873,1.1593807536798218e-05,0.0005465428480362487,0.0,United Kingdom,GBR,england,,,Linux-6.4.0-150600.23.73_15.0.14-cray_shasta_c_64k-aarch64-with-glibc2.38,3.11.7,3.3.0,72,Neoverse-V2,1,1 x NVIDIA GH200 120GB,-2.5917,51.4535,64,machine,0.0,0.8333333333333334,23.2,198.73129272460938,N,1.0,0.0
2026-09-27T02:21:02,mobilevit_xxs_batch6_node_3_evaluate,4b992eaa-3ef1-4025-ab63-893b005a144d,5b0fa12a-3dd7-45bb-9766-cc326314d9f1,8.065870858030394,8.844783906241299e-05,1.0965689957006215e-05,115.31028177216001,144.1298643301991,6.0,0.00016074212658502893,0.00020486377499651098,6.666548163242018e-06,0.00037227244974478193,0.0,United Kingdom,GBR,england,,,Linux-6.4.0-150600.23.73_15.0.14-cray_shasta_c_64k-aarch64-with-glibc2.38,3.11.7,3.3.0,72,Neoverse-V2,1,1 x NVIDIA GH200 120GB,-2.5917,51.4535,64,machine,0.0,3.2,23.2,198.66392822265624,N,1.0,0.0
2026-09-27T02:21:14,mobilevit_xxs_batch6_node_4_local_train,939d19ce-de94-4990-adfb-3e5b4429b078,5b0fa12a-3dd7-45bb-9766-cc326314d9f1,9.726236159913242,0.00012086555139479487,1.2426754749482968e-05,115.24778956800002,148.2135843712042,6.0,0.0002136729031540924,0.00028632578461440517,8.718262068384018e-06,0.0005087169498368817,0.0,United Kingdom,GBR,england,,,Linux-6.4.0-150600.23.73_15.0.14-cray_shasta_c_64k-aarch64-with-glibc2.38,3.11.7,3.3.0,72,Neoverse-V2,1,1 x NVIDIA GH200 120GB,-2.5917,51.4535,64,machine,0.0,14.666666666666666,23.2,198.64340209960938,N,1.0,0.0
2026-09-27T02:22:10,mobilevit_xxs_batch6_node_4_evaluate,85e065ef-0aed-47e2-b40f-c15aac308221,5b0fa12a-3dd7-45bb-9766-cc326314d9f1,39.46441368479282,0.0006283564045771601,1.5922101607689423e-05,115.26014036160001,143.06163487452483,6.0,0.0011656422219297542,0.0014299869773140017,4.909090386354364e-05,0.0026447201031072993,0.0,United Kingdom,GBR,england,,,Linux-6.4.0-150600.23.73_15.0.14-cray_shasta_c_64k-aarch64-with-glibc2.38,3.11.7,3.3.0,72,Neoverse-V2,1,1 x NVIDIA GH200 120GB,-2.5917,51.4535,64,machine,0.5333333333333333,0.3333333333333333,23.20000000000001,198.59405178493924,N,1.0,0.0
2026-09-27T02:22:19,mobilevit_xxs_batch6_node_5_local_train,d64d3414-27e2-4025-8089-5c0b6e94b85d,5b0fa12a-3dd7-45bb-9766-cc326314d9f1,7.93595296703279,9.079137875062688e-05,1.1440513713701265e-05,115.22922956928001,80.50441204425677,6.0,0.00015636649042259935,0.00021765350746250078,8.116291045056035e-06,0.0003821362889301562,0.0,United Kingdom,GBR,england,,,Linux-6.4.0-150600.23.73_15.0.14-cray_shasta_c_64k-aarch64-with-glibc2.38,3.11.7,3.3.0,72,Neoverse-V2,1,1 x NVIDIA GH200 120GB,-2.5917,51.4535,64,machine,0.0,2.25,23.2,198.50047302246094,N,1.0,0.0
2026-09-27T02:22:27,mobilevit_xxs_batch6_node_5_evaluate,efcc1517-1d16-4d35-af7e-e5d240236eff,5b0fa12a-3dd7-45bb-9766-cc326314d9f1,6.968016964849085,6.984766317783087e-05,1.0024037474389768e-05,115.26954569280002,74.79702317419381,6.0,0.0001254659110791249,0.00016201540739757547,6.503938323197265e-06,0.0002939852567998976,0.0,United Kingdom,GBR,england,,,Linux-6.4.0-150600.23.73_15.0.14-cray_shasta_c_64k-aarch64-with-glibc2.38,3.11.7,3.3.0,72,Neoverse-V2,1,1 x NVIDIA GH200 120GB,-2.5917,51.4535,64,machine,0.0,4.0,23.2,198.46968587239584,N,1.0,0.0
2026-09-27T02:22:35,mobilevit_xxs_batch6_node_0_upload,73b1e9f2-e40d-42b2-99ce-6e63df8032c4,5b0fa12a-3dd7-45bb-9766-cc326314d9f1,4.455614699050784,2.3564792397460883e-05,5.288785945176337e-06,115.206485184,141.40635776492337,6.0,4.4582855378066034e-05,5.459476589919632e-05,5.389710034554204e-09,9.91830109872969e-05,0.0,United Kingdom,GBR,england,,,Linux-6.4.0-150600.23.73_15.0.14-cray_shasta_c_64k-aarch64-with-glibc2.38,3.11.7,3.3.0,72,Neoverse-V2,1,1 x NVIDIA GH200 120GB,-2.5917,51.4535,64,machine,0.0,0.0,23.2,198.46551513671875,N,1.0,0.0
2026-09-27T02:24:45,mobilevit_xxs_batch6_node_1_upload,77c4881b-7798-40a4-b1c0-5835fba17de2,5b0fa12a-3dd7-45bb-9766-cc326314d9f1,115.11593905207701,0.001980071975048047,1.720067604323922e-05,115.20037860205713,139.88168016572752,6.0,0.0036835819452495314,0.00447910191660128,0.00017133823112507038,0.008334022092975882,0.0,United Kingdom,GBR,england,,,Linux-6.4.0-150600.23.73_15.0.14-cray_shasta_c_64k-aarch64-with-glibc2.38,3.11.7,3.3.0,72,Neoverse-V2,1,1 x NVIDIA GH200 120GB,-2.5917,51.4535,64,machine,1.0643478260869565,0.0,23.19999999999998,198.44515858525816,N,1.0,0.0
2026-09-27T02:24:51,mobilevit_xxs_batch6_node_3_upload,bae20403-90b2-4500-b7a8-6d025ba5c923,5b0fa12a-3dd7-45bb-9766-cc326314d9f1,4.5638159399386495,2.531299031981583e-05,5.546452936083156e-06,115.20035562240001,140.0636046122489,6.0,4.816862757989721e-05,5.836254669588925e-05,9.91272662455837e-09,0.00010654108700241102,0.0,United Kingdom,GBR,england,,,Linux-6.4.0-150600.23.73_15.0.14-cray_shasta_c_64k-aarch64-with-glibc2.38,3.11.7,3.3.0,72,Neoverse-V2,1,1 x NVIDIA GH200 120GB,-2.5917,51.4535,64,machine,0.0,0.0,23.2,198.41912841796875,N,1.0,0.0
2026-09-27T02:25:11,mobilevit_xxs_batch6_node_4_upload,7eff2a33-a7f5-48aa-af2c-ef864a1c5120,5b0fa12a-3dd7-45bb-9766-cc326314d9f1,9.46093422989361,0.00010783855492032607,1.1398298762038719e-05,115.20035562240001,140.30367359305635,6.0,0.00020478893566849575,0.00024909075483492416,7.2946698249628145e-09,0.0004538869851732449,0.0,United Kingdom,GBR,england,,,Linux-6.4.0-150600.23.73_15.0.14-cray_shasta_c_64k-aarch64-with-glibc2.38,3.11.7,3.3.0,72,Neoverse-V2,1,1 x NVIDIA GH200 120GB,-2.5917,51.4535,64,machine,0.0,0.0,23.2,198.4260050455729,N,1.0,0.0
2026-09-27T02:25:27,mobilevit_xxs_batch6_node_5_upload,4300bdaf-bd1a-4380-8071-52e9137681bd,5b0fa12a-3dd7-45bb-9766-cc326314d9f1,4.0745532650034875,1.7002670156042612e-05,4.1728918608278544e-06,115.20035562240001,138.82965896381356,6.0,3.257835861410031e-05,3.8979753384182914e-05,5.260700127109885e-09,7.156337269841033e-05,0.0,United Kingdom,GBR,england,,,Linux-6.4.0-150600.23.73_15.0.14-cray_shasta_c_64k-aarch64-with-glibc2.38,3.11.7,3.3.0,72,Neoverse-V2,1,1 x NVIDIA GH200 120GB,-2.5917,51.4535,64,machine,11.1,0.0,23.2,198.4337158203125,N,1.0,0.0
2026-09-27T02:25:46,mobilevit_xxs_batch6_node_0_exchange,e86c7f89-f7e2-48be-83b1-b5afd45ce856,5b0fa12a-3dd7-45bb-9766-cc326314d9f1,10.136051579844207,0.00011834641307058968,1.1675790334958881e-05,115.20035562240001,139.21000574516913,6.0,0.00022560669093847426,0.00027250077354779023,6.560450031732519e-09,0.0004981140249362962,0.0,United Kingdom,GBR,england,,,Linux-6.4.0-150600.23.73_15.0.14-cray_shasta_c_64k-aarch64-with-glibc2.38,3.11.7,3.3.0,72,Neoverse-V2,1,1 x NVIDIA GH200 120GB,-2.5917,51.4535,64,machine,0.0,0.0,23.199999999999996,198.4105224609375,N,1.0,0.0
2026-09-27T02:25:56,mobilevit_xxs_batch6_node_2_exchange,f6df0ac7-b88b-43ab-a8fe-7cf79edcfdee,5b0fa12a-3dd7-45bb-9766-cc326314d9f1,4.592687950003892,2.541369682364457e-05,5.533512640157282e-06,115.20035562240001,139.26900388850714,6.0,4.847840293497449e-05,5.8479213464579516e-05,7.3391482389221595e-09,0.00010696495554779292,0.0,United Kingdom,GBR,england,,,Linux-6.4.0-150600.23.73_15.0.14-cray_shasta_c_64k-aarch64-with-glibc2.38,3.11.7,3.3.0,72,Neoverse-V2,1,1 x NVIDIA GH200 120GB,-2.5917,51.4535,64,machine,5.6,0.0,23.2,198.40008544921875,N,1.0,0.0
2026-09-27T02:26:42,mobilevit_xxs_batch6_node_0_evaluate,77ebc979-dabe-4766-af03-12279aaff15f,5b0fa12a-3dd7-45bb-9766-cc326314d9f1,6.979292272822931,7.007969696907085e-05,1.0041089300982312e-05,115.2470994912,74.88021663052,6.0,0.00012581609545054222,0.00016262457455695767,6.521205201667423e-06,0.00029496187520916734,0.0,United Kingdom,GBR,england,,,Linux-6.4.0-150600.23.73_15.0.14-cray_shasta_c_64k-aarch64-with-glibc2.38,3.11.7,3.3.0,72,Neoverse-V2,1,1 x NVIDIA GH200 120GB,-2.5917,51.4535,64,machine,0.0,2.6666666666666665,23.2,198.35809326171875,N,1.0,0.0
2026-09-27T02:26:56,mobilevit_xxs_batch6_node_2_evaluate,f2403606-da73-417f-b9b7-a9776cefb20f,5b0fa12a-3dd7-45bb-9766-cc326314d9f1,8.089525767834857,8.874543118012941e-05,1.097041207693463e-05,115.30819998144001,143.6608769055411,6.0,0.00016154863427520058,0.00020527099755440759,6.705367981533831e-06,0.000373524999811142,0.0,United Kingdom,GBR,england,,,Linux-6.4.0-150600.23.73_15.0.14-cray_shasta_c_64k-aarch64-with-glibc2.38,3.11.7,3.3.0,72,Neoverse-V2,1,1 x NVIDIA GH200 120GB,-2.5917,51.4535,64,machine,0.0,2.4,23.2,198.32548828125,N,1.0,0.0
2026-09-27T02:27:32,mobilenet_v3_small_batch7_node_0_local_train,24660726-2a48-47e8-a8df-ec0cf82de09a,5b0fa12a-3dd7-45bb-9766-cc326314d9f1,8.77370731299743,0.00010179187597953026,1.1601922921310024e-05,115.32922709760001,75.36671113842601,6.0,0.0001828239396987005,0.00023612324444854949,9.489637336616093e-06,0.0004284368214838661,0.0,United Kingdom,GBR,england,,,Linux-6.4.0-150600.23.73_15.0.14-cray_shasta_c_64k-aarch64-with-glibc2.38,3.11.7,3.3.0,72,Neoverse-V2,1,1 x NVIDIA GH200 120GB,-2.5917,51.4535,64,machine,0.0,5.8,22.880000000000003,195.89080810546875,N,1.0,0.0
2026-09-27T02:28:16,mobilenet_v3_small_batch7_node_0_evaluate,de7c8c8b-0052-4397-ad39-f6253a083c83,5b0fa12a-3dd7-45bb-9766-cc326314d9f1,38.37684255791828,0.0006065467144776358,1.5805018705283957e-05,115.29261483161144,141.4848780020086,6.0,0.0011308553255489056,0.001386022219918459,3.604668283291781e-05,0.0025529242283002826,0.0,United Kingdom,GBR,england,,,Linux-6.4.0-150600.23.73_15.0.14-cray_shasta_c_64k-aarch64-with-glibc2.38,3.11.7,3.3.0,72,Neoverse-V2,1,1 x NVIDIA GH200 120GB,-2.5917,51.4535,64,machine,1.4885714285714287,0.14285714285714285,22.942857142857136,196.37305385044644,N,1.0,0.0
2026-09-27T02:30:15,mobilenet_v3_small_batch7_node_1_local_train,f824ca4a-f12f-4683-8e3f-1380852bf900,5b0fa12a-3dd7-45bb-9766-cc326314d9f1,8.85187368397601,0.0001034165914524607,1.1683017081419637e-05,115.33494729600001,74.75013054101404,6.0,0.00018599330891340258,0.00023965658060376427,9.625276641454548e-06,0.0004352751661586214,0.0,United Kingdom,GBR,england,,,Linux-6.4.0-150600.23.73_15.0.14-cray_shasta_c_64k-aarch64-with-glibc2.38,3.11.7,3.3.0,72,Neoverse-V2,1,1 x NVIDIA GH200 120GB,-2.5917,51.4535,64,machine,0.0,4.2,23.259999999999998,199.24334716796875,N,1.0,0.0
2026-09-27T02:31:01,mobilenet_v3_small_batch7_node_1_evaluate,d8fc50b6-180e-427f-b765-1e850e6f6eaa,5b0fa12a-3dd7-45bb-9766-cc326314d9f1,28.904503421857953,0.0004455240793945783,1.541365623523106e-05,115.48018107752729,142.76503182590088,6.0,0.0008281835248930258,0.0010156152569322785,3.1389376694569364e-05,0.001875188158519874,0.0,United Kingdom,GBR,england,,,Linux-6.4.0-150600.23.73_15.0.14-cray_shasta_c_64k-aarch64-with-glibc2.38,3.11.7,3.3.0,72,Neoverse-V2,1,1 x NVIDIA GH200 120GB,-2.5917,51.4535,64,machine,1.4280000000000002,0.12,24.844,212.8722021484375,N,1.0,0.0
2026-09-27T02:31:19,mobilenet_v3_small_batch7_node_2_local_train,03ecd3b0-f0f5-4478-8c53-fb4138f351c7,5b0fa12a-3dd7-45bb-9766-cc326314d9f1,11.666527357883751,0.0001519781410703624,1.3026853356467033e-05,115.3811523528,144.4822522494581,6.0,0.0002765116195600074,0.00035112361422307004,1.2033021356522418e-05,0.0006396682551395999,0.0,United Kingdom,GBR,england,,,Linux-6.4.0-150600.23.73_15.0.14-cray_shasta_c_64k-aarch64-with-glibc2.38,3.11.7,3.3.0,72,Neoverse-V2,1,1 x NVIDIA GH200 120GB,-2.5917,51.4535,64,machine,0.0,3.5,23.300000000000004,199.7550277709961,N,1.0,0.0
2026-09-27T02:31:50,mobilenet_v3_small_batch7_node_2_evaluate,72cdc91a-6c30-4bdb-b497-cfdfa7762269,5b0fa12a-3dd7-45bb-9766-cc326314d9f1,8.002222945913672,8.655981388460904e-05,1.081697104287887e-05,115.5551049072,145.16780681254625,6.0,0.00015899425683500747,0.00019886460353291113,6.466987565315019e-06,0.0003643258479332336,0.0,United Kingdom,GBR,england,,,Linux-6.4.0-150600.23.73_15.0.14-cray_shasta_c_64k-aarch64-with-glibc2.38,3.11.7,3.3.0,72,Neoverse-V2,1,1 x NVIDIA GH200 120GB,-2.5917,51.4535,64,machine,2.5,0.75,24.7,211.66427612304688,N,1.0,0.0
2026-09-27T02:32:04,mobilenet_v3_small_batch7_node_3_local_train,e4b178ff-885e-4f95-a2c7-a65c9ad149a0,5b0fa12a-3dd7-45bb-9766-cc326314d9f1,10.537419538013637,0.0001325995209587411,1.2583680518782577e-05,115.385998032,144.0647969318743,6.0,0.00024021452858234764,0.00030710719013882226,1.0782911370042713e-05,0.0005581046300912126,0.0,United Kingdom,GBR,england,,,Linux-6.4.0-150600.23.73_15.0.14-cray_shasta_c_64k-aarch64-with-glibc2.38,3.11.7,3.3.0,72,Neoverse-V2,1,1 x NVIDIA GH200 120GB,-2.5917,51.4535,64,machine,0.0,3.2857142857142856,24.800000000000004,212.09285191127233,N,1.0,0.0
2026-09-27T02:32:17,mobilenet_v3_small_batch7_node_3_evaluate,c83d2a41-dba3-48bb-951b-eea5c92544dc,5b0fa12a-3dd7-45bb-9766-cc326314d9f1,8.006124177016318,8.587082377969335e-05,1.0725642255987998e-05,115.5816964944,140.3673462019795,6.0,0.00015951272020685536,0.00019533876738364597,6.574436083125572e-06,0.0003614259236736269,0.0,United Kingdom,GBR,england,,,Linux-6.4.0-150600.23.73_15.0.14-cray_shasta_c_64k-aarch64-with-glibc2.38,3.11.7,3.3.0,72,Neoverse-V2,1,1 x NVIDIA GH200 120GB,-2.5917,51.4535,64,machine,0.0,0.75,23.3,199.726806640625,N,1.0,0.0
2026-09-27T02:32:40,mobilenet_v3_small_batch7_node_4_local_train,9344925a-c160-4ce6-9051-3f0d1a08b2eb,5b0fa12a-3dd7-45bb-9766-cc326314d9f1,21.418141277041286,0.00031511032270107215,1.4712309468181903e-05,115.42799400685716,147.131020000475,6.0,0.0005882557450643923,0.0007301233618619563,7.904191968264058e-06,0.0013262832988946128,0.0,United Kingdom,GBR,england,,,Linux-6.4.0-150600.23.73_15.0.14-cray_shasta_c_64k-aarch64-with-glibc2.38,3.11.7,3.3.0,72,Neoverse-V2,1,1 x NVIDIA GH200 120GB,-2.5917,51.4535,64,machine,1.1888888888888889,1.3333333333333333,24.52777777777778,210.04888916015625,N,1.0,0.0
2026-09-27T02:32:55,mobilenet_v3_small_batch7_node_4_evaluate,3e3192d1-e93a-4d8c-b938-1420e5528aeb,5b0fa12a-3dd7-45bb-9766-cc326314d9f1,6.873284871922806,6.781354058965111e-05,9.866249086614714e-06,115.49191052160002,735.9048529618957,6.0,0.00012298138876515655,0.00015611623599909308,6.32611366493317e-06,0.0002854237384291828,0.0,United Kingdom,GBR,england,,,Linux-6.4.0-150600.23.73_15.0.14-cray_shasta_c_64k-aarch64-with-glibc2.38,3.11.7,3.3.0,72,Neoverse-V2,1,1 x NVIDIA GH200 120GB,-2.5917,51.4535,64,machine,0.0,1.0,24.8,212.36922200520834,N,1.0,0.0
2026-09-27T02:33:19,mobilenet_v3_small_batch7_node_5_local_train,d10757bb-a8e0-4b1c-b25d-9147e493c4e6,5b0fa12a-3dd7-45bb-9766-cc326314d9f1,8.838183192070574,0.00010235115078605043,1.1580564530262019e-05,115.38014628095999,144.30783967554189,6.0,0.00018568409306534114,0.0002371701897203593,7.936497873549039e-06,0.0004307907806592495,0.0,United Kingdom,GBR,england,,,Linux-6.4.0-150600.23.73_15.0.14-cray_shasta_c_64k-aarch64-with-glibc2.38,3.11.7,3.3.0,72,Neoverse-V2,1,1 x NVIDIA GH200 120GB,-2.5917,51.4535,64,machine,0.0,3.2,23.380000000000003,199.954541015625,N,1.0,0.0
2026-09-27T02:33:44,mobilenet_v3_small_batch7_node_5_evaluate,7810b0a8-79d9-4e13-b766-feae4b4af465,5b0fa12a-3dd7-45bb-9766-cc326314d9f1,7.8371513690799475,8.350727791374968e-05,1.0655310071362463e-05,115.72418365920001,141.90498076239788,6.0,0.00015419859169582073,0.00019099709724912373,6.282190560208013e-06,0.0003514778795051525,0.0,United Kingdom,GBR,england,,,Linux-6.4.0-150600.23.73_15.0.14-cray_shasta_c_64k-aarch64-with-glibc2.38,3.11.7,3.3.0,72,Neoverse-V2,1,1 x NVIDIA GH200 120GB,-2.5917,51.4535,64,machine,0.0,0.75,24.950000000000003,213.39219665527344,N,1.0,0.0
2026-09-27T02:33:57,mobilenet_v3_small_batch7_node_0_upload,e29af936-ffaa-4e6e-8eaf-42753982aeae,5b0fa12a-3dd7-45bb-9766-cc326314d9f1,5.078837797045708,3.3901818664954464e-05,6.675113484560326e-06,115.21151781120001,139.81104405930154,6.0,6.452059735883622e-05,7.816506253277566e-05,5.3681650509436925e-09,0.00014269102805666283,0.0,United Kingdom,GBR,england,,,Linux-6.4.0-150600.23.73_15.0.14-cray_shasta_c_64k-aarch64-with-glibc2.38,3.11.7,3.3.0,72,Neoverse-V2,1,1 x NVIDIA GH200 120GB,-2.5917,51.4535,64,machine,0.0,0.0,24.8,212.594482421875,N,1.0,0.0
2026-09-27T02:34:43,mobilenet_v3_small_batch7_node_1_upload,b68e47ca-521e-459f-a443-0f7200cd9375,5b0fa12a-3dd7-45bb-9766-cc326314d9f1,34.34626451693475,0.0005289133317072442,1.539944268019186e-05,115.2046642716,140.93938526681472,6.0,0.0010013149430061566,0.0012248454243319884,8.906943257898092e-09,0.0022261692742814028,0.0,United Kingdom,GBR,england,,,Linux-6.4.0-150600.23.73_15.0.14-cray_shasta_c_64k-aarch64-with-glibc2.38,3.11.7,3.3.0,72,Neoverse-V2,1,1 x NVIDIA GH200 120GB,-2.5917,51.4535,64,machine,2.006451612903226,0.0,24.0741935483871,206.25130339591735,N,1.0,0.0
2026-09-27T02:35:32,mobilenet_v3_small_batch7_node_2_upload,3567c82e-d774-41f9-9b58-56839ba24fe2,5b0fa12a-3dd7-45bb-9766-cc326314d9f1,38.30738339899108,0.0005948007217915116,1.5527051680777996e-05,115.20801057600005,140.50489591098057,6.0,0.001127966468335969,0.0013755094337426499,1.0041258453081052e-08,0.002503485943337072,0.0,United Kingdom,GBR,england,,,Linux-6.4.0-150600.23.73_15.0.14-cray_shasta_c_64k-aarch64-with-glibc2.38,3.11.7,3.3.0,72,Neoverse-V2,1,1 x NVIDIA GH200 120GB,-2.5917,51.4535,64,machine,1.3514285714285714,0.0,24.037142857142847,205.82569405691964,N,1.0,0.0
2026-09-27T02:36:01,mobilenet_v3_small_batch7_node_4_upload,1230f521-8896-448c-824f-2ea7c130ed5e,5b0fa12a-3dd7-45bb-9766-cc326314d9f1,4.134538606973365,1.8316546473617933e-05,4.4301307146400846e-06,115.2042467328,144.22580305012045,6.0,3.4289585864831654e-05,4.279836757348221e-05,5.457761775081356e-09,7.709341120008895e-05,0.0,United Kingdom,GBR,england,,,Linux-6.4.0-150600.23.73_15.0.14-cray_shasta_c_64k-aarch64-with-glibc2.38,3.11.7,3.3.0,72,Neoverse-V2,1,1 x NVIDIA GH200 120GB,-2.5917,51.4535,64,machine,0.0,0.0,24.9,212.93231201171875,N,1.0,0.0
2026-09-27T02:36:16,mobilenet_v3_small_batch7_node_0_exchange,7f049e58-bd35-415f-a547-f5a72b207451,5b0fa12a-3dd7-45bb-9766-cc326314d9f1,3.0909891210030764,1.0454101385580848e-07,3.382121701608682e-08,115.2010368,0.0,6.0,4.3442135124428576e-07,0.0,5.586451540390651e-09,4.400078027846764e-07,0.0,United Kingdom,GBR,england,,,Linux-6.4.0-150600.23.73_15.0.14-cray_shasta_c_64k-aarch64-with-glibc2.38,3.11.7,3.3.0,72,Neoverse-V2,1,1 x NVIDIA GH200 120GB,-2.5917,51.4535,64,machine,0,0,0,0,N,1.0,0.0
2026-09-27T02:39:23,mobilenet_v3_small_batch7_node_1_exchange,d6e4e162-73cf-45c3-ade1-da08bac07c2f,5b0fa12a-3dd7-45bb-9766-cc326314d9f1,9.435715888859704,0.00010749511753588062,1.1392364797968846e-05,115.20208707840001,141.43423615688306,6.0,0.000203243684045803,0.0002491885326918464,9.257976586620013e-09,0.000452441474714236,0.0,United Kingdom,GBR,england,,,Linux-6.4.0-150600.23.73_15.0.14-cray_shasta_c_64k-aarch64-with-glibc2.38,3.11.7,3.3.0,72,Neoverse-V2,1,1 x NVIDIA GH200 120GB,-2.5917,51.4535,64,machine,0.0,0.0,23.5,201.04963175455728,N,1.0,0.0
2026-09-27T02:39:31,mobilenet_v3_small_batch7_node_2_exchange,9c1b36ea-78f7-4e57-8d48-62e7a208ed83,5b0fa12a-3dd7-45bb-9766-cc326314d9f1,4.095501494128257,1.697248406132322e-05,4.144177235842e-06,115.203545856,138.91817535734418,6.0,3.244041346322037e-05,3.8990586745057954e-05,5.3207549111296735e-09,7.143632096318946e-05,0.0,United Kingdom,GBR,england,,,Linux-6.4.0-150600.23.73_15.0.14-cray_shasta_c_64k-aarch64-with-glibc2.38,3.11.7,3.3.0,72,Neoverse-V2,1,1 x NVIDIA GH200 120GB,-2.5917,51.4535,64,machine,0.0,0.0,23.7,202.6058349609375,N,1.0,0.0
2026-09-27T02:40:02,mobilenet_v3_small_batch7_node_3_exchange,c6a63fd8-0f37-4af6-a56f-f276ab3723c8,5b0fa12a-3dd7-45bb-9766-cc326314d9f1,3.0921243941411376,1.0351563003446795e-07,3.347718812044114e-08,115.2042467328,0.0,6.0,4.3024747595928194e-07,0.0,5.444538546726108e-09,4.3569201450600807e-07,0.0,United Kingdom,GBR,england,,,Linux-6.4.0-150600.23.73_15.0.14-cray_shasta_c_64k-aarch64-with-glibc2.38,3.11.7,3.3.0,72,Neoverse-V2,1,1 x NVIDIA GH200 120GB,-2.5917,51.4535,64,machine,0,0,0,0,N,1.0,0.0
2026-09-27T02:40:12,mobilenet_v3_small_batch7_node_4_exchange,07097b09-8bd4-470b-8d4a-d87bcca02907,5b0fa12a-3dd7-45bb-9766-cc326314d9f1,4.565188728971407,2.5217701236411287e-05,5.523912095106996e-06,115.202268,142.50479722575906,6.0,4.7505228421774144e-05,5.86247691387598e-05,1.002254313789308e-08,0.00010614002010367183,0.0,United Kingdom,GBR,england,,,Linux-6.4.0-150600.23.73_15.0.14-cray_shasta_c_64k-aarch64-with-glibc2.38,3.11.7,3.3.0,72,Neoverse-V2,1,1 x NVIDIA GH200 120GB,-2.5917,51.4535,64,machine,0.0,0.0,25.6,219.28839111328125,N,1.0,0.0
2026-09-27T02:40:24,mobilenet_v3_small_batch7_node_5_exchange,d643d340-2ac0-4932-979a-73e2f93304c8,5b0fa12a-3dd7-45bb-9766-cc326314d9f1,4.10371481301263,1.696963754375218e-05,4.135189289943466e-06,115.20211248000001,138.53519503756812,6.0,3.248739671771192e-05,3.893142003619232e-05,5.5233618089308346e-09,7.142434011571318e-05,0.0,United Kingdom,GBR,england,,,Linux-6.4.0-150600.23.73_15.0.14-cray_shasta_c_64k-aarch64-with-glibc2.38,3.11.7,3.3.0,72,Neoverse-V2,1,1 x NVIDIA GH200 120GB,-2.5917,51.4535,64,machine,0.0,0.0,23.5,200.9903564453125,N,1.0,0.0
2026-09-27T02:40:53,mobilenet_v3_small_batch7_node_0_evaluate,463023d7-d11d-4527-b8e4-1db46273483e,5b0fa12a-3dd7-45bb-9766-cc326314d9f1,27.96144782891497,0.00042868472928707184,1.5331277976377474e-05,115.58446287416473,141.69196556011033,6.0,0.0007983673814338148,0.0009744552240107396,3.148958614290071e-05,0.001804312191587455,0.0,United Kingdom,GBR,england,,,Linux-6.4.0-150600.23.73_15.0.14-cray_shasta_c_64k-aarch64-with-glibc2.38,3.11.7,3.3.0,72,Neoverse-V2,1,1 x NVIDIA GH200 120GB,-2.5917,51.4535,64,machine,1.4625000000000001,0.125,24.325000000000003,208.306396484375,N,1.0,0.0
2026-09-27T02:41:22,mobilenet_v3_small_batch7_node_1_evaluate,30b2dded-590e-487f-b3e7-3a7e3cc242ee,5b0fa12a-3dd7-45bb-9766-cc326314d9f1,13.654702302068472,0.000181320124550838,1.3278951129045915e-05,115.54234913828574,142.2725092535215,6.0,0.0003399352778631149,0.00041690338908040303,6.328502205045272e-06,0.0007631671691485632,0.0,United Kingdom,GBR,england,,,Linux-6.4.0-150600.23.73_15.0.14-cray_shasta_c_64k-aarch64-with-glibc2.38,3.11.7,3.3.0,72,Neoverse-V2,1,1 x NVIDIA GH200 120GB,-2.5917,51.4535,64,machine,0.8300000000000001,0.3,25.199999999999996,215.68088989257814,N,1.0,0.0
2026-09-27T02:41:36,mobilenet_v3_small_batch7_node_2_evaluate,143de6f4-17d5-4ce6-9b14-7d3cdeb96cfc,5b0fa12a-3dd7-45bb-9766-cc326314d9f1,13.569056659005582,0.0001802650320801109,1.3285008428384126e-05,115.48791128777144,143.2025654403326,6.0,0.0003372826232453381,0.0004146919984293618,6.751717003062368e-06,0.0007587263386777624,0.0,United Kingdom,GBR,england,,,Linux-6.4.0-150600.23.73_15.0.14-cray_shasta_c_64k-aarch64-with-glibc2.38,3.11.7,3.3.0,72,Neoverse-V2,1,1 x NVIDIA GH200 120GB,-2.5917,51.4535,64,machine,0.0,0.4,23.490000000000002,201.03709106445314,N,1.0,0.0
2026-09-27T02:42:41,mobilenet_v3_small_batch7_node_3_evaluate,b34db996-ad8c-4fb5-8019-f11814285226,5b0fa12a-3dd7-45bb-9766-cc326314d9f1,6.905105582904071,6.706411639189225e-05,9.712250679834962e-06,115.52572990080003,71.63353121862457,6.0,0.00012375251315652953,0.00015213984391948543,6.377093074843288e-06,0.00028226945015085824,0.0,United Kingdom,GBR,england,,,Linux-6.4.0-150600.23.73_15.0.14-cray_shasta_c_64k-aarch64-with-glibc2.38,3.11.7,3.3.0,72,Neoverse-V2,1,1 x NVIDIA GH200 120GB,-2.5917,51.4535,64,machine,0.0,1.0,24.666666666666668,211.25223795572916,N,1.0,0.0
2026-09-27T02:43:06,mobilenet_v3_small_batch7_node_4_evaluate,c53c36cf-c19e-4a1c-a676-3fe33868d2e8,5b0fa12a-3dd7-45bb-9766-cc326314d9f1,15.828654029872268,0.00021859043026573432,1.3809792661663113e-05,115.59226278240001,142.18898878713162,6.0,0.0004097453211356057,0.0005040367921225197,6.2538743748640015e-06,0.0009200359876329894,0.0,United Kingdom,GBR,england,,,Linux-6.4.0-150600.23.73_15.0.14-cray_shasta_c_64k-aarch64-with-glibc2.38,3.11.7,3.3.0,72,Neoverse-V2,1,1 x NVIDIA GH200 120GB,-2.5917,51.4535,64,machine,1.0166666666666666,0.16666666666666666,25.025000000000002,214.4415486653646,N,1.0,0.0
2026-09-27T02:45:42,mobilenet_v3_small_batch7_node_5_evaluate,56c1b305-064a-4ee8-81f6-a30d32f42852,5b0fa12a-3dd7-45bb-9766-cc326314d9f1,9.805442600976676,0.00011608920599372558,1.183926220547785e-05,115.73798554080001,141.24855651532545,6.0,0.0002172578126800559,0.00026514743433381227,6.208308301089952e-06,0.0004886135553149581,0.0,United Kingdom,GBR,england,,,Linux-6.4.0-150600.23.73_15.0.14-cray_shasta_c_64k-aarch64-with-glibc2.38,3.11.7,3.3.0,72,Neoverse-V2,1,1 x NVIDIA GH200 120GB,-2.5917,51.4535,64,machine,0.0,0.3333333333333333,24.33333333333334,208.48200480143228,N,1.0,0.0
2026-09-27T02:45:58,efficientnet_lite0_batch7_node_0_local_train,de782a39-d31a-4583-8af4-9375ec6b13f2,5b0fa12a-3dd7-45bb-9766-cc326314d9f1,6.792447148123756,7.66959307852043e-05,1.1291354811113937e-05,126.41141321280001,84.36837206588422,6.0,0.0001418182078572654,0.00017477097314611,6.220085356617346e-06,0.00032280926635999273,0.0,United Kingdom,GBR,england,,,Linux-6.4.0-150600.23.73_15.0.14-cray_shasta_c_64k-aarch64-with-glibc2.38,3.11.7,3.3.0,72,Neoverse-V2,1,1 x NVIDIA GH200 120GB,-2.5917,51.4535,64,machine,28.900000000000002,7.666666666666667,25.7,220.29986572265625,N,1.0,0.0
2026-09-27T02:46:06,efficientnet_lite0_batch7_node_0_evaluate,5bdc3e24-1444-4fc3-9b1d-0439f6ad4506,5b0fa12a-3dd7-45bb-9766-cc326314d9f1,6.899935262976214,6.975332095462656e-05,1.010927179692686e-05,115.50589747200002,76.85113494947723,6.0,0.00012379628120053618,0.00016340763073685594,6.3842632501230895e-06,0.0002935881751875152,0.0,United Kingdom,GBR,england,,,Linux-6.4.0-150600.23.73_15.0.14-cray_shasta_c_64k-aarch64-with-glibc2.38,3.11.7,3.3.0,72,Neoverse-V2,1,1 x NVIDIA GH200 120GB,-2.5917,51.4535,64,machine,21.366666666666664,2.6666666666666665,25.399999999999995,217.61808268229166,N,1.0,0.0
2026-09-27T02:47:00,efficientnet_lite0_batch7_node_1_local_train,08a7c8c5-f671-49a3-9f6a-c65b9d57aade,5b0fa12a-3dd7-45bb-9766-cc326314d9f1,17.17660883697681,0.00024746620523161616,1.4407163112365067e-05,115.34940927988366,156.1377671081048,6.0,0.0004522502627716292,0.0005828396329405905,6.482758036969851e-06,0.0010415726537491895,0.0,United Kingdom,GBR,england,,,Linux-6.4.0-150600.23.73_15.0.14-cray_shasta_c_64k-aarch64-with-glibc2.38,3.11.7,3.3.0,72,Neoverse-V2,1,1 x NVIDIA GH200 120GB,-2.5917,51.4535,64,machine,2.1,3.642857142857143,25.557142857142857,218.8680899483817,N,1.0,0.0
2026-09-27T02:49:11,efficientnet_lite0_batch7_node_1_evaluate,901c8897-fa78-4e09-babd-4e1ffd9f1e55,5b0fa12a-3dd7-45bb-9766-cc326314d9f1,129.89887611218728,0.0022410310674098257,1.7252120530083395e-05,115.2664732754017,141.51790211000008,6.0,0.004157398777311426,0.005071082945747207,0.00020390389837091787,0.009432385621429552,0.0,United Kingdom,GBR,england,,,Linux-6.4.0-150600.23.73_15.0.14-cray_shasta_c_64k-aarch64-with-glibc2.38,3.11.7,3.3.0,72,Neoverse-V2,1,1 x NVIDIA GH200 120GB,-2.5917,51.4535,64,machine,1.7945736434108528,0.08527131782945736,25.110852713178293,215.0111358406008,N,1.0,0.0
2026-09-27T02:49:35,efficientnet_lite0_batch7_node_2_local_train,343f19db-a519-47a9-b41b-203597e8fd1b,5b0fa12a-3dd7-45bb-9766-cc326314d9f1,9.23379873088561,0.00011680767353486499,1.2650012951242008e-05,115.36272152640001,155.42374474713293,6.0,0.00019828245152408313,0.0002847874500417902,8.56764703639783e-06,0.0004916375486022711,0.0,United Kingdom,GBR,england,,,Linux-6.4.0-150600.23.73_15.0.14-cray_shasta_c_64k-aarch64-with-glibc2.38,3.11.7,3.3.0,72,Neoverse-V2,1,1 x NVIDIA GH200 120GB,-2.5917,51.4535,64,machine,14.416666666666666,9.833333333333334,24.03333333333333,205.94683837890625,N,1.0,0.0
2026-09-27T02:49:51,efficientnet_lite0_batch7_node_2_evaluate,d6ab03da-2bc6-4f3e-aabf-ae14c5fb8f1b,5b0fa12a-3dd7-45bb-9766-cc326314d9f1,12.97269395715557,0.00017175735927058215,1.3239914534162197e-05,115.65482646034286,145.7547516016792,6.0,0.0003185682495524188,0.00039784059606517985,6.50913152184027e-06,0.0007229179771394389,0.0,United Kingdom,GBR,england,,,Linux-6.4.0-150600.23.73_15.0.14-cray_shasta_c_64k-aarch64-with-glibc2.38,3.11.7,3.3.0,72,Neoverse-V2,1,1 x NVIDIA GH200 120GB,-2.5917,51.4535,64,machine,9.866666666666667,1.3333333333333333,25.577777777777772,219.03812662760416,N,1.0,0.0
2026-09-27T02:50:03,efficientnet_lite0_batch7_node_3_local_train,dab000ed-38e7-4c46-bc46-2bb7ef84b976,5b0fa12a-3dd7-45bb-9766-cc326314d9f1,11.765090411994606,0.0001579705181425325,1.3427055178554367e-05,115.38142579584002,155.70411868990732,6.0,0.00027941666463726135,0.0003779789134910061,7.494286901395147e-06,0.0006648898650296626,0.0,United Kingdom,GBR,england,,,Linux-6.4.0-150600.23.73_15.0.14-cray_shasta_c_64k-aarch64-with-glibc2.38,3.11.7,3.3.0,72,Neoverse-V2,1,1 x NVIDIA GH200 120GB,-2.5917,51.4535,64,machine,0.0,5.75,25.450000000000003,217.71167755126953,N,1.0,0.0
2026-09-27T02:50:38,efficientnet_lite0_batch7_node_3_evaluate,e90e8d92-8a6e-43b5-a8c3-7b43ac246ff9,5b0fa12a-3dd7-45bb-9766-cc326314d9f1,30.7173652369529,0.00047638768507253434,1.5508741762117062e-05,115.41784290945884,143.31013036997857,6.0,0.0008861831275858024,0.001087293925394306,3.1614449877912795e-05,0.002005091502858021,0.0,United Kingdom,GBR,england,,,Linux-6.4.0-150600.23.73_15.0.14-cray_shasta_c_64k-aarch64-with-glibc2.38,3.11.7,3.3.0,72,Neoverse-V2,1,1 x NVIDIA GH200 120GB,-2.5917,51.4535,64,machine,0.9,0.5925925925925926,24.459259259259255,209.48297797309027,N,1.0,0.0
2026-09-27T02:50:52,efficientnet_lite0_batch7_node_4_local_train,a8ad86c7-170e-4ff9-9dfe-f0077557407c,5b0fa12a-3dd7-45bb-9766-cc326314d9f1,7.37189718009904,8.077784960169985e-05,1.095753882999961e-05,115.43039134560001,154.60445320506193,6.0,0.00013879259828615407,0.00019568098986155746,5.516266608610749e-06,0.00033998985475632227,0.0,United Kingdom,GBR,england,,,Linux-6.4.0-150600.23.73_15.0.14-cray_shasta_c_64k-aarch64-with-glibc2.38,3.11.7,3.3.0,72,Neoverse-V2,1,1 x NVIDIA GH200 120GB,-2.5917,51.4535,64,machine,0.0,8.5,25.775000000000002,220.990966796875,N,1.0,0.0
2026-09-27T02:51:04,efficientnet_lite0_batch7_node_4_evaluate,728b83b6-81ee-4c3a-a17b-ce649930bcd4,5b0fa12a-3dd7-45bb-9766-cc326314d9f1,6.873570903902873,6.86001117122876e-05,9.980272651779275e-06,115.44089905440002,75.34145770788973,6.0,0.00012293300312961103,0.0001594470720078789,6.354301084841912e-06,0.00028873437622233184,0.0,United Kingdom,GBR,england,,,Linux-6.4.0-150600.23.73_15.0.14-cray_shasta_c_64k-aarch64-with-glibc2.38,3.11.7,3.3.0,72,Neoverse-V2,1,1 x NVIDIA GH200 120GB,-2.5917,51.4535,64,machine,0.0,4.0,25.600000000000005,218.96551513671875,N,1.0,0.0
2026-09-27T02:51:20,efficientnet_lite0_batch7_node_5_local_train,4cab53ce-1de6-4262-a936-69aa2271b3dc,5b0fa12a-3dd7-45bb-9766-cc326314d9f1,7.440520678879693,8.208611243707652e-05,1.1032307546712725e-05,115.3066552272,157.5099270714346,6.0,0.00014076529574937301,0.00019921127049826737,5.519700149695079e-06,0.00034549626639733544,0.0,United Kingdom,GBR,england,,,Linux-6.4.0-150600.23.73_15.0.14-cray_shasta_c_64k-aarch64-with-glibc2.38,3.11.7,3.3.0,72,Neoverse-V2,1,1 x NVIDIA GH200 120GB,-2.5917,51.4535,64,machine,0.0,11.75,23.975,205.1554718017578,N,1.0,0.0
2026-09-27T02:52:16,efficientnet_lite0_batch7_node_5_evaluate,c5818773-1720-43e0-85d5-8351e265f797,5b0fa12a-3dd7-45bb-9766-cc326314d9f1,6.851348418043926,6.854714954209285e-05,1.0004913684080776e-05,115.41528270720002,76.09115556944472,6.0,0.00012215784061312765,0.0001600384613738015,6.315159158548341e-06,0.0002885114611454775,0.0,United Kingdom,GBR,england,,,Linux-6.4.0-150600.23.73_15.0.14-cray_shasta_c_64k-aarch64-with-glibc2.38,3.11.7,3.3.0,72,Neoverse-V2,1,1 x NVIDIA GH200 120GB,-2.5917,51.4535,64,machine,0.0,4.0,24.333333333333332,208.4979248046875,N,1.0,0.0
2026-09-27T02:52:29,efficientnet_lite0_batch7_node_0_upload,154d36de-4467-4b20-91ce-d72c2595dcee,5b0fa12a-3dd7-45bb-9766-cc326314d9f1,9.671852209838107,0.00011131695635361977,1.1509373172636914e-05,115.20388014994286,140.38464998297573,6.0,0.00021126565224648393,0.0002572560391342904,5.708261548231046e-09,0.00046852739964232254,0.0,United Kingdom,GBR,england,,,Linux-6.4.0-150600.23.73_15.0.14-cray_shasta_c_64k-aarch64-with-glibc2.38,3.11.7,3.3.0,72,Neoverse-V2,1,1 x NVIDIA GH200 120GB,-2.5917,51.4535,64,machine,2.8333333333333335,0.0,24.0,205.44149780273438,N,1.0,0.0
2026-09-27T02:52:45,efficientnet_lite0_batch7_node_1_upload,a1174ec6-ca42-4b94-8ce5-4428390e3930,5b0fa12a-3dd7-45bb-9766-cc326314d9f1,9.525278143119067,0.00010924393368179392,1.1468844483109427e-05,115.20831824640001,141.1411837691948,6.0,0.00020669903374221567,0.0002530971469099086,5.972148695339759e-09,0.00045980215280081956,0.0,United Kingdom,GBR,england,,,Linux-6.4.0-150600.23.73_15.0.14-cray_shasta_c_64k-aarch64-with-glibc2.38,3.11.7,3.3.0,72,Neoverse-V2,1,1 x NVIDIA GH200 120GB,-2.5917,51.4535,64,machine,9.083333333333334,0.0,25.583333333333332,219.10770670572916,N,1.0,0.0
2026-09-27T02:53:01,efficientnet_lite0_batch7_node_4_upload,5ca2e7fd-6c5a-48a4-9658-28f6f16a56ab,5b0fa12a-3dd7-45bb-9766-cc326314d9f1,4.132402895018458,1.832065856184131e-05,4.433415382591701e-06,115.20387296640001,145.85823707226618,6.0,3.4212705082632535e-05,4.2892534324323606e-05,5.4793630260974165e-09,7.711071876998224e-05,0.0,United Kingdom,GBR,england,,,Linux-6.4.0-150600.23.73_15.0.14-cray_shasta_c_64k-aarch64-with-glibc2.38,3.11.7,3.3.0,72,Neoverse-V2,1,1 x NVIDIA GH200 120GB,-2.5917,51.4535,64,machine,0.0,0.0,26.0,222.9962158203125,N,1.0,0.0
2026-09-27T02:53:07,efficientnet_lite0_batch7_node_5_upload,8db8b057-167c-4056-9a99-d6b02da63434,5b0fa12a-3dd7-45bb-9766-cc326314d9f1,4.085334196919575,1.7957788825877696e-05,4.395671923099519e-06,115.20317208960002,152.40438013405966,6.0,3.274499499840094e-05,4.283308982167e-05,5.333713100602229e-09,7.558341853317155e-05,0.0,United Kingdom,GBR,england,,,Linux-6.4.0-150600.23.73_15.0.14-cray_shasta_c_64k-aarch64-with-glibc2.38,3.11.7,3.3.0,72,Neoverse-V2,1,1 x NVIDIA GH200 120GB,-2.5917,51.4535,64,machine,0.0,0.0,26.2,224.2845458984375,N,1.0,0.0
2026-09-27T02:53:29,mobilevit_xxs_batch7_node_0_local_train,831970d4-7b3b-42b5-baab-957c8ba20d05,5b0fa12a-3dd7-45bb-9766-cc326314d9f1,8.895773265045136,0.00010792343277384034,1.2131990053963313e-05,115.42497592320001,79.51810870836026,6.0,0.00018728085936282706,0.00025725103914453484,9.712333228283872e-06,0.0004542442317356458,0.0,United Kingdom,GBR,england,,,Linux-6.4.0-150600.23.73_15.0.14-cray_shasta_c_64k-aarch64-with-glibc2.38,3.11.7,3.3.0,72,Neoverse-V2,1,1 x NVIDIA GH200 120GB,-2.5917,51.4535,64,machine,0.0,6.6,25.140000000000004,215.5432861328125,N,1.0,0.0
2026-09-27T02:53:43,mobilevit_xxs_batch7_node_0_evaluate,7711baf3-22c8-41c2-81eb-914878ea60c8,5b0fa12a-3dd7-45bb-9766-cc326314d9f1,7.107724660076201,7.296453935689919e-05,1.026552699301058e-05,115.55090413056001,75.67821534982093,6.0,0.00013061887753508766,0.00016974652469059492,6.7386276616404454e-06,0.000307104029887323,0.0,United Kingdom,GBR,england,,,Linux-6.4.0-150600.23.73_15.0.14-cray_shasta_c_64k-aarch64-with-glibc2.38,3.11.7,3.3.0,72,Neoverse-V2,1,1 x NVIDIA GH200 120GB,-2.5917,51.4535,64,machine,17.575000000000003,4.0,25.6,219.32212829589844,N,1.0,0.0
2026-09-27T02:53:58,mobilevit_xxs_batch7_node_1_local_train,fec77c5d-bf4b-4546-b6cf-57e9c41cccf5,5b0fa12a-3dd7-45bb-9766-cc326314d9f1,14.017186583951116,0.0001957609661749998,1.396578157838999e-05,115.27532799305143,150.62824625380298,6.0,0.00035123597385588675,0.00046244175885590266,1.0270203324810911e-05,0.0008239479360366002,0.0,United Kingdom,GBR,england,,,Linux-6.4.0-150600.23.73_15.0.14-cray_shasta_c_64k-aarch64-with-glibc2.38,3.11.7,3.3.0,72,Neoverse-V2,1,1 x NVIDIA GH200 120GB,-2.5917,51.4535,64,machine,4.62,5.3,25.589999999999996,219.38733520507813,N,1.0,0.0
2026-09-27T02:54:24,mobilevit_xxs_batch7_node_1_evaluate,bac2092d-c3dd-4de4-83d3-339dd0b372ae,5b0fa12a-3dd7-45bb-9766-cc326314d9f1,24.3449150219094,0.00036947084293986163,1.5176509862833917e-05,115.34038446720001,97.07555546026701,6.0,0.0006820282844758116,0.0008413115063774512,3.17441690096166e-05,0.0015550839598628794,0.0,United Kingdom,GBR,england,,,Linux-6.4.0-150600.23.73_15.0.14-cray_shasta_c_64k-aarch64-with-glibc2.38,3.11.7,3.3.0,72,Neoverse-V2,1,1 x NVIDIA GH200 120GB,-2.5917,51.4535,64,machine,1.0761904761904764,0.38095238095238093,24.428571428571427,209.15101260230654,N,1.0,0.0
2026-09-27T02:54:42,mobilevit_xxs_batch7_node_2_local_train,eb959c0b-63ac-4304-aac3-cc9727a3e85a,5b0fa12a-3dd7-45bb-9766-cc326314d9f1,15.237678760895506,0.00021892902845877974,1.4367610178304708e-05,115.33661119872002,150.2108772035919,6.0,0.0003905368149339115,0.0005179712477030307,1.2953067544925337e-05,0.0009214611301818676,0.0,United Kingdom,GBR,england,,,Linux-6.4.0-150600.23.73_15.0.14-cray_shasta_c_64k-aarch64-with-glibc2.38,3.11.7,3.3.0,72,Neoverse-V2,1,1 x NVIDIA GH200 120GB,-2.5917,51.4535,64,machine,0.0,9.25,25.783333333333335,220.8261973063151,N,1.0,0.0
2026-09-27T02:54:55,mobilevit_xxs_batch7_node_2_evaluate,270f22d3-b589-4ca3-bb07-ca32df7bc744,5b0fa12a-3dd7-45bb-9766-cc326314d9f1,8.160027370089665,9.018445916852318e-05,1.1051979984661767e-05,115.37490955968,144.30599772793238,6.0,0.00016382067306776568,0.00020894377826152777,6.817343991715461e-06,0.0003795817953210089,0.0,United Kingdom,GBR,england,,,Linux-6.4.0-150600.23.73_15.0.14-cray_shasta_c_64k-aarch64-with-glibc2.38,3.11.7,3.3.0,72,Neoverse-V2,1,1 x NVIDIA GH200 120GB,-2.5917,51.4535,64,machine,25.0,2.4,25.640000000000004,219.48941650390626,N,1.0,0.0
2026-09-27T02:55:07,mobilevit_xxs_batch7_node_3_local_train,ce880beb-cde3-4bec-bb82-038772ce2726,5b0fa12a-3dd7-45bb-9766-cc326314d9f1,11.59048963105306,0.00015591253243574536,1.3451764109949844e-05,115.284128544,150.9151440515853,6.0,0.0002737053633300969,0.00037058974092474273,1.1932803753297778e-05,0.0006562279080081374,0.0,United Kingdom,GBR,england,,,Linux-6.4.0-150600.23.73_15.0.14-cray_shasta_c_64k-aarch64-with-glibc2.38,3.11.7,3.3.0,72,Neoverse-V2,1,1 x NVIDIA GH200 120GB,-2.5917,51.4535,64,machine,0.0,10.875,24.912499999999998,213.34890747070312,N,1.0,0.0
2026-09-27T02:56:24,mobilevit_xxs_batch7_node_3_evaluate,287ec783-9f0c-4df6-971e-802a9a337d2b,5b0fa12a-3dd7-45bb-9766-cc326314d9f1,13.375638661207631,0.0001781057535110434,1.3315682190757011e-05,115.45978088941715,144.98174949423208,6.0,0.0003309507578194019,0.0004120475518618605,6.639735476734737e-06,0.0007496380451579972,0.0,United Kingdom,GBR,england,,,Linux-6.4.0-150600.23.73_15.0.14-cray_shasta_c_64k-aarch64-with-glibc2.38,3.11.7,3.3.0,72,Neoverse-V2,1,1 x NVIDIA GH200 120GB,-2.5917,51.4535,64,machine,3.2700000000000005,1.4,24.919999999999995,213.56668701171876,N,1.0,0.0
2026-09-27T02:57:36,mobilevit_xxs_batch7_node_4_local_train,cd3d2a8d-10a8-47da-9d4e-a71f918b2128,5b0fa12a-3dd7-45bb-9766-cc326314d9f1,64.01843359298073,0.0010417771363910708,1.627308070382553e-05,115.29116035457143,115.1527771014465,6.0,0.0019509512793411793,0.002400145531225917,3.36900961965633e-05,0.004384786906763658,0.0,United Kingdom,GBR,england,,,Linux-6.4.0-150600.23.73_15.0.14-cray_shasta_c_64k-aarch64-with-glibc2.38,3.11.7,3.3.0,72,Neoverse-V2,1,1 x NVIDIA GH200 120GB,-2.5917,51.4535,64,machine,1.6766666666666667,0.45,25.260000000000005,216.32219746907552,N,1.0,0.0
2026-09-27T02:57:44,mobilevit_xxs_batch7_node_4_evaluate,12fc715d-8182-4a3a-8890-8acac5df286b,5b0fa12a-3dd7-45bb-9766-cc326314d9f1,6.974542643874884,6.983698941876416e-05,1.001312816978698e-05,115.33860279360002,74.38363587475072,6.0,0.00012594830522167055,0.00016146957362650483,6.5224526434515915e-06,0.000293940331491627,0.0,United Kingdom,GBR,england,,,Linux-6.4.0-150600.23.73_15.0.14-cray_shasta_c_64k-aarch64-with-glibc2.38,3.11.7,3.3.0,72,Neoverse-V2,1,1 x NVIDIA GH200 120GB,-2.5917,51.4535,64,machine,21.166666666666668,2.6666666666666665,25.899999999999995,221.81182861328125,N,1.0,0.0
2026-09-27T02:57:57,mobilevit_xxs_batch7_node_5_local_train,06be5553-5666-4f5b-b2da-1c59d20cd071,5b0fa12a-3dd7-45bb-9766-cc326314d9f1,9.208243615925312,0.00011179057045294648,1.2140270730849135e-05,115.2846523008,148.2326728224204,6.0,0.00019731360947198843,0.0002646349339272547,8.572273864798869e-06,0.000470520817264042,0.0,United Kingdom,GBR,england,,,Linux-6.4.0-150600.23.73_15.0.14-cray_shasta_c_64k-aarch64-with-glibc2.38,3.11.7,3.3.0,72,Neoverse-V2,1,1 x NVIDIA GH200 120GB,-2.5917,51.4535,64,machine,0.0,7.5,26.0,222.3654988606771,N,1.0,0.0
2026-09-27T02:58:09,mobilevit_xxs_batch7_node_5_evaluate,95099808-6a42-47f4-b76f-fb636837f43a,5b0fa12a-3dd7-45bb-9766-cc326314d9f1,6.965660725021735,6.973941283737758e-05,1.0011887685953865e-05,115.331613984,74.48742090652922,6.0,0.00012567397246753955,0.00016134762907427103,6.50803508857886e-06,0.0002935296366303894,0.0,United Kingdom,GBR,england,,,Linux-6.4.0-150600.23.73_15.0.14-cray_shasta_c_64k-aarch64-with-glibc2.38,3.11.7,3.3.0,72,Neoverse-V2,1,1 x NVIDIA GH200 120GB,-2.5917,51.4535,64,machine,0.0,4.0,24.100000000000005,206.56026204427084,N,1.0,0.0
2026-09-27T02:58:25,mobilevit_xxs_batch7_node_0_upload,1db78e39-9329-4800-92c4-7e89e269de47,5b0fa12a-3dd7-45bb-9766-cc326314d9f1,4.079698419896886,1.70179442345052e-05,4.171373097459329e-06,115.21064689920001,138.77995327679182,6.0,3.254582856308291e-05,3.9076420165429226e-05,5.411788200338681e-09,7.162766051671248e-05,0.0,United Kingdom,GBR,england,,,Linux-6.4.0-150600.23.73_15.0.14-cray_shasta_c_64k-aarch64-with-glibc2.38,3.11.7,3.3.0,72,Neoverse-V2,1,1 x NVIDIA GH200 120GB,-2.5917,51.4535,64,machine,0.0,0.0,25.9,221.777099609375,N,1.0,0.0
2026-09-27T02:58:38,mobilevit_xxs_batch7_node_4_upload,0e9183d4-1f39-490b-a2d9-e8982cdad381,5b0fa12a-3dd7-45bb-9766-cc326314d9f1,4.080629070987925,1.699872064378361e-05,4.1657108127370665e-06,115.2078242112,138.95708739717836,6.0,3.249722223899618e-05,3.904392012543667e-05,5.607038037851453e-09,7.15467494024707e-05,0.0,United Kingdom,GBR,england,,,Linux-6.4.0-150600.23.73_15.0.14-cray_shasta_c_64k-aarch64-with-glibc2.38,3.11.7,3.3.0,72,Neoverse-V2,1,1 x NVIDIA GH200 120GB,-2.5917,51.4535,64,machine,0.0,0.0,25.7,219.9703369140625,N,1.0,0.0
2026-09-27T02:59:12,mobilevit_xxs_batch7_node_0_exchange,af9c4e08-6ed9-4571-9aab-b0037d1f6458,5b0fa12a-3dd7-45bb-9766-cc326314d9f1,30.107187927002087,0.00046093891314255754,1.5309929119257184e-05,115.20399399724803,140.0143924610819,6.0,0.0008649331688113203,0.0010501219512093485,2.5013288628542795e-05,0.0019400684086492116,0.0,United Kingdom,GBR,england,,,Linux-6.4.0-150600.23.73_15.0.14-cray_shasta_c_64k-aarch64-with-glibc2.38,3.11.7,3.3.0,72,Neoverse-V2,1,1 x NVIDIA GH200 120GB,-2.5917,51.4535,64,machine,2.7370370370370374,0.0,24.888888888888886,213.1707447193287,N,1.0,0.0
2026-09-27T02:59:29,mobilevit_xxs_batch7_node_2_exchange,90553d95-69a7-4fe6-b602-d27f371c5781,5b0fa12a-3dd7-45bb-9766-cc326314d9f1,9.234729351010174,0.0001040551492200341,1.1267807129469545e-05,115.20644771108572,141.22943795533845,6.0,0.00019681590723632765,0.00024114158179600054,5.33424667082727e-09,0.00043796282327899903,0.0,United Kingdom,GBR,england,,,Linux-6.4.0-150600.23.73_15.0.14-cray_shasta_c_64k-aarch64-with-glibc2.38,3.11.7,3.3.0,72,Neoverse-V2,1,1 x NVIDIA GH200 120GB,-2.5917,51.4535,64,machine,7.533333333333334,0.0,25.8,220.98635864257812,N,1.0,0.0
2026-09-27T02:59:37,mobilevit_xxs_batch7_node_3_exchange,6443a188-82a2-4b0f-ba71-ec01d1c7b222,5b0fa12a-3dd7-45bb-9766-cc326314d9f1,6.142099920893088,5.1924813424439655e-05,8.453918707478396e-06,115.203407184,142.51458813973576,6.0,9.792423630610876e-05,0.0001206192631570957,5.395580083131791e-09,0.00021854889504328758,0.0,United Kingdom,GBR,england,,,Linux-6.4.0-150600.23.73_15.0.14-cray_shasta_c_64k-aarch64-with-glibc2.38,3.11.7,3.3.0,72,Neoverse-V2,1,1 x NVIDIA GH200 120GB,-2.5917,51.4535,64,machine,0.0,0.0,25.833333333333332,221.0672403971354,N,1.0,0.0
2026-09-27T02:59:51,mobilevit_xxs_batch7_node_5_exchange,839c04a1-ff5d-406f-b440-0311a5949997,5b0fa12a-3dd7-45bb-9766-cc326314d9f1,6.0943014291115105,5.065410600095451e-05,8.311716542110616e-06,115.2021951648,139.4378986757431,6.0,9.650869122391866e-05,0.0001166862044641448,5.656530071670811e-09,0.00021320055221813513,0.0,United Kingdom,GBR,england,,,Linux-6.4.0-150600.23.73_15.0.14-cray_shasta_c_64k-aarch64-with-glibc2.38,3.11.7,3.3.0,72,Neoverse-V2,1,1 x NVIDIA GH200 120GB,-2.5917,51.4535,64,machine,0.0,0.0,24.599999999999998,210.527099609375,N,1.0,0.0
2026-09-27T03:00:07,mobilevit_xxs_batch7_node_0_evaluate,8346d9c5-8762-4963-9656-8d18e5d8dcf6,5b0fa12a-3dd7-45bb-9766-cc326314d9f1,6.962245531147346,6.967532193862052e-05,1.000759332989774e-05,115.3098413136,74.50985159692411,6.0,0.00012546279511392507,0.0001612973512692406,6.499734918664521e-06,0.00029325988130183016,0.0,United Kingdom,GBR,england,,,Linux-6.4.0-150600.23.73_15.0.14-cray_shasta_c_64k-aarch64-with-glibc2.38,3.11.7,3.3.0,72,Neoverse-V2,1,1 x NVIDIA GH200 120GB,-2.5917,51.4535,64,machine,0.0,2.6666666666666665,24.766666666666666,211.99835205078125,N,1.0,0.0
2026-09-27T03:00:55,mobilevit_xxs_batch7_node_2_evaluate,b15297a6-776d-458b-ae50-aec975e01452,5b0fa12a-3dd7-45bb-9766-cc326314d9f1,11.208687498001382,0.00014182248151374074,1.2652907090061086e-05,115.36271870976,145.3668434006599,6.0,0.0002614173446040116,0.0003288191519317252,6.687104783098524e-06,0.0005969236013188353,0.0,United Kingdom,GBR,england,,,Linux-6.4.0-150600.23.73_15.0.14-cray_shasta_c_64k-aarch64-with-glibc2.38,3.11.7,3.3.0,72,Neoverse-V2,1,1 x NVIDIA GH200 120GB,-2.5917,51.4535,64,machine,0.0,2.0,24.187499999999996,206.96971893310547,N,1.0,0.0
2026-09-27T03:02:32,mobilevit_xxs_batch7_node_3_evaluate,f599c22f-e9d9-40a9-bcc0-95980b48501d,5b0fa12a-3dd7-45bb-9766-cc326314d9f1,85.76838034717366,0.001428015875172938,1.6649677531423685e-05,115.24474957659432,141.75830869191972,6.0,0.0026472470199937087,0.003238929257804557,0.0001242698083965418,0.0060104460861948065,0.0,United Kingdom,GBR,england,,,Linux-6.4.0-150600.23.73_15.0.14-cray_shasta_c_64k-aarch64-with-glibc2.38,3.11.7,3.3.0,72,Neoverse-V2,1,1 x NVIDIA GH200 120GB,-2.5917,51.4535,64,machine,1.3146341463414632,0.14634146341463414,25.567073170731714,218.9501521412919,N,1.0,0.0
2026-09-27T03:02:52,mobilevit_xxs_batch7_node_5_evaluate,64ddabc8-e23b-4871-ace1-81d01eaaa161,5b0fa12a-3dd7-45bb-9766-cc326314d9f1,6.9374074609950185,6.962272480099137e-05,1.0035841947073053e-05,115.3411334928,75.14368088762355,6.0,0.00012483744938936945,0.0001617384627223828,6.462590516700099e-06,0.00029303850262845234,0.0,United Kingdom,GBR,england,,,Linux-6.4.0-150600.23.73_15.0.14-cray_shasta_c_64k-aarch64-with-glibc2.38,3.11.7,3.3.0,72,Neoverse-V2,1,1 x NVIDIA GH200 120GB,-2.5917,51.4535,64,machine,0.0,2.6666666666666665,24.2,207.39111328125,N,1.0,0.0
2026-09-27T03:03:30,mobilenet_v3_small_batch8_node_0_local_train,2b587785-ff28-45b0-8fad-1a23ac6caf8e,5b0fa12a-3dd7-45bb-9766-cc326314d9f1,8.454849127912894,9.618270602689601e-05,1.13760404912913e-05,115.36779389760001,203.86515247746644,6.0,0.00017251783120749518,0.0002233693453632668,8.940934271474059e-06,0.00040482811084223603,0.0,United Kingdom,GBR,england,,,Linux-6.4.0-150600.23.73_15.0.14-cray_shasta_c_64k-aarch64-with-glibc2.38,3.11.7,3.3.0,72,Neoverse-V2,1,1 x NVIDIA GH200 120GB,-2.5917,51.4535,64,machine,0.0,5.2,26.360000000000003,225.9142333984375,N,1.0,0.0
2026-09-27T03:03:53,mobilenet_v3_small_batch8_node_0_evaluate,45889db2-dbfd-429e-a1b5-c75f4c6adae9,5b0fa12a-3dd7-45bb-9766-cc326314d9f1,16.514911288861185,0.000232338679284634,1.4068418244628387e-05,115.39743293622858,143.27677616626144,6.0,0.00043167411972032345,0.0005354301505775538,1.07973972230684e-05,0.0009779016675209458,0.0,United Kingdom,GBR,england,,,Linux-6.4.0-150600.23.73_15.0.14-cray_shasta_c_64k-aarch64-with-glibc2.38,3.11.7,3.3.0,72,Neoverse-V2,1,1 x NVIDIA GH200 120GB,-2.5917,51.4535,64,machine,3.3,0.23076923076923078,23.76153846153846,203.6145535982572,N,1.0,0.0
2026-09-27T03:04:08,mobilenet_v3_small_batch8_node_1_local_train,89cca063-dc5a-4f8a-a32f-5872436f0d6f,5b0fa12a-3dd7-45bb-9766-cc326314d9f1,8.499429980060086,9.69356186372017e-05,1.1404955257542626e-05,115.43340320640002,74.25696157310718,6.0,0.00017498137672922285,0.0002239621235986533,9.053581343420471e-06,0.00040799708167129663,0.0,United Kingdom,GBR,england,,,Linux-6.4.0-150600.23.73_15.0.14-cray_shasta_c_64k-aarch64-with-glibc2.38,3.11.7,3.3.0,72,Neoverse-V2,1,1 x NVIDIA GH200 120GB,-2.5917,51.4535,64,machine,9.74,4.6,25.419999999999998,217.8673828125,N,1.0,0.0
2026-09-27T03:04:26,mobilenet_v3_small_batch8_node_1_evaluate,59e5f2fc-a7d4-4000-b612-665e244c7e47,5b0fa12a-3dd7-45bb-9766-cc326314d9f1,8.3049344799947,9.211100900891017e-05,1.109111808537338e-05,115.51160023488,144.4506183076919,6.0,0.0001689224656079712,0.00021233933654229986,6.428743324941024e-06,0.0003876905454752121,0.0,United Kingdom,GBR,england,,,Linux-6.4.0-150600.23.73_15.0.14-cray_shasta_c_64k-aarch64-with-glibc2.38,3.11.7,3.3.0,72,Neoverse-V2,1,1 x NVIDIA GH200 120GB,-2.5917,51.4535,64,machine,2.0,0.8,25.3,216.98438720703126,N,1.0,0.0
2026-09-27T03:05:18,mobilenet_v3_small_batch8_node_2_local_train,26cdb547-b232-43fc-947f-ee825e461502,5b0fa12a-3dd7-45bb-9766-cc326314d9f1,11.61345986300148,0.0001516063349099931,1.305436422034619e-05,115.43659257600002,146.9051925103671,6.0,0.00027493093817813273,0.0003506863916555858,1.2486012113901477e-05,0.00063810334194762,0.0,United Kingdom,GBR,england,,,Linux-6.4.0-150600.23.73_15.0.14-cray_shasta_c_64k-aarch64-with-glibc2.38,3.11.7,3.3.0,72,Neoverse-V2,1,1 x NVIDIA GH200 120GB,-2.5917,51.4535,64,machine,1.1875,5.25,25.424999999999997,217.72676849365234,N,1.0,0.0
2026-09-27T03:05:44,mobilenet_v3_small_batch8_node_2_evaluate,9b8886da-4d95-4016-a4b1-ba143902f4f1,5b0fa12a-3dd7-45bb-9766-cc326314d9f1,7.171583432005718,7.190358572470378e-05,1.002617990941982e-05,115.46924213376002,71.78024466668984,6.0,0.00013235150655091743,0.00016345013077057047,6.836892764937753e-06,0.00030263853008642564,0.0,United Kingdom,GBR,england,,,Linux-6.4.0-150600.23.73_15.0.14-cray_shasta_c_64k-aarch64-with-glibc2.38,3.11.7,3.3.0,72,Neoverse-V2,1,1 x NVIDIA GH200 120GB,-2.5917,51.4535,64,machine,0.0,1.0,23.8,203.9870147705078,N,1.0,0.0
2026-09-27T03:06:21,mobilenet_v3_small_batch8_node_3_local_train,fea2e0fc-a6a7-4888-a7e9-0ac5eec64b4a,5b0fa12a-3dd7-45bb-9766-cc326314d9f1,16.033800608944148,0.0002238142436419933,1.395890151690815e-05,115.38234549668573,143.23995917761124,6.0,0.00041567956735363024,0.0005155776346867924,1.0765550031404321e-05,0.000942022752071827,0.0,United Kingdom,GBR,england,,,Linux-6.4.0-150600.23.73_15.0.14-cray_shasta_c_64k-aarch64-with-glibc2.38,3.11.7,3.3.0,72,Neoverse-V2,1,1 x NVIDIA GH200 120GB,-2.5917,51.4535,64,machine,1.875,1.9166666666666667,25.425,217.6042938232422,N,1.0,0.0
2026-09-27T03:07:26,mobilenet_v3_small_batch8_node_3_evaluate,17dcc0dd-c707-46df-b2dd-f2f7e342fdeb,5b0fa12a-3dd7-45bb-9766-cc326314d9f1,46.87066149292514,0.0007495602516611105,1.5992098847895552e-05,115.34393628198235,140.58497075935693,6.0,0.0014028036071604163,0.0017046174747861187,4.743984032305888e-05,0.003154860922269594,0.0,United Kingdom,GBR,england,,,Linux-6.4.0-150600.23.73_15.0.14-cray_shasta_c_64k-aarch64-with-glibc2.38,3.11.7,3.3.0,72,Neoverse-V2,1,1 x NVIDIA GH200 120GB,-2.5917,51.4535,64,machine,1.4255813953488372,0.046511627906976744,25.427906976744193,217.87336056731468,N,1.0,0.0
2026-09-27T03:07:51,mobilenet_v3_small_batch8_node_4_local_train,7cbcbe75-46be-4646-ba25-0a4d32cbeb00,5b0fa12a-3dd7-45bb-9766-cc326314d9f1,7.945529411081225,8.702414024654978e-05,1.0952591796486418e-05,115.34775260544001,74.36481790984294,6.0,0.00015694243176051352,0.00020121349430723967,8.124247873590018e-06,0.0003662801739413432,0.0,United Kingdom,GBR,england,,,Linux-6.4.0-150600.23.73_15.0.14-cray_shasta_c_64k-aarch64-with-glibc2.38,3.11.7,3.3.0,72,Neoverse-V2,1,1 x NVIDIA GH200 120GB,-2.5917,51.4535,64,machine,16.1,2.75,25.325,216.75701904296875,N,1.0,0.0
2026-09-27T03:10:16,mobilenet_v3_small_batch8_node_4_evaluate,1c337852-1d84-49b4-b303-815da87663f5,5b0fa12a-3dd7-45bb-9766-cc326314d9f1,6.868781062075868,6.660672702501471e-05,9.69702286665765e-06,115.44285096000002,71.78989204725866,6.0,0.00012264622673462784,0.0001513670655270971,6.331029339926318e-06,0.00028034432160165126,0.0,United Kingdom,GBR,england,,,Linux-6.4.0-150600.23.73_15.0.14-cray_shasta_c_64k-aarch64-with-glibc2.38,3.11.7,3.3.0,72,Neoverse-V2,1,1 x NVIDIA GH200 120GB,-2.5917,51.4535,64,machine,19.3,1.0,25.3,216.3954874674479,N,1.0,0.0
2026-09-27T03:10:25,mobilenet_v3_small_batch8_node_5_local_train,9d6263c4-18e9-4c8c-b0fe-d2177f6bec5f,5b0fa12a-3dd7-45bb-9766-cc326314d9f1,8.299042825121433,9.379491278762438e-05,1.1301895262391534e-05,115.33762872,74.94110444334648,6.0,0.00016834784637477678,0.00021770961862443983,8.720545715186745e-06,0.00039477801071440336,0.0,United Kingdom,GBR,england,,,Linux-6.4.0-150600.23.73_15.0.14-cray_shasta_c_64k-aarch64-with-glibc2.38,3.11.7,3.3.0,72,Neoverse-V2,1,1 x NVIDIA GH200 120GB,-2.5917,51.4535,64,machine,0.0,5.2,24.420000000000005,208.9388427734375,N,1.0,0.0
2026-09-27T03:10:40,mobilenet_v3_small_batch8_node_5_evaluate,7832a36a-36ef-4f4a-a304-93b7fbfe7778,5b0fa12a-3dd7-45bb-9766-cc326314d9f1,11.148192822933197,0.00013908049224304144,1.2475608778217026e-05,115.66522149120001,141.85031001645945,6.0,0.0002602522252496707,0.00031878053280820495,6.349950076934572e-06,0.0005853827081348103,0.0,United Kingdom,GBR,england,,,Linux-6.4.0-150600.23.73_15.0.14-cray_shasta_c_64k-aarch64-with-glibc2.38,3.11.7,3.3.0,72,Neoverse-V2,1,1 x NVIDIA GH200 120GB,-2.5917,51.4535,64,machine,0.0,0.5,24.2125,207.25579071044922,N,1.0,0.0
2026-09-27T03:10:44,mobilenet_v3_small_batch8_node_0_upload,60297a40-9922-4006-83ba-22afdac2b9bd,5b0fa12a-3dd7-45bb-9766-cc326314d9f1,3.0719758530613035,1.101955283277614e-07,3.5871222170561236e-08,115.20829440000003,0.0,6.0,4.570432409644724e-07,0.0,6.764125234136979e-09,4.6380736619860937e-07,0.0,United Kingdom,GBR,england,,,Linux-6.4.0-150600.23.73_15.0.14-cray_shasta_c_64k-aarch64-with-glibc2.38,3.11.7,3.3.0,72,Neoverse-V2,1,1 x NVIDIA GH200 120GB,-2.5917,51.4535,64,machine,0,0,0,0,N,1.0,0.0
2026-09-27T03:10:53,mobilenet_v3_small_batch8_node_1_upload,8efd4636-3699-45e6-b975-0730104f0680,5b0fa12a-3dd7-45bb-9766-cc326314d9f1,4.071944025112316,1.6943360480621143e-05,4.161000341883088e-06,115.21213470720001,138.13197865291735,6.0,3.250414442901993e-05,3.880419771462584e-05,5.399151705205441e-09,7.131374129535098e-05,0.0,United Kingdom,GBR,england,,,Linux-6.4.0-150600.23.73_15.0.14-cray_shasta_c_64k-aarch64-with-glibc2.38,3.11.7,3.3.0,72,Neoverse-V2,1,1 x NVIDIA GH200 120GB,-2.5917,51.4535,64,machine,9.1,0.0,25.7,219.92242431640625,N,1.0,0.0
2026-09-27T03:11:05,mobilenet_v3_small_batch8_node_2_upload,1f7c86c8-d94a-4d27-a220-d84f407d7f2b,5b0fa12a-3dd7-45bb-9766-cc326314d9f1,3.074480196926743,1.0296894202434991e-06,3.3491496262450445e-07,115.20349920000002,1374.1894847185617,6.0,4.2682640299293224e-07,3.901669785477679e-06,5.414136685431004e-09,4.333910325156043e-06,0.0,United Kingdom,GBR,england,,,Linux-6.4.0-150600.23.73_15.0.14-cray_shasta_c_64k-aarch64-with-glibc2.38,3.11.7,3.3.0,72,Neoverse-V2,1,1 x NVIDIA GH200 120GB,-2.5917,51.4535,64,machine,0,0,0,0,N,1.0,0.0
2026-09-27T03:13:15,mobilenet_v3_small_batch8_node_5_upload,cde993b5-30a7-4054-8078-aea12a98d2bf,5b0fa12a-3dd7-45bb-9766-cc326314d9f1,67.6578962279018,0.0011096429769202841,1.6400790429287285e-05,115.20335037440843,139.8924865978114,6.0,0.0020671451761359767,0.0025090761739221534,9.420942291656199e-05,0.004670430772974693,0.0,United Kingdom,GBR,england,,,Linux-6.4.0-150600.23.73_15.0.14-cray_shasta_c_64k-aarch64-with-glibc2.38,3.11.7,3.3.0,72,Neoverse-V2,1,1 x NVIDIA GH200 120GB,-2.5917,51.4535,64,machine,1.39375,0.0,25.121875000000014,215.19860076904297,N,1.0,0.0
2026-09-27T03:13:29,mobilenet_v3_small_batch8_node_0_exchange,729e9fcf-ee75-42d1-be45-d8b3a99485e4,5b0fa12a-3dd7-45bb-9766-cc326314d9f1,8.782554417150095,9.495700308146433e-05,1.081200281503949e-05,115.20218108160002,137.57481415111232,6.0,0.00018220555760590707,0.0002174562850854045,7.3468817087511224e-09,0.0003996691895730203,0.0,United Kingdom,GBR,england,,,Linux-6.4.0-150600.23.73_15.0.14-cray_shasta_c_64k-aarch64-with-glibc2.38,3.11.7,3.3.0,72,Neoverse-V2,1,1 x NVIDIA GH200 120GB,-2.5917,51.4535,64,machine,0.0,0.0,23.96,205.35167236328124,N,1.0,0.0
2026-09-27T03:13:43,mobilenet_v3_small_batch8_node_1_exchange,97ad4f5a-a194-4092-b561-70d1210147a1,5b0fa12a-3dd7-45bb-9766-cc326314d9f1,3.09901275113225,1.2290026403480138e-07,3.965787620263865e-08,115.20604661760001,0.0,6.0,5.118350282046777e-07,0.0,5.4459235010047755e-09,5.172809517056825e-07,0.0,United Kingdom,GBR,england,,,Linux-6.4.0-150600.23.73_15.0.14-cray_shasta_c_64k-aarch64-with-glibc2.38,3.11.7,3.3.0,72,Neoverse-V2,1,1 x NVIDIA GH200 120GB,-2.5917,51.4535,64,machine,0,0,0,0,N,1.0,0.0
2026-09-27T03:13:52,mobilenet_v3_small_batch8_node_2_exchange,07fce65f-059f-47db-a133-780bedefcdc3,5b0fa12a-3dd7-45bb-9766-cc326314d9f1,4.555003507994115,2.4997001205797104e-05,5.487811625595217e-06,115.20509379840001,143.49982213719974,6.0,4.690883257081553e-05,5.829615774644026e-05,6.114598363637924e-09,0.00010521110491561942,0.0,United Kingdom,GBR,england,,,Linux-6.4.0-150600.23.73_15.0.14-cray_shasta_c_64k-aarch64-with-glibc2.38,3.11.7,3.3.0,72,Neoverse-V2,1,1 x NVIDIA GH200 120GB,-2.5917,51.4535,64,machine,0.0,0.0,25.4,217.7498779296875,N,1.0,0.0
2026-09-27T03:14:03,mobilenet_v3_small_batch8_node_3_exchange,25ea3cb0-a29d-427d-ab44-737e3797df1f,5b0fa12a-3dd7-45bb-9766-cc326314d9f1,8.659997445065528,9.409714462415056e-05,1.0865724293921955e-05,115.2016759872,140.47780686789807,6.0,0.00017849930485757247,0.00021753989625494796,1.0888008400797843e-08,0.00039605008912092126,0.0,United Kingdom,GBR,england,,,Linux-6.4.0-150600.23.73_15.0.14-cray_shasta_c_64k-aarch64-with-glibc2.38,3.11.7,3.3.0,72,Neoverse-V2,1,1 x NVIDIA GH200 120GB,-2.5917,51.4535,64,machine,0.0,0.0,25.5,218.1308349609375,N,1.0,0.0
2026-09-27T03:14:20,mobilenet_v3_small_batch8_node_4_exchange,ca86af5e-33a1-48eb-8226-f5f1d24a173c,5b0fa12a-3dd7-45bb-9766-cc326314d9f1,4.097761664073914,1.695538852748376e-05,4.137719544827565e-06,115.20211248000001,137.99755046911864,6.0,3.2522064077916026e-05,3.883503107715569e-05,7.271576905623079e-09,7.136436673197734e-05,0.0,United Kingdom,GBR,england,,,Linux-6.4.0-150600.23.73_15.0.14-cray_shasta_c_64k-aarch64-with-glibc2.38,3.11.7,3.3.0,72,Neoverse-V2,1,1 x NVIDIA GH200 120GB,-2.5917,51.4535,64,machine,0.0,0.0,23.8,204.21759033203125,N,1.0,0.0
2026-09-27T03:14:28,mobilenet_v3_small_batch8_node_5_exchange,e5b8b4ea-8bc3-4729-8239-b04b4fcc76ea,5b0fa12a-3dd7-45bb-9766-cc326314d9f1,3.0967400160152465,1.2205229746705003e-07,3.941315604017083e-08,115.20349920000002,0.0,6.0,5.037668550485066e-07,0.0,9.945048562561473e-09,5.13711903611068e-07,0.0,United Kingdom,GBR,england,,,Linux-6.4.0-150600.23.73_15.0.14-cray_shasta_c_64k-aarch64-with-glibc2.38,3.11.7,3.3.0,72,Neoverse-V2,1,1 x NVIDIA GH200 120GB,-2.5917,51.4535,64,machine,0,0,0,0,N,1.0,0.0
2026-09-27T03:14:38,mobilenet_v3_small_batch8_node_0_evaluate,2cb5c530-449a-48cd-8972-14819c0244e2,5b0fa12a-3dd7-45bb-9766-cc326314d9f1,6.88561653601937,6.681845116779661e-05,9.704062202456731e-06,115.50446565120001,71.4613248858903,6.0,0.0001233422425079137,0.0001515251212254043,6.368094001663848e-06,0.0002812354577349819,0.0,United Kingdom,GBR,england,,,Linux-6.4.0-150600.23.73_15.0.14-cray_shasta_c_64k-aarch64-with-glibc2.38,3.11.7,3.3.0,72,Neoverse-V2,1,1 x NVIDIA GH200 120GB,-2.5917,51.4535,64,machine,5.966666666666666,1.0,25.400000000000002,217.3319295247396,N,1.0,0.0
2026-09-27T03:15:00,mobilenet_v3_small_batch8_node_1_evaluate,13ddd970-9916-4d5c-bb70-f0f41601d01b,5b0fa12a-3dd7-45bb-9766-cc326314d9f1,14.919299331028014,0.00020175213109486224,1.352289585579087e-05,115.59401373600002,140.91466330942825,6.0,0.0003806608835803864,0.0004621298141387342,6.373746320217227e-06,0.0008491644440393379,0.0,United Kingdom,GBR,england,,,Linux-6.4.0-150600.23.73_15.0.14-cray_shasta_c_64k-aarch64-with-glibc2.38,3.11.7,3.3.0,72,Neoverse-V2,1,1 x NVIDIA GH200 120GB,-2.5917,51.4535,64,machine,2.563636363636363,0.18181818181818182,25.772727272727273,220.67824485085228,N,1.0,0.0
2026-09-27T03:15:33,mobilenet_v3_small_batch8_node_2_evaluate,1cf7ac2b-70e2-4c69-a611-7640ce2749d7,5b0fa12a-3dd7-45bb-9766-cc326314d9f1,8.356185242999345,9.199587598918615e-05,1.1009315053930689e-05,115.71766454592,142.253401225058,6.0,0.00017082527378909065,0.00020985016789154542,6.53051477856934e-06,0.0003872059564592054,0.0,United Kingdom,GBR,england,,,Linux-6.4.0-150600.23.73_15.0.14-cray_shasta_c_64k-aarch64-with-glibc2.38,3.11.7,3.3.0,72,Neoverse-V2,1,1 x NVIDIA GH200 120GB,-2.5917,51.4535,64,machine,0.0,0.8,24.96,213.794921875,N,1.0,0.0
2026-09-27T03:15:48,mobilenet_v3_small_batch8_node_3_evaluate,79205003-7084-4dea-a9e4-e307b32fb148,5b0fa12a-3dd7-45bb-9766-cc326314d9f1,6.940839271061122,6.728056221744987e-05,9.693433256402717e-06,115.4893816368,70.61049392691783,6.0,0.0001250888765208998,0.00015163984353705473,6.451739548550297e-06,0.00028318045960650483,0.0,United Kingdom,GBR,england,,,Linux-6.4.0-150600.23.73_15.0.14-cray_shasta_c_64k-aarch64-with-glibc2.38,3.11.7,3.3.0,72,Neoverse-V2,1,1 x NVIDIA GH200 120GB,-2.5917,51.4535,64,machine,0.0,0.6666666666666666,25.5,218.41060384114584,N,1.0,0.0
2026-09-27T03:15:56,mobilenet_v3_small_batch8_node_4_evaluate,706a04b7-416d-4961-a647-4152b9641899,5b0fa12a-3dd7-45bb-9766-cc326314d9f1,6.863579515833408,6.662315420491704e-05,9.706765114504154e-06,115.4815146576,71.81891947624804,6.0,0.00012260966621733678,0.00015147123228587134,6.332564261974767e-06,0.0002804134627651829,0.0,United Kingdom,GBR,england,,,Linux-6.4.0-150600.23.73_15.0.14-cray_shasta_c_64k-aarch64-with-glibc2.38,3.11.7,3.3.0,72,Neoverse-V2,1,1 x NVIDIA GH200 120GB,-2.5917,51.4535,64,machine,27.233333333333334,1.0,25.3,216.75653076171875,N,1.0,0.0
2026-09-27T03:16:05,mobilenet_v3_small_batch8_node_5_evaluate,50cc9c6e-82db-480e-9313-d7af8480ffa7,5b0fa12a-3dd7-45bb-9766-cc326314d9f1,6.865272236056626,6.667142145304515e-05,9.711402426677962e-06,115.49533753440001,71.95788126272335,6.0,0.00012269402171503183,0.00015159678794418596,6.325807494965072e-06,0.00028061661715418287,0.0,United Kingdom,GBR,england,,,Linux-6.4.0-150600.23.73_15.0.14-cray_shasta_c_64k-aarch64-with-glibc2.38,3.11.7,3.3.0,72,Neoverse-V2,1,1 x NVIDIA GH200 120GB,-2.5917,51.4535,64,machine,0.0,1.0,25.3,217.0205078125,N,1.0,0.0
2026-09-27T03:17:11,efficientnet_lite0_batch8_node_0_local_train,b6e6563d-7b27-4358-bafa-1ac8b178b0a6,5b0fa12a-3dd7-45bb-9766-cc326314d9f1,12.601775192888454,0.000168807161444196,1.339550649494674e-05,115.56189017074286,154.05400111968515,6.0,0.00030658172013680956,0.00039805198511544404,5.867039496855189e-06,0.0007105007447491087,0.0,United Kingdom,GBR,england,,,Linux-6.4.0-150600.23.73_15.0.14-cray_shasta_c_64k-aarch64-with-glibc2.38,3.11.7,3.3.0,72,Neoverse-V2,1,1 x NVIDIA GH200 120GB,-2.5917,51.4535,64,machine,0.6555555555555556,5.444444444444445,25.311111111111106,216.9298299153646,N,1.0,0.0
2026-09-27T03:17:28,efficientnet_lite0_batch8_node_0_evaluate,309ce33f-4e52-4064-aa34-0f98bc89d162,5b0fa12a-3dd7-45bb-9766-cc326314d9f1,6.892193957930431,6.886967312166758e-05,9.992416571855675e-06,115.5877946928,75.10214731610405,6.0,0.00012386744864187086,0.00015961790548146837,6.383592341638481e-06,0.0002898689464649777,0.0,United Kingdom,GBR,england,,,Linux-6.4.0-150600.23.73_15.0.14-cray_shasta_c_64k-aarch64-with-glibc2.38,3.11.7,3.3.0,72,Neoverse-V2,1,1 x NVIDIA GH200 120GB,-2.5917,51.4535,64,machine,14.299999999999999,3.3333333333333335,25.600000000000005,219.27396647135416,N,1.0,0.0
2026-09-27T03:19:02,efficientnet_lite0_batch8_node_1_local_train,78905002-02db-40c0-bcf4-799b6f708d33,5b0fa12a-3dd7-45bb-9766-cc326314d9f1,20.10674419812858,0.0002966168900140657,1.4752109396292666e-05,115.33904900845715,162.45016214153176,6.0,0.0005461127788686935,0.0006961338902442549,6.198713518679142e-06,0.0012484453826316273,0.0,United Kingdom,GBR,england,,,Linux-6.4.0-150600.23.73_15.0.14-cray_shasta_c_64k-aarch64-with-glibc2.38,3.11.7,3.3.0,72,Neoverse-V2,1,1 x NVIDIA GH200 120GB,-2.5917,51.4535,64,machine,1.3647058823529412,2.823529411764706,26.258823529411767,224.87451889935662,N,1.0,0.0
2026-09-27T03:19:11,efficientnet_lite0_batch8_node_1_evaluate,129ccff4-2424-4fa6-9b09-cea6c61d14bc,5b0fa12a-3dd7-45bb-9766-cc326314d9f1,6.991527227917686,7.034058401974437e-05,1.006083245143768e-05,115.48313595360003,74.7271296132805,6.0,0.00012675934195938285,0.00016276096353351477,6.539630024926738e-06,0.00029605993551782433,0.0,United Kingdom,GBR,england,,,Linux-6.4.0-150600.23.73_15.0.14-cray_shasta_c_64k-aarch64-with-glibc2.38,3.11.7,3.3.0,72,Neoverse-V2,1,1 x NVIDIA GH200 120GB,-2.5917,51.4535,64,machine,33.5,4.0,24.2,207.52555338541666,N,1.0,0.0
2026-09-27T03:19:26,efficientnet_lite0_batch8_node_2_local_train,c04e1802-4cf4-449b-b11f-bbde10013599,5b0fa12a-3dd7-45bb-9766-cc326314d9f1,14.328453597147018,0.00020271218979629285,1.4147527395186281e-05,115.52342758765715,156.1204509815285,6.0,0.0003615444592452576,0.0004831664976450156,8.494325325203439e-06,0.0008532052822154766,0.0,United Kingdom,GBR,england,,,Linux-6.4.0-150600.23.73_15.0.14-cray_shasta_c_64k-aarch64-with-glibc2.38,3.11.7,3.3.0,72,Neoverse-V2,1,1 x NVIDIA GH200 120GB,-2.5917,51.4535,64,machine,1.3636363636363635,5.7272727272727275,24.9,213.18147416548297,N,1.0,0.0
2026-09-27T03:19:34,efficientnet_lite0_batch8_node_2_evaluate,f6efb2a7-6a3d-4f62-b81e-c9d2375c50e4,5b0fa12a-3dd7-45bb-9766-cc326314d9f1,6.973671037005261,7.053605978504655e-05,1.011462390622561e-05,115.57891618560001,75.58001353039687,6.0,0.00012637579905422548,0.0001639917978621952,6.515086141492551e-06,0.00029688268305791323,0.0,United Kingdom,GBR,england,,,Linux-6.4.0-150600.23.73_15.0.14-cray_shasta_c_64k-aarch64-with-glibc2.38,3.11.7,3.3.0,72,Neoverse-V2,1,1 x NVIDIA GH200 120GB,-2.5917,51.4535,64,machine,38.56666666666666,4.0,25.866666666666664,221.6605021158854,N,1.0,0.0
2026-09-27T03:19:56,efficientnet_lite0_batch8_node_3_local_train,3d189ba1-769c-4d8b-84ae-677e23804ce2,5b0fa12a-3dd7-45bb-9766-cc326314d9f1,13.540402588201687,0.0001878483696681832,1.3873174630115006e-05,115.42463873115429,155.68516835535715,6.0,0.00033634169695108336,0.00044691507973482203,7.387443661767369e-06,0.0007906442203476727,0.0,United Kingdom,GBR,england,,,Linux-6.4.0-150600.23.73_15.0.14-cray_shasta_c_64k-aarch64-with-glibc2.38,3.11.7,3.3.0,72,Neoverse-V2,1,1 x NVIDIA GH200 120GB,-2.5917,51.4535,64,machine,0.0,4.7,25.800000000000004,221.01446533203125,N,1.0,0.0
2026-09-27T03:20:13,efficientnet_lite0_batch8_node_3_evaluate,322a4c4b-2ba8-4094-be3c-a9b7997101a7,5b0fa12a-3dd7-45bb-9766-cc326314d9f1,7.971142989117652,8.744583510303077e-05,1.0970300648528498e-05,115.603137648,145.36304274724392,6.0,0.0001581485537195088,0.00020341349606667336,6.493016328119362e-06,0.0003680550661143015,0.0,United Kingdom,GBR,england,,,Linux-6.4.0-150600.23.73_15.0.14-cray_shasta_c_64k-aarch64-with-glibc2.38,3.11.7,3.3.0,72,Neoverse-V2,1,1 x NVIDIA GH200 120GB,-2.5917,51.4535,64,machine,1.475,2.0,24.3,207.86898803710938,N,1.0,0.0
2026-09-27T03:21:06,efficientnet_lite0_batch8_node_4_local_train,5cb3b961-192e-42ac-a285-6d21dc58adbc,5b0fa12a-3dd7-45bb-9766-cc326314d9f1,7.316977188922465,7.915250577856241e-05,1.0817651023758189e-05,115.39278064800001,153.22976216856756,6.0,0.000136962201345738,0.00019077098595232655,5.4156780894845724e-06,0.0003331488653875492,0.0,United Kingdom,GBR,england,,,Linux-6.4.0-150600.23.73_15.0.14-cray_shasta_c_64k-aarch64-with-glibc2.38,3.11.7,3.3.0,72,Neoverse-V2,1,1 x NVIDIA GH200 120GB,-2.5917,51.4535,64,machine,0.0,9.0,24.25,207.7239990234375,N,1.0,0.0
2026-09-27T03:21:20,efficientnet_lite0_batch8_node_4_evaluate,4b1d71cd-85a7-45af-99cf-6c61cf40a07f,5b0fa12a-3dd7-45bb-9766-cc326314d9f1,6.836257616989315,6.843851025192236e-05,1.0011107551277838e-05,115.56475388640001,76.54799654847034,6.0,0.00012176630210170732,0.00016001151691114046,6.276384893571959e-06,0.0002880542039064198,0.0,United Kingdom,GBR,england,,,Linux-6.4.0-150600.23.73_15.0.14-cray_shasta_c_64k-aarch64-with-glibc2.38,3.11.7,3.3.0,72,Neoverse-V2,1,1 x NVIDIA GH200 120GB,-2.5917,51.4535,64,machine,0.0,4.0,24.633333333333336,210.9952392578125,N,1.0,0.0
2026-09-27T03:21:31,efficientnet_lite0_batch8_node_5_local_train,22a26702-9b92-4635-be7e-e7c9b528539c,5b0fa12a-3dd7-45bb-9766-cc326314d9f1,7.96203332208097,9.151397714591791e-05,1.1493794793865503e-05,115.43677764480002,157.08098841354945,6.0,0.00015736970423889954,0.0002219423997900094,5.865564743289724e-06,0.00038517766877219865,0.0,United Kingdom,GBR,england,,,Linux-6.4.0-150600.23.73_15.0.14-cray_shasta_c_64k-aarch64-with-glibc2.38,3.11.7,3.3.0,72,Neoverse-V2,1,1 x NVIDIA GH200 120GB,-2.5917,51.4535,64,machine,0.0,12.5,25.875,221.4397430419922,N,1.0,0.0
2026-09-27T03:21:52,efficientnet_lite0_batch8_node_5_evaluate,0be109d6-5e6c-4255-86c3-70e46e5a6666,5b0fa12a-3dd7-45bb-9766-cc326314d9f1,13.332287500146776,0.0001771122447946289,1.3284460359310362e-05,115.61613130697144,144.5139557035971,6.0,0.0003297498301880485,0.00040938477195595624,6.321815428479265e-06,0.000745456417572484,0.0,United Kingdom,GBR,england,,,Linux-6.4.0-150600.23.73_15.0.14-cray_shasta_c_64k-aarch64-with-glibc2.38,3.11.7,3.3.0,72,Neoverse-V2,1,1 x NVIDIA GH200 120GB,-2.5917,51.4535,64,machine,2.6799999999999997,1.6,26.02,222.8201904296875,N,1.0,0.0
2026-09-27T03:22:24,efficientnet_lite0_batch8_node_0_upload,6812bbe4-1bad-41a5-9302-3263b81a89f2,5b0fa12a-3dd7-45bb-9766-cc326314d9f1,3.087874277960509,1.0561754596595799e-07,3.4203965724834063e-08,115.20227784960001,0.0,6.0,4.3817900012894324e-07,0.0,6.359871476888657e-09,4.445388716058319e-07,0.0,United Kingdom,GBR,england,,,Linux-6.4.0-150600.23.73_15.0.14-cray_shasta_c_64k-aarch64-with-glibc2.38,3.11.7,3.3.0,72,Neoverse-V2,1,1 x NVIDIA GH200 120GB,-2.5917,51.4535,64,machine,0,0,0,0,N,1.0,0.0
2026-09-27T03:22:28,efficientnet_lite0_batch8_node_1_upload,cc74c579-1caa-412c-b150-49847a8f726a,5b0fa12a-3dd7-45bb-9766-cc326314d9f1,3.084594947984442,1.3012731734331158e-07,4.218619285113603e-08,115.20509379840001,0.0,6.0,5.422706609536753e-07,0.0,5.42859003568689e-09,5.476992509893622e-07,0.0,United Kingdom,GBR,england,,,Linux-6.4.0-150600.23.73_15.0.14-cray_shasta_c_64k-aarch64-with-glibc2.38,3.11.7,3.3.0,72,Neoverse-V2,1,1 x NVIDIA GH200 120GB,-2.5917,51.4535,64,machine,0,0,0,0,N,1.0,0.0
2026-09-27T03:22:36,efficientnet_lite0_batch8_node_3_upload,39f20e89-0a60-414e-a65d-1cbb2c943986,5b0fa12a-3dd7-45bb-9766-cc326314d9f1,4.083073062123731,1.7025400837018068e-05,4.169751698776274e-06,115.20835660800002,138.97983370104612,6.0,3.253466760782546e-05,3.9116697962526814e-05,7.67940655350685e-09,7.165904497690578e-05,0.0,United Kingdom,GBR,england,,,Linux-6.4.0-150600.23.73_15.0.14-cray_shasta_c_64k-aarch64-with-glibc2.38,3.11.7,3.3.0,72,Neoverse-V2,1,1 x NVIDIA GH200 120GB,-2.5917,51.4535,64,machine,0.0,0.0,26.1,223.18988037109375,N,1.0,0.0
2026-09-27T03:22:42,efficientnet_lite0_batch8_node_4_upload,1574b690-a55a-490c-bdf3-a8268bfe62ef,5b0fa12a-3dd7-45bb-9766-cc326314d9f1,4.482319154078141,2.383478418650368e-05,5.317511620032259e-06,115.2032622912,139.14767101164023,6.0,4.5492646966808046e-05,5.482143274093687e-05,5.312968278303742e-09,0.00010031939267602322,0.0,United Kingdom,GBR,england,,,Linux-6.4.0-150600.23.73_15.0.14-cray_shasta_c_64k-aarch64-with-glibc2.38,3.11.7,3.3.0,72,Neoverse-V2,1,1 x NVIDIA GH200 120GB,-2.5917,51.4535,64,machine,9.1,0.0,25.7,220.39410400390625,N,1.0,0.0
2026-09-27T03:22:53,efficientnet_lite0_batch8_node_5_upload,4b792a3d-9519-4c44-b51a-5d8b6be2220d,5b0fa12a-3dd7-45bb-9766-cc326314d9f1,3.074119569035247,9.880089133261818e-08,3.213957333599257e-08,115.2010368,0.0,6.0,4.1035783805853873e-07,0.0,5.490081384778023e-09,4.1584791944331675e-07,0.0,United Kingdom,GBR,england,,,Linux-6.4.0-150600.23.73_15.0.14-cray_shasta_c_64k-aarch64-with-glibc2.38,3.11.7,3.3.0,72,Neoverse-V2,1,1 x NVIDIA GH200 120GB,-2.5917,51.4535,64,machine,0,0,0,0,N,1.0,0.0
2026-09-27T03:23:19,mobilevit_xxs_batch8_node_0_local_train,483ddd05-ad9b-4005-84a0-f30ad923a18b,5b0fa12a-3dd7-45bb-9766-cc326314d9f1,14.13479749695398,0.00019648057171658807,1.3900487202517705e-05,115.40592274834287,150.26775352077112,6.0,0.0003553424935297979,0.0004623978699100917,9.236355669951687e-06,0.0008269767191098412,0.0,United Kingdom,GBR,england,,,Linux-6.4.0-150600.23.73_15.0.14-cray_shasta_c_64k-aarch64-with-glibc2.38,3.11.7,3.3.0,72,Neoverse-V2,1,1 x NVIDIA GH200 120GB,-2.5917,51.4535,64,machine,8.354545454545455,8.545454545454545,24.6,210.6100186434659,N,1.0,0.0
2026-09-27T03:23:41,mobilevit_xxs_batch8_node_0_evaluate,91c8dac4-0e4f-4eaf-bc78-ba3a3f479bfc,5b0fa12a-3dd7-45bb-9766-cc326314d9f1,7.146940445993096,7.131555900178501e-05,9.978473941498673e-06,115.48934146080002,75.44994877734541,6.0,0.00012778391073807547,0.00016578041041270808,6.599234408543755e-06,0.00030016355555932727,0.0,United Kingdom,GBR,england,,,Linux-6.4.0-150600.23.73_15.0.14-cray_shasta_c_64k-aarch64-with-glibc2.38,3.11.7,3.3.0,72,Neoverse-V2,1,1 x NVIDIA GH200 120GB,-2.5917,51.4535,64,machine,0.0,3.6666666666666665,25.900000000000002,221.79447428385416,N,1.0,0.0
2026-09-27T03:24:04,mobilevit_xxs_batch8_node_1_local_train,92e8c423-803d-4464-8211-6a5883ce1cef,5b0fa12a-3dd7-45bb-9766-cc326314d9f1,9.004520393209532,0.00010992803265483978,1.2208094140998164e-05,115.333456896,79.50150685488744,6.0,0.00019089803291496465,0.0002618943761802939,9.889081440245113e-06,0.00046268149053550365,0.0,United Kingdom,GBR,england,,,Linux-6.4.0-150600.23.73_15.0.14-cray_shasta_c_64k-aarch64-with-glibc2.38,3.11.7,3.3.0,72,Neoverse-V2,1,1 x NVIDIA GH200 120GB,-2.5917,51.4535,64,machine,2.8400000000000003,16.8,26.079999999999995,223.11246337890626,N,1.0,0.0
2026-09-27T03:24:22,mobilevit_xxs_batch8_node_1_evaluate,d1f4e65d-c3d3-4517-805c-02d3bde39ff8,5b0fa12a-3dd7-45bb-9766-cc326314d9f1,8.4698189960327,9.528142133592248e-05,1.1249522732487282e-05,115.70249414016001,144.64371978376806,6.0,0.0001745200789298126,0.00021997156487429947,6.543005678492288e-06,0.00040103464948260434,0.0,United Kingdom,GBR,england,,,Linux-6.4.0-150600.23.73_15.0.14-cray_shasta_c_64k-aarch64-with-glibc2.38,3.11.7,3.3.0,72,Neoverse-V2,1,1 x NVIDIA GH200 120GB,-2.5917,51.4535,64,machine,0.0,3.0,25.640000000000004,219.885888671875,N,1.0,0.0
2026-09-27T03:25:51,mobilevit_xxs_batch8_node_2_local_train,8cbe255d-4b50-49cb-86bd-96e7beb7f4f6,5b0fa12a-3dd7-45bb-9766-cc326314d9f1,17.27799242711626,0.0002548587799359598,1.4750485683509259e-05,115.41055503085715,151.22250274266696,6.0,0.00045623287776553245,0.0006027902044536404,1.3664541938342154e-05,0.0010726876241575149,0.0,United Kingdom,GBR,england,,,Linux-6.4.0-150600.23.73_15.0.14-cray_shasta_c_64k-aarch64-with-glibc2.38,3.11.7,3.3.0,72,Neoverse-V2,1,1 x NVIDIA GH200 120GB,-2.5917,51.4535,64,machine,0.0,9.357142857142858,26.142857142857135,224.002689906529,N,1.0,0.0
2026-09-27T03:26:03,mobilevit_xxs_batch8_node_2_evaluate,29ab091d-e6ed-4e3d-9f86-d95dc7a4ed29,5b0fa12a-3dd7-45bb-9766-cc326314d9f1,7.098188580013812,7.196858791043426e-05,1.013900759315896e-05,115.52134662144002,74.15039957591947,6.0,0.00013029305089125534,0.00016590013271411408,6.71893737007243e-06,0.00030291212097544187,0.0,United Kingdom,GBR,england,,,Linux-6.4.0-150600.23.73_15.0.14-cray_shasta_c_64k-aarch64-with-glibc2.38,3.11.7,3.3.0,72,Neoverse-V2,1,1 x NVIDIA GH200 120GB,-2.5917,51.4535,64,machine,16.45,4.0,24.525,210.1832275390625,N,1.0,0.0
2026-09-27T03:27:25,mobilevit_xxs_batch8_node_3_local_train,80799114-46d5-43ff-bf95-a58ed8abaae4,5b0fa12a-3dd7-45bb-9766-cc326314d9f1,68.21621549781412,0.0011279186933845797,1.6534465964631563e-05,115.30625510025685,146.28535786310985,6.0,0.002086067676493782,0.002576124283123704,8.516037312763121e-05,0.004747352332745118,0.0,United Kingdom,GBR,england,,,Linux-6.4.0-150600.23.73_15.0.14-cray_shasta_c_64k-aarch64-with-glibc2.38,3.11.7,3.3.0,72,Neoverse-V2,1,1 x NVIDIA GH200 120GB,-2.5917,51.4535,64,machine,1.5569230769230769,1.2307692307692308,25.775384615384596,220.72895695612982,N,1.0,0.0
2026-09-27T03:27:44,mobilevit_xxs_batch8_node_3_evaluate,ad1daf87-9e8d-475e-9280-d101e35ffe98,5b0fa12a-3dd7-45bb-9766-cc326314d9f1,10.064802381908521,0.00012220822078971852,1.2142138131732001e-05,115.67230944479999,145.04193212908535,6.0,0.00022544251606525597,0.0002823024480562708,6.623212813089291e-06,0.0005143681769346161,0.0,United Kingdom,GBR,england,,,Linux-6.4.0-150600.23.73_15.0.14-cray_shasta_c_64k-aarch64-with-glibc2.38,3.11.7,3.3.0,72,Neoverse-V2,1,1 x NVIDIA GH200 120GB,-2.5917,51.4535,64,machine,0.42857142857142855,1.7142857142857142,25.900000000000002,222.09798758370536,N,1.0,0.0
2026-09-27T03:28:17,mobilevit_xxs_batch8_node_4_local_train,ce5bed81-23e3-478c-80e0-2a94cf80aee4,5b0fa12a-3dd7-45bb-9766-cc326314d9f1,15.094160524895415,0.0002125678182677187,1.4082785055659235e-05,115.42386918857143,150.58042259507374,6.0,0.0003861826009951894,0.0004996651219499881,8.83939753480566e-06,0.0008946871204799831,0.0,United Kingdom,GBR,england,,,Linux-6.4.0-150600.23.73_15.0.14-cray_shasta_c_64k-aarch64-with-glibc2.38,3.11.7,3.3.0,72,Neoverse-V2,1,1 x NVIDIA GH200 120GB,-2.5917,51.4535,64,machine,2.966666666666667,0.9166666666666666,25.183333333333334,215.7286376953125,N,1.0,0.0
2026-09-27T03:28:59,mobilevit_xxs_batch8_node_4_evaluate,8c6bcdcb-c7e9-4e26-9197-bfbf0120ae3b,5b0fa12a-3dd7-45bb-9766-cc326314d9f1,8.035695980070159,8.83556433540042e-05,1.0995393998620737e-05,115.60391511840002,144.36797667623478,6.0,0.00016049129661758208,0.0002047754416025782,6.617664483686288e-06,0.00037188440270384657,0.0,United Kingdom,GBR,england,,,Linux-6.4.0-150600.23.73_15.0.14-cray_shasta_c_64k-aarch64-with-glibc2.38,3.11.7,3.3.0,72,Neoverse-V2,1,1 x NVIDIA GH200 120GB,-2.5917,51.4535,64,machine,0.0,1.25,25.3,216.6943817138672,N,1.0,0.0
2026-09-27T03:29:24,mobilevit_xxs_batch8_node_5_local_train,4e23c148-b05b-4c58-b36c-78908868c8a9,5b0fa12a-3dd7-45bb-9766-cc326314d9f1,8.694798974087462,0.00010428224582292639,1.1993635060880868e-05,115.38097706880001,79.47727710775848,6.0,0.00018113340126255323,0.0002484035320549083,9.381727996515108e-06,0.0004389186613139766,0.0,United Kingdom,GBR,england,,,Linux-6.4.0-150600.23.73_15.0.14-cray_shasta_c_64k-aarch64-with-glibc2.38,3.11.7,3.3.0,72,Neoverse-V2,1,1 x NVIDIA GH200 120GB,-2.5917,51.4535,64,machine,0.0,6.8,26.059999999999995,223.43121337890625,N,1.0,0.0
2026-09-27T03:30:22,mobilevit_xxs_batch8_node_5_evaluate,790708e1-3197-4c10-9975-64f571cb705a,5b0fa12a-3dd7-45bb-9766-cc326314d9f1,13.832499672891572,0.00018596904855430106,1.3444355897492368e-05,115.67404368164571,145.35067040338583,6.0,0.00034576825906278987,0.00043049312216680846,6.472872268253316e-06,0.0007827342534978516,0.0,United Kingdom,GBR,england,,,Linux-6.4.0-150600.23.73_15.0.14-cray_shasta_c_64k-aarch64-with-glibc2.38,3.11.7,3.3.0,72,Neoverse-V2,1,1 x NVIDIA GH200 120GB,-2.5917,51.4535,64,machine,0.0,1.2,26.089999999999996,223.42775268554686,N,1.0,0.0
2026-09-27T03:30:35,mobilevit_xxs_batch8_node_0_upload,3cf3fde7-3f84-4485-a735-1991fccf3633,5b0fa12a-3dd7-45bb-9766-cc326314d9f1,4.073398521868512,1.695550430442635e-05,4.162495816060904e-06,115.20655050240003,138.26285669520587,6.0,3.249102749525239e-05,3.886808664788077e-05,5.739888098711769e-09,7.136485403123187e-05,0.0,United Kingdom,GBR,england,,,Linux-6.4.0-150600.23.73_15.0.14-cray_shasta_c_64k-aarch64-with-glibc2.38,3.11.7,3.3.0,72,Neoverse-V2,1,1 x NVIDIA GH200 120GB,-2.5917,51.4535,64,machine,0.0,0.0,26.0,222.910400390625,N,1.0,0.0
2026-09-27T03:30:48,mobilevit_xxs_batch8_node_1_upload,4b57ca12-21de-4aea-8d3f-83a19e5de871,5b0fa12a-3dd7-45bb-9766-cc326314d9f1,3.0694798619952053,1.0709061114186502e-07,3.488884630513738e-08,115.2013799808,0.0,6.0,4.452851110564676e-07,0.0,5.453816847875715e-09,4.507389279043433e-07,0.0,United Kingdom,GBR,england,,,Linux-6.4.0-150600.23.73_15.0.14-cray_shasta_c_64k-aarch64-with-glibc2.38,3.11.7,3.3.0,72,Neoverse-V2,1,1 x NVIDIA GH200 120GB,-2.5917,51.4535,64,machine,0,0,0,0,N,1.0,0.0
2026-09-27T03:31:01,mobilevit_xxs_batch8_node_2_upload,d93310a0-864f-4930-a8d7-b11d47bd80a8,5b0fa12a-3dd7-45bb-9766-cc326314d9f1,10.286161438096315,0.0001214786857622225,1.1809914368280114e-05,115.20194024160001,139.69786296680095,6.0,0.00023113890738913628,0.00028015272413028924,5.96964149735868e-09,0.0005112976011609229,0.0,United Kingdom,GBR,england,,,Linux-6.4.0-150600.23.73_15.0.14-cray_shasta_c_64k-aarch64-with-glibc2.38,3.11.7,3.3.0,72,Neoverse-V2,1,1 x NVIDIA GH200 120GB,-2.5917,51.4535,64,machine,1.3571428571428572,0.0,24.585714285714285,210.3473859514509,N,1.0,0.0
2026-09-27T03:31:17,mobilevit_xxs_batch8_node_3_upload,a17b741d-2a74-431e-a430-8553e93b5d0b,5b0fa12a-3dd7-45bb-9766-cc326314d9f1,5.619477391941473,4.350949911546306e-05,7.742623749649246e-06,115.20452908800003,142.1658509826976,6.0,8.20281560100188e-05,0.00010109563643823094,5.473281489685178e-09,0.0001831292657297394,0.0,United Kingdom,GBR,england,,,Linux-6.4.0-150600.23.73_15.0.14-cray_shasta_c_64k-aarch64-with-glibc2.38,3.11.7,3.3.0,72,Neoverse-V2,1,1 x NVIDIA GH200 120GB,-2.5917,51.4535,64,machine,0.0,0.0,26.0,223.07037353515625,N,1.0,0.0
2026-09-27T03:31:24,mobilevit_xxs_batch8_node_5_upload,261b4661-3062-45c1-9325-120ffa82685b,5b0fa12a-3dd7-45bb-9766-cc326314d9f1,4.520488148089498,2.4970683884903456e-05,5.52389101948135e-06,115.2066940992,144.16353074167347,6.0,4.673566050944001e-05,5.835421335120827e-05,1.0462791736548145e-08,0.00010510033665238482,0.0,United Kingdom,GBR,england,,,Linux-6.4.0-150600.23.73_15.0.14-cray_shasta_c_64k-aarch64-with-glibc2.38,3.11.7,3.3.0,72,Neoverse-V2,1,1 x NVIDIA GH200 120GB,-2.5917,51.4535,64,machine,0.0,0.0,26.1,223.642822265625,N,1.0,0.0
2026-09-27T03:34:56,mobilevit_xxs_batch8_node_3_exchange,3e282e4b-0b9b-4105-9920-0775c35d5e08,5b0fa12a-3dd7-45bb-9766-cc326314d9f1,181.6837538939435,0.0031484931042590207,1.732952471962314e-05,115.2026526422839,140.66703166679892,6.0,0.005813889319413397,0.007087846225815042,0.0003501115699958366,0.013251847115224277,0.0,United Kingdom,GBR,england,,,Linux-6.4.0-150600.23.73_15.0.14-cray_shasta_c_64k-aarch64-with-glibc2.38,3.11.7,3.3.0,72,Neoverse-V2,1,1 x NVIDIA GH200 120GB,-2.5917,51.4535,64,machine,1.3895027624309388,0.0,25.71215469613261,220.20377851454592,N,1.0,0.0
2026-09-27T03:35:22,mobilevit_xxs_batch8_node_3_evaluate,a5db325c-fb33-40d8-8af2-d6a8a31522bc,5b0fa12a-3dd7-45bb-9766-cc326314d9f1,8.630564650986344,9.840263384879421e-05,1.1401644947708986e-05,115.64940801024001,144.7881106627343,6.0,0.00017965307306556133,0.00022772518217095694,6.793418741629769e-06,0.00041417167397814805,0.0,United Kingdom,GBR,england,,,Linux-6.4.0-150600.23.73_15.0.14-cray_shasta_c_64k-aarch64-with-glibc2.38,3.11.7,3.3.0,72,Neoverse-V2,1,1 x NVIDIA GH200 120GB,-2.5917,51.4535,64,machine,0.0,2.8,26.24,224.59871826171874,N,1.0,0.0
2026-09-27T03:35:55,mobilenet_v3_small_batch9_node_0_local_train,1802a0d1-c6eb-4009-a063-28e553cc6b2c,5b0fa12a-3dd7-45bb-9766-cc326314d9f1,8.602536240126938,9.795790328787489e-05,1.138709568358987e-05,115.35148615680001,74.3906893490827,6.0,0.0001773311332579132,0.00022576990284051135,9.198789600050079e-06,0.00041229982569847463,0.0,United Kingdom,GBR,england,,,Linux-6.4.0-150600.23.73_15.0.14-cray_shasta_c_64k-aarch64-with-glibc2.38,3.11.7,3.3.0,72,Neoverse-V2,1,1 x NVIDIA GH200 120GB,-2.5917,51.4535,64,machine,0.0,5.0,24.419999999999998,209.21112060546875,N,1.0,0.0
2026-09-27T03:37:17,mobilenet_v3_small_batch9_node_0_evaluate,81416539-0044-4416-993b-d953d46ad420,5b0fa12a-3dd7-45bb-9766-cc326314d9f1,16.190954407909885,0.00022519082426067916,1.3908434215012368e-05,115.42041066445717,141.3413652461457,6.0,0.0004212476103502089,0.0005155118012964977,1.1057298136486982e-05,0.0009478167097831936,0.0,United Kingdom,GBR,england,,,Linux-6.4.0-150600.23.73_15.0.14-cray_shasta_c_64k-aarch64-with-glibc2.38,3.11.7,3.3.0,72,Neoverse-V2,1,1 x NVIDIA GH200 120GB,-2.5917,51.4535,64,machine,5.06923076923077,0.38461538461538464,25.93076923076923,221.9719519981971,N,1.0,0.0
2026-09-27T03:37:41,mobilenet_v3_small_batch9_node_1_local_train,bb8cf271-66a0-4923-8068-7648b0bc5a74,5b0fa12a-3dd7-45bb-9766-cc326314d9f1,15.080398980993778,0.0002078406187148418,1.3782169754048867e-05,115.38301756525715,144.18403127477285,6.0,0.00038553063245714886,0.00048000121732627576,9.258728546556085e-06,0.0008747905783299808,0.0,United Kingdom,GBR,england,,,Linux-6.4.0-150600.23.73_15.0.14-cray_shasta_c_64k-aarch64-with-glibc2.38,3.11.7,3.3.0,72,Neoverse-V2,1,1 x NVIDIA GH200 120GB,-2.5917,51.4535,64,machine,0.0,1.75,26.199999999999992,224.21730041503906,N,1.0,0.0
2026-09-27T03:38:03,mobilenet_v3_small_batch9_node_1_evaluate,68f6fa3d-78c6-4a10-9aa9-08c273bb9b2e,5b0fa12a-3dd7-45bb-9766-cc326314d9f1,6.94544595410116,6.835531559354746e-05,9.841746094530458e-06,115.46704222560001,72.59450439962818,6.0,0.00012510672241040864,0.00015613929157609618,6.458027840126306e-06,0.00028770404182663114,0.0,United Kingdom,GBR,england,,,Linux-6.4.0-150600.23.73_15.0.14-cray_shasta_c_64k-aarch64-with-glibc2.38,3.11.7,3.3.0,72,Neoverse-V2,1,1 x NVIDIA GH200 120GB,-2.5917,51.4535,64,machine,0.0,1.0,25.26666666666667,216.1855672200521,N,1.0,0.0
2026-09-27T03:38:15,mobilenet_v3_small_batch9_node_2_local_train,652710dc-f05f-449f-bbf8-c6b526a0a81a,5b0fa12a-3dd7-45bb-9766-cc326314d9f1,11.600807370152324,0.0001520384461944354,1.310585042430879e-05,115.48508060160002,144.2626258824398,6.0,0.0002747606984806449,0.00035260805985615207,1.255331799853593e-05,0.0006399220763353328,0.0,United Kingdom,GBR,england,,,Linux-6.4.0-150600.23.73_15.0.14-cray_shasta_c_64k-aarch64-with-glibc2.38,3.11.7,3.3.0,72,Neoverse-V2,1,1 x NVIDIA GH200 120GB,-2.5917,51.4535,64,machine,1.7875,3.625,26.237500000000004,224.5335693359375,N,1.0,0.0
2026-09-27T03:38:22,mobilenet_v3_small_batch9_node_2_evaluate,f0cd2499-7b7d-4e83-84bf-52447dc214ed,5b0fa12a-3dd7-45bb-9766-cc326314d9f1,6.999061502050608,6.883266327284433e-05,9.834556140516483e-06,115.458122376,71.3606523166056,6.0,0.00012707045269933742,0.0001560754026286304,6.567318568316599e-06,0.00028971317389628445,0.0,United Kingdom,GBR,england,,,Linux-6.4.0-150600.23.73_15.0.14-cray_shasta_c_64k-aarch64-with-glibc2.38,3.11.7,3.3.0,72,Neoverse-V2,1,1 x NVIDIA GH200 120GB,-2.5917,51.4535,64,machine,0.0,1.0,26.03333333333333,222.80647786458334,N,1.0,0.0
2026-09-27T03:38:45,mobilenet_v3_small_batch9_node_3_local_train,7d65fa25-2d39-4785-b62a-48b725510182,5b0fa12a-3dd7-45bb-9766-cc326314d9f1,10.70864797802642,0.00013543828294308247,1.2647561412140419e-05,115.37890202468574,145.84166193947567,6.0,0.0002457282644519824,0.00031386913997266674,1.0455430273432285e-05,0.0005700528346980814,0.0,United Kingdom,GBR,england,,,Linux-6.4.0-150600.23.73_15.0.14-cray_shasta_c_64k-aarch64-with-glibc2.38,3.11.7,3.3.0,72,Neoverse-V2,1,1 x NVIDIA GH200 120GB,-2.5917,51.4535,64,machine,0.0,4.142857142857143,25.414285714285715,217.67219761439733,N,1.0,0.0
2026-09-27T03:39:05,mobilenet_v3_small_batch9_node_3_evaluate,4fa2b88c-41bd-4e26-8e79-1a29e0b3456f,5b0fa12a-3dd7-45bb-9766-cc326314d9f1,6.975774266989902,6.865653023113945e-05,9.842137604140859e-06,115.45837392960001,71.963475311134,6.0,0.0001262075248797829,0.00015624512499812226,6.519189016738286e-06,0.0002889718388946435,0.0,United Kingdom,GBR,england,,,Linux-6.4.0-150600.23.73_15.0.14-cray_shasta_c_64k-aarch64-with-glibc2.38,3.11.7,3.3.0,72,Neoverse-V2,1,1 x NVIDIA GH200 120GB,-2.5917,51.4535,64,machine,0.0,1.0,25.933333333333334,222.1400349934896,N,1.0,0.0
2026-09-27T03:39:26,mobilenet_v3_small_batch9_node_4_local_train,8de1ed07-78ef-4175-a5e4-684fe7616b32,5b0fa12a-3dd7-45bb-9766-cc326314d9f1,13.725517427083105,0.00018460159988579206,1.344951845105215e-05,115.3442425536,144.71492920893496,6.0,0.00034194515791072325,0.0004271217305955588,7.911843193384509e-06,0.0007769787316996665,0.0,United Kingdom,GBR,england,,,Linux-6.4.0-150600.23.73_15.0.14-cray_shasta_c_64k-aarch64-with-glibc2.38,3.11.7,3.3.0,72,Neoverse-V2,1,1 x NVIDIA GH200 120GB,-2.5917,51.4535,64,machine,2.95,2.2,25.890000000000004,221.68363037109376,N,1.0,0.0
2026-09-27T03:41:45,mobilenet_v3_small_batch9_node_4_evaluate,6367117b-3a18-4850-9f50-5e9e07f058ae,5b0fa12a-3dd7-45bb-9766-cc326314d9f1,35.38207502081059,0.0005543000763322358,1.5666126873740855e-05,115.42341751271677,143.17609035174797,6.0,0.0010350998878047783,0.001266522402104897,3.1398499488132075e-05,0.002333020789397808,0.0,United Kingdom,GBR,england,,,Linux-6.4.0-150600.23.73_15.0.14-cray_shasta_c_64k-aarch64-with-glibc2.38,3.11.7,3.3.0,72,Neoverse-V2,1,1 x NVIDIA GH200 120GB,-2.5917,51.4535,64,machine,0.8375,0.125,25.540624999999984,218.73839378356934,N,1.0,0.0
2026-09-27T03:41:54,mobilenet_v3_small_batch9_node_5_local_train,4fbe89e4-e18c-4201-9f8c-f97d77dc96f4,5b0fa12a-3dd7-45bb-9766-cc326314d9f1,7.884670231956989,8.589874687841938e-05,1.0894399429701851e-05,115.42290951168,74.14730750998113,6.0,0.00015543563306946108,0.00019806904734309683,8.0387701614139e-06,0.0003615434505739718,0.0,United Kingdom,GBR,england,,,Linux-6.4.0-150600.23.73_15.0.14-cray_shasta_c_64k-aarch64-with-glibc2.38,3.11.7,3.3.0,72,Neoverse-V2,1,1 x NVIDIA GH200 120GB,-2.5917,51.4535,64,machine,0.0,7.0,25.575000000000003,218.78463745117188,N,1.0,0.0
2026-09-27T03:42:06,mobilenet_v3_small_batch9_node_5_evaluate,13a978dc-7c22-493a-ae5a-08c1e6cf0511,5b0fa12a-3dd7-45bb-9766-cc326314d9f1,6.862963555846363,6.679312140303694e-05,9.732402169925233e-06,115.5226736736,72.1850529350567,6.0,0.0001226504984055383,0.00015214901060289776,6.329337036780392e-06,0.0002811288460452165,0.0,United Kingdom,GBR,england,,,Linux-6.4.0-150600.23.73_15.0.14-cray_shasta_c_64k-aarch64-with-glibc2.38,3.11.7,3.3.0,72,Neoverse-V2,1,1 x NVIDIA GH200 120GB,-2.5917,51.4535,64,machine,0.0,1.0,26.100000000000005,223.6079305013021,N,1.0,0.0
2026-09-27T03:42:31,mobilenet_v3_small_batch9_node_0_upload,2cfb943d-f4b7-4520-9434-c22a859c0c2a,5b0fa12a-3dd7-45bb-9766-cc326314d9f1,17.181553202914074,0.00023846153838643326,1.3878927915899305e-05,115.20396506880002,140.73557797455945,6.0,0.00045184130847701024,0.0005518257192278497,5.4419230824957295e-09,0.0010036724696279426,0.0,United Kingdom,GBR,england,,,Linux-6.4.0-150600.23.73_15.0.14-cray_shasta_c_64k-aarch64-with-glibc2.38,3.11.7,3.3.0,72,Neoverse-V2,1,1 x NVIDIA GH200 120GB,-2.5917,51.4535,64,machine,2.5285714285714285,0.0,26.28571428571429,225.18140956333704,N,1.0,0.0
2026-09-27T03:42:45,mobilenet_v3_small_batch9_node_1_upload,12319907-3363-400f-a4cb-0a7efbcdf0ce,5b0fa12a-3dd7-45bb-9766-cc326314d9f1,4.070702250115573,1.6993367021116103e-05,4.1745541621555925e-06,115.2030191616,138.7246803204114,6.0,3.2503242989652735e-05,3.9014475660792414e-05,6.4976268913596864e-09,7.152421627733651e-05,0.0,United Kingdom,GBR,england,,,Linux-6.4.0-150600.23.73_15.0.14-cray_shasta_c_64k-aarch64-with-glibc2.38,3.11.7,3.3.0,72,Neoverse-V2,1,1 x NVIDIA GH200 120GB,-2.5917,51.4535,64,machine,0.0,0.0,24.4,209.23199462890625,N,1.0,0.0
2026-09-27T03:43:07,mobilenet_v3_small_batch9_node_5_upload,48392a96-55af-4cc2-a903-e7eceb33edf6,5b0fa12a-3dd7-45bb-9766-cc326314d9f1,3.074604299850762,1.2022961340501953e-07,3.910409330099986e-08,115.20604661760001,0.0,6.0,4.999778275861339e-07,0.0,6.062491641690333e-09,5.060403192278243e-07,0.0,United Kingdom,GBR,england,,,Linux-6.4.0-150600.23.73_15.0.14-cray_shasta_c_64k-aarch64-with-glibc2.38,3.11.7,3.3.0,72,Neoverse-V2,1,1 x NVIDIA GH200 120GB,-2.5917,51.4535,64,machine,0,0,0,0,N,1.0,0.0
2026-09-27T03:43:17,mobilenet_v3_small_batch9_node_0_exchange,d289b663-c684-4571-b641-7a6da9bbfbc8,5b0fa12a-3dd7-45bb-9766-cc326314d9f1,4.100518386112526,1.6993854256634385e-05,4.144318512066304e-06,115.20317208960002,138.56630769977835,6.0,3.2571207976346055e-05,3.894975338880613e-05,5.305661664654811e-09,7.152626702681684e-05,0.0,United Kingdom,GBR,england,,,Linux-6.4.0-150600.23.73_15.0.14-cray_shasta_c_64k-aarch64-with-glibc2.38,3.11.7,3.3.0,72,Neoverse-V2,1,1 x NVIDIA GH200 120GB,-2.5917,51.4535,64,machine,0.0,0.0,25.9,221.8272705078125,N,1.0,0.0
2026-09-27T03:45:45,mobilenet_v3_small_batch9_node_1_exchange,dc265b66-0217-440b-a327-7a32c4435ca0,5b0fa12a-3dd7-45bb-9766-cc326314d9f1,140.83484150003642,0.0024261997781561432,1.7227269561385603e-05,115.20360963363028,140.28481992160584,6.0,0.004505582057056177,0.005484219665135015,0.00022194957166560929,0.0102117512938568,0.0,United Kingdom,GBR,england,,,Linux-6.4.0-150600.23.73_15.0.14-cray_shasta_c_64k-aarch64-with-glibc2.38,3.11.7,3.3.0,72,Neoverse-V2,1,1 x NVIDIA GH200 120GB,-2.5917,51.4535,64,machine,1.3085714285714283,0.0,25.452142857142867,217.96130153111048,N,1.0,0.0
2026-09-27T03:46:09,mobilenet_v3_small_batch9_node_2_exchange,bb8e7507-8478-421e-89ce-ce25c46e1e65,5b0fa12a-3dd7-45bb-9766-cc326314d9f1,9.03499643993564,0.00010074936228725561,1.1151012948044205e-05,115.2021269952,141.18780941079117,6.0,0.0001906158821882907,0.0002334274089577093,5.6433049030601986e-09,0.00042404893445090305,0.0,United Kingdom,GBR,england,,,Linux-6.4.0-150600.23.73_15.0.14-cray_shasta_c_64k-aarch64-with-glibc2.38,3.11.7,3.3.0,72,Neoverse-V2,1,1 x NVIDIA GH200 120GB,-2.5917,51.4535,64,machine,0.0,0.0,26.48,226.796630859375,N,1.0,0.0
2026-09-27T03:50:51,mobilenet_v3_small_batch9_node_3_exchange,4d4c7de0-72f9-4924-86cb-a572c3ce336b,5b0fa12a-3dd7-45bb-9766-cc326314d9f1,276.0772267568391,0.004873902509487512,1.7654127313370567e-05,115.20383618604924,133.21215836853017,6.0,0.008833427027696291,0.010752841380053724,0.0009277390146791003,0.02051400742242912,0.0,United Kingdom,GBR,england,,,Linux-6.4.0-150600.23.73_15.0.14-cray_shasta_c_64k-aarch64-with-glibc2.38,3.11.7,3.3.0,72,Neoverse-V2,1,1 x NVIDIA GH200 120GB,-2.5917,51.4535,64,machine,1.3818840579710145,0.0,25.542028985507276,218.7713711503623,N,1.0,0.0
2026-09-27T03:50:56,mobilenet_v3_small_batch9_node_4_exchange,7d0bbb29-908f-40e1-a3b8-b8195da6fdf6,5b0fa12a-3dd7-45bb-9766-cc326314d9f1,4.098734359955415,1.7008576271832052e-05,4.149714223494364e-06,115.20692426880001,139.1290015893192,6.0,3.248536522921585e-05,3.909697572623827e-05,5.890283500775695e-09,7.158823123895488e-05,0.0,United Kingdom,GBR,england,,,Linux-6.4.0-150600.23.73_15.0.14-cray_shasta_c_64k-aarch64-with-glibc2.38,3.11.7,3.3.0,72,Neoverse-V2,1,1 x NVIDIA GH200 120GB,-2.5917,51.4535,64,machine,0.0,0.0,25.7,219.86260986328125,N,1.0,0.0
2026-09-27T03:51:10,mobilenet_v3_small_batch9_node_5_exchange,0fa29216-5dd6-4b5e-bdab-0da7a47c6214,5b0fa12a-3dd7-45bb-9766-cc326314d9f1,8.452880593016744,8.99640099053665e-05,1.064300020749013e-05,115.20756587520002,139.03415348112537,6.0,0.00017166941343622848,0.0002069604433359018,2.4078828282654284e-08,0.00037865393560041296,0.0,United Kingdom,GBR,england,,,Linux-6.4.0-150600.23.73_15.0.14-cray_shasta_c_64k-aarch64-with-glibc2.38,3.11.7,3.3.0,72,Neoverse-V2,1,1 x NVIDIA GH200 120GB,-2.5917,51.4535,64,machine,0.0,0.0,26.2,224.5522705078125,N,1.0,0.0
2026-09-27T03:51:22,mobilenet_v3_small_batch9_node_0_evaluate,888d8e81-111f-48eb-b794-f2da6653cccb,5b0fa12a-3dd7-45bb-9766-cc326314d9f1,6.880232789088041,6.686719266052604e-05,9.718739861037338e-06,115.413567192,71.79795354999392,6.0,0.00012302695438706432,0.0001520545660866901,6.359087721599886e-06,0.0002814406081953543,0.0,United Kingdom,GBR,england,,,Linux-6.4.0-150600.23.73_15.0.14-cray_shasta_c_64k-aarch64-with-glibc2.38,3.11.7,3.3.0,72,Neoverse-V2,1,1 x NVIDIA GH200 120GB,-2.5917,51.4535,64,machine,0.0,1.0,26.0,222.62748209635416,N,1.0,0.0
2026-09-27T03:52:15,mobilenet_v3_small_batch9_node_1_evaluate,7a02d46d-557e-479e-a9ae-c8f59a405f04,5b0fa12a-3dd7-45bb-9766-cc326314d9f1,13.991233291802928,0.0001876247036368979,1.3410161900939924e-05,115.6634464896,143.43652234536324,6.0,0.0003508958422782032,0.0004324047903594419,6.40218877621616e-06,0.0007897028214138614,0.0,United Kingdom,GBR,england,,,Linux-6.4.0-150600.23.73_15.0.14-cray_shasta_c_64k-aarch64-with-glibc2.38,3.11.7,3.3.0,72,Neoverse-V2,1,1 x NVIDIA GH200 120GB,-2.5917,51.4535,64,machine,5.470000000000001,0.2,26.320000000000004,225.26802978515624,N,1.0,0.0
2026-09-27T03:53:34,mobilenet_v3_small_batch9_node_2_evaluate,9418d3e6-c582-4773-9749-28e84cb8aeb6,5b0fa12a-3dd7-45bb-9766-cc326314d9f1,73.01890763803385,0.001207563414418495,1.6537681177107932e-05,115.3295848680202,141.08973411171362,6.0,0.0022397627506355513,0.002737954412594945,0.00010485574384219945,0.005082572907072697,0.0,United Kingdom,GBR,england,,,Linux-6.4.0-150600.23.73_15.0.14-cray_shasta_c_64k-aarch64-with-glibc2.38,3.11.7,3.3.0,72,Neoverse-V2,1,1 x NVIDIA GH200 120GB,-2.5917,51.4535,64,machine,1.518840579710145,0.043478260869565216,25.931884057971008,222.1118066760077,N,1.0,0.0
2026-09-27T03:53:48,mobilenet_v3_small_batch9_node_3_evaluate,8f417249-d77d-45e9-bef5-d6a85d221d92,5b0fa12a-3dd7-45bb-9766-cc326314d9f1,12.43074824521318,0.00016093275433288093,1.2946344914905081e-05,115.51617383616001,142.70996569908363,6.0,0.0003007648607381003,0.00037013251832718197,6.4603872154839335e-06,0.0006773577662807661,0.0,United Kingdom,GBR,england,,,Linux-6.4.0-150600.23.73_15.0.14-cray_shasta_c_64k-aarch64-with-glibc2.38,3.11.7,3.3.0,72,Neoverse-V2,1,1 x NVIDIA GH200 120GB,-2.5917,51.4535,64,machine,4.377777777777778,0.3333333333333333,24.577777777777776,210.36307779947916,N,1.0,0.0
2026-09-27T03:53:56,mobilenet_v3_small_batch9_node_4_evaluate,ba5cc981-95d0-4e9f-9046-8006c7e6c9d2,5b0fa12a-3dd7-45bb-9766-cc326314d9f1,6.959824072895572,6.85237404263079e-05,9.845613870207962e-06,115.5253585968,72.2085609759801,6.0,0.00012580420822531685,0.00015611595821951596,6.4927669245904936e-06,0.0002884129333694233,0.0,United Kingdom,GBR,england,,,Linux-6.4.0-150600.23.73_15.0.14-cray_shasta_c_64k-aarch64-with-glibc2.38,3.11.7,3.3.0,72,Neoverse-V2,1,1 x NVIDIA GH200 120GB,-2.5917,51.4535,64,machine,0.0,0.6666666666666666,25.8,220.75286865234375,N,1.0,0.0
2026-09-27T03:56:10,mobilenet_v3_small_batch9_node_5_evaluate,863ea9e4-ba95-416f-9cc6-303fadd60e87,5b0fa12a-3dd7-45bb-9766-cc326314d9f1,7.880282372003421,8.465575168951755e-05,1.0742730741512164e-05,115.51870052640001,148.22192199466804,6.0,0.0001550638290786739,0.00019492376705443348,6.324150999619936e-06,0.0003563117471327273,0.0,United Kingdom,GBR,england,,,Linux-6.4.0-150600.23.73_15.0.14-cray_shasta_c_64k-aarch64-with-glibc2.38,3.11.7,3.3.0,72,Neoverse-V2,1,1 x NVIDIA GH200 120GB,-2.5917,51.4535,64,machine,0.0,0.5,26.2,224.36663818359375,N,1.0,0.0
2026-09-27T03:56:26,efficientnet_lite0_batch9_node_0_local_train,02d5cca2-56bc-439b-aaa3-a445029446af,5b0fa12a-3dd7-45bb-9766-cc326314d9f1,8.105642525013536,9.45186202304915e-05,1.166084242412771e-05,115.43746250304,156.8446340737512,6.0,0.00016202352111144584,0.00022970740597827444,6.093131391486774e-06,0.00039782405848120704,0.0,United Kingdom,GBR,england,,,Linux-6.4.0-150600.23.73_15.0.14-cray_shasta_c_64k-aarch64-with-glibc2.38,3.11.7,3.3.0,72,Neoverse-V2,1,1 x NVIDIA GH200 120GB,-2.5917,51.4535,64,machine,0.0,8.4,26.639999999999997,227.79920654296876,N,1.0,0.0
2026-09-27T03:56:53,efficientnet_lite0_batch9_node_0_evaluate,ae768987-f767-4c87-88c1-1cb9f86dc914,5b0fa12a-3dd7-45bb-9766-cc326314d9f1,13.831272236071527,0.0001863339139092439,1.347192873720545e-05,115.36517371885716,146.20892707628093,6.0,0.00034549146492037397,0.0004323256236347106,6.452864638219278e-06,0.000784269953193304,0.0,United Kingdom,GBR,england,,,Linux-6.4.0-150600.23.73_15.0.14-cray_shasta_c_64k-aarch64-with-glibc2.38,3.11.7,3.3.0,72,Neoverse-V2,1,1 x NVIDIA GH200 120GB,-2.5917,51.4535,64,machine,0.0,0.8,26.369999999999997,225.94496459960936,N,1.0,0.0
2026-09-27T03:57:36,efficientnet_lite0_batch9_node_1_local_train,9ef5fac3-3484-4571-aec0-4c2e0d140b63,5b0fa12a-3dd7-45bb-9766-cc326314d9f1,11.903872282011434,0.00015812142536070857,1.3283192360829857e-05,115.26147321984001,153.60356883079183,6.0,0.0002834598836004901,0.0003751225223140864,6.94261991030847e-06,0.0006655250258248849,0.0,United Kingdom,GBR,england,,,Linux-6.4.0-150600.23.73_15.0.14-cray_shasta_c_64k-aarch64-with-glibc2.38,3.11.7,3.3.0,72,Neoverse-V2,1,1 x NVIDIA GH200 120GB,-2.5917,51.4535,64,machine,0.0,4.5,24.800000000000004,212.63182830810547,N,1.0,0.0
2026-09-27T03:58:00,efficientnet_lite0_batch9_node_1_evaluate,7be37258-da70-43c3-a8e4-fdad37ce6ec9,5b0fa12a-3dd7-45bb-9766-cc326314d9f1,9.512577006826177,0.00011370388278099924,1.1953005237109346e-05,115.37831162880002,146.8698249721037,6.0,0.000207064922397963,0.0002650338231404703,6.475105864616732e-06,0.00047857385140305,0.0,United Kingdom,GBR,england,,,Linux-6.4.0-150600.23.73_15.0.14-cray_shasta_c_64k-aarch64-with-glibc2.38,3.11.7,3.3.0,72,Neoverse-V2,1,1 x NVIDIA GH200 120GB,-2.5917,51.4535,64,machine,0.0,2.6666666666666665,26.349999999999998,225.9059855143229,N,1.0,0.0
2026-09-27T03:59:43,efficientnet_lite0_batch9_node_2_local_train,5be42a07-bffd-4a4e-ab9b-f8798d7035ae,5b0fa12a-3dd7-45bb-9766-cc326314d9f1,15.498026471817866,0.00022338669161596746,1.44138798589731e-05,115.36789896000002,156.5176390651548,6.0,0.000398907178782273,0.0005326129260936341,8.703102494667595e-06,0.0009402232073705747,0.0,United Kingdom,GBR,england,,,Linux-6.4.0-150600.23.73_15.0.14-cray_shasta_c_64k-aarch64-with-glibc2.38,3.11.7,3.3.0,72,Neoverse-V2,1,1 x NVIDIA GH200 120GB,-2.5917,51.4535,64,machine,0.0,5.833333333333333,25.383333333333336,217.48047892252603,N,1.0,0.0
2026-09-27T04:00:20,efficientnet_lite0_batch9_node_2_evaluate,7a3da312-f02c-44d3-84fa-f2e5f264f815,5b0fa12a-3dd7-45bb-9766-cc326314d9f1,22.204366269055754,0.0003335467331115294,1.5021673173188632e-05,115.33341999024002,97.68116456756245,6.0,0.0006132379512236902,0.0007590469961229473,3.1596263953251766e-05,0.0014038812112998893,0.0,United Kingdom,GBR,england,,,Linux-6.4.0-150600.23.73_15.0.14-cray_shasta_c_64k-aarch64-with-glibc2.38,3.11.7,3.3.0,72,Neoverse-V2,1,1 x NVIDIA GH200 120GB,-2.5917,51.4535,64,machine,1.3842105263157896,0.6842105263157895,26.43684210526316,226.50529720908716,N,1.0,0.0
2026-09-27T04:00:29,efficientnet_lite0_batch9_node_3_local_train,888d3d92-e7b2-4cef-84da-06aa4ffabfb1,5b0fa12a-3dd7-45bb-9766-cc326314d9f1,7.380824849940836,8.319329776286587e-05,1.127154477368918e-05,115.28065754496001,85.54009919430173,6.0,0.00013889061674184533,0.00020410127439163261,7.164461908396334e-06,0.0003501563530418743,0.0,United Kingdom,GBR,england,,,Linux-6.4.0-150600.23.73_15.0.14-cray_shasta_c_64k-aarch64-with-glibc2.38,3.11.7,3.3.0,72,Neoverse-V2,1,1 x NVIDIA GH200 120GB,-2.5917,51.4535,64,machine,0.0,14.0,24.775,212.12332153320312,N,1.0,0.0
2026-09-27T04:00:38,efficientnet_lite0_batch9_node_3_evaluate,a5941c55-9a7e-4632-bf56-9facd9ca05d6,5b0fa12a-3dd7-45bb-9766-cc326314d9f1,6.989077829057351,7.144705333068154e-05,1.0222672443800492e-05,115.35335775360001,77.06819312191759,6.0,0.00012637352460183928,0.0001678018008988147,6.541682991664856e-06,0.00030071700849231887,0.0,United Kingdom,GBR,england,,,Linux-6.4.0-150600.23.73_15.0.14-cray_shasta_c_64k-aarch64-with-glibc2.38,3.11.7,3.3.0,72,Neoverse-V2,1,1 x NVIDIA GH200 120GB,-2.5917,51.4535,64,machine,0.0,3.3333333333333335,25.666666666666668,219.5956827799479,N,1.0,0.0
2026-09-27T04:00:55,efficientnet_lite0_batch9_node_4_local_train,4c017857-ab6e-44af-98eb-8c6f3692081d,5b0fa12a-3dd7-45bb-9766-cc326314d9f1,12.761756742140278,0.00017192574081809867,1.3471949379068399e-05,115.311207816,156.19075365136985,6.0,0.0003109007071234373,0.00040722838134854555,5.497598024861267e-06,0.0007236266864968441,0.0,United Kingdom,GBR,england,,,Linux-6.4.0-150600.23.73_15.0.14-cray_shasta_c_64k-aarch64-with-glibc2.38,3.11.7,3.3.0,72,Neoverse-V2,1,1 x NVIDIA GH200 120GB,-2.5917,51.4535,64,machine,0.0,3.2222222222222223,26.46666666666667,226.5805460611979,N,1.0,0.0
2026-09-27T04:01:41,efficientnet_lite0_batch9_node_4_evaluate,e69083f2-9d18-4d01-bfec-4099ccdc829f,5b0fa12a-3dd7-45bb-9766-cc326314d9f1,7.914302954915911,8.67209251065578e-05,1.0957493742729641e-05,115.44162261120002,151.06869660182468,6.0,0.00015614736073673249,0.0002024657175354605,6.390878588426858e-06,0.00036500395686061985,0.0,United Kingdom,GBR,england,,,Linux-6.4.0-150600.23.73_15.0.14-cray_shasta_c_64k-aarch64-with-glibc2.38,3.11.7,3.3.0,72,Neoverse-V2,1,1 x NVIDIA GH200 120GB,-2.5917,51.4535,64,machine,0.0,3.0,26.2,224.3175506591797,N,1.0,0.0
2026-09-27T04:01:55,efficientnet_lite0_batch9_node_5_local_train,808afa3d-16fc-404d-bbc0-7be70dcfbc6d,5b0fa12a-3dd7-45bb-9766-cc326314d9f1,12.385096902027726,0.00016580625146999164,1.3387561904569785e-05,115.2971960009143,156.14832875784498,6.0,0.00029901555625375754,0.00039336642581133674,5.488085446413607e-06,0.0006978700675115078,0.0,United Kingdom,GBR,england,,,Linux-6.4.0-150600.23.73_15.0.14-cray_shasta_c_64k-aarch64-with-glibc2.38,3.11.7,3.3.0,72,Neoverse-V2,1,1 x NVIDIA GH200 120GB,-2.5917,51.4535,64,machine,0.0,4.0,26.56666666666667,227.46434190538196,N,1.0,0.0
2026-09-27T04:02:16,efficientnet_lite0_batch9_node_5_evaluate,7e3f875c-8db5-4a47-ad0b-7e2212d12e85,5b0fa12a-3dd7-45bb-9766-cc326314d9f1,14.48317778389901,0.00019665808004848555,1.3578379205364096e-05,115.35112991664,145.29061316806428,6.0,0.00036599795823094876,0.00045535619763370505,6.369686773202071e-06,0.0008277238426378559,0.0,United Kingdom,GBR,england,,,Linux-6.4.0-150600.23.73_15.0.14-cray_shasta_c_64k-aarch64-with-glibc2.38,3.11.7,3.3.0,72,Neoverse-V2,1,1 x NVIDIA GH200 120GB,-2.5917,51.4535,64,machine,5.7727272727272725,1.3636363636363635,25.91818181818182,221.911865234375,N,1.0,0.0
2026-09-27T04:02:32,efficientnet_lite0_batch9_node_0_upload,10a7beea-58b0-4f3e-8249-dd15b5262aa1,5b0fa12a-3dd7-45bb-9766-cc326314d9f1,4.519307909999043,2.406697045231208e-05,5.3253663905182284e-06,115.20589680000003,135.41893879438527,6.0,4.6608067353179666e-05,5.466309929147428e-05,2.548619833153983e-08,0.0001012966528429855,0.0,United Kingdom,GBR,england,,,Linux-6.4.0-150600.23.73_15.0.14-cray_shasta_c_64k-aarch64-with-glibc2.38,3.11.7,3.3.0,72,Neoverse-V2,1,1 x NVIDIA GH200 120GB,-2.5917,51.4535,64,machine,0.0,0.0,26.0,222.6427001953125,N,1.0,0.0
2026-09-27T04:02:55,efficientnet_lite0_batch9_node_2_upload,709d5a8e-948b-4296-9033-ff8ce4f4c65c,5b0fa12a-3dd7-45bb-9766-cc326314d9f1,13.086738518904895,0.00016855934072954344,1.2880164181934658e-05,115.20407886545456,139.72126891859043,6.0,0.000320669389764938,0.00038878281101517587,5.479203149055442e-09,0.0007094576799832629,0.0,United Kingdom,GBR,england,,,Linux-6.4.0-150600.23.73_15.0.14-cray_shasta_c_64k-aarch64-with-glibc2.38,3.11.7,3.3.0,72,Neoverse-V2,1,1 x NVIDIA GH200 120GB,-2.5917,51.4535,64,machine,0.0,0.0,26.349999999999994,225.74911499023438,N,1.0,0.0
2026-09-27T04:03:28,mobilevit_xxs_batch9_node_0_local_train,f2e3095a-625c-4cc3-9e35-8a0c88fd509b,5b0fa12a-3dd7-45bb-9766-cc326314d9f1,15.303701253142208,0.0002155232917016218,1.4083082787398887e-05,115.38035624777145,149.46857727723983,6.0,0.0003923808331110707,0.0005052873486874887,9.458375835092738e-06,0.0009071265576336522,0.0,United Kingdom,GBR,england,,,Linux-6.4.0-150600.23.73_15.0.14-cray_shasta_c_64k-aarch64-with-glibc2.38,3.11.7,3.3.0,72,Neoverse-V2,1,1 x NVIDIA GH200 120GB,-2.5917,51.4535,64,machine,0.0,7.75,25.21666666666667,215.89395650227866,N,1.0,0.0
2026-09-27T04:03:40,mobilevit_xxs_batch9_node_0_evaluate,9607406c-9f94-4f76-855d-095d2d1fb438,5b0fa12a-3dd7-45bb-9766-cc326314d9f1,11.554646169068292,0.00014745327868384518,1.2761384167572054e-05,115.59541644288001,145.02854811298556,6.0,0.00027289351498133483,0.00034114277291052986,6.587051925404618e-06,0.0006206233398172692,0.0,United Kingdom,GBR,england,,,Linux-6.4.0-150600.23.73_15.0.14-cray_shasta_c_64k-aarch64-with-glibc2.38,3.11.7,3.3.0,72,Neoverse-V2,1,1 x NVIDIA GH200 120GB,-2.5917,51.4535,64,machine,0.0,2.0,26.587499999999995,227.83316040039062,N,1.0,0.0
2026-09-27T04:04:09,mobilevit_xxs_batch9_node_1_local_train,ba93b701-bc7a-461f-a8e8-0bf00a6e9c5d,5b0fa12a-3dd7-45bb-9766-cc326314d9f1,10.144989546854049,0.00013043222053312804,1.2856811722745928e-05,115.36869561737143,150.1501268956676,6.0,0.00022752922607541,0.0003113452490737245,1.0108097836685678e-05,0.0005489825729858202,0.0,United Kingdom,GBR,england,,,Linux-6.4.0-150600.23.73_15.0.14-cray_shasta_c_64k-aarch64-with-glibc2.38,3.11.7,3.3.0,72,Neoverse-V2,1,1 x NVIDIA GH200 120GB,-2.5917,51.4535,64,machine,4.257142857142857,14.857142857142858,25.95714285714286,222.54175676618303,N,1.0,0.0
2026-09-27T04:04:21,mobilevit_xxs_batch9_node_1_evaluate,32ad0a9a-fecb-45fd-907e-1af58acb9363,5b0fa12a-3dd7-45bb-9766-cc326314d9f1,10.798498274991289,0.00013431905098669668,1.2438678746448662e-05,115.48299860352,145.4967582283531,6.0,0.0002487026849669982,0.0003100452480282456,6.5941114036832e-06,0.0005653420443989271,0.0,United Kingdom,GBR,england,,,Linux-6.4.0-150600.23.73_15.0.14-cray_shasta_c_64k-aarch64-with-glibc2.38,3.11.7,3.3.0,72,Neoverse-V2,1,1 x NVIDIA GH200 120GB,-2.5917,51.4535,64,machine,1.6857142857142857,1.1428571428571428,24.97142857142857,213.68109130859375,N,1.0,0.0
2026-09-27T04:04:40,mobilevit_xxs_batch9_node_2_local_train,466609c2-fadd-4fc8-990d-1bfca8ac6875,5b0fa12a-3dd7-45bb-9766-cc326314d9f1,11.327519346028566,0.00015391297835361202,1.358752729983851e-05,115.41019674240002,80.41426030528342,6.0,0.0002655634929308575,0.00036849557257312426,1.3752821214729922e-05,0.0006478118867187118,0.0,United Kingdom,GBR,england,,,Linux-6.4.0-150600.23.73_15.0.14-cray_shasta_c_64k-aarch64-with-glibc2.38,3.11.7,3.3.0,72,Neoverse-V2,1,1 x NVIDIA GH200 120GB,-2.5917,51.4535,64,machine,5.5625,11.0,26.762500000000003,229.40319061279297,N,1.0,0.0
2026-09-27T04:04:54,mobilevit_xxs_batch9_node_2_evaluate,7bfc1439-e1d7-4377-a7e7-34a01aa6f279,5b0fa12a-3dd7-45bb-9766-cc326314d9f1,7.169319479027763,7.343420154662092e-05,1.0242841285206527e-05,115.45228329984002,74.4236906826136,6.0,0.0001325175574513982,0.00016971541356269881,6.847843108698726e-06,0.00030908081412279575,0.0,United Kingdom,GBR,england,,,Linux-6.4.0-150600.23.73_15.0.14-cray_shasta_c_64k-aarch64-with-glibc2.38,3.11.7,3.3.0,72,Neoverse-V2,1,1 x NVIDIA GH200 120GB,-2.5917,51.4535,64,machine,0.0,4.0,26.625,228.07022094726562,N,1.0,0.0
2026-09-27T04:05:41,mobilevit_xxs_batch9_node_3_local_train,0e1d3614-7c7d-430d-9213-3a6bef3741f7,5b0fa12a-3dd7-45bb-9766-cc326314d9f1,37.850880848942325,0.000638315177695422,1.6863945128327405e-05,115.37971274035863,149.65121500582694,6.0,0.001180826742742996,0.0014695278422607316,3.62814869331972e-05,0.002686636071936925,0.0,United Kingdom,GBR,england,,,Linux-6.4.0-150600.23.73_15.0.14-cray_shasta_c_64k-aarch64-with-glibc2.38,3.11.7,3.3.0,72,Neoverse-V2,1,1 x NVIDIA GH200 120GB,-2.5917,51.4535,64,machine,1.0441176470588236,1.5,25.826470588235303,221.19904282513787,N,1.0,0.0
2026-09-27T04:05:50,mobilevit_xxs_batch9_node_3_evaluate,a24de6e1-3bde-4be8-b209-6a0df0fffe1f,5b0fa12a-3dd7-45bb-9766-cc326314d9f1,7.0435962388291955,7.144989296017618e-05,1.0143950694716818e-05,115.45359713280001,74.99754061277866,6.0,0.00012846796499541967,0.00016562929916119629,6.631696191616357e-06,0.00030072896034823236,0.0,United Kingdom,GBR,england,,,Linux-6.4.0-150600.23.73_15.0.14-cray_shasta_c_64k-aarch64-with-glibc2.38,3.11.7,3.3.0,72,Neoverse-V2,1,1 x NVIDIA GH200 120GB,-2.5917,51.4535,64,machine,0.0,4.0,27.23333333333333,233.28926595052084,N,1.0,0.0
2026-09-27T04:06:10,mobilevit_xxs_batch9_node_4_local_train,c2e0c235-eb8e-41b7-83a9-876baa718ef6,5b0fa12a-3dd7-45bb-9766-cc326314d9f1,13.713792925002053,0.0001890230490397813,1.3783425932818873e-05,115.3229008032,150.70065526299115,6.0,0.00034163606206521677,0.0004453150784797799,8.637245448383812e-06,0.0007955883859933806,0.0,United Kingdom,GBR,england,,,Linux-6.4.0-150600.23.73_15.0.14-cray_shasta_c_64k-aarch64-with-glibc2.38,3.11.7,3.3.0,72,Neoverse-V2,1,1 x NVIDIA GH200 120GB,-2.5917,51.4535,64,machine,12.069999999999999,7.0,25.050000000000004,214.75032958984374,N,1.0,0.0
2026-09-27T04:06:22,mobilevit_xxs_batch9_node_4_evaluate,863b92ba-527e-43a6-bf5c-e16edd416b55,5b0fa12a-3dd7-45bb-9766-cc326314d9f1,6.976585491094738,6.989431584720218e-05,1.0018413153027191e-05,115.46957797920001,74.28708214788058,6.0,0.00012630606084882985,0.0001613534624169688,6.522092243346075e-06,0.0002941816155091447,0.0,United Kingdom,GBR,england,,,Linux-6.4.0-150600.23.73_15.0.14-cray_shasta_c_64k-aarch64-with-glibc2.38,3.11.7,3.3.0,72,Neoverse-V2,1,1 x NVIDIA GH200 120GB,-2.5917,51.4535,64,machine,0.0,3.0,26.133333333333336,223.73881022135416,N,1.0,0.0
2026-09-27T04:07:08,mobilevit_xxs_batch9_node_5_local_train,43f024c9-1d07-41af-88b5-f918dc34c2ab,5b0fa12a-3dd7-45bb-9766-cc326314d9f1,9.346560786943883,0.00011552710532582171,1.2360386666205644e-05,115.34393764800001,149.77094539443956,6.0,0.00020198860440818412,0.0002754688314894338,8.790266335320969e-06,0.0004862477022329389,0.0,United Kingdom,GBR,england,,,Linux-6.4.0-150600.23.73_15.0.14-cray_shasta_c_64k-aarch64-with-glibc2.38,3.11.7,3.3.0,72,Neoverse-V2,1,1 x NVIDIA GH200 120GB,-2.5917,51.4535,64,machine,0.0,8.5,24.8,212.40899658203125,N,1.0,0.0
