round_idx,node_id,phase,head,class_name,precision,recall,f1,support
0,node_0,mesh,crop,Apple,0.75,0.2727272727272727,0.4,11
0,node_0,mesh,crop,Corn,0.75,1.0,0.8571428571428571,12
0,node_0,mesh,crop,Grape,1.0,0.6666666666666666,0.8,3
0,node_0,mesh,crop,"Pepper,_bell",0.0,0.0,0.0,0
0,node_0,mesh,crop,Potato,0.2857142857142857,0.6666666666666666,0.4,3
0,node_0,mesh,crop,Tomato,0.0,0.0,0.0,0
0,node_0,mesh,disease,Apple_scab,0.75,0.6,0.6666666666666666,10
0,node_0,mesh,disease,Cedar_apple_rust,0.0,0.0,0.0,1
0,node_0,mesh,disease,healthy,1.0,0.6666666666666666,0.8,3
0,node_0,mesh,disease,Cercospora_leaf_spot Gray_leaf_spot,0.25,0.3333333333333333,0.2857142857142857,3
0,node_0,mesh,disease,Common_rust,0.0,0.0,0.0,0
0,node_0,mesh,disease,Northern_Leaf_Blight,0.5454545454545454,0.6666666666666666,0.6,9
0,node_0,mesh,disease,Black_rot,0.0,0.0,0.0,0
0,node_0,mesh,disease,Bacterial_spot,0.0,0.0,0.0,0
0,node_0,mesh,disease,Early_blight,0.0,0.0,0.0,1
0,node_0,mesh,disease,Late_blight,0.0,0.0,0.0,2
0,node_0,mesh,disease,Leaf_Mold,0.0,0.0,0.0,0
0,node_0,mesh,disease,Septoria_leaf_spot,0.0,0.0,0.0,0
0,node_0,mesh,disease,Tomato_Yellow_Leaf_Curl_Virus,0.0,0.0,0.0,0
0,node_0,mesh,disease,Tomato_mosaic_virus,0.0,0.0,0.0,0
0,node_0,mesh,pair,Apple___Apple_scab,0.75,0.3,0.42857142857142855,10
0,node_0,mesh,pair,Apple___Cedar_apple_rust,0.0,0.0,0.0,1
0,node_0,mesh,pair,Apple___healthy,0.0,0.0,0.0,0
0,node_0,mesh,pair,Corn___Cercospora_leaf_spot Gray_leaf_spot,0.25,0.3333333333333333,0.2857142857142857,3
0,node_0,mesh,pair,Corn___Common_rust,0.0,0.0,0.0,0
0,node_0,mesh,pair,Corn___Northern_Leaf_Blight,0.6,0.6666666666666666,0.631578947368421,9
0,node_0,mesh,pair,Grape___Black_rot,0.0,0.0,0.0,0
0,node_0,mesh,pair,Grape___healthy,1.0,0.6666666666666666,0.8,3
0,node_0,mesh,pair,"Pepper,_bell___Bacterial_spot",0.0,0.0,0.0,0
0,node_0,mesh,pair,"Pepper,_bell___healthy",0.0,0.0,0.0,0
0,node_0,mesh,pair,Potato___Early_blight,0.0,0.0,0.0,1
0,node_0,mesh,pair,Potato___Late_blight,0.0,0.0,0.0,2
0,node_0,mesh,pair,Tomato___Bacterial_spot,0.0,0.0,0.0,0
0,node_0,mesh,pair,Tomato___Early_blight,0.0,0.0,0.0,0
0,node_0,mesh,pair,Tomato___Late_blight,0.0,0.0,0.0,0
0,node_0,mesh,pair,Tomato___Leaf_Mold,0.0,0.0,0.0,0
0,node_0,mesh,pair,Tomato___Septoria_leaf_spot,0.0,0.0,0.0,0
0,node_0,mesh,pair,Tomato___Tomato_Yellow_Leaf_Curl_Virus,0.0,0.0,0.0,0
0,node_0,mesh,pair,Tomato___Tomato_mosaic_virus,0.0,0.0,0.0,0
0,node_0,mesh,pair,Tomato___healthy,0.0,0.0,0.0,0
0,node_0,mesh,pair,invalid_combo,0.0,0.0,0.0,0
0,node_1,mesh,crop,Apple,0.5882352941176471,0.7692307692307693,0.6666666666666666,13
0,node_1,mesh,crop,Corn,0.8,0.9411764705882353,0.8648648648648649,17
0,node_1,mesh,crop,Grape,0.6666666666666666,0.7142857142857143,0.6896551724137931,14
0,node_1,mesh,crop,"Pepper,_bell",0.0,0.0,0.0,3
0,node_1,mesh,crop,Potato,0.5,0.5,0.5,6
0,node_1,mesh,crop,Tomato,0.7,0.4666666666666667,0.56,15
0,node_1,mesh,disease,Apple_scab,0.0,0.0,0.0,0
0,node_1,mesh,disease,Cedar_apple_rust,0.625,0.7692307692307693,0.6896551724137931,13
0,node_1,mesh,disease,healthy,0.0,0.0,0.0,1
0,node_1,mesh,disease,Cercospora_leaf_spot Gray_leaf_spot,0.0,0.0,0.0,2
0,node_1,mesh,disease,Common_rust,0.0,0.0,0.0,0
0,node_1,mesh,disease,Northern_Leaf_Blight,0.7,0.9333333333333333,0.8,15
0,node_1,mesh,disease,Black_rot,0.7058823529411765,0.8571428571428571,0.7741935483870968,14
0,node_1,mesh,disease,Bacterial_spot,0.3333333333333333,0.16666666666666666,0.2222222222222222,6
0,node_1,mesh,disease,Early_blight,0.3333333333333333,0.25,0.2857142857142857,4
0,node_1,mesh,disease,Late_blight,0.75,0.6,0.6666666666666666,10
0,node_1,mesh,disease,Leaf_Mold,0.0,0.0,0.0,1
0,node_1,mesh,disease,Septoria_leaf_spot,0.0,0.0,0.0,0
0,node_1,mesh,disease,Tomato_Yellow_Leaf_Curl_Virus,0.0,0.0,0.0,0
0,node_1,mesh,disease,Tomato_mosaic_virus,1.0,0.5,0.6666666666666666,2
0,node_1,mesh,pair,Apple___Apple_scab,0.0,0.0,0.0,0
0,node_1,mesh,pair,Apple___Cedar_apple_rust,0.625,0.7692307692307693,0.6896551724137931,13
0,node_1,mesh,pair,Apple___healthy,0.0,0.0,0.0,0
0,node_1,mesh,pair,Corn___Cercospora_leaf_spot Gray_leaf_spot,0.0,0.0,0.0,2
0,node_1,mesh,pair,Corn___Common_rust,0.0,0.0,0.0,0
0,node_1,mesh,pair,Corn___Northern_Leaf_Blight,0.7,0.9333333333333333,0.8,15
0,node_1,mesh,pair,Grape___Black_rot,0.6666666666666666,0.7142857142857143,0.6896551724137931,14
0,node_1,mesh,pair,Grape___healthy,0.0,0.0,0.0,0
0,node_1,mesh,pair,"Pepper,_bell___Bacterial_spot",0.0,0.0,0.0,3
0,node_1,mesh,pair,"Pepper,_bell___healthy",0.0,0.0,0.0,0
0,node_1,mesh,pair,Potato___Early_blight,0.0,0.0,0.0,0
0,node_1,mesh,pair,Potato___Late_blight,0.6,0.5,0.5454545454545454,6
0,node_1,mesh,pair,Tomato___Bacterial_spot,0.0,0.0,0.0,3
0,node_1,mesh,pair,Tomato___Early_blight,0.3333333333333333,0.25,0.2857142857142857,4
0,node_1,mesh,pair,Tomato___Late_blight,0.3333333333333333,0.25,0.2857142857142857,4
0,node_1,mesh,pair,Tomato___Leaf_Mold,0.0,0.0,0.0,1
0,node_1,mesh,pair,Tomato___Septoria_leaf_spot,0.0,0.0,0.0,0
0,node_1,mesh,pair,Tomato___Tomato_Yellow_Leaf_Curl_Virus,0.0,0.0,0.0,0
0,node_1,mesh,pair,Tomato___Tomato_mosaic_virus,1.0,0.5,0.6666666666666666,2
0,node_1,mesh,pair,Tomato___healthy,0.0,0.0,0.0,1
0,node_1,mesh,pair,invalid_combo,0.0,0.0,0.0,0
0,node_2,mesh,crop,Apple,0.5,0.25,0.3333333333333333,4
0,node_2,mesh,crop,Corn,0.9,0.75,0.8181818181818182,12
0,node_2,mesh,crop,Grape,0.0,0.0,0.0,3
0,node_2,mesh,crop,"Pepper,_bell",1.0,0.3076923076923077,0.47058823529411764,13
0,node_2,mesh,crop,Potato,0.8461538461538461,0.55,0.6666666666666666,20
0,node_2,mesh,crop,Tomato,0.6470588235294118,0.9777777777777777,0.7787610619469026,45
0,node_2,mesh,disease,Apple_scab,0.0,0.0,0.0,2
0,node_2,mesh,disease,Cedar_apple_rust,0.0,0.0,0.0,2
0,node_2,mesh,disease,healthy,1.0,0.5384615384615384,0.7,13
0,node_2,mesh,disease,Cercospora_leaf_spot Gray_leaf_spot,0.0,0.0,0.0,0
0,node_2,mesh,disease,Common_rust,0.0,0.0,0.0,0
0,node_2,mesh,disease,Northern_Leaf_Blight,1.0,0.8333333333333334,0.9090909090909091,12
0,node_2,mesh,disease,Black_rot,0.0,0.0,0.0,1
0,node_2,mesh,disease,Bacterial_spot,0.0,0.0,0.0,3
0,node_2,mesh,disease,Early_blight,0.48148148148148145,0.65,0.5531914893617021,20
0,node_2,mesh,disease,Late_blight,0.6060606060606061,0.8,0.6896551724137931,25
0,node_2,mesh,disease,Leaf_Mold,1.0,0.6,0.75,5
0,node_2,mesh,disease,Septoria_leaf_spot,0.0,0.0,0.0,1
0,node_2,mesh,disease,Tomato_Yellow_Leaf_Curl_Virus,0.6875,0.8461538461538461,0.7586206896551724,13
0,node_2,mesh,disease,Tomato_mosaic_virus,0.0,0.0,0.0,0
0,node_2,mesh,pair,Apple___Apple_scab,0.0,0.0,0.0,2
0,node_2,mesh,pair,Apple___Cedar_apple_rust,0.0,0.0,0.0,2
0,node_2,mesh,pair,Apple___healthy,0.0,0.0,0.0,0
0,node_2,mesh,pair,Corn___Cercospora_leaf_spot Gray_leaf_spot,0.0,0.0,0.0,0
0,node_2,mesh,pair,Corn___Common_rust,0.0,0.0,0.0,0
0,node_2,mesh,pair,Corn___Northern_Leaf_Blight,1.0,0.75,0.8571428571428571,12
0,node_2,mesh,pair,Grape___Black_rot,0.0,0.0,0.0,1
0,node_2,mesh,pair,Grape___healthy,0.0,0.0,0.0,2
0,node_2,mesh,pair,"Pepper,_bell___Bacterial_spot",0.0,0.0,0.0,3
0,node_2,mesh,pair,"Pepper,_bell___healthy",1.0,0.4,0.5714285714285714,10
0,node_2,mesh,pair,Potato___Early_blight,0.6666666666666666,0.42857142857142855,0.5217391304347826,14
0,node_2,mesh,pair,Potato___Late_blight,0.5,0.3333333333333333,0.4,6
0,node_2,mesh,pair,Tomato___Bacterial_spot,0.0,0.0,0.0,0
0,node_2,mesh,pair,Tomato___Early_blight,0.2,0.5,0.2857142857142857,6
0,node_2,mesh,pair,Tomato___Late_blight,0.5517241379310345,0.8421052631578947,0.6666666666666666,19
0,node_2,mesh,pair,Tomato___Leaf_Mold,1.0,0.6,0.75,5
0,node_2,mesh,pair,Tomato___Septoria_leaf_spot,0.0,0.0,0.0,1
0,node_2,mesh,pair,Tomato___Tomato_Yellow_Leaf_Curl_Virus,0.6875,0.8461538461538461,0.7586206896551724,13
0,node_2,mesh,pair,Tomato___Tomato_mosaic_virus,0.0,0.0,0.0,0
0,node_2,mesh,pair,Tomato___healthy,0.0,0.0,0.0,1
0,node_2,mesh,pair,invalid_combo,0.0,0.0,0.0,0
0,node_3,mesh,crop,Apple,0.8620689655172413,0.8333333333333334,0.847457627118644,30
0,node_3,mesh,crop,Corn,0.0,0.0,0.0,1
0,node_3,mesh,crop,Grape,0.8888888888888888,1.0,0.9411764705882353,8
0,node_3,mesh,crop,"Pepper,_bell",0.5,1.0,0.6666666666666666,5
0,node_3,mesh,crop,Potato,0.8888888888888888,0.6666666666666666,0.7619047619047619,12
0,node_3,mesh,crop,Tomato,0.7575757575757576,0.7352941176470589,0.746268656716418,34
0,node_3,mesh,disease,Apple_scab,0.7,0.6363636363636364,0.6666666666666666,11
0,node_3,mesh,disease,Cedar_apple_rust,0.8,0.6666666666666666,0.7272727272727273,6
0,node_3,mesh,disease,healthy,0.6666666666666666,0.9166666666666666,0.7719298245614035,24
0,node_3,mesh,disease,Cercospora_leaf_spot Gray_leaf_spot,0.0,0.0,0.0,0
0,node_3,mesh,disease,Common_rust,0.0,0.0,0.0,0
0,node_3,mesh,disease,Northern_Leaf_Blight,0.0,0.0,0.0,1
0,node_3,mesh,disease,Black_rot,0.0,0.0,0.0,0
0,node_3,mesh,disease,Bacterial_spot,0.375,0.25,0.3,12
0,node_3,mesh,disease,Early_blight,0.5789473684210527,0.7333333333333333,0.6470588235294118,15
0,node_3,mesh,disease,Late_blight,0.0,0.0,0.0,2
0,node_3,mesh,disease,Leaf_Mold,0.0,0.0,0.0,1
0,node_3,mesh,disease,Septoria_leaf_spot,0.4,0.3333333333333333,0.36363636363636365,6
0,node_3,mesh,disease,Tomato_Yellow_Leaf_Curl_Virus,1.0,0.25,0.4,4
0,node_3,mesh,disease,Tomato_mosaic_virus,0.4444444444444444,0.5,0.47058823529411764,8
0,node_3,mesh,pair,Apple___Apple_scab,0.7777777777777778,0.6363636363636364,0.7,11
0,node_3,mesh,pair,Apple___Cedar_apple_rust,1.0,0.5,0.6666666666666666,6
0,node_3,mesh,pair,Apple___healthy,0.7857142857142857,0.8461538461538461,0.8148148148148148,13
0,node_3,mesh,pair,Corn___Cercospora_leaf_spot Gray_leaf_spot,0.0,0.0,0.0,0
0,node_3,mesh,pair,Corn___Common_rust,0.0,0.0,0.0,0
0,node_3,mesh,pair,Corn___Northern_Leaf_Blight,0.0,0.0,0.0,1
0,node_3,mesh,pair,Grape___Black_rot,0.0,0.0,0.0,0
0,node_3,mesh,pair,Grape___healthy,1.0,1.0,1.0,8
0,node_3,mesh,pair,"Pepper,_bell___Bacterial_spot",0.5,0.5,0.5,2
0,node_3,mesh,pair,"Pepper,_bell___healthy",0.5,0.6666666666666666,0.5714285714285714,3
0,node_3,mesh,pair,Potato___Early_blight,0.7777777777777778,0.6363636363636364,0.7,11
0,node_3,mesh,pair,Potato___Late_blight,0.0,0.0,0.0,1
0,node_3,mesh,pair,Tomato___Bacterial_spot,0.3333333333333333,0.2,0.25,10
0,node_3,mesh,pair,Tomato___Early_blight,0.2,0.25,0.2222222222222222,4
0,node_3,mesh,pair,Tomato___Late_blight,0.0,0.0,0.0,1
0,node_3,mesh,pair,Tomato___Leaf_Mold,0.0,0.0,0.0,1
0,node_3,mesh,pair,Tomato___Septoria_leaf_spot,0.5,0.3333333333333333,0.4,6
0,node_3,mesh,pair,Tomato___Tomato_Yellow_Leaf_Curl_Virus,1.0,0.25,0.4,4
0,node_3,mesh,pair,Tomato___Tomato_mosaic_virus,0.4444444444444444,0.5,0.47058823529411764,8
0,node_3,mesh,pair,Tomato___healthy,0.0,0.0,0.0,0
0,node_3,mesh,pair,invalid_combo,0.0,0.0,0.0,0
0,node_4,mesh,crop,Apple,0.75,0.5454545454545454,0.631578947368421,11
0,node_4,mesh,crop,Corn,0.8275862068965517,0.96,0.8888888888888888,25
0,node_4,mesh,crop,Grape,0.0,0.0,0.0,2
0,node_4,mesh,crop,"Pepper,_bell",0.8,0.5,0.6153846153846154,8
0,node_4,mesh,crop,Potato,0.7272727272727273,0.6666666666666666,0.6956521739130435,12
0,node_4,mesh,crop,Tomato,0.6333333333333333,0.76,0.6909090909090909,25
0,node_4,mesh,disease,Apple_scab,0.0,0.0,0.0,0
0,node_4,mesh,disease,Cedar_apple_rust,0.0,0.0,0.0,0
0,node_4,mesh,disease,healthy,0.7272727272727273,0.6666666666666666,0.6956521739130435,12
0,node_4,mesh,disease,Cercospora_leaf_spot Gray_leaf_spot,0.5294117647058824,0.75,0.6206896551724138,12
0,node_4,mesh,disease,Common_rust,0.0,0.0,0.0,0
0,node_4,mesh,disease,Northern_Leaf_Blight,0.5454545454545454,0.46153846153846156,0.5,13
0,node_4,mesh,disease,Black_rot,0.0,0.0,0.0,1
0,node_4,mesh,disease,Bacterial_spot,0.5,0.5833333333333334,0.5384615384615384,12
0,node_4,mesh,disease,Early_blight,0.0,0.0,0.0,2
0,node_4,mesh,disease,Late_blight,0.6,0.6923076923076923,0.6428571428571429,13
0,node_4,mesh,disease,Leaf_Mold,0.0,0.0,0.0,1
0,node_4,mesh,disease,Septoria_leaf_spot,0.6153846153846154,0.6153846153846154,0.6153846153846154,13
0,node_4,mesh,disease,Tomato_Yellow_Leaf_Curl_Virus,1.0,0.5,0.6666666666666666,2
0,node_4,mesh,disease,Tomato_mosaic_virus,0.0,0.0,0.0,2
0,node_4,mesh,pair,Apple___Apple_scab,0.0,0.0,0.0,0
0,node_4,mesh,pair,Apple___Cedar_apple_rust,0.0,0.0,0.0,0
0,node_4,mesh,pair,Apple___healthy,0.75,0.5454545454545454,0.631578947368421,11
0,node_4,mesh,pair,Corn___Cercospora_leaf_spot Gray_leaf_spot,0.5294117647058824,0.75,0.6206896551724138,12
0,node_4,mesh,pair,Corn___Common_rust,0.0,0.0,0.0,0
0,node_4,mesh,pair,Corn___Northern_Leaf_Blight,0.5,0.38461538461538464,0.43478260869565216,13
0,node_4,mesh,pair,Grape___Black_rot,0.0,0.0,0.0,1
0,node_4,mesh,pair,Grape___healthy,0.0,0.0,0.0,1
0,node_4,mesh,pair,"Pepper,_bell___Bacterial_spot",0.8,0.5,0.6153846153846154,8
0,node_4,mesh,pair,"Pepper,_bell___healthy",0.0,0.0,0.0,0
0,node_4,mesh,pair,Potato___Early_blight,0.0,0.0,0.0,1
0,node_4,mesh,pair,Potato___Late_blight,0.7,0.6363636363636364,0.6666666666666666,11
0,node_4,mesh,pair,Tomato___Bacterial_spot,0.125,0.25,0.16666666666666666,4
0,node_4,mesh,pair,Tomato___Early_blight,0.0,0.0,0.0,1
0,node_4,mesh,pair,Tomato___Late_blight,0.0,0.0,0.0,2
0,node_4,mesh,pair,Tomato___Leaf_Mold,0.0,0.0,0.0,1
0,node_4,mesh,pair,Tomato___Septoria_leaf_spot,0.6153846153846154,0.6153846153846154,0.6153846153846154,13
0,node_4,mesh,pair,Tomato___Tomato_Yellow_Leaf_Curl_Virus,1.0,0.5,0.6666666666666666,2
0,node_4,mesh,pair,Tomato___Tomato_mosaic_virus,0.0,0.0,0.0,2
0,node_4,mesh,pair,Tomato___healthy,0.0,0.0,0.0,0
0,node_4,mesh,pair,invalid_combo,0.0,0.0,0.0,0
0,node_5,mesh,crop,Apple,0.0,0.0,0.0,4
0,node_5,mesh,crop,Corn,1.0,0.4,0.5714285714285714,5
0,node_5,mesh,crop,Grape,0.5,0.3333333333333333,0.4,6
0,node_5,mesh,crop,"Pepper,_bell",0.0,0.0,0.0,4
0,node_5,mesh,crop,Potato,0.5714285714285714,0.5714285714285714,0.5714285714285714,7
0,node_5,mesh,crop,Tomato,0.7111111111111111,0.9696969696969697,0.8205128205128205,33
0,node_5,mesh,disease,Apple_scab,0.0,0.0,0.0,2
0,node_5,mesh,disease,Cedar_apple_rust,0.0,0.0,0.0,1
0,node_5,mesh,disease,healthy,0.5526315789473685,0.9130434782608695,0.6885245901639344,23
0,node_5,mesh,disease,Cercospora_leaf_spot Gray_leaf_spot,0.0,0.0,0.0,1
0,node_5,mesh,disease,Common_rust,0.0,0.0,0.0,0
0,node_5,mesh,disease,Northern_Leaf_Blight,0.5,0.25,0.3333333333333333,4
0,node_5,mesh,disease,Black_rot,0.0,0.0,0.0,1
0,node_5,mesh,disease,Bacterial_spot,0.0,0.0,0.0,3
0,node_5,mesh,disease,Early_blight,0.375,0.42857142857142855,0.4,7
0,node_5,mesh,disease,Late_blight,0.3333333333333333,0.2857142857142857,0.3076923076923077,7
0,node_5,mesh,disease,Leaf_Mold,0.0,0.0,0.0,3
0,node_5,mesh,disease,Septoria_leaf_spot,0.0,0.0,0.0,4
0,node_5,mesh,disease,Tomato_Yellow_Leaf_Curl_Virus,0.0,0.0,0.0,1
0,node_5,mesh,disease,Tomato_mosaic_virus,0.0,0.0,0.0,2
0,node_5,mesh,pair,Apple___Apple_scab,0.0,0.0,0.0,2
0,node_5,mesh,pair,Apple___Cedar_apple_rust,0.0,0.0,0.0,1
0,node_5,mesh,pair,Apple___healthy,0.0,0.0,0.0,1
0,node_5,mesh,pair,Corn___Cercospora_leaf_spot Gray_leaf_spot,0.0,0.0,0.0,1
0,node_5,mesh,pair,Corn___Common_rust,0.0,0.0,0.0,0
0,node_5,mesh,pair,Corn___Northern_Leaf_Blight,0.5,0.25,0.3333333333333333,4
0,node_5,mesh,pair,Grape___Black_rot,0.0,0.0,0.0,1
0,node_5,mesh,pair,Grape___healthy,0.5,0.4,0.4444444444444444,5
0,node_5,mesh,pair,"Pepper,_bell___Bacterial_spot",0.0,0.0,0.0,2
0,node_5,mesh,pair,"Pepper,_bell___healthy",0.0,0.0,0.0,2
0,node_5,mesh,pair,Potato___Early_blight,0.5,0.5,0.5,4
0,node_5,mesh,pair,Potato___Late_blight,0.6666666666666666,0.6666666666666666,0.6666666666666666,3
0,node_5,mesh,pair,Tomato___Bacterial_spot,0.0,0.0,0.0,1
0,node_5,mesh,pair,Tomato___Early_blight,0.25,0.3333333333333333,0.2857142857142857,3
0,node_5,mesh,pair,Tomato___Late_blight,0.0,0.0,0.0,4
0,node_5,mesh,pair,Tomato___Leaf_Mold,0.0,0.0,0.0,3
0,node_5,mesh,pair,Tomato___Septoria_leaf_spot,0.0,0.0,0.0,4
0,node_5,mesh,pair,Tomato___Tomato_Yellow_Leaf_Curl_Virus,0.0,0.0,0.0,1
0,node_5,mesh,pair,Tomato___Tomato_mosaic_virus,0.0,0.0,0.0,2
0,node_5,mesh,pair,Tomato___healthy,0.42424242424242425,0.9333333333333333,0.5833333333333334,15
0,node_5,mesh,pair,invalid_combo,0.0,0.0,0.0,0
0,node_0,baseline,crop,Apple,0.0,0.0,0.0,11
0,node_0,baseline,crop,Corn,0.41379310344827586,1.0,0.5853658536585366,12
0,node_0,baseline,crop,Grape,0.0,0.0,0.0,3
0,node_0,baseline,crop,"Pepper,_bell",0.0,0.0,0.0,0
0,node_0,baseline,crop,Potato,0.0,0.0,0.0,3
0,node_0,baseline,crop,Tomato,0.0,0.0,0.0,0
0,node_0,baseline,disease,Apple_scab,0.0,0.0,0.0,10
0,node_0,baseline,disease,Cedar_apple_rust,0.0,0.0,0.0,1
0,node_0,baseline,disease,healthy,0.0,0.0,0.0,3
0,node_0,baseline,disease,Cercospora_leaf_spot Gray_leaf_spot,0.1875,1.0,0.3157894736842105,3
0,node_0,baseline,disease,Common_rust,0.0,0.0,0.0,0
0,node_0,baseline,disease,Northern_Leaf_Blight,0.5384615384615384,0.7777777777777778,0.6363636363636364,9
0,node_0,baseline,disease,Black_rot,0.0,0.0,0.0,0
0,node_0,baseline,disease,Bacterial_spot,0.0,0.0,0.0,0
0,node_0,baseline,disease,Early_blight,0.0,0.0,0.0,1
0,node_0,baseline,disease,Late_blight,0.0,0.0,0.0,2
0,node_0,baseline,disease,Leaf_Mold,0.0,0.0,0.0,0
0,node_0,baseline,disease,Septoria_leaf_spot,0.0,0.0,0.0,0
0,node_0,baseline,disease,Tomato_Yellow_Leaf_Curl_Virus,0.0,0.0,0.0,0
0,node_0,baseline,disease,Tomato_mosaic_virus,0.0,0.0,0.0,0
0,node_0,baseline,pair,Apple___Apple_scab,0.0,0.0,0.0,10
0,node_0,baseline,pair,Apple___Cedar_apple_rust,0.0,0.0,0.0,1
0,node_0,baseline,pair,Apple___healthy,0.0,0.0,0.0,0
0,node_0,baseline,pair,Corn___Cercospora_leaf_spot Gray_leaf_spot,0.1875,1.0,0.3157894736842105,3
0,node_0,baseline,pair,Corn___Common_rust,0.0,0.0,0.0,0
0,node_0,baseline,pair,Corn___Northern_Leaf_Blight,0.5384615384615384,0.7777777777777778,0.6363636363636364,9
0,node_0,baseline,pair,Grape___Black_rot,0.0,0.0,0.0,0
0,node_0,baseline,pair,Grape___healthy,0.0,0.0,0.0,3
0,node_0,baseline,pair,"Pepper,_bell___Bacterial_spot",0.0,0.0,0.0,0
0,node_0,baseline,pair,"Pepper,_bell___healthy",0.0,0.0,0.0,0
0,node_0,baseline,pair,Potato___Early_blight,0.0,0.0,0.0,1
0,node_0,baseline,pair,Potato___Late_blight,0.0,0.0,0.0,2
0,node_0,baseline,pair,Tomato___Bacterial_spot,0.0,0.0,0.0,0
0,node_0,baseline,pair,Tomato___Early_blight,0.0,0.0,0.0,0
0,node_0,baseline,pair,Tomato___Late_blight,0.0,0.0,0.0,0
0,node_0,baseline,pair,Tomato___Leaf_Mold,0.0,0.0,0.0,0
0,node_0,baseline,pair,Tomato___Septoria_leaf_spot,0.0,0.0,0.0,0
0,node_0,baseline,pair,Tomato___Tomato_Yellow_Leaf_Curl_Virus,0.0,0.0,0.0,0
0,node_0,baseline,pair,Tomato___Tomato_mosaic_virus,0.0,0.0,0.0,0
0,node_0,baseline,pair,Tomato___healthy,0.0,0.0,0.0,0
0,node_0,baseline,pair,invalid_combo,0.0,0.0,0.0,0
0,node_1,baseline,crop,Apple,0.3333333333333333,0.46153846153846156,0.3870967741935484,13
0,node_1,baseline,crop,Corn,0.4,0.9411764705882353,0.5614035087719298,17
0,node_1,baseline,crop,Grape,1.0,0.07142857142857142,0.13333333333333333,14
0,node_1,baseline,crop,"Pepper,_bell",0.16666666666666666,0.3333333333333333,0.2222222222222222,3
0,node_1,baseline,crop,Potato,0.0,0.0,0.0,6
0,node_1,baseline,crop,Tomato,0.6666666666666666,0.13333333333333333,0.2222222222222222,15
0,node_1,baseline,disease,Apple_scab,0.0,0.0,0.0,0
0,node_1,baseline,disease,Cedar_apple_rust,0.3793103448275862,0.8461538461538461,0.5238095238095238,13
0,node_1,baseline,disease,healthy,0.0,0.0,0.0,1
0,node_1,baseline,disease,Cercospora_leaf_spot Gray_leaf_spot,0.0,0.0,0.0,2
0,node_1,baseline,disease,Common_rust,0.0,0.0,0.0,0
0,node_1,baseline,disease,Northern_Leaf_Blight,0.4,0.8,0.5333333333333333,15
0,node_1,baseline,disease,Black_rot,1.0,0.07142857142857142,0.13333333333333333,14
0,node_1,baseline,disease,Bacterial_spot,0.5,0.3333333333333333,0.4,6
0,node_1,baseline,disease,Early_blight,0.0,0.0,0.0,4
0,node_1,baseline,disease,Late_blight,0.0,0.0,0.0,10
0,node_1,baseline,disease,Leaf_Mold,0.0,0.0,0.0,1
0,node_1,baseline,disease,Septoria_leaf_spot,0.0,0.0,0.0,0
0,node_1,baseline,disease,Tomato_Yellow_Leaf_Curl_Virus,0.0,0.0,0.0,0
0,node_1,baseline,disease,Tomato_mosaic_virus,0.0,0.0,0.0,2
0,node_1,baseline,pair,Apple___Apple_scab,0.0,0.0,0.0,0
0,node_1,baseline,pair,Apple___Cedar_apple_rust,0.3333333333333333,0.46153846153846156,0.3870967741935484,13
0,node_1,baseline,pair,Apple___healthy,0.0,0.0,0.0,0
0,node_1,baseline,pair,Corn___Cercospora_leaf_spot Gray_leaf_spot,0.0,0.0,0.0,2
0,node_1,baseline,pair,Corn___Common_rust,0.0,0.0,0.0,0
0,node_1,baseline,pair,Corn___Northern_Leaf_Blight,0.4,0.8,0.5333333333333333,15
0,node_1,baseline,pair,Grape___Black_rot,1.0,0.07142857142857142,0.13333333333333333,14
0,node_1,baseline,pair,Grape___healthy,0.0,0.0,0.0,0
0,node_1,baseline,pair,"Pepper,_bell___Bacterial_spot",0.3333333333333333,0.3333333333333333,0.3333333333333333,3
0,node_1,baseline,pair,"Pepper,_bell___healthy",0.0,0.0,0.0,0
0,node_1,baseline,pair,Potato___Early_blight,0.0,0.0,0.0,0
0,node_1,baseline,pair,Potato___Late_blight,0.0,0.0,0.0,6
0,node_1,baseline,pair,Tomato___Bacterial_spot,1.0,0.3333333333333333,0.5,3
0,node_1,baseline,pair,Tomato___Early_blight,0.0,0.0,0.0,4
0,node_1,baseline,pair,Tomato___Late_blight,0.0,0.0,0.0,4
0,node_1,baseline,pair,Tomato___Leaf_Mold,0.0,0.0,0.0,1
0,node_1,baseline,pair,Tomato___Septoria_leaf_spot,0.0,0.0,0.0,0
0,node_1,baseline,pair,Tomato___Tomato_Yellow_Leaf_Curl_Virus,0.0,0.0,0.0,0
0,node_1,baseline,pair,Tomato___Tomato_mosaic_virus,0.0,0.0,0.0,2
0,node_1,baseline,pair,Tomato___healthy,0.0,0.0,0.0,1
0,node_1,baseline,pair,invalid_combo,0.0,0.0,0.0,0
0,node_2,baseline,crop,Apple,0.0,0.0,0.0,4
0,node_2,baseline,crop,Corn,1.0,0.16666666666666666,0.2857142857142857,12
0,node_2,baseline,crop,Grape,0.0,0.0,0.0,3
0,node_2,baseline,crop,"Pepper,_bell",0.36,0.6923076923076923,0.47368421052631576,13
0,node_2,baseline,crop,Potato,0.40540540540540543,0.75,0.5263157894736842,20
0,node_2,baseline,crop,Tomato,0.6296296296296297,0.37777777777777777,0.4722222222222222,45
0,node_2,baseline,disease,Apple_scab,0.0,0.0,0.0,2
0,node_2,baseline,disease,Cedar_apple_rust,0.0,0.0,0.0,2
0,node_2,baseline,disease,healthy,0.4,0.7692307692307693,0.5263157894736842,13
0,node_2,baseline,disease,Cercospora_leaf_spot Gray_leaf_spot,0.0,0.0,0.0,0
0,node_2,baseline,disease,Common_rust,0.0,0.0,0.0,0
0,node_2,baseline,disease,Northern_Leaf_Blight,1.0,0.25,0.4,12
0,node_2,baseline,disease,Black_rot,0.0,0.0,0.0,1
0,node_2,baseline,disease,Bacterial_spot,0.0,0.0,0.0,3
0,node_2,baseline,disease,Early_blight,0.5238095238095238,0.55,0.5365853658536586,20
0,node_2,baseline,disease,Late_blight,0.4722222222222222,0.68,0.5573770491803278,25
0,node_2,baseline,disease,Leaf_Mold,0.0,0.0,0.0,5
0,node_2,baseline,disease,Septoria_leaf_spot,0.0,0.0,0.0,1
0,node_2,baseline,disease,Tomato_Yellow_Leaf_Curl_Virus,0.625,0.38461538461538464,0.47619047619047616,13
0,node_2,baseline,disease,Tomato_mosaic_virus,0.0,0.0,0.0,0
0,node_2,baseline,pair,Apple___Apple_scab,0.0,0.0,0.0,2
0,node_2,baseline,pair,Apple___Cedar_apple_rust,0.0,0.0,0.0,2
0,node_2,baseline,pair,Apple___healthy,0.0,0.0,0.0,0
0,node_2,baseline,pair,Corn___Cercospora_leaf_spot Gray_leaf_spot,0.0,0.0,0.0,0
0,node_2,baseline,pair,Corn___Common_rust,0.0,0.0,0.0,0
0,node_2,baseline,pair,Corn___Northern_Leaf_Blight,1.0,0.16666666666666666,0.2857142857142857,12
0,node_2,baseline,pair,Grape___Black_rot,0.0,0.0,0.0,1
0,node_2,baseline,pair,Grape___healthy,0.0,0.0,0.0,2
0,node_2,baseline,pair,"Pepper,_bell___Bacterial_spot",0.0,0.0,0.0,3
0,node_2,baseline,pair,"Pepper,_bell___healthy",0.3888888888888889,0.7,0.5,10
0,node_2,baseline,pair,Potato___Early_blight,0.35294117647058826,0.42857142857142855,0.3870967741935484,14
0,node_2,baseline,pair,Potato___Late_blight,0.15789473684210525,0.5,0.24,6
0,node_2,baseline,pair,Tomato___Bacterial_spot,0.0,0.0,0.0,0
0,node_2,baseline,pair,Tomato___Early_blight,0.0,0.0,0.0,6
0,node_2,baseline,pair,Tomato___Late_blight,0.4166666666666667,0.2631578947368421,0.3225806451612903,19
0,node_2,baseline,pair,Tomato___Leaf_Mold,0.0,0.0,0.0,5
0,node_2,baseline,pair,Tomato___Septoria_leaf_spot,0.0,0.0,0.0,1
0,node_2,baseline,pair,Tomato___Tomato_Yellow_Leaf_Curl_Virus,0.5,0.23076923076923078,0.3157894736842105,13
0,node_2,baseline,pair,Tomato___Tomato_mosaic_virus,0.0,0.0,0.0,0
0,node_2,baseline,pair,Tomato___healthy,0.16666666666666666,1.0,0.2857142857142857,1
0,node_2,baseline,pair,invalid_combo,0.0,0.0,0.0,0
0,node_3,baseline,crop,Apple,0.7058823529411765,0.8,0.75,30
0,node_3,baseline,crop,Corn,0.0,0.0,0.0,1
0,node_3,baseline,crop,Grape,0.4444444444444444,1.0,0.6153846153846154,8
0,node_3,baseline,crop,"Pepper,_bell",0.0,0.0,0.0,5
0,node_3,baseline,crop,Potato,0.47368421052631576,0.75,0.5806451612903226,12
0,node_3,baseline,crop,Tomato,0.8421052631578947,0.47058823529411764,0.6037735849056604,34
0,node_3,baseline,disease,Apple_scab,1.0,0.2727272727272727,0.42857142857142855,11
0,node_3,baseline,disease,Cedar_apple_rust,0.5714285714285714,0.6666666666666666,0.6153846153846154,6
0,node_3,baseline,disease,healthy,0.6216216216216216,0.9583333333333334,0.7540983606557377,24
0,node_3,baseline,disease,Cercospora_leaf_spot Gray_leaf_spot,0.0,0.0,0.0,0
0,node_3,baseline,disease,Common_rust,0.0,0.0,0.0,0
0,node_3,baseline,disease,Northern_Leaf_Blight,0.0,0.0,0.0,1
0,node_3,baseline,disease,Black_rot,0.0,0.0,0.0,0
0,node_3,baseline,disease,Bacterial_spot,0.42857142857142855,0.25,0.3157894736842105,12
0,node_3,baseline,disease,Early_blight,0.4074074074074074,0.7333333333333333,0.5238095238095238,15
0,node_3,baseline,disease,Late_blight,0.0,0.0,0.0,2
0,node_3,baseline,disease,Leaf_Mold,0.0,0.0,0.0,1
0,node_3,baseline,disease,Septoria_leaf_spot,0.0,0.0,0.0,6
0,node_3,baseline,disease,Tomato_Yellow_Leaf_Curl_Virus,0.0,0.0,0.0,4
0,node_3,baseline,disease,Tomato_mosaic_virus,0.4444444444444444,0.5,0.47058823529411764,8
0,node_3,baseline,pair,Apple___Apple_scab,1.0,0.2727272727272727,0.42857142857142855,11
0,node_3,baseline,pair,Apple___Cedar_apple_rust,0.5714285714285714,0.6666666666666666,0.6153846153846154,6
0,node_3,baseline,pair,Apple___healthy,0.6,0.6923076923076923,0.6428571428571429,13
0,node_3,baseline,pair,Corn___Cercospora_leaf_spot Gray_leaf_spot,0.0,0.0,0.0,0
0,node_3,baseline,pair,Corn___Common_rust,0.0,0.0,0.0,0
0,node_3,baseline,pair,Corn___Northern_Leaf_Blight,0.0,0.0,0.0,1
0,node_3,baseline,pair,Grape___Black_rot,0.0,0.0,0.0,0
0,node_3,baseline,pair,Grape___healthy,0.4444444444444444,1.0,0.6153846153846154,8
0,node_3,baseline,pair,"Pepper,_bell___Bacterial_spot",0.0,0.0,0.0,2
0,node_3,baseline,pair,"Pepper,_bell___healthy",0.0,0.0,0.0,3
0,node_3,baseline,pair,Potato___Early_blight,0.47368421052631576,0.8181818181818182,0.6,11
0,node_3,baseline,pair,Potato___Late_blight,0.0,0.0,0.0,1
0,node_3,baseline,pair,Tomato___Bacterial_spot,0.2,0.1,0.13333333333333333,10
0,node_3,baseline,pair,Tomato___Early_blight,0.0,0.0,0.0,4
0,node_3,baseline,pair,Tomato___Late_blight,0.0,0.0,0.0,1
0,node_3,baseline,pair,Tomato___Leaf_Mold,0.0,0.0,0.0,1
0,node_3,baseline,pair,Tomato___Septoria_leaf_spot,0.0,0.0,0.0,6
0,node_3,baseline,pair,Tomato___Tomato_Yellow_Leaf_Curl_Virus,0.0,0.0,0.0,4
0,node_3,baseline,pair,Tomato___Tomato_mosaic_virus,0.4444444444444444,0.5,0.47058823529411764,8
0,node_3,baseline,pair,Tomato___healthy,0.0,0.0,0.0,0
0,node_3,baseline,pair,invalid_combo,0.0,0.0,0.0,0
0,node_4,baseline,crop,Apple,0.0,0.0,0.0,11
0,node_4,baseline,crop,Corn,1.0,0.8,0.8888888888888888,25
0,node_4,baseline,crop,Grape,0.0,0.0,0.0,2
0,node_4,baseline,crop,"Pepper,_bell",0.0,0.0,0.0,8
0,node_4,baseline,crop,Potato,0.0,0.0,0.0,12
0,node_4,baseline,crop,Tomato,0.3968253968253968,1.0,0.5681818181818182,25
0,node_4,baseline,disease,Apple_scab,0.0,0.0,0.0,0
0,node_4,baseline,disease,Cedar_apple_rust,0.0,0.0,0.0,0
0,node_4,baseline,disease,healthy,0.0,0.0,0.0,12
0,node_4,baseline,disease,Cercospora_leaf_spot Gray_leaf_spot,0.5454545454545454,1.0,0.7058823529411765,12
0,node_4,baseline,disease,Common_rust,0.0,0.0,0.0,0
0,node_4,baseline,disease,Northern_Leaf_Blight,0.0,0.0,0.0,13
0,node_4,baseline,disease,Black_rot,0.0,0.0,0.0,1
0,node_4,baseline,disease,Bacterial_spot,1.0,0.08333333333333333,0.15384615384615385,12
0,node_4,baseline,disease,Early_blight,0.0,0.0,0.0,2
0,node_4,baseline,disease,Late_blight,0.0,0.0,0.0,13
0,node_4,baseline,disease,Leaf_Mold,0.0,0.0,0.0,1
0,node_4,baseline,disease,Septoria_leaf_spot,0.22033898305084745,1.0,0.3611111111111111,13
0,node_4,baseline,disease,Tomato_Yellow_Leaf_Curl_Virus,0.0,0.0,0.0,2
0,node_4,baseline,disease,Tomato_mosaic_virus,0.0,0.0,0.0,2
0,node_4,baseline,pair,Apple___Apple_scab,0.0,0.0,0.0,0
0,node_4,baseline,pair,Apple___Cedar_apple_rust,0.0,0.0,0.0,0
0,node_4,baseline,pair,Apple___healthy,0.0,0.0,0.0,11
0,node_4,baseline,pair,Corn___Cercospora_leaf_spot Gray_leaf_spot,0.55,0.9166666666666666,0.6875,12
0,node_4,baseline,pair,Corn___Common_rust,0.0,0.0,0.0,0
0,node_4,baseline,pair,Corn___Northern_Leaf_Blight,0.0,0.0,0.0,13
0,node_4,baseline,pair,Grape___Black_rot,0.0,0.0,0.0,1
0,node_4,baseline,pair,Grape___healthy,0.0,0.0,0.0,1
0,node_4,baseline,pair,"Pepper,_bell___Bacterial_spot",0.0,0.0,0.0,8
0,node_4,baseline,pair,"Pepper,_bell___healthy",0.0,0.0,0.0,0
0,node_4,baseline,pair,Potato___Early_blight,0.0,0.0,0.0,1
0,node_4,baseline,pair,Potato___Late_blight,0.0,0.0,0.0,11
0,node_4,baseline,pair,Tomato___Bacterial_spot,1.0,0.25,0.4,4
0,node_4,baseline,pair,Tomato___Early_blight,0.0,0.0,0.0,1
0,node_4,baseline,pair,Tomato___Late_blight,0.0,0.0,0.0,2
0,node_4,baseline,pair,Tomato___Leaf_Mold,0.0,0.0,0.0,1
0,node_4,baseline,pair,Tomato___Septoria_leaf_spot,0.22033898305084745,1.0,0.3611111111111111,13
0,node_4,baseline,pair,Tomato___Tomato_Yellow_Leaf_Curl_Virus,0.0,0.0,0.0,2
0,node_4,baseline,pair,Tomato___Tomato_mosaic_virus,0.0,0.0,0.0,2
0,node_4,baseline,pair,Tomato___healthy,0.0,0.0,0.0,0
0,node_4,baseline,pair,invalid_combo,0.0,0.0,0.0,0
0,node_5,baseline,crop,Apple,0.0,0.0,0.0,4
0,node_5,baseline,crop,Corn,0.6,0.6,0.6,5
0,node_5,baseline,crop,Grape,0.4,0.3333333333333333,0.36363636363636365,6
0,node_5,baseline,crop,"Pepper,_bell",0.0,0.0,0.0,4
0,node_5,baseline,crop,Potato,0.125,0.14285714285714285,0.13333333333333333,7
0,node_5,baseline,crop,Tomato,0.625,0.7575757575757576,0.684931506849315,33
0,node_5,baseline,disease,Apple_scab,0.0,0.0,0.0,2
0,node_5,baseline,disease,Cedar_apple_rust,0.0,0.0,0.0,1
0,node_5,baseline,disease,healthy,0.5405405405405406,0.8695652173913043,0.6666666666666666,23
0,node_5,baseline,disease,Cercospora_leaf_spot Gray_leaf_spot,0.0,0.0,0.0,1
0,node_5,baseline,disease,Common_rust,0.0,0.0,0.0,0
0,node_5,baseline,disease,Northern_Leaf_Blight,0.3333333333333333,0.25,0.2857142857142857,4
0,node_5,baseline,disease,Black_rot,0.0,0.0,0.0,1
0,node_5,baseline,disease,Bacterial_spot,0.0,0.0,0.0,3
0,node_5,baseline,disease,Early_blight,0.5,0.42857142857142855,0.46153846153846156,7
0,node_5,baseline,disease,Late_blight,0.25,0.42857142857142855,0.3157894736842105,7
0,node_5,baseline,disease,Leaf_Mold,0.0,0.0,0.0,3
0,node_5,baseline,disease,Septoria_leaf_spot,0.0,0.0,0.0,4
0,node_5,baseline,disease,Tomato_Yellow_Leaf_Curl_Virus,0.0,0.0,0.0,1
0,node_5,baseline,disease,Tomato_mosaic_virus,0.0,0.0,0.0,2
0,node_5,baseline,pair,Apple___Apple_scab,0.0,0.0,0.0,2
0,node_5,baseline,pair,Apple___Cedar_apple_rust,0.0,0.0,0.0,1
0,node_5,baseline,pair,Apple___healthy,0.0,0.0,0.0,1
0,node_5,baseline,pair,Corn___Cercospora_leaf_spot Gray_leaf_spot,0.0,0.0,0.0,1
0,node_5,baseline,pair,Corn___Common_rust,0.0,0.0,0.0,0
0,node_5,baseline,pair,Corn___Northern_Leaf_Blight,0.3333333333333333,0.25,0.2857142857142857,4
0,node_5,baseline,pair,Grape___Black_rot,0.0,0.0,0.0,1
0,node_5,baseline,pair,Grape___healthy,0.4,0.4,0.4,5
0,node_5,baseline,pair,"Pepper,_bell___Bacterial_spot",0.0,0.0,0.0,2
0,node_5,baseline,pair,"Pepper,_bell___healthy",0.0,0.0,0.0,2
0,node_5,baseline,pair,Potato___Early_blight,0.0,0.0,0.0,4
0,node_5,baseline,pair,Potato___Late_blight,0.3333333333333333,0.3333333333333333,0.3333333333333333,3
0,node_5,baseline,pair,Tomato___Bacterial_spot,0.0,0.0,0.0,1
0,node_5,baseline,pair,Tomato___Early_blight,0.25,0.3333333333333333,0.2857142857142857,3
0,node_5,baseline,pair,Tomato___Late_blight,0.0,0.0,0.0,4
0,node_5,baseline,pair,Tomato___Leaf_Mold,0.0,0.0,0.0,3
0,node_5,baseline,pair,Tomato___Septoria_leaf_spot,0.0,0.0,0.0,4
0,node_5,baseline,pair,Tomato___Tomato_Yellow_Leaf_Curl_Virus,0.0,0.0,0.0,1
0,node_5,baseline,pair,Tomato___Tomato_mosaic_virus,0.0,0.0,0.0,2
0,node_5,baseline,pair,Tomato___healthy,0.38461538461538464,0.6666666666666666,0.4878048780487805,15
0,node_5,baseline,pair,invalid_combo,0.0,0.0,0.0,0
1,node_0,mesh,crop,Apple,0.8,0.36363636363636365,0.5,11
1,node_0,mesh,crop,Corn,0.6666666666666666,1.0,0.8,12
1,node_0,mesh,crop,Grape,0.75,1.0,0.8571428571428571,3
1,node_0,mesh,crop,"Pepper,_bell",0.0,0.0,0.0,0
1,node_0,mesh,crop,Potato,1.0,0.3333333333333333,0.5,3
1,node_0,mesh,crop,Tomato,0.0,0.0,0.0,0
1,node_0,mesh,disease,Apple_scab,0.8,0.4,0.5333333333333333,10
1,node_0,mesh,disease,Cedar_apple_rust,0.0,0.0,0.0,1
1,node_0,mesh,disease,healthy,0.6,1.0,0.75,3
1,node_0,mesh,disease,Cercospora_leaf_spot Gray_leaf_spot,0.5,1.0,0.6666666666666666,3
1,node_0,mesh,disease,Common_rust,0.0,0.0,0.0,0
1,node_0,mesh,disease,Northern_Leaf_Blight,0.5454545454545454,0.6666666666666666,0.6,9
1,node_0,mesh,disease,Black_rot,0.0,0.0,0.0,0
1,node_0,mesh,disease,Bacterial_spot,0.0,0.0,0.0,0
1,node_0,mesh,disease,Early_blight,1.0,1.0,1.0,1
1,node_0,mesh,disease,Late_blight,0.0,0.0,0.0,2
1,node_0,mesh,disease,Leaf_Mold,0.0,0.0,0.0,0
1,node_0,mesh,disease,Septoria_leaf_spot,0.0,0.0,0.0,0
1,node_0,mesh,disease,Tomato_Yellow_Leaf_Curl_Virus,0.0,0.0,0.0,0
1,node_0,mesh,disease,Tomato_mosaic_virus,0.0,0.0,0.0,0
1,node_0,mesh,pair,Apple___Apple_scab,0.75,0.3,0.42857142857142855,10
1,node_0,mesh,pair,Apple___Cedar_apple_rust,0.0,0.0,0.0,1
1,node_0,mesh,pair,Apple___healthy,0.0,0.0,0.0,0
1,node_0,mesh,pair,Corn___Cercospora_leaf_spot Gray_leaf_spot,0.5,1.0,0.6666666666666666,3
1,node_0,mesh,pair,Corn___Common_rust,0.0,0.0,0.0,0
1,node_0,mesh,pair,Corn___Northern_Leaf_Blight,0.6,0.6666666666666666,0.631578947368421,9
1,node_0,mesh,pair,Grape___Black_rot,0.0,0.0,0.0,0
1,node_0,mesh,pair,Grape___healthy,0.75,1.0,0.8571428571428571,3
1,node_0,mesh,pair,"Pepper,_bell___Bacterial_spot",0.0,0.0,0.0,0
1,node_0,mesh,pair,"Pepper,_bell___healthy",0.0,0.0,0.0,0
1,node_0,mesh,pair,Potato___Early_blight,1.0,1.0,1.0,1
1,node_0,mesh,pair,Potato___Late_blight,0.0,0.0,0.0,2
1,node_0,mesh,pair,Tomato___Bacterial_spot,0.0,0.0,0.0,0
1,node_0,mesh,pair,Tomato___Early_blight,0.0,0.0,0.0,0
1,node_0,mesh,pair,Tomato___Late_blight,0.0,0.0,0.0,0
1,node_0,mesh,pair,Tomato___Leaf_Mold,0.0,0.0,0.0,0
1,node_0,mesh,pair,Tomato___Septoria_leaf_spot,0.0,0.0,0.0,0
1,node_0,mesh,pair,Tomato___Tomato_Yellow_Leaf_Curl_Virus,0.0,0.0,0.0,0
1,node_0,mesh,pair,Tomato___Tomato_mosaic_virus,0.0,0.0,0.0,0
1,node_0,mesh,pair,Tomato___healthy,0.0,0.0,0.0,0
1,node_0,mesh,pair,invalid_combo,0.0,0.0,0.0,0
1,node_1,mesh,crop,Apple,0.5,0.6923076923076923,0.5806451612903226,13
1,node_1,mesh,crop,Corn,1.0,0.5882352941176471,0.7407407407407407,17
1,node_1,mesh,crop,Grape,0.6,0.6428571428571429,0.6206896551724138,14
1,node_1,mesh,crop,"Pepper,_bell",0.0,0.0,0.0,3
1,node_1,mesh,crop,Potato,0.0,0.0,0.0,6
1,node_1,mesh,crop,Tomato,0.52,0.8666666666666667,0.65,15
1,node_1,mesh,disease,Apple_scab,0.0,0.0,0.0,0
1,node_1,mesh,disease,Cedar_apple_rust,0.6,0.6923076923076923,0.6428571428571429,13
1,node_1,mesh,disease,healthy,0.0,0.0,0.0,1
1,node_1,mesh,disease,Cercospora_leaf_spot Gray_leaf_spot,0.0,0.0,0.0,2
1,node_1,mesh,disease,Common_rust,0.0,0.0,0.0,0
1,node_1,mesh,disease,Northern_Leaf_Blight,0.8461538461538461,0.7333333333333333,0.7857142857142857,15
1,node_1,mesh,disease,Black_rot,0.5555555555555556,0.7142857142857143,0.625,14
1,node_1,mesh,disease,Bacterial_spot,0.09090909090909091,0.16666666666666666,0.11764705882352941,6
1,node_1,mesh,disease,Early_blight,0.3333333333333333,0.25,0.2857142857142857,4
1,node_1,mesh,disease,Late_blight,0.5,0.3,0.375,10
1,node_1,mesh,disease,Leaf_Mold,0.0,0.0,0.0,1
1,node_1,mesh,disease,Septoria_leaf_spot,0.0,0.0,0.0,0
1,node_1,mesh,disease,Tomato_Yellow_Leaf_Curl_Virus,0.0,0.0,0.0,0
1,node_1,mesh,disease,Tomato_mosaic_virus,0.5,0.5,0.5,2
1,node_1,mesh,pair,Apple___Apple_scab,0.0,0.0,0.0,0
1,node_1,mesh,pair,Apple___Cedar_apple_rust,0.6,0.6923076923076923,0.6428571428571429,13
1,node_1,mesh,pair,Apple___healthy,0.0,0.0,0.0,0
1,node_1,mesh,pair,Corn___Cercospora_leaf_spot Gray_leaf_spot,0.0,0.0,0.0,2
1,node_1,mesh,pair,Corn___Common_rust,0.0,0.0,0.0,0
1,node_1,mesh,pair,Corn___Northern_Leaf_Blight,0.9,0.6,0.72,15
1,node_1,mesh,pair,Grape___Black_rot,0.6,0.6428571428571429,0.6206896551724138,14
1,node_1,mesh,pair,Grape___healthy,0.0,0.0,0.0,0
1,node_1,mesh,pair,"Pepper,_bell___Bacterial_spot",0.0,0.0,0.0,3
1,node_1,mesh,pair,"Pepper,_bell___healthy",0.0,0.0,0.0,0
1,node_1,mesh,pair,Potato___Early_blight,0.0,0.0,0.0,0
1,node_1,mesh,pair,Potato___Late_blight,0.0,0.0,0.0,6
1,node_1,mesh,pair,Tomato___Bacterial_spot,0.0,0.0,0.0,3
1,node_1,mesh,pair,Tomato___Early_blight,0.3333333333333333,0.25,0.2857142857142857,4
1,node_1,mesh,pair,Tomato___Late_blight,0.3333333333333333,0.5,0.4,4
1,node_1,mesh,pair,Tomato___Leaf_Mold,0.0,0.0,0.0,1
1,node_1,mesh,pair,Tomato___Septoria_leaf_spot,0.0,0.0,0.0,0
1,node_1,mesh,pair,Tomato___Tomato_Yellow_Leaf_Curl_Virus,0.0,0.0,0.0,0
1,node_1,mesh,pair,Tomato___Tomato_mosaic_virus,0.5,0.5,0.5,2
1,node_1,mesh,pair,Tomato___healthy,0.0,0.0,0.0,1
1,node_1,mesh,pair,invalid_combo,0.0,0.0,0.0,0
1,node_2,mesh,crop,Apple,0.0,0.0,0.0,4
1,node_2,mesh,crop,Corn,0.7142857142857143,0.8333333333333334,0.7692307692307693,12
1,node_2,mesh,crop,Grape,1.0,0.6666666666666666,0.8,3
1,node_2,mesh,crop,"Pepper,_bell",1.0,0.6153846153846154,0.7619047619047619,13
1,node_2,mesh,crop,Potato,0.6666666666666666,0.5,0.5714285714285714,20
1,node_2,mesh,crop,Tomato,0.7368421052631579,0.9333333333333333,0.8235294117647058,45
1,node_2,mesh,disease,Apple_scab,0.0,0.0,0.0,2
1,node_2,mesh,disease,Cedar_apple_rust,0.6666666666666666,1.0,0.8,2
1,node_2,mesh,disease,healthy,0.7857142857142857,0.8461538461538461,0.8148148148148148,13
1,node_2,mesh,disease,Cercospora_leaf_spot Gray_leaf_spot,0.0,0.0,0.0,0
1,node_2,mesh,disease,Common_rust,0.0,0.0,0.0,0
1,node_2,mesh,disease,Northern_Leaf_Blight,0.7692307692307693,0.8333333333333334,0.8,12
1,node_2,mesh,disease,Black_rot,0.0,0.0,0.0,1
1,node_2,mesh,disease,Bacterial_spot,0.0,0.0,0.0,3
1,node_2,mesh,disease,Early_blight,0.6190476190476191,0.65,0.6341463414634146,20
1,node_2,mesh,disease,Late_blight,0.6785714285714286,0.76,0.7169811320754716,25
1,node_2,mesh,disease,Leaf_Mold,1.0,0.6,0.75,5
1,node_2,mesh,disease,Septoria_leaf_spot,0.0,0.0,0.0,1
1,node_2,mesh,disease,Tomato_Yellow_Leaf_Curl_Virus,1.0,1.0,1.0,13
1,node_2,mesh,disease,Tomato_mosaic_virus,0.0,0.0,0.0,0
1,node_2,mesh,pair,Apple___Apple_scab,0.0,0.0,0.0,2
1,node_2,mesh,pair,Apple___Cedar_apple_rust,0.0,0.0,0.0,2
1,node_2,mesh,pair,Apple___healthy,0.0,0.0,0.0,0
1,node_2,mesh,pair,Corn___Cercospora_leaf_spot Gray_leaf_spot,0.0,0.0,0.0,0
1,node_2,mesh,pair,Corn___Common_rust,0.0,0.0,0.0,0
1,node_2,mesh,pair,Corn___Northern_Leaf_Blight,0.7692307692307693,0.8333333333333334,0.8,12
1,node_2,mesh,pair,Grape___Black_rot,0.0,0.0,0.0,1
1,node_2,mesh,pair,Grape___healthy,1.0,1.0,1.0,2
1,node_2,mesh,pair,"Pepper,_bell___Bacterial_spot",0.0,0.0,0.0,3
1,node_2,mesh,pair,"Pepper,_bell___healthy",1.0,0.8,0.8888888888888888,10
1,node_2,mesh,pair,Potato___Early_blight,0.7272727272727273,0.5714285714285714,0.64,14
1,node_2,mesh,pair,Potato___Late_blight,0.6666666666666666,0.3333333333333333,0.4444444444444444,6
1,node_2,mesh,pair,Tomato___Bacterial_spot,0.0,0.0,0.0,0
1,node_2,mesh,pair,Tomato___Early_blight,0.3333333333333333,0.5,0.4,6
1,node_2,mesh,pair,Tomato___Late_blight,0.6,0.7894736842105263,0.6818181818181818,19
1,node_2,mesh,pair,Tomato___Leaf_Mold,1.0,0.6,0.75,5
1,node_2,mesh,pair,Tomato___Septoria_leaf_spot,0.0,0.0,0.0,1
1,node_2,mesh,pair,Tomato___Tomato_Yellow_Leaf_Curl_Virus,1.0,1.0,1.0,13
1,node_2,mesh,pair,Tomato___Tomato_mosaic_virus,0.0,0.0,0.0,0
1,node_2,mesh,pair,Tomato___healthy,0.0,0.0,0.0,1
1,node_2,mesh,pair,invalid_combo,0.0,0.0,0.0,0
1,node_3,mesh,crop,Apple,0.8928571428571429,0.8333333333333334,0.8620689655172413,30
1,node_3,mesh,crop,Corn,0.0,0.0,0.0,1
1,node_3,mesh,crop,Grape,0.875,0.875,0.875,8
1,node_3,mesh,crop,"Pepper,_bell",0.6666666666666666,0.4,0.5,5
1,node_3,mesh,crop,Potato,0.8181818181818182,0.75,0.782608695652174,12
1,node_3,mesh,crop,Tomato,0.8,0.9411764705882353,0.8648648648648649,34
1,node_3,mesh,disease,Apple_scab,1.0,0.5454545454545454,0.7058823529411765,11
1,node_3,mesh,disease,Cedar_apple_rust,0.8333333333333334,0.8333333333333334,0.8333333333333334,6
1,node_3,mesh,disease,healthy,0.75,1.0,0.8571428571428571,24
1,node_3,mesh,disease,Cercospora_leaf_spot Gray_leaf_spot,0.0,0.0,0.0,0
1,node_3,mesh,disease,Common_rust,0.0,0.0,0.0,0
1,node_3,mesh,disease,Northern_Leaf_Blight,0.0,0.0,0.0,1
1,node_3,mesh,disease,Black_rot,0.0,0.0,0.0,0
1,node_3,mesh,disease,Bacterial_spot,0.2222222222222222,0.16666666666666666,0.19047619047619047,12
1,node_3,mesh,disease,Early_blight,0.7857142857142857,0.7333333333333333,0.7586206896551724,15
1,node_3,mesh,disease,Late_blight,0.0,0.0,0.0,2
1,node_3,mesh,disease,Leaf_Mold,0.0,0.0,0.0,1
1,node_3,mesh,disease,Septoria_leaf_spot,0.4,0.6666666666666666,0.5,6
1,node_3,mesh,disease,Tomato_Yellow_Leaf_Curl_Virus,0.4444444444444444,1.0,0.6153846153846154,4
1,node_3,mesh,disease,Tomato_mosaic_virus,0.75,0.375,0.5,8
1,node_3,mesh,pair,Apple___Apple_scab,1.0,0.5454545454545454,0.7058823529411765,11
1,node_3,mesh,pair,Apple___Cedar_apple_rust,1.0,0.8333333333333334,0.9090909090909091,6
1,node_3,mesh,pair,Apple___healthy,0.6875,0.8461538461538461,0.7586206896551724,13
1,node_3,mesh,pair,Corn___Cercospora_leaf_spot Gray_leaf_spot,0.0,0.0,0.0,0
1,node_3,mesh,pair,Corn___Common_rust,0.0,0.0,0.0,0
1,node_3,mesh,pair,Corn___Northern_Leaf_Blight,0.0,0.0,0.0,1
1,node_3,mesh,pair,Grape___Black_rot,0.0,0.0,0.0,0
1,node_3,mesh,pair,Grape___healthy,0.875,0.875,0.875,8
1,node_3,mesh,pair,"Pepper,_bell___Bacterial_spot",0.0,0.0,0.0,2
1,node_3,mesh,pair,"Pepper,_bell___healthy",0.3333333333333333,0.3333333333333333,0.3333333333333333,3
1,node_3,mesh,pair,Potato___Early_blight,0.8181818181818182,0.8181818181818182,0.8181818181818182,11
1,node_3,mesh,pair,Potato___Late_blight,0.0,0.0,0.0,1
1,node_3,mesh,pair,Tomato___Bacterial_spot,0.25,0.2,0.2222222222222222,10
1,node_3,mesh,pair,Tomato___Early_blight,0.3333333333333333,0.25,0.2857142857142857,4
1,node_3,mesh,pair,Tomato___Late_blight,0.0,0.0,0.0,1
1,node_3,mesh,pair,Tomato___Leaf_Mold,0.0,0.0,0.0,1
1,node_3,mesh,pair,Tomato___Septoria_leaf_spot,0.4,0.6666666666666666,0.5,6
1,node_3,mesh,pair,Tomato___Tomato_Yellow_Leaf_Curl_Virus,0.4444444444444444,1.0,0.6153846153846154,4
1,node_3,mesh,pair,Tomato___Tomato_mosaic_virus,0.75,0.375,0.5,8
1,node_3,mesh,pair,Tomato___healthy,0.0,0.0,0.0,0
1,node_3,mesh,pair,invalid_combo,0.0,0.0,0.0,0
1,node_4,mesh,crop,Apple,0.75,0.5454545454545454,0.631578947368421,11
1,node_4,mesh,crop,Corn,0.7142857142857143,1.0,0.8333333333333334,25
1,node_4,mesh,crop,Grape,0.0,0.0,0.0,2
1,node_4,mesh,crop,"Pepper,_bell",1.0,0.625,0.7692307692307693,8
1,node_4,mesh,crop,Potato,0.9090909090909091,0.8333333333333334,0.8695652173913043,12
1,node_4,mesh,crop,Tomato,0.8695652173913043,0.8,0.8333333333333334,25
1,node_4,mesh,disease,Apple_scab,0.0,0.0,0.0,0
1,node_4,mesh,disease,Cedar_apple_rust,0.0,0.0,0.0,0
1,node_4,mesh,disease,healthy,0.7333333333333333,0.9166666666666666,0.8148148148148148,12
1,node_4,mesh,disease,Cercospora_leaf_spot Gray_leaf_spot,0.625,0.4166666666666667,0.5,12
1,node_4,mesh,disease,Common_rust,0.0,0.0,0.0,0
1,node_4,mesh,disease,Northern_Leaf_Blight,0.4166666666666667,0.7692307692307693,0.5405405405405406,13
1,node_4,mesh,disease,Black_rot,0.0,0.0,0.0,1
1,node_4,mesh,disease,Bacterial_spot,0.7777777777777778,0.5833333333333334,0.6666666666666666,12
1,node_4,mesh,disease,Early_blight,0.0,0.0,0.0,2
1,node_4,mesh,disease,Late_blight,0.8333333333333334,0.7692307692307693,0.8,13
1,node_4,mesh,disease,Leaf_Mold,0.0,0.0,0.0,1
1,node_4,mesh,disease,Septoria_leaf_spot,0.7,0.5384615384615384,0.6086956521739131,13
1,node_4,mesh,disease,Tomato_Yellow_Leaf_Curl_Virus,0.25,0.5,0.3333333333333333,2
1,node_4,mesh,disease,Tomato_mosaic_virus,1.0,0.5,0.6666666666666666,2
1,node_4,mesh,pair,Apple___Apple_scab,0.0,0.0,0.0,0
1,node_4,mesh,pair,Apple___Cedar_apple_rust,0.0,0.0,0.0,0
1,node_4,mesh,pair,Apple___healthy,0.75,0.5454545454545454,0.631578947368421,11
1,node_4,mesh,pair,Corn___Cercospora_leaf_spot Gray_leaf_spot,0.625,0.4166666666666667,0.5,12
1,node_4,mesh,pair,Corn___Common_rust,0.0,0.0,0.0,0
1,node_4,mesh,pair,Corn___Northern_Leaf_Blight,0.4166666666666667,0.7692307692307693,0.5405405405405406,13
1,node_4,mesh,pair,Grape___Black_rot,0.0,0.0,0.0,1
1,node_4,mesh,pair,Grape___healthy,0.0,0.0,0.0,1
1,node_4,mesh,pair,"Pepper,_bell___Bacterial_spot",1.0,0.625,0.7692307692307693,8
1,node_4,mesh,pair,"Pepper,_bell___healthy",0.0,0.0,0.0,0
1,node_4,mesh,pair,Potato___Early_blight,0.0,0.0,0.0,1
1,node_4,mesh,pair,Potato___Late_blight,0.8181818181818182,0.8181818181818182,0.8181818181818182,11
1,node_4,mesh,pair,Tomato___Bacterial_spot,0.3333333333333333,0.25,0.2857142857142857,4
1,node_4,mesh,pair,Tomato___Early_blight,0.0,0.0,0.0,1
1,node_4,mesh,pair,Tomato___Late_blight,1.0,0.5,0.6666666666666666,2
1,node_4,mesh,pair,Tomato___Leaf_Mold,0.0,0.0,0.0,1
1,node_4,mesh,pair,Tomato___Septoria_leaf_spot,0.7,0.5384615384615384,0.6086956521739131,13
1,node_4,mesh,pair,Tomato___Tomato_Yellow_Leaf_Curl_Virus,0.25,0.5,0.3333333333333333,2
1,node_4,mesh,pair,Tomato___Tomato_mosaic_virus,1.0,0.5,0.6666666666666666,2
1,node_4,mesh,pair,Tomato___healthy,0.0,0.0,0.0,0
1,node_4,mesh,pair,invalid_combo,0.0,0.0,0.0,0
1,node_5,mesh,crop,Apple,0.0,0.0,0.0,4
1,node_5,mesh,crop,Corn,0.8,0.8,0.8,5
1,node_5,mesh,crop,Grape,1.0,0.5,0.6666666666666666,6
1,node_5,mesh,crop,"Pepper,_bell",0.0,0.0,0.0,4
1,node_5,mesh,crop,Potato,0.5,0.5714285714285714,0.5333333333333333,7
1,node_5,mesh,crop,Tomato,0.7441860465116279,0.9696969696969697,0.8421052631578947,33
1,node_5,mesh,disease,Apple_scab,0.0,0.0,0.0,2
1,node_5,mesh,disease,Cedar_apple_rust,0.0,0.0,0.0,1
1,node_5,mesh,disease,healthy,0.6551724137931034,0.8260869565217391,0.7307692307692307,23
1,node_5,mesh,disease,Cercospora_leaf_spot Gray_leaf_spot,0.3333333333333333,1.0,0.5,1
1,node_5,mesh,disease,Common_rust,0.0,0.0,0.0,0
1,node_5,mesh,disease,Northern_Leaf_Blight,0.0,0.0,0.0,4
1,node_5,mesh,disease,Black_rot,0.0,0.0,0.0,1
1,node_5,mesh,disease,Bacterial_spot,0.25,0.3333333333333333,0.2857142857142857,3
1,node_5,mesh,disease,Early_blight,0.3,0.42857142857142855,0.35294117647058826,7
1,node_5,mesh,disease,Late_blight,0.6,0.42857142857142855,0.5,7
1,node_5,mesh,disease,Leaf_Mold,0.0,0.0,0.0,3
1,node_5,mesh,disease,Septoria_leaf_spot,0.2,0.25,0.2222222222222222,4
1,node_5,mesh,disease,Tomato_Yellow_Leaf_Curl_Virus,0.0,0.0,0.0,1
1,node_5,mesh,disease,Tomato_mosaic_virus,0.0,0.0,0.0,2
1,node_5,mesh,pair,Apple___Apple_scab,0.0,0.0,0.0,2
1,node_5,mesh,pair,Apple___Cedar_apple_rust,0.0,0.0,0.0,1
1,node_5,mesh,pair,Apple___healthy,0.0,0.0,0.0,1
1,node_5,mesh,pair,Corn___Cercospora_leaf_spot Gray_leaf_spot,0.3333333333333333,1.0,0.5,1
1,node_5,mesh,pair,Corn___Common_rust,0.0,0.0,0.0,0
1,node_5,mesh,pair,Corn___Northern_Leaf_Blight,0.0,0.0,0.0,4
1,node_5,mesh,pair,Grape___Black_rot,0.0,0.0,0.0,1
1,node_5,mesh,pair,Grape___healthy,1.0,0.6,0.75,5
1,node_5,mesh,pair,"Pepper,_bell___Bacterial_spot",0.0,0.0,0.0,2
1,node_5,mesh,pair,"Pepper,_bell___healthy",0.0,0.0,0.0,2
1,node_5,mesh,pair,Potato___Early_blight,0.6666666666666666,0.5,0.5714285714285714,4
1,node_5,mesh,pair,Potato___Late_blight,0.5,0.3333333333333333,0.4,3
1,node_5,mesh,pair,Tomato___Bacterial_spot,0.0,0.0,0.0,1
1,node_5,mesh,pair,Tomato___Early_blight,0.14285714285714285,0.3333333333333333,0.2,3
1,node_5,mesh,pair,Tomato___Late_blight,0.3333333333333333,0.25,0.2857142857142857,4
1,node_5,mesh,pair,Tomato___Leaf_Mold,0.0,0.0,0.0,3
1,node_5,mesh,pair,Tomato___Septoria_leaf_spot,0.2,0.25,0.2222222222222222,4
1,node_5,mesh,pair,Tomato___Tomato_Yellow_Leaf_Curl_Virus,0.0,0.0,0.0,1
1,node_5,mesh,pair,Tomato___Tomato_mosaic_virus,0.0,0.0,0.0,2
1,node_5,mesh,pair,Tomato___healthy,0.56,0.9333333333333333,0.7,15
1,node_5,mesh,pair,invalid_combo,0.0,0.0,0.0,0
1,node_0,baseline,crop,Apple,0.3333333333333333,0.45454545454545453,0.38461538461538464,11
1,node_0,baseline,crop,Corn,0.75,0.5,0.6,12
1,node_0,baseline,crop,Grape,0.0,0.0,0.0,3
1,node_0,baseline,crop,"Pepper,_bell",0.0,0.0,0.0,0
1,node_0,baseline,crop,Potato,0.0,0.0,0.0,3
1,node_0,baseline,crop,Tomato,0.0,0.0,0.0,0
1,node_0,baseline,disease,Apple_scab,0.2727272727272727,0.3,0.2857142857142857,10
1,node_0,baseline,disease,Cedar_apple_rust,0.0,0.0,0.0,1
1,node_0,baseline,disease,healthy,0.0,0.0,0.0,3
1,node_0,baseline,disease,Cercospora_leaf_spot Gray_leaf_spot,1.0,0.3333333333333333,0.5,3
1,node_0,baseline,disease,Common_rust,0.0,0.0,0.0,0
1,node_0,baseline,disease,Northern_Leaf_Blight,0.6,0.3333333333333333,0.42857142857142855,9
1,node_0,baseline,disease,Black_rot,0.0,0.0,0.0,0
1,node_0,baseline,disease,Bacterial_spot,0.0,0.0,0.0,0
1,node_0,baseline,disease,Early_blight,0.0,0.0,0.0,1
1,node_0,baseline,disease,Late_blight,0.08333333333333333,0.5,0.14285714285714285,2
1,node_0,baseline,disease,Leaf_Mold,0.0,0.0,0.0,0
1,node_0,baseline,disease,Septoria_leaf_spot,0.0,0.0,0.0,0
1,node_0,baseline,disease,Tomato_Yellow_Leaf_Curl_Virus,0.0,0.0,0.0,0
1,node_0,baseline,disease,Tomato_mosaic_virus,0.0,0.0,0.0,0
1,node_0,baseline,pair,Apple___Apple_scab,0.3,0.3,0.3,10
1,node_0,baseline,pair,Apple___Cedar_apple_rust,0.0,0.0,0.0,1
1,node_0,baseline,pair,Apple___healthy,0.0,0.0,0.0,0
1,node_0,baseline,pair,Corn___Cercospora_leaf_spot Gray_leaf_spot,1.0,0.3333333333333333,0.5,3
1,node_0,baseline,pair,Corn___Common_rust,0.0,0.0,0.0,0
1,node_0,baseline,pair,Corn___Northern_Leaf_Blight,0.6,0.3333333333333333,0.42857142857142855,9
1,node_0,baseline,pair,Grape___Black_rot,0.0,0.0,0.0,0
1,node_0,baseline,pair,Grape___healthy,0.0,0.0,0.0,3
1,node_0,baseline,pair,"Pepper,_bell___Bacterial_spot",0.0,0.0,0.0,0
1,node_0,baseline,pair,"Pepper,_bell___healthy",0.0,0.0,0.0,0
1,node_0,baseline,pair,Potato___Early_blight,0.0,0.0,0.0,1
1,node_0,baseline,pair,Potato___Late_blight,0.0,0.0,0.0,2
1,node_0,baseline,pair,Tomato___Bacterial_spot,0.0,0.0,0.0,0
1,node_0,baseline,pair,Tomato___Early_blight,0.0,0.0,0.0,0
1,node_0,baseline,pair,Tomato___Late_blight,0.0,0.0,0.0,0
1,node_0,baseline,pair,Tomato___Leaf_Mold,0.0,0.0,0.0,0
1,node_0,baseline,pair,Tomato___Septoria_leaf_spot,0.0,0.0,0.0,0
1,node_0,baseline,pair,Tomato___Tomato_Yellow_Leaf_Curl_Virus,0.0,0.0,0.0,0
1,node_0,baseline,pair,Tomato___Tomato_mosaic_virus,0.0,0.0,0.0,0
1,node_0,baseline,pair,Tomato___healthy,0.0,0.0,0.0,0
1,node_0,baseline,pair,invalid_combo,0.0,0.0,0.0,0
1,node_1,baseline,crop,Apple,1.0,0.07692307692307693,0.14285714285714285,13
1,node_1,baseline,crop,Corn,0.4444444444444444,0.9411764705882353,0.6037735849056604,17
1,node_1,baseline,crop,Grape,1.0,0.21428571428571427,0.35294117647058826,14
1,node_1,baseline,crop,"Pepper,_bell",0.6666666666666666,0.6666666666666666,0.6666666666666666,3
1,node_1,baseline,crop,Potato,0.0,0.0,0.0,6
1,node_1,baseline,crop,Tomato,0.36,0.6,0.45,15
1,node_1,baseline,disease,Apple_scab,0.0,0.0,0.0,0
1,node_1,baseline,disease,Cedar_apple_rust,1.0,0.07692307692307693,0.14285714285714285,13
1,node_1,baseline,disease,healthy,0.0,0.0,0.0,1
1,node_1,baseline,disease,Cercospora_leaf_spot Gray_leaf_spot,0.09090909090909091,0.5,0.15384615384615385,2
1,node_1,baseline,disease,Common_rust,0.0,0.0,0.0,0
1,node_1,baseline,disease,Northern_Leaf_Blight,0.19230769230769232,0.3333333333333333,0.24390243902439024,15
1,node_1,baseline,disease,Black_rot,1.0,0.35714285714285715,0.5263157894736842,14
1,node_1,baseline,disease,Bacterial_spot,0.25,0.3333333333333333,0.2857142857142857,6
1,node_1,baseline,disease,Early_blight,0.2222222222222222,0.5,0.3076923076923077,4
1,node_1,baseline,disease,Late_blight,0.75,0.3,0.42857142857142855,10
1,node_1,baseline,disease,Leaf_Mold,0.0,0.0,0.0,1
1,node_1,baseline,disease,Septoria_leaf_spot,0.0,0.0,0.0,0
1,node_1,baseline,disease,Tomato_Yellow_Leaf_Curl_Virus,0.0,0.0,0.0,0
1,node_1,baseline,disease,Tomato_mosaic_virus,0.25,0.5,0.3333333333333333,2
1,node_1,baseline,pair,Apple___Apple_scab,0.0,0.0,0.0,0
1,node_1,baseline,pair,Apple___Cedar_apple_rust,1.0,0.07692307692307693,0.14285714285714285,13
1,node_1,baseline,pair,Apple___healthy,0.0,0.0,0.0,0
1,node_1,baseline,pair,Corn___Cercospora_leaf_spot Gray_leaf_spot,0.09090909090909091,0.5,0.15384615384615385,2
1,node_1,baseline,pair,Corn___Common_rust,0.0,0.0,0.0,0
1,node_1,baseline,pair,Corn___Northern_Leaf_Blight,0.2,0.3333333333333333,0.25,15
1,node_1,baseline,pair,Grape___Black_rot,1.0,0.21428571428571427,0.35294117647058826,14
1,node_1,baseline,pair,Grape___healthy,0.0,0.0,0.0,0
1,node_1,baseline,pair,"Pepper,_bell___Bacterial_spot",0.6666666666666666,0.6666666666666666,0.6666666666666666,3
1,node_1,baseline,pair,"Pepper,_bell___healthy",0.0,0.0,0.0,0
1,node_1,baseline,pair,Potato___Early_blight,0.0,0.0,0.0,0
1,node_1,baseline,pair,Potato___Late_blight,0.0,0.0,0.0,6
1,node_1,baseline,pair,Tomato___Bacterial_spot,0.0,0.0,0.0,3
1,node_1,baseline,pair,Tomato___Early_blight,0.2222222222222222,0.5,0.3076923076923077,4
1,node_1,baseline,pair,Tomato___Late_blight,0.25,0.25,0.25,4
1,node_1,baseline,pair,Tomato___Leaf_Mold,0.0,0.0,0.0,1
1,node_1,baseline,pair,Tomato___Septoria_leaf_spot,0.0,0.0,0.0,0
1,node_1,baseline,pair,Tomato___Tomato_Yellow_Leaf_Curl_Virus,0.0,0.0,0.0,0
1,node_1,baseline,pair,Tomato___Tomato_mosaic_virus,0.25,0.5,0.3333333333333333,2
1,node_1,baseline,pair,Tomato___healthy,0.0,0.0,0.0,1
1,node_1,baseline,pair,invalid_combo,0.0,0.0,0.0,0
1,node_2,baseline,crop,Apple,0.043478260869565216,0.25,0.07407407407407407,4
1,node_2,baseline,crop,Corn,1.0,0.25,0.4,12
1,node_2,baseline,crop,Grape,0.2857142857142857,0.6666666666666666,0.4,3
1,node_2,baseline,crop,"Pepper,_bell",0.6153846153846154,0.6153846153846154,0.6153846153846154,13
1,node_2,baseline,crop,Potato,0.3333333333333333,0.35,0.34146341463414637,20
1,node_2,baseline,crop,Tomato,0.8,0.5333333333333333,0.64,45
1,node_2,baseline,disease,Apple_scab,0.0,0.0,0.0,2
1,node_2,baseline,disease,Cedar_apple_rust,0.25,0.5,0.3333333333333333,2
1,node_2,baseline,disease,healthy,0.35294117647058826,0.9230769230769231,0.5106382978723404,13
1,node_2,baseline,disease,Cercospora_leaf_spot Gray_leaf_spot,0.0,0.0,0.0,0
1,node_2,baseline,disease,Common_rust,0.0,0.0,0.0,0
1,node_2,baseline,disease,Northern_Leaf_Blight,1.0,0.3333333333333333,0.5,12
1,node_2,baseline,disease,Black_rot,0.0,0.0,0.0,1
1,node_2,baseline,disease,Bacterial_spot,0.0,0.0,0.0,3
1,node_2,baseline,disease,Early_blight,0.5263157894736842,0.5,0.5128205128205128,20
1,node_2,baseline,disease,Late_blight,0.5416666666666666,0.52,0.5306122448979592,25
1,node_2,baseline,disease,Leaf_Mold,0.0,0.0,0.0,5
1,node_2,baseline,disease,Septoria_leaf_spot,0.0,0.0,0.0,1
1,node_2,baseline,disease,Tomato_Yellow_Leaf_Curl_Virus,0.7142857142857143,0.38461538461538464,0.5,13
1,node_2,baseline,disease,Tomato_mosaic_virus,0.0,0.0,0.0,0
1,node_2,baseline,pair,Apple___Apple_scab,0.0,0.0,0.0,2
1,node_2,baseline,pair,Apple___Cedar_apple_rust,0.25,0.5,0.3333333333333333,2
1,node_2,baseline,pair,Apple___healthy,0.0,0.0,0.0,0
1,node_2,baseline,pair,Corn___Cercospora_leaf_spot Gray_leaf_spot,0.0,0.0,0.0,0
1,node_2,baseline,pair,Corn___Common_rust,0.0,0.0,0.0,0
1,node_2,baseline,pair,Corn___Northern_Leaf_Blight,1.0,0.16666666666666666,0.2857142857142857,12
1,node_2,baseline,pair,Grape___Black_rot,0.0,0.0,0.0,1
1,node_2,baseline,pair,Grape___healthy,0.2857142857142857,1.0,0.4444444444444444,2
1,node_2,baseline,pair,"Pepper,_bell___Bacterial_spot",0.0,0.0,0.0,3
1,node_2,baseline,pair,"Pepper,_bell___healthy",0.6153846153846154,0.8,0.6956521739130435,10
1,node_2,baseline,pair,Potato___Early_blight,0.5,0.5,0.5,14
1,node_2,baseline,pair,Potato___Late_blight,0.0,0.0,0.0,6
1,node_2,baseline,pair,Tomato___Bacterial_spot,0.0,0.0,0.0,0
1,node_2,baseline,pair,Tomato___Early_blight,0.0,0.0,0.0,6
1,node_2,baseline,pair,Tomato___Late_blight,0.5714285714285714,0.42105263157894735,0.48484848484848486,19
1,node_2,baseline,pair,Tomato___Leaf_Mold,0.0,0.0,0.0,5
1,node_2,baseline,pair,Tomato___Septoria_leaf_spot,0.0,0.0,0.0,1
1,node_2,baseline,pair,Tomato___Tomato_Yellow_Leaf_Curl_Virus,0.8333333333333334,0.38461538461538464,0.5263157894736842,13
1,node_2,baseline,pair,Tomato___Tomato_mosaic_virus,0.0,0.0,0.0,0
1,node_2,baseline,pair,Tomato___healthy,0.0,0.0,0.0,1
1,node_2,baseline,pair,invalid_combo,0.0,0.0,0.0,0
1,node_3,baseline,crop,Apple,0.9333333333333333,0.4666666666666667,0.6222222222222222,30
1,node_3,baseline,crop,Corn,0.0,0.0,0.0,1
1,node_3,baseline,crop,Grape,1.0,0.625,0.7692307692307693,8
1,node_3,baseline,crop,"Pepper,_bell",1.0,0.4,0.5714285714285714,5
1,node_3,baseline,crop,Potato,0.5714285714285714,0.6666666666666666,0.6153846153846154,12
1,node_3,baseline,crop,Tomato,0.6296296296296297,1.0,0.7727272727272727,34
1,node_3,baseline,disease,Apple_scab,1.0,0.45454545454545453,0.625,11
1,node_3,baseline,disease,Cedar_apple_rust,1.0,0.3333333333333333,0.5,6
1,node_3,baseline,disease,healthy,1.0,0.5416666666666666,0.7027027027027027,24
1,node_3,baseline,disease,Cercospora_leaf_spot Gray_leaf_spot,0.0,0.0,0.0,0
1,node_3,baseline,disease,Common_rust,0.0,0.0,0.0,0
1,node_3,baseline,disease,Northern_Leaf_Blight,0.0,0.0,0.0,1
1,node_3,baseline,disease,Black_rot,0.0,0.0,0.0,0
1,node_3,baseline,disease,Bacterial_spot,0.2962962962962963,0.6666666666666666,0.41025641025641024,12
1,node_3,baseline,disease,Early_blight,0.5,0.5333333333333333,0.5161290322580645,15
1,node_3,baseline,disease,Late_blight,0.0,0.0,0.0,2
1,node_3,baseline,disease,Leaf_Mold,0.0,0.0,0.0,1
1,node_3,baseline,disease,Septoria_leaf_spot,0.25,0.8333333333333334,0.38461538461538464,6
1,node_3,baseline,disease,Tomato_Yellow_Leaf_Curl_Virus,0.0,0.0,0.0,4
1,node_3,baseline,disease,Tomato_mosaic_virus,0.5714285714285714,0.5,0.5333333333333333,8
1,node_3,baseline,pair,Apple___Apple_scab,1.0,0.45454545454545453,0.625,11
1,node_3,baseline,pair,Apple___Cedar_apple_rust,1.0,0.3333333333333333,0.5,6
1,node_3,baseline,pair,Apple___healthy,0.875,0.5384615384615384,0.6666666666666666,13
1,node_3,baseline,pair,Corn___Cercospora_leaf_spot Gray_leaf_spot,0.0,0.0,0.0,0
1,node_3,baseline,pair,Corn___Common_rust,0.0,0.0,0.0,0
1,node_3,baseline,pair,Corn___Northern_Leaf_Blight,0.0,0.0,0.0,1
1,node_3,baseline,pair,Grape___Black_rot,0.0,0.0,0.0,0
1,node_3,baseline,pair,Grape___healthy,1.0,0.5,0.6666666666666666,8
1,node_3,baseline,pair,"Pepper,_bell___Bacterial_spot",0.0,0.0,0.0,2
1,node_3,baseline,pair,"Pepper,_bell___healthy",0.0,0.0,0.0,3
1,node_3,baseline,pair,Potato___Early_blight,0.5714285714285714,0.7272727272727273,0.64,11
1,node_3,baseline,pair,Potato___Late_blight,0.0,0.0,0.0,1
1,node_3,baseline,pair,Tomato___Bacterial_spot,0.28,0.7,0.4,10
1,node_3,baseline,pair,Tomato___Early_blight,0.0,0.0,0.0,4
1,node_3,baseline,pair,Tomato___Late_blight,0.0,0.0,0.0,1
1,node_3,baseline,pair,Tomato___Leaf_Mold,0.0,0.0,0.0,1
1,node_3,baseline,pair,Tomato___Septoria_leaf_spot,0.2631578947368421,0.8333333333333334,0.4,6
1,node_3,baseline,pair,Tomato___Tomato_Yellow_Leaf_Curl_Virus,0.0,0.0,0.0,4
1,node_3,baseline,pair,Tomato___Tomato_mosaic_virus,0.5714285714285714,0.5,0.5333333333333333,8
1,node_3,baseline,pair,Tomato___healthy,0.0,0.0,0.0,0
1,node_3,baseline,pair,invalid_combo,0.0,0.0,0.0,0
1,node_4,baseline,crop,Apple,0.6923076923076923,0.8181818181818182,0.75,11
1,node_4,baseline,crop,Corn,0.8064516129032258,1.0,0.8928571428571429,25
1,node_4,baseline,crop,Grape,0.0,0.0,0.0,2
1,node_4,baseline,crop,"Pepper,_bell",0.625,0.625,0.625,8
1,node_4,baseline,crop,Potato,1.0,0.6666666666666666,0.8,12
1,node_4,baseline,crop,Tomato,0.8260869565217391,0.76,0.7916666666666666,25
1,node_4,baseline,disease,Apple_scab,0.0,0.0,0.0,0
1,node_4,baseline,disease,Cedar_apple_rust,0.0,0.0,0.0,0
1,node_4,baseline,disease,healthy,0.75,0.75,0.75,12
1,node_4,baseline,disease,Cercospora_leaf_spot Gray_leaf_spot,0.5,0.08333333333333333,0.14285714285714285,12
1,node_4,baseline,disease,Common_rust,0.0,0.0,0.0,0
1,node_4,baseline,disease,Northern_Leaf_Blight,0.43333333333333335,1.0,0.6046511627906976,13
1,node_4,baseline,disease,Black_rot,0.0,0.0,0.0,1
1,node_4,baseline,disease,Bacterial_spot,0.7,0.5833333333333334,0.6363636363636364,12
1,node_4,baseline,disease,Early_blight,0.0,0.0,0.0,2
1,node_4,baseline,disease,Late_blight,0.875,0.5384615384615384,0.6666666666666666,13
1,node_4,baseline,disease,Leaf_Mold,0.0,0.0,0.0,1
1,node_4,baseline,disease,Septoria_leaf_spot,0.4375,0.5384615384615384,0.4827586206896552,13
1,node_4,baseline,disease,Tomato_Yellow_Leaf_Curl_Virus,1.0,0.5,0.6666666666666666,2
1,node_4,baseline,disease,Tomato_mosaic_virus,0.5,1.0,0.6666666666666666,2
1,node_4,baseline,pair,Apple___Apple_scab,0.0,0.0,0.0,0
1,node_4,baseline,pair,Apple___Cedar_apple_rust,0.0,0.0,0.0,0
1,node_4,baseline,pair,Apple___healthy,0.6666666666666666,0.7272727272727273,0.6956521739130435,11
1,node_4,baseline,pair,Corn___Cercospora_leaf_spot Gray_leaf_spot,0.5,0.08333333333333333,0.14285714285714285,12
1,node_4,baseline,pair,Corn___Common_rust,0.0,0.0,0.0,0
1,node_4,baseline,pair,Corn___Northern_Leaf_Blight,0.4642857142857143,1.0,0.6341463414634146,13
1,node_4,baseline,pair,Grape___Black_rot,0.0,0.0,0.0,1
1,node_4,baseline,pair,Grape___healthy,0.0,0.0,0.0,1
1,node_4,baseline,pair,"Pepper,_bell___Bacterial_spot",0.625,0.625,0.625,8
1,node_4,baseline,pair,"Pepper,_bell___healthy",0.0,0.0,0.0,0
1,node_4,baseline,pair,Potato___Early_blight,0.0,0.0,0.0,1
1,node_4,baseline,pair,Potato___Late_blight,0.875,0.6363636363636364,0.7368421052631579,11
1,node_4,baseline,pair,Tomato___Bacterial_spot,0.0,0.0,0.0,4
1,node_4,baseline,pair,Tomato___Early_blight,0.0,0.0,0.0,1
1,node_4,baseline,pair,Tomato___Late_blight,0.0,0.0,0.0,2
1,node_4,baseline,pair,Tomato___Leaf_Mold,0.0,0.0,0.0,1
1,node_4,baseline,pair,Tomato___Septoria_leaf_spot,0.4375,0.5384615384615384,0.4827586206896552,13
1,node_4,baseline,pair,Tomato___Tomato_Yellow_Leaf_Curl_Virus,1.0,0.5,0.6666666666666666,2
1,node_4,baseline,pair,Tomato___Tomato_mosaic_virus,0.5,1.0,0.6666666666666666,2
1,node_4,baseline,pair,Tomato___healthy,0.0,0.0,0.0,0
1,node_4,baseline,pair,invalid_combo,0.0,0.0,0.0,0
1,node_5,baseline,crop,Apple,0.0,0.0,0.0,4
1,node_5,baseline,crop,Corn,0.08771929824561403,1.0,0.16129032258064516,5
1,node_5,baseline,crop,Grape,0.0,0.0,0.0,6
1,node_5,baseline,crop,"Pepper,_bell",0.0,0.0,0.0,4
1,node_5,baseline,crop,Potato,0.0,0.0,0.0,7
1,node_5,baseline,crop,Tomato,0.0,0.0,0.0,33
1,node_5,baseline,disease,Apple_scab,0.0,0.0,0.0,2
1,node_5,baseline,disease,Cedar_apple_rust,0.0,0.0,0.0,1
1,node_5,baseline,disease,healthy,1.0,0.043478260869565216,0.08333333333333333,23
1,node_5,baseline,disease,Cercospora_leaf_spot Gray_leaf_spot,0.0,0.0,0.0,1
1,node_5,baseline,disease,Common_rust,0.0,0.0,0.0,0
1,node_5,baseline,disease,Northern_Leaf_Blight,0.07017543859649122,1.0,0.13114754098360656,4
1,node_5,baseline,disease,Black_rot,0.0,0.0,0.0,1
1,node_5,baseline,disease,Bacterial_spot,0.0,0.0,0.0,3
1,node_5,baseline,disease,Early_blight,0.0,0.0,0.0,7
1,node_5,baseline,disease,Late_blight,0.0,0.0,0.0,7
1,node_5,baseline,disease,Leaf_Mold,0.0,0.0,0.0,3
1,node_5,baseline,disease,Septoria_leaf_spot,0.0,0.0,0.0,4
1,node_5,baseline,disease,Tomato_Yellow_Leaf_Curl_Virus,0.0,0.0,0.0,1
1,node_5,baseline,disease,Tomato_mosaic_virus,0.0,0.0,0.0,2
1,node_5,baseline,pair,Apple___Apple_scab,0.0,0.0,0.0,2
1,node_5,baseline,pair,Apple___Cedar_apple_rust,0.0,0.0,0.0,1
1,node_5,baseline,pair,Apple___healthy,0.0,0.0,0.0,1
1,node_5,baseline,pair,Corn___Cercospora_leaf_spot Gray_leaf_spot,0.0,0.0,0.0,1
1,node_5,baseline,pair,Corn___Common_rust,0.0,0.0,0.0,0
1,node_5,baseline,pair,Corn___Northern_Leaf_Blight,0.07017543859649122,1.0,0.13114754098360656,4
1,node_5,baseline,pair,Grape___Black_rot,0.0,0.0,0.0,1
1,node_5,baseline,pair,Grape___healthy,0.0,0.0,0.0,5
1,node_5,baseline,pair,"Pepper,_bell___Bacterial_spot",0.0,0.0,0.0,2
1,node_5,baseline,pair,"Pepper,_bell___healthy",0.0,0.0,0.0,2
1,node_5,baseline,pair,Potato___Early_blight,0.0,0.0,0.0,4
1,node_5,baseline,pair,Potato___Late_blight,0.0,0.0,0.0,3
1,node_5,baseline,pair,Tomato___Bacterial_spot,0.0,0.0,0.0,1
1,node_5,baseline,pair,Tomato___Early_blight,0.0,0.0,0.0,3
1,node_5,baseline,pair,Tomato___Late_blight,0.0,0.0,0.0,4
1,node_5,baseline,pair,Tomato___Leaf_Mold,0.0,0.0,0.0,3
1,node_5,baseline,pair,Tomato___Septoria_leaf_spot,0.0,0.0,0.0,4
1,node_5,baseline,pair,Tomato___Tomato_Yellow_Leaf_Curl_Virus,0.0,0.0,0.0,1
1,node_5,baseline,pair,Tomato___Tomato_mosaic_virus,0.0,0.0,0.0,2
1,node_5,baseline,pair,Tomato___healthy,0.0,0.0,0.0,15
1,node_5,baseline,pair,invalid_combo,0.0,0.0,0.0,0
2,node_0,mesh,crop,Apple,1.0,0.45454545454545453,0.625,11
2,node_0,mesh,crop,Corn,1.0,1.0,1.0,12
2,node_0,mesh,crop,Grape,1.0,1.0,1.0,3
2,node_0,mesh,crop,"Pepper,_bell",0.0,0.0,0.0,0
2,node_0,mesh,crop,Potato,1.0,0.3333333333333333,0.5,3
2,node_0,mesh,crop,Tomato,0.8571428571428571,1.0,0.9230769230769231,48
2,node_0,mesh,disease,Apple_scab,0.8333333333333334,0.5,0.625,10
2,node_0,mesh,disease,Cedar_apple_rust,0.0,0.0,0.0,1
2,node_0,mesh,disease,healthy,0.75,1.0,0.8571428571428571,3
2,node_0,mesh,disease,Cercospora_leaf_spot Gray_leaf_spot,0.6666666666666666,0.6666666666666666,0.6666666666666666,3
2,node_0,mesh,disease,Common_rust,0.0,0.0,0.0,0
2,node_0,mesh,disease,Northern_Leaf_Blight,0.8,0.8888888888888888,0.8421052631578947,9
2,node_0,mesh,disease,Black_rot,0.0,0.0,0.0,0
2,node_0,mesh,disease,Bacterial_spot,0.6153846153846154,0.6666666666666666,0.64,12
2,node_0,mesh,disease,Early_blight,1.0,0.16666666666666666,0.2857142857142857,6
2,node_0,mesh,disease,Late_blight,0.0,0.0,0.0,2
2,node_0,mesh,disease,Leaf_Mold,0.625,0.35714285714285715,0.45454545454545453,14
2,node_0,mesh,disease,Septoria_leaf_spot,0.40625,0.7647058823529411,0.5306122448979592,17
2,node_0,mesh,disease,Tomato_Yellow_Leaf_Curl_Virus,0.0,0.0,0.0,0
2,node_0,mesh,disease,Tomato_mosaic_virus,0.0,0.0,0.0,0
2,node_0,mesh,pair,Apple___Apple_scab,1.0,0.5,0.6666666666666666,10
2,node_0,mesh,pair,Apple___Cedar_apple_rust,0.0,0.0,0.0,1
2,node_0,mesh,pair,Apple___healthy,0.0,0.0,0.0,0
2,node_0,mesh,pair,Corn___Cercospora_leaf_spot Gray_leaf_spot,0.6666666666666666,0.6666666666666666,0.6666666666666666,3
2,node_0,mesh,pair,Corn___Common_rust,0.0,0.0,0.0,0
2,node_0,mesh,pair,Corn___Northern_Leaf_Blight,0.8888888888888888,0.8888888888888888,0.8888888888888888,9
2,node_0,mesh,pair,Grape___Black_rot,0.0,0.0,0.0,0
2,node_0,mesh,pair,Grape___healthy,1.0,1.0,1.0,3
2,node_0,mesh,pair,"Pepper,_bell___Bacterial_spot",0.0,0.0,0.0,0
2,node_0,mesh,pair,"Pepper,_bell___healthy",0.0,0.0,0.0,0
2,node_0,mesh,pair,Potato___Early_blight,1.0,1.0,1.0,1
2,node_0,mesh,pair,Potato___Late_blight,0.0,0.0,0.0,2
2,node_0,mesh,pair,Tomato___Bacterial_spot,0.6153846153846154,0.6666666666666666,0.64,12
2,node_0,mesh,pair,Tomato___Early_blight,0.0,0.0,0.0,5
2,node_0,mesh,pair,Tomato___Late_blight,0.0,0.0,0.0,0
2,node_0,mesh,pair,Tomato___Leaf_Mold,0.625,0.35714285714285715,0.45454545454545453,14
2,node_0,mesh,pair,Tomato___Septoria_leaf_spot,0.40625,0.7647058823529411,0.5306122448979592,17
2,node_0,mesh,pair,Tomato___Tomato_Yellow_Leaf_Curl_Virus,0.0,0.0,0.0,0
2,node_0,mesh,pair,Tomato___Tomato_mosaic_virus,0.0,0.0,0.0,0
2,node_0,mesh,pair,Tomato___healthy,0.0,0.0,0.0,0
2,node_0,mesh,pair,invalid_combo,0.0,0.0,0.0,0
2,node_1,mesh,crop,Apple,0.7058823529411765,0.9230769230769231,0.8,13
2,node_1,mesh,crop,Corn,1.0,1.0,1.0,17
2,node_1,mesh,crop,Grape,0.8461538461538461,0.7857142857142857,0.8148148148148148,14
2,node_1,mesh,crop,"Pepper,_bell",0.0,0.0,0.0,3
2,node_1,mesh,crop,Potato,0.3333333333333333,0.16666666666666666,0.2222222222222222,6
2,node_1,mesh,crop,Tomato,0.6470588235294118,0.7333333333333333,0.6875,15
2,node_1,mesh,disease,Apple_scab,0.0,0.0,0.0,0
2,node_1,mesh,disease,Cedar_apple_rust,0.6875,0.8461538461538461,0.7586206896551724,13
2,node_1,mesh,disease,healthy,0.0,0.0,0.0,1
2,node_1,mesh,disease,Cercospora_leaf_spot Gray_leaf_spot,0.3333333333333333,0.5,0.4,2
2,node_1,mesh,disease,Common_rust,0.0,0.0,0.0,0
2,node_1,mesh,disease,Northern_Leaf_Blight,0.7222222222222222,0.8666666666666667,0.7878787878787878,15
2,node_1,mesh,disease,Black_rot,0.8,0.8571428571428571,0.8275862068965517,14
2,node_1,mesh,disease,Bacterial_spot,0.0,0.0,0.0,6
2,node_1,mesh,disease,Early_blight,0.0,0.0,0.0,4
2,node_1,mesh,disease,Late_blight,0.5,0.5,0.5,10
2,node_1,mesh,disease,Leaf_Mold,0.0,0.0,0.0,1
2,node_1,mesh,disease,Septoria_leaf_spot,0.0,0.0,0.0,0
2,node_1,mesh,disease,Tomato_Yellow_Leaf_Curl_Virus,0.0,0.0,0.0,0
2,node_1,mesh,disease,Tomato_mosaic_virus,1.0,0.5,0.6666666666666666,2
2,node_1,mesh,pair,Apple___Apple_scab,0.0,0.0,0.0,0
2,node_1,mesh,pair,Apple___Cedar_apple_rust,0.6875,0.8461538461538461,0.7586206896551724,13
2,node_1,mesh,pair,Apple___healthy,0.0,0.0,0.0,0
2,node_1,mesh,pair,Corn___Cercospora_leaf_spot Gray_leaf_spot,0.3333333333333333,0.5,0.4,2
2,node_1,mesh,pair,Corn___Common_rust,0.0,0.0,0.0,0
2,node_1,mesh,pair,Corn___Northern_Leaf_Blight,0.9285714285714286,0.8666666666666667,0.896551724137931,15
2,node_1,mesh,pair,Grape___Black_rot,0.8461538461538461,0.7857142857142857,0.8148148148148148,14
2,node_1,mesh,pair,Grape___healthy,0.0,0.0,0.0,0
2,node_1,mesh,pair,"Pepper,_bell___Bacterial_spot",0.0,0.0,0.0,3
2,node_1,mesh,pair,"Pepper,_bell___healthy",0.0,0.0,0.0,0
2,node_1,mesh,pair,Potato___Early_blight,0.0,0.0,0.0,0
2,node_1,mesh,pair,Potato___Late_blight,0.3333333333333333,0.16666666666666666,0.2222222222222222,6
2,node_1,mesh,pair,Tomato___Bacterial_spot,0.0,0.0,0.0,3
2,node_1,mesh,pair,Tomato___Early_blight,0.0,0.0,0.0,4
2,node_1,mesh,pair,Tomato___Late_blight,0.2857142857142857,0.5,0.36363636363636365,4
2,node_1,mesh,pair,Tomato___Leaf_Mold,0.0,0.0,0.0,1
2,node_1,mesh,pair,Tomato___Septoria_leaf_spot,0.0,0.0,0.0,0
2,node_1,mesh,pair,Tomato___Tomato_Yellow_Leaf_Curl_Virus,0.0,0.0,0.0,0
2,node_1,mesh,pair,Tomato___Tomato_mosaic_virus,1.0,0.5,0.6666666666666666,2
2,node_1,mesh,pair,Tomato___healthy,0.0,0.0,0.0,1
2,node_1,mesh,pair,invalid_combo,0.0,0.0,0.0,0
2,node_2,mesh,crop,Apple,0.5,0.25,0.3333333333333333,4
2,node_2,mesh,crop,Corn,0.7333333333333333,0.9166666666666666,0.8148148148148148,12
2,node_2,mesh,crop,Grape,1.0,0.3333333333333333,0.5,3
2,node_2,mesh,crop,"Pepper,_bell",1.0,0.7692307692307693,0.8695652173913043,13
2,node_2,mesh,crop,Potato,0.8,0.4,0.5333333333333333,20
2,node_2,mesh,crop,Tomato,0.7288135593220338,0.9555555555555556,0.8269230769230769,45
2,node_2,mesh,disease,Apple_scab,0.0,0.0,0.0,2
2,node_2,mesh,disease,Cedar_apple_rust,0.5,0.5,0.5,2
2,node_2,mesh,disease,healthy,1.0,0.9230769230769231,0.96,13
2,node_2,mesh,disease,Cercospora_leaf_spot Gray_leaf_spot,0.0,0.0,0.0,0
2,node_2,mesh,disease,Common_rust,0.0,0.0,0.0,0
2,node_2,mesh,disease,Northern_Leaf_Blight,0.8,1.0,0.8888888888888888,12
2,node_2,mesh,disease,Black_rot,0.0,0.0,0.0,1
2,node_2,mesh,disease,Bacterial_spot,0.0,0.0,0.0,3
2,node_2,mesh,disease,Early_blight,0.7333333333333333,0.55,0.6285714285714286,20
2,node_2,mesh,disease,Late_blight,0.6176470588235294,0.84,0.711864406779661,25
2,node_2,mesh,disease,Leaf_Mold,0.6,0.6,0.6,5
2,node_2,mesh,disease,Septoria_leaf_spot,0.0,0.0,0.0,1
2,node_2,mesh,disease,Tomato_Yellow_Leaf_Curl_Virus,1.0,0.8461538461538461,0.9166666666666666,13
2,node_2,mesh,disease,Tomato_mosaic_virus,0.0,0.0,0.0,0
2,node_2,mesh,pair,Apple___Apple_scab,0.0,0.0,0.0,2
2,node_2,mesh,pair,Apple___Cedar_apple_rust,0.5,0.5,0.5,2
2,node_2,mesh,pair,Apple___healthy,0.0,0.0,0.0,0
2,node_2,mesh,pair,Corn___Cercospora_leaf_spot Gray_leaf_spot,0.0,0.0,0.0,0
2,node_2,mesh,pair,Corn___Common_rust,0.0,0.0,0.0,0
2,node_2,mesh,pair,Corn___Northern_Leaf_Blight,0.7857142857142857,0.9166666666666666,0.8461538461538461,12
2,node_2,mesh,pair,Grape___Black_rot,0.0,0.0,0.0,1
2,node_2,mesh,pair,Grape___healthy,1.0,0.5,0.6666666666666666,2
2,node_2,mesh,pair,"Pepper,_bell___Bacterial_spot",0.0,0.0,0.0,3
2,node_2,mesh,pair,"Pepper,_bell___healthy",1.0,1.0,1.0,10
2,node_2,mesh,pair,Potato___Early_blight,1.0,0.5,0.6666666666666666,14
2,node_2,mesh,pair,Potato___Late_blight,0.0,0.0,0.0,6
2,node_2,mesh,pair,Tomato___Bacterial_spot,0.0,0.0,0.0,0
2,node_2,mesh,pair,Tomato___Early_blight,0.14285714285714285,0.16666666666666666,0.15384615384615385,6
2,node_2,mesh,pair,Tomato___Late_blight,0.5161290322580645,0.8421052631578947,0.64,19
2,node_2,mesh,pair,Tomato___Leaf_Mold,0.6,0.6,0.6,5
2,node_2,mesh,pair,Tomato___Septoria_leaf_spot,0.0,0.0,0.0,1
2,node_2,mesh,pair,Tomato___Tomato_Yellow_Leaf_Curl_Virus,1.0,0.8461538461538461,0.9166666666666666,13
2,node_2,mesh,pair,Tomato___Tomato_mosaic_virus,0.0,0.0,0.0,0
2,node_2,mesh,pair,Tomato___healthy,0.0,0.0,0.0,1
2,node_2,mesh,pair,invalid_combo,0.0,0.0,0.0,0
2,node_3,mesh,crop,Apple,0.8846153846153846,0.7666666666666667,0.8214285714285714,30
2,node_3,mesh,crop,Corn,0.0,0.0,0.0,1
2,node_3,mesh,crop,Grape,0.8571428571428571,0.75,0.8,8
2,node_3,mesh,crop,"Pepper,_bell",1.0,0.8,0.8888888888888888,5
2,node_3,mesh,crop,Potato,0.6666666666666666,0.6666666666666666,0.6666666666666666,12
2,node_3,mesh,crop,Tomato,0.7317073170731707,0.8823529411764706,0.8,34
2,node_3,mesh,disease,Apple_scab,0.625,0.9090909090909091,0.7407407407407407,11
2,node_3,mesh,disease,Cedar_apple_rust,1.0,0.8333333333333334,0.9090909090909091,6
2,node_3,mesh,disease,healthy,0.8461538461538461,0.9166666666666666,0.88,24
2,node_3,mesh,disease,Cercospora_leaf_spot Gray_leaf_spot,0.0,0.0,0.0,0
2,node_3,mesh,disease,Common_rust,0.0,0.0,0.0,0
2,node_3,mesh,disease,Northern_Leaf_Blight,0.0,0.0,0.0,1
2,node_3,mesh,disease,Black_rot,0.0,0.0,0.0,0
2,node_3,mesh,disease,Bacterial_spot,0.45454545454545453,0.4166666666666667,0.43478260869565216,12
2,node_3,mesh,disease,Early_blight,0.5555555555555556,0.6666666666666666,0.6060606060606061,15
2,node_3,mesh,disease,Late_blight,0.0,0.0,0.0,2
2,node_3,mesh,disease,Leaf_Mold,0.0,0.0,0.0,1
2,node_3,mesh,disease,Septoria_leaf_spot,1.0,0.5,0.6666666666666666,6
2,node_3,mesh,disease,Tomato_Yellow_Leaf_Curl_Virus,0.5,0.75,0.6,4
2,node_3,mesh,disease,Tomato_mosaic_virus,0.8,0.5,0.6153846153846154,8
2,node_3,mesh,pair,Apple___Apple_scab,0.7,0.6363636363636364,0.6666666666666666,11
2,node_3,mesh,pair,Apple___Cedar_apple_rust,1.0,0.6666666666666666,0.8,6
2,node_3,mesh,pair,Apple___healthy,0.9166666666666666,0.8461538461538461,0.88,13
2,node_3,mesh,pair,Corn___Cercospora_leaf_spot Gray_leaf_spot,0.0,0.0,0.0,0
2,node_3,mesh,pair,Corn___Common_rust,0.0,0.0,0.0,0
2,node_3,mesh,pair,Corn___Northern_Leaf_Blight,0.0,0.0,0.0,1
2,node_3,mesh,pair,Grape___Black_rot,0.0,0.0,0.0,0
2,node_3,mesh,pair,Grape___healthy,0.8571428571428571,0.75,0.8,8
2,node_3,mesh,pair,"Pepper,_bell___Bacterial_spot",1.0,1.0,1.0,2
2,node_3,mesh,pair,"Pepper,_bell___healthy",1.0,0.6666666666666666,0.8,3
2,node_3,mesh,pair,Potato___Early_blight,0.8,0.7272727272727273,0.7619047619047619,11
2,node_3,mesh,pair,Potato___Late_blight,0.0,0.0,0.0,1
2,node_3,mesh,pair,Tomato___Bacterial_spot,0.3333333333333333,0.3,0.3157894736842105,10
2,node_3,mesh,pair,Tomato___Early_blight,0.125,0.25,0.16666666666666666,4
2,node_3,mesh,pair,Tomato___Late_blight,0.0,0.0,0.0,1
2,node_3,mesh,pair,Tomato___Leaf_Mold,0.0,0.0,0.0,1
2,node_3,mesh,pair,Tomato___Septoria_leaf_spot,1.0,0.5,0.6666666666666666,6
2,node_3,mesh,pair,Tomato___Tomato_Yellow_Leaf_Curl_Virus,0.5,0.75,0.6,4
2,node_3,mesh,pair,Tomato___Tomato_mosaic_virus,0.8,0.5,0.6153846153846154,8
2,node_3,mesh,pair,Tomato___healthy,0.0,0.0,0.0,0
2,node_3,mesh,pair,invalid_combo,0.0,0.0,0.0,0
2,node_4,mesh,crop,Apple,1.0,0.6363636363636364,0.7777777777777778,11
2,node_4,mesh,crop,Corn,0.8620689655172413,1.0,0.9259259259259259,25
2,node_4,mesh,crop,Grape,1.0,0.5,0.6666666666666666,2
2,node_4,mesh,crop,"Pepper,_bell",0.0,0.0,0.0,8
2,node_4,mesh,crop,Potato,0.8888888888888888,0.6666666666666666,0.7619047619047619,12
2,node_4,mesh,crop,Tomato,0.6216216216216216,0.92,0.7419354838709677,25
2,node_4,mesh,disease,Apple_scab,0.0,0.0,0.0,0
2,node_4,mesh,disease,Cedar_apple_rust,0.0,0.0,0.0,0
2,node_4,mesh,disease,healthy,1.0,0.8333333333333334,0.9090909090909091,12
2,node_4,mesh,disease,Cercospora_leaf_spot Gray_leaf_spot,1.0,0.3333333333333333,0.5,12
2,node_4,mesh,disease,Common_rust,0.0,0.0,0.0,0
2,node_4,mesh,disease,Northern_Leaf_Blight,0.5416666666666666,1.0,0.7027027027027027,13
2,node_4,mesh,disease,Black_rot,0.0,0.0,0.0,1
2,node_4,mesh,disease,Bacterial_spot,0.8,0.6666666666666666,0.7272727272727273,12
2,node_4,mesh,disease,Early_blight,0.0,0.0,0.0,2
2,node_4,mesh,disease,Late_blight,0.8888888888888888,0.6153846153846154,0.7272727272727273,13
2,node_4,mesh,disease,Leaf_Mold,0.0,0.0,0.0,1
2,node_4,mesh,disease,Septoria_leaf_spot,0.5555555555555556,0.7692307692307693,0.6451612903225806,13
2,node_4,mesh,disease,Tomato_Yellow_Leaf_Curl_Virus,0.3333333333333333,0.5,0.4,2
2,node_4,mesh,disease,Tomato_mosaic_virus,0.4,1.0,0.5714285714285714,2
2,node_4,mesh,pair,Apple___Apple_scab,0.0,0.0,0.0,0
2,node_4,mesh,pair,Apple___Cedar_apple_rust,0.0,0.0,0.0,0
2,node_4,mesh,pair,Apple___healthy,1.0,0.6363636363636364,0.7777777777777778,11
2,node_4,mesh,pair,Corn___Cercospora_leaf_spot Gray_leaf_spot,1.0,0.3333333333333333,0.5,12
2,node_4,mesh,pair,Corn___Common_rust,0.0,0.0,0.0,0
2,node_4,mesh,pair,Corn___Northern_Leaf_Blight,0.5416666666666666,1.0,0.7027027027027027,13
2,node_4,mesh,pair,Grape___Black_rot,0.0,0.0,0.0,1
2,node_4,mesh,pair,Grape___healthy,1.0,1.0,1.0,1
2,node_4,mesh,pair,"Pepper,_bell___Bacterial_spot",0.0,0.0,0.0,8
2,node_4,mesh,pair,"Pepper,_bell___healthy",0.0,0.0,0.0,0
2,node_4,mesh,pair,Potato___Early_blight,0.0,0.0,0.0,1
2,node_4,mesh,pair,Potato___Late_blight,0.7777777777777778,0.6363636363636364,0.7,11
2,node_4,mesh,pair,Tomato___Bacterial_spot,0.1111111111111111,0.25,0.15384615384615385,4
2,node_4,mesh,pair,Tomato___Early_blight,0.0,0.0,0.0,1
2,node_4,mesh,pair,Tomato___Late_blight,0.0,0.0,0.0,2
2,node_4,mesh,pair,Tomato___Leaf_Mold,0.0,0.0,0.0,1
2,node_4,mesh,pair,Tomato___Septoria_leaf_spot,0.5555555555555556,0.7692307692307693,0.6451612903225806,13
2,node_4,mesh,pair,Tomato___Tomato_Yellow_Leaf_Curl_Virus,0.3333333333333333,0.5,0.4,2
2,node_4,mesh,pair,Tomato___Tomato_mosaic_virus,0.4,1.0,0.5714285714285714,2
2,node_4,mesh,pair,Tomato___healthy,0.0,0.0,0.0,0
2,node_4,mesh,pair,invalid_combo,0.0,0.0,0.0,0
2,node_5,mesh,crop,Apple,1.0,0.25,0.4,4
2,node_5,mesh,crop,Corn,0.7142857142857143,1.0,0.8333333333333334,5
2,node_5,mesh,crop,Grape,0.5,0.3333333333333333,0.4,6
2,node_5,mesh,crop,"Pepper,_bell",0.0,0.0,0.0,4
2,node_5,mesh,crop,Potato,0.6,0.8571428571428571,0.7058823529411765,7
2,node_5,mesh,crop,Tomato,0.8108108108108109,0.9090909090909091,0.8571428571428571,33
2,node_5,mesh,disease,Apple_scab,0.0,0.0,0.0,2
2,node_5,mesh,disease,Cedar_apple_rust,0.0,0.0,0.0,1
2,node_5,mesh,disease,healthy,0.8,0.6956521739130435,0.7441860465116279,23
2,node_5,mesh,disease,Cercospora_leaf_spot Gray_leaf_spot,0.0,0.0,0.0,1
2,node_5,mesh,disease,Common_rust,0.0,0.0,0.0,0
2,node_5,mesh,disease,Northern_Leaf_Blight,0.6666666666666666,1.0,0.8,4
2,node_5,mesh,disease,Black_rot,0.0,0.0,0.0,1
2,node_5,mesh,disease,Bacterial_spot,0.0,0.0,0.0,3
2,node_5,mesh,disease,Early_blight,0.5,0.5714285714285714,0.5333333333333333,7
2,node_5,mesh,disease,Late_blight,0.46153846153846156,0.8571428571428571,0.6,7
2,node_5,mesh,disease,Leaf_Mold,0.0,0.0,0.0,3
2,node_5,mesh,disease,Septoria_leaf_spot,0.42857142857142855,0.75,0.5454545454545454,4
2,node_5,mesh,disease,Tomato_Yellow_Leaf_Curl_Virus,0.0,0.0,0.0,1
2,node_5,mesh,disease,Tomato_mosaic_virus,0.6666666666666666,1.0,0.8,2
2,node_5,mesh,pair,Apple___Apple_scab,0.0,0.0,0.0,2
2,node_5,mesh,pair,Apple___Cedar_apple_rust,0.0,0.0,0.0,1
2,node_5,mesh,pair,Apple___healthy,0.0,0.0,0.0,1
2,node_5,mesh,pair,Corn___Cercospora_leaf_spot Gray_leaf_spot,0.0,0.0,0.0,1
2,node_5,mesh,pair,Corn___Common_rust,0.0,0.0,0.0,0
2,node_5,mesh,pair,Corn___Northern_Leaf_Blight,0.6666666666666666,1.0,0.8,4
2,node_5,mesh,pair,Grape___Black_rot,0.0,0.0,0.0,1
2,node_5,mesh,pair,Grape___healthy,0.5,0.4,0.4444444444444444,5
2,node_5,mesh,pair,"Pepper,_bell___Bacterial_spot",0.0,0.0,0.0,2
2,node_5,mesh,pair,"Pepper,_bell___healthy",0.0,0.0,0.0,2
2,node_5,mesh,pair,Potato___Early_blight,0.5,0.5,0.5,4
2,node_5,mesh,pair,Potato___Late_blight,0.5,1.0,0.6666666666666666,3
2,node_5,mesh,pair,Tomato___Bacterial_spot,0.0,0.0,0.0,1
2,node_5,mesh,pair,Tomato___Early_blight,0.5,0.6666666666666666,0.5714285714285714,3
2,node_5,mesh,pair,Tomato___Late_blight,0.2857142857142857,0.5,0.36363636363636365,4
2,node_5,mesh,pair,Tomato___Leaf_Mold,0.0,0.0,0.0,3
2,node_5,mesh,pair,Tomato___Septoria_leaf_spot,0.42857142857142855,0.75,0.5454545454545454,4
2,node_5,mesh,pair,Tomato___Tomato_Yellow_Leaf_Curl_Virus,0.0,0.0,0.0,1
2,node_5,mesh,pair,Tomato___Tomato_mosaic_virus,0.6666666666666666,1.0,0.8,2
2,node_5,mesh,pair,Tomato___healthy,0.7857142857142857,0.7333333333333333,0.7586206896551724,15
2,node_5,mesh,pair,invalid_combo,0.0,0.0,0.0,0
2,node_0,baseline,crop,Apple,0.5,0.09090909090909091,0.15384615384615385,11
2,node_0,baseline,crop,Corn,0.875,0.5833333333333334,0.7,12
2,node_0,baseline,crop,Grape,1.0,0.3333333333333333,0.5,3
2,node_0,baseline,crop,"Pepper,_bell",0.0,0.0,0.0,0
2,node_0,baseline,crop,Potato,0.0,0.0,0.0,3
2,node_0,baseline,crop,Tomato,0.7121212121212122,0.9791666666666666,0.8245614035087719,48
2,node_0,baseline,disease,Apple_scab,0.5714285714285714,0.4,0.47058823529411764,10
2,node_0,baseline,disease,Cedar_apple_rust,0.0,0.0,0.0,1
2,node_0,baseline,disease,healthy,1.0,0.3333333333333333,0.5,3
2,node_0,baseline,disease,Cercospora_leaf_spot Gray_leaf_spot,0.0,0.0,0.0,3
2,node_0,baseline,disease,Common_rust,0.0,0.0,0.0,0
2,node_0,baseline,disease,Northern_Leaf_Blight,0.6666666666666666,0.6666666666666666,0.6666666666666666,9
2,node_0,baseline,disease,Black_rot,0.0,0.0,0.0,0
2,node_0,baseline,disease,Bacterial_spot,1.0,0.08333333333333333,0.15384615384615385,12
2,node_0,baseline,disease,Early_blight,0.0,0.0,0.0,6
2,node_0,baseline,disease,Late_blight,0.0,0.0,0.0,2
2,node_0,baseline,disease,Leaf_Mold,0.25,0.5,0.3333333333333333,14
2,node_0,baseline,disease,Septoria_leaf_spot,0.3225806451612903,0.5882352941176471,0.4166666666666667,17
2,node_0,baseline,disease,Tomato_Yellow_Leaf_Curl_Virus,0.0,0.0,0.0,0
2,node_0,baseline,disease,Tomato_mosaic_virus,0.0,0.0,0.0,0
2,node_0,baseline,pair,Apple___Apple_scab,0.5,0.1,0.16666666666666666,10
2,node_0,baseline,pair,Apple___Cedar_apple_rust,0.0,0.0,0.0,1
2,node_0,baseline,pair,Apple___healthy,0.0,0.0,0.0,0
2,node_0,baseline,pair,Corn___Cercospora_leaf_spot Gray_leaf_spot,0.0,0.0,0.0,3
2,node_0,baseline,pair,Corn___Common_rust,0.0,0.0,0.0,0
2,node_0,baseline,pair,Corn___Northern_Leaf_Blight,0.625,0.5555555555555556,0.5882352941176471,9
2,node_0,baseline,pair,Grape___Black_rot,0.0,0.0,0.0,0
2,node_0,baseline,pair,Grape___healthy,1.0,0.3333333333333333,0.5,3
2,node_0,baseline,pair,"Pepper,_bell___Bacterial_spot",0.0,0.0,0.0,0
2,node_0,baseline,pair,"Pepper,_bell___healthy",0.0,0.0,0.0,0
2,node_0,baseline,pair,Potato___Early_blight,0.0,0.0,0.0,1
2,node_0,baseline,pair,Potato___Late_blight,0.0,0.0,0.0,2
2,node_0,baseline,pair,Tomato___Bacterial_spot,1.0,0.08333333333333333,0.15384615384615385,12
2,node_0,baseline,pair,Tomato___Early_blight,0.0,0.0,0.0,5
2,node_0,baseline,pair,Tomato___Late_blight,0.0,0.0,0.0,0
2,node_0,baseline,pair,Tomato___Leaf_Mold,0.25,0.5,0.3333333333333333,14
2,node_0,baseline,pair,Tomato___Septoria_leaf_spot,0.3225806451612903,0.5882352941176471,0.4166666666666667,17
2,node_0,baseline,pair,Tomato___Tomato_Yellow_Leaf_Curl_Virus,0.0,0.0,0.0,0
2,node_0,baseline,pair,Tomato___Tomato_mosaic_virus,0.0,0.0,0.0,0
2,node_0,baseline,pair,Tomato___healthy,0.0,0.0,0.0,0
2,node_0,baseline,pair,invalid_combo,0.0,0.0,0.0,0
2,node_1,baseline,crop,Apple,0.0,0.0,0.0,13
2,node_1,baseline,crop,Corn,0.2698412698412698,1.0,0.425,17
2,node_1,baseline,crop,Grape,0.0,0.0,0.0,14
2,node_1,baseline,crop,"Pepper,_bell",0.0,0.0,0.0,3
2,node_1,baseline,crop,Potato,0.0,0.0,0.0,6
2,node_1,baseline,crop,Tomato,0.6,0.2,0.3,15
2,node_1,baseline,disease,Apple_scab,0.0,0.0,0.0,0
2,node_1,baseline,disease,Cedar_apple_rust,0.0,0.0,0.0,13
2,node_1,baseline,disease,healthy,0.0,0.0,0.0,1
2,node_1,baseline,disease,Cercospora_leaf_spot Gray_leaf_spot,0.058823529411764705,0.5,0.10526315789473684,2
2,node_1,baseline,disease,Common_rust,0.0,0.0,0.0,0
2,node_1,baseline,disease,Northern_Leaf_Blight,0.17391304347826086,0.5333333333333333,0.26229508196721313,15
2,node_1,baseline,disease,Black_rot,0.0,0.0,0.0,14
2,node_1,baseline,disease,Bacterial_spot,0.0,0.0,0.0,6
2,node_1,baseline,disease,Early_blight,0.0,0.0,0.0,4
2,node_1,baseline,disease,Late_blight,0.0,0.0,0.0,10
2,node_1,baseline,disease,Leaf_Mold,0.0,0.0,0.0,1
2,node_1,baseline,disease,Septoria_leaf_spot,0.0,0.0,0.0,0
2,node_1,baseline,disease,Tomato_Yellow_Leaf_Curl_Virus,0.0,0.0,0.0,0
2,node_1,baseline,disease,Tomato_mosaic_virus,0.0,0.0,0.0,2
2,node_1,baseline,pair,Apple___Apple_scab,0.0,0.0,0.0,0
2,node_1,baseline,pair,Apple___Cedar_apple_rust,0.0,0.0,0.0,13
2,node_1,baseline,pair,Apple___healthy,0.0,0.0,0.0,0
2,node_1,baseline,pair,Corn___Cercospora_leaf_spot Gray_leaf_spot,0.058823529411764705,0.5,0.10526315789473684,2
2,node_1,baseline,pair,Corn___Common_rust,0.0,0.0,0.0,0
2,node_1,baseline,pair,Corn___Northern_Leaf_Blight,0.17391304347826086,0.5333333333333333,0.26229508196721313,15
2,node_1,baseline,pair,Grape___Black_rot,0.0,0.0,0.0,14
2,node_1,baseline,pair,Grape___healthy,0.0,0.0,0.0,0
2,node_1,baseline,pair,"Pepper,_bell___Bacterial_spot",0.0,0.0,0.0,3
2,node_1,baseline,pair,"Pepper,_bell___healthy",0.0,0.0,0.0,0
2,node_1,baseline,pair,Potato___Early_blight,0.0,0.0,0.0,0
2,node_1,baseline,pair,Potato___Late_blight,0.0,0.0,0.0,6
2,node_1,baseline,pair,Tomato___Bacterial_spot,0.0,0.0,0.0,3
2,node_1,baseline,pair,Tomato___Early_blight,0.0,0.0,0.0,4
2,node_1,baseline,pair,Tomato___Late_blight,0.0,0.0,0.0,4
2,node_1,baseline,pair,Tomato___Leaf_Mold,0.0,0.0,0.0,1
2,node_1,baseline,pair,Tomato___Septoria_leaf_spot,0.0,0.0,0.0,0
2,node_1,baseline,pair,Tomato___Tomato_Yellow_Leaf_Curl_Virus,0.0,0.0,0.0,0
2,node_1,baseline,pair,Tomato___Tomato_mosaic_virus,0.0,0.0,0.0,2
2,node_1,baseline,pair,Tomato___healthy,0.0,0.0,0.0,1
2,node_1,baseline,pair,invalid_combo,0.0,0.0,0.0,0
2,node_2,baseline,crop,Apple,0.0,0.0,0.0,4
2,node_2,baseline,crop,Corn,0.26666666666666666,1.0,0.42105263157894735,12
2,node_2,baseline,crop,Grape,0.0,0.0,0.0,3
2,node_2,baseline,crop,"Pepper,_bell",0.5833333333333334,0.5384615384615384,0.56,13
2,node_2,baseline,crop,Potato,1.0,0.05,0.09523809523809523,20
2,node_2,baseline,crop,Tomato,0.8484848484848485,0.6222222222222222,0.717948717948718,45
2,node_2,baseline,disease,Apple_scab,0.0,0.0,0.0,2
2,node_2,baseline,disease,Cedar_apple_rust,0.0,0.0,0.0,2
2,node_2,baseline,disease,healthy,0.6875,0.8461538461538461,0.7586206896551724,13
2,node_2,baseline,disease,Cercospora_leaf_spot Gray_leaf_spot,0.0,0.0,0.0,0
2,node_2,baseline,disease,Common_rust,0.0,0.0,0.0,0
2,node_2,baseline,disease,Northern_Leaf_Blight,0.2553191489361702,1.0,0.4067796610169492,12
2,node_2,baseline,disease,Black_rot,0.0,0.0,0.0,1
2,node_2,baseline,disease,Bacterial_spot,0.0,0.0,0.0,3
2,node_2,baseline,disease,Early_blight,1.0,0.05,0.09523809523809523,20
2,node_2,baseline,disease,Late_blight,0.0,0.0,0.0,25
2,node_2,baseline,disease,Leaf_Mold,0.6,0.6,0.6,5
2,node_2,baseline,disease,Septoria_leaf_spot,0.0,0.0,0.0,1
2,node_2,baseline,disease,Tomato_Yellow_Leaf_Curl_Virus,0.8461538461538461,0.8461538461538461,0.8461538461538461,13
2,node_2,baseline,disease,Tomato_mosaic_virus,0.0,0.0,0.0,0
2,node_2,baseline,pair,Apple___Apple_scab,0.0,0.0,0.0,2
2,node_2,baseline,pair,Apple___Cedar_apple_rust,0.0,0.0,0.0,2
2,node_2,baseline,pair,Apple___healthy,0.0,0.0,0.0,0
2,node_2,baseline,pair,Corn___Cercospora_leaf_spot Gray_leaf_spot,0.0,0.0,0.0,0
2,node_2,baseline,pair,Corn___Common_rust,0.0,0.0,0.0,0
2,node_2,baseline,pair,Corn___Northern_Leaf_Blight,0.27906976744186046,1.0,0.43636363636363634,12
2,node_2,baseline,pair,Grape___Black_rot,0.0,0.0,0.0,1
2,node_2,baseline,pair,Grape___healthy,0.0,0.0,0.0,2
2,node_2,baseline,pair,"Pepper,_bell___Bacterial_spot",0.0,0.0,0.0,3
2,node_2,baseline,pair,"Pepper,_bell___healthy",0.7777777777777778,0.7,0.7368421052631579,10
2,node_2,baseline,pair,Potato___Early_blight,1.0,0.07142857142857142,0.13333333333333333,14
2,node_2,baseline,pair,Potato___Late_blight,0.0,0.0,0.0,6
2,node_2,baseline,pair,Tomato___Bacterial_spot,0.0,0.0,0.0,0
2,node_2,baseline,pair,Tomato___Early_blight,0.0,0.0,0.0,6
2,node_2,baseline,pair,Tomato___Late_blight,0.0,0.0,0.0,19
2,node_2,baseline,pair,Tomato___Leaf_Mold,0.6,0.6,0.6,5
2,node_2,baseline,pair,Tomato___Septoria_leaf_spot,0.0,0.0,0.0,1
2,node_2,baseline,pair,Tomato___Tomato_Yellow_Leaf_Curl_Virus,0.8461538461538461,0.8461538461538461,0.8461538461538461,13
2,node_2,baseline,pair,Tomato___Tomato_mosaic_virus,0.0,0.0,0.0,0
2,node_2,baseline,pair,Tomato___healthy,0.16666666666666666,1.0,0.2857142857142857,1
2,node_2,baseline,pair,invalid_combo,0.0,0.0,0.0,0
2,node_3,baseline,crop,Apple,0.8666666666666667,0.43333333333333335,0.5777777777777777,30
2,node_3,baseline,crop,Corn,0.0,0.0,0.0,1
2,node_3,baseline,crop,Grape,0.7777777777777778,0.875,0.8235294117647058,8
2,node_3,baseline,crop,"Pepper,_bell",0.5,0.6,0.5454545454545454,5
2,node_3,baseline,crop,Potato,0.42857142857142855,0.75,0.5454545454545454,12
2,node_3,baseline,crop,Tomato,0.6666666666666666,0.7647058823529411,0.7123287671232876,34
2,node_3,baseline,disease,Apple_scab,0.7777777777777778,0.6363636363636364,0.7,11
2,node_3,baseline,disease,Cedar_apple_rust,0.0,0.0,0.0,6
2,node_3,baseline,disease,healthy,0.8947368421052632,0.7083333333333334,0.7906976744186046,24
2,node_3,baseline,disease,Cercospora_leaf_spot Gray_leaf_spot,0.0,0.0,0.0,0
2,node_3,baseline,disease,Common_rust,0.0,0.0,0.0,0
2,node_3,baseline,disease,Northern_Leaf_Blight,0.0,0.0,0.0,1
2,node_3,baseline,disease,Black_rot,0.0,0.0,0.0,0
2,node_3,baseline,disease,Bacterial_spot,0.5384615384615384,0.5833333333333334,0.56,12
2,node_3,baseline,disease,Early_blight,0.38235294117647056,0.8666666666666667,0.5306122448979592,15
2,node_3,baseline,disease,Late_blight,0.0,0.0,0.0,2
2,node_3,baseline,disease,Leaf_Mold,0.0,0.0,0.0,1
2,node_3,baseline,disease,Septoria_leaf_spot,0.6666666666666666,0.3333333333333333,0.4444444444444444,6
2,node_3,baseline,disease,Tomato_Yellow_Leaf_Curl_Virus,0.42857142857142855,0.75,0.5454545454545454,4
2,node_3,baseline,disease,Tomato_mosaic_virus,0.8,0.5,0.6153846153846154,8
2,node_3,baseline,pair,Apple___Apple_scab,0.75,0.2727272727272727,0.4,11
2,node_3,baseline,pair,Apple___Cedar_apple_rust,0.0,0.0,0.0,6
2,node_3,baseline,pair,Apple___healthy,0.9090909090909091,0.7692307692307693,0.8333333333333334,13
2,node_3,baseline,pair,Corn___Cercospora_leaf_spot Gray_leaf_spot,0.0,0.0,0.0,0
2,node_3,baseline,pair,Corn___Common_rust,0.0,0.0,0.0,0
2,node_3,baseline,pair,Corn___Northern_Leaf_Blight,0.0,0.0,0.0,1
2,node_3,baseline,pair,Grape___Black_rot,0.0,0.0,0.0,0
2,node_3,baseline,pair,Grape___healthy,1.0,0.5,0.6666666666666666,8
2,node_3,baseline,pair,"Pepper,_bell___Bacterial_spot",0.3333333333333333,0.5,0.4,2
2,node_3,baseline,pair,"Pepper,_bell___healthy",0.5,0.3333333333333333,0.4,3
2,node_3,baseline,pair,Potato___Early_blight,0.42857142857142855,0.8181818181818182,0.5625,11
2,node_3,baseline,pair,Potato___Late_blight,0.0,0.0,0.0,1
2,node_3,baseline,pair,Tomato___Bacterial_spot,0.625,0.5,0.5555555555555556,10
2,node_3,baseline,pair,Tomato___Early_blight,0.16666666666666666,0.5,0.25,4
2,node_3,baseline,pair,Tomato___Late_blight,0.0,0.0,0.0,1
2,node_3,baseline,pair,Tomato___Leaf_Mold,0.0,0.0,0.0,1
2,node_3,baseline,pair,Tomato___Septoria_leaf_spot,0.6666666666666666,0.3333333333333333,0.4444444444444444,6
2,node_3,baseline,pair,Tomato___Tomato_Yellow_Leaf_Curl_Virus,0.42857142857142855,0.75,0.5454545454545454,4
2,node_3,baseline,pair,Tomato___Tomato_mosaic_virus,0.8,0.5,0.6153846153846154,8
2,node_3,baseline,pair,Tomato___healthy,0.0,0.0,0.0,0
2,node_3,baseline,pair,invalid_combo,0.0,0.0,0.0,0
2,node_4,baseline,crop,Apple,0.5333333333333333,0.7272727272727273,0.6153846153846154,11
2,node_4,baseline,crop,Corn,0.6,0.96,0.7384615384615385,25
2,node_4,baseline,crop,Grape,0.0,0.0,0.0,2
2,node_4,baseline,crop,"Pepper,_bell",1.0,0.125,0.2222222222222222,8
2,node_4,baseline,crop,Potato,0.8,0.3333333333333333,0.47058823529411764,12
2,node_4,baseline,crop,Tomato,0.7368421052631579,0.56,0.6363636363636364,25
2,node_4,baseline,disease,Apple_scab,0.0,0.0,0.0,0
2,node_4,baseline,disease,Cedar_apple_rust,0.0,0.0,0.0,0
2,node_4,baseline,disease,healthy,0.5333333333333333,0.6666666666666666,0.5925925925925926,12
2,node_4,baseline,disease,Cercospora_leaf_spot Gray_leaf_spot,0.3333333333333333,0.16666666666666666,0.2222222222222222,12
2,node_4,baseline,disease,Common_rust,0.0,0.0,0.0,0
2,node_4,baseline,disease,Northern_Leaf_Blight,0.3793103448275862,0.8461538461538461,0.5238095238095238,13
2,node_4,baseline,disease,Black_rot,0.0,0.0,0.0,1
2,node_4,baseline,disease,Bacterial_spot,0.5714285714285714,0.3333333333333333,0.42105263157894735,12
2,node_4,baseline,disease,Early_blight,0.0,0.0,0.0,2
2,node_4,baseline,disease,Late_blight,0.875,0.5384615384615384,0.6666666666666666,13
2,node_4,baseline,disease,Leaf_Mold,0.0,0.0,0.0,1
2,node_4,baseline,disease,Septoria_leaf_spot,0.5294117647058824,0.6923076923076923,0.6,13
2,node_4,baseline,disease,Tomato_Yellow_Leaf_Curl_Virus,0.0,0.0,0.0,2
2,node_4,baseline,disease,Tomato_mosaic_virus,0.0,0.0,0.0,2
2,node_4,baseline,pair,Apple___Apple_scab,0.0,0.0,0.0,0
2,node_4,baseline,pair,Apple___Cedar_apple_rust,0.0,0.0,0.0,0
2,node_4,baseline,pair,Apple___healthy,0.5384615384615384,0.6363636363636364,0.5833333333333334,11
2,node_4,baseline,pair,Corn___Cercospora_leaf_spot Gray_leaf_spot,0.3333333333333333,0.16666666666666666,0.2222222222222222,12
2,node_4,baseline,pair,Corn___Common_rust,0.0,0.0,0.0,0
2,node_4,baseline,pair,Corn___Northern_Leaf_Blight,0.3793103448275862,0.8461538461538461,0.5238095238095238,13
2,node_4,baseline,pair,Grape___Black_rot,0.0,0.0,0.0,1
2,node_4,baseline,pair,Grape___healthy,0.0,0.0,0.0,1
2,node_4,baseline,pair,"Pepper,_bell___Bacterial_spot",1.0,0.125,0.2222222222222222,8
2,node_4,baseline,pair,"Pepper,_bell___healthy",0.0,0.0,0.0,0
2,node_4,baseline,pair,Potato___Early_blight,0.0,0.0,0.0,1
2,node_4,baseline,pair,Potato___Late_blight,0.8,0.36363636363636365,0.5,11
2,node_4,baseline,pair,Tomato___Bacterial_spot,0.0,0.0,0.0,4
2,node_4,baseline,pair,Tomato___Early_blight,0.0,0.0,0.0,1
2,node_4,baseline,pair,Tomato___Late_blight,0.0,0.0,0.0,2
2,node_4,baseline,pair,Tomato___Leaf_Mold,0.0,0.0,0.0,1
2,node_4,baseline,pair,Tomato___Septoria_leaf_spot,0.5833333333333334,0.5384615384615384,0.56,13
2,node_4,baseline,pair,Tomato___Tomato_Yellow_Leaf_Curl_Virus,0.0,0.0,0.0,2
2,node_4,baseline,pair,Tomato___Tomato_mosaic_virus,0.0,0.0,0.0,2
2,node_4,baseline,pair,Tomato___healthy,0.0,0.0,0.0,0
2,node_4,baseline,pair,invalid_combo,0.0,0.0,0.0,0
2,node_5,baseline,crop,Apple,0.0,0.0,0.0,4
2,node_5,baseline,crop,Corn,0.1282051282051282,1.0,0.22727272727272727,5
2,node_5,baseline,crop,Grape,1.0,0.16666666666666666,0.2857142857142857,6
2,node_5,baseline,crop,"Pepper,_bell",1.0,0.25,0.4,4
2,node_5,baseline,crop,Potato,0.5,0.14285714285714285,0.2222222222222222,7
2,node_5,baseline,crop,Tomato,0.75,0.36363636363636365,0.4897959183673469,33
2,node_5,baseline,disease,Apple_scab,0.0,0.0,0.0,2
2,node_5,baseline,disease,Cedar_apple_rust,0.0,0.0,0.0,1
2,node_5,baseline,disease,healthy,0.9230769230769231,0.5217391304347826,0.6666666666666666,23
2,node_5,baseline,disease,Cercospora_leaf_spot Gray_leaf_spot,0.0,0.0,0.0,1
2,node_5,baseline,disease,Common_rust,0.0,0.0,0.0,0
2,node_5,baseline,disease,Northern_Leaf_Blight,0.1,1.0,0.18181818181818182,4
2,node_5,baseline,disease,Black_rot,0.0,0.0,0.0,1
2,node_5,baseline,disease,Bacterial_spot,0.0,0.0,0.0,3
2,node_5,baseline,disease,Early_blight,0.2,0.14285714285714285,0.16666666666666666,7
2,node_5,baseline,disease,Late_blight,0.0,0.0,0.0,7
2,node_5,baseline,disease,Leaf_Mold,0.0,0.0,0.0,3
2,node_5,baseline,disease,Septoria_leaf_spot,0.0,0.0,0.0,4
2,node_5,baseline,disease,Tomato_Yellow_Leaf_Curl_Virus,0.0,0.0,0.0,1
2,node_5,baseline,disease,Tomato_mosaic_virus,0.0,0.0,0.0,2
2,node_5,baseline,pair,Apple___Apple_scab,0.0,0.0,0.0,2
2,node_5,baseline,pair,Apple___Cedar_apple_rust,0.0,0.0,0.0,1
2,node_5,baseline,pair,Apple___healthy,0.0,0.0,0.0,1
2,node_5,baseline,pair,Corn___Cercospora_leaf_spot Gray_leaf_spot,0.0,0.0,0.0,1
2,node_5,baseline,pair,Corn___Common_rust,0.0,0.0,0.0,0
2,node_5,baseline,pair,Corn___Northern_Leaf_Blight,0.10526315789473684,1.0,0.19047619047619047,4
2,node_5,baseline,pair,Grape___Black_rot,0.0,0.0,0.0,1
2,node_5,baseline,pair,Grape___healthy,0.0,0.0,0.0,5
2,node_5,baseline,pair,"Pepper,_bell___Bacterial_spot",0.0,0.0,0.0,2
2,node_5,baseline,pair,"Pepper,_bell___healthy",1.0,0.5,0.6666666666666666,2
2,node_5,baseline,pair,Potato___Early_blight,0.5,0.25,0.3333333333333333,4
2,node_5,baseline,pair,Potato___Late_blight,0.0,0.0,0.0,3
2,node_5,baseline,pair,Tomato___Bacterial_spot,0.0,0.0,0.0,1
2,node_5,baseline,pair,Tomato___Early_blight,0.0,0.0,0.0,3
2,node_5,baseline,pair,Tomato___Late_blight,0.0,0.0,0.0,4
2,node_5,baseline,pair,Tomato___Leaf_Mold,0.0,0.0,0.0,3
2,node_5,baseline,pair,Tomato___Septoria_leaf_spot,0.0,0.0,0.0,4
2,node_5,baseline,pair,Tomato___Tomato_Yellow_Leaf_Curl_Virus,0.0,0.0,0.0,1
2,node_5,baseline,pair,Tomato___Tomato_mosaic_virus,0.0,0.0,0.0,2
2,node_5,baseline,pair,Tomato___healthy,0.7272727272727273,0.5333333333333333,0.6153846153846154,15
2,node_5,baseline,pair,invalid_combo,0.0,0.0,0.0,0
3,node_0,mesh,crop,Apple,0.7272727272727273,0.7272727272727273,0.7272727272727273,11
3,node_0,mesh,crop,Corn,0.8571428571428571,1.0,0.9230769230769231,12
3,node_0,mesh,crop,Grape,1.0,1.0,1.0,3
3,node_0,mesh,crop,"Pepper,_bell",0.0,0.0,0.0,0
3,node_0,mesh,crop,Potato,1.0,0.3333333333333333,0.5,3
3,node_0,mesh,crop,Tomato,0.9166666666666666,0.9166666666666666,0.9166666666666666,48
3,node_0,mesh,disease,Apple_scab,0.7272727272727273,0.8,0.7619047619047619,10
3,node_0,mesh,disease,Cedar_apple_rust,0.0,0.0,0.0,1
3,node_0,mesh,disease,healthy,1.0,1.0,1.0,3
3,node_0,mesh,disease,Cercospora_leaf_spot Gray_leaf_spot,0.6666666666666666,0.6666666666666666,0.6666666666666666,3
3,node_0,mesh,disease,Common_rust,0.0,0.0,0.0,0
3,node_0,mesh,disease,Northern_Leaf_Blight,0.7272727272727273,0.8888888888888888,0.8,9
3,node_0,mesh,disease,Black_rot,0.0,0.0,0.0,0
3,node_0,mesh,disease,Bacterial_spot,0.5555555555555556,0.4166666666666667,0.47619047619047616,12
3,node_0,mesh,disease,Early_blight,1.0,0.16666666666666666,0.2857142857142857,6
3,node_0,mesh,disease,Late_blight,0.5,0.5,0.5,2
3,node_0,mesh,disease,Leaf_Mold,0.625,0.7142857142857143,0.6666666666666666,14
3,node_0,mesh,disease,Septoria_leaf_spot,0.5789473684210527,0.6470588235294118,0.6111111111111112,17
3,node_0,mesh,disease,Tomato_Yellow_Leaf_Curl_Virus,0.0,0.0,0.0,0
3,node_0,mesh,disease,Tomato_mosaic_virus,0.0,0.0,0.0,0
3,node_0,mesh,pair,Apple___Apple_scab,0.8,0.8,0.8,10
3,node_0,mesh,pair,Apple___Cedar_apple_rust,0.0,0.0,0.0,1
3,node_0,mesh,pair,Apple___healthy,0.0,0.0,0.0,0
3,node_0,mesh,pair,Corn___Cercospora_leaf_spot Gray_leaf_spot,0.6666666666666666,0.6666666666666666,0.6666666666666666,3
3,node_0,mesh,pair,Corn___Common_rust,0.0,0.0,0.0,0
3,node_0,mesh,pair,Corn___Northern_Leaf_Blight,0.7272727272727273,0.8888888888888888,0.8,9
3,node_0,mesh,pair,Grape___Black_rot,0.0,0.0,0.0,0
3,node_0,mesh,pair,Grape___healthy,1.0,1.0,1.0,3
3,node_0,mesh,pair,"Pepper,_bell___Bacterial_spot",0.0,0.0,0.0,0
3,node_0,mesh,pair,"Pepper,_bell___healthy",0.0,0.0,0.0,0
3,node_0,mesh,pair,Potato___Early_blight,1.0,1.0,1.0,1
3,node_0,mesh,pair,Potato___Late_blight,0.0,0.0,0.0,2
3,node_0,mesh,pair,Tomato___Bacterial_spot,0.5555555555555556,0.4166666666666667,0.47619047619047616,12
3,node_0,mesh,pair,Tomato___Early_blight,0.0,0.0,0.0,5
3,node_0,mesh,pair,Tomato___Late_blight,0.0,0.0,0.0,0
3,node_0,mesh,pair,Tomato___Leaf_Mold,0.6666666666666666,0.7142857142857143,0.6896551724137931,14
3,node_0,mesh,pair,Tomato___Septoria_leaf_spot,0.5789473684210527,0.6470588235294118,0.6111111111111112,17
3,node_0,mesh,pair,Tomato___Tomato_Yellow_Leaf_Curl_Virus,0.0,0.0,0.0,0
3,node_0,mesh,pair,Tomato___Tomato_mosaic_virus,0.0,0.0,0.0,0
3,node_0,mesh,pair,Tomato___healthy,0.0,0.0,0.0,0
3,node_0,mesh,pair,invalid_combo,0.0,0.0,0.0,0
3,node_1,mesh,crop,Apple,0.75,0.46153846153846156,0.5714285714285714,13
3,node_1,mesh,crop,Corn,0.7619047619047619,0.9411764705882353,0.8421052631578947,17
3,node_1,mesh,crop,Grape,0.8571428571428571,0.8571428571428571,0.8571428571428571,14
3,node_1,mesh,crop,"Pepper,_bell",1.0,0.3333333333333333,0.5,3
3,node_1,mesh,crop,Potato,1.0,0.3333333333333333,0.5,6
3,node_1,mesh,crop,Tomato,0.5,0.7333333333333333,0.5945945945945946,15
3,node_1,mesh,disease,Apple_scab,0.0,0.0,0.0,0
3,node_1,mesh,disease,Cedar_apple_rust,0.75,0.46153846153846156,0.5714285714285714,13
3,node_1,mesh,disease,healthy,0.0,0.0,0.0,1
3,node_1,mesh,disease,Cercospora_leaf_spot Gray_leaf_spot,0.0,0.0,0.0,2
3,node_1,mesh,disease,Common_rust,0.0,0.0,0.0,0
3,node_1,mesh,disease,Northern_Leaf_Blight,0.6842105263157895,0.8666666666666667,0.7647058823529411,15
3,node_1,mesh,disease,Black_rot,0.7647058823529411,0.9285714285714286,0.8387096774193549,14
3,node_1,mesh,disease,Bacterial_spot,1.0,0.16666666666666666,0.2857142857142857,6
3,node_1,mesh,disease,Early_blight,0.14285714285714285,0.25,0.18181818181818182,4
3,node_1,mesh,disease,Late_blight,0.75,0.6,0.6666666666666666,10
3,node_1,mesh,disease,Leaf_Mold,0.0,0.0,0.0,1
3,node_1,mesh,disease,Septoria_leaf_spot,0.0,0.0,0.0,0
3,node_1,mesh,disease,Tomato_Yellow_Leaf_Curl_Virus,0.0,0.0,0.0,0
3,node_1,mesh,disease,Tomato_mosaic_virus,0.2,0.5,0.2857142857142857,2
3,node_1,mesh,pair,Apple___Apple_scab,0.0,0.0,0.0,0
3,node_1,mesh,pair,Apple___Cedar_apple_rust,0.75,0.46153846153846156,0.5714285714285714,13
3,node_1,mesh,pair,Apple___healthy,0.0,0.0,0.0,0
3,node_1,mesh,pair,Corn___Cercospora_leaf_spot Gray_leaf_spot,0.0,0.0,0.0,2
3,node_1,mesh,pair,Corn___Common_rust,0.0,0.0,0.0,0
3,node_1,mesh,pair,Corn___Northern_Leaf_Blight,0.6842105263157895,0.8666666666666667,0.7647058823529411,15
3,node_1,mesh,pair,Grape___Black_rot,0.8571428571428571,0.8571428571428571,0.8571428571428571,14
3,node_1,mesh,pair,Grape___healthy,0.0,0.0,0.0,0
3,node_1,mesh,pair,"Pepper,_bell___Bacterial_spot",1.0,0.3333333333333333,0.5,3
3,node_1,mesh,pair,"Pepper,_bell___healthy",0.0,0.0,0.0,0
3,node_1,mesh,pair,Potato___Early_blight,0.0,0.0,0.0,0
3,node_1,mesh,pair,Potato___Late_blight,1.0,0.3333333333333333,0.5,6
3,node_1,mesh,pair,Tomato___Bacterial_spot,0.0,0.0,0.0,3
3,node_1,mesh,pair,Tomato___Early_blight,0.14285714285714285,0.25,0.18181818181818182,4
3,node_1,mesh,pair,Tomato___Late_blight,0.3333333333333333,0.5,0.4,4
3,node_1,mesh,pair,Tomato___Leaf_Mold,0.0,0.0,0.0,1
3,node_1,mesh,pair,Tomato___Septoria_leaf_spot,0.0,0.0,0.0,0
3,node_1,mesh,pair,Tomato___Tomato_Yellow_Leaf_Curl_Virus,0.0,0.0,0.0,0
3,node_1,mesh,pair,Tomato___Tomato_mosaic_virus,0.2,0.5,0.2857142857142857,2
3,node_1,mesh,pair,Tomato___healthy,0.0,0.0,0.0,1
3,node_1,mesh,pair,invalid_combo,0.0,0.0,0.0,0
3,node_2,mesh,crop,Apple,1.0,0.25,0.4,4
3,node_2,mesh,crop,Corn,0.7333333333333333,0.9166666666666666,0.8148148148148148,12
3,node_2,mesh,crop,Grape,1.0,0.3333333333333333,0.5,3
3,node_2,mesh,crop,"Pepper,_bell",0.8333333333333334,0.38461538461538464,0.5263157894736842,13
3,node_2,mesh,crop,Potato,0.6666666666666666,0.7,0.6829268292682927,20
3,node_2,mesh,crop,Tomato,0.7169811320754716,0.8444444444444444,0.7755102040816326,45
3,node_2,mesh,disease,Apple_scab,1.0,0.5,0.6666666666666666,2
3,node_2,mesh,disease,Cedar_apple_rust,0.6666666666666666,1.0,0.8,2
3,node_2,mesh,disease,healthy,0.8333333333333334,0.7692307692307693,0.8,13
3,node_2,mesh,disease,Cercospora_leaf_spot Gray_leaf_spot,0.0,0.0,0.0,0
3,node_2,mesh,disease,Common_rust,0.0,0.0,0.0,0
3,node_2,mesh,disease,Northern_Leaf_Blight,0.75,1.0,0.8571428571428571,12
3,node_2,mesh,disease,Black_rot,0.0,0.0,0.0,1
3,node_2,mesh,disease,Bacterial_spot,0.25,0.3333333333333333,0.2857142857142857,3
3,node_2,mesh,disease,Early_blight,0.6363636363636364,0.7,0.6666666666666666,20
3,node_2,mesh,disease,Late_blight,0.7727272727272727,0.68,0.723404255319149,25
3,node_2,mesh,disease,Leaf_Mold,1.0,0.8,0.8888888888888888,5
3,node_2,mesh,disease,Septoria_leaf_spot,0.0,0.0,0.0,1
3,node_2,mesh,disease,Tomato_Yellow_Leaf_Curl_Virus,0.9230769230769231,0.9230769230769231,0.9230769230769231,13
3,node_2,mesh,disease,Tomato_mosaic_virus,0.0,0.0,0.0,0
3,node_2,mesh,pair,Apple___Apple_scab,0.0,0.0,0.0,2
3,node_2,mesh,pair,Apple___Cedar_apple_rust,1.0,0.5,0.6666666666666666,2
3,node_2,mesh,pair,Apple___healthy,0.0,0.0,0.0,0
3,node_2,mesh,pair,Corn___Cercospora_leaf_spot Gray_leaf_spot,0.0,0.0,0.0,0
3,node_2,mesh,pair,Corn___Common_rust,0.0,0.0,0.0,0
3,node_2,mesh,pair,Corn___Northern_Leaf_Blight,0.7333333333333333,0.9166666666666666,0.8148148148148148,12
3,node_2,mesh,pair,Grape___Black_rot,0.0,0.0,0.0,1
3,node_2,mesh,pair,Grape___healthy,1.0,0.5,0.6666666666666666,2
3,node_2,mesh,pair,"Pepper,_bell___Bacterial_spot",0.0,0.0,0.0,3
3,node_2,mesh,pair,"Pepper,_bell___healthy",0.8333333333333334,0.5,0.625,10
3,node_2,mesh,pair,Potato___Early_blight,0.6923076923076923,0.6428571428571429,0.6666666666666666,14
3,node_2,mesh,pair,Potato___Late_blight,0.42857142857142855,0.5,0.46153846153846156,6
3,node_2,mesh,pair,Tomato___Bacterial_spot,0.0,0.0,0.0,0
3,node_2,mesh,pair,Tomato___Early_blight,0.3333333333333333,0.5,0.4,6
3,node_2,mesh,pair,Tomato___Late_blight,0.8,0.631578947368421,0.7058823529411765,19
3,node_2,mesh,pair,Tomato___Leaf_Mold,1.0,0.8,0.8888888888888888,5
3,node_2,mesh,pair,Tomato___Septoria_leaf_spot,0.0,0.0,0.0,1
3,node_2,mesh,pair,Tomato___Tomato_Yellow_Leaf_Curl_Virus,0.9230769230769231,0.9230769230769231,0.9230769230769231,13
3,node_2,mesh,pair,Tomato___Tomato_mosaic_virus,0.0,0.0,0.0,0
3,node_2,mesh,pair,Tomato___healthy,0.0,0.0,0.0,1
3,node_2,mesh,pair,invalid_combo,0.0,0.0,0.0,0
3,node_3,mesh,crop,Apple,0.8484848484848485,0.9333333333333333,0.8888888888888888,30
3,node_3,mesh,crop,Corn,0.0,0.0,0.0,1
3,node_3,mesh,crop,Grape,0.75,0.75,0.75,8
3,node_3,mesh,crop,"Pepper,_bell",1.0,0.8,0.8888888888888888,5
3,node_3,mesh,crop,Potato,0.7777777777777778,0.5833333333333334,0.6666666666666666,12
3,node_3,mesh,crop,Tomato,0.8333333333333334,0.8823529411764706,0.8571428571428571,34
3,node_3,mesh,disease,Apple_scab,0.6923076923076923,0.8181818181818182,0.75,11
3,node_3,mesh,disease,Cedar_apple_rust,0.7142857142857143,0.8333333333333334,0.7692307692307693,6
3,node_3,mesh,disease,healthy,0.7931034482758621,0.9583333333333334,0.8679245283018868,24
3,node_3,mesh,disease,Cercospora_leaf_spot Gray_leaf_spot,0.0,0.0,0.0,0
3,node_3,mesh,disease,Common_rust,0.0,0.0,0.0,0
3,node_3,mesh,disease,Northern_Leaf_Blight,0.0,0.0,0.0,1
3,node_3,mesh,disease,Black_rot,0.0,0.0,0.0,0
3,node_3,mesh,disease,Bacterial_spot,0.5,0.08333333333333333,0.14285714285714285,12
3,node_3,mesh,disease,Early_blight,0.7142857142857143,0.6666666666666666,0.6896551724137931,15
3,node_3,mesh,disease,Late_blight,0.0,0.0,0.0,2
3,node_3,mesh,disease,Leaf_Mold,0.0,0.0,0.0,1
3,node_3,mesh,disease,Septoria_leaf_spot,0.38461538461538464,0.8333333333333334,0.5263157894736842,6
3,node_3,mesh,disease,Tomato_Yellow_Leaf_Curl_Virus,0.5,0.75,0.6,4
3,node_3,mesh,disease,Tomato_mosaic_virus,0.8333333333333334,0.625,0.7142857142857143,8
3,node_3,mesh,pair,Apple___Apple_scab,0.7272727272727273,0.7272727272727273,0.7272727272727273,11
3,node_3,mesh,pair,Apple___Cedar_apple_rust,0.8,0.6666666666666666,0.7272727272727273,6
3,node_3,mesh,pair,Apple___healthy,0.8125,1.0,0.896551724137931,13
3,node_3,mesh,pair,Corn___Cercospora_leaf_spot Gray_leaf_spot,0.0,0.0,0.0,0
3,node_3,mesh,pair,Corn___Common_rust,0.0,0.0,0.0,0
3,node_3,mesh,pair,Corn___Northern_Leaf_Blight,0.0,0.0,0.0,1
3,node_3,mesh,pair,Grape___Black_rot,0.0,0.0,0.0,0
3,node_3,mesh,pair,Grape___healthy,0.8571428571428571,0.75,0.8,8
3,node_3,mesh,pair,"Pepper,_bell___Bacterial_spot",0.0,0.0,0.0,2
3,node_3,mesh,pair,"Pepper,_bell___healthy",0.5,0.6666666666666666,0.5714285714285714,3
3,node_3,mesh,pair,Potato___Early_blight,0.7777777777777778,0.6363636363636364,0.7,11
3,node_3,mesh,pair,Potato___Late_blight,0.0,0.0,0.0,1
3,node_3,mesh,pair,Tomato___Bacterial_spot,0.5,0.1,0.16666666666666666,10
3,node_3,mesh,pair,Tomato___Early_blight,0.0,0.0,0.0,4
3,node_3,mesh,pair,Tomato___Late_blight,0.0,0.0,0.0,1
3,node_3,mesh,pair,Tomato___Leaf_Mold,0.0,0.0,0.0,1
3,node_3,mesh,pair,Tomato___Septoria_leaf_spot,0.3333333333333333,0.6666666666666666,0.4444444444444444,6
3,node_3,mesh,pair,Tomato___Tomato_Yellow_Leaf_Curl_Virus,0.5,0.75,0.6,4
3,node_3,mesh,pair,Tomato___Tomato_mosaic_virus,0.8333333333333334,0.625,0.7142857142857143,8
3,node_3,mesh,pair,Tomato___healthy,0.0,0.0,0.0,0
3,node_3,mesh,pair,invalid_combo,0.0,0.0,0.0,0
3,node_4,mesh,crop,Apple,1.0,0.2727272727272727,0.42857142857142855,11
3,node_4,mesh,crop,Corn,0.8333333333333334,1.0,0.9090909090909091,25
3,node_4,mesh,crop,Grape,0.0,0.0,0.0,2
3,node_4,mesh,crop,"Pepper,_bell",1.0,0.5,0.6666666666666666,8
3,node_4,mesh,crop,Potato,1.0,0.3333333333333333,0.5,12
3,node_4,mesh,crop,Tomato,0.5853658536585366,0.96,0.7272727272727273,25
3,node_4,mesh,disease,Apple_scab,0.0,0.0,0.0,0
3,node_4,mesh,disease,Cedar_apple_rust,0.0,0.0,0.0,0
3,node_4,mesh,disease,healthy,0.875,0.5833333333333334,0.7,12
3,node_4,mesh,disease,Cercospora_leaf_spot Gray_leaf_spot,0.5882352941176471,0.8333333333333334,0.6896551724137931,12
3,node_4,mesh,disease,Common_rust,0.0,0.0,0.0,0
3,node_4,mesh,disease,Northern_Leaf_Blight,0.4,0.46153846153846156,0.42857142857142855,13
3,node_4,mesh,disease,Black_rot,0.0,0.0,0.0,1
3,node_4,mesh,disease,Bacterial_spot,0.6666666666666666,0.5,0.5714285714285714,12
3,node_4,mesh,disease,Early_blight,0.0,0.0,0.0,2
3,node_4,mesh,disease,Late_blight,0.875,0.5384615384615384,0.6666666666666666,13
3,node_4,mesh,disease,Leaf_Mold,0.0,0.0,0.0,1
3,node_4,mesh,disease,Septoria_leaf_spot,0.5454545454545454,0.46153846153846156,0.5,13
3,node_4,mesh,disease,Tomato_Yellow_Leaf_Curl_Virus,0.3333333333333333,0.5,0.4,2
3,node_4,mesh,disease,Tomato_mosaic_virus,0.2,1.0,0.3333333333333333,2
3,node_4,mesh,pair,Apple___Apple_scab,0.0,0.0,0.0,0
3,node_4,mesh,pair,Apple___Cedar_apple_rust,0.0,0.0,0.0,0
3,node_4,mesh,pair,Apple___healthy,1.0,0.2727272727272727,0.42857142857142855,11
3,node_4,mesh,pair,Corn___Cercospora_leaf_spot Gray_leaf_spot,0.5882352941176471,0.8333333333333334,0.6896551724137931,12
3,node_4,mesh,pair,Corn___Common_rust,0.0,0.0,0.0,0
3,node_4,mesh,pair,Corn___Northern_Leaf_Blight,0.46153846153846156,0.46153846153846156,0.46153846153846156,13
3,node_4,mesh,pair,Grape___Black_rot,0.0,0.0,0.0,1
3,node_4,mesh,pair,Grape___healthy,0.0,0.0,0.0,1
3,node_4,mesh,pair,"Pepper,_bell___Bacterial_spot",1.0,0.5,0.6666666666666666,8
3,node_4,mesh,pair,"Pepper,_bell___healthy",0.0,0.0,0.0,0
3,node_4,mesh,pair,Potato___Early_blight,0.0,0.0,0.0,1
3,node_4,mesh,pair,Potato___Late_blight,0.75,0.2727272727272727,0.4,11
3,node_4,mesh,pair,Tomato___Bacterial_spot,0.2,0.25,0.2222222222222222,4
3,node_4,mesh,pair,Tomato___Early_blight,0.0,0.0,0.0,1
3,node_4,mesh,pair,Tomato___Late_blight,0.25,0.5,0.3333333333333333,2
3,node_4,mesh,pair,Tomato___Leaf_Mold,0.0,0.0,0.0,1
3,node_4,mesh,pair,Tomato___Septoria_leaf_spot,0.5454545454545454,0.46153846153846156,0.5,13
3,node_4,mesh,pair,Tomato___Tomato_Yellow_Leaf_Curl_Virus,0.3333333333333333,0.5,0.4,2
3,node_4,mesh,pair,Tomato___Tomato_mosaic_virus,0.2,1.0,0.3333333333333333,2
3,node_4,mesh,pair,Tomato___healthy,0.0,0.0,0.0,0
3,node_4,mesh,pair,invalid_combo,0.0,0.0,0.0,0
3,node_5,mesh,crop,Apple,1.0,0.25,0.4,4
3,node_5,mesh,crop,Corn,0.8333333333333334,1.0,0.9090909090909091,5
3,node_5,mesh,crop,Grape,0.6666666666666666,0.3333333333333333,0.4444444444444444,6
3,node_5,mesh,crop,"Pepper,_bell",1.0,0.25,0.4,4
3,node_5,mesh,crop,Potato,0.625,0.7142857142857143,0.6666666666666666,7
3,node_5,mesh,crop,Tomato,0.775,0.9393939393939394,0.8493150684931506,33
3,node_5,mesh,disease,Apple_scab,0.0,0.0,0.0,2
3,node_5,mesh,disease,Cedar_apple_rust,0.0,0.0,0.0,1
3,node_5,mesh,disease,healthy,0.8181818181818182,0.782608695652174,0.8,23
3,node_5,mesh,disease,Cercospora_leaf_spot Gray_leaf_spot,0.0,0.0,0.0,1
3,node_5,mesh,disease,Common_rust,0.0,0.0,0.0,0
3,node_5,mesh,disease,Northern_Leaf_Blight,0.5714285714285714,1.0,0.7272727272727273,4
3,node_5,mesh,disease,Black_rot,0.0,0.0,0.0,1
3,node_5,mesh,disease,Bacterial_spot,1.0,0.3333333333333333,0.5,3
3,node_5,mesh,disease,Early_blight,0.8,0.5714285714285714,0.6666666666666666,7
3,node_5,mesh,disease,Late_blight,0.5,0.7142857142857143,0.5882352941176471,7
3,node_5,mesh,disease,Leaf_Mold,0.0,0.0,0.0,3
3,node_5,mesh,disease,Septoria_leaf_spot,0.36363636363636365,1.0,0.5333333333333333,4
3,node_5,mesh,disease,Tomato_Yellow_Leaf_Curl_Virus,0.0,0.0,0.0,1
3,node_5,mesh,disease,Tomato_mosaic_virus,1.0,1.0,1.0,2
3,node_5,mesh,pair,Apple___Apple_scab,0.0,0.0,0.0,2
3,node_5,mesh,pair,Apple___Cedar_apple_rust,0.0,0.0,0.0,1
3,node_5,mesh,pair,Apple___healthy,0.0,0.0,0.0,1
3,node_5,mesh,pair,Corn___Cercospora_leaf_spot Gray_leaf_spot,0.0,0.0,0.0,1
3,node_5,mesh,pair,Corn___Common_rust,0.0,0.0,0.0,0
3,node_5,mesh,pair,Corn___Northern_Leaf_Blight,0.6666666666666666,1.0,0.8,4
3,node_5,mesh,pair,Grape___Black_rot,0.0,0.0,0.0,1
3,node_5,mesh,pair,Grape___healthy,0.6666666666666666,0.4,0.5,5
3,node_5,mesh,pair,"Pepper,_bell___Bacterial_spot",1.0,0.5,0.6666666666666666,2
3,node_5,mesh,pair,"Pepper,_bell___healthy",0.0,0.0,0.0,2
3,node_5,mesh,pair,Potato___Early_blight,1.0,0.75,0.8571428571428571,4
3,node_5,mesh,pair,Potato___Late_blight,0.5,0.6666666666666666,0.5714285714285714,3
3,node_5,mesh,pair,Tomato___Bacterial_spot,0.0,0.0,0.0,1
3,node_5,mesh,pair,Tomato___Early_blight,0.5,0.3333333333333333,0.4,3
3,node_5,mesh,pair,Tomato___Late_blight,0.16666666666666666,0.25,0.2,4
3,node_5,mesh,pair,Tomato___Leaf_Mold,0.0,0.0,0.0,3
3,node_5,mesh,pair,Tomato___Septoria_leaf_spot,0.36363636363636365,1.0,0.5333333333333333,4
3,node_5,mesh,pair,Tomato___Tomato_Yellow_Leaf_Curl_Virus,0.0,0.0,0.0,1
3,node_5,mesh,pair,Tomato___Tomato_mosaic_virus,1.0,1.0,1.0,2
3,node_5,mesh,pair,Tomato___healthy,0.7647058823529411,0.8666666666666667,0.8125,15
3,node_5,mesh,pair,invalid_combo,0.0,0.0,0.0,0
3,node_0,baseline,crop,Apple,0.5,0.2727272727272727,0.35294117647058826,11
3,node_0,baseline,crop,Corn,1.0,0.5833333333333334,0.7368421052631579,12
3,node_0,baseline,crop,Grape,1.0,1.0,1.0,3
3,node_0,baseline,crop,"Pepper,_bell",0.0,0.0,0.0,0
3,node_0,baseline,crop,Potato,0.0,0.0,0.0,3
3,node_0,baseline,crop,Tomato,0.7377049180327869,0.9375,0.8256880733944955,48
3,node_0,baseline,disease,Apple_scab,0.4,0.4,0.4,10
3,node_0,baseline,disease,Cedar_apple_rust,0.0,0.0,0.0,1
3,node_0,baseline,disease,healthy,0.75,1.0,0.8571428571428571,3
3,node_0,baseline,disease,Cercospora_leaf_spot Gray_leaf_spot,1.0,0.3333333333333333,0.5,3
3,node_0,baseline,disease,Common_rust,0.0,0.0,0.0,0
3,node_0,baseline,disease,Northern_Leaf_Blight,0.5555555555555556,0.5555555555555556,0.5555555555555556,9
3,node_0,baseline,disease,Black_rot,0.0,0.0,0.0,0
3,node_0,baseline,disease,Bacterial_spot,0.0,0.0,0.0,12
3,node_0,baseline,disease,Early_blight,0.125,0.16666666666666666,0.14285714285714285,6
3,node_0,baseline,disease,Late_blight,0.0,0.0,0.0,2
3,node_0,baseline,disease,Leaf_Mold,0.3448275862068966,0.7142857142857143,0.46511627906976744,14
3,node_0,baseline,disease,Septoria_leaf_spot,0.375,0.35294117647058826,0.36363636363636365,17
3,node_0,baseline,disease,Tomato_Yellow_Leaf_Curl_Virus,0.0,0.0,0.0,0
3,node_0,baseline,disease,Tomato_mosaic_virus,0.0,0.0,0.0,0
3,node_0,baseline,pair,Apple___Apple_scab,0.5,0.3,0.375,10
3,node_0,baseline,pair,Apple___Cedar_apple_rust,0.0,0.0,0.0,1
3,node_0,baseline,pair,Apple___healthy,0.0,0.0,0.0,0
3,node_0,baseline,pair,Corn___Cercospora_leaf_spot Gray_leaf_spot,0.0,0.0,0.0,3
3,node_0,baseline,pair,Corn___Common_rust,0.0,0.0,0.0,0
3,node_0,baseline,pair,Corn___Northern_Leaf_Blight,0.7142857142857143,0.5555555555555556,0.625,9
3,node_0,baseline,pair,Grape___Black_rot,0.0,0.0,0.0,0
3,node_0,baseline,pair,Grape___healthy,1.0,1.0,1.0,3
3,node_0,baseline,pair,"Pepper,_bell___Bacterial_spot",0.0,0.0,0.0,0
3,node_0,baseline,pair,"Pepper,_bell___healthy",0.0,0.0,0.0,0
3,node_0,baseline,pair,Potato___Early_blight,0.0,0.0,0.0,1
3,node_0,baseline,pair,Potato___Late_blight,0.0,0.0,0.0,2
3,node_0,baseline,pair,Tomato___Bacterial_spot,0.0,0.0,0.0,12
3,node_0,baseline,pair,Tomato___Early_blight,0.0,0.0,0.0,5
3,node_0,baseline,pair,Tomato___Late_blight,0.0,0.0,0.0,0
3,node_0,baseline,pair,Tomato___Leaf_Mold,0.3448275862068966,0.7142857142857143,0.46511627906976744,14
3,node_0,baseline,pair,Tomato___Septoria_leaf_spot,0.375,0.35294117647058826,0.36363636363636365,17
3,node_0,baseline,pair,Tomato___Tomato_Yellow_Leaf_Curl_Virus,0.0,0.0,0.0,0
3,node_0,baseline,pair,Tomato___Tomato_mosaic_virus,0.0,0.0,0.0,0
3,node_0,baseline,pair,Tomato___healthy,0.0,0.0,0.0,0
3,node_0,baseline,pair,invalid_combo,0.0,0.0,0.0,0
3,node_1,baseline,crop,Apple,1.0,0.3076923076923077,0.47058823529411764,13
3,node_1,baseline,crop,Corn,0.8421052631578947,0.9411764705882353,0.8888888888888888,17
3,node_1,baseline,crop,Grape,0.8888888888888888,0.5714285714285714,0.6956521739130435,14
3,node_1,baseline,crop,"Pepper,_bell",0.14285714285714285,0.3333333333333333,0.2,3
3,node_1,baseline,crop,Potato,0.16666666666666666,0.3333333333333333,0.2222222222222222,6
3,node_1,baseline,crop,Tomato,0.47058823529411764,0.5333333333333333,0.5,15
3,node_1,baseline,disease,Apple_scab,0.0,0.0,0.0,0
3,node_1,baseline,disease,Cedar_apple_rust,1.0,0.3076923076923077,0.47058823529411764,13
3,node_1,baseline,disease,healthy,0.0,0.0,0.0,1
3,node_1,baseline,disease,Cercospora_leaf_spot Gray_leaf_spot,0.0,0.0,0.0,2
3,node_1,baseline,disease,Common_rust,0.0,0.0,0.0,0
3,node_1,baseline,disease,Northern_Leaf_Blight,0.75,0.8,0.7741935483870968,15
3,node_1,baseline,disease,Black_rot,0.875,0.5,0.6363636363636364,14
3,node_1,baseline,disease,Bacterial_spot,0.2,0.3333333333333333,0.25,6
3,node_1,baseline,disease,Early_blight,0.14285714285714285,0.25,0.18181818181818182,4
3,node_1,baseline,disease,Late_blight,0.3,0.3,0.3,10
3,node_1,baseline,disease,Leaf_Mold,0.0,0.0,0.0,1
3,node_1,baseline,disease,Septoria_leaf_spot,0.0,0.0,0.0,0
3,node_1,baseline,disease,Tomato_Yellow_Leaf_Curl_Virus,0.0,0.0,0.0,0
3,node_1,baseline,disease,Tomato_mosaic_virus,0.09090909090909091,0.5,0.15384615384615385,2
3,node_1,baseline,pair,Apple___Apple_scab,0.0,0.0,0.0,0
3,node_1,baseline,pair,Apple___Cedar_apple_rust,1.0,0.3076923076923077,0.47058823529411764,13
3,node_1,baseline,pair,Apple___healthy,0.0,0.0,0.0,0
3,node_1,baseline,pair,Corn___Cercospora_leaf_spot Gray_leaf_spot,0.0,0.0,0.0,2
3,node_1,baseline,pair,Corn___Common_rust,0.0,0.0,0.0,0
3,node_1,baseline,pair,Corn___Northern_Leaf_Blight,0.75,0.8,0.7741935483870968,15
3,node_1,baseline,pair,Grape___Black_rot,0.875,0.5,0.6363636363636364,14
3,node_1,baseline,pair,Grape___healthy,0.0,0.0,0.0,0
3,node_1,baseline,pair,"Pepper,_bell___Bacterial_spot",0.16666666666666666,0.3333333333333333,0.2222222222222222,3
3,node_1,baseline,pair,"Pepper,_bell___healthy",0.0,0.0,0.0,0
3,node_1,baseline,pair,Potato___Early_blight,0.0,0.0,0.0,0
3,node_1,baseline,pair,Potato___Late_blight,0.14285714285714285,0.16666666666666666,0.15384615384615385,6
3,node_1,baseline,pair,Tomato___Bacterial_spot,0.0,0.0,0.0,3
3,node_1,baseline,pair,Tomato___Early_blight,0.14285714285714285,0.25,0.18181818181818182,4
3,node_1,baseline,pair,Tomato___Late_blight,0.3333333333333333,0.25,0.2857142857142857,4
3,node_1,baseline,pair,Tomato___Leaf_Mold,0.0,0.0,0.0,1
3,node_1,baseline,pair,Tomato___Septoria_leaf_spot,0.0,0.0,0.0,0
3,node_1,baseline,pair,Tomato___Tomato_Yellow_Leaf_Curl_Virus,0.0,0.0,0.0,0
3,node_1,baseline,pair,Tomato___Tomato_mosaic_virus,0.25,0.5,0.3333333333333333,2
3,node_1,baseline,pair,Tomato___healthy,0.0,0.0,0.0,1
3,node_1,baseline,pair,invalid_combo,0.0,0.0,0.0,0
3,node_2,baseline,crop,Apple,0.0,0.0,0.0,4
3,node_2,baseline,crop,Corn,0.7272727272727273,0.6666666666666666,0.6956521739130435,12
3,node_2,baseline,crop,Grape,0.0,0.0,0.0,3
3,node_2,baseline,crop,"Pepper,_bell",0.25,0.46153846153846156,0.32432432432432434,13
3,node_2,baseline,crop,Potato,0.5,0.15,0.23076923076923078,20
3,node_2,baseline,crop,Tomato,0.5818181818181818,0.7111111111111111,0.64,45
3,node_2,baseline,disease,Apple_scab,0.0,0.0,0.0,2
3,node_2,baseline,disease,Cedar_apple_rust,0.0,0.0,0.0,2
3,node_2,baseline,disease,healthy,0.2962962962962963,0.6153846153846154,0.4,13
3,node_2,baseline,disease,Cercospora_leaf_spot Gray_leaf_spot,0.0,0.0,0.0,0
3,node_2,baseline,disease,Common_rust,0.0,0.0,0.0,0
3,node_2,baseline,disease,Northern_Leaf_Blight,0.7272727272727273,0.6666666666666666,0.6956521739130435,12
3,node_2,baseline,disease,Black_rot,0.0,0.0,0.0,1
3,node_2,baseline,disease,Bacterial_spot,0.0,0.0,0.0,3
3,node_2,baseline,disease,Early_blight,0.5,0.45,0.47368421052631576,20
3,node_2,baseline,disease,Late_blight,0.48,0.48,0.48,25
3,node_2,baseline,disease,Leaf_Mold,0.0,0.0,0.0,5
3,node_2,baseline,disease,Septoria_leaf_spot,0.0,0.0,0.0,1
3,node_2,baseline,disease,Tomato_Yellow_Leaf_Curl_Virus,0.5333333333333333,0.6153846153846154,0.5714285714285714,13
3,node_2,baseline,disease,Tomato_mosaic_virus,0.0,0.0,0.0,0
3,node_2,baseline,pair,Apple___Apple_scab,0.0,0.0,0.0,2
3,node_2,baseline,pair,Apple___Cedar_apple_rust,0.0,0.0,0.0,2
3,node_2,baseline,pair,Apple___healthy,0.0,0.0,0.0,0
3,node_2,baseline,pair,Corn___Cercospora_leaf_spot Gray_leaf_spot,0.0,0.0,0.0,0
3,node_2,baseline,pair,Corn___Common_rust,0.0,0.0,0.0,0
3,node_2,baseline,pair,Corn___Northern_Leaf_Blight,0.7272727272727273,0.6666666666666666,0.6956521739130435,12
3,node_2,baseline,pair,Grape___Black_rot,0.0,0.0,0.0,1
3,node_2,baseline,pair,Grape___healthy,0.0,0.0,0.0,2
3,node_2,baseline,pair,"Pepper,_bell___Bacterial_spot",0.0,0.0,0.0,3
3,node_2,baseline,pair,"Pepper,_bell___healthy",0.25,0.5,0.3333333333333333,10
3,node_2,baseline,pair,Potato___Early_blight,0.6,0.21428571428571427,0.3157894736842105,14
3,node_2,baseline,pair,Potato___Late_blight,0.0,0.0,0.0,6
3,node_2,baseline,pair,Tomato___Bacterial_spot,0.0,0.0,0.0,0
3,node_2,baseline,pair,Tomato___Early_blight,0.1,0.16666666666666666,0.125,6
3,node_2,baseline,pair,Tomato___Late_blight,0.4166666666666667,0.5263157894736842,0.46511627906976744,19
3,node_2,baseline,pair,Tomato___Leaf_Mold,0.0,0.0,0.0,5
3,node_2,baseline,pair,Tomato___Septoria_leaf_spot,0.0,0.0,0.0,1
3,node_2,baseline,pair,Tomato___Tomato_Yellow_Leaf_Curl_Virus,0.5714285714285714,0.6153846153846154,0.5925925925925926,13
3,node_2,baseline,pair,Tomato___Tomato_mosaic_virus,0.0,0.0,0.0,0
3,node_2,baseline,pair,Tomato___healthy,0.14285714285714285,1.0,0.25,1
3,node_2,baseline,pair,invalid_combo,0.0,0.0,0.0,0
3,node_3,baseline,crop,Apple,0.7619047619047619,0.5333333333333333,0.6274509803921569,30
3,node_3,baseline,crop,Corn,0.0,0.0,0.0,1
3,node_3,baseline,crop,Grape,0.42857142857142855,0.75,0.5454545454545454,8
3,node_3,baseline,crop,"Pepper,_bell",1.0,0.2,0.3333333333333333,5
3,node_3,baseline,crop,Potato,0.7,0.5833333333333334,0.6363636363636364,12
3,node_3,baseline,crop,Tomato,0.6136363636363636,0.7941176470588235,0.6923076923076923,34
3,node_3,baseline,disease,Apple_scab,0.6666666666666666,0.18181818181818182,0.2857142857142857,11
3,node_3,baseline,disease,Cedar_apple_rust,1.0,0.5,0.6666666666666666,6
3,node_3,baseline,disease,healthy,0.6875,0.9166666666666666,0.7857142857142857,24
3,node_3,baseline,disease,Cercospora_leaf_spot Gray_leaf_spot,0.0,0.0,0.0,0
3,node_3,baseline,disease,Common_rust,0.0,0.0,0.0,0
3,node_3,baseline,disease,Northern_Leaf_Blight,0.0,0.0,0.0,1
3,node_3,baseline,disease,Black_rot,0.0,0.0,0.0,0
3,node_3,baseline,disease,Bacterial_spot,0.2727272727272727,0.25,0.2608695652173913,12
3,node_3,baseline,disease,Early_blight,0.6923076923076923,0.6,0.6428571428571429,15
3,node_3,baseline,disease,Late_blight,0.0,0.0,0.0,2
3,node_3,baseline,disease,Leaf_Mold,0.0,0.0,0.0,1
3,node_3,baseline,disease,Septoria_leaf_spot,0.3333333333333333,0.6666666666666666,0.4444444444444444,6
3,node_3,baseline,disease,Tomato_Yellow_Leaf_Curl_Virus,0.0,0.0,0.0,4
3,node_3,baseline,disease,Tomato_mosaic_virus,0.3125,0.625,0.4166666666666667,8
3,node_3,baseline,pair,Apple___Apple_scab,0.6666666666666666,0.18181818181818182,0.2857142857142857,11
3,node_3,baseline,pair,Apple___Cedar_apple_rust,1.0,0.5,0.6666666666666666,6
3,node_3,baseline,pair,Apple___healthy,0.7142857142857143,0.7692307692307693,0.7407407407407407,13
3,node_3,baseline,pair,Corn___Cercospora_leaf_spot Gray_leaf_spot,0.0,0.0,0.0,0
3,node_3,baseline,pair,Corn___Common_rust,0.0,0.0,0.0,0
3,node_3,baseline,pair,Corn___Northern_Leaf_Blight,0.0,0.0,0.0,1
3,node_3,baseline,pair,Grape___Black_rot,0.0,0.0,0.0,0
3,node_3,baseline,pair,Grape___healthy,0.46153846153846156,0.75,0.5714285714285714,8
3,node_3,baseline,pair,"Pepper,_bell___Bacterial_spot",0.0,0.0,0.0,2
3,node_3,baseline,pair,"Pepper,_bell___healthy",1.0,0.3333333333333333,0.5,3
3,node_3,baseline,pair,Potato___Early_blight,0.7777777777777778,0.6363636363636364,0.7,11
3,node_3,baseline,pair,Potato___Late_blight,0.0,0.0,0.0,1
3,node_3,baseline,pair,Tomato___Bacterial_spot,0.2222222222222222,0.2,0.21052631578947367,10
3,node_3,baseline,pair,Tomato___Early_blight,0.0,0.0,0.0,4
3,node_3,baseline,pair,Tomato___Late_blight,0.0,0.0,0.0,1
3,node_3,baseline,pair,Tomato___Leaf_Mold,0.0,0.0,0.0,1
3,node_3,baseline,pair,Tomato___Septoria_leaf_spot,0.3333333333333333,0.6666666666666666,0.4444444444444444,6
3,node_3,baseline,pair,Tomato___Tomato_Yellow_Leaf_Curl_Virus,0.0,0.0,0.0,4
3,node_3,baseline,pair,Tomato___Tomato_mosaic_virus,0.3125,0.625,0.4166666666666667,8
3,node_3,baseline,pair,Tomato___healthy,0.0,0.0,0.0,0
3,node_3,baseline,pair,invalid_combo,0.0,0.0,0.0,0
3,node_4,baseline,crop,Apple,1.0,0.45454545454545453,0.625,11
3,node_4,baseline,crop,Corn,0.7575757575757576,1.0,0.8620689655172413,25
3,node_4,baseline,crop,Grape,0.5,0.5,0.5,2
3,node_4,baseline,crop,"Pepper,_bell",0.7142857142857143,0.625,0.6666666666666666,8
3,node_4,baseline,crop,Potato,0.7692307692307693,0.8333333333333334,0.8,12
3,node_4,baseline,crop,Tomato,0.8260869565217391,0.76,0.7916666666666666,25
3,node_4,baseline,disease,Apple_scab,0.0,0.0,0.0,0
3,node_4,baseline,disease,Cedar_apple_rust,0.0,0.0,0.0,0
3,node_4,baseline,disease,healthy,0.8,0.6666666666666666,0.7272727272727273,12
3,node_4,baseline,disease,Cercospora_leaf_spot Gray_leaf_spot,0.4444444444444444,1.0,0.6153846153846154,12
3,node_4,baseline,disease,Common_rust,0.0,0.0,0.0,0
3,node_4,baseline,disease,Northern_Leaf_Blight,0.75,0.23076923076923078,0.35294117647058826,13
3,node_4,baseline,disease,Black_rot,0.0,0.0,0.0,1
3,node_4,baseline,disease,Bacterial_spot,0.6,0.5,0.5454545454545454,12
3,node_4,baseline,disease,Early_blight,0.0,0.0,0.0,2
3,node_4,baseline,disease,Late_blight,0.7058823529411765,0.9230769230769231,0.8,13
3,node_4,baseline,disease,Leaf_Mold,0.0,0.0,0.0,1
3,node_4,baseline,disease,Septoria_leaf_spot,0.4666666666666667,0.5384615384615384,0.5,13
3,node_4,baseline,disease,Tomato_Yellow_Leaf_Curl_Virus,0.0,0.0,0.0,2
3,node_4,baseline,disease,Tomato_mosaic_virus,0.0,0.0,0.0,2
3,node_4,baseline,pair,Apple___Apple_scab,0.0,0.0,0.0,0
3,node_4,baseline,pair,Apple___Cedar_apple_rust,0.0,0.0,0.0,0
3,node_4,baseline,pair,Apple___healthy,1.0,0.45454545454545453,0.625,11
3,node_4,baseline,pair,Corn___Cercospora_leaf_spot Gray_leaf_spot,0.4444444444444444,1.0,0.6153846153846154,12
3,node_4,baseline,pair,Corn___Common_rust,0.0,0.0,0.0,0
3,node_4,baseline,pair,Corn___Northern_Leaf_Blight,0.75,0.23076923076923078,0.35294117647058826,13
3,node_4,baseline,pair,Grape___Black_rot,0.0,0.0,0.0,1
3,node_4,baseline,pair,Grape___healthy,0.5,1.0,0.6666666666666666,1
3,node_4,baseline,pair,"Pepper,_bell___Bacterial_spot",0.7142857142857143,0.625,0.6666666666666666,8
3,node_4,baseline,pair,"Pepper,_bell___healthy",0.0,0.0,0.0,0
3,node_4,baseline,pair,Potato___Early_blight,0.0,0.0,0.0,1
3,node_4,baseline,pair,Potato___Late_blight,0.6923076923076923,0.8181818181818182,0.75,11
3,node_4,baseline,pair,Tomato___Bacterial_spot,0.0,0.0,0.0,4
3,node_4,baseline,pair,Tomato___Early_blight,0.0,0.0,0.0,1
3,node_4,baseline,pair,Tomato___Late_blight,0.3333333333333333,0.5,0.4,2
3,node_4,baseline,pair,Tomato___Leaf_Mold,0.0,0.0,0.0,1
3,node_4,baseline,pair,Tomato___Septoria_leaf_spot,0.4666666666666667,0.5384615384615384,0.5,13
3,node_4,baseline,pair,Tomato___Tomato_Yellow_Leaf_Curl_Virus,0.0,0.0,0.0,2
3,node_4,baseline,pair,Tomato___Tomato_mosaic_virus,0.0,0.0,0.0,2
3,node_4,baseline,pair,Tomato___healthy,0.0,0.0,0.0,0
3,node_4,baseline,pair,invalid_combo,0.0,0.0,0.0,0
3,node_5,baseline,crop,Apple,0.0,0.0,0.0,4
3,node_5,baseline,crop,Corn,0.8333333333333334,1.0,0.9090909090909091,5
3,node_5,baseline,crop,Grape,0.3333333333333333,0.16666666666666666,0.2222222222222222,6
3,node_5,baseline,crop,"Pepper,_bell",0.2857142857142857,0.5,0.36363636363636365,4
3,node_5,baseline,crop,Potato,0.5,0.14285714285714285,0.2222222222222222,7
3,node_5,baseline,crop,Tomato,0.7560975609756098,0.9393939393939394,0.8378378378378378,33
3,node_5,baseline,disease,Apple_scab,0.0,0.0,0.0,2
3,node_5,baseline,disease,Cedar_apple_rust,0.0,0.0,0.0,1
3,node_5,baseline,disease,healthy,0.75,0.6521739130434783,0.6976744186046512,23
3,node_5,baseline,disease,Cercospora_leaf_spot Gray_leaf_spot,0.0,0.0,0.0,1
3,node_5,baseline,disease,Common_rust,0.0,0.0,0.0,0
3,node_5,baseline,disease,Northern_Leaf_Blight,0.5,1.0,0.6666666666666666,4
3,node_5,baseline,disease,Black_rot,0.0,0.0,0.0,1
3,node_5,baseline,disease,Bacterial_spot,0.0,0.0,0.0,3
3,node_5,baseline,disease,Early_blight,1.0,0.2857142857142857,0.4444444444444444,7
3,node_5,baseline,disease,Late_blight,0.0,0.0,0.0,7
3,node_5,baseline,disease,Leaf_Mold,0.0,0.0,0.0,3
3,node_5,baseline,disease,Septoria_leaf_spot,0.2,0.5,0.2857142857142857,4
3,node_5,baseline,disease,Tomato_Yellow_Leaf_Curl_Virus,0.0,0.0,0.0,1
3,node_5,baseline,disease,Tomato_mosaic_virus,0.3333333333333333,1.0,0.5,2
3,node_5,baseline,pair,Apple___Apple_scab,0.0,0.0,0.0,2
3,node_5,baseline,pair,Apple___Cedar_apple_rust,0.0,0.0,0.0,1
3,node_5,baseline,pair,Apple___healthy,0.0,0.0,0.0,1
3,node_5,baseline,pair,Corn___Cercospora_leaf_spot Gray_leaf_spot,0.0,0.0,0.0,1
3,node_5,baseline,pair,Corn___Common_rust,0.0,0.0,0.0,0
3,node_5,baseline,pair,Corn___Northern_Leaf_Blight,0.6666666666666666,1.0,0.8,4
3,node_5,baseline,pair,Grape___Black_rot,0.0,0.0,0.0,1
3,node_5,baseline,pair,Grape___healthy,0.5,0.2,0.2857142857142857,5
3,node_5,baseline,pair,"Pepper,_bell___Bacterial_spot",0.0,0.0,0.0,2
3,node_5,baseline,pair,"Pepper,_bell___healthy",0.0,0.0,0.0,2
3,node_5,baseline,pair,Potato___Early_blight,1.0,0.25,0.4,4
3,node_5,baseline,pair,Potato___Late_blight,0.0,0.0,0.0,3
3,node_5,baseline,pair,Tomato___Bacterial_spot,0.0,0.0,0.0,1
3,node_5,baseline,pair,Tomato___Early_blight,0.0,0.0,0.0,3
3,node_5,baseline,pair,Tomato___Late_blight,0.0,0.0,0.0,4
3,node_5,baseline,pair,Tomato___Leaf_Mold,0.0,0.0,0.0,3
3,node_5,baseline,pair,Tomato___Septoria_leaf_spot,0.2,0.5,0.2857142857142857,4
3,node_5,baseline,pair,Tomato___Tomato_Yellow_Leaf_Curl_Virus,0.0,0.0,0.0,1
3,node_5,baseline,pair,Tomato___Tomato_mosaic_virus,0.3333333333333333,1.0,0.5,2
3,node_5,baseline,pair,Tomato___healthy,0.6875,0.7333333333333333,0.7096774193548387,15
3,node_5,baseline,pair,invalid_combo,0.0,0.0,0.0,0
4,node_0,mesh,crop,Apple,0.875,0.6363636363636364,0.7368421052631579,11
4,node_0,mesh,crop,Corn,1.0,0.8333333333333334,0.9090909090909091,12
4,node_0,mesh,crop,Grape,1.0,1.0,1.0,3
4,node_0,mesh,crop,"Pepper,_bell",0.0,0.0,0.0,0
4,node_0,mesh,crop,Potato,1.0,0.3333333333333333,0.5,3
4,node_0,mesh,crop,Tomato,0.8545454545454545,0.9791666666666666,0.912621359223301,48
4,node_0,mesh,disease,Apple_scab,0.8,0.8,0.8,10
4,node_0,mesh,disease,Cedar_apple_rust,0.0,0.0,0.0,1
4,node_0,mesh,disease,healthy,0.6,1.0,0.75,3
4,node_0,mesh,disease,Cercospora_leaf_spot Gray_leaf_spot,0.5,0.6666666666666666,0.5714285714285714,3
4,node_0,mesh,disease,Common_rust,0.0,0.0,0.0,0
4,node_0,mesh,disease,Northern_Leaf_Blight,0.6,0.6666666666666666,0.631578947368421,9
4,node_0,mesh,disease,Black_rot,0.0,0.0,0.0,0
4,node_0,mesh,disease,Bacterial_spot,0.45454545454545453,0.4166666666666667,0.43478260869565216,12
4,node_0,mesh,disease,Early_blight,0.375,0.5,0.42857142857142855,6
4,node_0,mesh,disease,Late_blight,0.0,0.0,0.0,2
4,node_0,mesh,disease,Leaf_Mold,0.7692307692307693,0.7142857142857143,0.7407407407407407,14
4,node_0,mesh,disease,Septoria_leaf_spot,0.6923076923076923,0.5294117647058824,0.6,17
4,node_0,mesh,disease,Tomato_Yellow_Leaf_Curl_Virus,0.0,0.0,0.0,0
4,node_0,mesh,disease,Tomato_mosaic_virus,0.0,0.0,0.0,0
4,node_0,mesh,pair,Apple___Apple_scab,1.0,0.7,0.8235294117647058,10
4,node_0,mesh,pair,Apple___Cedar_apple_rust,0.0,0.0,0.0,1
4,node_0,mesh,pair,Apple___healthy,0.0,0.0,0.0,0
4,node_0,mesh,pair,Corn___Cercospora_leaf_spot Gray_leaf_spot,0.5,0.6666666666666666,0.5714285714285714,3
4,node_0,mesh,pair,Corn___Common_rust,0.0,0.0,0.0,0
4,node_0,mesh,pair,Corn___Northern_Leaf_Blight,0.8333333333333334,0.5555555555555556,0.6666666666666666,9
4,node_0,mesh,pair,Grape___Black_rot,0.0,0.0,0.0,0
4,node_0,mesh,pair,Grape___healthy,1.0,1.0,1.0,3
4,node_0,mesh,pair,"Pepper,_bell___Bacterial_spot",0.0,0.0,0.0,0
4,node_0,mesh,pair,"Pepper,_bell___healthy",0.0,0.0,0.0,0
4,node_0,mesh,pair,Potato___Early_blight,1.0,1.0,1.0,1
4,node_0,mesh,pair,Potato___Late_blight,0.0,0.0,0.0,2
4,node_0,mesh,pair,Tomato___Bacterial_spot,0.45454545454545453,0.4166666666666667,0.43478260869565216,12
4,node_0,mesh,pair,Tomato___Early_blight,0.2857142857142857,0.4,0.3333333333333333,5
4,node_0,mesh,pair,Tomato___Late_blight,0.0,0.0,0.0,0
4,node_0,mesh,pair,Tomato___Leaf_Mold,0.7692307692307693,0.7142857142857143,0.7407407407407407,14
4,node_0,mesh,pair,Tomato___Septoria_leaf_spot,0.6923076923076923,0.5294117647058824,0.6,17
4,node_0,mesh,pair,Tomato___Tomato_Yellow_Leaf_Curl_Virus,0.0,0.0,0.0,0
4,node_0,mesh,pair,Tomato___Tomato_mosaic_virus,0.0,0.0,0.0,0
4,node_0,mesh,pair,Tomato___healthy,0.0,0.0,0.0,0
4,node_0,mesh,pair,invalid_combo,0.0,0.0,0.0,0
4,node_1,mesh,crop,Apple,0.4666666666666667,0.5384615384615384,0.5,13
4,node_1,mesh,crop,Corn,0.85,1.0,0.918918918918919,17
4,node_1,mesh,crop,Grape,0.7142857142857143,0.7142857142857143,0.7142857142857143,14
4,node_1,mesh,crop,"Pepper,_bell",0.0,0.0,0.0,3
4,node_1,mesh,crop,Potato,0.0,0.0,0.0,6
4,node_1,mesh,crop,Tomato,0.631578947368421,0.8,0.7058823529411765,15
4,node_1,mesh,disease,Apple_scab,0.0,0.0,0.0,0
4,node_1,mesh,disease,Cedar_apple_rust,0.4444444444444444,0.6153846153846154,0.5161290322580645,13
4,node_1,mesh,disease,healthy,0.0,0.0,0.0,1
4,node_1,mesh,disease,Cercospora_leaf_spot Gray_leaf_spot,1.0,0.5,0.6666666666666666,2
4,node_1,mesh,disease,Common_rust,0.0,0.0,0.0,0
4,node_1,mesh,disease,Northern_Leaf_Blight,0.875,0.9333333333333333,0.9032258064516129,15
4,node_1,mesh,disease,Black_rot,0.6470588235294118,0.7857142857142857,0.7096774193548387,14
4,node_1,mesh,disease,Bacterial_spot,0.0,0.0,0.0,6
4,node_1,mesh,disease,Early_blight,0.5,0.25,0.3333333333333333,4
4,node_1,mesh,disease,Late_blight,0.4,0.2,0.26666666666666666,10
4,node_1,mesh,disease,Leaf_Mold,0.0,0.0,0.0,1
4,node_1,mesh,disease,Septoria_leaf_spot,0.0,0.0,0.0,0
4,node_1,mesh,disease,Tomato_Yellow_Leaf_Curl_Virus,0.0,0.0,0.0,0
4,node_1,mesh,disease,Tomato_mosaic_virus,1.0,0.5,0.6666666666666666,2
4,node_1,mesh,pair,Apple___Apple_scab,0.0,0.0,0.0,0
4,node_1,mesh,pair,Apple___Cedar_apple_rust,0.5,0.5384615384615384,0.5185185185185185,13
4,node_1,mesh,pair,Apple___healthy,0.0,0.0,0.0,0
4,node_1,mesh,pair,Corn___Cercospora_leaf_spot Gray_leaf_spot,1.0,0.5,0.6666666666666666,2
4,node_1,mesh,pair,Corn___Common_rust,0.0,0.0,0.0,0
4,node_1,mesh,pair,Corn___Northern_Leaf_Blight,0.875,0.9333333333333333,0.9032258064516129,15
4,node_1,mesh,pair,Grape___Black_rot,0.7142857142857143,0.7142857142857143,0.7142857142857143,14
4,node_1,mesh,pair,Grape___healthy,0.0,0.0,0.0,0
4,node_1,mesh,pair,"Pepper,_bell___Bacterial_spot",0.0,0.0,0.0,3
4,node_1,mesh,pair,"Pepper,_bell___healthy",0.0,0.0,0.0,0
4,node_1,mesh,pair,Potato___Early_blight,0.0,0.0,0.0,0
4,node_1,mesh,pair,Potato___Late_blight,0.0,0.0,0.0,6
4,node_1,mesh,pair,Tomato___Bacterial_spot,0.0,0.0,0.0,3
4,node_1,mesh,pair,Tomato___Early_blight,0.5,0.25,0.3333333333333333,4
4,node_1,mesh,pair,Tomato___Late_blight,0.0,0.0,0.0,4
4,node_1,mesh,pair,Tomato___Leaf_Mold,0.0,0.0,0.0,1
4,node_1,mesh,pair,Tomato___Septoria_leaf_spot,0.0,0.0,0.0,0
4,node_1,mesh,pair,Tomato___Tomato_Yellow_Leaf_Curl_Virus,0.0,0.0,0.0,0
4,node_1,mesh,pair,Tomato___Tomato_mosaic_virus,1.0,0.5,0.6666666666666666,2
4,node_1,mesh,pair,Tomato___healthy,0.0,0.0,0.0,1
4,node_1,mesh,pair,invalid_combo,0.0,0.0,0.0,0
4,node_2,mesh,crop,Apple,0.3333333333333333,0.25,0.2857142857142857,4
4,node_2,mesh,crop,Corn,0.9090909090909091,0.8333333333333334,0.8695652173913043,12
4,node_2,mesh,crop,Grape,1.0,0.6666666666666666,0.8,3
4,node_2,mesh,crop,"Pepper,_bell",1.0,0.6153846153846154,0.7619047619047619,13
4,node_2,mesh,crop,Potato,0.75,0.75,0.75,20
4,node_2,mesh,crop,Tomato,0.7735849056603774,0.9111111111111111,0.8367346938775511,45
4,node_2,mesh,disease,Apple_scab,0.0,0.0,0.0,2
4,node_2,mesh,disease,Cedar_apple_rust,0.4,1.0,0.5714285714285714,2
4,node_2,mesh,disease,healthy,1.0,0.8461538461538461,0.9166666666666666,13
4,node_2,mesh,disease,Cercospora_leaf_spot Gray_leaf_spot,0.0,0.0,0.0,0
4,node_2,mesh,disease,Common_rust,0.0,0.0,0.0,0
4,node_2,mesh,disease,Northern_Leaf_Blight,1.0,0.75,0.8571428571428571,12
4,node_2,mesh,disease,Black_rot,0.0,0.0,0.0,1
4,node_2,mesh,disease,Bacterial_spot,0.0,0.0,0.0,3
4,node_2,mesh,disease,Early_blight,0.6363636363636364,0.7,0.6666666666666666,20
4,node_2,mesh,disease,Late_blight,0.7142857142857143,0.8,0.7547169811320755,25
4,node_2,mesh,disease,Leaf_Mold,0.8,0.8,0.8,5
4,node_2,mesh,disease,Septoria_leaf_spot,0.0,0.0,0.0,1
4,node_2,mesh,disease,Tomato_Yellow_Leaf_Curl_Virus,0.8666666666666667,1.0,0.9285714285714286,13
4,node_2,mesh,disease,Tomato_mosaic_virus,0.0,0.0,0.0,0
4,node_2,mesh,pair,Apple___Apple_scab,0.0,0.0,0.0,2
4,node_2,mesh,pair,Apple___Cedar_apple_rust,0.3333333333333333,0.5,0.4,2
4,node_2,mesh,pair,Apple___healthy,0.0,0.0,0.0,0
4,node_2,mesh,pair,Corn___Cercospora_leaf_spot Gray_leaf_spot,0.0,0.0,0.0,0
4,node_2,mesh,pair,Corn___Common_rust,0.0,0.0,0.0,0
4,node_2,mesh,pair,Corn___Northern_Leaf_Blight,1.0,0.75,0.8571428571428571,12
4,node_2,mesh,pair,Grape___Black_rot,0.0,0.0,0.0,1
4,node_2,mesh,pair,Grape___healthy,1.0,1.0,1.0,2
4,node_2,mesh,pair,"Pepper,_bell___Bacterial_spot",0.0,0.0,0.0,3
4,node_2,mesh,pair,"Pepper,_bell___healthy",1.0,0.8,0.8888888888888888,10
4,node_2,mesh,pair,Potato___Early_blight,0.7692307692307693,0.7142857142857143,0.7407407407407407,14
4,node_2,mesh,pair,Potato___Late_blight,0.5714285714285714,0.6666666666666666,0.6153846153846154,6
4,node_2,mesh,pair,Tomato___Bacterial_spot,0.0,0.0,0.0,0
4,node_2,mesh,pair,Tomato___Early_blight,0.2222222222222222,0.3333333333333333,0.26666666666666666,6
4,node_2,mesh,pair,Tomato___Late_blight,0.6666666666666666,0.7368421052631579,0.7,19
4,node_2,mesh,pair,Tomato___Leaf_Mold,0.8,0.8,0.8,5
4,node_2,mesh,pair,Tomato___Septoria_leaf_spot,0.0,0.0,0.0,1
4,node_2,mesh,pair,Tomato___Tomato_Yellow_Leaf_Curl_Virus,0.9285714285714286,1.0,0.9629629629629629,13
4,node_2,mesh,pair,Tomato___Tomato_mosaic_virus,0.0,0.0,0.0,0
4,node_2,mesh,pair,Tomato___healthy,0.0,0.0,0.0,1
4,node_2,mesh,pair,invalid_combo,0.0,0.0,0.0,0
4,node_3,mesh,crop,Apple,0.9166666666666666,0.7333333333333333,0.8148148148148148,30
4,node_3,mesh,crop,Corn,0.0,0.0,0.0,1
4,node_3,mesh,crop,Grape,0.875,0.875,0.875,8
4,node_3,mesh,crop,"Pepper,_bell",1.0,0.8,0.8888888888888888,5
4,node_3,mesh,crop,Potato,0.6923076923076923,0.75,0.72,12
4,node_3,mesh,crop,Tomato,0.7560975609756098,0.9117647058823529,0.8266666666666667,34
4,node_3,mesh,disease,Apple_scab,0.8571428571428571,0.5454545454545454,0.6666666666666666,11
4,node_3,mesh,disease,Cedar_apple_rust,0.8,0.6666666666666666,0.7272727272727273,6
4,node_3,mesh,disease,healthy,0.7666666666666667,0.9583333333333334,0.8518518518518519,24
4,node_3,mesh,disease,Cercospora_leaf_spot Gray_leaf_spot,0.0,0.0,0.0,0
4,node_3,mesh,disease,Common_rust,0.0,0.0,0.0,0
4,node_3,mesh,disease,Northern_Leaf_Blight,0.0,0.0,0.0,1
4,node_3,mesh,disease,Black_rot,0.0,0.0,0.0,0
4,node_3,mesh,disease,Bacterial_spot,0.5454545454545454,0.5,0.5217391304347826,12
4,node_3,mesh,disease,Early_blight,0.631578947368421,0.8,0.7058823529411765,15
4,node_3,mesh,disease,Late_blight,0.0,0.0,0.0,2
4,node_3,mesh,disease,Leaf_Mold,0.0,0.0,0.0,1
4,node_3,mesh,disease,Septoria_leaf_spot,0.4,0.3333333333333333,0.36363636363636365,6
4,node_3,mesh,disease,Tomato_Yellow_Leaf_Curl_Virus,0.375,0.75,0.5,4
4,node_3,mesh,disease,Tomato_mosaic_virus,0.6,0.375,0.46153846153846156,8
4,node_3,mesh,pair,Apple___Apple_scab,1.0,0.5454545454545454,0.7058823529411765,11
4,node_3,mesh,pair,Apple___Cedar_apple_rust,1.0,0.5,0.6666666666666666,6
4,node_3,mesh,pair,Apple___healthy,0.8,0.9230769230769231,0.8571428571428571,13
4,node_3,mesh,pair,Corn___Cercospora_leaf_spot Gray_leaf_spot,0.0,0.0,0.0,0
4,node_3,mesh,pair,Corn___Common_rust,0.0,0.0,0.0,0
4,node_3,mesh,pair,Corn___Northern_Leaf_Blight,0.0,0.0,0.0,1
4,node_3,mesh,pair,Grape___Black_rot,0.0,0.0,0.0,0
4,node_3,mesh,pair,Grape___healthy,0.875,0.875,0.875,8
4,node_3,mesh,pair,"Pepper,_bell___Bacterial_spot",1.0,1.0,1.0,2
4,node_3,mesh,pair,"Pepper,_bell___healthy",1.0,0.3333333333333333,0.5,3
4,node_3,mesh,pair,Potato___Early_blight,0.75,0.8181818181818182,0.782608695652174,11
4,node_3,mesh,pair,Potato___Late_blight,0.0,0.0,0.0,1
4,node_3,mesh,pair,Tomato___Bacterial_spot,0.4444444444444444,0.4,0.42105263157894735,10
4,node_3,mesh,pair,Tomato___Early_blight,0.2857142857142857,0.5,0.36363636363636365,4
4,node_3,mesh,pair,Tomato___Late_blight,0.0,0.0,0.0,1
4,node_3,mesh,pair,Tomato___Leaf_Mold,0.0,0.0,0.0,1
4,node_3,mesh,pair,Tomato___Septoria_leaf_spot,0.4,0.3333333333333333,0.36363636363636365,6
4,node_3,mesh,pair,Tomato___Tomato_Yellow_Leaf_Curl_Virus,0.375,0.75,0.5,4
4,node_3,mesh,pair,Tomato___Tomato_mosaic_virus,0.6,0.375,0.46153846153846156,8
4,node_3,mesh,pair,Tomato___healthy,0.0,0.0,0.0,0
4,node_3,mesh,pair,invalid_combo,0.0,0.0,0.0,0
4,node_4,mesh,crop,Apple,0.875,0.6363636363636364,0.7368421052631579,11
4,node_4,mesh,crop,Corn,0.8620689655172413,1.0,0.9259259259259259,25
4,node_4,mesh,crop,Grape,1.0,0.5,0.6666666666666666,2
4,node_4,mesh,crop,"Pepper,_bell",1.0,0.875,0.9333333333333333,8
4,node_4,mesh,crop,Potato,1.0,0.5,0.6666666666666666,12
4,node_4,mesh,crop,Tomato,0.71875,0.92,0.8070175438596491,25
4,node_4,mesh,disease,Apple_scab,0.0,0.0,0.0,0
4,node_4,mesh,disease,Cedar_apple_rust,0.0,0.0,0.0,0
4,node_4,mesh,disease,healthy,0.7857142857142857,0.9166666666666666,0.8461538461538461,12
4,node_4,mesh,disease,Cercospora_leaf_spot Gray_leaf_spot,0.5,0.4166666666666667,0.45454545454545453,12
4,node_4,mesh,disease,Common_rust,0.0,0.0,0.0,0
4,node_4,mesh,disease,Northern_Leaf_Blight,0.55,0.8461538461538461,0.6666666666666666,13
4,node_4,mesh,disease,Black_rot,0.0,0.0,0.0,1
4,node_4,mesh,disease,Bacterial_spot,1.0,0.5833333333333334,0.7368421052631579,12
4,node_4,mesh,disease,Early_blight,1.0,0.5,0.6666666666666666,2
4,node_4,mesh,disease,Late_blight,0.8888888888888888,0.6153846153846154,0.7272727272727273,13
4,node_4,mesh,disease,Leaf_Mold,0.0,0.0,0.0,1
4,node_4,mesh,disease,Septoria_leaf_spot,0.5714285714285714,0.6153846153846154,0.5925925925925926,13
4,node_4,mesh,disease,Tomato_Yellow_Leaf_Curl_Virus,0.4,1.0,0.5714285714285714,2
4,node_4,mesh,disease,Tomato_mosaic_virus,0.6666666666666666,1.0,0.8,2
4,node_4,mesh,pair,Apple___Apple_scab,0.0,0.0,0.0,0
4,node_4,mesh,pair,Apple___Cedar_apple_rust,0.0,0.0,0.0,0
4,node_4,mesh,pair,Apple___healthy,0.875,0.6363636363636364,0.7368421052631579,11
4,node_4,mesh,pair,Corn___Cercospora_leaf_spot Gray_leaf_spot,0.5555555555555556,0.4166666666666667,0.47619047619047616,12
4,node_4,mesh,pair,Corn___Common_rust,0.0,0.0,0.0,0
4,node_4,mesh,pair,Corn___Northern_Leaf_Blight,0.55,0.8461538461538461,0.6666666666666666,13
4,node_4,mesh,pair,Grape___Black_rot,0.0,0.0,0.0,1
4,node_4,mesh,pair,Grape___healthy,1.0,1.0,1.0,1
4,node_4,mesh,pair,"Pepper,_bell___Bacterial_spot",1.0,0.875,0.9333333333333333,8
4,node_4,mesh,pair,"Pepper,_bell___healthy",0.0,0.0,0.0,0
4,node_4,mesh,pair,Potato___Early_blight,1.0,1.0,1.0,1
4,node_4,mesh,pair,Potato___Late_blight,1.0,0.45454545454545453,0.625,11
4,node_4,mesh,pair,Tomato___Bacterial_spot,0.0,0.0,0.0,4
4,node_4,mesh,pair,Tomato___Early_blight,0.0,0.0,0.0,1
4,node_4,mesh,pair,Tomato___Late_blight,0.25,0.5,0.3333333333333333,2
4,node_4,mesh,pair,Tomato___Leaf_Mold,0.0,0.0,0.0,1
4,node_4,mesh,pair,Tomato___Septoria_leaf_spot,0.5714285714285714,0.6153846153846154,0.5925925925925926,13
4,node_4,mesh,pair,Tomato___Tomato_Yellow_Leaf_Curl_Virus,0.4,1.0,0.5714285714285714,2
4,node_4,mesh,pair,Tomato___Tomato_mosaic_virus,0.6666666666666666,1.0,0.8,2
4,node_4,mesh,pair,Tomato___healthy,0.0,0.0,0.0,0
4,node_4,mesh,pair,invalid_combo,0.0,0.0,0.0,0
4,node_5,mesh,crop,Apple,1.0,0.5,0.6666666666666666,4
4,node_5,mesh,crop,Corn,1.0,1.0,1.0,5
4,node_5,mesh,crop,Grape,1.0,0.16666666666666666,0.2857142857142857,6
4,node_5,mesh,crop,"Pepper,_bell",0.0,0.0,0.0,4
4,node_5,mesh,crop,Potato,0.625,0.7142857142857143,0.6666666666666666,7
4,node_5,mesh,crop,Tomato,0.7441860465116279,0.9696969696969697,0.8421052631578947,33
4,node_5,mesh,disease,Apple_scab,0.0,0.0,0.0,2
4,node_5,mesh,disease,Cedar_apple_rust,0.0,0.0,0.0,1
4,node_5,mesh,disease,healthy,0.8260869565217391,0.8260869565217391,0.8260869565217391,23
4,node_5,mesh,disease,Cercospora_leaf_spot Gray_leaf_spot,0.0,0.0,0.0,1
4,node_5,mesh,disease,Common_rust,0.0,0.0,0.0,0
4,node_5,mesh,disease,Northern_Leaf_Blight,0.75,0.75,0.75,4
4,node_5,mesh,disease,Black_rot,0.0,0.0,0.0,1
4,node_5,mesh,disease,Bacterial_spot,0.0,0.0,0.0,3
4,node_5,mesh,disease,Early_blight,0.2857142857142857,0.2857142857142857,0.2857142857142857,7
4,node_5,mesh,disease,Late_blight,0.5,0.8571428571428571,0.631578947368421,7
4,node_5,mesh,disease,Leaf_Mold,1.0,0.3333333333333333,0.5,3
4,node_5,mesh,disease,Septoria_leaf_spot,0.4,0.5,0.4444444444444444,4
4,node_5,mesh,disease,Tomato_Yellow_Leaf_Curl_Virus,0.0,0.0,0.0,1
4,node_5,mesh,disease,Tomato_mosaic_virus,0.4,1.0,0.5714285714285714,2
4,node_5,mesh,pair,Apple___Apple_scab,0.0,0.0,0.0,2
4,node_5,mesh,pair,Apple___Cedar_apple_rust,0.0,0.0,0.0,1
4,node_5,mesh,pair,Apple___healthy,0.0,0.0,0.0,1
4,node_5,mesh,pair,Corn___Cercospora_leaf_spot Gray_leaf_spot,0.0,0.0,0.0,1
4,node_5,mesh,pair,Corn___Common_rust,0.0,0.0,0.0,0
4,node_5,mesh,pair,Corn___Northern_Leaf_Blight,0.75,0.75,0.75,4
4,node_5,mesh,pair,Grape___Black_rot,0.0,0.0,0.0,1
4,node_5,mesh,pair,Grape___healthy,1.0,0.2,0.3333333333333333,5
4,node_5,mesh,pair,"Pepper,_bell___Bacterial_spot",0.0,0.0,0.0,2
4,node_5,mesh,pair,"Pepper,_bell___healthy",0.0,0.0,0.0,2
4,node_5,mesh,pair,Potato___Early_blight,0.6666666666666666,0.5,0.5714285714285714,4
4,node_5,mesh,pair,Potato___Late_blight,0.75,1.0,0.8571428571428571,3
4,node_5,mesh,pair,Tomato___Bacterial_spot,0.0,0.0,0.0,1
4,node_5,mesh,pair,Tomato___Early_blight,0.0,0.0,0.0,3
4,node_5,mesh,pair,Tomato___Late_blight,0.25,0.5,0.3333333333333333,4
4,node_5,mesh,pair,Tomato___Leaf_Mold,1.0,0.3333333333333333,0.5,3
4,node_5,mesh,pair,Tomato___Septoria_leaf_spot,0.4,0.5,0.4444444444444444,4
4,node_5,mesh,pair,Tomato___Tomato_Yellow_Leaf_Curl_Virus,0.0,0.0,0.0,1
4,node_5,mesh,pair,Tomato___Tomato_mosaic_virus,0.4,1.0,0.5714285714285714,2
4,node_5,mesh,pair,Tomato___healthy,0.6842105263157895,0.8666666666666667,0.7647058823529411,15
4,node_5,mesh,pair,invalid_combo,0.0,0.0,0.0,0
4,node_0,baseline,crop,Apple,0.4,0.18181818181818182,0.25,11
4,node_0,baseline,crop,Corn,0.4090909090909091,0.75,0.5294117647058824,12
4,node_0,baseline,crop,Grape,1.0,0.6666666666666666,0.8,3
4,node_0,baseline,crop,"Pepper,_bell",0.0,0.0,0.0,0
4,node_0,baseline,crop,Potato,1.0,0.6666666666666666,0.8,3
4,node_0,baseline,crop,Tomato,0.8260869565217391,0.7916666666666666,0.8085106382978723,48
4,node_0,baseline,disease,Apple_scab,0.25,0.1,0.14285714285714285,10
4,node_0,baseline,disease,Cedar_apple_rust,0.0,0.0,0.0,1
4,node_0,baseline,disease,healthy,1.0,0.3333333333333333,0.5,3
4,node_0,baseline,disease,Cercospora_leaf_spot Gray_leaf_spot,0.42857142857142855,1.0,0.6,3
4,node_0,baseline,disease,Common_rust,0.0,0.0,0.0,0
4,node_0,baseline,disease,Northern_Leaf_Blight,0.3076923076923077,0.4444444444444444,0.36363636363636365,9
4,node_0,baseline,disease,Black_rot,0.0,0.0,0.0,0
4,node_0,baseline,disease,Bacterial_spot,1.0,0.25,0.4,12
4,node_0,baseline,disease,Early_blight,0.5,0.16666666666666666,0.25,6
4,node_0,baseline,disease,Late_blight,0.0,0.0,0.0,2
4,node_0,baseline,disease,Leaf_Mold,0.0,0.0,0.0,14
4,node_0,baseline,disease,Septoria_leaf_spot,0.2978723404255319,0.8235294117647058,0.4375,17
4,node_0,baseline,disease,Tomato_Yellow_Leaf_Curl_Virus,0.0,0.0,0.0,0
4,node_0,baseline,disease,Tomato_mosaic_virus,0.0,0.0,0.0,0
4,node_0,baseline,pair,Apple___Apple_scab,0.25,0.1,0.14285714285714285,10
4,node_0,baseline,pair,Apple___Cedar_apple_rust,0.0,0.0,0.0,1
4,node_0,baseline,pair,Apple___healthy,0.0,0.0,0.0,0
4,node_0,baseline,pair,Corn___Cercospora_leaf_spot Gray_leaf_spot,0.42857142857142855,1.0,0.6,3
4,node_0,baseline,pair,Corn___Common_rust,0.0,0.0,0.0,0
4,node_0,baseline,pair,Corn___Northern_Leaf_Blight,0.3076923076923077,0.4444444444444444,0.36363636363636365,9
4,node_0,baseline,pair,Grape___Black_rot,0.0,0.0,0.0,0
4,node_0,baseline,pair,Grape___healthy,1.0,0.3333333333333333,0.5,3
4,node_0,baseline,pair,"Pepper,_bell___Bacterial_spot",0.0,0.0,0.0,0
4,node_0,baseline,pair,"Pepper,_bell___healthy",0.0,0.0,0.0,0
4,node_0,baseline,pair,Potato___Early_blight,0.5,1.0,0.6666666666666666,1
4,node_0,baseline,pair,Potato___Late_blight,0.0,0.0,0.0,2
4,node_0,baseline,pair,Tomato___Bacterial_spot,1.0,0.25,0.4,12
4,node_0,baseline,pair,Tomato___Early_blight,0.0,0.0,0.0,5
4,node_0,baseline,pair,Tomato___Late_blight,0.0,0.0,0.0,0
4,node_0,baseline,pair,Tomato___Leaf_Mold,0.0,0.0,0.0,14
4,node_0,baseline,pair,Tomato___Septoria_leaf_spot,0.32558139534883723,0.8235294117647058,0.4666666666666667,17
4,node_0,baseline,pair,Tomato___Tomato_Yellow_Leaf_Curl_Virus,0.0,0.0,0.0,0
4,node_0,baseline,pair,Tomato___Tomato_mosaic_virus,0.0,0.0,0.0,0
4,node_0,baseline,pair,Tomato___healthy,0.0,0.0,0.0,0
4,node_0,baseline,pair,invalid_combo,0.0,0.0,0.0,0
4,node_1,baseline,crop,Apple,1.0,0.15384615384615385,0.26666666666666666,13
4,node_1,baseline,crop,Corn,0.4857142857142857,1.0,0.6538461538461539,17
4,node_1,baseline,crop,Grape,0.875,0.5,0.6363636363636364,14
4,node_1,baseline,crop,"Pepper,_bell",0.4,0.6666666666666666,0.5,3
4,node_1,baseline,crop,Potato,0.5,0.16666666666666666,0.25,6
4,node_1,baseline,crop,Tomato,0.5,0.5333333333333333,0.5161290322580645,15
4,node_1,baseline,disease,Apple_scab,0.0,0.0,0.0,0
4,node_1,baseline,disease,Cedar_apple_rust,1.0,0.23076923076923078,0.375,13
4,node_1,baseline,disease,healthy,0.0,0.0,0.0,1
4,node_1,baseline,disease,Cercospora_leaf_spot Gray_leaf_spot,0.0,0.0,0.0,2
4,node_1,baseline,disease,Common_rust,0.0,0.0,0.0,0
4,node_1,baseline,disease,Northern_Leaf_Blight,0.3783783783783784,0.9333333333333333,0.5384615384615384,15
4,node_1,baseline,disease,Black_rot,0.875,0.5,0.6363636363636364,14
4,node_1,baseline,disease,Bacterial_spot,0.2857142857142857,0.3333333333333333,0.3076923076923077,6
4,node_1,baseline,disease,Early_blight,0.0,0.0,0.0,4
4,node_1,baseline,disease,Late_blight,0.2857142857142857,0.2,0.23529411764705882,10
4,node_1,baseline,disease,Leaf_Mold,0.0,0.0,0.0,1
4,node_1,baseline,disease,Septoria_leaf_spot,0.0,0.0,0.0,0
4,node_1,baseline,disease,Tomato_Yellow_Leaf_Curl_Virus,0.0,0.0,0.0,0
4,node_1,baseline,disease,Tomato_mosaic_virus,0.25,0.5,0.3333333333333333,2
4,node_1,baseline,pair,Apple___Apple_scab,0.0,0.0,0.0,0
4,node_1,baseline,pair,Apple___Cedar_apple_rust,1.0,0.15384615384615385,0.26666666666666666,13
4,node_1,baseline,pair,Apple___healthy,0.0,0.0,0.0,0
4,node_1,baseline,pair,Corn___Cercospora_leaf_spot Gray_leaf_spot,0.0,0.0,0.0,2
4,node_1,baseline,pair,Corn___Common_rust,0.0,0.0,0.0,0
4,node_1,baseline,pair,Corn___Northern_Leaf_Blight,0.42424242424242425,0.9333333333333333,0.5833333333333334,15
4,node_1,baseline,pair,Grape___Black_rot,0.875,0.5,0.6363636363636364,14
4,node_1,baseline,pair,Grape___healthy,0.0,0.0,0.0,0
4,node_1,baseline,pair,"Pepper,_bell___Bacterial_spot",0.6666666666666666,0.6666666666666666,0.6666666666666666,3
4,node_1,baseline,pair,"Pepper,_bell___healthy",0.0,0.0,0.0,0
4,node_1,baseline,pair,Potato___Early_blight,0.0,0.0,0.0,0
4,node_1,baseline,pair,Potato___Late_blight,0.5,0.16666666666666666,0.25,6
4,node_1,baseline,pair,Tomato___Bacterial_spot,0.0,0.0,0.0,3
4,node_1,baseline,pair,Tomato___Early_blight,0.0,0.0,0.0,4
4,node_1,baseline,pair,Tomato___Late_blight,0.3333333333333333,0.25,0.2857142857142857,4
4,node_1,baseline,pair,Tomato___Leaf_Mold,0.0,0.0,0.0,1
4,node_1,baseline,pair,Tomato___Septoria_leaf_spot,0.0,0.0,0.0,0
4,node_1,baseline,pair,Tomato___Tomato_Yellow_Leaf_Curl_Virus,0.0,0.0,0.0,0
4,node_1,baseline,pair,Tomato___Tomato_mosaic_virus,0.25,0.5,0.3333333333333333,2
4,node_1,baseline,pair,Tomato___healthy,0.0,0.0,0.0,1
4,node_1,baseline,pair,invalid_combo,0.0,0.0,0.0,0
4,node_2,baseline,crop,Apple,0.5,0.75,0.6,4
4,node_2,baseline,crop,Corn,0.8,0.6666666666666666,0.7272727272727273,12
4,node_2,baseline,crop,Grape,0.4,0.6666666666666666,0.5,3
4,node_2,baseline,crop,"Pepper,_bell",0.7142857142857143,0.38461538461538464,0.5,13
4,node_2,baseline,crop,Potato,0.6086956521739131,0.7,0.6511627906976745,20
4,node_2,baseline,crop,Tomato,0.7608695652173914,0.7777777777777778,0.7692307692307693,45
4,node_2,baseline,disease,Apple_scab,0.6666666666666666,1.0,0.8,2
4,node_2,baseline,disease,Cedar_apple_rust,0.6666666666666666,1.0,0.8,2
4,node_2,baseline,disease,healthy,0.8181818181818182,0.6923076923076923,0.75,13
4,node_2,baseline,disease,Cercospora_leaf_spot Gray_leaf_spot,0.0,0.0,0.0,0
4,node_2,baseline,disease,Common_rust,0.0,0.0,0.0,0
4,node_2,baseline,disease,Northern_Leaf_Blight,0.8888888888888888,0.6666666666666666,0.7619047619047619,12
4,node_2,baseline,disease,Black_rot,0.0,0.0,0.0,1
4,node_2,baseline,disease,Bacterial_spot,0.0,0.0,0.0,3
4,node_2,baseline,disease,Early_blight,0.5142857142857142,0.9,0.6545454545454545,20
4,node_2,baseline,disease,Late_blight,0.8,0.48,0.6,25
4,node_2,baseline,disease,Leaf_Mold,0.6,0.6,0.6,5
4,node_2,baseline,disease,Septoria_leaf_spot,0.0,0.0,0.0,1
4,node_2,baseline,disease,Tomato_Yellow_Leaf_Curl_Virus,0.75,0.9230769230769231,0.8275862068965517,13
4,node_2,baseline,disease,Tomato_mosaic_virus,0.0,0.0,0.0,0
4,node_2,baseline,pair,Apple___Apple_scab,0.5,0.5,0.5,2
4,node_2,baseline,pair,Apple___Cedar_apple_rust,0.6666666666666666,1.0,0.8,2
4,node_2,baseline,pair,Apple___healthy,0.0,0.0,0.0,0
4,node_2,baseline,pair,Corn___Cercospora_leaf_spot Gray_leaf_spot,0.0,0.0,0.0,0
4,node_2,baseline,pair,Corn___Common_rust,0.0,0.0,0.0,0
4,node_2,baseline,pair,Corn___Northern_Leaf_Blight,0.8888888888888888,0.6666666666666666,0.7619047619047619,12
4,node_2,baseline,pair,Grape___Black_rot,0.0,0.0,0.0,1
4,node_2,baseline,pair,Grape___healthy,0.5,1.0,0.6666666666666666,2
4,node_2,baseline,pair,"Pepper,_bell___Bacterial_spot",0.0,0.0,0.0,3
4,node_2,baseline,pair,"Pepper,_bell___healthy",0.8333333333333334,0.5,0.625,10
4,node_2,baseline,pair,Potato___Early_blight,0.4,0.5714285714285714,0.47058823529411764,14
4,node_2,baseline,pair,Potato___Late_blight,0.6666666666666666,0.3333333333333333,0.4444444444444444,6
4,node_2,baseline,pair,Tomato___Bacterial_spot,0.0,0.0,0.0,0
4,node_2,baseline,pair,Tomato___Early_blight,0.25,0.5,0.3333333333333333,6
4,node_2,baseline,pair,Tomato___Late_blight,0.75,0.47368421052631576,0.5806451612903226,19
4,node_2,baseline,pair,Tomato___Leaf_Mold,0.6,0.6,0.6,5
4,node_2,baseline,pair,Tomato___Septoria_leaf_spot,0.0,0.0,0.0,1
4,node_2,baseline,pair,Tomato___Tomato_Yellow_Leaf_Curl_Virus,0.75,0.9230769230769231,0.8275862068965517,13
4,node_2,baseline,pair,Tomato___Tomato_mosaic_virus,0.0,0.0,0.0,0
4,node_2,baseline,pair,Tomato___healthy,0.0,0.0,0.0,1
4,node_2,baseline,pair,invalid_combo,0.0,0.0,0.0,0
4,node_3,baseline,crop,Apple,0.7931034482758621,0.7666666666666667,0.7796610169491526,30
4,node_3,baseline,crop,Corn,0.0,0.0,0.0,1
4,node_3,baseline,crop,Grape,0.7777777777777778,0.875,0.8235294117647058,8
4,node_3,baseline,crop,"Pepper,_bell",0.0,0.0,0.0,5
4,node_3,baseline,crop,Potato,0.8,0.6666666666666666,0.7272727272727273,12
4,node_3,baseline,crop,Tomato,0.7073170731707317,0.8529411764705882,0.7733333333333333,34
4,node_3,baseline,disease,Apple_scab,0.45454545454545453,0.45454545454545453,0.45454545454545453,11
4,node_3,baseline,disease,Cedar_apple_rust,1.0,0.5,0.6666666666666666,6
4,node_3,baseline,disease,healthy,0.7419354838709677,0.9583333333333334,0.8363636363636363,24
4,node_3,baseline,disease,Cercospora_leaf_spot Gray_leaf_spot,0.0,0.0,0.0,0
4,node_3,baseline,disease,Common_rust,0.0,0.0,0.0,0
4,node_3,baseline,disease,Northern_Leaf_Blight,0.0,0.0,0.0,1
4,node_3,baseline,disease,Black_rot,0.0,0.0,0.0,0
4,node_3,baseline,disease,Bacterial_spot,0.4666666666666667,0.5833333333333334,0.5185185185185185,12
4,node_3,baseline,disease,Early_blight,0.6,0.6,0.6,15
4,node_3,baseline,disease,Late_blight,0.0,0.0,0.0,2
4,node_3,baseline,disease,Leaf_Mold,0.0,0.0,0.0,1
4,node_3,baseline,disease,Septoria_leaf_spot,0.6666666666666666,0.3333333333333333,0.4444444444444444,6
4,node_3,baseline,disease,Tomato_Yellow_Leaf_Curl_Virus,0.6666666666666666,1.0,0.8,4
4,node_3,baseline,disease,Tomato_mosaic_virus,0.5,0.375,0.42857142857142855,8
4,node_3,baseline,pair,Apple___Apple_scab,0.5555555555555556,0.45454545454545453,0.5,11
4,node_3,baseline,pair,Apple___Cedar_apple_rust,1.0,0.5,0.6666666666666666,6
4,node_3,baseline,pair,Apple___healthy,0.625,0.7692307692307693,0.6896551724137931,13
4,node_3,baseline,pair,Corn___Cercospora_leaf_spot Gray_leaf_spot,0.0,0.0,0.0,0
4,node_3,baseline,pair,Corn___Common_rust,0.0,0.0,0.0,0
4,node_3,baseline,pair,Corn___Northern_Leaf_Blight,0.0,0.0,0.0,1
4,node_3,baseline,pair,Grape___Black_rot,0.0,0.0,0.0,0
4,node_3,baseline,pair,Grape___healthy,0.7777777777777778,0.875,0.8235294117647058,8
4,node_3,baseline,pair,"Pepper,_bell___Bacterial_spot",0.0,0.0,0.0,2
4,node_3,baseline,pair,"Pepper,_bell___healthy",0.0,0.0,0.0,3
4,node_3,baseline,pair,Potato___Early_blight,0.8888888888888888,0.7272727272727273,0.8,11
4,node_3,baseline,pair,Potato___Late_blight,0.0,0.0,0.0,1
4,node_3,baseline,pair,Tomato___Bacterial_spot,0.42857142857142855,0.6,0.5,10
4,node_3,baseline,pair,Tomato___Early_blight,0.2,0.25,0.2222222222222222,4
4,node_3,baseline,pair,Tomato___Late_blight,0.0,0.0,0.0,1
4,node_3,baseline,pair,Tomato___Leaf_Mold,0.0,0.0,0.0,1
4,node_3,baseline,pair,Tomato___Septoria_leaf_spot,0.6666666666666666,0.3333333333333333,0.4444444444444444,6
4,node_3,baseline,pair,Tomato___Tomato_Yellow_Leaf_Curl_Virus,0.6666666666666666,1.0,0.8,4
4,node_3,baseline,pair,Tomato___Tomato_mosaic_virus,0.5,0.375,0.42857142857142855,8
4,node_3,baseline,pair,Tomato___healthy,0.0,0.0,0.0,0
4,node_3,baseline,pair,invalid_combo,0.0,0.0,0.0,0
4,node_4,baseline,crop,Apple,0.7777777777777778,0.6363636363636364,0.7,11
4,node_4,baseline,crop,Corn,0.7931034482758621,0.92,0.8518518518518519,25
4,node_4,baseline,crop,Grape,0.0,0.0,0.0,2
4,node_4,baseline,crop,"Pepper,_bell",0.8333333333333334,0.625,0.7142857142857143,8
4,node_4,baseline,crop,Potato,1.0,0.5833333333333334,0.7368421052631579,12
4,node_4,baseline,crop,Tomato,0.71875,0.92,0.8070175438596491,25
4,node_4,baseline,disease,Apple_scab,0.0,0.0,0.0,0
4,node_4,baseline,disease,Cedar_apple_rust,0.0,0.0,0.0,0
4,node_4,baseline,disease,healthy,0.8461538461538461,0.9166666666666666,0.88,12
4,node_4,baseline,disease,Cercospora_leaf_spot Gray_leaf_spot,0.44,0.9166666666666666,0.5945945945945946,12
4,node_4,baseline,disease,Common_rust,0.0,0.0,0.0,0
4,node_4,baseline,disease,Northern_Leaf_Blight,0.6666666666666666,0.15384615384615385,0.25,13
4,node_4,baseline,disease,Black_rot,0.0,0.0,0.0,1
4,node_4,baseline,disease,Bacterial_spot,0.5454545454545454,0.5,0.5217391304347826,12
4,node_4,baseline,disease,Early_blight,0.0,0.0,0.0,2
4,node_4,baseline,disease,Late_blight,0.8888888888888888,0.6153846153846154,0.7272727272727273,13
4,node_4,baseline,disease,Leaf_Mold,0.0,0.0,0.0,1
4,node_4,baseline,disease,Septoria_leaf_spot,0.5384615384615384,0.5384615384615384,0.5384615384615384,13
4,node_4,baseline,disease,Tomato_Yellow_Leaf_Curl_Virus,0.25,1.0,0.4,2
4,node_4,baseline,disease,Tomato_mosaic_virus,0.0,0.0,0.0,2
4,node_4,baseline,pair,Apple___Apple_scab,0.0,0.0,0.0,0
4,node_4,baseline,pair,Apple___Cedar_apple_rust,0.0,0.0,0.0,0
4,node_4,baseline,pair,Apple___healthy,0.7777777777777778,0.6363636363636364,0.7,11
4,node_4,baseline,pair,Corn___Cercospora_leaf_spot Gray_leaf_spot,0.44,0.9166666666666666,0.5945945945945946,12
4,node_4,baseline,pair,Corn___Common_rust,0.0,0.0,0.0,0
4,node_4,baseline,pair,Corn___Northern_Leaf_Blight,0.6666666666666666,0.15384615384615385,0.25,13
4,node_4,baseline,pair,Grape___Black_rot,0.0,0.0,0.0,1
4,node_4,baseline,pair,Grape___healthy,0.0,0.0,0.0,1
4,node_4,baseline,pair,"Pepper,_bell___Bacterial_spot",0.8333333333333334,0.625,0.7142857142857143,8
4,node_4,baseline,pair,"Pepper,_bell___healthy",0.0,0.0,0.0,0
4,node_4,baseline,pair,Potato___Early_blight,0.0,0.0,0.0,1
4,node_4,baseline,pair,Potato___Late_blight,0.8571428571428571,0.5454545454545454,0.6666666666666666,11
4,node_4,baseline,pair,Tomato___Bacterial_spot,0.2,0.25,0.2222222222222222,4
4,node_4,baseline,pair,Tomato___Early_blight,0.0,0.0,0.0,1
4,node_4,baseline,pair,Tomato___Late_blight,0.0,0.0,0.0,2
4,node_4,baseline,pair,Tomato___Leaf_Mold,0.0,0.0,0.0,1
4,node_4,baseline,pair,Tomato___Septoria_leaf_spot,0.5384615384615384,0.5384615384615384,0.5384615384615384,13
4,node_4,baseline,pair,Tomato___Tomato_Yellow_Leaf_Curl_Virus,0.25,1.0,0.4,2
4,node_4,baseline,pair,Tomato___Tomato_mosaic_virus,0.0,0.0,0.0,2
4,node_4,baseline,pair,Tomato___healthy,0.0,0.0,0.0,0
4,node_4,baseline,pair,invalid_combo,0.0,0.0,0.0,0
4,node_5,baseline,crop,Apple,0.0,0.0,0.0,4
4,node_5,baseline,crop,Corn,0.09259259259259259,1.0,0.1694915254237288,5
4,node_5,baseline,crop,Grape,0.0,0.0,0.0,6
4,node_5,baseline,crop,"Pepper,_bell",0.0,0.0,0.0,4
4,node_5,baseline,crop,Potato,0.0,0.0,0.0,7
4,node_5,baseline,crop,Tomato,0.8,0.12121212121212122,0.21052631578947367,33
4,node_5,baseline,disease,Apple_scab,0.0,0.0,0.0,2
4,node_5,baseline,disease,Cedar_apple_rust,0.0,0.0,0.0,1
4,node_5,baseline,disease,healthy,0.8,0.34782608695652173,0.48484848484848486,23
4,node_5,baseline,disease,Cercospora_leaf_spot Gray_leaf_spot,0.0,0.0,0.0,1
4,node_5,baseline,disease,Common_rust,0.0,0.0,0.0,0
4,node_5,baseline,disease,Northern_Leaf_Blight,0.0851063829787234,1.0,0.1568627450980392,4
4,node_5,baseline,disease,Black_rot,0.0,0.0,0.0,1
4,node_5,baseline,disease,Bacterial_spot,0.0,0.0,0.0,3
4,node_5,baseline,disease,Early_blight,0.0,0.0,0.0,7
4,node_5,baseline,disease,Late_blight,0.0,0.0,0.0,7
4,node_5,baseline,disease,Leaf_Mold,0.0,0.0,0.0,3
4,node_5,baseline,disease,Septoria_leaf_spot,0.0,0.0,0.0,4
4,node_5,baseline,disease,Tomato_Yellow_Leaf_Curl_Virus,0.0,0.0,0.0,1
4,node_5,baseline,disease,Tomato_mosaic_virus,0.0,0.0,0.0,2
4,node_5,baseline,pair,Apple___Apple_scab,0.0,0.0,0.0,2
4,node_5,baseline,pair,Apple___Cedar_apple_rust,0.0,0.0,0.0,1
4,node_5,baseline,pair,Apple___healthy,0.0,0.0,0.0,1
4,node_5,baseline,pair,Corn___Cercospora_leaf_spot Gray_leaf_spot,0.0,0.0,0.0,1
4,node_5,baseline,pair,Corn___Common_rust,0.0,0.0,0.0,0
4,node_5,baseline,pair,Corn___Northern_Leaf_Blight,0.08695652173913043,1.0,0.16,4
4,node_5,baseline,pair,Grape___Black_rot,0.0,0.0,0.0,1
4,node_5,baseline,pair,Grape___healthy,0.0,0.0,0.0,5
4,node_5,baseline,pair,"Pepper,_bell___Bacterial_spot",0.0,0.0,0.0,2
4,node_5,baseline,pair,"Pepper,_bell___healthy",0.0,0.0,0.0,2
4,node_5,baseline,pair,Potato___Early_blight,0.0,0.0,0.0,4
4,node_5,baseline,pair,Potato___Late_blight,0.0,0.0,0.0,3
4,node_5,baseline,pair,Tomato___Bacterial_spot,0.0,0.0,0.0,1
4,node_5,baseline,pair,Tomato___Early_blight,0.0,0.0,0.0,3
4,node_5,baseline,pair,Tomato___Late_blight,0.0,0.0,0.0,4
4,node_5,baseline,pair,Tomato___Leaf_Mold,0.0,0.0,0.0,3
4,node_5,baseline,pair,Tomato___Septoria_leaf_spot,0.0,0.0,0.0,4
4,node_5,baseline,pair,Tomato___Tomato_Yellow_Leaf_Curl_Virus,0.0,0.0,0.0,1
4,node_5,baseline,pair,Tomato___Tomato_mosaic_virus,0.0,0.0,0.0,2
4,node_5,baseline,pair,Tomato___healthy,0.75,0.2,0.3157894736842105,15
4,node_5,baseline,pair,invalid_combo,0.0,0.0,0.0,0
5,node_0,mesh,crop,Apple,0.875,0.6363636363636364,0.7368421052631579,11
5,node_0,mesh,crop,Corn,0.8571428571428571,1.0,0.9230769230769231,12
5,node_0,mesh,crop,Grape,0.75,1.0,0.8571428571428571,3
5,node_0,mesh,crop,"Pepper,_bell",0.0,0.0,0.0,0
5,node_0,mesh,crop,Potato,1.0,0.6666666666666666,0.8,3
5,node_0,mesh,crop,Tomato,0.8979591836734694,0.9166666666666666,0.9072164948453608,48
5,node_0,mesh,disease,Apple_scab,1.0,0.5,0.6666666666666666,10
5,node_0,mesh,disease,Cedar_apple_rust,0.0,0.0,0.0,1
5,node_0,mesh,disease,healthy,0.5,1.0,0.6666666666666666,3
5,node_0,mesh,disease,Cercospora_leaf_spot Gray_leaf_spot,0.6,1.0,0.75,3
5,node_0,mesh,disease,Common_rust,0.0,0.0,0.0,0
5,node_0,mesh,disease,Northern_Leaf_Blight,0.6363636363636364,0.7777777777777778,0.7,9
5,node_0,mesh,disease,Black_rot,0.0,0.0,0.0,0
5,node_0,mesh,disease,Bacterial_spot,0.5454545454545454,0.5,0.5217391304347826,12
5,node_0,mesh,disease,Early_blight,0.3333333333333333,0.5,0.4,6
5,node_0,mesh,disease,Late_blight,0.5,0.5,0.5,2
5,node_0,mesh,disease,Leaf_Mold,0.875,0.5,0.6363636363636364,14
5,node_0,mesh,disease,Septoria_leaf_spot,0.5384615384615384,0.4117647058823529,0.4666666666666667,17
5,node_0,mesh,disease,Tomato_Yellow_Leaf_Curl_Virus,0.0,0.0,0.0,0
5,node_0,mesh,disease,Tomato_mosaic_virus,0.0,0.0,0.0,0
5,node_0,mesh,pair,Apple___Apple_scab,1.0,0.5,0.6666666666666666,10
5,node_0,mesh,pair,Apple___Cedar_apple_rust,0.0,0.0,0.0,1
5,node_0,mesh,pair,Apple___healthy,0.0,0.0,0.0,0
5,node_0,mesh,pair,Corn___Cercospora_leaf_spot Gray_leaf_spot,0.6,1.0,0.75,3
5,node_0,mesh,pair,Corn___Common_rust,0.0,0.0,0.0,0
5,node_0,mesh,pair,Corn___Northern_Leaf_Blight,0.7777777777777778,0.7777777777777778,0.7777777777777778,9
5,node_0,mesh,pair,Grape___Black_rot,0.0,0.0,0.0,0
5,node_0,mesh,pair,Grape___healthy,1.0,1.0,1.0,3
5,node_0,mesh,pair,"Pepper,_bell___Bacterial_spot",0.0,0.0,0.0,0
5,node_0,mesh,pair,"Pepper,_bell___healthy",0.0,0.0,0.0,0
5,node_0,mesh,pair,Potato___Early_blight,1.0,1.0,1.0,1
5,node_0,mesh,pair,Potato___Late_blight,1.0,0.5,0.6666666666666666,2
5,node_0,mesh,pair,Tomato___Bacterial_spot,0.5,0.4166666666666667,0.45454545454545453,12
5,node_0,mesh,pair,Tomato___Early_blight,0.2857142857142857,0.4,0.3333333333333333,5
5,node_0,mesh,pair,Tomato___Late_blight,0.0,0.0,0.0,0
5,node_0,mesh,pair,Tomato___Leaf_Mold,0.875,0.5,0.6363636363636364,14
5,node_0,mesh,pair,Tomato___Septoria_leaf_spot,0.5384615384615384,0.4117647058823529,0.4666666666666667,17
5,node_0,mesh,pair,Tomato___Tomato_Yellow_Leaf_Curl_Virus,0.0,0.0,0.0,0
5,node_0,mesh,pair,Tomato___Tomato_mosaic_virus,0.0,0.0,0.0,0
5,node_0,mesh,pair,Tomato___healthy,0.0,0.0,0.0,0
5,node_0,mesh,pair,invalid_combo,0.0,0.0,0.0,0
5,node_1,mesh,crop,Apple,0.7272727272727273,0.6153846153846154,0.6666666666666666,13
5,node_1,mesh,crop,Corn,1.0,0.8235294117647058,0.9032258064516129,17
5,node_1,mesh,crop,Grape,0.6470588235294118,0.7857142857142857,0.7096774193548387,14
5,node_1,mesh,crop,"Pepper,_bell",1.0,0.3333333333333333,0.5,3
5,node_1,mesh,crop,Potato,0.0,0.0,0.0,6
5,node_1,mesh,crop,Tomato,0.44,0.7333333333333333,0.55,15
5,node_1,mesh,disease,Apple_scab,0.0,0.0,0.0,0
5,node_1,mesh,disease,Cedar_apple_rust,0.7777777777777778,0.5384615384615384,0.6363636363636364,13
5,node_1,mesh,disease,healthy,0.0,0.0,0.0,1
5,node_1,mesh,disease,Cercospora_leaf_spot Gray_leaf_spot,1.0,0.5,0.6666666666666666,2
5,node_1,mesh,disease,Common_rust,0.0,0.0,0.0,0
5,node_1,mesh,disease,Northern_Leaf_Blight,0.9230769230769231,0.8,0.8571428571428571,15
5,node_1,mesh,disease,Black_rot,0.5909090909090909,0.9285714285714286,0.7222222222222222,14
5,node_1,mesh,disease,Bacterial_spot,0.6666666666666666,0.3333333333333333,0.4444444444444444,6
5,node_1,mesh,disease,Early_blight,0.2,0.25,0.2222222222222222,4
5,node_1,mesh,disease,Late_blight,0.42857142857142855,0.3,0.35294117647058826,10
5,node_1,mesh,disease,Leaf_Mold,0.0,0.0,0.0,1
5,node_1,mesh,disease,Septoria_leaf_spot,0.0,0.0,0.0,0
5,node_1,mesh,disease,Tomato_Yellow_Leaf_Curl_Virus,0.0,0.0,0.0,0
5,node_1,mesh,disease,Tomato_mosaic_virus,0.14285714285714285,0.5,0.2222222222222222,2
5,node_1,mesh,pair,Apple___Apple_scab,0.0,0.0,0.0,0
5,node_1,mesh,pair,Apple___Cedar_apple_rust,0.875,0.5384615384615384,0.6666666666666666,13
5,node_1,mesh,pair,Apple___healthy,0.0,0.0,0.0,0
5,node_1,mesh,pair,Corn___Cercospora_leaf_spot Gray_leaf_spot,1.0,0.5,0.6666666666666666,2
5,node_1,mesh,pair,Corn___Common_rust,0.0,0.0,0.0,0
5,node_1,mesh,pair,Corn___Northern_Leaf_Blight,0.9230769230769231,0.8,0.8571428571428571,15
5,node_1,mesh,pair,Grape___Black_rot,0.6875,0.7857142857142857,0.7333333333333333,14
5,node_1,mesh,pair,Grape___healthy,0.0,0.0,0.0,0
5,node_1,mesh,pair,"Pepper,_bell___Bacterial_spot",1.0,0.3333333333333333,0.5,3
5,node_1,mesh,pair,"Pepper,_bell___healthy",0.0,0.0,0.0,0
5,node_1,mesh,pair,Potato___Early_blight,0.0,0.0,0.0,0
5,node_1,mesh,pair,Potato___Late_blight,0.0,0.0,0.0,6
5,node_1,mesh,pair,Tomato___Bacterial_spot,0.0,0.0,0.0,3
5,node_1,mesh,pair,Tomato___Early_blight,0.2,0.25,0.2222222222222222,4
5,node_1,mesh,pair,Tomato___Late_blight,0.16666666666666666,0.25,0.2,4
5,node_1,mesh,pair,Tomato___Leaf_Mold,0.0,0.0,0.0,1
5,node_1,mesh,pair,Tomato___Septoria_leaf_spot,0.0,0.0,0.0,0
5,node_1,mesh,pair,Tomato___Tomato_Yellow_Leaf_Curl_Virus,0.0,0.0,0.0,0
5,node_1,mesh,pair,Tomato___Tomato_mosaic_virus,0.14285714285714285,0.5,0.2222222222222222,2
5,node_1,mesh,pair,Tomato___healthy,0.0,0.0,0.0,1
5,node_1,mesh,pair,invalid_combo,0.0,0.0,0.0,0
5,node_2,mesh,crop,Apple,0.5,0.5,0.5,4
5,node_2,mesh,crop,Corn,0.9230769230769231,1.0,0.96,12
5,node_2,mesh,crop,Grape,1.0,0.6666666666666666,0.8,3
5,node_2,mesh,crop,"Pepper,_bell",0.875,0.5384615384615384,0.6666666666666666,13
5,node_2,mesh,crop,Potato,0.85,0.85,0.85,20
5,node_2,mesh,crop,Tomato,0.84,0.9333333333333333,0.8842105263157894,45
5,node_2,mesh,disease,Apple_scab,0.0,0.0,0.0,2
5,node_2,mesh,disease,Cedar_apple_rust,0.5,1.0,0.6666666666666666,2
5,node_2,mesh,disease,healthy,1.0,0.8461538461538461,0.9166666666666666,13
5,node_2,mesh,disease,Cercospora_leaf_spot Gray_leaf_spot,0.0,0.0,0.0,0
5,node_2,mesh,disease,Common_rust,0.0,0.0,0.0,0
5,node_2,mesh,disease,Northern_Leaf_Blight,1.0,1.0,1.0,12
5,node_2,mesh,disease,Black_rot,0.0,0.0,0.0,1
5,node_2,mesh,disease,Bacterial_spot,0.0,0.0,0.0,3
5,node_2,mesh,disease,Early_blight,0.56,0.7,0.6222222222222222,20
5,node_2,mesh,disease,Late_blight,0.7391304347826086,0.68,0.7083333333333334,25
5,node_2,mesh,disease,Leaf_Mold,0.6666666666666666,0.8,0.7272727272727273,5
5,node_2,mesh,disease,Septoria_leaf_spot,0.0,0.0,0.0,1
5,node_2,mesh,disease,Tomato_Yellow_Leaf_Curl_Virus,0.9166666666666666,0.8461538461538461,0.88,13
5,node_2,mesh,disease,Tomato_mosaic_virus,0.0,0.0,0.0,0
5,node_2,mesh,pair,Apple___Apple_scab,0.0,0.0,0.0,2
5,node_2,mesh,pair,Apple___Cedar_apple_rust,0.5,1.0,0.6666666666666666,2
5,node_2,mesh,pair,Apple___healthy,0.0,0.0,0.0,0
5,node_2,mesh,pair,Corn___Cercospora_leaf_spot Gray_leaf_spot,0.0,0.0,0.0,0
5,node_2,mesh,pair,Corn___Common_rust,0.0,0.0,0.0,0
5,node_2,mesh,pair,Corn___Northern_Leaf_Blight,1.0,1.0,1.0,12
5,node_2,mesh,pair,Grape___Black_rot,0.0,0.0,0.0,1
5,node_2,mesh,pair,Grape___healthy,1.0,1.0,1.0,2
5,node_2,mesh,pair,"Pepper,_bell___Bacterial_spot",0.0,0.0,0.0,3
5,node_2,mesh,pair,"Pepper,_bell___healthy",1.0,0.7,0.8235294117647058,10
5,node_2,mesh,pair,Potato___Early_blight,0.7692307692307693,0.7142857142857143,0.7407407407407407,14
5,node_2,mesh,pair,Potato___Late_blight,0.42857142857142855,0.5,0.46153846153846156,6
5,node_2,mesh,pair,Tomato___Bacterial_spot,0.0,0.0,0.0,0
5,node_2,mesh,pair,Tomato___Early_blight,0.2727272727272727,0.5,0.35294117647058826,6
5,node_2,mesh,pair,Tomato___Late_blight,0.8125,0.6842105263157895,0.7428571428571429,19
5,node_2,mesh,pair,Tomato___Leaf_Mold,0.6666666666666666,0.8,0.7272727272727273,5
5,node_2,mesh,pair,Tomato___Septoria_leaf_spot,0.0,0.0,0.0,1
5,node_2,mesh,pair,Tomato___Tomato_Yellow_Leaf_Curl_Virus,0.9166666666666666,0.8461538461538461,0.88,13
5,node_2,mesh,pair,Tomato___Tomato_mosaic_virus,0.0,0.0,0.0,0
5,node_2,mesh,pair,Tomato___healthy,0.0,0.0,0.0,1
5,node_2,mesh,pair,invalid_combo,0.0,0.0,0.0,0
5,node_3,mesh,crop,Apple,0.9310344827586207,0.9,0.9152542372881356,30
5,node_3,mesh,crop,Corn,1.0,1.0,1.0,1
5,node_3,mesh,crop,Grape,1.0,0.75,0.8571428571428571,8
5,node_3,mesh,crop,"Pepper,_bell",1.0,0.8,0.8888888888888888,5
5,node_3,mesh,crop,Potato,0.8888888888888888,0.6666666666666666,0.7619047619047619,12
5,node_3,mesh,crop,Tomato,0.7804878048780488,0.9411764705882353,0.8533333333333334,34
5,node_3,mesh,disease,Apple_scab,0.8888888888888888,0.7272727272727273,0.8,11
5,node_3,mesh,disease,Cedar_apple_rust,0.625,0.8333333333333334,0.7142857142857143,6
5,node_3,mesh,disease,healthy,0.8,1.0,0.8888888888888888,24
5,node_3,mesh,disease,Cercospora_leaf_spot Gray_leaf_spot,0.0,0.0,0.0,0
5,node_3,mesh,disease,Common_rust,0.0,0.0,0.0,0
5,node_3,mesh,disease,Northern_Leaf_Blight,1.0,1.0,1.0,1
5,node_3,mesh,disease,Black_rot,0.0,0.0,0.0,0
5,node_3,mesh,disease,Bacterial_spot,0.7142857142857143,0.4166666666666667,0.5263157894736842,12
5,node_3,mesh,disease,Early_blight,0.625,0.6666666666666666,0.6451612903225806,15
5,node_3,mesh,disease,Late_blight,0.0,0.0,0.0,2
5,node_3,mesh,disease,Leaf_Mold,0.0,0.0,0.0,1
5,node_3,mesh,disease,Septoria_leaf_spot,0.6,0.5,0.5454545454545454,6
5,node_3,mesh,disease,Tomato_Yellow_Leaf_Curl_Virus,0.4444444444444444,1.0,0.6153846153846154,4
5,node_3,mesh,disease,Tomato_mosaic_virus,1.0,0.375,0.5454545454545454,8
5,node_3,mesh,pair,Apple___Apple_scab,1.0,0.7272727272727273,0.8421052631578947,11
5,node_3,mesh,pair,Apple___Cedar_apple_rust,0.7142857142857143,0.8333333333333334,0.7692307692307693,6
5,node_3,mesh,pair,Apple___healthy,0.9285714285714286,1.0,0.9629629629629629,13
5,node_3,mesh,pair,Corn___Cercospora_leaf_spot Gray_leaf_spot,0.0,0.0,0.0,0
5,node_3,mesh,pair,Corn___Common_rust,0.0,0.0,0.0,0
5,node_3,mesh,pair,Corn___Northern_Leaf_Blight,1.0,1.0,1.0,1
5,node_3,mesh,pair,Grape___Black_rot,0.0,0.0,0.0,0
5,node_3,mesh,pair,Grape___healthy,1.0,0.75,0.8571428571428571,8
5,node_3,mesh,pair,"Pepper,_bell___Bacterial_spot",1.0,1.0,1.0,2
5,node_3,mesh,pair,"Pepper,_bell___healthy",1.0,0.6666666666666666,0.8,3
5,node_3,mesh,pair,Potato___Early_blight,0.875,0.6363636363636364,0.7368421052631579,11
5,node_3,mesh,pair,Potato___Late_blight,0.0,0.0,0.0,1
5,node_3,mesh,pair,Tomato___Bacterial_spot,0.6,0.3,0.4,10
5,node_3,mesh,pair,Tomato___Early_blight,0.125,0.25,0.16666666666666666,4
5,node_3,mesh,pair,Tomato___Late_blight,0.0,0.0,0.0,1
5,node_3,mesh,pair,Tomato___Leaf_Mold,0.0,0.0,0.0,1
5,node_3,mesh,pair,Tomato___Septoria_leaf_spot,0.6,0.5,0.5454545454545454,6
5,node_3,mesh,pair,Tomato___Tomato_Yellow_Leaf_Curl_Virus,0.4444444444444444,1.0,0.6153846153846154,4
5,node_3,mesh,pair,Tomato___Tomato_mosaic_virus,1.0,0.375,0.5454545454545454,8
5,node_3,mesh,pair,Tomato___healthy,0.0,0.0,0.0,0
5,node_3,mesh,pair,invalid_combo,0.0,0.0,0.0,0
5,node_4,mesh,crop,Apple,0.8888888888888888,0.7272727272727273,0.8,11
5,node_4,mesh,crop,Corn,0.9259259259259259,1.0,0.9615384615384616,25
5,node_4,mesh,crop,Grape,1.0,0.5,0.6666666666666666,2
5,node_4,mesh,crop,"Pepper,_bell",1.0,0.5,0.6666666666666666,8
5,node_4,mesh,crop,Potato,1.0,0.6666666666666666,0.8,12
5,node_4,mesh,crop,Tomato,0.7058823529411765,0.96,0.8135593220338984,25
5,node_4,mesh,disease,Apple_scab,0.0,0.0,0.0,0
5,node_4,mesh,disease,Cedar_apple_rust,0.0,0.0,0.0,0
5,node_4,mesh,disease,healthy,0.8461538461538461,0.9166666666666666,0.88,12
5,node_4,mesh,disease,Cercospora_leaf_spot Gray_leaf_spot,0.6363636363636364,0.5833333333333334,0.6086956521739131,12
5,node_4,mesh,disease,Common_rust,0.0,0.0,0.0,0
5,node_4,mesh,disease,Northern_Leaf_Blight,0.5625,0.6923076923076923,0.6206896551724138,13
5,node_4,mesh,disease,Black_rot,0.0,0.0,0.0,1
5,node_4,mesh,disease,Bacterial_spot,0.5714285714285714,0.6666666666666666,0.6153846153846154,12
5,node_4,mesh,disease,Early_blight,0.25,0.5,0.3333333333333333,2
5,node_4,mesh,disease,Late_blight,0.7777777777777778,0.5384615384615384,0.6363636363636364,13
5,node_4,mesh,disease,Leaf_Mold,0.0,0.0,0.0,1
5,node_4,mesh,disease,Septoria_leaf_spot,0.7142857142857143,0.38461538461538464,0.5,13
5,node_4,mesh,disease,Tomato_Yellow_Leaf_Curl_Virus,0.4,1.0,0.5714285714285714,2
5,node_4,mesh,disease,Tomato_mosaic_virus,0.6666666666666666,1.0,0.8,2
5,node_4,mesh,pair,Apple___Apple_scab,0.0,0.0,0.0,0
5,node_4,mesh,pair,Apple___Cedar_apple_rust,0.0,0.0,0.0,0
5,node_4,mesh,pair,Apple___healthy,0.8888888888888888,0.7272727272727273,0.8,11
5,node_4,mesh,pair,Corn___Cercospora_leaf_spot Gray_leaf_spot,0.6363636363636364,0.5833333333333334,0.6086956521739131,12
5,node_4,mesh,pair,Corn___Common_rust,0.0,0.0,0.0,0
5,node_4,mesh,pair,Corn___Northern_Leaf_Blight,0.5625,0.6923076923076923,0.6206896551724138,13
5,node_4,mesh,pair,Grape___Black_rot,0.0,0.0,0.0,1
5,node_4,mesh,pair,Grape___healthy,1.0,1.0,1.0,1
5,node_4,mesh,pair,"Pepper,_bell___Bacterial_spot",1.0,0.5,0.6666666666666666,8
5,node_4,mesh,pair,"Pepper,_bell___healthy",0.0,0.0,0.0,0
5,node_4,mesh,pair,Potato___Early_blight,1.0,1.0,1.0,1
5,node_4,mesh,pair,Potato___Late_blight,1.0,0.6363636363636364,0.7777777777777778,11
5,node_4,mesh,pair,Tomato___Bacterial_spot,0.1,0.25,0.14285714285714285,4
5,node_4,mesh,pair,Tomato___Early_blight,0.0,0.0,0.0,1
5,node_4,mesh,pair,Tomato___Late_blight,0.0,0.0,0.0,2
5,node_4,mesh,pair,Tomato___Leaf_Mold,0.0,0.0,0.0,1
5,node_4,mesh,pair,Tomato___Septoria_leaf_spot,0.7142857142857143,0.38461538461538464,0.5,13
5,node_4,mesh,pair,Tomato___Tomato_Yellow_Leaf_Curl_Virus,0.4,1.0,0.5714285714285714,2
5,node_4,mesh,pair,Tomato___Tomato_mosaic_virus,0.6666666666666666,1.0,0.8,2
5,node_4,mesh,pair,Tomato___healthy,0.0,0.0,0.0,0
5,node_4,mesh,pair,invalid_combo,0.0,0.0,0.0,0
5,node_5,mesh,crop,Apple,0.5,0.25,0.3333333333333333,4
5,node_5,mesh,crop,Corn,0.6666666666666666,0.8,0.7272727272727273,5
5,node_5,mesh,crop,Grape,1.0,0.16666666666666666,0.2857142857142857,6
5,node_5,mesh,crop,"Pepper,_bell",1.0,0.25,0.4,4
5,node_5,mesh,crop,Potato,0.8,0.5714285714285714,0.6666666666666666,7
5,node_5,mesh,crop,Tomato,0.7272727272727273,0.9696969696969697,0.8311688311688312,33
5,node_5,mesh,disease,Apple_scab,1.0,0.5,0.6666666666666666,2
5,node_5,mesh,disease,Cedar_apple_rust,0.0,0.0,0.0,1
5,node_5,mesh,disease,healthy,0.8571428571428571,0.782608695652174,0.8181818181818182,23
5,node_5,mesh,disease,Cercospora_leaf_spot Gray_leaf_spot,0.0,0.0,0.0,1
5,node_5,mesh,disease,Common_rust,0.0,0.0,0.0,0
5,node_5,mesh,disease,Northern_Leaf_Blight,0.6,0.75,0.6666666666666666,4
5,node_5,mesh,disease,Black_rot,0.0,0.0,0.0,1
5,node_5,mesh,disease,Bacterial_spot,1.0,0.3333333333333333,0.5,3
5,node_5,mesh,disease,Early_blight,0.7142857142857143,0.7142857142857143,0.7142857142857143,7
5,node_5,mesh,disease,Late_blight,0.5,0.7142857142857143,0.5882352941176471,7
5,node_5,mesh,disease,Leaf_Mold,0.0,0.0,0.0,3
5,node_5,mesh,disease,Septoria_leaf_spot,0.42857142857142855,0.75,0.5454545454545454,4
5,node_5,mesh,disease,Tomato_Yellow_Leaf_Curl_Virus,0.0,0.0,0.0,1
5,node_5,mesh,disease,Tomato_mosaic_virus,0.5,0.5,0.5,2
5,node_5,mesh,pair,Apple___Apple_scab,1.0,0.5,0.6666666666666666,2
5,node_5,mesh,pair,Apple___Cedar_apple_rust,0.0,0.0,0.0,1
5,node_5,mesh,pair,Apple___healthy,0.0,0.0,0.0,1
5,node_5,mesh,pair,Corn___Cercospora_leaf_spot Gray_leaf_spot,0.0,0.0,0.0,1
5,node_5,mesh,pair,Corn___Common_rust,0.0,0.0,0.0,0
5,node_5,mesh,pair,Corn___Northern_Leaf_Blight,0.6,0.75,0.6666666666666666,4
5,node_5,mesh,pair,Grape___Black_rot,0.0,0.0,0.0,1
5,node_5,mesh,pair,Grape___healthy,1.0,0.2,0.3333333333333333,5
5,node_5,mesh,pair,"Pepper,_bell___Bacterial_spot",0.0,0.0,0.0,2
5,node_5,mesh,pair,"Pepper,_bell___healthy",0.0,0.0,0.0,2
5,node_5,mesh,pair,Potato___Early_blight,1.0,0.5,0.6666666666666666,4
5,node_5,mesh,pair,Potato___Late_blight,0.6666666666666666,0.6666666666666666,0.6666666666666666,3
5,node_5,mesh,pair,Tomato___Bacterial_spot,0.0,0.0,0.0,1
5,node_5,mesh,pair,Tomato___Early_blight,0.2,0.3333333333333333,0.25,3
5,node_5,mesh,pair,Tomato___Late_blight,0.16666666666666666,0.25,0.2,4
5,node_5,mesh,pair,Tomato___Leaf_Mold,0.0,0.0,0.0,3
5,node_5,mesh,pair,Tomato___Septoria_leaf_spot,0.42857142857142855,0.75,0.5454545454545454,4
5,node_5,mesh,pair,Tomato___Tomato_Yellow_Leaf_Curl_Virus,0.0,0.0,0.0,1
5,node_5,mesh,pair,Tomato___Tomato_mosaic_virus,0.5,0.5,0.5,2
5,node_5,mesh,pair,Tomato___healthy,0.6842105263157895,0.8666666666666667,0.7647058823529411,15
5,node_5,mesh,pair,invalid_combo,0.0,0.0,0.0,0
5,node_0,baseline,crop,Apple,1.0,0.36363636363636365,0.5333333333333333,11
5,node_0,baseline,crop,Corn,0.9,0.75,0.8181818181818182,12
5,node_0,baseline,crop,Grape,1.0,1.0,1.0,3
5,node_0,baseline,crop,"Pepper,_bell",0.0,0.0,0.0,0
5,node_0,baseline,crop,Potato,0.0,0.0,0.0,3
5,node_0,baseline,crop,Tomato,0.8,1.0,0.8888888888888888,48
5,node_0,baseline,disease,Apple_scab,1.0,0.4,0.5714285714285714,10
5,node_0,baseline,disease,Cedar_apple_rust,0.0,0.0,0.0,1
5,node_0,baseline,disease,healthy,1.0,1.0,1.0,3
5,node_0,baseline,disease,Cercospora_leaf_spot Gray_leaf_spot,0.5,1.0,0.6666666666666666,3
5,node_0,baseline,disease,Common_rust,0.0,0.0,0.0,0
5,node_0,baseline,disease,Northern_Leaf_Blight,0.75,0.3333333333333333,0.46153846153846156,9
5,node_0,baseline,disease,Black_rot,0.0,0.0,0.0,0
5,node_0,baseline,disease,Bacterial_spot,0.3333333333333333,0.08333333333333333,0.13333333333333333,12
5,node_0,baseline,disease,Early_blight,0.0,0.0,0.0,6
5,node_0,baseline,disease,Late_blight,0.0,0.0,0.0,2
5,node_0,baseline,disease,Leaf_Mold,0.5263157894736842,0.7142857142857143,0.6060606060606061,14
5,node_0,baseline,disease,Septoria_leaf_spot,0.4444444444444444,0.9411764705882353,0.6037735849056604,17
5,node_0,baseline,disease,Tomato_Yellow_Leaf_Curl_Virus,0.0,0.0,0.0,0
5,node_0,baseline,disease,Tomato_mosaic_virus,0.0,0.0,0.0,0
5,node_0,baseline,pair,Apple___Apple_scab,1.0,0.4,0.5714285714285714,10
5,node_0,baseline,pair,Apple___Cedar_apple_rust,0.0,0.0,0.0,1
5,node_0,baseline,pair,Apple___healthy,0.0,0.0,0.0,0
5,node_0,baseline,pair,Corn___Cercospora_leaf_spot Gray_leaf_spot,0.5,1.0,0.6666666666666666,3
5,node_0,baseline,pair,Corn___Common_rust,0.0,0.0,0.0,0
5,node_0,baseline,pair,Corn___Northern_Leaf_Blight,0.75,0.3333333333333333,0.46153846153846156,9
5,node_0,baseline,pair,Grape___Black_rot,0.0,0.0,0.0,0
5,node_0,baseline,pair,Grape___healthy,1.0,1.0,1.0,3
5,node_0,baseline,pair,"Pepper,_bell___Bacterial_spot",0.0,0.0,0.0,0
5,node_0,baseline,pair,"Pepper,_bell___healthy",0.0,0.0,0.0,0
5,node_0,baseline,pair,Potato___Early_blight,0.0,0.0,0.0,1
5,node_0,baseline,pair,Potato___Late_blight,0.0,0.0,0.0,2
5,node_0,baseline,pair,Tomato___Bacterial_spot,0.3333333333333333,0.08333333333333333,0.13333333333333333,12
5,node_0,baseline,pair,Tomato___Early_blight,0.0,0.0,0.0,5
5,node_0,baseline,pair,Tomato___Late_blight,0.0,0.0,0.0,0
5,node_0,baseline,pair,Tomato___Leaf_Mold,0.5263157894736842,0.7142857142857143,0.6060606060606061,14
5,node_0,baseline,pair,Tomato___Septoria_leaf_spot,0.4444444444444444,0.9411764705882353,0.6037735849056604,17
5,node_0,baseline,pair,Tomato___Tomato_Yellow_Leaf_Curl_Virus,0.0,0.0,0.0,0
5,node_0,baseline,pair,Tomato___Tomato_mosaic_virus,0.0,0.0,0.0,0
5,node_0,baseline,pair,Tomato___healthy,0.0,0.0,0.0,0
5,node_0,baseline,pair,invalid_combo,0.0,0.0,0.0,0
5,node_1,baseline,crop,Apple,0.7222222222222222,1.0,0.8387096774193549,13
5,node_1,baseline,crop,Corn,0.5925925925925926,0.9411764705882353,0.7272727272727273,17
5,node_1,baseline,crop,Grape,1.0,0.5,0.6666666666666666,14
5,node_1,baseline,crop,"Pepper,_bell",0.0,0.0,0.0,3
5,node_1,baseline,crop,Potato,0.2857142857142857,0.3333333333333333,0.3076923076923077,6
5,node_1,baseline,crop,Tomato,0.42857142857142855,0.2,0.2727272727272727,15
5,node_1,baseline,disease,Apple_scab,0.0,0.0,0.0,0
5,node_1,baseline,disease,Cedar_apple_rust,0.7222222222222222,1.0,0.8387096774193549,13
5,node_1,baseline,disease,healthy,0.0,0.0,0.0,1
5,node_1,baseline,disease,Cercospora_leaf_spot Gray_leaf_spot,0.125,0.5,0.2,2
5,node_1,baseline,disease,Common_rust,0.0,0.0,0.0,0
5,node_1,baseline,disease,Northern_Leaf_Blight,0.4444444444444444,0.5333333333333333,0.48484848484848486,15
5,node_1,baseline,disease,Black_rot,1.0,0.5714285714285714,0.7272727272727273,14
5,node_1,baseline,disease,Bacterial_spot,0.2,0.16666666666666666,0.18181818181818182,6
5,node_1,baseline,disease,Early_blight,0.5,0.25,0.3333333333333333,4
5,node_1,baseline,disease,Late_blight,0.375,0.3,0.3333333333333333,10
5,node_1,baseline,disease,Leaf_Mold,0.0,0.0,0.0,1
5,node_1,baseline,disease,Septoria_leaf_spot,0.0,0.0,0.0,0
5,node_1,baseline,disease,Tomato_Yellow_Leaf_Curl_Virus,0.0,0.0,0.0,0
5,node_1,baseline,disease,Tomato_mosaic_virus,1.0,0.5,0.6666666666666666,2
5,node_1,baseline,pair,Apple___Apple_scab,0.0,0.0,0.0,0
5,node_1,baseline,pair,Apple___Cedar_apple_rust,0.7647058823529411,1.0,0.8666666666666667,13
5,node_1,baseline,pair,Apple___healthy,0.0,0.0,0.0,0
5,node_1,baseline,pair,Corn___Cercospora_leaf_spot Gray_leaf_spot,0.125,0.5,0.2,2
5,node_1,baseline,pair,Corn___Common_rust,0.0,0.0,0.0,0
5,node_1,baseline,pair,Corn___Northern_Leaf_Blight,0.4444444444444444,0.5333333333333333,0.48484848484848486,15
5,node_1,baseline,pair,Grape___Black_rot,1.0,0.5,0.6666666666666666,14
5,node_1,baseline,pair,Grape___healthy,0.0,0.0,0.0,0
5,node_1,baseline,pair,"Pepper,_bell___Bacterial_spot",0.0,0.0,0.0,3
5,node_1,baseline,pair,"Pepper,_bell___healthy",0.0,0.0,0.0,0
5,node_1,baseline,pair,Potato___Early_blight,0.0,0.0,0.0,0
5,node_1,baseline,pair,Potato___Late_blight,0.4,0.3333333333333333,0.36363636363636365,6
5,node_1,baseline,pair,Tomato___Bacterial_spot,0.0,0.0,0.0,3
5,node_1,baseline,pair,Tomato___Early_blight,0.5,0.25,0.3333333333333333,4
5,node_1,baseline,pair,Tomato___Late_blight,0.0,0.0,0.0,4
5,node_1,baseline,pair,Tomato___Leaf_Mold,0.0,0.0,0.0,1
5,node_1,baseline,pair,Tomato___Septoria_leaf_spot,0.0,0.0,0.0,0
5,node_1,baseline,pair,Tomato___Tomato_Yellow_Leaf_Curl_Virus,0.0,0.0,0.0,0
5,node_1,baseline,pair,Tomato___Tomato_mosaic_virus,1.0,0.5,0.6666666666666666,2
5,node_1,baseline,pair,Tomato___healthy,0.0,0.0,0.0,1
5,node_1,baseline,pair,invalid_combo,0.0,0.0,0.0,0
5,node_2,baseline,crop,Apple,0.16666666666666666,0.25,0.2,4
5,node_2,baseline,crop,Corn,0.3,1.0,0.46153846153846156,12
5,node_2,baseline,crop,Grape,0.0,0.0,0.0,3
5,node_2,baseline,crop,"Pepper,_bell",0.5714285714285714,0.6153846153846154,0.5925925925925926,13
5,node_2,baseline,crop,Potato,0.7272727272727273,0.4,0.5161290322580645,20
5,node_2,baseline,crop,Tomato,0.9230769230769231,0.5333333333333333,0.676056338028169,45
5,node_2,baseline,disease,Apple_scab,0.2,0.5,0.2857142857142857,2
5,node_2,baseline,disease,Cedar_apple_rust,0.0,0.0,0.0,2
5,node_2,baseline,disease,healthy,0.6,0.6923076923076923,0.6428571428571429,13
5,node_2,baseline,disease,Cercospora_leaf_spot Gray_leaf_spot,0.0,0.0,0.0,0
5,node_2,baseline,disease,Common_rust,0.0,0.0,0.0,0
5,node_2,baseline,disease,Northern_Leaf_Blight,0.3,1.0,0.46153846153846156,12
5,node_2,baseline,disease,Black_rot,0.0,0.0,0.0,1
5,node_2,baseline,disease,Bacterial_spot,0.0,0.0,0.0,3
5,node_2,baseline,disease,Early_blight,0.6666666666666666,0.2,0.3076923076923077,20
5,node_2,baseline,disease,Late_blight,0.5454545454545454,0.48,0.5106382978723404,25
5,node_2,baseline,disease,Leaf_Mold,1.0,0.4,0.5714285714285714,5
5,node_2,baseline,disease,Septoria_leaf_spot,0.0,0.0,0.0,1
5,node_2,baseline,disease,Tomato_Yellow_Leaf_Curl_Virus,1.0,0.38461538461538464,0.5555555555555556,13
5,node_2,baseline,disease,Tomato_mosaic_virus,0.0,0.0,0.0,0
5,node_2,baseline,pair,Apple___Apple_scab,0.2,0.5,0.2857142857142857,2
5,node_2,baseline,pair,Apple___Cedar_apple_rust,0.0,0.0,0.0,2
5,node_2,baseline,pair,Apple___healthy,0.0,0.0,0.0,0
5,node_2,baseline,pair,Corn___Cercospora_leaf_spot Gray_leaf_spot,0.0,0.0,0.0,0
5,node_2,baseline,pair,Corn___Common_rust,0.0,0.0,0.0,0
5,node_2,baseline,pair,Corn___Northern_Leaf_Blight,0.3,1.0,0.46153846153846156,12
5,node_2,baseline,pair,Grape___Black_rot,0.0,0.0,0.0,1
5,node_2,baseline,pair,Grape___healthy,0.0,0.0,0.0,2
5,node_2,baseline,pair,"Pepper,_bell___Bacterial_spot",0.0,0.0,0.0,3
5,node_2,baseline,pair,"Pepper,_bell___healthy",0.6666666666666666,0.8,0.7272727272727273,10
5,node_2,baseline,pair,Potato___Early_blight,0.5,0.14285714285714285,0.2222222222222222,14
5,node_2,baseline,pair,Potato___Late_blight,0.3333333333333333,0.3333333333333333,0.3333333333333333,6
5,node_2,baseline,pair,Tomato___Bacterial_spot,0.0,0.0,0.0,0
5,node_2,baseline,pair,Tomato___Early_blight,0.0,0.0,0.0,6
5,node_2,baseline,pair,Tomato___Late_blight,0.625,0.5263157894736842,0.5714285714285714,19
5,node_2,baseline,pair,Tomato___Leaf_Mold,1.0,0.4,0.5714285714285714,5
5,node_2,baseline,pair,Tomato___Septoria_leaf_spot,0.0,0.0,0.0,1
5,node_2,baseline,pair,Tomato___Tomato_Yellow_Leaf_Curl_Virus,1.0,0.3076923076923077,0.47058823529411764,13
5,node_2,baseline,pair,Tomato___Tomato_mosaic_virus,0.0,0.0,0.0,0
5,node_2,baseline,pair,Tomato___healthy,0.0,0.0,0.0,1
5,node_2,baseline,pair,invalid_combo,0.0,0.0,0.0,0
5,node_3,baseline,crop,Apple,0.5918367346938775,0.9666666666666667,0.7341772151898734,30
5,node_3,baseline,crop,Corn,0.0,0.0,0.0,1
5,node_3,baseline,crop,Grape,0.6153846153846154,1.0,0.7619047619047619,8
5,node_3,baseline,crop,"Pepper,_bell",1.0,0.6,0.75,5
5,node_3,baseline,crop,Potato,0.8571428571428571,0.5,0.631578947368421,12
5,node_3,baseline,crop,Tomato,0.8888888888888888,0.47058823529411764,0.6153846153846154,34
5,node_3,baseline,disease,Apple_scab,0.3333333333333333,0.8181818181818182,0.47368421052631576,11
5,node_3,baseline,disease,Cedar_apple_rust,0.8,0.6666666666666666,0.7272727272727273,6
5,node_3,baseline,disease,healthy,0.6388888888888888,0.9583333333333334,0.7666666666666667,24
5,node_3,baseline,disease,Cercospora_leaf_spot Gray_leaf_spot,0.0,0.0,0.0,0
5,node_3,baseline,disease,Common_rust,0.0,0.0,0.0,0
5,node_3,baseline,disease,Northern_Leaf_Blight,0.0,0.0,0.0,1
5,node_3,baseline,disease,Black_rot,0.0,0.0,0.0,0
5,node_3,baseline,disease,Bacterial_spot,0.0,0.0,0.0,12
5,node_3,baseline,disease,Early_blight,0.4444444444444444,0.26666666666666666,0.3333333333333333,15
5,node_3,baseline,disease,Late_blight,0.0,0.0,0.0,2
5,node_3,baseline,disease,Leaf_Mold,0.0,0.0,0.0,1
5,node_3,baseline,disease,Septoria_leaf_spot,0.5,0.5,0.5,6
5,node_3,baseline,disease,Tomato_Yellow_Leaf_Curl_Virus,0.75,0.75,0.75,4
5,node_3,baseline,disease,Tomato_mosaic_virus,1.0,0.375,0.5454545454545454,8
5,node_3,baseline,pair,Apple___Apple_scab,0.391304347826087,0.8181818181818182,0.5294117647058824,11
5,node_3,baseline,pair,Apple___Cedar_apple_rust,0.8,0.6666666666666666,0.7272727272727273,6
5,node_3,baseline,pair,Apple___healthy,0.55,0.8461538461538461,0.6666666666666666,13
5,node_3,baseline,pair,Corn___Cercospora_leaf_spot Gray_leaf_spot,0.0,0.0,0.0,0
5,node_3,baseline,pair,Corn___Common_rust,0.0,0.0,0.0,0
5,node_3,baseline,pair,Corn___Northern_Leaf_Blight,0.0,0.0,0.0,1
5,node_3,baseline,pair,Grape___Black_rot,0.0,0.0,0.0,0
5,node_3,baseline,pair,Grape___healthy,0.6153846153846154,1.0,0.7619047619047619,8
5,node_3,baseline,pair,"Pepper,_bell___Bacterial_spot",0.0,0.0,0.0,2
5,node_3,baseline,pair,"Pepper,_bell___healthy",0.6666666666666666,0.6666666666666666,0.6666666666666666,3
5,node_3,baseline,pair,Potato___Early_blight,0.75,0.2727272727272727,0.4,11
5,node_3,baseline,pair,Potato___Late_blight,0.0,0.0,0.0,1
5,node_3,baseline,pair,Tomato___Bacterial_spot,0.0,0.0,0.0,10
5,node_3,baseline,pair,Tomato___Early_blight,0.25,0.25,0.25,4
5,node_3,baseline,pair,Tomato___Late_blight,0.0,0.0,0.0,1
5,node_3,baseline,pair,Tomato___Leaf_Mold,0.0,0.0,0.0,1
5,node_3,baseline,pair,Tomato___Septoria_leaf_spot,0.5,0.5,0.5,6
5,node_3,baseline,pair,Tomato___Tomato_Yellow_Leaf_Curl_Virus,0.75,0.75,0.75,4
5,node_3,baseline,pair,Tomato___Tomato_mosaic_virus,1.0,0.375,0.5454545454545454,8
5,node_3,baseline,pair,Tomato___healthy,0.0,0.0,0.0,0
5,node_3,baseline,pair,invalid_combo,0.0,0.0,0.0,0
5,node_4,baseline,crop,Apple,0.5,0.6363636363636364,0.56,11
5,node_4,baseline,crop,Corn,0.8571428571428571,0.72,0.782608695652174,25
5,node_4,baseline,crop,Grape,0.0,0.0,0.0,2
5,node_4,baseline,crop,"Pepper,_bell",1.0,0.25,0.4,8
5,node_4,baseline,crop,Potato,0.6153846153846154,0.6666666666666666,0.64,12
5,node_4,baseline,crop,Tomato,0.6060606060606061,0.8,0.6896551724137931,25
5,node_4,baseline,disease,Apple_scab,0.0,0.0,0.0,0
5,node_4,baseline,disease,Cedar_apple_rust,0.0,0.0,0.0,0
5,node_4,baseline,disease,healthy,0.5714285714285714,0.6666666666666666,0.6153846153846154,12
5,node_4,baseline,disease,Cercospora_leaf_spot Gray_leaf_spot,0.6666666666666666,0.5,0.5714285714285714,12
5,node_4,baseline,disease,Common_rust,0.0,0.0,0.0,0
5,node_4,baseline,disease,Northern_Leaf_Blight,0.5555555555555556,0.38461538461538464,0.45454545454545453,13
5,node_4,baseline,disease,Black_rot,0.0,0.0,0.0,1
5,node_4,baseline,disease,Bacterial_spot,0.5,0.08333333333333333,0.14285714285714285,12
5,node_4,baseline,disease,Early_blight,0.0,0.0,0.0,2
5,node_4,baseline,disease,Late_blight,0.5263157894736842,0.7692307692307693,0.625,13
5,node_4,baseline,disease,Leaf_Mold,0.0,0.0,0.0,1
5,node_4,baseline,disease,Septoria_leaf_spot,0.34615384615384615,0.6923076923076923,0.46153846153846156,13
5,node_4,baseline,disease,Tomato_Yellow_Leaf_Curl_Virus,0.5,0.5,0.5,2
5,node_4,baseline,disease,Tomato_mosaic_virus,1.0,1.0,1.0,2
5,node_4,baseline,pair,Apple___Apple_scab,0.0,0.0,0.0,0
5,node_4,baseline,pair,Apple___Cedar_apple_rust,0.0,0.0,0.0,0
5,node_4,baseline,pair,Apple___healthy,0.5,0.6363636363636364,0.56,11
5,node_4,baseline,pair,Corn___Cercospora_leaf_spot Gray_leaf_spot,0.6666666666666666,0.5,0.5714285714285714,12
5,node_4,baseline,pair,Corn___Common_rust,0.0,0.0,0.0,0
5,node_4,baseline,pair,Corn___Northern_Leaf_Blight,0.5555555555555556,0.38461538461538464,0.45454545454545453,13
5,node_4,baseline,pair,Grape___Black_rot,0.0,0.0,0.0,1
5,node_4,baseline,pair,Grape___healthy,0.0,0.0,0.0,1
5,node_4,baseline,pair,"Pepper,_bell___Bacterial_spot",1.0,0.125,0.2222222222222222,8
5,node_4,baseline,pair,"Pepper,_bell___healthy",0.0,0.0,0.0,0
5,node_4,baseline,pair,Potato___Early_blight,0.0,0.0,0.0,1
5,node_4,baseline,pair,Potato___Late_blight,0.5833333333333334,0.6363636363636364,0.6086956521739131,11
5,node_4,baseline,pair,Tomato___Bacterial_spot,0.0,0.0,0.0,4
5,node_4,baseline,pair,Tomato___Early_blight,0.0,0.0,0.0,1
5,node_4,baseline,pair,Tomato___Late_blight,0.25,0.5,0.3333333333333333,2
5,node_4,baseline,pair,Tomato___Leaf_Mold,0.0,0.0,0.0,1
5,node_4,baseline,pair,Tomato___Septoria_leaf_spot,0.375,0.6923076923076923,0.4864864864864865,13
5,node_4,baseline,pair,Tomato___Tomato_Yellow_Leaf_Curl_Virus,0.5,0.5,0.5,2
5,node_4,baseline,pair,Tomato___Tomato_mosaic_virus,1.0,1.0,1.0,2
5,node_4,baseline,pair,Tomato___healthy,0.0,0.0,0.0,0
5,node_4,baseline,pair,invalid_combo,0.0,0.0,0.0,0
5,node_5,baseline,crop,Apple,0.0,0.0,0.0,4
5,node_5,baseline,crop,Corn,0.7142857142857143,1.0,0.8333333333333334,5
5,node_5,baseline,crop,Grape,0.5,0.16666666666666666,0.25,6
5,node_5,baseline,crop,"Pepper,_bell",0.75,0.75,0.75,4
5,node_5,baseline,crop,Potato,0.6666666666666666,0.5714285714285714,0.6153846153846154,7
5,node_5,baseline,crop,Tomato,0.775,0.9393939393939394,0.8493150684931506,33
5,node_5,baseline,disease,Apple_scab,0.0,0.0,0.0,2
5,node_5,baseline,disease,Cedar_apple_rust,0.0,0.0,0.0,1
5,node_5,baseline,disease,healthy,0.6129032258064516,0.8260869565217391,0.7037037037037037,23
5,node_5,baseline,disease,Cercospora_leaf_spot Gray_leaf_spot,0.0,0.0,0.0,1
5,node_5,baseline,disease,Common_rust,0.0,0.0,0.0,0
5,node_5,baseline,disease,Northern_Leaf_Blight,0.6,0.75,0.6666666666666666,4
5,node_5,baseline,disease,Black_rot,0.0,0.0,0.0,1
5,node_5,baseline,disease,Bacterial_spot,0.6666666666666666,0.6666666666666666,0.6666666666666666,3
5,node_5,baseline,disease,Early_blight,0.5,0.14285714285714285,0.2222222222222222,7
5,node_5,baseline,disease,Late_blight,0.6666666666666666,0.5714285714285714,0.6153846153846154,7
5,node_5,baseline,disease,Leaf_Mold,0.0,0.0,0.0,3
5,node_5,baseline,disease,Septoria_leaf_spot,0.375,0.75,0.5,4
5,node_5,baseline,disease,Tomato_Yellow_Leaf_Curl_Virus,0.0,0.0,0.0,1
5,node_5,baseline,disease,Tomato_mosaic_virus,0.5,0.5,0.5,2
5,node_5,baseline,pair,Apple___Apple_scab,0.0,0.0,0.0,2
5,node_5,baseline,pair,Apple___Cedar_apple_rust,0.0,0.0,0.0,1
5,node_5,baseline,pair,Apple___healthy,0.0,0.0,0.0,1
5,node_5,baseline,pair,Corn___Cercospora_leaf_spot Gray_leaf_spot,0.0,0.0,0.0,1
5,node_5,baseline,pair,Corn___Common_rust,0.0,0.0,0.0,0
5,node_5,baseline,pair,Corn___Northern_Leaf_Blight,0.6,0.75,0.6666666666666666,4
5,node_5,baseline,pair,Grape___Black_rot,0.0,0.0,0.0,1
5,node_5,baseline,pair,Grape___healthy,0.5,0.2,0.2857142857142857,5
5,node_5,baseline,pair,"Pepper,_bell___Bacterial_spot",0.6666666666666666,1.0,0.8,2
5,node_5,baseline,pair,"Pepper,_bell___healthy",1.0,0.5,0.6666666666666666,2
5,node_5,baseline,pair,Potato___Early_blight,0.0,0.0,0.0,4
5,node_5,baseline,pair,Potato___Late_blight,0.3333333333333333,0.3333333333333333,0.3333333333333333,3
5,node_5,baseline,pair,Tomato___Bacterial_spot,0.0,0.0,0.0,1
5,node_5,baseline,pair,Tomato___Early_blight,0.5,0.3333333333333333,0.4,3
5,node_5,baseline,pair,Tomato___Late_blight,0.3333333333333333,0.25,0.2857142857142857,4
5,node_5,baseline,pair,Tomato___Leaf_Mold,0.0,0.0,0.0,3
5,node_5,baseline,pair,Tomato___Septoria_leaf_spot,0.375,0.75,0.5,4
5,node_5,baseline,pair,Tomato___Tomato_Yellow_Leaf_Curl_Virus,0.0,0.0,0.0,1
5,node_5,baseline,pair,Tomato___Tomato_mosaic_virus,0.5,0.5,0.5,2
5,node_5,baseline,pair,Tomato___healthy,0.4583333333333333,0.7333333333333333,0.5641025641025641,15
5,node_5,baseline,pair,invalid_combo,0.0,0.0,0.0,0
