timestamp,project_name,run_id,experiment_id,duration,emissions,emissions_rate,cpu_power,gpu_power,ram_power,cpu_energy,gpu_energy,ram_energy,energy_consumed,water_consumed,country_name,country_iso_code,region,cloud_provider,cloud_region,os,python_version,codecarbon_version,cpu_count,cpu_model,gpu_count,gpu_model,longitude,latitude,ram_total_size,tracking_mode,cpu_utilization_percent,gpu_utilization_percent,ram_utilization_percent,ram_used_gb,on_cloud,pue,wue
2026-09-26T20:12:00,mobilenet_v3_small_batch0_node_0_local_train,26531458-041e-4dd8-bc95-82f2d3488080,5b0fa12a-3dd7-45bb-9766-cc326314d9f1,63.322794613894075,0.0010790546717563167,1.7040540903726224e-05,115.51599778968004,129.48276542329245,6.0,0.0019336410125622794,0.002507694783929537,0.00010035035798636577,0.004541686154478182,0.0,United Kingdom,GBR,england,,,Linux-6.4.0-150600.23.73_15.0.14-cray_shasta_c_64k-aarch64-with-glibc2.38,3.11.7,3.3.0,72,Neoverse-V2,1,1 x NVIDIA GH200 120GB,-2.5917,51.4535,64,machine,3.6300000000000003,3.533333333333333,25.31666666666664,216.81743774414062,N,1.0,0.0
2026-09-26T20:13:49,mobilenet_v3_small_batch0_node_0_evaluate,2054fa74-37f8-439a-a161-1ab0992bcc8d,5b0fa12a-3dd7-45bb-9766-cc326314d9f1,11.772896306123585,0.0001520619453326574,1.2916273224420017e-05,115.33530551040002,142.83570242830285,6.0,0.00027908392059741976,0.0003481136118352879,1.2823450578531872e-05,0.0006400209830112395,0.0,United Kingdom,GBR,england,,,Linux-6.4.0-150600.23.73_15.0.14-cray_shasta_c_64k-aarch64-with-glibc2.38,3.11.7,3.3.0,72,Neoverse-V2,1,1 x NVIDIA GH200 120GB,-2.5917,51.4535,64,machine,0.0,0.5,25.300000000000004,216.6654815673828,N,1.0,0.0
2026-09-26T20:15:09,mobilenet_v3_small_batch0_node_1_local_train,ce9267c7-ed71-4f5f-8ba3-c34802f56808,5b0fa12a-3dd7-45bb-9766-cc326314d9f1,77.42255707108416,0.001333517029294596,1.722388254459551e-05,115.48436760288001,125.18103770391637,6.0,0.0023868942125439717,0.003101906925962794,0.000123904118447875,0.005612705256954641,0.0,United Kingdom,GBR,england,,,Linux-6.4.0-150600.23.73_15.0.14-cray_shasta_c_64k-aarch64-with-glibc2.38,3.11.7,3.3.0,72,Neoverse-V2,1,1 x NVIDIA GH200 120GB,-2.5917,51.4535,64,machine,2.924324324324324,3.918918918918919,25.29999999999997,216.6418168351457,N,1.0,0.0
2026-09-26T20:15:20,mobilenet_v3_small_batch0_node_1_evaluate,0ec5af36-2d99-4de5-80de-a4ab24408fd9,5b0fa12a-3dd7-45bb-9766-cc326314d9f1,8.737380773993209,9.934247414823729e-05,1.136982314470372e-05,115.40120486400001,72.43372103543908,6.0,0.0001819462247725167,0.00022675990362586163,9.421285531716421e-06,0.00041812741393009475,0.0,United Kingdom,GBR,england,,,Linux-6.4.0-150600.23.73_15.0.14-cray_shasta_c_64k-aarch64-with-glibc2.38,3.11.7,3.3.0,72,Neoverse-V2,1,1 x NVIDIA GH200 120GB,-2.5917,51.4535,64,machine,0.0,0.8,25.3,216.74354248046876,N,1.0,0.0
2026-09-26T20:16:23,mobilenet_v3_small_batch0_node_2_local_train,7adbd455-538b-4dea-828c-86ad6a67561e,5b0fa12a-3dd7-45bb-9766-cc326314d9f1,61.596107450081035,0.0010493127966036439,1.703537512421596e-05,115.51277735020801,148.32676783492641,6.0,0.0018795716065487347,0.0024410758417445777,9.585666849510744e-05,0.00441650411678842,0.0,United Kingdom,GBR,england,,,Linux-6.4.0-150600.23.73_15.0.14-cray_shasta_c_64k-aarch64-with-glibc2.38,3.11.7,3.3.0,72,Neoverse-V2,1,1 x NVIDIA GH200 120GB,-2.5917,51.4535,64,machine,2.4068965517241376,3.2758620689655173,25.299999999999976,216.66957460600753,N,1.0,0.0
2026-09-26T20:16:45,mobilenet_v3_small_batch0_node_2_evaluate,ed04cdc1-d96a-4466-a76e-e544f4023aea,5b0fa12a-3dd7-45bb-9766-cc326314d9f1,18.783689161995426,0.0002699076101808882,1.436925450869287e-05,115.65076724352001,142.78897648250734,6.0,0.0005043344807784934,0.0006238424435025536,7.850459902935351e-06,0.0011360273841839823,0.0,United Kingdom,GBR,england,,,Linux-6.4.0-150600.23.73_15.0.14-cray_shasta_c_64k-aarch64-with-glibc2.38,3.11.7,3.3.0,72,Neoverse-V2,1,1 x NVIDIA GH200 120GB,-2.5917,51.4535,64,machine,2.3600000000000003,0.26666666666666666,25.300000000000008,216.73889567057293,N,1.0,0.0
2026-09-26T20:47:03,mobilenet_v3_small_batch0_node_3_local_train,4b5a0646-7935-47b9-a69e-07994f16b376,5b0fa12a-3dd7-45bb-9766-cc326314d9f1,1143.9643841811921,0.01990992395796589,1.7404321527209684e-05,115.22333249245987,140.7493703675499,6.0,0.03661220184867245,0.045233372853331844,0.001954281175018211,0.08379985587702247,0.0,United Kingdom,GBR,england,,,Linux-6.4.0-150600.23.73_15.0.14-cray_shasta_c_64k-aarch64-with-glibc2.38,3.11.7,3.3.0,72,Neoverse-V2,1,1 x NVIDIA GH200 120GB,-2.5917,51.4535,64,machine,1.286614173228346,0.19335083114610674,25.262992125984113,216.3357270007997,N,1.0,0.0
2026-09-26T20:47:33,mobilenet_v3_small_batch0_node_3_evaluate,5016fbcf-d8f6-4be4-b2f9-cb284702effc,5b0fa12a-3dd7-45bb-9766-cc326314d9f1,14.655567462090403,0.00020007649676717323,1.365191059880224e-05,115.48074914742857,143.56372750098245,6.0,0.0003719188633903987,0.00046151564698959646,8.677274118332813e-06,0.0008421117844983279,0.0,United Kingdom,GBR,england,,,Linux-6.4.0-150600.23.73_15.0.14-cray_shasta_c_64k-aarch64-with-glibc2.38,3.11.7,3.3.0,72,Neoverse-V2,1,1 x NVIDIA GH200 120GB,-2.5917,51.4535,64,machine,1.009090909090909,0.45454545454545453,25.209090909090904,216.24016224254262,N,1.0,0.0
2026-09-26T20:48:59,mobilenet_v3_small_batch0_node_4_local_train,ab47c5d4-0dc6-41ed-88f9-2a5302541cd4,5b0fa12a-3dd7-45bb-9766-cc326314d9f1,66.29728315910324,0.0011317896531815213,1.7071433386876516e-05,115.49436202224001,148.76634808183994,6.0,0.002029727007610619,0.002630245715309343,0.00010367228245285029,0.004763645005372813,0.0,United Kingdom,GBR,england,,,Linux-6.4.0-150600.23.73_15.0.14-cray_shasta_c_64k-aarch64-with-glibc2.38,3.11.7,3.3.0,72,Neoverse-V2,1,1 x NVIDIA GH200 120GB,-2.5917,51.4535,64,machine,2.5507936507936506,3.7777777777777777,25.200000000000028,215.72660125248015,N,1.0,0.0
2026-09-26T20:49:25,mobilenet_v3_small_batch0_node_4_evaluate,a173c6b0-0a74-4a18-a07a-3386f0256a8c,5b0fa12a-3dd7-45bb-9766-cc326314d9f1,19.380327669903636,0.0002800070240462718,1.4448002573305514e-05,115.51301713152002,143.4023174576769,6.0,0.0005233087671123527,0.0006463869059842864,8.83962965842026e-06,0.0011785353027550594,0.0,United Kingdom,GBR,england,,,Linux-6.4.0-150600.23.73_15.0.14-cray_shasta_c_64k-aarch64-with-glibc2.38,3.11.7,3.3.0,72,Neoverse-V2,1,1 x NVIDIA GH200 120GB,-2.5917,51.4535,64,machine,5.143750000000001,0.25,25.199999999999992,215.98633575439453,N,1.0,0.0
2026-09-26T20:50:43,mobilenet_v3_small_batch0_node_5_local_train,c7c2634d-19d9-4139-b6bc-84a77ba67849,5b0fa12a-3dd7-45bb-9766-cc326314d9f1,72.58486260287464,0.001244118957412802,1.71401985593003e-05,115.49620510132678,149.58644504952125,6.0,0.0022315317989564675,0.002892414258383269,0.00011248726833107261,0.00523643332567081,0.0,United Kingdom,GBR,england,,,Linux-6.4.0-150600.23.73_15.0.14-cray_shasta_c_64k-aarch64-with-glibc2.38,3.11.7,3.3.0,72,Neoverse-V2,1,1 x NVIDIA GH200 120GB,-2.5917,51.4535,64,machine,3.295652173913044,3.550724637681159,25.200000000000028,215.93441374405572,N,1.0,0.0
2026-09-26T20:50:58,mobilenet_v3_small_batch0_node_5_evaluate,fc51433f-0895-44df-8ccf-8c0eb1b6db6a,5b0fa12a-3dd7-45bb-9766-cc326314d9f1,9.52292015682906,0.00011269333254709824,1.1833905009303665e-05,115.49786918400002,142.278023816642,6.0,0.00020778118202142325,0.00025745381707054094,9.08549784643886e-06,0.00047432049693840305,0.0,United Kingdom,GBR,england,,,Linux-6.4.0-150600.23.73_15.0.14-cray_shasta_c_64k-aarch64-with-glibc2.38,3.11.7,3.3.0,72,Neoverse-V2,1,1 x NVIDIA GH200 120GB,-2.5917,51.4535,64,machine,0.0,1.0,25.2,215.88619995117188,N,1.0,0.0
2026-09-26T20:54:00,mobilenet_v3_small_batch0_node_0_upload,a70b8eb1-5771-4133-9447-be32c99e1713,5b0fa12a-3dd7-45bb-9766-cc326314d9f1,4.073929759208113,1.707557782481571e-05,4.19142666518012e-06,115.20211248000001,140.2404387665155,6.0,3.246619908448249e-05,3.939864264168591e-05,5.395636738588412e-09,7.1870237362907e-05,0.0,United Kingdom,GBR,england,,,Linux-6.4.0-150600.23.73_15.0.14-cray_shasta_c_64k-aarch64-with-glibc2.38,3.11.7,3.3.0,72,Neoverse-V2,1,1 x NVIDIA GH200 120GB,-2.5917,51.4535,64,machine,0.0,0.0,25.1,215.388916015625,N,1.0,0.0
2026-09-26T20:54:13,mobilenet_v3_small_batch0_node_1_upload,aa24766d-93f7-4945-91b2-480061720ee6,5b0fa12a-3dd7-45bb-9766-cc326314d9f1,4.47068554116413,2.4783143574492647e-05,5.5434772466773225e-06,115.20158578560002,150.88574958186155,6.0,4.521833745450293e-05,5.9087269491442385e-05,5.382091815893849e-09,0.0001043109890377612,0.0,United Kingdom,GBR,england,,,Linux-6.4.0-150600.23.73_15.0.14-cray_shasta_c_64k-aarch64-with-glibc2.38,3.11.7,3.3.0,72,Neoverse-V2,1,1 x NVIDIA GH200 120GB,-2.5917,51.4535,64,machine,0.0,0.0,25.1,215.35015869140625,N,1.0,0.0
2026-09-26T20:54:55,mobilenet_v3_small_batch0_node_2_upload,0ed1d32f-1de0-47fb-a1ee-435ef32b92ee,5b0fa12a-3dd7-45bb-9766-cc326314d9f1,33.85086807189509,0.0005222355262430573,1.5427537194434514e-05,115.20183764438713,141.8639542437681,6.0,0.00098518171911048,0.0012128754147511245,5.597338313236833e-09,0.002198062731199918,0.0,United Kingdom,GBR,england,,,Linux-6.4.0-150600.23.73_15.0.14-cray_shasta_c_64k-aarch64-with-glibc2.38,3.11.7,3.3.0,72,Neoverse-V2,1,1 x NVIDIA GH200 120GB,-2.5917,51.4535,64,machine,1.3433333333333333,0.0,25.193333333333342,215.43585408528645,N,1.0,0.0
2026-09-26T20:55:22,mobilenet_v3_small_batch0_node_3_upload,2b94e573-3d48-4b24-a5cb-736be7a7ab40,5b0fa12a-3dd7-45bb-9766-cc326314d9f1,9.275715352036059,0.00010524989367138187,1.134682228560184e-05,115.20225755794286,141.5939980432307,6.0,0.0001988164563616375,0.0002441490842102212,2.5901251550142965e-08,0.0004429914418234088,0.0,United Kingdom,GBR,england,,,Linux-6.4.0-150600.23.73_15.0.14-cray_shasta_c_64k-aarch64-with-glibc2.38,3.11.7,3.3.0,72,Neoverse-V2,1,1 x NVIDIA GH200 120GB,-2.5917,51.4535,64,machine,0.0,0.0,25.133333333333336,215.38261922200522,N,1.0,0.0
2026-09-26T20:55:29,mobilenet_v3_small_batch0_node_4_upload,b33641b0-bcb8-4ec7-a3e2-701bdb79833e,5b0fa12a-3dd7-45bb-9766-cc326314d9f1,3.0756823900155723,1.2322117994091644e-07,4.006303782891333e-08,115.2013799808,0.0,6.0,5.087079471936156e-07,0.0,9.923723215858142e-09,5.186316704094737e-07,0.0,United Kingdom,GBR,england,,,Linux-6.4.0-150600.23.73_15.0.14-cray_shasta_c_64k-aarch64-with-glibc2.38,3.11.7,3.3.0,72,Neoverse-V2,1,1 x NVIDIA GH200 120GB,-2.5917,51.4535,64,machine,0,0,0,0,N,1.0,0.0
2026-09-26T20:55:41,mobilenet_v3_small_batch0_node_5_upload,86037ad2-f8ff-4cd1-8abc-793f4d4a4a0c,5b0fa12a-3dd7-45bb-9766-cc326314d9f1,7.975723643088713,8.322911280370366e-05,1.0435305500564209e-05,115.2013799808,141.17140634889105,6.0,0.00015745345379197288,0.00019282543203757996,2.8210895058388512e-08,0.00035030709672461124,0.0,United Kingdom,GBR,england,,,Linux-6.4.0-150600.23.73_15.0.14-cray_shasta_c_64k-aarch64-with-glibc2.38,3.11.7,3.3.0,72,Neoverse-V2,1,1 x NVIDIA GH200 120GB,-2.5917,51.4535,64,machine,0.0,0.0,25.1,215.3422088623047,N,1.0,0.0
2026-09-26T21:02:14,mobilenet_v3_small_batch0_node_0_exchange,05a05aa1-4057-4a4b-994d-6b142dfca2e7,5b0fa12a-3dd7-45bb-9766-cc326314d9f1,382.8278562792111,0.006642170838282829,1.735028088822888e-05,115.24380221759492,136.0456980459515,6.0,0.01225072069010394,0.015062047327418782,0.0006437907384921952,0.02795655875601492,0.0,United Kingdom,GBR,england,,,Linux-6.4.0-150600.23.73_15.0.14-cray_shasta_c_64k-aarch64-with-glibc2.38,3.11.7,3.3.0,72,Neoverse-V2,1,1 x NVIDIA GH200 120GB,-2.5917,51.4535,64,machine,1.0874345549738225,0.0,25.184031413612555,215.56630654859293,N,1.0,0.0
2026-09-26T21:02:33,mobilenet_v3_small_batch0_node_1_exchange,10ed0e26-78d5-4951-91c8-74fc9ce725fd,5b0fa12a-3dd7-45bb-9766-cc326314d9f1,4.1611897049006075,1.8795864936683906e-05,4.516944977189608e-06,115.5914440992,189.4694964058216,6.0,3.561165168592296e-05,4.3395312502525485e-05,1.0387400980107487e-07,7.911083819824953e-05,0.0,United Kingdom,GBR,england,,,Linux-6.4.0-150600.23.73_15.0.14-cray_shasta_c_64k-aarch64-with-glibc2.38,3.11.7,3.3.0,72,Neoverse-V2,1,1 x NVIDIA GH200 120GB,-2.5917,51.4535,64,machine,0.0,0.0,25.2,215.718017578125,N,1.0,0.0
2026-09-26T21:02:41,mobilenet_v3_small_batch0_node_2_exchange,6e2155e2-eef8-4888-bdd8-a7da9bcc333c,5b0fa12a-3dd7-45bb-9766-cc326314d9f1,3.1278198338113725,1.5627334602440566e-06,4.996238732650415e-07,115.4282551488,122.51670483219583,6.0,2.446142637518181e-06,4.026392119271804e-06,1.0493078346674641e-07,6.5774655402567315e-06,0.0,United Kingdom,GBR,england,,,Linux-6.4.0-150600.23.73_15.0.14-cray_shasta_c_64k-aarch64-with-glibc2.38,3.11.7,3.3.0,72,Neoverse-V2,1,1 x NVIDIA GH200 120GB,-2.5917,51.4535,64,machine,0,0,0,0,N,1.0,0.0
2026-09-26T21:02:53,mobilenet_v3_small_batch0_node_3_exchange,c245f999-8268-4508-8609-f704b9ce7545,5b0fa12a-3dd7-45bb-9766-cc326314d9f1,8.739642522996292,9.565481623055315e-05,1.094493464450751e-05,115.92907326720001,70.52960916538136,6.0,0.00018209720880286342,0.0002203862874381457,1.2275333516299724e-07,0.0004026062495761721,0.0,United Kingdom,GBR,england,,,Linux-6.4.0-150600.23.73_15.0.14-cray_shasta_c_64k-aarch64-with-glibc2.38,3.11.7,3.3.0,72,Neoverse-V2,1,1 x NVIDIA GH200 120GB,-2.5917,51.4535,64,machine,1.24,0.0,25.2,215.66378173828124,N,1.0,0.0
2026-09-26T21:05:07,mobilenet_v3_small_batch0_node_4_exchange,e6900d37-789d-44f8-8d71-93d2d3e47466,5b0fa12a-3dd7-45bb-9766-cc326314d9f1,8.68052820302546,9.617516258197433e-05,1.1079413640802873e-05,115.64515319040001,193.29832296113636,6.0,0.00018018399125942645,0.00022450823514930107,1.0413445803957681e-07,0.0004047963608667671,0.0,United Kingdom,GBR,england,,,Linux-6.4.0-150600.23.73_15.0.14-cray_shasta_c_64k-aarch64-with-glibc2.38,3.11.7,3.3.0,72,Neoverse-V2,1,1 x NVIDIA GH200 120GB,-2.5917,51.4535,64,machine,0.0,0.0,25.2,215.78680419921875,N,1.0,0.0
2026-09-26T21:05:26,mobilenet_v3_small_batch0_node_5_exchange,77826175-4102-458f-8ada-10ae0e17bb1b,5b0fa12a-3dd7-45bb-9766-cc326314d9f1,4.13479733094573,1.767140464484819e-05,4.273826074277335e-06,115.6043618496,69.21165939181981,6.0,3.485028909682741e-05,3.940419817638485e-05,1.2355482826630275e-07,7.437804210147857e-05,0.0,United Kingdom,GBR,england,,,Linux-6.4.0-150600.23.73_15.0.14-cray_shasta_c_64k-aarch64-with-glibc2.38,3.11.7,3.3.0,72,Neoverse-V2,1,1 x NVIDIA GH200 120GB,-2.5917,51.4535,64,machine,0.0,0.0,25.2,215.7703857421875,N,1.0,0.0
2026-09-26T21:07:39,mobilenet_v3_small_batch0_node_0_evaluate,e8de0f46-400e-4d09-8c5b-76d12a11e313,5b0fa12a-3dd7-45bb-9766-cc326314d9f1,8.277763078920543,9.168778158752799e-05,1.1076395967530456e-05,115.4347032672,72.3640798887767,6.0,0.00016790270908066508,0.0002093232230038211,8.683270730155831e-06,0.00038590920281464207,0.0,United Kingdom,GBR,england,,,Linux-6.4.0-150600.23.73_15.0.14-cray_shasta_c_64k-aarch64-with-glibc2.38,3.11.7,3.3.0,72,Neoverse-V2,1,1 x NVIDIA GH200 120GB,-2.5917,51.4535,64,machine,0.0,0.8,25.2,215.5984619140625,N,1.0,0.0
2026-09-26T21:41:35,mobilenet_v3_small_batch0_node_1_evaluate,d9b0b48a-8fea-493c-b40f-21f89e480ebb,5b0fa12a-3dd7-45bb-9766-cc326314d9f1,2021.9528971281834,0.035193810811909414,1.740585097798066e-05,115.20551086516838,141.85104484850683,6.0,0.06470205622394212,0.07964223343596188,0.003784667538911648,0.14812895719881566,0.0,United Kingdom,GBR,england,,,Linux-6.4.0-150600.23.73_15.0.14-cray_shasta_c_64k-aarch64-with-glibc2.38,3.11.7,3.3.0,72,Neoverse-V2,1,1 x NVIDIA GH200 120GB,-2.5917,51.4535,64,machine,1.1704601682335474,0.002474022761009401,25.197476496783032,215.8396886101694,N,1.0,0.0
2026-09-26T21:42:33,mobilenet_v3_small_batch0_node_2_evaluate,c0a9ad15-1db7-49fe-8cb9-e90b8d0dff36,5b0fa12a-3dd7-45bb-9766-cc326314d9f1,10.358127208193764,0.00012697229236375573,1.2258228713711365e-05,115.46383501440002,144.01154477590097,6.0,0.0002341155862744647,0.00029247523399078545,7.829091278448081e-06,0.0005344199115436982,0.0,United Kingdom,GBR,england,,,Linux-6.4.0-150600.23.73_15.0.14-cray_shasta_c_64k-aarch64-with-glibc2.38,3.11.7,3.3.0,72,Neoverse-V2,1,1 x NVIDIA GH200 120GB,-2.5917,51.4535,64,machine,1.5999999999999999,0.7142857142857143,25.199999999999996,215.67743791852678,N,1.0,0.0
2026-09-26T21:42:48,mobilenet_v3_small_batch0_node_3_evaluate,8bed39eb-732a-40b0-a4d9-05ffbab198af,5b0fa12a-3dd7-45bb-9766-cc326314d9f1,11.261247063055634,1.8224683320837288e-06,1.6183539193120402e-07,115.52701847040001,143.87942095380177,6.0,0.00020075437554431755,0.0002534096471720204,8.702119598165155e-06,0.0004628661423145031,0.0,Canada,CAN,quebec,,,Linux-6.4.0-150600.23.73_15.0.14-cray_shasta_c_64k-aarch64-with-glibc2.38,3.11.7,3.3.0,72,Neoverse-V2,1,1 x NVIDIA GH200 120GB,-71.2,46.8,64,machine,0.0,0.6666666666666666,25.2,215.8031005859375,N,1.0,0.0
2026-09-26T21:43:00,mobilenet_v3_small_batch0_node_4_evaluate,5e3db930-379d-45e1-9137-16be3aebb85b,5b0fa12a-3dd7-45bb-9766-cc326314d9f1,10.930319431005046,0.00013739627794553426,1.2570197862268755e-05,115.476554736,144.84863877699843,6.0,0.0002527978920940075,0.0003166741422404584,8.821901603369041e-06,0.000578293935937835,0.0,United Kingdom,GBR,england,,,Linux-6.4.0-150600.23.73_15.0.14-cray_shasta_c_64k-aarch64-with-glibc2.38,3.11.7,3.3.0,72,Neoverse-V2,1,1 x NVIDIA GH200 120GB,-2.5917,51.4535,64,machine,3.3999999999999995,0.7142857142857143,25.199999999999996,215.93484933035714,N,1.0,0.0
2026-09-26T21:43:12,mobilenet_v3_small_batch0_node_5_evaluate,bf803943-6ef2-435e-9eac-6e254a33df31,5b0fa12a-3dd7-45bb-9766-cc326314d9f1,9.530664625111967,0.00011374637401797826,1.1934778789537141e-05,115.54729007040001,146.2217101387264,6.0,0.00020809734706188186,0.0002616510426634022,9.004305130025993e-06,0.00047875269485531005,0.0,United Kingdom,GBR,england,,,Linux-6.4.0-150600.23.73_15.0.14-cray_shasta_c_64k-aarch64-with-glibc2.38,3.11.7,3.3.0,72,Neoverse-V2,1,1 x NVIDIA GH200 120GB,-2.5917,51.4535,64,machine,0.0,0.6666666666666666,25.2,215.90254720052084,N,1.0,0.0
2026-09-26T21:44:27,efficientnet_lite0_batch0_node_0_local_train,8cdff582-a6e0-4ff5-a12e-80d6669d8aab,5b0fa12a-3dd7-45bb-9766-cc326314d9f1,66.57488971715793,0.001239379652324091,1.8616323024935833e-05,115.66676655504,170.12271589958593,6.0,0.0020411197789627967,0.0030728230138095114,0.00010254303916473874,0.005216485831937047,0.0,United Kingdom,GBR,england,,,Linux-6.4.0-150600.23.73_15.0.14-cray_shasta_c_64k-aarch64-with-glibc2.38,3.11.7,3.3.0,72,Neoverse-V2,1,1 x NVIDIA GH200 120GB,-2.5917,51.4535,64,machine,1.4412698412698413,11.412698412698413,25.5015873015873,218.46350582062252,N,1.0,0.0
2026-09-26T21:45:07,efficientnet_lite0_batch0_node_0_evaluate,e739cb7d-d0b7-4b25-a7b7-fca772dadc9a,5b0fa12a-3dd7-45bb-9766-cc326314d9f1,36.29308863496408,0.0005770674417197222,1.590020203361216e-05,115.50759028416002,147.18581434127367,6.0,0.001064968952257452,0.001330182175266259,3.369634319135609e-05,0.0024288474707150677,0.0,United Kingdom,GBR,england,,,Linux-6.4.0-150600.23.73_15.0.14-cray_shasta_c_64k-aarch64-with-glibc2.38,3.11.7,3.3.0,72,Neoverse-V2,1,1 x NVIDIA GH200 120GB,-2.5917,51.4535,64,machine,1.3878787878787877,0.3333333333333333,25.5,218.4904914624763,N,1.0,0.0
2026-09-26T21:46:37,efficientnet_lite0_batch0_node_1_local_train,8b9b8d8d-9748-41ac-9613-f8889ac97eb7,5b0fa12a-3dd7-45bb-9766-cc326314d9f1,83.35231975303032,0.0015629452529425925,1.8751070846900704e-05,115.58941732745748,170.37720529417214,6.0,0.0025791316286518746,0.0038716286528597266,0.00012759668342613925,0.00657835696493774,0.0,United Kingdom,GBR,england,,,Linux-6.4.0-150600.23.73_15.0.14-cray_shasta_c_64k-aarch64-with-glibc2.38,3.11.7,3.3.0,72,Neoverse-V2,1,1 x NVIDIA GH200 120GB,-2.5917,51.4535,64,machine,2.3487499999999994,11.05,25.5,218.5069725036621,N,1.0,0.0
2026-09-26T21:48:33,efficientnet_lite0_batch0_node_1_evaluate,ba7dc420-a235-43b0-a799-ce8f4b05d8ce,5b0fa12a-3dd7-45bb-9766-cc326314d9f1,9.678328155074269,0.00011881863122902474,1.2276772323196037e-05,115.62336311040002,146.62256768531438,6.0,0.00021320835700029214,0.0002775527220535423,9.340488060067098e-06,0.0005001015671139015,0.0,United Kingdom,GBR,england,,,Linux-6.4.0-150600.23.73_15.0.14-cray_shasta_c_64k-aarch64-with-glibc2.38,3.11.7,3.3.0,72,Neoverse-V2,1,1 x NVIDIA GH200 120GB,-2.5917,51.4535,64,machine,0.0,2.8333333333333335,25.5,218.23739624023438,N,1.0,0.0
2026-09-26T21:50:28,efficientnet_lite0_batch0_node_2_local_train,1756821b-7fa3-4c91-96d3-062adc7d9abf,5b0fa12a-3dd7-45bb-9766-cc326314d9f1,65.46837938507088,0.0012140453538973858,1.8543995823642326e-05,115.61869233780925,169.73806660870233,6.0,0.002005526437113011,0.0030057432379209104,9.858538516409073e-05,0.005109855060198013,0.0,United Kingdom,GBR,england,,,Linux-6.4.0-150600.23.73_15.0.14-cray_shasta_c_64k-aarch64-with-glibc2.38,3.11.7,3.3.0,72,Neoverse-V2,1,1 x NVIDIA GH200 120GB,-2.5917,51.4535,64,machine,3.1129032258064515,11.016129032258064,25.5,218.19682164346017,N,1.0,0.0
2026-09-26T21:50:39,efficientnet_lite0_batch0_node_2_evaluate,15fd2897-c150-4c3e-8ebf-897af664f94a,5b0fa12a-3dd7-45bb-9766-cc326314d9f1,8.782210937933996,0.00010332764692497368,1.1765561958738534e-05,115.57705523328,153.28853476089364,6.0,0.00018437143188124514,0.00024266936080152846,7.860010489821433e-06,0.00043490080317259506,0.0,United Kingdom,GBR,england,,,Linux-6.4.0-150600.23.73_15.0.14-cray_shasta_c_64k-aarch64-with-glibc2.38,3.11.7,3.3.0,72,Neoverse-V2,1,1 x NVIDIA GH200 120GB,-2.5917,51.4535,64,machine,7.44,3.2,25.5,218.1927001953125,N,1.0,0.0
2026-09-26T21:51:50,efficientnet_lite0_batch0_node_3_local_train,32097a96-58d2-4496-959d-7442237d24a9,5b0fa12a-3dd7-45bb-9766-cc326314d9f1,69.11323130503297,0.0012811804718102177,1.853741241175218e-05,115.59427303680002,169.3870941450843,6.0,0.0021213018085328317,0.0031684600347716696,0.00010266150882972095,0.005392423352134222,0.0,United Kingdom,GBR,england,,,Linux-6.4.0-150600.23.73_15.0.14-cray_shasta_c_64k-aarch64-with-glibc2.38,3.11.7,3.3.0,72,Neoverse-V2,1,1 x NVIDIA GH200 120GB,-2.5917,51.4535,64,machine,4.4772727272727275,11.43939393939394,25.5,218.2301043886127,N,1.0,0.0
2026-09-26T21:52:12,efficientnet_lite0_batch0_node_3_evaluate,dc761bcb-88d2-4029-9d74-8ddafb80f016,5b0fa12a-3dd7-45bb-9766-cc326314d9f1,8.268339089816436,9.454779058867177e-05,1.1434919342521885e-05,115.54516592640002,76.83539185345836,6.0,0.0001679466817788444,0.00022134851040789272,8.651642846331621e-06,0.0003979468350330688,0.0,United Kingdom,GBR,england,,,Linux-6.4.0-150600.23.73_15.0.14-cray_shasta_c_64k-aarch64-with-glibc2.38,3.11.7,3.3.0,72,Neoverse-V2,1,1 x NVIDIA GH200 120GB,-2.5917,51.4535,64,machine,34.879999999999995,3.4,25.5,218.24937744140624,N,1.0,0.0
2026-09-26T21:53:20,efficientnet_lite0_batch0_node_4_local_train,5a463a7d-750f-44e1-8f8e-c6fe4147859e,5b0fa12a-3dd7-45bb-9766-cc326314d9f1,67.42429965804331,0.0012601032997882331,1.8689156671691293e-05,115.58693780064003,374.00297446611086,6.0,0.002068128330089991,0.0031283694471397894,0.00010721283137681895,0.005303710608606599,0.0,United Kingdom,GBR,england,,,Linux-6.4.0-150600.23.73_15.0.14-cray_shasta_c_64k-aarch64-with-glibc2.38,3.11.7,3.3.0,72,Neoverse-V2,1,1 x NVIDIA GH200 120GB,-2.5917,51.4535,64,machine,2.2468749999999997,11.84375,25.5,218.25366115570068,N,1.0,0.0
2026-09-26T22:13:05,efficientnet_lite0_batch0_node_4_evaluate,42f84157-caa6-4133-973a-745610c3f384,5b0fa12a-3dd7-45bb-9766-cc326314d9f1,46.392534068087116,0.0007498702711122184,1.616359800505154e-05,115.39813786006155,144.80722596386923,6.0,0.0013878585918821033,0.0017261711031721916,4.213608329494794e-05,0.0031561657783492434,0.0,United Kingdom,GBR,england,,,Linux-6.4.0-150600.23.73_15.0.14-cray_shasta_c_64k-aarch64-with-glibc2.38,3.11.7,3.3.0,72,Neoverse-V2,1,1 x NVIDIA GH200 120GB,-2.5917,51.4535,64,machine,0.9302325581395349,0.27906976744186046,25.5,218.70733926462572,N,1.0,0.0
2026-09-26T22:15:20,efficientnet_lite0_batch0_node_5_local_train,4d4026ee-de8a-43cf-ae2d-540f5967785b,5b0fa12a-3dd7-45bb-9766-cc326314d9f1,87.44174309493974,0.0016194369882270318,1.852018190521123e-05,115.55927517729039,145.40732208503093,6.0,0.0027101250375355652,0.003965406783436265,0.00014059598051322002,0.006816127801485051,0.0,United Kingdom,GBR,england,,,Linux-6.4.0-150600.23.73_15.0.14-cray_shasta_c_64k-aarch64-with-glibc2.38,3.11.7,3.3.0,72,Neoverse-V2,1,1 x NVIDIA GH200 120GB,-2.5917,51.4535,64,machine,3.9714285714285715,10.05952380952381,25.49404761904762,218.5349600655692,N,1.0,0.0
2026-09-26T22:15:31,efficientnet_lite0_batch0_node_5_evaluate,9d5f0bba-65b9-477c-8611-4ced525ba1a3,5b0fa12a-3dd7-45bb-9766-cc326314d9f1,9.491981947794557,0.00011639947424411072,1.2262926213334814e-05,115.64734014720001,148.18157779658776,6.0,0.00020715910591464137,0.00027372688565208136,9.033467011371006e-06,0.0004899194585780938,0.0,United Kingdom,GBR,england,,,Linux-6.4.0-150600.23.73_15.0.14-cray_shasta_c_64k-aarch64-with-glibc2.38,3.11.7,3.3.0,72,Neoverse-V2,1,1 x NVIDIA GH200 120GB,-2.5917,51.4535,64,machine,19.26666666666667,3.3333333333333335,25.5,218.22525024414062,N,1.0,0.0
2026-09-26T22:29:08,efficientnet_lite0_batch0_node_0_upload,f2da5379-4beb-45c4-ba0e-950ea120ec74,5b0fa12a-3dd7-45bb-9766-cc326314d9f1,28.437378076137975,0.0004357478545596927,1.5323067175638535e-05,115.20149245003637,140.86027679035516,6.0,0.0008119720287327405,0.0009970574643176633,2.5011033066936455e-05,0.0018340405261173401,0.0,United Kingdom,GBR,england,,,Linux-6.4.0-150600.23.73_15.0.14-cray_shasta_c_64k-aarch64-with-glibc2.38,3.11.7,3.3.0,72,Neoverse-V2,1,1 x NVIDIA GH200 120GB,-2.5917,51.4535,64,machine,1.264,0.0,25.5,218.6872119140625,N,1.0,0.0
2026-09-26T22:29:14,efficientnet_lite0_batch0_node_1_upload,4431a2b0-c972-4534-bcfd-0f6de95ee150,5b0fa12a-3dd7-45bb-9766-cc326314d9f1,4.078200983814895,1.8040783988978324e-05,4.4237113522792415e-06,115.20158578560002,154.05844058934713,6.0,3.2549363795927495e-05,4.337364579498626e-05,9.731356597815951e-09,7.593274094751156e-05,0.0,United Kingdom,GBR,england,,,Linux-6.4.0-150600.23.73_15.0.14-cray_shasta_c_64k-aarch64-with-glibc2.38,3.11.7,3.3.0,72,Neoverse-V2,1,1 x NVIDIA GH200 120GB,-2.5917,51.4535,64,machine,0.0,0.0,25.5,218.7442626953125,N,1.0,0.0
2026-09-26T22:29:20,efficientnet_lite0_batch0_node_2_upload,9530b12f-9086-4d09-9498-48b2e6234bb6,5b0fa12a-3dd7-45bb-9766-cc326314d9f1,3.0803777400869876,1.0175328815921207e-07,3.3032730640476137e-08,115.2013799808,0.0,6.0,4.2288890414064627e-07,0.0,5.3855031728744505e-09,4.2827440731352073e-07,0.0,United Kingdom,GBR,england,,,Linux-6.4.0-150600.23.73_15.0.14-cray_shasta_c_64k-aarch64-with-glibc2.38,3.11.7,3.3.0,72,Neoverse-V2,1,1 x NVIDIA GH200 120GB,-2.5917,51.4535,64,machine,0,0,0,0,N,1.0,0.0
2026-09-26T22:43:08,efficientnet_lite0_batch0_node_3_upload,527e0521-1063-423d-8be9-d376140f2590,5b0fa12a-3dd7-45bb-9766-cc326314d9f1,4.095924746012315,1.8126708520406335e-05,4.425547255977792e-06,115.2013799808,151.80259004834457,6.0,3.2976944018177754e-05,4.331197908413742e-05,5.4698216263204815e-09,7.62943929239415e-05,0.0,United Kingdom,GBR,england,,,Linux-6.4.0-150600.23.73_15.0.14-cray_shasta_c_64k-aarch64-with-glibc2.38,3.11.7,3.3.0,72,Neoverse-V2,1,1 x NVIDIA GH200 120GB,-2.5917,51.4535,64,machine,0.0,0.0,25.7,220.50115966796875,N,1.0,0.0
2026-09-26T22:43:18,efficientnet_lite0_batch0_node_4_upload,a0cb8a02-659c-4ffb-b0c1-09a4cfb7e65d,5b0fa12a-3dd7-45bb-9766-cc326314d9f1,7.1105520881246775,6.806524349734476e-05,9.572427380290262e-06,115.2013799808,140.83480210883704,6.0,0.00012897698935096483,0.0001574992926549612,6.861141882836819e-09,0.00028648314314780885,0.0,United Kingdom,GBR,england,,,Linux-6.4.0-150600.23.73_15.0.14-cray_shasta_c_64k-aarch64-with-glibc2.38,3.11.7,3.3.0,72,Neoverse-V2,1,1 x NVIDIA GH200 120GB,-2.5917,51.4535,64,machine,0.0,0.0,25.75,220.53436279296875,N,1.0,0.0
2026-09-26T22:43:53,efficientnet_lite0_batch0_node_5_upload,1b9f8950-4447-4884-afad-682482b04c35,5b0fa12a-3dd7-45bb-9766-cc326314d9f1,3.082880502101034,1.3504153148206937e-07,4.380368664631546e-08,115.2013799808,0.0,6.0,5.560815114818426e-07,0.0,1.2301416524375478e-08,5.683829280062181e-07,0.0,United Kingdom,GBR,england,,,Linux-6.4.0-150600.23.73_15.0.14-cray_shasta_c_64k-aarch64-with-glibc2.38,3.11.7,3.3.0,72,Neoverse-V2,1,1 x NVIDIA GH200 120GB,-2.5917,51.4535,64,machine,0,0,0,0,N,1.0,0.0
2026-09-26T22:47:32,efficientnet_lite0_batch0_node_0_exchange,2dada995-e185-483f-bfd1-7249b95d06d1,5b0fa12a-3dd7-45bb-9766-cc326314d9f1,3.181723457062617,2.94586827210631e-06,9.258718778865686e-07,115.70369299200001,607.5177217706611,6.0,4.270826948619533e-06,7.935284116911134e-06,1.9289845135062932e-07,1.2399009516881296e-05,0.0,United Kingdom,GBR,england,,,Linux-6.4.0-150600.23.73_15.0.14-cray_shasta_c_64k-aarch64-with-glibc2.38,3.11.7,3.3.0,72,Neoverse-V2,1,1 x NVIDIA GH200 120GB,-2.5917,51.4535,64,machine,0,0,0,0,N,1.0,0.0
2026-09-26T22:47:58,efficientnet_lite0_batch0_node_1_exchange,cebea278-cbf7-403c-b50d-daea625be753,5b0fa12a-3dd7-45bb-9766-cc326314d9f1,3.172606202075258,2.913307415959166e-06,9.182694700822057e-07,116.189083872,782.7957739249371,6.0,4.1088808756870216e-06,7.964450816189128e-06,1.8863083988738556e-07,1.2261962531763534e-05,0.0,United Kingdom,GBR,england,,,Linux-6.4.0-150600.23.73_15.0.14-cray_shasta_c_64k-aarch64-with-glibc2.38,3.11.7,3.3.0,72,Neoverse-V2,1,1 x NVIDIA GH200 120GB,-2.5917,51.4535,64,machine,0,0,0,0,N,1.0,0.0
2026-09-26T22:48:02,efficientnet_lite0_batch0_node_2_exchange,274d8a77-39db-4801-a2ec-517c739f552b,5b0fa12a-3dd7-45bb-9766-cc326314d9f1,3.177841702941805,2.96535588645597e-06,9.331351790464793e-07,116.0098584768,132.52191106697154,6.0,4.2949762974910625e-06,7.995284178718975e-06,1.9077141691620153e-07,1.248103189312624e-05,0.0,United Kingdom,GBR,england,,,Linux-6.4.0-150600.23.73_15.0.14-cray_shasta_c_64k-aarch64-with-glibc2.38,3.11.7,3.3.0,72,Neoverse-V2,1,1 x NVIDIA GH200 120GB,-2.5917,51.4535,64,machine,0,0,0,0,N,1.0,0.0
2026-09-26T22:48:07,efficientnet_lite0_batch0_node_3_exchange,9b62ca8e-4e51-4acd-a3f4-4ef4bddd8df3,5b0fa12a-3dd7-45bb-9766-cc326314d9f1,4.195277893915772,1.994417656171422e-05,4.753958394660432e-06,115.3785011904,142.9477818905388,6.0,3.633940795998332e-05,4.7410871246711395e-05,1.937441349339982e-07,8.39440233416287e-05,0.0,United Kingdom,GBR,england,,,Linux-6.4.0-150600.23.73_15.0.14-cray_shasta_c_64k-aarch64-with-glibc2.38,3.11.7,3.3.0,72,Neoverse-V2,1,1 x NVIDIA GH200 120GB,-2.5917,51.4535,64,machine,0.0,0.0,25.8,220.80560302734375,N,1.0,0.0
2026-09-26T22:49:12,efficientnet_lite0_batch0_node_4_exchange,9efadd19-a061-41e0-b9ba-8a30b6e37037,5b0fa12a-3dd7-45bb-9766-cc326314d9f1,4.176813818980008,1.8977548198771264e-05,4.543546593466702e-06,115.8537246912,136.42968973166433,6.0,3.6191733238735916e-05,4.3496145906374295e-05,1.8765464968358478e-07,7.98755337947938e-05,0.0,United Kingdom,GBR,england,,,Linux-6.4.0-150600.23.73_15.0.14-cray_shasta_c_64k-aarch64-with-glibc2.38,3.11.7,3.3.0,72,Neoverse-V2,1,1 x NVIDIA GH200 120GB,-2.5917,51.4535,64,machine,0.0,0.0,25.8,220.8863525390625,N,1.0,0.0
2026-09-26T22:49:22,efficientnet_lite0_batch0_node_5_exchange,d66c729d-87f5-4960-acd1-86aef7ba6f99,5b0fa12a-3dd7-45bb-9766-cc326314d9f1,4.187726793810725,1.8935526738195515e-05,4.5216719405337965e-06,116.0964851904,136.02946763162106,6.0,3.6109207210049794e-05,4.3402812494264253e-05,1.866479031741619e-07,7.969866760748821e-05,0.0,United Kingdom,GBR,england,,,Linux-6.4.0-150600.23.73_15.0.14-cray_shasta_c_64k-aarch64-with-glibc2.38,3.11.7,3.3.0,72,Neoverse-V2,1,1 x NVIDIA GH200 120GB,-2.5917,51.4535,64,machine,10.0,0.0,25.8,220.8798828125,N,1.0,0.0
2026-09-26T22:50:01,efficientnet_lite0_batch0_node_0_evaluate,a69da3bf-349a-42cf-8921-a58e0d4057bc,5b0fa12a-3dd7-45bb-9766-cc326314d9f1,8.236468737013638,9.403734525800104e-05,1.1417192034665199e-05,115.55836992,76.79782170710948,6.0,0.00016683745430360572,0.00022034795404124452,8.612988289678469e-06,0.0003957983966345287,0.0,United Kingdom,GBR,england,,,Linux-6.4.0-150600.23.73_15.0.14-cray_shasta_c_64k-aarch64-with-glibc2.38,3.11.7,3.3.0,72,Neoverse-V2,1,1 x NVIDIA GH200 120GB,-2.5917,51.4535,64,machine,0.0,4.0,25.8,220.87579345703125,N,1.0,0.0
2026-09-26T22:50:17,efficientnet_lite0_batch0_node_1_evaluate,0da8fc55-3931-4c06-9310-00ae84081a3a,5b0fa12a-3dd7-45bb-9766-cc326314d9f1,12.968846013071015,0.00017443353904029346,1.3450197408812297e-05,115.6445577216,146.82870831429813,6.0,0.0003186643758087441,0.0004062183805189079,9.29912515799515e-06,0.0007341818814856473,0.0,United Kingdom,GBR,england,,,Linux-6.4.0-150600.23.73_15.0.14-cray_shasta_c_64k-aarch64-with-glibc2.38,3.11.7,3.3.0,72,Neoverse-V2,1,1 x NVIDIA GH200 120GB,-2.5917,51.4535,64,machine,0.0,2.2222222222222223,25.800000000000004,220.9038560655382,N,1.0,0.0
2026-09-26T22:50:28,efficientnet_lite0_batch0_node_2_evaluate,ecd95551-837a-4e34-bf6c-0a807c9c85d7,5b0fa12a-3dd7-45bb-9766-cc326314d9f1,8.728611844824627,0.00010204715726385073,1.169110954617103e-05,115.64841361536,147.16245982882958,6.0,0.00018289973257266148,0.00023883519106959739,7.776363765199979e-06,0.0004295112874074588,0.0,United Kingdom,GBR,england,,,Linux-6.4.0-150600.23.73_15.0.14-cray_shasta_c_64k-aarch64-with-glibc2.38,3.11.7,3.3.0,72,Neoverse-V2,1,1 x NVIDIA GH200 120GB,-2.5917,51.4535,64,machine,0.0,3.2,25.8,221.0087646484375,N,1.0,0.0
2026-09-26T22:50:47,efficientnet_lite0_batch0_node_3_evaluate,84ab7cb1-86c8-43cb-99ae-65307327c29c,5b0fa12a-3dd7-45bb-9766-cc326314d9f1,8.246361079858616,9.42495724467901e-05,1.1429231819231229e-05,115.52634887040003,76.85634884163731,6.0,0.00016723795003256042,0.00022082823223001924,8.625467800302431e-06,0.0003966916500628821,0.0,United Kingdom,GBR,england,,,Linux-6.4.0-150600.23.73_15.0.14-cray_shasta_c_64k-aarch64-with-glibc2.38,3.11.7,3.3.0,72,Neoverse-V2,1,1 x NVIDIA GH200 120GB,-2.5917,51.4535,64,machine,14.419999999999998,2.4,25.78,220.57344970703124,N,1.0,0.0
2026-09-26T22:51:30,efficientnet_lite0_batch0_node_4_evaluate,f2b18b40-3ad1-4eda-baad-48d745bbf136,5b0fa12a-3dd7-45bb-9766-cc326314d9f1,8.310062886914238,9.570316971532396e-05,1.1516539768432637e-05,115.52975467200002,77.0692094872831,6.0,0.00016939757869481576,0.00022466101306406472,8.751175171928481e-06,0.00040280976693080897,0.0,United Kingdom,GBR,england,,,Linux-6.4.0-150600.23.73_15.0.14-cray_shasta_c_64k-aarch64-with-glibc2.38,3.11.7,3.3.0,72,Neoverse-V2,1,1 x NVIDIA GH200 120GB,-2.5917,51.4535,64,machine,0.0,4.0,25.8,220.695263671875,N,1.0,0.0
2026-09-26T22:51:47,efficientnet_lite0_batch0_node_5_evaluate,94f33ae5-bae9-4ccd-86bc-e101d4e2ff5d,5b0fa12a-3dd7-45bb-9766-cc326314d9f1,8.451967149972916,9.787693869270407e-05,1.1580373770503559e-05,115.5732699456,76.52886976020395,6.0,0.00017401347640307393,0.0002289646276096846,8.98094582837075e-06,0.0004119590498411293,0.0,United Kingdom,GBR,england,,,Linux-6.4.0-150600.23.73_15.0.14-cray_shasta_c_64k-aarch64-with-glibc2.38,3.11.7,3.3.0,72,Neoverse-V2,1,1 x NVIDIA GH200 120GB,-2.5917,51.4535,64,machine,0.0,3.8,25.8,220.81964111328125,N,1.0,0.0
2026-09-26T22:53:26,mobilevit_xxs_batch0_node_0_local_train,902d4674-e1f7-4a9c-8198-e456f0c6812d,5b0fa12a-3dd7-45bb-9766-cc326314d9f1,89.93714848696254,0.0015952339123485658,1.7737208030114653e-05,115.46032656374973,156.8092148668199,6.0,0.002785407956781806,0.00379529636957443,0.00013355396147933786,0.006714258287835572,0.0,United Kingdom,GBR,england,,,Linux-6.4.0-150600.23.73_15.0.14-cray_shasta_c_64k-aarch64-with-glibc2.38,3.11.7,3.3.0,72,Neoverse-V2,1,1 x NVIDIA GH200 120GB,-2.5917,51.4535,64,machine,2.9837209302325576,8.69767441860465,25.900000000000038,221.81136162336483,N,1.0,0.0
2026-09-26T22:53:49,mobilevit_xxs_batch0_node_0_evaluate,14b839dc-bcc7-4d47-8a2a-c283fd5ccb92,5b0fa12a-3dd7-45bb-9766-cc326314d9f1,9.42087891814299,0.00011383660355100395,1.2083437706833729e-05,115.56105108480001,146.22090175865048,6.0,0.00020476975459113683,0.0002654443790248706,8.918332748192674e-06,0.00047913246636420014,0.0,United Kingdom,GBR,england,,,Linux-6.4.0-150600.23.73_15.0.14-cray_shasta_c_64k-aarch64-with-glibc2.38,3.11.7,3.3.0,72,Neoverse-V2,1,1 x NVIDIA GH200 120GB,-2.5917,51.4535,64,machine,0.0,3.3333333333333335,25.900000000000002,221.54922485351562,N,1.0,0.0
2026-09-26T23:07:43,mobilevit_xxs_batch0_node_1_local_train,6966f393-acdd-465f-a0aa-4c830fe6abce,5b0fa12a-3dd7-45bb-9766-cc326314d9f1,821.5254109769594,0.014882325622423559,1.81154781380718e-05,115.24160359562563,146.3952935339885,6.0,0.026298236260937625,0.032812015971799724,0.0035286983181027852,0.06263895055084015,0.0,United Kingdom,GBR,england,,,Linux-6.4.0-150600.23.73_15.0.14-cray_shasta_c_64k-aarch64-with-glibc2.38,3.11.7,3.3.0,72,Neoverse-V2,1,1 x NVIDIA GH200 120GB,-2.5917,51.4535,64,machine,1.5058465286236293,1.164433617539586,25.8917174177833,221.67689162892052,N,1.0,0.0
2026-09-26T23:08:00,mobilevit_xxs_batch0_node_1_evaluate,afb35cb0-33e4-439e-8006-860635e19e62,5b0fa12a-3dd7-45bb-9766-cc326314d9f1,8.788936579832807,0.0001027399999070913,1.1689696355625055e-05,115.4573734176,75.0659201921927,6.0,0.00018443743268951084,0.0002384549129885727,9.535081126571943e-06,0.0004324274268046555,0.0,United Kingdom,GBR,england,,,Linux-6.4.0-150600.23.73_15.0.14-cray_shasta_c_64k-aarch64-with-glibc2.38,3.11.7,3.3.0,72,Neoverse-V2,1,1 x NVIDIA GH200 120GB,-2.5917,51.4535,64,machine,0.0,4.0,25.9,221.73189697265624,N,1.0,0.0
2026-09-26T23:09:16,mobilevit_xxs_batch0_node_2_local_train,6ba5af30-a87c-418a-b8ca-c7e536f45beb,5b0fa12a-3dd7-45bb-9766-cc326314d9f1,71.5847813510336,0.001275267617673105,1.7814786796924283e-05,115.50512168581093,159.43840216773995,6.0,0.002199413289756147,0.003063932451141227,0.00010419070933014156,0.005367536450227515,0.0,United Kingdom,GBR,england,,,Linux-6.4.0-150600.23.73_15.0.14-cray_shasta_c_64k-aarch64-with-glibc2.38,3.11.7,3.3.0,72,Neoverse-V2,1,1 x NVIDIA GH200 120GB,-2.5917,51.4535,64,machine,6.141176470588236,9.720588235294118,25.900000000000027,221.90979362936582,N,1.0,0.0
2026-09-26T23:09:33,mobilevit_xxs_batch0_node_2_evaluate,432f5c36-4bc7-4887-99c5-cf9bc8b86e53,5b0fa12a-3dd7-45bb-9766-cc326314d9f1,12.876868471037596,0.00017131107169693824,1.3303783608743678e-05,115.55137734336,145.8577199578496,6.0,0.00031541679127512984,0.00039761754031530927,8.005243882071228e-06,0.0007210395754725103,0.0,United Kingdom,GBR,england,,,Linux-6.4.0-150600.23.73_15.0.14-cray_shasta_c_64k-aarch64-with-glibc2.38,3.11.7,3.3.0,72,Neoverse-V2,1,1 x NVIDIA GH200 120GB,-2.5917,51.4535,64,machine,0.0,1.5555555555555556,25.900000000000002,221.93480767144098,N,1.0,0.0
2026-09-26T23:10:46,mobilevit_xxs_batch0_node_3_local_train,4ae2d2bc-1555-4ac0-b090-bf3f1b903250,5b0fa12a-3dd7-45bb-9766-cc326314d9f1,68.09885374619626,0.0012184271650083549,1.789203632632967e-05,115.50495897843429,135.23600833436865,6.0,0.0020879881286796852,0.0029319504011198205,0.00010835935018801441,0.00512829787998752,0.0,United Kingdom,GBR,england,,,Linux-6.4.0-150600.23.73_15.0.14-cray_shasta_c_64k-aarch64-with-glibc2.38,3.11.7,3.3.0,72,Neoverse-V2,1,1 x NVIDIA GH200 120GB,-2.5917,51.4535,64,machine,3.1323076923076925,11.246153846153845,25.900000000000023,221.67224778395433,N,1.0,0.0
2026-09-26T23:14:18,mobilevit_xxs_batch0_node_3_evaluate,524b21c1-b9bd-4b80-abd6-63344efc8102,5b0fa12a-3dd7-45bb-9766-cc326314d9f1,9.388108017854393,0.0001135479610160527,1.2094871597142482e-05,115.5442062816,146.514721072709,6.0,0.00020389405343404862,0.00026517243435364435,8.851096848181139e-06,0.0004779175846358741,0.0,United Kingdom,GBR,england,,,Linux-6.4.0-150600.23.73_15.0.14-cray_shasta_c_64k-aarch64-with-glibc2.38,3.11.7,3.3.0,72,Neoverse-V2,1,1 x NVIDIA GH200 120GB,-2.5917,51.4535,64,machine,0.0,3.1666666666666665,25.8,221.08732096354166,N,1.0,0.0
2026-09-26T23:15:48,mobilevit_xxs_batch0_node_4_local_train,cf82610f-9f28-420c-991d-623d7af1d2bf,5b0fa12a-3dd7-45bb-9766-cc326314d9f1,77.76954954490066,0.0013892320413963848,1.7863444619726187e-05,115.50267924456001,159.31687286640184,6.0,0.0023975933580929055,0.0033368398916735487,0.00011277365542016924,0.005847206905186624,0.0,United Kingdom,GBR,england,,,Linux-6.4.0-150600.23.73_15.0.14-cray_shasta_c_64k-aarch64-with-glibc2.38,3.11.7,3.3.0,72,Neoverse-V2,1,1 x NVIDIA GH200 120GB,-2.5917,51.4535,64,machine,2.735135135135135,9.864864864864865,25.79999999999997,221.01094096415753,N,1.0,0.0
2026-09-26T23:16:05,mobilevit_xxs_batch0_node_4_evaluate,0b8043bc-e313-49b1-9075-4ee993cf6d43,5b0fa12a-3dd7-45bb-9766-cc326314d9f1,8.479868785943836,9.734121483885348e-05,1.1479094464315947e-05,115.46506051200001,75.15767482534442,6.0,0.00017466922835411065,0.0002260082363534366,9.026750718476253e-06,0.0004097042154260235,0.0,United Kingdom,GBR,england,,,Linux-6.4.0-150600.23.73_15.0.14-cray_shasta_c_64k-aarch64-with-glibc2.38,3.11.7,3.3.0,72,Neoverse-V2,1,1 x NVIDIA GH200 120GB,-2.5917,51.4535,64,machine,0.0,3.4,25.9,221.46370849609374,N,1.0,0.0
2026-09-26T23:21:22,mobilevit_xxs_batch0_node_5_local_train,2600dbbf-0f36-4908-95da-fe4fe84663cc,5b0fa12a-3dd7-45bb-9766-cc326314d9f1,286.0534021288622,0.005090591160675111,1.779594692036519e-05,115.29474364418854,150.17645307388324,6.0,0.009159959236044676,0.011692583242947308,0.0005734964397926039,0.021426038918784585,0.0,United Kingdom,GBR,england,,,Linux-6.4.0-150600.23.73_15.0.14-cray_shasta_c_64k-aarch64-with-glibc2.38,3.11.7,3.3.0,72,Neoverse-V2,1,1 x NVIDIA GH200 120GB,-2.5917,51.4535,64,machine,1.8547368421052632,2.9964912280701754,23.64280701754381,202.41906417043586,N,1.0,0.0
2026-09-26T23:22:03,mobilevit_xxs_batch0_node_5_evaluate,8f153a4c-a0bd-42aa-8ba8-0e99f7660261,5b0fa12a-3dd7-45bb-9766-cc326314d9f1,10.089959589065984,0.00012565072561609945,1.2453045476243657e-05,115.48814271634286,147.187012154181,6.0,0.00022619721859096204,0.00029343023473415997,9.230051088379696e-06,0.0005288575044135017,0.0,United Kingdom,GBR,england,,,Linux-6.4.0-150600.23.73_15.0.14-cray_shasta_c_64k-aarch64-with-glibc2.38,3.11.7,3.3.0,72,Neoverse-V2,1,1 x NVIDIA GH200 120GB,-2.5917,51.4535,64,machine,0.0,3.142857142857143,31.300000000000004,268.06740025111606,N,1.0,0.0
2026-09-26T23:22:43,mobilevit_xxs_batch0_node_0_upload,797c5c49-6cac-47e7-965d-7c1cb5c57c7f,5b0fa12a-3dd7-45bb-9766-cc326314d9f1,16.114214866887778,0.0002218382349081802,1.3766617656565042e-05,115.20095696640007,142.5156421456392,6.0,0.0004174558224611827,0.0005162445796713655,5.429821709791819e-09,0.000933705831954258,0.0,United Kingdom,GBR,england,,,Linux-6.4.0-150600.23.73_15.0.14-cray_shasta_c_64k-aarch64-with-glibc2.38,3.11.7,3.3.0,72,Neoverse-V2,1,1 x NVIDIA GH200 120GB,-2.5917,51.4535,64,machine,0.0,0.0,20.699999999999996,176.87589205228366,N,1.0,0.0
2026-09-26T23:35:48,mobilevit_xxs_batch0_node_1_upload,eb63e0cb-f7a5-471f-952e-0d60ccd86a97,5b0fa12a-3dd7-45bb-9766-cc326314d9f1,4.091968429973349,1.7183805339534655e-05,4.199398317363502e-06,115.2010368,138.73938770976108,6.0,3.285589259290772e-05,3.944419822232703e-05,2.567064482718706e-08,7.232576146006194e-05,0.0,United Kingdom,GBR,england,,,Linux-6.4.0-150600.23.73_15.0.14-cray_shasta_c_64k-aarch64-with-glibc2.38,3.11.7,3.3.0,72,Neoverse-V2,1,1 x NVIDIA GH200 120GB,-2.5917,51.4535,64,machine,8.0,0.0,25.9,221.555419921875,N,1.0,0.0
2026-09-26T23:40:53,mobilevit_xxs_batch0_node_2_upload,0459d69e-f856-4661-83f5-ad5124d39c23,5b0fa12a-3dd7-45bb-9766-cc326314d9f1,301.09709300799295,0.005378365118874503,1.7862560761195155e-05,115.2014358143656,121.04452320921284,6.0,0.00963449871243127,0.011851580314598209,0.0011511858247713344,0.02263726485180081,0.0,United Kingdom,GBR,england,,,Linux-6.4.0-150600.23.73_15.0.14-cray_shasta_c_64k-aarch64-with-glibc2.38,3.11.7,3.3.0,72,Neoverse-V2,1,1 x NVIDIA GH200 120GB,-2.5917,51.4535,64,machine,1.1491694352159476,0.0,26.08106312292355,223.29211588000933,N,1.0,0.0
2026-09-26T23:41:01,mobilevit_xxs_batch0_node_3_upload,e7820456-8ea9-4945-bc5c-0d3ffc0f9428,5b0fa12a-3dd7-45bb-9766-cc326314d9f1,6.077244826126844,5.1025515395449484e-05,8.396159255602858e-06,115.20158578560002,141.2242877497703,6.0,9.656587646275573e-05,0.0001181925945417106,5.324438291912278e-09,0.00021476379544275824,0.0,United Kingdom,GBR,england,,,Linux-6.4.0-150600.23.73_15.0.14-cray_shasta_c_64k-aarch64-with-glibc2.38,3.11.7,3.3.0,72,Neoverse-V2,1,1 x NVIDIA GH200 120GB,-2.5917,51.4535,64,machine,0.0,0.0,26.100000000000005,223.779052734375,N,1.0,0.0
2026-09-26T23:41:09,mobilevit_xxs_batch0_node_4_upload,a16af08d-6ca3-4d78-92fe-e8f017ad0707,5b0fa12a-3dd7-45bb-9766-cc326314d9f1,4.520852473797277,2.4186479137421682e-05,5.3499819508833296e-06,115.2013799808,136.45906687020104,6.0,4.665389184621343e-05,5.514032189068985e-05,5.4450748333086574e-09,0.00010179965881173659,0.0,United Kingdom,GBR,england,,,Linux-6.4.0-150600.23.73_15.0.14-cray_shasta_c_64k-aarch64-with-glibc2.38,3.11.7,3.3.0,72,Neoverse-V2,1,1 x NVIDIA GH200 120GB,-2.5917,51.4535,64,machine,0.0,0.0,26.1,223.78302001953125,N,1.0,0.0
2026-09-26T23:41:38,mobilevit_xxs_batch0_node_5_upload,23a2bfc5-0c24-458f-a681-e62cdb3b920f,5b0fa12a-3dd7-45bb-9766-cc326314d9f1,3.0781240360811353,1.201991659985606e-07,3.904948747666135e-08,115.2013799808,0.0,6.0,5.003748274601272e-07,0.0,5.537340184673667e-09,5.059121676448008e-07,0.0,United Kingdom,GBR,england,,,Linux-6.4.0-150600.23.73_15.0.14-cray_shasta_c_64k-aarch64-with-glibc2.38,3.11.7,3.3.0,72,Neoverse-V2,1,1 x NVIDIA GH200 120GB,-2.5917,51.4535,64,machine,0,0,0,0,N,1.0,0.0
2026-09-26T23:41:53,mobilevit_xxs_batch0_node_0_exchange,bc78c266-9c80-4fcd-b4c5-a5537278cbbd,5b0fa12a-3dd7-45bb-9766-cc326314d9f1,4.114087405148894,1.7115424360659576e-05,4.160199498736743e-06,115.2013799808,140.14151680568017,6.0,3.265751788718769e-05,3.937503150552857e-05,5.400010074178378e-09,7.203794940279044e-05,0.0,United Kingdom,GBR,england,,,Linux-6.4.0-150600.23.73_15.0.14-cray_shasta_c_64k-aarch64-with-glibc2.38,3.11.7,3.3.0,72,Neoverse-V2,1,1 x NVIDIA GH200 120GB,-2.5917,51.4535,64,machine,0.0,0.0,26.1,223.86578369140625,N,1.0,0.0
2026-09-26T23:42:02,mobilevit_xxs_batch0_node_1_exchange,1d94f78c-0ebb-4cc6-9ffa-1762dee0afa5,5b0fa12a-3dd7-45bb-9766-cc326314d9f1,5.106909655965865,3.404832958819758e-05,6.667110225539725e-06,115.20165438720001,140.83938251870947,6.0,6.45338744991114e-05,7.876811856988297e-05,5.692001432180405e-09,0.00014330768507042656,0.0,United Kingdom,GBR,england,,,Linux-6.4.0-150600.23.73_15.0.14-cray_shasta_c_64k-aarch64-with-glibc2.38,3.11.7,3.3.0,72,Neoverse-V2,1,1 x NVIDIA GH200 120GB,-2.5917,51.4535,64,machine,0.0,0.0,26.1,223.86123657226562,N,1.0,0.0
2026-09-26T23:42:21,mobilevit_xxs_batch0_node_2_exchange,5040ae49-047a-4167-90bb-ec4bc41783d9,5b0fa12a-3dd7-45bb-9766-cc326314d9f1,4.101659046020359,1.7080183282755288e-05,4.1642133319997336e-06,115.2013799808,140.26498663410473,6.0,3.247270619721781e-05,3.941142041696821e-05,5.4948866212119665e-09,7.188962150080723e-05,0.0,United Kingdom,GBR,england,,,Linux-6.4.0-150600.23.73_15.0.14-cray_shasta_c_64k-aarch64-with-glibc2.38,3.11.7,3.3.0,72,Neoverse-V2,1,1 x NVIDIA GH200 120GB,-2.5917,51.4535,64,machine,8.0,0.0,26.1,223.89874267578125,N,1.0,0.0
2026-09-26T23:42:34,mobilevit_xxs_batch0_node_3_exchange,8368fdd2-050c-4836-8b99-80d9e85d949a,5b0fa12a-3dd7-45bb-9766-cc326314d9f1,4.594610139960423,2.549756776992696e-05,5.549451856245324e-06,115.2013799808,141.23363473245567,6.0,4.8264753295921576e-05,5.904338055984226e-05,9.830233175307513e-09,0.00010731796408893914,0.0,United Kingdom,GBR,england,,,Linux-6.4.0-150600.23.73_15.0.14-cray_shasta_c_64k-aarch64-with-glibc2.38,3.11.7,3.3.0,72,Neoverse-V2,1,1 x NVIDIA GH200 120GB,-2.5917,51.4535,64,machine,0.0,0.0,26.1,223.9239501953125,N,1.0,0.0
2026-09-26T23:42:41,mobilevit_xxs_batch0_node_4_exchange,06f4d653-d1eb-47b8-bcc5-8c11a27bfa7d,5b0fa12a-3dd7-45bb-9766-cc326314d9f1,6.117427543969825,5.10329027811967e-05,8.34221613813828e-06,115.2013799808,141.10023025155783,6.0,9.662042914257353e-05,0.00011816453896074108,9.920469795664152e-09,0.00021479488857311028,0.0,United Kingdom,GBR,england,,,Linux-6.4.0-150600.23.73_15.0.14-cray_shasta_c_64k-aarch64-with-glibc2.38,3.11.7,3.3.0,72,Neoverse-V2,1,1 x NVIDIA GH200 120GB,-2.5917,51.4535,64,machine,3.3333333333333335,0.0,26.100000000000005,223.8537801106771,N,1.0,0.0
2026-09-26T23:42:53,mobilevit_xxs_batch0_node_5_exchange,85212fff-9f5d-4f32-937c-f30e224ddadc,5b0fa12a-3dd7-45bb-9766-cc326314d9f1,8.44373588799499,9.032175365777626e-05,1.0696894698730759e-05,115.20144858239998,140.44222220417126,6.0,0.00017140912310114709,0.00020874516700075674,5.370731620738904e-09,0.00038015966083352454,0.0,United Kingdom,GBR,england,,,Linux-6.4.0-150600.23.73_15.0.14-cray_shasta_c_64k-aarch64-with-glibc2.38,3.11.7,3.3.0,72,Neoverse-V2,1,1 x NVIDIA GH200 120GB,-2.5917,51.4535,64,machine,1.9,0.0,26.1,223.8806640625,N,1.0,0.0
2026-09-26T23:43:24,mobilevit_xxs_batch0_node_0_evaluate,e3576e67-226d-492d-82f7-15bd1915ff44,5b0fa12a-3dd7-45bb-9766-cc326314d9f1,14.59522389410995,0.000201601952133335,1.3812871497962665e-05,115.5379569696,146.9950833624566,6.0,0.00037009385941678334,0.0004696248201554454,8.813668867029871e-06,0.0008485323484392585,0.0,United Kingdom,GBR,england,,,Linux-6.4.0-150600.23.73_15.0.14-cray_shasta_c_64k-aarch64-with-glibc2.38,3.11.7,3.3.0,72,Neoverse-V2,1,1 x NVIDIA GH200 120GB,-2.5917,51.4535,64,machine,2.4272727272727272,1.6363636363636365,26.1,223.93168501420453,N,1.0,0.0
2026-09-26T23:43:49,mobilevit_xxs_batch0_node_1_evaluate,5073e1b4-4318-4782-9ce3-e2d32d87e050,5b0fa12a-3dd7-45bb-9766-cc326314d9f1,15.335424973163754,0.00021425321679934207,1.397113005829801e-05,115.54052644388571,146.64717783760125,6.0,0.0003937468728028383,0.0004985012321299109,9.532772125288224e-06,0.0009017808770580374,0.0,United Kingdom,GBR,england,,,Linux-6.4.0-150600.23.73_15.0.14-cray_shasta_c_64k-aarch64-with-glibc2.38,3.11.7,3.3.0,72,Neoverse-V2,1,1 x NVIDIA GH200 120GB,-2.5917,51.4535,64,machine,0.0,2.0,26.183333333333334,224.0064239501953,N,1.0,0.0
2026-09-26T23:44:02,mobilevit_xxs_batch0_node_2_evaluate,94d6897c-2232-4682-82c6-1ed27358d09c,5b0fa12a-3dd7-45bb-9766-cc326314d9f1,8.908656585030258,0.00010371064692804262,1.1641558515378598e-05,115.58073105216002,143.2301436481335,6.0,0.00018773134249834537,0.0002408104704301195,7.971017749902482e-06,0.00043651283067836736,0.0,United Kingdom,GBR,england,,,Linux-6.4.0-150600.23.73_15.0.14-cray_shasta_c_64k-aarch64-with-glibc2.38,3.11.7,3.3.0,72,Neoverse-V2,1,1 x NVIDIA GH200 120GB,-2.5917,51.4535,64,machine,0.0,2.8,26.1,223.9481689453125,N,1.0,0.0
2026-09-26T23:44:12,mobilevit_xxs_batch0_node_3_evaluate,44a94b42-6c27-4ff9-b026-8cd8ff6b7f22,5b0fa12a-3dd7-45bb-9766-cc326314d9f1,8.388593967072666,9.540507296205701e-05,1.1373189993048398e-05,115.5146768352,75.0618666846073,6.0,0.00017132660784492575,0.00022137545487055377,8.853030163639535e-06,0.00040155509287911906,0.0,United Kingdom,GBR,england,,,Linux-6.4.0-150600.23.73_15.0.14-cray_shasta_c_64k-aarch64-with-glibc2.38,3.11.7,3.3.0,72,Neoverse-V2,1,1 x NVIDIA GH200 120GB,-2.5917,51.4535,64,machine,4.220000000000001,4.0,26.18,223.97642822265624,N,1.0,0.0
2026-09-26T23:44:41,mobilevit_xxs_batch0_node_4_evaluate,dc77585e-232b-49e6-9b27-f4466050a707,5b0fa12a-3dd7-45bb-9766-cc326314d9f1,12.501814180985093,0.00016605768832306952,1.3282687289948573e-05,115.5180996576,147.0555616882605,6.0,0.0003032143463264097,0.00038674308717645545,8.970918916941932e-06,0.000698928352419807,0.0,United Kingdom,GBR,england,,,Linux-6.4.0-150600.23.73_15.0.14-cray_shasta_c_64k-aarch64-with-glibc2.38,3.11.7,3.3.0,72,Neoverse-V2,1,1 x NVIDIA GH200 120GB,-2.5917,51.4535,64,machine,13.422222222222224,2.2222222222222223,26.199999999999996,224.09038628472223,N,1.0,0.0
2026-09-26T23:44:59,mobilevit_xxs_batch0_node_5_evaluate,cdb83b64-8343-4278-99af-14250361c9a6,5b0fa12a-3dd7-45bb-9766-cc326314d9f1,13.33898858889006,0.00018012070293415164,1.3503325363376707e-05,115.52490484498287,146.31727432197133,6.0,0.00033024459427616175,0.0004186889460555676,9.185324321733788e-06,0.0007581188646534631,0.0,United Kingdom,GBR,england,,,Linux-6.4.0-150600.23.73_15.0.14-cray_shasta_c_64k-aarch64-with-glibc2.38,3.11.7,3.3.0,72,Neoverse-V2,1,1 x NVIDIA GH200 120GB,-2.5917,51.4535,64,machine,3.3299999999999996,1.6,26.199999999999996,224.0533203125,N,1.0,0.0
2026-09-26T23:45:37,mobilenet_v3_small_batch1_node_0_local_train,21365030-31d4-438b-93e1-bea82478c681,5b0fa12a-3dd7-45bb-9766-cc326314d9f1,8.561170222004876,9.829223525968497e-05,1.1481168194395119e-05,115.27024968,206.51019557825447,6.0,0.00017548375060088975,0.00022911046106344202,9.112800275130818e-06,0.0004137070119394626,0.0,United Kingdom,GBR,england,,,Linux-6.4.0-150600.23.73_15.0.14-cray_shasta_c_64k-aarch64-with-glibc2.38,3.11.7,3.3.0,72,Neoverse-V2,1,1 x NVIDIA GH200 120GB,-2.5917,51.4535,64,machine,8.36,4.4,25.8,220.563427734375,N,1.0,0.0
2026-09-26T23:46:35,mobilenet_v3_small_batch1_node_0_evaluate,8c247acd-1274-467f-8263-fd286a3678f5,5b0fa12a-3dd7-45bb-9766-cc326314d9f1,9.888333071023226,0.00012031572014343726,1.2167442103665631e-05,115.2698590656,637.2079506801572,6.0,0.00021909868020952551,0.0002759574429944678,1.1346614900200318e-05,0.0005064027381041936,0.0,United Kingdom,GBR,england,,,Linux-6.4.0-150600.23.73_15.0.14-cray_shasta_c_64k-aarch64-with-glibc2.38,3.11.7,3.3.0,72,Neoverse-V2,1,1 x NVIDIA GH200 120GB,-2.5917,51.4535,64,machine,10.816666666666665,0.5,25.8,220.61661783854166,N,1.0,0.0
2026-09-26T23:46:53,mobilenet_v3_small_batch1_node_1_local_train,ee55fdca-e1e8-4030-b716-51b92f325026,5b0fa12a-3dd7-45bb-9766-cc326314d9f1,11.017535321880132,0.0001409681223463525,1.2794887261799713e-05,115.29629639177142,144.5994785406856,6.0,0.0002551976766852267,0.0003265499834697039,1.1579986943009621e-05,0.0005933276470979402,0.0,United Kingdom,GBR,england,,,Linux-6.4.0-150600.23.73_15.0.14-cray_shasta_c_64k-aarch64-with-glibc2.38,3.11.7,3.3.0,72,Neoverse-V2,1,1 x NVIDIA GH200 120GB,-2.5917,51.4535,64,machine,0.0,5.857142857142857,25.800000000000004,220.80501011439733,N,1.0,0.0
2026-09-26T23:47:04,mobilenet_v3_small_batch1_node_1_evaluate,2c6cbf19-a3ce-48e3-b238-a2158a75ee44,5b0fa12a-3dd7-45bb-9766-cc326314d9f1,8.370452024973929,9.2573297204186e-05,1.105953381346503e-05,115.34404806720002,143.70001797869213,6.0,0.0001705040244001679,0.00021260905897690918,6.523209566560885e-06,0.00038963629294363794,0.0,United Kingdom,GBR,england,,,Linux-6.4.0-150600.23.73_15.0.14-cray_shasta_c_64k-aarch64-with-glibc2.38,3.11.7,3.3.0,72,Neoverse-V2,1,1 x NVIDIA GH200 120GB,-2.5917,51.4535,64,machine,0.0,0.6,25.8,220.95760498046874,N,1.0,0.0
2026-09-26T23:47:13,mobilenet_v3_small_batch1_node_2_local_train,f1425f1a-9127-435d-88d2-1f3ac3ba003a,5b0fa12a-3dd7-45bb-9766-cc326314d9f1,7.926995411980897,8.660018819711804e-05,1.0924717840284114e-05,115.28715535200001,145.83591181463845,6.0,0.00015641369016651516,0.00020164182798509955,6.4402632066048685e-06,0.0003644957813582196,0.0,United Kingdom,GBR,england,,,Linux-6.4.0-150600.23.73_15.0.14-cray_shasta_c_64k-aarch64-with-glibc2.38,3.11.7,3.3.0,72,Neoverse-V2,1,1 x NVIDIA GH200 120GB,-2.5917,51.4535,64,machine,0.0,1.5,25.8,220.9306182861328,N,1.0,0.0
2026-09-26T23:47:32,mobilenet_v3_small_batch1_node_2_evaluate,d06b74fe-afd8-4611-8d1b-cab2f898dd5b,5b0fa12a-3dd7-45bb-9766-cc326314d9f1,7.852742396993563,8.386878321554261e-05,1.0680190304937539e-05,115.32767142240002,143.1584938896977,6.0,0.00015393888855735674,0.0001927493208739861,6.311227476689965e-06,0.0003529994369080328,0.0,United Kingdom,GBR,england,,,Linux-6.4.0-150600.23.73_15.0.14-cray_shasta_c_64k-aarch64-with-glibc2.38,3.11.7,3.3.0,72,Neoverse-V2,1,1 x NVIDIA GH200 120GB,-2.5917,51.4535,64,machine,0.0,0.75,25.8,220.93556213378906,N,1.0,0.0
2026-09-26T23:48:15,mobilenet_v3_small_batch1_node_3_local_train,c63d77c1-85b3-4104-aeef-2b6954639c1e,5b0fa12a-3dd7-45bb-9766-cc326314d9f1,11.66124468203634,0.00015099423730455917,1.2948380847986105e-05,115.29603943200001,145.6363526147772,6.0,0.00027546280374136684,0.00035076083617013865,9.303414390500013e-06,0.0006355270543020055,0.0,United Kingdom,GBR,england,,,Linux-6.4.0-150600.23.73_15.0.14-cray_shasta_c_64k-aarch64-with-glibc2.38,3.11.7,3.3.0,72,Neoverse-V2,1,1 x NVIDIA GH200 120GB,-2.5917,51.4535,64,machine,0.0,1.625,25.800000000000004,221.0124969482422,N,1.0,0.0
2026-09-26T23:48:24,mobilenet_v3_small_batch1_node_3_evaluate,5fa69d71-dc0d-4891-b65d-b14f26046eec,5b0fa12a-3dd7-45bb-9766-cc326314d9f1,8.298210537992418,9.19610503479739e-05,1.1082033882719731e-05,115.34334195456003,145.20060677980396,6.0,0.00016805955921633014,0.00021258850341610014,6.4113144766694545e-06,0.00038705937710909973,0.0,United Kingdom,GBR,england,,,Linux-6.4.0-150600.23.73_15.0.14-cray_shasta_c_64k-aarch64-with-glibc2.38,3.11.7,3.3.0,72,Neoverse-V2,1,1 x NVIDIA GH200 120GB,-2.5917,51.4535,64,machine,10.8,0.6,25.8,221.02506103515626,N,1.0,0.0
2026-09-26T23:48:47,mobilenet_v3_small_batch1_node_4_local_train,8376775f-85fb-4e1e-9e47-5f4ef39a4438,5b0fa12a-3dd7-45bb-9766-cc326314d9f1,8.788770303828642,0.00010315331678084405,1.1736945353539105e-05,115.27891862400001,536.1171964938869,6.0,0.00018370320200674346,0.00024093602608843412,9.527828379844624e-06,0.0004341670564750222,0.0,United Kingdom,GBR,england,,,Linux-6.4.0-150600.23.73_15.0.14-cray_shasta_c_64k-aarch64-with-glibc2.38,3.11.7,3.3.0,72,Neoverse-V2,1,1 x NVIDIA GH200 120GB,-2.5917,51.4535,64,machine,0.0,6.6,25.7,220.474853515625,N,1.0,0.0
2026-09-26T23:49:04,mobilenet_v3_small_batch1_node_4_evaluate,8bb75c04-856e-472b-98ca-dd96af677f14,5b0fa12a-3dd7-45bb-9766-cc326314d9f1,6.924298704136163,6.836101211658251e-05,9.872626100856642e-06,115.29802840320001,763.5841188698902,6.0,0.00012415483025789782,0.00015715262573223754,6.420562211812163e-06,0.00028772801820194755,0.0,United Kingdom,GBR,england,,,Linux-6.4.0-150600.23.73_15.0.14-cray_shasta_c_64k-aarch64-with-glibc2.38,3.11.7,3.3.0,72,Neoverse-V2,1,1 x NVIDIA GH200 120GB,-2.5917,51.4535,64,machine,0.0,1.0,25.766666666666666,220.541748046875,N,1.0,0.0
2026-09-26T23:49:15,mobilenet_v3_small_batch1_node_5_local_train,19f02e9a-eeac-4cd3-9126-c92c7e439c3c,5b0fa12a-3dd7-45bb-9766-cc326314d9f1,9.690208116080612,0.0001184462663473848,1.222329437391822e-05,115.27786856777143,74.66868335855962,6.0,0.00021277194102008534,0.0002747191086740486,1.1043252598416682e-05,0.0004985343022925506,0.0,United Kingdom,GBR,england,,,Linux-6.4.0-150600.23.73_15.0.14-cray_shasta_c_64k-aarch64-with-glibc2.38,3.11.7,3.3.0,72,Neoverse-V2,1,1 x NVIDIA GH200 120GB,-2.5917,51.4535,64,machine,12.299999999999999,6.833333333333333,25.750000000000004,220.53956095377603,N,1.0,0.0
2026-09-26T23:49:40,mobilenet_v3_small_batch1_node_5_evaluate,4fae5809-f84d-42f8-a8fd-f05cdda61086,5b0fa12a-3dd7-45bb-9766-cc326314d9f1,7.97998577891849,8.570651082425557e-05,1.0740183403669071e-05,115.34749672320001,143.05917780692545,6.0,0.00015747003630895426,0.00019677043519550352,6.493867308599876e-06,0.0003607343388130577,0.0,United Kingdom,GBR,england,,,Linux-6.4.0-150600.23.73_15.0.14-cray_shasta_c_64k-aarch64-with-glibc2.38,3.11.7,3.3.0,72,Neoverse-V2,1,1 x NVIDIA GH200 120GB,-2.5917,51.4535,64,machine,0.0,0.75,25.8,220.58474731445312,N,1.0,0.0
2026-09-26T23:50:28,mobilenet_v3_small_batch1_node_1_upload,25707947-2eb5-48d9-9bda-259ca45fab81,5b0fa12a-3dd7-45bb-9766-cc326314d9f1,39.3183263449464,0.0006325637918889089,1.6088268517314767e-05,115.20189873277052,94.35330831367708,6.0,0.0011603591385156227,0.0014270525305306592,7.501711296344486e-05,0.0026624287820097266,0.0,United Kingdom,GBR,england,,,Linux-6.4.0-150600.23.73_15.0.14-cray_shasta_c_64k-aarch64-with-glibc2.38,3.11.7,3.3.0,72,Neoverse-V2,1,1 x NVIDIA GH200 120GB,-2.5917,51.4535,64,machine,2.261111111111111,0.0,25.794444444444434,220.60869344075522,N,1.0,0.0
2026-09-26T23:50:39,mobilenet_v3_small_batch1_node_0_exchange,eddb1bb7-f107-4b6b-9ffd-a1ee9b220559,5b0fa12a-3dd7-45bb-9766-cc326314d9f1,7.567341240122914,7.654463278809687e-05,1.0115128994348559e-05,115.4661107904,71.79629300618141,6.0,0.00014461017611176237,0.00017745680862901736,1.054760553718855e-07,0.00032217246079615163,0.0,United Kingdom,GBR,england,,,Linux-6.4.0-150600.23.73_15.0.14-cray_shasta_c_64k-aarch64-with-glibc2.38,3.11.7,3.3.0,72,Neoverse-V2,1,1 x NVIDIA GH200 120GB,-2.5917,51.4535,64,machine,0.0,0.0,25.8,220.6095428466797,N,1.0,0.0
2026-09-26T23:51:45,mobilenet_v3_small_batch1_node_1_exchange,81a3fc61-24ea-49a1-b9b3-642b07e5b093,5b0fa12a-3dd7-45bb-9766-cc326314d9f1,8.033764119958505,8.373676864145795e-05,1.0423105208357854e-05,115.25459415552001,70.83729947518182,6.0,0.00015918165358916556,0.00019315765452176947,1.0448617860674858e-07,0.0003524437942895418,0.0,United Kingdom,GBR,england,,,Linux-6.4.0-150600.23.73_15.0.14-cray_shasta_c_64k-aarch64-with-glibc2.38,3.11.7,3.3.0,72,Neoverse-V2,1,1 x NVIDIA GH200 120GB,-2.5917,51.4535,64,machine,0.0,0.0,26.0,222.37171936035156,N,1.0,0.0
2026-09-26T23:51:54,mobilenet_v3_small_batch1_node_2_exchange,5a9b1a36-541e-459c-9894-09e09f5509e4,5b0fa12a-3dd7-45bb-9766-cc326314d9f1,4.518190109869465,2.526845113979498e-05,5.592604676947737e-06,115.282319328,75.83031513209221,6.0,4.7110778604954396e-05,5.913865842899213e-05,1.0418682824820281e-07,0.00010635362386219472,0.0,United Kingdom,GBR,england,,,Linux-6.4.0-150600.23.73_15.0.14-cray_shasta_c_64k-aarch64-with-glibc2.38,3.11.7,3.3.0,72,Neoverse-V2,1,1 x NVIDIA GH200 120GB,-2.5917,51.4535,64,machine,0.0,0.0,25.9,222.2486572265625,N,1.0,0.0
2026-09-26T23:52:07,mobilenet_v3_small_batch1_node_3_exchange,2cfcca0f-c1f1-4c31-a8b5-89514a279cc3,5b0fa12a-3dd7-45bb-9766-cc326314d9f1,4.134696359978989,1.860040024911909e-05,4.498613351432078e-06,115.43735669760001,191.73802906731203,6.0,3.4714853515336024e-05,4.3469479223290364e-05,1.0380454516659182e-07,7.828813728379298e-05,0.0,United Kingdom,GBR,england,,,Linux-6.4.0-150600.23.73_15.0.14-cray_shasta_c_64k-aarch64-with-glibc2.38,3.11.7,3.3.0,72,Neoverse-V2,1,1 x NVIDIA GH200 120GB,-2.5917,51.4535,64,machine,0.0,0.0,26.0,222.3563232421875,N,1.0,0.0
2026-09-26T23:52:12,mobilenet_v3_small_batch1_node_4_exchange,afe18461-4194-4a92-9760-3b52dd4395a7,5b0fa12a-3dd7-45bb-9766-cc326314d9f1,3.1325979088433087,1.5986710416056956e-06,5.103339426654966e-07,115.2511489728,126.13431831660316,6.0,2.533110873760994e-06,4.086114373080818e-06,1.0949974297545852e-07,6.728724989817271e-06,0.0,United Kingdom,GBR,england,,,Linux-6.4.0-150600.23.73_15.0.14-cray_shasta_c_64k-aarch64-with-glibc2.38,3.11.7,3.3.0,72,Neoverse-V2,1,1 x NVIDIA GH200 120GB,-2.5917,51.4535,64,machine,0,0,0,0,N,1.0,0.0
2026-09-26T23:52:19,mobilenet_v3_small_batch1_node_5_exchange,27c312e8-0cc9-47cc-a236-92ae1dd43d09,5b0fa12a-3dd7-45bb-9766-cc326314d9f1,4.139647387899458,1.8566685742286615e-05,4.4850887050328535e-06,115.3637944416,192.26926617254122,6.0,3.457038314996348e-05,4.346781256003851e-05,1.0803893169698616e-07,7.814623464169897e-05,0.0,United Kingdom,GBR,england,,,Linux-6.4.0-150600.23.73_15.0.14-cray_shasta_c_64k-aarch64-with-glibc2.38,3.11.7,3.3.0,72,Neoverse-V2,1,1 x NVIDIA GH200 120GB,-2.5917,51.4535,64,machine,0.0,0.0,26.0,222.32598876953125,N,1.0,0.0
2026-09-26T23:55:29,mobilenet_v3_small_batch1_node_0_evaluate,3394b072-f309-4ab2-9e10-f0b861b00656,5b0fa12a-3dd7-45bb-9766-cc326314d9f1,12.559813462896273,0.00016266709919761,1.2951394515384723e-05,115.34657364288,142.41209149086842,6.0,0.0003043006841121714,0.00037402057698443514,6.336274385297051e-06,0.0006846575354819036,0.0,United Kingdom,GBR,england,,,Linux-6.4.0-150600.23.73_15.0.14-cray_shasta_c_64k-aarch64-with-glibc2.38,3.11.7,3.3.0,72,Neoverse-V2,1,1 x NVIDIA GH200 120GB,-2.5917,51.4535,64,machine,0.0,0.4444444444444444,25.900000000000002,222.14248996310764,N,1.0,0.0
2026-09-26T23:58:14,mobilenet_v3_small_batch1_node_1_evaluate,401c8c2a-fc76-4e49-b366-3136bba64e5d,5b0fa12a-3dd7-45bb-9766-cc326314d9f1,6.93326306482777,6.846036257276163e-05,9.87419082943195e-06,115.3083299184,73.43608698530312,6.0,0.00012434436048742935,0.0001573676259027934,6.4341928216163065e-06,0.0002881461792118391,0.0,United Kingdom,GBR,england,,,Linux-6.4.0-150600.23.73_15.0.14-cray_shasta_c_64k-aarch64-with-glibc2.38,3.11.7,3.3.0,72,Neoverse-V2,1,1 x NVIDIA GH200 120GB,-2.5917,51.4535,64,machine,12.0,1.0,25.899999999999995,222.1858113606771,N,1.0,0.0
2026-09-26T23:58:27,mobilenet_v3_small_batch1_node_2_evaluate,6ee22e1a-151b-4be4-bfb4-b4e439185071,5b0fa12a-3dd7-45bb-9766-cc326314d9f1,6.798994801007211,6.64844628004934e-05,9.778572384059524e-06,115.3193105376,74.09420413650956,6.0,0.00012017358954178154,0.00015343817828750161,6.2179498785796264e-06,0.00027982971770786275,0.0,United Kingdom,GBR,england,,,Linux-6.4.0-150600.23.73_15.0.14-cray_shasta_c_64k-aarch64-with-glibc2.38,3.11.7,3.3.0,72,Neoverse-V2,1,1 x NVIDIA GH200 120GB,-2.5917,51.4535,64,machine,9.866666666666665,1.0,25.899999999999995,222.2217000325521,N,1.0,0.0
2026-09-26T23:58:39,mobilenet_v3_small_batch1_node_3_evaluate,6633ef7a-bd89-47fe-b40f-8b88805033d7,5b0fa12a-3dd7-45bb-9766-cc326314d9f1,8.09567910595797,8.759777509797889e-05,1.0820312163004558e-05,115.3857069504,141.8298023110833,6.0,0.00016158868427052663,0.00020077349394398425,6.332395599844555e-06,0.00036869457381435544,0.0,United Kingdom,GBR,england,,,Linux-6.4.0-150600.23.73_15.0.14-cray_shasta_c_64k-aarch64-with-glibc2.38,3.11.7,3.3.0,72,Neoverse-V2,1,1 x NVIDIA GH200 120GB,-2.5917,51.4535,64,machine,1.8199999999999998,0.8,25.9,222.20538330078125,N,1.0,0.0
2026-09-26T23:58:51,mobilenet_v3_small_batch1_node_4_evaluate,7bd76e5a-2caf-442b-8fa9-8d1abc9454be,5b0fa12a-3dd7-45bb-9766-cc326314d9f1,7.876767853973433,8.410920054589444e-05,1.0678136274317844e-05,115.3466334576,142.48302309744645,6.0,0.00015482886474427518,0.00019282598761094505,6.356488851209482e-06,0.00035401134120642975,0.0,United Kingdom,GBR,england,,,Linux-6.4.0-150600.23.73_15.0.14-cray_shasta_c_64k-aarch64-with-glibc2.38,3.11.7,3.3.0,72,Neoverse-V2,1,1 x NVIDIA GH200 120GB,-2.5917,51.4535,64,machine,21.65,0.5,25.9,222.1898956298828,N,1.0,0.0
2026-09-26T23:59:00,mobilenet_v3_small_batch1_node_5_evaluate,ab5346c6-76ee-4962-a542-4db7b9257007,5b0fa12a-3dd7-45bb-9766-cc326314d9f1,7.9388267828617245,8.557271648639581e-05,1.0779012923059298e-05,115.343876736,143.2703526027768,6.0,0.00015678859789438346,0.00019692682420213714,6.455783162964508e-06,0.00036017120525948514,0.0,United Kingdom,GBR,england,,,Linux-6.4.0-150600.23.73_15.0.14-cray_shasta_c_64k-aarch64-with-glibc2.38,3.11.7,3.3.0,72,Neoverse-V2,1,1 x NVIDIA GH200 120GB,-2.5917,51.4535,64,machine,1.125,0.75,25.9,222.15032958984375,N,1.0,0.0
2026-09-26T23:59:29,efficientnet_lite0_batch1_node_0_local_train,f3bd4e26-bca8-417e-8dae-20d00146a61a,5b0fa12a-3dd7-45bb-9766-cc326314d9f1,12.681330486899242,0.00017273158686084304,1.3620935677000739e-05,115.31134582272,158.43510749924212,6.0,0.00030830472220737737,0.0004126631079230947,6.050621316535398e-06,0.0007270184514470074,0.0,United Kingdom,GBR,england,,,Linux-6.4.0-150600.23.73_15.0.14-cray_shasta_c_64k-aarch64-with-glibc2.38,3.11.7,3.3.0,72,Neoverse-V2,1,1 x NVIDIA GH200 120GB,-2.5917,51.4535,64,machine,0.0,2.888888888888889,26.100000000000005,223.30098470052084,N,1.0,0.0
2026-09-26T23:59:50,efficientnet_lite0_batch1_node_0_evaluate,85e701b9-f08a-4757-b551-b5603ae64c99,5b0fa12a-3dd7-45bb-9766-cc326314d9f1,15.9281467939727,0.000223182662544061,1.4011841140773173e-05,115.45505601408,147.44848230483947,6.0,0.00041250357867348103,0.0005204748608349519,6.386019890196621e-06,0.0009393644593986296,0.0,United Kingdom,GBR,england,,,Linux-6.4.0-150600.23.73_15.0.14-cray_shasta_c_64k-aarch64-with-glibc2.38,3.11.7,3.3.0,72,Neoverse-V2,1,1 x NVIDIA GH200 120GB,-2.5917,51.4535,64,machine,2.0,1.0,26.300000000000008,224.97232564290366,N,1.0,0.0
2026-09-27T00:00:00,efficientnet_lite0_batch1_node_1_local_train,0d081e6b-2dad-4e30-960d-523bc8dd6fd9,5b0fa12a-3dd7-45bb-9766-cc326314d9f1,9.21950003108941,0.00011698926317357003,1.2689328356100255e-05,115.32521295359999,158.9082370890132,6.0,0.0001979190128151702,0.0002865024514306924,7.980385896905015e-06,0.0004924018501427677,0.0,United Kingdom,GBR,england,,,Linux-6.4.0-150600.23.73_15.0.14-cray_shasta_c_64k-aarch64-with-glibc2.38,3.11.7,3.3.0,72,Neoverse-V2,1,1 x NVIDIA GH200 120GB,-2.5917,51.4535,64,machine,1.45,9.166666666666666,26.23333333333333,224.77117919921875,N,1.0,0.0
2026-09-27T00:09:06,efficientnet_lite0_batch1_node_1_evaluate,bc4e83ff-31ec-4df2-b974-d698413aacf5,5b0fa12a-3dd7-45bb-9766-cc326314d9f1,531.5973423758987,0.009378507771335962,1.7642126895179828e-05,115.21301173384035,138.5796760546727,6.0,0.017011442011446918,0.020975537891516183,0.0014866816358116923,0.03947366153877479,0.0,United Kingdom,GBR,england,,,Linux-6.4.0-150600.23.73_15.0.14-cray_shasta_c_64k-aarch64-with-glibc2.38,3.11.7,3.3.0,72,Neoverse-V2,1,1 x NVIDIA GH200 120GB,-2.5917,51.4535,64,machine,1.2596986817325801,0.02824858757062147,26.270998116760527,225.0037638346354,N,1.0,0.0
2026-09-27T00:09:59,efficientnet_lite0_batch1_node_2_local_train,c86f632d-97ca-4cca-85c4-5bb4ff66a345,5b0fa12a-3dd7-45bb-9766-cc326314d9f1,5.7368841879069805,5.204917131556523e-05,9.072724777202558e-06,115.25169242880001,792.3511815499397,6.0,8.595563063478334e-05,0.00012866593627336442,4.450744165029997e-06,0.00021907231107317777,0.0,United Kingdom,GBR,england,,,Linux-6.4.0-150600.23.73_15.0.14-cray_shasta_c_64k-aarch64-with-glibc2.38,3.11.7,3.3.0,72,Neoverse-V2,1,1 x NVIDIA GH200 120GB,-2.5917,51.4535,64,machine,0.0,16.0,26.3,225.49954223632812,N,1.0,0.0
2026-09-27T00:10:39,efficientnet_lite0_batch1_node_2_evaluate,8a5f7e86-861d-4a90-b8fc-69f28c625f3b,5b0fa12a-3dd7-45bb-9766-cc326314d9f1,12.091793320141733,0.00015834873407197483,1.3095554139865066e-05,115.49522354688,148.45062358994318,6.0,0.00029006803423274336,0.0003701500183552753,6.263704025186598e-06,0.0006664817566132053,0.0,United Kingdom,GBR,england,,,Linux-6.4.0-150600.23.73_15.0.14-cray_shasta_c_64k-aarch64-with-glibc2.38,3.11.7,3.3.0,72,Neoverse-V2,1,1 x NVIDIA GH200 120GB,-2.5917,51.4535,64,machine,0.0,1.3333333333333333,26.300000000000004,225.5027058919271,N,1.0,0.0
2026-09-27T00:11:04,efficientnet_lite0_batch1_node_3_local_train,54536a6e-b2e5-4bd2-854a-bb1b6943240b,5b0fa12a-3dd7-45bb-9766-cc326314d9f1,12.620722976978868,0.00017086402636189775,1.3538370715652849e-05,115.29082801728,155.96540203832063,6.0,0.000306316871477657,0.0004064400473708929,6.401065577908108e-06,0.0007191579844264581,0.0,United Kingdom,GBR,england,,,Linux-6.4.0-150600.23.73_15.0.14-cray_shasta_c_64k-aarch64-with-glibc2.38,3.11.7,3.3.0,72,Neoverse-V2,1,1 x NVIDIA GH200 120GB,-2.5917,51.4535,64,machine,3.5444444444444443,3.888888888888889,26.333333333333336,225.63672553168402,N,1.0,0.0
2026-09-27T00:11:25,efficientnet_lite0_batch1_node_3_evaluate,55dd0d56-649d-491e-a58c-38c4abb783bc,5b0fa12a-3dd7-45bb-9766-cc326314d9f1,12.06010187510401,0.00015726152440250974,1.303981724459135e-05,115.44938214336,147.25940332073958,6.0,0.00028897504130063524,0.0003665661266012421,6.364578586847832e-06,0.0006619057464887253,0.0,United Kingdom,GBR,england,,,Linux-6.4.0-150600.23.73_15.0.14-cray_shasta_c_64k-aarch64-with-glibc2.38,3.11.7,3.3.0,72,Neoverse-V2,1,1 x NVIDIA GH200 120GB,-2.5917,51.4535,64,machine,12.38888888888889,1.7777777777777777,26.37777777777778,225.68480088975696,N,1.0,0.0
2026-09-27T00:11:36,efficientnet_lite0_batch1_node_4_local_train,5f76912a-e397-43fc-87f1-74f4922573b1,5b0fa12a-3dd7-45bb-9766-cc326314d9f1,10.005045214900747,0.00012838798023709022,1.2832323840563859e-05,115.31274655680002,158.95722704340454,6.0,0.000222762183898274,0.0003110599710680617,6.556314731715248e-06,0.000540378469698051,0.0,United Kingdom,GBR,england,,,Linux-6.4.0-150600.23.73_15.0.14-cray_shasta_c_64k-aarch64-with-glibc2.38,3.11.7,3.3.0,72,Neoverse-V2,1,1 x NVIDIA GH200 120GB,-2.5917,51.4535,64,machine,0.0,6.0,26.36666666666667,225.72706095377603,N,1.0,0.0
2026-09-27T00:11:51,efficientnet_lite0_batch1_node_4_evaluate,1011d492-7a77-4551-8c34-da12977c6157,5b0fa12a-3dd7-45bb-9766-cc326314d9f1,6.876794510986656,6.90659481482917e-05,1.0043334585314282e-05,115.4074262256,76.19901834483639,6.0,0.00012298394730527902,0.00016135318462318082,6.357926126802341e-06,0.0002906950580552622,0.0,United Kingdom,GBR,england,,,Linux-6.4.0-150600.23.73_15.0.14-cray_shasta_c_64k-aarch64-with-glibc2.38,3.11.7,3.3.0,72,Neoverse-V2,1,1 x NVIDIA GH200 120GB,-2.5917,51.4535,64,machine,0.0,4.0,26.3,225.6276652018229,N,1.0,0.0
2026-09-27T00:12:08,efficientnet_lite0_batch1_node_5_local_train,9074458b-2c82-41ae-8018-04d9d7dfc516,5b0fa12a-3dd7-45bb-9766-cc326314d9f1,11.772759871091694,0.00015925167155899782,1.3527131556470822e-05,115.33089071232001,157.94093127386856,6.0,0.0002792663159559205,0.0003833894733844545,7.626385166853046e-06,0.0006702821745072281,0.0,United Kingdom,GBR,england,,,Linux-6.4.0-150600.23.73_15.0.14-cray_shasta_c_64k-aarch64-with-glibc2.38,3.11.7,3.3.0,72,Neoverse-V2,1,1 x NVIDIA GH200 120GB,-2.5917,51.4535,64,machine,10.05,4.5,26.300000000000004,225.60922241210938,N,1.0,0.0
2026-09-27T00:16:20,efficientnet_lite0_batch1_node_5_evaluate,c3c0db33-b2ae-4260-a020-442505f2ad72,5b0fa12a-3dd7-45bb-9766-cc326314d9f1,13.601218407973647,0.00018302450081837988,1.3456478333667715e-05,115.42365896996571,147.24212888225816,6.0,0.00033812659244421387,0.00042576367393110104,6.4505356752003235e-06,0.0007703408020505153,0.0,United Kingdom,GBR,england,,,Linux-6.4.0-150600.23.73_15.0.14-cray_shasta_c_64k-aarch64-with-glibc2.38,3.11.7,3.3.0,72,Neoverse-V2,1,1 x NVIDIA GH200 120GB,-2.5917,51.4535,64,machine,4.83,1.1,26.380000000000003,225.6832763671875,N,1.0,0.0
2026-09-27T00:16:24,efficientnet_lite0_batch1_node_1_upload,3cc3882f-fd62-41d9-8297-30d77ba947c2,5b0fa12a-3dd7-45bb-9766-cc326314d9f1,3.079105742974207,1.2500295019519644e-07,4.0597160549105434e-08,115.2013799808,0.0,6.0,5.207182407209245e-07,0.0,5.412809938813249e-09,5.261310506597378e-07,0.0,United Kingdom,GBR,england,,,Linux-6.4.0-150600.23.73_15.0.14-cray_shasta_c_64k-aarch64-with-glibc2.38,3.11.7,3.3.0,72,Neoverse-V2,1,1 x NVIDIA GH200 120GB,-2.5917,51.4535,64,machine,0,0,0,0,N,1.0,0.0
2026-09-27T00:16:36,efficientnet_lite0_batch1_node_2_upload,24bf7e86-c40e-4c6c-8368-75f731312b08,5b0fa12a-3dd7-45bb-9766-cc326314d9f1,4.082606972195208,1.7136547261093667e-05,4.1974521127806205e-06,115.20371329920002,140.06076176366972,6.0,3.262715232768767e-05,3.948975381717901e-05,9.948470008869965e-09,7.212685461487555e-05,0.0,United Kingdom,GBR,england,,,Linux-6.4.0-150600.23.73_15.0.14-cray_shasta_c_64k-aarch64-with-glibc2.38,3.11.7,3.3.0,72,Neoverse-V2,1,1 x NVIDIA GH200 120GB,-2.5917,51.4535,64,machine,0.0,0.0,26.3,225.6429443359375,N,1.0,0.0
2026-09-27T00:16:54,efficientnet_lite0_batch1_node_3_upload,1b18993e-0ca2-42ee-aa75-976daf7efae9,5b0fa12a-3dd7-45bb-9766-cc326314d9f1,7.395070974947885,7.32126905733814e-05,9.900201204478278e-06,115.20155955455998,141.07167421879248,6.0,0.00013857705769593334,0.00016956596897443887,5.459048164387544e-09,0.00030814848571853663,0.0,United Kingdom,GBR,england,,,Linux-6.4.0-150600.23.73_15.0.14-cray_shasta_c_64k-aarch64-with-glibc2.38,3.11.7,3.3.0,72,Neoverse-V2,1,1 x NVIDIA GH200 120GB,-2.5917,51.4535,64,machine,0.0,0.0,26.3,225.58633422851562,N,1.0,0.0
2026-09-27T00:17:09,efficientnet_lite0_batch1_node_4_upload,42e67c8a-ebc8-494f-ac3d-5db2e1034ac3,5b0fa12a-3dd7-45bb-9766-cc326314d9f1,6.080755342030898,5.1053960880472365e-05,8.395989973084654e-06,115.20148288319999,141.41392007961775,6.0,9.652173267246081e-05,0.00011835620580313844,5.582564820845922e-09,0.0002148835210404201,0.0,United Kingdom,GBR,england,,,Linux-6.4.0-150600.23.73_15.0.14-cray_shasta_c_64k-aarch64-with-glibc2.38,3.11.7,3.3.0,72,Neoverse-V2,1,1 x NVIDIA GH200 120GB,-2.5917,51.4535,64,machine,6.5,0.0,26.3,225.6496378580729,N,1.0,0.0
2026-09-27T00:17:26,efficientnet_lite0_batch1_node_5_upload,f267344e-23e9-4fa2-a30a-29a8918a0cb8,5b0fa12a-3dd7-45bb-9766-cc326314d9f1,9.452852551825345,0.00010855072462972005,1.1483382823818502e-05,115.20137998079998,142.21302230113443,6.0,0.00020452765745993608,0.0002523513129943922,5.500753177329898e-09,0.0004568844712075056,0.0,United Kingdom,GBR,england,,,Linux-6.4.0-150600.23.73_15.0.14-cray_shasta_c_64k-aarch64-with-glibc2.38,3.11.7,3.3.0,72,Neoverse-V2,1,1 x NVIDIA GH200 120GB,-2.5917,51.4535,64,machine,5.75,0.0,26.3,225.5798136393229,N,1.0,0.0
2026-09-27T00:17:32,efficientnet_lite0_batch1_node_1_exchange,fd27c913-e30d-4bbc-94ed-bf96066e13df,5b0fa12a-3dd7-45bb-9766-cc326314d9f1,4.183969309786335,1.993678898873816e-05,4.76504188071023e-06,115.8181126848,143.5110674616082,6.0,3.6331922989163575e-05,4.739364904082777e-05,1.873573932486276e-07,8.391292942323997e-05,0.0,United Kingdom,GBR,england,,,Linux-6.4.0-150600.23.73_15.0.14-cray_shasta_c_64k-aarch64-with-glibc2.38,3.11.7,3.3.0,72,Neoverse-V2,1,1 x NVIDIA GH200 120GB,-2.5917,51.4535,64,machine,0.0,0.0,26.3,225.5777587890625,N,1.0,0.0
2026-09-27T00:18:31,efficientnet_lite0_batch1_node_1_evaluate,eda19a47-b15d-4169-994c-586a0dea627f,5b0fa12a-3dd7-45bb-9766-cc326314d9f1,7.4283062079921365,7.046726731562245e-05,9.486316980283676e-06,115.3749303216,77.23467450193036,6.0,0.0001244824306612075,0.00016566957698671558,6.441131409956143e-06,0.0002965931390578792,0.0,United Kingdom,GBR,england,,,Linux-6.4.0-150600.23.73_15.0.14-cray_shasta_c_64k-aarch64-with-glibc2.38,3.11.7,3.3.0,72,Neoverse-V2,1,1 x NVIDIA GH200 120GB,-2.5917,51.4535,64,machine,0.0,4.0,26.3,225.5782470703125,N,1.0,0.0
2026-09-27T00:19:21,mobilevit_xxs_batch1_node_0_local_train,abed7a05-ae6d-412d-911b-3fef3652ebed,5b0fa12a-3dd7-45bb-9766-cc326314d9f1,23.334004848031327,0.00035371280367218284,1.5158683902563144e-05,115.29886511232003,151.25851114379,6.0,0.0006490508884755465,0.000830264830895544,9.443455810348193e-06,0.0014887591751814387,0.0,United Kingdom,GBR,england,,,Linux-6.4.0-150600.23.73_15.0.14-cray_shasta_c_64k-aarch64-with-glibc2.38,3.11.7,3.3.0,72,Neoverse-V2,1,1 x NVIDIA GH200 120GB,-2.5917,51.4535,64,machine,0.8,3.55,26.434999999999995,226.56005859375,N,1.0,0.0
2026-09-27T00:19:44,mobilevit_xxs_batch1_node_0_evaluate,e5ff86e1-6951-4f8e-ab6d-935158c14cb1,5b0fa12a-3dd7-45bb-9766-cc326314d9f1,13.286488292040303,0.00017724329755747735,1.3340116188839802e-05,115.45984231241141,145.50127480019003,6.0,0.00032819978829092976,0.00041124977343542923,6.558450250110279e-06,0.0007460080119764692,0.0,United Kingdom,GBR,england,,,Linux-6.4.0-150600.23.73_15.0.14-cray_shasta_c_64k-aarch64-with-glibc2.38,3.11.7,3.3.0,72,Neoverse-V2,1,1 x NVIDIA GH200 120GB,-2.5917,51.4535,64,machine,1.8699999999999999,1.2,26.5,226.61212158203125,N,1.0,0.0
2026-09-27T00:19:59,mobilevit_xxs_batch1_node_1_local_train,ed01aaa2-20ef-4dd5-9c46-68d51d14facd,5b0fa12a-3dd7-45bb-9766-cc326314d9f1,14.536415562964976,0.00020816610463771182,1.4320318770197047e-05,115.331312448,152.1241781835866,6.0,0.0003677570020938839,0.0004956212298310447,1.2782300076602647e-05,0.0008761605320015313,0.0,United Kingdom,GBR,england,,,Linux-6.4.0-150600.23.73_15.0.14-cray_shasta_c_64k-aarch64-with-glibc2.38,3.11.7,3.3.0,72,Neoverse-V2,1,1 x NVIDIA GH200 120GB,-2.5917,51.4535,64,machine,0.0,3.3636363636363638,26.4,225.9972478693182,N,1.0,0.0
2026-09-27T00:20:41,mobilevit_xxs_batch1_node_1_evaluate,dde6de5e-19f7-4c4e-8b7d-9834e7ca8de7,5b0fa12a-3dd7-45bb-9766-cc326314d9f1,8.067283004056662,8.895745052058015e-05,1.1026940603899426e-05,115.46046956160002,145.4886253541785,6.0,0.00016112752775052745,0.0002066229430823796,6.666907583518575e-06,0.0003744173784164256,0.0,United Kingdom,GBR,england,,,Linux-6.4.0-150600.23.73_15.0.14-cray_shasta_c_64k-aarch64-with-glibc2.38,3.11.7,3.3.0,72,Neoverse-V2,1,1 x NVIDIA GH200 120GB,-2.5917,51.4535,64,machine,0.0,3.2,26.419999999999998,226.2546142578125,N,1.0,0.0
2026-09-27T00:21:00,mobilevit_xxs_batch1_node_2_local_train,ad24e146-27a9-4173-82c9-5527663899c0,5b0fa12a-3dd7-45bb-9766-cc326314d9f1,8.311558932997286,9.667982871207138e-05,1.1631972953743711e-05,115.31488526784003,151.43762375741238,6.0,0.0001687237144162878,0.0002311154626681855,7.081297819968313e-06,0.00040692047490444163,0.0,United Kingdom,GBR,england,,,Linux-6.4.0-150600.23.73_15.0.14-cray_shasta_c_64k-aarch64-with-glibc2.38,3.11.7,3.3.0,72,Neoverse-V2,1,1 x NVIDIA GH200 120GB,-2.5917,51.4535,64,machine,0.0,7.0,26.5,226.97308349609375,N,1.0,0.0
2026-09-27T00:21:21,mobilevit_xxs_batch1_node_2_evaluate,a7612e31-f2e3-479b-8ab0-7514e11859d6,5b0fa12a-3dd7-45bb-9766-cc326314d9f1,6.923040876863524,6.875573493144558e-05,9.931435644302491e-06,115.38287480160001,74.16784263892576,6.0,0.00012424353171841868,0.00015872040475528593,6.425449951784686e-06,0.0002893893864254893,0.0,United Kingdom,GBR,england,,,Linux-6.4.0-150600.23.73_15.0.14-cray_shasta_c_64k-aarch64-with-glibc2.38,3.11.7,3.3.0,72,Neoverse-V2,1,1 x NVIDIA GH200 120GB,-2.5917,51.4535,64,machine,0.0,3.6666666666666665,26.5,226.93216959635416,N,1.0,0.0
2026-09-27T00:21:37,mobilevit_xxs_batch1_node_3_local_train,9d8a9d4d-6743-4619-942e-29585fb7a5aa,5b0fa12a-3dd7-45bb-9766-cc326314d9f1,10.224338613916188,0.00013141119730171422,1.2852782195892113e-05,115.33556989440001,150.25267899610455,6.0,0.00022994997133602102,0.00031289136143186624,1.026170357518519e-05,0.0005531030363430724,0.0,United Kingdom,GBR,england,,,Linux-6.4.0-150600.23.73_15.0.14-cray_shasta_c_64k-aarch64-with-glibc2.38,3.11.7,3.3.0,72,Neoverse-V2,1,1 x NVIDIA GH200 120GB,-2.5917,51.4535,64,machine,0.0,16.142857142857142,26.5,226.9385027204241,N,1.0,0.0
2026-09-27T00:21:46,mobilevit_xxs_batch1_node_3_evaluate,5d3b2cf7-0ec4-480c-adc6-bbbeaa6f97c4,5b0fa12a-3dd7-45bb-9766-cc326314d9f1,8.371133808977902,9.413502863877669e-05,1.124519459213738e-05,115.48113899904001,146.69363580268669,6.0,0.00017092416667485388,0.00021873100831726333,6.554366016838078e-06,0.0003962095410089553,0.0,United Kingdom,GBR,england,,,Linux-6.4.0-150600.23.73_15.0.14-cray_shasta_c_64k-aarch64-with-glibc2.38,3.11.7,3.3.0,72,Neoverse-V2,1,1 x NVIDIA GH200 120GB,-2.5917,51.4535,64,machine,14.48,3.2,26.5,226.9537353515625,N,1.0,0.0
2026-09-27T00:22:01,mobilevit_xxs_batch1_node_4_local_train,e67a901d-ffda-4221-a408-4d37c4cfe764,5b0fa12a-3dd7-45bb-9766-cc326314d9f1,12.408853814937174,0.00017005967035190148,1.3704704148193924e-05,115.32969044228571,152.11879149064714,6.0,0.00029998467346755233,0.0004052175464011043,1.0570271079583714e-05,0.0007157724909482403,0.0,United Kingdom,GBR,england,,,Linux-6.4.0-150600.23.73_15.0.14-cray_shasta_c_64k-aarch64-with-glibc2.38,3.11.7,3.3.0,72,Neoverse-V2,1,1 x NVIDIA GH200 120GB,-2.5917,51.4535,64,machine,0.0,9.0,21.91111111111111,187.82808430989584,N,1.0,0.0
2026-09-27T00:22:24,mobilevit_xxs_batch1_node_4_evaluate,a8f0b0aa-3358-4828-8d42-ae2ed1aba6fa,5b0fa12a-3dd7-45bb-9766-cc326314d9f1,20.888733068015426,0.0003062565404186448,1.4661326726778901e-05,115.37880171428571,147.15532991884515,6.0,0.000571279589363233,0.0007111833467234874,6.5552441263571384e-06,0.0012890181802130774,0.0,United Kingdom,GBR,england,,,Linux-6.4.0-150600.23.73_15.0.14-cray_shasta_c_64k-aarch64-with-glibc2.38,3.11.7,3.3.0,72,Neoverse-V2,1,1 x NVIDIA GH200 120GB,-2.5917,51.4535,64,machine,1.5647058823529412,0.7058823529411765,26.5,227.0653076171875,N,1.0,0.0
2026-09-27T00:22:40,mobilevit_xxs_batch1_node_5_local_train,b7810044-c9b0-40ec-b927-8f7cdb5fd4db,5b0fa12a-3dd7-45bb-9766-cc326314d9f1,14.093619988998398,0.00020049117908095977,1.4225669433223326e-05,115.3407618144,153.14335003784436,6.0,0.0003537407086030077,0.0004779576046018974,1.2158848031346376e-05,0.0008438571612362515,0.0,United Kingdom,GBR,england,,,Linux-6.4.0-150600.23.73_15.0.14-cray_shasta_c_64k-aarch64-with-glibc2.38,3.11.7,3.3.0,72,Neoverse-V2,1,1 x NVIDIA GH200 120GB,-2.5917,51.4535,64,machine,3.8909090909090907,6.636363636363637,26.5,227.01042036576703,N,1.0,0.0
2026-09-27T00:22:50,mobilevit_xxs_batch1_node_5_evaluate,a35c3e42-25cd-4f43-b1d6-18df789bdb9d,5b0fa12a-3dd7-45bb-9766-cc326314d9f1,8.043604103848338,8.88123088899275e-05,1.1041357548593997e-05,115.47384842880001,146.06785262482168,6.0,0.00016044462117629238,0.00020673905427770478,6.622809231436502e-06,0.0003738064846854337,0.0,United Kingdom,GBR,england,,,Linux-6.4.0-150600.23.73_15.0.14-cray_shasta_c_64k-aarch64-with-glibc2.38,3.11.7,3.3.0,72,Neoverse-V2,1,1 x NVIDIA GH200 120GB,-2.5917,51.4535,64,machine,0.0,2.0,26.5,226.93345642089844,N,1.0,0.0
2026-09-27T00:23:30,mobilevit_xxs_batch1_node_1_upload,e5671ef6-d07f-41f9-bc30-33d729e8be49,5b0fa12a-3dd7-45bb-9766-cc326314d9f1,3.076291827019304,1.0526815884837494e-06,3.4219171901637136e-07,115.2013799808,1400.3140307747362,6.0,4.643827797694448e-07,3.960836508554166e-06,5.463901907205581e-09,4.4306831902308165e-06,0.0,United Kingdom,GBR,england,,,Linux-6.4.0-150600.23.73_15.0.14-cray_shasta_c_64k-aarch64-with-glibc2.38,3.11.7,3.3.0,72,Neoverse-V2,1,1 x NVIDIA GH200 120GB,-2.5917,51.4535,64,machine,0,0,0,0,N,1.0,0.0
2026-09-27T00:24:33,mobilevit_xxs_batch1_node_2_upload,2b7c1b9d-9529-4867-babf-8627e1b50701,5b0fa12a-3dd7-45bb-9766-cc326314d9f1,48.09214492398314,0.0007826244683830629,1.627343653771564e-05,115.20161756568001,310.6974260752489,6.0,0.0014408850131705374,0.0017781555891787093,7.498592406006841e-05,0.0032940265264093157,0.0,United Kingdom,GBR,england,,,Linux-6.4.0-150600.23.73_15.0.14-cray_shasta_c_64k-aarch64-with-glibc2.38,3.11.7,3.3.0,72,Neoverse-V2,1,1 x NVIDIA GH200 120GB,-2.5917,51.4535,64,machine,1.2466666666666666,0.0,26.96888888888889,231.13758138020833,N,1.0,0.0
2026-09-27T00:25:47,mobilevit_xxs_batch1_node_3_upload,a9fcd061-bc30-46d1-b919-eb0202dec466,5b0fa12a-3dd7-45bb-9766-cc326314d9f1,7.296951862052083,7.152139756812986e-05,9.801544387332203e-06,115.20114151679999,141.07818716793244,6.0,0.00013537153552780075,0.00016565068807494754,7.695998453224698e-09,0.0003010299196012015,0.0,United Kingdom,GBR,england,,,Linux-6.4.0-150600.23.73_15.0.14-cray_shasta_c_64k-aarch64-with-glibc2.38,3.11.7,3.3.0,72,Neoverse-V2,1,1 x NVIDIA GH200 120GB,-2.5917,51.4535,64,machine,0.0,0.0,27.0,231.02671813964844,N,1.0,0.0
2026-09-27T00:25:55,mobilevit_xxs_batch1_node_4_upload,8e2e8c60-bd0b-483c-a66d-822a05db01f4,5b0fa12a-3dd7-45bb-9766-cc326314d9f1,6.083254597848281,5.1057655287336636e-05,8.393147856313021e-06,115.20158578560002,141.41588833424473,6.0,9.652919064000924e-05,0.00011836426135403144,5.61861670576036e-09,0.00021489907061074645,0.0,United Kingdom,GBR,england,,,Linux-6.4.0-150600.23.73_15.0.14-cray_shasta_c_64k-aarch64-with-glibc2.38,3.11.7,3.3.0,72,Neoverse-V2,1,1 x NVIDIA GH200 120GB,-2.5917,51.4535,64,machine,0.0,0.0,27.100000000000005,231.71333821614584,N,1.0,0.0
2026-09-27T00:26:11,mobilevit_xxs_batch1_node_5_upload,797b708b-1157-4139-b7b6-cca9cd0c3a45,5b0fa12a-3dd7-45bb-9766-cc326314d9f1,9.124958459986374,0.00010324816471412514,1.1314918875179112e-05,115.20173278902858,142.8835870028286,6.0,0.00019405053043481603,0.000240508803500461,6.932660083596905e-09,0.00043456626659536064,0.0,United Kingdom,GBR,england,,,Linux-6.4.0-150600.23.73_15.0.14-cray_shasta_c_64k-aarch64-with-glibc2.38,3.11.7,3.3.0,72,Neoverse-V2,1,1 x NVIDIA GH200 120GB,-2.5917,51.4535,64,machine,1.45,0.0,26.78333333333333,229.51714070638022,N,1.0,0.0
2026-09-27T00:28:21,mobilevit_xxs_batch1_node_0_exchange,d05ffe94-09f8-4f21-8eed-676ccd6ffa1c,5b0fa12a-3dd7-45bb-9766-cc326314d9f1,6.1130913679953665,5.1048994959961686e-05,8.350765903356997e-06,115.2013799808,141.3647573070973,6.0,9.653104753193032e-05,0.00011832592798555197,5.6442164350301025e-09,0.00021486261973391733,0.0,United Kingdom,GBR,england,,,Linux-6.4.0-150600.23.73_15.0.14-cray_shasta_c_64k-aarch64-with-glibc2.38,3.11.7,3.3.0,72,Neoverse-V2,1,1 x NVIDIA GH200 120GB,-2.5917,51.4535,64,machine,0.0,0.0,27.100000000000005,232.0419718424479,N,1.0,0.0
2026-09-27T00:28:32,mobilevit_xxs_batch1_node_1_exchange,9302bcab-e8f5-494d-bfec-e9d07faea60a,5b0fa12a-3dd7-45bb-9766-cc326314d9f1,8.384470362914726,8.984462484031714e-05,1.0715599310566841e-05,115.20165438720001,142.3227713582021,6.0,0.0001692164593575553,0.0002089226671415645,1.232344307936728e-08,0.00037815144994219913,0.0,United Kingdom,GBR,england,,,Linux-6.4.0-150600.23.73_15.0.14-cray_shasta_c_64k-aarch64-with-glibc2.38,3.11.7,3.3.0,72,Neoverse-V2,1,1 x NVIDIA GH200 120GB,-2.5917,51.4535,64,machine,0.0,0.0,27.1,232.01826171875,N,1.0,0.0
2026-09-27T00:28:57,mobilevit_xxs_batch1_node_2_exchange,2fe59af9-ca83-437d-94fc-906af172b4c2,5b0fa12a-3dd7-45bb-9766-cc326314d9f1,6.110898628132418,5.103745498273617e-05,8.351873936801662e-06,115.2013799808,141.2696032371891,6.0,9.657736232623056e-05,0.0001182312056897672,5.4805415372053786e-09,0.00021481404855753497,0.0,United Kingdom,GBR,england,,,Linux-6.4.0-150600.23.73_15.0.14-cray_shasta_c_64k-aarch64-with-glibc2.38,3.11.7,3.3.0,72,Neoverse-V2,1,1 x NVIDIA GH200 120GB,-2.5917,51.4535,64,machine,0.0,0.0,27.100000000000005,231.932373046875,N,1.0,0.0
2026-09-27T00:29:07,mobilevit_xxs_batch1_node_3_exchange,69dbfdfe-befd-4f89-8a7b-47696524127e,5b0fa12a-3dd7-45bb-9766-cc326314d9f1,7.101754745002836,6.799807370832493e-05,9.574827088498362e-06,115.2013799808,141.44360606303235,6.0,0.00012852258748852303,0.00015767234836516764,5.493073258548975e-09,0.0002862004289269492,0.0,United Kingdom,GBR,england,,,Linux-6.4.0-150600.23.73_15.0.14-cray_shasta_c_64k-aarch64-with-glibc2.38,3.11.7,3.3.0,72,Neoverse-V2,1,1 x NVIDIA GH200 120GB,-2.5917,51.4535,64,machine,3.95,0.0,27.1,231.97874450683594,N,1.0,0.0
2026-09-27T00:29:16,mobilevit_xxs_batch1_node_4_exchange,2eaa3977-cd5c-484a-82e8-572f0b89eebc,5b0fa12a-3dd7-45bb-9766-cc326314d9f1,3.1033786421176046,1.2188652431632896e-07,3.92754279681319e-08,115.2013799808,0.0,6.0,5.076081910707858e-07,0.0,5.405981792137027e-09,5.130141728629228e-07,0.0,United Kingdom,GBR,england,,,Linux-6.4.0-150600.23.73_15.0.14-cray_shasta_c_64k-aarch64-with-glibc2.38,3.11.7,3.3.0,72,Neoverse-V2,1,1 x NVIDIA GH200 120GB,-2.5917,51.4535,64,machine,0,0,0,0,N,1.0,0.0
2026-09-27T00:29:51,mobilevit_xxs_batch1_node_0_evaluate,28ea6e9e-3b5e-42eb-905f-5668f59a7a35,5b0fa12a-3dd7-45bb-9766-cc326314d9f1,12.011897635180503,0.00015349537981938983,1.2778612046262518e-05,115.44356795904,145.7537401032532,6.0,0.00028330928790304107,0.0003562336183193793,6.511329535084467e-06,0.0006460542357575048,0.0,United Kingdom,GBR,england,,,Linux-6.4.0-150600.23.73_15.0.14-cray_shasta_c_64k-aarch64-with-glibc2.38,3.11.7,3.3.0,72,Neoverse-V2,1,1 x NVIDIA GH200 120GB,-2.5917,51.4535,64,machine,9.7875,1.5,27.099999999999998,232.0062026977539,N,1.0,0.0
2026-09-27T00:34:15,mobilevit_xxs_batch1_node_1_evaluate,06381ad6-336f-4597-b97d-2f5a35183d76,5b0fa12a-3dd7-45bb-9766-cc326314d9f1,257.0192911690101,0.004589051202976014,1.7854890121684902e-05,115.25066472487606,144.0746197801173,6.0,0.00822479300942956,0.010153233678138918,0.0009370560939408217,0.019315082781509302,0.0,United Kingdom,GBR,england,,,Linux-6.4.0-150600.23.73_15.0.14-cray_shasta_c_64k-aarch64-with-glibc2.38,3.11.7,3.3.0,72,Neoverse-V2,1,1 x NVIDIA GH200 120GB,-2.5917,51.4535,64,machine,1.0527343750000002,0.0390625,25.506249999999994,218.6054389476776,N,1.0,0.0
2026-09-27T00:35:36,mobilevit_xxs_batch1_node_2_evaluate,8ff95d9d-4ee8-4719-a9ba-17f577747d40,5b0fa12a-3dd7-45bb-9766-cc326314d9f1,6.8921531399246305,6.862884433209618e-05,9.957533290220343e-06,115.39633129920003,74.86338723815653,6.0,0.00012339007665174398,0.00015908484948568002,6.380384218258162e-06,0.0002888553103556822,0.0,United Kingdom,GBR,england,,,Linux-6.4.0-150600.23.73_15.0.14-cray_shasta_c_64k-aarch64-with-glibc2.38,3.11.7,3.3.0,72,Neoverse-V2,1,1 x NVIDIA GH200 120GB,-2.5917,51.4535,64,machine,0.0,3.0,25.5,218.33231608072916,N,1.0,0.0
2026-09-27T00:36:58,mobilevit_xxs_batch1_node_3_evaluate,9a8faa1d-54aa-41bf-8e1e-23e74d4e383e,5b0fa12a-3dd7-45bb-9766-cc326314d9f1,7.987836246844381,8.826169148301683e-05,1.1049511877247719e-05,115.49116998720001,147.29918990913728,6.0,0.0001582629717820603,0.00020670822091517493,6.5177713668284315e-06,0.0003714889640640637,0.0,United Kingdom,GBR,england,,,Linux-6.4.0-150600.23.73_15.0.14-cray_shasta_c_64k-aarch64-with-glibc2.38,3.11.7,3.3.0,72,Neoverse-V2,1,1 x NVIDIA GH200 120GB,-2.5917,51.4535,64,machine,0.0,3.0,25.5,218.21328735351562,N,1.0,0.0
2026-09-27T00:37:10,mobilevit_xxs_batch1_node_4_evaluate,e6ba90bc-d624-43f4-ba6f-b7baefd65bf9,5b0fa12a-3dd7-45bb-9766-cc326314d9f1,7.9811715700197965,8.735685581782982e-05,1.0945367487897913e-05,115.42026647520002,145.41253430977991,6.0,0.0001584336383121359,0.00020272182885605616,6.5250896666354196e-06,0.0003676805568348275,0.0,United Kingdom,GBR,england,,,Linux-6.4.0-150600.23.73_15.0.14-cray_shasta_c_64k-aarch64-with-glibc2.38,3.11.7,3.3.0,72,Neoverse-V2,1,1 x NVIDIA GH200 120GB,-2.5917,51.4535,64,machine,0.0,2.75,25.4,217.81581115722656,N,1.0,0.0
2026-09-27T00:37:55,mobilenet_v3_small_batch2_node_0_local_train,d3209cd4-1193-416b-b6bc-ae4670dd311e,5b0fa12a-3dd7-45bb-9766-cc326314d9f1,8.923558683833107,0.00010485185047161367,1.1750004027157318e-05,115.33643700480002,205.81762724027294,6.0,0.0001870871325972453,0.00024452047340162153,9.70849227004995e-06,0.0004413160982689168,0.0,United Kingdom,GBR,england,,,Linux-6.4.0-150600.23.73_15.0.14-cray_shasta_c_64k-aarch64-with-glibc2.38,3.11.7,3.3.0,72,Neoverse-V2,1,1 x NVIDIA GH200 120GB,-2.5917,51.4535,64,machine,0.0,5.4,25.2,215.75228271484374,N,1.0,0.0
2026-09-27T00:38:25,mobilenet_v3_small_batch2_node_0_evaluate,bde09624-9a48-4109-8606-326e75f4d35c,5b0fa12a-3dd7-45bb-9766-cc326314d9f1,9.91103086899966,0.00011972011909778355,1.2079482011528346e-05,115.36120121965718,71.7594439518111,6.0,0.00021998069024214091,0.00027251688467799795,1.1398308718344196e-05,0.0005038958836384831,0.0,United Kingdom,GBR,england,,,Linux-6.4.0-150600.23.73_15.0.14-cray_shasta_c_64k-aarch64-with-glibc2.38,3.11.7,3.3.0,72,Neoverse-V2,1,1 x NVIDIA GH200 120GB,-2.5917,51.4535,64,machine,0.7999999999999999,0.3333333333333333,25.2,215.68136596679688,N,1.0,0.0
2026-09-27T00:38:43,mobilenet_v3_small_batch2_node_1_local_train,eb73670e-8c91-43b9-be80-b7a7361b48cf,5b0fa12a-3dd7-45bb-9766-cc326314d9f1,10.01596014900133,0.0001241641772228652,1.2396632512085757e-05,115.33324657371432,74.5426167047342,6.0,0.00022353977510323865,0.0002874843966651497,1.1576526171605414e-05,0.0005226006979399938,0.0,United Kingdom,GBR,england,,,Linux-6.4.0-150600.23.73_15.0.14-cray_shasta_c_64k-aarch64-with-glibc2.38,3.11.7,3.3.0,72,Neoverse-V2,1,1 x NVIDIA GH200 120GB,-2.5917,51.4535,64,machine,0.0,3.1666666666666665,25.2,215.5689493815104,N,1.0,0.0
2026-09-27T00:39:08,mobilenet_v3_small_batch2_node_1_evaluate,f3fe1989-9648-4129-938d-239c956da8ef,5b0fa12a-3dd7-45bb-9766-cc326314d9f1,14.360740290023386,0.00019448729739208058,1.3542985491297667e-05,115.49900881728001,144.42645960870158,6.0,0.00036228118136135583,0.00044988897101916336,6.4169766198998934e-06,0.0008185871290004191,0.0,United Kingdom,GBR,england,,,Linux-6.4.0-150600.23.73_15.0.14-cray_shasta_c_64k-aarch64-with-glibc2.38,3.11.7,3.3.0,72,Neoverse-V2,1,1 x NVIDIA GH200 120GB,-2.5917,51.4535,64,machine,2.063636363636364,0.36363636363636365,25.199999999999992,215.59278453480113,N,1.0,0.0
2026-09-27T00:39:20,mobilenet_v3_small_batch2_node_2_local_train,44562d44-a46f-4cc2-b1ba-40a305fd812e,5b0fa12a-3dd7-45bb-9766-cc326314d9f1,10.865649011917412,0.00013613724880420092,1.252914102552788e-05,115.34190935616002,145.76904847508519,6.0,0.0002505594364416078,0.0003161038639944991,6.331445971348633e-06,0.0005729947464074554,0.0,United Kingdom,GBR,england,,,Linux-6.4.0-150600.23.73_15.0.14-cray_shasta_c_64k-aarch64-with-glibc2.38,3.11.7,3.3.0,72,Neoverse-V2,1,1 x NVIDIA GH200 120GB,-2.5917,51.4535,64,machine,0.0,1.2857142857142858,25.199999999999996,215.67509242466517,N,1.0,0.0
2026-09-27T00:39:28,mobilenet_v3_small_batch2_node_2_evaluate,27870da3-a3ef-401d-8e97-36a00477af49,5b0fa12a-3dd7-45bb-9766-cc326314d9f1,6.77812317898497,6.552541717093795e-05,9.667191852472418e-06,115.44868062720003,72.57732061791066,6.0,0.00011988875958012763,0.00014971067531632798,6.193708603192742e-06,0.00027579314349964834,0.0,United Kingdom,GBR,england,,,Linux-6.4.0-150600.23.73_15.0.14-cray_shasta_c_64k-aarch64-with-glibc2.38,3.11.7,3.3.0,72,Neoverse-V2,1,1 x NVIDIA GH200 120GB,-2.5917,51.4535,64,machine,0.0,0.6666666666666666,25.2,215.6522013346354,N,1.0,0.0
2026-09-27T00:39:48,mobilenet_v3_small_batch2_node_3_local_train,29c6266e-b503-4df1-bd3b-7d9135457d98,5b0fa12a-3dd7-45bb-9766-cc326314d9f1,14.881237246096134,0.00020695609602321523,1.3907183428414665e-05,115.35573138377146,147.16701375397332,6.0,0.0003789859950325353,0.0004824623304244824,9.619341914852461e-06,0.0008710676673718701,0.0,United Kingdom,GBR,england,,,Linux-6.4.0-150600.23.73_15.0.14-cray_shasta_c_64k-aarch64-with-glibc2.38,3.11.7,3.3.0,72,Neoverse-V2,1,1 x NVIDIA GH200 120GB,-2.5917,51.4535,64,machine,5.4818181818181815,1.5454545454545454,25.199999999999992,215.65019642223012,N,1.0,0.0
2026-09-27T00:39:57,mobilenet_v3_small_batch2_node_3_evaluate,4c9cbde3-f5cc-4c7c-bef0-823c8b2bf14e,5b0fa12a-3dd7-45bb-9766-cc326314d9f1,7.900095938006416,8.44154893244635e-05,1.0685375214033882e-05,115.47248957280001,142.5247337885389,6.0,0.00015579116017881646,0.00019311932115329,6.390013743269568e-06,0.000355300495075376,0.0,United Kingdom,GBR,england,,,Linux-6.4.0-150600.23.73_15.0.14-cray_shasta_c_64k-aarch64-with-glibc2.38,3.11.7,3.3.0,72,Neoverse-V2,1,1 x NVIDIA GH200 120GB,-2.5917,51.4535,64,machine,0.0,0.75,25.2,215.6001434326172,N,1.0,0.0
2026-09-27T00:40:09,mobilenet_v3_small_batch2_node_4_local_train,8600e54e-74e9-45fe-9e40-df94d968b930,5b0fa12a-3dd7-45bb-9766-cc326314d9f1,8.529059873893857,9.826459842086808e-05,1.1521152374793491e-05,115.31992777920001,75.46142514969561,6.0,0.0001756573860984582,0.00022883073862089987,9.102565173137313e-06,0.0004135906898924954,0.0,United Kingdom,GBR,england,,,Linux-6.4.0-150600.23.73_15.0.14-cray_shasta_c_64k-aarch64-with-glibc2.38,3.11.7,3.3.0,72,Neoverse-V2,1,1 x NVIDIA GH200 120GB,-2.5917,51.4535,64,machine,0.0,5.8,25.2,215.5387451171875,N,1.0,0.0
2026-09-27T00:40:33,mobilenet_v3_small_batch2_node_4_evaluate,22428dbd-e6cc-4b4c-8b6c-cfe0ea0fc82a,5b0fa12a-3dd7-45bb-9766-cc326314d9f1,7.893537949072197,8.532709956738373e-05,1.0809740843446891e-05,115.41356224128003,145.12203907017067,6.0,0.0001555757926396861,0.00019715515773555126,6.406465782007823e-06,0.0003591374161572452,0.0,United Kingdom,GBR,england,,,Linux-6.4.0-150600.23.73_15.0.14-cray_shasta_c_64k-aarch64-with-glibc2.38,3.11.7,3.3.0,72,Neoverse-V2,1,1 x NVIDIA GH200 120GB,-2.5917,51.4535,64,machine,2.0,0.75,25.2,215.62123107910156,N,1.0,0.0
2026-09-27T00:41:05,mobilenet_v3_small_batch2_node_5_local_train,db78c782-c38b-4ff1-adee-b8d56a4adc02,5b0fa12a-3dd7-45bb-9766-cc326314d9f1,11.452689497033134,0.00014858788745969082,1.2974060590587313e-05,115.36046304274288,145.70179897006471,6.0,0.0002694219743827564,0.0003453405540483345,1.0636321935259427e-05,0.0006253988503663504,0.0,United Kingdom,GBR,england,,,Linux-6.4.0-150600.23.73_15.0.14-cray_shasta_c_64k-aarch64-with-glibc2.38,3.11.7,3.3.0,72,Neoverse-V2,1,1 x NVIDIA GH200 120GB,-2.5917,51.4535,64,machine,1.9249999999999998,4.25,25.187499999999996,215.51551818847656,N,1.0,0.0
2026-09-27T00:41:24,mobilenet_v3_small_batch2_node_5_evaluate,d74872f3-0b49-490b-94e3-012a543cb78a,5b0fa12a-3dd7-45bb-9766-cc326314d9f1,16.834719012957066,0.00023667888608852578,1.4058974545780224e-05,115.46470053504001,144.88122846940848,6.0,0.0004416182413880096,0.0005481757163181555,6.375419194810092e-06,0.0009961693769009751,0.0,United Kingdom,GBR,england,,,Linux-6.4.0-150600.23.73_15.0.14-cray_shasta_c_64k-aarch64-with-glibc2.38,3.11.7,3.3.0,72,Neoverse-V2,1,1 x NVIDIA GH200 120GB,-2.5917,51.4535,64,machine,0.0,0.23076923076923078,25.1,215.38207538311298,N,1.0,0.0
2026-09-27T00:41:33,mobilenet_v3_small_batch2_node_0_upload,07c5eb72-f4f2-4a54-8a39-55e5bf5989cd,5b0fa12a-3dd7-45bb-9766-cc326314d9f1,3.076224393909797,1.3351588126306552e-07,4.3402516905917413e-08,115.20053084160004,0.0,6.0,5.561836807748568e-07,0.0,5.777863164742787e-09,5.619615439395996e-07,0.0,United Kingdom,GBR,england,,,Linux-6.4.0-150600.23.73_15.0.14-cray_shasta_c_64k-aarch64-with-glibc2.38,3.11.7,3.3.0,72,Neoverse-V2,1,1 x NVIDIA GH200 120GB,-2.5917,51.4535,64,machine,0,0,0,0,N,1.0,0.0
2026-09-27T00:41:43,mobilenet_v3_small_batch2_node_1_upload,0429868f-1db1-4af9-9394-8b1d20a8d742,5b0fa12a-3dd7-45bb-9766-cc326314d9f1,7.098607507068664,6.908116904679295e-05,9.731650746713799e-06,115.20144384768,145.1695460365357,6.0,0.00012891280968477603,0.0001618409628036943,5.349553345392147e-09,0.0002907591220418157,0.0,United Kingdom,GBR,england,,,Linux-6.4.0-150600.23.73_15.0.14-cray_shasta_c_64k-aarch64-with-glibc2.38,3.11.7,3.3.0,72,Neoverse-V2,1,1 x NVIDIA GH200 120GB,-2.5917,51.4535,64,machine,0.0,0.0,25.2,215.4797821044922,N,1.0,0.0
2026-09-27T00:41:50,mobilenet_v3_small_batch2_node_2_upload,e460edae-ceee-4b25-b4c3-35b53fe673c1,5b0fa12a-3dd7-45bb-9766-cc326314d9f1,3.072187869111076,1.0276460218007717e-07,3.344997329535438e-08,115.20053084160004,0.0,6.0,4.2700910637799083e-07,0.0,5.521870140607159e-09,4.32530976518598e-07,0.0,United Kingdom,GBR,england,,,Linux-6.4.0-150600.23.73_15.0.14-cray_shasta_c_64k-aarch64-with-glibc2.38,3.11.7,3.3.0,72,Neoverse-V2,1,1 x NVIDIA GH200 120GB,-2.5917,51.4535,64,machine,0,0,0,0,N,1.0,0.0
2026-09-27T00:41:58,mobilenet_v3_small_batch2_node_3_upload,7e926995-3e63-4129-b874-e6b8a3c4a4f6,5b0fa12a-3dd7-45bb-9766-cc326314d9f1,4.485343815060332,2.491477565487528e-05,5.554708107596909e-06,115.20044323200003,150.50254811894757,6.0,4.5694511008847216e-05,5.9165047332498943e-05,5.4634183955689275e-09,0.00010486502175974173,0.0,United Kingdom,GBR,england,,,Linux-6.4.0-150600.23.73_15.0.14-cray_shasta_c_64k-aarch64-with-glibc2.38,3.11.7,3.3.0,72,Neoverse-V2,1,1 x NVIDIA GH200 120GB,-2.5917,51.4535,64,machine,0.0,0.0,25.2,215.52899169921875,N,1.0,0.0
2026-09-27T00:42:02,mobilenet_v3_small_batch2_node_4_upload,b6bfc165-cb71-4b11-8e85-1473bf3f4d19,5b0fa12a-3dd7-45bb-9766-cc326314d9f1,3.075973297934979,1.078392458772017e-06,3.505857672743726e-07,115.20053084160004,1077.6828369538287,6.0,5.711152718890917e-07,3.95750315362875e-06,1.0280508237580458e-08,4.538898933755422e-06,0.0,United Kingdom,GBR,england,,,Linux-6.4.0-150600.23.73_15.0.14-cray_shasta_c_64k-aarch64-with-glibc2.38,3.11.7,3.3.0,72,Neoverse-V2,1,1 x NVIDIA GH200 120GB,-2.5917,51.4535,64,machine,0,0,0,0,N,1.0,0.0
2026-09-27T00:42:11,mobilenet_v3_small_batch2_node_0_exchange,67953086-447c-4026-baeb-d6fc208f7bac,5b0fa12a-3dd7-45bb-9766-cc326314d9f1,3.1289235819131136,1.585589376524379e-06,5.067523494948714e-07,115.71866542080002,123.18064831475252,6.0,2.5577066131057375e-06,4.012780976836439e-06,1.031773378296445e-07,6.67366492777182e-06,0.0,United Kingdom,GBR,england,,,Linux-6.4.0-150600.23.73_15.0.14-cray_shasta_c_64k-aarch64-with-glibc2.38,3.11.7,3.3.0,72,Neoverse-V2,1,1 x NVIDIA GH200 120GB,-2.5917,51.4535,64,machine,0,0,0,0,N,1.0,0.0
2026-09-27T00:42:15,mobilenet_v3_small_batch2_node_1_exchange,6875b57f-35c5-4997-b7c7-1485e29db6e4,5b0fa12a-3dd7-45bb-9766-cc326314d9f1,3.121266967151314,6.009660903281968e-07,1.9253915049653068e-07,115.61724408960002,0.0,6.0,2.4264915486837807e-06,0.0,1.029441168066114e-07,2.5294356654903922e-06,0.0,United Kingdom,GBR,england,,,Linux-6.4.0-150600.23.73_15.0.14-cray_shasta_c_64k-aarch64-with-glibc2.38,3.11.7,3.3.0,72,Neoverse-V2,1,1 x NVIDIA GH200 120GB,-2.5917,51.4535,64,machine,0,0,0,0,N,1.0,0.0
2026-09-27T00:42:36,mobilenet_v3_small_batch2_node_2_exchange,7be62c21-e687-4d8a-8d9e-b591d16947e7,5b0fa12a-3dd7-45bb-9766-cc326314d9f1,4.182175833033398,1.9928778727224085e-05,4.765169979180294e-06,115.32988978560002,196.75240533916607,6.0,3.630629898840601e-05,4.7470037983998736e-05,1.0287766810506582e-07,8.387921464050981e-05,0.0,United Kingdom,GBR,england,,,Linux-6.4.0-150600.23.73_15.0.14-cray_shasta_c_64k-aarch64-with-glibc2.38,3.11.7,3.3.0,72,Neoverse-V2,1,1 x NVIDIA GH200 120GB,-2.5917,51.4535,64,machine,0.0,0.0,25.2,215.49810791015625,N,1.0,0.0
2026-09-27T00:42:43,mobilenet_v3_small_batch2_node_3_exchange,f49ddb79-968f-4618-93be-99b9ed352fde,5b0fa12a-3dd7-45bb-9766-cc326314d9f1,3.1311242550145835,5.914461780626419e-07,1.8889259252979955e-07,115.73437345920001,0.0,6.0,2.3874945315354076e-06,0.0,1.0187230810212593e-07,2.4893668396375332e-06,0.0,United Kingdom,GBR,england,,,Linux-6.4.0-150600.23.73_15.0.14-cray_shasta_c_64k-aarch64-with-glibc2.38,3.11.7,3.3.0,72,Neoverse-V2,1,1 x NVIDIA GH200 120GB,-2.5917,51.4535,64,machine,0,0,0,0,N,1.0,0.0
2026-09-27T00:42:49,mobilenet_v3_small_batch2_node_4_exchange,4d981799-0841-4012-8f9f-ffbf1c06042c,5b0fa12a-3dd7-45bb-9766-cc326314d9f1,4.146057433914393,1.8636585109252565e-05,4.49501373444731e-06,115.98868702080003,193.87321584037605,6.0,3.4781768323955955e-05,4.3556145968182136e-05,1.0252322497156759e-07,7.844043751710966e-05,0.0,United Kingdom,GBR,england,,,Linux-6.4.0-150600.23.73_15.0.14-cray_shasta_c_64k-aarch64-with-glibc2.38,3.11.7,3.3.0,72,Neoverse-V2,1,1 x NVIDIA GH200 120GB,-2.5917,51.4535,64,machine,0.0,0.0,25.2,215.4495849609375,N,1.0,0.0
2026-09-27T00:43:00,mobilenet_v3_small_batch2_node_5_exchange,459901b7-9ac9-435f-bb9f-0bac6ef1d649,5b0fa12a-3dd7-45bb-9766-cc326314d9f1,8.612923555076122,9.482482879722701e-05,1.1009598331026745e-05,115.34942715840002,196.0040445133369,6.0,0.0001779365289603426,0.00022107517686720257,1.0116891508611541e-07,0.00039911287474263127,0.0,United Kingdom,GBR,england,,,Linux-6.4.0-150600.23.73_15.0.14-cray_shasta_c_64k-aarch64-with-glibc2.38,3.11.7,3.3.0,72,Neoverse-V2,1,1 x NVIDIA GH200 120GB,-2.5917,51.4535,64,machine,2.2399999999999998,0.0,25.2,215.4609619140625,N,1.0,0.0
2026-09-27T00:43:21,mobilenet_v3_small_batch2_node_0_evaluate,050a3dc0-c4f1-415f-bf3a-efac8186b3c6,5b0fa12a-3dd7-45bb-9766-cc326314d9f1,8.33872556197457,9.24398457054184e-05,1.108560834846915e-05,115.45229833344004,144.10277622353954,6.0,0.00016990863122778852,0.00021285517028957202,6.310800864982108e-06,0.0003890746023823426,0.0,United Kingdom,GBR,england,,,Linux-6.4.0-150600.23.73_15.0.14-cray_shasta_c_64k-aarch64-with-glibc2.38,3.11.7,3.3.0,72,Neoverse-V2,1,1 x NVIDIA GH200 120GB,-2.5917,51.4535,64,machine,0.0,0.8,25.2,215.5123046875,N,1.0,0.0
2026-09-27T00:43:33,mobilenet_v3_small_batch2_node_1_evaluate,d364babf-2a47-4ee9-b088-31c98456eeba,5b0fa12a-3dd7-45bb-9766-cc326314d9f1,11.427450639894232,0.00014506279627193928,1.2694239585294059e-05,115.49283420672,144.33563509654607,6.0,0.0002687565473874311,0.0003353969349717545,6.408438739599661e-06,0.0006105619210987853,0.0,United Kingdom,GBR,england,,,Linux-6.4.0-150600.23.73_15.0.14-cray_shasta_c_64k-aarch64-with-glibc2.38,3.11.7,3.3.0,72,Neoverse-V2,1,1 x NVIDIA GH200 120GB,-2.5917,51.4535,64,machine,0.0,0.5,25.199999999999996,215.50524139404297,N,1.0,0.0
2026-09-27T00:43:47,mobilenet_v3_small_batch2_node_2_evaluate,6798c0bc-ed52-42a8-95cf-3dcb7bb0378a,5b0fa12a-3dd7-45bb-9766-cc326314d9f1,8.766156625933945,9.939913509162054e-05,1.1338964078916461e-05,115.52269752000001,143.4929280181972,6.0,0.0001836119353240441,0.00022858851622231668,6.165445408551022e-06,0.0004183658969549118,0.0,United Kingdom,GBR,england,,,Linux-6.4.0-150600.23.73_15.0.14-cray_shasta_c_64k-aarch64-with-glibc2.38,3.11.7,3.3.0,72,Neoverse-V2,1,1 x NVIDIA GH200 120GB,-2.5917,51.4535,64,machine,0.0,0.6,25.2,215.51390380859374,N,1.0,0.0
2026-09-27T00:43:56,mobilenet_v3_small_batch2_node_3_evaluate,bb4c5681-34c8-477b-b2b4-83c15e61bcb8,5b0fa12a-3dd7-45bb-9766-cc326314d9f1,7.8707690860610455,8.407859869017743e-05,1.0682386660164982e-05,115.50554288640002,142.89350686076028,6.0,0.00015465214052801915,0.00019290265431948228,6.327744706844291e-06,0.00035388253955434567,0.0,United Kingdom,GBR,england,,,Linux-6.4.0-150600.23.73_15.0.14-cray_shasta_c_64k-aarch64-with-glibc2.38,3.11.7,3.3.0,72,Neoverse-V2,1,1 x NVIDIA GH200 120GB,-2.5917,51.4535,64,machine,0.0,0.75,25.2,215.46426391601562,N,1.0,0.0
2026-09-27T00:45:02,mobilenet_v3_small_batch2_node_4_evaluate,7fbcdbce-0bbe-40a0-9d9c-adb5f9b36678,5b0fa12a-3dd7-45bb-9766-cc326314d9f1,19.490332572022453,0.0002821104949968889,1.4474380770795391e-05,115.43709487901542,145.876029972657,6.0,0.0005265452478915352,0.0006545338569594605,6.3096000001921e-06,0.001187388704851188,0.0,United Kingdom,GBR,england,,,Linux-6.4.0-150600.23.73_15.0.14-cray_shasta_c_64k-aarch64-with-glibc2.38,3.11.7,3.3.0,72,Neoverse-V2,1,1 x NVIDIA GH200 120GB,-2.5917,51.4535,64,machine,4.03125,0.1875,25.199999999999992,215.59952926635742,N,1.0,0.0
2026-09-27T00:45:30,mobilenet_v3_small_batch2_node_5_evaluate,9693703a-bec9-457b-97ad-a01a7167d305,5b0fa12a-3dd7-45bb-9766-cc326314d9f1,19.750062328064814,0.0002860602876214227,1.4484019486608474e-05,115.42637907249234,144.36100126386268,6.0,0.000534701491096829,0.0006629583081547707,6.353381583467126e-06,0.0012040131808350668,0.0,United Kingdom,GBR,england,,,Linux-6.4.0-150600.23.73_15.0.14-cray_shasta_c_64k-aarch64-with-glibc2.38,3.11.7,3.3.0,72,Neoverse-V2,1,1 x NVIDIA GH200 120GB,-2.5917,51.4535,64,machine,4.5,0.1875,25.168750000000003,215.42507553100586,N,1.0,0.0
2026-09-27T00:45:53,efficientnet_lite0_batch2_node_0_local_train,e5d23008-760b-4e60-b700-d1ca48add292,5b0fa12a-3dd7-45bb-9766-cc326314d9f1,13.615009993081912,0.00018772859790051072,1.3788355498519632e-05,115.33656922148573,155.86585180476084,6.0,0.0003384020074596418,0.000445340078499612,6.3980211185601845e-06,0.0007901401070778139,0.0,United Kingdom,GBR,england,,,Linux-6.4.0-150600.23.73_15.0.14-cray_shasta_c_64k-aarch64-with-glibc2.38,3.11.7,3.3.0,72,Neoverse-V2,1,1 x NVIDIA GH200 120GB,-2.5917,51.4535,64,machine,1.25,3.6,25.32,216.787841796875,N,1.0,0.0
2026-09-27T00:46:04,efficientnet_lite0_batch2_node_0_evaluate,b4646f79-2f08-4ab8-bd2b-9462314b46e2,5b0fa12a-3dd7-45bb-9766-cc326314d9f1,6.860260077985004,6.888386793789016e-05,1.0040999489063501e-05,115.40501786880003,76.54492932570454,6.0,0.00012234544353765996,0.0001612576290170864,6.325619168734799e-06,0.0002899286917234812,0.0,United Kingdom,GBR,england,,,Linux-6.4.0-150600.23.73_15.0.14-cray_shasta_c_64k-aarch64-with-glibc2.38,3.11.7,3.3.0,72,Neoverse-V2,1,1 x NVIDIA GH200 120GB,-2.5917,51.4535,64,machine,20.5,1.6666666666666667,25.5,218.3682861328125,N,1.0,0.0
2026-09-27T00:46:21,efficientnet_lite0_batch2_node_1_local_train,4b39ed7b-e90c-4972-8c90-0b2878951a63,5b0fa12a-3dd7-45bb-9766-cc326314d9f1,13.019271828001365,0.00018022680015767215,1.3843078364033161e-05,115.36131712896002,156.41617887730357,6.0,0.0003195115133907137,0.0004310625670598256,7.991342012925695e-06,0.0007585654224634649,0.0,United Kingdom,GBR,england,,,Linux-6.4.0-150600.23.73_15.0.14-cray_shasta_c_64k-aarch64-with-glibc2.38,3.11.7,3.3.0,72,Neoverse-V2,1,1 x NVIDIA GH200 120GB,-2.5917,51.4535,64,machine,0.0,5.888888888888889,25.5,218.21688503689236,N,1.0,0.0
2026-09-27T00:46:33,efficientnet_lite0_batch2_node_1_evaluate,d0183f82-220e-4bf2-95d6-0632caec415f,5b0fa12a-3dd7-45bb-9766-cc326314d9f1,11.67516244482249,0.0001506442531046235,1.2902968486869213e-05,115.50008869632,147.1997024909031,6.0,0.000276560795108062,0.00035109389197884866,6.399301543133334e-06,0.000634053988630044,0.0,United Kingdom,GBR,england,,,Linux-6.4.0-150600.23.73_15.0.14-cray_shasta_c_64k-aarch64-with-glibc2.38,3.11.7,3.3.0,72,Neoverse-V2,1,1 x NVIDIA GH200 120GB,-2.5917,51.4535,64,machine,0.0,1.5,25.5,218.02741241455078,N,1.0,0.0
2026-09-27T00:47:33,efficientnet_lite0_batch2_node_2_local_train,65cf2d7a-25a0-436a-8b38-5ab44fc8bf80,5b0fa12a-3dd7-45bb-9766-cc326314d9f1,8.674087220104411,0.00010156152394936115,1.1708612257663998e-05,115.32266220960001,157.34374989913852,6.0,0.00017979172209386495,0.00024327352795694424,4.402031470478201e-06,0.0004274672815212874,0.0,United Kingdom,GBR,england,,,Linux-6.4.0-150600.23.73_15.0.14-cray_shasta_c_64k-aarch64-with-glibc2.38,3.11.7,3.3.0,72,Neoverse-V2,1,1 x NVIDIA GH200 120GB,-2.5917,51.4535,64,machine,2.18,7.2,25.5,218.353125,N,1.0,0.0
2026-09-27T00:47:41,efficientnet_lite0_batch2_node_2_evaluate,8e819762-98bd-4bfd-a235-b9ca4eff8b82,5b0fa12a-3dd7-45bb-9766-cc326314d9f1,6.842766671907157,6.878771550270071e-05,1.0052617428138726e-05,115.3886219136,77.03750094377249,6.0,0.00012174940060305067,0.0001614765180733002,6.298072344701117e-06,0.000289523991021052,0.0,United Kingdom,GBR,england,,,Linux-6.4.0-150600.23.73_15.0.14-cray_shasta_c_64k-aarch64-with-glibc2.38,3.11.7,3.3.0,72,Neoverse-V2,1,1 x NVIDIA GH200 120GB,-2.5917,51.4535,64,machine,0.0,4.0,25.600000000000005,219.08414713541666,N,1.0,0.0
2026-09-27T00:47:58,efficientnet_lite0_batch2_node_3_local_train,e837478b-d181-4d43-a3d0-b0d1ae5f6090,5b0fa12a-3dd7-45bb-9766-cc326314d9f1,7.926015394041315,9.423485682410645e-05,1.1889310345643677e-05,116.41695374592001,84.87487721469834,6.0,0.0001594088816191327,0.00022911712773066029,8.103703406717008e-06,0.00039662971275650997,0.0,United Kingdom,GBR,england,,,Linux-6.4.0-150600.23.73_15.0.14-cray_shasta_c_64k-aarch64-with-glibc2.38,3.11.7,3.3.0,72,Neoverse-V2,1,1 x NVIDIA GH200 120GB,-2.5917,51.4535,64,machine,11.25,12.25,32.925000000000004,282.1750793457031,N,1.0,0.0
2026-09-27T00:48:08,efficientnet_lite0_batch2_node_3_evaluate,74466d16-f85f-4953-a872-c13b2e952865,5b0fa12a-3dd7-45bb-9766-cc326314d9f1,8.831463228911161,0.00010230127070409043,1.1583728319129653e-05,116.63760894336002,146.66335823432087,6.0,0.00018665937681368108,0.00023742380103897176,6.497660082144042e-06,0.0004305808379347968,0.0,United Kingdom,GBR,england,,,Linux-6.4.0-150600.23.73_15.0.14-cray_shasta_c_64k-aarch64-with-glibc2.38,3.11.7,3.3.0,72,Neoverse-V2,1,1 x NVIDIA GH200 120GB,-2.5917,51.4535,64,machine,1.3800000000000001,2.4,25.919999999999998,221.8821044921875,N,1.0,0.0
2026-09-27T00:48:19,efficientnet_lite0_batch2_node_4_local_train,194d7db3-78c9-4a8b-a8da-c94f3a99e655,5b0fa12a-3dd7-45bb-9766-cc326314d9f1,7.107091027777642,8.010240989004493e-05,1.1270773031746664e-05,116.88920090496,755.3351677832851,6.0,0.00013365846279635794,0.0001967509907387921,6.73750987664486e-06,0.00033714696341179487,0.0,United Kingdom,GBR,england,,,Linux-6.4.0-150600.23.73_15.0.14-cray_shasta_c_64k-aarch64-with-glibc2.38,3.11.7,3.3.0,72,Neoverse-V2,1,1 x NVIDIA GH200 120GB,-2.5917,51.4535,64,machine,0.0,18.0,24.75,211.9509735107422,N,1.0,0.0
2026-09-27T00:48:31,efficientnet_lite0_batch2_node_4_evaluate,ae601a18-cbe8-49b4-ab7c-d8907be60617,5b0fa12a-3dd7-45bb-9766-cc326314d9f1,9.936993463896215,0.00012173088252423793,1.2250272979097668e-05,115.60884030720003,148.0138579185732,6.0,0.0002213699638376788,0.00028453606095979467,6.453059689762691e-06,0.0005123590844872361,0.0,United Kingdom,GBR,england,,,Linux-6.4.0-150600.23.73_15.0.14-cray_shasta_c_64k-aarch64-with-glibc2.38,3.11.7,3.3.0,72,Neoverse-V2,1,1 x NVIDIA GH200 120GB,-2.5917,51.4535,64,machine,5.3500000000000005,2.0,31.016666666666666,265.73731486002606,N,1.0,0.0
2026-09-27T00:49:36,efficientnet_lite0_batch2_node_5_local_train,effcb6c5-f140-4bea-bc9a-de02166b58e9,5b0fa12a-3dd7-45bb-9766-cc326314d9f1,31.87173040001653,0.0005063448809876678,1.58869592153492e-05,115.31255662170355,153.1154127911232,6.0,0.0009225317485952458,0.001176317885494882,3.2330180580029266e-05,0.002131179814670157,0.0,United Kingdom,GBR,england,,,Linux-6.4.0-150600.23.73_15.0.14-cray_shasta_c_64k-aarch64-with-glibc2.38,3.11.7,3.3.0,72,Neoverse-V2,1,1 x NVIDIA GH200 120GB,-2.5917,51.4535,64,machine,0.8714285714285716,1.9285714285714286,29.596428571428586,253.30971200125558,N,1.0,0.0
2026-09-27T00:49:47,efficientnet_lite0_batch2_node_5_evaluate,3178b8f3-e485-44f8-a709-5276423a0ac4,5b0fa12a-3dd7-45bb-9766-cc326314d9f1,6.875975779956207,6.914295547819977e-05,1.0055729934325066e-05,115.42369517280001,76.50864630767384,6.0,0.0001228893586624475,0.00016178068499073106,6.3491343314914655e-06,0.00029101917798467,0.0,United Kingdom,GBR,england,,,Linux-6.4.0-150600.23.73_15.0.14-cray_shasta_c_64k-aarch64-with-glibc2.38,3.11.7,3.3.0,72,Neoverse-V2,1,1 x NVIDIA GH200 120GB,-2.5917,51.4535,64,machine,0.0,4.0,29.600000000000005,253.60748291015625,N,1.0,0.0
2026-09-27T00:49:55,efficientnet_lite0_batch2_node_0_upload,b8de6b6e-5d9f-4089-8aff-8d3da6bf7f0b,5b0fa12a-3dd7-45bb-9766-cc326314d9f1,3.0778764269780368,1.2494877509426465e-07,4.0595773761113464e-08,115.2013799808,0.0,6.0,5.159923255407196e-07,0.0,9.910704878469308e-09,5.259030304191889e-07,0.0,United Kingdom,GBR,england,,,Linux-6.4.0-150600.23.73_15.0.14-cray_shasta_c_64k-aarch64-with-glibc2.38,3.11.7,3.3.0,72,Neoverse-V2,1,1 x NVIDIA GH200 120GB,-2.5917,51.4535,64,machine,0,0,0,0,N,1.0,0.0
2026-09-27T00:50:07,efficientnet_lite0_batch2_node_1_upload,8c79eded-bf50-4223-8ee5-b3b9388ac4b7,5b0fa12a-3dd7-45bb-9766-cc326314d9f1,4.088644434930757,1.810684960738429e-05,4.4285703722952705e-06,115.20371329920002,154.5998715207129,6.0,3.2761317349616685e-05,4.344392364430405e-05,5.566776574899753e-09,7.621080777049564e-05,0.0,United Kingdom,GBR,england,,,Linux-6.4.0-150600.23.73_15.0.14-cray_shasta_c_64k-aarch64-with-glibc2.38,3.11.7,3.3.0,72,Neoverse-V2,1,1 x NVIDIA GH200 120GB,-2.5917,51.4535,64,machine,0.0,0.0,29.7,254.11822509765625,N,1.0,0.0
2026-09-27T00:50:15,efficientnet_lite0_batch2_node_4_upload,1b3c404e-b873-4208-b4e2-6c88242d924c,5b0fa12a-3dd7-45bb-9766-cc326314d9f1,4.574525550939143,2.5576943309723265e-05,5.591168532105447e-06,115.2062099136,142.10033088389653,6.0,4.840716600818321e-05,5.9219769596552396e-05,2.51160884120812e-08,0.00010765205169314769,0.0,United Kingdom,GBR,england,,,Linux-6.4.0-150600.23.73_15.0.14-cray_shasta_c_64k-aarch64-with-glibc2.38,3.11.7,3.3.0,72,Neoverse-V2,1,1 x NVIDIA GH200 120GB,-2.5917,51.4535,64,machine,0.0,0.0,29.7,254.1541748046875,N,1.0,0.0
2026-09-27T00:50:24,efficientnet_lite0_batch2_node_1_exchange,4a6bd34a-35de-4bdb-ae01-062ca2e6ad7e,5b0fa12a-3dd7-45bb-9766-cc326314d9f1,4.176109412917867,1.9002329035509483e-05,4.550246930008585e-06,116.0527651488,136.56879156346764,6.0,3.625094149928119e-05,4.354281260532389e-05,1.8608096987009048e-07,7.997983507447517e-05,0.0,United Kingdom,GBR,england,,,Linux-6.4.0-150600.23.73_15.0.14-cray_shasta_c_64k-aarch64-with-glibc2.38,3.11.7,3.3.0,72,Neoverse-V2,1,1 x NVIDIA GH200 120GB,-2.5917,51.4535,64,machine,5.0,0.0,29.7,254.2252197265625,N,1.0,0.0
2026-09-27T00:50:47,efficientnet_lite0_batch2_node_1_evaluate,f4e43e25-d318-4ef0-87ab-26abeb5af391,5b0fa12a-3dd7-45bb-9766-cc326314d9f1,13.681739317020401,0.0001857445302955123,1.357609043642878e-05,115.46992488137143,148.83790829110725,6.0,0.000340667501312979,0.0004346459032689154,6.4758629999899615e-06,0.0007817892675818843,0.0,United Kingdom,GBR,england,,,Linux-6.4.0-150600.23.73_15.0.14-cray_shasta_c_64k-aarch64-with-glibc2.38,3.11.7,3.3.0,72,Neoverse-V2,1,1 x NVIDIA GH200 120GB,-2.5917,51.4535,64,machine,7.359999999999999,1.2,29.699999999999996,254.2056884765625,N,1.0,0.0
2026-09-27T00:54:33,mobilevit_xxs_batch2_node_0_local_train,baa5dffd-37e0-4678-ae75-3c1614f99dc4,5b0fa12a-3dd7-45bb-9766-cc326314d9f1,55.7951841019094,0.0009211986661271621,1.6510361619106786e-05,115.26395731212105,147.4041871976616,6.0,0.0016876170010335072,0.0021113539113031266,7.830735444828558e-05,0.0038772782667849193,0.0,United Kingdom,GBR,england,,,Linux-6.4.0-150600.23.73_15.0.14-cray_shasta_c_64k-aarch64-with-glibc2.38,3.11.7,3.3.0,72,Neoverse-V2,1,1 x NVIDIA GH200 120GB,-2.5917,51.4535,64,machine,3.326923076923077,0.21153846153846154,23.56346153846153,201.86466627854568,N,1.0,0.0
2026-09-27T00:54:47,mobilevit_xxs_batch2_node_0_evaluate,09b52d69-93f8-487e-80ac-1d42438ed3d0,5b0fa12a-3dd7-45bb-9766-cc326314d9f1,7.970105923945084,8.726153241867384e-05,1.0948603851864578e-05,115.47935902080002,145.39557648885014,6.0,0.00015810376882675393,0.0002026687732410437,6.506803435040638e-06,0.00036727934550283823,0.0,United Kingdom,GBR,england,,,Linux-6.4.0-150600.23.73_15.0.14-cray_shasta_c_64k-aarch64-with-glibc2.38,3.11.7,3.3.0,72,Neoverse-V2,1,1 x NVIDIA GH200 120GB,-2.5917,51.4535,64,machine,0.0,2.25,23.6,202.22267150878906,N,1.0,0.0
2026-09-27T00:55:01,mobilevit_xxs_batch2_node_1_local_train,44153566-aa18-449e-a505-e813b4988403,5b0fa12a-3dd7-45bb-9766-cc326314d9f1,11.70321568287909,0.00016069766722726856,1.3731069441226908e-05,115.35407878320001,151.97415705600662,6.0,0.0002775198600303527,0.00038612530889281516,1.2723127703648061e-05,0.0006763682966268159,0.0,United Kingdom,GBR,england,,,Linux-6.4.0-150600.23.73_15.0.14-cray_shasta_c_64k-aarch64-with-glibc2.38,3.11.7,3.3.0,72,Neoverse-V2,1,1 x NVIDIA GH200 120GB,-2.5917,51.4535,64,machine,0.0,11.875,23.599999999999998,202.2379150390625,N,1.0,0.0
2026-09-27T00:55:16,mobilevit_xxs_batch2_node_1_evaluate,fc67ca31-b960-4cc9-b47e-a73d5f93c1f6,5b0fa12a-3dd7-45bb-9766-cc326314d9f1,11.500936286058277,0.00014710779730341524,1.2790940984669483e-05,115.51480607232001,145.76637579661514,6.0,0.0002712085533089721,0.00034137777311116224,6.582899863133208e-06,0.0006191692262832674,0.0,United Kingdom,GBR,england,,,Linux-6.4.0-150600.23.73_15.0.14-cray_shasta_c_64k-aarch64-with-glibc2.38,3.11.7,3.3.0,72,Neoverse-V2,1,1 x NVIDIA GH200 120GB,-2.5917,51.4535,64,machine,16.075000000000003,2.0,23.599999999999998,202.23385620117188,N,1.0,0.0
2026-09-27T00:55:44,mobilevit_xxs_batch2_node_2_local_train,313521aa-99bb-4d35-a1db-9e9e6353d5ab,5b0fa12a-3dd7-45bb-9766-cc326314d9f1,8.221341025084257,9.404439207431123e-05,1.1439057422307501e-05,115.31375173440003,150.06001210339895,6.0,0.00016550380649219172,0.0002234099009399415,6.914348893333227e-06,0.0003958280563254664,0.0,United Kingdom,GBR,england,,,Linux-6.4.0-150600.23.73_15.0.14-cray_shasta_c_64k-aarch64-with-glibc2.38,3.11.7,3.3.0,72,Neoverse-V2,1,1 x NVIDIA GH200 120GB,-2.5917,51.4535,64,machine,0.0,16.6,23.6,202.3115234375,N,1.0,0.0
2026-09-27T00:55:57,mobilevit_xxs_batch2_node_2_evaluate,3f99692a-2ba1-4cf1-8fbe-b225bb7a5200,5b0fa12a-3dd7-45bb-9766-cc326314d9f1,8.455593497026712,9.581227917521682e-05,1.1331230529105715e-05,115.44661630656003,147.88702954849884,6.0,0.0001735396763163376,0.00022317406742899948,6.555259344944109e-06,0.0004032690030902812,0.0,United Kingdom,GBR,england,,,Linux-6.4.0-150600.23.73_15.0.14-cray_shasta_c_64k-aarch64-with-glibc2.38,3.11.7,3.3.0,72,Neoverse-V2,1,1 x NVIDIA GH200 120GB,-2.5917,51.4535,64,machine,0.0,2.4,23.640000000000004,202.4928955078125,N,1.0,0.0
2026-09-27T00:56:17,mobilevit_xxs_batch2_node_3_local_train,7a3b84e3-e0fa-46a7-b5c5-422d5267b984,5b0fa12a-3dd7-45bb-9766-cc326314d9f1,10.024349826853722,0.00013022781326610023,1.2991148105909028e-05,115.28077279268574,718.8768450349236,6.0,0.00022333520603135562,0.0003132094172570987,1.1577609921417509e-05,0.0005481222332098718,0.0,United Kingdom,GBR,england,,,Linux-6.4.0-150600.23.73_15.0.14-cray_shasta_c_64k-aarch64-with-glibc2.38,3.11.7,3.3.0,72,Neoverse-V2,1,1 x NVIDIA GH200 120GB,-2.5917,51.4535,64,machine,1.9666666666666668,9.166666666666666,23.7,202.89114379882812,N,1.0,0.0
2026-09-27T00:58:05,mobilevit_xxs_batch2_node_3_evaluate,2dc8b447-6eff-43e6-bd14-0743f03a8707,5b0fa12a-3dd7-45bb-9766-cc326314d9f1,13.087540199048817,0.0001739563145824423,1.3291750163646884e-05,115.55894343332574,146.13496755073479,6.0,0.0003216713294205565,0.000403976989858279,6.524948769947514e-06,0.0007321732680487831,0.0,United Kingdom,GBR,england,,,Linux-6.4.0-150600.23.73_15.0.14-cray_shasta_c_64k-aarch64-with-glibc2.38,3.11.7,3.3.0,72,Neoverse-V2,1,1 x NVIDIA GH200 120GB,-2.5917,51.4535,64,machine,0.0,1.6,23.800000000000004,203.96236572265624,N,1.0,0.0
2026-09-27T00:58:27,mobilevit_xxs_batch2_node_4_local_train,e1cf8ea0-bdc9-4599-aed9-2b7420bbdb81,5b0fa12a-3dd7-45bb-9766-cc326314d9f1,9.081150386948138,0.000112474093728682,1.2385445558784613e-05,115.31311858285719,80.86552803646983,6.0,0.0001932968880002852,0.00027007604938944496,1.0024794528338439e-05,0.0004733977319180686,0.0,United Kingdom,GBR,england,,,Linux-6.4.0-150600.23.73_15.0.14-cray_shasta_c_64k-aarch64-with-glibc2.38,3.11.7,3.3.0,72,Neoverse-V2,1,1 x NVIDIA GH200 120GB,-2.5917,51.4535,64,machine,7.483333333333334,14.5,23.8,204.08908081054688,N,1.0,0.0
2026-09-27T00:58:43,mobilevit_xxs_batch2_node_4_evaluate,2c3c3cec-9c82-429f-9886-b417ed5db0d7,5b0fa12a-3dd7-45bb-9766-cc326314d9f1,6.981499626999721,7.131092901948702e-05,1.0214270977499527e-05,115.41124385280003,771.8305190623649,6.0,0.00012618191250964752,0.00016745846728838387,6.503688401620214e-06,0.0003001440681996516,0.0,United Kingdom,GBR,england,,,Linux-6.4.0-150600.23.73_15.0.14-cray_shasta_c_64k-aarch64-with-glibc2.38,3.11.7,3.3.0,72,Neoverse-V2,1,1 x NVIDIA GH200 120GB,-2.5917,51.4535,64,machine,0.0,4.0,23.8,204.1266072591146,N,1.0,0.0
2026-09-27T00:59:55,mobilevit_xxs_batch2_node_5_local_train,4f46b0d8-8372-48d5-87b0-90825c082475,5b0fa12a-3dd7-45bb-9766-cc326314d9f1,46.5982252759859,0.0007584066172265965,1.6275439949371563e-05,115.25768535805719,146.4596020453689,6.0,0.001394009355708776,0.0017577877951140408,4.0297673544458425e-05,0.0031920948243672753,0.0,United Kingdom,GBR,england,,,Linux-6.4.0-150600.23.73_15.0.14-cray_shasta_c_64k-aarch64-with-glibc2.38,3.11.7,3.3.0,72,Neoverse-V2,1,1 x NVIDIA GH200 120GB,-2.5917,51.4535,64,machine,2.3232558139534882,2.488372093023256,23.79999999999998,203.9125493958939,N,1.0,0.0
2026-09-27T01:00:09,mobilevit_xxs_batch2_node_5_evaluate,d38332f1-fdeb-4bc6-a542-43364e5e91ae,5b0fa12a-3dd7-45bb-9766-cc326314d9f1,6.991199507145211,7.132271173749016e-05,1.0201784638615484e-05,115.41642694560002,76.82325051609845,6.0,0.00012650499991898097,0.00016715568926883861,6.532971871783958e-06,0.00030019366105960357,0.0,United Kingdom,GBR,england,,,Linux-6.4.0-150600.23.73_15.0.14-cray_shasta_c_64k-aarch64-with-glibc2.38,3.11.7,3.3.0,72,Neoverse-V2,1,1 x NVIDIA GH200 120GB,-2.5917,51.4535,64,machine,17.066666666666666,4.0,23.8,203.93241373697916,N,1.0,0.0
2026-09-27T01:00:17,mobilevit_xxs_batch2_node_1_upload,9b90564b-b3c0-47bd-93f8-d7198dba6551,5b0fa12a-3dd7-45bb-9766-cc326314d9f1,3.07445978699252,1.2648067245630073e-07,4.113915328846305e-08,115.20053084160004,0.0,6.0,5.215242918461687e-07,0.0,1.0826416546478868e-08,5.323507083926475e-07,0.0,United Kingdom,GBR,england,,,Linux-6.4.0-150600.23.73_15.0.14-cray_shasta_c_64k-aarch64-with-glibc2.38,3.11.7,3.3.0,72,Neoverse-V2,1,1 x NVIDIA GH200 120GB,-2.5917,51.4535,64,machine,0,0,0,0,N,1.0,0.0
2026-09-27T01:00:21,mobilevit_xxs_batch2_node_3_upload,ccb347c7-9189-4658-8ad5-019deda83f8c,5b0fa12a-3dd7-45bb-9766-cc326314d9f1,3.0840943639632314,2.0062548656040857e-07,6.505166926948168e-08,115.20053084160004,0.0,6.0,8.184015315681155e-07,0.0,2.6020923008521397e-08,8.444224545766369e-07,0.0,United Kingdom,GBR,england,,,Linux-6.4.0-150600.23.73_15.0.14-cray_shasta_c_64k-aarch64-with-glibc2.38,3.11.7,3.3.0,72,Neoverse-V2,1,1 x NVIDIA GH200 120GB,-2.5917,51.4535,64,machine,0,0,0,0,N,1.0,0.0
2026-09-27T01:00:37,mobilevit_xxs_batch2_node_4_upload,19913316-9738-4a45-9084-680e0a43a1a2,5b0fa12a-3dd7-45bb-9766-cc326314d9f1,10.021544797811657,0.00011768399227935293,1.174309895866063e-05,115.20159222857147,140.86188963465722,6.0,0.0002229173043808536,0.000272402995690868,5.629493001227578e-09,0.0004953259295647228,0.0,United Kingdom,GBR,england,,,Linux-6.4.0-150600.23.73_15.0.14-cray_shasta_c_64k-aarch64-with-glibc2.38,3.11.7,3.3.0,72,Neoverse-V2,1,1 x NVIDIA GH200 120GB,-2.5917,51.4535,64,machine,2.9,0.0,23.8,203.84317016601562,N,1.0,0.0
2026-09-27T01:00:43,mobilevit_xxs_batch2_node_0_exchange,0d653f2c-8389-4904-b4da-52331a1fb709,5b0fa12a-3dd7-45bb-9766-cc326314d9f1,3.1015973400790244,9.721391644724234e-08,3.134317765592534e-08,115.20053084160004,0.0,6.0,4.0361129956294265e-07,0.0,5.557123416413863e-09,4.0916842297935654e-07,0.0,United Kingdom,GBR,england,,,Linux-6.4.0-150600.23.73_15.0.14-cray_shasta_c_64k-aarch64-with-glibc2.38,3.11.7,3.3.0,72,Neoverse-V2,1,1 x NVIDIA GH200 120GB,-2.5917,51.4535,64,machine,0,0,0,0,N,1.0,0.0
2026-09-27T01:11:14,mobilevit_xxs_batch2_node_1_exchange,eff0cad7-83dd-42ee-af65-e8ffe9d1e2d1,5b0fa12a-3dd7-45bb-9766-cc326314d9f1,628.150135145057,0.010908485853471898,1.7366048724884587e-05,115.20173963568007,142.1464414427775,6.0,0.020099021481211066,0.024793801779466662,0.00102043810020977,0.04591326136088749,0.0,United Kingdom,GBR,england,,,Linux-6.4.0-150600.23.73_15.0.14-cray_shasta_c_64k-aarch64-with-glibc2.38,3.11.7,3.3.0,72,Neoverse-V2,1,1 x NVIDIA GH200 120GB,-2.5917,51.4535,64,machine,1.2256369426751592,0.0,27.623885350318552,236.6292261986216,N,1.0,0.0
2026-09-27T01:11:25,mobilevit_xxs_batch2_node_2_exchange,2d52189c-8799-49d3-929b-c42640b19a04,5b0fa12a-3dd7-45bb-9766-cc326314d9f1,4.119702900992706,1.7193917863959462e-05,4.1735819978222996e-06,115.2013799808,139.00499331716162,6.0,3.2883189385881005e-05,3.947947602966906e-05,5.659144759799043e-09,7.236832456030987e-05,0.0,United Kingdom,GBR,england,,,Linux-6.4.0-150600.23.73_15.0.14-cray_shasta_c_64k-aarch64-with-glibc2.38,3.11.7,3.3.0,72,Neoverse-V2,1,1 x NVIDIA GH200 120GB,-2.5917,51.4535,64,machine,0.0,0.0,34.3,293.84075927734375,N,1.0,0.0
2026-09-27T01:13:08,mobilevit_xxs_batch2_node_3_exchange,7b0bc1e4-8ece-4eae-a15b-1785e05cfc5d,5b0fa12a-3dd7-45bb-9766-cc326314d9f1,40.600251771043986,0.0006544174120452767,1.611855551378639e-05,115.20140492498824,94.98540949411317,6.0,0.0011998778366941255,0.001479501739169109,7.502998032529527e-05,0.0027544095561885303,0.0,United Kingdom,GBR,england,,,Linux-6.4.0-150600.23.73_15.0.14-cray_shasta_c_64k-aarch64-with-glibc2.38,3.11.7,3.3.0,72,Neoverse-V2,1,1 x NVIDIA GH200 120GB,-2.5917,51.4535,64,machine,1.8351351351351353,0.0,34.39729729729731,294.4028204840583,N,1.0,0.0
2026-09-27T01:13:15,mobilevit_xxs_batch2_node_4_exchange,0a233cf0-3eba-4505-bc6f-79154b6f29e7,5b0fa12a-3dd7-45bb-9766-cc326314d9f1,5.1074261360336095,3.409304315449423e-05,6.6751906432797946e-06,115.20137998080001,140.87577402492656,6.0,6.460781952612735e-05,7.8877840877567e-05,1.0221789901455244e-08,0.00014349588219359578,0.0,United Kingdom,GBR,england,,,Linux-6.4.0-150600.23.73_15.0.14-cray_shasta_c_64k-aarch64-with-glibc2.38,3.11.7,3.3.0,72,Neoverse-V2,1,1 x NVIDIA GH200 120GB,-2.5917,51.4535,64,machine,0.0,0.0,34.4,294.61285400390625,N,1.0,0.0
2026-09-27T01:14:44,mobilevit_xxs_batch2_node_0_evaluate,f1c1d67c-b0f8-40d5-baac-d8ecedc0ec39,5b0fa12a-3dd7-45bb-9766-cc326314d9f1,53.64445907110348,0.0008826791012047871,1.6454245536054954e-05,115.31963689723484,144.3619435107986,6.0,0.0016195902954936102,0.002006366882866928,8.919420156356258e-05,0.0037151513799241007,0.0,United Kingdom,GBR,england,,,Linux-6.4.0-150600.23.73_15.0.14-cray_shasta_c_64k-aarch64-with-glibc2.38,3.11.7,3.3.0,72,Neoverse-V2,1,1 x NVIDIA GH200 120GB,-2.5917,51.4535,64,machine,2.29,0.16,34.426,295.0734582519531,N,1.0,0.0
2026-09-27T01:15:03,mobilevit_xxs_batch2_node_1_evaluate,36106cec-181b-4e14-9d35-974827a56e84,5b0fa12a-3dd7-45bb-9766-cc326314d9f1,12.134768198011443,0.00015855627928009798,1.30662800222324e-05,115.55715646656,147.1362095299284,6.0,0.00029159138140819583,0.0003691766842450761,6.587238170128937e-06,0.0006673553038234008,0.0,United Kingdom,GBR,england,,,Linux-6.4.0-150600.23.73_15.0.14-cray_shasta_c_64k-aarch64-with-glibc2.38,3.11.7,3.3.0,72,Neoverse-V2,1,1 x NVIDIA GH200 120GB,-2.5917,51.4535,64,machine,7.022222222222222,1.4444444444444444,34.51111111111111,295.7352294921875,N,1.0,0.0
2026-09-27T01:15:23,mobilevit_xxs_batch2_node_2_evaluate,df6ed61f-11d8-4bc9-8451-62fa6fbbeb98,5b0fa12a-3dd7-45bb-9766-cc326314d9f1,13.572861928027123,0.00018232172065931073,1.3432813331934631e-05,115.44085357220573,146.36560793365686,6.0,0.0003372556021802649,0.0004237972834602033,6.329950514870386e-06,0.0007673828361553386,0.0,United Kingdom,GBR,england,,,Linux-6.4.0-150600.23.73_15.0.14-cray_shasta_c_64k-aarch64-with-glibc2.38,3.11.7,3.3.0,72,Neoverse-V2,1,1 x NVIDIA GH200 120GB,-2.5917,51.4535,64,machine,11.51,1.5,34.52,295.89097290039064,N,1.0,0.0
2026-09-27T01:17:08,mobilevit_xxs_batch2_node_3_evaluate,6ad6ac2a-6100-4cff-a96c-8831bd7f1e7d,5b0fa12a-3dd7-45bb-9766-cc326314d9f1,61.973912408109754,0.0010214368037139204,1.6481722131524774e-05,115.37993281410002,144.0554800111218,6.0,0.0018863224659565548,0.0023332596443879083,7.9593372164915e-05,0.004299175482509378,0.0,United Kingdom,GBR,england,,,Linux-6.4.0-150600.23.73_15.0.14-cray_shasta_c_64k-aarch64-with-glibc2.38,3.11.7,3.3.0,72,Neoverse-V2,1,1 x NVIDIA GH200 120GB,-2.5917,51.4535,64,machine,1.5603448275862069,0.20689655172413793,34.599999999999966,296.3438994308998,N,1.0,0.0
2026-09-27T01:17:30,mobilevit_xxs_batch2_node_4_evaluate,6f86b4c0-20d0-481a-a20d-8f3c308174c9,5b0fa12a-3dd7-45bb-9766-cc326314d9f1,12.595011550933123,0.00016544918175271856,1.3136088131690596e-05,115.48552531968002,145.85240978401293,6.0,0.00030621313311701703,0.00038370502917928206,6.449016961657132e-06,0.0006963671792579562,0.0,United Kingdom,GBR,england,,,Linux-6.4.0-150600.23.73_15.0.14-cray_shasta_c_64k-aarch64-with-glibc2.38,3.11.7,3.3.0,72,Neoverse-V2,1,1 x NVIDIA GH200 120GB,-2.5917,51.4535,64,machine,8.544444444444444,1.2222222222222223,29.5,252.42282443576389,N,1.0,0.0
2026-09-27T01:18:26,mobilenet_v3_small_batch3_node_0_local_train,9006f290-918a-4e49-be0b-6275764da0de,5b0fa12a-3dd7-45bb-9766-cc326314d9f1,9.186042497865856,0.00010885064153517124,1.1849568686456646e-05,115.3666638226286,74.98794161067758,6.0,0.00019605820744122843,0.00025191964597581773,1.0168952769987907e-05,0.00045814680618703406,0.0,United Kingdom,GBR,england,,,Linux-6.4.0-150600.23.73_15.0.14-cray_shasta_c_64k-aarch64-with-glibc2.38,3.11.7,3.3.0,72,Neoverse-V2,1,1 x NVIDIA GH200 120GB,-2.5917,51.4535,64,machine,0.0,5.833333333333333,34.4,294.3466389973958,N,1.0,0.0
2026-09-27T01:18:40,mobilenet_v3_small_batch3_node_0_evaluate,7156dffe-573e-42cc-809f-5b185bcf82c6,5b0fa12a-3dd7-45bb-9766-cc326314d9f1,12.803146642167121,0.00016929777287364925,1.3223137843010217e-05,115.33608523954287,142.75189814824296,6.0,0.0003126498272330552,0.0003886905887213743,1.1225287313185011e-05,0.0007125657032676145,0.0,United Kingdom,GBR,england,,,Linux-6.4.0-150600.23.73_15.0.14-cray_shasta_c_64k-aarch64-with-glibc2.38,3.11.7,3.3.0,72,Neoverse-V2,1,1 x NVIDIA GH200 120GB,-2.5917,51.4535,64,machine,0.0,0.3333333333333333,34.4,294.37615966796875,N,1.0,0.0
2026-09-27T01:22:33,mobilenet_v3_small_batch3_node_1_local_train,19e886ba-e296-4302-87f6-5978aec65b2e,5b0fa12a-3dd7-45bb-9766-cc326314d9f1,216.9994039258454,0.0038586445744938263,1.7781821077317015e-05,115.2284674167885,156.0282636589553,6.0,0.0069446029979520225,0.008526555154560356,0.0007696803311456461,0.016240838483658024,0.0,United Kingdom,GBR,england,,,Linux-6.4.0-150600.23.73_15.0.14-cray_shasta_c_64k-aarch64-with-glibc2.38,3.11.7,3.3.0,72,Neoverse-V2,1,1 x NVIDIA GH200 120GB,-2.5917,51.4535,64,machine,1.4828703703703705,0.046296296296296294,34.453703703703766,295.1121193214699,N,1.0,0.0
2026-09-27T01:23:33,mobilenet_v3_small_batch3_node_1_evaluate,47b78af5-0758-4822-90d2-e02b1cb83b74,5b0fa12a-3dd7-45bb-9766-cc326314d9f1,27.98547762213275,0.0004299289387113449,1.536257284997448e-05,115.43318948329413,142.73591856671678,6.0,0.0007982275936670538,0.000979819950529759,3.150146148672017e-05,0.001809549005683533,0.0,United Kingdom,GBR,england,,,Linux-6.4.0-150600.23.73_15.0.14-cray_shasta_c_64k-aarch64-with-glibc2.38,3.11.7,3.3.0,72,Neoverse-V2,1,1 x NVIDIA GH200 120GB,-2.5917,51.4535,64,machine,1.0583333333333333,0.125,34.600000000000016,296.1326904296875,N,1.0,0.0
2026-09-27T01:24:25,mobilenet_v3_small_batch3_node_2_local_train,8b064883-8926-43b1-bf52-726a29f8e9b0,5b0fa12a-3dd7-45bb-9766-cc326314d9f1,7.763792257057503,8.305735457177454e-05,1.0698039285669075e-05,115.350968448,144.20555487047358,6.0,0.0001512519551302874,0.00019216265373245278,6.169566211756319e-06,0.00034958417507449646,0.0,United Kingdom,GBR,england,,,Linux-6.4.0-150600.23.73_15.0.14-cray_shasta_c_64k-aarch64-with-glibc2.38,3.11.7,3.3.0,72,Neoverse-V2,1,1 x NVIDIA GH200 120GB,-2.5917,51.4535,64,machine,0.0,3.5,34.6,296.0976257324219,N,1.0,0.0
2026-09-27T01:25:12,mobilenet_v3_small_batch3_node_2_evaluate,e165d35a-3190-471f-9001-f9e4dcce0221,5b0fa12a-3dd7-45bb-9766-cc326314d9f1,16.81670958409086,0.00023562349907893458,1.4011272413352603e-05,115.54787188407275,143.7722368148476,6.0,0.0004411723499000376,0.0005443143243439863,6.240632487072919e-06,0.0009917273067310969,0.0,United Kingdom,GBR,england,,,Linux-6.4.0-150600.23.73_15.0.14-cray_shasta_c_64k-aarch64-with-glibc2.38,3.11.7,3.3.0,72,Neoverse-V2,1,1 x NVIDIA GH200 120GB,-2.5917,51.4535,64,machine,0.0,0.23076923076923078,34.89999999999999,299.19637357271637,N,1.0,0.0
2026-09-27T01:26:09,mobilenet_v3_small_batch3_node_3_local_train,02c679f1-d429-4abf-b7c3-51f2cf5abb93,5b0fa12a-3dd7-45bb-9766-cc326314d9f1,9.618384231813252,0.00011567281105405611,1.2026220648522538e-05,115.37521954560002,143.50367563453912,6.0,0.00021065964727050497,0.00026695438023693896,9.24694271447758e-06,0.0004868609702219215,0.0,United Kingdom,GBR,england,,,Linux-6.4.0-150600.23.73_15.0.14-cray_shasta_c_64k-aarch64-with-glibc2.38,3.11.7,3.3.0,72,Neoverse-V2,1,1 x NVIDIA GH200 120GB,-2.5917,51.4535,64,machine,0.0,3.8333333333333335,35.0,299.46337890625,N,1.0,0.0
2026-09-27T01:26:25,mobilenet_v3_small_batch3_node_3_evaluate,79b8ab4a-2e22-4403-ace7-645c3c235bb0,5b0fa12a-3dd7-45bb-9766-cc326314d9f1,11.851620465051383,0.00015142651263789247,1.2776861449826723e-05,115.45312808448,143.30838442753793,6.0,0.00028204218363896453,0.00034897694584401506,6.3273496801654494e-06,0.000637346479163145,0.0,United Kingdom,GBR,england,,,Linux-6.4.0-150600.23.73_15.0.14-cray_shasta_c_64k-aarch64-with-glibc2.38,3.11.7,3.3.0,72,Neoverse-V2,1,1 x NVIDIA GH200 120GB,-2.5917,51.4535,64,machine,11.312499999999998,0.375,35.0,299.4032211303711,N,1.0,0.0
2026-09-27T01:26:34,mobilenet_v3_small_batch3_node_4_local_train,c4bd62da-25e5-422a-8df0-4e96ceeb9be6,5b0fa12a-3dd7-45bb-9766-cc326314d9f1,8.65083138202317,0.00010014711464488506,1.1576588448249659e-05,115.35164625600001,609.3738076152506,6.0,0.0001797626726544683,0.00023244351928042306,9.307912863247718e-06,0.0004215141047981391,0.0,United Kingdom,GBR,england,,,Linux-6.4.0-150600.23.73_15.0.14-cray_shasta_c_64k-aarch64-with-glibc2.38,3.11.7,3.3.0,72,Neoverse-V2,1,1 x NVIDIA GH200 120GB,-2.5917,51.4535,64,machine,0.0,6.0,35.0,299.41168212890625,N,1.0,0.0
2026-09-27T01:27:03,mobilenet_v3_small_batch3_node_4_evaluate,49d940f1-2bde-4ce9-9407-7b3d70da4a15,5b0fa12a-3dd7-45bb-9766-cc326314d9f1,6.870917940046638,6.793282730936564e-05,9.887008970580796e-06,115.4406946752,737.5515267485622,6.0,0.0001228602907551234,0.00015673984759700943,6.32567180475841e-06,0.00028592581015689125,0.0,United Kingdom,GBR,england,,,Linux-6.4.0-150600.23.73_15.0.14-cray_shasta_c_64k-aarch64-with-glibc2.38,3.11.7,3.3.0,72,Neoverse-V2,1,1 x NVIDIA GH200 120GB,-2.5917,51.4535,64,machine,0.0,1.0,35.0,299.80556233723956,N,1.0,0.0
2026-09-27T01:27:39,mobilenet_v3_small_batch3_node_5_local_train,c912ea54-4452-4020-a6ea-4451f3f6f1cd,5b0fa12a-3dd7-45bb-9766-cc326314d9f1,10.350575275020674,0.00012942239346548174,1.2503884086309708e-05,115.38955121965716,148.41879940749254,6.0,0.00023424393349986774,0.0003000735733991178,1.0414755392121151e-05,0.0005447322622911066,0.0,United Kingdom,GBR,england,,,Linux-6.4.0-150600.23.73_15.0.14-cray_shasta_c_64k-aarch64-with-glibc2.38,3.11.7,3.3.0,72,Neoverse-V2,1,1 x NVIDIA GH200 120GB,-2.5917,51.4535,64,machine,0.0,3.4285714285714284,35.0,299.76321847098217,N,1.0,0.0
2026-09-27T01:31:14,mobilenet_v3_small_batch3_node_5_evaluate,5bb674b8-bbb6-4da4-ab6e-4a5df66302e7,5b0fa12a-3dd7-45bb-9766-cc326314d9f1,176.18025075807236,0.0030484406264652073,1.730296451133602e-05,115.25094564413145,141.67670821538343,6.0,0.005638274603424248,0.006912813863593215,0.0002796428650947443,0.012830731332112207,0.0,United Kingdom,GBR,england,,,Linux-6.4.0-150600.23.73_15.0.14-cray_shasta_c_64k-aarch64-with-glibc2.38,3.11.7,3.3.0,72,Neoverse-V2,1,1 x NVIDIA GH200 120GB,-2.5917,51.4535,64,machine,1.0869318181818182,0.017045454545454544,35.479545454545466,303.8849854902788,N,1.0,0.0
2026-09-27T01:31:49,mobilenet_v3_small_batch3_node_0_upload,bc93f801-a2b5-4a0d-a9c0-2cf20ae9fecd,5b0fa12a-3dd7-45bb-9766-cc326314d9f1,4.074254635954276,1.706198465748446e-05,4.187756088418412e-06,115.20211248000001,139.21715083374346,6.0,3.257190348261351e-05,3.923503139446893e-05,6.089536861206094e-09,7.181302441394366e-05,0.0,United Kingdom,GBR,england,,,Linux-6.4.0-150600.23.73_15.0.14-cray_shasta_c_64k-aarch64-with-glibc2.38,3.11.7,3.3.0,72,Neoverse-V2,1,1 x NVIDIA GH200 120GB,-2.5917,51.4535,64,machine,0.0,0.0,35.5,304.3280029296875,N,1.0,0.0
2026-09-27T01:34:02,mobilenet_v3_small_batch3_node_1_upload,62576068-171a-4723-84db-dd3a7323325e,5b0fa12a-3dd7-45bb-9766-cc326314d9f1,4.064111924031749,1.6948408644947526e-05,4.170261292443461e-06,115.2013799808,141.1332229297995,6.0,3.211357716026486e-05,3.921530915818039e-05,6.102443439885974e-09,7.133498876188513e-05,0.0,United Kingdom,GBR,england,,,Linux-6.4.0-150600.23.73_15.0.14-cray_shasta_c_64k-aarch64-with-glibc2.38,3.11.7,3.3.0,72,Neoverse-V2,1,1 x NVIDIA GH200 120GB,-2.5917,51.4535,64,machine,9.5,0.0,35.6,304.9598388671875,N,1.0,0.0
2026-09-27T01:34:17,mobilenet_v3_small_batch3_node_2_upload,46014afd-1172-419a-be40-067a58ca6090,5b0fa12a-3dd7-45bb-9766-cc326314d9f1,4.117078606970608,1.7358466286275103e-05,4.216209585332075e-06,115.20182891520001,133.6864462611064,6.0,3.3871601483519975e-05,3.9183086911975806e-05,6.212093479310472e-09,7.306090048897509e-05,0.0,United Kingdom,GBR,england,,,Linux-6.4.0-150600.23.73_15.0.14-cray_shasta_c_64k-aarch64-with-glibc2.38,3.11.7,3.3.0,72,Neoverse-V2,1,1 x NVIDIA GH200 120GB,-2.5917,51.4535,64,machine,0.0,0.0,35.5,304.41436767578125,N,1.0,0.0
2026-09-27T01:34:30,mobilenet_v3_small_batch3_node_3_upload,5ab20447-5337-4fdb-889a-35a328a8fd07,5b0fa12a-3dd7-45bb-9766-cc326314d9f1,3.065277247224003,9.668366442365391e-08,3.1541572466638446e-08,115.2013799808,0.0,6.0,4.014947974179644e-07,0.0,5.44182180116574e-09,4.0693661921913016e-07,0.0,United Kingdom,GBR,england,,,Linux-6.4.0-150600.23.73_15.0.14-cray_shasta_c_64k-aarch64-with-glibc2.38,3.11.7,3.3.0,72,Neoverse-V2,1,1 x NVIDIA GH200 120GB,-2.5917,51.4535,64,machine,0,0,0,0,N,1.0,0.0
2026-09-27T01:34:37,mobilenet_v3_small_batch3_node_4_upload,599c181a-d5d0-44d7-b9ea-993435fa184e,5b0fa12a-3dd7-45bb-9766-cc326314d9f1,4.083605747902766,1.8047407979768426e-05,4.4194785427161055e-06,115.2013799808,153.7356551751074,6.0,3.270422734346974e-05,4.3250867932442816e-05,5.525711458176375e-09,7.596062098737074e-05,0.0,United Kingdom,GBR,england,,,Linux-6.4.0-150600.23.73_15.0.14-cray_shasta_c_64k-aarch64-with-glibc2.38,3.11.7,3.3.0,72,Neoverse-V2,1,1 x NVIDIA GH200 120GB,-2.5917,51.4535,64,machine,0.0,0.0,35.5,304.44989013671875,N,1.0,0.0
2026-09-27T01:34:49,mobilenet_v3_small_batch3_node_0_exchange,c461a443-2485-4a56-a4b0-e1808f29c38e,5b0fa12a-3dd7-45bb-9766-cc326314d9f1,9.374524118145928,0.0001068043241688127,1.1393039563691071e-05,115.51911119177143,186.90570285521062,6.0,0.00020244054016482085,0.000246964086457524,1.2933399373044568e-07,0.00044953396061607524,0.0,United Kingdom,GBR,england,,,Linux-6.4.0-150600.23.73_15.0.14-cray_shasta_c_64k-aarch64-with-glibc2.38,3.11.7,3.3.0,72,Neoverse-V2,1,1 x NVIDIA GH200 120GB,-2.5917,51.4535,64,machine,6.750000000000001,0.0,35.53333333333333,304.44334920247394,N,1.0,0.0
2026-09-27T01:35:04,mobilenet_v3_small_batch3_node_1_exchange,0865537a-b5c6-4d0d-a60f-dc2e08867bca,5b0fa12a-3dd7-45bb-9766-cc326314d9f1,4.141848141793162,1.8609080392493177e-05,4.492941256034705e-06,115.507947744,75.93650382195825,6.0,3.5001789405410335e-05,4.321309012311758e-05,1.0979203662524619e-07,7.832467156515317e-05,0.0,United Kingdom,GBR,england,,,Linux-6.4.0-150600.23.73_15.0.14-cray_shasta_c_64k-aarch64-with-glibc2.38,3.11.7,3.3.0,72,Neoverse-V2,1,1 x NVIDIA GH200 120GB,-2.5917,51.4535,64,machine,10.5,0.0,35.7,305.77490234375,N,1.0,0.0
2026-09-27T01:35:20,mobilenet_v3_small_batch3_node_2_exchange,5a7c418d-20a2-4b66-a455-226add5c8585,5b0fa12a-3dd7-45bb-9766-cc326314d9f1,14.927148609189317,0.00020120316152962632,1.3479008402566814e-05,115.507947744,189.53785732395642,6.0,0.0003800289938604827,0.0004667145400389927,1.1032520017276209e-07,0.0008468538590996483,0.0,United Kingdom,GBR,england,,,Linux-6.4.0-150600.23.73_15.0.14-cray_shasta_c_64k-aarch64-with-glibc2.38,3.11.7,3.3.0,72,Neoverse-V2,1,1 x NVIDIA GH200 120GB,-2.5917,51.4535,64,machine,0.0,0.0,35.699999999999996,305.9316128817472,N,1.0,0.0
2026-09-27T01:35:35,mobilenet_v3_small_batch3_node_3_exchange,a245a201-5526-441a-b609-54d5f46b36b9,5b0fa12a-3dd7-45bb-9766-cc326314d9f1,3.1262140988837928,1.6018886580517848e-06,5.124052951535646e-07,115.307158464,121.93588693579697,6.0,2.6342720486727764e-06,4.004169866789198e-06,1.0382585809566081e-07,6.7422677735576345e-06,0.0,United Kingdom,GBR,england,,,Linux-6.4.0-150600.23.73_15.0.14-cray_shasta_c_64k-aarch64-with-glibc2.38,3.11.7,3.3.0,72,Neoverse-V2,1,1 x NVIDIA GH200 120GB,-2.5917,51.4535,64,machine,0,0,0,0,N,1.0,0.0
2026-09-27T01:35:46,mobilenet_v3_small_batch3_node_4_exchange,1d231f40-c1ab-4948-9dd5-e63295deeff8,5b0fa12a-3dd7-45bb-9766-cc326314d9f1,9.349839033093303,0.00010662702501672977,1.1404156225505976e-05,115.56620472137143,71.29922243767581,6.0,0.0002016855747680715,0.0002469963087321503,1.0583401502420505e-07,0.000448787717515246,0.0,United Kingdom,GBR,england,,,Linux-6.4.0-150600.23.73_15.0.14-cray_shasta_c_64k-aarch64-with-glibc2.38,3.11.7,3.3.0,72,Neoverse-V2,1,1 x NVIDIA GH200 120GB,-2.5917,51.4535,64,machine,4.75,0.0,35.699999999999996,305.42779541015625,N,1.0,0.0
2026-09-27T01:35:55,mobilenet_v3_small_batch3_node_5_exchange,7d973ff9-29a3-41e6-a763-497c73097b39,5b0fa12a-3dd7-45bb-9766-cc326314d9f1,3.127660081954673,1.571360203608406e-06,5.024076026274453e-07,115.80080279040001,121.26214865950219,6.0,2.510903179979094e-06,3.998614303668546e-06,1.042575800480942e-07,6.613775063695735e-06,0.0,United Kingdom,GBR,england,,,Linux-6.4.0-150600.23.73_15.0.14-cray_shasta_c_64k-aarch64-with-glibc2.38,3.11.7,3.3.0,72,Neoverse-V2,1,1 x NVIDIA GH200 120GB,-2.5917,51.4535,64,machine,0,0,0,0,N,1.0,0.0
2026-09-27T01:36:20,mobilenet_v3_small_batch3_node_0_evaluate,62d2bc27-6689-47c2-b852-08b6ee69a88d,5b0fa12a-3dd7-45bb-9766-cc326314d9f1,13.072538861073554,0.00017174256772435793,1.3137659757567089e-05,115.52395837988573,143.07190425210274,6.0,0.0003206506193018261,0.0003958728166963965,6.332284276528905e-06,0.0007228557202747515,0.0,United Kingdom,GBR,england,,,Linux-6.4.0-150600.23.73_15.0.14-cray_shasta_c_64k-aarch64-with-glibc2.38,3.11.7,3.3.0,72,Neoverse-V2,1,1 x NVIDIA GH200 120GB,-2.5917,51.4535,64,machine,10.299999999999999,0.3333333333333333,35.699999999999996,305.6180013020833,N,1.0,0.0
2026-09-27T01:36:52,mobilenet_v3_small_batch3_node_1_evaluate,a6f462df-e441-4722-977c-61467d139856,5b0fa12a-3dd7-45bb-9766-cc326314d9f1,7.9059971631504595,8.436375628007018e-05,1.067085587549744e-05,115.58723767200001,141.53016175246384,6.0,0.00015640164929476183,0.00019227265381971392,6.408450211941575e-06,0.00035508275332641736,0.0,United Kingdom,GBR,england,,,Linux-6.4.0-150600.23.73_15.0.14-cray_shasta_c_64k-aarch64-with-glibc2.38,3.11.7,3.3.0,72,Neoverse-V2,1,1 x NVIDIA GH200 120GB,-2.5917,51.4535,64,machine,0.0,0.5,35.7,305.79925537109375,N,1.0,0.0
2026-09-27T01:37:10,mobilenet_v3_small_batch3_node_2_evaluate,59e28326-3cf8-4109-a968-19455ced2576,5b0fa12a-3dd7-45bb-9766-cc326314d9f1,9.759683026000857,0.00011588448345746135,1.1873795813730064e-05,115.5461806512,142.91028455450706,6.0,0.00021528669754280918,0.0002662996574827048,6.165533561337119e-06,0.00048775188858685104,0.0,United Kingdom,GBR,england,,,Linux-6.4.0-150600.23.73_15.0.14-cray_shasta_c_64k-aarch64-with-glibc2.38,3.11.7,3.3.0,72,Neoverse-V2,1,1 x NVIDIA GH200 120GB,-2.5917,51.4535,64,machine,0.0,0.5,35.5,304.16490681966144,N,1.0,0.0
2026-09-27T01:39:01,mobilenet_v3_small_batch3_node_3_evaluate,787884d6-3864-425e-bb72-c101a1f7c3a9,5b0fa12a-3dd7-45bb-9766-cc326314d9f1,97.87554613593966,0.001647091209848374,1.6828424206805688e-05,115.37536789064347,108.38468002664317,6.0,0.003076725972493954,0.0037744599640063825,8.133707529050298e-05,0.00693252301179084,0.0,United Kingdom,GBR,england,,,Linux-6.4.0-150600.23.73_15.0.14-cray_shasta_c_64k-aarch64-with-glibc2.38,3.11.7,3.3.0,72,Neoverse-V2,1,1 x NVIDIA GH200 120GB,-2.5917,51.4535,64,machine,1.1819148936170216,0.02127659574468085,36.53085106382977,312.96272180435506,N,1.0,0.0
2026-09-27T01:39:44,mobilenet_v3_small_batch3_node_4_evaluate,d27753ec-e420-431b-b860-20b828aa5c26,5b0fa12a-3dd7-45bb-9766-cc326314d9f1,7.860797666944563,8.487998335791472e-05,1.0797884254780338e-05,115.48804248000002,149.50096194563724,6.0,0.00015465133549111656,0.0001962946014799627,6.309589833253994e-06,0.00035725552680433324,0.0,United Kingdom,GBR,england,,,Linux-6.4.0-150600.23.73_15.0.14-cray_shasta_c_64k-aarch64-with-glibc2.38,3.11.7,3.3.0,72,Neoverse-V2,1,1 x NVIDIA GH200 120GB,-2.5917,51.4535,64,machine,0.0,0.75,37.0,317.16078186035156,N,1.0,0.0
2026-09-27T01:39:56,mobilenet_v3_small_batch3_node_5_evaluate,c4803245-6c02-4d73-8ebd-3fa0a00e4e53,5b0fa12a-3dd7-45bb-9766-cc326314d9f1,6.879008519928902,6.715775207724427e-05,9.762708082521517e-06,115.4177723232,72.34048767347363,6.0,0.00012308708668429193,0.0001532170670088817,6.3594042882323275e-06,0.000282663557981406,0.0,United Kingdom,GBR,england,,,Linux-6.4.0-150600.23.73_15.0.14-cray_shasta_c_64k-aarch64-with-glibc2.38,3.11.7,3.3.0,72,Neoverse-V2,1,1 x NVIDIA GH200 120GB,-2.5917,51.4535,64,machine,0.0,1.0,37.0,317.2551676432292,N,1.0,0.0
2026-09-27T01:40:22,efficientnet_lite0_batch3_node_0_local_train,4246aa11-0ec9-4424-9b9f-f05ef63eae0d,5b0fa12a-3dd7-45bb-9766-cc326314d9f1,9.652089111041278,0.00012158308031007182,1.2596555928082942e-05,115.36549809408001,157.09516878130506,6.0,0.00021167130590456283,0.00029331801242449274,6.747674166690558e-06,0.0005117369924957461,0.0,United Kingdom,GBR,england,,,Linux-6.4.0-150600.23.73_15.0.14-cray_shasta_c_64k-aarch64-with-glibc2.38,3.11.7,3.3.0,72,Neoverse-V2,1,1 x NVIDIA GH200 120GB,-2.5917,51.4535,64,machine,0.0,8.5,37.38333333333333,320.22019449869794,N,1.0,0.0
2026-09-27T01:40:30,efficientnet_lite0_batch3_node_0_evaluate,8a2763c1-9e64-4ea1-9b30-359fd04d6899,5b0fa12a-3dd7-45bb-9766-cc326314d9f1,6.878759134095162,6.912461336145196e-05,1.0048994595381288e-05,115.45424876160001,76.22921864017192,6.0,0.00012313776153322968,0.00016144096248638107,6.36325292987749e-06,0.00029094197694948823,0.0,United Kingdom,GBR,england,,,Linux-6.4.0-150600.23.73_15.0.14-cray_shasta_c_64k-aarch64-with-glibc2.38,3.11.7,3.3.0,72,Neoverse-V2,1,1 x NVIDIA GH200 120GB,-2.5917,51.4535,64,machine,0.0,0.6666666666666666,37.5,320.97849527994794,N,1.0,0.0
2026-09-27T01:40:51,efficientnet_lite0_batch3_node_1_local_train,126ea0ac-7849-441a-90cd-0687012da437,5b0fa12a-3dd7-45bb-9766-cc326314d9f1,8.84658950008452,0.0001105144250408405,1.2492319784905206e-05,115.39272437568002,157.2828997732998,6.0,0.00018602813301166516,0.00027115466137672684,7.966791833362852e-06,0.00046514958622175483,0.0,United Kingdom,GBR,england,,,Linux-6.4.0-150600.23.73_15.0.14-cray_shasta_c_64k-aarch64-with-glibc2.38,3.11.7,3.3.0,72,Neoverse-V2,1,1 x NVIDIA GH200 120GB,-2.5917,51.4535,64,machine,0.0,11.2,37.5,321.01019287109375,N,1.0,0.0
2026-09-27T01:44:11,efficientnet_lite0_batch3_node_1_evaluate,86006307-8bc3-4cb6-86d8-53c8d0c92dea,5b0fa12a-3dd7-45bb-9766-cc326314d9f1,195.90305060101673,0.003418887350072365,1.7451935228080725e-05,115.30983110810864,142.6719101464264,6.0,0.006269787554491896,0.0077414278598126884,0.0003787073096951159,0.014389922723999702,0.0,United Kingdom,GBR,england,,,Linux-6.4.0-150600.23.73_15.0.14-cray_shasta_c_64k-aarch64-with-glibc2.38,3.11.7,3.3.0,72,Neoverse-V2,1,1 x NVIDIA GH200 120GB,-2.5917,51.4535,64,machine,1.185128205128205,0.06153846153846154,37.76974358974375,323.3201876126803,N,1.0,0.0
2026-09-27T01:44:27,efficientnet_lite0_batch3_node_2_local_train,182e21cf-7ced-4cbe-9fa8-f4c92be8fef9,5b0fa12a-3dd7-45bb-9766-cc326314d9f1,11.417823722818866,0.00014738382888519093,1.2908224234592087e-05,115.3132586064,155.16597064798717,6.0,0.0002679160553481706,0.00034813750072260063,4.277473081213732e-06,0.0006203310291519849,0.0,United Kingdom,GBR,england,,,Linux-6.4.0-150600.23.73_15.0.14-cray_shasta_c_64k-aarch64-with-glibc2.38,3.11.7,3.3.0,72,Neoverse-V2,1,1 x NVIDIA GH200 120GB,-2.5917,51.4535,64,machine,0.0,4.5,38.1,326.0117721557617,N,1.0,0.0
2026-09-27T01:45:09,efficientnet_lite0_batch3_node_2_evaluate,eb5fc301-811b-49b9-91b7-08e37007c1c2,5b0fa12a-3dd7-45bb-9766-cc326314d9f1,6.803681102814153,6.851557128728899e-05,1.0070367827638106e-05,115.42766080320001,78.13629387388364,6.0,0.00012051732902536713,0.0001616492959755078,6.211924878492331e-06,0.0002883785498793673,0.0,United Kingdom,GBR,england,,,Linux-6.4.0-150600.23.73_15.0.14-cray_shasta_c_64k-aarch64-with-glibc2.38,3.11.7,3.3.0,72,Neoverse-V2,1,1 x NVIDIA GH200 120GB,-2.5917,51.4535,64,machine,0.0,4.0,38.1,325.89288330078125,N,1.0,0.0
2026-09-27T01:45:25,efficientnet_lite0_batch3_node_3_local_train,8309bab9-0b8b-43d6-b11e-8d19f683b6c7,5b0fa12a-3dd7-45bb-9766-cc326314d9f1,7.903320285025984,9.234562357460203e-05,1.1684408608564751e-05,115.35284052000003,157.59650521376494,6.0,0.00015556879525847192,0.000226754070268953,6.355160705279559e-06,0.0003886780262327045,0.0,United Kingdom,GBR,england,,,Linux-6.4.0-150600.23.73_15.0.14-cray_shasta_c_64k-aarch64-with-glibc2.38,3.11.7,3.3.0,72,Neoverse-V2,1,1 x NVIDIA GH200 120GB,-2.5917,51.4535,64,machine,0.0,7.0,38.025,325.86114501953125,N,1.0,0.0
2026-09-27T01:45:43,efficientnet_lite0_batch3_node_3_evaluate,79086615-c297-4a93-96c4-2d8c2a3c1a36,5b0fa12a-3dd7-45bb-9766-cc326314d9f1,6.833428465994075,6.874266317146166e-05,1.0059761877007005e-05,115.423451136,77.10780916863854,6.0,0.00012162789507763092,0.0001614206846909383,6.285788284925124e-06,0.00028933436805349434,0.0,United Kingdom,GBR,england,,,Linux-6.4.0-150600.23.73_15.0.14-cray_shasta_c_64k-aarch64-with-glibc2.38,3.11.7,3.3.0,72,Neoverse-V2,1,1 x NVIDIA GH200 120GB,-2.5917,51.4535,64,machine,38.800000000000004,4.0,38.0,325.7381184895833,N,1.0,0.0
2026-09-27T01:46:06,efficientnet_lite0_batch3_node_4_local_train,57e09cbd-8c98-44cd-82dd-1a99702d7782,5b0fa12a-3dd7-45bb-9766-cc326314d9f1,9.44654218503274,0.00011833340038897993,1.2526636527010842e-05,115.34341726080001,158.64522370044565,6.0,0.00020501630851605665,0.0002866507848580113,6.392161848101144e-06,0.000498059255222169,0.0,United Kingdom,GBR,england,,,Linux-6.4.0-150600.23.73_15.0.14-cray_shasta_c_64k-aarch64-with-glibc2.38,3.11.7,3.3.0,72,Neoverse-V2,1,1 x NVIDIA GH200 120GB,-2.5917,51.4535,64,machine,14.133333333333335,6.0,38.0,325.64845784505206,N,1.0,0.0
2026-09-27T01:46:24,efficientnet_lite0_batch3_node_4_evaluate,186476f4-4494-4061-a41e-cc6ba0eef133,5b0fa12a-3dd7-45bb-9766-cc326314d9f1,6.839634116971865,6.876319887380289e-05,1.005363703639847e-05,115.4552602896,613.8092566303172,6.0,0.00012180405246414367,0.0001613259623951535,6.290786919416859e-06,0.00028942080177871404,0.0,United Kingdom,GBR,england,,,Linux-6.4.0-150600.23.73_15.0.14-cray_shasta_c_64k-aarch64-with-glibc2.38,3.11.7,3.3.0,72,Neoverse-V2,1,1 x NVIDIA GH200 120GB,-2.5917,51.4535,64,machine,0.0,4.0,38.0,325.64910888671875,N,1.0,0.0
2026-09-27T01:46:34,efficientnet_lite0_batch3_node_5_local_train,54598ab7-76c5-4977-b50f-7bf120f6aaeb,5b0fa12a-3dd7-45bb-9766-cc326314d9f1,8.378064040094614,0.00010064316469546556,1.2012699379453418e-05,115.38952683264,156.1832615946593,6.0,0.00017100974821788632,0.0002454007518792878,7.191454098792747e-06,0.00042360195419596683,0.0,United Kingdom,GBR,england,,,Linux-6.4.0-150600.23.73_15.0.14-cray_shasta_c_64k-aarch64-with-glibc2.38,3.11.7,3.3.0,72,Neoverse-V2,1,1 x NVIDIA GH200 120GB,-2.5917,51.4535,64,machine,0.0,7.6,38.0,325.4220825195313,N,1.0,0.0
2026-09-27T01:47:13,efficientnet_lite0_batch3_node_5_evaluate,cade1dc0-a202-4f3f-8f06-0febb8c3554d,5b0fa12a-3dd7-45bb-9766-cc326314d9f1,6.864704817999154,6.90322536753502e-05,1.0056113919763696e-05,115.44301334880001,76.5051809392557,6.0,0.00012274229047671856,0.0001614737402917399,6.3372089663365234e-06,0.000290553239734795,0.0,United Kingdom,GBR,england,,,Linux-6.4.0-150600.23.73_15.0.14-cray_shasta_c_64k-aarch64-with-glibc2.38,3.11.7,3.3.0,72,Neoverse-V2,1,1 x NVIDIA GH200 120GB,-2.5917,51.4535,64,machine,0.0,4.0,38.0,325.25439453125,N,1.0,0.0
2026-09-27T01:47:17,efficientnet_lite0_batch3_node_0_upload,5b0c44fa-2a9a-4831-8dff-9711b861633e,5b0fa12a-3dd7-45bb-9766-cc326314d9f1,3.087630124995485,1.2454015809608513e-07,4.0335193353597446e-08,115.2013799808,0.0,6.0,5.144473471904869e-07,0.0,9.735835095246634e-09,5.241831822857335e-07,0.0,United Kingdom,GBR,england,,,Linux-6.4.0-150600.23.73_15.0.14-cray_shasta_c_64k-aarch64-with-glibc2.38,3.11.7,3.3.0,72,Neoverse-V2,1,1 x NVIDIA GH200 120GB,-2.5917,51.4535,64,machine,0,0,0,0,N,1.0,0.0
2026-09-27T01:47:29,efficientnet_lite0_batch3_node_1_upload,84c8a32b-f995-4166-8b1e-493c8079b896,5b0fa12a-3dd7-45bb-9766-cc326314d9f1,3.083034060895443,1.0234102221009358e-07,3.319490482060047e-08,115.22799360000002,0.0,6.0,4.2466016029734175e-07,0.0,6.087989701579015e-09,4.3074814999892075e-07,0.0,United Kingdom,GBR,england,,,Linux-6.4.0-150600.23.73_15.0.14-cray_shasta_c_64k-aarch64-with-glibc2.38,3.11.7,3.3.0,72,Neoverse-V2,1,1 x NVIDIA GH200 120GB,-2.5917,51.4535,64,machine,0,0,0,0,N,1.0,0.0
2026-09-27T01:47:38,efficientnet_lite0_batch3_node_4_upload,d26d212d-f536-487e-b2b0-e41dc3af9630,5b0fa12a-3dd7-45bb-9766-cc326314d9f1,4.074794225161895,1.7111176369745298e-05,4.1992737361027e-06,115.20549089280003,140.61781405509157,6.0,3.2486938435830814e-05,3.952780940608136e-05,5.32198348082602e-09,7.2020069825393e-05,0.0,United Kingdom,GBR,england,,,Linux-6.4.0-150600.23.73_15.0.14-cray_shasta_c_64k-aarch64-with-glibc2.38,3.11.7,3.3.0,72,Neoverse-V2,1,1 x NVIDIA GH200 120GB,-2.5917,51.4535,64,machine,0.0,0.0,38.7,331.46893310546875,N,1.0,0.0
2026-09-27T01:47:50,efficientnet_lite0_batch3_node_5_upload,0af0f937-640b-447e-8514-aea8fd57df33,5b0fa12a-3dd7-45bb-9766-cc326314d9f1,8.231982363155112,8.806688734604473e-05,1.0698138487300027e-05,115.20298995840001,143.0136233708672,6.0,0.000165447479056363,0.00020521627529035413,5.289026691267888e-09,0.0003706690433734084,0.0,United Kingdom,GBR,england,,,Linux-6.4.0-150600.23.73_15.0.14-cray_shasta_c_64k-aarch64-with-glibc2.38,3.11.7,3.3.0,72,Neoverse-V2,1,1 x NVIDIA GH200 120GB,-2.5917,51.4535,64,machine,2.5,0.0,38.7,331.53892822265624,N,1.0,0.0
2026-09-27T01:48:35,mobilevit_xxs_batch3_node_0_local_train,314deb5c-9f4a-4078-95fe-6206b0c11f91,5b0fa12a-3dd7-45bb-9766-cc326314d9f1,25.63669427111745,0.00039418214090589364,1.5375700811394513e-05,115.35817216053783,151.66207623653796,6.0,0.0007232766768042907,0.0009252987958063841,1.0517081783230727e-05,0.0016590925543939056,0.0,United Kingdom,GBR,england,,,Linux-6.4.0-150600.23.73_15.0.14-cray_shasta_c_64k-aarch64-with-glibc2.38,3.11.7,3.3.0,72,Neoverse-V2,1,1 x NVIDIA GH200 120GB,-2.5917,51.4535,64,machine,1.4090909090909092,1.9545454545454546,38.899999999999984,332.949951171875,N,1.0,0.0
2026-09-27T01:48:52,mobilevit_xxs_batch3_node_0_evaluate,0360d2c1-e362-463c-9595-a28ef345d5eb,5b0fa12a-3dd7-45bb-9766-cc326314d9f1,13.50446719583124,0.00018180779539018205,1.3462789220318532e-05,115.48666047744,147.29537731249906,6.0,0.000335290954678631,0.00042338700536959095,6.5417908248491585e-06,0.000765219750873071,0.0,United Kingdom,GBR,england,,,Linux-6.4.0-150600.23.73_15.0.14-cray_shasta_c_64k-aarch64-with-glibc2.38,3.11.7,3.3.0,72,Neoverse-V2,1,1 x NVIDIA GH200 120GB,-2.5917,51.4535,64,machine,0.0,0.9,38.89999999999999,332.88225708007815,N,1.0,0.0
2026-09-27T01:49:14,mobilevit_xxs_batch3_node_1_local_train,067c64a1-029c-4242-846e-902c5d1a234a,5b0fa12a-3dd7-45bb-9766-cc326314d9f1,13.97246764996089,0.00019791104049643286,1.4164358469420885e-05,115.3526674392,150.3411190053832,6.0,0.00035002115291474353,0.0004702989873521801,1.2677349079943573e-05,0.0008329974893468673,0.0,United Kingdom,GBR,england,,,Linux-6.4.0-150600.23.73_15.0.14-cray_shasta_c_64k-aarch64-with-glibc2.38,3.11.7,3.3.0,72,Neoverse-V2,1,1 x NVIDIA GH200 120GB,-2.5917,51.4535,64,machine,7.2,9.6,38.82000000000001,332.71039428710935,N,1.0,0.0
2026-09-27T01:52:08,mobilevit_xxs_batch3_node_1_evaluate,9d6b8e61-5fcc-478c-91ae-acc6c42c7632,5b0fa12a-3dd7-45bb-9766-cc326314d9f1,19.771478560054675,0.000287501236481444,1.4541210744971667e-05,115.44035910424617,148.54577664820295,6.0,0.0005354598316234982,0.0006680319233254295,6.5863062468512604e-06,0.0012100780611957792,0.0,United Kingdom,GBR,england,,,Linux-6.4.0-150600.23.73_15.0.14-cray_shasta_c_64k-aarch64-with-glibc2.38,3.11.7,3.3.0,72,Neoverse-V2,1,1 x NVIDIA GH200 120GB,-2.5917,51.4535,64,machine,0.0,0.875,38.8,332.6966438293457,N,1.0,0.0
2026-09-27T01:52:34,mobilevit_xxs_batch3_node_2_local_train,b7903091-388d-48a0-8140-30dad113fe76,5b0fa12a-3dd7-45bb-9766-cc326314d9f1,7.123053428949788,7.568054423242746e-05,1.0624733478039582e-05,115.29318436992,762.4230402871037,6.0,0.00013040686678824544,0.00018137070065904481,6.757988628232851e-06,0.0003185355560755231,0.0,United Kingdom,GBR,england,,,Linux-6.4.0-150600.23.73_15.0.14-cray_shasta_c_64k-aarch64-with-glibc2.38,3.11.7,3.3.0,72,Neoverse-V2,1,1 x NVIDIA GH200 120GB,-2.5917,51.4535,64,machine,3.575,15.25,38.9,332.8705291748047,N,1.0,0.0
2026-09-27T01:54:15,mobilevit_xxs_batch3_node_2_evaluate,94b2db7c-2eac-45c2-83f5-0ccff915589b,5b0fa12a-3dd7-45bb-9766-cc326314d9f1,80.77517102705315,0.0013463970008216672,1.666845125429364e-05,115.3264009953583,144.43140383613203,6.0,0.0024882306301097865,0.0030740349592264238,0.00010465081176681754,0.005666916401103028,0.0,United Kingdom,GBR,england,,,Linux-6.4.0-150600.23.73_15.0.14-cray_shasta_c_64k-aarch64-with-glibc2.38,3.11.7,3.3.0,72,Neoverse-V2,1,1 x NVIDIA GH200 120GB,-2.5917,51.4535,64,machine,1.3740259740259742,0.11688311688311688,38.73116883116878,331.7000185483462,N,1.0,0.0
2026-09-27T01:54:36,mobilevit_xxs_batch3_node_3_local_train,b9e1464b-1fce-4451-b64a-06c9ac7cbf82,5b0fa12a-3dd7-45bb-9766-cc326314d9f1,10.132220639148727,0.00013106795549891077,1.293575812912051e-05,115.34884448914286,152.04322810635986,6.0,0.0002271223008587393,0.00031441747375993145,1.0118574458562459e-05,0.0005516583490772333,0.0,United Kingdom,GBR,england,,,Linux-6.4.0-150600.23.73_15.0.14-cray_shasta_c_64k-aarch64-with-glibc2.38,3.11.7,3.3.0,72,Neoverse-V2,1,1 x NVIDIA GH200 120GB,-2.5917,51.4535,64,machine,0.0,9.285714285714286,38.6,330.564932686942,N,1.0,0.0
2026-09-27T01:54:52,mobilevit_xxs_batch3_node_3_evaluate,ea203deb-d72a-4ef9-b7d4-75903f82e7aa,5b0fa12a-3dd7-45bb-9766-cc326314d9f1,6.943262804998085,7.006901320185847e-05,1.0091655057535705e-05,115.4273379696,75.87838201335897,6.0,0.00012520788690934033,0.0001632492972731825,6.459723594598473e-06,0.00029491690777712126,0.0,United Kingdom,GBR,england,,,Linux-6.4.0-150600.23.73_15.0.14-cray_shasta_c_64k-aarch64-with-glibc2.38,3.11.7,3.3.0,72,Neoverse-V2,1,1 x NVIDIA GH200 120GB,-2.5917,51.4535,64,machine,20.599999999999998,3.0,38.6,330.5114339192708,N,1.0,0.0
2026-09-27T01:55:02,mobilevit_xxs_batch3_node_4_local_train,71c90099-0a2e-49d3-a14d-affdba0e3a2a,5b0fa12a-3dd7-45bb-9766-cc326314d9f1,9.208500556880608,0.00011368200546871255,1.2345332963439868e-05,115.32015934354285,79.38433824851464,6.0,0.00019747681016262848,0.00027076688327554166,1.023807747173123e-05,0.00047848177090990135,0.0,United Kingdom,GBR,england,,,Linux-6.4.0-150600.23.73_15.0.14-cray_shasta_c_64k-aarch64-with-glibc2.38,3.11.7,3.3.0,72,Neoverse-V2,1,1 x NVIDIA GH200 120GB,-2.5917,51.4535,64,machine,12.333333333333334,11.166666666666666,38.6,330.5599365234375,N,1.0,0.0
2026-09-27T01:55:12,mobilevit_xxs_batch3_node_4_evaluate,9e8d2175-42ef-400a-8155-63bf4838ac11,5b0fa12a-3dd7-45bb-9766-cc326314d9f1,8.31600213283673,9.256501190366479e-05,1.1130950957571398e-05,115.48320523776002,142.03964671268125,6.0,0.00016910890031053124,0.00021401850455049498,6.474015674709032e-06,0.0003896014205357352,0.0,United Kingdom,GBR,england,,,Linux-6.4.0-150600.23.73_15.0.14-cray_shasta_c_64k-aarch64-with-glibc2.38,3.11.7,3.3.0,72,Neoverse-V2,1,1 x NVIDIA GH200 120GB,-2.5917,51.4535,64,machine,1.54,2.8,38.6,330.70106201171876,N,1.0,0.0
2026-09-27T01:55:23,mobilevit_xxs_batch3_node_5_local_train,9d0c1845-68ef-4d46-956f-0ff6a9171ab6,5b0fa12a-3dd7-45bb-9766-cc326314d9f1,10.960590955102816,0.0001457252064096657,1.3295378598342988e-05,115.3613175264,151.05779641335315,6.0,0.00025349887339599117,0.0003483752786905825,1.1475819543702527e-05,0.0006133499716302762,0.0,United Kingdom,GBR,england,,,Linux-6.4.0-150600.23.73_15.0.14-cray_shasta_c_64k-aarch64-with-glibc2.38,3.11.7,3.3.0,72,Neoverse-V2,1,1 x NVIDIA GH200 120GB,-2.5917,51.4535,64,machine,0.0,16.285714285714285,38.6,330.67824009486606,N,1.0,0.0
2026-09-27T01:55:32,mobilevit_xxs_batch3_node_5_evaluate,182ef7b0-3237-4827-9192-a05e6b5456be,5b0fa12a-3dd7-45bb-9766-cc326314d9f1,6.962006284855306,7.023360436355103e-05,1.0088127113061163e-05,115.41206746080002,75.55353356089167,6.0,0.00012562069745869402,0.00016349179746555365,6.4971686693994954e-06,0.00029560966359364716,0.0,United Kingdom,GBR,england,,,Linux-6.4.0-150600.23.73_15.0.14-cray_shasta_c_64k-aarch64-with-glibc2.38,3.11.7,3.3.0,72,Neoverse-V2,1,1 x NVIDIA GH200 120GB,-2.5917,51.4535,64,machine,28.799999999999997,3.3333333333333335,38.6,330.5448404947917,N,1.0,0.0
2026-09-27T01:55:36,mobilevit_xxs_batch3_node_0_upload,48b7a100-26ce-4ff3-8eca-7cb98b7ec2cb,5b0fa12a-3dd7-45bb-9766-cc326314d9f1,3.08408813085407,1.9902193220316224e-07,6.453185634096892e-08,115.2013799808,0.0,6.0,8.12189085909946e-07,0.0,2.5484090050061544e-08,8.376731759600076e-07,0.0,United Kingdom,GBR,england,,,Linux-6.4.0-150600.23.73_15.0.14-cray_shasta_c_64k-aarch64-with-glibc2.38,3.11.7,3.3.0,72,Neoverse-V2,1,1 x NVIDIA GH200 120GB,-2.5917,51.4535,64,machine,0,0,0,0,N,1.0,0.0
2026-09-27T01:55:40,mobilevit_xxs_batch3_node_1_upload,2e4f130c-6ed2-4839-a9c5-977d2a24f847,5b0fa12a-3dd7-45bb-9766-cc326314d9f1,3.080017749220133,1.1183088115884692e-06,3.630851841264965e-07,115.2013799808,1439.4857833987378,6.0,6.748759601163277e-07,4.026392119271804e-06,5.636750332390269e-09,4.706904829720522e-06,0.0,United Kingdom,GBR,england,,,Linux-6.4.0-150600.23.73_15.0.14-cray_shasta_c_64k-aarch64-with-glibc2.38,3.11.7,3.3.0,72,Neoverse-V2,1,1 x NVIDIA GH200 120GB,-2.5917,51.4535,64,machine,0,0,0,0,N,1.0,0.0
2026-09-27T01:55:53,mobilevit_xxs_batch3_node_3_upload,ac9f7f5e-d431-433b-86ed-1adecc52f729,5b0fa12a-3dd7-45bb-9766-cc326314d9f1,9.224526989972219,0.0001040823426345803,1.1283217312684536e-05,115.20430286811428,140.55756272853318,6.0,0.00019740763139652965,0.00024066269251932226,6.9550599437206984e-09,0.00043807727897579563,0.0,United Kingdom,GBR,england,,,Linux-6.4.0-150600.23.73_15.0.14-cray_shasta_c_64k-aarch64-with-glibc2.38,3.11.7,3.3.0,72,Neoverse-V2,1,1 x NVIDIA GH200 120GB,-2.5917,51.4535,64,machine,0.0,0.0,38.6,330.5452575683594,N,1.0,0.0
2026-09-27T01:56:07,mobilevit_xxs_batch3_node_4_upload,21d29d44-3622-4bee-a5df-5f7e675f7e7c,5b0fa12a-3dd7-45bb-9766-cc326314d9f1,9.14556583110243,0.00010341505091223569,1.1307671151470981e-05,115.20125289874287,142.33527881655084,6.0,0.00019475949271570637,0.00024050380351070544,5.385876866057515e-09,0.0004352686821032779,0.0,United Kingdom,GBR,england,,,Linux-6.4.0-150600.23.73_15.0.14-cray_shasta_c_64k-aarch64-with-glibc2.38,3.11.7,3.3.0,72,Neoverse-V2,1,1 x NVIDIA GH200 120GB,-2.5917,51.4535,64,machine,0.0,0.0,28.53333333333333,244.57088216145834,N,1.0,0.0
2026-09-27T01:56:22,mobilevit_xxs_batch3_node_0_exchange,14e5bc24-332a-463b-b98e-209738b614a4,5b0fa12a-3dd7-45bb-9766-cc326314d9f1,8.58463127212599,9.331951196206334e-05,1.0870532350651877e-05,115.20061516800001,142.20919759565973,6.0,0.00017584228148666064,0.0002169287846527368,6.006713568543394e-09,0.000392777072852966,0.0,United Kingdom,GBR,england,,,Linux-6.4.0-150600.23.73_15.0.14-cray_shasta_c_64k-aarch64-with-glibc2.38,3.11.7,3.3.0,72,Neoverse-V2,1,1 x NVIDIA GH200 120GB,-2.5917,51.4535,64,machine,0.0,0.0,26.6,227.45081787109376,N,1.0,0.0
2026-09-27T01:56:29,mobilevit_xxs_batch3_node_1_exchange,4ed3de55-f2a5-4ce1-9486-ef0c867c10a0,5b0fa12a-3dd7-45bb-9766-cc326314d9f1,4.106318104080856,1.710690783749622e-05,4.165996740606965e-06,115.20053084160004,140.45151144601627,6.0,3.250062208428283e-05,3.949614270482016e-05,5.339001460621755e-09,7.200210379056362e-05,0.0,United Kingdom,GBR,england,,,Linux-6.4.0-150600.23.73_15.0.14-cray_shasta_c_64k-aarch64-with-glibc2.38,3.11.7,3.3.0,72,Neoverse-V2,1,1 x NVIDIA GH200 120GB,-2.5917,51.4535,64,machine,0.0,0.0,26.6,227.4366455078125,N,1.0,0.0
2026-09-27T01:56:47,mobilevit_xxs_batch3_node_2_exchange,f36ef464-352c-4679-93c9-409930a229d6,5b0fa12a-3dd7-45bb-9766-cc326314d9f1,4.111078934976831,1.7106410863402154e-05,4.161051425663896e-06,115.20053084160004,140.46345539040678,6.0,3.254481080225535e-05,3.944975377123683e-05,5.4474784216533106e-09,7.200001205191383e-05,0.0,United Kingdom,GBR,england,,,Linux-6.4.0-150600.23.73_15.0.14-cray_shasta_c_64k-aarch64-with-glibc2.38,3.11.7,3.3.0,72,Neoverse-V2,1,1 x NVIDIA GH200 120GB,-2.5917,51.4535,64,machine,0.0,0.0,26.6,227.455810546875,N,1.0,0.0
2026-09-27T01:56:53,mobilevit_xxs_batch3_node_3_exchange,1a994ff9-e661-4fb8-b495-423267ff77dc,5b0fa12a-3dd7-45bb-9766-cc326314d9f1,4.513019110076129,2.396463144838317e-05,5.310110784791008e-06,115.20053084160004,140.28394103508705,6.0,4.559106361729198e-05,5.524754418217981e-05,2.73053883574903e-08,0.00010086591318782929,0.0,United Kingdom,GBR,england,,,Linux-6.4.0-150600.23.73_15.0.14-cray_shasta_c_64k-aarch64-with-glibc2.38,3.11.7,3.3.0,72,Neoverse-V2,1,1 x NVIDIA GH200 120GB,-2.5917,51.4535,64,machine,5.9,0.0,26.6,227.51141357421875,N,1.0,0.0
2026-09-27T01:57:05,mobilevit_xxs_batch3_node_4_exchange,1702381b-651d-4e5a-bece-4f1104d2605c,5b0fa12a-3dd7-45bb-9766-cc326314d9f1,8.262746490072459,8.808116441328823e-05,1.0660034713532136e-05,115.20056833920005,142.9994408572045,6.0,0.00016546062128534552,0.0002052579419853373,1.0571551586811741e-08,0.00037072913482226965,0.0,United Kingdom,GBR,england,,,Linux-6.4.0-150600.23.73_15.0.14-cray_shasta_c_64k-aarch64-with-glibc2.38,3.11.7,3.3.0,72,Neoverse-V2,1,1 x NVIDIA GH200 120GB,-2.5917,51.4535,64,machine,0.0,0.0,26.6,227.483349609375,N,1.0,0.0
2026-09-27T01:57:58,mobilevit_xxs_batch3_node_5_exchange,f38cb52f-84f8-4c5a-ab4e-f7d0c776d968,5b0fa12a-3dd7-45bb-9766-cc326314d9f1,10.568429475883022,0.00012714857090381383,1.2030980685821363e-05,115.20053084160006,142.52467691510205,6.0,0.0002393366484874573,0.00029581995886474033,5.251588299870491e-09,0.0005351618589404974,0.0,United Kingdom,GBR,england,,,Linux-6.4.0-150600.23.73_15.0.14-cray_shasta_c_64k-aarch64-with-glibc2.38,3.11.7,3.3.0,72,Neoverse-V2,1,1 x NVIDIA GH200 120GB,-2.5917,51.4535,64,machine,0.0,0.0,26.571428571428573,227.38389369419642,N,1.0,0.0
2026-09-27T01:58:16,mobilevit_xxs_batch3_node_0_evaluate,79136236-a8ce-4d60-a6f2-dfce045cd794,5b0fa12a-3dd7-45bb-9766-cc326314d9f1,7.971176063874736,8.722955864214803e-05,1.0943122814395134e-05,115.49804189760002,144.75150150804473,6.0,0.00015805952814906463,0.00020258016205332297,6.505079303557674e-06,0.00036714476950594526,0.0,United Kingdom,GBR,england,,,Linux-6.4.0-150600.23.73_15.0.14-cray_shasta_c_64k-aarch64-with-glibc2.38,3.11.7,3.3.0,72,Neoverse-V2,1,1 x NVIDIA GH200 120GB,-2.5917,51.4535,64,machine,0.0,3.0,27.2,232.92079162597656,N,1.0,0.0
2026-09-27T01:58:25,mobilevit_xxs_batch3_node_1_evaluate,6a47d882-6351-4a4c-8867-93d9099b740c,5b0fa12a-3dd7-45bb-9766-cc326314d9f1,8.018998133018613,8.753985012706491e-05,1.0916556990656394e-05,115.48937424960002,144.00941005736243,6.0,0.00015947359634487716,0.00020239738412897168,6.579790088192871e-06,0.0003684507705620417,0.0,United Kingdom,GBR,england,,,Linux-6.4.0-150600.23.73_15.0.14-cray_shasta_c_64k-aarch64-with-glibc2.38,3.11.7,3.3.0,72,Neoverse-V2,1,1 x NVIDIA GH200 120GB,-2.5917,51.4535,64,machine,0.0,2.5,27.2,232.94313049316406,N,1.0,0.0
2026-09-27T01:58:39,mobilevit_xxs_batch3_node_2_evaluate,04ae8e4a-48dd-4ada-8e85-990a09255e88,5b0fa12a-3dd7-45bb-9766-cc326314d9f1,8.243351676966995,9.214869481418721e-05,1.1178547079540807e-05,115.49357121600002,146.52888405410548,6.0,0.00016687921382056074,0.00021466683840287715,6.303110886753227e-06,0.00038784916311019116,0.0,United Kingdom,GBR,england,,,Linux-6.4.0-150600.23.73_15.0.14-cray_shasta_c_64k-aarch64-with-glibc2.38,3.11.7,3.3.0,72,Neoverse-V2,1,1 x NVIDIA GH200 120GB,-2.5917,51.4535,64,machine,0.0,3.2,27.2,232.99097900390626,N,1.0,0.0
2026-09-27T01:58:57,mobilevit_xxs_batch3_node_3_evaluate,dd073d1f-aa2d-456c-abb4-0c9e710379cc,5b0fa12a-3dd7-45bb-9766-cc326314d9f1,7.9296650069300085,8.703002687181982e-05,1.0975246343415677e-05,115.51023388800002,146.24466096497065,6.0,0.0001568512046602144,0.0002030154401921891,6.438305594880755e-06,0.00036630495044728427,0.0,United Kingdom,GBR,england,,,Linux-6.4.0-150600.23.73_15.0.14-cray_shasta_c_64k-aarch64-with-glibc2.38,3.11.7,3.3.0,72,Neoverse-V2,1,1 x NVIDIA GH200 120GB,-2.5917,51.4535,64,machine,0.0,2.0,27.2,233.01150512695312,N,1.0,0.0
2026-09-27T01:59:09,mobilevit_xxs_batch3_node_4_evaluate,d1f9be72-86fe-4402-9e66-4108aecb758d,5b0fa12a-3dd7-45bb-9766-cc326314d9f1,10.951517263893038,0.00013801667708124066,1.260251650575206e-05,115.49338720992002,146.4011153005032,6.0,0.0002535224596072648,0.0003209133122794583,6.469392414825658e-06,0.0005809051643015488,0.0,United Kingdom,GBR,england,,,Linux-6.4.0-150600.23.73_15.0.14-cray_shasta_c_64k-aarch64-with-glibc2.38,3.11.7,3.3.0,72,Neoverse-V2,1,1 x NVIDIA GH200 120GB,-2.5917,51.4535,64,machine,2.4857142857142853,1.1428571428571428,27.199999999999996,232.88652692522322,N,1.0,0.0
2026-09-27T01:59:19,mobilevit_xxs_batch3_node_5_evaluate,68d7aa75-6fdd-4a3f-b2b8-b4325c276f2b,5b0fa12a-3dd7-45bb-9766-cc326314d9f1,6.95138880982995,7.007097984946473e-05,1.008014107200815e-05,115.42967530560003,75.44598535817576,6.0,0.0001254673989434991,0.0001629720748184127,6.485711534818014e-06,0.0002949251852967298,0.0,United Kingdom,GBR,england,,,Linux-6.4.0-150600.23.73_15.0.14-cray_shasta_c_64k-aarch64-with-glibc2.38,3.11.7,3.3.0,72,Neoverse-V2,1,1 x NVIDIA GH200 120GB,-2.5917,51.4535,64,machine,0.0,4.0,27.2,232.62078857421875,N,1.0,0.0
2026-09-27T02:00:02,mobilenet_v3_small_batch4_node_0_local_train,4ad0cf6d-c944-4fdc-b446-6f68f4313dc9,5b0fa12a-3dd7-45bb-9766-cc326314d9f1,8.888954172143713,0.00010366353758850695,1.1662062328251023e-05,115.30606144320001,75.42035265490959,6.0,0.00018632439217747672,0.00024031908114352518,9.671076546655968e-06,0.00043631454986765785,0.0,United Kingdom,GBR,england,,,Linux-6.4.0-150600.23.73_15.0.14-cray_shasta_c_64k-aarch64-with-glibc2.38,3.11.7,3.3.0,72,Neoverse-V2,1,1 x NVIDIA GH200 120GB,-2.5917,51.4535,64,machine,0.0,3.2,26.8,229.1763427734375,N,1.0,0.0
2026-09-27T02:00:13,mobilenet_v3_small_batch4_node_0_evaluate,535d8ce6-2351-4c43-8df2-6faff1198a03,5b0fa12a-3dd7-45bb-9766-cc326314d9f1,9.684883340960369,0.00011596256885298651,1.1973563828336984e-05,115.34457279908574,71.86941780922518,6.0,0.00021285420594705138,0.000264192989149592,1.103335094288923e-05,0.0004880805460395326,0.0,United Kingdom,GBR,england,,,Linux-6.4.0-150600.23.73_15.0.14-cray_shasta_c_64k-aarch64-with-glibc2.38,3.11.7,3.3.0,72,Neoverse-V2,1,1 x NVIDIA GH200 120GB,-2.5917,51.4535,64,machine,8.75,0.5,26.8,229.2021484375,N,1.0,0.0
2026-09-27T02:02:00,mobilenet_v3_small_batch4_node_1_local_train,cf0aeed5-b357-4c5d-9105-73ef0f8bbb61,5b0fa12a-3dd7-45bb-9766-cc326314d9f1,40.84503340208903,0.00065745044854554,1.6096215225812852e-05,115.26933127268575,144.13307494728667,6.0,0.001209690375725759,0.0015060559270665408,5.142914954572916e-05,0.002767175452338029,0.0,United Kingdom,GBR,england,,,Linux-6.4.0-150600.23.73_15.0.14-cray_shasta_c_64k-aarch64-with-glibc2.38,3.11.7,3.3.0,72,Neoverse-V2,1,1 x NVIDIA GH200 120GB,-2.5917,51.4535,64,machine,0.8621621621621621,0.8648648648648649,26.781081081081066,229.12519300306167,N,1.0,0.0
2026-09-27T02:06:27,mobilenet_v3_small_batch4_node_1_evaluate,8532ad89-6bf3-4c19-8473-50502be533f4,5b0fa12a-3dd7-45bb-9766-cc326314d9f1,8.010917579988018,8.714837581066235e-05,1.0878700840508798e-05,115.44065398080001,148.20383189823866,6.0,0.00015929861839885035,0.0002009557163091813,6.548740395034354e-06,0.000366803075103066,0.0,United Kingdom,GBR,england,,,Linux-6.4.0-150600.23.73_15.0.14-cray_shasta_c_64k-aarch64-with-glibc2.38,3.11.7,3.3.0,72,Neoverse-V2,1,1 x NVIDIA GH200 120GB,-2.5917,51.4535,64,machine,14.05,0.75,26.6,228.00955200195312,N,1.0,0.0
2026-09-27T02:06:50,mobilenet_v3_small_batch4_node_2_local_train,e4c3e4ad-2939-45b7-984a-40760fc589d2,5b0fa12a-3dd7-45bb-9766-cc326314d9f1,8.05624275491573,8.855076105376901e-05,1.0991570605259806e-05,115.33677802560001,145.2601550243436,6.0,0.00016043269847597352,0.0002056246089381375,6.648335750214756e-06,0.0003727056431643258,0.0,United Kingdom,GBR,england,,,Linux-6.4.0-150600.23.73_15.0.14-cray_shasta_c_64k-aarch64-with-glibc2.38,3.11.7,3.3.0,72,Neoverse-V2,1,1 x NVIDIA GH200 120GB,-2.5917,51.4535,64,machine,17.775,3.5,26.6,228.03823852539062,N,1.0,0.0
2026-09-27T02:07:00,mobilenet_v3_small_batch4_node_2_evaluate,ba9c0e58-59e9-4070-8e1c-75b15da29a53,5b0fa12a-3dd7-45bb-9766-cc326314d9f1,8.259554418036714,9.083716464403751e-05,1.0997828701954287e-05,115.41895261632001,143.51193118373362,6.0,0.00016732874710485417,0.00020865294470695517,6.3473076117225e-06,0.00038232899942353186,0.0,United Kingdom,GBR,england,,,Linux-6.4.0-150600.23.73_15.0.14-cray_shasta_c_64k-aarch64-with-glibc2.38,3.11.7,3.3.0,72,Neoverse-V2,1,1 x NVIDIA GH200 120GB,-2.5917,51.4535,64,machine,20.979999999999997,0.8,26.6,227.95157470703126,N,1.0,0.0
2026-09-27T02:11:09,mobilenet_v3_small_batch4_node_3_local_train,520da19e-16b5-4ea2-82dc-3e9de138a988,5b0fa12a-3dd7-45bb-9766-cc326314d9f1,237.43339543207549,0.004147878954329081,1.7469652686307553e-05,115.22072323853872,142.54964445305058,6.0,0.007598609101483679,0.009381453338491497,0.0004781488169815082,0.017458211256956683,0.0,United Kingdom,GBR,england,,,Linux-6.4.0-150600.23.73_15.0.14-cray_shasta_c_64k-aarch64-with-glibc2.38,3.11.7,3.3.0,72,Neoverse-V2,1,1 x NVIDIA GH200 120GB,-2.5917,51.4535,64,machine,1.339662447257384,0.12658227848101267,26.678059071729912,228.60342471609638,N,1.0,0.0
2026-09-27T02:11:30,mobilenet_v3_small_batch4_node_3_evaluate,bc1c1354-5d5c-47c3-baf3-031a1e769f47,5b0fa12a-3dd7-45bb-9766-cc326314d9f1,9.918647109996527,0.00011961023948084304,1.2059128443060911e-05,115.42535781120003,144.84977068888207,6.0,0.00022031245996170603,0.00027670383246913843,6.417113496378685e-06,0.0005034334059272232,0.0,United Kingdom,GBR,england,,,Linux-6.4.0-150600.23.73_15.0.14-cray_shasta_c_64k-aarch64-with-glibc2.38,3.11.7,3.3.0,72,Neoverse-V2,1,1 x NVIDIA GH200 120GB,-2.5917,51.4535,64,machine,1.1166666666666667,0.5,21.3,182.5468953450521,N,1.0,0.0
2026-09-27T02:11:43,mobilenet_v3_small_batch4_node_4_local_train,fdfed1a9-c5b7-4f71-87a6-5eda2a13747d,5b0fa12a-3dd7-45bb-9766-cc326314d9f1,9.737872561905533,0.00011893206293918021,1.2213351754513746e-05,115.3386049536,145.640990917121,6.0,0.00021430108364177278,0.0002768327214681676,9.445190294645727e-06,0.0005005789954045861,0.0,United Kingdom,GBR,england,,,Linux-6.4.0-150600.23.73_15.0.14-cray_shasta_c_64k-aarch64-with-glibc2.38,3.11.7,3.3.0,72,Neoverse-V2,1,1 x NVIDIA GH200 120GB,-2.5917,51.4535,64,machine,0.0,3.6666666666666665,21.3,182.4303995768229,N,1.0,0.0
2026-09-27T02:11:51,mobilenet_v3_small_batch4_node_4_evaluate,f062053a-a087-40dd-862e-93e74a56c9d5,5b0fa12a-3dd7-45bb-9766-cc326314d9f1,6.939308929024264,6.866250575028715e-05,9.894718112793658e-06,115.3549405584,73.30569841455961,6.0,0.00012485715397750555,0.0001576815150343691,6.458320538513362e-06,0.00028899698955038805,0.0,United Kingdom,GBR,england,,,Linux-6.4.0-150600.23.73_15.0.14-cray_shasta_c_64k-aarch64-with-glibc2.38,3.11.7,3.3.0,72,Neoverse-V2,1,1 x NVIDIA GH200 120GB,-2.5917,51.4535,64,machine,0.0,1.0,21.3,182.3783162434896,N,1.0,0.0
2026-09-27T02:12:27,mobilenet_v3_small_batch4_node_5_local_train,a44f560c-aa5c-4818-bd60-f29dc9ee0394,5b0fa12a-3dd7-45bb-9766-cc326314d9f1,24.213511465117335,0.0003651170635038229,1.5079062945075966e-05,115.28755985664002,147.5118020630418,6.0,0.0006775512793717793,0.0008478062338070913,1.1401610786560924e-05,0.0015367591239654314,0.0,United Kingdom,GBR,england,,,Linux-6.4.0-150600.23.73_15.0.14-cray_shasta_c_64k-aarch64-with-glibc2.38,3.11.7,3.3.0,72,Neoverse-V2,1,1 x NVIDIA GH200 120GB,-2.5917,51.4535,64,machine,1.180952380952381,1.619047619047619,21.290476190476195,182.12914167131697,N,1.0,0.0
2026-09-27T02:12:43,mobilenet_v3_small_batch4_node_5_evaluate,7df8fe0b-a910-4b71-90cc-6e4d1b4915f5,5b0fa12a-3dd7-45bb-9766-cc326314d9f1,13.89325068402104,0.00018717733533358502,1.3472537103851596e-05,115.39579467373713,144.86009264771138,6.0,0.00034734601392300354,0.000434025902762869,6.447954324927802e-06,0.0007878198710108003,0.0,United Kingdom,GBR,england,,,Linux-6.4.0-150600.23.73_15.0.14-cray_shasta_c_64k-aarch64-with-glibc2.38,3.11.7,3.3.0,72,Neoverse-V2,1,1 x NVIDIA GH200 120GB,-2.5917,51.4535,64,machine,0.0,0.3,21.300000000000004,182.092626953125,N,1.0,0.0
2026-09-27T02:13:01,mobilenet_v3_small_batch4_node_1_upload,d8ab84f5-aef6-40e1-b5a4-689978f81c64,5b0fa12a-3dd7-45bb-9766-cc326314d9f1,4.071703474037349,1.7122652510087625e-05,4.205279834169614e-06,115.20178277760002,140.09818430580967,6.0,3.256606287867679e-05,3.947475380527976e-05,2.75556316288809e-08,7.206837231558543e-05,0.0,United Kingdom,GBR,england,,,Linux-6.4.0-150600.23.73_15.0.14-cray_shasta_c_64k-aarch64-with-glibc2.38,3.11.7,3.3.0,72,Neoverse-V2,1,1 x NVIDIA GH200 120GB,-2.5917,51.4535,64,machine,0.0,0.0,21.3,182.04583740234375,N,1.0,0.0
2026-09-27T02:14:51,mobilenet_v3_small_batch4_node_3_upload,3b4f89ad-6a3f-4cbc-9e2e-13083f51005d,5b0fa12a-3dd7-45bb-9766-cc326314d9f1,3.079756974009797,1.6188951396129127e-07,5.2565678177688665e-08,115.20006635520001,0.0,6.0,6.737086704670692e-07,0.0,7.676048359523216e-09,6.813847188265924e-07,0.0,United Kingdom,GBR,england,,,Linux-6.4.0-150600.23.73_15.0.14-cray_shasta_c_64k-aarch64-with-glibc2.38,3.11.7,3.3.0,72,Neoverse-V2,1,1 x NVIDIA GH200 120GB,-2.5917,51.4535,64,machine,0,0,0,0,N,1.0,0.0
2026-09-27T02:15:05,mobilenet_v3_small_batch4_node_4_upload,4727ae5f-0293-4ecf-888a-240386dd15e2,5b0fa12a-3dd7-45bb-9766-cc326314d9f1,3.0776034989394248,1.2302540924670542e-07,3.9974418176058517e-08,115.20006635520001,0.0,6.0,5.077474881234527e-07,0.0,1.0060193405176203e-08,5.17807681528629e-07,0.0,United Kingdom,GBR,england,,,Linux-6.4.0-150600.23.73_15.0.14-cray_shasta_c_64k-aarch64-with-glibc2.38,3.11.7,3.3.0,72,Neoverse-V2,1,1 x NVIDIA GH200 120GB,-2.5917,51.4535,64,machine,0,0,0,0,N,1.0,0.0
2026-09-27T02:20:21,mobilenet_v3_small_batch4_node_5_upload,a969d46d-2171-4f36-94bf-8bbb3f8d6973,5b0fa12a-3dd7-45bb-9766-cc326314d9f1,9.717403871007264,0.0001134353556765261,1.1673421953261668e-05,115.20007539017142,143.07976847497451,6.0,0.00021300878909088564,0.00026442882264632317,6.022759868452947e-09,0.0004774436344970773,0.0,United Kingdom,GBR,england,,,Linux-6.4.0-150600.23.73_15.0.14-cray_shasta_c_64k-aarch64-with-glibc2.38,3.11.7,3.3.0,72,Neoverse-V2,1,1 x NVIDIA GH200 120GB,-2.5917,51.4535,64,machine,0.0,0.0,21.400000000000002,183.12666829427084,N,1.0,0.0
2026-09-27T02:20:48,mobilenet_v3_small_batch4_node_0_exchange,017cfb1e-db54-451d-b7c2-bdf143ed62ef,5b0fa12a-3dd7-45bb-9766-cc326314d9f1,9.132508190115914,0.00010250412252985919,1.1224093140239294e-05,115.35596678674285,70.80479937415946,6.0,0.00019466182008852915,0.00023666407821565372,1.0873263352550568e-07,0.00043143463093770835,0.0,United Kingdom,GBR,england,,,Linux-6.4.0-150600.23.73_15.0.14-cray_shasta_c_64k-aarch64-with-glibc2.38,3.11.7,3.3.0,72,Neoverse-V2,1,1 x NVIDIA GH200 120GB,-2.5917,51.4535,64,machine,0.0,0.0,21.333333333333332,182.68831380208334,N,1.0,0.0
2026-09-27T02:21:07,mobilenet_v3_small_batch4_node_1_exchange,65eb3276-253d-4b48-b21c-4bcabd77dc78,5b0fa12a-3dd7-45bb-9766-cc326314d9f1,15.332770538050681,0.0002087960166947119,1.361763134565614e-05,115.56549883716926,193.68593290465628,6.0,0.0003930850480866816,0.00048562372181493174,1.0302986484020949e-07,0.0008788117997664534,0.0,United Kingdom,GBR,england,,,Linux-6.4.0-150600.23.73_15.0.14-cray_shasta_c_64k-aarch64-with-glibc2.38,3.11.7,3.3.0,72,Neoverse-V2,1,1 x NVIDIA GH200 120GB,-2.5917,51.4535,64,machine,0.0,0.0,21.300000000000004,182.55663045247397,N,1.0,0.0
2026-09-27T02:21:14,mobilenet_v3_small_batch4_node_2_exchange,e4776535-983b-4df6-bd27-00106160a623,5b0fa12a-3dd7-45bb-9766-cc326314d9f1,4.627062093932182,2.70491598333351e-05,5.845860566428689e-06,115.7341570272,191.67504212196633,6.0,5.046277559965319e-05,6.327366173763949e-05,1.1209872007990876e-07,0.0001138485360573726,0.0,United Kingdom,GBR,england,,,Linux-6.4.0-150600.23.73_15.0.14-cray_shasta_c_64k-aarch64-with-glibc2.38,3.11.7,3.3.0,72,Neoverse-V2,1,1 x NVIDIA GH200 120GB,-2.5917,51.4535,64,machine,0.0,0.0,21.3,182.46624755859375,N,1.0,0.0
2026-09-27T02:21:20,mobilenet_v3_small_batch4_node_3_exchange,35b339e0-3cde-442c-92d1-78cb241e128b,5b0fa12a-3dd7-45bb-9766-cc326314d9f1,4.4725772980600595,2.3986808057277673e-05,5.363084069599364e-06,115.49646336960001,73.92850795889261,6.0,4.551225338804493e-05,5.534421094921527e-05,1.02789067896083e-07,0.00010095925340515627,0.0,United Kingdom,GBR,england,,,Linux-6.4.0-150600.23.73_15.0.14-cray_shasta_c_64k-aarch64-with-glibc2.38,3.11.7,3.3.0,72,Neoverse-V2,1,1 x NVIDIA GH200 120GB,-2.5917,51.4535,64,machine,0.0,0.0,21.3,182.46307373046875,N,1.0,0.0
2026-09-27T02:21:35,mobilenet_v3_small_batch4_node_4_exchange,6e9e2ece-1f7f-44bb-9147-854a6e81b459,5b0fa12a-3dd7-45bb-9766-cc326314d9f1,3.1289862759876996,1.5705332881392476e-06,5.019303856305637e-07,115.3630347264,121.88566087544017,6.0,2.5028075252269956e-06,4.0036143218458164e-06,1.0387277153010171e-07,6.610294618602914e-06,0.0,United Kingdom,GBR,england,,,Linux-6.4.0-150600.23.73_15.0.14-cray_shasta_c_64k-aarch64-with-glibc2.38,3.11.7,3.3.0,72,Neoverse-V2,1,1 x NVIDIA GH200 120GB,-2.5917,51.4535,64,machine,0,0,0,0,N,1.0,0.0
2026-09-27T02:21:39,mobilenet_v3_small_batch4_node_5_exchange,7a652737-bea2-4e5b-989b-9378eab4ce96,5b0fa12a-3dd7-45bb-9766-cc326314d9f1,3.1254001080524176,1.5639330193714966e-06,5.003944984010563e-07,115.4460725568,671.8672134264966,6.0,2.515572796204184e-06,3.96472539421211e-06,1.0221623311129708e-07,6.58251442352759e-06,0.0,United Kingdom,GBR,england,,,Linux-6.4.0-150600.23.73_15.0.14-cray_shasta_c_64k-aarch64-with-glibc2.38,3.11.7,3.3.0,72,Neoverse-V2,1,1 x NVIDIA GH200 120GB,-2.5917,51.4535,64,machine,0,0,0,0,N,1.0,0.0
2026-09-27T02:23:33,mobilenet_v3_small_batch4_node_0_evaluate,48477013-0e45-4379-863b-cb5e0205ec56,5b0fa12a-3dd7-45bb-9766-cc326314d9f1,112.90851813578047,0.001961405970690635,1.7371638589144404e-05,115.2230692206566,142.10213045015968,6.0,0.0036133253044448883,0.004460750513047174,0.00018138201384960363,0.008255457831341665,0.0,United Kingdom,GBR,england,,,Linux-6.4.0-150600.23.73_15.0.14-cray_shasta_c_64k-aarch64-with-glibc2.38,3.11.7,3.3.0,72,Neoverse-V2,1,1 x NVIDIA GH200 120GB,-2.5917,51.4535,64,machine,0.6580357142857143,0.026785714285714284,21.280357142857145,182.22721426827567,N,1.0,0.0
2026-09-27T02:25:10,mobilenet_v3_small_batch4_node_1_evaluate,7e13b139-8be6-4dc7-bd0d-c5d1097a8284,5b0fa12a-3dd7-45bb-9766-cc326314d9f1,7.994456192944199,8.60325849477004e-05,1.0761530599621226e-05,115.43639351040001,140.24029592298734,6.0,0.00015854210545614405,0.00019711682435286093,6.447838381864131e-06,0.0003621067681908691,0.0,United Kingdom,GBR,england,,,Linux-6.4.0-150600.23.73_15.0.14-cray_shasta_c_64k-aarch64-with-glibc2.38,3.11.7,3.3.0,72,Neoverse-V2,1,1 x NVIDIA GH200 120GB,-2.5917,51.4535,64,machine,0.0,0.75,21.2,181.89578247070312,N,1.0,0.0
2026-09-27T02:25:29,mobilenet_v3_small_batch4_node_2_evaluate,74524ca4-2184-44df-8939-7a03698de373,5b0fa12a-3dd7-45bb-9766-cc326314d9f1,6.810321051860228,6.567444999304112e-05,9.64337062716041e-06,115.3602099648,71.90395361151344,6.0,0.00012066668303003435,0.0001495103973923051,6.243334634928033e-06,0.00027642041505726746,0.0,United Kingdom,GBR,england,,,Linux-6.4.0-150600.23.73_15.0.14-cray_shasta_c_64k-aarch64-with-glibc2.38,3.11.7,3.3.0,72,Neoverse-V2,1,1 x NVIDIA GH200 120GB,-2.5917,51.4535,64,machine,25.73333333333333,0.6666666666666666,21.2,181.86344401041666,N,1.0,0.0
2026-09-27T02:26:06,mobilenet_v3_small_batch4_node_3_evaluate,0588d4f8-92e4-4f68-bbac-4a8daf211156,5b0fa12a-3dd7-45bb-9766-cc326314d9f1,22.87526370282285,0.00034474596970221054,1.5070688328706272e-05,115.38018096903532,95.77509303734352,6.0,0.0006349437258198166,0.0007847322944485313,3.134220743668266e-05,0.0014510182277050307,0.0,United Kingdom,GBR,england,,,Linux-6.4.0-150600.23.73_15.0.14-cray_shasta_c_64k-aarch64-with-glibc2.38,3.11.7,3.3.0,72,Neoverse-V2,1,1 x NVIDIA GH200 120GB,-2.5917,51.4535,64,machine,0.0,0.15789473684210525,21.199999999999996,181.89509662828948,N,1.0,0.0
2026-09-27T02:26:28,mobilenet_v3_small_batch4_node_4_evaluate,f733333e-1781-4c42-97ea-50634c44ec09,5b0fa12a-3dd7-45bb-9766-cc326314d9f1,9.886442770948634,0.00011814873875674766,1.1950581366224905e-05,115.48774776960002,143.12592791768134,6.0,0.00021924006242163478,0.0002716838284726464,6.358132923099523e-06,0.0004972820238173807,0.0,United Kingdom,GBR,england,,,Linux-6.4.0-150600.23.73_15.0.14-cray_shasta_c_64k-aarch64-with-glibc2.38,3.11.7,3.3.0,72,Neoverse-V2,1,1 x NVIDIA GH200 120GB,-2.5917,51.4535,64,machine,10.35,0.5,21.2,181.7408650716146,N,1.0,0.0
2026-09-27T02:26:44,mobilenet_v3_small_batch4_node_5_evaluate,e6365c7b-06db-4695-b29c-238a957a6bcb,5b0fa12a-3dd7-45bb-9766-cc326314d9f1,9.48204914899543,0.00011138871356861637,1.1747325057940391e-05,115.41814641792001,143.01331252161384,6.0,0.000206116111479603,0.00025627381613446687,6.439494491399576e-06,0.0004688294221054694,0.0,United Kingdom,GBR,england,,,Linux-6.4.0-150600.23.73_15.0.14-cray_shasta_c_64k-aarch64-with-glibc2.38,3.11.7,3.3.0,72,Neoverse-V2,1,1 x NVIDIA GH200 120GB,-2.5917,51.4535,64,machine,1.5833333333333333,0.6666666666666666,21.2,181.8152872721354,N,1.0,0.0
2026-09-27T02:27:00,efficientnet_lite0_batch4_node_0_local_train,4fbadada-d405-4ec1-b303-2294391cc919,5b0fa12a-3dd7-45bb-9766-cc326314d9f1,7.898494523018599,9.0816545930427e-05,1.1497956435338425e-05,115.36860856320001,155.2802451399014,6.0,0.0001553984988651018,0.00022045573190609957,6.387985536906247e-06,0.0003822422163081077,0.0,United Kingdom,GBR,england,,,Linux-6.4.0-150600.23.73_15.0.14-cray_shasta_c_64k-aarch64-with-glibc2.38,3.11.7,3.3.0,72,Neoverse-V2,1,1 x NVIDIA GH200 120GB,-2.5917,51.4535,64,machine,0.0,9.25,21.475,183.9700164794922,N,1.0,0.0
2026-09-27T02:27:08,efficientnet_lite0_batch4_node_0_evaluate,0126154b-c854-4c89-b38b-41a213f52576,5b0fa12a-3dd7-45bb-9766-cc326314d9f1,6.920058706076816,7.025862951001823e-05,1.01528950106046e-05,115.3061276256,77.34205279760505,6.0,0.000123967360674584,0.00016532513227218715,6.422500213763367e-06,0.0002957149931605345,0.0,United Kingdom,GBR,england,,,Linux-6.4.0-150600.23.73_15.0.14-cray_shasta_c_64k-aarch64-with-glibc2.38,3.11.7,3.3.0,72,Neoverse-V2,1,1 x NVIDIA GH200 120GB,-2.5917,51.4535,64,machine,0.0,2.6666666666666665,21.5,184.4816691080729,N,1.0,0.0
2026-09-27T02:27:38,efficientnet_lite0_batch4_node_1_local_train,869e9d95-7568-4043-94f4-d1b27272552a,5b0fa12a-3dd7-45bb-9766-cc326314d9f1,23.094988582888618,0.0003511353802476092,1.5203964227450193e-05,115.26749404920002,157.58227399124576,6.0,0.0006415902527658528,0.0008286770518282083,7.643626667947199e-06,0.001477910931262008,0.0,United Kingdom,GBR,england,,,Linux-6.4.0-150600.23.73_15.0.14-cray_shasta_c_64k-aarch64-with-glibc2.38,3.11.7,3.3.0,72,Neoverse-V2,1,1 x NVIDIA GH200 120GB,-2.5917,51.4535,64,machine,0.5900000000000001,2.95,21.505000000000003,184.532421875,N,1.0,0.0
2026-09-27T02:27:52,efficientnet_lite0_batch4_node_1_evaluate,c6e95735-1e15-4356-a164-38ad17ce9d67,5b0fa12a-3dd7-45bb-9766-cc326314d9f1,12.893958840984851,0.0001723948074478632,1.337019991873152e-05,115.43950575936,148.56914064363934,6.0,0.00031548693029935683,0.0004033231004427762,6.790933308657259e-06,0.0007256009640507903,0.0,United Kingdom,GBR,england,,,Linux-6.4.0-150600.23.73_15.0.14-cray_shasta_c_64k-aarch64-with-glibc2.38,3.11.7,3.3.0,72,Neoverse-V2,1,1 x NVIDIA GH200 120GB,-2.5917,51.4535,64,machine,2.0999999999999996,0.4444444444444444,21.54444444444444,184.52534993489584,N,1.0,0.0
2026-09-27T02:27:59,efficientnet_lite0_batch4_node_2_local_train,d1284075-507e-4a3a-8756-2540b7bb7c2b,5b0fa12a-3dd7-45bb-9766-cc326314d9f1,6.089748298050836,5.904427556987684e-05,9.695684071010837e-06,115.24086806400001,606.0066052929077,6.0,9.73082460323073e-05,0.0001461673391389695,5.0387634302023795e-06,0.0002485143486014792,0.0,United Kingdom,GBR,england,,,Linux-6.4.0-150600.23.73_15.0.14-cray_shasta_c_64k-aarch64-with-glibc2.38,3.11.7,3.3.0,72,Neoverse-V2,1,1 x NVIDIA GH200 120GB,-2.5917,51.4535,64,machine,0.0,10.666666666666666,21.600000000000005,185.22076416015625,N,1.0,0.0
2026-09-27T02:28:19,efficientnet_lite0_batch4_node_2_evaluate,b9876061-a9ab-425b-93a0-a61f33994c95,5b0fa12a-3dd7-45bb-9766-cc326314d9f1,8.480883222073317,9.666091495087881e-05,1.1397505710171562e-05,115.3325805408,147.41357705688904,6.0,0.00017413295515358493,0.00022601045859005353,6.697454103268684e-06,0.00040684086784690713,0.0,United Kingdom,GBR,england,,,Linux-6.4.0-150600.23.73_15.0.14-cray_shasta_c_64k-aarch64-with-glibc2.38,3.11.7,3.3.0,72,Neoverse-V2,1,1 x NVIDIA GH200 120GB,-2.5917,51.4535,64,machine,0.0,2.4,21.7,186.05927734375,N,1.0,0.0
2026-09-27T02:29:52,efficientnet_lite0_batch4_node_3_local_train,09d492fb-240c-4ee2-8bbe-f60bcc3533e1,5b0fa12a-3dd7-45bb-9766-cc326314d9f1,11.253323927056044,0.00014826091149978753,1.3174855043790934e-05,115.28408686464002,157.06235881080818,6.0,0.000262759663961408,0.00035494945063874184,6.313510604668409e-06,0.0006240226252048182,0.0,United Kingdom,GBR,england,,,Linux-6.4.0-150600.23.73_15.0.14-cray_shasta_c_64k-aarch64-with-glibc2.38,3.11.7,3.3.0,72,Neoverse-V2,1,1 x NVIDIA GH200 120GB,-2.5917,51.4535,64,machine,0.0,7.125,26.5375,227.35938262939453,N,1.0,0.0
2026-09-27T02:30:08,efficientnet_lite0_batch4_node_3_evaluate,d32bd251-4513-49ad-870a-9bdc370202b1,5b0fa12a-3dd7-45bb-9766-cc326314d9f1,7.957089331001043,8.747426829928018e-05,1.0993249498717826e-05,115.37349253920002,152.09162776368197,6.0,0.0001572917851776857,0.00020442183020463744,6.4611246068185815e-06,0.0003681747399891417,0.0,United Kingdom,GBR,england,,,Linux-6.4.0-150600.23.73_15.0.14-cray_shasta_c_64k-aarch64-with-glibc2.38,3.11.7,3.3.0,72,Neoverse-V2,1,1 x NVIDIA GH200 120GB,-2.5917,51.4535,64,machine,21.2,3.0,25.8,221.10118103027344,N,1.0,0.0
2026-09-27T02:30:23,efficientnet_lite0_batch4_node_4_local_train,e15c4903-4388-4c47-9ee5-0b4a8e098d6e,5b0fa12a-3dd7-45bb-9766-cc326314d9f1,8.075531296199188,9.47190601842377e-05,1.1729142852658868e-05,115.28391916224001,159.10558266715103,6.0,0.00016101687891103596,0.0002310440737147701,6.606747411812346e-06,0.0003986677000376184,0.0,United Kingdom,GBR,england,,,Linux-6.4.0-150600.23.73_15.0.14-cray_shasta_c_64k-aarch64-with-glibc2.38,3.11.7,3.3.0,72,Neoverse-V2,1,1 x NVIDIA GH200 120GB,-2.5917,51.4535,64,machine,0.0,7.2,25.880000000000003,221.5590087890625,N,1.0,0.0
2026-09-27T02:33:22,efficientnet_lite0_batch4_node_4_evaluate,a58c615a-e1b0-48b1-9c6c-4f7c1560d67c,5b0fa12a-3dd7-45bb-9766-cc326314d9f1,7.993811817839742,8.772480907795856e-05,1.0974089843118852e-05,115.35578088480001,144.98762641677732,6.0,0.00015842726579300723,0.00020429071898320217,6.511268589723235e-06,0.0003692292533659326,0.0,United Kingdom,GBR,england,,,Linux-6.4.0-150600.23.73_15.0.14-cray_shasta_c_64k-aarch64-with-glibc2.38,3.11.7,3.3.0,72,Neoverse-V2,1,1 x NVIDIA GH200 120GB,-2.5917,51.4535,64,machine,19.55,3.0,37.2,318.45774841308594,N,1.0,0.0
2026-09-27T02:34:10,efficientnet_lite0_batch4_node_5_local_train,7589b4cc-1a8b-4921-a57c-0d4415286b3c,5b0fa12a-3dd7-45bb-9766-cc326314d9f1,8.85623477702029,0.00011019297730523697,1.2442418260089505e-05,115.29448057728001,155.4063482657029,6.0,0.0001859699524726594,0.00026989743813032874,7.929238471745824e-06,0.00046379662907473397,0.0,United Kingdom,GBR,england,,,Linux-6.4.0-150600.23.73_15.0.14-cray_shasta_c_64k-aarch64-with-glibc2.38,3.11.7,3.3.0,72,Neoverse-V2,1,1 x NVIDIA GH200 120GB,-2.5917,51.4535,64,machine,0.0,7.2,37.1,318.0415771484375,N,1.0,0.0
2026-09-27T02:34:21,efficientnet_lite0_batch4_node_5_evaluate,535d35dd-7b42-4e3e-a146-da6bc02ca558,5b0fa12a-3dd7-45bb-9766-cc326314d9f1,8.4897634210065,9.746605359871138e-05,1.148042045053316e-05,115.3432904256,148.84112358944014,6.0,0.0001744504925373277,0.00022922296116689722,6.556201703691234e-06,0.00041022965540791616,0.0,United Kingdom,GBR,england,,,Linux-6.4.0-150600.23.73_15.0.14-cray_shasta_c_64k-aarch64-with-glibc2.38,3.11.7,3.3.0,72,Neoverse-V2,1,1 x NVIDIA GH200 120GB,-2.5917,51.4535,64,machine,13.419999999999998,3.4,37.2,318.66893310546874,N,1.0,0.0
2026-09-27T02:34:25,efficientnet_lite0_batch4_node_2_upload,961519af-b4b5-42a7-9a9a-06c13cb04d10,5b0fa12a-3dd7-45bb-9766-cc326314d9f1,3.0820782650262117,1.0454515210374617e-06,3.3920343065284574e-07,115.2010368,1402.4645888321238,6.0,4.2262297501314436e-07,3.972225385950878e-06,5.403843630726139e-09,4.400252204594748e-06,0.0,United Kingdom,GBR,england,,,Linux-6.4.0-150600.23.73_15.0.14-cray_shasta_c_64k-aarch64-with-glibc2.38,3.11.7,3.3.0,72,Neoverse-V2,1,1 x NVIDIA GH200 120GB,-2.5917,51.4535,64,machine,0,0,0,0,N,1.0,0.0
2026-09-27T02:34:34,efficientnet_lite0_batch4_node_3_upload,d3f5c0d8-dd9b-4cf5-b0af-27b51df8dc57,5b0fa12a-3dd7-45bb-9766-cc326314d9f1,4.081931123975664,1.7134377823593682e-05,4.19761561456857e-06,115.2028133568,141.05215001979428,6.0,3.247637377978361e-05,3.9635865036302675e-05,5.48474684668084e-09,7.211772356293297e-05,0.0,United Kingdom,GBR,england,,,Linux-6.4.0-150600.23.73_15.0.14-cray_shasta_c_64k-aarch64-with-glibc2.38,3.11.7,3.3.0,72,Neoverse-V2,1,1 x NVIDIA GH200 120GB,-2.5917,51.4535,64,machine,8.3,0.0,37.3,319.25897216796875,N,1.0,0.0
2026-09-27T02:35:31,mobilevit_xxs_batch4_node_0_local_train,4802a175-4411-4a2c-a06c-5f53ac2d13c1,5b0fa12a-3dd7-45bb-9766-cc326314d9f1,37.671916412888095,0.0005975970200221026,1.5863196697305694e-05,115.2817271920552,153.38198740979203,6.0,0.0011080752899064932,0.0013971369510556997,1.0043179204997918e-05,0.0025152554201671906,0.0,United Kingdom,GBR,england,,,Linux-6.4.0-150600.23.73_15.0.14-cray_shasta_c_64k-aarch64-with-glibc2.38,3.11.7,3.3.0,72,Neoverse-V2,1,1 x NVIDIA GH200 120GB,-2.5917,51.4535,64,machine,3.6470588235294117,3.0294117647058822,37.205882352941174,318.725487204159,N,1.0,0.0
2026-09-27T02:35:56,mobilevit_xxs_batch4_node_0_evaluate,3ffed16d-a95e-4dfe-9cf0-36d61950fd27,5b0fa12a-3dd7-45bb-9766-cc326314d9f1,7.089844122994691,7.308988355565483e-05,1.030909598119377e-05,115.45112934144001,76.86959335810785,6.0,0.00012993854770368608,0.00017101347013692703,6.679579395179947e-06,0.00030763159723579304,0.0,United Kingdom,GBR,england,,,Linux-6.4.0-150600.23.73_15.0.14-cray_shasta_c_64k-aarch64-with-glibc2.38,3.11.7,3.3.0,72,Neoverse-V2,1,1 x NVIDIA GH200 120GB,-2.5917,51.4535,64,machine,25.625,4.0,37.4,320.3843231201172,N,1.0,0.0
2026-09-27T02:36:17,mobilevit_xxs_batch4_node_1_local_train,42cda48d-824f-4cd5-a9d1-d8d19e6e183c,5b0fa12a-3dd7-45bb-9766-cc326314d9f1,11.452854116912931,0.0001550769869191026,1.3540466449327562e-05,115.31770485840002,157.20097410818795,6.0,0.0002693425182399076,0.00037105585241192784,1.2312768833168472e-05,0.0006527111394850039,0.0,United Kingdom,GBR,england,,,Linux-6.4.0-150600.23.73_15.0.14-cray_shasta_c_64k-aarch64-with-glibc2.38,3.11.7,3.3.0,72,Neoverse-V2,1,1 x NVIDIA GH200 120GB,-2.5917,51.4535,64,machine,0.0,10.875,37.199999999999996,318.6148147583008,N,1.0,0.0
2026-09-27T02:36:36,mobilevit_xxs_batch4_node_1_evaluate,320d690c-f607-418d-8dd0-3c7d41abdae4,5b0fa12a-3dd7-45bb-9766-cc326314d9f1,15.468454433139414,0.00021458858834167994,1.3872658659545725e-05,115.40445822720001,145.92280632290766,6.0,0.0003977521177424168,0.0004987253989838791,6.71492207213305e-06,0.0009031924387984289,0.0,United Kingdom,GBR,england,,,Linux-6.4.0-150600.23.73_15.0.14-cray_shasta_c_64k-aarch64-with-glibc2.38,3.11.7,3.3.0,72,Neoverse-V2,1,1 x NVIDIA GH200 120GB,-2.5917,51.4535,64,machine,2.4,0.6666666666666666,37.33333333333333,319.87242635091144,N,1.0,0.0
2026-09-27T02:37:25,mobilevit_xxs_batch4_node_2_local_train,2012eb5c-7f75-4a78-8077-8f2c5fb0c358,5b0fa12a-3dd7-45bb-9766-cc326314d9f1,13.463317069923505,0.00018415292835310956,1.367812459564661e-05,115.29017187346287,151.6603155980915,6.0,0.0003336126287742726,0.00043414423619481113,7.333431101481741e-06,0.0007750902960705654,0.0,United Kingdom,GBR,england,,,Linux-6.4.0-150600.23.73_15.0.14-cray_shasta_c_64k-aarch64-with-glibc2.38,3.11.7,3.3.0,72,Neoverse-V2,1,1 x NVIDIA GH200 120GB,-2.5917,51.4535,64,machine,0.0,3.5,37.230000000000004,318.9497985839844,N,1.0,0.0
2026-09-27T02:37:42,mobilevit_xxs_batch4_node_2_evaluate,b9f09a59-d65a-4875-94c4-d3d88018ebf4,5b0fa12a-3dd7-45bb-9766-cc326314d9f1,13.117029258050025,0.00017502803677617502,1.3343572948787846e-05,115.45121090797714,146.58971240933255,6.0,0.00032268011614519605,0.0004074872704364907,6.516705595034485e-06,0.0007366840921767213,0.0,United Kingdom,GBR,england,,,Linux-6.4.0-150600.23.73_15.0.14-cray_shasta_c_64k-aarch64-with-glibc2.38,3.11.7,3.3.0,72,Neoverse-V2,1,1 x NVIDIA GH200 120GB,-2.5917,51.4535,64,machine,12.190000000000001,1.6,37.17,318.2954345703125,N,1.0,0.0
2026-09-27T02:38:45,mobilevit_xxs_batch4_node_3_local_train,ca09d6ef-28ab-4014-8f20-5f0cfd85ef78,5b0fa12a-3dd7-45bb-9766-cc326314d9f1,26.96663643885404,0.00042140986556370104,1.562708298898285e-05,115.28394489701053,101.30909586405615,6.0,0.0007656310449936551,0.0009733202230961524,3.474139261292294e-05,0.0017736926607027305,0.0,United Kingdom,GBR,england,,,Linux-6.4.0-150600.23.73_15.0.14-cray_shasta_c_64k-aarch64-with-glibc2.38,3.11.7,3.3.0,72,Neoverse-V2,1,1 x NVIDIA GH200 120GB,-2.5917,51.4535,64,machine,1.539130434782609,3.3043478260869565,37.160869565217396,318.39069399626356,N,1.0,0.0
2026-09-27T02:38:58,mobilevit_xxs_batch4_node_3_evaluate,0672a4c0-11fe-465f-aa9c-3164a02eed1a,5b0fa12a-3dd7-45bb-9766-cc326314d9f1,7.042466429062188,7.162977192595496e-05,1.017112011075551e-05,115.35230099520001,75.75462892132163,6.0,0.00012785899313703223,0.0001670079113864631,6.619157230015844e-06,0.00030148606175351117,0.0,United Kingdom,GBR,england,,,Linux-6.4.0-150600.23.73_15.0.14-cray_shasta_c_64k-aarch64-with-glibc2.38,3.11.7,3.3.0,72,Neoverse-V2,1,1 x NVIDIA GH200 120GB,-2.5917,51.4535,64,machine,0.0,4.0,37.2,318.59259033203125,N,1.0,0.0
2026-09-27T02:39:23,mobilevit_xxs_batch4_node_4_local_train,1a6b7ab3-20c6-40e8-ab17-c4371ee31d5b,5b0fa12a-3dd7-45bb-9766-cc326314d9f1,9.374179239850491,0.00011774116314816698,1.2560157015948507e-05,115.30024263771429,80.69098177950028,6.0,0.00020253970914234102,0.00028251772599219294,1.0509123705172291e-05,0.0004955665588397063,0.0,United Kingdom,GBR,england,,,Linux-6.4.0-150600.23.73_15.0.14-cray_shasta_c_64k-aarch64-with-glibc2.38,3.11.7,3.3.0,72,Neoverse-V2,1,1 x NVIDIA GH200 120GB,-2.5917,51.4535,64,machine,0.0,12.0,37.1,317.68214925130206,N,1.0,0.0
2026-09-27T02:39:36,mobilevit_xxs_batch4_node_4_evaluate,eb2da9f0-3a51-4b74-bd04-7bf91208fd8e,5b0fa12a-3dd7-45bb-9766-cc326314d9f1,8.059309711912647,8.884567858711421e-05,1.1023981179900485e-05,115.4271066336,145.81632034394914,6.0,0.00016070674785787767,0.00020658822081998096,6.651967363432051e-06,0.0003739469360412907,0.0,United Kingdom,GBR,england,,,Linux-6.4.0-150600.23.73_15.0.14-cray_shasta_c_64k-aarch64-with-glibc2.38,3.11.7,3.3.0,72,Neoverse-V2,1,1 x NVIDIA GH200 120GB,-2.5917,51.4535,64,machine,21.0,3.0,37.1,317.7997283935547,N,1.0,0.0
2026-09-27T02:40:58,mobilevit_xxs_batch4_node_5_local_train,c11aeaa3-d8fd-4ad8-b530-781268cd213c,5b0fa12a-3dd7-45bb-9766-cc326314d9f1,10.651704389834777,0.00014140861177327783,1.3275679327735389e-05,115.31315998080001,80.49084890816152,6.0,0.0002436354578354866,0.0003389086044620626,1.2637582363095135e-05,0.0005951816446606444,0.0,United Kingdom,GBR,england,,,Linux-6.4.0-150600.23.73_15.0.14-cray_shasta_c_64k-aarch64-with-glibc2.38,3.11.7,3.3.0,72,Neoverse-V2,1,1 x NVIDIA GH200 120GB,-2.5917,51.4535,64,machine,0.0,14.285714285714286,37.199999999999996,318.4573887416295,N,1.0,0.0
2026-09-27T02:41:29,mobilevit_xxs_batch4_node_5_evaluate,924a3dd3-7949-4bfd-91f3-d1ffe89832cb,5b0fa12a-3dd7-45bb-9766-cc326314d9f1,14.32993732392788,0.00019554733659358172,1.3646070612399692e-05,115.43732256096001,146.96164278103893,6.0,0.0003615163235711057,0.0004548153638666008,6.717092571392035e-06,0.0008230487800090986,0.0,United Kingdom,GBR,england,,,Linux-6.4.0-150600.23.73_15.0.14-cray_shasta_c_64k-aarch64-with-glibc2.38,3.11.7,3.3.0,72,Neoverse-V2,1,1 x NVIDIA GH200 120GB,-2.5917,51.4535,64,machine,0.0,1.3636363636363635,35.67272727272728,305.2535788796165,N,1.0,0.0
2026-09-27T02:42:14,mobilevit_xxs_batch4_node_0_upload,e160fca4-8f19-4276-afad-bc533809014d,5b0fa12a-3dd7-45bb-9766-cc326314d9f1,3.0771216941066086,1.1895423908972873e-07,3.865763233139374e-08,115.20053084160004,0.0,6.0,4.951323287613679e-07,0.0,5.540004931390286e-09,5.006723336927582e-07,0.0,United Kingdom,GBR,england,,,Linux-6.4.0-150600.23.73_15.0.14-cray_shasta_c_64k-aarch64-with-glibc2.38,3.11.7,3.3.0,72,Neoverse-V2,1,1 x NVIDIA GH200 120GB,-2.5917,51.4535,64,machine,0,0,0,0,N,1.0,0.0
2026-09-27T02:44:26,mobilevit_xxs_batch4_node_2_upload,d0982429-f5cc-4512-a9b6-74cfbef5864a,5b0fa12a-3dd7-45bb-9766-cc326314d9f1,122.1210579238832,0.002059317647827821,1.6862920145282172e-05,115.20026791744867,142.00003211078877,6.0,0.003809397020085538,0.004693204587894684,0.00016496148554608227,0.008667563093526304,0.0,United Kingdom,GBR,england,,,Linux-6.4.0-150600.23.73_15.0.14-cray_shasta_c_64k-aarch64-with-glibc2.38,3.11.7,3.3.0,72,Neoverse-V2,1,1 x NVIDIA GH200 120GB,-2.5917,51.4535,64,machine,0.6487394957983192,0.0,21.309243697478937,182.53438023158483,N,1.0,0.0
2026-09-27T02:45:09,mobilevit_xxs_batch4_node_3_upload,3a208c4e-12af-42bf-88b1-e986afcbda10,5b0fa12a-3dd7-45bb-9766-cc326314d9f1,10.339411574183032,0.00012280437972567951,1.187730837916498e-05,115.20008216639998,140.3869229813966,6.0,0.00023302756909205326,0.0002838443937349666,5.416705195481578e-09,0.0005168773795322153,0.0,United Kingdom,GBR,england,,,Linux-6.4.0-150600.23.73_15.0.14-cray_shasta_c_64k-aarch64-with-glibc2.38,3.11.7,3.3.0,72,Neoverse-V2,1,1 x NVIDIA GH200 120GB,-2.5917,51.4535,64,machine,0.0,0.0,18.099999999999998,155.24437604631697,N,1.0,0.0
2026-09-27T02:47:13,mobilevit_xxs_batch4_node_4_upload,0bca09a0-460d-4796-8dfa-082ef69cbd28,5b0fa12a-3dd7-45bb-9766-cc326314d9f1,111.10187769192271,0.0019289484955179069,1.736197925355266e-05,115.20007064797876,142.26641517055086,6.0,0.003555116472050026,0.004382167950183202,0.000181561549246544,0.00811884597147977,0.0,United Kingdom,GBR,england,,,Linux-6.4.0-150600.23.73_15.0.14-cray_shasta_c_64k-aarch64-with-glibc2.38,3.11.7,3.3.0,72,Neoverse-V2,1,1 x NVIDIA GH200 120GB,-2.5917,51.4535,64,machine,0.46666666666666673,0.0,18.163063063063067,155.46856634466496,N,1.0,0.0
2026-09-27T02:47:26,mobilevit_xxs_batch4_node_5_upload,64daffb6-3dac-47a7-af85-e35defe41ad7,5b0fa12a-3dd7-45bb-9766-cc326314d9f1,6.095220669871196,5.1191364933049896e-05,8.398607319680794e-06,115.20006635520001,140.972211265603,6.0,9.698784616640936e-05,0.00011844815030315203,2.5851229826609293e-08,0.000215461847699388,0.0,United Kingdom,GBR,england,,,Linux-6.4.0-150600.23.73_15.0.14-cray_shasta_c_64k-aarch64-with-glibc2.38,3.11.7,3.3.0,72,Neoverse-V2,1,1 x NVIDIA GH200 120GB,-2.5917,51.4535,64,machine,0.0,0.0,18.2,155.58990478515625,N,1.0,0.0
2026-09-27T02:47:35,mobilevit_xxs_batch4_node_0_exchange,3bc20265-ecdd-4e3d-94d0-bcfdedabae52,5b0fa12a-3dd7-45bb-9766-cc326314d9f1,7.725172535981983,7.839278568807038e-05,1.0147706775859797e-05,115.20006635520001,141.08591135311116,6.0,0.00014836657390837287,0.00018157931192774868,5.3563849845280255e-09,0.0003299512422211061,0.0,United Kingdom,GBR,england,,,Linux-6.4.0-150600.23.73_15.0.14-cray_shasta_c_64k-aarch64-with-glibc2.38,3.11.7,3.3.0,72,Neoverse-V2,1,1 x NVIDIA GH200 120GB,-2.5917,51.4535,64,machine,0.0,0.0,18.2,155.5628662109375,N,1.0,0.0
2026-09-27T02:47:50,mobilevit_xxs_batch4_node_1_exchange,22612a37-4897-4254-86c1-7532e9facde8,5b0fa12a-3dd7-45bb-9766-cc326314d9f1,13.110214898129925,0.00016997040696201698,1.2964730805920047e-05,115.20007210472728,141.94750840781685,6.0,0.00032054636281335955,0.000394845038101721,5.384971542904775e-09,0.0007153967858866234,0.0,United Kingdom,GBR,england,,,Linux-6.4.0-150600.23.73_15.0.14-cray_shasta_c_64k-aarch64-with-glibc2.38,3.11.7,3.3.0,72,Neoverse-V2,1,1 x NVIDIA GH200 120GB,-2.5917,51.4535,64,machine,0.0,0.0,18.199999999999996,155.61602172851562,N,1.0,0.0
2026-09-27T02:49:12,mobilevit_xxs_batch4_node_2_exchange,7d78c4ca-cc31-4d2a-ab1c-83d2c5cb3fbc,5b0fa12a-3dd7-45bb-9766-cc326314d9f1,3.108265260932967,1.308247724647758e-07,4.2089320402952946e-08,115.20006635520001,0.0,6.0,5.38366195714099e-07,0.0,1.2268608358378214e-08,5.506348040724772e-07,0.0,United Kingdom,GBR,england,,,Linux-6.4.0-150600.23.73_15.0.14-cray_shasta_c_64k-aarch64-with-glibc2.38,3.11.7,3.3.0,72,Neoverse-V2,1,1 x NVIDIA GH200 120GB,-2.5917,51.4535,64,machine,0,0,0,0,N,1.0,0.0
2026-09-27T02:49:16,mobilevit_xxs_batch4_node_3_exchange,39cb7303-b4b7-4110-bd1e-b4b315b3cdab,5b0fa12a-3dd7-45bb-9766-cc326314d9f1,3.1154404811095446,1.9723283990639344e-07,6.330817138132268e-08,115.2001296,0.0,6.0,8.044886177299702e-07,0.0,2.5654359875867767e-08,8.30142977605838e-07,0.0,United Kingdom,GBR,england,,,Linux-6.4.0-150600.23.73_15.0.14-cray_shasta_c_64k-aarch64-with-glibc2.38,3.11.7,3.3.0,72,Neoverse-V2,1,1 x NVIDIA GH200 120GB,-2.5917,51.4535,64,machine,0,0,0,0,N,1.0,0.0
2026-09-27T02:49:25,mobilevit_xxs_batch4_node_4_exchange,3fcb24c0-c0e7-441a-a64d-299db30f6284,5b0fa12a-3dd7-45bb-9766-cc326314d9f1,5.120837355032563,3.5086589530631224e-05,6.851728945491594e-06,115.20006635520001,148.23510331020776,6.0,6.478668246878236e-05,8.288562186464787e-05,5.363953532651067e-09,0.00014767766828696288,0.0,United Kingdom,GBR,england,,,Linux-6.4.0-150600.23.73_15.0.14-cray_shasta_c_64k-aarch64-with-glibc2.38,3.11.7,3.3.0,72,Neoverse-V2,1,1 x NVIDIA GH200 120GB,-2.5917,51.4535,64,machine,0.0,0.0,18.2,155.88339233398438,N,1.0,0.0
2026-09-27T02:49:38,mobilevit_xxs_batch4_node_5_exchange,046be76d-54c8-4075-a0dd-802c608bf14b,5b0fa12a-3dd7-45bb-9766-cc326314d9f1,4.109824067912996,1.7111037038269962e-05,4.163447572333454e-06,115.20006635520001,140.67411795974596,6.0,3.250720585965739e-05,3.9506698271907226e-05,5.579254745195309e-09,7.201948338630981e-05,0.0,United Kingdom,GBR,england,,,Linux-6.4.0-150600.23.73_15.0.14-cray_shasta_c_64k-aarch64-with-glibc2.38,3.11.7,3.3.0,72,Neoverse-V2,1,1 x NVIDIA GH200 120GB,-2.5917,51.4535,64,machine,0.0,0.0,18.2,156.10601806640625,N,1.0,0.0
2026-09-27T02:49:53,mobilevit_xxs_batch4_node_0_evaluate,234c8e17-370e-4741-980d-30980e6d95bf,5b0fa12a-3dd7-45bb-9766-cc326314d9f1,7.96785063482821,8.72879195609244e-05,1.0955014540481074e-05,115.4362832208,145.68889277317953,6.0,0.0001579319983968114,0.00020295071790599195,6.507691337804621e-06,0.00036739040764060795,0.0,United Kingdom,GBR,england,,,Linux-6.4.0-150600.23.73_15.0.14-cray_shasta_c_64k-aarch64-with-glibc2.38,3.11.7,3.3.0,72,Neoverse-V2,1,1 x NVIDIA GH200 120GB,-2.5917,51.4535,64,machine,0.0,3.0,18.2,156.08200073242188,N,1.0,0.0
2026-09-27T02:50:10,mobilevit_xxs_batch4_node_1_evaluate,ca0137bf-d386-4b91-9d1d-4dad136c1fca,5b0fa12a-3dd7-45bb-9766-cc326314d9f1,14.0478878300637,0.00019065118465132357,1.3571519573448862e-05,115.4481270408,147.02157469208572,6.0,0.0003520221820820708,0.0004438114661553527,6.607477619933585e-06,0.000802441125857357,0.0,United Kingdom,GBR,england,,,Linux-6.4.0-150600.23.73_15.0.14-cray_shasta_c_64k-aarch64-with-glibc2.38,3.11.7,3.3.0,72,Neoverse-V2,1,1 x NVIDIA GH200 120GB,-2.5917,51.4535,64,machine,0.0,1.0,18.199999999999996,155.78090209960936,N,1.0,0.0
2026-09-27T02:50:18,mobilevit_xxs_batch4_node_2_evaluate,df950d3a-d5a2-49f7-bbc9-be64df59ff1a,5b0fa12a-3dd7-45bb-9766-cc326314d9f1,6.907497979933396,6.978305343471006e-05,1.0102507975743618e-05,115.33415258880001,758.8143586576148,6.0,0.00012386164799890718,0.00016344263073619913,6.409038946731016e-06,0.00029371331768183735,0.0,United Kingdom,GBR,england,,,Linux-6.4.0-150600.23.73_15.0.14-cray_shasta_c_64k-aarch64-with-glibc2.38,3.11.7,3.3.0,72,Neoverse-V2,1,1 x NVIDIA GH200 120GB,-2.5917,51.4535,64,machine,0.0,4.0,18.233333333333334,156.2978719075521,N,1.0,0.0
2026-09-27T02:50:38,mobilevit_xxs_batch4_node_3_evaluate,e6f0eca7-d44c-433d-aad3-1d49dd595f47,5b0fa12a-3dd7-45bb-9766-cc326314d9f1,18.635287415003404,0.000267583600825812,1.435897364321725e-05,115.47358142976002,141.78495483554033,6.0,0.0004989446735328614,0.0006207893855361135,6.511688107081378e-06,0.0011262457471760562,0.0,United Kingdom,GBR,england,,,Linux-6.4.0-150600.23.73_15.0.14-cray_shasta_c_64k-aarch64-with-glibc2.38,3.11.7,3.3.0,72,Neoverse-V2,1,1 x NVIDIA GH200 120GB,-2.5917,51.4535,64,machine,0.0,1.0666666666666667,18.300000000000004,156.32143961588542,N,1.0,0.0
2026-09-27T02:51:04,mobilevit_xxs_batch4_node_4_evaluate,fdb4c2e3-58e1-415d-ab5d-537766817161,5b0fa12a-3dd7-45bb-9766-cc326314d9f1,19.90025496017188,0.0002895158772524191,1.4548350150882617e-05,115.36979096713848,147.49227606563446,6.0,0.0005394020166720393,0.0006726060936443901,6.549471273707848e-06,0.0012185575815901373,0.0,United Kingdom,GBR,england,,,Linux-6.4.0-150600.23.73_15.0.14-cray_shasta_c_64k-aarch64-with-glibc2.38,3.11.7,3.3.0,72,Neoverse-V2,1,1 x NVIDIA GH200 120GB,-2.5917,51.4535,64,machine,1.125,0.75,18.224999999999998,156.30511474609375,N,1.0,0.0
2026-09-27T02:51:28,mobilevit_xxs_batch4_node_5_evaluate,4242b65c-1653-44c3-b41b-0423715df53b,5b0fa12a-3dd7-45bb-9766-cc326314d9f1,8.03945288900286,8.874893823420507e-05,1.1039176354351731e-05,115.4484003024,146.2357233191674,6.0,0.00016008221117725814,0.00020683988769576445,6.617661950100834e-06,0.00037353976082312346,0.0,United Kingdom,GBR,england,,,Linux-6.4.0-150600.23.73_15.0.14-cray_shasta_c_64k-aarch64-with-glibc2.38,3.11.7,3.3.0,72,Neoverse-V2,1,1 x NVIDIA GH200 120GB,-2.5917,51.4535,64,machine,0.0,3.0,18.3,156.3587646484375,N,1.0,0.0
2026-09-27T02:52:03,mobilenet_v3_small_batch5_node_0_local_train,8af21166-e600-44eb-a0e1-b8058ba43c15,5b0fa12a-3dd7-45bb-9766-cc326314d9f1,8.904001673916355,0.00010384558963576036,1.1662799877943497e-05,115.22888161920002,200.80598423390785,6.0,0.00018674348929207323,0.00024062685916703686,9.710449203072736e-06,0.00043708079766218284,0.0,United Kingdom,GBR,england,,,Linux-6.4.0-150600.23.73_15.0.14-cray_shasta_c_64k-aarch64-with-glibc2.38,3.11.7,3.3.0,72,Neoverse-V2,1,1 x NVIDIA GH200 120GB,-2.5917,51.4535,64,machine,3.28,3.0,17.9,153.46273193359374,N,1.0,0.0
2026-09-27T02:52:28,mobilenet_v3_small_batch5_node_0_evaluate,1384edb7-e4d8-423f-a92a-fd9bd7a76421,5b0fa12a-3dd7-45bb-9766-cc326314d9f1,10.240409370977432,0.0001256593069625824,1.2270926132964587e-05,115.23254742,143.31386104294194,6.0,0.00023019845060290176,0.00028771550793749157,1.0979664323385806e-05,0.0005288936228637791,0.0,United Kingdom,GBR,england,,,Linux-6.4.0-150600.23.73_15.0.14-cray_shasta_c_64k-aarch64-with-glibc2.38,3.11.7,3.3.0,72,Neoverse-V2,1,1 x NVIDIA GH200 120GB,-2.5917,51.4535,64,machine,10.814285714285713,0.42857142857142855,17.900000000000002,153.57179478236608,N,1.0,0.0
2026-09-27T02:55:45,mobilenet_v3_small_batch5_node_1_local_train,886e0197-6d0c-44b1-98a8-f2748910acfa,5b0fa12a-3dd7-45bb-9766-cc326314d9f1,16.772572251036763,0.00023985975462928217,1.430071375095467e-05,116.11862847977144,145.77010023748966,6.0,0.0004426567789466227,0.0005553804443110266,1.152026732180578e-05,0.0010095574905794552,0.0,United Kingdom,GBR,england,,,Linux-6.4.0-150600.23.73_15.0.14-cray_shasta_c_64k-aarch64-with-glibc2.38,3.11.7,3.3.0,72,Neoverse-V2,1,1 x NVIDIA GH200 120GB,-2.5917,51.4535,64,machine,0.33076923076923076,2.1538461538461537,20.50769230769231,175.6333993765024,N,1.0,0.0
2026-09-27T02:56:05,mobilenet_v3_small_batch5_node_1_evaluate,640fc7bf-be39-4675-9e7c-3f0845dadf68,5b0fa12a-3dd7-45bb-9766-cc326314d9f1,8.047124683158472,8.767616496090719e-05,1.089534068540051e-05,116.1069111216,143.0782905125823,6.0,0.00016180358596840007,0.00020057877158308202,6.642155203347405e-06,0.0003690245127548295,0.0,United Kingdom,GBR,england,,,Linux-6.4.0-150600.23.73_15.0.14-cray_shasta_c_64k-aarch64-with-glibc2.38,3.11.7,3.3.0,72,Neoverse-V2,1,1 x NVIDIA GH200 120GB,-2.5917,51.4535,64,machine,0.0,0.5,20.5,175.30877685546875,N,1.0,0.0
2026-09-27T02:56:38,mobilenet_v3_small_batch5_node_2_local_train,0a373a37-c3c3-408a-b51b-2c55ceb8a998,5b0fa12a-3dd7-45bb-9766-cc326314d9f1,13.804168542148545,0.0001866803251171149,1.3523474778442476e-05,115.97373422640001,146.52925068770975,6.0,0.0003461006513828444,0.000433523124598878,6.1042043419244385e-06,0.0007857279803236468,0.0,United Kingdom,GBR,england,,,Linux-6.4.0-150600.23.73_15.0.14-cray_shasta_c_64k-aarch64-with-glibc2.38,3.11.7,3.3.0,72,Neoverse-V2,1,1 x NVIDIA GH200 120GB,-2.5917,51.4535,64,machine,3.2,1.3,20.5,175.6605224609375,N,1.0,0.0
2026-09-27T02:56:54,mobilenet_v3_small_batch5_node_2_evaluate,08047828-764d-45a4-9129-2db595940ea4,5b0fa12a-3dd7-45bb-9766-cc326314d9f1,7.943074006121606,8.582376936860338e-05,1.0804855815577233e-05,116.13080728800001,146.34083458415853,6.0,0.0001581688555884223,0.0001966712684406957,6.387750024829681e-06,0.0003612278740539477,0.0,United Kingdom,GBR,england,,,Linux-6.4.0-150600.23.73_15.0.14-cray_shasta_c_64k-aarch64-with-glibc2.38,3.11.7,3.3.0,72,Neoverse-V2,1,1 x NVIDIA GH200 120GB,-2.5917,51.4535,64,machine,0.0,0.5,20.5,175.35748291015625,N,1.0,0.0
2026-09-27T02:57:05,mobilenet_v3_small_batch5_node_3_local_train,3d140329-3638-40fc-bd2b-696e3a1e31a9,5b0fa12a-3dd7-45bb-9766-cc326314d9f1,10.301210307981819,0.0001288200920439337,1.2505335605479133e-05,116.12451418971429,144.50280114777777,6.0,0.0002346320957486445,0.00029716551549086034,1.039959504501894e-05,0.0005421972062845238,0.0,United Kingdom,GBR,england,,,Linux-6.4.0-150600.23.73_15.0.14-cray_shasta_c_64k-aarch64-with-glibc2.38,3.11.7,3.3.0,72,Neoverse-V2,1,1 x NVIDIA GH200 120GB,-2.5917,51.4535,64,machine,0.0,4.0,20.5,175.5343279157366,N,1.0,0.0
2026-09-27T02:57:17,mobilenet_v3_small_batch5_node_3_evaluate,8ae89a39-efac-4b95-a00d-adaddcf47c04,5b0fa12a-3dd7-45bb-9766-cc326314d9f1,8.00944187794812,8.743797890468333e-05,1.0916862902198051e-05,116.22759567840001,144.12767202010713,6.0,0.0001605307203368837,0.0002009190496323754,6.57222980633378e-06,0.0003680219997755929,0.0,United Kingdom,GBR,england,,,Linux-6.4.0-150600.23.73_15.0.14-cray_shasta_c_64k-aarch64-with-glibc2.38,3.11.7,3.3.0,72,Neoverse-V2,1,1 x NVIDIA GH200 120GB,-2.5917,51.4535,64,machine,0.0,0.5,20.5,175.70565795898438,N,1.0,0.0
2026-09-27T02:57:36,mobilenet_v3_small_batch5_node_4_local_train,775b232b-8efc-4c7a-b818-a6b352f6e26d,5b0fa12a-3dd7-45bb-9766-cc326314d9f1,10.163684142986313,0.00012751612073384443,1.2546249857817543e-05,115.91039274480002,75.28748687730977,6.0,0.0002293932453831681,0.0002955160697553083,1.1799542316390824e-05,0.0005367088574548672,0.0,United Kingdom,GBR,england,,,Linux-6.4.0-150600.23.73_15.0.14-cray_shasta_c_64k-aarch64-with-glibc2.38,3.11.7,3.3.0,72,Neoverse-V2,1,1 x NVIDIA GH200 120GB,-2.5917,51.4535,64,machine,17.32857142857143,4.714285714285714,21.385714285714283,183.24889264787947,N,1.0,0.0
2026-09-27T02:57:47,mobilenet_v3_small_batch5_node_4_evaluate,466bdfb1-f012-4580-815e-c2ce339eef0a,5b0fa12a-3dd7-45bb-9766-cc326314d9f1,7.057040085084736,7.092394607905205e-05,1.0050098231544967e-05,116.65709694720002,73.01631253353726,6.0,0.0001303526041672907,0.00016152096254984372,6.641709996232142e-06,0.0002985152767133666,0.0,United Kingdom,GBR,england,,,Linux-6.4.0-150600.23.73_15.0.14-cray_shasta_c_64k-aarch64-with-glibc2.38,3.11.7,3.3.0,72,Neoverse-V2,1,1 x NVIDIA GH200 120GB,-2.5917,51.4535,64,machine,0.0,0.6666666666666666,22.600000000000005,193.7452392578125,N,1.0,0.0
2026-09-27T02:58:06,mobilenet_v3_small_batch5_node_5_local_train,ab1d90d3-4ef8-4cf6-acdb-35796b12eb8f,5b0fa12a-3dd7-45bb-9766-cc326314d9f1,10.586316476110369,0.00013459561697190875,1.2714112342630621e-05,116.8527202601143,145.0599524487378,6.0,0.0002454941573807443,0.0003101480259033451,1.0863913260400296e-05,0.0005665060965444897,0.0,United Kingdom,GBR,england,,,Linux-6.4.0-150600.23.73_15.0.14-cray_shasta_c_64k-aarch64-with-glibc2.38,3.11.7,3.3.0,72,Neoverse-V2,1,1 x NVIDIA GH200 120GB,-2.5917,51.4535,64,machine,2.3857142857142857,5.0,22.657142857142855,193.98316301618303,N,1.0,0.0
2026-09-27T02:59:20,mobilenet_v3_small_batch5_node_5_evaluate,6b6ff141-60ce-4126-adba-9f105011893a,5b0fa12a-3dd7-45bb-9766-cc326314d9f1,10.013897401979193,0.00012179970521362329,1.2163067018197153e-05,116.947657296,144.2905113816979,6.0,0.00022649634137934268,0.00027957466809880316,6.5777462034020575e-06,0.0005126487556815479,0.0,United Kingdom,GBR,england,,,Linux-6.4.0-150600.23.73_15.0.14-cray_shasta_c_64k-aarch64-with-glibc2.38,3.11.7,3.3.0,72,Neoverse-V2,1,1 x NVIDIA GH200 120GB,-2.5917,51.4535,64,machine,12.666666666666666,0.5,22.900000000000002,195.8066202799479,N,1.0,0.0
2026-09-27T02:59:30,mobilenet_v3_small_batch5_node_0_upload,73e54386-26c5-42ce-b7ad-b9b6742f61ad,5b0fa12a-3dd7-45bb-9766-cc326314d9f1,4.091326405061409,1.7278344572131678e-05,4.2231645343076305e-06,116.16165014400002,138.68836063521357,6.0,3.319275428214533e-05,3.95030871658264e-05,2.783082697230081e-08,7.272367227494403e-05,0.0,United Kingdom,GBR,england,,,Linux-6.4.0-150600.23.73_15.0.14-cray_shasta_c_64k-aarch64-with-glibc2.38,3.11.7,3.3.0,72,Neoverse-V2,1,1 x NVIDIA GH200 120GB,-2.5917,51.4535,64,machine,0.0,0.0,22.9,195.76202392578125,N,1.0,0.0
2026-09-27T02:59:47,mobilenet_v3_small_batch5_node_1_upload,850e2bfa-e68b-43b5-8b0a-762e7cb2655c,5b0fa12a-3dd7-45bb-9766-cc326314d9f1,4.085279891034588,1.7292221861621807e-05,4.232812028270256e-06,116.17613268480002,138.8081317570776,6.0,3.3204925538354917e-05,3.954919831983261e-05,2.795722141551475e-08,7.278208107960304e-05,0.0,United Kingdom,GBR,england,,,Linux-6.4.0-150600.23.73_15.0.14-cray_shasta_c_64k-aarch64-with-glibc2.38,3.11.7,3.3.0,72,Neoverse-V2,1,1 x NVIDIA GH200 120GB,-2.5917,51.4535,64,machine,0.0,0.0,22.9,195.87286376953125,N,1.0,0.0
2026-09-27T03:00:04,mobilenet_v3_small_batch5_node_2_upload,6a6ed83a-ed05-4dcb-9cf0-120b1e2eec8c,5b0fa12a-3dd7-45bb-9766-cc326314d9f1,4.075658197980374,1.7173739309901726e-05,4.2137339481539185e-06,116.10311034240002,140.37006904936484,6.0,3.278681736044743e-05,3.94911427150646e-05,5.4339785128831865e-09,7.228339405402492e-05,0.0,United Kingdom,GBR,england,,,Linux-6.4.0-150600.23.73_15.0.14-cray_shasta_c_64k-aarch64-with-glibc2.38,3.11.7,3.3.0,72,Neoverse-V2,1,1 x NVIDIA GH200 120GB,-2.5917,51.4535,64,machine,0.0,0.0,22.9,196.244873046875,N,1.0,0.0
2026-09-27T03:00:15,mobilenet_v3_small_batch5_node_3_upload,d5ee564c-8670-4904-a0e0-0db13c991779,5b0fa12a-3dd7-45bb-9766-cc326314d9f1,4.509441640926525,2.4166407417190027e-05,5.359068670023794e-06,116.10311034240002,138.76695277660042,6.0,4.641850266510672e-05,5.529115534841367e-05,5.5199500638991594e-09,0.00010171517796358428,0.0,United Kingdom,GBR,england,,,Linux-6.4.0-150600.23.73_15.0.14-cray_shasta_c_64k-aarch64-with-glibc2.38,3.11.7,3.3.0,72,Neoverse-V2,1,1 x NVIDIA GH200 120GB,-2.5917,51.4535,64,machine,29.6,0.0,23.0,197.20245361328125,N,1.0,0.0
2026-09-27T03:00:25,mobilenet_v3_small_batch5_node_4_upload,c2347a95-e330-4421-8cb0-87a1e5e1cb14,5b0fa12a-3dd7-45bb-9766-cc326314d9f1,3.0843082340434194,1.1254461374289136e-06,3.6489418437712153e-07,116.11729428480001,1424.275829922279,6.0,6.823063237268792e-07,4.049169916697792e-06,5.469230236485601e-09,4.736945470661157e-06,0.0,United Kingdom,GBR,england,,,Linux-6.4.0-150600.23.73_15.0.14-cray_shasta_c_64k-aarch64-with-glibc2.38,3.11.7,3.3.0,72,Neoverse-V2,1,1 x NVIDIA GH200 120GB,-2.5917,51.4535,64,machine,0,0,0,0,N,1.0,0.0
2026-09-27T03:01:32,mobilenet_v3_small_batch5_node_5_upload,af3a3541-a4eb-47d8-a85b-79c1ac5a204d,5b0fa12a-3dd7-45bb-9766-cc326314d9f1,6.0869898030068725,5.126023631730195e-05,8.421278493349905e-06,116.04333234240003,141.3355823465178,6.0,9.733062778805187e-05,0.00011841565029158119,5.445768280575673e-09,0.00021575172384791363,0.0,United Kingdom,GBR,england,,,Linux-6.4.0-150600.23.73_15.0.14-cray_shasta_c_64k-aarch64-with-glibc2.38,3.11.7,3.3.0,72,Neoverse-V2,1,1 x NVIDIA GH200 120GB,-2.5917,51.4535,64,machine,0.0,0.0,23.100000000000005,197.79280598958334,N,1.0,0.0
2026-09-27T03:01:39,mobilenet_v3_small_batch5_node_0_exchange,dde16abc-d558-4081-9729-cc3c84d0a33e,5b0fa12a-3dd7-45bb-9766-cc326314d9f1,4.617281764978543,2.6113837293213704e-05,5.655673320888412e-06,116.83676661120003,71.61324789949306,6.0,5.051989355807117e-05,5.9283102984863945e-05,1.0881458137494823e-07,0.00010991181112431006,0.0,United Kingdom,GBR,england,,,Linux-6.4.0-150600.23.73_15.0.14-cray_shasta_c_64k-aarch64-with-glibc2.38,3.11.7,3.3.0,72,Neoverse-V2,1,1 x NVIDIA GH200 120GB,-2.5917,51.4535,64,machine,0.0,0.0,23.1,197.82794189453125,N,1.0,0.0
2026-09-27T03:01:45,mobilenet_v3_small_batch5_node_1_exchange,812b70cd-92df-493a-964a-9426e9171be2,5b0fa12a-3dd7-45bb-9766-cc326314d9f1,3.125200573122129,1.6004738857837088e-06,5.121187739271428e-07,117.694066464,119.04702543032849,6.0,2.5945156523778643e-06,4.034725449741927e-06,1.0707196701938908e-07,6.73631306913918e-06,0.0,United Kingdom,GBR,england,,,Linux-6.4.0-150600.23.73_15.0.14-cray_shasta_c_64k-aarch64-with-glibc2.38,3.11.7,3.3.0,72,Neoverse-V2,1,1 x NVIDIA GH200 120GB,-2.5917,51.4535,64,machine,0,0,0,0,N,1.0,0.0
2026-09-27T03:01:55,mobilenet_v3_small_batch5_node_2_exchange,e0c44410-1919-4f12-9c75-0925e711fb09,5b0fa12a-3dd7-45bb-9766-cc326314d9f1,6.142707760212943,5.286601985360352e-05,8.60630554427855e-06,118.02287021760003,72.98223636586813,6.0,9.997815801272119e-05,0.00012241815348090768,1.1407347201990585e-07,0.00022251038496564875,0.0,United Kingdom,GBR,england,,,Linux-6.4.0-150600.23.73_15.0.14-cray_shasta_c_64k-aarch64-with-glibc2.38,3.11.7,3.3.0,72,Neoverse-V2,1,1 x NVIDIA GH200 120GB,-2.5917,51.4535,64,machine,0.0,0.0,23.100000000000005,198.08001708984375,N,1.0,0.0
2026-09-27T03:02:21,mobilenet_v3_small_batch5_node_3_exchange,a9623b1d-5da2-4ee6-bb6f-33b4db8c61fe,5b0fa12a-3dd7-45bb-9766-cc326314d9f1,3.1319305170327425,1.6205586840388253e-06,5.174312377702992e-07,116.87825416320003,122.9022363193707,6.0,2.6536085521380172e-06,4.0561143634931796e-06,1.1112604639492929e-07,6.820848962026126e-06,0.0,United Kingdom,GBR,england,,,Linux-6.4.0-150600.23.73_15.0.14-cray_shasta_c_64k-aarch64-with-glibc2.38,3.11.7,3.3.0,72,Neoverse-V2,1,1 x NVIDIA GH200 120GB,-2.5917,51.4535,64,machine,0,0,0,0,N,1.0,0.0
2026-09-27T03:02:35,mobilenet_v3_small_batch5_node_4_exchange,53623212-79e1-4b20-8a00-0cfebb725b41,5b0fa12a-3dd7-45bb-9766-cc326314d9f1,8.547712905099615,9.376690227105602e-05,1.0969823543688994e-05,116.74852464960003,72.03119855966645,6.0,0.00017734644924739828,0.00021720656265244997,1.0710397696432968e-07,0.00039466011587681256,0.0,United Kingdom,GBR,england,,,Linux-6.4.0-150600.23.73_15.0.14-cray_shasta_c_64k-aarch64-with-glibc2.38,3.11.7,3.3.0,72,Neoverse-V2,1,1 x NVIDIA GH200 120GB,-2.5917,51.4535,64,machine,0.0,0.0,23.2,198.48729248046874,N,1.0,0.0
2026-09-27T03:02:41,mobilenet_v3_small_batch5_node_5_exchange,84210924-29fe-4c8a-a7e3-72a2743eb153,5b0fa12a-3dd7-45bb-9766-cc326314d9f1,5.1326770801097155,3.573101678494945e-05,6.961477651382983e-06,116.55830943360002,191.58855962490048,6.0,6.721763974017018e-05,8.306784422984492e-05,1.0454580808679261e-07,0.0001503900297781019,0.0,United Kingdom,GBR,england,,,Linux-6.4.0-150600.23.73_15.0.14-cray_shasta_c_64k-aarch64-with-glibc2.38,3.11.7,3.3.0,72,Neoverse-V2,1,1 x NVIDIA GH200 120GB,-2.5917,51.4535,64,machine,35.9,0.0,23.2,198.55999755859375,N,1.0,0.0
2026-09-27T03:03:04,mobilenet_v3_small_batch5_node_0_evaluate,90aae156-33ed-4831-82e5-33a6d1f09dfd,5b0fa12a-3dd7-45bb-9766-cc326314d9f1,7.033742270898074,6.987177772960261e-05,9.933798401840124e-06,116.72415924480003,71.77811808112304,6.0,0.00012985018455602867,0.00015762345944381195,6.613109720249971e-06,0.0002940867537200906,0.0,United Kingdom,GBR,england,,,Linux-6.4.0-150600.23.73_15.0.14-cray_shasta_c_64k-aarch64-with-glibc2.38,3.11.7,3.3.0,72,Neoverse-V2,1,1 x NVIDIA GH200 120GB,-2.5917,51.4535,64,machine,0.0,0.6666666666666666,23.266666666666666,199.056396484375,N,1.0,0.0
2026-09-27T03:03:16,mobilenet_v3_small_batch5_node_1_evaluate,8e6bac54-7993-40ba-9792-bc58e0dec473,5b0fa12a-3dd7-45bb-9766-cc326314d9f1,8.09203292382881,8.937572720685149e-05,1.104490404922409e-05,116.98303104576001,149.82833894628683,6.0,0.00016449395840212457,0.0002049965528811981,6.687372401744748e-06,0.00037617788368506745,0.0,United Kingdom,GBR,england,,,Linux-6.4.0-150600.23.73_15.0.14-cray_shasta_c_64k-aarch64-with-glibc2.38,3.11.7,3.3.0,72,Neoverse-V2,1,1 x NVIDIA GH200 120GB,-2.5917,51.4535,64,machine,28.82,0.8,23.220000000000002,199.048974609375,N,1.0,0.0
2026-09-27T03:04:07,mobilenet_v3_small_batch5_node_2_evaluate,e2b2b8ab-c915-47d2-8292-118be153ebaa,5b0fa12a-3dd7-45bb-9766-cc326314d9f1,12.011639924021438,0.00015499087804090713,1.2903390296519723e-05,117.10514868480001,142.66925314311285,6.0,0.00029116359359250397,0.00035474417266811997,6.440945341795062e-06,0.000652348711602419,0.0,United Kingdom,GBR,england,,,Linux-6.4.0-150600.23.73_15.0.14-cray_shasta_c_64k-aarch64-with-glibc2.38,3.11.7,3.3.0,72,Neoverse-V2,1,1 x NVIDIA GH200 120GB,-2.5917,51.4535,64,machine,0.0,0.375,23.2125,199.02361297607422,N,1.0,0.0
2026-09-27T03:04:15,mobilenet_v3_small_batch5_node_3_evaluate,c46e058b-0e23-443c-a176-d3077c35ca06,5b0fa12a-3dd7-45bb-9766-cc326314d9f1,7.035576588008553,7.076190250934328e-05,1.005772613291567e-05,116.74127953440002,73.1757270798226,6.0,0.0001299411579227481,0.00016127485123718088,6.617234421816345e-06,0.00029783324358174533,0.0,United Kingdom,GBR,england,,,Linux-6.4.0-150600.23.73_15.0.14-cray_shasta_c_64k-aarch64-with-glibc2.38,3.11.7,3.3.0,72,Neoverse-V2,1,1 x NVIDIA GH200 120GB,-2.5917,51.4535,64,machine,0.0,0.6666666666666666,23.2,198.8097127278646,N,1.0,0.0
2026-09-27T03:04:25,mobilenet_v3_small_batch5_node_4_evaluate,550019cd-d98e-47a8-b1f6-73b769ab3e95,5b0fa12a-3dd7-45bb-9766-cc326314d9f1,8.51759117282927,9.640030702276507e-05,1.1317789861795395e-05,117.03081871296001,144.50145963931615,6.0,0.00017838005405067134,0.00022075489883377486,6.609029466441522e-06,0.0004057439823508877,0.0,United Kingdom,GBR,england,,,Linux-6.4.0-150600.23.73_15.0.14-cray_shasta_c_64k-aarch64-with-glibc2.38,3.11.7,3.3.0,72,Neoverse-V2,1,1 x NVIDIA GH200 120GB,-2.5917,51.4535,64,machine,7.58,0.8,23.2,198.9736572265625,N,1.0,0.0
2026-09-27T03:05:52,mobilenet_v3_small_batch5_node_5_evaluate,504b973e-f605-4175-8132-6defbc1668f0,5b0fa12a-3dd7-45bb-9766-cc326314d9f1,8.102628399152309,8.843788161857081e-05,1.0914715233370831e-05,117.00714955392002,140.58152896741757,6.0,0.0001646969609349588,0.00020088071626389592,6.6528621719529235e-06,0.00037223053937080765,0.0,United Kingdom,GBR,england,,,Linux-6.4.0-150600.23.73_15.0.14-cray_shasta_c_64k-aarch64-with-glibc2.38,3.11.7,3.3.0,72,Neoverse-V2,1,1 x NVIDIA GH200 120GB,-2.5917,51.4535,64,machine,25.259999999999998,0.8,23.3,199.6372802734375,N,1.0,0.0
2026-09-27T03:06:12,efficientnet_lite0_batch5_node_0_local_train,64ad283e-5400-43d6-a511-b8c33d3bb432,5b0fa12a-3dd7-45bb-9766-cc326314d9f1,11.153419034089893,0.0001479081225573141,1.3261236048357905e-05,117.62490620160003,157.02435522396433,6.0,0.0002644383265622113,0.0003516091701669666,6.490257785189897e-06,0.0006225377545143677,0.0,United Kingdom,GBR,england,,,Linux-6.4.0-150600.23.73_15.0.14-cray_shasta_c_64k-aarch64-with-glibc2.38,3.11.7,3.3.0,72,Neoverse-V2,1,1 x NVIDIA GH200 120GB,-2.5917,51.4535,64,machine,0.0,6.25,23.549999999999997,201.49446868896484,N,1.0,0.0
2026-09-27T03:06:38,efficientnet_lite0_batch5_node_0_evaluate,f0d3865b-8d79-4e6c-a7d9-9d9b754d7d32,5b0fa12a-3dd7-45bb-9766-cc326314d9f1,14.078247657045722,0.0001929416389101166,1.3704947065166548e-05,118.35017484912002,146.94293717462187,6.0,0.00036037001370637007,0.0004451970228274149,6.514494640287012e-06,0.000812081531174072,0.0,United Kingdom,GBR,england,,,Linux-6.4.0-150600.23.73_15.0.14-cray_shasta_c_64k-aarch64-with-glibc2.38,3.11.7,3.3.0,72,Neoverse-V2,1,1 x NVIDIA GH200 120GB,-2.5917,51.4535,64,machine,0.0,1.4545454545454546,23.64545454545454,202.51059237393466,N,1.0,0.0
2026-09-27T03:07:36,efficientnet_lite0_batch5_node_1_local_train,30d82495-c99d-4faa-aa71-2edb7671d890,5b0fa12a-3dd7-45bb-9766-cc326314d9f1,7.835586913162842,9.352364077305788e-05,1.1935754374180883e-05,116.97875377920002,86.47846471505487,6.0,0.0001566961765972114,0.00022899073874782516,7.94932527661634e-06,0.00039363624062165286,0.0,United Kingdom,GBR,england,,,Linux-6.4.0-150600.23.73_15.0.14-cray_shasta_c_64k-aarch64-with-glibc2.38,3.11.7,3.3.0,72,Neoverse-V2,1,1 x NVIDIA GH200 120GB,-2.5917,51.4535,64,machine,0.0,9.0,23.9,204.82766723632812,N,1.0,0.0
2026-09-27T03:08:29,efficientnet_lite0_batch5_node_1_evaluate,c7758345-a1fc-4e96-9001-276b3378168d,5b0fa12a-3dd7-45bb-9766-cc326314d9f1,17.04875299008563,0.00024404917599455967,1.4314781622824948e-05,118.14304551709093,147.781437397908,6.0,0.0004560824743994115,0.000564475729362357,6.63234796646672e-06,0.0010271905517282352,0.0,United Kingdom,GBR,england,,,Linux-6.4.0-150600.23.73_15.0.14-cray_shasta_c_64k-aarch64-with-glibc2.38,3.11.7,3.3.0,72,Neoverse-V2,1,1 x NVIDIA GH200 120GB,-2.5917,51.4535,64,machine,9.407692307692308,0.9230769230769231,24.0,205.7555166391226,N,1.0,0.0
2026-09-27T03:09:00,efficientnet_lite0_batch5_node_2_local_train,abac7dc4-87a8-4f27-b1d4-7fa5095efab5,5b0fa12a-3dd7-45bb-9766-cc326314d9f1,11.335136106936261,0.00014765601648325966,1.3026399955877472e-05,116.98173203040002,158.78769408487233,6.0,0.00026852939967900885,0.00034873972343518744,4.207529774866998e-06,0.0006214766528890633,0.0,United Kingdom,GBR,england,,,Linux-6.4.0-150600.23.73_15.0.14-cray_shasta_c_64k-aarch64-with-glibc2.38,3.11.7,3.3.0,72,Neoverse-V2,1,1 x NVIDIA GH200 120GB,-2.5917,51.4535,64,machine,0.0,4.75,24.0,205.7561492919922,N,1.0,0.0
2026-09-27T03:11:03,efficientnet_lite0_batch5_node_2_evaluate,3f528cf5-3348-4a48-be1b-35568c477622,5b0fa12a-3dd7-45bb-9766-cc326314d9f1,7.897207603091374,8.710517694769197e-05,1.1029870471379595e-05,117.76753048320002,145.71514194253712,6.0,0.00015981073079326355,0.00020043266033553664,6.3778621602493025e-06,0.0003666212532890495,0.0,United Kingdom,GBR,england,,,Linux-6.4.0-150600.23.73_15.0.14-cray_shasta_c_64k-aarch64-with-glibc2.38,3.11.7,3.3.0,72,Neoverse-V2,1,1 x NVIDIA GH200 120GB,-2.5917,51.4535,64,machine,0.0,3.0,24.075000000000003,206.06910705566406,N,1.0,0.0
2026-09-27T03:14:01,efficientnet_lite0_batch5_node_3_local_train,e715ee21-13a1-4de8-9e0f-b0b69b48da6a,5b0fa12a-3dd7-45bb-9766-cc326314d9f1,20.386009887093678,0.0003060004291816423,1.5010314959935845e-05,117.29860270354287,162.15900799390437,6.0,0.0005611471945644181,0.0007196033534597746,7.189673036724951e-06,0.0012879402210609174,0.0,United Kingdom,GBR,england,,,Linux-6.4.0-150600.23.73_15.0.14-cray_shasta_c_64k-aarch64-with-glibc2.38,3.11.7,3.3.0,72,Neoverse-V2,1,1 x NVIDIA GH200 120GB,-2.5917,51.4535,64,machine,4.9411764705882355,3.176470588235294,24.076470588235296,206.1388262580423,N,1.0,0.0
2026-09-27T03:14:23,efficientnet_lite0_batch5_node_3_evaluate,3eb15c93-4452-4cad-86aa-b4942996cf55,5b0fa12a-3dd7-45bb-9766-cc326314d9f1,15.42436542804353,0.00021643337082954026,1.4031914106238423e-05,117.99325435392001,147.18909082619294,6.0,0.00040304813473407745,0.0005013112343732473,6.597665223137786e-06,0.0009109570343304625,0.0,United Kingdom,GBR,england,,,Linux-6.4.0-150600.23.73_15.0.14-cray_shasta_c_64k-aarch64-with-glibc2.38,3.11.7,3.3.0,72,Neoverse-V2,1,1 x NVIDIA GH200 120GB,-2.5917,51.4535,64,machine,10.083333333333334,1.0,24.03333333333333,205.92640686035156,N,1.0,0.0
2026-09-27T03:15:05,efficientnet_lite0_batch5_node_4_local_train,21e2c28c-9662-426b-81d2-c32ef921007a,5b0fa12a-3dd7-45bb-9766-cc326314d9f1,7.99327113898471,9.33585781351633e-05,1.1679646106315059e-05,117.2211532128,155.1390848561544,6.0,0.000161622361820667,0.0002247896242835168,6.529514281622445e-06,0.0003929415003858062,0.0,United Kingdom,GBR,england,,,Linux-6.4.0-150600.23.73_15.0.14-cray_shasta_c_64k-aarch64-with-glibc2.38,3.11.7,3.3.0,72,Neoverse-V2,1,1 x NVIDIA GH200 120GB,-2.5917,51.4535,64,machine,0.0,4.5,24.075000000000003,206.0655517578125,N,1.0,0.0
2026-09-27T03:15:13,efficientnet_lite0_batch5_node_4_evaluate,76d5e447-5ee2-4f45-b726-5914acadfb03,5b0fa12a-3dd7-45bb-9766-cc326314d9f1,6.987742229830474,7.259249206702993e-05,1.0388547499238687e-05,117.390759696,77.68326305796433,6.0,0.0001299431296885166,0.00016906069080846464,6.5342812965779265e-06,0.0003055381017935592,0.0,United Kingdom,GBR,england,,,Linux-6.4.0-150600.23.73_15.0.14-cray_shasta_c_64k-aarch64-with-glibc2.38,3.11.7,3.3.0,72,Neoverse-V2,1,1 x NVIDIA GH200 120GB,-2.5917,51.4535,64,machine,0.0,4.0,24.100000000000005,206.140625,N,1.0,0.0
2026-09-27T03:15:22,efficientnet_lite0_batch5_node_5_local_train,f45cf94f-f026-4143-963a-3bbe45569bd1,5b0fa12a-3dd7-45bb-9766-cc326314d9f1,8.556728582130745,0.00010523273400919228,1.2298243773789054e-05,117.68237307072002,161.9455416574581,6.0,0.0001809981387826403,0.00025443770354627304,7.483375350323816e-06,0.00044291921767923716,0.0,United Kingdom,GBR,england,,,Linux-6.4.0-150600.23.73_15.0.14-cray_shasta_c_64k-aarch64-with-glibc2.38,3.11.7,3.3.0,72,Neoverse-V2,1,1 x NVIDIA GH200 120GB,-2.5917,51.4535,64,machine,0.0,10.0,24.1,206.3687744140625,N,1.0,0.0
2026-09-27T03:15:41,efficientnet_lite0_batch5_node_5_evaluate,4932f75f-79b2-4435-8532-2c1663a5570e,5b0fa12a-3dd7-45bb-9766-cc326314d9f1,6.992801511893049,7.282235354693897e-05,1.0413902557234882e-05,117.3287660544,739.4593316026528,6.0,0.00013003849887550698,0.00016991458038262408,6.5524977969471366e-06,0.0003065055770550782,0.0,United Kingdom,GBR,england,,,Linux-6.4.0-150600.23.73_15.0.14-cray_shasta_c_64k-aarch64-with-glibc2.38,3.11.7,3.3.0,72,Neoverse-V2,1,1 x NVIDIA GH200 120GB,-2.5917,51.4535,64,machine,0.0,4.0,24.100000000000005,206.43428548177084,N,1.0,0.0
2026-09-27T03:16:07,efficientnet_lite0_batch5_node_0_upload,804e6732-d6a0-4b32-9f1f-b73df52a5eb0,5b0fa12a-3dd7-45bb-9766-cc326314d9f1,4.460508631076664,2.3778621608993962e-05,5.33092155529679e-06,116.167108896,144.1822135709476,6.0,4.4775156971644874e-05,5.5301988680867e-05,5.861595273017884e-09,0.00010008300724778489,0.0,United Kingdom,GBR,england,,,Linux-6.4.0-150600.23.73_15.0.14-cray_shasta_c_64k-aarch64-with-glibc2.38,3.11.7,3.3.0,72,Neoverse-V2,1,1 x NVIDIA GH200 120GB,-2.5917,51.4535,64,machine,0.0,0.0,24.2,206.96160888671875,N,1.0,0.0
2026-09-27T03:16:24,efficientnet_lite0_batch5_node_1_upload,ca8a1b81-7f81-44f0-9860-4e86cd7f874b,5b0fa12a-3dd7-45bb-9766-cc326314d9f1,6.091690003173426,5.1298612969424495e-05,8.421080675920938e-06,116.0915609088,141.29572689521922,6.0,9.743604359216667e-05,0.00011846453921293687,1.2666416975359121e-08,0.00021591324922207888,0.0,United Kingdom,GBR,england,,,Linux-6.4.0-150600.23.73_15.0.14-cray_shasta_c_64k-aarch64-with-glibc2.38,3.11.7,3.3.0,72,Neoverse-V2,1,1 x NVIDIA GH200 120GB,-2.5917,51.4535,64,machine,0.0,0.0,24.100000000000005,206.72625732421875,N,1.0,0.0
2026-09-27T03:16:31,efficientnet_lite0_batch5_node_2_upload,3f692e73-9a70-4f11-9652-728a5bb716e0,5b0fa12a-3dd7-45bb-9766-cc326314d9f1,4.08943135314621,1.719460197102531e-05,4.2046437477906594e-06,116.11729428480001,140.44423565039313,6.0,3.284644194066265e-05,3.951947606140038e-05,5.2859300437072915e-09,7.237120393210675e-05,0.0,United Kingdom,GBR,england,,,Linux-6.4.0-150600.23.73_15.0.14-cray_shasta_c_64k-aarch64-with-glibc2.38,3.11.7,3.3.0,72,Neoverse-V2,1,1 x NVIDIA GH200 120GB,-2.5917,51.4535,64,machine,0.0,0.0,24.1,206.616943359375,N,1.0,0.0
2026-09-27T03:16:35,efficientnet_lite0_batch5_node_3_upload,9a4c1241-8a12-4a6f-9584-dadb0ff7645c,5b0fa12a-3dd7-45bb-9766-cc326314d9f1,3.0847511528991163,1.2711953360329966e-07,4.1209007567378635e-08,116.1462593664,0.0,6.0,5.296295558251908e-07,0.0,5.410086596384645e-09,5.350396424215754e-07,0.0,United Kingdom,GBR,england,,,Linux-6.4.0-150600.23.73_15.0.14-cray_shasta_c_64k-aarch64-with-glibc2.38,3.11.7,3.3.0,72,Neoverse-V2,1,1 x NVIDIA GH200 120GB,-2.5917,51.4535,64,machine,0,0,0,0,N,1.0,0.0
2026-09-27T03:16:43,efficientnet_lite0_batch5_node_4_upload,f30626ec-93bb-4658-a3f6-608c0e710f24,5b0fa12a-3dd7-45bb-9766-cc326314d9f1,4.481185594107956,2.3998722864489176e-05,5.355440510217579e-06,116.0084883456,140.69797240929225,6.0,4.5737035494674446e-05,5.5266988638891235e-05,5.378088292976221e-09,0.00010100940222185865,0.0,United Kingdom,GBR,england,,,Linux-6.4.0-150600.23.73_15.0.14-cray_shasta_c_64k-aarch64-with-glibc2.38,3.11.7,3.3.0,72,Neoverse-V2,1,1 x NVIDIA GH200 120GB,-2.5917,51.4535,64,machine,38.7,0.0,24.1,206.211669921875,N,1.0,0.0
2026-09-27T03:16:48,efficientnet_lite0_batch5_node_5_upload,254490b7-8201-405e-9e38-d6ac2f84e520,5b0fa12a-3dd7-45bb-9766-cc326314d9f1,3.0928787318989635,2.1299686187917773e-07,6.886686493149444e-08,116.0611494912,0.0,6.0,8.680716631364616e-07,0.0,2.8421280051892e-08,8.964929431883536e-07,0.0,United Kingdom,GBR,england,,,Linux-6.4.0-150600.23.73_15.0.14-cray_shasta_c_64k-aarch64-with-glibc2.38,3.11.7,3.3.0,72,Neoverse-V2,1,1 x NVIDIA GH200 120GB,-2.5917,51.4535,64,machine,0,0,0,0,N,1.0,0.0
2026-09-27T03:17:51,mobilevit_xxs_batch5_node_0_local_train,abf67caa-a4f2-4c72-9789-1194d789bbd2,5b0fa12a-3dd7-45bb-9766-cc326314d9f1,9.135023711016402,0.0001143673172770103,1.2519651934683955e-05,117.14043792548574,80.79022116208543,6.0,0.00019913206496004204,0.00027212382882169095,1.011031962465495e-05,0.00048136621340638794,0.0,United Kingdom,GBR,england,,,Linux-6.4.0-150600.23.73_15.0.14-cray_shasta_c_64k-aarch64-with-glibc2.38,3.11.7,3.3.0,72,Neoverse-V2,1,1 x NVIDIA GH200 120GB,-2.5917,51.4535,64,machine,0.0,14.0,24.383333333333336,208.6202596028646,N,1.0,0.0
2026-09-27T03:18:09,mobilevit_xxs_batch5_node_0_evaluate,03e48622-32e4-412e-9b04-868f69d02823,5b0fa12a-3dd7-45bb-9766-cc326314d9f1,13.08671390102245,0.00017499177687499364,1.3371712578000329e-05,117.03031615378288,146.0766124693867,6.0,0.00032548674912765937,0.00040436754572681366,6.677181244983028e-06,0.000736531476099456,0.0,United Kingdom,GBR,england,,,Linux-6.4.0-150600.23.73_15.0.14-cray_shasta_c_64k-aarch64-with-glibc2.38,3.11.7,3.3.0,72,Neoverse-V2,1,1 x NVIDIA GH200 120GB,-2.5917,51.4535,64,machine,0.0,1.6,22.419999999999995,191.8090393066406,N,1.0,0.0
2026-09-27T03:19:13,mobilevit_xxs_batch5_node_1_local_train,fefce97b-5166-4b85-a1ed-15a7a4b6f613,5b0fa12a-3dd7-45bb-9766-cc326314d9f1,15.042612129822373,0.00021732323716993883,1.4447174153954938e-05,116.36392322736,152.25421355272812,6.0,0.00038800360261453113,0.0005141656891112234,1.2533144708334779e-05,0.0009147024364340893,0.0,United Kingdom,GBR,england,,,Linux-6.4.0-150600.23.73_15.0.14-cray_shasta_c_64k-aarch64-with-glibc2.38,3.11.7,3.3.0,72,Neoverse-V2,1,1 x NVIDIA GH200 120GB,-2.5917,51.4535,64,machine,0.0,3.0,22.190909090909084,189.77005837180397,N,1.0,0.0
2026-09-27T03:19:25,mobilevit_xxs_batch5_node_1_evaluate,8cf69cc0-d7e0-4e58-b1c9-2bc4d04ec00e,5b0fa12a-3dd7-45bb-9766-cc326314d9f1,7.094774605939165,7.372658375528581e-05,1.0391673851565058e-05,116.63377558272,827.5659758887334,6.0,0.0001321511836447991,0.00017145791493078377,6.702337371728693e-06,0.0003103114359473116,0.0,United Kingdom,GBR,england,,,Linux-6.4.0-150600.23.73_15.0.14-cray_shasta_c_64k-aarch64-with-glibc2.38,3.11.7,3.3.0,72,Neoverse-V2,1,1 x NVIDIA GH200 120GB,-2.5917,51.4535,64,machine,0.0,4.0,22.1,189.68914794921875,N,1.0,0.0
2026-09-27T03:19:42,mobilevit_xxs_batch5_node_2_local_train,3e73ca26-70c2-45b1-abfd-5205931d34cd,5b0fa12a-3dd7-45bb-9766-cc326314d9f1,13.828853022074327,0.00019051733755464368,1.377679965580154e-05,116.31770925037716,152.1365566715976,6.0,0.00034790497768629397,0.000447335635641366,6.63715691693748e-06,0.0008018777702445975,0.0,United Kingdom,GBR,england,,,Linux-6.4.0-150600.23.73_15.0.14-cray_shasta_c_64k-aarch64-with-glibc2.38,3.11.7,3.3.0,72,Neoverse-V2,1,1 x NVIDIA GH200 120GB,-2.5917,51.4535,64,machine,9.02,4.3,22.139999999999993,189.70587768554688,N,1.0,0.0
2026-09-27T03:20:05,mobilevit_xxs_batch5_node_2_evaluate,ac40b919-71c6-49cc-be39-6acc077aeb5d,5b0fa12a-3dd7-45bb-9766-cc326314d9f1,12.162914593005553,0.00015912188125969686,1.3082545309592326e-05,116.88814876032001,146.31527787947311,6.0,0.0002951681883189617,0.0003680786278010828,6.489077627969286e-06,0.0006697358937480138,0.0,United Kingdom,GBR,england,,,Linux-6.4.0-150600.23.73_15.0.14-cray_shasta_c_64k-aarch64-with-glibc2.38,3.11.7,3.3.0,72,Neoverse-V2,1,1 x NVIDIA GH200 120GB,-2.5917,51.4535,64,machine,12.399999999999999,1.7777777777777777,22.199999999999996,189.77574327256946,N,1.0,0.0
2026-09-27T03:20:22,mobilevit_xxs_batch5_node_3_local_train,ce11872a-36ce-4db5-96cd-19d121a21a86,5b0fa12a-3dd7-45bb-9766-cc326314d9f1,9.844602757133543,0.00012769538850029123,1.2971106265081268e-05,116.29635438445717,81.09041315164676,6.0,0.00022086678779611346,0.0003052966331154039,1.1299965441770231e-05,0.0005374633863532875,0.0,United Kingdom,GBR,england,,,Linux-6.4.0-150600.23.73_15.0.14-cray_shasta_c_64k-aarch64-with-glibc2.38,3.11.7,3.3.0,72,Neoverse-V2,1,1 x NVIDIA GH200 120GB,-2.5917,51.4535,64,machine,0.0,13.833333333333334,22.183333333333334,189.75244140625,N,1.0,0.0
2026-09-27T03:20:31,mobilevit_xxs_batch5_node_3_evaluate,e08a9799-b0d6-4968-a2b9-c5001a893460,5b0fa12a-3dd7-45bb-9766-cc326314d9f1,8.056669858982787,8.974724363534681e-05,1.1139496244255694e-05,117.002364696,146.1046969084976,6.0,0.00016368173815311274,0.0002074190548171373,6.640784440096467e-06,0.0003777415774103465,0.0,United Kingdom,GBR,england,,,Linux-6.4.0-150600.23.73_15.0.14-cray_shasta_c_64k-aarch64-with-glibc2.38,3.11.7,3.3.0,72,Neoverse-V2,1,1 x NVIDIA GH200 120GB,-2.5917,51.4535,64,machine,0.0,3.0,22.2,189.75379943847656,N,1.0,0.0
2026-09-27T03:21:27,mobilevit_xxs_batch5_node_4_local_train,4ef05919-8838-4f10-a59a-87cda2970ccd,5b0fa12a-3dd7-45bb-9766-cc326314d9f1,54.22965938784182,0.0008963827493001909,1.652938188103682e-05,115.90082911756801,117.41378086719317,6.0,0.0016457336290731706,0.0020493477505851843,7.774795713834464e-05,0.003772829336796699,0.0,United Kingdom,GBR,england,,,Linux-6.4.0-150600.23.73_15.0.14-cray_shasta_c_64k-aarch64-with-glibc2.38,3.11.7,3.3.0,72,Neoverse-V2,1,1 x NVIDIA GH200 120GB,-2.5917,51.4535,64,machine,4.013725490196078,1.1568627450980393,22.158823529411773,189.71434828814338,N,1.0,0.0
2026-09-27T03:21:40,mobilevit_xxs_batch5_node_4_evaluate,ee42e1c6-1130-411f-af53-7ff0eda90d90,5b0fa12a-3dd7-45bb-9766-cc326314d9f1,7.044841035967693,7.238357326046376e-05,1.0274692202550318e-05,116.516032272,75.88871294718332,6.0,0.00013048284158961244,0.00016754707847610462,6.628853111760691e-06,0.00030465877317747774,0.0,United Kingdom,GBR,england,,,Linux-6.4.0-150600.23.73_15.0.14-cray_shasta_c_64k-aarch64-with-glibc2.38,3.11.7,3.3.0,72,Neoverse-V2,1,1 x NVIDIA GH200 120GB,-2.5917,51.4535,64,machine,33.8,2.6666666666666665,22.100000000000005,189.5184326171875,N,1.0,0.0
2026-09-27T03:21:51,mobilevit_xxs_batch5_node_5_local_train,450762ff-1874-499a-800a-466e775d231d,5b0fa12a-3dd7-45bb-9766-cc326314d9f1,10.159609348978847,0.00013308831807341137,1.3099747588896044e-05,116.40683267280002,624.9905533334228,6.0,0.0002316029615403192,0.00031673025337397576,1.1828737336909398e-05,0.0005601619522512043,0.0,United Kingdom,GBR,england,,,Linux-6.4.0-150600.23.73_15.0.14-cray_shasta_c_64k-aarch64-with-glibc2.38,3.11.7,3.3.0,72,Neoverse-V2,1,1 x NVIDIA GH200 120GB,-2.5917,51.4535,64,machine,0.0,6.857142857142857,22.099999999999998,189.4515642438616,N,1.0,0.0
2026-09-27T03:22:01,mobilevit_xxs_batch5_node_5_evaluate,826d5b03-b79b-42da-9e13-0f5df574338b,5b0fa12a-3dd7-45bb-9766-cc326314d9f1,8.050784185063094,8.945196421948806e-05,1.1110962878057454e-05,117.06929480160001,145.59908312410613,6.0,0.00016359193330440965,0.00020626322056216395,6.643607521740099e-06,0.0003764987613883137,0.0,United Kingdom,GBR,england,,,Linux-6.4.0-150600.23.73_15.0.14-cray_shasta_c_64k-aarch64-with-glibc2.38,3.11.7,3.3.0,72,Neoverse-V2,1,1 x NVIDIA GH200 120GB,-2.5917,51.4535,64,machine,0.0,1.75,22.35,191.4170379638672,N,1.0,0.0
2026-09-27T03:22:10,mobilevit_xxs_batch5_node_3_upload,c68957fe-d2d3-4936-aa2b-46e1851530f5,5b0fa12a-3dd7-45bb-9766-cc326314d9f1,4.07640039594844,1.7149688423254422e-05,4.207066715109636e-06,115.77619226880002,140.37280927386968,6.0,3.272447028957948e-05,3.945225378743089e-05,5.441020087649425e-09,7.218216509709803e-05,0.0,United Kingdom,GBR,england,,,Linux-6.4.0-150600.23.73_15.0.14-cray_shasta_c_64k-aarch64-with-glibc2.38,3.11.7,3.3.0,72,Neoverse-V2,1,1 x NVIDIA GH200 120GB,-2.5917,51.4535,64,machine,0.0,0.0,22.6,193.64361572265625,N,1.0,0.0
2026-09-27T03:22:14,mobilevit_xxs_batch5_node_4_upload,ceeff1bc-9f3f-431f-a923-bd743c9b9696,5b0fa12a-3dd7-45bb-9766-cc326314d9f1,3.0780891578178853,1.0000796697116662e-07,3.2490276221259336e-08,115.5260030976,0.0,6.0,4.1541979435459943e-07,0.0,5.508644971996546e-09,4.20928439326596e-07,0.0,United Kingdom,GBR,england,,,Linux-6.4.0-150600.23.73_15.0.14-cray_shasta_c_64k-aarch64-with-glibc2.38,3.11.7,3.3.0,72,Neoverse-V2,1,1 x NVIDIA GH200 120GB,-2.5917,51.4535,64,machine,0,0,0,0,N,1.0,0.0
2026-09-27T03:22:22,mobilevit_xxs_batch5_node_5_upload,a93f0379-281c-4ed4-888b-e8be101d0cec,5b0fa12a-3dd7-45bb-9766-cc326314d9f1,3.0737263050395995,1.2577025152049212e-07,4.0917843372808624e-08,115.5556224,0.0,6.0,5.190971395537332e-07,0.0,1.026344330360492e-08,5.293605828573382e-07,0.0,United Kingdom,GBR,england,,,Linux-6.4.0-150600.23.73_15.0.14-cray_shasta_c_64k-aarch64-with-glibc2.38,3.11.7,3.3.0,72,Neoverse-V2,1,1 x NVIDIA GH200 120GB,-2.5917,51.4535,64,machine,0,0,0,0,N,1.0,0.0
2026-09-27T03:23:13,mobilevit_xxs_batch5_node_0_exchange,d0fb5666-6dbd-4716-8a9b-5e2234dd640d,5b0fa12a-3dd7-45bb-9766-cc326314d9f1,9.6558953828644,0.00011099365156230202,1.1494910327971677e-05,115.57354393234287,140.8206308694525,6.0,0.00021064661115770101,0.00025649214963152644,2.7865453157573937e-08,0.0004671666262423851,0.0,United Kingdom,GBR,england,,,Linux-6.4.0-150600.23.73_15.0.14-cray_shasta_c_64k-aarch64-with-glibc2.38,3.11.7,3.3.0,72,Neoverse-V2,1,1 x NVIDIA GH200 120GB,-2.5917,51.4535,64,machine,10.616666666666665,0.0,22.8,194.92225138346353,N,1.0,0.0
2026-09-27T03:23:37,mobilevit_xxs_batch5_node_1_exchange,5ae72473-86b9-4a32-a0cf-4bbe2fb4d09e,5b0fa12a-3dd7-45bb-9766-cc326314d9f1,3.100944597972557,1.0858965219332466e-07,3.501824968569969e-08,115.5556224,0.0,6.0,4.5071686705202605e-07,0.0,6.331448288013537e-09,4.570483153400396e-07,0.0,United Kingdom,GBR,england,,,Linux-6.4.0-150600.23.73_15.0.14-cray_shasta_c_64k-aarch64-with-glibc2.38,3.11.7,3.3.0,72,Neoverse-V2,1,1 x NVIDIA GH200 120GB,-2.5917,51.4535,64,machine,0,0,0,0,N,1.0,0.0
2026-09-27T03:23:58,mobilevit_xxs_batch5_node_2_exchange,f61d345c-509c-4a55-8db7-042d2615b51d,5b0fa12a-3dd7-45bb-9766-cc326314d9f1,3.1161078880541027,2.0134642204999022e-07,6.461471466436415e-08,115.57108212480003,0.0,6.0,8.216533485942697e-07,0.0,2.580348673897485e-08,8.474568353332445e-07,0.0,United Kingdom,GBR,england,,,Linux-6.4.0-150600.23.73_15.0.14-cray_shasta_c_64k-aarch64-with-glibc2.38,3.11.7,3.3.0,72,Neoverse-V2,1,1 x NVIDIA GH200 120GB,-2.5917,51.4535,64,machine,0,0,0,0,N,1.0,0.0
2026-09-27T03:24:11,mobilevit_xxs_batch5_node_3_exchange,41aa37e8-5725-4bfc-b670-aee512963f45,5b0fa12a-3dd7-45bb-9766-cc326314d9f1,4.110429261811078,1.716244679197793e-05,4.1753417219534056e-06,115.5633522624,140.2723915726478,6.0,3.26870005459739e-05,3.954280943219146e-05,6.054443074390293e-09,7.223586442123975e-05,0.0,United Kingdom,GBR,england,,,Linux-6.4.0-150600.23.73_15.0.14-cray_shasta_c_64k-aarch64-with-glibc2.38,3.11.7,3.3.0,72,Neoverse-V2,1,1 x NVIDIA GH200 120GB,-2.5917,51.4535,64,machine,0.0,0.0,22.8,194.96337890625,N,1.0,0.0
2026-09-27T03:24:32,mobilevit_xxs_batch5_node_0_evaluate,f46dd592-3745-4785-bb37-da7c5e3687a4,5b0fa12a-3dd7-45bb-9766-cc326314d9f1,7.012455408927053,7.101950562245995e-05,1.0127623133553208e-05,116.50101020640003,74.31510752605193,6.0,0.00012933243226402315,0.00016299957484022798,6.585474860233566e-06,0.0002989174819644847,0.0,United Kingdom,GBR,england,,,Linux-6.4.0-150600.23.73_15.0.14-cray_shasta_c_64k-aarch64-with-glibc2.38,3.11.7,3.3.0,72,Neoverse-V2,1,1 x NVIDIA GH200 120GB,-2.5917,51.4535,64,machine,0.0,4.0,22.8,194.86576334635416,N,1.0,0.0
2026-09-27T03:24:56,mobilevit_xxs_batch5_node_1_evaluate,c0164ea5-8b2d-4b1f-a65d-54834888433f,5b0fa12a-3dd7-45bb-9766-cc326314d9f1,12.312964528100565,0.00016248427235883412,1.3196194303005877e-05,116.91020892672,146.93754413822802,6.0,0.0003004857528103302,0.00037669196802880833,6.710305790184065e-06,0.0006838880266293226,0.0,United Kingdom,GBR,england,,,Linux-6.4.0-150600.23.73_15.0.14-cray_shasta_c_64k-aarch64-with-glibc2.38,3.11.7,3.3.0,72,Neoverse-V2,1,1 x NVIDIA GH200 120GB,-2.5917,51.4535,64,machine,14.733333333333333,1.5555555555555556,22.800000000000004,195.02559407552084,N,1.0,0.0
2026-09-27T03:25:48,mobilevit_xxs_batch5_node_2_evaluate,8b8ccd57-a613-42b5-8e0d-675278fda648,5b0fa12a-3dd7-45bb-9766-cc326314d9f1,6.9248935440555215,6.918332556176184e-05,9.990525503623128e-06,116.49766756320003,74.02016456077196,6.0,0.0001262539511149448,0.0001585054045989409,6.429737896348039e-06,0.0002911890936102338,0.0,United Kingdom,GBR,england,,,Linux-6.4.0-150600.23.73_15.0.14-cray_shasta_c_64k-aarch64-with-glibc2.38,3.11.7,3.3.0,72,Neoverse-V2,1,1 x NVIDIA GH200 120GB,-2.5917,51.4535,64,machine,0.0,3.6666666666666665,22.8,194.9325968424479,N,1.0,0.0
2026-09-27T03:25:56,mobilevit_xxs_batch5_node_3_evaluate,f3311f1c-d27a-417b-be43-3abbe8c882c0,5b0fa12a-3dd7-45bb-9766-cc326314d9f1,7.031040217960253,7.21986828236004e-05,1.0268563482139442e-05,116.54738095680001,76.13950656449448,6.0,0.0001299056188377153,0.00016737485613305125,6.600103774884094e-06,0.00030388057874565066,0.0,United Kingdom,GBR,england,,,Linux-6.4.0-150600.23.73_15.0.14-cray_shasta_c_64k-aarch64-with-glibc2.38,3.11.7,3.3.0,72,Neoverse-V2,1,1 x NVIDIA GH200 120GB,-2.5917,51.4535,64,machine,0.0,4.0,22.8,195.03753662109375,N,1.0,0.0
2026-09-27T03:26:50,mobilenet_v3_small_batch6_node_0_local_train,978ebe0b-7bea-403e-a0db-200dddae9a03,5b0fa12a-3dd7-45bb-9766-cc326314d9f1,8.87235116912052,0.00010420892096476409,1.174535576628826e-05,118.13907666240002,75.58173314264815,6.0,0.00018832143669869563,0.00024064380362176507,9.644800400128589e-06,0.0004386100407205893,0.0,United Kingdom,GBR,england,,,Linux-6.4.0-150600.23.73_15.0.14-cray_shasta_c_64k-aarch64-with-glibc2.38,3.11.7,3.3.0,72,Neoverse-V2,1,1 x NVIDIA GH200 120GB,-2.5917,51.4535,64,machine,0.0,3.2,22.56,193.34881591796875,N,1.0,0.0
2026-09-27T03:27:02,mobilenet_v3_small_batch6_node_0_evaluate,82eee6d6-0f72-4213-b330-fe78adcb8009,5b0fa12a-3dd7-45bb-9766-cc326314d9f1,9.352736726170406,0.00011110832090490642,1.1879765694035643e-05,116.24162245302858,72.58988838384157,6.0,0.00020469412765664519,0.0002525138131233007,1.044132288506565e-05,0.0004676492636650115,0.0,United Kingdom,GBR,england,,,Linux-6.4.0-150600.23.73_15.0.14-cray_shasta_c_64k-aarch64-with-glibc2.38,3.11.7,3.3.0,72,Neoverse-V2,1,1 x NVIDIA GH200 120GB,-2.5917,51.4535,64,machine,0.0,0.5,22.8,195.28512573242188,N,1.0,0.0
2026-09-27T03:27:20,mobilenet_v3_small_batch6_node_1_local_train,dddc059b-86ec-42e6-a0e2-5c8055b2e11b,5b0fa12a-3dd7-45bb-9766-cc326314d9f1,11.57069740910083,0.00015203847907922297,1.3139958094456643e-05,116.49842138160002,146.43830012066468,6.0,0.0002768550097995127,0.00035120194760907,1.1865257337146129e-05,0.0006399222147457288,0.0,United Kingdom,GBR,england,,,Linux-6.4.0-150600.23.73_15.0.14-cray_shasta_c_64k-aarch64-with-glibc2.38,3.11.7,3.3.0,72,Neoverse-V2,1,1 x NVIDIA GH200 120GB,-2.5917,51.4535,64,machine,0.0,4.0,22.800000000000004,195.403564453125,N,1.0,0.0
2026-09-27T03:27:34,mobilenet_v3_small_batch6_node_1_evaluate,d1d81748-9807-4788-8a68-647e9ec8dd9b,5b0fa12a-3dd7-45bb-9766-cc326314d9f1,12.475615571951494,0.00016364243344302114,1.311698268508152e-05,116.76353699520001,143.96234344984902,6.0,0.0003053957341567935,0.00037624613432285514,7.120799164986238e-06,0.0006887626676446349,0.0,United Kingdom,GBR,england,,,Linux-6.4.0-150600.23.73_15.0.14-cray_shasta_c_64k-aarch64-with-glibc2.38,3.11.7,3.3.0,72,Neoverse-V2,1,1 x NVIDIA GH200 120GB,-2.5917,51.4535,64,machine,11.155555555555557,0.4444444444444444,22.88888888888889,195.75762939453125,N,1.0,0.0
2026-09-27T03:28:16,mobilenet_v3_small_batch6_node_2_local_train,c0457ef1-4133-4f0b-908e-33f52358b4ec,5b0fa12a-3dd7-45bb-9766-cc326314d9f1,7.161312903976068,7.472185051350631e-05,1.043409937750655e-05,116.28994947840002,707.9278331570108,6.0,0.00013343136319135868,0.0001742581949599753,6.810904889910792e-06,0.0003145004630412448,0.0,United Kingdom,GBR,england,,,Linux-6.4.0-150600.23.73_15.0.14-cray_shasta_c_64k-aarch64-with-glibc2.38,3.11.7,3.3.0,72,Neoverse-V2,1,1 x NVIDIA GH200 120GB,-2.5917,51.4535,64,machine,0.0,5.25,22.9,196.46131896972656,N,1.0,0.0
2026-09-27T03:28:43,mobilenet_v3_small_batch6_node_2_evaluate,82023aac-f1bb-4048-8599-78ef6f519321,5b0fa12a-3dd7-45bb-9766-cc326314d9f1,8.031634236918762,8.706411012087802e-05,1.0840148785744394e-05,116.7588829728,142.05336361511382,6.0,0.00016233181656873793,0.00019751182466620776,6.604763871679705e-06,0.0003664484051066254,0.0,United Kingdom,GBR,england,,,Linux-6.4.0-150600.23.73_15.0.14-cray_shasta_c_64k-aarch64-with-glibc2.38,3.11.7,3.3.0,72,Neoverse-V2,1,1 x NVIDIA GH200 120GB,-2.5917,51.4535,64,machine,30.425,0.75,24.0,205.17965698242188,N,1.0,0.0
2026-09-27T03:29:02,mobilenet_v3_small_batch6_node_3_local_train,b533985f-17e0-4586-83c4-bbbfd932e911,5b0fa12a-3dd7-45bb-9766-cc326314d9f1,10.760633751982823,0.00013687333743591927,1.2719821210409481e-05,116.66512661760001,145.61611630787445,6.0,0.00025092075180705006,0.00031568275252880085,9.489401631678145e-06,0.0005760929059675291,0.0,United Kingdom,GBR,england,,,Linux-6.4.0-150600.23.73_15.0.14-cray_shasta_c_64k-aarch64-with-glibc2.38,3.11.7,3.3.0,72,Neoverse-V2,1,1 x NVIDIA GH200 120GB,-2.5917,51.4535,64,machine,19.642857142857142,3.0,24.171428571428574,207.09927804129464,N,1.0,0.0
2026-09-27T03:29:15,mobilenet_v3_small_batch6_node_3_evaluate,152c9cd7-8b15-4537-b123-d3e90fcd3b70,5b0fa12a-3dd7-45bb-9766-cc326314d9f1,12.01666688802652,0.0001560836989858617,1.2988934489095679e-05,117.10138600800002,144.5759919841826,6.0,0.00029128973178743156,0.0003590633427990042,6.595264713202293e-06,0.000656948339299638,0.0,United Kingdom,GBR,england,,,Linux-6.4.0-150600.23.73_15.0.14-cray_shasta_c_64k-aarch64-with-glibc2.38,3.11.7,3.3.0,72,Neoverse-V2,1,1 x NVIDIA GH200 120GB,-2.5917,51.4535,64,machine,12.55,0.375,24.2375,207.7642364501953,N,1.0,0.0
2026-09-27T03:29:32,mobilenet_v3_small_batch6_node_4_local_train,5e7d68ab-cb93-4314-b02e-7cc2bcd5d92a,5b0fa12a-3dd7-45bb-9766-cc326314d9f1,8.785154012031853,0.00010279661868132356,1.170117433804083e-05,116.37394868160001,74.5997122639715,6.0,0.00018643649580790488,0.00023670435602696216,9.524880506796763e-06,0.0004326657323416638,0.0,United Kingdom,GBR,england,,,Linux-6.4.0-150600.23.73_15.0.14-cray_shasta_c_64k-aarch64-with-glibc2.38,3.11.7,3.3.0,72,Neoverse-V2,1,1 x NVIDIA GH200 120GB,-2.5917,51.4535,64,machine,0.0,5.0,24.2,207.56219482421875,N,1.0,0.0
2026-09-27T03:29:45,mobilenet_v3_small_batch6_node_4_evaluate,1e363d39-7530-47c3-bab4-1819dfec1ddd,5b0fa12a-3dd7-45bb-9766-cc326314d9f1,8.050160580081865,8.804929551615371e-05,1.0937582504131651e-05,116.7772208544,143.47186494285762,6.0,0.00016296065337467844,0.00020100599414263343,6.628352740081027e-06,0.0003705950002573929,0.0,United Kingdom,GBR,england,,,Linux-6.4.0-150600.23.73_15.0.14-cray_shasta_c_64k-aarch64-with-glibc2.38,3.11.7,3.3.0,72,Neoverse-V2,1,1 x NVIDIA GH200 120GB,-2.5917,51.4535,64,machine,0.0,0.75,24.2,206.99310302734375,N,1.0,0.0
2026-09-27T03:30:05,mobilenet_v3_small_batch6_node_5_local_train,4ae2bae7-416d-43c6-92cc-76d030b3e0dc,5b0fa12a-3dd7-45bb-9766-cc326314d9f1,15.658705506939441,0.0002207970096281511,1.4100591490803686e-05,116.4390023643429,145.76526529189613,6.0,0.00040802822256740445,0.0005106587418453046,1.0636403370105353e-05,0.0009293233677828144,0.0,United Kingdom,GBR,england,,,Linux-6.4.0-150600.23.73_15.0.14-cray_shasta_c_64k-aarch64-with-glibc2.38,3.11.7,3.3.0,72,Neoverse-V2,1,1 x NVIDIA GH200 120GB,-2.5917,51.4535,64,machine,3.408333333333333,2.5833333333333335,25.183333333333334,215.8696543375651,N,1.0,0.0
2026-09-27T03:30:39,mobilenet_v3_small_batch6_node_5_evaluate,e96e7e42-7a30-4fea-8adc-4d9ebb071b07,5b0fa12a-3dd7-45bb-9766-cc326314d9f1,8.134208563016728,8.972733729667738e-05,1.1030862634213091e-05,116.85489972480002,143.35115604296533,6.0,0.00016590097782936,0.0002049915528772317,6.765261938174566e-06,0.00037765779264476633,0.0,United Kingdom,GBR,england,,,Linux-6.4.0-150600.23.73_15.0.14-cray_shasta_c_64k-aarch64-with-glibc2.38,3.11.7,3.3.0,72,Neoverse-V2,1,1 x NVIDIA GH200 120GB,-2.5917,51.4535,64,machine,0.0,0.8,25.3,217.078271484375,N,1.0,0.0
2026-09-27T03:31:51,mobilenet_v3_small_batch6_node_0_upload,4f1da6fc-f76b-4ccc-8111-985dda7f489c,5b0fa12a-3dd7-45bb-9766-cc326314d9f1,10.320861876942217,0.0001229700188061584,1.1914704437706416e-05,115.65025359840001,141.0900467375582,6.0,0.00023320456879223143,0.00028434439413160817,2.558306170006593e-08,0.0005175745459855397,0.0,United Kingdom,GBR,england,,,Linux-6.4.0-150600.23.73_15.0.14-cray_shasta_c_64k-aarch64-with-glibc2.38,3.11.7,3.3.0,72,Neoverse-V2,1,1 x NVIDIA GH200 120GB,-2.5917,51.4535,64,machine,0.0,0.0,27.199999999999996,232.83312116350447,N,1.0,0.0
2026-09-27T03:32:39,mobilenet_v3_small_batch6_node_1_upload,a21f73d2-bae8-4e95-a08f-164e2121cec2,5b0fa12a-3dd7-45bb-9766-cc326314d9f1,31.091783890966326,0.00048236278065402283,1.551415584083526e-05,115.61614746624002,142.03947010255672,6.0,0.0009001530403302267,0.0011050619951618046,2.5025340341962873e-05,0.002030240375833994,0.0,United Kingdom,GBR,england,,,Linux-6.4.0-150600.23.73_15.0.14-cray_shasta_c_64k-aarch64-with-glibc2.38,3.11.7,3.3.0,72,Neoverse-V2,1,1 x NVIDIA GH200 120GB,-2.5917,51.4535,64,machine,3.475,0.0,29.321428571428573,251.2067631312779,N,1.0,0.0
2026-09-27T03:32:44,mobilenet_v3_small_batch6_node_2_upload,a542ab3a-2c1d-405a-8a57-30e5f1ed964f,5b0fa12a-3dd7-45bb-9766-cc326314d9f1,3.076113512041047,1.120962817157852e-07,3.6440879465923105e-08,115.65513031680001,0.0,6.0,4.6648918519539785e-07,0.0,5.318355203295747e-09,4.718075403986936e-07,0.0,United Kingdom,GBR,england,,,Linux-6.4.0-150600.23.73_15.0.14-cray_shasta_c_64k-aarch64-with-glibc2.38,3.11.7,3.3.0,72,Neoverse-V2,1,1 x NVIDIA GH200 120GB,-2.5917,51.4535,64,machine,0,0,0,0,N,1.0,0.0
2026-09-27T03:32:55,mobilenet_v3_small_batch6_node_3_upload,378225d1-e082-4726-9d91-d6f4b889df98,5b0fa12a-3dd7-45bb-9766-cc326314d9f1,3.076933905016631,1.2641797858664603e-07,4.108569845472932e-08,115.63740000000001,0.0,6.0,5.251053247477394e-07,0.0,6.98150834068656e-09,5.320868330884259e-07,0.0,United Kingdom,GBR,england,,,Linux-6.4.0-150600.23.73_15.0.14-cray_shasta_c_64k-aarch64-with-glibc2.38,3.11.7,3.3.0,72,Neoverse-V2,1,1 x NVIDIA GH200 120GB,-2.5917,51.4535,64,machine,0,0,0,0,N,1.0,0.0
2026-09-27T03:33:01,mobilenet_v3_small_batch6_node_4_upload,56629bcc-425c-499e-b520-a88221465444,5b0fa12a-3dd7-45bb-9766-cc326314d9f1,3.0687490180134773,1.0904740258365798e-07,3.553480651025957e-08,115.62013624320001,0.0,6.0,4.535315436231008e-07,0.0,5.443419795483351e-09,4.5897496341858414e-07,0.0,United Kingdom,GBR,england,,,Linux-6.4.0-150600.23.73_15.0.14-cray_shasta_c_64k-aarch64-with-glibc2.38,3.11.7,3.3.0,72,Neoverse-V2,1,1 x NVIDIA GH200 120GB,-2.5917,51.4535,64,machine,0,0,0,0,N,1.0,0.0
2026-09-27T03:33:14,mobilenet_v3_small_batch6_node_5_upload,e3d07bc8-55a6-4cd4-8982-4bd0df487955,5b0fa12a-3dd7-45bb-9766-cc326314d9f1,4.071112286997959,1.7185822520742704e-05,4.221407150971889e-06,115.78532284799999,140.95190331028752,6.0,3.2676290662326764e-05,3.965253172566463e-05,5.429285035158197e-09,7.233425167302655e-05,0.0,United Kingdom,GBR,england,,,Linux-6.4.0-150600.23.73_15.0.14-cray_shasta_c_64k-aarch64-with-glibc2.38,3.11.7,3.3.0,72,Neoverse-V2,1,1 x NVIDIA GH200 120GB,-2.5917,51.4535,64,machine,13.6,0.0,33.8,289.3828125,N,1.0,0.0
2026-09-27T03:33:23,mobilenet_v3_small_batch6_node_0_exchange,ead3fdce-91f5-409d-98c4-98459e4f1f4e,5b0fa12a-3dd7-45bb-9766-cc326314d9f1,8.381039686035365,9.037854324766115e-05,1.0783691121073136e-05,116.08762348800002,188.83775567317315,6.0,0.00017107985848525522,0.0002091923895761738,1.2643726348566512e-07,0.00038039868532491466,0.0,United Kingdom,GBR,england,,,Linux-6.4.0-150600.23.73_15.0.14-cray_shasta_c_64k-aarch64-with-glibc2.38,3.11.7,3.3.0,72,Neoverse-V2,1,1 x NVIDIA GH200 120GB,-2.5917,51.4535,64,machine,0.0,0.0,33.8,289.5967651367188,N,1.0,0.0
2026-09-27T03:33:33,mobilenet_v3_small_batch6_node_1_exchange,1bb6dcae-1239-4b58-adbd-2f1b36a12f89,5b0fa12a-3dd7-45bb-9766-cc326314d9f1,4.58941426104866,2.586748887741473e-05,5.6363377559872165e-06,117.108582912,72.20278211438259,6.0,4.961377628741616e-05,5.9155880663297467e-05,1.052862386374424e-07,0.00010887494318935107,0.0,United Kingdom,GBR,england,,,Linux-6.4.0-150600.23.73_15.0.14-cray_shasta_c_64k-aarch64-with-glibc2.38,3.11.7,3.3.0,72,Neoverse-V2,1,1 x NVIDIA GH200 120GB,-2.5917,51.4535,64,machine,0.0,0.0,33.8,289.7188720703125,N,1.0,0.0
2026-09-27T03:33:51,mobilenet_v3_small_batch6_node_2_exchange,74609944-fd98-43a6-ac58-5d2bf306292b,5b0fa12a-3dd7-45bb-9766-cc326314d9f1,9.90488074789755,0.00011617259265626322,1.172882295235331e-05,116.57317620754287,71.19987984498752,6.0,0.00022027930205110975,0.00026857827040771554,1.0695307166315616e-07,0.0004889645255304884,0.0,United Kingdom,GBR,england,,,Linux-6.4.0-150600.23.73_15.0.14-cray_shasta_c_64k-aarch64-with-glibc2.38,3.11.7,3.3.0,72,Neoverse-V2,1,1 x NVIDIA GH200 120GB,-2.5917,51.4535,64,machine,0.0,0.0,33.833333333333336,289.87827555338544,N,1.0,0.0
2026-09-27T03:34:30,mobilenet_v3_small_batch6_node_3_exchange,154de3e7-57c7-42c0-a4df-5bb954727844,5b0fa12a-3dd7-45bb-9766-cc326314d9f1,34.4633345908951,0.0005445207562373223,1.5800002022473465e-05,115.99211212484211,163.9759843991982,6.0,0.001008924619444568,0.0012393832137291838,4.355229602971426e-05,0.0022918601292034662,0.0,United Kingdom,GBR,england,,,Linux-6.4.0-150600.23.73_15.0.14-cray_shasta_c_64k-aarch64-with-glibc2.38,3.11.7,3.3.0,72,Neoverse-V2,1,1 x NVIDIA GH200 120GB,-2.5917,51.4535,64,machine,3.3774193548387093,0.0,34.0,290.9700908045615,N,1.0,0.0
2026-09-27T03:34:45,mobilenet_v3_small_batch6_node_4_exchange,0bf66335-437d-4865-8e6f-24a2cfb8a980,5b0fa12a-3dd7-45bb-9766-cc326314d9f1,5.132130597950891,3.562321779693014e-05,6.941214202762776e-06,116.32844534400002,188.03769741841674,6.0,6.694341566227642e-05,8.288478852591652e-05,1.0810513980686665e-07,0.0001499363093279998,0.0,United Kingdom,GBR,england,,,Linux-6.4.0-150600.23.73_15.0.14-cray_shasta_c_64k-aarch64-with-glibc2.38,3.11.7,3.3.0,72,Neoverse-V2,1,1 x NVIDIA GH200 120GB,-2.5917,51.4535,64,machine,0.0,0.0,34.0,290.8266906738281,N,1.0,0.0
2026-09-27T03:34:57,mobilenet_v3_small_batch6_node_5_exchange,9aad3f68-6e0c-41c2-93d8-e336dc5aebb9,5b0fa12a-3dd7-45bb-9766-cc326314d9f1,4.134649293962866,1.865996234325962e-05,4.513070158212845e-06,116.99479126080001,77.13294440248487,6.0,3.4992249642539604e-05,4.343920141991475e-05,1.0738004193020364e-07,7.853883110438456e-05,0.0,United Kingdom,GBR,england,,,Linux-6.4.0-150600.23.73_15.0.14-cray_shasta_c_64k-aarch64-with-glibc2.38,3.11.7,3.3.0,72,Neoverse-V2,1,1 x NVIDIA GH200 120GB,-2.5917,51.4535,64,machine,0.0,0.0,34.0,291.55218505859375,N,1.0,0.0
2026-09-27T03:35:25,mobilenet_v3_small_batch6_node_0_evaluate,fe2b971f-d7c6-420e-b112-063d07b97684,5b0fa12a-3dd7-45bb-9766-cc326314d9f1,10.997833524132147,0.00013765995537634102,1.2517006651744524e-05,116.69836109472001,142.96533008778874,6.0,0.0002575703582690235,0.00031528414112358405,6.549241421744228e-06,0.0005794037408143517,0.0,United Kingdom,GBR,england,,,Linux-6.4.0-150600.23.73_15.0.14-cray_shasta_c_64k-aarch64-with-glibc2.38,3.11.7,3.3.0,72,Neoverse-V2,1,1 x NVIDIA GH200 120GB,-2.5917,51.4535,64,machine,0.5428571428571428,0.42857142857142855,34.1,291.7220371791295,N,1.0,0.0
2026-09-27T03:35:33,mobilenet_v3_small_batch6_node_1_evaluate,c838f565-8c80-4cb3-b543-b80b30970173,5b0fa12a-3dd7-45bb-9766-cc326314d9f1,7.102120883995667,7.13466698886083e-05,1.004582589538641e-05,116.46086471424002,72.08499245066562,6.0,0.00013209273308170888,0.00016146957361229397,6.732193003408611e-06,0.0003002944996974115,0.0,United Kingdom,GBR,england,,,Linux-6.4.0-150600.23.73_15.0.14-cray_shasta_c_64k-aarch64-with-glibc2.38,3.11.7,3.3.0,72,Neoverse-V2,1,1 x NVIDIA GH200 120GB,-2.5917,51.4535,64,machine,0.0,1.0,34.1,291.76429748535156,N,1.0,0.0
2026-09-27T03:35:54,mobilenet_v3_small_batch6_node_2_evaluate,7678a1d8-8bfa-4740-a412-2488aa588ef2,5b0fa12a-3dd7-45bb-9766-cc326314d9f1,15.562177672982216,0.00021564516663074594,1.3857004537683148e-05,116.63476618752001,144.25578868320667,6.0,0.00040413489138692977,0.0004970817865626032,6.422845053408916e-06,0.0009076395230029419,0.0,United Kingdom,GBR,england,,,Linux-6.4.0-150600.23.73_15.0.14-cray_shasta_c_64k-aarch64-with-glibc2.38,3.11.7,3.3.0,72,Neoverse-V2,1,1 x NVIDIA GH200 120GB,-2.5917,51.4535,64,machine,7.041666666666667,0.3333333333333333,34.10000000000001,291.7535349527995,N,1.0,0.0
2026-09-27T03:36:08,mobilenet_v3_small_batch6_node_3_evaluate,429941d8-b31a-4cf5-9258-24b25e44de48,5b0fa12a-3dd7-45bb-9766-cc326314d9f1,7.0244772110600024,7.066842027703176e-05,1.0060310277007477e-05,116.36595028800001,73.51377425451018,6.0,0.00012931715868914686,0.0001615254069946559,6.597215943426515e-06,0.00029743978162722923,0.0,United Kingdom,GBR,england,,,Linux-6.4.0-150600.23.73_15.0.14-cray_shasta_c_64k-aarch64-with-glibc2.38,3.11.7,3.3.0,72,Neoverse-V2,1,1 x NVIDIA GH200 120GB,-2.5917,51.4535,64,machine,0.0,1.0,34.1,291.7629801432292,N,1.0,0.0
2026-09-27T03:36:28,mobilenet_v3_small_batch6_node_4_evaluate,8eb7eb4e-9433-4996-8a2b-d347566de240,5b0fa12a-3dd7-45bb-9766-cc326314d9f1,13.572751932078972,0.00018180028268911005,1.3394504194792519e-05,116.64714876233143,144.04351448934636,6.0,0.0003401610144631132,0.0004184228347554608,6.604281078325585e-06,0.0007651881302968996,0.0,United Kingdom,GBR,england,,,Linux-6.4.0-150600.23.73_15.0.14-cray_shasta_c_64k-aarch64-with-glibc2.38,3.11.7,3.3.0,72,Neoverse-V2,1,1 x NVIDIA GH200 120GB,-2.5917,51.4535,64,machine,5.84,0.3,34.08,291.6829040527344,N,1.0,0.0
2026-09-27T03:36:50,mobilenet_v3_small_batch6_node_5_evaluate,22439f64-8827-4847-a2ae-d0a81fe04c3b,5b0fa12a-3dd7-45bb-9766-cc326314d9f1,7.050052505917847,7.080135714523254e-05,1.004267090008217e-05,116.3934471312,73.16220742045772,6.0,0.0001298882160072897,0.00016148401807924984,6.62707204814069e-06,0.00029799930613468023,0.0,United Kingdom,GBR,england,,,Linux-6.4.0-150600.23.73_15.0.14-cray_shasta_c_64k-aarch64-with-glibc2.38,3.11.7,3.3.0,72,Neoverse-V2,1,1 x NVIDIA GH200 120GB,-2.5917,51.4535,64,machine,0.0,1.0,34.1,291.70062255859375,N,1.0,0.0
2026-09-27T03:37:55,efficientnet_lite0_batch6_node_0_local_train,7203aa9e-099f-499f-a459-2206755d7a90,5b0fa12a-3dd7-45bb-9766-cc326314d9f1,7.945253106066957,0.00010693703489871171,1.345923578155806e-05,146.43211906080003,156.69214961242224,6.0,0.00021812202236740842,0.0002255126804016072,6.4578305499162525e-06,0.0004500925333189319,0.0,United Kingdom,GBR,england,,,Linux-6.4.0-150600.23.73_15.0.14-cray_shasta_c_64k-aarch64-with-glibc2.38,3.11.7,3.3.0,72,Neoverse-V2,1,1 x NVIDIA GH200 120GB,-2.5917,51.4535,64,machine,5.95,10.75,34.425,294.4783477783203,N,1.0,0.0
2026-09-27T03:38:16,efficientnet_lite0_batch6_node_0_evaluate,7eb4e752-63c0-440b-ba9a-6565586b679f,5b0fa12a-3dd7-45bb-9766-cc326314d9f1,7.976043435046449,8.838573494306115e-05,1.1081400905453623e-05,116.64497597760001,146.51799174442488,6.0,0.00016063821822770094,0.00020485238609069256,6.520452351154139e-06,0.00037201105666954763,0.0,United Kingdom,GBR,england,,,Linux-6.4.0-150600.23.73_15.0.14-cray_shasta_c_64k-aarch64-with-glibc2.38,3.11.7,3.3.0,72,Neoverse-V2,1,1 x NVIDIA GH200 120GB,-2.5917,51.4535,64,machine,59.699999999999996,2.0,34.4,295.01222229003906,N,1.0,0.0
2026-09-27T03:38:36,efficientnet_lite0_batch6_node_1_local_train,30046ffa-92ed-4d35-b9d8-6324da774816,5b0fa12a-3dd7-45bb-9766-cc326314d9f1,8.005011031869799,9.689736522530923e-05,1.2104588593262198e-05,116.13887983872002,812.1101598488558,6.0,0.0001605357852468599,0.0002390676912540357,8.232598508087297e-06,0.0004078360750089829,0.0,United Kingdom,GBR,england,,,Linux-6.4.0-150600.23.73_15.0.14-cray_shasta_c_64k-aarch64-with-glibc2.38,3.11.7,3.3.0,72,Neoverse-V2,1,1 x NVIDIA GH200 120GB,-2.5917,51.4535,64,machine,0.0,10.0,34.4,294.9453125,N,1.0,0.0
2026-09-27T03:38:59,efficientnet_lite0_batch6_node_1_evaluate,5ec7b395-1861-4bc2-9964-87d62255103d,5b0fa12a-3dd7-45bb-9766-cc326314d9f1,15.848701515933499,0.0002225978420694597,1.4045178517979587e-05,116.66851090560004,147.44323242700014,6.0,0.00041321418590877147,0.0005170070802904547,6.681713608171169e-06,0.0009369029798073973,0.0,United Kingdom,GBR,england,,,Linux-6.4.0-150600.23.73_15.0.14-cray_shasta_c_64k-aarch64-with-glibc2.38,3.11.7,3.3.0,72,Neoverse-V2,1,1 x NVIDIA GH200 120GB,-2.5917,51.4535,64,machine,7.949999999999999,0.6666666666666666,34.408333333333324,294.75031026204425,N,1.0,0.0
2026-09-27T03:39:06,efficientnet_lite0_batch6_node_2_local_train,78a9795c-6b6f-467b-b838-7bbaa46cba37,5b0fa12a-3dd7-45bb-9766-cc326314d9f1,5.805329443886876,5.292396037066598e-05,9.116443930050505e-06,116.04848532480001,85.12719313937608,6.0,8.899777949209666e-05,0.0001291978811508443,4.5585930079687385e-06,0.00022275425365090969,0.0,United Kingdom,GBR,england,,,Linux-6.4.0-150600.23.73_15.0.14-cray_shasta_c_64k-aarch64-with-glibc2.38,3.11.7,3.3.0,72,Neoverse-V2,1,1 x NVIDIA GH200 120GB,-2.5917,51.4535,64,machine,0.0,9.0,34.4,294.7515869140625,N,1.0,0.0
2026-09-27T03:43:52,efficientnet_lite0_batch6_node_2_evaluate,0ee4af80-12ed-46ac-b089-e6e3b04b6799,5b0fa12a-3dd7-45bb-9766-cc326314d9f1,280.2940142748412,0.004874796095049165,1.7391723857039643e-05,115.7284875768604,142.78218280750005,6.0,0.009003352916726206,0.011076219972082413,0.0004381955897369577,0.02051776847854558,0.0,United Kingdom,GBR,england,,,Linux-6.4.0-150600.23.73_15.0.14-cray_shasta_c_64k-aarch64-with-glibc2.38,3.11.7,3.3.0,72,Neoverse-V2,1,1 x NVIDIA GH200 120GB,-2.5917,51.4535,64,machine,4.395357142857142,0.05357142857142857,32.63964285714266,279.5067888532366,N,1.0,0.0
2026-09-27T03:44:41,efficientnet_lite0_batch6_node_3_local_train,059e9be1-5af2-4345-b228-d234220fdb5c,5b0fa12a-3dd7-45bb-9766-cc326314d9f1,45.67527702101506,0.0007564109505347739,1.6560620971970273e-05,116.30032242426003,114.99563189657182,6.0,0.0013831381576211086,0.0017191569308891985,8.140007639536635e-05,0.003183695164905673,0.0,United Kingdom,GBR,england,,,Linux-6.4.0-150600.23.73_15.0.14-cray_shasta_c_64k-aarch64-with-glibc2.38,3.11.7,3.3.0,72,Neoverse-V2,1,1 x NVIDIA GH200 120GB,-2.5917,51.4535,64,machine,3.4285714285714284,0.42857142857142855,24.923809523809517,213.24337913876488,N,1.0,0.0
2026-09-27T03:45:01,efficientnet_lite0_batch6_node_3_evaluate,725fc8b4-e6e5-4d41-b0c6-38e08194a20d,5b0fa12a-3dd7-45bb-9766-cc326314d9f1,12.189849694957957,0.000160910478334709,1.3200366071885679e-05,116.90751229632001,148.50320003075078,6.0,0.0002963322119845659,0.00037450474404465695,6.42705170980965e-06,0.0006772640077390325,0.0,United Kingdom,GBR,england,,,Linux-6.4.0-150600.23.73_15.0.14-cray_shasta_c_64k-aarch64-with-glibc2.38,3.11.7,3.3.0,72,Neoverse-V2,1,1 x NVIDIA GH200 120GB,-2.5917,51.4535,64,machine,11.711111111111112,1.3333333333333333,23.0,196.73694525824652,N,1.0,0.0
2026-09-27T03:45:22,efficientnet_lite0_batch6_node_4_local_train,08e4947a-cf9a-4f0e-8e5c-5fee3da0f07e,5b0fa12a-3dd7-45bb-9766-cc326314d9f1,6.950454018777236,7.594175027985594e-05,1.0926156776908806e-05,116.16832247040001,86.53065059845203,6.0,0.000126489374367197,0.00018666848265525005,6.477102002827451e-06,0.0003196349590252745,0.0,United Kingdom,GBR,england,,,Linux-6.4.0-150600.23.73_15.0.14-cray_shasta_c_64k-aarch64-with-glibc2.38,3.11.7,3.3.0,72,Neoverse-V2,1,1 x NVIDIA GH200 120GB,-2.5917,51.4535,64,machine,0.0,17.666666666666668,22.933333333333334,196.546875,N,1.0,0.0
2026-09-27T03:45:43,efficientnet_lite0_batch6_node_4_evaluate,40d28635-9d1d-46d5-af26-40bb50d4d3ab,5b0fa12a-3dd7-45bb-9766-cc326314d9f1,13.584102655062452,0.00018389840253467743,1.3537765961017907e-05,116.91919155949716,146.8996324669189,6.0,0.0003411499494018063,0.0004264381189358346,6.430941526778043e-06,0.000774019009864419,0.0,United Kingdom,GBR,england,,,Linux-6.4.0-150600.23.73_15.0.14-cray_shasta_c_64k-aarch64-with-glibc2.38,3.11.7,3.3.0,72,Neoverse-V2,1,1 x NVIDIA GH200 120GB,-2.5917,51.4535,64,machine,9.32,1.6,22.990000000000002,196.603173828125,N,1.0,0.0
2026-09-27T03:46:06,efficientnet_lite0_batch6_node_5_local_train,5ca2b8c0-839a-40f7-9efd-38e795a14f89,5b0fa12a-3dd7-45bb-9766-cc326314d9f1,7.337396753020585,8.377409502262193e-05,1.1417413810713544e-05,116.20419253632002,87.0137195933809,6.0,0.00013918138505758152,0.0002063012761510663,7.118237918087592e-06,0.0003526008991267354,0.0,United Kingdom,GBR,england,,,Linux-6.4.0-150600.23.73_15.0.14-cray_shasta_c_64k-aarch64-with-glibc2.38,3.11.7,3.3.0,72,Neoverse-V2,1,1 x NVIDIA GH200 120GB,-2.5917,51.4535,64,machine,0.0,6.75,23.0,196.6591796875,N,1.0,0.0
2026-09-27T03:46:37,efficientnet_lite0_batch6_node_5_evaluate,38a81d81-0931-4739-a4ab-a0763f0b3596,5b0fa12a-3dd7-45bb-9766-cc326314d9f1,7.930408206069842,8.815526248518421e-05,1.1116106535059722e-05,116.89370753760002,147.6935635143649,6.0,0.00015933181870261956,0.0002052784975603572,6.430693569903573e-06,0.00037104100983288035,0.0,United Kingdom,GBR,england,,,Linux-6.4.0-150600.23.73_15.0.14-cray_shasta_c_64k-aarch64-with-glibc2.38,3.11.7,3.3.0,72,Neoverse-V2,1,1 x NVIDIA GH200 120GB,-2.5917,51.4535,64,machine,19.224999999999998,3.0,23.0,196.8301544189453,N,1.0,0.0
2026-09-27T03:46:42,efficientnet_lite0_batch6_node_1_upload,5757fcb0-120a-49c9-b220-5ca482645357,5b0fa12a-3dd7-45bb-9766-cc326314d9f1,3.0804420930799097,1.0752619448736432e-07,3.490609180056253e-08,115.58698352640002,0.0,6.0,4.471048009387208e-07,0.0,5.4674750814835234e-09,4.525722760202043e-07,0.0,United Kingdom,GBR,england,,,Linux-6.4.0-150600.23.73_15.0.14-cray_shasta_c_64k-aarch64-with-glibc2.38,3.11.7,3.3.0,72,Neoverse-V2,1,1 x NVIDIA GH200 120GB,-2.5917,51.4535,64,machine,0,0,0,0,N,1.0,0.0
2026-09-27T03:46:56,efficientnet_lite0_batch6_node_2_upload,266c0d6f-c267-42f5-9576-dbba8ce23c9a,5b0fa12a-3dd7-45bb-9766-cc326314d9f1,4.504408720182255,2.3978072092750508e-05,5.323245198712856e-06,115.64908318080002,140.61316662716635,6.0,4.561173492509909e-05,5.530087757676938e-05,9.871673537418247e-09,0.00010092248417540588,0.0,United Kingdom,GBR,england,,,Linux-6.4.0-150600.23.73_15.0.14-cray_shasta_c_64k-aarch64-with-glibc2.38,3.11.7,3.3.0,72,Neoverse-V2,1,1 x NVIDIA GH200 120GB,-2.5917,51.4535,64,machine,0.0,0.0,23.0,196.9876708984375,N,1.0,0.0
2026-09-27T03:47:04,efficientnet_lite0_batch6_node_3_upload,de49b90d-4431-460d-8701-a279cc565d19,5b0fa12a-3dd7-45bb-9766-cc326314d9f1,4.078354191966355,1.713267541756497e-05,4.200879720381654e-06,115.63154881920003,140.6803278228777,6.0,3.258628997384016e-05,3.9518920502246146e-05,5.347746579597394e-09,7.211055822266591e-05,0.0,United Kingdom,GBR,england,,,Linux-6.4.0-150600.23.73_15.0.14-cray_shasta_c_64k-aarch64-with-glibc2.38,3.11.7,3.3.0,72,Neoverse-V2,1,1 x NVIDIA GH200 120GB,-2.5917,51.4535,64,machine,0.0,0.0,23.0,196.9669189453125,N,1.0,0.0
2026-09-27T03:47:16,efficientnet_lite0_batch6_node_5_upload,1c715653-52ab-45f6-acf9-d1764d25b74e,5b0fa12a-3dd7-45bb-9766-cc326314d9f1,4.086173943942413,1.713274557598629e-05,4.192857624523031e-06,115.58720747520002,140.62758614880607,6.0,3.2586106585683655e-05,3.9519198281823265e-05,5.548648380984863e-09,7.21108535158879e-05,0.0,United Kingdom,GBR,england,,,Linux-6.4.0-150600.23.73_15.0.14-cray_shasta_c_64k-aarch64-with-glibc2.38,3.11.7,3.3.0,72,Neoverse-V2,1,1 x NVIDIA GH200 120GB,-2.5917,51.4535,64,machine,0.0,0.0,23.1,198.21484375,N,1.0,0.0
2026-09-27T03:47:34,mobilevit_xxs_batch6_node_0_local_train,922e5451-5079-43f3-85f5-19d8e88d94aa,5b0fa12a-3dd7-45bb-9766-cc326314d9f1,9.044169208966196,0.00011221019073889076,1.2406909705719347e-05,116.88693537600001,80.87324963066136,6.0,0.00019404514350351596,0.0002682843812920055,9.957452879752964e-06,0.0004722869776752744,0.0,United Kingdom,GBR,england,,,Linux-6.4.0-150600.23.73_15.0.14-cray_shasta_c_64k-aarch64-with-glibc2.38,3.11.7,3.3.0,72,Neoverse-V2,1,1 x NVIDIA GH200 120GB,-2.5917,51.4535,64,machine,0.0,17.4,23.3,199.28603515625,N,1.0,0.0
2026-09-27T03:47:46,mobilevit_xxs_batch6_node_0_evaluate,dd876100-d297-43d5-a340-2116e0e757b5,5b0fa12a-3dd7-45bb-9766-cc326314d9f1,7.030267680995166,7.20825783214015e-05,1.0253176919032745e-05,116.21321254080001,76.08505141418273,6.0,0.0001292308874074728,0.0001675493006985107,6.611712703403707e-06,0.00030339190080938723,0.0,United Kingdom,GBR,england,,,Linux-6.4.0-150600.23.73_15.0.14-cray_shasta_c_64k-aarch64-with-glibc2.38,3.11.7,3.3.0,72,Neoverse-V2,1,1 x NVIDIA GH200 120GB,-2.5917,51.4535,64,machine,0.0,3.0,23.3,199.194091796875,N,1.0,0.0
2026-09-27T03:47:59,mobilevit_xxs_batch6_node_1_local_train,aeb606f9-ac98-45a2-9582-404aa098cfb7,5b0fa12a-3dd7-45bb-9766-cc326314d9f1,10.852570966118947,0.0001461909738993784,1.3470630540521461e-05,116.22890723040001,625.8009727872586,6.0,0.00025317694865938014,0.00034916139044582906,1.2972024166568493e-05,0.0006153103632717777,0.0,United Kingdom,GBR,england,,,Linux-6.4.0-150600.23.73_15.0.14-cray_shasta_c_64k-aarch64-with-glibc2.38,3.11.7,3.3.0,72,Neoverse-V2,1,1 x NVIDIA GH200 120GB,-2.5917,51.4535,64,machine,0.0,13.714285714285714,23.300000000000004,199.37841796875,N,1.0,0.0
2026-09-27T03:50:13,mobilevit_xxs_batch6_node_1_evaluate,d174972e-c6f2-4f17-9785-b80fc9d8d160,5b0fa12a-3dd7-45bb-9766-cc326314d9f1,7.134304454084486,7.382715922947369e-05,1.034819297446812e-05,116.43661209600003,615.6035003765409,6.0,0.00013309745941430276,0.00017087569223406263,6.761601347243414e-06,0.0003107347529956088,0.0,United Kingdom,GBR,england,,,Linux-6.4.0-150600.23.73_15.0.14-cray_shasta_c_64k-aarch64-with-glibc2.38,3.11.7,3.3.0,72,Neoverse-V2,1,1 x NVIDIA GH200 120GB,-2.5917,51.4535,64,machine,7.15,4.0,23.3,199.1907501220703,N,1.0,0.0
2026-09-27T03:50:26,mobilevit_xxs_batch6_node_2_local_train,7feee7b0-b0b9-4f72-91eb-bb99b0782ef9,5b0fa12a-3dd7-45bb-9766-cc326314d9f1,11.370157251134515,0.00014887213115372583,1.3093234144925425e-05,116.29571698944002,151.55583148003686,6.0,0.00026875917383890446,0.00035066889164170334,7.16715211669604e-06,0.0006265952175973039,0.0,United Kingdom,GBR,england,,,Linux-6.4.0-150600.23.73_15.0.14-cray_shasta_c_64k-aarch64-with-glibc2.38,3.11.7,3.3.0,72,Neoverse-V2,1,1 x NVIDIA GH200 120GB,-2.5917,51.4535,64,machine,0.0,6.25,23.300000000000004,199.18850708007812,N,1.0,0.0
2026-09-27T03:51:08,mobilevit_xxs_batch6_node_2_evaluate,9a348283-27f6-4fbf-b8e9-4eea58ae4b9d,5b0fa12a-3dd7-45bb-9766-cc326314d9f1,6.928596893092617,7.028721134097142e-05,1.0144508682709399e-05,116.29203435360003,736.8547967978553,6.0,0.00012606536294563413,0.00016333374179566817,6.436187889970219e-06,0.00029583529263127256,0.0,United Kingdom,GBR,england,,,Linux-6.4.0-150600.23.73_15.0.14-cray_shasta_c_64k-aarch64-with-glibc2.38,3.11.7,3.3.0,72,Neoverse-V2,1,1 x NVIDIA GH200 120GB,-2.5917,51.4535,64,machine,0.0,2.6666666666666665,23.3,199.23175048828125,N,1.0,0.0
2026-09-27T03:51:23,mobilevit_xxs_batch6_node_3_local_train,bfc796cd-0aa9-4ed2-afaf-6d4a313d9068,5b0fa12a-3dd7-45bb-9766-cc326314d9f1,13.993565829005092,0.00019631191023212127,1.4028726675599492e-05,116.23506604086859,151.00252230318523,6.0,0.0003536743460226559,0.00046242175882582615,1.0170726663588237e-05,0.0008262668315120703,0.0,United Kingdom,GBR,england,,,Linux-6.4.0-150600.23.73_15.0.14-cray_shasta_c_64k-aarch64-with-glibc2.38,3.11.7,3.3.0,72,Neoverse-V2,1,1 x NVIDIA GH200 120GB,-2.5917,51.4535,64,machine,9.680000000000001,8.0,23.300000000000004,199.30543212890626,N,1.0,0.0
2026-09-27T03:51:31,mobilevit_xxs_batch6_node_3_evaluate,6475d6ff-2359-4f03-b565-9c2c70e26ef6,5b0fa12a-3dd7-45bb-9766-cc326314d9f1,7.045357713941485,7.219829306894212e-05,1.0247640503203237e-05,116.3858226336,75.74410489544043,6.0,0.00013001613373873886,0.0001672298560180252,6.632948531381165e-06,0.0003038789382881452,0.0,United Kingdom,GBR,england,,,Linux-6.4.0-150600.23.73_15.0.14-cray_shasta_c_64k-aarch64-with-glibc2.38,3.11.7,3.3.0,72,Neoverse-V2,1,1 x NVIDIA GH200 120GB,-2.5917,51.4535,64,machine,13.333333333333334,4.0,23.3,199.2133585611979,N,1.0,0.0
2026-09-27T03:51:47,mobilevit_xxs_batch6_node_4_local_train,86eb2b85-9d05-4e28-9ab1-b268d96f18bd,5b0fa12a-3dd7-45bb-9766-cc326314d9f1,9.26017308793962,0.00011644666786966202,1.2574999059285542e-05,116.14679161508573,80.97925122119983,6.0,0.00020127553672323625,0.0002785188339231581,1.032372349795575e-05,0.0004901180941443502,0.0,United Kingdom,GBR,england,,,Linux-6.4.0-150600.23.73_15.0.14-cray_shasta_c_64k-aarch64-with-glibc2.38,3.11.7,3.3.0,72,Neoverse-V2,1,1 x NVIDIA GH200 120GB,-2.5917,51.4535,64,machine,0.0,10.833333333333334,23.266666666666666,199.16387939453125,N,1.0,0.0
2026-09-27T03:51:55,mobilevit_xxs_batch6_node_4_evaluate,1c5c2bd2-2922-4900-bfa5-d75e6fd19b54,5b0fa12a-3dd7-45bb-9766-cc326314d9f1,7.042418583063409,7.233408261650817e-05,1.0271198987016658e-05,116.34685165440001,76.01414687084714,6.0,0.0001299873557252068,0.00016783402315923013,6.629090693313628e-06,0.00030445046957775054,0.0,United Kingdom,GBR,england,,,Linux-6.4.0-150600.23.73_15.0.14-cray_shasta_c_64k-aarch64-with-glibc2.38,3.11.7,3.3.0,72,Neoverse-V2,1,1 x NVIDIA GH200 120GB,-2.5917,51.4535,64,machine,8.966666666666667,2.6666666666666665,23.2,199.0223388671875,N,1.0,0.0
2026-09-27T03:52:14,mobilevit_xxs_batch6_node_5_local_train,b314fad8-5739-425b-b999-fc37238e91c4,5b0fa12a-3dd7-45bb-9766-cc326314d9f1,12.425572973908857,0.00017179474806078315,1.3825901503416922e-05,116.29990941120002,153.1399729963424,6.0,0.00030352272239389565,0.0004081978265446651,1.1354795714529852e-05,0.0007230753446530907,0.0,United Kingdom,GBR,england,,,Linux-6.4.0-150600.23.73_15.0.14-cray_shasta_c_64k-aarch64-with-glibc2.38,3.11.7,3.3.0,72,Neoverse-V2,1,1 x NVIDIA GH200 120GB,-2.5917,51.4535,64,machine,6.911111111111111,5.888888888888889,23.222222222222218,199.09818522135416,N,1.0,0.0
2026-09-27T03:52:22,mobilevit_xxs_batch6_node_5_evaluate,24855124-0211-4346-9e77-da664ffab9d9,5b0fa12a-3dd7-45bb-9766-cc326314d9f1,7.047002806095406,7.21216620646138e-05,1.0234373967075921e-05,116.28335698560002,75.47601161421827,6.0,0.0001299341317594943,0.00016697985579128272,6.642414743158347e-06,0.0003035564022939353,0.0,United Kingdom,GBR,england,,,Linux-6.4.0-150600.23.73_15.0.14-cray_shasta_c_64k-aarch64-with-glibc2.38,3.11.7,3.3.0,72,Neoverse-V2,1,1 x NVIDIA GH200 120GB,-2.5917,51.4535,64,machine,0.0,4.0,23.2,199.03753662109375,N,1.0,0.0
2026-09-27T03:52:32,mobilevit_xxs_batch6_node_0_upload,88f063a9-da1d-4342-bb7d-d90707c778a4,5b0fa12a-3dd7-45bb-9766-cc326314d9f1,3.0798825609963387,1.0790608835531035e-06,3.5035780169618817e-07,115.5556224,1114.6182048401881,6.0,5.650623055174872e-07,3.966947602407345e-06,9.702391689643264e-09,4.541712299614475e-06,0.0,United Kingdom,GBR,england,,,Linux-6.4.0-150600.23.73_15.0.14-cray_shasta_c_64k-aarch64-with-glibc2.38,3.11.7,3.3.0,72,Neoverse-V2,1,1 x NVIDIA GH200 120GB,-2.5917,51.4535,64,machine,0,0,0,0,N,1.0,0.0
2026-09-27T03:52:39,mobilevit_xxs_batch6_node_1_upload,df4232aa-e733-4621-b4f0-256a04952a7d,5b0fa12a-3dd7-45bb-9766-cc326314d9f1,4.07509475806728,1.7131464110398685e-05,4.203942516056664e-06,115.63154881920003,140.66875475963442,6.0,3.2585899686346955e-05,3.951419827785685e-05,5.361928294102351e-09,7.21054598924979e-05,0.0,United Kingdom,GBR,england,,,Linux-6.4.0-150600.23.73_15.0.14-cray_shasta_c_64k-aarch64-with-glibc2.38,3.11.7,3.3.0,72,Neoverse-V2,1,1 x NVIDIA GH200 120GB,-2.5917,51.4535,64,machine,28.0,0.0,23.2,199.00634765625,N,1.0,0.0
2026-09-27T03:52:48,mobilevit_xxs_batch6_node_2_upload,4c1e5456-a294-463f-932a-2f7b7ab3c107,5b0fa12a-3dd7-45bb-9766-cc326314d9f1,5.949595297919586,4.924871312794563e-05,8.277657666088076e-06,115.6207476096,142.7773004425959,6.0,9.280883123957345e-05,0.00011447120269281186,5.291263417651256e-09,0.00020728532519580296,0.0,United Kingdom,GBR,england,,,Linux-6.4.0-150600.23.73_15.0.14-cray_shasta_c_64k-aarch64-with-glibc2.38,3.11.7,3.3.0,72,Neoverse-V2,1,1 x NVIDIA GH200 120GB,-2.5917,51.4535,64,machine,0.0,0.0,23.2,198.99441528320312,N,1.0,0.0
2026-09-27T03:52:59,mobilevit_xxs_batch6_node_3_upload,65794a57-b9ce-41ed-8575-57142d2b54be,5b0fa12a-3dd7-45bb-9766-cc326314d9f1,3.0902393120341003,1.9848201391814696e-07,6.42286871263376e-08,115.57108212480003,0.0,6.0,8.096166206747236e-07,0.0,2.5784066723038754e-08,8.354006873977624e-07,0.0,United Kingdom,GBR,england,,,Linux-6.4.0-150600.23.73_15.0.14-cray_shasta_c_64k-aarch64-with-glibc2.38,3.11.7,3.3.0,72,Neoverse-V2,1,1 x NVIDIA GH200 120GB,-2.5917,51.4535,64,machine,0,0,0,0,N,1.0,0.0
2026-09-27T03:53:07,mobilevit_xxs_batch6_node_0_exchange,a38fb027-bb57-4114-8f7e-3cd95034a488,5b0fa12a-3dd7-45bb-9766-cc326314d9f1,4.11903848988004,1.7151179108740428e-05,4.163879301171552e-06,115.5633522624,140.266728858343,6.0,3.266098650066248e-05,3.9517531604360556e-05,9.921211361264189e-09,7.218843931638429e-05,0.0,United Kingdom,GBR,england,,,Linux-6.4.0-150600.23.73_15.0.14-cray_shasta_c_64k-aarch64-with-glibc2.38,3.11.7,3.3.0,72,Neoverse-V2,1,1 x NVIDIA GH200 120GB,-2.5917,51.4535,64,machine,0.0,0.0,23.3,199.1533203125,N,1.0,0.0
2026-09-27T03:53:15,mobilevit_xxs_batch6_node_1_exchange,25f87f14-708a-4fcc-bf2e-17472869fb96,5b0fa12a-3dd7-45bb-9766-cc326314d9f1,4.118116691941395,1.814754951816585e-05,4.406759418371553e-06,115.58698352640002,154.68990213391385,6.0,3.291000268181511e-05,4.346642366215292e-05,5.685278059293827e-09,7.638211162202732e-05,0.0,United Kingdom,GBR,england,,,Linux-6.4.0-150600.23.73_15.0.14-cray_shasta_c_64k-aarch64-with-glibc2.38,3.11.7,3.3.0,72,Neoverse-V2,1,1 x NVIDIA GH200 120GB,-2.5917,51.4535,64,machine,0.0,0.0,23.3,199.14678955078125,N,1.0,0.0
2026-09-27T03:56:09,mobilevit_xxs_batch6_node_2_exchange,84f03c29-d689-49f4-b48d-4f46d6090d62,5b0fa12a-3dd7-45bb-9766-cc326314d9f1,164.09028825117275,0.0028640963208929615,1.74543926482041e-05,115.56355908774208,142.45528618611772,6.0,0.005265847946452517,0.006478297682633638,0.00031068990998746207,0.012054835539073615,0.0,United Kingdom,GBR,england,,,Linux-6.4.0-150600.23.73_15.0.14-cray_shasta_c_64k-aarch64-with-glibc2.38,3.11.7,3.3.0,72,Neoverse-V2,1,1 x NVIDIA GH200 120GB,-2.5917,51.4535,64,machine,4.2542682926829265,0.0,23.212195121951147,199.0445046773771,N,1.0,0.0
2026-09-27T03:56:16,mobilevit_xxs_batch6_node_5_exchange,6fb1b8fd-938f-4b37-95c6-9455a1e6b8c4,5b0fa12a-3dd7-45bb-9766-cc326314d9f1,4.596009504981339,2.5544063446297462e-05,5.55787872470929e-06,115.5633522624,142.0538731327863,6.0,4.829524172538826e-05,5.9208380690733975e-05,1.0039606519664328e-08,0.00010751366202264189,0.0,United Kingdom,GBR,england,,,Linux-6.4.0-150600.23.73_15.0.14-cray_shasta_c_64k-aarch64-with-glibc2.38,3.11.7,3.3.0,72,Neoverse-V2,1,1 x NVIDIA GH200 120GB,-2.5917,51.4535,64,machine,0.0,0.0,23.2,198.99273681640625,N,1.0,0.0
2026-09-27T03:56:36,mobilevit_xxs_batch6_node_0_evaluate,f42b64c8-2ff7-4417-96af-f09b34dc098a,5b0fa12a-3dd7-45bb-9766-cc326314d9f1,10.024280436104164,0.00012212845080436418,1.2183263585134513e-05,116.60641064640001,145.140812057722,6.0,0.00022591086256707951,0.00028154050301054667,6.581063551517824e-06,0.000514032429129144,0.0,United Kingdom,GBR,england,,,Linux-6.4.0-150600.23.73_15.0.14-cray_shasta_c_64k-aarch64-with-glibc2.38,3.11.7,3.3.0,72,Neoverse-V2,1,1 x NVIDIA GH200 120GB,-2.5917,51.4535,64,machine,0.0,2.0,23.2,198.9513956705729,N,1.0,0.0
2026-09-27T03:57:08,mobilevit_xxs_batch6_node_1_evaluate,bf01325d-1201-48a6-baf1-907b0ac38698,5b0fa12a-3dd7-45bb-9766-cc326314d9f1,14.699594556121156,0.00020192173530734518,1.3736551340680455e-05,116.48572471584,145.44281985657943,6.0,0.0003760827238896459,0.0004670439847416219,6.751590900045509e-06,0.0008498782995313133,0.0,United Kingdom,GBR,england,,,Linux-6.4.0-150600.23.73_15.0.14-cray_shasta_c_64k-aarch64-with-glibc2.38,3.11.7,3.3.0,72,Neoverse-V2,1,1 x NVIDIA GH200 120GB,-2.5917,51.4535,64,machine,6.236363636363635,1.0909090909090908,23.199999999999992,198.93182373046875,N,1.0,0.0
2026-09-27T03:57:50,mobilevit_xxs_batch6_node_2_evaluate,df50d6e5-b45e-495b-a357-2e2677d38bb7,5b0fa12a-3dd7-45bb-9766-cc326314d9f1,35.17761272797361,0.0005509621639610765,1.566229545539756e-05,116.52598576651037,148.36391759631067,6.0,0.0010326773910876751,0.0012798360238548412,6.458271293280026e-06,0.002318971686235796,0.0,United Kingdom,GBR,england,,,Linux-6.4.0-150600.23.73_15.0.14-cray_shasta_c_64k-aarch64-with-glibc2.38,3.11.7,3.3.0,72,Neoverse-V2,1,1 x NVIDIA GH200 120GB,-2.5917,51.4535,64,machine,3.0281249999999997,0.34375,23.200000000000006,198.91174697875977,N,1.0,0.0
2026-09-27T03:59:43,mobilevit_xxs_batch6_node_5_evaluate,99d84386-4ac4-4f2f-b66a-71d654121216,5b0fa12a-3dd7-45bb-9766-cc326314d9f1,8.087603166000918,9.065611402468945e-05,1.1209268328816415e-05,116.65176986880002,150.23696907280726,6.0,0.00016401053094661154,0.0002109235020810729,6.632933560370778e-06,0.0003815669665880552,0.0,United Kingdom,GBR,england,,,Linux-6.4.0-150600.23.73_15.0.14-cray_shasta_c_64k-aarch64-with-glibc2.38,3.11.7,3.3.0,72,Neoverse-V2,1,1 x NVIDIA GH200 120GB,-2.5917,51.4535,64,machine,19.479999999999997,2.4,23.7,203.0803466796875,N,1.0,0.0
2026-09-27T04:00:24,mobilenet_v3_small_batch7_node_0_local_train,8439bef6-a18c-462c-bf8d-2067d0fd4bb8,5b0fa12a-3dd7-45bb-9766-cc326314d9f1,9.157265418209136,0.00010943065505635977,1.1950145601192026e-05,116.06084267245717,205.80855792523062,6.0,0.00019723990784792386,0.000253234924812773,1.011322089548533e-05,0.00046058805355618217,0.0,United Kingdom,GBR,england,,,Linux-6.4.0-150600.23.73_15.0.14-cray_shasta_c_64k-aarch64-with-glibc2.38,3.11.7,3.3.0,72,Neoverse-V2,1,1 x NVIDIA GH200 120GB,-2.5917,51.4535,64,machine,0.0,3.1666666666666665,23.599999999999998,202.27741495768228,N,1.0,0.0
2026-09-27T04:00:39,mobilenet_v3_small_batch7_node_0_evaluate,abda93da-22da-459b-bb43-32de2e686543,5b0fa12a-3dd7-45bb-9766-cc326314d9f1,10.66726867808029,0.0001333937621232151,1.2504959437022542e-05,116.03633146148573,141.9183050523191,6.0,0.00024668328211535347,0.00030376440967927465,1.0999858905173217e-05,0.0005614475506998014,0.0,United Kingdom,GBR,england,,,Linux-6.4.0-150600.23.73_15.0.14-cray_shasta_c_64k-aarch64-with-glibc2.38,3.11.7,3.3.0,72,Neoverse-V2,1,1 x NVIDIA GH200 120GB,-2.5917,51.4535,64,machine,0.0,0.2857142857142857,23.599999999999998,202.25706263950892,N,1.0,0.0
2026-09-27T04:00:59,mobilenet_v3_small_batch7_node_1_local_train,480681e2-5690-4c41-a1e3-a74ee0277b49,5b0fa12a-3dd7-45bb-9766-cc326314d9f1,16.062617258168757,0.0002278688728461932,1.4186285409391106e-05,116.35830244388572,146.0824915812861,6.0,0.0004206546462064371,0.0005274231997134393,1.1010633960055809e-05,0.0009590884798799322,0.0,United Kingdom,GBR,england,,,Linux-6.4.0-150600.23.73_15.0.14-cray_shasta_c_64k-aarch64-with-glibc2.38,3.11.7,3.3.0,72,Neoverse-V2,1,1 x NVIDIA GH200 120GB,-2.5917,51.4535,64,machine,7.291666666666667,2.8333333333333335,23.599999999999998,202.30257670084634,N,1.0,0.0
2026-09-27T04:01:14,mobilenet_v3_small_batch7_node_1_evaluate,6f8cb57b-19f8-40b7-a3e5-1ce51479e2dd,5b0fa12a-3dd7-45bb-9766-cc326314d9f1,10.200359331211075,0.00011878493921841496,1.1645172033788713e-05,116.59695349248003,143.3518278401374,6.0,0.00022137700377520327,0.0002720532732070069,6.529482175052788e-06,0.000499959759157263,0.0,United Kingdom,GBR,england,,,Linux-6.4.0-150600.23.73_15.0.14-cray_shasta_c_64k-aarch64-with-glibc2.38,3.11.7,3.3.0,72,Neoverse-V2,1,1 x NVIDIA GH200 120GB,-2.5917,51.4535,64,machine,0.0,0.5,23.599999999999998,202.18822224934897,N,1.0,0.0
2026-09-27T04:02:09,mobilenet_v3_small_batch7_node_2_local_train,0f83130d-58dc-478b-896e-b7f656444b79,5b0fa12a-3dd7-45bb-9766-cc326314d9f1,12.771718200994655,0.00016881624746737468,1.3217974653890137e-05,116.20795978368001,145.81982934605588,6.0,0.00031302434634882697,0.00039113836847093353,6.376272538133588e-06,0.000710538987357894,0.0,United Kingdom,GBR,england,,,Linux-6.4.0-150600.23.73_15.0.14-cray_shasta_c_64k-aarch64-with-glibc2.38,3.11.7,3.3.0,72,Neoverse-V2,1,1 x NVIDIA GH200 120GB,-2.5917,51.4535,64,machine,0.0,1.5555555555555556,23.599999999999998,201.86239284939236,N,1.0,0.0
2026-09-27T04:02:19,mobilenet_v3_small_batch7_node_2_evaluate,6b4bc821-bab3-4568-94ba-e8ba42e0a77d,5b0fa12a-3dd7-45bb-9766-cc326314d9f1,7.844698189990595,8.44157370715271e-05,1.076086485764831e-05,116.54640468000002,143.64692200898742,6.0,0.00015591471236216334,0.00019309487669261216,6.291948775372779e-06,0.0003553015378301483,0.0,United Kingdom,GBR,england,,,Linux-6.4.0-150600.23.73_15.0.14-cray_shasta_c_64k-aarch64-with-glibc2.38,3.11.7,3.3.0,72,Neoverse-V2,1,1 x NVIDIA GH200 120GB,-2.5917,51.4535,64,machine,7.6,0.75,23.6,202.16033935546875,N,1.0,0.0
2026-09-27T04:02:29,mobilenet_v3_small_batch7_node_3_local_train,ab76ee6f-18d5-4240-967c-1215ddf8fc1e,5b0fa12a-3dd7-45bb-9766-cc326314d9f1,9.735924436012283,0.00011854433576051218,1.2175971222827865e-05,116.39175183360001,143.67093692086692,6.0,0.0002169645543405127,0.0002725316069103201,9.450910206651315e-06,0.000498947071457484,0.0,United Kingdom,GBR,england,,,Linux-6.4.0-150600.23.73_15.0.14-cray_shasta_c_64k-aarch64-with-glibc2.38,3.11.7,3.3.0,72,Neoverse-V2,1,1 x NVIDIA GH200 120GB,-2.5917,51.4535,64,machine,0.0,3.1666666666666665,23.599999999999998,202.03172810872397,N,1.0,0.0
2026-09-27T04:02:56,mobilenet_v3_small_batch7_node_3_evaluate,7a2d98dd-137a-45aa-a4fe-84847083bd16,5b0fa12a-3dd7-45bb-9766-cc326314d9f1,7.446938690030947,7.755368773117727e-05,1.0414170299937703e-05,116.34409262592001,142.18376782684166,6.0,0.00014280554337022948,0.00017715264172579737,6.461336561866726e-06,0.0003264195216578936,0.0,United Kingdom,GBR,england,,,Linux-6.4.0-150600.23.73_15.0.14-cray_shasta_c_64k-aarch64-with-glibc2.38,3.11.7,3.3.0,72,Neoverse-V2,1,1 x NVIDIA GH200 120GB,-2.5917,51.4535,64,machine,39.525000000000006,0.75,23.6,201.89878845214844,N,1.0,0.0
2026-09-27T04:03:16,mobilenet_v3_small_batch7_node_4_local_train,aa3adf2a-a545-428a-bd89-9ee142834165,5b0fa12a-3dd7-45bb-9766-cc326314d9f1,10.045941044110805,0.00012495939520509029,1.2438794400286152e-05,116.29649980800002,145.46895025871373,6.0,0.00022702295953872968,0.0002889707867410607,9.95398364495486e-06,0.0005259477299247452,0.0,United Kingdom,GBR,england,,,Linux-6.4.0-150600.23.73_15.0.14-cray_shasta_c_64k-aarch64-with-glibc2.38,3.11.7,3.3.0,72,Neoverse-V2,1,1 x NVIDIA GH200 120GB,-2.5917,51.4535,64,machine,0.0,3.8333333333333335,23.599999999999998,202.09007771809897,N,1.0,0.0
2026-09-27T04:03:29,mobilenet_v3_small_batch7_node_4_evaluate,4a30edc6-56c0-43d2-8eec-fce41d40473d,5b0fa12a-3dd7-45bb-9766-cc326314d9f1,8.430807716911659,9.463465902296421e-05,1.122486269413228e-05,116.64267827328,144.28970361256614,6.0,0.0001750152532668437,0.00021683045123666034,6.4667553450757025e-06,0.00039831245984857974,0.0,United Kingdom,GBR,england,,,Linux-6.4.0-150600.23.73_15.0.14-cray_shasta_c_64k-aarch64-with-glibc2.38,3.11.7,3.3.0,72,Neoverse-V2,1,1 x NVIDIA GH200 120GB,-2.5917,51.4535,64,machine,0.0,0.6,23.6,202.21956787109374,N,1.0,0.0
2026-09-27T04:03:44,mobilenet_v3_small_batch7_node_5_local_train,a11097ea-8052-47a7-9bef-db98c5ae7492,5b0fa12a-3dd7-45bb-9766-cc326314d9f1,10.322605171008036,0.00013001523540666902,1.259519600457339e-05,116.28885124800001,145.65554881354305,6.0,0.00023569645678287663,0.00030111024088341765,1.0420806160351883e-05,0.0005472275038266462,0.0,United Kingdom,GBR,england,,,Linux-6.4.0-150600.23.73_15.0.14-cray_shasta_c_64k-aarch64-with-glibc2.38,3.11.7,3.3.0,72,Neoverse-V2,1,1 x NVIDIA GH200 120GB,-2.5917,51.4535,64,machine,9.171428571428573,5.714285714285714,23.599999999999998,202.08726283482142,N,1.0,0.0
2026-09-27T04:03:53,mobilenet_v3_small_batch7_node_5_evaluate,9001021b-2c6c-47c9-9605-5366baa58b33,5b0fa12a-3dd7-45bb-9766-cc326314d9f1,7.986185144865885,8.660142780240629e-05,1.0843904346254748e-05,116.7156845712,142.85170715864194,6.0,0.00016078652143861866,0.0001971818244186352,6.5326529364877695e-06,0.00036450099879374164,0.0,United Kingdom,GBR,england,,,Linux-6.4.0-150600.23.73_15.0.14-cray_shasta_c_64k-aarch64-with-glibc2.38,3.11.7,3.3.0,72,Neoverse-V2,1,1 x NVIDIA GH200 120GB,-2.5917,51.4535,64,machine,25.150000000000002,0.75,23.6,202.0414581298828,N,1.0,0.0
2026-09-27T04:05:07,mobilenet_v3_small_batch7_node_1_upload,d813ae57-e33a-45fc-af08-9bbf3a7c06bd,5b0fa12a-3dd7-45bb-9766-cc326314d9f1,60.136181886075065,0.0009881469772674376,1.643182101483316e-05,115.55284515309174,142.91142839472656,6.0,0.0018318831123574713,0.002250536800445957,7.664038572654437e-05,0.0041590602985299725,0.0,United Kingdom,GBR,england,,,Linux-6.4.0-150600.23.73_15.0.14-cray_shasta_c_64k-aarch64-with-glibc2.38,3.11.7,3.3.0,72,Neoverse-V2,1,1 x NVIDIA GH200 120GB,-2.5917,51.4535,64,machine,4.233333333333333,0.0,23.599999999999987,202.23376250685308,N,1.0,0.0
2026-09-27T04:05:18,mobilenet_v3_small_batch7_node_3_upload,fb9f3012-fd6a-429e-9ed5-17f8436a6ced,5b0fa12a-3dd7-45bb-9766-cc326314d9f1,3.0702790052164346,9.99004116333319e-08,3.253789361279549e-08,115.57108212480003,0.0,6.0,4.151093360439738e-07,0.0,5.366408343737324e-09,4.2047574438771116e-07,0.0,United Kingdom,GBR,england,,,Linux-6.4.0-150600.23.73_15.0.14-cray_shasta_c_64k-aarch64-with-glibc2.38,3.11.7,3.3.0,72,Neoverse-V2,1,1 x NVIDIA GH200 120GB,-2.5917,51.4535,64,machine,0,0,0,0,N,1.0,0.0
2026-09-27T04:05:27,mobilenet_v3_small_batch7_node_4_upload,b373218d-09c3-4370-9ba1-e5001b31574a,5b0fa12a-3dd7-45bb-9766-cc326314d9f1,3.071628855075687,1.0442941603461047e-06,3.3998058021250505e-07,115.58698352640002,1411.5243877364583,6.0,4.2276726117508704e-07,3.9672253961953174e-06,5.38827502168715e-09,4.395380932392092e-06,0.0,United Kingdom,GBR,england,,,Linux-6.4.0-150600.23.73_15.0.14-cray_shasta_c_64k-aarch64-with-glibc2.38,3.11.7,3.3.0,72,Neoverse-V2,1,1 x NVIDIA GH200 120GB,-2.5917,51.4535,64,machine,0,0,0,0,N,1.0,0.0
2026-09-27T04:05:36,mobilenet_v3_small_batch7_node_5_upload,02304c2c-5e3a-467b-a4c1-d0578ca8990d,5b0fa12a-3dd7-45bb-9766-cc326314d9f1,3.073649845086038,1.0534897329144123e-07,3.427487794677285e-08,115.57108212480003,0.0,6.0,4.374288442193763e-07,0.0,5.979618678490321e-09,4.4340846289786663e-07,0.0,United Kingdom,GBR,england,,,Linux-6.4.0-150600.23.73_15.0.14-cray_shasta_c_64k-aarch64-with-glibc2.38,3.11.7,3.3.0,72,Neoverse-V2,1,1 x NVIDIA GH200 120GB,-2.5917,51.4535,64,machine,0,0,0,0,N,1.0,0.0
2026-09-27T04:06:06,mobilenet_v3_small_batch7_node_0_exchange,5beabd18-854c-413b-9c28-3ca984aff151,5b0fa12a-3dd7-45bb-9766-cc326314d9f1,4.13381715817377,1.861267312179452e-05,4.502539035862242e-06,116.22955898880002,188.9209143246232,6.0,3.474928490810502e-05,4.348475701476673e-05,1.0575125692412257e-07,7.833979317979587e-05,0.0,United Kingdom,GBR,england,,,Linux-6.4.0-150600.23.73_15.0.14-cray_shasta_c_64k-aarch64-with-glibc2.38,3.11.7,3.3.0,72,Neoverse-V2,1,1 x NVIDIA GH200 120GB,-2.5917,51.4535,64,machine,0.0,0.0,23.6,201.75421142578125,N,1.0,0.0
2026-09-27T04:06:26,mobilenet_v3_small_batch7_node_1_exchange,7ccd9692-cd09-4d30-a672-815c931c50ef,5b0fa12a-3dd7-45bb-9766-cc326314d9f1,4.131774751935154,1.7623660625545818e-05,4.2653972405663245e-06,116.23728885120002,70.26310071062639,6.0,3.4600996831294796e-05,3.947169825835317e-05,1.0439486630881825e-07,7.417708995595679e-05,0.0,United Kingdom,GBR,england,,,Linux-6.4.0-150600.23.73_15.0.14-cray_shasta_c_64k-aarch64-with-glibc2.38,3.11.7,3.3.0,72,Neoverse-V2,1,1 x NVIDIA GH200 120GB,-2.5917,51.4535,64,machine,30.4,0.0,23.6,202.2811279296875,N,1.0,0.0
2026-09-27T04:07:03,mobilenet_v3_small_batch7_node_2_exchange,fe2dc91b-6bfc-4f95-ad81-4b12cbdf13e9,5b0fa12a-3dd7-45bb-9766-cc326314d9f1,4.130359478993341,1.861640315343934e-05,4.507211357297298e-06,116.80803066240003,76.97088706058287,6.0,3.484392580523118e-05,4.3401979169743754e-05,1.0958771803416311e-07,7.83554926930091e-05,0.0,United Kingdom,GBR,england,,,Linux-6.4.0-150600.23.73_15.0.14-cray_shasta_c_64k-aarch64-with-glibc2.38,3.11.7,3.3.0,72,Neoverse-V2,1,1 x NVIDIA GH200 120GB,-2.5917,51.4535,64,machine,31.8,0.0,23.6,202.37725830078125,N,1.0,0.0
2026-09-27T04:07:11,mobilenet_v3_small_batch7_node_3_exchange,8456b40e-ddb2-42c4-859f-0a358290409c,5b0fa12a-3dd7-45bb-9766-cc326314d9f1,4.131139968987554,1.86508177954868e-05,4.514690360408601e-06,116.75190893760002,77.47437366997397,6.0,3.4864815193583796e-05,4.353170149329344e-05,1.0382548168612025e-07,7.850034216856335e-05,0.0,United Kingdom,GBR,england,,,Linux-6.4.0-150600.23.73_15.0.14-cray_shasta_c_64k-aarch64-with-glibc2.38,3.11.7,3.3.0,72,Neoverse-V2,1,1 x NVIDIA GH200 120GB,-2.5917,51.4535,64,machine,36.4,0.0,23.6,202.31610107421875,N,1.0,0.0
2026-09-27T04:07:25,mobilenet_v3_small_batch7_node_4_exchange,c79b7d21-4175-44ac-b766-540f3f6ca840,5b0fa12a-3dd7-45bb-9766-cc326314d9f1,4.119609639979899,1.855764133640755e-05,4.50470868800523e-06,116.7739010208,192.23303405784608,6.0,3.453227911607901e-05,4.347253479863866e-05,1.0335328329044085e-07,7.810816719800812e-05,0.0,United Kingdom,GBR,england,,,Linux-6.4.0-150600.23.73_15.0.14-cray_shasta_c_64k-aarch64-with-glibc2.38,3.11.7,3.3.0,72,Neoverse-V2,1,1 x NVIDIA GH200 120GB,-2.5917,51.4535,64,machine,0.0,0.0,23.6,202.35113525390625,N,1.0,0.0
2026-09-27T04:07:31,mobilenet_v3_small_batch7_node_5_exchange,7e2f5dcb-0a44-4d86-8a8c-8486bb778244,5b0fa12a-3dd7-45bb-9766-cc326314d9f1,4.52408101898618,2.4396893555559435e-05,5.3926738829771516e-06,118.0620485568,70.98732336948248,6.0,4.7282300275037994e-05,5.529976647267176e-05,1.0321563303781053e-07,0.00010268528238074757,0.0,United Kingdom,GBR,england,,,Linux-6.4.0-150600.23.73_15.0.14-cray_shasta_c_64k-aarch64-with-glibc2.38,3.11.7,3.3.0,72,Neoverse-V2,1,1 x NVIDIA GH200 120GB,-2.5917,51.4535,64,machine,0.0,0.0,23.6,202.34136962890625,N,1.0,0.0
2026-09-27T04:08:12,mobilenet_v3_small_batch7_node_0_evaluate,1d78f708-9ad0-4e40-bda2-b4c77e55f032,5b0fa12a-3dd7-45bb-9766-cc326314d9f1,8.449039878789335,9.299640138718197e-05,1.1006741916397185e-05,116.39160129024003,142.20320592700216,6.0,0.00017227183794434368,0.00021270767017256276,6.4376087832109385e-06,0.0003914171169001173,0.0,United Kingdom,GBR,england,,,Linux-6.4.0-150600.23.73_15.0.14-cray_shasta_c_64k-aarch64-with-glibc2.38,3.11.7,3.3.0,72,Neoverse-V2,1,1 x NVIDIA GH200 120GB,-2.5917,51.4535,64,machine,0.0,0.6,23.7,202.791650390625,N,1.0,0.0
