timestamp,project_name,run_id,experiment_id,duration,emissions,emissions_rate,cpu_power,gpu_power,ram_power,cpu_energy,gpu_energy,ram_energy,energy_consumed,water_consumed,country_name,country_iso_code,region,cloud_provider,cloud_region,os,python_version,codecarbon_version,cpu_count,cpu_model,gpu_count,gpu_model,longitude,latitude,ram_total_size,tracking_mode,cpu_utilization_percent,gpu_utilization_percent,ram_utilization_percent,ram_used_gb,on_cloud,pue,wue
2026-09-27T05:50:32,mobilenet_v3_small_batch0_node_0_local_train,266195fb-29e5-4562-a0b2-ac3b04241df6,5b0fa12a-3dd7-45bb-9766-cc326314d9f1,35.168856248259544,0.00022831344952060776,6.491921372390569e-06,24.57992154522657,74.97494202608179,20.0,0.0002324312704999534,0.0005505879404523739,0.00017794046950681756,0.0009609596804591448,0.0,United Kingdom,GBR,england,,,Linux-6.4.0-150700.53.73-default-x86_64-with-glibc2.38,3.12.12,3.3.0,8,AMD EPYC 7543P 32-Core Processor,1,1 x NVIDIA A100-SXM4-40GB,-2.5917,51.4535,64,machine,7.187096774193549,5.129032258064516,3.5999999999999996,9.055316801994078,N,1.0,0.0
2026-09-27T05:50:52,mobilenet_v3_small_batch0_node_0_evaluate,be6e4fcb-27fb-4393-aa02-243975f60b8d,5b0fa12a-3dd7-45bb-9766-cc326314d9f1,19.864159204997122,0.00011688660909618983,5.884296832799512e-06,24.183046948500003,39.61022806112087,20.0,0.0001230196867766551,0.0002756110538228995,9.333904375994785e-05,0.0004919697843595025,0.0,United Kingdom,GBR,england,,,Linux-6.4.0-150700.53.73-default-x86_64-with-glibc2.38,3.12.12,3.3.0,8,AMD EPYC 7543P 32-Core Processor,1,1 x NVIDIA A100-SXM4-40GB,-2.5917,51.4535,64,machine,1.49375,0.5,3.89375,9.770767450332642,N,1.0,0.0
2026-09-27T05:51:32,mobilenet_v3_small_batch0_node_1_local_train,06ab1c6d-8989-4c6f-8587-86a8b031c469,5b0fa12a-3dd7-45bb-9766-cc326314d9f1,39.92753133038059,0.00026152011912164777,6.549869486237404e-06,23.171002640296877,48.080957241451316,20.0,0.0002397298788741495,0.0006561988582944878,0.00020479612434282898,0.0011007248615114663,0.0,United Kingdom,GBR,england,,,Linux-6.4.0-150700.53.73-default-x86_64-with-glibc2.38,3.12.12,3.3.0,8,AMD EPYC 7543P 32-Core Processor,1,1 x NVIDIA A100-SXM4-40GB,-2.5917,51.4535,64,machine,1.6666666666666667,9.13888888888889,3.9722222222222223,9.972828759087456,N,1.0,0.0
2026-09-27T05:51:37,mobilenet_v3_small_batch0_node_1_evaluate,75125806-b37c-4d4b-ad29-4d5b8a1f643f,5b0fa12a-3dd7-45bb-9766-cc326314d9f1,5.631947968155146,1.775261405867751e-05,3.152126787934926e-06,22.691103097500005,30.875557898562832,20.0,1.6391047996397898e-05,4.4048090785508975e-05,1.4280709606181414e-05,7.47198483880883e-05,0.0,United Kingdom,GBR,england,,,Linux-6.4.0-150700.53.73-default-x86_64-with-glibc2.38,3.12.12,3.3.0,8,AMD EPYC 7543P 32-Core Processor,1,1 x NVIDIA A100-SXM4-40GB,-2.5917,51.4535,64,machine,0.0,5.0,4.1,10.215974807739258,N,1.0,0.0
2026-09-27T05:51:53,mobilenet_v3_small_batch0_node_2_local_train,fd83f949-fe4d-4e0c-a685-521ac7f34737,5b0fa12a-3dd7-45bb-9766-cc326314d9f1,15.650577294640243,8.997655334303691e-05,5.7490884616665625e-06,23.16701755384615,32.30624318235241,20.0,8.2919548137006e-05,0.00022586045847106107,6.992672368263206e-05,0.00037870673029069915,0.0,United Kingdom,GBR,england,,,Linux-6.4.0-150700.53.73-default-x86_64-with-glibc2.38,3.12.12,3.3.0,8,AMD EPYC 7543P 32-Core Processor,1,1 x NVIDIA A100-SXM4-40GB,-2.5917,51.4535,64,machine,6.666666666666667,11.5,4.083333333333333,10.226308822631836,N,1.0,0.0
2026-09-27T05:51:58,mobilenet_v3_small_batch0_node_2_evaluate,430b2400-a7f9-4880-b8b5-4f43d6fbcbb8,5b0fa12a-3dd7-45bb-9766-cc326314d9f1,4.860207544174045,1.2415456935207359e-05,2.554511679257366e-06,23.058844160625007,30.45310904006438,20.0,1.1811993596809136e-05,3.04355798874667e-05,1.0008452405842643e-05,5.2256025890118475e-05,0.0,United Kingdom,GBR,england,,,Linux-6.4.0-150700.53.73-default-x86_64-with-glibc2.38,3.12.12,3.3.0,8,AMD EPYC 7543P 32-Core Processor,1,1 x NVIDIA A100-SXM4-40GB,-2.5917,51.4535,64,machine,0.0,7.0,4.1,10.23099136352539,N,1.0,0.0
2026-09-27T05:52:15,mobilenet_v3_small_batch0_node_3_local_train,3f0eacc7-ae7c-4f76-9043-6f838bba5f42,5b0fa12a-3dd7-45bb-9766-cc326314d9f1,17.52243567071855,0.00010295599486580666,5.8756668764865095e-06,22.989201747750002,32.26973097215882,20.0,9.379242003069963e-05,0.00025920520735667196,8.033891119735522e-05,0.0004333365385847268,0.0,United Kingdom,GBR,england,,,Linux-6.4.0-150700.53.73-default-x86_64-with-glibc2.38,3.12.12,3.3.0,8,AMD EPYC 7543P 32-Core Processor,1,1 x NVIDIA A100-SXM4-40GB,-2.5917,51.4535,64,machine,0.0,9.857142857142858,4.085714285714285,10.239367621285576,N,1.0,0.0
2026-09-27T05:52:20,mobilenet_v3_small_batch0_node_3_evaluate,a30332eb-a84b-4db2-9329-1b50bf8a585b,5b0fa12a-3dd7-45bb-9766-cc326314d9f1,4.95327662397176,1.3100182528129443e-05,2.6447508432559794e-06,22.889336270625,30.636814530662246,20.0,1.2347320086507327e-05,3.2243359129324745e-05,1.0547321820114224e-05,5.513800103594629e-05,0.0,United Kingdom,GBR,england,,,Linux-6.4.0-150700.53.73-default-x86_64-with-glibc2.38,3.12.12,3.3.0,8,AMD EPYC 7543P 32-Core Processor,1,1 x NVIDIA A100-SXM4-40GB,-2.5917,51.4535,64,machine,0.0,5.0,4.1,10.245063781738281,N,1.0,0.0
2026-09-27T05:52:29,mobilenet_v3_small_batch0_node_0_knowledge_extraction,a662e8fd-d392-4164-8384-2403ed6d6cd5,5b0fa12a-3dd7-45bb-9766-cc326314d9f1,8.064097707625479,3.4289843827884855e-05,4.252161254874193e-06,23.034704449500005,30.17598655694487,20.0,3.2600735259835126e-05,8.390423379012191e-05,2.7819237154391075e-05,0.0001443242062043481,0.0,United Kingdom,GBR,england,,,Linux-6.4.0-150700.53.73-default-x86_64-with-glibc2.38,3.12.12,3.3.0,8,AMD EPYC 7543P 32-Core Processor,1,1 x NVIDIA A100-SXM4-40GB,-2.5917,51.4535,64,machine,0.0,2.25,4.1,10.244074821472168,N,1.0,0.0
2026-09-27T05:52:38,mobilenet_v3_small_batch0_node_1_knowledge_extraction,16a1991f-dade-477d-8a70-ada713e31681,5b0fa12a-3dd7-45bb-9766-cc326314d9f1,9.726882881950587,4.6085485478967686e-05,4.737950074888318e-06,23.147143410535715,30.541085497880776,20.0,4.3781448028710404e-05,0.00011313286829306435,3.705714481054909e-05,0.00019397146113232382,0.0,United Kingdom,GBR,england,,,Linux-6.4.0-150700.53.73-default-x86_64-with-glibc2.38,3.12.12,3.3.0,8,AMD EPYC 7543P 32-Core Processor,1,1 x NVIDIA A100-SXM4-40GB,-2.5917,51.4535,64,machine,11.116666666666667,3.3333333333333335,4.1,10.313201904296875,N,1.0,0.0
2026-09-27T05:52:42,mobilenet_v3_small_batch0_node_2_knowledge_extraction,b6a6c0a9-7237-4332-96fd-9c7a82bfe26c,5b0fa12a-3dd7-45bb-9766-cc326314d9f1,3.906901838257909,5.72506989687569e-06,1.465373365876145e-06,23.286117150000003,28.846883185447638,20.0,5.763627191071499e-06,1.3603066449263679e-05,4.72983396353407e-06,2.4096527603869245e-05,0.0,United Kingdom,GBR,england,,,Linux-6.4.0-150700.53.73-default-x86_64-with-glibc2.38,3.12.12,3.3.0,8,AMD EPYC 7543P 32-Core Processor,1,1 x NVIDIA A100-SXM4-40GB,-2.5917,51.4535,64,machine,0,0,0,0,N,1.0,0.0
2026-09-27T05:52:48,mobilenet_v3_small_batch0_node_3_knowledge_extraction,925466e0-0aa7-44fc-ae68-ee2b50fe175d,5b0fa12a-3dd7-45bb-9766-cc326314d9f1,5.523210467770696,1.6983152081330537e-05,3.074869621650568e-06,22.67103200625,30.933688186095022,20.0,1.5581406929685368e-05,4.223281158033387e-05,1.3667003606032166e-05,7.148122211605141e-05,0.0,United Kingdom,GBR,england,,,Linux-6.4.0-150700.53.73-default-x86_64-with-glibc2.38,3.12.12,3.3.0,8,AMD EPYC 7543P 32-Core Processor,1,1 x NVIDIA A100-SXM4-40GB,-2.5917,51.4535,64,machine,0.0,2.5,4.1,10.254121780395508,N,1.0,0.0
2026-09-27T05:53:00,mobilenet_v3_small_batch0_node_0_distill,7bf35e47-c53a-4e00-8f80-ba1873a845fd,5b0fa12a-3dd7-45bb-9766-cc326314d9f1,11.89780073100701,6.258191388762527e-05,5.259956466116444e-06,22.71472198875,32.20907109110697,20.0,5.619554602589758e-05,0.00015810651537151443,4.9102026702732675e-05,0.0002634040881001447,0.0,United Kingdom,GBR,england,,,Linux-6.4.0-150700.53.73-default-x86_64-with-glibc2.38,3.12.12,3.3.0,8,AMD EPYC 7543P 32-Core Processor,1,1 x NVIDIA A100-SXM4-40GB,-2.5917,51.4535,64,machine,0.0,9.75,4.2,10.524365425109863,N,1.0,0.0
2026-09-27T05:53:19,mobilenet_v3_small_batch0_node_1_distill,b07a9355-24e7-49b6-94ef-e4d98ead2c66,5b0fa12a-3dd7-45bb-9766-cc326314d9f1,18.696506867650896,0.00011113070236668493,5.943928625457073e-06,23.119440453,41.76300963356794,20.0,0.00010160428581559402,0.0002792771678485906,8.686201243350904e-05,0.0004677434660976936,0.0,United Kingdom,GBR,england,,,Linux-6.4.0-150700.53.73-default-x86_64-with-glibc2.38,3.12.12,3.3.0,8,AMD EPYC 7543P 32-Core Processor,1,1 x NVIDIA A100-SXM4-40GB,-2.5917,51.4535,64,machine,4.4399999999999995,9.466666666666667,4.2,10.59422327677409,N,1.0,0.0
2026-09-27T05:53:24,mobilenet_v3_small_batch0_node_2_distill,53265c38-bc13-43be-9085-cb1bd06b770a,5b0fa12a-3dd7-45bb-9766-cc326314d9f1,4.945648556109518,1.362289773309335e-05,2.754521996162576e-06,22.926713113125004,362.8504154857041,20.0,1.2276029845516089e-05,3.456641654508985e-05,1.0495636319845087e-05,5.733808271045103e-05,0.0,United Kingdom,GBR,england,,,Linux-6.4.0-150700.53.73-default-x86_64-with-glibc2.38,3.12.12,3.3.0,8,AMD EPYC 7543P 32-Core Processor,1,1 x NVIDIA A100-SXM4-40GB,-2.5917,51.4535,64,machine,0.0,7.0,4.2,10.592872619628906,N,1.0,0.0
2026-09-27T05:53:32,mobilenet_v3_small_batch0_node_3_distill,bd2524bb-eaca-43a8-ac8a-b51b404b6272,5b0fa12a-3dd7-45bb-9766-cc326314d9f1,8.581438704859465,3.930234602591373e-05,4.579925042598946e-06,22.904639296875004,32.327085890383366,20.0,3.5680940217221845e-05,9.907785702978344e-05,3.066277540961487e-05,0.00016542157265662016,0.0,United Kingdom,GBR,england,,,Linux-6.4.0-150700.53.73-default-x86_64-with-glibc2.38,3.12.12,3.3.0,8,AMD EPYC 7543P 32-Core Processor,1,1 x NVIDIA A100-SXM4-40GB,-2.5917,51.4535,64,machine,0.0,12.0,4.2,10.610456085205078,N,1.0,0.0
2026-09-27T05:53:38,mobilenet_v3_small_batch0_node_0_evaluate,40a662b8-8d3e-43a4-94c8-a438dd354921,5b0fa12a-3dd7-45bb-9766-cc326314d9f1,5.1496321191079915,1.4444385695693575e-05,2.804935452009648e-06,22.890470658750004,30.651085758381843,20.0,1.353796997982026e-05,3.562141739621438e-05,1.1636296328571109e-05,6.079568370460575e-05,0.0,United Kingdom,GBR,england,,,Linux-6.4.0-150700.53.73-default-x86_64-with-glibc2.38,3.12.12,3.3.0,8,AMD EPYC 7543P 32-Core Processor,1,1 x NVIDIA A100-SXM4-40GB,-2.5917,51.4535,64,machine,0.0,2.5,4.2,10.573539733886719,N,1.0,0.0
2026-09-27T05:53:43,mobilenet_v3_small_batch0_node_1_evaluate,78ef4ba4-ef4a-4165-815c-b37186ba4f66,5b0fa12a-3dd7-45bb-9766-cc326314d9f1,5.505260291043669,1.6672537738750662e-05,3.0284740152749322e-06,22.867472835,30.129393603852506,20.0,1.5769922271094063e-05,4.0835032663721904e-05,1.3568907233679462e-05,7.017386216849543e-05,0.0,United Kingdom,GBR,england,,,Linux-6.4.0-150700.53.73-default-x86_64-with-glibc2.38,3.12.12,3.3.0,8,AMD EPYC 7543P 32-Core Processor,1,1 x NVIDIA A100-SXM4-40GB,-2.5917,51.4535,64,machine,0.0,5.0,4.2,10.62421989440918,N,1.0,0.0
2026-09-27T05:53:48,mobilenet_v3_small_batch0_node_2_evaluate,86e61d93-0b98-4809-93a9-b37fee520087,5b0fa12a-3dd7-45bb-9766-cc326314d9f1,4.824272140860558,1.2294033976071762e-05,2.5483707421776465e-06,22.919071674375,31.174834924432187,20.0,1.1449720599847006e-05,3.049807995125775e-05,9.797162288385961e-06,5.1744962839490725e-05,0.0,United Kingdom,GBR,england,,,Linux-6.4.0-150700.53.73-default-x86_64-with-glibc2.38,3.12.12,3.3.0,8,AMD EPYC 7543P 32-Core Processor,1,1 x NVIDIA A100-SXM4-40GB,-2.5917,51.4535,64,machine,0.0,5.0,4.2,10.575275421142578,N,1.0,0.0
2026-09-27T05:53:53,mobilenet_v3_small_batch0_node_3_evaluate,5b840b32-3a97-40e4-b2ff-29b4ba5c626d,5b0fa12a-3dd7-45bb-9766-cc326314d9f1,4.948394213337451,1.3081003325518045e-05,2.64348448437287e-06,22.91921641125,30.70895620189011,20.0,1.2292628104678503e-05,3.224891467823454e-05,1.0515733966086472e-05,5.5057276748999515e-05,0.0,United Kingdom,GBR,england,,,Linux-6.4.0-150700.53.73-default-x86_64-with-glibc2.38,3.12.12,3.3.0,8,AMD EPYC 7543P 32-Core Processor,1,1 x NVIDIA A100-SXM4-40GB,-2.5917,51.4535,64,machine,0.0,7.0,4.2,10.598651885986328,N,1.0,0.0
2026-09-27T05:54:16,efficientnet_lite0_batch0_node_0_local_train,69ef082c-b0b2-46f6-85b2-f8a9ca4a0346,5b0fa12a-3dd7-45bb-9766-cc326314d9f1,22.003568148240447,0.00015794125744260037,7.177983878729705e-06,23.005609807500004,55.664118014768945,20.0,0.00012150814074466247,0.0004380136837340842,0.00010524488375522195,0.0006647667082339687,0.0,United Kingdom,GBR,england,,,Linux-6.4.0-150700.53.73-default-x86_64-with-glibc2.38,3.12.12,3.3.0,8,AMD EPYC 7543P 32-Core Processor,1,1 x NVIDIA A100-SXM4-40GB,-2.5917,51.4535,64,machine,1.8499999999999999,27.27777777777778,4.2,10.61179690890842,N,1.0,0.0
2026-09-27T05:54:22,efficientnet_lite0_batch0_node_0_evaluate,c8eb6c1f-5d1c-43f5-823e-b220f119a909,5b0fa12a-3dd7-45bb-9766-cc326314d9f1,5.296440175268799,1.6127228805418097e-05,3.0449185248466676e-06,22.85939835,32.94374335934347,20.0,1.4469736275806443e-05,4.095697720174485e-05,1.2451971164490615e-05,6.787868464204191e-05,0.0,United Kingdom,GBR,england,,,Linux-6.4.0-150700.53.73-default-x86_64-with-glibc2.38,3.12.12,3.3.0,8,AMD EPYC 7543P 32-Core Processor,1,1 x NVIDIA A100-SXM4-40GB,-2.5917,51.4535,64,machine,0.0,6.5,4.2,10.571516036987305,N,1.0,0.0
2026-09-27T05:55:04,efficientnet_lite0_batch0_node_1_local_train,14e68238-8f3b-4df7-8875-486e89da7e3a,5b0fa12a-3dd7-45bb-9766-cc326314d9f1,42.0547709306702,0.00032304250565867623,7.681471055715201e-06,23.05206373689844,61.884046027767596,20.0,0.00025140360991304995,0.0008916459910892627,0.0002166198519550057,0.0013596694529573181,0.0,United Kingdom,GBR,england,,,Linux-6.4.0-150700.53.73-default-x86_64-with-glibc2.38,3.12.12,3.3.0,8,AMD EPYC 7543P 32-Core Processor,1,1 x NVIDIA A100-SXM4-40GB,-2.5917,51.4535,64,machine,3.63421052631579,24.31578947368421,4.2105263157894735,10.638194535907946,N,1.0,0.0
2026-09-27T05:55:09,efficientnet_lite0_batch0_node_1_evaluate,5fe43a15-89a9-42f0-900a-486dd9bb2042,5b0fa12a-3dd7-45bb-9766-cc326314d9f1,5.665916751138866,1.90601342176076e-05,3.363998282144978e-06,22.85861126625,34.00692997983047,20.0,1.6762664171953807e-05,4.9024761452187704e-05,1.4435708517622617e-05,8.022313414176414e-05,0.0,United Kingdom,GBR,england,,,Linux-6.4.0-150700.53.73-default-x86_64-with-glibc2.38,3.12.12,3.3.0,8,AMD EPYC 7543P 32-Core Processor,1,1 x NVIDIA A100-SXM4-40GB,-2.5917,51.4535,64,machine,0.0,10.5,4.25,10.691707611083984,N,1.0,0.0
2026-09-27T05:55:27,efficientnet_lite0_batch0_node_2_local_train,fd0e678f-ade6-4921-869a-69da50b2758d,5b0fa12a-3dd7-45bb-9766-cc326314d9f1,17.579114115331322,0.00012033887312690006,6.845559584936569e-06,22.89729577275,41.19332852800014,20.0,9.355019951930503e-05,0.00033227359915599664,8.06763891570477e-05,0.0005065001878323494,0.0,United Kingdom,GBR,england,,,Linux-6.4.0-150700.53.73-default-x86_64-with-glibc2.38,3.12.12,3.3.0,8,AMD EPYC 7543P 32-Core Processor,1,1 x NVIDIA A100-SXM4-40GB,-2.5917,51.4535,64,machine,0.0,26.071428571428573,4.2,10.62337166922433,N,1.0,0.0
2026-09-27T05:55:32,efficientnet_lite0_batch0_node_2_evaluate,264768aa-240c-4ac4-b9ca-3720cb17ee53,5b0fa12a-3dd7-45bb-9766-cc326314d9f1,5.001710210926831,1.4041789340808145e-05,2.8073976197445796e-06,22.870224421875,33.19299257281755,20.0,1.2601730561942617e-05,3.571891745934863e-05,1.0780528130837611e-05,5.910117615212886e-05,0.0,United Kingdom,GBR,england,,,Linux-6.4.0-150700.53.73-default-x86_64-with-glibc2.38,3.12.12,3.3.0,8,AMD EPYC 7543P 32-Core Processor,1,1 x NVIDIA A100-SXM4-40GB,-2.5917,51.4535,64,machine,0.0,13.0,4.2,10.61569595336914,N,1.0,0.0
2026-09-27T05:55:52,efficientnet_lite0_batch0_node_3_local_train,e563a4a2-e706-45cf-9e24-4fc16aa37508,5b0fa12a-3dd7-45bb-9766-cc326314d9f1,19.610161524266005,0.00013644293654443276,6.957767093126467e-06,22.951500277500003,53.673674180280834,20.0,0.0001060939014901915,0.0003762439121146599,9.194355693180116e-05,0.0005742813705366526,0.0,United Kingdom,GBR,england,,,Linux-6.4.0-150700.53.73-default-x86_64-with-glibc2.38,3.12.12,3.3.0,8,AMD EPYC 7543P 32-Core Processor,1,1 x NVIDIA A100-SXM4-40GB,-2.5917,51.4535,64,machine,4.16875,24.1875,4.25625,10.703650951385498,N,1.0,0.0
2026-09-27T05:55:57,efficientnet_lite0_batch0_node_3_evaluate,ade7f3dd-ec71-416b-b92c-aa82816a8d0f,5b0fa12a-3dd7-45bb-9766-cc326314d9f1,5.034384706988931,1.4686589071631702e-05,2.917256015664278e-06,22.865489060625002,34.896946164089854,20.0,1.2742781945714951e-05,3.8123363836461976e-05,1.0948959595730734e-05,6.181510537790766e-05,0.0,United Kingdom,GBR,england,,,Linux-6.4.0-150700.53.73-default-x86_64-with-glibc2.38,3.12.12,3.3.0,8,AMD EPYC 7543P 32-Core Processor,1,1 x NVIDIA A100-SXM4-40GB,-2.5917,51.4535,64,machine,0.0,17.0,4.3,10.73770523071289,N,1.0,0.0
2026-09-27T05:56:03,efficientnet_lite0_batch0_node_0_knowledge_extraction,e225f294-b0a2-4d6d-b05a-63aabd1f2d00,5b0fa12a-3dd7-45bb-9766-cc326314d9f1,6.650823902338743,2.6265598744479e-05,3.949224807356992e-06,22.986008834062503,33.6502436968007,20.0,2.3398928536518628e-05,6.71719981824026e-05,1.997964062417547e-05,0.0001105505673430967,0.0,United Kingdom,GBR,england,,,Linux-6.4.0-150700.53.73-default-x86_64-with-glibc2.38,3.12.12,3.3.0,8,AMD EPYC 7543P 32-Core Processor,1,1 x NVIDIA A100-SXM4-40GB,-2.5917,51.4535,64,machine,0.0,5.0,4.3,10.743921915690104,N,1.0,0.0
2026-09-27T05:56:14,efficientnet_lite0_batch0_node_1_knowledge_extraction,208141f8-c6c0-4f3a-8993-da9f26444be9,5b0fa12a-3dd7-45bb-9766-cc326314d9f1,10.042415350675583,5.078095931525336e-05,5.056647981786292e-06,23.063151878035715,33.31138968760445,20.0,4.56897016177643e-05,0.00012923454784186106,3.8810221897438164e-05,0.0002137344713570635,0.0,United Kingdom,GBR,england,,,Linux-6.4.0-150700.53.73-default-x86_64-with-glibc2.38,3.12.12,3.3.0,8,AMD EPYC 7543P 32-Core Processor,1,1 x NVIDIA A100-SXM4-40GB,-2.5917,51.4535,64,machine,0.0,6.0,4.3,10.728796005249023,N,1.0,0.0
2026-09-27T05:56:18,efficientnet_lite0_batch0_node_2_knowledge_extraction,0f9c80bf-bf39-46e2-bf31-579d71ce1e49,5b0fa12a-3dd7-45bb-9766-cc326314d9f1,3.902278622146696,5.949034628277334e-06,1.524502785248248e-06,22.88824272,31.663071799163237,20.0,5.516418834843824e-06,1.482084519466298e-05,4.701919721749922e-06,2.5039183751256725e-05,0.0,United Kingdom,GBR,england,,,Linux-6.4.0-150700.53.73-default-x86_64-with-glibc2.38,3.12.12,3.3.0,8,AMD EPYC 7543P 32-Core Processor,1,1 x NVIDIA A100-SXM4-40GB,-2.5917,51.4535,64,machine,0,0,0,0,N,1.0,0.0
2026-09-27T05:56:23,efficientnet_lite0_batch0_node_3_knowledge_extraction,b88b1f2c-0b1a-444e-8448-a146b4f519df,5b0fa12a-3dd7-45bb-9766-cc326314d9f1,5.585064358077943,1.8382801140893196e-05,3.291421541867334e-06,22.90966590375,33.4329079992558,20.0,1.6380695039404847e-05,4.693753754736463e-05,1.4054041133365698e-05,7.737227372013517e-05,0.0,United Kingdom,GBR,england,,,Linux-6.4.0-150700.53.73-default-x86_64-with-glibc2.38,3.12.12,3.3.0,8,AMD EPYC 7543P 32-Core Processor,1,1 x NVIDIA A100-SXM4-40GB,-2.5917,51.4535,64,machine,0.0,6.0,4.3,10.747186660766602,N,1.0,0.0
2026-09-27T05:56:36,efficientnet_lite0_batch0_node_0_distill,562f8f1e-65e8-4f69-a340-433b11b18cf0,5b0fa12a-3dd7-45bb-9766-cc326314d9f1,12.499044565018266,7.886388208768578e-05,6.3095928394724086e-06,22.933592473500003,41.644240083699756,20.0,6.10426801473106e-05,0.00021842656362025537,5.2464819205407467e-05,0.0003319340629729734,0.0,United Kingdom,GBR,england,,,Linux-6.4.0-150700.53.73-default-x86_64-with-glibc2.38,3.12.12,3.3.0,8,AMD EPYC 7543P 32-Core Processor,1,1 x NVIDIA A100-SXM4-40GB,-2.5917,51.4535,64,machine,0.0,26.0,4.3,10.791019015842014,N,1.0,0.0
2026-09-27T05:56:57,efficientnet_lite0_batch0_node_1_distill,eb9e5010-cadd-48e7-8a85-115ac68ea466,5b0fa12a-3dd7-45bb-9766-cc326314d9f1,20.82997332001105,0.00014691692534946565,7.0531499533090956e-06,22.94530440075,53.27214900700324,20.0,0.00011365151034406821,0.0004059881025568757,9.872624304973416e-05,0.000618365855950678,0.0,United Kingdom,GBR,england,,,Linux-6.4.0-150700.53.73-default-x86_64-with-glibc2.38,3.12.12,3.3.0,8,AMD EPYC 7543P 32-Core Processor,1,1 x NVIDIA A100-SXM4-40GB,-2.5917,51.4535,64,machine,0.0,30.0,4.3,10.771267161649817,N,1.0,0.0
2026-09-27T05:57:02,efficientnet_lite0_batch0_node_2_distill,3362c951-e42a-4f15-bd21-23aa67aa987e,5b0fa12a-3dd7-45bb-9766-cc326314d9f1,5.292827495839447,1.9007682224720543e-05,3.591215137780701e-06,22.79969638875,43.053607569567596,20.0,1.4322995573093974e-05,5.328559818451595e-05,1.2393772617603343e-05,8.000236637521326e-05,0.0,United Kingdom,GBR,england,,,Linux-6.4.0-150700.53.73-default-x86_64-with-glibc2.38,3.12.12,3.3.0,8,AMD EPYC 7543P 32-Core Processor,1,1 x NVIDIA A100-SXM4-40GB,-2.5917,51.4535,64,machine,0.0,33.5,4.3,10.761362075805664,N,1.0,0.0
2026-09-27T05:57:11,efficientnet_lite0_batch0_node_3_distill,a737681e-fe8c-4668-874b-4c4620e6c827,5b0fa12a-3dd7-45bb-9766-cc326314d9f1,9.399492375086993,5.265366144751497e-05,5.6017558551429384e-06,22.892135189464284,41.3637229473605,20.0,4.0858122472090494e-05,0.00014555511644687158,3.520334033140292e-05,0.00022161657925036501,0.0,United Kingdom,GBR,england,,,Linux-6.4.0-150700.53.73-default-x86_64-with-glibc2.38,3.12.12,3.3.0,8,AMD EPYC 7543P 32-Core Processor,1,1 x NVIDIA A100-SXM4-40GB,-2.5917,51.4535,64,machine,8.333333333333334,17.833333333333332,4.3,10.792341232299805,N,1.0,0.0
2026-09-27T05:57:17,efficientnet_lite0_batch0_node_0_evaluate,78bfa938-863d-4e29-8008-56b7fbf7a5d6,5b0fa12a-3dd7-45bb-9766-cc326314d9f1,5.295592807233334,1.6660273351728127e-05,3.146063898449971e-06,22.8495821625,34.93033767185695,20.0,1.4405410223972755e-05,4.330503463734203e-05,1.2411797126858599e-05,7.012224198817339e-05,0.0,United Kingdom,GBR,england,,,Linux-6.4.0-150700.53.73-default-x86_64-with-glibc2.38,3.12.12,3.3.0,8,AMD EPYC 7543P 32-Core Processor,1,1 x NVIDIA A100-SXM4-40GB,-2.5917,51.4535,64,machine,0.0,6.5,4.3,10.751686096191406,N,1.0,0.0
2026-09-27T05:57:22,efficientnet_lite0_batch0_node_1_evaluate,683fe315-c8f4-41ce-b2c0-678e0df47780,5b0fa12a-3dd7-45bb-9766-cc326314d9f1,5.64890162833035,1.868466434355865e-05,3.3076632543663697e-06,22.864061418750005,33.09566394399075,20.0,1.6699394886537268e-05,4.75567047004688e-05,1.4386700978502633e-05,7.864280056550871e-05,0.0,United Kingdom,GBR,england,,,Linux-6.4.0-150700.53.73-default-x86_64-with-glibc2.38,3.12.12,3.3.0,8,AMD EPYC 7543P 32-Core Processor,1,1 x NVIDIA A100-SXM4-40GB,-2.5917,51.4535,64,machine,0.0,9.5,4.3,10.755308151245117,N,1.0,0.0
2026-09-27T05:57:27,efficientnet_lite0_batch0_node_2_evaluate,6b2b344b-b6b0-464e-b3e0-b6b3af0dc84a,5b0fa12a-3dd7-45bb-9766-cc326314d9f1,4.931532586924732,1.3734344110060497e-05,2.785005242888425e-06,22.881519770625,34.006270097290525,20.0,1.2110214909787622e-05,3.53016948935192e-05,1.0395245031557149e-05,5.7807154834863976e-05,0.0,United Kingdom,GBR,england,,,Linux-6.4.0-150700.53.73-default-x86_64-with-glibc2.38,3.12.12,3.3.0,8,AMD EPYC 7543P 32-Core Processor,1,1 x NVIDIA A100-SXM4-40GB,-2.5917,51.4535,64,machine,0.0,15.0,4.3,10.840953826904297,N,1.0,0.0
2026-09-27T05:57:33,efficientnet_lite0_batch0_node_3_evaluate,cd6052e4-1477-4474-9ab8-f777188e9dcc,5b0fa12a-3dd7-45bb-9766-cc326314d9f1,5.041462747380137,1.4655741817477415e-05,2.9070415773861393e-06,22.732037611875,34.3915495775106,20.0,1.2742009288972728e-05,3.7906974753809664e-05,1.1036286813517412e-05,6.168527085629981e-05,0.0,United Kingdom,GBR,england,,,Linux-6.4.0-150700.53.73-default-x86_64-with-glibc2.38,3.12.12,3.3.0,8,AMD EPYC 7543P 32-Core Processor,1,1 x NVIDIA A100-SXM4-40GB,-2.5917,51.4535,64,machine,0.0,13.0,4.3,10.761489868164062,N,1.0,0.0
2026-09-27T05:57:56,mobilevit_xxs_batch0_node_0_local_train,a1082db9-19d7-49e6-b2a3-a40970c14925,5b0fa12a-3dd7-45bb-9766-cc326314d9f1,22.14038468291983,0.0001494326510021147,6.749324961701967e-06,23.0588654985,268.8247775298491,20.0,0.00012345549856367037,0.00039956059741541594,0.00010593832111141335,0.0006289544170904995,0.0,United Kingdom,GBR,england,,,Linux-6.4.0-150700.53.73-default-x86_64-with-glibc2.38,3.12.12,3.3.0,8,AMD EPYC 7543P 32-Core Processor,1,1 x NVIDIA A100-SXM4-40GB,-2.5917,51.4535,64,machine,0.0,24.77777777777778,4.3,10.864734861585829,N,1.0,0.0
2026-09-27T05:58:01,mobilevit_xxs_batch0_node_0_evaluate,093cdda2-97ef-4900-8978-b2e8f41b44e4,5b0fa12a-3dd7-45bb-9766-cc326314d9f1,5.31844252999872,1.635979781566761e-05,3.0760505022645317e-06,22.73537894625,33.380119246354184,20.0,1.443772327402768e-05,4.186392236249503e-05,1.2555910124339992e-05,6.88575557608627e-05,0.0,United Kingdom,GBR,england,,,Linux-6.4.0-150700.53.73-default-x86_64-with-glibc2.38,3.12.12,3.3.0,8,AMD EPYC 7543P 32-Core Processor,1,1 x NVIDIA A100-SXM4-40GB,-2.5917,51.4535,64,machine,0.0,10.0,4.3,10.757600784301758,N,1.0,0.0
2026-09-27T05:58:43,mobilevit_xxs_batch0_node_1_local_train,e72bd548-0b65-41f8-869a-1d65857aa6d9,5b0fa12a-3dd7-45bb-9766-cc326314d9f1,41.98413136182353,0.000302217727534524,7.1983799052546975e-06,22.705789345031253,56.20165437943084,20.0,0.0002463712974083931,0.0008094239808542625,0.00021622374422796485,0.0012720190224906206,0.0,United Kingdom,GBR,england,,,Linux-6.4.0-150700.53.73-default-x86_64-with-glibc2.38,3.12.12,3.3.0,8,AMD EPYC 7543P 32-Core Processor,1,1 x NVIDIA A100-SXM4-40GB,-2.5917,51.4535,64,machine,0.0,24.210526315789473,4.223684210526316,10.638530128880552,N,1.0,0.0
2026-09-27T05:58:49,mobilevit_xxs_batch0_node_1_evaluate,7b87246e-7a09-4675-9967-aa4ef3954332,5b0fa12a-3dd7-45bb-9766-cc326314d9f1,5.705976208206266,1.8835235681411e-05,3.300966389295909e-06,22.717633837500003,32.362106477632885,20.0,1.6930625403320584e-05,4.761753811521885e-05,1.4728384139016271e-05,7.92765476575557e-05,0.0,United Kingdom,GBR,england,,,Linux-6.4.0-150700.53.73-default-x86_64-with-glibc2.38,3.12.12,3.3.0,8,AMD EPYC 7543P 32-Core Processor,1,1 x NVIDIA A100-SXM4-40GB,-2.5917,51.4535,64,machine,0.0,10.0,4.3,10.873846054077148,N,1.0,0.0
2026-09-27T05:59:07,mobilevit_xxs_batch0_node_2_local_train,ea01e423-17be-46fe-8b2e-e4e966c622a9,5b0fa12a-3dd7-45bb-9766-cc326314d9f1,18.05467813508585,0.00011584884428641557,6.4165554998892645e-06,22.780883450250002,37.0990736467895,20.0,9.53781012213047e-05,0.00030893469158854714,8.328909232125929e-05,0.00048760188513111114,0.0,United Kingdom,GBR,england,,,Linux-6.4.0-150700.53.73-default-x86_64-with-glibc2.38,3.12.12,3.3.0,8,AMD EPYC 7543P 32-Core Processor,1,1 x NVIDIA A100-SXM4-40GB,-2.5917,51.4535,64,machine,0.0,23.642857142857142,4.35,10.922176361083984,N,1.0,0.0
2026-09-27T05:59:12,mobilevit_xxs_batch0_node_2_evaluate,1a8b2c0f-33e3-4645-8c94-8ff783deb0dd,5b0fa12a-3dd7-45bb-9766-cc326314d9f1,4.921162073034793,1.3499105969853092e-05,2.7430728290418676e-06,22.6914582825,33.54551646688578,20.0,1.1770149899558067e-05,3.4691138878883976e-05,1.0355760705553822e-05,5.681704948399586e-05,0.0,United Kingdom,GBR,england,,,Linux-6.4.0-150700.53.73-default-x86_64-with-glibc2.38,3.12.12,3.3.0,8,AMD EPYC 7543P 32-Core Processor,1,1 x NVIDIA A100-SXM4-40GB,-2.5917,51.4535,64,machine,0.0,15.0,4.4,11.00836181640625,N,1.0,0.0
2026-09-27T05:59:32,mobilevit_xxs_batch0_node_3_local_train,7f8c9a6c-c950-4e17-8cfd-4f5e2ba882f2,5b0fa12a-3dd7-45bb-9766-cc326314d9f1,19.74756813934073,0.0001288929122396251,6.527027091647153e-06,22.7811774285,49.788310582033404,20.0,0.00010682025685330028,0.00034296916324194626,9.271428268402816e-05,0.0005425037027792747,0.0,United Kingdom,GBR,england,,,Linux-6.4.0-150700.53.73-default-x86_64-with-glibc2.38,3.12.12,3.3.0,8,AMD EPYC 7543P 32-Core Processor,1,1 x NVIDIA A100-SXM4-40GB,-2.5917,51.4535,64,machine,0.0,25.125,4.4,11.064170598983765,N,1.0,0.0
2026-09-27T05:59:37,mobilevit_xxs_batch0_node_3_evaluate,cbfc9258-a535-4ad0-b064-e5b8e7e87abd,5b0fa12a-3dd7-45bb-9766-cc326314d9f1,5.159359475597739,1.505888457318986e-05,2.918750795406674e-06,22.814658540000003,32.73203479952416,20.0,1.3517039462582754e-05,3.818280832490473e-05,1.1682230394540563e-05,6.338207818202804e-05,0.0,United Kingdom,GBR,england,,,Linux-6.4.0-150700.53.73-default-x86_64-with-glibc2.38,3.12.12,3.3.0,8,AMD EPYC 7543P 32-Core Processor,1,1 x NVIDIA A100-SXM4-40GB,-2.5917,51.4535,64,machine,0.0,10.0,4.4,11.09170913696289,N,1.0,0.0
2026-09-27T05:59:44,mobilevit_xxs_batch0_node_0_knowledge_extraction,54b470f9-608d-450b-8b3d-c041ee28d29d,5b0fa12a-3dd7-45bb-9766-cc326314d9f1,6.6873008497059345,2.623337860059981e-05,3.922865022851991e-06,22.76944599375,33.21140675696572,20.0,2.3302014735885646e-05,6.694227576531375e-05,2.0170663897362017e-05,0.00011041495439856142,0.0,United Kingdom,GBR,england,,,Linux-6.4.0-150700.53.73-default-x86_64-with-glibc2.38,3.12.12,3.3.0,8,AMD EPYC 7543P 32-Core Processor,1,1 x NVIDIA A100-SXM4-40GB,-2.5917,51.4535,64,machine,0.0,9.666666666666666,4.4,11.06643803914388,N,1.0,0.0
2026-09-27T05:59:54,mobilevit_xxs_batch0_node_1_knowledge_extraction,6c827ff3-8825-4fb4-b19b-e8b514ff1cfb,5b0fa12a-3dd7-45bb-9766-cc326314d9f1,9.897657081950456,4.90648126680962e-05,4.957214850125659e-06,22.73709787714286,394.8099130943761,20.0,4.370673477279234e-05,0.00012481148873177972,3.7993074022233486e-05,0.00020651129752680554,0.0,United Kingdom,GBR,england,,,Linux-6.4.0-150700.53.73-default-x86_64-with-glibc2.38,3.12.12,3.3.0,8,AMD EPYC 7543P 32-Core Processor,1,1 x NVIDIA A100-SXM4-40GB,-2.5917,51.4535,64,machine,0.0,9.166666666666666,4.4,11.065732955932617,N,1.0,0.0
2026-09-27T05:59:58,mobilevit_xxs_batch0_node_2_knowledge_extraction,7bc19ae6-f461-41e2-87d9-477556dc0cd4,5b0fa12a-3dd7-45bb-9766-cc326314d9f1,3.9083539778366685,5.9488792387177175e-06,1.5220932577889246e-06,23.01522723,31.369538321676277,20.0,5.610624615837375e-06,1.4718900658294842e-05,4.709004450382458e-06,2.5038529724514677e-05,0.0,United Kingdom,GBR,england,,,Linux-6.4.0-150700.53.73-default-x86_64-with-glibc2.38,3.12.12,3.3.0,8,AMD EPYC 7543P 32-Core Processor,1,1 x NVIDIA A100-SXM4-40GB,-2.5917,51.4535,64,machine,0,0,0,0,N,1.0,0.0
2026-09-27T06:00:04,mobilevit_xxs_batch0_node_3_knowledge_extraction,916abd8f-a50c-4974-a246-41e8847cd31e,5b0fa12a-3dd7-45bb-9766-cc326314d9f1,5.541150203906,1.7747918858561434e-05,3.2029304757071535e-06,22.779999450000005,32.65856910560566,20.0,1.5914013364227924e-05,4.499059156160001e-05,1.3795481604110034e-05,7.470008652993797e-05,0.0,United Kingdom,GBR,england,,,Linux-6.4.0-150700.53.73-default-x86_64-with-glibc2.38,3.12.12,3.3.0,8,AMD EPYC 7543P 32-Core Processor,1,1 x NVIDIA A100-SXM4-40GB,-2.5917,51.4535,64,machine,16.65,8.0,4.4,11.136337280273438,N,1.0,0.0
2026-09-27T06:00:16,mobilevit_xxs_batch0_node_0_distill,8c4786a6-a1a2-4848-bcc4-c3d6f3a979ff,5b0fa12a-3dd7-45bb-9766-cc326314d9f1,12.612178539391607,7.488458853172193e-05,5.937482433969275e-06,22.690622473875003,37.95678462496292,20.0,6.0666116990754166e-05,0.00020143543892459093,5.308386315591633e-05,0.0003151854190712614,0.0,United Kingdom,GBR,england,,,Linux-6.4.0-150700.53.73-default-x86_64-with-glibc2.38,3.12.12,3.3.0,8,AMD EPYC 7543P 32-Core Processor,1,1 x NVIDIA A100-SXM4-40GB,-2.5917,51.4535,64,machine,0.0,28.333333333333332,4.411111111111111,11.164777543809679,N,1.0,0.0
2026-09-27T06:00:37,mobilevit_xxs_batch0_node_1_distill,073212bb-0458-4481-8dbf-4dcb3b1b16aa,5b0fa12a-3dd7-45bb-9766-cc326314d9f1,21.049511386081576,0.00013974979775089065,6.63909936851534e-06,22.8575700225,49.99995862885897,20.0,0.00011476424014064172,0.00037349168768230356,9.994385310500447e-05,0.0005881997809279498,0.0,United Kingdom,GBR,england,,,Linux-6.4.0-150700.53.73-default-x86_64-with-glibc2.38,3.12.12,3.3.0,8,AMD EPYC 7543P 32-Core Processor,1,1 x NVIDIA A100-SXM4-40GB,-2.5917,51.4535,64,machine,0.0,23.941176470588236,4.458823529411765,11.201522153966566,N,1.0,0.0
2026-09-27T06:00:43,mobilevit_xxs_batch0_node_2_distill,14f3f37a-876c-401e-b37a-565ae5bd0d79,5b0fa12a-3dd7-45bb-9766-cc326314d9f1,5.3956557787023485,1.8269203053138073e-05,3.3859096655590962e-06,22.54880658375,37.89926643283585,20.0,1.4750461075050723e-05,4.91578171022411e-05,1.298586697731581e-05,7.689414515460764e-05,0.0,United Kingdom,GBR,england,,,Linux-6.4.0-150700.53.73-default-x86_64-with-glibc2.38,3.12.12,3.3.0,8,AMD EPYC 7543P 32-Core Processor,1,1 x NVIDIA A100-SXM4-40GB,-2.5917,51.4535,64,machine,45.85,28.0,4.0,10.145843505859375,N,1.0,0.0
2026-09-27T06:00:53,mobilevit_xxs_batch0_node_3_distill,0c2660b4-d59e-473a-b7f6-671784860855,5b0fa12a-3dd7-45bb-9766-cc326314d9f1,9.660328928381205,5.103718879034519e-05,5.283172981864249e-06,22.667670564107148,37.195760906139796,20.0,4.192876631708132e-05,0.0001362414978984816,3.664266395175623e-05,0.00021481292816731917,0.0,United Kingdom,GBR,england,,,Linux-6.4.0-150700.53.73-default-x86_64-with-glibc2.38,3.12.12,3.3.0,8,AMD EPYC 7543P 32-Core Processor,1,1 x NVIDIA A100-SXM4-40GB,-2.5917,51.4535,64,machine,0.0,23.333333333333332,4.3500000000000005,10.973838806152344,N,1.0,0.0
2026-09-27T06:00:58,mobilevit_xxs_batch0_node_0_evaluate,46709fc8-4e89-4891-858e-f12985a67506,5b0fa12a-3dd7-45bb-9766-cc326314d9f1,5.3639050661586225,1.6495077140149083e-05,3.0751993066055668e-06,22.7979747,32.63474523385745,20.0,1.4835019072756469e-05,4.1776422307293615e-05,1.2815498167441951e-05,6.942693954749204e-05,0.0,United Kingdom,GBR,england,,,Linux-6.4.0-150700.53.73-default-x86_64-with-glibc2.38,3.12.12,3.3.0,8,AMD EPYC 7543P 32-Core Processor,1,1 x NVIDIA A100-SXM4-40GB,-2.5917,51.4535,64,machine,0.0,7.5,4.5,11.278175354003906,N,1.0,0.0
2026-09-27T06:01:04,mobilevit_xxs_batch0_node_1_evaluate,e4502ab0-8db3-46e5-89a3-eadc16017f37,5b0fa12a-3dd7-45bb-9766-cc326314d9f1,5.6692089810967445,1.87496023929516e-05,3.3072695777258807e-06,22.69971262125,381.6386266809099,20.0,1.656612649773573e-05,4.785837161591644e-05,1.4491623394294747e-05,7.891612150794692e-05,0.0,United Kingdom,GBR,england,,,Linux-6.4.0-150700.53.73-default-x86_64-with-glibc2.38,3.12.12,3.3.0,8,AMD EPYC 7543P 32-Core Processor,1,1 x NVIDIA A100-SXM4-40GB,-2.5917,51.4535,64,machine,0.0,14.5,4.5,11.22467041015625,N,1.0,0.0
2026-09-27T06:01:09,mobilevit_xxs_batch0_node_2_evaluate,582d4653-1818-4ab1-99b8-518f2807feba,5b0fa12a-3dd7-45bb-9766-cc326314d9f1,4.96606539003551,1.3666207916785152e-05,2.751918640500912e-06,22.700733440625,32.90360105382227,20.0,1.2190344232093717e-05,3.47525278101557e-05,1.0577501025464798e-05,5.752037306771421e-05,0.0,United Kingdom,GBR,england,,,Linux-6.4.0-150700.53.73-default-x86_64-with-glibc2.38,3.12.12,3.3.0,8,AMD EPYC 7543P 32-Core Processor,1,1 x NVIDIA A100-SXM4-40GB,-2.5917,51.4535,64,machine,0.0,15.0,4.5,11.32867431640625,N,1.0,0.0
2026-09-27T06:01:14,mobilevit_xxs_batch0_node_3_evaluate,7458a3e5-f45e-4491-8d32-13bbe90ac72c,5b0fa12a-3dd7-45bb-9766-cc326314d9f1,5.060415947809815,1.441210381637184e-05,2.848007745807833e-06,22.580467779375,33.21066941572631,20.0,1.2660293141127873e-05,3.6880307277442625e-05,1.111921050016665e-05,6.065981091873715e-05,0.0,United Kingdom,GBR,england,,,Linux-6.4.0-150700.53.73-default-x86_64-with-glibc2.38,3.12.12,3.3.0,8,AMD EPYC 7543P 32-Core Processor,1,1 x NVIDIA A100-SXM4-40GB,-2.5917,51.4535,64,machine,0.0,20.0,4.5,11.301002502441406,N,1.0,0.0
2026-09-27T06:01:28,mobilenet_v3_small_batch1_node_0_local_train,f4d5dd1b-06cd-4f00-bdfc-b1c781a51699,5b0fa12a-3dd7-45bb-9766-cc326314d9f1,5.877560429740697,1.9887848756724277e-05,3.383691072930692e-06,22.62326391,32.674669987872775,20.0,1.7843596685150598e-05,5.0201984606701444e-05,1.5661361187489498e-05,8.370694247934155e-05,0.0,United Kingdom,GBR,england,,,Linux-6.4.0-150700.53.73-default-x86_64-with-glibc2.38,3.12.12,3.3.0,8,AMD EPYC 7543P 32-Core Processor,1,1 x NVIDIA A100-SXM4-40GB,-2.5917,51.4535,64,machine,0.0,12.0,4.3,10.88747787475586,N,1.0,0.0
2026-09-27T06:01:35,mobilenet_v3_small_batch1_node_0_evaluate,00d1d3e3-b863-4e09-a796-c6ba9cb1a331,5b0fa12a-3dd7-45bb-9766-cc326314d9f1,6.466881698928773,2.3174916369794806e-05,3.5836307897257015e-06,22.603552020000002,30.273107390538563,20.0,2.1423176588538037e-05,5.720671242670505e-05,1.891215362896522e-05,9.754204264420831e-05,0.0,United Kingdom,GBR,england,,,Linux-6.4.0-150700.53.73-default-x86_64-with-glibc2.38,3.12.12,3.3.0,8,AMD EPYC 7543P 32-Core Processor,1,1 x NVIDIA A100-SXM4-40GB,-2.5917,51.4535,64,machine,0.0,1.6666666666666667,4.3,10.84683100382487,N,1.0,0.0
2026-09-27T06:01:43,mobilenet_v3_small_batch1_node_1_local_train,79ae4024-c07c-4b2d-92e4-7c1a5c2da9bd,5b0fa12a-3dd7-45bb-9766-cc326314d9f1,8.23727759392932,3.655528384744036e-05,4.437787051680854e-06,22.68330121125,32.05950190985621,20.0,3.282332521860397e-05,9.224562936083203e-05,2.879037328271402e-05,0.00015385932786215003,0.0,United Kingdom,GBR,england,,,Linux-6.4.0-150700.53.73-default-x86_64-with-glibc2.38,3.12.12,3.3.0,8,AMD EPYC 7543P 32-Core Processor,1,1 x NVIDIA A100-SXM4-40GB,-2.5917,51.4535,64,machine,0.0,10.0,4.36,10.962233734130859,N,1.0,0.0
2026-09-27T06:01:49,mobilenet_v3_small_batch1_node_1_evaluate,b84a2f1d-6f91-44a1-b25b-b73d70a592e4,5b0fa12a-3dd7-45bb-9766-cc326314d9f1,5.486599859315902,1.6578606749030263e-05,3.0216540615552326e-06,22.78802955375,30.216096922835177,20.0,1.5586603403605943e-05,4.070614367890357e-05,1.3485764334392216e-05,6.977851141690173e-05,0.0,United Kingdom,GBR,england,,,Linux-6.4.0-150700.53.73-default-x86_64-with-glibc2.38,3.12.12,3.3.0,8,AMD EPYC 7543P 32-Core Processor,1,1 x NVIDIA A100-SXM4-40GB,-2.5917,51.4535,64,machine,0.0,3.5,4.4,10.97718620300293,N,1.0,0.0
2026-09-27T06:01:52,mobilenet_v3_small_batch1_node_2_local_train,dc979e97-a1fb-4bc7-aa03-a78b343b3e4f,5b0fa12a-3dd7-45bb-9766-cc326314d9f1,3.364098757971078,2.132913645540302e-06,6.340223040380313e-07,22.980091050000002,30.824105744350224,20.0,2.0724543117787985e-06,5.198615269819129e-06,1.7062553178725971e-06,8.977324899470524e-06,0.0,United Kingdom,GBR,england,,,Linux-6.4.0-150700.53.73-default-x86_64-with-glibc2.38,3.12.12,3.3.0,8,AMD EPYC 7543P 32-Core Processor,1,1 x NVIDIA A100-SXM4-40GB,-2.5917,51.4535,64,machine,0,0,0,0,N,1.0,0.0
2026-09-27T06:01:57,mobilenet_v3_small_batch1_node_2_evaluate,91f6b208-3c3d-427a-bcc2-2770c1c26943,5b0fa12a-3dd7-45bb-9766-cc326314d9f1,5.130012373905629,1.4321621466259997e-05,2.7917323433971615e-06,22.580304581249997,31.162559151375827,20.0,1.3054676808875995e-05,3.5738639695637175e-05,1.148565881109486e-05,6.0278975315608035e-05,0.0,United Kingdom,GBR,england,,,Linux-6.4.0-150700.53.73-default-x86_64-with-glibc2.38,3.12.12,3.3.0,8,AMD EPYC 7543P 32-Core Processor,1,1 x NVIDIA A100-SXM4-40GB,-2.5917,51.4535,64,machine,0.0,3.5,4.3,10.933570861816406,N,1.0,0.0
2026-09-27T06:02:02,mobilenet_v3_small_batch1_node_3_local_train,8ee08805-94fd-42e2-88dc-575520e03762,5b0fa12a-3dd7-45bb-9766-cc326314d9f1,4.903255947865546,1.2743055353147999e-05,2.598896628819718e-06,22.562928697500002,30.945552208996087,20.0,1.1670235371491455e-05,3.170502536420372e-05,1.025961021013144e-05,5.3634870945826616e-05,0.0,United Kingdom,GBR,england,,,Linux-6.4.0-150700.53.73-default-x86_64-with-glibc2.38,3.12.12,3.3.0,8,AMD EPYC 7543P 32-Core Processor,1,1 x NVIDIA A100-SXM4-40GB,-2.5917,51.4535,64,machine,0.0,12.0,4.4,11.01003646850586,N,1.0,0.0
2026-09-27T06:02:07,mobilenet_v3_small_batch1_node_3_evaluate,cbcc5514-df04-432c-9fb5-f849ca43af41,5b0fa12a-3dd7-45bb-9766-cc326314d9f1,5.242821847088635,1.5008545710783678e-05,2.8626846664869984e-06,22.602164861250003,30.788111830585642,20.0,1.3777275200503989e-05,3.72719742784966e-05,1.2120954995043576e-05,6.317020447404416e-05,0.0,United Kingdom,GBR,england,,,Linux-6.4.0-150700.53.73-default-x86_64-with-glibc2.38,3.12.12,3.3.0,8,AMD EPYC 7543P 32-Core Processor,1,1 x NVIDIA A100-SXM4-40GB,-2.5917,51.4535,64,machine,0.0,3.5,4.3,10.915899276733398,N,1.0,0.0
2026-09-27T06:02:12,mobilenet_v3_small_batch1_node_0_knowledge_extraction,cccc36d8-fbd9-4b96-9ea1-bd8d92b4caa6,5b0fa12a-3dd7-45bb-9766-cc326314d9f1,4.528431687038392,1.0158145913781771e-05,2.2431929232491592e-06,22.702411305000002,364.6618042752511,20.0,9.432983671610258e-06,2.5138909009569943e-05,8.183226090235015e-06,4.275511877141522e-05,0.0,United Kingdom,GBR,england,,,Linux-6.4.0-150700.53.73-default-x86_64-with-glibc2.38,3.12.12,3.3.0,8,AMD EPYC 7543P 32-Core Processor,1,1 x NVIDIA A100-SXM4-40GB,-2.5917,51.4535,64,machine,0.0,3.0,4.4,11.08707046508789,N,1.0,0.0
2026-09-27T06:02:17,mobilenet_v3_small_batch1_node_1_knowledge_extraction,8cf7e9d6-c3c3-4c96-87d8-edcb54601570,5b0fa12a-3dd7-45bb-9766-cc326314d9f1,4.7706065219827,1.1706016609916165e-05,2.4537795259314443e-06,22.877920940625007,30.122647331007528,20.0,1.111711129802e-05,2.863307848599561e-05,9.519837910516396e-06,4.9270027694532005e-05,0.0,United Kingdom,GBR,england,,,Linux-6.4.0-150700.53.73-default-x86_64-with-glibc2.38,3.12.12,3.3.0,8,AMD EPYC 7543P 32-Core Processor,1,1 x NVIDIA A100-SXM4-40GB,-2.5917,51.4535,64,machine,0.0,2.0,4.4,11.046760559082031,N,1.0,0.0
2026-09-27T06:02:21,mobilenet_v3_small_batch1_node_3_knowledge_extraction,32d9498c-4820-46d8-b74f-98b69066af9b,5b0fa12a-3dd7-45bb-9766-cc326314d9f1,3.8191389134153724,5.3362116029646e-06,1.3972289890321224e-06,22.5906675525,31.91140971997055,20.0,4.854803894990982e-06,1.3393621827617608e-05,4.211417127711077e-06,2.245984285031967e-05,0.0,United Kingdom,GBR,england,,,Linux-6.4.0-150700.53.73-default-x86_64-with-glibc2.38,3.12.12,3.3.0,8,AMD EPYC 7543P 32-Core Processor,1,1 x NVIDIA A100-SXM4-40GB,-2.5917,51.4535,64,machine,0,0,0,0,N,1.0,0.0
2026-09-27T06:02:26,mobilenet_v3_small_batch1_node_0_distill,1d03d686-7a7c-4ad7-94e7-8e56adf6e523,5b0fa12a-3dd7-45bb-9766-cc326314d9f1,5.051283237989992,1.4159498995387571e-05,2.8031488887607743e-06,22.639381509375,32.398872093138245,20.0,1.2666648969810705e-05,3.585030644615017e-05,1.1079654677046671e-05,5.959661009300755e-05,0.0,United Kingdom,GBR,england,,,Linux-6.4.0-150700.53.73-default-x86_64-with-glibc2.38,3.12.12,3.3.0,8,AMD EPYC 7543P 32-Core Processor,1,1 x NVIDIA A100-SXM4-40GB,-2.5917,51.4535,64,machine,0.0,14.0,4.5,11.308761596679688,N,1.0,0.0
2026-09-27T06:02:33,mobilenet_v3_small_batch1_node_1_distill,bcb178e4-176d-4771-84a3-fdebcd9a7436,5b0fa12a-3dd7-45bb-9766-cc326314d9f1,6.896060917992145,2.7076551056641266e-05,3.926379331423433e-06,22.57437814875,32.08207247726808,20.0,2.4226915727139775e-05,6.840172137856371e-05,2.13351872154615e-05,0.00011396382432116498,0.0,United Kingdom,GBR,england,,,Linux-6.4.0-150700.53.73-default-x86_64-with-glibc2.38,3.12.12,3.3.0,8,AMD EPYC 7543P 32-Core Processor,1,1 x NVIDIA A100-SXM4-40GB,-2.5917,51.4535,64,machine,0.0,11.333333333333334,4.5,11.250685373942057,N,1.0,0.0
2026-09-27T06:02:38,mobilenet_v3_small_batch1_node_0_evaluate,51963eb4-3abc-4c42-8ac9-6bc6ac4079f1,5b0fa12a-3dd7-45bb-9766-cc326314d9f1,5.130761221982539,1.4306042673313374e-05,2.7882885315379155e-06,22.603358058750004,30.904412534301496,20.0,1.3114967494470569e-05,3.55733617993792e-05,1.1525075675712691e-05,6.0213404969562456e-05,0.0,United Kingdom,GBR,england,,,Linux-6.4.0-150700.53.73-default-x86_64-with-glibc2.38,3.12.12,3.3.0,8,AMD EPYC 7543P 32-Core Processor,1,1 x NVIDIA A100-SXM4-40GB,-2.5917,51.4535,64,machine,0.0,3.5,4.5,11.248834609985352,N,1.0,0.0
2026-09-27T06:02:43,mobilenet_v3_small_batch1_node_1_evaluate,f0a7eb58-ec8d-471e-a255-4db3b9bd70ca,5b0fa12a-3dd7-45bb-9766-cc326314d9f1,5.249945587944239,1.5089284451374799e-05,2.8741792078807855e-06,22.724361427500003,30.671981199883074,20.0,1.4019619972208693e-05,3.731141875107369e-05,1.2178990997684498e-05,6.351002972096688e-05,0.0,United Kingdom,GBR,england,,,Linux-6.4.0-150700.53.73-default-x86_64-with-glibc2.38,3.12.12,3.3.0,8,AMD EPYC 7543P 32-Core Processor,1,1 x NVIDIA A100-SXM4-40GB,-2.5917,51.4535,64,machine,0.0,3.0,4.5,11.278924942016602,N,1.0,0.0
2026-09-27T06:02:50,efficientnet_lite0_batch1_node_0_local_train,71609160-36be-4328-b238-495238d765f6,5b0fa12a-3dd7-45bb-9766-cc326314d9f1,4.88081835815683,1.5051309162521268e-05,3.083767527912097e-06,22.771485219375002,41.11364450356854,20.0,1.1720487305990466e-05,4.151725543977136e-05,1.0112450918596654e-05,6.335019366435848e-05,0.0,United Kingdom,GBR,england,,,Linux-6.4.0-150700.53.73-default-x86_64-with-glibc2.38,3.12.12,3.3.0,8,AMD EPYC 7543P 32-Core Processor,1,1 x NVIDIA A100-SXM4-40GB,-2.5917,51.4535,64,machine,0.0,36.0,4.5,11.271980285644531,N,1.0,0.0
2026-09-27T06:02:55,efficientnet_lite0_batch1_node_0_evaluate,8f943876-97df-4691-93fd-ca6d673e02eb,5b0fa12a-3dd7-45bb-9766-cc326314d9f1,5.457281067967415,1.7445078460274786e-05,3.1966611656988143e-06,22.56769497375,33.70906364366284,20.0,1.516637218492735e-05,4.491920259397375e-05,1.3339871939064728e-05,7.342544671796584e-05,0.0,United Kingdom,GBR,england,,,Linux-6.4.0-150700.53.73-default-x86_64-with-glibc2.38,3.12.12,3.3.0,8,AMD EPYC 7543P 32-Core Processor,1,1 x NVIDIA A100-SXM4-40GB,-2.5917,51.4535,64,machine,0.0,6.5,4.3,10.7252197265625,N,1.0,0.0
2026-09-27T06:03:02,efficientnet_lite0_batch1_node_1_local_train,0b8c45ad-ce06-4680-bb67-903417c9c06e,5b0fa12a-3dd7-45bb-9766-cc326314d9f1,7.045138482935727,3.2641239405479295e-05,4.633157954884886e-06,22.558832502187506,40.72711887764746,20.0,2.5122627090107073e-05,9.011784987933424e-05,2.2144837188534443e-05,0.00013738531415797574,0.0,United Kingdom,GBR,england,,,Linux-6.4.0-150700.53.73-default-x86_64-with-glibc2.38,3.12.12,3.3.0,8,AMD EPYC 7543P 32-Core Processor,1,1 x NVIDIA A100-SXM4-40GB,-2.5917,51.4535,64,machine,0.0,20.0,4.2,10.56906763712565,N,1.0,0.0
2026-09-27T06:03:08,efficientnet_lite0_batch1_node_1_evaluate,413e4667-f55d-45f8-a823-254baa0ba2ae,5b0fa12a-3dd7-45bb-9766-cc326314d9f1,5.473237187135965,1.7555993994183756e-05,3.20760701462866e-06,22.6612740375,33.674870057965876,20.0,1.5366800470740295e-05,4.511420276287481e-05,1.3411281317368977e-05,7.389228455098408e-05,0.0,United Kingdom,GBR,england,,,Linux-6.4.0-150700.53.73-default-x86_64-with-glibc2.38,3.12.12,3.3.0,8,AMD EPYC 7543P 32-Core Processor,1,1 x NVIDIA A100-SXM4-40GB,-2.5917,51.4535,64,machine,0.0,8.0,4.5,11.240493774414062,N,1.0,0.0
2026-09-27T06:03:11,efficientnet_lite0_batch1_node_2_local_train,50b79dff-f849-4d11-97fb-11a384a2223b,5b0fa12a-3dd7-45bb-9766-cc326314d9f1,3.2823986001312733,1.9581551340810655e-06,5.965622621222032e-07,22.722848718750004,364.04615096710654,20.0,1.5003172492717428e-06,5.496115520031708e-06,1.2453424563217493e-06,8.241775225625199e-06,0.0,United Kingdom,GBR,england,,,Linux-6.4.0-150700.53.73-default-x86_64-with-glibc2.38,3.12.12,3.3.0,8,AMD EPYC 7543P 32-Core Processor,1,1 x NVIDIA A100-SXM4-40GB,-2.5917,51.4535,64,machine,0,0,0,0,N,1.0,0.0
2026-09-27T06:03:17,efficientnet_lite0_batch1_node_2_evaluate,c64e6603-0428-40ae-9edb-6aaf8a76135a,5b0fa12a-3dd7-45bb-9766-cc326314d9f1,5.3749606516212225,1.6836469576687002e-05,3.132389363931195e-06,22.84383511125,33.50212110624225,20.0,1.4919605615187157e-05,4.30730900262688e-05,1.2871147283456392e-05,7.086384292491235e-05,0.0,United Kingdom,GBR,england,,,Linux-6.4.0-150700.53.73-default-x86_64-with-glibc2.38,3.12.12,3.3.0,8,AMD EPYC 7543P 32-Core Processor,1,1 x NVIDIA A100-SXM4-40GB,-2.5917,51.4535,64,machine,0.0,8.5,4.5,11.37214469909668,N,1.0,0.0
2026-09-27T06:03:21,efficientnet_lite0_batch1_node_3_local_train,410f9d44-e01f-4711-afc7-f86211f2c2e0,5b0fa12a-3dd7-45bb-9766-cc326314d9f1,4.473802213091403,1.0957082168535195e-05,2.449165530043367e-06,22.57082164125,37.23775499641814,20.0,8.983824779373581e-06,2.9261690087878378e-05,7.872285908605488e-06,4.611780077585745e-05,0.0,United Kingdom,GBR,england,,,Linux-6.4.0-150700.53.73-default-x86_64-with-glibc2.38,3.12.12,3.3.0,8,AMD EPYC 7543P 32-Core Processor,1,1 x NVIDIA A100-SXM4-40GB,-2.5917,51.4535,64,machine,0.0,21.0,4.5,11.38040542602539,N,1.0,0.0
2026-09-27T06:03:27,efficientnet_lite0_batch1_node_3_evaluate,02bdd260-c4ad-49de-ad4d-a35758ec2fd7,5b0fa12a-3dd7-45bb-9766-cc326314d9f1,5.368813271168619,1.6793552403227632e-05,3.127982210409827e-06,22.754009250000003,33.628491148255165,20.0,1.480006208673163e-05,4.306003444298767e-05,1.2823110197981198e-05,7.06832067277005e-05,0.0,United Kingdom,GBR,england,,,Linux-6.4.0-150700.53.73-default-x86_64-with-glibc2.38,3.12.12,3.3.0,8,AMD EPYC 7543P 32-Core Processor,1,1 x NVIDIA A100-SXM4-40GB,-2.5917,51.4535,64,machine,0.0,6.5,4.55,11.443830490112305,N,1.0,0.0
2026-09-27T06:03:31,efficientnet_lite0_batch1_node_1_knowledge_extraction,b820a4fd-0a9a-4012-bee5-c9e722502270,5b0fa12a-3dd7-45bb-9766-cc326314d9f1,4.7618624940514565,1.237199387583044e-05,2.598141775678235e-06,22.698688190625003,33.57363028249833,20.0,1.090361603329906e-05,3.1710303147747254e-05,9.459172905836667e-06,5.207309208688298e-05,0.0,United Kingdom,GBR,england,,,Linux-6.4.0-150700.53.73-default-x86_64-with-glibc2.38,3.12.12,3.3.0,8,AMD EPYC 7543P 32-Core Processor,1,1 x NVIDIA A100-SXM4-40GB,-2.5917,51.4535,64,machine,0.0,8.0,4.6,11.491241455078125,N,1.0,0.0
2026-09-27T06:03:39,mobilevit_xxs_batch1_node_0_local_train,923d941d-855a-4f63-a79d-acdc3cf308ac,5b0fa12a-3dd7-45bb-9766-cc326314d9f1,5.878355104010552,2.1765991971963277e-05,3.7027351336963746e-06,22.7024975025,37.13473216982995,20.0,1.7965638454406014e-05,5.801032418162322e-05,1.5635988977737725e-05,9.161195161376695e-05,0.0,United Kingdom,GBR,england,,,Linux-6.4.0-150700.53.73-default-x86_64-with-glibc2.38,3.12.12,3.3.0,8,AMD EPYC 7543P 32-Core Processor,1,1 x NVIDIA A100-SXM4-40GB,-2.5917,51.4535,64,machine,0.0,26.5,4.6,11.532102584838867,N,1.0,0.0
2026-09-27T06:03:45,mobilevit_xxs_batch1_node_0_evaluate,6b3dff50-a681-4cba-96ca-10ddcfc57043,5b0fa12a-3dd7-45bb-9766-cc326314d9f1,5.512311734259129,1.762774897037461e-05,3.1978868068759237e-06,22.748393553750002,32.996637111114836,20.0,1.5723998865097356e-05,4.486059145847321e-05,1.3609707267541027e-05,7.419429759111159e-05,0.0,United Kingdom,GBR,england,,,Linux-6.4.0-150700.53.73-default-x86_64-with-glibc2.38,3.12.12,3.3.0,8,AMD EPYC 7543P 32-Core Processor,1,1 x NVIDIA A100-SXM4-40GB,-2.5917,51.4535,64,machine,0.0,11.5,4.6,11.568777084350586,N,1.0,0.0
2026-09-27T06:03:54,mobilevit_xxs_batch1_node_1_local_train,77dbf0f8-e0e7-4a50-b941-0ef825fe1e88,5b0fa12a-3dd7-45bb-9766-cc326314d9f1,9.083938833791763,4.653563405902477e-05,5.122847578620269e-06,22.821630359464287,36.9480007891185,20.0,3.870222872747412e-05,0.00012367648781719254,3.348739703392817e-05,0.00019586611357859482,0.0,United Kingdom,GBR,england,,,Linux-6.4.0-150700.53.73-default-x86_64-with-glibc2.38,3.12.12,3.3.0,8,AMD EPYC 7543P 32-Core Processor,1,1 x NVIDIA A100-SXM4-40GB,-2.5917,51.4535,64,machine,0.0,28.833333333333332,4.6,11.558254877726236,N,1.0,0.0
2026-09-27T06:04:00,mobilevit_xxs_batch1_node_1_evaluate,30781f6f-2e71-407a-8789-f283f5ad4609,5b0fa12a-3dd7-45bb-9766-cc326314d9f1,5.591009052935988,1.793396288679275e-05,3.2076433282423586e-06,22.707738371250002,32.20787084132737,20.0,1.6183461560219404e-05,4.523920283361349e-05,1.4060471975244582e-05,7.548313636907748e-05,0.0,United Kingdom,GBR,england,,,Linux-6.4.0-150700.53.73-default-x86_64-with-glibc2.38,3.12.12,3.3.0,8,AMD EPYC 7543P 32-Core Processor,1,1 x NVIDIA A100-SXM4-40GB,-2.5917,51.4535,64,machine,0.0,8.5,4.6,11.620502471923828,N,1.0,0.0
2026-09-27T06:04:03,mobilevit_xxs_batch1_node_2_local_train,f7061cb4-5f9f-40e9-b0d2-7cb8e2170fff,5b0fa12a-3dd7-45bb-9766-cc326314d9f1,3.3980617001652718,2.3226280030002457e-06,6.835155473743398e-07,22.8795163875,30.790311758143595,20.0,2.2287138505455693e-06,5.686115642333789e-06,1.8609934745149478e-06,9.775822967394305e-06,0.0,United Kingdom,GBR,england,,,Linux-6.4.0-150700.53.73-default-x86_64-with-glibc2.38,3.12.12,3.3.0,8,AMD EPYC 7543P 32-Core Processor,1,1 x NVIDIA A100-SXM4-40GB,-2.5917,51.4535,64,machine,0,0,0,0,N,1.0,0.0
2026-09-27T06:04:08,mobilevit_xxs_batch1_node_2_evaluate,f7c42319-493d-456e-9ad0-028e2680ca99,5b0fa12a-3dd7-45bb-9766-cc326314d9f1,5.3588610659353435,1.6550004124564215e-05,3.0883435716905554e-06,22.787857563750002,32.96361009725136,20.0,1.4821284828017972e-05,4.2056422529412885e-05,1.2780417069896227e-05,6.965812442732709e-05,0.0,United Kingdom,GBR,england,,,Linux-6.4.0-150700.53.73-default-x86_64-with-glibc2.38,3.12.12,3.3.0,8,AMD EPYC 7543P 32-Core Processor,1,1 x NVIDIA A100-SXM4-40GB,-2.5917,51.4535,64,machine,0.0,7.5,4.6,11.569583892822266,N,1.0,0.0
2026-09-27T06:04:14,mobilevit_xxs_batch1_node_3_local_train,583c35bc-b5aa-4e55-9d65-e9f5f3890c3c,5b0fa12a-3dd7-45bb-9766-cc326314d9f1,5.201000788249075,1.58577718844123e-05,3.0489847108350167e-06,22.58824420125,34.78547456230549,20.0,1.355068085929512e-05,4.130531081614208e-05,1.1888562510203985e-05,6.674455418564118e-05,0.0,United Kingdom,GBR,england,,,Linux-6.4.0-150700.53.73-default-x86_64-with-glibc2.38,3.12.12,3.3.0,8,AMD EPYC 7543P 32-Core Processor,1,1 x NVIDIA A100-SXM4-40GB,-2.5917,51.4535,64,machine,0.0,23.0,4.6,11.645671844482422,N,1.0,0.0
2026-09-27T06:04:19,mobilevit_xxs_batch1_node_3_evaluate,72580baa-2e48-4bf9-a491-547cb359e74c,5b0fa12a-3dd7-45bb-9766-cc326314d9f1,5.448027987964451,1.721694486841508e-05,3.1602159361974667e-06,22.751910371250002,33.09303537293433,20.0,1.535029485636722e-05,4.384336841667391e-05,1.3271580776199699e-05,7.246524404924084e-05,0.0,United Kingdom,GBR,england,,,Linux-6.4.0-150700.53.73-default-x86_64-with-glibc2.38,3.12.12,3.3.0,8,AMD EPYC 7543P 32-Core Processor,1,1 x NVIDIA A100-SXM4-40GB,-2.5917,51.4535,64,machine,35.7,10.0,4.6,11.580987930297852,N,1.0,0.0
2026-09-27T06:04:24,mobilevit_xxs_batch1_node_1_knowledge_extraction,065b41df-eb49-40ab-8a07-fb5c26f3e7b6,5b0fa12a-3dd7-45bb-9766-cc326314d9f1,4.888565805274993,1.276101974556304e-05,2.6103810920972564e-06,22.595287640625003,31.496626102993698,20.0,1.1603435964536555e-05,3.194919223403758e-05,1.0157853959956103e-05,5.371048215853024e-05,0.0,United Kingdom,GBR,england,,,Linux-6.4.0-150700.53.73-default-x86_64-with-glibc2.38,3.12.12,3.3.0,8,AMD EPYC 7543P 32-Core Processor,1,1 x NVIDIA A100-SXM4-40GB,-2.5917,51.4535,64,machine,0.0,10.0,4.6,11.569168090820312,N,1.0,0.0
2026-09-27T06:04:27,mobilevit_xxs_batch1_node_2_knowledge_extraction,9f2be0e1-4a68-4853-865b-118a607bfb8e,5b0fa12a-3dd7-45bb-9766-cc326314d9f1,3.2375581599771976,1.3758077454284162e-06,4.24952287324502e-07,23.100530152500003,35.568525829470225,20.0,1.2675943372155583e-06,3.519169482046891e-06,1.003940907927851e-06,5.7907047271903005e-06,0.0,United Kingdom,GBR,england,,,Linux-6.4.0-150700.53.73-default-x86_64-with-glibc2.38,3.12.12,3.3.0,8,AMD EPYC 7543P 32-Core Processor,1,1 x NVIDIA A100-SXM4-40GB,-2.5917,51.4535,64,machine,0,0,0,0,N,1.0,0.0
2026-09-27T06:04:33,mobilevit_xxs_batch1_node_0_distill,323d7913-b52e-4efa-9d60-414c7a49059b,5b0fa12a-3dd7-45bb-9766-cc326314d9f1,5.33864551782608,1.7828613865813107e-05,3.3395388036688746e-06,22.73222595375,37.78635980177003,20.0,1.4561817457404173e-05,4.780476047017146e-05,1.267314977788677e-05,7.50397277054624e-05,0.0,United Kingdom,GBR,england,,,Linux-6.4.0-150700.53.73-default-x86_64-with-glibc2.38,3.12.12,3.3.0,8,AMD EPYC 7543P 32-Core Processor,1,1 x NVIDIA A100-SXM4-40GB,-2.5917,51.4535,64,machine,0.0,37.5,4.65,11.688104629516602,N,1.0,0.0
2026-09-27T06:04:41,mobilevit_xxs_batch1_node_1_distill,dbcecb69-36a9-42e1-a2d5-60b0b145dd0b,5b0fa12a-3dd7-45bb-9766-cc326314d9f1,7.587697803974152,3.4640617855237615e-05,4.565366037257594e-06,22.63905709425,36.50632308155083,20.0,2.874725876979815e-05,9.18728512715461e-05,2.5180486178336047e-05,0.00014580059621968028,0.0,United Kingdom,GBR,england,,,Linux-6.4.0-150700.53.73-default-x86_64-with-glibc2.38,3.12.12,3.3.0,8,AMD EPYC 7543P 32-Core Processor,1,1 x NVIDIA A100-SXM4-40GB,-2.5917,51.4535,64,machine,0.0,24.0,4.625,11.690254211425781,N,1.0,0.0
2026-09-27T06:04:46,mobilevit_xxs_batch1_node_0_evaluate,1003f458-6680-41c2-823c-914122173a95,5b0fa12a-3dd7-45bb-9766-cc326314d9f1,5.545254486147314,1.7766151147327814e-05,3.203847756980263e-06,22.572731823750004,32.72375410144039,20.0,1.571486535876314e-05,4.522559173381069e-05,1.3836368212165932e-05,7.477682530473975e-05,0.0,United Kingdom,GBR,england,,,Linux-6.4.0-150700.53.73-default-x86_64-with-glibc2.38,3.12.12,3.3.0,8,AMD EPYC 7543P 32-Core Processor,1,1 x NVIDIA A100-SXM4-40GB,-2.5917,51.4535,64,machine,0.0,5.5,4.6,11.653068542480469,N,1.0,0.0
2026-09-27T06:04:52,mobilevit_xxs_batch1_node_1_evaluate,d723e75a-97bd-4f30-8c83-c97bad1b25f6,5b0fa12a-3dd7-45bb-9766-cc326314d9f1,5.573989914730191,1.7828100523551627e-05,3.198445062923045e-06,22.61643692625,32.365306127330435,20.0,1.5899022553193188e-05,4.516836945356317e-05,1.397017506727328e-05,7.503756707402964e-05,0.0,United Kingdom,GBR,england,,,Linux-6.4.0-150700.53.73-default-x86_64-with-glibc2.38,3.12.12,3.3.0,8,AMD EPYC 7543P 32-Core Processor,1,1 x NVIDIA A100-SXM4-40GB,-2.5917,51.4535,64,machine,0.0,7.5,4.6,11.668052673339844,N,1.0,0.0
2026-09-27T06:05:07,mobilenet_v3_small_batch2_node_0_local_train,2620dba6-3170-4ae7-a83d-e13092281d6b,5b0fa12a-3dd7-45bb-9766-cc326314d9f1,6.987096919678152,2.719567613263935e-05,3.892271202943621e-06,22.5231581025,31.659965195524073,20.0,2.4603724315609062e-05,6.806644333323675e-05,2.179504804985805e-05,0.00011446521569870386,0.0,United Kingdom,GBR,england,,,Linux-6.4.0-150700.53.73-default-x86_64-with-glibc2.38,3.12.12,3.3.0,8,AMD EPYC 7543P 32-Core Processor,1,1 x NVIDIA A100-SXM4-40GB,-2.5917,51.4535,64,machine,0.0,10.0,4.5,11.355943044026693,N,1.0,0.0
2026-09-27T06:05:14,mobilenet_v3_small_batch2_node_0_evaluate,288936cd-9969-4a3f-a535-ace9e3850287,5b0fa12a-3dd7-45bb-9766-cc326314d9f1,6.886834834702313,2.5925773642544982e-05,3.7645412246430964e-06,22.5476259496875,29.949724630970405,20.0,2.4121793731026294e-05,6.371143985006711e-05,2.1287027216102515e-05,0.00010912026079719592,0.0,United Kingdom,GBR,england,,,Linux-6.4.0-150700.53.73-default-x86_64-with-glibc2.38,3.12.12,3.3.0,8,AMD EPYC 7543P 32-Core Processor,1,1 x NVIDIA A100-SXM4-40GB,-2.5917,51.4535,64,machine,0.0,2.3333333333333335,4.166666666666667,10.502126057942709,N,1.0,0.0
2026-09-27T06:05:23,mobilenet_v3_small_batch2_node_1_local_train,b1f3bd19-05b0-429a-874d-e91aff377e9f,5b0fa12a-3dd7-45bb-9766-cc326314d9f1,8.588702350854874,3.90427251328901e-05,4.545823517682388e-06,22.7060394975,32.044285917873246,20.0,3.5237887137936986e-05,9.837646760502139e-05,3.071448679806458e-05,0.00016432884154102295,0.0,United Kingdom,GBR,england,,,Linux-6.4.0-150700.53.73-default-x86_64-with-glibc2.38,3.12.12,3.3.0,8,AMD EPYC 7543P 32-Core Processor,1,1 x NVIDIA A100-SXM4-40GB,-2.5917,51.4535,64,machine,0.0,9.0,4.5,11.337948608398438,N,1.0,0.0
2026-09-27T06:05:29,mobilenet_v3_small_batch2_node_1_evaluate,aaf24f05-c1e5-458a-b936-edbb81282c1d,5b0fa12a-3dd7-45bb-9766-cc326314d9f1,5.94141314830631,1.9897987567912948e-05,3.349032809405818e-06,22.84348222125,30.67435336101612,20.0,1.8613467349941762e-05,4.910726151763356e-05,1.6028887351664403e-05,8.374961621923973e-05,0.0,United Kingdom,GBR,england,,,Linux-6.4.0-150700.53.73-default-x86_64-with-glibc2.38,3.12.12,3.3.0,8,AMD EPYC 7543P 32-Core Processor,1,1 x NVIDIA A100-SXM4-40GB,-2.5917,51.4535,64,machine,0.0,5.0,4.5,11.395269393920898,N,1.0,0.0
2026-09-27T06:05:33,mobilenet_v3_small_batch2_node_2_local_train,4d9af1a9-9c7f-4d54-8189-9da91451575c,5b0fa12a-3dd7-45bb-9766-cc326314d9f1,3.395114199258387,2.186935397996013e-06,6.441419256158503e-07,22.574576801250004,28.46993632337116,20.0,2.1629412254232022e-06,5.196670826990157e-06,1.8450876516807412e-06,9.2046997040941e-06,0.0,United Kingdom,GBR,england,,,Linux-6.4.0-150700.53.73-default-x86_64-with-glibc2.38,3.12.12,3.3.0,8,AMD EPYC 7543P 32-Core Processor,1,1 x NVIDIA A100-SXM4-40GB,-2.5917,51.4535,64,machine,0,0,0,0,N,1.0,0.0
2026-09-27T06:05:40,mobilenet_v3_small_batch2_node_2_evaluate,4a98d119-611d-4971-98ff-132f08e3238b,5b0fa12a-3dd7-45bb-9766-cc326314d9f1,7.509931959211826,3.0390765504594523e-05,4.046743122261798e-06,22.562764024500005,30.385141711325144,20.0,2.8053448647644023e-05,7.512200454584672e-05,2.4737730937906437e-05,0.00012791318413139718,0.0,United Kingdom,GBR,england,,,Linux-6.4.0-150700.53.73-default-x86_64-with-glibc2.38,3.12.12,3.3.0,8,AMD EPYC 7543P 32-Core Processor,1,1 x NVIDIA A100-SXM4-40GB,-2.5917,51.4535,64,machine,0.0,1.0,4.5,11.355108261108398,N,1.0,0.0
2026-09-27T06:05:46,mobilenet_v3_small_batch2_node_3_local_train,41d6cd39-126a-441a-a1f3-b4c078f2e5d9,5b0fa12a-3dd7-45bb-9766-cc326314d9f1,5.24217042978853,1.5236322656223745e-05,2.906491282626685e-06,22.654348605000003,31.474576213701575,20.0,1.3821687861185592e-05,3.816669719469701e-05,1.21405209802712e-05,6.41289060361538e-05,0.0,United Kingdom,GBR,england,,,Linux-6.4.0-150700.53.73-default-x86_64-with-glibc2.38,3.12.12,3.3.0,8,AMD EPYC 7543P 32-Core Processor,1,1 x NVIDIA A100-SXM4-40GB,-2.5917,51.4535,64,machine,0.0,10.5,4.5,11.427495956420898,N,1.0,0.0
2026-09-27T06:05:53,mobilenet_v3_small_batch2_node_3_evaluate,2fdbd8da-5ada-4269-a068-4edbcb9b0e1b,5b0fa12a-3dd7-45bb-9766-cc326314d9f1,7.55344518320635,3.054800494269986e-05,4.044247916251189e-06,22.587601257000006,30.136415639745934,20.0,2.8386438793815992e-05,7.521422682543744e-05,2.4974331298532585e-05,0.000128574996917786,0.0,United Kingdom,GBR,england,,,Linux-6.4.0-150700.53.73-default-x86_64-with-glibc2.38,3.12.12,3.3.0,8,AMD EPYC 7543P 32-Core Processor,1,1 x NVIDIA A100-SXM4-40GB,-2.5917,51.4535,64,machine,0.0,2.0,4.5,11.345959663391113,N,1.0,0.0
2026-09-27T06:05:58,mobilenet_v3_small_batch2_node_2_knowledge_extraction,651b60fd-e3fd-4ce5-ae90-2fe5464baf4f,5b0fa12a-3dd7-45bb-9766-cc326314d9f1,4.486003190279007,9.889382332987442e-06,2.2044973918915943e-06,22.514860158750004,339.0470340480102,20.0,8.993481177612954e-06,2.4708908654247352e-05,7.921516716790695e-06,4.1623906548651e-05,0.0,United Kingdom,GBR,england,,,Linux-6.4.0-150700.53.73-default-x86_64-with-glibc2.38,3.12.12,3.3.0,8,AMD EPYC 7543P 32-Core Processor,1,1 x NVIDIA A100-SXM4-40GB,-2.5917,51.4535,64,machine,0.0,2.0,4.5,11.325328826904297,N,1.0,0.0
2026-09-27T06:06:05,mobilenet_v3_small_batch2_node_0_distill,631e50f5-c5c4-41d4-abcc-95661f6bc6ae,5b0fa12a-3dd7-45bb-9766-cc326314d9f1,7.479661716148257,3.0373164589811956e-05,4.060767149968513e-06,22.638001583250002,30.688174796051193,20.0,2.7898152106083005e-05,7.536756029935532e-05,2.457339037209749e-05,0.0001278391027775358,0.0,United Kingdom,GBR,england,,,Linux-6.4.0-150700.53.73-default-x86_64-with-glibc2.38,3.12.12,3.3.0,8,AMD EPYC 7543P 32-Core Processor,1,1 x NVIDIA A100-SXM4-40GB,-2.5917,51.4535,64,machine,17.85,6.25,4.625,11.560657501220703,N,1.0,0.0
2026-09-27T06:06:13,mobilenet_v3_small_batch2_node_1_distill,4b0090be-d6b0-41e7-b930-fc9f2dbc1043,5b0fa12a-3dd7-45bb-9766-cc326314d9f1,7.527707117144018,3.114578445523664e-05,4.137486218652623e-06,22.63986620325,31.443934953272986,20.0,2.822662773220496e-05,7.803339576639701e-05,2.4830996941050723e-05,0.0001310910204396527,0.0,United Kingdom,GBR,england,,,Linux-6.4.0-150700.53.73-default-x86_64-with-glibc2.38,3.12.12,3.3.0,8,AMD EPYC 7543P 32-Core Processor,1,1 x NVIDIA A100-SXM4-40GB,-2.5917,51.4535,64,machine,0.0,10.5,4.6,11.575325965881348,N,1.0,0.0
2026-09-27T06:06:18,mobilenet_v3_small_batch2_node_3_distill,acd8cd16-a161-4b8c-a042-8b507869b8e4,5b0fa12a-3dd7-45bb-9766-cc326314d9f1,4.84877735376358,1.2541809948791463e-05,2.5865922548612415e-06,22.671724100625,31.829062787587855,20.0,1.1331890446374784e-05,3.1528636327493587e-05,9.92731251495166e-06,5.278783928882003e-05,0.0,United Kingdom,GBR,england,,,Linux-6.4.0-150700.53.73-default-x86_64-with-glibc2.38,3.12.12,3.3.0,8,AMD EPYC 7543P 32-Core Processor,1,1 x NVIDIA A100-SXM4-40GB,-2.5917,51.4535,64,machine,0.0,7.0,4.6,11.614616394042969,N,1.0,0.0
2026-09-27T06:06:24,mobilenet_v3_small_batch2_node_0_evaluate,aa6baf16-f797-41bf-90fd-e5ac5cee13e2,5b0fa12a-3dd7-45bb-9766-cc326314d9f1,5.840018338058144,1.912660160769906e-05,3.275092730968858e-06,22.65730655625,30.60812327239952,20.0,1.7724605987709785e-05,4.730253783691296e-05,1.5475748176686468e-05,8.050289200130922e-05,0.0,United Kingdom,GBR,england,,,Linux-6.4.0-150700.53.73-default-x86_64-with-glibc2.38,3.12.12,3.3.0,8,AMD EPYC 7543P 32-Core Processor,1,1 x NVIDIA A100-SXM4-40GB,-2.5917,51.4535,64,machine,0.0,4.5,4.6,11.574190139770508,N,1.0,0.0
2026-09-27T06:06:30,mobilenet_v3_small_batch2_node_1_evaluate,cc053cdf-7ca4-4587-9fed-9494ad14828f,5b0fa12a-3dd7-45bb-9766-cc326314d9f1,5.852255095727742,1.8732681543769805e-05,3.200933868628697e-06,22.677513052500004,29.450330688274196,20.0,1.7720526739046884e-05,4.561975870842616e-05,1.5504617068088717e-05,7.884490251556176e-05,0.0,United Kingdom,GBR,england,,,Linux-6.4.0-150700.53.73-default-x86_64-with-glibc2.38,3.12.12,3.3.0,8,AMD EPYC 7543P 32-Core Processor,1,1 x NVIDIA A100-SXM4-40GB,-2.5917,51.4535,64,machine,0.0,3.5,4.6,11.582181930541992,N,1.0,0.0
2026-09-27T06:06:35,mobilenet_v3_small_batch2_node_3_evaluate,8ad53575-d738-44ee-a940-9aaf35f9324b,5b0fa12a-3dd7-45bb-9766-cc326314d9f1,5.675146405119449,1.7828051721367992e-05,3.1414258679363094e-06,22.664844483750002,30.250291560547197,20.0,1.6622592237300858e-05,4.389114621972112e-05,1.4523623211102354e-05,7.503736166812433e-05,0.0,United Kingdom,GBR,england,,,Linux-6.4.0-150700.53.73-default-x86_64-with-glibc2.38,3.12.12,3.3.0,8,AMD EPYC 7543P 32-Core Processor,1,1 x NVIDIA A100-SXM4-40GB,-2.5917,51.4535,64,machine,0.0,3.5,4.6,11.605085372924805,N,1.0,0.0
2026-09-27T06:06:43,efficientnet_lite0_batch2_node_0_local_train,6ecb3d90-6817-4117-b101-7789a33a5dbc,5b0fa12a-3dd7-45bb-9766-cc326314d9f1,5.667847381904721,2.0746962387656615e-05,3.660465956421792e-06,22.570503041250003,389.70258616309803,20.0,1.648842687608453e-05,5.633865617937772e-05,1.44958249396748e-05,8.732290799513705e-05,0.0,United Kingdom,GBR,england,,,Linux-6.4.0-150700.53.73-default-x86_64-with-glibc2.38,3.12.12,3.3.0,8,AMD EPYC 7543P 32-Core Processor,1,1 x NVIDIA A100-SXM4-40GB,-2.5917,51.4535,64,machine,0.0,27.0,4.65,11.73354721069336,N,1.0,0.0
2026-09-27T06:06:49,efficientnet_lite0_batch2_node_0_evaluate,8efcaf77-1506-4c79-932c-0bcd5873efc3,5b0fa12a-3dd7-45bb-9766-cc326314d9f1,5.854837884195149,2.0281016668539105e-05,3.4639757871497564e-06,22.575885997500002,33.685310710799065,20.0,1.763452762577417e-05,5.2208652888907636e-05,1.5518585680466557e-05,8.536176619514837e-05,0.0,United Kingdom,GBR,england,,,Linux-6.4.0-150700.53.73-default-x86_64-with-glibc2.38,3.12.12,3.3.0,8,AMD EPYC 7543P 32-Core Processor,1,1 x NVIDIA A100-SXM4-40GB,-2.5917,51.4535,64,machine,0.0,13.0,4.6,11.642827987670898,N,1.0,0.0
2026-09-27T06:06:56,efficientnet_lite0_batch2_node_1_local_train,b73b2cba-c828-40a6-8a0e-f9f3426b021d,5b0fa12a-3dd7-45bb-9766-cc326314d9f1,7.194539269898087,3.348923963453265e-05,4.654813654941248e-06,22.789107245250005,39.84258262550986,20.0,2.650222684069069e-05,9.14767398683125e-05,2.297553722229269e-05,0.00014095450393129588,0.0,United Kingdom,GBR,england,,,Linux-6.4.0-150700.53.73-default-x86_64-with-glibc2.38,3.12.12,3.3.0,8,AMD EPYC 7543P 32-Core Processor,1,1 x NVIDIA A100-SXM4-40GB,-2.5917,51.4535,64,machine,0.0,31.0,4.7,11.731348991394043,N,1.0,0.0
2026-09-27T06:07:02,efficientnet_lite0_batch2_node_1_evaluate,5da6b185-d2f8-45f6-a1f1-55b293ddf805,5b0fa12a-3dd7-45bb-9766-cc326314d9f1,5.92104709893465,2.0968342324532897e-05,3.5413233460523636e-06,22.613972670000003,34.15247672159764,20.0,1.8105555031388407e-05,5.424615451943282e-05,1.590297532319609e-05,8.82546848740173e-05,0.0,United Kingdom,GBR,england,,,Linux-6.4.0-150700.53.73-default-x86_64-with-glibc2.38,3.12.12,3.3.0,8,AMD EPYC 7543P 32-Core Processor,1,1 x NVIDIA A100-SXM4-40GB,-2.5917,51.4535,64,machine,0.0,15.0,4.6,11.642156600952148,N,1.0,0.0
2026-09-27T06:07:05,efficientnet_lite0_batch2_node_2_local_train,a0647923-b2e0-4bea-9622-e2bf4134df25,5b0fa12a-3dd7-45bb-9766-cc326314d9f1,3.293439298402518,1.5873302429729125e-06,4.819673596968514e-07,22.650110313750005,29.748619737150435,20.0,1.554246956211585e-06,3.822225281169267e-06,1.3045199086061782e-06,6.68099214598703e-06,0.0,United Kingdom,GBR,england,,,Linux-6.4.0-150700.53.73-default-x86_64-with-glibc2.38,3.12.12,3.3.0,8,AMD EPYC 7543P 32-Core Processor,1,1 x NVIDIA A100-SXM4-40GB,-2.5917,51.4535,64,machine,0,0,0,0,N,1.0,0.0
2026-09-27T06:07:11,efficientnet_lite0_batch2_node_2_evaluate,dd76b6ad-34ea-4a58-ba2b-1a4cdee4c65d,5b0fa12a-3dd7-45bb-9766-cc326314d9f1,5.792955232318491,1.966699576126763e-05,3.394984938179194e-06,22.634192700000003,33.01239394876233,20.0,1.7389092041699412e-05,5.017531792361751e-05,1.521297350474116e-05,8.277738347005809e-05,0.0,United Kingdom,GBR,england,,,Linux-6.4.0-150700.53.73-default-x86_64-with-glibc2.38,3.12.12,3.3.0,8,AMD EPYC 7543P 32-Core Processor,1,1 x NVIDIA A100-SXM4-40GB,-2.5917,51.4535,64,machine,0.0,6.5,4.65,11.719247817993164,N,1.0,0.0
2026-09-27T06:07:15,efficientnet_lite0_batch2_node_3_local_train,cd765f1e-a411-402f-80cf-16fb45aa072a,5b0fa12a-3dd7-45bb-9766-cc326314d9f1,4.291395277250558,9.774382913962092e-06,2.2776701474641165e-06,22.768825685625004,38.759826647282566,20.0,7.926285948115397e-06,2.639057666442568e-05,6.823017238639295e-06,4.113987985118037e-05,0.0,United Kingdom,GBR,england,,,Linux-6.4.0-150700.53.73-default-x86_64-with-glibc2.38,3.12.12,3.3.0,8,AMD EPYC 7543P 32-Core Processor,1,1 x NVIDIA A100-SXM4-40GB,-2.5917,51.4535,64,machine,0.0,18.0,4.6,11.684856414794922,N,1.0,0.0
2026-09-27T06:07:21,efficientnet_lite0_batch2_node_3_evaluate,a917b42e-59f9-447c-8630-bc99d6c26295,5b0fa12a-3dd7-45bb-9766-cc326314d9f1,5.82988510793075,2.014014026048168e-05,3.454637593643795e-06,22.637349540000006,33.805276328357934,20.0,1.7554390232729412e-05,5.185948593577905e-05,1.5354948400312828e-05,8.476882456882129e-05,0.0,United Kingdom,GBR,england,,,Linux-6.4.0-150700.53.73-default-x86_64-with-glibc2.38,3.12.12,3.3.0,8,AMD EPYC 7543P 32-Core Processor,1,1 x NVIDIA A100-SXM4-40GB,-2.5917,51.4535,64,machine,0.0,8.0,4.65,11.699272155761719,N,1.0,0.0
2026-09-27T06:07:25,efficientnet_lite0_batch2_node_2_knowledge_extraction,c8132acb-ce3a-41be-b837-a3c4869f7f02,5b0fa12a-3dd7-45bb-9766-cc326314d9f1,3.4929175516590476,2.89453698573635e-06,8.286874633961853e-07,22.68847292625,28.78256077175002,20.0,2.8309342898949374e-06,6.930005554295349e-06,2.4220189027902153e-06,1.2182958746980501e-05,0.0,United Kingdom,GBR,england,,,Linux-6.4.0-150700.53.73-default-x86_64-with-glibc2.38,3.12.12,3.3.0,8,AMD EPYC 7543P 32-Core Processor,1,1 x NVIDIA A100-SXM4-40GB,-2.5917,51.4535,64,machine,0,0,0,0,N,1.0,0.0
2026-09-27T06:07:34,mobilevit_xxs_batch2_node_0_local_train,a1e7acbb-286f-4e96-b44b-5c6dc66c5f9b,5b0fa12a-3dd7-45bb-9766-cc326314d9f1,7.022568006999791,2.928949207170273e-05,4.170766597419667e-06,22.627395914062504,34.59748916284361,20.0,2.5120006937777162e-05,7.613311646537113e-05,2.2024856939808364e-05,0.00012327798034295667,0.0,United Kingdom,GBR,england,,,Linux-6.4.0-150700.53.73-default-x86_64-with-glibc2.38,3.12.12,3.3.0,8,AMD EPYC 7543P 32-Core Processor,1,1 x NVIDIA A100-SXM4-40GB,-2.5917,51.4535,64,machine,0.0,13.333333333333334,4.7,11.752057393391928,N,1.0,0.0
2026-09-27T06:07:40,mobilevit_xxs_batch2_node_0_evaluate,5c26fe69-451c-4f2b-853c-ade3ade46d6b,5b0fa12a-3dd7-45bb-9766-cc326314d9f1,5.6989808809012175,1.8724171702205455e-05,3.2855298330540244e-06,22.54402933875,32.38360329626162,20.0,1.6649627355393718e-05,4.748253797970392e-05,1.4676919690747229e-05,7.880908502584487e-05,0.0,United Kingdom,GBR,england,,,Linux-6.4.0-150700.53.73-default-x86_64-with-glibc2.38,3.12.12,3.3.0,8,AMD EPYC 7543P 32-Core Processor,1,1 x NVIDIA A100-SXM4-40GB,-2.5917,51.4535,64,machine,0.0,14.5,4.6,11.672285079956055,N,1.0,0.0
2026-09-27T06:07:49,mobilevit_xxs_batch2_node_1_local_train,2c61d4b0-b527-44aa-9e9c-90fe05b051de,5b0fa12a-3dd7-45bb-9766-cc326314d9f1,9.387679037638009,4.83131796899808e-05,5.146445622637804e-06,22.544082369642858,36.61501991126018,20.0,3.973336643990521e-05,0.00012850065834868474,3.511368781586902e-05,0.00020334771260445896,0.0,United Kingdom,GBR,england,,,Linux-6.4.0-150700.53.73-default-x86_64-with-glibc2.38,3.12.12,3.3.0,8,AMD EPYC 7543P 32-Core Processor,1,1 x NVIDIA A100-SXM4-40GB,-2.5917,51.4535,64,machine,0.0,20.833333333333332,4.2,10.576698303222656,N,1.0,0.0
2026-09-27T06:07:55,mobilevit_xxs_batch2_node_1_evaluate,8fba82ea-66ff-4337-8af5-c0b4abe0ba2f,5b0fa12a-3dd7-45bb-9766-cc326314d9f1,5.856075095944107,1.9940073434781766e-05,3.405023519693622e-06,22.53835623375,32.806041873353024,20.0,1.7579672273854284e-05,5.0836707345069954e-05,1.551037387042824e-05,8.392675348935248e-05,0.0,United Kingdom,GBR,england,,,Linux-6.4.0-150700.53.73-default-x86_64-with-glibc2.38,3.12.12,3.3.0,8,AMD EPYC 7543P 32-Core Processor,1,1 x NVIDIA A100-SXM4-40GB,-2.5917,51.4535,64,machine,0.0,15.0,4.2,10.685054779052734,N,1.0,0.0
2026-09-27T06:07:58,mobilevit_xxs_batch2_node_2_local_train,b0cfea95-c769-43bc-8cf8-7b432161f149,5b0fa12a-3dd7-45bb-9766-cc326314d9f1,3.399471222423017,2.3596220195726563e-06,6.941144269757358e-07,22.54805112375,30.887238241649516,20.0,2.2177008613805753e-06,5.81639355345942e-06,1.8974344841101102e-06,9.931528898950105e-06,0.0,United Kingdom,GBR,england,,,Linux-6.4.0-150700.53.73-default-x86_64-with-glibc2.38,3.12.12,3.3.0,8,AMD EPYC 7543P 32-Core Processor,1,1 x NVIDIA A100-SXM4-40GB,-2.5917,51.4535,64,machine,0,0,0,0,N,1.0,0.0
2026-09-27T06:08:04,mobilevit_xxs_batch2_node_2_evaluate,6857c35d-73ba-4c0f-84c6-a5727095749f,5b0fa12a-3dd7-45bb-9766-cc326314d9f1,5.55341426609084,1.7871538018080444e-05,3.21811720894011e-06,22.52960134875,33.152906287806054,20.0,1.5677160277329737e-05,4.5733925460922364e-05,1.3809307537869448e-05,7.522039327612155e-05,0.0,United Kingdom,GBR,england,,,Linux-6.4.0-150700.53.73-default-x86_64-with-glibc2.38,3.12.12,3.3.0,8,AMD EPYC 7543P 32-Core Processor,1,1 x NVIDIA A100-SXM4-40GB,-2.5917,51.4535,64,machine,0.0,10.0,4.3,10.757875442504883,N,1.0,0.0
2026-09-27T06:08:09,mobilevit_xxs_batch2_node_3_local_train,720652ba-c555-41ed-8079-9dab10ea4532,5b0fa12a-3dd7-45bb-9766-cc326314d9f1,4.87566176103428,1.3796378170139341e-05,2.8296421791188194e-06,22.532784345000003,36.19456329430455,20.0,1.1470875856623595e-05,3.649891809232031e-05,1.0098459085242615e-05,5.806825303418652e-05,0.0,United Kingdom,GBR,england,,,Linux-6.4.0-150700.53.73-default-x86_64-with-glibc2.38,3.12.12,3.3.0,8,AMD EPYC 7543P 32-Core Processor,1,1 x NVIDIA A100-SXM4-40GB,-2.5917,51.4535,64,machine,0.0,21.0,4.3,10.815616607666016,N,1.0,0.0
2026-09-27T06:08:15,mobilevit_xxs_batch2_node_3_evaluate,5a9705b7-013d-4227-8028-3cce1c6e9f9c,5b0fa12a-3dd7-45bb-9766-cc326314d9f1,5.584742435719818,1.7987572932460872e-05,3.220841988596105e-06,22.53521853,32.62357282101699,20.0,1.5916798279512847e-05,4.575309215226753e-05,1.4038887889020973e-05,7.570877832080135e-05,0.0,United Kingdom,GBR,england,,,Linux-6.4.0-150700.53.73-default-x86_64-with-glibc2.38,3.12.12,3.3.0,8,AMD EPYC 7543P 32-Core Processor,1,1 x NVIDIA A100-SXM4-40GB,-2.5917,51.4535,64,machine,0.0,12.0,4.3,10.832481384277344,N,1.0,0.0
2026-09-27T06:08:19,mobilevit_xxs_batch2_node_0_knowledge_extraction,5bc3397d-245c-4a10-b0c9-6eb26ad576fc,5b0fa12a-3dd7-45bb-9766-cc326314d9f1,4.4669711189344525,9.768515441821954e-06,2.186832012505182e-06,22.525476676875,31.24504079501001,20.0,8.9051019860053e-06,2.438946394534014e-05,7.820618028442066e-06,4.111518395978751e-05,0.0,United Kingdom,GBR,england,,,Linux-6.4.0-150700.53.73-default-x86_64-with-glibc2.38,3.12.12,3.3.0,8,AMD EPYC 7543P 32-Core Processor,1,1 x NVIDIA A100-SXM4-40GB,-2.5917,51.4535,64,machine,0.0,11.0,4.4,10.996021270751953,N,1.0,0.0
2026-09-27T06:08:24,mobilevit_xxs_batch2_node_1_knowledge_extraction,27dceac4-e350-4386-9d74-0d0337536ae7,5b0fa12a-3dd7-45bb-9766-cc326314d9f1,5.054859657306224,1.4049847664864286e-05,2.7794733419664443e-06,22.53847581,32.06200426350492,20.0,1.2581654792923977e-05,3.547475058951477e-05,1.107868784521189e-05,5.913509322765063e-05,0.0,United Kingdom,GBR,england,,,Linux-6.4.0-150700.53.73-default-x86_64-with-glibc2.38,3.12.12,3.3.0,8,AMD EPYC 7543P 32-Core Processor,1,1 x NVIDIA A100-SXM4-40GB,-2.5917,51.4535,64,machine,0.0,10.0,4.4,11.079792022705078,N,1.0,0.0
2026-09-27T06:08:28,mobilevit_xxs_batch2_node_2_knowledge_extraction,17d6a4b9-f973-4901-ba7a-2dcab94fb383,5b0fa12a-3dd7-45bb-9766-cc326314d9f1,3.4528395337983966,2.7515045845742235e-06,7.968816846658816e-07,22.553814881250002,31.560661944383643,20.0,2.545002267909864e-06,6.8469499154844016e-06,2.188990472091569e-06,1.1580942655485832e-05,0.0,United Kingdom,GBR,england,,,Linux-6.4.0-150700.53.73-default-x86_64-with-glibc2.38,3.12.12,3.3.0,8,AMD EPYC 7543P 32-Core Processor,1,1 x NVIDIA A100-SXM4-40GB,-2.5917,51.4535,64,machine,0,0,0,0,N,1.0,0.0
2026-09-27T06:08:34,mobilevit_xxs_batch2_node_0_distill,52678258-7d54-4363-a08e-79042bf0a0eb,5b0fa12a-3dd7-45bb-9766-cc326314d9f1,6.55479535413906,2.5912190513586588e-05,3.953165448136257e-06,22.5714041071875,34.89840646060032,20.0,2.2040707623284888e-05,6.762116520064865e-05,1.940121727529913e-05,0.00010906309009923266,0.0,United Kingdom,GBR,england,,,Linux-6.4.0-150700.53.73-default-x86_64-with-glibc2.38,3.12.12,3.3.0,8,AMD EPYC 7543P 32-Core Processor,1,1 x NVIDIA A100-SXM4-40GB,-2.5917,51.4535,64,machine,0.0,5.333333333333333,4.6,11.570686340332031,N,1.0,0.0
2026-09-27T06:08:43,mobilevit_xxs_batch2_node_1_distill,c026afbd-2010-4174-810d-36dccac6800e,5b0fa12a-3dd7-45bb-9766-cc326314d9f1,8.260192052926868,3.95751561238916e-05,4.791069731831328e-06,22.66678409625,36.20678140195413,20.0,3.30252668166254e-05,0.00010463175037500605,2.8912799272479284e-05,0.0001665698164641107,0.0,United Kingdom,GBR,england,,,Linux-6.4.0-150700.53.73-default-x86_64-with-glibc2.38,3.12.12,3.3.0,8,AMD EPYC 7543P 32-Core Processor,1,1 x NVIDIA A100-SXM4-40GB,-2.5917,51.4535,64,machine,0.0,23.0,4.58,11.472169494628906,N,1.0,0.0
2026-09-27T06:08:50,mobilevit_xxs_batch2_node_0_evaluate,f1f10633-f964-4949-a405-6cc10411390f,5b0fa12a-3dd7-45bb-9766-cc326314d9f1,6.90333156613633,2.6851410713236242e-05,3.8896307465446705e-06,22.768887675937503,31.4431334348579,20.0,2.4531561139441495e-05,6.710949814703326e-05,2.1375160796257356e-05,0.00011301622008273213,0.0,United Kingdom,GBR,england,,,Linux-6.4.0-150700.53.73-default-x86_64-with-glibc2.38,3.12.12,3.3.0,8,AMD EPYC 7543P 32-Core Processor,1,1 x NVIDIA A100-SXM4-40GB,-2.5917,51.4535,64,machine,8.333333333333334,5.666666666666667,4.6,11.482709248860678,N,1.0,0.0
2026-09-27T06:08:56,mobilevit_xxs_batch2_node_1_evaluate,0e294b06-1288-4600-b4c9-a138ce687e3c,5b0fa12a-3dd7-45bb-9766-cc326314d9f1,6.029811115004122,2.1001083638202498e-05,3.4828758708452746e-06,22.673083297500003,32.08675270343179,20.0,1.8934297268560708e-05,5.294365347197072e-05,1.651454065512452e-05,8.839249139565594e-05,0.0,United Kingdom,GBR,england,,,Linux-6.4.0-150700.53.73-default-x86_64-with-glibc2.38,3.12.12,3.3.0,8,AMD EPYC 7543P 32-Core Processor,1,1 x NVIDIA A100-SXM4-40GB,-2.5917,51.4535,64,machine,0.0,15.0,4.6,11.522924423217773,N,1.0,0.0
2026-09-27T06:09:10,mobilenet_v3_small_batch3_node_0_local_train,97e49171-0d38-4ac7-8c20-dea5fdffefea,5b0fa12a-3dd7-45bb-9766-cc326314d9f1,5.9242326049134135,1.9881241410953885e-05,3.3559184348137967e-06,22.62560214375,31.759638667118686,20.0,1.814339562985185e-05,4.961642858347659e-05,1.5919308284194103e-05,8.367913249752255e-05,0.0,United Kingdom,GBR,england,,,Linux-6.4.0-150700.53.73-default-x86_64-with-glibc2.38,3.12.12,3.3.0,8,AMD EPYC 7543P 32-Core Processor,1,1 x NVIDIA A100-SXM4-40GB,-2.5917,51.4535,64,machine,0.0,12.5,4.4,11.165494918823242,N,1.0,0.0
2026-09-27T06:09:18,mobilenet_v3_small_batch3_node_0_evaluate,51088f13-3714-4c8f-ba83-825bef73d5dd,5b0fa12a-3dd7-45bb-9766-cc326314d9f1,7.868016256950796,3.278083985288066e-05,4.166341143985471e-06,22.764504852,30.08617587225051,20.0,3.084932793378382e-05,8.038950876709805e-05,2.6734048630007443e-05,0.00013797288533088932,0.0,United Kingdom,GBR,england,,,Linux-6.4.0-150700.53.73-default-x86_64-with-glibc2.38,3.12.12,3.3.0,8,AMD EPYC 7543P 32-Core Processor,1,1 x NVIDIA A100-SXM4-40GB,-2.5917,51.4535,64,machine,0.0,2.0,4.5,11.249798774719238,N,1.0,0.0
2026-09-27T06:09:26,mobilenet_v3_small_batch3_node_1_local_train,2acfa203-750c-470e-896d-ece0c96c0754,5b0fa12a-3dd7-45bb-9766-cc326314d9f1,8.13144044810906,3.63642466316337e-05,4.4720547194181426e-06,22.904970080625002,32.68689965087428,20.0,3.284916829772681e-05,9.203507362087748e-05,2.8171020032217108e-05,0.0001530552619508214,0.0,United Kingdom,GBR,england,,,Linux-6.4.0-150700.53.73-default-x86_64-with-glibc2.38,3.12.12,3.3.0,8,AMD EPYC 7543P 32-Core Processor,1,1 x NVIDIA A100-SXM4-40GB,-2.5917,51.4535,64,machine,0.0,11.6,4.5,11.289314270019531,N,1.0,0.0
2026-09-27T06:09:33,mobilenet_v3_small_batch3_node_1_evaluate,7ab0067f-0e06-4cf3-8789-815a00158277,5b0fa12a-3dd7-45bb-9766-cc326314d9f1,6.366845327895135,2.2654992468246895e-05,3.5582759281096885e-06,22.7639871,30.297384466371838,20.0,2.1257675345982767e-05,5.569587789011621e-05,1.8400156187514463e-05,9.535370942361345e-05,0.0,United Kingdom,GBR,england,,,Linux-6.4.0-150700.53.73-default-x86_64-with-glibc2.38,3.12.12,3.3.0,8,AMD EPYC 7543P 32-Core Processor,1,1 x NVIDIA A100-SXM4-40GB,-2.5917,51.4535,64,machine,0.0,4.666666666666667,4.5,11.3084348042806,N,1.0,0.0
2026-09-27T06:09:36,mobilenet_v3_small_batch3_node_2_local_train,219f6f87-921f-48f4-89e8-999047b48e61,5b0fa12a-3dd7-45bb-9766-cc326314d9f1,3.374606712255627,2.552719169922565e-06,7.564493843539763e-07,22.99652827875,39.05593742652955,20.0,2.136377946640018e-06,6.841394366574605e-06,1.7664926566390529e-06,1.0744264969853676e-05,0.0,United Kingdom,GBR,england,,,Linux-6.4.0-150700.53.73-default-x86_64-with-glibc2.38,3.12.12,3.3.0,8,AMD EPYC 7543P 32-Core Processor,1,1 x NVIDIA A100-SXM4-40GB,-2.5917,51.4535,64,machine,0,0,0,0,N,1.0,0.0
2026-09-27T06:09:42,mobilenet_v3_small_batch3_node_2_evaluate,f1d8868e-1b5b-4560-99d1-f1446a71c7c0,5b0fa12a-3dd7-45bb-9766-cc326314d9f1,5.862713323906064,1.9240633114302645e-05,3.2818649064497443e-06,22.773893433750004,321.56951115474834,20.0,1.8020158936014e-05,4.7385593461513054e-05,1.5577092407167787e-05,8.098284480469485e-05,0.0,United Kingdom,GBR,england,,,Linux-6.4.0-150700.53.73-default-x86_64-with-glibc2.38,3.12.12,3.3.0,8,AMD EPYC 7543P 32-Core Processor,1,1 x NVIDIA A100-SXM4-40GB,-2.5917,51.4535,64,machine,0.0,4.0,4.5,11.299678802490234,N,1.0,0.0
2026-09-27T06:09:47,mobilenet_v3_small_batch3_node_3_local_train,4cba5de0-04ad-4d62-9004-ee374afb925d,5b0fa12a-3dd7-45bb-9766-cc326314d9f1,4.598692127037793,1.113606867790439e-05,2.421572997337743e-06,22.723900149375,33.308278244183,20.0,9.88786062516424e-06,2.8426133852121893e-05,8.557151400277184e-06,4.687114587756332e-05,0.0,United Kingdom,GBR,england,,,Linux-6.4.0-150700.53.73-default-x86_64-with-glibc2.38,3.12.12,3.3.0,8,AMD EPYC 7543P 32-Core Processor,1,1 x NVIDIA A100-SXM4-40GB,-2.5917,51.4535,64,machine,0.0,12.0,4.5,11.349109649658203,N,1.0,0.0
2026-09-27T06:09:53,mobilenet_v3_small_batch3_node_3_evaluate,16658f4e-4d9f-41c8-833e-3e72626baf17,5b0fa12a-3dd7-45bb-9766-cc326314d9f1,6.094148071948439,2.074310463480441e-05,3.403774307730656e-06,22.95171968625,30.056743095199398,20.0,1.9814613089999064e-05,5.061726271549105e-05,1.6874795104376973e-05,8.730667090986708e-05,0.0,United Kingdom,GBR,england,,,Linux-6.4.0-150700.53.73-default-x86_64-with-glibc2.38,3.12.12,3.3.0,8,AMD EPYC 7543P 32-Core Processor,1,1 x NVIDIA A100-SXM4-40GB,-2.5917,51.4535,64,machine,0.0,3.3333333333333335,4.5,11.316486358642578,N,1.0,0.0
2026-09-27T06:09:57,mobilenet_v3_small_batch3_node_0_knowledge_extraction,798541a5-8cb3-4785-9846-0cd5fa44cfaf,5b0fa12a-3dd7-45bb-9766-cc326314d9f1,4.36341728689149,8.824688275658634e-06,2.0224259325757414e-06,22.612986444375,29.938549850180475,20.0,8.267790636951902e-06,2.1634461745634326e-05,7.240411106290089e-06,3.714266348887631e-05,0.0,United Kingdom,GBR,england,,,Linux-6.4.0-150700.53.73-default-x86_64-with-glibc2.38,3.12.12,3.3.0,8,AMD EPYC 7543P 32-Core Processor,1,1 x NVIDIA A100-SXM4-40GB,-2.5917,51.4535,64,machine,0.0,0.0,4.5,11.329143524169922,N,1.0,0.0
2026-09-27T06:10:02,mobilenet_v3_small_batch3_node_1_knowledge_extraction,30e1cae4-1b56-4134-acb5-57ef21b271b7,5b0fa12a-3dd7-45bb-9766-cc326314d9f1,4.735108346212655,1.1188537285777782e-05,2.3628893929590564e-06,22.853816960625004,28.903544135375707,20.0,1.088732838921226e-05,2.6887799279506908e-05,9.316855907026264e-06,4.7091983575745434e-05,0.0,United Kingdom,GBR,england,,,Linux-6.4.0-150700.53.73-default-x86_64-with-glibc2.38,3.12.12,3.3.0,8,AMD EPYC 7543P 32-Core Processor,1,1 x NVIDIA A100-SXM4-40GB,-2.5917,51.4535,64,machine,0.0,5.0,4.5,11.41903305053711,N,1.0,0.0
2026-09-27T06:10:05,mobilenet_v3_small_batch3_node_2_knowledge_extraction,32ebce71-2a32-4c77-845d-f43a2ac5ce3a,5b0fa12a-3dd7-45bb-9766-cc326314d9f1,3.3065307708457112,1.922405955800346e-06,5.813966628559916e-07,23.07309879375,36.289540010042344,20.0,1.7080647967122344e-06,4.9919484439442385e-06,1.3912955143799385e-06,8.091308755036411e-06,0.0,United Kingdom,GBR,england,,,Linux-6.4.0-150700.53.73-default-x86_64-with-glibc2.38,3.12.12,3.3.0,8,AMD EPYC 7543P 32-Core Processor,1,1 x NVIDIA A100-SXM4-40GB,-2.5917,51.4535,64,machine,0,0,0,0,N,1.0,0.0
2026-09-27T06:10:11,mobilenet_v3_small_batch3_node_0_distill,495229c5-ee35-4391-99a0-8a0c1607ce7e,5b0fa12a-3dd7-45bb-9766-cc326314d9f1,5.195318007841706,1.4924428260174427e-05,2.872668860240663e-06,22.618370801250002,31.50397857252861,20.0,1.3526364064217433e-05,3.740308547151017e-05,1.1886708873013656e-05,6.281615840874126e-05,0.0,United Kingdom,GBR,england,,,Linux-6.4.0-150700.53.73-default-x86_64-with-glibc2.38,3.12.12,3.3.0,8,AMD EPYC 7543P 32-Core Processor,1,1 x NVIDIA A100-SXM4-40GB,-2.5917,51.4535,64,machine,0.0,13.0,4.6,11.575616836547852,N,1.0,0.0
2026-09-27T06:10:18,mobilenet_v3_small_batch3_node_1_distill,733fa7c1-6d0e-4c91-bf13-9192f3cbeef8,5b0fa12a-3dd7-45bb-9766-cc326314d9f1,6.928597963880748,2.7489599009309274e-05,3.967555795936555e-06,22.6193762559375,32.45233617281754,20.0,2.4461982372483506e-05,6.973700024559548e-05,2.1503339498303833e-05,0.00011570232211638281,0.0,United Kingdom,GBR,england,,,Linux-6.4.0-150700.53.73-default-x86_64-with-glibc2.38,3.12.12,3.3.0,8,AMD EPYC 7543P 32-Core Processor,1,1 x NVIDIA A100-SXM4-40GB,-2.5917,51.4535,64,machine,0.0,14.0,4.6,11.595105489095053,N,1.0,0.0
2026-09-27T06:10:22,mobilenet_v3_small_batch3_node_3_distill,3ce34ac2-2e7c-4921-b4f2-1a4d2f9c37bd,5b0fa12a-3dd7-45bb-9766-cc326314d9f1,4.500547571107745,9.99961735468477e-06,2.2218668276899264e-06,22.581344047500004,31.214111843654827,20.0,9.13079546066047e-06,2.4949742197577507e-05,8.00734248219265e-06,4.208788014043062e-05,0.0,United Kingdom,GBR,england,,,Linux-6.4.0-150700.53.73-default-x86_64-with-glibc2.38,3.12.12,3.3.0,8,AMD EPYC 7543P 32-Core Processor,1,1 x NVIDIA A100-SXM4-40GB,-2.5917,51.4535,64,machine,0.0,8.0,4.6,11.564064025878906,N,1.0,0.0
2026-09-27T06:10:28,mobilenet_v3_small_batch3_node_0_evaluate,8b5c9c88-5995-4cd1-9bd5-9a5e2fd6e9f3,5b0fa12a-3dd7-45bb-9766-cc326314d9f1,6.030543516855687,2.043700933274947e-05,3.388916649988007e-06,22.62984262875,30.714127383200193,20.0,1.8826078385507817e-05,5.0673929422373476e-05,1.651832356583327e-05,8.601833137371456e-05,0.0,United Kingdom,GBR,england,,,Linux-6.4.0-150700.53.73-default-x86_64-with-glibc2.38,3.12.12,3.3.0,8,AMD EPYC 7543P 32-Core Processor,1,1 x NVIDIA A100-SXM4-40GB,-2.5917,51.4535,64,machine,0.0,5.0,4.6,11.57956314086914,N,1.0,0.0
2026-09-27T06:10:35,mobilenet_v3_small_batch3_node_1_evaluate,43b022a0-23ed-4964-9383-19e2834d7b8f,5b0fa12a-3dd7-45bb-9766-cc326314d9f1,6.330094208009541,2.246836341354147e-05,3.549451662996104e-06,22.58050134375,397.2722246577493,20.0,2.0660454073619114e-05,5.573337790565347e-05,1.817436525856869e-05,9.456819723784127e-05,0.0,United Kingdom,GBR,england,,,Linux-6.4.0-150700.53.73-default-x86_64-with-glibc2.38,3.12.12,3.3.0,8,AMD EPYC 7543P 32-Core Processor,1,1 x NVIDIA A100-SXM4-40GB,-2.5917,51.4535,64,machine,0.0,4.666666666666667,4.2,10.619218190511068,N,1.0,0.0
2026-09-27T06:10:41,mobilenet_v3_small_batch3_node_3_evaluate,faf43dde-ea78-40d2-9346-eb9777a2ba1c,5b0fa12a-3dd7-45bb-9766-cc326314d9f1,6.233890365343541,2.1806587515670724e-05,3.49807042435354e-06,22.666999395937502,30.53965935755791,20.0,2.0232229037691992e-05,5.389032088487511e-05,1.7660266267032257e-05,9.178281618959937e-05,0.0,United Kingdom,GBR,england,,,Linux-6.4.0-150700.53.73-default-x86_64-with-glibc2.38,3.12.12,3.3.0,8,AMD EPYC 7543P 32-Core Processor,1,1 x NVIDIA A100-SXM4-40GB,-2.5917,51.4535,64,machine,25.0,3.6666666666666665,4.5,11.415105183919271,N,1.0,0.0
2026-09-27T06:10:48,efficientnet_lite0_batch3_node_0_local_train,9f458ce7-fe86-44b0-8df1-68b834a34223,5b0fa12a-3dd7-45bb-9766-cc326314d9f1,4.913609898183495,1.4841177320880663e-05,3.020422383626196e-06,22.672060149375,39.138675198404414,20.0,1.1841445577960215e-05,4.030281002087577e-05,1.0321503846595684e-05,6.246575944543166e-05,0.0,United Kingdom,GBR,england,,,Linux-6.4.0-150700.53.73-default-x86_64-with-glibc2.38,3.12.12,3.3.0,8,AMD EPYC 7543P 32-Core Processor,1,1 x NVIDIA A100-SXM4-40GB,-2.5917,51.4535,64,machine,0.0,24.0,4.6,11.494735717773438,N,1.0,0.0
2026-09-27T06:10:55,efficientnet_lite0_batch3_node_0_evaluate,697fdfea-34ac-4642-912e-81dc9f0d8e71,5b0fa12a-3dd7-45bb-9766-cc326314d9f1,7.3598825968801975,3.075816766129263e-05,4.179165531027737e-06,22.801144999500004,32.69274056606673,20.0,2.754633159412348e-05,7.80308957644138e-05,2.388233373769456e-05,0.00012945956109623185,0.0,United Kingdom,GBR,england,,,Linux-6.4.0-150700.53.73-default-x86_64-with-glibc2.38,3.12.12,3.3.0,8,AMD EPYC 7543P 32-Core Processor,1,1 x NVIDIA A100-SXM4-40GB,-2.5917,51.4535,64,machine,0.0,8.25,4.6,11.532658576965332,N,1.0,0.0
2026-09-27T06:11:02,efficientnet_lite0_batch3_node_1_local_train,50b583ce-29ff-4132-9ac0-4979471cf4fe,5b0fa12a-3dd7-45bb-9766-cc326314d9f1,6.968851425219327,3.2236517252671414e-05,4.625800621320729e-06,22.5776385,41.056019342357054,20.0,2.4704306643819318e-05,8.92297936019304e-05,2.1747758984565735e-05,0.00013568185923031544,0.0,United Kingdom,GBR,england,,,Linux-6.4.0-150700.53.73-default-x86_64-with-glibc2.38,3.12.12,3.3.0,8,AMD EPYC 7543P 32-Core Processor,1,1 x NVIDIA A100-SXM4-40GB,-2.5917,51.4535,64,machine,20.0,25.0,4.6,11.519065856933594,N,1.0,0.0
2026-09-27T06:11:09,efficientnet_lite0_batch3_node_1_evaluate,36c995a5-05d2-4617-8e9f-1531a9a49fbf,5b0fa12a-3dd7-45bb-9766-cc326314d9f1,6.82694771932438,2.7076605238609054e-05,3.966136310369849e-06,22.5489246834375,33.13946858091709,20.0,2.372603743283817e-05,6.930588878617527e-05,2.0932126151294342e-05,0.00011396405237030778,0.0,United Kingdom,GBR,england,,,Linux-6.4.0-150700.53.73-default-x86_64-with-glibc2.38,3.12.12,3.3.0,8,AMD EPYC 7543P 32-Core Processor,1,1 x NVIDIA A100-SXM4-40GB,-2.5917,51.4535,64,machine,0.0,5.666666666666667,4.6,11.538322448730469,N,1.0,0.0
2026-09-27T06:11:12,efficientnet_lite0_batch3_node_2_local_train,5dd64392-ed24-4cfb-ad5d-9b544225b6ea,5b0fa12a-3dd7-45bb-9766-cc326314d9f1,3.286171038169414,2.132172774287994e-06,6.488319535174702e-07,23.092269570000003,48.40193517613463,20.0,1.5882794058231193e-06,6.10944933043811e-06,1.2764778738427494e-06,8.974206610103979e-06,0.0,United Kingdom,GBR,england,,,Linux-6.4.0-150700.53.73-default-x86_64-with-glibc2.38,3.12.12,3.3.0,8,AMD EPYC 7543P 32-Core Processor,1,1 x NVIDIA A100-SXM4-40GB,-2.5917,51.4535,64,machine,0,0,0,0,N,1.0,0.0
2026-09-27T06:11:19,efficientnet_lite0_batch3_node_2_evaluate,7c054538-6323-40b5-ad73-2babe145df19,5b0fa12a-3dd7-45bb-9766-cc326314d9f1,6.5820592902600765,2.563200933708948e-05,3.8942234043711695e-06,22.595906657812503,33.798922337887014,20.0,2.2214590325242856e-05,6.609866399287512e-05,1.9570567479564086e-05,0.00010788382179768205,0.0,United Kingdom,GBR,england,,,Linux-6.4.0-150700.53.73-default-x86_64-with-glibc2.38,3.12.12,3.3.0,8,AMD EPYC 7543P 32-Core Processor,1,1 x NVIDIA A100-SXM4-40GB,-2.5917,51.4535,64,machine,0.0,8.333333333333334,4.6,11.55074946085612,N,1.0,0.0
2026-09-27T06:11:23,efficientnet_lite0_batch3_node_3_local_train,b1468320-57ad-4bb5-b563-b56cb40c0b4d,5b0fa12a-3dd7-45bb-9766-cc326314d9f1,4.174218812957406,9.543618329213523e-06,2.286324401487696e-06,22.568989826250004,43.47901778359648,20.0,7.084259352254231e-06,2.6881965936809138e-05,6.202378178325792e-06,4.016860346738916e-05,0.0,United Kingdom,GBR,england,,,Linux-6.4.0-150700.53.73-default-x86_64-with-glibc2.38,3.12.12,3.3.0,8,AMD EPYC 7543P 32-Core Processor,1,1 x NVIDIA A100-SXM4-40GB,-2.5917,51.4535,64,machine,0.0,27.0,4.6,11.535606384277344,N,1.0,0.0
2026-09-27T06:11:29,efficientnet_lite0_batch3_node_3_evaluate,475ee15a-ee33-461b-a0cd-ef90b07ada3b,5b0fa12a-3dd7-45bb-9766-cc326314d9f1,6.139221578836441,2.2542611220119286e-05,3.6719005708850403e-06,22.737131955000002,334.7630680202159,20.0,1.9741060175128596e-05,5.801143529993169e-05,1.712820699904114e-05,9.488070247410143e-05,0.0,United Kingdom,GBR,england,,,Linux-6.4.0-150700.53.73-default-x86_64-with-glibc2.38,3.12.12,3.3.0,8,AMD EPYC 7543P 32-Core Processor,1,1 x NVIDIA A100-SXM4-40GB,-2.5917,51.4535,64,machine,45.0,9.666666666666666,4.6,11.513590494791666,N,1.0,0.0
2026-09-27T06:11:33,efficientnet_lite0_batch3_node_2_knowledge_extraction,82e4889e-6abb-4668-9758-bbe457208db1,5b0fa12a-3dd7-45bb-9766-cc326314d9f1,3.3035086560994387,2.0138947193486882e-06,6.096229581933531e-07,22.57408908,40.31878361428613,20.0,1.6239873423762032e-06,5.47917106530349e-06,1.3732218933809134e-06,8.476380301060606e-06,0.0,United Kingdom,GBR,england,,,Linux-6.4.0-150700.53.73-default-x86_64-with-glibc2.38,3.12.12,3.3.0,8,AMD EPYC 7543P 32-Core Processor,1,1 x NVIDIA A100-SXM4-40GB,-2.5917,51.4535,64,machine,0,0,0,0,N,1.0,0.0
2026-09-27T06:11:40,mobilevit_xxs_batch3_node_0_local_train,491e6b73-7f93-40cc-8373-226a52b8dbcb,5b0fa12a-3dd7-45bb-9766-cc326314d9f1,5.881102271843702,2.170393409034235e-05,3.690453436637526e-06,22.67107659,36.9076096654681,20.0,1.7875456793848367e-05,5.7795324025278205e-05,1.567997233166049e-05,9.135075315078707e-05,0.0,United Kingdom,GBR,england,,,Linux-6.4.0-150700.53.73-default-x86_64-with-glibc2.38,3.12.12,3.3.0,8,AMD EPYC 7543P 32-Core Processor,1,1 x NVIDIA A100-SXM4-40GB,-2.5917,51.4535,64,machine,0.0,27.5,4.6,11.578594207763672,N,1.0,0.0
2026-09-27T06:11:47,mobilevit_xxs_batch3_node_0_evaluate,1dfc4070-e6dc-43da-bd37-34f99d536996,5b0fa12a-3dd7-45bb-9766-cc326314d9f1,6.292407271917909,2.3063670197654598e-05,3.6653174533988568e-06,22.767658855312508,32.46257813068148,20.0,2.07817485161009e-05,5.8310324433819005e-05,1.798174022179511e-05,9.707381317171502e-05,0.0,United Kingdom,GBR,england,,,Linux-6.4.0-150700.53.73-default-x86_64-with-glibc2.38,3.12.12,3.3.0,8,AMD EPYC 7543P 32-Core Processor,1,1 x NVIDIA A100-SXM4-40GB,-2.5917,51.4535,64,machine,0.0,12.0,4.6,11.589003245035807,N,1.0,0.0
2026-09-27T06:11:56,mobilevit_xxs_batch3_node_1_local_train,b194be44-1b5d-4470-8241-4625f331b284,5b0fa12a-3dd7-45bb-9766-cc326314d9f1,9.096730639692396,4.667762301967914e-05,5.131252630039129e-06,22.752312671250003,37.03057343135884,20.0,3.86732184087443e-05,0.0001242287104901152,3.356180898327795e-05,0.0001964637378821374,0.0,United Kingdom,GBR,england,,,Linux-6.4.0-150700.53.73-default-x86_64-with-glibc2.38,3.12.12,3.3.0,8,AMD EPYC 7543P 32-Core Processor,1,1 x NVIDIA A100-SXM4-40GB,-2.5917,51.4535,64,machine,0.0,31.666666666666668,4.616666666666666,11.67325210571289,N,1.0,0.0
2026-09-27T06:12:02,mobilevit_xxs_batch3_node_1_evaluate,6132491b-b959-49f0-a2fc-d4934e97406a,5b0fa12a-3dd7-45bb-9766-cc326314d9f1,6.325654574204236,2.356686747152012e-05,3.725601389558142e-06,22.708600717500005,33.123986788422265,20.0,2.0878869569409594e-05,6.014171478341268e-05,1.8171160515501267e-05,9.919174486832354e-05,0.0,United Kingdom,GBR,england,,,Linux-6.4.0-150700.53.73-default-x86_64-with-glibc2.38,3.12.12,3.3.0,8,AMD EPYC 7543P 32-Core Processor,1,1 x NVIDIA A100-SXM4-40GB,-2.5917,51.4535,64,machine,0.0,11.666666666666666,4.6,11.59838612874349,N,1.0,0.0
2026-09-27T06:12:06,mobilevit_xxs_batch3_node_2_local_train,0d7225a6-76e9-4f7f-92a4-baf4f116b0b5,5b0fa12a-3dd7-45bb-9766-cc326314d9f1,3.410118408035487,2.357211109938884e-06,6.912402526505918e-07,22.548614377500005,29.902776226290463,20.0,2.252289947820933e-06,5.736393475785917e-06,1.9326980794883438e-06,9.921381503095195e-06,0.0,United Kingdom,GBR,england,,,Linux-6.4.0-150700.53.73-default-x86_64-with-glibc2.38,3.12.12,3.3.0,8,AMD EPYC 7543P 32-Core Processor,1,1 x NVIDIA A100-SXM4-40GB,-2.5917,51.4535,64,machine,0,0,0,0,N,1.0,0.0
2026-09-27T06:12:12,mobilevit_xxs_batch3_node_2_evaluate,bba456e0-15c8-4156-9690-fd6f95a7662b,5b0fa12a-3dd7-45bb-9766-cc326314d9f1,6.114258914720267,2.1592184144089052e-05,3.531447464893121e-06,22.576565680312502,32.16542687255108,20.0,1.9302179165038124e-05,5.4591710338058874e-05,1.698651381561326e-05,9.088040331871025e-05,0.0,United Kingdom,GBR,england,,,Linux-6.4.0-150700.53.73-default-x86_64-with-glibc2.38,3.12.12,3.3.0,8,AMD EPYC 7543P 32-Core Processor,1,1 x NVIDIA A100-SXM4-40GB,-2.5917,51.4535,64,machine,0.0,9.666666666666666,4.6,11.596090952555338,N,1.0,0.0
2026-09-27T06:12:17,mobilevit_xxs_batch3_node_3_local_train,ce96b399-fa7f-4c85-9679-bc2c46169b81,5b0fa12a-3dd7-45bb-9766-cc326314d9f1,4.796777289360762,1.362425233071693e-05,2.8402928693261373e-06,22.602793303124997,38.004183384697804,20.0,1.1000029081843128e-05,3.667558489439671e-05,9.668170166615812e-06,5.7343784142855645e-05,0.0,United Kingdom,GBR,england,,,Linux-6.4.0-150700.53.73-default-x86_64-with-glibc2.38,3.12.12,3.3.0,8,AMD EPYC 7543P 32-Core Processor,1,1 x NVIDIA A100-SXM4-40GB,-2.5917,51.4535,64,machine,0.0,18.0,4.6,11.651229858398438,N,1.0,0.0
2026-09-27T06:12:23,mobilevit_xxs_batch3_node_3_evaluate,aba39203-3963-4dbc-af7a-536dc90c9c36,5b0fa12a-3dd7-45bb-9766-cc326314d9f1,6.220118032768369,2.239439998531365e-05,3.600317528917798e-06,22.731920263125,32.10591546589421,20.0,2.0256840017969206e-05,5.641393401845107e-05,1.7586114899151856e-05,9.425688893557214e-05,0.0,United Kingdom,GBR,england,,,Linux-6.4.0-150700.53.73-default-x86_64-with-glibc2.38,3.12.12,3.3.0,8,AMD EPYC 7543P 32-Core Processor,1,1 x NVIDIA A100-SXM4-40GB,-2.5917,51.4535,64,machine,0.0,11.666666666666666,4.666666666666667,11.738360087076822,N,1.0,0.0
2026-09-27T06:12:28,mobilevit_xxs_batch3_node_1_knowledge_extraction,45e0568d-acab-45fd-ba70-941b10272afc,5b0fa12a-3dd7-45bb-9766-cc326314d9f1,4.885075434111059,1.2825588455178394e-05,2.625463747319242e-06,22.769731063125008,31.72354968078346,20.0,1.1714357564400696e-05,3.2126692374845334e-05,1.0141198629409902e-05,5.398224856865593e-05,0.0,United Kingdom,GBR,england,,,Linux-6.4.0-150700.53.73-default-x86_64-with-glibc2.38,3.12.12,3.3.0,8,AMD EPYC 7543P 32-Core Processor,1,1 x NVIDIA A100-SXM4-40GB,-2.5917,51.4535,64,machine,0.0,10.0,4.7,11.731220245361328,N,1.0,0.0
2026-09-27T06:12:31,mobilevit_xxs_batch3_node_2_knowledge_extraction,9f4b8a69-5a10-4844-a4ef-9b0a78626fef,5b0fa12a-3dd7-45bb-9766-cc326314d9f1,3.3091437187977135,1.9794485781785803e-06,5.981754636204675e-07,22.5747235125,39.1240251154685,20.0,1.6322933981513417e-06,5.323615368979517e-06,1.3754894801725944e-06,8.331398247303453e-06,0.0,United Kingdom,GBR,england,,,Linux-6.4.0-150700.53.73-default-x86_64-with-glibc2.38,3.12.12,3.3.0,8,AMD EPYC 7543P 32-Core Processor,1,1 x NVIDIA A100-SXM4-40GB,-2.5917,51.4535,64,machine,0,0,0,0,N,1.0,0.0
2026-09-27T06:12:37,mobilevit_xxs_batch3_node_0_distill,a060ad17-9504-46a5-bf77-8692153ad130,5b0fa12a-3dd7-45bb-9766-cc326314d9f1,5.458330223802477,1.8434265723425116e-05,3.377271980181352e-06,22.621194528750003,36.759559587588804,20.0,1.5228498676841668e-05,4.9012261442271665e-05,1.3348125407679214e-05,7.758888552679255e-05,0.0,United Kingdom,GBR,england,,,Linux-6.4.0-150700.53.73-default-x86_64-with-glibc2.38,3.12.12,3.3.0,8,AMD EPYC 7543P 32-Core Processor,1,1 x NVIDIA A100-SXM4-40GB,-2.5917,51.4535,64,machine,0.0,31.0,4.65,11.701461791992188,N,1.0,0.0
2026-09-27T06:12:45,mobilevit_xxs_batch3_node_1_distill,6ae246f9-5574-4fae-80e5-fbe92bb44a93,5b0fa12a-3dd7-45bb-9766-cc326314d9f1,7.666365777142346,3.557295074264186e-05,4.640132205627913e-06,22.56036284025,37.13755288891396,20.0,2.9039245968019316e-05,9.507146495479901e-05,2.561402693390846e-05,0.00014972473785672679,0.0,United Kingdom,GBR,england,,,Linux-6.4.0-150700.53.73-default-x86_64-with-glibc2.38,3.12.12,3.3.0,8,AMD EPYC 7543P 32-Core Processor,1,1 x NVIDIA A100-SXM4-40GB,-2.5917,51.4535,64,machine,8.325,30.0,4.7,11.709970474243164,N,1.0,0.0
2026-09-27T06:12:51,mobilevit_xxs_batch3_node_0_evaluate,77554ca9-7be5-4c3d-96b8-55d7151b0390,5b0fa12a-3dd7-45bb-9766-cc326314d9f1,6.34265058208257,2.3548553275524566e-05,3.712730659016147e-06,22.6146636759375,32.936520307562816,20.0,2.0758670025423683e-05,6.009504808446309e-05,1.8260943240279125e-05,9.91146613501659e-05,0.0,United Kingdom,GBR,england,,,Linux-6.4.0-150700.53.73-default-x86_64-with-glibc2.38,3.12.12,3.3.0,8,AMD EPYC 7543P 32-Core Processor,1,1 x NVIDIA A100-SXM4-40GB,-2.5917,51.4535,64,machine,0.0,11.666666666666666,4.6,11.686691284179688,N,1.0,0.0
2026-09-27T06:12:58,mobilevit_xxs_batch3_node_1_evaluate,2e84b99a-4e49-43d6-bd2d-87acaac303d2,5b0fa12a-3dd7-45bb-9766-cc326314d9f1,6.5367852370254695,2.492430504197135e-05,3.812930077738492e-06,22.583901166875002,32.913138343708695,20.0,2.19836407923092e-05,6.358727310384893e-05,1.9334216568515533e-05,0.00010490513046467366,0.0,United Kingdom,GBR,england,,,Linux-6.4.0-150700.53.73-default-x86_64-with-glibc2.38,3.12.12,3.3.0,8,AMD EPYC 7543P 32-Core Processor,1,1 x NVIDIA A100-SXM4-40GB,-2.5917,51.4535,64,machine,0.0,10.0,4.366666666666667,10.942511240641275,N,1.0,0.0
2026-09-27T06:13:13,mobilenet_v3_small_batch4_node_0_local_train,2bc37173-90aa-48b0-b3e9-019f36183923,5b0fa12a-3dd7-45bb-9766-cc326314d9f1,7.105128013063222,2.842870542725979e-05,4.001153163601252e-06,23.02775053875,87.23159405461207,20.0,2.582784255053663e-05,7.136477933045171e-05,2.2462351317517462e-05,0.0001196549731985058,0.0,United Kingdom,GBR,england,,,Linux-6.4.0-150700.53.73-default-x86_64-with-glibc2.38,3.12.12,3.3.0,8,AMD EPYC 7543P 32-Core Processor,1,1 x NVIDIA A100-SXM4-40GB,-2.5917,51.4535,64,machine,0.0,3.0,4.4,11.076404571533203,N,1.0,0.0
2026-09-27T06:13:21,mobilenet_v3_small_batch4_node_0_evaluate,fd5c273f-a9b0-4938-bf2e-099830e2fc1c,5b0fa12a-3dd7-45bb-9766-cc326314d9f1,7.604980388190597,3.082678101816106e-05,4.0534990814743535e-06,22.735844743500003,29.853342587194494,20.0,2.909715277301732e-05,7.538506029902692e-05,2.5266138148597544e-05,0.0001297483512206418,0.0,United Kingdom,GBR,england,,,Linux-6.4.0-150700.53.73-default-x86_64-with-glibc2.38,3.12.12,3.3.0,8,AMD EPYC 7543P 32-Core Processor,1,1 x NVIDIA A100-SXM4-40GB,-2.5917,51.4535,64,machine,16.675,3.0,4.45,11.180352210998535,N,1.0,0.0
2026-09-27T06:13:29,mobilenet_v3_small_batch4_node_1_local_train,1aa22395-c5be-45c8-a788-36bf8df6e122,5b0fa12a-3dd7-45bb-9766-cc326314d9f1,8.31067931978032,3.688549040221782e-05,4.438324351467436e-06,22.711691694375002,31.780458274884065,20.0,3.347965990348086e-05,9.261340741772983e-05,2.9156083111754725e-05,0.00015524915043296542,0.0,United Kingdom,GBR,england,,,Linux-6.4.0-150700.53.73-default-x86_64-with-glibc2.38,3.12.12,3.3.0,8,AMD EPYC 7543P 32-Core Processor,1,1 x NVIDIA A100-SXM4-40GB,-2.5917,51.4535,64,machine,0.0,11.0,4.5,11.258466339111328,N,1.0,0.0
2026-09-27T06:13:36,mobilenet_v3_small_batch4_node_1_evaluate,c02e3b2e-489a-4592-adae-2d76d64edb23,5b0fa12a-3dd7-45bb-9766-cc326314d9f1,6.400767228100449,2.2768809088629532e-05,3.557199985131566e-06,22.817026279687504,30.051191028889978,20.0,2.1539295277490574e-05,5.5733100140287206e-05,1.8560362364062007e-05,9.583275778183979e-05,0.0,United Kingdom,GBR,england,,,Linux-6.4.0-150700.53.73-default-x86_64-with-glibc2.38,3.12.12,3.3.0,8,AMD EPYC 7543P 32-Core Processor,1,1 x NVIDIA A100-SXM4-40GB,-2.5917,51.4535,64,machine,0.0,4.0,4.5,11.231544494628906,N,1.0,0.0
2026-09-27T06:13:39,mobilenet_v3_small_batch4_node_2_local_train,6bfee89e-7c94-415b-a089-d218f704ea60,5b0fa12a-3dd7-45bb-9766-cc326314d9f1,3.248225212097168,1.3452013843948323e-06,4.1413427227428086e-07,22.538206080000002,33.158149772762286,20.0,1.2416359334855618e-06,3.385002699474171e-06,1.0352454794984725e-06,5.661884112458205e-06,0.0,United Kingdom,GBR,england,,,Linux-6.4.0-150700.53.73-default-x86_64-with-glibc2.38,3.12.12,3.3.0,8,AMD EPYC 7543P 32-Core Processor,1,1 x NVIDIA A100-SXM4-40GB,-2.5917,51.4535,64,machine,0,0,0,0,N,1.0,0.0
2026-09-27T06:13:45,mobilenet_v3_small_batch4_node_2_evaluate,9870ef7b-2166-4df4-93cf-3ddcc3d8a7af,5b0fa12a-3dd7-45bb-9766-cc326314d9f1,5.869685815181583,1.925899225917988e-05,3.281094229842366e-06,22.797339288750003,30.36430427788486,20.0,1.8035272247071613e-05,4.739920460394842e-05,1.5625640659386084e-05,8.106011751040612e-05,0.0,United Kingdom,GBR,england,,,Linux-6.4.0-150700.53.73-default-x86_64-with-glibc2.38,3.12.12,3.3.0,8,AMD EPYC 7543P 32-Core Processor,1,1 x NVIDIA A100-SXM4-40GB,-2.5917,51.4535,64,machine,0.0,4.5,4.5,11.296207427978516,N,1.0,0.0
2026-09-27T06:13:50,mobilenet_v3_small_batch4_node_3_local_train,eec70869-5f6a-4360-b2bf-cef8a7ce81b6,5b0fa12a-3dd7-45bb-9766-cc326314d9f1,4.61971683986485,1.1260760203763126e-05,2.4375433807091434e-06,22.818950409375,33.220774177153665,20.0,1.0072490868462547e-05,2.867696737496317e-05,8.646507915626797e-06,4.739596615905251e-05,0.0,United Kingdom,GBR,england,,,Linux-6.4.0-150700.53.73-default-x86_64-with-glibc2.38,3.12.12,3.3.0,8,AMD EPYC 7543P 32-Core Processor,1,1 x NVIDIA A100-SXM4-40GB,-2.5917,51.4535,64,machine,0.0,12.0,4.5,11.25436019897461,N,1.0,0.0
2026-09-27T06:13:56,mobilenet_v3_small_batch4_node_3_evaluate,49717b38-04c5-4bc7-8815-7825dea884b9,5b0fa12a-3dd7-45bb-9766-cc326314d9f1,5.774588040076196,1.896362079304867e-05,3.2839781230174893e-06,22.60322343,373.16324388988807,20.0,1.7194155414759382e-05,4.7510871354461415e-05,1.5111887284244099e-05,7.981691405346489e-05,0.0,United Kingdom,GBR,england,,,Linux-6.4.0-150700.53.73-default-x86_64-with-glibc2.38,3.12.12,3.3.0,8,AMD EPYC 7543P 32-Core Processor,1,1 x NVIDIA A100-SXM4-40GB,-2.5917,51.4535,64,machine,0.0,5.0,4.5,11.263128280639648,N,1.0,0.0
2026-09-27T06:14:00,mobilenet_v3_small_batch4_node_0_knowledge_extraction,c3a27205-6401-4066-b2f4-74c54c62cffc,5b0fa12a-3dd7-45bb-9766-cc326314d9f1,4.573064238298684,1.0695286889243592e-05,2.3387571947212696e-06,22.73508235125,364.94972284845704,20.0,9.730623707949103e-06,2.6852521486375736e-05,8.432772584880392e-06,4.501591777920523e-05,0.0,United Kingdom,GBR,england,,,Linux-6.4.0-150700.53.73-default-x86_64-with-glibc2.38,3.12.12,3.3.0,8,AMD EPYC 7543P 32-Core Processor,1,1 x NVIDIA A100-SXM4-40GB,-2.5917,51.4535,64,machine,0.0,2.0,4.5,11.320606231689453,N,1.0,0.0
2026-09-27T06:14:05,mobilenet_v3_small_batch4_node_1_knowledge_extraction,8c89c185-16aa-4613-a880-7a7a86f20293,5b0fa12a-3dd7-45bb-9766-cc326314d9f1,4.688164080958813,1.1041897357365916e-05,2.355271096891227e-06,22.632294363750002,29.895067499401453,20.0,1.035171692448356e-05,2.70555772061698e-05,9.06748945514361e-06,4.647478358579697e-05,0.0,United Kingdom,GBR,england,,,Linux-6.4.0-150700.53.73-default-x86_64-with-glibc2.38,3.12.12,3.3.0,8,AMD EPYC 7543P 32-Core Processor,1,1 x NVIDIA A100-SXM4-40GB,-2.5917,51.4535,64,machine,0.0,3.0,4.5,11.306015014648438,N,1.0,0.0
2026-09-27T06:14:09,mobilenet_v3_small_batch4_node_3_knowledge_extraction,36245a1a-b5fb-4c16-8c48-2bae2a59a205,5b0fa12a-3dd7-45bb-9766-cc326314d9f1,3.6445813849568367,4.153619562385401e-06,1.1396698615455923e-06,23.357525636250003,31.320694963650226,20.0,4.0225748827177685e-06,1.0188897050511514e-05,3.270901250652969e-06,1.7482373183882254e-05,0.0,United Kingdom,GBR,england,,,Linux-6.4.0-150700.53.73-default-x86_64-with-glibc2.38,3.12.12,3.3.0,8,AMD EPYC 7543P 32-Core Processor,1,1 x NVIDIA A100-SXM4-40GB,-2.5917,51.4535,64,machine,0,0,0,0,N,1.0,0.0
2026-09-27T06:14:16,mobilenet_v3_small_batch4_node_0_distill,eb617834-7dc3-4783-a359-936687c82be8,5b0fa12a-3dd7-45bb-9766-cc326314d9f1,6.704432226717472,2.509610466645258e-05,3.7432110308227807e-06,22.592392700625005,30.770888628832704,20.0,2.305092650341626e-05,6.231254984356838e-05,2.0264749986947408e-05,0.00010562822633393204,0.0,United Kingdom,GBR,england,,,Linux-6.4.0-150700.53.73-default-x86_64-with-glibc2.38,3.12.12,3.3.0,8,AMD EPYC 7543P 32-Core Processor,1,1 x NVIDIA A100-SXM4-40GB,-2.5917,51.4535,64,machine,0.0,6.666666666666667,4.6,11.527876536051432,N,1.0,0.0
2026-09-27T06:14:22,mobilenet_v3_small_batch4_node_1_distill,995392a4-080c-4bac-aa9b-7f1cd3abc19b,5b0fa12a-3dd7-45bb-9766-cc326314d9f1,6.9192660972476006,2.7624122108647932e-05,3.9923485699786095e-06,22.6719322453125,32.79094118381573,20.0,2.4569913867425315e-05,7.025005621130731e-05,2.1448552911169827e-05,0.00011626852298990245,0.0,United Kingdom,GBR,england,,,Linux-6.4.0-150700.53.73-default-x86_64-with-glibc2.38,3.12.12,3.3.0,8,AMD EPYC 7543P 32-Core Processor,1,1 x NVIDIA A100-SXM4-40GB,-2.5917,51.4535,64,machine,0.0,10.333333333333334,4.6,11.55215326944987,N,1.0,0.0
2026-09-27T06:14:28,mobilenet_v3_small_batch4_node_0_evaluate,67415b69-a1b9-4caa-970c-e50d6365f69f,5b0fa12a-3dd7-45bb-9766-cc326314d9f1,5.928765521384776,1.9793950061276847e-05,3.338629262682258e-06,22.68458323875,345.5668424701063,20.0,1.8317056755885684e-05,4.9042816996802685e-05,1.595185390000956e-05,8.331172765269793e-05,0.0,United Kingdom,GBR,england,,,Linux-6.4.0-150700.53.73-default-x86_64-with-glibc2.38,3.12.12,3.3.0,8,AMD EPYC 7543P 32-Core Processor,1,1 x NVIDIA A100-SXM4-40GB,-2.5917,51.4535,64,machine,0.0,3.5,4.6,11.586332321166992,N,1.0,0.0
2026-09-27T06:14:35,mobilenet_v3_small_batch4_node_1_evaluate,9bcb4eb1-b102-4a3f-84ff-920579ec6d83,5b0fa12a-3dd7-45bb-9766-cc326314d9f1,5.975518167950213,1.9988414245764914e-05,3.34505120459228e-06,22.801693241250003,30.421505369825297,20.0,1.8713043297854053e-05,4.922059493139841e-05,1.6196579271410074e-05,8.413021750066255e-05,0.0,United Kingdom,GBR,england,,,Linux-6.4.0-150700.53.73-default-x86_64-with-glibc2.38,3.12.12,3.3.0,8,AMD EPYC 7543P 32-Core Processor,1,1 x NVIDIA A100-SXM4-40GB,-2.5917,51.4535,64,machine,0.0,7.0,4.6,11.62845230102539,N,1.0,0.0
2026-09-27T06:14:42,efficientnet_lite0_batch4_node_0_local_train,fb1037d7-2d7a-49d4-a07e-9f92557c39f5,5b0fa12a-3dd7-45bb-9766-cc326314d9f1,5.661734890192747,2.0433425952327154e-05,3.6090396934201067e-06,22.698953482500002,38.0830220861997,20.0,1.6611669339869016e-05,5.494809950334911e-05,1.4443480264809398e-05,8.600324910802754e-05,0.0,United Kingdom,GBR,england,,,Linux-6.4.0-150700.53.73-default-x86_64-with-glibc2.38,3.12.12,3.3.0,8,AMD EPYC 7543P 32-Core Processor,1,1 x NVIDIA A100-SXM4-40GB,-2.5917,51.4535,64,machine,0.0,13.0,4.6,11.65146255493164,N,1.0,0.0
2026-09-27T06:14:48,efficientnet_lite0_batch4_node_0_evaluate,3be585f2-0815-476a-a921-00e079a4fadf,5b0fa12a-3dd7-45bb-9766-cc326314d9f1,5.997759413905442,2.115646342350366e-05,3.527394475752676e-06,22.644988211250002,33.11626333497529,20.0,1.867929579564673e-05,5.4035876559055396e-05,1.6331304643406635e-05,8.904647699810876e-05,0.0,United Kingdom,GBR,england,,,Linux-6.4.0-150700.53.73-default-x86_64-with-glibc2.38,3.12.12,3.3.0,8,AMD EPYC 7543P 32-Core Processor,1,1 x NVIDIA A100-SXM4-40GB,-2.5917,51.4535,64,machine,0.0,13.0,4.6,11.629644393920898,N,1.0,0.0
2026-09-27T06:14:55,efficientnet_lite0_batch4_node_1_local_train,6a60abb3-2890-436c-962d-395a5f9e0bf1,5b0fa12a-3dd7-45bb-9766-cc326314d9f1,6.969614190980792,3.1778607153671685e-05,4.55959344131209e-06,22.635342495000003,40.26508387188434,20.0,2.4767017520755536e-05,8.729368093440826e-05,2.169384049096455e-05,0.00013375453894612835,0.0,United Kingdom,GBR,england,,,Linux-6.4.0-150700.53.73-default-x86_64-with-glibc2.38,3.12.12,3.3.0,8,AMD EPYC 7543P 32-Core Processor,1,1 x NVIDIA A100-SXM4-40GB,-2.5917,51.4535,64,machine,0.0,22.333333333333332,4.6,11.637502034505209,N,1.0,0.0
2026-09-27T06:15:01,efficientnet_lite0_batch4_node_1_evaluate,1122c260-cb39-4351-ba31-7245563d86ee,5b0fa12a-3dd7-45bb-9766-cc326314d9f1,6.2696161130443215,2.3574345640442552e-05,3.760093953981437e-06,22.5550801265625,34.37336212309404,20.0,2.0213321776235425e-05,6.119310451424553e-05,1.781679380995532e-05,9.922322010043627e-05,0.0,United Kingdom,GBR,england,,,Linux-6.4.0-150700.53.73-default-x86_64-with-glibc2.38,3.12.12,3.3.0,8,AMD EPYC 7543P 32-Core Processor,1,1 x NVIDIA A100-SXM4-40GB,-2.5917,51.4535,64,machine,0.0,11.333333333333334,4.6,11.594103495279947,N,1.0,0.0
2026-09-27T06:15:04,efficientnet_lite0_batch4_node_2_local_train,9db546f5-d43a-4847-8907-6d6ce3dcdeff,5b0fa12a-3dd7-45bb-9766-cc326314d9f1,3.1859856457449496,8.322840254763164e-07,2.612328233769274e-07,22.5332616375,26.22372158054184,20.0,8.952700635840702e-07,1.8775015035998877e-06,7.302695057458347e-07,3.5030410729297924e-06,0.0,United Kingdom,GBR,england,,,Linux-6.4.0-150700.53.73-default-x86_64-with-glibc2.38,3.12.12,3.3.0,8,AMD EPYC 7543P 32-Core Processor,1,1 x NVIDIA A100-SXM4-40GB,-2.5917,51.4535,64,machine,0,0,0,0,N,1.0,0.0
2026-09-27T06:15:10,efficientnet_lite0_batch4_node_2_evaluate,813cfcf7-12fe-4088-8817-9c9cd31574ce,5b0fa12a-3dd7-45bb-9766-cc326314d9f1,5.869954463094473,2.0615261773584253e-05,3.511996882292077e-06,22.530204731250002,34.239951509671045,20.0,1.7697845516838473e-05,5.3446987209326835e-05,1.5623754092181723e-05,8.676858681834703e-05,0.0,United Kingdom,GBR,england,,,Linux-6.4.0-150700.53.73-default-x86_64-with-glibc2.38,3.12.12,3.3.0,8,AMD EPYC 7543P 32-Core Processor,1,1 x NVIDIA A100-SXM4-40GB,-2.5917,51.4535,64,machine,0.0,10.5,4.6,11.580673217773438,N,1.0,0.0
2026-09-27T06:15:15,efficientnet_lite0_batch4_node_3_local_train,49661e16-5f5a-43d7-aa87-df0e5dd4e706,5b0fa12a-3dd7-45bb-9766-cc326314d9f1,4.23188665183261,9.877700162327046e-06,2.334112648799213e-06,22.554510468750003,42.36298402707191,20.0,7.4500304739768074e-06,2.7595855414119796e-05,6.528850999246869e-06,4.157473688734347e-05,0.0,United Kingdom,GBR,england,,,Linux-6.4.0-150700.53.73-default-x86_64-with-glibc2.38,3.12.12,3.3.0,8,AMD EPYC 7543P 32-Core Processor,1,1 x NVIDIA A100-SXM4-40GB,-2.5917,51.4535,64,machine,0.0,26.0,4.2,10.634319305419922,N,1.0,0.0
2026-09-27T06:15:21,efficientnet_lite0_batch4_node_3_evaluate,232e55f2-3115-4c86-a862-a922cce62d29,5b0fa12a-3dd7-45bb-9766-cc326314d9f1,5.960566410329193,2.135355886455669e-05,3.5824714288146595e-06,22.58305237125,34.35873395764586,20.0,1.8361348037332114e-05,5.537948874234644e-05,1.6135204891260297e-05,8.987604167093885e-05,0.0,United Kingdom,GBR,england,,,Linux-6.4.0-150700.53.73-default-x86_64-with-glibc2.38,3.12.12,3.3.0,8,AMD EPYC 7543P 32-Core Processor,1,1 x NVIDIA A100-SXM4-40GB,-2.5917,51.4535,64,machine,0.0,13.0,4.4,10.977254867553711,N,1.0,0.0
2026-09-27T06:15:25,efficientnet_lite0_batch4_node_1_knowledge_extraction,5ea68e27-5c9f-4088-81f2-137494f132dc,5b0fa12a-3dd7-45bb-9766-cc326314d9f1,4.750851386226714,1.2198036419293953e-05,2.5675474620522797e-06,22.697904667500005,33.14567131863163,20.0,1.0818779032955234e-05,3.111919156140175e-05,9.402943418050806e-06,5.1340914012407786e-05,0.0,United Kingdom,GBR,england,,,Linux-6.4.0-150700.53.73-default-x86_64-with-glibc2.38,3.12.12,3.3.0,8,AMD EPYC 7543P 32-Core Processor,1,1 x NVIDIA A100-SXM4-40GB,-2.5917,51.4535,64,machine,0.0,4.0,4.6,11.466651916503906,N,1.0,0.0
2026-09-27T06:15:29,efficientnet_lite0_batch4_node_2_knowledge_extraction,cc9a2c6c-7d79-4f0c-a34f-e134a0df6daa,5b0fa12a-3dd7-45bb-9766-cc326314d9f1,3.263046570122242,1.3960427046334256e-06,4.278341343381827e-07,22.84421274,30.354621052862665,20.0,1.3775042158749127e-06,3.368336024323071e-06,1.1300323996692895e-06,5.875872639867273e-06,0.0,United Kingdom,GBR,england,,,Linux-6.4.0-150700.53.73-default-x86_64-with-glibc2.38,3.12.12,3.3.0,8,AMD EPYC 7543P 32-Core Processor,1,1 x NVIDIA A100-SXM4-40GB,-2.5917,51.4535,64,machine,0,0,0,0,N,1.0,0.0
2026-09-27T06:15:33,efficientnet_lite0_batch4_node_3_knowledge_extraction,00449c99-63ca-4df8-906a-9ff3e271e38b,5b0fa12a-3dd7-45bb-9766-cc326314d9f1,3.6822152230888605,4.790802565052309e-06,1.30106533018825e-06,23.06209737375,36.31850815990945,20.0,4.154533377832598e-06,1.2535843367800226e-05,3.4738672431558373e-06,2.016424398878866e-05,0.0,United Kingdom,GBR,england,,,Linux-6.4.0-150700.53.73-default-x86_64-with-glibc2.38,3.12.12,3.3.0,8,AMD EPYC 7543P 32-Core Processor,1,1 x NVIDIA A100-SXM4-40GB,-2.5917,51.4535,64,machine,0,0,0,0,N,1.0,0.0
2026-09-27T06:15:39,efficientnet_lite0_batch4_node_0_distill,ac6b7528-5cb7-4c1c-9390-61e29279f081,5b0fa12a-3dd7-45bb-9766-cc326314d9f1,6.08582048304379,2.3932779421820007e-05,3.932547712917447e-06,22.6046671875,38.52301525909123,20.0,1.9101584056674473e-05,6.47958851658359e-05,1.6834380407817665e-05,0.00010073184963032804,0.0,United Kingdom,GBR,england,,,Linux-6.4.0-150700.53.73-default-x86_64-with-glibc2.38,3.12.12,3.3.0,8,AMD EPYC 7543P 32-Core Processor,1,1 x NVIDIA A100-SXM4-40GB,-2.5917,51.4535,64,machine,0.0,13.666666666666666,4.566666666666666,11.471267700195312,N,1.0,0.0
2026-09-27T06:15:45,efficientnet_lite0_batch4_node_0_evaluate,ce7808ba-62fa-4c2f-b6d6-1771b05cec90,5b0fa12a-3dd7-45bb-9766-cc326314d9f1,6.627811258658767,2.588937636511952e-05,3.906172845718393e-06,22.7508483178125,33.50079091883359,20.0,2.282633555311258e-05,6.632755305702176e-05,1.9813177900181875e-05,0.00010896706651031622,0.0,United Kingdom,GBR,england,,,Linux-6.4.0-150700.53.73-default-x86_64-with-glibc2.38,3.12.12,3.3.0,8,AMD EPYC 7543P 32-Core Processor,1,1 x NVIDIA A100-SXM4-40GB,-2.5917,51.4535,64,machine,45.0,7.333333333333333,4.6,11.539554595947266,N,1.0,0.0
2026-09-27T06:15:54,mobilevit_xxs_batch4_node_0_local_train,ec9a437c-dba9-40d2-8f68-c4158549dd62,5b0fa12a-3dd7-45bb-9766-cc326314d9f1,7.000461803749204,2.9361227044903778e-05,4.194184307837938e-06,22.556106371250003,35.079135700101645,20.0,2.48383560017949e-05,7.682228367400512e-05,2.1919269515718853e-05,0.00012357990919151888,0.0,United Kingdom,GBR,england,,,Linux-6.4.0-150700.53.73-default-x86_64-with-glibc2.38,3.12.12,3.3.0,8,AMD EPYC 7543P 32-Core Processor,1,1 x NVIDIA A100-SXM4-40GB,-2.5917,51.4535,64,machine,0.0,24.333333333333332,4.6,11.637657165527344,N,1.0,0.0
2026-09-27T06:16:01,mobilevit_xxs_batch4_node_0_evaluate,519f690d-565b-4cf4-a679-2566885d76a5,5b0fa12a-3dd7-45bb-9766-cc326314d9f1,6.263448861893266,2.2956667311349436e-05,3.6651799699391615e-06,22.6399639753125,32.93291069624515,20.0,2.0245072637377263e-05,5.8577269086868e-05,1.780110174893505e-05,9.662344347318031e-05,0.0,United Kingdom,GBR,england,,,Linux-6.4.0-150700.53.73-default-x86_64-with-glibc2.38,3.12.12,3.3.0,8,AMD EPYC 7543P 32-Core Processor,1,1 x NVIDIA A100-SXM4-40GB,-2.5917,51.4535,64,machine,20.0,9.0,4.6,11.613099416097006,N,1.0,0.0
2026-09-27T06:16:10,mobilevit_xxs_batch4_node_1_local_train,fcd48e50-df38-41a6-9521-4012b1a3cfbd,5b0fa12a-3dd7-45bb-9766-cc326314d9f1,8.99909992562607,4.566461496952173e-05,5.07435358501643e-06,22.774223711250002,36.73171903383986,20.0,3.801257170774737e-05,0.00012118204139710542,3.300542548919717e-05,0.00019220003859404995,0.0,United Kingdom,GBR,england,,,Linux-6.4.0-150700.53.73-default-x86_64-with-glibc2.38,3.12.12,3.3.0,8,AMD EPYC 7543P 32-Core Processor,1,1 x NVIDIA A100-SXM4-40GB,-2.5917,51.4535,64,machine,0.0,26.0,4.64,11.687625885009766,N,1.0,0.0
2026-09-27T06:16:16,mobilevit_xxs_batch4_node_1_evaluate,aa85f534-5d22-41aa-8075-894aee210459,5b0fa12a-3dd7-45bb-9766-cc326314d9f1,6.180171966087073,2.24051538178298e-05,3.625328541143402e-06,22.5871116778125,32.98458315806641,20.0,1.9736938206933325e-05,5.7207268000070144e-05,1.7357945061909653e-05,9.430215126891313e-05,0.0,United Kingdom,GBR,england,,,Linux-6.4.0-150700.53.73-default-x86_64-with-glibc2.38,3.12.12,3.3.0,8,AMD EPYC 7543P 32-Core Processor,1,1 x NVIDIA A100-SXM4-40GB,-2.5917,51.4535,64,machine,0.0,11.666666666666666,4.6,11.622835795084635,N,1.0,0.0
2026-09-27T06:16:19,mobilevit_xxs_batch4_node_2_local_train,03ad6ecf-5cc6-4f41-901e-beb27fd76d34,5b0fa12a-3dd7-45bb-9766-cc326314d9f1,3.2692668731324375,1.4782761714842944e-06,4.521736000303606e-07,22.59945129375,31.51493636960158,20.0,1.4007846565541106e-06,3.645836244459133e-06,1.1753682124738892e-06,6.221989113487133e-06,0.0,United Kingdom,GBR,england,,,Linux-6.4.0-150700.53.73-default-x86_64-with-glibc2.38,3.12.12,3.3.0,8,AMD EPYC 7543P 32-Core Processor,1,1 x NVIDIA A100-SXM4-40GB,-2.5917,51.4535,64,machine,0,0,0,0,N,1.0,0.0
2026-09-27T06:16:25,mobilevit_xxs_batch4_node_2_evaluate,d501e4f9-2785-4cbb-a1a3-be38888dcd92,5b0fa12a-3dd7-45bb-9766-cc326314d9f1,5.825318219140172,2.0117869924840826e-05,3.4535229094849793e-06,22.711087350000003,33.62811904638261,20.0,1.7692992989422577e-05,5.161170795986436e-05,1.5370388911105692e-05,8.467508986039263e-05,0.0,United Kingdom,GBR,england,,,Linux-6.4.0-150700.53.73-default-x86_64-with-glibc2.38,3.12.12,3.3.0,8,AMD EPYC 7543P 32-Core Processor,1,1 x NVIDIA A100-SXM4-40GB,-2.5917,51.4535,64,machine,0.0,10.0,4.6,11.637596130371094,N,1.0,0.0
2026-09-27T06:16:30,mobilevit_xxs_batch4_node_3_local_train,7c6a7e62-f9df-45dc-b4c4-0c9d6934483c,5b0fa12a-3dd7-45bb-9766-cc326314d9f1,4.830228255596012,1.3403447203278073e-05,2.774909692466323e-06,22.687992039375004,35.87517402831048,20.0,1.1332654848090773e-05,3.523808375405224e-05,9.843688005478017e-06,5.6414426607621034e-05,0.0,United Kingdom,GBR,england,,,Linux-6.4.0-150700.53.73-default-x86_64-with-glibc2.38,3.12.12,3.3.0,8,AMD EPYC 7543P 32-Core Processor,1,1 x NVIDIA A100-SXM4-40GB,-2.5917,51.4535,64,machine,0.0,19.0,4.7,11.71731185913086,N,1.0,0.0
2026-09-27T06:16:36,mobilevit_xxs_batch4_node_3_evaluate,e4e32293-0c9f-4bd7-9433-9a281b137de2,5b0fa12a-3dd7-45bb-9766-cc326314d9f1,5.900506572332233,2.033856541927048e-05,3.4469185263921268e-06,22.73356279125,32.69976557769751,20.0,1.8173976361893312e-05,5.162726351670699e-05,1.5802746077275113e-05,8.56039859558754e-05,0.0,United Kingdom,GBR,england,,,Linux-6.4.0-150700.53.73-default-x86_64-with-glibc2.38,3.12.12,3.3.0,8,AMD EPYC 7543P 32-Core Processor,1,1 x NVIDIA A100-SXM4-40GB,-2.5917,51.4535,64,machine,0.0,7.5,4.7,11.755928039550781,N,1.0,0.0
2026-09-27T06:16:41,mobilevit_xxs_batch4_node_1_knowledge_extraction,0599550f-86b5-4798-b6bc-7d5b2df15241,5b0fa12a-3dd7-45bb-9766-cc326314d9f1,4.756194763816893,1.2128370420570012e-05,2.550015510894864e-06,22.974042678750003,32.40310129915769,20.0,1.1125668772656668e-05,3.0491968828982863e-05,9.430055770402153e-06,5.104769337204169e-05,0.0,United Kingdom,GBR,england,,,Linux-6.4.0-150700.53.73-default-x86_64-with-glibc2.38,3.12.12,3.3.0,8,AMD EPYC 7543P 32-Core Processor,1,1 x NVIDIA A100-SXM4-40GB,-2.5917,51.4535,64,machine,0.0,5.0,4.6,11.687549591064453,N,1.0,0.0
2026-09-27T06:16:44,mobilevit_xxs_batch4_node_2_knowledge_extraction,12307c48-17df-4abe-aef4-0c7d17da1e6c,5b0fa12a-3dd7-45bb-9766-cc326314d9f1,3.246501553338021,1.3539147176488357e-06,4.1703806248198276e-07,22.576827588750003,32.60067423914302,20.0,1.2627539324090167e-06,3.3836138157994355e-06,1.0521903401240706e-06,5.698558088332523e-06,0.0,United Kingdom,GBR,england,,,Linux-6.4.0-150700.53.73-default-x86_64-with-glibc2.38,3.12.12,3.3.0,8,AMD EPYC 7543P 32-Core Processor,1,1 x NVIDIA A100-SXM4-40GB,-2.5917,51.4535,64,machine,0,0,0,0,N,1.0,0.0
2026-09-27T06:16:48,mobilevit_xxs_batch4_node_3_knowledge_extraction,851dfc74-08e9-441d-a2dc-03e28164e7e9,5b0fa12a-3dd7-45bb-9766-cc326314d9f1,3.657005837187171,4.270405415433598e-06,1.1677327315173856e-06,22.602966693750005,33.18445637814988,20.0,3.824978392827033e-06,1.0850842002696481e-05,3.298098495644e-06,1.7973918891167514e-05,0.0,United Kingdom,GBR,england,,,Linux-6.4.0-150700.53.73-default-x86_64-with-glibc2.38,3.12.12,3.3.0,8,AMD EPYC 7543P 32-Core Processor,1,1 x NVIDIA A100-SXM4-40GB,-2.5917,51.4535,64,machine,0,0,0,0,N,1.0,0.0
2026-09-27T06:16:54,mobilevit_xxs_batch4_node_0_distill,0fbdba09-5e9d-49fb-89b7-50401b82bbb0,5b0fa12a-3dd7-45bb-9766-cc326314d9f1,6.163151341024786,2.3333818214280927e-05,3.7860206448217877e-06,22.588744232812502,35.553220459269376,20.0,1.9628356204216723e-05,6.132060461538913e-05,1.7261891594777503e-05,9.821085241438337e-05,0.0,United Kingdom,GBR,england,,,Linux-6.4.0-150700.53.73-default-x86_64-with-glibc2.38,3.12.12,3.3.0,8,AMD EPYC 7543P 32-Core Processor,1,1 x NVIDIA A100-SXM4-40GB,-2.5917,51.4535,64,machine,0.0,27.333333333333332,4.666666666666667,11.710376739501953,N,1.0,0.0
2026-09-27T06:17:02,mobilevit_xxs_batch4_node_1_distill,7b4a3288-5e4b-4e55-808c-36a5dda76215,5b0fa12a-3dd7-45bb-9766-cc326314d9f1,7.630600146017969,3.481164684048779e-05,4.562111259185067e-06,22.714991070750003,36.19183957197842,20.0,2.9205520779019835e-05,9.190424016480847e-05,2.5410687563837403e-05,0.0001465204485076657,0.0,United Kingdom,GBR,england,,,Linux-6.4.0-150700.53.73-default-x86_64-with-glibc2.38,3.12.12,3.3.0,8,AMD EPYC 7543P 32-Core Processor,1,1 x NVIDIA A100-SXM4-40GB,-2.5917,51.4535,64,machine,0.0,23.0,4.7,11.817188262939453,N,1.0,0.0
2026-09-27T06:17:08,mobilevit_xxs_batch4_node_0_evaluate,4ab9163f-cc24-4e6d-b833-22ba6fc73528,5b0fa12a-3dd7-45bb-9766-cc326314d9f1,6.008861023001373,2.094244634251504e-05,3.4852605614190876e-06,22.753740802499998,32.23871875846967,20.0,1.8887032763574013e-05,5.2850875619014914e-05,1.640778162206213e-05,8.814569000465105e-05,0.0,United Kingdom,GBR,england,,,Linux-6.4.0-150700.53.73-default-x86_64-with-glibc2.38,3.12.12,3.3.0,8,AMD EPYC 7543P 32-Core Processor,1,1 x NVIDIA A100-SXM4-40GB,-2.5917,51.4535,64,machine,0.0,13.5,4.7,11.768911361694336,N,1.0,0.0
2026-09-27T06:17:14,mobilevit_xxs_batch4_node_1_evaluate,cf295697-9105-41d8-9c74-f8653e31e322,5b0fa12a-3dd7-45bb-9766-cc326314d9f1,6.214626630302519,2.267031316644094e-05,3.647896247845445e-06,22.84254606375,32.760782862527876,20.0,2.0414384799614127e-05,5.745254595979077e-05,1.7551262702585924e-05,9.541819346199083e-05,0.0,United Kingdom,GBR,england,,,Linux-6.4.0-150700.53.73-default-x86_64-with-glibc2.38,3.12.12,3.3.0,8,AMD EPYC 7543P 32-Core Processor,1,1 x NVIDIA A100-SXM4-40GB,-2.5917,51.4535,64,machine,0.0,13.333333333333334,4.7,11.778972625732422,N,1.0,0.0
2026-09-27T06:17:29,mobilenet_v3_small_batch5_node_0_local_train,d1361917-7e52-4274-8c1c-4ca8981acf52,5b0fa12a-3dd7-45bb-9766-cc326314d9f1,6.106991282198578,2.12077555566984e-05,3.472701134929964e-06,22.53488072625,86.62784302712458,20.0,1.9149309292845224e-05,5.315948696704709e-05,1.695356671439691e-05,8.926236297428922e-05,0.0,United Kingdom,GBR,england,,,Linux-6.4.0-150700.53.73-default-x86_64-with-glibc2.38,3.12.12,3.3.0,8,AMD EPYC 7543P 32-Core Processor,1,1 x NVIDIA A100-SXM4-40GB,-2.5917,51.4535,64,machine,0.0,12.0,4.5,11.35842514038086,N,1.0,0.0
2026-09-27T06:17:36,mobilenet_v3_small_batch5_node_0_evaluate,39d234f0-3b10-4503-9cc9-530c494f2984,5b0fa12a-3dd7-45bb-9766-cc326314d9f1,7.582101051229984,3.065431803543731e-05,4.0429846329289565e-06,22.56375892725,30.03990404264173,20.0,2.8491616918726538e-05,7.541256033505306e-05,2.5118286056547528e-05,0.00012902246331032713,0.0,United Kingdom,GBR,england,,,Linux-6.4.0-150700.53.73-default-x86_64-with-glibc2.38,3.12.12,3.3.0,8,AMD EPYC 7543P 32-Core Processor,1,1 x NVIDIA A100-SXM4-40GB,-2.5917,51.4535,64,machine,15.625,3.75,4.225,10.606016159057617,N,1.0,0.0
2026-09-27T06:17:45,mobilenet_v3_small_batch5_node_1_local_train,8906e993-e488-4886-ac75-bfdb7c5ea3af,5b0fa12a-3dd7-45bb-9766-cc326314d9f1,8.072265150025487,3.56167173949867e-05,4.412233336373279e-06,22.79297276775,32.325479517653065,20.0,3.2146957117330826e-05,8.992812749397672e-05,2.7833864855993956e-05,0.0001499089494673015,0.0,United Kingdom,GBR,england,,,Linux-6.4.0-150700.53.73-default-x86_64-with-glibc2.38,3.12.12,3.3.0,8,AMD EPYC 7543P 32-Core Processor,1,1 x NVIDIA A100-SXM4-40GB,-2.5917,51.4535,64,machine,0.0,10.75,4.5,11.259129524230957,N,1.0,0.0
2026-09-27T06:17:51,mobilenet_v3_small_batch5_node_1_evaluate,31a3d3f6-5911-4286-a0f3-8c6d0c34ef2c,5b0fa12a-3dd7-45bb-9766-cc326314d9f1,6.626050761900842,2.4601336243393507e-05,3.712820370294903e-06,22.912446456562503,30.704855671578198,20.0,2.300556659710634e-05,6.073365968006783e-05,1.9806544963891308e-05,0.00010354577124106549,0.0,United Kingdom,GBR,england,,,Linux-6.4.0-150700.53.73-default-x86_64-with-glibc2.38,3.12.12,3.3.0,8,AMD EPYC 7543P 32-Core Processor,1,1 x NVIDIA A100-SXM4-40GB,-2.5917,51.4535,64,machine,0.0,3.3333333333333335,4.5,11.28146743774414,N,1.0,0.0
2026-09-27T06:17:55,mobilenet_v3_small_batch5_node_2_local_train,1169db46-287e-4c43-9675-99ceacf70457,5b0fa12a-3dd7-45bb-9766-cc326314d9f1,3.307705694809556,1.5492966047026645e-06,4.6839010107030296e-07,22.680448661250004,25.007584486337745,20.0,1.6725235258891228e-06,3.4480583082086014e-06,1.4003286655578348e-06,6.520910499655559e-06,0.0,United Kingdom,GBR,england,,,Linux-6.4.0-150700.53.73-default-x86_64-with-glibc2.38,3.12.12,3.3.0,8,AMD EPYC 7543P 32-Core Processor,1,1 x NVIDIA A100-SXM4-40GB,-2.5917,51.4535,64,machine,0,0,0,0,N,1.0,0.0
2026-09-27T06:18:01,mobilenet_v3_small_batch5_node_2_evaluate,0df17ac4-fdb9-4881-bf9d-c751f9518117,5b0fa12a-3dd7-45bb-9766-cc326314d9f1,5.978010653983802,1.9907594640423674e-05,3.330137029307077e-06,22.65948565875,30.23676918394934,20.0,1.8527733905184872e-05,4.9031983664349355e-05,1.6230334328590998e-05,8.379005189812522e-05,0.0,United Kingdom,GBR,england,,,Linux-6.4.0-150700.53.73-default-x86_64-with-glibc2.38,3.12.12,3.3.0,8,AMD EPYC 7543P 32-Core Processor,1,1 x NVIDIA A100-SXM4-40GB,-2.5917,51.4535,64,machine,0.0,5.0,4.55,11.408227920532227,N,1.0,0.0
2026-09-27T06:18:06,mobilenet_v3_small_batch5_node_3_local_train,b01346b4-af9f-497d-9d5d-9fbedca46506,5b0fa12a-3dd7-45bb-9766-cc326314d9f1,5.008501000702381,1.3546918634652302e-05,2.7047850510067805e-06,22.693491584999997,31.06039795408908,20.0,1.2496609244929334e-05,3.366780471480979e-05,1.0853876595178414e-05,5.701829055491754e-05,0.0,United Kingdom,GBR,england,,,Linux-6.4.0-150700.53.73-default-x86_64-with-glibc2.38,3.12.12,3.3.0,8,AMD EPYC 7543P 32-Core Processor,1,1 x NVIDIA A100-SXM4-40GB,-2.5917,51.4535,64,machine,0.0,8.0,4.5,11.399166107177734,N,1.0,0.0
2026-09-27T06:18:12,mobilenet_v3_small_batch5_node_3_evaluate,c21fc777-d40b-4653-b313-cbea8f4a97e3,5b0fa12a-3dd7-45bb-9766-cc326314d9f1,6.192011561244726,2.181178960059169e-05,3.5225692628078776e-06,22.7909047415625,31.123550424420706,20.0,2.0176970689678378e-05,5.4199210026695255e-05,1.742853078370293e-05,9.180471150007657e-05,0.0,United Kingdom,GBR,england,,,Linux-6.4.0-150700.53.73-default-x86_64-with-glibc2.38,3.12.12,3.3.0,8,AMD EPYC 7543P 32-Core Processor,1,1 x NVIDIA A100-SXM4-40GB,-2.5917,51.4535,64,machine,0.0,3.6666666666666665,4.5,11.334447224934896,N,1.0,0.0
2026-09-27T06:18:17,mobilenet_v3_small_batch5_node_1_knowledge_extraction,299d02d9-1663-4337-be2d-fb86167d9618,5b0fa12a-3dd7-45bb-9766-cc326314d9f1,4.994831462856382,1.3471570365009583e-05,2.697102087465756e-06,22.596368231250004,31.411195499482652,20.0,1.2259843938357875e-05,3.3698360283551665e-05,1.0742949303756985e-05,5.670115352566652e-05,0.0,United Kingdom,GBR,england,,,Linux-6.4.0-150700.53.73-default-x86_64-with-glibc2.38,3.12.12,3.3.0,8,AMD EPYC 7543P 32-Core Processor,1,1 x NVIDIA A100-SXM4-40GB,-2.5917,51.4535,64,machine,0.0,2.0,4.5,11.345314025878906,N,1.0,0.0
2026-09-27T06:18:22,mobilenet_v3_small_batch5_node_0_distill,3ff4e57b-bbc0-4000-a5cd-0afaa245a2e3,5b0fa12a-3dd7-45bb-9766-cc326314d9f1,5.419879910070449,1.649610512289913e-05,3.043629267919464e-06,22.79429193375,31.47610372421792,20.0,1.5098861471385743e-05,4.122114410165523e-05,1.3111260701488289e-05,6.943126627452926e-05,0.0,United Kingdom,GBR,england,,,Linux-6.4.0-150700.53.73-default-x86_64-with-glibc2.38,3.12.12,3.3.0,8,AMD EPYC 7543P 32-Core Processor,1,1 x NVIDIA A100-SXM4-40GB,-2.5917,51.4535,64,machine,0.0,10.5,4.6,11.633859634399414,N,1.0,0.0
2026-09-27T06:18:29,mobilenet_v3_small_batch5_node_1_distill,55943bd1-b686-40be-a639-4c3cebc6eb8b,5b0fa12a-3dd7-45bb-9766-cc326314d9f1,6.384108696132898,2.3605336728148666e-05,3.697514853161465e-06,22.566384410625002,32.402602516567065,20.0,2.0995340515138345e-05,5.9867547889780326e-05,1.849077160521928e-05,9.935366001013796e-05,0.0,United Kingdom,GBR,england,,,Linux-6.4.0-150700.53.73-default-x86_64-with-glibc2.38,3.12.12,3.3.0,8,AMD EPYC 7543P 32-Core Processor,1,1 x NVIDIA A100-SXM4-40GB,-2.5917,51.4535,64,machine,0.0,10.666666666666666,4.6,11.577163696289062,N,1.0,0.0
2026-09-27T06:18:34,mobilenet_v3_small_batch5_node_3_distill,5d76591a-7ab9-4c48-8c89-b5b4196b489b,5b0fa12a-3dd7-45bb-9766-cc326314d9f1,4.754644392058253,1.1912904728705435e-05,2.505530118846263e-06,22.667011216874997,31.74329806010118,20.0,1.0791138289612013e-05,2.991224614845578e-05,9.437424811120662e-06,5.014080924918845e-05,0.0,United Kingdom,GBR,england,,,Linux-6.4.0-150700.53.73-default-x86_64-with-glibc2.38,3.12.12,3.3.0,8,AMD EPYC 7543P 32-Core Processor,1,1 x NVIDIA A100-SXM4-40GB,-2.5917,51.4535,64,machine,0.0,7.0,4.6,11.574657440185547,N,1.0,0.0
2026-09-27T06:18:40,mobilenet_v3_small_batch5_node_0_evaluate,85558a1f-0a45-4f41-9954-1f3c095b2e06,5b0fa12a-3dd7-45bb-9766-cc326314d9f1,6.085963810328394,2.0653593984515328e-05,3.3936439039391653e-06,22.681896004687502,30.289536885274224,20.0,1.9274530239715994e-05,5.085226290191258e-05,1.6803132000172303e-05,8.692992514180088e-05,0.0,United Kingdom,GBR,england,,,Linux-6.4.0-150700.53.73-default-x86_64-with-glibc2.38,3.12.12,3.3.0,8,AMD EPYC 7543P 32-Core Processor,1,1 x NVIDIA A100-SXM4-40GB,-2.5917,51.4535,64,machine,0.0,4.666666666666667,4.6,11.569605509440104,N,1.0,0.0
2026-09-27T06:18:46,mobilenet_v3_small_batch5_node_1_evaluate,1fd70922-f335-4675-b69c-fdcdbc971def,5b0fa12a-3dd7-45bb-9766-cc326314d9f1,6.109307218808681,2.117524524186531e-05,3.4660632512755677e-06,22.7730350278125,30.99930914962871,20.0,1.9620479779594155e-05,5.253781981195971e-05,1.6967229123434258e-05,8.912552871498812e-05,0.0,United Kingdom,GBR,england,,,Linux-6.4.0-150700.53.73-default-x86_64-with-glibc2.38,3.12.12,3.3.0,8,AMD EPYC 7543P 32-Core Processor,1,1 x NVIDIA A100-SXM4-40GB,-2.5917,51.4535,64,machine,0.0,3.3333333333333335,4.6,11.652820587158203,N,1.0,0.0
2026-09-27T06:18:52,mobilenet_v3_small_batch5_node_3_evaluate,53b22b07-d503-4353-9958-0dc224b553af,5b0fa12a-3dd7-45bb-9766-cc326314d9f1,5.847166709136218,1.873066259304848e-05,3.2033741339684667e-06,22.639467015,29.466870192779062,20.0,1.7655528534862794e-05,4.5668369878626436e-05,1.551250644131667e-05,7.88364048548059e-05,0.0,United Kingdom,GBR,england,,,Linux-6.4.0-150700.53.73-default-x86_64-with-glibc2.38,3.12.12,3.3.0,8,AMD EPYC 7543P 32-Core Processor,1,1 x NVIDIA A100-SXM4-40GB,-2.5917,51.4535,64,machine,0.0,4.5,4.6,11.597564697265625,N,1.0,0.0
2026-09-27T06:18:59,efficientnet_lite0_batch5_node_0_local_train,859e2e01-b3c0-439b-94a2-e67c8d7fdc0b,5b0fa12a-3dd7-45bb-9766-cc326314d9f1,5.084996239747852,1.7027302697516376e-05,3.348537913247445e-06,22.598363430000003,400.92978067455493,20.0,1.2801433250438206e-05,4.7606426988977546e-05,1.1259189571460916e-05,7.166704981087667e-05,0.0,United Kingdom,GBR,england,,,Linux-6.4.0-150700.53.73-default-x86_64-with-glibc2.38,3.12.12,3.3.0,8,AMD EPYC 7543P 32-Core Processor,1,1 x NVIDIA A100-SXM4-40GB,-2.5917,51.4535,64,machine,0.0,23.0,4.6,11.614339828491211,N,1.0,0.0
2026-09-27T06:19:05,efficientnet_lite0_batch5_node_0_evaluate,c8b072ec-6ce6-401e-aedb-c15e0bea2c6b,5b0fa12a-3dd7-45bb-9766-cc326314d9f1,6.122772259637713,2.2108296684091488e-05,3.6108311311581666e-06,22.636376434687502,33.226561396707055,20.0,1.946264986523815e-05,5.655254523162512e-05,1.703749961581909e-05,9.305269471268236e-05,0.0,United Kingdom,GBR,england,,,Linux-6.4.0-150700.53.73-default-x86_64-with-glibc2.38,3.12.12,3.3.0,8,AMD EPYC 7543P 32-Core Processor,1,1 x NVIDIA A100-SXM4-40GB,-2.5917,51.4535,64,machine,0.0,5.666666666666667,4.6,11.639077504475912,N,1.0,0.0
2026-09-27T06:19:12,efficientnet_lite0_batch5_node_1_local_train,8341c03c-ad34-4e43-9db0-c4d9f64beefb,5b0fa12a-3dd7-45bb-9766-cc326314d9f1,6.751202409155667,3.060859581796902e-05,4.533799160940437e-06,22.576849965,41.462613393919675,20.0,2.3282518903859577e-05,8.502645690100508e-05,2.0521045020884938e-05,0.0001288300208257496,0.0,United Kingdom,GBR,england,,,Linux-6.4.0-150700.53.73-default-x86_64-with-glibc2.38,3.12.12,3.3.0,8,AMD EPYC 7543P 32-Core Processor,1,1 x NVIDIA A100-SXM4-40GB,-2.5917,51.4535,64,machine,0.0,27.0,4.6,11.683966318766275,N,1.0,0.0
2026-09-27T06:19:18,efficientnet_lite0_batch5_node_1_evaluate,b3c95201-557f-4ba6-b22c-ebbbebe6112d,5b0fa12a-3dd7-45bb-9766-cc326314d9f1,6.1415975908748806,2.2348321960018586e-05,3.638845044687311e-06,22.86915152625,33.32971006094194,20.0,1.9892283204588902e-05,5.704199007539046e-05,1.712867559399456e-05,9.406294887397391e-05,0.0,United Kingdom,GBR,england,,,Linux-6.4.0-150700.53.73-default-x86_64-with-glibc2.38,3.12.12,3.3.0,8,AMD EPYC 7543P 32-Core Processor,1,1 x NVIDIA A100-SXM4-40GB,-2.5917,51.4535,64,machine,0.0,11.333333333333334,4.7,11.757911682128906,N,1.0,0.0
2026-09-27T06:19:21,efficientnet_lite0_batch5_node_2_local_train,f2dc4f23-c0a1-40ac-b60b-a5a45c1ccafe,5b0fa12a-3dd7-45bb-9766-cc326314d9f1,3.235836163163185,1.368290217194316e-06,4.2285522140179886e-07,22.5610673175,39.205696149987155,20.0,1.1403693703774605e-06,3.6686140560959757e-06,9.500804072659877e-07,5.759063833739424e-06,0.0,United Kingdom,GBR,england,,,Linux-6.4.0-150700.53.73-default-x86_64-with-glibc2.38,3.12.12,3.3.0,8,AMD EPYC 7543P 32-Core Processor,1,1 x NVIDIA A100-SXM4-40GB,-2.5917,51.4535,64,machine,0,0,0,0,N,1.0,0.0
2026-09-27T06:19:27,efficientnet_lite0_batch5_node_2_evaluate,1d5eb254-6159-4c9c-9e13-87337260b478,5b0fa12a-3dd7-45bb-9766-cc326314d9f1,5.969208505004644,2.1242594978187745e-05,3.558695421742722e-06,22.702611915000002,34.0162267766409,20.0,1.852324952521146e-05,5.476754381561477e-05,1.6118206984053056e-05,8.94090003248793e-05,0.0,United Kingdom,GBR,england,,,Linux-6.4.0-150700.53.73-default-x86_64-with-glibc2.38,3.12.12,3.3.0,8,AMD EPYC 7543P 32-Core Processor,1,1 x NVIDIA A100-SXM4-40GB,-2.5917,51.4535,64,machine,0.0,6.5,4.7,11.778371810913086,N,1.0,0.0
2026-09-27T06:19:32,efficientnet_lite0_batch5_node_3_local_train,94517e58-aaab-46a6-93a5-3e405a6041de,5b0fa12a-3dd7-45bb-9766-cc326314d9f1,4.4599903342314065,1.1223011962856313e-05,2.5163758487809333e-06,22.704377023125005,39.08163191877927,20.0,9.00544695244403e-06,3.043085767728826e-05,7.800781105955442e-06,4.7237085735687737e-05,0.0,United Kingdom,GBR,england,,,Linux-6.4.0-150700.53.73-default-x86_64-with-glibc2.38,3.12.12,3.3.0,8,AMD EPYC 7543P 32-Core Processor,1,1 x NVIDIA A100-SXM4-40GB,-2.5917,51.4535,64,machine,0.0,23.0,4.7,11.724124908447266,N,1.0,0.0
2026-09-27T06:19:38,efficientnet_lite0_batch5_node_3_evaluate,cd77dd61-307f-4f77-8e83-2e929bf4be35,5b0fa12a-3dd7-45bb-9766-cc326314d9f1,6.097264897078276,2.213406024281969e-05,3.6301621491672477e-06,22.771286997187502,33.654382026241365,20.0,1.9519379835099446e-05,5.675726762888189e-05,1.6884484755185743e-05,9.316113221916709e-05,0.0,United Kingdom,GBR,england,,,Linux-6.4.0-150700.53.73-default-x86_64-with-glibc2.38,3.12.12,3.3.0,8,AMD EPYC 7543P 32-Core Processor,1,1 x NVIDIA A100-SXM4-40GB,-2.5917,51.4535,64,machine,0.0,7.0,4.7,11.711385091145834,N,1.0,0.0
2026-09-27T06:19:42,efficientnet_lite0_batch5_node_0_knowledge_extraction,3c561066-f62c-4a15-b4ff-1d01bfccfe83,5b0fa12a-3dd7-45bb-9766-cc326314d9f1,3.964490180835128,6.554042466967649e-06,1.6531867069947002e-06,22.60571765625,33.29688866733947,20.0,5.794886519586159e-06,1.6746957840041432e-05,5.0437865701193614e-06,2.7585630929746952e-05,0.0,United Kingdom,GBR,england,,,Linux-6.4.0-150700.53.73-default-x86_64-with-glibc2.38,3.12.12,3.3.0,8,AMD EPYC 7543P 32-Core Processor,1,1 x NVIDIA A100-SXM4-40GB,-2.5917,51.4535,64,machine,0,0,0,0,N,1.0,0.0
2026-09-27T06:19:45,efficientnet_lite0_batch5_node_2_knowledge_extraction,78bb842b-9070-457b-a9ef-a29c6e8ab1b5,5b0fa12a-3dd7-45bb-9766-cc326314d9f1,3.29462150298059,1.4826080161315093e-06,4.5000860183490523e-07,22.611333082500007,27.715534089450934,20.0,1.5170297036250215e-06,3.4486138673628375e-06,1.2745780559877554e-06,6.2402216269756145e-06,0.0,United Kingdom,GBR,england,,,Linux-6.4.0-150700.53.73-default-x86_64-with-glibc2.38,3.12.12,3.3.0,8,AMD EPYC 7543P 32-Core Processor,1,1 x NVIDIA A100-SXM4-40GB,-2.5917,51.4535,64,machine,0,0,0,0,N,1.0,0.0
2026-09-27T06:19:51,efficientnet_lite0_batch5_node_0_distill,a23e1925-d6ef-4e55-a449-f9767145edc5,5b0fa12a-3dd7-45bb-9766-cc326314d9f1,5.5651806350797415,2.0363376887208797e-05,3.6590684512286306e-06,22.548947355000003,40.14369157878721,20.0,1.582742975253076e-05,5.5933378078520946e-05,1.3947608329666159e-05,8.570841616071787e-05,0.0,United Kingdom,GBR,england,,,Linux-6.4.0-150700.53.73-default-x86_64-with-glibc2.38,3.12.12,3.3.0,8,AMD EPYC 7543P 32-Core Processor,1,1 x NVIDIA A100-SXM4-40GB,-2.5917,51.4535,64,machine,0.0,26.5,4.4,11.105901718139648,N,1.0,0.0
2026-09-27T06:19:58,efficientnet_lite0_batch5_node_0_evaluate,ec80cde6-0346-43c7-a421-1f35bddf3b36,5b0fa12a-3dd7-45bb-9766-cc326314d9f1,6.661764326971024,2.6344282090053204e-05,3.954550295842039e-06,22.771588215937506,33.896358594922766,20.0,2.3062478849255346e-05,6.780227647595893e-05,2.0016986211865312e-05,0.0001108817415370796,0.0,United Kingdom,GBR,england,,,Linux-6.4.0-150700.53.73-default-x86_64-with-glibc2.38,3.12.12,3.3.0,8,AMD EPYC 7543P 32-Core Processor,1,1 x NVIDIA A100-SXM4-40GB,-2.5917,51.4535,64,machine,0.0,9.666666666666666,4.6,11.591557820638021,N,1.0,0.0
2026-09-27T06:20:06,mobilevit_xxs_batch5_node_0_local_train,ff5f1ec4-2ada-4b7d-818d-57606633f8fa,5b0fa12a-3dd7-45bb-9766-cc326314d9f1,6.1940279779955745,2.4164603525599354e-05,3.901274519818874e-06,22.714453296562503,37.07233039478192,20.0,1.9838231727429314e-05,6.446227378376079e-05,1.7407079964565735e-05,0.00010170758547575584,0.0,United Kingdom,GBR,england,,,Linux-6.4.0-150700.53.73-default-x86_64-with-glibc2.38,3.12.12,3.3.0,8,AMD EPYC 7543P 32-Core Processor,1,1 x NVIDIA A100-SXM4-40GB,-2.5917,51.4535,64,machine,0.0,29.333333333333332,4.6,11.669854482014975,N,1.0,0.0
2026-09-27T06:20:13,mobilevit_xxs_batch5_node_0_evaluate,b068d5d6-635a-4828-9bf1-e5a52b544a28,5b0fa12a-3dd7-45bb-9766-cc326314d9f1,7.576245500706136,3.134758153809407e-05,4.137614275457725e-06,22.711698967500002,31.354701627318576,20.0,2.8709846869270964e-05,7.824089593100325e-05,2.4989631283096975e-05,0.00013194037408337117,0.0,United Kingdom,GBR,england,,,Linux-6.4.0-150700.53.73-default-x86_64-with-glibc2.38,3.12.12,3.3.0,8,AMD EPYC 7543P 32-Core Processor,1,1 x NVIDIA A100-SXM4-40GB,-2.5917,51.4535,64,machine,0.0,7.75,4.6,11.682751655578613,N,1.0,0.0
2026-09-27T06:20:24,mobilevit_xxs_batch5_node_1_local_train,aa3e785d-25b8-4d1b-a4ee-8d371c6c23c7,5b0fa12a-3dd7-45bb-9766-cc326314d9f1,10.350685155950487,5.48983604941664e-05,5.30383831282956e-06,22.6119507834375,35.71371939288602,20.0,4.606773966661186e-05,0.00014451706007889698,4.04796034640943e-05,0.00023106440320960314,0.0,United Kingdom,GBR,england,,,Linux-6.4.0-150700.53.73-default-x86_64-with-glibc2.38,3.12.12,3.3.0,8,AMD EPYC 7543P 32-Core Processor,1,1 x NVIDIA A100-SXM4-40GB,-2.5917,51.4535,64,machine,0.0,23.714285714285715,4.671428571428572,11.738436562674385,N,1.0,0.0
2026-09-27T06:20:30,mobilevit_xxs_batch5_node_1_evaluate,e27b8a60-3d30-416a-adeb-028bf5711fa4,5b0fa12a-3dd7-45bb-9766-cc326314d9f1,6.499977060128003,2.452118075520071e-05,3.772502660912132e-06,22.651806403125,32.56194022616857,20.0,2.1832585564457885e-05,6.2245605349176e-05,1.9130209960146913e-05,0.0001032084008737808,0.0,United Kingdom,GBR,england,,,Linux-6.4.0-150700.53.73-default-x86_64-with-glibc2.38,3.12.12,3.3.0,8,AMD EPYC 7543P 32-Core Processor,1,1 x NVIDIA A100-SXM4-40GB,-2.5917,51.4535,64,machine,0.0,11.0,4.7,11.729368845621744,N,1.0,0.0
2026-09-27T06:20:34,mobilevit_xxs_batch5_node_2_local_train,3cbf55b5-e898-4bec-b956-6c12f9f7eae0,5b0fa12a-3dd7-45bb-9766-cc326314d9f1,3.414090503938496,2.7503339770607853e-06,8.0558320697357e-07,22.780328850000004,37.08791917264619,20.0,2.341161120747206e-06,7.262505803851127e-06,1.9723487034853964e-06,1.157601562808373e-05,0.0,United Kingdom,GBR,england,,,Linux-6.4.0-150700.53.73-default-x86_64-with-glibc2.38,3.12.12,3.3.0,8,AMD EPYC 7543P 32-Core Processor,1,1 x NVIDIA A100-SXM4-40GB,-2.5917,51.4535,64,machine,0,0,0,0,N,1.0,0.0
2026-09-27T06:20:40,mobilevit_xxs_batch5_node_2_evaluate,72a97550-9f7b-411d-b2ef-5993e96462e6,5b0fa12a-3dd7-45bb-9766-cc326314d9f1,5.972856199834496,2.1366367831558373e-05,3.5772446408722216e-06,22.66792970625,295.41542039996335,20.0,1.8421213542472864e-05,5.531171090922271e-05,1.6197029508960743e-05,8.992995396065632e-05,0.0,United Kingdom,GBR,england,,,Linux-6.4.0-150700.53.73-default-x86_64-with-glibc2.38,3.12.12,3.3.0,8,AMD EPYC 7543P 32-Core Processor,1,1 x NVIDIA A100-SXM4-40GB,-2.5917,51.4535,64,machine,0.0,10.0,4.7,11.73008918762207,N,1.0,0.0
2026-09-27T06:20:45,mobilevit_xxs_batch5_node_3_local_train,4edff880-0c6c-4f98-a96d-dd2ca7797c3e,5b0fa12a-3dd7-45bb-9766-cc326314d9f1,5.189958903938532,1.643980761322521e-05,3.167618071262461e-06,22.6318883175,37.104769206104756,20.0,1.3482769910371096e-05,4.3873090660895286e-05,1.1838452352417838e-05,6.919431292368423e-05,0.0,United Kingdom,GBR,england,,,Linux-6.4.0-150700.53.73-default-x86_64-with-glibc2.38,3.12.12,3.3.0,8,AMD EPYC 7543P 32-Core Processor,1,1 x NVIDIA A100-SXM4-40GB,-2.5917,51.4535,64,machine,0.0,13.0,4.7,11.771310806274414,N,1.0,0.0
2026-09-27T06:20:51,mobilevit_xxs_batch5_node_3_evaluate,66f448f7-8659-4cf5-b3d1-f3cc0071860b,5b0fa12a-3dd7-45bb-9766-cc326314d9f1,6.107873586937785,2.1886967641002807e-05,3.5834021987308276e-06,22.7322776503125,32.87247978190991,20.0,1.953809773090684e-05,5.5629488940667216e-05,1.6953545371587905e-05,9.212113204316196e-05,0.0,United Kingdom,GBR,england,,,Linux-6.4.0-150700.53.73-default-x86_64-with-glibc2.38,3.12.12,3.3.0,8,AMD EPYC 7543P 32-Core Processor,1,1 x NVIDIA A100-SXM4-40GB,-2.5917,51.4535,64,machine,0.0,11.666666666666666,4.7,11.803382873535156,N,1.0,0.0
2026-09-27T06:20:56,mobilevit_xxs_batch5_node_1_knowledge_extraction,ab99cb21-5bd4-4061-986f-70a2dc57277c,5b0fa12a-3dd7-45bb-9766-cc326314d9f1,4.689090515021235,1.1483644454507502e-05,2.449013175949643e-06,22.640058061875,32.05156572214606,20.0,1.032634030665379e-05,2.8958356509178884e-05,9.049377802552449e-06,4.833407461838512e-05,0.0,United Kingdom,GBR,england,,,Linux-6.4.0-150700.53.73-default-x86_64-with-glibc2.38,3.12.12,3.3.0,8,AMD EPYC 7543P 32-Core Processor,1,1 x NVIDIA A100-SXM4-40GB,-2.5917,51.4535,64,machine,0.0,9.0,4.7,11.756050109863281,N,1.0,0.0
2026-09-27T06:20:59,mobilevit_xxs_batch5_node_2_knowledge_extraction,3a6b4747-50e3-4e6c-bdea-5fc0226059f3,5b0fa12a-3dd7-45bb-9766-cc326314d9f1,3.284314745105803,1.4905915847411703e-06,4.538516252020028e-07,23.325073796250003,27.469928785809103,20.0,1.5948598078474636e-06,3.4197249476619618e-06,1.2592393051212031e-06,6.273824060630628e-06,0.0,United Kingdom,GBR,england,,,Linux-6.4.0-150700.53.73-default-x86_64-with-glibc2.38,3.12.12,3.3.0,8,AMD EPYC 7543P 32-Core Processor,1,1 x NVIDIA A100-SXM4-40GB,-2.5917,51.4535,64,machine,0,0,0,0,N,1.0,0.0
2026-09-27T06:21:05,mobilevit_xxs_batch5_node_0_distill,2c6fee04-445b-41c1-8ae1-a32022e69181,5b0fa12a-3dd7-45bb-9766-cc326314d9f1,5.7199910818599164,2.060029031247603e-05,3.6014549704118813e-06,22.565332440000002,37.27090862644317,20.0,1.6805805181491952e-05,5.510143296305614e-05,1.4798334556528265e-05,8.670557270107636e-05,0.0,United Kingdom,GBR,england,,,Linux-6.4.0-150700.53.73-default-x86_64-with-glibc2.38,3.12.12,3.3.0,8,AMD EPYC 7543P 32-Core Processor,1,1 x NVIDIA A100-SXM4-40GB,-2.5917,51.4535,64,machine,0.0,21.0,4.7,11.787374496459961,N,1.0,0.0
2026-09-27T06:21:13,mobilevit_xxs_batch5_node_1_distill,fa097f6e-4921-4312-aed0-bf55235b4e9c,5b0fa12a-3dd7-45bb-9766-cc326314d9f1,7.538432957138866,3.424234148737963e-05,4.542368643731489e-06,22.842161617500004,36.32236942152115,20.0,2.891366791944372e-05,9.03278500459237e-05,2.4882753307206768e-05,0.00014412427127257418,0.0,United Kingdom,GBR,england,,,Linux-6.4.0-150700.53.73-default-x86_64-with-glibc2.38,3.12.12,3.3.0,8,AMD EPYC 7543P 32-Core Processor,1,1 x NVIDIA A100-SXM4-40GB,-2.5917,51.4535,64,machine,0.0,30.75,4.7,11.732922554016113,N,1.0,0.0
2026-09-27T06:21:19,mobilevit_xxs_batch5_node_0_evaluate,29870521-4c95-4939-9bb5-289b72ab65c6,5b0fa12a-3dd7-45bb-9766-cc326314d9f1,6.228713307064027,2.278047713170795e-05,3.6573327441274995e-06,22.688759640937498,33.01632986844472,20.0,2.0208091163233287e-05,5.807087978837444e-05,1.760289702926659e-05,9.588186798087432e-05,0.0,United Kingdom,GBR,england,,,Linux-6.4.0-150700.53.73-default-x86_64-with-glibc2.38,3.12.12,3.3.0,8,AMD EPYC 7543P 32-Core Processor,1,1 x NVIDIA A100-SXM4-40GB,-2.5917,51.4535,64,machine,0.0,11.666666666666666,4.666666666666667,11.72194798787435,N,1.0,0.0
2026-09-27T06:21:25,mobilevit_xxs_batch5_node_1_evaluate,2047ecc5-0783-4307-a5f9-8ac3bec94ded,5b0fa12a-3dd7-45bb-9766-cc326314d9f1,6.185159996617585,2.2365472641744543e-05,3.615989344491544e-06,22.8610372753125,32.74735103982773,20.0,2.0100583999377805e-05,5.6704489793446555e-05,1.733006142700712e-05,9.413513521983149e-05,0.0,United Kingdom,GBR,england,,,Linux-6.4.0-150700.53.73-default-x86_64-with-glibc2.38,3.12.12,3.3.0,8,AMD EPYC 7543P 32-Core Processor,1,1 x NVIDIA A100-SXM4-40GB,-2.5917,51.4535,64,machine,0.0,11.666666666666666,4.7,11.757737477620443,N,1.0,0.0
2026-09-27T06:21:42,mobilenet_v3_small_batch6_node_0_local_train,f9b4ba0c-c04d-4e34-919c-8b47d43c57b7,5b0fa12a-3dd7-45bb-9766-cc326314d9f1,6.429913774132729,2.3795983675554387e-05,3.700824693992729e-06,22.616131269375,32.566592607864116,20.0,2.1318946950712923e-05,6.009004806628582e-05,1.8747088284645645e-05,0.00010015608330164439,0.0,United Kingdom,GBR,england,,,Linux-6.4.0-150700.53.73-default-x86_64-with-glibc2.38,3.12.12,3.3.0,8,AMD EPYC 7543P 32-Core Processor,1,1 x NVIDIA A100-SXM4-40GB,-2.5917,51.4535,64,machine,0.0,10.0,4.533333333333333,11.41073735555013,N,1.0,0.0
2026-09-27T06:21:50,mobilenet_v3_small_batch6_node_0_evaluate,46b0ecdd-44f2-4b38-a17b-98b67de8ce39,5b0fa12a-3dd7-45bb-9766-cc326314d9f1,7.72588582104072,3.185649873764585e-05,4.123345785267456e-06,22.594319802000005,30.362818454699557,20.0,2.9401741284493277e-05,7.873506298494704e-05,2.5945576386422745e-05,0.00013408238065586305,0.0,United Kingdom,GBR,england,,,Linux-6.4.0-150700.53.73-default-x86_64-with-glibc2.38,3.12.12,3.3.0,8,AMD EPYC 7543P 32-Core Processor,1,1 x NVIDIA A100-SXM4-40GB,-2.5917,51.4535,64,machine,0.0,2.5,4.425,11.171069145202637,N,1.0,0.0
2026-09-27T06:21:59,mobilenet_v3_small_batch6_node_1_local_train,93ad1693-f932-46fa-be00-21c40d2a1c27,5b0fa12a-3dd7-45bb-9766-cc326314d9f1,9.013078410178423,4.174435249378923e-05,4.631531047887872e-06,22.65063688125,31.72569291802798,20.0,3.777120866538451e-05,0.00010486175055746116,3.306689427958594e-05,0.00017569985350243163,0.0,United Kingdom,GBR,england,,,Linux-6.4.0-150700.53.73-default-x86_64-with-glibc2.38,3.12.12,3.3.0,8,AMD EPYC 7543P 32-Core Processor,1,1 x NVIDIA A100-SXM4-40GB,-2.5917,51.4535,64,machine,0.0,6.8,4.38,11.030591583251953,N,1.0,0.0
2026-09-27T06:22:05,mobilenet_v3_small_batch6_node_1_evaluate,77e94155-2f31-4851-b912-b88ec678d78c,5b0fa12a-3dd7-45bb-9766-cc326314d9f1,6.674098007846624,2.4783955247346345e-05,3.713453895673733e-06,22.871945950312504,30.349627532305842,20.0,2.334792053961517e-05,6.088838203766045e-05,2.007810275018629e-05,0.0001043144053274619,0.0,United Kingdom,GBR,england,,,Linux-6.4.0-150700.53.73-default-x86_64-with-glibc2.38,3.12.12,3.3.0,8,AMD EPYC 7543P 32-Core Processor,1,1 x NVIDIA A100-SXM4-40GB,-2.5917,51.4535,64,machine,0.0,4.0,4.5,11.33480962117513,N,1.0,0.0
2026-09-27T06:22:09,mobilenet_v3_small_batch6_node_2_local_train,82781927-f7e3-4b7e-b9ce-f109613d7a00,5b0fa12a-3dd7-45bb-9766-cc326314d9f1,3.331718884408474,2.0267357443823114e-06,6.083153515342714e-07,23.13880153875001,34.13972466314789,20.0,1.8770668658472839e-06,5.124170755266277e-06,1.5291899002881512e-06,8.530427521401713e-06,0.0,United Kingdom,GBR,england,,,Linux-6.4.0-150700.53.73-default-x86_64-with-glibc2.38,3.12.12,3.3.0,8,AMD EPYC 7543P 32-Core Processor,1,1 x NVIDIA A100-SXM4-40GB,-2.5917,51.4535,64,machine,0,0,0,0,N,1.0,0.0
2026-09-27T06:22:15,mobilenet_v3_small_batch6_node_2_evaluate,b0bdebab-ede2-4782-af0a-b1303a45f995,5b0fa12a-3dd7-45bb-9766-cc326314d9f1,6.121711065992713,2.071671640450568e-05,3.3841382223331384e-06,22.651035030000003,29.89219530882976,20.0,1.9444611059681745e-05,5.075670726739645e-05,1.6994285865479875e-05,8.719560419255808e-05,0.0,United Kingdom,GBR,england,,,Linux-6.4.0-150700.53.73-default-x86_64-with-glibc2.38,3.12.12,3.3.0,8,AMD EPYC 7543P 32-Core Processor,1,1 x NVIDIA A100-SXM4-40GB,-2.5917,51.4535,64,machine,0.0,3.6666666666666665,4.5,11.384011586507162,N,1.0,0.0
2026-09-27T06:22:20,mobilenet_v3_small_batch6_node_3_local_train,6ea9a410-3777-4aa5-94fc-f0ef23922cf1,5b0fa12a-3dd7-45bb-9766-cc326314d9f1,4.678164505865425,1.1381238606346088e-05,2.4328427510568368e-06,22.75557332625,31.835587063964514,20.0,1.0351541066465935e-05,2.8564745065295938e-05,8.986767487496966e-06,4.790305361925884e-05,0.0,United Kingdom,GBR,england,,,Linux-6.4.0-150700.53.73-default-x86_64-with-glibc2.38,3.12.12,3.3.0,8,AMD EPYC 7543P 32-Core Processor,1,1 x NVIDIA A100-SXM4-40GB,-2.5917,51.4535,64,machine,0.0,9.0,4.5,11.428550720214844,N,1.0,0.0
2026-09-27T06:22:26,mobilenet_v3_small_batch6_node_3_evaluate,170ef5f2-7f34-4a56-98bc-92adfa618f6d,5b0fa12a-3dd7-45bb-9766-cc326314d9f1,6.4738461771048605,2.3343837983991303e-05,3.605868496929718e-06,22.7430319696875,30.269912998402283,20.0,2.188546171019104e-05,5.7392823705981755e-05,1.8974739698589678e-05,9.825302511476248e-05,0.0,United Kingdom,GBR,england,,,Linux-6.4.0-150700.53.73-default-x86_64-with-glibc2.38,3.12.12,3.3.0,8,AMD EPYC 7543P 32-Core Processor,1,1 x NVIDIA A100-SXM4-40GB,-2.5917,51.4535,64,machine,0.0,3.6666666666666665,4.5,11.414737701416016,N,1.0,0.0
2026-09-27T06:22:31,mobilenet_v3_small_batch6_node_0_knowledge_extraction,ff23b3cd-fdd1-4abf-a4af-78ecd76e9d76,5b0fa12a-3dd7-45bb-9766-cc326314d9f1,4.449476502370089,9.541192278694713e-06,2.144340412543461e-06,22.94503263,30.21258533883343,20.0,9.11988469435859e-06,2.330640752745694e-05,7.732100122504764e-06,4.015839234432029e-05,0.0,United Kingdom,GBR,england,,,Linux-6.4.0-150700.53.73-default-x86_64-with-glibc2.38,3.12.12,3.3.0,8,AMD EPYC 7543P 32-Core Processor,1,1 x NVIDIA A100-SXM4-40GB,-2.5917,51.4535,64,machine,0.0,2.0,4.5,11.400535583496094,N,1.0,0.0
2026-09-27T06:22:36,mobilenet_v3_small_batch6_node_0_distill,fefff051-71b7-483b-b2ce-23b9d8c9a944,5b0fa12a-3dd7-45bb-9766-cc326314d9f1,5.015518273226917,1.3584918908599842e-05,2.7085772932214816e-06,22.555655150625,31.47882876476301,20.0,1.2308444157679641e-05,3.403752722874742e-05,1.0832260386087e-05,5.717823177251406e-05,0.0,United Kingdom,GBR,england,,,Linux-6.4.0-150700.53.73-default-x86_64-with-glibc2.38,3.12.12,3.3.0,8,AMD EPYC 7543P 32-Core Processor,1,1 x NVIDIA A100-SXM4-40GB,-2.5917,51.4535,64,machine,0.0,5.0,4.6,11.456722259521484,N,1.0,0.0
2026-09-27T06:22:43,mobilenet_v3_small_batch6_node_1_distill,c4a54418-4dec-44a9-bd44-582e74ce260a,5b0fa12a-3dd7-45bb-9766-cc326314d9f1,7.538041163235903,3.1762923763851794e-05,4.21368404284711e-06,22.773790206,32.17794762703378,20.0,2.8747472196155292e-05,8.004700849539859e-05,2.4894047665616706e-05,0.00013368852835717057,0.0,United Kingdom,GBR,england,,,Linux-6.4.0-150700.53.73-default-x86_64-with-glibc2.38,3.12.12,3.3.0,8,AMD EPYC 7543P 32-Core Processor,1,1 x NVIDIA A100-SXM4-40GB,-2.5917,51.4535,64,machine,0.0,11.0,4.65,11.705965995788574,N,1.0,0.0
2026-09-27T06:22:47,mobilenet_v3_small_batch6_node_2_distill,94097c79-885a-4269-bbbd-ddf273dc9cbf,5b0fa12a-3dd7-45bb-9766-cc326314d9f1,3.529493724927306,3.459346285768881e-06,9.801253537687278e-07,22.59531756,34.365015331547816,20.0,3.0317052082239788e-06,8.918896014620259e-06,2.609611100827654e-06,1.4560212323671892e-05,0.0,United Kingdom,GBR,england,,,Linux-6.4.0-150700.53.73-default-x86_64-with-glibc2.38,3.12.12,3.3.0,8,AMD EPYC 7543P 32-Core Processor,1,1 x NVIDIA A100-SXM4-40GB,-2.5917,51.4535,64,machine,0,0,0,0,N,1.0,0.0
2026-09-27T06:22:52,mobilenet_v3_small_batch6_node_3_distill,39d6c481-1959-4704-b5e8-b4f10d287648,5b0fa12a-3dd7-45bb-9766-cc326314d9f1,4.436952627263963,9.521674104531563e-06,2.145994087478703e-06,22.81731962625,30.81161219344294,20.0,8.895693071157443e-06,2.352974105690464e-05,7.650807215314773e-06,4.007624134337686e-05,0.0,United Kingdom,GBR,england,,,Linux-6.4.0-150700.53.73-default-x86_64-with-glibc2.38,3.12.12,3.3.0,8,AMD EPYC 7543P 32-Core Processor,1,1 x NVIDIA A100-SXM4-40GB,-2.5917,51.4535,64,machine,0.0,14.0,4.7,11.702800750732422,N,1.0,0.0
2026-09-27T06:22:58,mobilenet_v3_small_batch6_node_0_evaluate,a6567eb1-ca98-488d-9a8a-57f0b46cc3d6,5b0fa12a-3dd7-45bb-9766-cc326314d9f1,5.9914366831071675,2.0393566296495244e-05,3.4037856652970772e-06,22.608466965000005,31.31729950016208,20.0,1.8544600949418623e-05,5.099337413128069e-05,1.6297506766083344e-05,8.583548184678266e-05,0.0,United Kingdom,GBR,england,,,Linux-6.4.0-150700.53.73-default-x86_64-with-glibc2.38,3.12.12,3.3.0,8,AMD EPYC 7543P 32-Core Processor,1,1 x NVIDIA A100-SXM4-40GB,-2.5917,51.4535,64,machine,0.0,4.5,4.6,11.680961608886719,N,1.0,0.0
2026-09-27T06:23:04,mobilenet_v3_small_batch6_node_1_evaluate,8f32fa58-6a20-43e9-9ddf-3e4b82476239,5b0fa12a-3dd7-45bb-9766-cc326314d9f1,6.199636539909989,2.1702771417029976e-05,3.500652220064674e-06,22.645570491562502,30.97514338667353,20.0,1.9853011735652416e-05,5.403420989580354e-05,1.7458637886577182e-05,9.134585951803314e-05,0.0,United Kingdom,GBR,england,,,Linux-6.4.0-150700.53.73-default-x86_64-with-glibc2.38,3.12.12,3.3.0,8,AMD EPYC 7543P 32-Core Processor,1,1 x NVIDIA A100-SXM4-40GB,-2.5917,51.4535,64,machine,0.0,4.666666666666667,4.6,11.696954091389975,N,1.0,0.0
2026-09-27T06:23:10,mobilenet_v3_small_batch6_node_2_evaluate,925bace4-6534-4e99-b310-83a62b5dab29,5b0fa12a-3dd7-45bb-9766-cc326314d9f1,5.876428737770766,1.9248803187153735e-05,3.2755954417403186e-06,22.616080897500005,30.305758079117673,20.0,1.787906205588333e-05,4.746253796383826e-05,1.567563220548133e-05,8.101723222520292e-05,0.0,United Kingdom,GBR,england,,,Linux-6.4.0-150700.53.73-default-x86_64-with-glibc2.38,3.12.12,3.3.0,8,AMD EPYC 7543P 32-Core Processor,1,1 x NVIDIA A100-SXM4-40GB,-2.5917,51.4535,64,machine,0.0,4.0,4.65,11.728885650634766,N,1.0,0.0
2026-09-27T06:23:16,mobilenet_v3_small_batch6_node_3_evaluate,36ec1634-619a-44e9-b64e-eca3ffbecc47,5b0fa12a-3dd7-45bb-9766-cc326314d9f1,5.924480844289064,1.934040960405096e-05,3.2644901911859927e-06,22.59715372875,29.79704657967683,20.0,1.811024814469536e-05,4.7366426784378746e-05,1.592612403910607e-05,8.140279896818017e-05,0.0,United Kingdom,GBR,england,,,Linux-6.4.0-150700.53.73-default-x86_64-with-glibc2.38,3.12.12,3.3.0,8,AMD EPYC 7543P 32-Core Processor,1,1 x NVIDIA A100-SXM4-40GB,-2.5917,51.4535,64,machine,0.0,3.5,4.7,11.702083587646484,N,1.0,0.0
2026-09-27T06:23:23,efficientnet_lite0_batch6_node_0_local_train,bd6528e0-d9ec-4e2d-9448-4b39bef6b380,5b0fa12a-3dd7-45bb-9766-cc326314d9f1,5.274356412235647,1.763355533713811e-05,3.3432619942465656e-06,22.719733627500005,38.862867885529774,20.0,1.414325840041301e-05,4.7769204883252314e-05,1.2306273009421097e-05,7.421873629308642e-05,0.0,United Kingdom,GBR,england,,,Linux-6.4.0-150700.53.73-default-x86_64-with-glibc2.38,3.12.12,3.3.0,8,AMD EPYC 7543P 32-Core Processor,1,1 x NVIDIA A100-SXM4-40GB,-2.5917,51.4535,64,machine,0.0,18.0,4.7,11.85346794128418,N,1.0,0.0
2026-09-27T06:23:29,efficientnet_lite0_batch6_node_0_evaluate,2394b5de-ee6a-421f-b02b-a927502f1500,5b0fa12a-3dd7-45bb-9766-cc326314d9f1,6.42042709607631,2.441395666660029e-05,3.8025440210231955e-06,22.631325755625,33.69845244392389,20.0,2.1242665909448108e-05,6.284477248641451e-05,1.8669661750189135e-05,0.00010275710014605175,0.0,United Kingdom,GBR,england,,,Linux-6.4.0-150700.53.73-default-x86_64-with-glibc2.38,3.12.12,3.3.0,8,AMD EPYC 7543P 32-Core Processor,1,1 x NVIDIA A100-SXM4-40GB,-2.5917,51.4535,64,machine,25.0,10.0,4.7,11.76114018758138,N,1.0,0.0
2026-09-27T06:23:37,efficientnet_lite0_batch6_node_1_local_train,bc34b03e-9e27-4b62-b4ef-fd51c31b11e7,5b0fa12a-3dd7-45bb-9766-cc326314d9f1,7.442641616798937,3.495370289908781e-05,4.696410857697769e-06,22.640014008,39.13479399021981,20.0,2.7637815062035608e-05,9.514757611839286e-05,2.4332964042615556e-05,0.00014711835522304402,0.0,United Kingdom,GBR,england,,,Linux-6.4.0-150700.53.73-default-x86_64-with-glibc2.38,3.12.12,3.3.0,8,AMD EPYC 7543P 32-Core Processor,1,1 x NVIDIA A100-SXM4-40GB,-2.5917,51.4535,64,machine,0.0,12.0,4.7,11.832000732421875,N,1.0,0.0
2026-09-27T06:23:43,efficientnet_lite0_batch6_node_1_evaluate,ffc97b55-33b5-426d-ac30-8161e3d36f03,5b0fa12a-3dd7-45bb-9766-cc326314d9f1,6.546214308124036,2.5445909405506813e-05,3.88711829582599e-06,22.781422400625,33.68689048756775,20.0,2.2427150634776005e-05,6.527977444648059e-05,1.9393611582927407e-05,0.000107100536664184,0.0,United Kingdom,GBR,england,,,Linux-6.4.0-150700.53.73-default-x86_64-with-glibc2.38,3.12.12,3.3.0,8,AMD EPYC 7543P 32-Core Processor,1,1 x NVIDIA A100-SXM4-40GB,-2.5917,51.4535,64,machine,0.0,9.666666666666666,4.7,11.762767791748047,N,1.0,0.0
2026-09-27T06:23:47,efficientnet_lite0_batch6_node_2_local_train,500b010f-4a0e-42b7-a5d4-f203e4d10e73,5b0fa12a-3dd7-45bb-9766-cc326314d9f1,3.2407046467997134,1.4499257587826994e-06,4.474106457725303e-07,22.53466121625,38.06258106152122,20.0,1.2275983555666932e-06,3.84944750919658e-06,1.0256178056200345e-06,6.102663670383307e-06,0.0,United Kingdom,GBR,england,,,Linux-6.4.0-150700.53.73-default-x86_64-with-glibc2.38,3.12.12,3.3.0,8,AMD EPYC 7543P 32-Core Processor,1,1 x NVIDIA A100-SXM4-40GB,-2.5917,51.4535,64,machine,0,0,0,0,N,1.0,0.0
2026-09-27T06:23:53,efficientnet_lite0_batch6_node_2_evaluate,d5b9133e-fddd-4038-a0a5-3f01698810cb,5b0fa12a-3dd7-45bb-9766-cc326314d9f1,6.309107495937496,2.333868066969845e-05,3.699204790016097e-06,22.5685441490625,33.08002165792474,20.0,2.0505712105300987e-05,5.966949218816353e-05,1.8056113948114217e-05,9.823131824157873e-05,0.0,United Kingdom,GBR,england,,,Linux-6.4.0-150700.53.73-default-x86_64-with-glibc2.38,3.12.12,3.3.0,8,AMD EPYC 7543P 32-Core Processor,1,1 x NVIDIA A100-SXM4-40GB,-2.5917,51.4535,64,machine,0.0,11.333333333333334,4.3,10.751043955485025,N,1.0,0.0
2026-09-27T06:23:57,efficientnet_lite0_batch6_node_3_local_train,2939edc3-8bfa-44ab-b4fb-67ceafd07d1a,5b0fa12a-3dd7-45bb-9766-cc326314d9f1,4.307392607908696,9.762115650403312e-06,2.2663630968951694e-06,22.568812790625,37.81016793667755,20.0,7.93839938712709e-06,2.620502095851407e-05,6.944827218022612e-06,4.108824756366377e-05,0.0,United Kingdom,GBR,england,,,Linux-6.4.0-150700.53.73-default-x86_64-with-glibc2.38,3.12.12,3.3.0,8,AMD EPYC 7543P 32-Core Processor,1,1 x NVIDIA A100-SXM4-40GB,-2.5917,51.4535,64,machine,0.0,19.0,4.4,11.026115417480469,N,1.0,0.0
2026-09-27T06:24:04,efficientnet_lite0_batch6_node_3_evaluate,b415c37b-d2dc-4331-a581-04c48519b1b8,5b0fa12a-3dd7-45bb-9766-cc326314d9f1,6.42315324395895,2.45845746394631e-05,3.827493087228641e-06,22.7256362071875,33.984739709841215,20.0,2.149498511802151e-05,6.332949512000141e-05,1.8650742265809743e-05,0.00010347522250383267,0.0,United Kingdom,GBR,england,,,Linux-6.4.0-150700.53.73-default-x86_64-with-glibc2.38,3.12.12,3.3.0,8,AMD EPYC 7543P 32-Core Processor,1,1 x NVIDIA A100-SXM4-40GB,-2.5917,51.4535,64,machine,0.0,8.333333333333334,4.6,11.636220296223959,N,1.0,0.0
2026-09-27T06:24:08,efficientnet_lite0_batch6_node_0_knowledge_extraction,71df0acf-b6da-49d9-8fe9-a74cac413ab1,5b0fa12a-3dd7-45bb-9766-cc326314d9f1,4.472848724108189,9.870448545119348e-06,2.206747680045305e-06,22.842542975625,31.161773464559726,20.0,9.170973635995488e-06,2.449751958977231e-05,7.875721974091398e-06,4.15442151998592e-05,0.0,United Kingdom,GBR,england,,,Linux-6.4.0-150700.53.73-default-x86_64-with-glibc2.38,3.12.12,3.3.0,8,AMD EPYC 7543P 32-Core Processor,1,1 x NVIDIA A100-SXM4-40GB,-2.5917,51.4535,64,machine,0.0,4.0,4.6,11.671550750732422,N,1.0,0.0
2026-09-27T06:24:14,efficientnet_lite0_batch6_node_1_knowledge_extraction,3156c974-e7d4-4986-95d6-61535c542765,5b0fa12a-3dd7-45bb-9766-cc326314d9f1,5.859584904275835,1.9735033125862953e-05,3.36799166634858e-06,22.891005157500004,31.8709221867048,20.0,1.803850345608847e-05,4.948448402330996e-05,1.5540761792928808e-05,8.306374927232723e-05,0.0,United Kingdom,GBR,england,,,Linux-6.4.0-150700.53.73-default-x86_64-with-glibc2.38,3.12.12,3.3.0,8,AMD EPYC 7543P 32-Core Processor,1,1 x NVIDIA A100-SXM4-40GB,-2.5917,51.4535,64,machine,0.0,3.0,4.7,11.750856399536133,N,1.0,0.0
2026-09-27T06:24:17,efficientnet_lite0_batch6_node_2_knowledge_extraction,ee5422eb-9703-49df-b0cd-41c64f19bc48,5b0fa12a-3dd7-45bb-9766-cc326314d9f1,3.2552986391820014,1.4146008038169794e-06,4.345533115734179e-07,23.09090472,35.51791024406578,20.0,1.2989968381754264e-06,3.61722511854623e-06,1.037760777398944e-06,5.953982734120601e-06,0.0,United Kingdom,GBR,england,,,Linux-6.4.0-150700.53.73-default-x86_64-with-glibc2.38,3.12.12,3.3.0,8,AMD EPYC 7543P 32-Core Processor,1,1 x NVIDIA A100-SXM4-40GB,-2.5917,51.4535,64,machine,0,0,0,0,N,1.0,0.0
2026-09-27T06:24:26,mobilevit_xxs_batch6_node_0_local_train,c935fef8-1ec4-48f7-9708-8e2472d21fa5,5b0fa12a-3dd7-45bb-9766-cc326314d9f1,6.50988518120721,2.580854713846139e-05,3.964516488396096e-06,22.6083504853125,35.316220128886044,20.0,2.1742403182716996e-05,6.77003319395908e-05,1.9184125289838347e-05,0.00010862686041214614,0.0,United Kingdom,GBR,england,,,Linux-6.4.0-150700.53.73-default-x86_64-with-glibc2.38,3.12.12,3.3.0,8,AMD EPYC 7543P 32-Core Processor,1,1 x NVIDIA A100-SXM4-40GB,-2.5917,51.4535,64,machine,0.0,20.666666666666668,4.7,11.83889897664388,N,1.0,0.0
2026-09-27T06:24:33,mobilevit_xxs_batch6_node_0_evaluate,d0087835-b697-4df7-b98f-4189f7e59fd7,5b0fa12a-3dd7-45bb-9766-cc326314d9f1,7.184032263699919,2.9030786652455932e-05,4.04101562838813e-06,22.662201629250003,31.9895705991127,20.0,2.6116429874821973e-05,7.318172521308952e-05,2.2890947321947255e-05,0.00012218910240985876,0.0,United Kingdom,GBR,england,,,Linux-6.4.0-150700.53.73-default-x86_64-with-glibc2.38,3.12.12,3.3.0,8,AMD EPYC 7543P 32-Core Processor,1,1 x NVIDIA A100-SXM4-40GB,-2.5917,51.4535,64,machine,12.5,10.0,4.7,11.875969886779785,N,1.0,0.0
2026-09-27T06:24:43,mobilevit_xxs_batch6_node_1_local_train,b0477224-0c69-4669-ad1e-f8e028aa0f8e,5b0fa12a-3dd7-45bb-9766-cc326314d9f1,9.95040579419583,5.188727597145801e-05,5.214588936837568e-06,22.63247090035715,35.77458843719922,20.0,4.3446415097948436e-05,0.00013670816491639926,3.823632180121623e-05,0.0002183909018155639,0.0,United Kingdom,GBR,england,,,Linux-6.4.0-150700.53.73-default-x86_64-with-glibc2.38,3.12.12,3.3.0,8,AMD EPYC 7543P 32-Core Processor,1,1 x NVIDIA A100-SXM4-40GB,-2.5917,51.4535,64,machine,0.0,21.333333333333332,4.8,11.987052281697592,N,1.0,0.0
2026-09-27T06:24:50,mobilevit_xxs_batch6_node_1_evaluate,8e5b9f31-d442-4db8-9c82-8f2a6839ef2f,5b0fa12a-3dd7-45bb-9766-cc326314d9f1,6.619118407834321,2.5541226757348333e-05,3.8587052207916386e-06,22.68369493875,32.95528576478353,20.0,2.2518286371631402e-05,6.518838547719952e-05,1.979505069450372e-05,0.00010750172254333464,0.0,United Kingdom,GBR,england,,,Linux-6.4.0-150700.53.73-default-x86_64-with-glibc2.38,3.12.12,3.3.0,8,AMD EPYC 7543P 32-Core Processor,1,1 x NVIDIA A100-SXM4-40GB,-2.5917,51.4535,64,machine,11.1,11.666666666666666,4.8,11.95321528116862,N,1.0,0.0
2026-09-27T06:24:53,mobilevit_xxs_batch6_node_2_local_train,5b23a0bc-6d5e-40dd-b6c4-4d397ebdf376,5b0fa12a-3dd7-45bb-9766-cc326314d9f1,3.3990414328873158,2.292976622933875e-06,6.745950787031466e-07,23.024952900000002,29.69325939932389,20.0,2.2677473713418052e-06,5.5125044013948354e-06,1.8707700461770097e-06,9.65102181891365e-06,0.0,United Kingdom,GBR,england,,,Linux-6.4.0-150700.53.73-default-x86_64-with-glibc2.38,3.12.12,3.3.0,8,AMD EPYC 7543P 32-Core Processor,1,1 x NVIDIA A100-SXM4-40GB,-2.5917,51.4535,64,machine,0,0,0,0,N,1.0,0.0
2026-09-27T06:24:59,mobilevit_xxs_batch6_node_2_evaluate,9dcf6eec-03c9-4fe1-ae0a-54c57c5b49b3,5b0fa12a-3dd7-45bb-9766-cc326314d9f1,5.969149683136493,2.0898890246601472e-05,3.501150307160691e-06,22.627713611250005,33.03976469086435,20.0,1.8385778517854534e-05,5.3400042702378414e-05,1.617654339513845e-05,8.796236461537139e-05,0.0,United Kingdom,GBR,england,,,Linux-6.4.0-150700.53.73-default-x86_64-with-glibc2.38,3.12.12,3.3.0,8,AMD EPYC 7543P 32-Core Processor,1,1 x NVIDIA A100-SXM4-40GB,-2.5917,51.4535,64,machine,0.0,12.5,4.8,11.995553970336914,N,1.0,0.0
2026-09-27T06:25:05,mobilevit_xxs_batch6_node_3_local_train,f62d6046-59b8-459e-96f5-8d5843e27fcf,5b0fa12a-3dd7-45bb-9766-cc326314d9f1,5.273001502268016,1.6520791658938786e-05,3.1330906414179637e-06,22.665059910000004,35.07874882950713,20.0,1.405313682549995e-05,4.3163090083453426e-05,1.2318943738419978e-05,6.953517064737335e-05,0.0,United Kingdom,GBR,england,,,Linux-6.4.0-150700.53.73-default-x86_64-with-glibc2.38,3.12.12,3.3.0,8,AMD EPYC 7543P 32-Core Processor,1,1 x NVIDIA A100-SXM4-40GB,-2.5917,51.4535,64,machine,0.0,19.0,4.8,12.041179656982422,N,1.0,0.0
2026-09-27T06:25:11,mobilevit_xxs_batch6_node_3_evaluate,0ad71038-2f16-4661-bf2d-735db446c861,5b0fa12a-3dd7-45bb-9766-cc326314d9f1,6.019089303910732,2.1344838335467663e-05,3.5461906706716347e-06,22.551439927500002,33.25455261097958,20.0,1.86726995598705e-05,5.4702543749840515e-05,1.646409409845041e-05,8.983933740816142e-05,0.0,United Kingdom,GBR,england,,,Linux-6.4.0-150700.53.73-default-x86_64-with-glibc2.38,3.12.12,3.3.0,8,AMD EPYC 7543P 32-Core Processor,1,1 x NVIDIA A100-SXM4-40GB,-2.5917,51.4535,64,machine,0.0,12.5,4.8,12.041498184204102,N,1.0,0.0
2026-09-27T06:25:15,mobilevit_xxs_batch6_node_0_knowledge_extraction,6440baf1-8177-4b24-afd7-35650add2b4e,5b0fa12a-3dd7-45bb-9766-cc326314d9f1,4.057667406275868,6.964850287425309e-06,1.716466528689116e-06,22.648281485625002,31.573433256417648,20.0,6.3382261293663654e-06,1.7438902858657457e-05,5.537571134563121e-06,2.9314700122586944e-05,0.0,United Kingdom,GBR,england,,,Linux-6.4.0-150700.53.73-default-x86_64-with-glibc2.38,3.12.12,3.3.0,8,AMD EPYC 7543P 32-Core Processor,1,1 x NVIDIA A100-SXM4-40GB,-2.5917,51.4535,64,machine,0.0,10.0,4.8,12.060985565185547,N,1.0,0.0
2026-09-27T06:25:20,mobilevit_xxs_batch6_node_1_knowledge_extraction,89d78120-1d9f-4a37-b77d-e6365fc577a1,5b0fa12a-3dd7-45bb-9766-cc326314d9f1,4.983495597727597,1.3917075963196158e-05,2.7926333414525632e-06,22.749714849375003,33.15727639943007,20.0,1.239812197773564e-05,3.546475059579279e-05,1.071339132419477e-05,5.85762638977232e-05,0.0,United Kingdom,GBR,england,,,Linux-6.4.0-150700.53.73-default-x86_64-with-glibc2.38,3.12.12,3.3.0,8,AMD EPYC 7543P 32-Core Processor,1,1 x NVIDIA A100-SXM4-40GB,-2.5917,51.4535,64,machine,0.0,10.0,4.9,12.242496490478516,N,1.0,0.0
2026-09-27T06:25:26,mobilevit_xxs_batch6_node_0_distill,76ceef5c-4985-4ee9-a6c0-91d892d541c5,5b0fa12a-3dd7-45bb-9766-cc326314d9f1,5.738614763133228,2.0481039357988483e-05,3.5689866288926552e-06,22.731021922500002,36.49947072331106,20.0,1.7078682457190083e-05,5.424809894805094e-05,1.4876870102145605e-05,8.620365150738663e-05,0.0,United Kingdom,GBR,england,,,Linux-6.4.0-150700.53.73-default-x86_64-with-glibc2.38,3.12.12,3.3.0,8,AMD EPYC 7543P 32-Core Processor,1,1 x NVIDIA A100-SXM4-40GB,-2.5917,51.4535,64,machine,0.0,34.5,4.8,12.173381805419922,N,1.0,0.0
2026-09-27T06:25:34,mobilevit_xxs_batch6_node_1_distill,454272c5-1ffb-4a6a-a693-1fac2c2cb652,5b0fa12a-3dd7-45bb-9766-cc326314d9f1,8.081197120249271,3.810688883941725e-05,4.715500472563872e-06,22.711108113,35.9684624758213,20.0,3.206003908515404e-05,0.00010040174697678594,2.792816818433089e-05,0.00016038995424627085,0.0,United Kingdom,GBR,england,,,Linux-6.4.0-150700.53.73-default-x86_64-with-glibc2.38,3.12.12,3.3.0,8,AMD EPYC 7543P 32-Core Processor,1,1 x NVIDIA A100-SXM4-40GB,-2.5917,51.4535,64,machine,0.0,24.0,4.825,12.157203674316406,N,1.0,0.0
2026-09-27T06:25:40,mobilevit_xxs_batch6_node_0_evaluate,1ff3b61d-f7da-420e-924d-d9f49d7cb48a,5b0fa12a-3dd7-45bb-9766-cc326314d9f1,6.075928335078061,2.1567884740115736e-05,3.5497266509215075e-06,22.6251163209375,32.72637041074278,20.0,1.91546254233339e-05,5.4845321670882186e-05,1.6778181270799702e-05,9.077812836501579e-05,0.0,United Kingdom,GBR,england,,,Linux-6.4.0-150700.53.73-default-x86_64-with-glibc2.38,3.12.12,3.3.0,8,AMD EPYC 7543P 32-Core Processor,1,1 x NVIDIA A100-SXM4-40GB,-2.5917,51.4535,64,machine,0.0,8.666666666666666,4.8,12.11062240600586,N,1.0,0.0
2026-09-27T06:25:46,mobilevit_xxs_batch6_node_1_evaluate,c4fbc7f4-7bf8-461c-ab65-d2dd991c8c10,5b0fa12a-3dd7-45bb-9766-cc326314d9f1,6.276303214021027,2.3007108441219863e-05,3.665710157186613e-06,22.628600004375002,32.8347317600837,20.0,2.0372636006836095e-05,5.860143575375787e-05,1.7861675859118502e-05,9.683574761971245e-05,0.0,United Kingdom,GBR,england,,,Linux-6.4.0-150700.53.73-default-x86_64-with-glibc2.38,3.12.12,3.3.0,8,AMD EPYC 7543P 32-Core Processor,1,1 x NVIDIA A100-SXM4-40GB,-2.5917,51.4535,64,machine,0.0,13.333333333333334,4.8,12.143081665039062,N,1.0,0.0
2026-09-27T06:26:02,mobilenet_v3_small_batch7_node_0_local_train,78c9d08b-6009-4b72-9d0f-e13f60816aee,5b0fa12a-3dd7-45bb-9766-cc326314d9f1,6.611323820892721,2.4575828243078682e-05,3.7172325707924903e-06,22.875024735000004,31.43207845305042,20.0,2.2629653212072065e-05,6.108032664542407e-05,1.9728429509430295e-05,0.00010343840936692642,0.0,United Kingdom,GBR,england,,,Linux-6.4.0-150700.53.73-default-x86_64-with-glibc2.38,3.12.12,3.3.0,8,AMD EPYC 7543P 32-Core Processor,1,1 x NVIDIA A100-SXM4-40GB,-2.5917,51.4535,64,machine,0.0,8.333333333333334,4.6,11.576826731363932,N,1.0,0.0
2026-09-27T06:26:10,mobilenet_v3_small_batch7_node_0_evaluate,2e889660-7d29-4b10-a734-90a43b4999f5,5b0fa12a-3dd7-45bb-9766-cc326314d9f1,8.573642631061375,3.7550499212245324e-05,4.379760252218112e-06,22.914729871875004,29.950506265813157,20.0,3.561907588611275e-05,9.177312898600576e-05,3.0655933771696356e-05,0.00015804813864381484,0.0,United Kingdom,GBR,england,,,Linux-6.4.0-150700.53.73-default-x86_64-with-glibc2.38,3.12.12,3.3.0,8,AMD EPYC 7543P 32-Core Processor,1,1 x NVIDIA A100-SXM4-40GB,-2.5917,51.4535,64,machine,0.0,2.4,4.619999999999999,11.667314147949218,N,1.0,0.0
2026-09-27T06:26:20,mobilenet_v3_small_batch7_node_1_local_train,22f5b35c-5628-4f5b-94c6-cdc35b364695,5b0fa12a-3dd7-45bb-9766-cc326314d9f1,9.716935195028782,4.6607098404870084e-05,4.7964813461670955e-06,22.855845873214285,31.43119160173065,20.0,4.299052205962071e-05,0.0001161942596326071,3.698212167817272e-05,0.00019616690337040052,0.0,United Kingdom,GBR,england,,,Linux-6.4.0-150700.53.73-default-x86_64-with-glibc2.38,3.12.12,3.3.0,8,AMD EPYC 7543P 32-Core Processor,1,1 x NVIDIA A100-SXM4-40GB,-2.5917,51.4535,64,machine,0.0,7.833333333333333,4.716666666666667,11.886534372965494,N,1.0,0.0
2026-09-27T06:26:27,mobilenet_v3_small_batch7_node_1_evaluate,cb09939f-21d5-4d61-860b-1e86736445b2,5b0fa12a-3dd7-45bb-9766-cc326314d9f1,6.448422059882432,2.326538570973739e-05,3.6079191922747012e-06,22.7215671975,30.491554510877346,20.0,2.1680557382599445e-05,5.740226815476035e-05,1.8839997950837846e-05,9.792282348819764e-05,0.0,United Kingdom,GBR,england,,,Linux-6.4.0-150700.53.73-default-x86_64-with-glibc2.38,3.12.12,3.3.0,8,AMD EPYC 7543P 32-Core Processor,1,1 x NVIDIA A100-SXM4-40GB,-2.5917,51.4535,64,machine,13.333333333333334,4.666666666666667,4.7,11.896600087483725,N,1.0,0.0
2026-09-27T06:26:30,mobilenet_v3_small_batch7_node_2_local_train,79e14493-aef1-4414-8621-260bdc8709d6,5b0fa12a-3dd7-45bb-9766-cc326314d9f1,3.4290403737686574,2.3043686751409402e-06,6.720156148550516e-07,23.311231908750003,25.056363985537033,20.0,2.551876103584597e-06,5.098059645547437e-06,2.0490346372955374e-06,9.698970386427572e-06,0.0,United Kingdom,GBR,england,,,Linux-6.4.0-150700.53.73-default-x86_64-with-glibc2.38,3.12.12,3.3.0,8,AMD EPYC 7543P 32-Core Processor,1,1 x NVIDIA A100-SXM4-40GB,-2.5917,51.4535,64,machine,0,0,0,0,N,1.0,0.0
2026-09-27T06:26:36,mobilenet_v3_small_batch7_node_2_evaluate,06a64c97-c0b5-411b-847a-77e502cecad9,5b0fa12a-3dd7-45bb-9766-cc326314d9f1,5.971475627738982,1.9865179295278152e-05,3.3266784516375614e-06,22.585969957500005,30.305897781255915,20.0,1.8374056487884927e-05,4.904115033355083e-05,1.6196321049291226e-05,8.361152787072698e-05,0.0,United Kingdom,GBR,england,,,Linux-6.4.0-150700.53.73-default-x86_64-with-glibc2.38,3.12.12,3.3.0,8,AMD EPYC 7543P 32-Core Processor,1,1 x NVIDIA A100-SXM4-40GB,-2.5917,51.4535,64,machine,16.65,4.5,4.7,11.893560409545898,N,1.0,0.0
2026-09-27T06:26:41,mobilenet_v3_small_batch7_node_3_local_train,d051ff14-c561-425b-90fd-609af7e5ade2,5b0fa12a-3dd7-45bb-9766-cc326314d9f1,5.075708448886871,1.4067912979711174e-05,2.7716156515641358e-06,22.775798925000004,31.258344781452763,20.0,1.2959413271371105e-05,3.502891691198329e-05,1.1222799034375283e-05,5.921112921772967e-05,0.0,United Kingdom,GBR,england,,,Linux-6.4.0-150700.53.73-default-x86_64-with-glibc2.38,3.12.12,3.3.0,8,AMD EPYC 7543P 32-Core Processor,1,1 x NVIDIA A100-SXM4-40GB,-2.5917,51.4535,64,machine,0.0,6.0,4.8,12.029098510742188,N,1.0,0.0
2026-09-27T06:26:47,mobilenet_v3_small_batch7_node_3_evaluate,8573f1e5-91e9-4323-8ebd-1258a5723612,5b0fa12a-3dd7-45bb-9766-cc326314d9f1,6.043986670207232,2.0423545956280734e-05,3.379151389753225e-06,22.624385152500004,30.5752860115968,20.0,1.88444044196606e-05,5.0565040453420806e-05,1.6552219834799568e-05,8.596166470788098e-05,0.0,United Kingdom,GBR,england,,,Linux-6.4.0-150700.53.73-default-x86_64-with-glibc2.38,3.12.12,3.3.0,8,AMD EPYC 7543P 32-Core Processor,1,1 x NVIDIA A100-SXM4-40GB,-2.5917,51.4535,64,machine,0.0,3.5,4.8,12.009346008300781,N,1.0,0.0
2026-09-27T06:26:52,mobilenet_v3_small_batch7_node_0_knowledge_extraction,ed1a06e2-ab5f-4773-a56b-191dc9949e99,5b0fa12a-3dd7-45bb-9766-cc326314d9f1,4.557772770989686,1.0187791040393922e-05,2.2352564623755298e-06,22.645767093750003,30.046244345364986,20.0,9.522342844461474e-06,2.5016964457336144e-05,8.340586297627953e-06,4.287989359942557e-05,0.0,United Kingdom,GBR,england,,,Linux-6.4.0-150700.53.73-default-x86_64-with-glibc2.38,3.12.12,3.3.0,8,AMD EPYC 7543P 32-Core Processor,1,1 x NVIDIA A100-SXM4-40GB,-2.5917,51.4535,64,machine,50.0,3.0,4.8,11.980579376220703,N,1.0,0.0
2026-09-27T06:26:57,mobilenet_v3_small_batch7_node_1_knowledge_extraction,d7b19679-40ce-4162-91f6-d9944569ffd3,5b0fa12a-3dd7-45bb-9766-cc326314d9f1,4.8124804249964654,1.2157716540977186e-05,2.5262890375260314e-06,22.6004997375,31.081466336243594,20.0,1.1147407348889539e-05,3.0268357548379754e-05,9.755444800895122e-06,5.117120969816442e-05,0.0,United Kingdom,GBR,england,,,Linux-6.4.0-150700.53.73-default-x86_64-with-glibc2.38,3.12.12,3.3.0,8,AMD EPYC 7543P 32-Core Processor,1,1 x NVIDIA A100-SXM4-40GB,-2.5917,51.4535,64,machine,0.0,3.0,4.8,11.99554443359375,N,1.0,0.0
2026-09-27T06:27:00,mobilenet_v3_small_batch7_node_3_knowledge_extraction,2b40d30c-ae89-4a84-b34e-731fdf0000be,5b0fa12a-3dd7-45bb-9766-cc326314d9f1,3.6911980570293963,4.636142378472835e-06,1.2559993549096932e-06,23.049330660000003,353.5667488024193,20.0,4.207250977480238e-06,1.180334278672035e-05,3.5026933765038847e-06,1.951328714070447e-05,0.0,United Kingdom,GBR,england,,,Linux-6.4.0-150700.53.73-default-x86_64-with-glibc2.38,3.12.12,3.3.0,8,AMD EPYC 7543P 32-Core Processor,1,1 x NVIDIA A100-SXM4-40GB,-2.5917,51.4535,64,machine,0,0,0,0,N,1.0,0.0
2026-09-27T06:27:06,mobilenet_v3_small_batch7_node_0_distill,2d313ff5-8ef3-4a10-8539-beb9300f253f,5b0fa12a-3dd7-45bb-9766-cc326314d9f1,5.448264983016998,1.6865863781108054e-05,3.0956394069820954e-06,22.545768476250004,32.10303108741249,20.0,1.5081987401334412e-05,4.261642298786228e-05,1.3289151245003774e-05,7.098756163420047e-05,0.0,United Kingdom,GBR,england,,,Linux-6.4.0-150700.53.73-default-x86_64-with-glibc2.38,3.12.12,3.3.0,8,AMD EPYC 7543P 32-Core Processor,1,1 x NVIDIA A100-SXM4-40GB,-2.5917,51.4535,64,machine,0.0,12.5,4.9,12.278020858764648,N,1.0,0.0
2026-09-27T06:27:13,mobilenet_v3_small_batch7_node_1_distill,ceceb341-a03d-46c4-bd51-484494ec5798,5b0fa12a-3dd7-45bb-9766-cc326314d9f1,7.077337766066194,2.8482054559074773e-05,4.024402324789141e-06,22.849513304062498,32.11329024411852,20.0,2.5868787557875228e-05,7.167589068046709e-05,2.2334838738768468e-05,0.00011987951697711079,0.0,United Kingdom,GBR,england,,,Linux-6.4.0-150700.53.73-default-x86_64-with-glibc2.38,3.12.12,3.3.0,8,AMD EPYC 7543P 32-Core Processor,1,1 x NVIDIA A100-SXM4-40GB,-2.5917,51.4535,64,machine,0.0,9.333333333333334,4.9,12.307884216308594,N,1.0,0.0
2026-09-27T06:27:17,mobilenet_v3_small_batch7_node_2_distill,ac9f5c73-ef42-42db-9ff7-f675e48d9d42,5b0fa12a-3dd7-45bb-9766-cc326314d9f1,3.541162900160998,3.51816578269615e-06,9.935057725065959e-07,22.57885431,33.571270229235544,20.0,3.124972469984962e-06,8.990284982246521e-06,2.6925231381836862e-06,1.480778059041517e-05,0.0,United Kingdom,GBR,england,,,Linux-6.4.0-150700.53.73-default-x86_64-with-glibc2.38,3.12.12,3.3.0,8,AMD EPYC 7543P 32-Core Processor,1,1 x NVIDIA A100-SXM4-40GB,-2.5917,51.4535,64,machine,0,0,0,0,N,1.0,0.0
2026-09-27T06:27:21,mobilenet_v3_small_batch7_node_3_distill,70e8fa32-35e2-4e5d-8823-06a7eec9abf7,5b0fa12a-3dd7-45bb-9766-cc326314d9f1,4.501853086985648,1.0382320791397782e-05,2.3062326981331102e-06,22.705407900000004,358.5551136683679,20.0,9.253896457739561e-06,2.6413354461851668e-05,8.031408493924472e-06,4.36986594135157e-05,0.0,United Kingdom,GBR,england,,,Linux-6.4.0-150700.53.73-default-x86_64-with-glibc2.38,3.12.12,3.3.0,8,AMD EPYC 7543P 32-Core Processor,1,1 x NVIDIA A100-SXM4-40GB,-2.5917,51.4535,64,machine,0.0,13.0,4.9,12.313064575195312,N,1.0,0.0
2026-09-27T06:27:27,mobilenet_v3_small_batch7_node_0_evaluate,bd94d569-8db0-4164-9ef3-3a19405b8356,5b0fa12a-3dd7-45bb-9766-cc326314d9f1,6.05040909582749,2.0529048311878515e-05,3.3930016940566627e-06,22.657134397500002,30.53944590627189,20.0,1.9040592465908565e-05,5.073726279647417e-05,1.662786348671135e-05,8.640571874909409e-05,0.0,United Kingdom,GBR,england,,,Linux-6.4.0-150700.53.73-default-x86_64-with-glibc2.38,3.12.12,3.3.0,8,AMD EPYC 7543P 32-Core Processor,1,1 x NVIDIA A100-SXM4-40GB,-2.5917,51.4535,64,machine,0.0,5.5,4.9,12.337215423583984,N,1.0,0.0
2026-09-27T06:27:33,mobilenet_v3_small_batch7_node_1_evaluate,adc4bf14-5c7e-4e09-955b-3062e126506e,5b0fa12a-3dd7-45bb-9766-cc326314d9f1,6.069093364290893,2.0631076242270004e-05,3.399367088939242e-06,22.7641821328125,30.313753398353267,20.0,1.9356146438665653e-05,5.07297628047354e-05,1.6749239868173994e-05,8.683514911157505e-05,0.0,United Kingdom,GBR,england,,,Linux-6.4.0-150700.53.73-default-x86_64-with-glibc2.38,3.12.12,3.3.0,8,AMD EPYC 7543P 32-Core Processor,1,1 x NVIDIA A100-SXM4-40GB,-2.5917,51.4535,64,machine,0.0,3.6666666666666665,4.9,12.324629465738932,N,1.0,0.0
2026-09-27T06:27:39,mobilenet_v3_small_batch7_node_2_evaluate,a980f264-14e9-4083-b58c-cf6dd0e11398,5b0fa12a-3dd7-45bb-9766-cc326314d9f1,5.911076980642974,1.9707416655814793e-05,3.3339807145721063e-06,22.563422865,369.4563267919948,20.0,1.8029881355349305e-05,4.904392812932201e-05,1.5873703471798864e-05,8.294751295647018e-05,0.0,United Kingdom,GBR,england,,,Linux-6.4.0-150700.53.73-default-x86_64-with-glibc2.38,3.12.12,3.3.0,8,AMD EPYC 7543P 32-Core Processor,1,1 x NVIDIA A100-SXM4-40GB,-2.5917,51.4535,64,machine,0.0,4.5,4.65,11.618850708007812,N,1.0,0.0
2026-09-27T06:27:45,mobilenet_v3_small_batch7_node_3_evaluate,f0cbc573-54a8-4970-8eb3-feaec4e54157,5b0fa12a-3dd7-45bb-9766-cc326314d9f1,5.937484065070748,1.9753286321326175e-05,3.326878203771786e-06,22.55881129875,30.70186720332551,20.0,1.8145725184592846e-05,4.901559478298623e-05,1.5979256074772112e-05,8.314057604235118e-05,0.0,United Kingdom,GBR,england,,,Linux-6.4.0-150700.53.73-default-x86_64-with-glibc2.38,3.12.12,3.3.0,8,AMD EPYC 7543P 32-Core Processor,1,1 x NVIDIA A100-SXM4-40GB,-2.5917,51.4535,64,machine,0.0,3.0,4.6,11.60457992553711,N,1.0,0.0
2026-09-27T06:27:52,efficientnet_lite0_batch7_node_0_local_train,c76234a0-84e3-4649-8ee7-eda5260d03b9,5b0fa12a-3dd7-45bb-9766-cc326314d9f1,5.205583404749632,1.688893607970737e-05,3.2443887200611786e-06,22.707735975,38.31807883336189,20.0,1.3650579049591912e-05,4.5535869773516424e-05,1.1898222940766978e-05,7.10846717638753e-05,0.0,United Kingdom,GBR,england,,,Linux-6.4.0-150700.53.73-default-x86_64-with-glibc2.38,3.12.12,3.3.0,8,AMD EPYC 7543P 32-Core Processor,1,1 x NVIDIA A100-SXM4-40GB,-2.5917,51.4535,64,machine,0.0,27.0,4.85,12.19595718383789,N,1.0,0.0
2026-09-27T06:27:59,efficientnet_lite0_batch7_node_0_evaluate,a8d78b70-f287-4d86-838f-e66be792969e,5b0fa12a-3dd7-45bb-9766-cc326314d9f1,6.209744612220675,2.2911632785377338e-05,3.6896256152447274e-06,22.992255908437503,33.52915659874559,20.0,2.045504512845172e-05,5.851310237403595e-05,1.7465747944596743e-05,9.643389544708442e-05,0.0,United Kingdom,GBR,england,,,Linux-6.4.0-150700.53.73-default-x86_64-with-glibc2.38,3.12.12,3.3.0,8,AMD EPYC 7543P 32-Core Processor,1,1 x NVIDIA A100-SXM4-40GB,-2.5917,51.4535,64,machine,0.0,9.333333333333334,4.833333333333333,12.200661977132162,N,1.0,0.0
2026-09-27T06:28:06,efficientnet_lite0_batch7_node_1_local_train,f569e5e2-4ccf-4d74-bdad-c0507d7e308b,5b0fa12a-3dd7-45bb-9766-cc326314d9f1,7.2064806879498065,3.427413414287881e-05,4.756015540316332e-06,22.76467995375,41.03159834378438,20.0,2.6625385217199143e-05,9.457035343984899e-05,2.3062346283242936e-05,0.00014425808494029105,0.0,United Kingdom,GBR,england,,,Linux-6.4.0-150700.53.73-default-x86_64-with-glibc2.38,3.12.12,3.3.0,8,AMD EPYC 7543P 32-Core Processor,1,1 x NVIDIA A100-SXM4-40GB,-2.5917,51.4535,64,machine,0.0,23.25,4.9,12.240575790405273,N,1.0,0.0
2026-09-27T06:28:12,efficientnet_lite0_batch7_node_1_evaluate,afd2c46e-6195-4d29-86fb-e7c96dcfdcd8,5b0fa12a-3dd7-45bb-9766-cc326314d9f1,6.399912060238421,2.4705564272583047e-05,3.860297460347083e-06,22.61762496,383.32737930988935,20.0,2.116792170759478e-05,6.423310695424789e-05,1.8583433045488264e-05,0.00010398446170733092,0.0,United Kingdom,GBR,england,,,Linux-6.4.0-150700.53.73-default-x86_64-with-glibc2.38,3.12.12,3.3.0,8,AMD EPYC 7543P 32-Core Processor,1,1 x NVIDIA A100-SXM4-40GB,-2.5917,51.4535,64,machine,0.0,11.333333333333334,4.866666666666667,12.209484100341797,N,1.0,0.0
2026-09-27T06:28:16,efficientnet_lite0_batch7_node_2_local_train,e4eb9c3a-761a-40ed-89f0-8faee7bba716,5b0fa12a-3dd7-45bb-9766-cc326314d9f1,3.2815321888774633,1.5445738958503375e-06,4.7068680328218896e-07,22.563518681250002,32.902652754448035,20.0,1.4192121217104628e-06,3.886391994001315e-06,1.1954287429236705e-06,6.501032858635448e-06,0.0,United Kingdom,GBR,england,,,Linux-6.4.0-150700.53.73-default-x86_64-with-glibc2.38,3.12.12,3.3.0,8,AMD EPYC 7543P 32-Core Processor,1,1 x NVIDIA A100-SXM4-40GB,-2.5917,51.4535,64,machine,0,0,0,0,N,1.0,0.0
2026-09-27T06:28:22,efficientnet_lite0_batch7_node_2_evaluate,ce6f890b-7c85-4857-a0b6-009b3ec6a3c9,5b0fa12a-3dd7-45bb-9766-cc326314d9f1,6.067877535242587,2.186137030448835e-05,3.6028034807090673e-06,22.675103218125003,33.55861104268146,20.0,1.9184144827801032e-05,5.609476710333183e-05,1.6734482226375902e-05,9.201339415750877e-05,0.0,United Kingdom,GBR,england,,,Linux-6.4.0-150700.53.73-default-x86_64-with-glibc2.38,3.12.12,3.3.0,8,AMD EPYC 7543P 32-Core Processor,1,1 x NVIDIA A100-SXM4-40GB,-2.5917,51.4535,64,machine,0.0,7.0,4.9,12.25338617960612,N,1.0,0.0
2026-09-27T06:28:26,efficientnet_lite0_batch7_node_3_local_train,99ac7b6b-50fc-4db2-9591-c9690eeb108a,5b0fa12a-3dd7-45bb-9766-cc326314d9f1,4.342378009110689,1.0274583488306933e-05,2.366119086535064e-06,22.780748379375,39.00016602842698,20.0,8.306598609356092e-06,2.7796966676874035e-05,7.141633305905594e-06,4.324519859213572e-05,0.0,United Kingdom,GBR,england,,,Linux-6.4.0-150700.53.73-default-x86_64-with-glibc2.38,3.12.12,3.3.0,8,AMD EPYC 7543P 32-Core Processor,1,1 x NVIDIA A100-SXM4-40GB,-2.5917,51.4535,64,machine,0.0,18.0,4.9,12.302902221679688,N,1.0,0.0
2026-09-27T06:28:32,efficientnet_lite0_batch7_node_3_evaluate,4948ff50-ec17-4b66-9fdf-83cf36941170,5b0fa12a-3dd7-45bb-9766-cc326314d9f1,6.058254980947822,2.1838159497529977e-05,3.604694679607785e-06,22.7139372675,345.16696796292274,20.0,1.8981622537470786e-05,5.6296711704817426e-05,1.6637366810917026e-05,9.191570105320524e-05,0.0,United Kingdom,GBR,england,,,Linux-6.4.0-150700.53.73-default-x86_64-with-glibc2.38,3.12.12,3.3.0,8,AMD EPYC 7543P 32-Core Processor,1,1 x NVIDIA A100-SXM4-40GB,-2.5917,51.4535,64,machine,0.0,7.0,4.9,12.259870529174805,N,1.0,0.0
2026-09-27T06:28:36,efficientnet_lite0_batch7_node_0_knowledge_extraction,b39a7b29-5238-405d-bbfa-d855054ecc9a,5b0fa12a-3dd7-45bb-9766-cc326314d9f1,3.982263963203877,6.936828948193778e-06,1.7419309750157409e-06,22.88976714,35.074968825153405,20.0,6.037841812430049e-06,1.8010014386504736e-05,5.148903534023299e-06,2.9196759732958083e-05,0.0,United Kingdom,GBR,england,,,Linux-6.4.0-150700.53.73-default-x86_64-with-glibc2.38,3.12.12,3.3.0,8,AMD EPYC 7543P 32-Core Processor,1,1 x NVIDIA A100-SXM4-40GB,-2.5917,51.4535,64,machine,0,0,0,0,N,1.0,0.0
2026-09-27T06:28:41,efficientnet_lite0_batch7_node_1_knowledge_extraction,dfacce57-463e-49f5-859e-0857a67e013e,5b0fa12a-3dd7-45bb-9766-cc326314d9f1,4.782186040189117,1.276621487346786e-05,2.6695353895021207e-06,22.731865183125002,364.9189463754387,20.0,1.1086480039195248e-05,3.30530820065178e-05,9.59278614156776e-06,5.3732348187280806e-05,0.0,United Kingdom,GBR,england,,,Linux-6.4.0-150700.53.73-default-x86_64-with-glibc2.38,3.12.12,3.3.0,8,AMD EPYC 7543P 32-Core Processor,1,1 x NVIDIA A100-SXM4-40GB,-2.5917,51.4535,64,machine,0.0,4.0,4.9,12.298168182373047,N,1.0,0.0
2026-09-27T06:28:44,efficientnet_lite0_batch7_node_2_knowledge_extraction,9d31f15a-5f0e-4901-99e8-e91b70aa121f,5b0fa12a-3dd7-45bb-9766-cc326314d9f1,3.2481795749627054,1.4614326859140777e-06,4.4992361172976634e-07,23.34812234625,35.30686699887446,20.0,1.360286897009125e-06,3.722225216051811e-06,1.06858362754186e-06,6.151095740602796e-06,0.0,United Kingdom,GBR,england,,,Linux-6.4.0-150700.53.73-default-x86_64-with-glibc2.38,3.12.12,3.3.0,8,AMD EPYC 7543P 32-Core Processor,1,1 x NVIDIA A100-SXM4-40GB,-2.5917,51.4535,64,machine,0,0,0,0,N,1.0,0.0
2026-09-27T06:28:53,mobilevit_xxs_batch7_node_0_local_train,28785bb0-6c2e-4055-848f-a491d8775582,5b0fa12a-3dd7-45bb-9766-cc326314d9f1,6.252173614222556,2.43878762199908e-05,3.900703615221564e-06,22.69585486125,36.39989752811946,20.0,2.0373099551923162e-05,6.452505162712896e-05,1.7749177695562446e-05,0.00010264732887461456,0.0,United Kingdom,GBR,england,,,Linux-6.4.0-150700.53.73-default-x86_64-with-glibc2.38,3.12.12,3.3.0,8,AMD EPYC 7543P 32-Core Processor,1,1 x NVIDIA A100-SXM4-40GB,-2.5917,51.4535,64,machine,13.333333333333334,28.0,4.933333333333334,12.3877321879069,N,1.0,0.0
2026-09-27T06:28:59,mobilevit_xxs_batch7_node_0_evaluate,046360f1-5a1d-42c8-b548-3cae71ca31d3,5b0fa12a-3dd7-45bb-9766-cc326314d9f1,6.226394136901945,2.2246906168693945e-05,3.572999986756909e-06,22.586354074687502,32.04551742474493,20.0,1.9963245335138718e-05,5.613976713902957e-05,1.7533082499479256e-05,9.363609497364754e-05,0.0,United Kingdom,GBR,england,,,Linux-6.4.0-150700.53.73-default-x86_64-with-glibc2.38,3.12.12,3.3.0,8,AMD EPYC 7543P 32-Core Processor,1,1 x NVIDIA A100-SXM4-40GB,-2.5917,51.4535,64,machine,0.0,8.666666666666666,4.9,12.339176177978516,N,1.0,0.0
2026-09-27T06:29:08,mobilevit_xxs_batch7_node_1_local_train,5938bd7b-f7b5-4e35-9142-ee5c10b9f7b3,5b0fa12a-3dd7-45bb-9766-cc326314d9f1,9.264976350590587,4.761911475948672e-05,5.13969091312913e-06,22.605513290357145,36.7582791925643,20.0,3.915556786716316e-05,0.00012676787919474464,3.45029816005586e-05,0.00020042642866246638,0.0,United Kingdom,GBR,england,,,Linux-6.4.0-150700.53.73-default-x86_64-with-glibc2.38,3.12.12,3.3.0,8,AMD EPYC 7543P 32-Core Processor,1,1 x NVIDIA A100-SXM4-40GB,-2.5917,51.4535,64,machine,0.0,26.333333333333332,4.9,12.362528483072916,N,1.0,0.0
2026-09-27T06:29:15,mobilevit_xxs_batch7_node_1_evaluate,578030a9-47b4-4e61-93ad-6927d551b383,5b0fa12a-3dd7-45bb-9766-cc326314d9f1,6.275289876386523,2.306575876808294e-05,3.6756483321794867e-06,22.8807909984375,32.781747704603035,20.0,2.0746592773555377e-05,5.8475602344287836e-05,1.786040874042859e-05,9.70826038582718e-05,0.0,United Kingdom,GBR,england,,,Linux-6.4.0-150700.53.73-default-x86_64-with-glibc2.38,3.12.12,3.3.0,8,AMD EPYC 7543P 32-Core Processor,1,1 x NVIDIA A100-SXM4-40GB,-2.5917,51.4535,64,machine,0.0,8.333333333333334,4.9,12.404956817626953,N,1.0,0.0
2026-09-27T06:29:18,mobilevit_xxs_batch7_node_2_local_train,158298f1-34c5-4c21-8e78-3753844fe382,5b0fa12a-3dd7-45bb-9766-cc326314d9f1,3.3862514290958643,2.3047373385134047e-06,6.806161287110254e-07,22.546750567500006,31.423887172852048,20.0,2.1463896537277978e-06,5.717226784440754e-06,1.8369056336167786e-06,9.70052207178533e-06,0.0,United Kingdom,GBR,england,,,Linux-6.4.0-150700.53.73-default-x86_64-with-glibc2.38,3.12.12,3.3.0,8,AMD EPYC 7543P 32-Core Processor,1,1 x NVIDIA A100-SXM4-40GB,-2.5917,51.4535,64,machine,0,0,0,0,N,1.0,0.0
2026-09-27T06:29:24,mobilevit_xxs_batch7_node_2_evaluate,9fe44649-d62f-4d47-88a8-0efba886a46b,5b0fa12a-3dd7-45bb-9766-cc326314d9f1,6.056765133049339,2.1419861187445594e-05,3.536518375224094e-06,22.627459541250005,32.70084164914639,20.0,1.9010932181621115e-05,5.44717102428649e-05,1.6672462346549666e-05,9.015510477103567e-05,0.0,United Kingdom,GBR,england,,,Linux-6.4.0-150700.53.73-default-x86_64-with-glibc2.38,3.12.12,3.3.0,8,AMD EPYC 7543P 32-Core Processor,1,1 x NVIDIA A100-SXM4-40GB,-2.5917,51.4535,64,machine,0.0,12.5,5.0,12.491632461547852,N,1.0,0.0
2026-09-27T06:29:29,mobilevit_xxs_batch7_node_3_local_train,758b3207-2422-49bd-b871-122ebc5afc89,5b0fa12a-3dd7-45bb-9766-cc326314d9f1,4.982212157920003,1.4493535204823358e-05,2.909056207448658e-06,22.62506896125,35.842234459831104,20.0,1.219613570326001e-05,3.814864162166032e-05,1.065777416030566e-05,6.100255148522599e-05,0.0,United Kingdom,GBR,england,,,Linux-6.4.0-150700.53.73-default-x86_64-with-glibc2.38,3.12.12,3.3.0,8,AMD EPYC 7543P 32-Core Processor,1,1 x NVIDIA A100-SXM4-40GB,-2.5917,51.4535,64,machine,0.0,33.0,4.9,12.411781311035156,N,1.0,0.0
2026-09-27T06:29:35,mobilevit_xxs_batch7_node_3_evaluate,72edee79-2a0b-4cfc-a9ab-6f814370efc2,5b0fa12a-3dd7-45bb-9766-cc326314d9f1,6.08619317272678,2.1527402277196904e-05,3.537088236644326e-06,22.658021938125003,32.44865449316123,20.0,1.9257680100770848e-05,5.4530599172153416e-05,1.68194604675389e-05,9.060773974046318e-05,0.0,United Kingdom,GBR,england,,,Linux-6.4.0-150700.53.73-default-x86_64-with-glibc2.38,3.12.12,3.3.0,8,AMD EPYC 7543P 32-Core Processor,1,1 x NVIDIA A100-SXM4-40GB,-2.5917,51.4535,64,machine,0.0,11.666666666666666,4.9,12.40994644165039,N,1.0,0.0
2026-09-27T06:29:40,mobilevit_xxs_batch7_node_1_knowledge_extraction,9995444e-825a-405b-b109-677c2dd53d19,5b0fa12a-3dd7-45bb-9766-cc326314d9f1,4.8662516181357205,1.2728068206931911e-05,2.615579547817974e-06,22.602069213750003,31.952972068834107,20.0,1.1474188192744343e-05,3.205224787450334e-05,1.0045354743488134e-05,5.357179081073582e-05,0.0,United Kingdom,GBR,england,,,Linux-6.4.0-150700.53.73-default-x86_64-with-glibc2.38,3.12.12,3.3.0,8,AMD EPYC 7543P 32-Core Processor,1,1 x NVIDIA A100-SXM4-40GB,-2.5917,51.4535,64,machine,0.0,7.0,4.5,11.320606231689453,N,1.0,0.0
2026-09-27T06:29:43,mobilevit_xxs_batch7_node_2_knowledge_extraction,bfbc6566-02af-441c-a11b-8d0a7c4411c3,5b0fa12a-3dd7-45bb-9766-cc326314d9f1,3.245993376709521,1.4221877885449648e-06,4.3813638029866946e-07,22.70781349875,34.78298047315337,20.0,1.287600976407404e-06,3.6383362527203644e-06,1.059978737288879e-06,5.985915966416647e-06,0.0,United Kingdom,GBR,england,,,Linux-6.4.0-150700.53.73-default-x86_64-with-glibc2.38,3.12.12,3.3.0,8,AMD EPYC 7543P 32-Core Processor,1,1 x NVIDIA A100-SXM4-40GB,-2.5917,51.4535,64,machine,0,0,0,0,N,1.0,0.0
2026-09-27T06:29:49,mobilevit_xxs_batch7_node_0_distill,0a5654b0-5993-4673-a545-c2382c4cf6b9,5b0fa12a-3dd7-45bb-9766-cc326314d9f1,5.6314684939570725,1.9714297497154022e-05,3.5007383097869996e-06,22.634147542500003,36.63475927677012,20.0,1.6349465419951157e-05,5.232893074946787e-05,1.4298077897789577e-05,8.29764740672086e-05,0.0,United Kingdom,GBR,england,,,Linux-6.4.0-150700.53.73-default-x86_64-with-glibc2.38,3.12.12,3.3.0,8,AMD EPYC 7543P 32-Core Processor,1,1 x NVIDIA A100-SXM4-40GB,-2.5917,51.4535,64,machine,0.0,21.0,4.9,12.280956268310547,N,1.0,0.0
2026-09-27T06:29:57,mobilevit_xxs_batch7_node_1_distill,11278329-39c1-4890-b88e-176c6427bd6e,5b0fa12a-3dd7-45bb-9766-cc326314d9f1,7.912328341044486,3.6948016648203276e-05,4.669676870781359e-06,22.909508338500004,36.10124146992625,20.0,3.1326653649045146e-05,9.723702223141117e-05,2.6948644337244333e-05,0.00015551232021770065,0.0,United Kingdom,GBR,england,,,Linux-6.4.0-150700.53.73-default-x86_64-with-glibc2.38,3.12.12,3.3.0,8,AMD EPYC 7543P 32-Core Processor,1,1 x NVIDIA A100-SXM4-40GB,-2.5917,51.4535,64,machine,0.0,24.5,4.9,12.264291763305664,N,1.0,0.0
2026-09-27T06:30:04,mobilevit_xxs_batch7_node_0_evaluate,9f04e2c3-6fd0-44e4-a714-c92cb0503473,5b0fa12a-3dd7-45bb-9766-cc326314d9f1,6.313274561893195,2.2881150102092766e-05,3.624291938798758e-06,22.671035296875,31.79254387035725,20.0,2.0734160283899822e-05,5.7475601536793874e-05,1.8095833565005e-05,9.630559538569869e-05,0.0,United Kingdom,GBR,england,,,Linux-6.4.0-150700.53.73-default-x86_64-with-glibc2.38,3.12.12,3.3.0,8,AMD EPYC 7543P 32-Core Processor,1,1 x NVIDIA A100-SXM4-40GB,-2.5917,51.4535,64,machine,0.0,8.333333333333334,4.9,12.260294596354166,N,1.0,0.0
2026-09-27T06:30:10,mobilevit_xxs_batch7_node_1_evaluate,c651840c-80cd-4123-8230-c84efc51e881,5b0fa12a-3dd7-45bb-9766-cc326314d9f1,6.380881313700229,2.3600050287887276e-05,3.698556535946877e-06,22.7222220571875,32.43264935828054,20.0,2.105628638787805e-05,5.981727007053905e-05,1.8457853193912238e-05,9.933140965232934e-05,0.0,United Kingdom,GBR,england,,,Linux-6.4.0-150700.53.73-default-x86_64-with-glibc2.38,3.12.12,3.3.0,8,AMD EPYC 7543P 32-Core Processor,1,1 x NVIDIA A100-SXM4-40GB,-2.5917,51.4535,64,machine,0.0,13.333333333333334,4.9,12.277578989664713,N,1.0,0.0
2026-09-27T06:30:25,mobilenet_v3_small_batch8_node_0_local_train,f57320f4-eefe-461e-a160-8b2965b465ac,5b0fa12a-3dd7-45bb-9766-cc326314d9f1,6.091852845158428,2.5004151980588985e-05,4.104523306150005e-06,32.55248566125,31.820553543508552,20.0,3.56694594727976e-05,5.2710875493744425e-05,1.6860867195969654e-05,0.00010524120216251167,0.0,United Kingdom,GBR,england,,,Linux-6.4.0-150700.53.73-default-x86_64-with-glibc2.38,3.12.12,3.3.0,8,AMD EPYC 7543P 32-Core Processor,1,1 x NVIDIA A100-SXM4-40GB,-2.5917,51.4535,64,machine,0.0,7.0,4.7,11.866325378417969,N,1.0,0.0
2026-09-27T06:30:33,mobilenet_v3_small_batch8_node_0_evaluate,6b57a28f-ef7b-4cd3-8666-873f952108e7,5b0fa12a-3dd7-45bb-9766-cc326314d9f1,8.128003709949553,3.428330560052244e-05,4.2179244527848794e-06,22.756649968125004,29.776562092085875,20.0,3.2248963249154126e-05,8.386784487868226e-05,2.8179879010551507e-05,0.00014429668713838789,0.0,United Kingdom,GBR,england,,,Linux-6.4.0-150700.53.73-default-x86_64-with-glibc2.38,3.12.12,3.3.0,8,AMD EPYC 7543P 32-Core Processor,1,1 x NVIDIA A100-SXM4-40GB,-2.5917,51.4535,64,machine,8.879999999999999,2.2,4.8,11.985425567626953,N,1.0,0.0
2026-09-27T06:30:43,mobilenet_v3_small_batch8_node_1_local_train,71a5499b-3c14-4923-bc1c-e226bf398084,5b0fa12a-3dd7-45bb-9766-cc326314d9f1,10.386847969610244,5.110435741356661e-05,4.920102572319083e-06,22.731525565312502,31.379970535597796,20.0,4.659307319641533e-05,0.00012776982444506757,4.0732739839909804e-05,0.0002150956374813927,0.0,United Kingdom,GBR,england,,,Linux-6.4.0-150700.53.73-default-x86_64-with-glibc2.38,3.12.12,3.3.0,8,AMD EPYC 7543P 32-Core Processor,1,1 x NVIDIA A100-SXM4-40GB,-2.5917,51.4535,64,machine,0.0,7.857142857142857,4.8428571428571425,12.198395320347377,N,1.0,0.0
2026-09-27T06:30:50,mobilenet_v3_small_batch8_node_1_evaluate,81c013d2-62cf-4d8b-a368-6ff1d5a23f21,5b0fa12a-3dd7-45bb-9766-cc326314d9f1,6.512753142043948,2.335284531132352e-05,3.585710190758822e-06,22.640090234062498,29.947175359194066,20.0,2.1801048600211407e-05,5.733143474628832e-05,1.9158453150238428e-05,9.829093649673816e-05,0.0,United Kingdom,GBR,england,,,Linux-6.4.0-150700.53.73-default-x86_64-with-glibc2.38,3.12.12,3.3.0,8,AMD EPYC 7543P 32-Core Processor,1,1 x NVIDIA A100-SXM4-40GB,-2.5917,51.4535,64,machine,11.1,5.0,4.833333333333333,12.219871520996094,N,1.0,0.0
2026-09-27T06:30:54,mobilenet_v3_small_batch8_node_2_local_train,36ce85ab-fe1d-4fd0-af05-1ec37a9a1dd1,5b0fa12a-3dd7-45bb-9766-cc326314d9f1,3.627559194806963,4.0281403129060255e-06,1.1104271761223125e-06,22.594479210000003,32.24087826660326,20.0,3.6377618436924858e-06,1.0153063669804396e-05,3.1634119002976347e-06,1.6954237413794516e-05,0.0,United Kingdom,GBR,england,,,Linux-6.4.0-150700.53.73-default-x86_64-with-glibc2.38,3.12.12,3.3.0,8,AMD EPYC 7543P 32-Core Processor,1,1 x NVIDIA A100-SXM4-40GB,-2.5917,51.4535,64,machine,0,0,0,0,N,1.0,0.0
2026-09-27T06:31:00,mobilenet_v3_small_batch8_node_2_evaluate,e5f7278e-a3d2-4698-b30f-b40e1dfcabfa,5b0fa12a-3dd7-45bb-9766-cc326314d9f1,6.049474617000669,2.0495765491374725e-05,3.3880240498531967e-06,22.5878071725,30.534782574897836,20.0,1.8920677613864998e-05,5.072004057637969e-05,1.6624914862525958e-05,8.626563305277065e-05,0.0,United Kingdom,GBR,england,,,Linux-6.4.0-150700.53.73-default-x86_64-with-glibc2.38,3.12.12,3.3.0,8,AMD EPYC 7543P 32-Core Processor,1,1 x NVIDIA A100-SXM4-40GB,-2.5917,51.4535,64,machine,0.0,3.5,4.9,12.297845840454102,N,1.0,0.0
2026-09-27T06:31:05,mobilenet_v3_small_batch8_node_3_local_train,b54cea7d-cc21-496d-979f-d1a8a44952fe,5b0fa12a-3dd7-45bb-9766-cc326314d9f1,4.978230226319283,1.3824528884457976e-05,2.776996694803188e-06,23.048502789375,378.99186072787273,20.0,1.2608519196868463e-05,3.492475015320906e-05,1.0653468606890075e-05,5.81867379569676e-05,0.0,United Kingdom,GBR,england,,,Linux-6.4.0-150700.53.73-default-x86_64-with-glibc2.38,3.12.12,3.3.0,8,AMD EPYC 7543P 32-Core Processor,1,1 x NVIDIA A100-SXM4-40GB,-2.5917,51.4535,64,machine,0.0,6.0,4.9,12.24749755859375,N,1.0,0.0
2026-09-27T06:31:11,mobilenet_v3_small_batch8_node_3_evaluate,96ff42c4-620e-40ec-ad8d-0a8d234d2fe6,5b0fa12a-3dd7-45bb-9766-cc326314d9f1,6.098432378843427,2.063745177613311e-05,3.384058475048144e-06,22.601888912812502,30.02097459356996,20.0,1.9256543756402413e-05,5.069587388106811e-05,1.6909565771412518e-05,8.686198340888303e-05,0.0,United Kingdom,GBR,england,,,Linux-6.4.0-150700.53.73-default-x86_64-with-glibc2.38,3.12.12,3.3.0,8,AMD EPYC 7543P 32-Core Processor,1,1 x NVIDIA A100-SXM4-40GB,-2.5917,51.4535,64,machine,0.0,2.3333333333333335,4.9,12.300731658935547,N,1.0,0.0
2026-09-27T06:31:15,mobilenet_v3_small_batch8_node_3_knowledge_extraction,81dfc9eb-70f6-4f5d-9ff8-5d9eb35d9dcf,5b0fa12a-3dd7-45bb-9766-cc326314d9f1,3.90827001305297,5.62490118591347e-06,1.4392304439374039e-06,23.00287604625,28.26346857922419,20.0,5.609772010709549e-06,1.3333344000443503e-05,4.731806590118342e-06,2.3674922601271396e-05,0.0,United Kingdom,GBR,england,,,Linux-6.4.0-150700.53.73-default-x86_64-with-glibc2.38,3.12.12,3.3.0,8,AMD EPYC 7543P 32-Core Processor,1,1 x NVIDIA A100-SXM4-40GB,-2.5917,51.4535,64,machine,0,0,0,0,N,1.0,0.0
2026-09-27T06:31:20,mobilenet_v3_small_batch8_node_0_distill,a90a185c-fa74-4fc2-9fa7-a60e8e81f372,5b0fa12a-3dd7-45bb-9766-cc326314d9f1,4.864881530869752,1.2894961864875111e-05,2.6506219695281514e-06,22.799912321249998,32.7032270840109,20.0,1.1582561918145171e-05,3.2683359492580166e-05,1.0008316305983397e-05,5.427423771670873e-05,0.0,United Kingdom,GBR,england,,,Linux-6.4.0-150700.53.73-default-x86_64-with-glibc2.38,3.12.12,3.3.0,8,AMD EPYC 7543P 32-Core Processor,1,1 x NVIDIA A100-SXM4-40GB,-2.5917,51.4535,64,machine,0.0,14.0,5.0,12.602130889892578,N,1.0,0.0
2026-09-27T06:31:28,mobilenet_v3_small_batch8_node_1_distill,6ea5d531-a46c-46ef-94a0-9470a81c7e55,5b0fa12a-3dd7-45bb-9766-cc326314d9f1,7.646312429104,3.235129543738068e-05,4.230966984064451e-06,22.67115674625,31.98654655290497,20.0,2.919805626356166e-05,8.147367628907887e-05,2.5493222211177154e-05,0.00013616495476381768,0.0,United Kingdom,GBR,england,,,Linux-6.4.0-150700.53.73-default-x86_64-with-glibc2.38,3.12.12,3.3.0,8,AMD EPYC 7543P 32-Core Processor,1,1 x NVIDIA A100-SXM4-40GB,-2.5917,51.4535,64,machine,8.325,8.75,5.0,12.611139297485352,N,1.0,0.0
2026-09-27T06:31:31,mobilenet_v3_small_batch8_node_2_distill,83a96f29-e0ba-477c-817a-89c339af7591,5b0fa12a-3dd7-45bb-9766-cc326314d9f1,3.621690358966589,4.160770430356307e-06,1.1488476423875006e-06,22.84569828,34.73371037550165,20.0,3.668970446583922e-06,1.0737786354297896e-05,3.105714022078448e-06,1.7512470822960268e-05,0.0,United Kingdom,GBR,england,,,Linux-6.4.0-150700.53.73-default-x86_64-with-glibc2.38,3.12.12,3.3.0,8,AMD EPYC 7543P 32-Core Processor,1,1 x NVIDIA A100-SXM4-40GB,-2.5917,51.4535,64,machine,0,0,0,0,N,1.0,0.0
2026-09-27T06:31:35,mobilenet_v3_small_batch8_node_3_distill,391c7c4e-45d8-414c-8fb4-2fe61b24de07,5b0fa12a-3dd7-45bb-9766-cc326314d9f1,4.071159741841257,7.534067366827278e-06,1.8505948782593968e-06,22.613106223125,399.14004176897936,20.0,6.478870873101225e-06,1.9588626784639018e-05,5.6430081604048605e-06,3.1710505818145107e-05,0.0,United Kingdom,GBR,england,,,Linux-6.4.0-150700.53.73-default-x86_64-with-glibc2.38,3.12.12,3.3.0,8,AMD EPYC 7543P 32-Core Processor,1,1 x NVIDIA A100-SXM4-40GB,-2.5917,51.4535,64,machine,0.0,7.0,5.0,12.583274841308594,N,1.0,0.0
2026-09-27T06:31:41,mobilenet_v3_small_batch8_node_0_evaluate,a8fc162e-ed7e-4857-9651-484662461ea5,5b0fa12a-3dd7-45bb-9766-cc326314d9f1,6.051897326018661,2.0112428188458587e-05,3.3233260752772676e-06,22.683363210000003,29.50575130178755,20.0,1.895351197173806e-05,4.905142812106078e-05,1.6647245776322154e-05,8.465218586912099e-05,0.0,United Kingdom,GBR,england,,,Linux-6.4.0-150700.53.73-default-x86_64-with-glibc2.38,3.12.12,3.3.0,8,AMD EPYC 7543P 32-Core Processor,1,1 x NVIDIA A100-SXM4-40GB,-2.5917,51.4535,64,machine,0.0,3.5,5.0,12.60458755493164,N,1.0,0.0
2026-09-27T06:31:48,mobilenet_v3_small_batch8_node_1_evaluate,84e224cd-41f8-4b75-b628-3b02bdb35550,5b0fa12a-3dd7-45bb-9766-cc326314d9f1,6.427708857227117,2.310974991452592e-05,3.5953324003687616e-06,22.5683533434375,30.74052994514637,20.0,2.121264959055318e-05,5.737365701463659e-05,1.8681453747881787e-05,9.726776035307156e-05,0.0,United Kingdom,GBR,england,,,Linux-6.4.0-150700.53.73-default-x86_64-with-glibc2.38,3.12.12,3.3.0,8,AMD EPYC 7543P 32-Core Processor,1,1 x NVIDIA A100-SXM4-40GB,-2.5917,51.4535,64,machine,0.0,4.0,4.666666666666667,11.719813028971354,N,1.0,0.0
2026-09-27T06:31:54,mobilenet_v3_small_batch8_node_2_evaluate,3a8c7e78-9a18-4838-a83d-0c6b8a689901,5b0fa12a-3dd7-45bb-9766-cc326314d9f1,6.027354551944882,2.0067640231536212e-05,3.3294275388297624e-06,22.730398695,29.822241846073094,20.0,1.8958942317631877e-05,4.904476145384251e-05,1.645997186812262e-05,8.446367563959701e-05,0.0,United Kingdom,GBR,england,,,Linux-6.4.0-150700.53.73-default-x86_64-with-glibc2.38,3.12.12,3.3.0,8,AMD EPYC 7543P 32-Core Processor,1,1 x NVIDIA A100-SXM4-40GB,-2.5917,51.4535,64,machine,0.0,4.5,4.9,12.405805587768555,N,1.0,0.0
2026-09-27T06:32:00,mobilenet_v3_small_batch8_node_3_evaluate,fdfd5779-8894-49b0-a3af-1eb7d8339b56,5b0fa12a-3dd7-45bb-9766-cc326314d9f1,6.318294659256935,2.2547875275197626e-05,3.5686647254038285e-06,22.953022115625004,30.717852021135872,20.0,2.119715674320652e-05,5.559337780880469e-05,1.811232406180352e-05,9.490285861381472e-05,0.0,United Kingdom,GBR,england,,,Linux-6.4.0-150700.53.73-default-x86_64-with-glibc2.38,3.12.12,3.3.0,8,AMD EPYC 7543P 32-Core Processor,1,1 x NVIDIA A100-SXM4-40GB,-2.5917,51.4535,64,machine,16.666666666666668,4.666666666666667,4.9,12.421062469482422,N,1.0,0.0
2026-09-27T06:32:07,efficientnet_lite0_batch8_node_0_local_train,456ec2a3-9f90-4acd-a505-33f688a42750,5b0fa12a-3dd7-45bb-9766-cc326314d9f1,4.951484826859087,1.554854888525517e-05,3.140179043044387e-06,22.651173286875004,40.70615337510725,20.0,1.2059016421931968e-05,4.284447872748842e-05,1.0539555182266567e-05,6.544305033168696e-05,0.0,United Kingdom,GBR,england,,,Linux-6.4.0-150700.53.73-default-x86_64-with-glibc2.38,3.12.12,3.3.0,8,AMD EPYC 7543P 32-Core Processor,1,1 x NVIDIA A100-SXM4-40GB,-2.5917,51.4535,64,machine,0.0,36.0,4.9,12.402000427246094,N,1.0,0.0
2026-09-27T06:32:14,efficientnet_lite0_batch8_node_0_evaluate,e589833a-1e27-4d44-a148-e6d3b2d92730,5b0fa12a-3dd7-45bb-9766-cc326314d9f1,6.517138635274023,2.4864045913213787e-05,3.815178302121287e-06,22.87096653375,33.097419259063656,20.0,2.2250609369815115e-05,6.327032839692492e-05,1.913056509414067e-05,0.00010465150286088071,0.0,United Kingdom,GBR,england,,,Linux-6.4.0-150700.53.73-default-x86_64-with-glibc2.38,3.12.12,3.3.0,8,AMD EPYC 7543P 32-Core Processor,1,1 x NVIDIA A100-SXM4-40GB,-2.5917,51.4535,64,machine,0.0,11.0,4.9,12.423650105794271,N,1.0,0.0
2026-09-27T06:32:22,efficientnet_lite0_batch8_node_1_local_train,c794016e-a196-49f3-8e0b-f87bcf018413,5b0fa12a-3dd7-45bb-9766-cc326314d9f1,8.007367684971541,3.902792644258766e-05,4.874002041374521e-06,22.702360032,38.24808311119078,20.0,3.1583271348456534e-05,0.0001051664730198354,2.751681023898224e-05,0.00016426655460727416,0.0,United Kingdom,GBR,england,,,Linux-6.4.0-150700.53.73-default-x86_64-with-glibc2.38,3.12.12,3.3.0,8,AMD EPYC 7543P 32-Core Processor,1,1 x NVIDIA A100-SXM4-40GB,-2.5917,51.4535,64,machine,16.675,22.5,5.0,12.4850435256958,N,1.0,0.0
2026-09-27T06:32:29,efficientnet_lite0_batch8_node_1_evaluate,d5e94ad2-ff69-44b7-a65c-66cb07b7c8e2,5b0fa12a-3dd7-45bb-9766-cc326314d9f1,6.77909264806658,2.6741800216653916e-05,3.944746237430575e-06,22.8064097109375,33.10055953848746,20.0,2.3872354830866124e-05,6.809533226714848e-05,2.058718798733834e-05,0.00011255487508535293,0.0,United Kingdom,GBR,england,,,Linux-6.4.0-150700.53.73-default-x86_64-with-glibc2.38,3.12.12,3.3.0,8,AMD EPYC 7543P 32-Core Processor,1,1 x NVIDIA A100-SXM4-40GB,-2.5917,51.4535,64,machine,0.0,8.666666666666666,4.933333333333334,12.447400410970053,N,1.0,0.0
2026-09-27T06:32:32,efficientnet_lite0_batch8_node_2_local_train,84aa866f-f9bc-4fc3-9934-d091f42a1c8e,5b0fa12a-3dd7-45bb-9766-cc326314d9f1,3.4262650473974645,2.801829858077905e-06,8.177504715247087e-07,23.052802320000005,35.977186083493514,20.0,2.475971709687767e-06,7.279172479002227e-06,2.03761497978121e-06,1.1792759168471205e-05,0.0,United Kingdom,GBR,england,,,Linux-6.4.0-150700.53.73-default-x86_64-with-glibc2.38,3.12.12,3.3.0,8,AMD EPYC 7543P 32-Core Processor,1,1 x NVIDIA A100-SXM4-40GB,-2.5917,51.4535,64,machine,0,0,0,0,N,1.0,0.0
2026-09-27T06:32:38,efficientnet_lite0_batch8_node_2_evaluate,842d7b56-f8d0-47c7-beb4-127e0c7d9b1b,5b0fa12a-3dd7-45bb-9766-cc326314d9f1,6.117624143138528,2.2166004073593257e-05,3.623302699701558e-06,22.943205826875,33.27779819191442,20.0,1.9743728818282052e-05,5.6545600799040585e-05,1.7006252558591468e-05,9.32955821759141e-05,0.0,United Kingdom,GBR,england,,,Linux-6.4.0-150700.53.73-default-x86_64-with-glibc2.38,3.12.12,3.3.0,8,AMD EPYC 7543P 32-Core Processor,1,1 x NVIDIA A100-SXM4-40GB,-2.5917,51.4535,64,machine,0.0,8.0,5.0,12.492692311604818,N,1.0,0.0
2026-09-27T06:32:43,efficientnet_lite0_batch8_node_3_local_train,83e9ce9d-ad15-4e9c-8155-f32e188437d1,5b0fa12a-3dd7-45bb-9766-cc326314d9f1,4.280260433908552,9.724464035774079e-06,2.2719327914572973e-06,22.840037493750003,38.65127938772446,20.0,7.945274666963487e-06,2.6193354287329385e-05,6.791144881087045e-06,4.092977383537992e-05,0.0,United Kingdom,GBR,england,,,Linux-6.4.0-150700.53.73-default-x86_64-with-glibc2.38,3.12.12,3.3.0,8,AMD EPYC 7543P 32-Core Processor,1,1 x NVIDIA A100-SXM4-40GB,-2.5917,51.4535,64,machine,0.0,18.0,5.0,12.461387634277344,N,1.0,0.0
2026-09-27T06:32:49,efficientnet_lite0_batch8_node_3_evaluate,63fd6c1c-e537-47b8-81ec-a2e4aceea97c,5b0fa12a-3dd7-45bb-9766-cc326314d9f1,6.125106513965875,2.2491528923208795e-05,3.6720224982089353e-06,22.5907603228125,34.18833427239095,20.0,1.9362956818130798e-05,5.8250324372011164e-05,1.705241849801193e-05,9.46656996881539e-05,0.0,United Kingdom,GBR,england,,,Linux-6.4.0-150700.53.73-default-x86_64-with-glibc2.38,3.12.12,3.3.0,8,AMD EPYC 7543P 32-Core Processor,1,1 x NVIDIA A100-SXM4-40GB,-2.5917,51.4535,64,machine,0.0,5.333333333333333,5.0,12.487566630045572,N,1.0,0.0
2026-09-27T06:32:54,efficientnet_lite0_batch8_node_1_knowledge_extraction,913cbc33-dece-4da3-87f9-8173e08773fa,5b0fa12a-3dd7-45bb-9766-cc326314d9f1,5.111775081139058,1.4326666124894154e-05,2.802679284101393e-06,22.7730375,31.44494144881992,20.0,1.3154881654397463e-05,3.575363972174728e-05,1.1391686650717424e-05,6.0300208026862164e-05,0.0,United Kingdom,GBR,england,,,Linux-6.4.0-150700.53.73-default-x86_64-with-glibc2.38,3.12.12,3.3.0,8,AMD EPYC 7543P 32-Core Processor,1,1 x NVIDIA A100-SXM4-40GB,-2.5917,51.4535,64,machine,28.55,6.0,5.0,12.537338256835938,N,1.0,0.0
2026-09-27T06:32:57,efficientnet_lite0_batch8_node_2_knowledge_extraction,1ce6cfa7-05ab-4caf-808a-4611c61525be,5b0fa12a-3dd7-45bb-9766-cc326314d9f1,3.2870314731262624,1.498023939817122e-06,4.557376319832942e-07,22.570991943750002,27.437417591875295,20.0,1.5261933937087976e-06,3.4919472398087237e-06,1.2869658310794167e-06,6.305106464596938e-06,0.0,United Kingdom,GBR,england,,,Linux-6.4.0-150700.53.73-default-x86_64-with-glibc2.38,3.12.12,3.3.0,8,AMD EPYC 7543P 32-Core Processor,1,1 x NVIDIA A100-SXM4-40GB,-2.5917,51.4535,64,machine,0,0,0,0,N,1.0,0.0
2026-09-27T06:33:05,mobilevit_xxs_batch8_node_0_local_train,254d562e-cbfc-4847-bcab-422ef3c80760,5b0fa12a-3dd7-45bb-9766-cc326314d9f1,5.608460111077875,1.9727541922897374e-05,3.517461394426498e-06,22.582812037500002,37.23977097812948,20.0,1.6098095095884527e-05,5.275393108661319e-05,1.4180192998093035e-05,8.303221918059075e-05,0.0,United Kingdom,GBR,england,,,Linux-6.4.0-150700.53.73-default-x86_64-with-glibc2.38,3.12.12,3.3.0,8,AMD EPYC 7543P 32-Core Processor,1,1 x NVIDIA A100-SXM4-40GB,-2.5917,51.4535,64,machine,0.0,24.5,5.0,12.533685684204102,N,1.0,0.0
2026-09-27T06:33:11,mobilevit_xxs_batch8_node_0_evaluate,99cf9443-35e6-4bb1-bb70-caab91cc42e9,5b0fa12a-3dd7-45bb-9766-cc326314d9f1,6.337481833994389,2.3438561307606364e-05,3.6984029179983473e-06,22.762958222812504,32.63348524284781,20.0,2.1040957869296913e-05,5.939532530874203e-05,1.8215427581324345e-05,9.865171075936329e-05,0.0,United Kingdom,GBR,england,,,Linux-6.4.0-150700.53.73-default-x86_64-with-glibc2.38,3.12.12,3.3.0,8,AMD EPYC 7543P 32-Core Processor,1,1 x NVIDIA A100-SXM4-40GB,-2.5917,51.4535,64,machine,0.0,5.0,5.0,12.561817169189453,N,1.0,0.0
2026-09-27T06:33:22,mobilevit_xxs_batch8_node_1_local_train,0d1fdfe4-7717-40f7-9168-99656cfa67c8,5b0fa12a-3dd7-45bb-9766-cc326314d9f1,10.17687771981582,5.4083064946435976e-05,5.3143082225630555e-06,22.741387036875004,36.06834832124654,20.0,4.551560282781044e-05,0.00014256844738724794,3.95488155591819e-05,0.0002276328657742403,0.0,United Kingdom,GBR,england,,,Linux-6.4.0-150700.53.73-default-x86_64-with-glibc2.38,3.12.12,3.3.0,8,AMD EPYC 7543P 32-Core Processor,1,1 x NVIDIA A100-SXM4-40GB,-2.5917,51.4535,64,machine,9.528571428571428,18.428571428571427,5.014285714285714,12.64919662475586,N,1.0,0.0
2026-09-27T06:33:28,mobilevit_xxs_batch8_node_1_evaluate,1963268d-b7d3-4aa1-99ae-b5cdb6c6736f,5b0fa12a-3dd7-45bb-9766-cc326314d9f1,6.514090185984969,2.478815214200094e-05,3.805313011375329e-06,22.648731086250002,366.47259776219494,20.0,2.1877336799890485e-05,6.324171727101202e-05,1.9213015772402285e-05,0.00010433206984330478,0.0,United Kingdom,GBR,england,,,Linux-6.4.0-150700.53.73-default-x86_64-with-glibc2.38,3.12.12,3.3.0,8,AMD EPYC 7543P 32-Core Processor,1,1 x NVIDIA A100-SXM4-40GB,-2.5917,51.4535,64,machine,0.0,15.0,5.0,12.60326894124349,N,1.0,0.0
2026-09-27T06:33:32,mobilevit_xxs_batch8_node_2_local_train,3793f4e5-e7fc-4ebc-aca9-bf28c3132c58,5b0fa12a-3dd7-45bb-9766-cc326314d9f1,3.5869855443015695,3.6747103417444343e-06,1.0244564123159704e-06,22.75634647125,31.000494312000267,20.0,3.445963614712917e-06,9.078062831235911e-06,2.942642220295966e-06,1.5466668666244794e-05,0.0,United Kingdom,GBR,england,,,Linux-6.4.0-150700.53.73-default-x86_64-with-glibc2.38,3.12.12,3.3.0,8,AMD EPYC 7543P 32-Core Processor,1,1 x NVIDIA A100-SXM4-40GB,-2.5917,51.4535,64,machine,0,0,0,0,N,1.0,0.0
2026-09-27T06:33:38,mobilevit_xxs_batch8_node_2_evaluate,db83c3e8-29b3-434f-b0f3-5c80122d43a1,5b0fa12a-3dd7-45bb-9766-cc326314d9f1,6.134036986157298,2.205343411204994e-05,3.595256135856044e-06,22.642073873437504,32.886752764608374,20.0,1.9545955505784897e-05,5.617893383202954e-05,1.7096891603432598e-05,9.282178094124704e-05,0.0,United Kingdom,GBR,england,,,Linux-6.4.0-150700.53.73-default-x86_64-with-glibc2.38,3.12.12,3.3.0,8,AMD EPYC 7543P 32-Core Processor,1,1 x NVIDIA A100-SXM4-40GB,-2.5917,51.4535,64,machine,0.0,6.666666666666667,5.0,12.62203598022461,N,1.0,0.0
2026-09-27T06:33:43,mobilevit_xxs_batch8_node_3_local_train,d7aee79e-6021-4491-92db-81d4cd7b5c50,5b0fa12a-3dd7-45bb-9766-cc326314d9f1,4.83545399736613,1.3275954220476485e-05,2.7455445192339522e-06,22.750413423750004,35.06337974627691,20.0,1.1426788916531188e-05,3.4575860993868446e-05,9.875165226144923e-06,5.587781513654456e-05,0.0,United Kingdom,GBR,england,,,Linux-6.4.0-150700.53.73-default-x86_64-with-glibc2.38,3.12.12,3.3.0,8,AMD EPYC 7543P 32-Core Processor,1,1 x NVIDIA A100-SXM4-40GB,-2.5917,51.4535,64,machine,0.0,34.0,5.0,12.675739288330078,N,1.0,0.0
2026-09-27T06:33:49,mobilevit_xxs_batch8_node_3_evaluate,5956d6c8-19e4-4cb8-808b-d0819388b4d6,5b0fa12a-3dd7-45bb-9766-cc326314d9f1,6.187619390897453,2.2261137255534293e-05,3.5976901372250588e-06,22.560922580625004,32.5428342478365,20.0,1.9749250378945574e-05,5.6554211909087826e-05,1.7392530605300436e-05,9.369599289333384e-05,0.0,United Kingdom,GBR,england,,,Linux-6.4.0-150700.53.73-default-x86_64-with-glibc2.38,3.12.12,3.3.0,8,AMD EPYC 7543P 32-Core Processor,1,1 x NVIDIA A100-SXM4-40GB,-2.5917,51.4535,64,machine,13.333333333333334,7.0,4.766666666666667,12.024766286214193,N,1.0,0.0
2026-09-27T06:33:53,mobilevit_xxs_batch8_node_0_knowledge_extraction,dc8398e3-9f6e-4828-96c9-4f972a5b0ee5,5b0fa12a-3dd7-45bb-9766-cc326314d9f1,3.7466300833038986,4.978940461749774e-06,1.328911675571447e-06,22.71776698125,33.20791988275938,20.0,4.465509924785101e-06,1.266223235063535e-05,3.8283645382357966e-06,2.0956106813656248e-05,0.0,United Kingdom,GBR,england,,,Linux-6.4.0-150700.53.73-default-x86_64-with-glibc2.38,3.12.12,3.3.0,8,AMD EPYC 7543P 32-Core Processor,1,1 x NVIDIA A100-SXM4-40GB,-2.5917,51.4535,64,machine,0,0,0,0,N,1.0,0.0
2026-09-27T06:33:58,mobilevit_xxs_batch8_node_1_knowledge_extraction,20f1704b-bf0b-4aef-bb23-8b118b977906,5b0fa12a-3dd7-45bb-9766-cc326314d9f1,5.1051701423712075,1.4183077581931444e-05,2.778179215657601e-06,22.66524725625,31.180120201175292,20.0,1.3019553922142523e-05,3.533086159279719e-05,1.1345435647914808e-05,5.9695851162854523e-05,0.0,United Kingdom,GBR,england,,,Linux-6.4.0-150700.53.73-default-x86_64-with-glibc2.38,3.12.12,3.3.0,8,AMD EPYC 7543P 32-Core Processor,1,1 x NVIDIA A100-SXM4-40GB,-2.5917,51.4535,64,machine,0.0,5.0,5.0,12.482784271240234,N,1.0,0.0
2026-09-27T06:34:01,mobilevit_xxs_batch8_node_2_knowledge_extraction,3324274d-45f3-425d-b5da-7c39e5b585b7,5b0fa12a-3dd7-45bb-9766-cc326314d9f1,3.312827177811414,1.5672597257783893e-06,4.730882843136368e-07,23.047361448750003,24.249582247057788,20.0,1.750929173339138e-06,3.4147249436955462e-06,1.430862244322068e-06,6.596516361356752e-06,0.0,United Kingdom,GBR,england,,,Linux-6.4.0-150700.53.73-default-x86_64-with-glibc2.38,3.12.12,3.3.0,8,AMD EPYC 7543P 32-Core Processor,1,1 x NVIDIA A100-SXM4-40GB,-2.5917,51.4535,64,machine,0,0,0,0,N,1.0,0.0
2026-09-27T06:34:05,mobilevit_xxs_batch8_node_3_knowledge_extraction,57188960-a64c-4ff2-81c6-04146978858a,5b0fa12a-3dd7-45bb-9766-cc326314d9f1,3.6452522901818156,4.251749897550967e-06,1.1663801457591023e-06,23.694590328750003,32.28652769748186,20.0,4.114252533367852e-06,1.0511119512557343e-05,3.270026720646355e-06,1.789539876657155e-05,0.0,United Kingdom,GBR,england,,,Linux-6.4.0-150700.53.73-default-x86_64-with-glibc2.38,3.12.12,3.3.0,8,AMD EPYC 7543P 32-Core Processor,1,1 x NVIDIA A100-SXM4-40GB,-2.5917,51.4535,64,machine,0,0,0,0,N,1.0,0.0
2026-09-27T06:34:10,mobilevit_xxs_batch8_node_0_distill,4907e433-ab2f-40c4-9f93-bcb41c0f0210,5b0fa12a-3dd7-45bb-9766-cc326314d9f1,5.160459701903164,1.650649070870993e-05,3.198647341945598e-06,22.872254028750003,37.92061549321427,20.0,1.3510832144096109e-05,4.427447987609412e-05,1.16896666560529e-05,6.947497867624313e-05,0.0,United Kingdom,GBR,england,,,Linux-6.4.0-150700.53.73-default-x86_64-with-glibc2.38,3.12.12,3.3.0,8,AMD EPYC 7543P 32-Core Processor,1,1 x NVIDIA A100-SXM4-40GB,-2.5917,51.4535,64,machine,0.0,26.5,4.95,12.462961196899414,N,1.0,0.0
2026-09-27T06:34:17,mobilevit_xxs_batch8_node_0_evaluate,dde804e2-0f5d-48f1-a760-ab9d0537649f,5b0fa12a-3dd7-45bb-9766-cc326314d9f1,6.6869703540578485,2.5549749572480747e-05,3.82082590765135e-06,22.727422484999998,31.942270356781968,20.0,2.3172378474465534e-05,6.424144029892886e-05,2.0123775864744352e-05,0.00010753759463813875,0.0,United Kingdom,GBR,england,,,Linux-6.4.0-150700.53.73-default-x86_64-with-glibc2.38,3.12.12,3.3.0,8,AMD EPYC 7543P 32-Core Processor,1,1 x NVIDIA A100-SXM4-40GB,-2.5917,51.4535,64,machine,16.666666666666668,13.333333333333334,4.966666666666667,12.488516489664713,N,1.0,0.0
2026-09-27T06:34:36,mobilenet_v3_small_batch9_node_0_local_train,8911d649-3122-4ba4-aeaa-eeb0de0ab5e1,5b0fa12a-3dd7-45bb-9766-cc326314d9f1,7.149205306079239,2.822503066469603e-05,3.947995540244903e-06,22.800441028500003,31.262800660231868,20.0,2.6053444669340333e-05,7.004227825291309e-05,2.2701993574284843e-05,0.00011879771649653827,0.0,United Kingdom,GBR,england,,,Linux-6.4.0-150700.53.73-default-x86_64-with-glibc2.38,3.12.12,3.3.0,8,AMD EPYC 7543P 32-Core Processor,1,1 x NVIDIA A100-SXM4-40GB,-2.5917,51.4535,64,machine,0.0,9.25,4.8,12.10684871673584,N,1.0,0.0
2026-09-27T06:34:44,mobilenet_v3_small_batch9_node_0_evaluate,bfb93a40-c0ea-498c-92de-38c667f7f3e9,5b0fa12a-3dd7-45bb-9766-cc326314d9f1,8.401280941907316,3.6671809930802264e-05,4.365026022148091e-06,22.851510097500004,30.38830897337693,20.0,3.4509021828626774e-05,9.015784989685471e-05,2.968290848657489e-05,0.0001543497802120564,0.0,United Kingdom,GBR,england,,,Linux-6.4.0-150700.53.73-default-x86_64-with-glibc2.38,3.12.12,3.3.0,8,AMD EPYC 7543P 32-Core Processor,1,1 x NVIDIA A100-SXM4-40GB,-2.5917,51.4535,64,machine,2.3600000000000003,2.0,4.880000000000001,12.229718017578126,N,1.0,0.0
2026-09-27T06:34:53,mobilenet_v3_small_batch9_node_1_local_train,fd7892f0-4a87-40be-a2e6-975ef5a5703d,5b0fa12a-3dd7-45bb-9766-cc326314d9f1,8.921050085220486,4.135202305554833e-05,4.635331341100335e-06,22.677848190000002,32.033115192340404,20.0,3.726800792175361e-05,0.00010422841671697824,3.2552134240460066e-05,0.00017404855887919192,0.0,United Kingdom,GBR,england,,,Linux-6.4.0-150700.53.73-default-x86_64-with-glibc2.38,3.12.12,3.3.0,8,AMD EPYC 7543P 32-Core Processor,1,1 x NVIDIA A100-SXM4-40GB,-2.5917,51.4535,64,machine,0.0,8.6,4.9,12.364512634277343,N,1.0,0.0
2026-09-27T06:35:00,mobilenet_v3_small_batch9_node_1_evaluate,cdd732ba-ba5b-45fe-825d-7f036916de27,5b0fa12a-3dd7-45bb-9766-cc326314d9f1,6.697485892102122,2.468519117458529e-05,3.6857399287238232e-06,22.676500189687502,30.053362150132177,20.0,2.306689511819786e-05,6.064004851680238e-05,2.019176874051078e-05,0.00010389871237551102,0.0,United Kingdom,GBR,england,,,Linux-6.4.0-150700.53.73-default-x86_64-with-glibc2.38,3.12.12,3.3.0,8,AMD EPYC 7543P 32-Core Processor,1,1 x NVIDIA A100-SXM4-40GB,-2.5917,51.4535,64,machine,0.0,4.666666666666667,4.9,12.36800765991211,N,1.0,0.0
2026-09-27T06:35:03,mobilenet_v3_small_batch9_node_2_local_train,20a6fbb7-ba05-47c1-94c8-8d792d535310,5b0fa12a-3dd7-45bb-9766-cc326314d9f1,3.4044128856621683,2.2062433456923463e-06,6.480539875125122e-07,22.57023024,27.487430373571783,20.0,2.2165383012669172e-06,5.17305970504367e-06,1.8963678662354748e-06,9.285965872546062e-06,0.0,United Kingdom,GBR,england,,,Linux-6.4.0-150700.53.73-default-x86_64-with-glibc2.38,3.12.12,3.3.0,8,AMD EPYC 7543P 32-Core Processor,1,1 x NVIDIA A100-SXM4-40GB,-2.5917,51.4535,64,machine,0,0,0,0,N,1.0,0.0
2026-09-27T06:35:10,mobilenet_v3_small_batch9_node_2_evaluate,ade90976-5ecb-46de-a21b-2f3071e938c4,5b0fa12a-3dd7-45bb-9766-cc326314d9f1,6.183255312032998,2.1295979734685828e-05,3.4441372157547066e-06,22.735522890000006,30.068189141945876,20.0,2.0032965112778676e-05,5.221948622136097e-05,1.7381242711821363e-05,8.9633694045961e-05,0.0,United Kingdom,GBR,england,,,Linux-6.4.0-150700.53.73-default-x86_64-with-glibc2.38,3.12.12,3.3.0,8,AMD EPYC 7543P 32-Core Processor,1,1 x NVIDIA A100-SXM4-40GB,-2.5917,51.4535,64,machine,0.0,3.6666666666666665,4.966666666666667,12.475907643636068,N,1.0,0.0
2026-09-27T06:35:15,mobilenet_v3_small_batch9_node_3_local_train,8839dafb-cf35-4f80-a97b-e8e884328801,5b0fa12a-3dd7-45bb-9766-cc326314d9f1,4.972341398242861,1.3257362731543968e-05,2.666221337140867e-06,22.59307872,31.253265908537372,20.0,1.2088828248335249e-05,3.3104193164490425e-05,1.0606543093712795e-05,5.579956450653847e-05,0.0,United Kingdom,GBR,england,,,Linux-6.4.0-150700.53.73-default-x86_64-with-glibc2.38,3.12.12,3.3.0,8,AMD EPYC 7543P 32-Core Processor,1,1 x NVIDIA A100-SXM4-40GB,-2.5917,51.4535,64,machine,0.0,6.0,4.9,12.44619369506836,N,1.0,0.0
2026-09-27T06:35:21,mobilenet_v3_small_batch9_node_3_evaluate,0f82c970-f08c-47d1-8b0e-cb542c0fec08,5b0fa12a-3dd7-45bb-9766-cc326314d9f1,6.209350670222193,2.1718742030877977e-05,3.497747700904256e-06,22.637629352812503,30.83605890771119,20.0,1.9911598554609322e-05,5.398143207457906e-05,1.7520048389107816e-05,9.14130790182962e-05,0.0,United Kingdom,GBR,england,,,Linux-6.4.0-150700.53.73-default-x86_64-with-glibc2.38,3.12.12,3.3.0,8,AMD EPYC 7543P 32-Core Processor,1,1 x NVIDIA A100-SXM4-40GB,-2.5917,51.4535,64,machine,0.0,3.3333333333333335,5.0,12.458077748616537,N,1.0,0.0
2026-09-27T06:35:25,mobilenet_v3_small_batch9_node_0_knowledge_extraction,d7922c92-8b6f-4523-a13e-7d3ffe01844a,5b0fa12a-3dd7-45bb-9766-cc326314d9f1,4.160447517875582,7.516015043052718e-06,1.8065400442523942e-06,22.575641900625,30.106410538025905,20.0,7.029812113965746e-06,1.8455848092457927e-05,6.148864300404159e-06,3.163452450682783e-05,0.0,United Kingdom,GBR,england,,,Linux-6.4.0-150700.53.73-default-x86_64-with-glibc2.38,3.12.12,3.3.0,8,AMD EPYC 7543P 32-Core Processor,1,1 x NVIDIA A100-SXM4-40GB,-2.5917,51.4535,64,machine,0.0,5.0,5.0,12.480609893798828,N,1.0,0.0
2026-09-27T06:35:30,mobilenet_v3_small_batch9_node_1_knowledge_extraction,db14b87a-9b08-4f71-94aa-1c9090bcb994,5b0fa12a-3dd7-45bb-9766-cc326314d9f1,4.5708047170192,1.0298355368393655e-05,2.253072709505212e-06,22.739421774375,30.112981775965906,20.0,9.699981489509681e-06,2.524474241738517e-05,8.400529317764772e-06,4.3345253224659624e-05,0.0,United Kingdom,GBR,england,,,Linux-6.4.0-150700.53.73-default-x86_64-with-glibc2.38,3.12.12,3.3.0,8,AMD EPYC 7543P 32-Core Processor,1,1 x NVIDIA A100-SXM4-40GB,-2.5917,51.4535,64,machine,0.0,4.0,5.0,12.474746704101562,N,1.0,0.0
2026-09-27T06:35:33,mobilenet_v3_small_batch9_node_3_knowledge_extraction,4a7fbb54-843e-4e55-a689-30fa739b8684,5b0fa12a-3dd7-45bb-9766-cc326314d9f1,3.6532655241899192,4.084208103093568e-06,1.117960924561925e-06,22.683906450000002,30.41551900358217,20.0,3.855658402527568e-06,1.0024452464563183e-05,3.31011301993082e-06,1.7190223887021572e-05,0.0,United Kingdom,GBR,england,,,Linux-6.4.0-150700.53.73-default-x86_64-with-glibc2.38,3.12.12,3.3.0,8,AMD EPYC 7543P 32-Core Processor,1,1 x NVIDIA A100-SXM4-40GB,-2.5917,51.4535,64,machine,0,0,0,0,N,1.0,0.0
2026-09-27T06:35:39,mobilenet_v3_small_batch9_node_0_distill,07f67187-2112-480c-93e0-69d2ab764e33,5b0fa12a-3dd7-45bb-9766-cc326314d9f1,5.3363459021784365,1.5894118383676577e-05,2.97846479127003e-06,22.75372348875,31.3561575580495,20.0,1.4578767770692475e-05,3.965725395005393e-05,1.2661513029080299e-05,6.68975347498267e-05,0.0,United Kingdom,GBR,england,,,Linux-6.4.0-150700.53.73-default-x86_64-with-glibc2.38,3.12.12,3.3.0,8,AMD EPYC 7543P 32-Core Processor,1,1 x NVIDIA A100-SXM4-40GB,-2.5917,51.4535,64,machine,16.65,13.5,5.1,12.821191787719727,N,1.0,0.0
2026-09-27T06:35:45,mobilenet_v3_small_batch9_node_1_distill,ae4ae23b-784a-438a-803c-a9b0cc8dcfaa,5b0fa12a-3dd7-45bb-9766-cc326314d9f1,6.621815912891179,2.5285926308143545e-05,3.8185788673039915e-06,22.63365081,32.414758078318435,20.0,2.2501003850411255e-05,6.41281068567423e-05,1.979806524856637e-05,0.00010642717595571994,0.0,United Kingdom,GBR,england,,,Linux-6.4.0-150700.53.73-default-x86_64-with-glibc2.38,3.12.12,3.3.0,8,AMD EPYC 7543P 32-Core Processor,1,1 x NVIDIA A100-SXM4-40GB,-2.5917,51.4535,64,machine,0.0,10.0,5.1,12.76471201578776,N,1.0,0.0
2026-09-27T06:35:49,mobilenet_v3_small_batch9_node_2_distill,5af921a1-7739-4181-8fcb-decd0df610e6,5b0fa12a-3dd7-45bb-9766-cc326314d9f1,3.535877520684153,3.5204980641867493e-06,9.956504555354542e-07,22.80912424875,33.95586642957985,20.0,3.137714665677739e-06,9.011673881786919e-06,2.668208496955534e-06,1.4817597044420194e-05,0.0,United Kingdom,GBR,england,,,Linux-6.4.0-150700.53.73-default-x86_64-with-glibc2.38,3.12.12,3.3.0,8,AMD EPYC 7543P 32-Core Processor,1,1 x NVIDIA A100-SXM4-40GB,-2.5917,51.4535,64,machine,0,0,0,0,N,1.0,0.0
2026-09-27T06:35:54,mobilenet_v3_small_batch9_node_3_distill,d9951f78-fd27-4bd7-9ba7-5da7af2168b7,5b0fa12a-3dd7-45bb-9766-cc326314d9f1,4.436792582273483,9.46735691701494e-06,2.133829053636696e-06,22.71110189625,30.620928444822447,20.0,8.83707728893878e-06,2.3360296466989894e-05,7.650249311700463e-06,3.984762306762914e-05,0.0,United Kingdom,GBR,england,,,Linux-6.4.0-150700.53.73-default-x86_64-with-glibc2.38,3.12.12,3.3.0,8,AMD EPYC 7543P 32-Core Processor,1,1 x NVIDIA A100-SXM4-40GB,-2.5917,51.4535,64,machine,0.0,13.0,5.1,12.789485931396484,N,1.0,0.0
2026-09-27T06:36:00,mobilenet_v3_small_batch9_node_0_evaluate,e2661675-45c5-4b8c-836b-cc94a8eb09b8,5b0fa12a-3dd7-45bb-9766-cc326314d9f1,6.200078845024109,2.1718232165385466e-05,3.502896125718707e-06,22.7659888378125,30.961958957523322,20.0,2.012490306629337e-05,5.3872265326049273e-05,1.7413764628064303e-05,9.141093302040694e-05,0.0,United Kingdom,GBR,england,,,Linux-6.4.0-150700.53.73-default-x86_64-with-glibc2.38,3.12.12,3.3.0,8,AMD EPYC 7543P 32-Core Processor,1,1 x NVIDIA A100-SXM4-40GB,-2.5917,51.4535,64,machine,0.0,3.6666666666666665,5.1,12.735577901204428,N,1.0,0.0
2026-09-27T06:36:06,mobilenet_v3_small_batch9_node_1_evaluate,fc9882e1-6180-4935-bca5-90139af86aac,5b0fa12a-3dd7-45bb-9766-cc326314d9f1,6.414293946232647,2.3060191880269905e-05,3.595125523334336e-06,22.60103626125,378.24338690504845,20.0,2.117734357168103e-05,5.722893467918766e-05,1.865289486013353e-05,9.705917311100222e-05,0.0,United Kingdom,GBR,england,,,Linux-6.4.0-150700.53.73-default-x86_64-with-glibc2.38,3.12.12,3.3.0,8,AMD EPYC 7543P 32-Core Processor,1,1 x NVIDIA A100-SXM4-40GB,-2.5917,51.4535,64,machine,0.0,4.333333333333333,5.066666666666666,12.722366333007812,N,1.0,0.0
2026-09-27T06:36:12,mobilenet_v3_small_batch9_node_2_evaluate,fb8b4440-b05c-461a-a317-3249ac249b9b,5b0fa12a-3dd7-45bb-9766-cc326314d9f1,6.1167924189940095,2.063409268088857e-05,3.3733517941225365e-06,22.5662106403125,29.761266318622205,20.0,1.9304527181289806e-05,5.054531821713226e-05,1.6997999749663802e-05,8.684784514808586e-05,0.0,United Kingdom,GBR,england,,,Linux-6.4.0-150700.53.73-default-x86_64-with-glibc2.38,3.12.12,3.3.0,8,AMD EPYC 7543P 32-Core Processor,1,1 x NVIDIA A100-SXM4-40GB,-2.5917,51.4535,64,machine,0.0,3.0,4.766666666666667,12.0564333597819,N,1.0,0.0
2026-09-27T06:36:19,mobilenet_v3_small_batch9_node_3_evaluate,873000fb-45c8-4116-85dc-f5c3cf7839c9,5b0fa12a-3dd7-45bb-9766-cc326314d9f1,6.31457508681342,2.2486223016723965e-05,3.5610033466355355e-06,22.803615615937503,30.732942612775414,20.0,2.0953027478065803e-05,5.5588377804838274e-05,1.8101962115098205e-05,9.464336739800229e-05,0.0,United Kingdom,GBR,england,,,Linux-6.4.0-150700.53.73-default-x86_64-with-glibc2.38,3.12.12,3.3.0,8,AMD EPYC 7543P 32-Core Processor,1,1 x NVIDIA A100-SXM4-40GB,-2.5917,51.4535,64,machine,0.0,2.6666666666666665,5.0,12.511053721110025,N,1.0,0.0
2026-09-27T06:36:26,efficientnet_lite0_batch9_node_0_local_train,ad0dd8bc-7629-402b-ae11-745c69433fdc,5b0fa12a-3dd7-45bb-9766-cc326314d9f1,5.201424640137702,1.7444606677406104e-05,3.35381321163278e-06,22.941526443750007,40.33732511803301,20.0,1.3788065999971128e-05,4.777670488920194e-05,1.1858690118727585e-05,7.342346100790064e-05,0.0,United Kingdom,GBR,england,,,Linux-6.4.0-150700.53.73-default-x86_64-with-glibc2.38,3.12.12,3.3.0,8,AMD EPYC 7543P 32-Core Processor,1,1 x NVIDIA A100-SXM4-40GB,-2.5917,51.4535,64,machine,0.0,22.0,5.0,12.57552719116211,N,1.0,0.0
2026-09-27T06:36:32,efficientnet_lite0_batch9_node_0_evaluate,47c01709-aee7-4a54-9b1a-9e780c659fc7,5b0fa12a-3dd7-45bb-9766-cc326314d9f1,6.4473011791706085,2.4650684807667756e-05,3.8234113968969045e-06,22.6520018409375,33.71229748596467,20.0,2.1523889939855086e-05,6.339643960018293e-05,1.8833147294612394e-05,0.00010375347683465041,0.0,United Kingdom,GBR,england,,,Linux-6.4.0-150700.53.73-default-x86_64-with-glibc2.38,3.12.12,3.3.0,8,AMD EPYC 7543P 32-Core Processor,1,1 x NVIDIA A100-SXM4-40GB,-2.5917,51.4535,64,machine,0.0,8.333333333333334,5.0,12.55667241414388,N,1.0,0.0
2026-09-27T06:36:39,efficientnet_lite0_batch9_node_1_local_train,d140c593-79a6-4f80-95bf-89938aa92303,5b0fa12a-3dd7-45bb-9766-cc326314d9f1,6.909272827673703,3.125733394592847e-05,4.523968690414641e-06,23.0377611515625,39.82958403616801,20.0,2.4943435945497835e-05,8.520923482535636e-05,2.1407855793626774e-05,0.00013156052656448098,0.0,United Kingdom,GBR,england,,,Linux-6.4.0-150700.53.73-default-x86_64-with-glibc2.38,3.12.12,3.3.0,8,AMD EPYC 7543P 32-Core Processor,1,1 x NVIDIA A100-SXM4-40GB,-2.5917,51.4535,64,machine,0.0,25.666666666666668,5.0,12.61691919962565,N,1.0,0.0
2026-09-27T06:36:46,efficientnet_lite0_batch9_node_1_evaluate,369e5218-959d-4553-aa9b-971f8c6f2756,5b0fa12a-3dd7-45bb-9766-cc326314d9f1,6.690044651273638,2.5969643948661533e-05,3.881834173366464e-06,22.7074446703125,32.82057549877705,20.0,2.3149444042183148e-05,6.602449727211024e-05,2.013096736692306e-05,0.00010930490868121645,0.0,United Kingdom,GBR,england,,,Linux-6.4.0-150700.53.73-default-x86_64-with-glibc2.38,3.12.12,3.3.0,8,AMD EPYC 7543P 32-Core Processor,1,1 x NVIDIA A100-SXM4-40GB,-2.5917,51.4535,64,machine,0.0,8.666666666666666,5.0,12.589786529541016,N,1.0,0.0
2026-09-27T06:36:49,efficientnet_lite0_batch9_node_2_local_train,0c96d71d-2c9e-4b33-8c6b-dd2baae5e284,5b0fa12a-3dd7-45bb-9766-cc326314d9f1,3.277939614839852,1.5849392548741509e-06,4.835169164492328e-07,23.26600414125,33.525393496350816,20.0,1.5097732802864005e-06,3.964169849268728e-06,1.1969854693031974e-06,6.670928598858326e-06,0.0,United Kingdom,GBR,england,,,Linux-6.4.0-150700.53.73-default-x86_64-with-glibc2.38,3.12.12,3.3.0,8,AMD EPYC 7543P 32-Core Processor,1,1 x NVIDIA A100-SXM4-40GB,-2.5917,51.4535,64,machine,0,0,0,0,N,1.0,0.0
2026-09-27T06:36:56,efficientnet_lite0_batch9_node_2_evaluate,c5de69c8-0e0a-45d1-861d-cd1cc7edec76,5b0fa12a-3dd7-45bb-9766-cc326314d9f1,6.298805696889758,2.377379683492884e-05,3.774334052988479e-06,22.617388667812502,34.192852943284386,20.0,2.0516496394194465e-05,6.152949366367011e-05,1.8016709961617987e-05,0.00010006270001948256,0.0,United Kingdom,GBR,england,,,Linux-6.4.0-150700.53.73-default-x86_64-with-glibc2.38,3.12.12,3.3.0,8,AMD EPYC 7543P 32-Core Processor,1,1 x NVIDIA A100-SXM4-40GB,-2.5917,51.4535,64,machine,0.0,5.666666666666667,5.0,12.582043965657553,N,1.0,0.0
2026-09-27T06:37:00,efficientnet_lite0_batch9_node_3_local_train,9e3e47b3-f393-43e4-8013-6863f3901a4d,5b0fa12a-3dd7-45bb-9766-cc326314d9f1,4.328320775646716,1.017865288551985e-05,2.3516401424751162e-06,22.811979245625,39.18334830665786,20.0,8.179108291544564e-06,2.7600022079354858e-05,7.062301200090183e-06,4.28414315709896e-05,0.0,United Kingdom,GBR,england,,,Linux-6.4.0-150700.53.73-default-x86_64-with-glibc2.38,3.12.12,3.3.0,8,AMD EPYC 7543P 32-Core Processor,1,1 x NVIDIA A100-SXM4-40GB,-2.5917,51.4535,64,machine,0.0,18.0,5.0,12.657772064208984,N,1.0,0.0
2026-09-27T06:37:06,efficientnet_lite0_batch9_node_3_evaluate,16aeff06-85c2-417b-832c-eee9f1ab0fba,5b0fa12a-3dd7-45bb-9766-cc326314d9f1,6.353620572946966,2.3976775654821465e-05,3.773718524664819e-06,22.760063586562502,33.61192158587016,20.0,2.1138106438358507e-05,6.147504919340463e-05,1.830387190243022e-05,0.00010091702753419336,0.0,United Kingdom,GBR,england,,,Linux-6.4.0-150700.53.73-default-x86_64-with-glibc2.38,3.12.12,3.3.0,8,AMD EPYC 7543P 32-Core Processor,1,1 x NVIDIA A100-SXM4-40GB,-2.5917,51.4535,64,machine,0.0,11.333333333333334,5.0,12.607624053955078,N,1.0,0.0
2026-09-27T06:37:10,efficientnet_lite0_batch9_node_0_knowledge_extraction,2da8e5f3-dd7d-42ec-a156-d830080b91f0,5b0fa12a-3dd7-45bb-9766-cc326314d9f1,3.9621262717992067,6.563463534633633e-06,1.6565508225595132e-06,22.954830389999998,33.26571061305805,20.0,5.948598593544549e-06,1.6655291091183244e-05,5.021394038986828e-06,2.762528372371462e-05,0.0,United Kingdom,GBR,england,,,Linux-6.4.0-150700.53.73-default-x86_64-with-glibc2.38,3.12.12,3.3.0,8,AMD EPYC 7543P 32-Core Processor,1,1 x NVIDIA A100-SXM4-40GB,-2.5917,51.4535,64,machine,0,0,0,0,N,1.0,0.0
2026-09-27T06:37:14,efficientnet_lite0_batch9_node_3_knowledge_extraction,2dd7b1e9-dff7-459b-9f32-18ca50f798aa,5b0fa12a-3dd7-45bb-9766-cc326314d9f1,3.6633134740404785,4.38498631204899e-06,1.197000022827022e-06,23.731816713750003,32.14745387052637,20.0,4.251069928736945e-06,1.0823897540035432e-05,3.3812165803586443e-06,1.845618404913102e-05,0.0,United Kingdom,GBR,england,,,Linux-6.4.0-150700.53.73-default-x86_64-with-glibc2.38,3.12.12,3.3.0,8,AMD EPYC 7543P 32-Core Processor,1,1 x NVIDIA A100-SXM4-40GB,-2.5917,51.4535,64,machine,0,0,0,0,N,1.0,0.0
2026-09-27T06:37:22,mobilevit_xxs_batch9_node_0_local_train,15289179-740e-4636-ae54-927205e0400f,5b0fa12a-3dd7-45bb-9766-cc326314d9f1,6.248295720200986,2.4874582546595536e-05,3.981018770634532e-06,22.680488224687505,37.68006839605349,20.0,2.0257550876189374e-05,6.671755336640217e-05,1.772074677153594e-05,0.0001046958510141275,0.0,United Kingdom,GBR,england,,,Linux-6.4.0-150700.53.73-default-x86_64-with-glibc2.38,3.12.12,3.3.0,8,AMD EPYC 7543P 32-Core Processor,1,1 x NVIDIA A100-SXM4-40GB,-2.5917,51.4535,64,machine,8.333333333333334,29.666666666666668,5.033333333333333,12.676404317220053,N,1.0,0.0
2026-09-27T06:37:29,mobilevit_xxs_batch9_node_0_evaluate,fdf586b6-a099-4b9a-8ae6-ff0bc3954863,5b0fa12a-3dd7-45bb-9766-cc326314d9f1,6.436906619928777,2.413296635179607e-05,3.74915588756251e-06,22.6202352609375,32.767740588250916,20.0,2.1355076002034976e-05,6.145143805724729e-05,1.876791216329568e-05,0.00010157442622257794,0.0,United Kingdom,GBR,england,,,Linux-6.4.0-150700.53.73-default-x86_64-with-glibc2.38,3.12.12,3.3.0,8,AMD EPYC 7543P 32-Core Processor,1,1 x NVIDIA A100-SXM4-40GB,-2.5917,51.4535,64,machine,0.0,11.666666666666666,5.0,12.68499501546224,N,1.0,0.0
2026-09-27T06:37:38,mobilevit_xxs_batch9_node_1_local_train,81636b5d-22c9-48de-bec7-e95015de6e92,5b0fa12a-3dd7-45bb-9766-cc326314d9f1,8.64484294410795,4.330866482088669e-05,5.009768841480747e-06,22.710782233125002,37.319047089348246,20.0,3.56068008795827e-05,0.00011566842587740211,3.100873765587392e-05,0.00018228396441285873,0.0,United Kingdom,GBR,england,,,Linux-6.4.0-150700.53.73-default-x86_64-with-glibc2.38,3.12.12,3.3.0,8,AMD EPYC 7543P 32-Core Processor,1,1 x NVIDIA A100-SXM4-40GB,-2.5917,51.4535,64,machine,0.0,23.0,5.08,12.720082855224609,N,1.0,0.0
2026-09-27T06:37:44,mobilevit_xxs_batch9_node_1_evaluate,9b013e42-eec0-4004-a163-391c242e5d53,5b0fa12a-3dd7-45bb-9766-cc326314d9f1,6.656745892949402,2.5617438253018032e-05,3.848342518249216e-06,22.758391012500006,380.23856221495436,20.0,2.3039270389155196e-05,6.481699628579918e-05,1.996622617201259e-05,0.00010782249284696696,0.0,United Kingdom,GBR,england,,,Linux-6.4.0-150700.53.73-default-x86_64-with-glibc2.38,3.12.12,3.3.0,8,AMD EPYC 7543P 32-Core Processor,1,1 x NVIDIA A100-SXM4-40GB,-2.5917,51.4535,64,machine,8.333333333333334,11.666666666666666,5.1,12.739543914794922,N,1.0,0.0
2026-09-27T06:37:48,mobilevit_xxs_batch9_node_2_local_train,acec4079-47ac-48a9-bb5c-31f67bfaaa9b,5b0fa12a-3dd7-45bb-9766-cc326314d9f1,3.3745402391068637,2.288141876263414e-06,6.780603324110944e-07,22.85608723875,32.7804537720311,20.0,2.112695633933452e-06,5.74972682443331e-06,1.7682501580566166e-06,9.630672616423378e-06,0.0,United Kingdom,GBR,england,,,Linux-6.4.0-150700.53.73-default-x86_64-with-glibc2.38,3.12.12,3.3.0,8,AMD EPYC 7543P 32-Core Processor,1,1 x NVIDIA A100-SXM4-40GB,-2.5917,51.4535,64,machine,0,0,0,0,N,1.0,0.0
2026-09-27T06:37:54,mobilevit_xxs_batch9_node_2_evaluate,172b9372-13e9-49d3-8d7b-d4d78e42df57,5b0fa12a-3dd7-45bb-9766-cc326314d9f1,6.281003187876195,2.285308612199069e-05,3.638445235325225e-06,22.6899394565625,32.31261852138439,20.0,2.0469980847202968e-05,5.780337957617121e-05,1.791411509944333e-05,9.618747552281751e-05,0.0,United Kingdom,GBR,england,,,Linux-6.4.0-150700.53.73-default-x86_64-with-glibc2.38,3.12.12,3.3.0,8,AMD EPYC 7543P 32-Core Processor,1,1 x NVIDIA A100-SXM4-40GB,-2.5917,51.4535,64,machine,0.0,5.333333333333333,5.066666666666666,12.715819040934244,N,1.0,0.0
2026-09-27T06:37:59,mobilevit_xxs_batch9_node_3_local_train,1fea0c31-1e35-4833-a4fa-5b5025c3ce1d,5b0fa12a-3dd7-45bb-9766-cc326314d9f1,4.87004963401705,1.3820090662073982e-05,2.8377720353282126e-06,22.583131970625004,36.64701195242006,20.0,1.142780510755845e-05,3.6707251581447053e-05,1.0033001015997596e-05,5.8168057705003105e-05,0.0,United Kingdom,GBR,england,,,Linux-6.4.0-150700.53.73-default-x86_64-with-glibc2.38,3.12.12,3.3.0,8,AMD EPYC 7543P 32-Core Processor,1,1 x NVIDIA A100-SXM4-40GB,-2.5917,51.4535,64,machine,0.0,29.0,5.1,12.759418487548828,N,1.0,0.0
2026-09-27T06:38:05,mobilevit_xxs_batch9_node_3_evaluate,991590fb-e61f-4c10-835a-4fa946287680,5b0fa12a-3dd7-45bb-9766-cc326314d9f1,6.2906511328183115,2.325156650213237e-05,3.6962098217192502e-06,22.593454230937503,33.1185355593339,20.0,2.042390458820551e-05,5.946976978066232e-05,1.7970984778366982e-05,9.786465914723481e-05,0.0,United Kingdom,GBR,england,,,Linux-6.4.0-150700.53.73-default-x86_64-with-glibc2.38,3.12.12,3.3.0,8,AMD EPYC 7543P 32-Core Processor,1,1 x NVIDIA A100-SXM4-40GB,-2.5917,51.4535,64,machine,20.0,6.0,5.1,12.723593393961588,N,1.0,0.0
2026-09-27T06:38:09,mobilevit_xxs_batch9_node_0_knowledge_extraction,379c3a38-5e92-4e95-9efd-3ba8d3217d47,5b0fa12a-3dd7-45bb-9766-cc326314d9f1,3.9577239588834345,6.39830131598899e-06,1.6166618446512622e-06,22.64631850125,32.277884402117564,20.0,5.771342153737237e-06,1.614306846420277e-05,5.015713739622798e-06,2.6930124357562806e-05,0.0,United Kingdom,GBR,england,,,Linux-6.4.0-150700.53.73-default-x86_64-with-glibc2.38,3.12.12,3.3.0,8,AMD EPYC 7543P 32-Core Processor,1,1 x NVIDIA A100-SXM4-40GB,-2.5917,51.4535,64,machine,0,0,0,0,N,1.0,0.0
2026-09-27T06:38:13,mobilevit_xxs_batch9_node_3_knowledge_extraction,23759e83-92de-42ef-a397-6b5e2d35022d,5b0fa12a-3dd7-45bb-9766-cc326314d9f1,3.689404119271785,4.730364502929197e-06,1.2821486478588517e-06,22.727693025,35.345749088908356,20.0,4.08740337110985e-06,1.2321954301341975e-05,3.500505591121813e-06,1.9909863263573637e-05,0.0,United Kingdom,GBR,england,,,Linux-6.4.0-150700.53.73-default-x86_64-with-glibc2.38,3.12.12,3.3.0,8,AMD EPYC 7543P 32-Core Processor,1,1 x NVIDIA A100-SXM4-40GB,-2.5917,51.4535,64,machine,0,0,0,0,N,1.0,0.0
2026-09-27T06:38:19,mobilevit_xxs_batch9_node_0_distill,6e58113f-2a7c-4edc-b755-8be14a3b46b7,5b0fa12a-3dd7-45bb-9766-cc326314d9f1,5.6192924049682915,1.9500447369949652e-05,3.470267422408621e-06,22.542419295000002,36.347527854170416,20.0,1.6143877340553408e-05,5.16955968947741e-05,1.423691553839793e-05,8.207638977372544e-05,0.0,United Kingdom,GBR,england,,,Linux-6.4.0-150700.53.73-default-x86_64-with-glibc2.38,3.12.12,3.3.0,8,AMD EPYC 7543P 32-Core Processor,1,1 x NVIDIA A100-SXM4-40GB,-2.5917,51.4535,64,machine,0.0,27.0,4.75,11.998998641967773,N,1.0,0.0
2026-09-27T06:38:25,mobilevit_xxs_batch9_node_0_evaluate,459c786a-1197-40ef-9200-117caaf05a68,5b0fa12a-3dd7-45bb-9766-cc326314d9f1,6.53662240318954,2.4843302098926837e-05,3.8006328905895753e-06,22.775808543750003,32.55077794496821,20.0,2.232011302701113e-05,6.290477254822235e-05,1.9339307627847626e-05,0.00010456419320308111,0.0,United Kingdom,GBR,england,,,Linux-6.4.0-150700.53.73-default-x86_64-with-glibc2.38,3.12.12,3.3.0,8,AMD EPYC 7543P 32-Core Processor,1,1 x NVIDIA A100-SXM4-40GB,-2.5917,51.4535,64,machine,0.0,12.333333333333334,5.0,12.56756337483724,N,1.0,0.0
2026-09-27T06:38:41,mobilenet_v3_small_batch10_node_0_local_train,bb1827e6-a309-4bbe-af3b-97a45e9224ce,5b0fa12a-3dd7-45bb-9766-cc326314d9f1,6.570404676254839,2.4608300407698817e-05,3.745324925971784e-06,23.2934069221875,31.997076315897836,20.0,2.251915137069996e-05,6.152921588409299e-05,1.9526715799131328e-05,0.00010357508305392429,0.0,United Kingdom,GBR,england,,,Linux-6.4.0-150700.53.73-default-x86_64-with-glibc2.38,3.12.12,3.3.0,8,AMD EPYC 7543P 32-Core Processor,1,1 x NVIDIA A100-SXM4-40GB,-2.5917,51.4535,64,machine,0.0,8.0,4.8,12.11282730102539,N,1.0,0.0
2026-09-27T06:38:49,mobilenet_v3_small_batch10_node_0_evaluate,ef91b716-104f-4f07-84fe-0f82a991cbd9,5b0fa12a-3dd7-45bb-9766-cc326314d9f1,8.735763653181493,3.828822003072241e-05,4.382927646717886e-06,22.688626978125,29.646293960316914,20.0,3.60688207151816e-05,9.352368593340543e-05,3.156066134623769e-05,0.00016115316799482474,0.0,United Kingdom,GBR,england,,,Linux-6.4.0-150700.53.73-default-x86_64-with-glibc2.38,3.12.12,3.3.0,8,AMD EPYC 7543P 32-Core Processor,1,1 x NVIDIA A100-SXM4-40GB,-2.5917,51.4535,64,machine,0.0,1.8,4.8,12.163304138183594,N,1.0,0.0
2026-09-27T06:38:58,mobilenet_v3_small_batch10_node_1_local_train,94edca53-b40f-49a0-93da-72c8bbb14bfa,5b0fa12a-3dd7-45bb-9766-cc326314d9f1,8.956051066052169,4.1858390235202955e-05,4.6737551993050604e-06,22.98263178375,32.02471352065064,20.0,3.847359966076018e-05,0.0001049273061681788,3.2778926718876595e-05,0.00017617983254781557,0.0,United Kingdom,GBR,england,,,Linux-6.4.0-150700.53.73-default-x86_64-with-glibc2.38,3.12.12,3.3.0,8,AMD EPYC 7543P 32-Core Processor,1,1 x NVIDIA A100-SXM4-40GB,-2.5917,51.4535,64,machine,0.0,9.2,4.9,12.330915832519532,N,1.0,0.0
2026-09-27T06:39:06,mobilenet_v3_small_batch10_node_1_evaluate,05d4dedc-6f2a-4956-9f92-a00a14b9faea,5b0fa12a-3dd7-45bb-9766-cc326314d9f1,7.156021432951093,2.764588918587652e-05,3.863304413619615e-06,22.81292973,29.53365436075615,20.0,2.6393493335485415e-05,6.719894265927451e-05,2.2767703514546156e-05,0.00011636013950930608,0.0,United Kingdom,GBR,england,,,Linux-6.4.0-150700.53.73-default-x86_64-with-glibc2.38,3.12.12,3.3.0,8,AMD EPYC 7543P 32-Core Processor,1,1 x NVIDIA A100-SXM4-40GB,-2.5917,51.4535,64,machine,0.0,3.5,4.9,12.30786418914795,N,1.0,0.0
2026-09-27T06:39:09,mobilenet_v3_small_batch10_node_2_local_train,4d65043e-b067-472a-a65c-a3b8eb1c207e,5b0fa12a-3dd7-45bb-9766-cc326314d9f1,3.4160442110151052,2.6774448029837556e-06,7.837851730227259e-07,22.59324811125,34.829101217805906,20.0,2.336760692813986e-06,6.9288944359868765e-06,2.003573678019974e-06,1.1269228806820836e-05,0.0,United Kingdom,GBR,england,,,Linux-6.4.0-150700.53.73-default-x86_64-with-glibc2.38,3.12.12,3.3.0,8,AMD EPYC 7543P 32-Core Processor,1,1 x NVIDIA A100-SXM4-40GB,-2.5917,51.4535,64,machine,0,0,0,0,N,1.0,0.0
2026-09-27T06:39:16,mobilenet_v3_small_batch10_node_2_evaluate,f7601915-6197-4161-878b-97d6e2bcbfbd,5b0fa12a-3dd7-45bb-9766-cc326314d9f1,6.571138676721603,2.3929871862486088e-05,3.6416628897603643e-06,22.629308551875,30.278722552810137,20.0,2.2229659441387977e-05,5.899254718144675e-05,1.9497405238346094e-05,0.00010071961186118082,0.0,United Kingdom,GBR,england,,,Linux-6.4.0-150700.53.73-default-x86_64-with-glibc2.38,3.12.12,3.3.0,8,AMD EPYC 7543P 32-Core Processor,1,1 x NVIDIA A100-SXM4-40GB,-2.5917,51.4535,64,machine,0.0,3.0,4.9,12.336495717366537,N,1.0,0.0
2026-09-27T06:39:21,mobilenet_v3_small_batch10_node_3_local_train,f2ef3d40-0a9b-4d7f-9016-f6374927731e,5b0fa12a-3dd7-45bb-9766-cc326314d9f1,4.794403687119484,1.2067490693529854e-05,2.516995122031557e-06,22.821945435000003,30.989223949738168,20.0,1.1248778873037848e-05,2.9884746126640493e-05,9.657928702007565e-06,5.079145370168591e-05,0.0,United Kingdom,GBR,england,,,Linux-6.4.0-150700.53.73-default-x86_64-with-glibc2.38,3.12.12,3.3.0,8,AMD EPYC 7543P 32-Core Processor,1,1 x NVIDIA A100-SXM4-40GB,-2.5917,51.4535,64,machine,0.0,3.0,4.9,12.403915405273438,N,1.0,0.0
2026-09-27T06:39:27,mobilenet_v3_small_batch10_node_3_evaluate,98ea2aa7-1a89-4b24-b0fc-712036e38259,5b0fa12a-3dd7-45bb-9766-cc326314d9f1,6.552675816696137,2.386159391436424e-05,3.641503804226846e-06,22.632858959062503,30.335190132195656,20.0,2.2090764724777565e-05,5.8908102673171925e-05,1.9433366057152548e-05,0.00010043223345510204,0.0,United Kingdom,GBR,england,,,Linux-6.4.0-150700.53.73-default-x86_64-with-glibc2.38,3.12.12,3.3.0,8,AMD EPYC 7543P 32-Core Processor,1,1 x NVIDIA A100-SXM4-40GB,-2.5917,51.4535,64,machine,24.433333333333334,3.0,4.9,12.35098393758138,N,1.0,0.0
2026-09-27T06:39:31,mobilenet_v3_small_batch10_node_0_knowledge_extraction,e68d0771-eaab-4d37-8e78-ddcca4aba5f3,5b0fa12a-3dd7-45bb-9766-cc326314d9f1,4.11771739507094,7.043521882406581e-06,1.7105403811436735e-06,22.82835304125,28.592704756745167,20.0,6.8804127130651555e-06,1.685584683741581e-05,5.9095653084417184e-06,2.9645824858922683e-05,0.0,United Kingdom,GBR,england,,,Linux-6.4.0-150700.53.73-default-x86_64-with-glibc2.38,3.12.12,3.3.0,8,AMD EPYC 7543P 32-Core Processor,1,1 x NVIDIA A100-SXM4-40GB,-2.5917,51.4535,64,machine,0.0,3.0,4.9,12.407428741455078,N,1.0,0.0
2026-09-27T06:39:35,mobilenet_v3_small_batch10_node_2_knowledge_extraction,9abd833a-1245-43f5-abe7-ef717f7160ee,5b0fa12a-3dd7-45bb-9766-cc326314d9f1,3.262983425054699,1.4109485225413874e-06,4.3241056994266984e-07,23.18370075,29.189235645421864,20.0,1.4482984578456885e-06,3.3338915557123983e-06,1.1564204546933375e-06,5.9386104682514236e-06,0.0,United Kingdom,GBR,england,,,Linux-6.4.0-150700.53.73-default-x86_64-with-glibc2.38,3.12.12,3.3.0,8,AMD EPYC 7543P 32-Core Processor,1,1 x NVIDIA A100-SXM4-40GB,-2.5917,51.4535,64,machine,0,0,0,0,N,1.0,0.0
2026-09-27T06:39:38,mobilenet_v3_small_batch10_node_3_knowledge_extraction,05c4bb8f-99d6-48f2-9651-6d21c0647dc7,5b0fa12a-3dd7-45bb-9766-cc326314d9f1,3.5615218938328326,3.4465908525813255e-06,9.677297951051422e-07,22.6335910725,30.045830286536013,20.0,3.272670980331208e-06,8.417784513881088e-06,2.8160698608391813e-06,1.4506525355051477e-05,0.0,United Kingdom,GBR,england,,,Linux-6.4.0-150700.53.73-default-x86_64-with-glibc2.38,3.12.12,3.3.0,8,AMD EPYC 7543P 32-Core Processor,1,1 x NVIDIA A100-SXM4-40GB,-2.5917,51.4535,64,machine,0,0,0,0,N,1.0,0.0
2026-09-27T06:39:44,mobilenet_v3_small_batch10_node_0_distill,4a7b0204-65f4-4112-85be-951a352f017d,5b0fa12a-3dd7-45bb-9766-cc326314d9f1,5.210099146235734,1.545376482446013e-05,2.9661172255474996e-06,22.60999762875,33.03201896317768,20.0,1.3611373593755376e-05,3.946669822596505e-05,1.1966037227668697e-05,6.504410904738912e-05,0.0,United Kingdom,GBR,england,,,Linux-6.4.0-150700.53.73-default-x86_64-with-glibc2.38,3.12.12,3.3.0,8,AMD EPYC 7543P 32-Core Processor,1,1 x NVIDIA A100-SXM4-40GB,-2.5917,51.4535,64,machine,0.0,7.0,5.0,12.668909072875977,N,1.0,0.0
2026-09-27T06:39:50,mobilenet_v3_small_batch10_node_1_distill,07e58123-e5df-42b8-a343-de68bcae04d5,5b0fa12a-3dd7-45bb-9766-cc326314d9f1,6.610017444007099,2.505811042624582e-05,3.790929545725252e-06,22.7868921534375,31.885849678419447,20.0,2.28397462877012e-05,6.289060587505446e-05,1.973795834928751e-05,0.00010546831051204316,0.0,United Kingdom,GBR,england,,,Linux-6.4.0-150700.53.73-default-x86_64-with-glibc2.38,3.12.12,3.3.0,8,AMD EPYC 7543P 32-Core Processor,1,1 x NVIDIA A100-SXM4-40GB,-2.5917,51.4535,64,machine,0.0,11.666666666666666,5.066666666666666,12.71868896484375,N,1.0,0.0
2026-09-27T06:39:54,mobilenet_v3_small_batch10_node_2_distill,47b7743b-2a38-479c-bbcf-abe412b16a4f,5b0fa12a-3dd7-45bb-9766-cc326314d9f1,3.5624727713875473,3.5566882834039595e-06,9.98376271664433e-07,22.902407189999998,32.3291955133109,20.0,3.2852577849080887e-06,8.913340465710462e-06,2.7713215832288066e-06,1.4969919833847357e-05,0.0,United Kingdom,GBR,england,,,Linux-6.4.0-150700.53.73-default-x86_64-with-glibc2.38,3.12.12,3.3.0,8,AMD EPYC 7543P 32-Core Processor,1,1 x NVIDIA A100-SXM4-40GB,-2.5917,51.4535,64,machine,0,0,0,0,N,1.0,0.0
2026-09-27T06:39:58,mobilenet_v3_small_batch10_node_3_distill,e656b668-c0c4-479d-8603-ec826920c1a2,5b0fa12a-3dd7-45bb-9766-cc326314d9f1,4.279399225953966,8.616169960316944e-06,2.013406439871527e-06,22.577886410625002,32.218389234698144,20.0,7.734540833834954e-06,2.176168408141166e-05,6.768795604714089e-06,3.62650205199607e-05,0.0,United Kingdom,GBR,england,,,Linux-6.4.0-150700.53.73-default-x86_64-with-glibc2.38,3.12.12,3.3.0,8,AMD EPYC 7543P 32-Core Processor,1,1 x NVIDIA A100-SXM4-40GB,-2.5917,51.4535,64,machine,0.0,11.0,5.1,12.708351135253906,N,1.0,0.0
2026-09-27T06:40:05,mobilenet_v3_small_batch10_node_0_evaluate,1cd570bd-b90f-445c-9e7a-3ba207733bc6,5b0fa12a-3dd7-45bb-9766-cc326314d9f1,6.627948995679617,2.4529073413643117e-05,3.7008542808087726e-06,22.8254985759375,30.495412876616676,20.0,2.292569589494232e-05,6.0471992824773224e-05,1.9843931951456602e-05,0.00010324162067117214,0.0,United Kingdom,GBR,england,,,Linux-6.4.0-150700.53.73-default-x86_64-with-glibc2.38,3.12.12,3.3.0,8,AMD EPYC 7543P 32-Core Processor,1,1 x NVIDIA A100-SXM4-40GB,-2.5917,51.4535,64,machine,8.333333333333334,3.0,5.066666666666666,12.723805745442709,N,1.0,0.0
2026-09-27T06:40:12,mobilenet_v3_small_batch10_node_1_evaluate,b1d35ccf-9d95-4a96-abae-6ed1715fbad2,5b0fa12a-3dd7-45bb-9766-cc326314d9f1,6.696946775075048,2.462276048224313e-05,3.676714375853345e-06,22.565918458125005,29.97601679393518,20.0,2.292386315486551e-05,6.0509770619887604e-05,2.0202310996440552e-05,0.00010363594477119366,0.0,United Kingdom,GBR,england,,,Linux-6.4.0-150700.53.73-default-x86_64-with-glibc2.38,3.12.12,3.3.0,8,AMD EPYC 7543P 32-Core Processor,1,1 x NVIDIA A100-SXM4-40GB,-2.5917,51.4535,64,machine,11.1,2.6666666666666665,5.033333333333333,12.712613423665365,N,1.0,0.0
2026-09-27T06:40:18,mobilenet_v3_small_batch10_node_2_evaluate,9c2f00d2-ccdd-4512-878e-394a2656b625,5b0fa12a-3dd7-45bb-9766-cc326314d9f1,6.436318116262555,2.27008788363087e-05,3.5269976446550565e-06,22.612189227187503,29.567454849314267,20.0,2.131074452119363e-05,5.5456711038459616e-05,1.877938725002524e-05,9.554684280967849e-05,0.0,United Kingdom,GBR,england,,,Linux-6.4.0-150700.53.73-default-x86_64-with-glibc2.38,3.12.12,3.3.0,8,AMD EPYC 7543P 32-Core Processor,1,1 x NVIDIA A100-SXM4-40GB,-2.5917,51.4535,64,machine,0.0,3.6666666666666665,5.0,12.633959452311197,N,1.0,0.0
2026-09-27T06:40:25,mobilenet_v3_small_batch10_node_3_evaluate,9baf6659-1a38-43e1-bad2-be4a7a15a5e8,5b0fa12a-3dd7-45bb-9766-cc326314d9f1,6.589865810703486,2.4315895273024996e-05,3.6898923242913816e-06,22.552595704687505,30.905658339979034,20.0,2.222999049555301e-05,6.05183817441457e-05,1.9595992495305834e-05,0.00010234436473500455,0.0,United Kingdom,GBR,england,,,Linux-6.4.0-150700.53.73-default-x86_64-with-glibc2.38,3.12.12,3.3.0,8,AMD EPYC 7543P 32-Core Processor,1,1 x NVIDIA A100-SXM4-40GB,-2.5917,51.4535,64,machine,11.1,2.6666666666666665,4.7,11.773048400878906,N,1.0,0.0
2026-09-27T06:40:32,efficientnet_lite0_batch10_node_0_local_train,093277b5-4ecb-4ead-9ea3-9dca3be82fc3,5b0fa12a-3dd7-45bb-9766-cc326314d9f1,4.976019809022546,1.563576122671601e-05,3.1422224643007174e-06,22.76828647875,40.56829231027918,20.0,1.2259956477428189e-05,4.294892325162891e-05,1.0601242905896573e-05,6.581012263495367e-05,0.0,United Kingdom,GBR,england,,,Linux-6.4.0-150700.53.73-default-x86_64-with-glibc2.38,3.12.12,3.3.0,8,AMD EPYC 7543P 32-Core Processor,1,1 x NVIDIA A100-SXM4-40GB,-2.5917,51.4535,64,machine,0.0,18.0,5.0,12.52968978881836,N,1.0,0.0
2026-09-27T06:40:39,efficientnet_lite0_batch10_node_0_evaluate,b2267b3c-64e1-442f-8e3f-ff47d8d96e58,5b0fa12a-3dd7-45bb-9766-cc326314d9f1,6.888450494967401,2.7637543185827765e-05,4.01215675513954e-06,22.862656186875,33.05342072322779,20.0,2.4701938938342227e-05,7.033088959929046e-05,2.1292183082550763e-05,0.00011632501162018345,0.0,United Kingdom,GBR,england,,,Linux-6.4.0-150700.53.73-default-x86_64-with-glibc2.38,3.12.12,3.3.0,8,AMD EPYC 7543P 32-Core Processor,1,1 x NVIDIA A100-SXM4-40GB,-2.5917,51.4535,64,machine,0.0,9.666666666666666,5.0,12.52884292602539,N,1.0,0.0
2026-09-27T06:40:45,efficientnet_lite0_batch10_node_1_local_train,060a56e2-0b0f-4dff-a759-e33d341bc7bf,5b0fa12a-3dd7-45bb-9766-cc326314d9f1,6.803835284896195,3.1408725127721e-05,4.616326500061678e-06,23.0555520928125,41.89662929424103,20.0,2.433047601553016e-05,8.707062521295938e-05,2.0796623109425933e-05,0.0001321977243379155,0.0,United Kingdom,GBR,england,,,Linux-6.4.0-150700.53.73-default-x86_64-with-glibc2.38,3.12.12,3.3.0,8,AMD EPYC 7543P 32-Core Processor,1,1 x NVIDIA A100-SXM4-40GB,-2.5917,51.4535,64,machine,22.233333333333334,21.666666666666668,5.0,12.556058247884115,N,1.0,0.0
2026-09-27T06:40:52,efficientnet_lite0_batch10_node_1_evaluate,9b73eb1b-55a1-48c8-a0a9-6688bd875cd0,5b0fa12a-3dd7-45bb-9766-cc326314d9f1,6.9796051499433815,2.801035569925919e-05,4.01317196281317e-06,22.770595586250003,32.59845735898698,20.0,2.515873780077411e-05,7.095477897678393e-05,2.1780643723387683e-05,0.00011789416050094571,0.0,United Kingdom,GBR,england,,,Linux-6.4.0-150700.53.73-default-x86_64-with-glibc2.38,3.12.12,3.3.0,8,AMD EPYC 7543P 32-Core Processor,1,1 x NVIDIA A100-SXM4-40GB,-2.5917,51.4535,64,machine,0.0,10.0,5.033333333333333,12.629965464274088,N,1.0,0.0
2026-09-27T06:40:56,efficientnet_lite0_batch10_node_2_local_train,18f42099-d33c-4f93-838b-fa57014b9a7b,5b0fa12a-3dd7-45bb-9766-cc326314d9f1,3.2792634461075068,2.0785734816287192e-06,6.338537649654195e-07,22.55406264,50.66457077620961,20.0,1.4482860147055753e-06,6.085004869760269e-06,1.2153190327808261e-06,8.74860991724667e-06,0.0,United Kingdom,GBR,england,,,Linux-6.4.0-150700.53.73-default-x86_64-with-glibc2.38,3.12.12,3.3.0,8,AMD EPYC 7543P 32-Core Processor,1,1 x NVIDIA A100-SXM4-40GB,-2.5917,51.4535,64,machine,0,0,0,0,N,1.0,0.0
2026-09-27T06:41:02,efficientnet_lite0_batch10_node_2_evaluate,e2e7c4a5-7f1d-4f80-98fe-938f3d1c608f,5b0fa12a-3dd7-45bb-9766-cc326314d9f1,6.67187771294266,2.606337614521604e-05,3.906452915744566e-06,22.585870656562502,380.9662782856529,20.0,2.2796039391015955e-05,6.683699790244191e-05,2.006638542904208e-05,0.00010969942272249994,0.0,United Kingdom,GBR,england,,,Linux-6.4.0-150700.53.73-default-x86_64-with-glibc2.38,3.12.12,3.3.0,8,AMD EPYC 7543P 32-Core Processor,1,1 x NVIDIA A100-SXM4-40GB,-2.5917,51.4535,64,machine,0.0,9.666666666666666,4.966666666666667,12.472227732340494,N,1.0,0.0
2026-09-27T06:41:07,efficientnet_lite0_batch10_node_3_local_train,c6dc0d28-4673-4056-9d71-acee376595d6,5b0fa12a-3dd7-45bb-9766-cc326314d9f1,4.152180549222976,8.878578202813369e-06,2.138292903586496e-06,22.701436773750004,39.979954839644,20.0,7.004740700833634e-06,2.4277797194827144e-05,6.086945551861492e-06,3.736948344752227e-05,0.0,United Kingdom,GBR,england,,,Linux-6.4.0-150700.53.73-default-x86_64-with-glibc2.38,3.12.12,3.3.0,8,AMD EPYC 7543P 32-Core Processor,1,1 x NVIDIA A100-SXM4-40GB,-2.5917,51.4535,64,machine,0.0,30.0,5.0,12.494873046875,N,1.0,0.0
2026-09-27T06:41:13,efficientnet_lite0_batch10_node_3_evaluate,f17dc0c1-37e5-4b36-82ec-4acb32721547,5b0fa12a-3dd7-45bb-9766-cc326314d9f1,6.750326824840158,2.661887632091925e-05,3.9433463018362165e-06,22.870669137187505,32.93233455204284,20.0,2.393089727077521e-05,6.757310961802432e-05,2.05334877802266e-05,0.00011203749466902613,0.0,United Kingdom,GBR,england,,,Linux-6.4.0-150700.53.73-default-x86_64-with-glibc2.38,3.12.12,3.3.0,8,AMD EPYC 7543P 32-Core Processor,1,1 x NVIDIA A100-SXM4-40GB,-2.5917,51.4535,64,machine,0.0,8.0,4.9,12.424568176269531,N,1.0,0.0
2026-09-27T06:41:17,efficientnet_lite0_batch10_node_2_knowledge_extraction,a306b044-9669-4365-85fb-8db80941dd0e,5b0fa12a-3dd7-45bb-9766-cc326314d9f1,3.282757834997028,1.5229894944801526e-06,4.639359864574145e-07,23.10412584375,29.173668903530647,20.0,1.5420452797261167e-06,3.6147251165630223e-06,1.2534148163265654e-06,6.410185212615704e-06,0.0,United Kingdom,GBR,england,,,Linux-6.4.0-150700.53.73-default-x86_64-with-glibc2.38,3.12.12,3.3.0,8,AMD EPYC 7543P 32-Core Processor,1,1 x NVIDIA A100-SXM4-40GB,-2.5917,51.4535,64,machine,0,0,0,0,N,1.0,0.0
2026-09-27T06:41:20,efficientnet_lite0_batch10_node_3_knowledge_extraction,f0e8b471-3520-416e-a97d-2709d1a64384,5b0fa12a-3dd7-45bb-9766-cc326314d9f1,3.5574969267472625,3.6583502194387312e-06,1.0283495094354676e-06,22.6450153125,33.934941004702324,20.0,3.236115558468249e-06,9.382507514033023e-06,2.7791866722206275e-06,1.53978097447219e-05,0.0,United Kingdom,GBR,england,,,Linux-6.4.0-150700.53.73-default-x86_64-with-glibc2.38,3.12.12,3.3.0,8,AMD EPYC 7543P 32-Core Processor,1,1 x NVIDIA A100-SXM4-40GB,-2.5917,51.4535,64,machine,0,0,0,0,N,1.0,0.0
2026-09-27T06:41:26,efficientnet_lite0_batch10_node_0_distill,43f50382-84a9-4b7b-9369-10040c641193,5b0fa12a-3dd7-45bb-9766-cc326314d9f1,5.469083959702402,1.9584459255657667e-05,3.580939586951111e-06,22.676586918750004,40.23019552839755,20.0,1.534154235411478e-05,5.371893185213139e-05,1.336951731548955e-05,8.242999152173572e-05,0.0,United Kingdom,GBR,england,,,Linux-6.4.0-150700.53.73-default-x86_64-with-glibc2.38,3.12.12,3.3.0,8,AMD EPYC 7543P 32-Core Processor,1,1 x NVIDIA A100-SXM4-40GB,-2.5917,51.4535,64,machine,0.0,21.5,4.9,12.355962753295898,N,1.0,0.0
2026-09-27T06:41:33,efficientnet_lite0_batch10_node_0_evaluate,9be3fa7b-e3b3-4151-9ff0-9242a81aaff8,5b0fa12a-3dd7-45bb-9766-cc326314d9f1,6.763422296848148,2.662462043620465e-05,3.936560407977498e-06,22.684905686250005,32.96693922128738,20.0,2.362481861079006e-05,6.784338761178788e-05,2.059346513512234e-05,0.00011206167135770028,0.0,United Kingdom,GBR,england,,,Linux-6.4.0-150700.53.73-default-x86_64-with-glibc2.38,3.12.12,3.3.0,8,AMD EPYC 7543P 32-Core Processor,1,1 x NVIDIA A100-SXM4-40GB,-2.5917,51.4535,64,machine,0.0,7.0,4.933333333333334,12.439422607421875,N,1.0,0.0
2026-09-27T06:41:41,mobilevit_xxs_batch10_node_0_local_train,d9d73c47-06e6-4a34-b5ce-85512812d568,5b0fa12a-3dd7-45bb-9766-cc326314d9f1,5.888282617088407,2.181250736065557e-05,3.7043920577713797e-06,22.640453021250003,36.98335750877161,20.0,1.795953090640341e-05,5.8118935385209625e-05,1.572926622401509e-05,9.180773251562813e-05,0.0,United Kingdom,GBR,england,,,Linux-6.4.0-150700.53.73-default-x86_64-with-glibc2.38,3.12.12,3.3.0,8,AMD EPYC 7543P 32-Core Processor,1,1 x NVIDIA A100-SXM4-40GB,-2.5917,51.4535,64,machine,0.0,37.0,4.9,12.360633850097656,N,1.0,0.0
2026-09-27T06:41:47,mobilevit_xxs_batch10_node_0_evaluate,6fe3a209-b2bf-4b84-8f86-007a30e41c00,5b0fa12a-3dd7-45bb-9766-cc326314d9f1,6.7954700463451445,2.6321074892844907e-05,3.873326600416899e-06,22.630487734687502,32.098507802620226,20.0,2.3614771868283097e-05,6.645227539081588e-05,2.07170163669313e-05,0.00011078406362603028,0.0,United Kingdom,GBR,england,,,Linux-6.4.0-150700.53.73-default-x86_64-with-glibc2.38,3.12.12,3.3.0,8,AMD EPYC 7543P 32-Core Processor,1,1 x NVIDIA A100-SXM4-40GB,-2.5917,51.4535,64,machine,0.0,11.333333333333334,4.933333333333334,12.43368148803711,N,1.0,0.0
2026-09-27T06:41:56,mobilevit_xxs_batch10_node_1_local_train,83faf02c-6515-4e8e-8583-716eb1636fb0,5b0fa12a-3dd7-45bb-9766-cc326314d9f1,8.607243389822543,4.2923811546943066e-05,4.986940603735854e-06,22.733359380000003,37.10675598764079,20.0,3.54772316521199e-05,0.000114351480377195,3.083542455505166e-05,0.00018066413658436657,0.0,United Kingdom,GBR,england,,,Linux-6.4.0-150700.53.73-default-x86_64-with-glibc2.38,3.12.12,3.3.0,8,AMD EPYC 7543P 32-Core Processor,1,1 x NVIDIA A100-SXM4-40GB,-2.5917,51.4535,64,machine,13.34,31.2,4.9,12.429659271240235,N,1.0,0.0
2026-09-27T06:42:03,mobilevit_xxs_batch10_node_1_evaluate,a41e25c1-5cc5-4768-a492-8b3113131499,5b0fa12a-3dd7-45bb-9766-cc326314d9f1,6.945637391880155,2.7683767538794477e-05,3.985777831010639e-06,22.6770840478125,32.44564609621081,20.0,2.4773977113537222e-05,7.011977831439253e-05,2.162581213956906e-05,0.00011651956756749882,0.0,United Kingdom,GBR,england,,,Linux-6.4.0-150700.53.73-default-x86_64-with-glibc2.38,3.12.12,3.3.0,8,AMD EPYC 7543P 32-Core Processor,1,1 x NVIDIA A100-SXM4-40GB,-2.5917,51.4535,64,machine,0.0,12.333333333333334,5.0,12.549949645996094,N,1.0,0.0
2026-09-27T06:42:07,mobilevit_xxs_batch10_node_2_local_train,01bf1750-619d-4de3-92eb-0549e8458fe3,5b0fa12a-3dd7-45bb-9766-cc326314d9f1,3.4528167340904474,2.953030393501899e-06,8.552525722972657e-07,23.0489862075,35.62880073131422,20.0,2.615996167335784e-06,7.651395009133921e-06,2.161763344580929e-06,1.2429154521050634e-05,0.0,United Kingdom,GBR,england,,,Linux-6.4.0-150700.53.73-default-x86_64-with-glibc2.38,3.12.12,3.3.0,8,AMD EPYC 7543P 32-Core Processor,1,1 x NVIDIA A100-SXM4-40GB,-2.5917,51.4535,64,machine,0,0,0,0,N,1.0,0.0
2026-09-27T06:42:13,mobilevit_xxs_batch10_node_2_evaluate,ac8a02ea-fa0d-45c6-b291-2eebb41bc7f5,5b0fa12a-3dd7-45bb-9766-cc326314d9f1,6.583239382132888,2.5034406014553115e-05,3.802748853778165e-06,22.64192344125,32.3531360641627,20.0,2.2387037452523763e-05,6.337782849641371e-05,1.9603673901615872e-05,0.00010536853985055334,0.0,United Kingdom,GBR,england,,,Linux-6.4.0-150700.53.73-default-x86_64-with-glibc2.38,3.12.12,3.3.0,8,AMD EPYC 7543P 32-Core Processor,1,1 x NVIDIA A100-SXM4-40GB,-2.5917,51.4535,64,machine,0.0,8.333333333333334,5.0,12.489808400472006,N,1.0,0.0
2026-09-27T06:42:18,mobilevit_xxs_batch10_node_3_local_train,cc0b5d51-78b2-47fb-a2ef-cb7a3db78f6a,5b0fa12a-3dd7-45bb-9766-cc326314d9f1,4.776401907205582,1.3117354760341709e-05,2.746283712129236e-06,22.586360580000004,36.444247591786265,20.0,1.0897440459134912e-05,3.47605833610487e-05,9.552254266519514e-06,5.521027808670313e-05,0.0,United Kingdom,GBR,england,,,Linux-6.4.0-150700.53.73-default-x86_64-with-glibc2.38,3.12.12,3.3.0,8,AMD EPYC 7543P 32-Core Processor,1,1 x NVIDIA A100-SXM4-40GB,-2.5917,51.4535,64,machine,0.0,18.0,5.0,12.500099182128906,N,1.0,0.0
2026-09-27T06:42:25,mobilevit_xxs_batch10_node_3_evaluate,9c83fede-5867-42f2-8cb5-a22092abb350,5b0fa12a-3dd7-45bb-9766-cc326314d9f1,6.7158335810527205,2.5757018274891174e-05,3.8352675009039915e-06,22.699150143750003,32.016826914253926,20.0,2.32702545699802e-05,6.486560742757774e-05,2.027411605231464e-05,0.00010840997804987258,0.0,United Kingdom,GBR,england,,,Linux-6.4.0-150700.53.73-default-x86_64-with-glibc2.38,3.12.12,3.3.0,8,AMD EPYC 7543P 32-Core Processor,1,1 x NVIDIA A100-SXM4-40GB,-2.5917,51.4535,64,machine,0.0,8.333333333333334,5.0,12.504117329915365,N,1.0,0.0
2026-09-27T06:42:29,mobilevit_xxs_batch10_node_0_knowledge_extraction,8691ec86-89f1-4a5a-8084-c9e4c039ccc0,5b0fa12a-3dd7-45bb-9766-cc326314d9f1,3.8810931369662285,5.87227265441113e-06,1.5130460535665903e-06,22.681610201250002,32.65097263395604,20.0,5.2746490574189415e-06,1.4864734112052247e-05,4.576713343461355e-06,2.4716096512932546e-05,0.0,United Kingdom,GBR,england,,,Linux-6.4.0-150700.53.73-default-x86_64-with-glibc2.38,3.12.12,3.3.0,8,AMD EPYC 7543P 32-Core Processor,1,1 x NVIDIA A100-SXM4-40GB,-2.5917,51.4535,64,machine,0,0,0,0,N,1.0,0.0
2026-09-27T06:42:33,mobilevit_xxs_batch10_node_1_knowledge_extraction,a285f5db-c544-4f0c-8b4c-567ab2e8c6db,5b0fa12a-3dd7-45bb-9766-cc326314d9f1,4.6088186437264085,1.1299753166829608e-05,2.4517678043615358e-06,22.631647123125003,33.742510750729295,20.0,9.89629797586459e-06,2.9031134346269027e-05,8.63265323245691e-06,4.7560085554590524e-05,0.0,United Kingdom,GBR,england,,,Linux-6.4.0-150700.53.73-default-x86_64-with-glibc2.38,3.12.12,3.3.0,8,AMD EPYC 7543P 32-Core Processor,1,1 x NVIDIA A100-SXM4-40GB,-2.5917,51.4535,64,machine,0.0,10.0,4.6,11.476982116699219,N,1.0,0.0
2026-09-27T06:42:37,mobilevit_xxs_batch10_node_3_knowledge_extraction,a94153e4-011b-4aef-92db-21ed1e045b41,5b0fa12a-3dd7-45bb-9766-cc326314d9f1,3.5741819012910128,3.5896738038165813e-06,1.0043343911847275e-06,22.671119790000002,31.444298142283625,20.0,3.33064039894653e-06,8.925284916472265e-06,2.8528288938105107e-06,1.5108754209229306e-05,0.0,United Kingdom,GBR,england,,,Linux-6.4.0-150700.53.73-default-x86_64-with-glibc2.38,3.12.12,3.3.0,8,AMD EPYC 7543P 32-Core Processor,1,1 x NVIDIA A100-SXM4-40GB,-2.5917,51.4535,64,machine,0,0,0,0,N,1.0,0.0
2026-09-27T06:42:43,mobilevit_xxs_batch10_node_0_distill,b2d4ac12-b794-4687-9d07-d53278bff4a5,5b0fa12a-3dd7-45bb-9766-cc326314d9f1,5.502106406725943,1.8495618770126576e-05,3.3615523588415093e-06,22.7046467025,36.07980223100332,20.0,1.5575488512261007e-05,4.874670565868655e-05,1.352492320454783e-05,7.784711737549539e-05,0.0,United Kingdom,GBR,england,,,Linux-6.4.0-150700.53.73-default-x86_64-with-glibc2.38,3.12.12,3.3.0,8,AMD EPYC 7543P 32-Core Processor,1,1 x NVIDIA A100-SXM4-40GB,-2.5917,51.4535,64,machine,0.0,25.0,4.9,12.406135559082031,N,1.0,0.0
2026-09-27T06:42:50,mobilevit_xxs_batch10_node_0_evaluate,b5824349-474d-4e59-a57d-34974c73533a,5b0fa12a-3dd7-45bb-9766-cc326314d9f1,7.0289452276192605,2.8389410390938177e-05,4.038928953292444e-06,22.907881701562502,32.53431255786723,20.0,2.566257705682516e-05,7.175700184802736e-05,2.207000348716974e-05,0.00011948958239202227,0.0,United Kingdom,GBR,england,,,Linux-6.4.0-150700.53.73-default-x86_64-with-glibc2.38,3.12.12,3.3.0,8,AMD EPYC 7543P 32-Core Processor,1,1 x NVIDIA A100-SXM4-40GB,-2.5917,51.4535,64,machine,0.0,11.666666666666666,4.9,12.35409927368164,N,1.0,0.0
2026-09-27T06:43:06,mobilenet_v3_small_batch11_node_0_local_train,73033806-c622-4918-8add-6411b38e3e96,5b0fa12a-3dd7-45bb-9766-cc326314d9f1,6.6564628588967025,2.4702267527492447e-05,3.711020109498035e-06,22.5721197421875,31.181613546562225,20.0,2.2646485893653e-05,6.135088240455389e-05,1.9973217576949133e-05,0.00010397058587515603,0.0,United Kingdom,GBR,england,,,Linux-6.4.0-150700.53.73-default-x86_64-with-glibc2.38,3.12.12,3.3.0,8,AMD EPYC 7543P 32-Core Processor,1,1 x NVIDIA A100-SXM4-40GB,-2.5917,51.4535,64,machine,0.0,9.666666666666666,4.8,12.017012278238932,N,1.0,0.0
2026-09-27T06:43:14,mobilenet_v3_small_batch11_node_0_evaluate,cf4d306c-b3de-4ef2-aad6-79c3ec586880,5b0fa12a-3dd7-45bb-9766-cc326314d9f1,8.319820897188038,3.60370080135872e-05,4.331464397961633e-06,22.811444746875004,385.20686816035567,20.0,3.377434123465142e-05,8.871507097296671e-05,2.918851906692402e-05,0.00015167793127454217,0.0,United Kingdom,GBR,england,,,Linux-6.4.0-150700.53.73-default-x86_64-with-glibc2.38,3.12.12,3.3.0,8,AMD EPYC 7543P 32-Core Processor,1,1 x NVIDIA A100-SXM4-40GB,-2.5917,51.4535,64,machine,0.0,2.0,4.779999999999999,12.033432006835938,N,1.0,0.0
2026-09-27T06:43:24,mobilenet_v3_small_batch11_node_1_local_train,887ceb7e-bd36-479f-9d6e-9f880c8902b3,5b0fa12a-3dd7-45bb-9766-cc326314d9f1,9.688225354067981,4.6447874119733625e-05,4.794260292493162e-06,22.831626005357144,31.52517049950433,20.0,4.270840332871699e-05,0.00011597925943362952,3.680907370160437e-05,0.00019549673646395089,0.0,United Kingdom,GBR,england,,,Linux-6.4.0-150700.53.73-default-x86_64-with-glibc2.38,3.12.12,3.3.0,8,AMD EPYC 7543P 32-Core Processor,1,1 x NVIDIA A100-SXM4-40GB,-2.5917,51.4535,64,machine,0.0,6.166666666666667,4.883333333333334,12.251138687133789,N,1.0,0.0
2026-09-27T06:43:31,mobilenet_v3_small_batch11_node_1_evaluate,b69f34eb-6626-485d-9cda-3f44a275d697,5b0fa12a-3dd7-45bb-9766-cc326314d9f1,6.768735577352345,2.54287471880727e-05,3.7567942930368384e-06,22.731906214687502,30.383768655602143,20.0,2.3743264902223603e-05,6.265088345003278e-05,2.0634153412861956e-05,0.00010702830176511834,0.0,United Kingdom,GBR,england,,,Linux-6.4.0-150700.53.73-default-x86_64-with-glibc2.38,3.12.12,3.3.0,8,AMD EPYC 7543P 32-Core Processor,1,1 x NVIDIA A100-SXM4-40GB,-2.5917,51.4535,64,machine,0.0,4.666666666666667,4.9,12.234480539957682,N,1.0,0.0
2026-09-27T06:43:34,mobilenet_v3_small_batch11_node_2_local_train,0952d84d-1d75-4b74-b03b-8eea25d88281,5b0fa12a-3dd7-45bb-9766-cc326314d9f1,3.4456666288897395,2.7563198292874957e-06,7.999380457115305e-07,22.584758906250002,32.39131802852671,20.0,2.515507750459868e-06,6.923894432020461e-06,2.1618075927512515e-06,1.160120977523158e-05,0.0,United Kingdom,GBR,england,,,Linux-6.4.0-150700.53.73-default-x86_64-with-glibc2.38,3.12.12,3.3.0,8,AMD EPYC 7543P 32-Core Processor,1,1 x NVIDIA A100-SXM4-40GB,-2.5917,51.4535,64,machine,0,0,0,0,N,1.0,0.0
2026-09-27T06:43:40,mobilenet_v3_small_batch11_node_2_evaluate,05ac2e21-4cdd-4c8f-bfe0-73344634e951,5b0fa12a-3dd7-45bb-9766-cc326314d9f1,6.243106044828892,2.1858166071952197e-05,3.501168475274758e-06,22.566769793437505,30.61311230953731,20.0,2.008643691442889e-05,5.419532112682646e-05,1.7718149664708312e-05,9.199990770596365e-05,0.0,United Kingdom,GBR,england,,,Linux-6.4.0-150700.53.73-default-x86_64-with-glibc2.38,3.12.12,3.3.0,8,AMD EPYC 7543P 32-Core Processor,1,1 x NVIDIA A100-SXM4-40GB,-2.5917,51.4535,64,machine,0.0,2.3333333333333335,4.9,12.25702158610026,N,1.0,0.0
2026-09-27T06:43:45,mobilenet_v3_small_batch11_node_3_local_train,786f8867-f41e-4d4c-b05f-3615449ba9fe,5b0fa12a-3dd7-45bb-9766-cc326314d9f1,4.805114089045674,1.2088202162310145e-05,2.5156951402814534e-06,22.658614908750003,31.00902549816767,20.0,1.1085726452267022e-05,3.0078635177233082e-05,9.71426558939533e-06,5.087862721889543e-05,0.0,United Kingdom,GBR,england,,,Linux-6.4.0-150700.53.73-default-x86_64-with-glibc2.38,3.12.12,3.3.0,8,AMD EPYC 7543P 32-Core Processor,1,1 x NVIDIA A100-SXM4-40GB,-2.5917,51.4535,64,machine,0.0,6.0,4.9,12.318363189697266,N,1.0,0.0
2026-09-27T06:43:52,mobilenet_v3_small_batch11_node_3_evaluate,3ceb8a74-2943-4d34-bdbc-002e6a79e9e2,5b0fa12a-3dd7-45bb-9766-cc326314d9f1,6.378880878910422,2.269901145521831e-05,3.5584629790258023e-06,22.757846312812504,30.211980166974055,20.0,2.132553779523161e-05,5.574532237062613e-05,1.8468122931921648e-05,9.553898309777939e-05,0.0,United Kingdom,GBR,england,,,Linux-6.4.0-150700.53.73-default-x86_64-with-glibc2.38,3.12.12,3.3.0,8,AMD EPYC 7543P 32-Core Processor,1,1 x NVIDIA A100-SXM4-40GB,-2.5917,51.4535,64,machine,0.0,2.3333333333333335,4.9,12.379405975341797,N,1.0,0.0
2026-09-27T06:43:56,mobilenet_v3_small_batch11_node_0_knowledge_extraction,eba5ba06-8026-4d49-acf9-15517ef45622,5b0fa12a-3dd7-45bb-9766-cc326314d9f1,4.246344513259828,8.165837237109901e-06,1.9230274914366666e-06,22.868149961250005,30.47036153882252,20.0,7.70608010339941e-06,2.006001605536767e-05,6.603496865783302e-06,3.436959302455038e-05,0.0,United Kingdom,GBR,england,,,Linux-6.4.0-150700.53.73-default-x86_64-with-glibc2.38,3.12.12,3.3.0,8,AMD EPYC 7543P 32-Core Processor,1,1 x NVIDIA A100-SXM4-40GB,-2.5917,51.4535,64,machine,0.0,3.0,4.9,12.41250228881836,N,1.0,0.0
2026-09-27T06:43:59,mobilenet_v3_small_batch11_node_2_knowledge_extraction,8b3e5cb1-c979-4b33-9d9c-684b2f7dd07b,5b0fa12a-3dd7-45bb-9766-cc326314d9f1,3.3145957798697054,1.5338465226711432e-06,4.627552270435334e-07,22.662753806250002,23.692177585002796,20.0,1.7010342976928811e-06,3.3291693313231008e-06,1.4256782622800933e-06,6.455881891296075e-06,0.0,United Kingdom,GBR,england,,,Linux-6.4.0-150700.53.73-default-x86_64-with-glibc2.38,3.12.12,3.3.0,8,AMD EPYC 7543P 32-Core Processor,1,1 x NVIDIA A100-SXM4-40GB,-2.5917,51.4535,64,machine,0,0,0,0,N,1.0,0.0
2026-09-27T06:44:03,mobilenet_v3_small_batch11_node_3_knowledge_extraction,aa96f5c7-f266-4779-990c-5113ef45ddf9,5b0fa12a-3dd7-45bb-9766-cc326314d9f1,3.6107786120846868,3.988914630133695e-06,1.1047242322704163e-06,22.9569126975,307.0260603530925,20.0,3.6586984393461372e-06,1.005834137401962e-05,3.072098699501819e-06,1.6789138512867576e-05,0.0,United Kingdom,GBR,england,,,Linux-6.4.0-150700.53.73-default-x86_64-with-glibc2.38,3.12.12,3.3.0,8,AMD EPYC 7543P 32-Core Processor,1,1 x NVIDIA A100-SXM4-40GB,-2.5917,51.4535,64,machine,0,0,0,0,N,1.0,0.0
2026-09-27T06:44:08,mobilenet_v3_small_batch11_node_0_distill,0fb24125-43dd-4177-9819-a278e795385a,5b0fa12a-3dd7-45bb-9766-cc326314d9f1,5.2744706412777305,1.5598595833946915e-05,2.9573765586774003e-06,22.633386648750005,31.80722337672793,20.0,1.4113703659648964e-05,3.92011424850125e-05,1.23388492450532e-05,6.565369538971466e-05,0.0,United Kingdom,GBR,england,,,Linux-6.4.0-150700.53.73-default-x86_64-with-glibc2.38,3.12.12,3.3.0,8,AMD EPYC 7543P 32-Core Processor,1,1 x NVIDIA A100-SXM4-40GB,-2.5917,51.4535,64,machine,0.0,11.5,5.0,12.64640998840332,N,1.0,0.0
2026-09-27T06:44:15,mobilenet_v3_small_batch11_node_1_distill,fb91f60b-8349-4aff-b064-c6496f2953dd,5b0fa12a-3dd7-45bb-9766-cc326314d9f1,7.049605621956289,2.8291646533377966e-05,4.0132240086257395e-06,22.692143972812502,32.34060667801262,20.0,2.5312340969741144e-05,7.160922393723013e-05,2.215653438793702e-05,0.00011907809929490829,0.0,United Kingdom,GBR,england,,,Linux-6.4.0-150700.53.73-default-x86_64-with-glibc2.38,3.12.12,3.3.0,8,AMD EPYC 7543P 32-Core Processor,1,1 x NVIDIA A100-SXM4-40GB,-2.5917,51.4535,64,machine,0.0,6.666666666666667,5.0,12.586540222167969,N,1.0,0.0
2026-09-27T06:44:19,mobilenet_v3_small_batch11_node_2_distill,8ae976e0-14e9-4d51-a2a8-fcc397e8ad80,5b0fa12a-3dd7-45bb-9766-cc326314d9f1,3.5379099887795746,3.5177026850809112e-06,9.942883499685548e-07,22.570991943750002,33.958505535602335,20.0,3.0998324372416612e-06,9.031951663018845e-06,2.674047335878842e-06,1.4805831436139348e-05,0.0,United Kingdom,GBR,england,,,Linux-6.4.0-150700.53.73-default-x86_64-with-glibc2.38,3.12.12,3.3.0,8,AMD EPYC 7543P 32-Core Processor,1,1 x NVIDIA A100-SXM4-40GB,-2.5917,51.4535,64,machine,0,0,0,0,N,1.0,0.0
2026-09-27T06:44:24,mobilenet_v3_small_batch11_node_3_distill,cbffaac4-3c81-4314-8019-144dfe727434,5b0fa12a-3dd7-45bb-9766-cc326314d9f1,4.371654838789254,9.237766548735189e-06,2.113105194575156e-06,22.573573970625,32.119283895693805,20.0,8.302118985876556e-06,2.3308351970285912e-05,7.270817944986953e-06,3.888128890114942e-05,0.0,United Kingdom,GBR,england,,,Linux-6.4.0-150700.53.73-default-x86_64-with-glibc2.38,3.12.12,3.3.0,8,AMD EPYC 7543P 32-Core Processor,1,1 x NVIDIA A100-SXM4-40GB,-2.5917,51.4535,64,machine,0.0,13.0,4.6,11.629215240478516,N,1.0,0.0
2026-09-27T06:44:30,mobilenet_v3_small_batch11_node_0_evaluate,3333c518-f868-47bb-b527-e9605975bc06,5b0fa12a-3dd7-45bb-9766-cc326314d9f1,6.259328679181635,2.1907949006640384e-05,3.5000477095100715e-06,22.641928680937504,30.420507660119974,20.0,2.0336525438295416e-05,5.4080876594753136e-05,1.779203950944874e-05,9.220944154249728e-05,0.0,United Kingdom,GBR,england,,,Linux-6.4.0-150700.53.73-default-x86_64-with-glibc2.38,3.12.12,3.3.0,8,AMD EPYC 7543P 32-Core Processor,1,1 x NVIDIA A100-SXM4-40GB,-2.5917,51.4535,64,machine,0.0,3.0,4.8999999999999995,12.308507283528646,N,1.0,0.0
2026-09-27T06:44:36,mobilenet_v3_small_batch11_node_1_evaluate,de406e55-9b15-4b93-a41c-b5a81c2f63d7,5b0fa12a-3dd7-45bb-9766-cc326314d9f1,6.614429960027337,2.451377801452197e-05,3.706105917314854e-06,22.8079706315625,385.6159130530858,20.0,2.2828312005004405e-05,6.057782623258845e-05,1.9771104877711168e-05,0.00010317724311530403,0.0,United Kingdom,GBR,england,,,Linux-6.4.0-150700.53.73-default-x86_64-with-glibc2.38,3.12.12,3.3.0,8,AMD EPYC 7543P 32-Core Processor,1,1 x NVIDIA A100-SXM4-40GB,-2.5917,51.4535,64,machine,0.0,4.333333333333333,4.933333333333334,12.43707021077474,N,1.0,0.0
2026-09-27T06:44:43,mobilenet_v3_small_batch11_node_2_evaluate,e35c4fde-3241-4bd0-8873-6e0a8a4ca1c0,5b0fa12a-3dd7-45bb-9766-cc326314d9f1,6.2662038267590106,2.1961537442517826e-05,3.504759508258242e-06,22.8606209859375,30.21234587562238,20.0,2.077227045568163e-05,5.383087639643236e-05,1.783184568759882e-05,9.24349925397128e-05,0.0,United Kingdom,GBR,england,,,Linux-6.4.0-150700.53.73-default-x86_64-with-glibc2.38,3.12.12,3.3.0,8,AMD EPYC 7543P 32-Core Processor,1,1 x NVIDIA A100-SXM4-40GB,-2.5917,51.4535,64,machine,0.0,2.6666666666666665,5.0,12.508401234944662,N,1.0,0.0
2026-09-27T06:44:49,mobilenet_v3_small_batch11_node_3_evaluate,740bd8b9-9639-4492-a2a0-8e960ed6ff9f,5b0fa12a-3dd7-45bb-9766-cc326314d9f1,6.191687744110823,2.1255284267446254e-05,3.4328740637256877e-06,22.630329708750004,30.038515298290513,20.0,1.980218589250833e-05,5.225115289420046e-05,1.7409070110362437e-05,8.946240889707122e-05,0.0,United Kingdom,GBR,england,,,Linux-6.4.0-150700.53.73-default-x86_64-with-glibc2.38,3.12.12,3.3.0,8,AMD EPYC 7543P 32-Core Processor,1,1 x NVIDIA A100-SXM4-40GB,-2.5917,51.4535,64,machine,0.0,3.0,5.0,12.48915990193685,N,1.0,0.0
2026-09-27T06:44:56,efficientnet_lite0_batch11_node_0_local_train,2f7db0cd-fa5c-4f01-8130-6e22ca0f6173,5b0fa12a-3dd7-45bb-9766-cc326314d9f1,5.1293452912941575,1.6581525176938002e-05,3.2326786822250384e-06,22.748131046250002,39.26299957177463,20.0,1.3271964310590443e-05,4.5031702697428955e-05,1.148712792330318e-05,6.979079493132258e-05,0.0,United Kingdom,GBR,england,,,Linux-6.4.0-150700.53.73-default-x86_64-with-glibc2.38,3.12.12,3.3.0,8,AMD EPYC 7543P 32-Core Processor,1,1 x NVIDIA A100-SXM4-40GB,-2.5917,51.4535,64,machine,0.0,35.5,5.0,12.564453125,N,1.0,0.0
2026-09-27T06:45:03,efficientnet_lite0_batch11_node_0_evaluate,5b21db6c-3ce5-45ec-b07f-f96638566b3c,5b0fa12a-3dd7-45bb-9766-cc326314d9f1,6.5162706091068685,2.521343098251955e-05,3.869303854152758e-06,22.7357340215625,33.74803095652063,20.0,2.2137202906124386e-05,6.476949626232908e-05,1.921534765408271e-05,0.00010612204682253619,0.0,United Kingdom,GBR,england,,,Linux-6.4.0-150700.53.73-default-x86_64-with-glibc2.38,3.12.12,3.3.0,8,AMD EPYC 7543P 32-Core Processor,1,1 x NVIDIA A100-SXM4-40GB,-2.5917,51.4535,64,machine,0.0,8.0,5.0,12.547924041748047,N,1.0,0.0
2026-09-27T06:45:10,efficientnet_lite0_batch11_node_1_local_train,f10e32a2-fcb8-48cb-95de-04801ea0fdf7,5b0fa12a-3dd7-45bb-9766-cc326314d9f1,7.155439551919699,3.313538088964014e-05,4.630796004803144e-06,22.55748815025001,39.89902749312778,20.0,2.583259263411903e-05,9.084868379716227e-05,2.2783854065669907e-05,0.0001394651304969512,0.0,United Kingdom,GBR,england,,,Linux-6.4.0-150700.53.73-default-x86_64-with-glibc2.38,3.12.12,3.3.0,8,AMD EPYC 7543P 32-Core Processor,1,1 x NVIDIA A100-SXM4-40GB,-2.5917,51.4535,64,machine,0.0,31.5,5.0,12.546442031860352,N,1.0,0.0
2026-09-27T06:45:16,efficientnet_lite0_batch11_node_1_evaluate,0cad06cb-2b0f-47f0-9699-e2439be9c4a0,5b0fa12a-3dd7-45bb-9766-cc326314d9f1,6.6165975127369165,2.5858381037550384e-05,3.908108508606294e-06,22.6488496246875,33.74859268799075,20.0,2.245957833373992e-05,6.662199773188604e-05,1.9755032689621053e-05,0.00010883660875524702,0.0,United Kingdom,GBR,england,,,Linux-6.4.0-150700.53.73-default-x86_64-with-glibc2.38,3.12.12,3.3.0,8,AMD EPYC 7543P 32-Core Processor,1,1 x NVIDIA A100-SXM4-40GB,-2.5917,51.4535,64,machine,0.0,11.333333333333334,5.0,12.506762186686197,N,1.0,0.0
2026-09-27T06:45:20,efficientnet_lite0_batch11_node_2_local_train,a3d4cb41-2114-4ec7-a121-80d9e5c04269,5b0fa12a-3dd7-45bb-9766-cc326314d9f1,3.296608931850642,1.6681051748451164e-06,5.06006386965857e-07,23.462089650000003,30.330641054624813,20.0,1.6866758927230763e-06,4.000836526074636e-06,1.3334573013707997e-06,7.020969720168512e-06,0.0,United Kingdom,GBR,england,,,Linux-6.4.0-150700.53.73-default-x86_64-with-glibc2.38,3.12.12,3.3.0,8,AMD EPYC 7543P 32-Core Processor,1,1 x NVIDIA A100-SXM4-40GB,-2.5917,51.4535,64,machine,0,0,0,0,N,1.0,0.0
2026-09-27T06:45:26,efficientnet_lite0_batch11_node_2_evaluate,1ec24d21-4a3e-4046-b626-53ef8ed0083d,5b0fa12a-3dd7-45bb-9766-cc326314d9f1,6.326325153931975,2.3901985779961448e-05,3.778178515706823e-06,22.699980343125,34.02547716800883,20.0,2.0675760969475463e-05,6.176088275822167e-05,1.8165597032445173e-05,0.0001006022407601423,0.0,United Kingdom,GBR,england,,,Linux-6.4.0-150700.53.73-default-x86_64-with-glibc2.38,3.12.12,3.3.0,8,AMD EPYC 7543P 32-Core Processor,1,1 x NVIDIA A100-SXM4-40GB,-2.5917,51.4535,64,machine,0.0,7.0,5.0,12.507185618082682,N,1.0,0.0
2026-09-27T06:45:30,efficientnet_lite0_batch11_node_3_local_train,0506b8af-eb8a-465c-8f29-3529d6ee4765,5b0fa12a-3dd7-45bb-9766-cc326314d9f1,4.146671801339835,8.89854140200351e-06,2.1459478416228393e-06,22.77395364375,388.66693155568043,20.0,7.03186481111908e-06,2.4364463939718917e-05,6.057178785300089e-06,3.7453507536138085e-05,0.0,United Kingdom,GBR,england,,,Linux-6.4.0-150700.53.73-default-x86_64-with-glibc2.38,3.12.12,3.3.0,8,AMD EPYC 7543P 32-Core Processor,1,1 x NVIDIA A100-SXM4-40GB,-2.5917,51.4535,64,machine,0.0,18.0,5.0,12.602123260498047,N,1.0,0.0
2026-09-27T06:45:37,efficientnet_lite0_batch11_node_3_evaluate,e1315e30-7ce9-465f-b931-e7f4ddfa2ddb,5b0fa12a-3dd7-45bb-9766-cc326314d9f1,6.410794361960143,2.401036993427343e-05,3.7453034021406513e-06,22.759820738437504,33.10106622690455,20.0,2.1363884770788988e-05,6.119338229382265e-05,1.8501157080754638e-05,0.00010105842414536628,0.0,United Kingdom,GBR,england,,,Linux-6.4.0-150700.53.73-default-x86_64-with-glibc2.38,3.12.12,3.3.0,8,AMD EPYC 7543P 32-Core Processor,1,1 x NVIDIA A100-SXM4-40GB,-2.5917,51.4535,64,machine,23.8,4.666666666666667,5.0,12.567729949951172,N,1.0,0.0
2026-09-27T06:45:41,efficientnet_lite0_batch11_node_0_knowledge_extraction,51307aff-77f3-4988-9eed-4478cfc51076,5b0fa12a-3dd7-45bb-9766-cc326314d9f1,3.9377920543774962,6.066190009639258e-06,1.5405054217872426e-06,23.1410771325,30.717081899593886,20.0,5.8404013930900255e-06,1.4844456316609467e-05,4.847427074693972e-06,2.553228478439346e-05,0.0,United Kingdom,GBR,england,,,Linux-6.4.0-150700.53.73-default-x86_64-with-glibc2.38,3.12.12,3.3.0,8,AMD EPYC 7543P 32-Core Processor,1,1 x NVIDIA A100-SXM4-40GB,-2.5917,51.4535,64,machine,0,0,0,0,N,1.0,0.0
2026-09-27T06:45:44,efficientnet_lite0_batch11_node_3_knowledge_extraction,99a3e37e-09c5-42fb-9183-89318f4318bc,5b0fa12a-3dd7-45bb-9766-cc326314d9f1,3.5956406318582594,4.179678728533547e-06,1.1624294962907489e-06,23.464723770000003,36.543013163132784,20.0,3.7337802604312733e-06,1.0862786467669139e-05,2.9954881588411003e-06,1.7592054886941512e-05,0.0,United Kingdom,GBR,england,,,Linux-6.4.0-150700.53.73-default-x86_64-with-glibc2.38,3.12.12,3.3.0,8,AMD EPYC 7543P 32-Core Processor,1,1 x NVIDIA A100-SXM4-40GB,-2.5917,51.4535,64,machine,0,0,0,0,N,1.0,0.0
2026-09-27T06:45:52,efficientnet_lite0_batch11_node_1_distill,f1d2e7b1-aa72-4a0b-9ea1-6bcbd3cec0fd,5b0fa12a-3dd7-45bb-9766-cc326314d9f1,7.65081245964393,3.724620165868182e-05,4.868267501673314e-06,22.597170394500004,40.06271405520613,20.0,2.8981256269147466e-05,0.0001022453595709294,2.554074989942213e-05,0.00015676736573949897,0.0,United Kingdom,GBR,england,,,Linux-6.4.0-150700.53.73-default-x86_64-with-glibc2.38,3.12.12,3.3.0,8,AMD EPYC 7543P 32-Core Processor,1,1 x NVIDIA A100-SXM4-40GB,-2.5917,51.4535,64,machine,0.0,26.5,5.0,12.636091232299805,N,1.0,0.0
2026-09-27T06:45:59,efficientnet_lite0_batch11_node_1_evaluate,5d17364a-5afa-4a39-9ab0-eaf482ca0657,5b0fa12a-3dd7-45bb-9766-cc326314d9f1,6.601252620108426,2.581394373673671e-05,3.9104614263819396e-06,22.652758583437503,33.842889606448566,20.0,2.241658535657303e-05,6.654921990900675e-05,1.968376915384498e-05,0.00010864957441942476,0.0,United Kingdom,GBR,england,,,Linux-6.4.0-150700.53.73-default-x86_64-with-glibc2.38,3.12.12,3.3.0,8,AMD EPYC 7543P 32-Core Processor,1,1 x NVIDIA A100-SXM4-40GB,-2.5917,51.4535,64,machine,0.0,8.333333333333334,5.0,12.577913920084635,N,1.0,0.0
2026-09-27T06:46:07,mobilevit_xxs_batch11_node_0_local_train,964238ca-9328-461d-b6ef-710d293b59d2,5b0fa12a-3dd7-45bb-9766-cc326314d9f1,6.090444780886173,2.3443499503690572e-05,3.849226180863509e-06,22.692736918125,37.18441832636163,20.0,1.9193094711909313e-05,6.262366120779461e-05,1.685573945546316e-05,9.867249537516708e-05,0.0,United Kingdom,GBR,england,,,Linux-6.4.0-150700.53.73-default-x86_64-with-glibc2.38,3.12.12,3.3.0,8,AMD EPYC 7543P 32-Core Processor,1,1 x NVIDIA A100-SXM4-40GB,-2.5917,51.4535,64,machine,22.2,20.0,5.0,12.608165740966797,N,1.0,0.0
2026-09-27T06:46:13,mobilevit_xxs_batch11_node_0_evaluate,dd70b375-809e-4f92-8084-4aecd5e67ae3,5b0fa12a-3dd7-45bb-9766-cc326314d9f1,6.452489651739597,2.4394326524076156e-05,3.7806068418101874e-06,22.630484849062505,33.12389852993502,20.0,2.1500167451467322e-05,6.233977208580654e-05,1.8834538338705895e-05,0.00010267447787597977,0.0,United Kingdom,GBR,england,,,Linux-6.4.0-150700.53.73-default-x86_64-with-glibc2.38,3.12.12,3.3.0,8,AMD EPYC 7543P 32-Core Processor,1,1 x NVIDIA A100-SXM4-40GB,-2.5917,51.4535,64,machine,0.0,11.666666666666666,5.0,12.599288940429688,N,1.0,0.0
2026-09-27T06:46:23,mobilevit_xxs_batch11_node_1_local_train,a728f843-e5b3-4ea9-9a2c-6ff1bfc48001,5b0fa12a-3dd7-45bb-9766-cc326314d9f1,9.364637184422463,4.776355445952049e-05,5.100416974933361e-06,22.57429291071429,36.04839516738154,20.0,3.973388447972585e-05,0.00012626093433709684,3.5039549186411836e-05,0.00020103436800323452,0.0,United Kingdom,GBR,england,,,Linux-6.4.0-150700.53.73-default-x86_64-with-glibc2.38,3.12.12,3.3.0,8,AMD EPYC 7543P 32-Core Processor,1,1 x NVIDIA A100-SXM4-40GB,-2.5917,51.4535,64,machine,0.0,23.666666666666668,4.75,11.970328013102213,N,1.0,0.0
2026-09-27T06:46:30,mobilevit_xxs_batch11_node_1_evaluate,80707614-9105-4ffa-907a-d69b85dc4948,5b0fa12a-3dd7-45bb-9766-cc326314d9f1,6.629648780915886,2.5507178098502666e-05,3.84744033076498e-06,22.5405737353125,32.78686965991725,20.0,2.2479106696891447e-05,6.503060757268031e-05,1.9848699202864536e-05,0.0001073584134724363,0.0,United Kingdom,GBR,england,,,Linux-6.4.0-150700.53.73-default-x86_64-with-glibc2.38,3.12.12,3.3.0,8,AMD EPYC 7543P 32-Core Processor,1,1 x NVIDIA A100-SXM4-40GB,-2.5917,51.4535,64,machine,0.0,10.0,4.5,11.383970896402994,N,1.0,0.0
2026-09-27T06:46:33,mobilevit_xxs_batch11_node_2_local_train,f8f8ddc0-db72-4e8b-84f9-b2184046f86c,5b0fa12a-3dd7-45bb-9766-cc326314d9f1,3.4792714691720903,3.026656420781545e-06,8.699109706152802e-07,22.56218015625,32.99372631864669,20.0,2.7184897938869282e-06,7.678895030949207e-06,2.3416578950774343e-06,1.2739042719913569e-05,0.0,United Kingdom,GBR,england,,,Linux-6.4.0-150700.53.73-default-x86_64-with-glibc2.38,3.12.12,3.3.0,8,AMD EPYC 7543P 32-Core Processor,1,1 x NVIDIA A100-SXM4-40GB,-2.5917,51.4535,64,machine,0,0,0,0,N,1.0,0.0
2026-09-27T06:46:39,mobilevit_xxs_batch11_node_2_evaluate,44bfc163-b8f2-4cfa-b008-3db7c0ec78d4,5b0fa12a-3dd7-45bb-9766-cc326314d9f1,6.2600204003974795,2.2816299489671272e-05,3.6447643985669044e-06,22.525912051875,32.72763198718891,20.0,2.0121252203625272e-05,5.8127546495256865e-05,1.778384376213782e-05,9.603264246101996e-05,0.0,United Kingdom,GBR,england,,,Linux-6.4.0-150700.53.73-default-x86_64-with-glibc2.38,3.12.12,3.3.0,8,AMD EPYC 7543P 32-Core Processor,1,1 x NVIDIA A100-SXM4-40GB,-2.5917,51.4535,64,machine,0.0,6.666666666666667,4.5,11.375057220458984,N,1.0,0.0
2026-09-27T06:46:44,mobilevit_xxs_batch11_node_3_local_train,cfb142ae-9a22-4ec9-9693-36412bde6efc,5b0fa12a-3dd7-45bb-9766-cc326314d9f1,4.739415176678449,1.305031816809085e-05,2.7535714179058223e-06,22.529907225000002,37.503612873857456,20.0,1.061679703594345e-05,3.49697501889068e-05,9.341577259409758e-06,5.4928124484260004e-05,0.0,United Kingdom,GBR,england,,,Linux-6.4.0-150700.53.73-default-x86_64-with-glibc2.38,3.12.12,3.3.0,8,AMD EPYC 7543P 32-Core Processor,1,1 x NVIDIA A100-SXM4-40GB,-2.5917,51.4535,64,machine,50.0,24.0,4.5,11.40423583984375,N,1.0,0.0
2026-09-27T06:46:51,mobilevit_xxs_batch11_node_3_evaluate,f154354f-5bbe-4242-9570-23b3cf3eb050,5b0fa12a-3dd7-45bb-9766-cc326314d9f1,6.294719759840518,2.3433046138716837e-05,3.7226512112924518e-06,22.527155452500004,33.635027612131,20.0,2.031986703803903e-05,6.035143715621416e-05,1.7957193500155377e-05,9.862849769440857e-05,0.0,United Kingdom,GBR,england,,,Linux-6.4.0-150700.53.73-default-x86_64-with-glibc2.38,3.12.12,3.3.0,8,AMD EPYC 7543P 32-Core Processor,1,1 x NVIDIA A100-SXM4-40GB,-2.5917,51.4535,64,machine,0.0,8.333333333333334,4.5,11.3630002339681,N,1.0,0.0
2026-09-27T06:46:54,mobilevit_xxs_batch11_node_0_knowledge_extraction,e0e07a99-ae7c-43a9-92b7-bd98edbe3fc2,5b0fa12a-3dd7-45bb-9766-cc326314d9f1,3.9256036588922143,6.34110978785606e-06,1.6153209388554242e-06,22.62059047125,372.0312584668426,20.0,5.536658234036945e-06,1.6356957516450166e-05,4.795792378071282e-06,2.6689408128558393e-05,0.0,United Kingdom,GBR,england,,,Linux-6.4.0-150700.53.73-default-x86_64-with-glibc2.38,3.12.12,3.3.0,8,AMD EPYC 7543P 32-Core Processor,1,1 x NVIDIA A100-SXM4-40GB,-2.5917,51.4535,64,machine,0,0,0,0,N,1.0,0.0
2026-09-27T06:46:58,mobilevit_xxs_batch11_node_2_knowledge_extraction,c0d2486f-673d-4a18-8f78-fa2da41e0942,5b0fa12a-3dd7-45bb-9766-cc326314d9f1,3.2559353350661695,1.384226517817524e-06,4.2513943778597577e-07,22.607447309999998,31.331732343708467,20.0,1.3249828115829222e-06,3.3972249440239466e-06,1.1039311557801235e-06,5.826138911386992e-06,0.0,United Kingdom,GBR,england,,,Linux-6.4.0-150700.53.73-default-x86_64-with-glibc2.38,3.12.12,3.3.0,8,AMD EPYC 7543P 32-Core Processor,1,1 x NVIDIA A100-SXM4-40GB,-2.5917,51.4535,64,machine,0,0,0,0,N,1.0,0.0
2026-09-27T06:47:01,mobilevit_xxs_batch11_node_3_knowledge_extraction,c70ac3e6-3f3f-48cd-938f-d060893dc20e,5b0fa12a-3dd7-45bb-9766-cc326314d9f1,3.6041145720519125,4.103915795758763e-06,1.1386751763061465e-06,22.598242875000004,35.65446836505481,20.0,3.5062199208227877e-06,1.0739730811337722e-05,3.0272218295269543e-06,1.7273172561687465e-05,0.0,United Kingdom,GBR,england,,,Linux-6.4.0-150700.53.73-default-x86_64-with-glibc2.38,3.12.12,3.3.0,8,AMD EPYC 7543P 32-Core Processor,1,1 x NVIDIA A100-SXM4-40GB,-2.5917,51.4535,64,machine,0,0,0,0,N,1.0,0.0
2026-09-27T06:47:07,mobilevit_xxs_batch11_node_0_distill,4c533d4f-b6f1-4bae-a86a-0b5d02de5808,5b0fa12a-3dd7-45bb-9766-cc326314d9f1,5.503552444744855,1.889422478160873e-05,3.4330961631246286e-06,22.51722272625,37.26510978118179,20.0,1.537557914943542e-05,5.0565873777941306e-05,1.358337684844931e-05,7.952482977582603e-05,0.0,United Kingdom,GBR,england,,,Linux-6.4.0-150700.53.73-default-x86_64-with-glibc2.38,3.12.12,3.3.0,8,AMD EPYC 7543P 32-Core Processor,1,1 x NVIDIA A100-SXM4-40GB,-2.5917,51.4535,64,machine,0.0,25.5,4.5,11.404953002929688,N,1.0,0.0
2026-09-27T06:47:15,mobilevit_xxs_batch11_node_1_distill,450e4c9b-5a2e-4d82-a196-b3b8636dd092,5b0fa12a-3dd7-45bb-9766-cc326314d9f1,7.756090598646551,3.597292191830673e-05,4.638022398111757e-06,22.526859843,36.727289011495984,20.0,2.9505497337790023e-05,9.580340997672465e-05,2.6099288849056593e-05,0.00015140819616357126,0.0,United Kingdom,GBR,england,,,Linux-6.4.0-150700.53.73-default-x86_64-with-glibc2.38,3.12.12,3.3.0,8,AMD EPYC 7543P 32-Core Processor,1,1 x NVIDIA A100-SXM4-40GB,-2.5917,51.4535,64,machine,0.0,25.0,4.5,11.409209251403809,N,1.0,0.0
2026-09-27T06:47:21,mobilevit_xxs_batch11_node_0_evaluate,ef523a64-3f79-4875-96cc-d58638ff0c32,5b0fa12a-3dd7-45bb-9766-cc326314d9f1,6.341642673127353,2.3076013698079686e-05,3.6388069917379705e-06,22.5290179209375,31.975659175599496,20.0,2.0637502033813832e-05,5.8255324390188434e-05,1.82329399123167e-05,9.712576633631896e-05,0.0,United Kingdom,GBR,england,,,Linux-6.4.0-150700.53.73-default-x86_64-with-glibc2.38,3.12.12,3.3.0,8,AMD EPYC 7543P 32-Core Processor,1,1 x NVIDIA A100-SXM4-40GB,-2.5917,51.4535,64,machine,0.0,5.0,4.5,11.403087615966797,N,1.0,0.0
2026-09-27T06:47:28,mobilevit_xxs_batch11_node_1_evaluate,5b0156e8-96c5-4bb6-9dc4-fc624ee55c61,5b0fa12a-3dd7-45bb-9766-cc326314d9f1,6.608318583108485,2.5539084062144694e-05,3.864687172834723e-06,22.5319130634375,33.17595595944683,20.0,2.2337416598579587e-05,6.542144122079208e-05,1.9733846228983668e-05,0.00010749270404835533,0.0,United Kingdom,GBR,england,,,Linux-6.4.0-150700.53.73-default-x86_64-with-glibc2.38,3.12.12,3.3.0,8,AMD EPYC 7543P 32-Core Processor,1,1 x NVIDIA A100-SXM4-40GB,-2.5917,51.4535,64,machine,0.0,13.333333333333334,4.533333333333333,11.407463073730469,N,1.0,0.0
2026-09-27T06:47:43,mobilenet_v3_small_batch12_node_0_local_train,89dda5f2-6ef5-4228-862c-8214fbedb6a6,5b0fa12a-3dd7-45bb-9766-cc326314d9f1,6.670446638949215,2.5215387503498048e-05,3.780164787806501e-06,22.538623609687498,32.044364479208056,20.0,2.2680576634928676e-05,6.33744951414883e-05,2.0075209943267208e-05,0.00010613028171968419,0.0,United Kingdom,GBR,england,,,Linux-6.4.0-150700.53.73-default-x86_64-with-glibc2.38,3.12.12,3.3.0,8,AMD EPYC 7543P 32-Core Processor,1,1 x NVIDIA A100-SXM4-40GB,-2.5917,51.4535,64,machine,0.0,8.0,4.4,11.023660024007162,N,1.0,0.0
2026-09-27T06:47:52,mobilenet_v3_small_batch12_node_0_evaluate,3620b151-97f5-4b9c-a957-d219dbb4ba21,5b0fa12a-3dd7-45bb-9766-cc326314d9f1,8.50020809005946,3.678950697858106e-05,4.32807133528936e-06,22.53703870125,29.92958210604343,20.0,3.418991512685821e-05,9.042757233146403e-05,3.022767363323106e-05,0.00015484516109155332,0.0,United Kingdom,GBR,england,,,Linux-6.4.0-150700.53.73-default-x86_64-with-glibc2.38,3.12.12,3.3.0,8,AMD EPYC 7543P 32-Core Processor,1,1 x NVIDIA A100-SXM4-40GB,-2.5917,51.4535,64,machine,13.34,2.0,4.42,11.145816802978516,N,1.0,0.0
2026-09-27T06:48:01,mobilenet_v3_small_batch12_node_1_local_train,d0adb490-be3d-4ce2-8f09-6d42b2f56bbf,5b0fa12a-3dd7-45bb-9766-cc326314d9f1,9.100909517146647,4.2303385368937903e-05,4.648259087647871e-06,22.567610584285717,31.750234573254883,20.0,3.804010958595246e-05,0.00010646480738785158,3.3547877427190545e-05,0.0001780527944009946,0.0,United Kingdom,GBR,england,,,Linux-6.4.0-150700.53.73-default-x86_64-with-glibc2.38,3.12.12,3.3.0,8,AMD EPYC 7543P 32-Core Processor,1,1 x NVIDIA A100-SXM4-40GB,-2.5917,51.4535,64,machine,0.0,7.333333333333333,4.5,11.316898981730143,N,1.0,0.0
2026-09-27T06:48:08,mobilenet_v3_small_batch12_node_1_evaluate,f309c2b1-876f-4ed4-901a-4480a23bbaaa,5b0fa12a-3dd7-45bb-9766-cc326314d9f1,6.730470627080649,2.4800062590840788e-05,3.6847441976873835e-06,22.53984278625,29.84467762079112,20.0,2.3112257293690055e-05,6.086254867909702e-05,2.0407394343055785e-05,0.00010438220031584286,0.0,United Kingdom,GBR,england,,,Linux-6.4.0-150700.53.73-default-x86_64-with-glibc2.38,3.12.12,3.3.0,8,AMD EPYC 7543P 32-Core Processor,1,1 x NVIDIA A100-SXM4-40GB,-2.5917,51.4535,64,machine,8.333333333333334,5.666666666666667,4.5,11.345553080240885,N,1.0,0.0
2026-09-27T06:48:11,mobilenet_v3_small_batch12_node_2_local_train,c045163d-568c-4637-a1b3-4e7e2d6b711d,5b0fa12a-3dd7-45bb-9766-cc326314d9f1,3.463106608018279,2.80367063050261e-06,8.095825360995678e-07,22.56218015625,30.94125147698477,20.0,2.6247207381505395e-06,6.919172193420309e-06,2.256613954280813e-06,1.180050688585166e-05,0.0,United Kingdom,GBR,england,,,Linux-6.4.0-150700.53.73-default-x86_64-with-glibc2.38,3.12.12,3.3.0,8,AMD EPYC 7543P 32-Core Processor,1,1 x NVIDIA A100-SXM4-40GB,-2.5917,51.4535,64,machine,0,0,0,0,N,1.0,0.0
2026-09-27T06:48:18,mobilenet_v3_small_batch12_node_2_evaluate,2b21d7c4-7ab1-4534-89ad-b1e8d5b32710,5b0fa12a-3dd7-45bb-9766-cc326314d9f1,6.343076472170651,2.2466761743466042e-05,3.5419345552644327e-06,22.5248667721875,30.572515923558438,20.0,2.0638330697679718e-05,5.568365564556643e-05,1.8239469546824693e-05,9.456145589007084e-05,0.0,United Kingdom,GBR,england,,,Linux-6.4.0-150700.53.73-default-x86_64-with-glibc2.38,3.12.12,3.3.0,8,AMD EPYC 7543P 32-Core Processor,1,1 x NVIDIA A100-SXM4-40GB,-2.5917,51.4535,64,machine,0.0,3.0,4.5,11.33706029256185,N,1.0,0.0
2026-09-27T06:48:23,mobilenet_v3_small_batch12_node_3_local_train,89c2b841-20a2-4460-9499-6c2b2ca6f368,5b0fa12a-3dd7-45bb-9766-cc326314d9f1,5.0509033049456775,1.3921614250550978e-05,2.7562622782581074e-06,22.530477313125,31.59369432262781,20.0,1.2568414081899082e-05,3.4950305732195375e-05,1.1076645503958894e-05,5.859536531805335e-05,0.0,United Kingdom,GBR,england,,,Linux-6.4.0-150700.53.73-default-x86_64-with-glibc2.38,3.12.12,3.3.0,8,AMD EPYC 7543P 32-Core Processor,1,1 x NVIDIA A100-SXM4-40GB,-2.5917,51.4535,64,machine,0.0,6.0,4.5,11.401168823242188,N,1.0,0.0
2026-09-27T06:48:29,mobilenet_v3_small_batch12_node_3_evaluate,59450dab-585e-4888-b495-3b2a5e7b05d3,5b0fa12a-3dd7-45bb-9766-cc326314d9f1,6.420135505963117,2.2716771227477616e-05,3.5383632022062373e-06,22.5278567859375,29.937114277754585,20.0,2.112067875617786e-05,5.5829766878900955e-05,1.8663287439590525e-05,9.561373307466935e-05,0.0,United Kingdom,GBR,england,,,Linux-6.4.0-150700.53.73-default-x86_64-with-glibc2.38,3.12.12,3.3.0,8,AMD EPYC 7543P 32-Core Processor,1,1 x NVIDIA A100-SXM4-40GB,-2.5917,51.4535,64,machine,0.0,2.3333333333333335,4.5,11.356512705485025,N,1.0,0.0
2026-09-27T06:48:33,mobilenet_v3_small_batch12_node_0_knowledge_extraction,09b7d483-2aab-405c-a081-dbeb37050e89,5b0fa12a-3dd7-45bb-9766-cc326314d9f1,4.213595544919372,8.05114379646064e-06,1.9107538231020936e-06,22.540320078750003,31.566153397894077,20.0,7.3028679947349634e-06,2.0177516148578434e-05,6.40647003116707e-06,3.388685417448047e-05,0.0,United Kingdom,GBR,england,,,Linux-6.4.0-150700.53.73-default-x86_64-with-glibc2.38,3.12.12,3.3.0,8,AMD EPYC 7543P 32-Core Processor,1,1 x NVIDIA A100-SXM4-40GB,-2.5917,51.4535,64,machine,0.0,3.0,4.5,11.378219604492188,N,1.0,0.0
2026-09-27T06:48:38,mobilenet_v3_small_batch12_node_1_knowledge_extraction,13ea6370-c897-458e-aaf0-e81d4e3d2812,5b0fa12a-3dd7-45bb-9766-cc326314d9f1,4.610805550124496,1.0808049286679107e-05,2.3440696358117466e-06,22.559971741875003,371.4165888197046,20.0,9.823012961848124e-06,2.705418830828421e-05,8.613327696609e-06,4.549052896674133e-05,0.0,United Kingdom,GBR,england,,,Linux-6.4.0-150700.53.73-default-x86_64-with-glibc2.38,3.12.12,3.3.0,8,AMD EPYC 7543P 32-Core Processor,1,1 x NVIDIA A100-SXM4-40GB,-2.5917,51.4535,64,machine,0.0,2.0,4.5,11.38161849975586,N,1.0,0.0
2026-09-27T06:48:41,mobilenet_v3_small_batch12_node_2_knowledge_extraction,dd064805-7977-414f-b667-446347e817f5,5b0fa12a-3dd7-45bb-9766-cc326314d9f1,3.3022564821876585,1.901396805082774e-06,5.75787136868045e-07,22.59529569,37.709217985151646,20.0,1.6132267144572083e-06,5.039170687837213e-06,1.350484907420145e-06,8.002882309714566e-06,0.0,United Kingdom,GBR,england,,,Linux-6.4.0-150700.53.73-default-x86_64-with-glibc2.38,3.12.12,3.3.0,8,AMD EPYC 7543P 32-Core Processor,1,1 x NVIDIA A100-SXM4-40GB,-2.5917,51.4535,64,machine,0,0,0,0,N,1.0,0.0
2026-09-27T06:48:47,mobilenet_v3_small_batch12_node_0_distill,b6ec20d4-bad3-4044-8b6f-09513af9c236,5b0fa12a-3dd7-45bb-9766-cc326314d9f1,5.475859660189599,1.6986069709864525e-05,3.1019914249001024e-06,22.51703980125,31.873887212027732,20.0,1.522470412922508e-05,4.28180897955599e-05,1.3450708341163894e-05,7.149350226594887e-05,0.0,United Kingdom,GBR,england,,,Linux-6.4.0-150700.53.73-default-x86_64-with-glibc2.38,3.12.12,3.3.0,8,AMD EPYC 7543P 32-Core Processor,1,1 x NVIDIA A100-SXM4-40GB,-2.5917,51.4535,64,machine,0.0,13.0,4.6,11.635171890258789,N,1.0,0.0
2026-09-27T06:48:54,mobilenet_v3_small_batch12_node_1_distill,a0cabbf2-309d-48cf-9e28-cc81df26b186,5b0fa12a-3dd7-45bb-9766-cc326314d9f1,6.706611173693091,2.573774918828314e-05,3.8376683129089595e-06,22.5388064671875,32.13399299403463,20.0,2.2957538709043104e-05,6.509866319959201e-05,2.0272673537126847e-05,0.00010832887544576197,0.0,United Kingdom,GBR,england,,,Linux-6.4.0-150700.53.73-default-x86_64-with-glibc2.38,3.12.12,3.3.0,8,AMD EPYC 7543P 32-Core Processor,1,1 x NVIDIA A100-SXM4-40GB,-2.5917,51.4535,64,machine,0.0,10.333333333333334,4.6,11.638795216878256,N,1.0,0.0
2026-09-27T06:48:57,mobilenet_v3_small_batch12_node_2_distill,06319ff1-e211-4c61-b4ba-9c38fec85e83,5b0fa12a-3dd7-45bb-9766-cc326314d9f1,3.6158443661406636,4.152542522176613e-06,1.1484295510784908e-06,22.56001138125,34.865748967822455,20.0,3.5862144161105004e-06,1.078417530209208e-05,3.1074502582972252e-06,1.7477839976499806e-05,0.0,United Kingdom,GBR,england,,,Linux-6.4.0-150700.53.73-default-x86_64-with-glibc2.38,3.12.12,3.3.0,8,AMD EPYC 7543P 32-Core Processor,1,1 x NVIDIA A100-SXM4-40GB,-2.5917,51.4535,64,machine,0,0,0,0,N,1.0,0.0
2026-09-27T06:49:02,mobilenet_v3_small_batch12_node_3_distill,9d8dfc75-cf35-4819-aca5-397de436a365,5b0fa12a-3dd7-45bb-9766-cc326314d9f1,4.313704520929605,9.033023425722665e-06,2.0940292460680745e-06,22.535866395,333.2898087901342,20.0,7.912862529294988e-06,2.3158907410447682e-05,6.947765584724645e-06,3.801953552446732e-05,0.0,United Kingdom,GBR,england,,,Linux-6.4.0-150700.53.73-default-x86_64-with-glibc2.38,3.12.12,3.3.0,8,AMD EPYC 7543P 32-Core Processor,1,1 x NVIDIA A100-SXM4-40GB,-2.5917,51.4535,64,machine,0.0,12.0,4.6,11.626762390136719,N,1.0,0.0
2026-09-27T06:49:08,mobilenet_v3_small_batch12_node_0_evaluate,f9368917-7e2c-4b98-8f7c-441666c44659,5b0fa12a-3dd7-45bb-9766-cc326314d9f1,6.378620969131589,2.2610018200068424e-05,3.544656174036101e-06,22.5272835590625,30.400940324403674,20.0,2.0846786068403433e-05,5.5910878060672076e-05,1.8406750890426338e-05,9.516441501950185e-05,0.0,United Kingdom,GBR,england,,,Linux-6.4.0-150700.53.73-default-x86_64-with-glibc2.38,3.12.12,3.3.0,8,AMD EPYC 7543P 32-Core Processor,1,1 x NVIDIA A100-SXM4-40GB,-2.5917,51.4535,64,machine,0.0,2.3333333333333335,4.6,11.616808573404947,N,1.0,0.0
2026-09-27T06:49:15,mobilenet_v3_small_batch12_node_1_evaluate,7f19339e-84e9-4908-8328-aa4da6704e6a,5b0fa12a-3dd7-45bb-9766-cc326314d9f1,6.4472540859133005,2.318354096720975e-05,3.5958782852786595e-06,22.52783494125,30.55476924958256,20.0,2.129659933003326e-05,5.746143484941513e-05,1.8820308956007163e-05,9.757834313545556e-05,0.0,United Kingdom,GBR,england,,,Linux-6.4.0-150700.53.73-default-x86_64-with-glibc2.38,3.12.12,3.3.0,8,AMD EPYC 7543P 32-Core Processor,1,1 x NVIDIA A100-SXM4-40GB,-2.5917,51.4535,64,machine,0.0,2.3333333333333335,4.6,11.640457153320312,N,1.0,0.0
2026-09-27T06:49:21,mobilenet_v3_small_batch12_node_2_evaluate,8734e9e1-bf22-43ef-9c3f-b0aa10a234e1,5b0fa12a-3dd7-45bb-9766-cc326314d9f1,6.278320678975433,2.2299639435299233e-05,3.551847791078161e-06,22.5252398278125,367.4104706471492,20.0,2.021270470288264e-05,5.578893352264913e-05,1.7856408381420704e-05,9.385804660695248e-05,0.0,United Kingdom,GBR,england,,,Linux-6.4.0-150700.53.73-default-x86_64-with-glibc2.38,3.12.12,3.3.0,8,AMD EPYC 7543P 32-Core Processor,1,1 x NVIDIA A100-SXM4-40GB,-2.5917,51.4535,64,machine,0.0,3.0,4.6,11.61365000406901,N,1.0,0.0
2026-09-27T06:49:27,mobilenet_v3_small_batch12_node_3_evaluate,f6b5a588-dbab-4eb7-a14c-a1cf2d190bff,5b0fa12a-3dd7-45bb-9766-cc326314d9f1,6.379647962283343,2.296297131628467e-05,3.599410414499734e-06,22.527591789375002,378.2848483811401,20.0,2.085085102811153e-05,5.7372268130961857e-05,1.842685754980064e-05,9.664997670887403e-05,0.0,United Kingdom,GBR,england,,,Linux-6.4.0-150700.53.73-default-x86_64-with-glibc2.38,3.12.12,3.3.0,8,AMD EPYC 7543P 32-Core Processor,1,1 x NVIDIA A100-SXM4-40GB,-2.5917,51.4535,64,machine,0.0,3.0,4.6,11.633553822835287,N,1.0,0.0
2026-09-27T06:49:34,efficientnet_lite0_batch12_node_0_local_train,9b4390d6-2566-468f-a6d5-de06c54a870c,5b0fa12a-3dd7-45bb-9766-cc326314d9f1,5.029067663941532,1.5702195223976894e-05,3.122287523900662e-06,22.524247653750002,39.049819941664474,20.0,1.2422247610986012e-05,4.271308974068688e-05,1.0954402594102755e-05,6.608973994577566e-05,0.0,United Kingdom,GBR,england,,,Linux-6.4.0-150700.53.73-default-x86_64-with-glibc2.38,3.12.12,3.3.0,8,AMD EPYC 7543P 32-Core Processor,1,1 x NVIDIA A100-SXM4-40GB,-2.5917,51.4535,64,machine,25.0,22.0,4.6,11.628433227539062,N,1.0,0.0
2026-09-27T06:49:41,efficientnet_lite0_batch12_node_0_evaluate,69b95fb6-f7ca-450b-a32f-95d9ceaa7fe9,5b0fa12a-3dd7-45bb-9766-cc326314d9f1,6.451253529172391,2.4459126845385447e-05,3.791375851961475e-06,22.525332674062504,33.41540943645082,20.0,2.1292237347845498e-05,6.283616139057813e-05,1.8818820389505063e-05,0.00010294721912792868,0.0,United Kingdom,GBR,england,,,Linux-6.4.0-150700.53.73-default-x86_64-with-glibc2.38,3.12.12,3.3.0,8,AMD EPYC 7543P 32-Core Processor,1,1 x NVIDIA A100-SXM4-40GB,-2.5917,51.4535,64,machine,0.0,5.666666666666667,4.6,11.636497497558594,N,1.0,0.0
2026-09-27T06:49:48,efficientnet_lite0_batch12_node_1_local_train,c5106d2e-93cb-4daa-b059-be36859f7001,5b0fa12a-3dd7-45bb-9766-cc326314d9f1,6.832393855322152,3.14301418460028e-05,4.600165404914417e-06,22.5314865984375,41.895376077083526,20.0,2.369103666092843e-05,8.765923679732168e-05,2.0937592756106622e-05,0.00013228786621435673,0.0,United Kingdom,GBR,england,,,Linux-6.4.0-150700.53.73-default-x86_64-with-glibc2.38,3.12.12,3.3.0,8,AMD EPYC 7543P 32-Core Processor,1,1 x NVIDIA A100-SXM4-40GB,-2.5917,51.4535,64,machine,0.0,31.0,4.633333333333333,11.671156565348307,N,1.0,0.0
2026-09-27T06:49:54,efficientnet_lite0_batch12_node_1_evaluate,2012c2cf-ca15-445e-8b8d-0c8936ca6e51,5b0fa12a-3dd7-45bb-9766-cc326314d9f1,6.668512142729014,2.607732900134205e-05,3.910516835419631e-06,22.5302377303125,344.18404137381,20.0,2.266793307958836e-05,6.705727585654131e-05,2.0032940647150907e-05,0.00010975814958328058,0.0,United Kingdom,GBR,england,,,Linux-6.4.0-150700.53.73-default-x86_64-with-glibc2.38,3.12.12,3.3.0,8,AMD EPYC 7543P 32-Core Processor,1,1 x NVIDIA A100-SXM4-40GB,-2.5917,51.4535,64,machine,0.0,9.666666666666666,4.6,11.655905405680338,N,1.0,0.0
2026-09-27T06:49:58,efficientnet_lite0_batch12_node_2_local_train,3775200b-391c-4bdb-bbc0-9a77443fa230,5b0fa12a-3dd7-45bb-9766-cc326314d9f1,3.369668326806277,2.8060702956371878e-06,8.327437668907731e-07,22.55789343375,46.67289151633299,20.0,2.034341654584594e-06,8.039450889896216e-06,1.7368144097013605e-06,1.1810606954182171e-05,0.0,United Kingdom,GBR,england,,,Linux-6.4.0-150700.53.73-default-x86_64-with-glibc2.38,3.12.12,3.3.0,8,AMD EPYC 7543P 32-Core Processor,1,1 x NVIDIA A100-SXM4-40GB,-2.5917,51.4535,64,machine,0,0,0,0,N,1.0,0.0
2026-09-27T06:50:04,efficientnet_lite0_batch12_node_2_evaluate,be39a74e-15ba-4085-93a9-50c1023bbc69,5b0fa12a-3dd7-45bb-9766-cc326314d9f1,6.341951277107,2.372353792554461e-05,3.740731659541627e-06,22.521680510625,33.58453710130782,20.0,2.0581226793625202e-05,6.107143774158885e-05,1.8198498294481802e-05,9.985116282969586e-05,0.0,United Kingdom,GBR,england,,,Linux-6.4.0-150700.53.73-default-x86_64-with-glibc2.38,3.12.12,3.3.0,8,AMD EPYC 7543P 32-Core Processor,1,1 x NVIDIA A100-SXM4-40GB,-2.5917,51.4535,64,machine,0.0,4.333333333333333,4.633333333333333,11.669076283772787,N,1.0,0.0
2026-09-27T06:50:08,efficientnet_lite0_batch12_node_3_local_train,252e1501-0db6-496b-863a-65c7576a1160,5b0fa12a-3dd7-45bb-9766-cc326314d9f1,4.152638410683721,8.929983298865178e-06,2.150436039865768e-06,22.530477313125,40.570425877098,20.0,6.928722637351161e-06,2.4583353010143583e-05,6.073769231119918e-06,3.758584487861466e-05,0.0,United Kingdom,GBR,england,,,Linux-6.4.0-150700.53.73-default-x86_64-with-glibc2.38,3.12.12,3.3.0,8,AMD EPYC 7543P 32-Core Processor,1,1 x NVIDIA A100-SXM4-40GB,-2.5917,51.4535,64,machine,0.0,25.0,4.6,11.684856414794922,N,1.0,0.0
2026-09-27T06:50:15,efficientnet_lite0_batch12_node_3_evaluate,6832b060-12b4-46ab-9a24-3f1acb55b130,5b0fa12a-3dd7-45bb-9766-cc326314d9f1,6.412404589820653,2.39833740830269e-05,3.7401529718039338e-06,22.5236884246875,32.86781710838115,20.0,2.108820416435164e-05,6.12122712055907e-05,1.8644324612493315e-05,0.00010094479998243564,0.0,United Kingdom,GBR,england,,,Linux-6.4.0-150700.53.73-default-x86_64-with-glibc2.38,3.12.12,3.3.0,8,AMD EPYC 7543P 32-Core Processor,1,1 x NVIDIA A100-SXM4-40GB,-2.5917,51.4535,64,machine,0.0,6.666666666666667,4.6,11.661814371744791,N,1.0,0.0
2026-09-27T06:50:19,efficientnet_lite0_batch12_node_0_knowledge_extraction,09df3ed9-ad52-4eb7-8281-3219288d96ee,5b0fa12a-3dd7-45bb-9766-cc326314d9f1,4.024957974907011,7.048109393577388e-06,1.7511013624285658e-06,22.59240814125,33.87151334993991,20.0,6.1610669399863315e-06,1.813557007324107e-05,5.3684964465598265e-06,2.966513345978723e-05,0.0,United Kingdom,GBR,england,,,Linux-6.4.0-150700.53.73-default-x86_64-with-glibc2.38,3.12.12,3.3.0,8,AMD EPYC 7543P 32-Core Processor,1,1 x NVIDIA A100-SXM4-40GB,-2.5917,51.4535,64,machine,0,0,0,0,N,1.0,0.0
2026-09-27T06:50:24,efficientnet_lite0_batch12_node_1_knowledge_extraction,7dc352c0-9185-4cfa-9cad-90a4248b59db,5b0fa12a-3dd7-45bb-9766-cc326314d9f1,4.607453900855035,1.0866494981580467e-05,2.358459838212142e-06,22.5565539975,31.87833348612888,20.0,9.794830998517785e-06,2.7348355217782228e-05,8.593337703496219e-06,4.573652391979623e-05,0.0,United Kingdom,GBR,england,,,Linux-6.4.0-150700.53.73-default-x86_64-with-glibc2.38,3.12.12,3.3.0,8,AMD EPYC 7543P 32-Core Processor,1,1 x NVIDIA A100-SXM4-40GB,-2.5917,51.4535,64,machine,0.0,8.0,4.6,11.672534942626953,N,1.0,0.0
2026-09-27T06:50:27,efficientnet_lite0_batch12_node_2_knowledge_extraction,ee9696b6-3aea-45ee-ba16-919258cef3c9,5b0fa12a-3dd7-45bb-9766-cc326314d9f1,3.2967744250781834,1.967193781531987e-06,5.967025728444659e-07,22.57884216,40.6466689459999,20.0,1.5832542599390696e-06,5.3627820619794875e-06,1.3337821104667255e-06,8.279818432385282e-06,0.0,United Kingdom,GBR,england,,,Linux-6.4.0-150700.53.73-default-x86_64-with-glibc2.38,3.12.12,3.3.0,8,AMD EPYC 7543P 32-Core Processor,1,1 x NVIDIA A100-SXM4-40GB,-2.5917,51.4535,64,machine,0,0,0,0,N,1.0,0.0
2026-09-27T06:50:35,mobilevit_xxs_batch12_node_0_local_train,c6b9248d-5bf7-4476-ac26-48e5e4e93b66,5b0fa12a-3dd7-45bb-9766-cc326314d9f1,6.111037218011916,2.3270049502941537e-05,3.8078723255611113e-06,22.523867308125006,36.428355756918215,20.0,1.9203023477919782e-05,6.176893829490382e-05,1.6970491383431685e-05,9.794245315625528e-05,0.0,United Kingdom,GBR,england,,,Linux-6.4.0-150700.53.73-default-x86_64-with-glibc2.38,3.12.12,3.3.0,8,AMD EPYC 7543P 32-Core Processor,1,1 x NVIDIA A100-SXM4-40GB,-2.5917,51.4535,64,machine,0.0,20.666666666666668,4.7,11.733842213948568,N,1.0,0.0
2026-09-27T06:50:42,mobilevit_xxs_batch12_node_0_evaluate,bfcfc407-2bac-42eb-afeb-f36aa58b92f9,5b0fa12a-3dd7-45bb-9766-cc326314d9f1,6.61865135608241,2.5444644159217343e-05,3.844385025029944e-06,22.5265171725,32.83475573936897,20.0,2.238268179517354e-05,6.49250519444422e-05,1.978747756737802e-05,0.00010709521130699377,0.0,United Kingdom,GBR,england,,,Linux-6.4.0-150700.53.73-default-x86_64-with-glibc2.38,3.12.12,3.3.0,8,AMD EPYC 7543P 32-Core Processor,1,1 x NVIDIA A100-SXM4-40GB,-2.5917,51.4535,64,machine,0.0,11.666666666666666,4.7,11.732950846354166,N,1.0,0.0
2026-09-27T06:50:50,mobilevit_xxs_batch12_node_1_local_train,3a86b208-9f05-410b-a868-502cc3a852ad,5b0fa12a-3dd7-45bb-9766-cc326314d9f1,8.820059169083834,4.441506671865894e-05,5.035688068209691e-06,22.538613898125,37.13101666434738,20.0,3.619010849552443e-05,0.00011875398388383474,3.1996661269416405e-05,0.00018694075364877557,0.0,United Kingdom,GBR,england,,,Linux-6.4.0-150700.53.73-default-x86_64-with-glibc2.38,3.12.12,3.3.0,8,AMD EPYC 7543P 32-Core Processor,1,1 x NVIDIA A100-SXM4-40GB,-2.5917,51.4535,64,machine,0.0,22.6,4.7,11.736908721923829,N,1.0,0.0
2026-09-27T06:50:57,mobilevit_xxs_batch12_node_1_evaluate,53128f02-5dab-4dfc-a1b2-6a2c1624d6af,5b0fa12a-3dd7-45bb-9766-cc326314d9f1,6.67057834379375,2.564475788771296e-05,3.844457941427617e-06,22.530282913125,32.58289333172824,20.0,2.2675173550652614e-05,6.522866330271881e-05,2.003364294456939e-05,0.00010793747979794082,0.0,United Kingdom,GBR,england,,,Linux-6.4.0-150700.53.73-default-x86_64-with-glibc2.38,3.12.12,3.3.0,8,AMD EPYC 7543P 32-Core Processor,1,1 x NVIDIA A100-SXM4-40GB,-2.5917,51.4535,64,machine,0.0,10.0,4.7,11.72390619913737,N,1.0,0.0
2026-09-27T06:51:01,mobilevit_xxs_batch12_node_2_local_train,67026da9-24cf-4e3c-b8d9-a511264210e2,5b0fa12a-3dd7-45bb-9766-cc326314d9f1,3.4674818427301943,3.0012443465926485e-06,8.655400324258241e-07,22.541029031250005,34.09059000960464,20.0,2.64856357576925e-06,7.699450605969105e-06,2.2840704122144316e-06,1.2632084593952786e-05,0.0,United Kingdom,GBR,england,,,Linux-6.4.0-150700.53.73-default-x86_64-with-glibc2.38,3.12.12,3.3.0,8,AMD EPYC 7543P 32-Core Processor,1,1 x NVIDIA A100-SXM4-40GB,-2.5917,51.4535,64,machine,0,0,0,0,N,1.0,0.0
2026-09-27T06:51:07,mobilevit_xxs_batch12_node_2_evaluate,68e36168-524f-440a-a2ae-892d61cfa582,5b0fa12a-3dd7-45bb-9766-cc326314d9f1,6.4797825631685555,2.421722615006424e-05,3.737351664809912e-06,22.523701030312502,32.30920500506476,20.0,2.1512177439656735e-05,6.139727135234807e-05,1.90196226299223e-05,0.00010192907142192711,0.0,United Kingdom,GBR,england,,,Linux-6.4.0-150700.53.73-default-x86_64-with-glibc2.38,3.12.12,3.3.0,8,AMD EPYC 7543P 32-Core Processor,1,1 x NVIDIA A100-SXM4-40GB,-2.5917,51.4535,64,machine,0.0,6.666666666666667,4.7,11.745379130045572,N,1.0,0.0
2026-09-27T06:51:12,mobilevit_xxs_batch12_node_3_local_train,d8609886-377b-4172-be9e-7dfeb8bf4885,5b0fa12a-3dd7-45bb-9766-cc326314d9f1,4.696097897831351,1.2370719425291052e-05,2.6342550122312885e-06,22.528484409375004,35.88183588833095,20.0,1.0340380753641251e-05,3.262169275330962e-05,9.105654482522773e-06,5.2067727989473636e-05,0.0,United Kingdom,GBR,england,,,Linux-6.4.0-150700.53.73-default-x86_64-with-glibc2.38,3.12.12,3.3.0,8,AMD EPYC 7543P 32-Core Processor,1,1 x NVIDIA A100-SXM4-40GB,-2.5917,51.4535,64,machine,0.0,26.0,4.7,11.754642486572266,N,1.0,0.0
2026-09-27T06:51:18,mobilevit_xxs_batch12_node_3_evaluate,d8e75314-0ce3-4e3f-922b-26d577f2597e,5b0fa12a-3dd7-45bb-9766-cc326314d9f1,6.495861575007439,2.4175829878362205e-05,3.721727995463715e-06,22.5263900025,31.97309263952855,20.0,2.161432893568597e-05,6.103643771382394e-05,1.910406997323864e-05,0.00010175483662274855,0.0,United Kingdom,GBR,england,,,Linux-6.4.0-150700.53.73-default-x86_64-with-glibc2.38,3.12.12,3.3.0,8,AMD EPYC 7543P 32-Core Processor,1,1 x NVIDIA A100-SXM4-40GB,-2.5917,51.4535,64,machine,0.0,5.0,4.7,11.74972661336263,N,1.0,0.0
2026-09-27T06:51:23,mobilevit_xxs_batch12_node_1_knowledge_extraction,80ffe2ff-a6e0-445a-a01b-5385b5e2c8d1,5b0fa12a-3dd7-45bb-9766-cc326314d9f1,4.635856528766453,1.1357601481796185e-05,2.4499467167113362e-06,22.555894303125,33.25555219141911,20.0,9.973588999262353e-06,2.907335660040644e-05,8.756620566257171e-06,4.7803566165925966e-05,0.0,United Kingdom,GBR,england,,,Linux-6.4.0-150700.53.73-default-x86_64-with-glibc2.38,3.12.12,3.3.0,8,AMD EPYC 7543P 32-Core Processor,1,1 x NVIDIA A100-SXM4-40GB,-2.5917,51.4535,64,machine,0.0,10.0,4.7,11.750938415527344,N,1.0,0.0
2026-09-27T06:51:27,mobilevit_xxs_batch12_node_2_knowledge_extraction,c3463977-3b82-4583-8e4e-4e7f91c2ba06,5b0fa12a-3dd7-45bb-9766-cc326314d9f1,3.3140015839599073,1.5156523414536503e-06,4.57348104113636e-07,22.5713782125,25.05787608309492,20.0,1.6182585415246318e-06,3.392780499211767e-06,1.3682644684902495e-06,6.379303509226649e-06,0.0,United Kingdom,GBR,england,,,Linux-6.4.0-150700.53.73-default-x86_64-with-glibc2.38,3.12.12,3.3.0,8,AMD EPYC 7543P 32-Core Processor,1,1 x NVIDIA A100-SXM4-40GB,-2.5917,51.4535,64,machine,0,0,0,0,N,1.0,0.0
2026-09-27T06:51:30,mobilevit_xxs_batch12_node_3_knowledge_extraction,b7976032-2476-4284-bd84-23ae7acd11c8,5b0fa12a-3dd7-45bb-9766-cc326314d9f1,3.6469452399760485,4.221536127132743e-06,1.1575540210635212e-06,22.607447309999998,33.00738560052606,20.0,3.7921811354586194e-06,1.0712786334465818e-05,3.263263075819446e-06,1.7768230545743883e-05,0.0,United Kingdom,GBR,england,,,Linux-6.4.0-150700.53.73-default-x86_64-with-glibc2.38,3.12.12,3.3.0,8,AMD EPYC 7543P 32-Core Processor,1,1 x NVIDIA A100-SXM4-40GB,-2.5917,51.4535,64,machine,0,0,0,0,N,1.0,0.0
2026-09-27T06:51:36,mobilevit_xxs_batch12_node_0_distill,7b9a084c-551f-4536-b862-1624d43930d4,5b0fa12a-3dd7-45bb-9766-cc326314d9f1,5.564760788809508,1.9213984973321916e-05,3.4527962121858687e-06,22.514553506250003,36.80061117418179,20.0,1.575843844253766e-05,5.118420762073583e-05,1.3928038073289724e-05,8.087068413656321e-05,0.0,United Kingdom,GBR,england,,,Linux-6.4.0-150700.53.73-default-x86_64-with-glibc2.38,3.12.12,3.3.0,8,AMD EPYC 7543P 32-Core Processor,1,1 x NVIDIA A100-SXM4-40GB,-2.5917,51.4535,64,machine,16.65,27.5,4.7,11.759944915771484,N,1.0,0.0
2026-09-27T06:51:43,mobilevit_xxs_batch12_node_0_evaluate,9d6d691f-624e-470d-8c90-1d41f19556ea,5b0fa12a-3dd7-45bb-9766-cc326314d9f1,6.587988464161754,2.4885916139448297e-05,3.7774680807087214e-06,22.526777764687502,32.17382607535452,20.0,2.2165538168528776e-05,6.298671705451397e-05,1.959129830615388e-05,0.00010474355352919662,0.0,United Kingdom,GBR,england,,,Linux-6.4.0-150700.53.73-default-x86_64-with-glibc2.38,3.12.12,3.3.0,8,AMD EPYC 7543P 32-Core Processor,1,1 x NVIDIA A100-SXM4-40GB,-2.5917,51.4535,64,machine,0.0,9.0,4.7,11.73037846883138,N,1.0,0.0
2026-09-27T06:51:58,mobilenet_v3_small_batch13_node_0_local_train,184b46b4-1096-447f-aa6a-18cff8eea5ad,5b0fa12a-3dd7-45bb-9766-cc326314d9f1,6.642429751344025,2.4641695062228154e-05,3.709741161694961e-06,22.5469189209375,31.360578157571034,20.0,2.246238723627486e-05,6.138310465075847e-05,1.9870147566931942e-05,0.00010371563945396528,0.0,United Kingdom,GBR,england,,,Linux-6.4.0-150700.53.73-default-x86_64-with-glibc2.38,3.12.12,3.3.0,8,AMD EPYC 7543P 32-Core Processor,1,1 x NVIDIA A100-SXM4-40GB,-2.5917,51.4535,64,machine,22.233333333333334,7.0,4.5,11.344381968180338,N,1.0,0.0
2026-09-27T06:52:06,mobilenet_v3_small_batch13_node_0_evaluate,3885a656-fb89-4d3c-ae79-484eaf3cbd30,5b0fa12a-3dd7-45bb-9766-cc326314d9f1,7.772837944328785,3.199410523583037e-05,4.116142066125783e-06,22.5393008355,380.58880802385437,20.0,2.9641976755595103e-05,7.88247852767654e-05,2.6194797365719245e-05,0.00013466155939807976,0.0,United Kingdom,GBR,england,,,Linux-6.4.0-150700.53.73-default-x86_64-with-glibc2.38,3.12.12,3.3.0,8,AMD EPYC 7543P 32-Core Processor,1,1 x NVIDIA A100-SXM4-40GB,-2.5917,51.4535,64,machine,0.0,2.25,4.574999999999999,11.449594497680664,N,1.0,0.0
2026-09-27T06:52:15,mobilenet_v3_small_batch13_node_1_local_train,373e0280-c8cc-43a5-8532-c434f8527eaf,5b0fa12a-3dd7-45bb-9766-cc326314d9f1,9.563791854772717,4.5554886310720235e-05,4.763266181706633e-06,22.55312865214286,31.73164588701218,20.0,4.0927511116603105e-05,0.00011466175838847903,3.614892675282641e-05,0.00019173819625790855,0.0,United Kingdom,GBR,england,,,Linux-6.4.0-150700.53.73-default-x86_64-with-glibc2.38,3.12.12,3.3.0,8,AMD EPYC 7543P 32-Core Processor,1,1 x NVIDIA A100-SXM4-40GB,-2.5917,51.4535,64,machine,0.0,9.5,4.6,11.610139846801758,N,1.0,0.0
2026-09-27T06:52:22,mobilenet_v3_small_batch13_node_1_evaluate,4389584c-2e7b-4897-8eaa-54b1de30985a,5b0fa12a-3dd7-45bb-9766-cc326314d9f1,6.299198791850358,2.199006162300761e-05,3.490929934050889e-06,22.5428943853125,30.176852028276684,20.0,2.0378610896057048e-05,5.419698781850002e-05,1.7979450648029644e-05,9.25550493625867e-05,0.0,United Kingdom,GBR,england,,,Linux-6.4.0-150700.53.73-default-x86_64-with-glibc2.38,3.12.12,3.3.0,8,AMD EPYC 7543P 32-Core Processor,1,1 x NVIDIA A100-SXM4-40GB,-2.5917,51.4535,64,machine,0.0,4.666666666666667,4.6,11.615838368733725,N,1.0,0.0
2026-09-27T06:52:25,mobilenet_v3_small_batch13_node_2_local_train,076b1002-23af-42e4-bbef-5d9ac2a806bc,5b0fa12a-3dd7-45bb-9766-cc326314d9f1,3.681145439390093,4.167110763492188e-06,1.132014703603401e-06,22.51191196125,29.487985224729258,20.0,3.975843944337585e-06,1.0117785876673224e-05,3.4455271411894092e-06,1.753915696220022e-05,0.0,United Kingdom,GBR,england,,,Linux-6.4.0-150700.53.73-default-x86_64-with-glibc2.38,3.12.12,3.3.0,8,AMD EPYC 7543P 32-Core Processor,1,1 x NVIDIA A100-SXM4-40GB,-2.5917,51.4535,64,machine,0,0,0,0,N,1.0,0.0
2026-09-27T06:52:31,mobilenet_v3_small_batch13_node_2_evaluate,e1753976-6ef4-4878-82ba-01107df1d31d,5b0fa12a-3dd7-45bb-9766-cc326314d9f1,5.953359472099692,1.9827379037209993e-05,3.330452180845225e-06,22.528404540000004,30.64600323710234,20.0,1.819109099506842e-05,4.9194483807468714e-05,1.606685370724234e-05,8.345242850977947e-05,0.0,United Kingdom,GBR,england,,,Linux-6.4.0-150700.53.73-default-x86_64-with-glibc2.38,3.12.12,3.3.0,8,AMD EPYC 7543P 32-Core Processor,1,1 x NVIDIA A100-SXM4-40GB,-2.5917,51.4535,64,machine,0.0,3.5,4.6,11.628435134887695,N,1.0,0.0
2026-09-27T06:52:37,mobilenet_v3_small_batch13_node_3_local_train,b54c36be-8326-49bf-b674-b8208d3813d4,5b0fa12a-3dd7-45bb-9766-cc326314d9f1,5.426487488206476,1.6611471830238184e-05,3.0611831071831127e-06,22.520201534999998,31.848779908366474,20.0,1.4903803778467578e-05,4.185642238496712e-05,1.3156612706370653e-05,6.991683886980535e-05,0.0,United Kingdom,GBR,england,,,Linux-6.4.0-150700.53.73-default-x86_64-with-glibc2.38,3.12.12,3.3.0,8,AMD EPYC 7543P 32-Core Processor,1,1 x NVIDIA A100-SXM4-40GB,-2.5917,51.4535,64,machine,0.0,7.0,4.7,11.710844039916992,N,1.0,0.0
2026-09-27T06:52:43,mobilenet_v3_small_batch13_node_3_evaluate,5518ff07-dd15-481e-904b-d7e1d86a5a46,5b0fa12a-3dd7-45bb-9766-cc326314d9f1,6.024893149267882,2.0459472333022102e-05,3.3958232662612856e-06,22.533067170000002,367.68494674133166,20.0,1.867571920395862e-05,5.094809631600583e-05,1.648906147780104e-05,8.611287699776548e-05,0.0,United Kingdom,GBR,england,,,Linux-6.4.0-150700.53.73-default-x86_64-with-glibc2.38,3.12.12,3.3.0,8,AMD EPYC 7543P 32-Core Processor,1,1 x NVIDIA A100-SXM4-40GB,-2.5917,51.4535,64,machine,0.0,5.0,4.65,11.714561462402344,N,1.0,0.0
2026-09-27T06:52:48,mobilenet_v3_small_batch13_node_1_knowledge_extraction,3047cd88-f408-468f-9990-ea2d47970e86,5b0fa12a-3dd7-45bb-9766-cc326314d9f1,4.898599943611771,1.2383596278997484e-05,2.5279868577851193e-06,22.551672886875004,29.7299961099689,20.0,1.1605876136675491e-05,3.0307524241379724e-05,1.020852563281854e-05,5.212192601087375e-05,0.0,United Kingdom,GBR,england,,,Linux-6.4.0-150700.53.73-default-x86_64-with-glibc2.38,3.12.12,3.3.0,8,AMD EPYC 7543P 32-Core Processor,1,1 x NVIDIA A100-SXM4-40GB,-2.5917,51.4535,64,machine,0.0,3.0,4.6,11.690338134765625,N,1.0,0.0
2026-09-27T06:52:51,mobilenet_v3_small_batch13_node_2_knowledge_extraction,26be701c-28aa-49ef-9ecd-997f55acc701,5b0fa12a-3dd7-45bb-9766-cc326314d9f1,3.3155576759018004,1.934489866889382e-06,5.83458366883399e-07,22.56440067,34.99149395403422,20.0,1.7009938037768344e-06,4.99833733158539e-06,1.4428381859842276e-06,8.142169321346451e-06,0.0,United Kingdom,GBR,england,,,Linux-6.4.0-150700.53.73-default-x86_64-with-glibc2.38,3.12.12,3.3.0,8,AMD EPYC 7543P 32-Core Processor,1,1 x NVIDIA A100-SXM4-40GB,-2.5917,51.4535,64,machine,0,0,0,0,N,1.0,0.0
2026-09-27T06:52:55,mobilenet_v3_small_batch13_node_3_knowledge_extraction,a1a009c1-d747-41c0-854d-0ea9f80a6102,5b0fa12a-3dd7-45bb-9766-cc326314d9f1,3.6503177168779075,4.075175906528334e-06,1.1163893728170613e-06,22.61389258125,30.77440164947714,20.0,3.8015275910886456e-06,1.0065563600392124e-05,3.28511664023002e-06,1.715220783171079e-05,0.0,United Kingdom,GBR,england,,,Linux-6.4.0-150700.53.73-default-x86_64-with-glibc2.38,3.12.12,3.3.0,8,AMD EPYC 7543P 32-Core Processor,1,1 x NVIDIA A100-SXM4-40GB,-2.5917,51.4535,64,machine,0,0,0,0,N,1.0,0.0
2026-09-27T06:53:00,mobilenet_v3_small_batch13_node_0_distill,cd898fe8-1241-4ef6-84c8-b86472187491,5b0fa12a-3dd7-45bb-9766-cc326314d9f1,5.022100196685642,1.3702684170709858e-05,2.72847685909433e-06,22.539384225,31.448792152209457,20.0,1.2411369435321063e-05,3.4331694124034584e-05,1.0930836203301118e-05,5.7673899762656764e-05,0.0,United Kingdom,GBR,england,,,Linux-6.4.0-150700.53.73-default-x86_64-with-glibc2.38,3.12.12,3.3.0,8,AMD EPYC 7543P 32-Core Processor,1,1 x NVIDIA A100-SXM4-40GB,-2.5917,51.4535,64,machine,0.0,10.0,4.7,11.926460266113281,N,1.0,0.0
2026-09-27T06:53:07,mobilenet_v3_small_batch13_node_1_distill,9bafb0f2-b4be-4f50-a597-d9dad8ea216c,5b0fa12a-3dd7-45bb-9766-cc326314d9f1,6.814483128953725,2.684377125710055e-05,3.939223378959639e-06,22.536780480000004,32.8070327891509,20.0,2.3638559751350143e-05,6.846283255868002e-05,2.0882673690923388e-05,0.00011298406600095354,0.0,United Kingdom,GBR,england,,,Linux-6.4.0-150700.53.73-default-x86_64-with-glibc2.38,3.12.12,3.3.0,8,AMD EPYC 7543P 32-Core Processor,1,1 x NVIDIA A100-SXM4-40GB,-2.5917,51.4535,64,machine,0.0,12.666666666666666,4.7,11.926355997721354,N,1.0,0.0
2026-09-27T06:53:10,mobilenet_v3_small_batch13_node_2_distill,c93bb235-3f03-42f4-8c54-8cde816a6d6f,5b0fa12a-3dd7-45bb-9766-cc326314d9f1,3.650758121162653,4.219183759973079e-06,1.1557007120015391e-06,22.53472875,32.82381061275895,20.0,3.768974111250365e-06,1.07116752303682e-05,3.277680210562216e-06,1.775832955218078e-05,0.0,United Kingdom,GBR,england,,,Linux-6.4.0-150700.53.73-default-x86_64-with-glibc2.38,3.12.12,3.3.0,8,AMD EPYC 7543P 32-Core Processor,1,1 x NVIDIA A100-SXM4-40GB,-2.5917,51.4535,64,machine,0,0,0,0,N,1.0,0.0
2026-09-27T06:53:15,mobilenet_v3_small_batch13_node_3_distill,1e7d51d6-6846-45bd-82c2-b3ae78c05a1f,5b0fa12a-3dd7-45bb-9766-cc326314d9f1,4.494813379831612,1.0414686746172086e-05,2.3170454179261716e-06,22.534703690625,369.1383887496856,20.0,9.08227456007337e-06,2.6770576980084115e-05,7.98203452852451e-06,4.3834886068681996e-05,0.0,United Kingdom,GBR,england,,,Linux-6.4.0-150700.53.73-default-x86_64-with-glibc2.38,3.12.12,3.3.0,8,AMD EPYC 7543P 32-Core Processor,1,1 x NVIDIA A100-SXM4-40GB,-2.5917,51.4535,64,machine,0.0,15.0,4.8,11.986446380615234,N,1.0,0.0
2026-09-27T06:53:21,mobilenet_v3_small_batch13_node_0_evaluate,e5b39363-edb2-4b20-9bb5-357ab80cf07f,5b0fa12a-3dd7-45bb-9766-cc326314d9f1,6.151608140673488,2.0706877583118582e-05,3.3660917778894087e-06,22.537464044062503,29.47387131034188,20.0,1.944902041517576e-05,5.0542540435571937e-05,1.7162632243707776e-05,8.715419309445548e-05,0.0,United Kingdom,GBR,england,,,Linux-6.4.0-150700.53.73-default-x86_64-with-glibc2.38,3.12.12,3.3.0,8,AMD EPYC 7543P 32-Core Processor,1,1 x NVIDIA A100-SXM4-40GB,-2.5917,51.4535,64,machine,0.0,2.6666666666666665,4.7,11.879465738932291,N,1.0,0.0
2026-09-27T06:53:28,mobilenet_v3_small_batch13_node_1_evaluate,a417554f-9cad-4ebb-8163-ec6a0f7ac1e7,5b0fa12a-3dd7-45bb-9766-cc326314d9f1,6.223861273843795,2.1750638114271418e-05,3.4947176932879225e-06,22.538827603125,30.96338427796509,20.0,1.9841058133818623e-05,5.4190598916648014e-05,1.751567095828553e-05,9.154732800875217e-05,0.0,United Kingdom,GBR,england,,,Linux-6.4.0-150700.53.73-default-x86_64-with-glibc2.38,3.12.12,3.3.0,8,AMD EPYC 7543P 32-Core Processor,1,1 x NVIDIA A100-SXM4-40GB,-2.5917,51.4535,64,machine,0.0,4.0,4.7,11.88592783610026,N,1.0,0.0
2026-09-27T06:53:34,mobilenet_v3_small_batch13_node_2_evaluate,1346ad09-a40f-4ce3-b76d-3dfb182b5f2e,5b0fa12a-3dd7-45bb-9766-cc326314d9f1,6.151257383171469,2.1218636959565312e-05,3.4494796165764397e-06,22.538858686875,30.619858943464745,20.0,1.9486656557773084e-05,5.2621708746869444e-05,1.719979694009655e-05,8.930816224473908e-05,0.0,United Kingdom,GBR,england,,,Linux-6.4.0-150700.53.73-default-x86_64-with-glibc2.38,3.12.12,3.3.0,8,AMD EPYC 7543P 32-Core Processor,1,1 x NVIDIA A100-SXM4-40GB,-2.5917,51.4535,64,machine,0.0,3.0,4.7,11.88906987508138,N,1.0,0.0
2026-09-27T06:53:40,mobilenet_v3_small_batch13_node_3_evaluate,1e9751df-e87f-42a0-ae06-c63a38908031,5b0fa12a-3dd7-45bb-9766-cc326314d9f1,6.097363017965108,2.1014804844551654e-05,3.446539886609046e-06,22.538067494062503,394.44992455244636,20.0,1.9136154605265955e-05,5.242476414935027e-05,1.6889324499708083e-05,8.84502432543243e-05,0.0,United Kingdom,GBR,england,,,Linux-6.4.0-150700.53.73-default-x86_64-with-glibc2.38,3.12.12,3.3.0,8,AMD EPYC 7543P 32-Core Processor,1,1 x NVIDIA A100-SXM4-40GB,-2.5917,51.4535,64,machine,0.0,3.0,4.7,11.887825012207031,N,1.0,0.0
2026-09-27T06:53:46,efficientnet_lite0_batch13_node_0_local_train,61d4be23-5517-44c6-a5bc-2a748fd58714,5b0fa12a-3dd7-45bb-9766-cc326314d9f1,4.909124223981053,1.5260534984455952e-05,3.108606400691247e-06,22.532604676875003,41.38840769331391,20.0,1.1631815696062015e-05,4.235197833679649e-05,1.0247020459630423e-05,6.423081449248893e-05,0.0,United Kingdom,GBR,england,,,Linux-6.4.0-150700.53.73-default-x86_64-with-glibc2.38,3.12.12,3.3.0,8,AMD EPYC 7543P 32-Core Processor,1,1 x NVIDIA A100-SXM4-40GB,-2.5917,51.4535,64,machine,0.0,36.0,4.7,11.918506622314453,N,1.0,0.0
2026-09-27T06:53:53,efficientnet_lite0_batch13_node_0_evaluate,b5cd2a12-f547-469e-b065-adc80d436c52,5b0fa12a-3dd7-45bb-9766-cc326314d9f1,6.158414346631616,2.2717321079215224e-05,3.6888263440150962e-06,22.536488728125,34.19498187444838,20.0,1.9525306173830088e-05,5.8862547092530804e-05,1.722819410626673e-05,9.561604737262762e-05,0.0,United Kingdom,GBR,england,,,Linux-6.4.0-150700.53.73-default-x86_64-with-glibc2.38,3.12.12,3.3.0,8,AMD EPYC 7543P 32-Core Processor,1,1 x NVIDIA A100-SXM4-40GB,-2.5917,51.4535,64,machine,0.0,6.333333333333333,4.7,11.934796651204428,N,1.0,0.0
2026-09-27T06:54:00,efficientnet_lite0_batch13_node_1_local_train,6d991a37-f8f2-431f-87f0-bf6e8cd91f46,5b0fa12a-3dd7-45bb-9766-cc326314d9f1,6.923297362867743,3.139828978430277e-05,4.535164118863888e-06,22.528231512187503,40.40457980482066,20.0,2.423817282986652e-05,8.64900692079118e-05,2.1425560471187865e-05,0.0001321538025089662,0.0,United Kingdom,GBR,england,,,Linux-6.4.0-150700.53.73-default-x86_64-with-glibc2.38,3.12.12,3.3.0,8,AMD EPYC 7543P 32-Core Processor,1,1 x NVIDIA A100-SXM4-40GB,-2.5917,51.4535,64,machine,0.0,26.666666666666668,4.766666666666667,11.963456471761068,N,1.0,0.0
2026-09-27T06:54:06,efficientnet_lite0_batch13_node_1_evaluate,ea2e8771-2e91-4066-8dc1-7bf5412974b7,5b0fa12a-3dd7-45bb-9766-cc326314d9f1,6.150822030380368,2.2612597864927297e-05,3.6763537870610328e-06,22.537239648750003,34.180627149857024,20.0,1.9434496372902546e-05,5.858560241733812e-05,1.715517390726341e-05,9.517527269750409e-05,0.0,United Kingdom,GBR,england,,,Linux-6.4.0-150700.53.73-default-x86_64-with-glibc2.38,3.12.12,3.3.0,8,AMD EPYC 7543P 32-Core Processor,1,1 x NVIDIA A100-SXM4-40GB,-2.5917,51.4535,64,machine,11.1,8.333333333333334,4.8,11.953380584716797,N,1.0,0.0
2026-09-27T06:54:09,efficientnet_lite0_batch13_node_2_local_train,0ea5a492-f316-4e41-bd57-490493afc46d,5b0fa12a-3dd7-45bb-9766-cc326314d9f1,3.4300573538057506,2.8022590476443986e-06,8.169714843208697e-07,22.510512078750004,36.17326142743063,20.0,2.3800262246440274e-06,7.364450326008409e-06,2.0500890548444457e-06,1.1794565605496882e-05,0.0,United Kingdom,GBR,england,,,Linux-6.4.0-150700.53.73-default-x86_64-with-glibc2.38,3.12.12,3.3.0,8,AMD EPYC 7543P 32-Core Processor,1,1 x NVIDIA A100-SXM4-40GB,-2.5917,51.4535,64,machine,0,0,0,0,N,1.0,0.0
2026-09-27T06:54:15,efficientnet_lite0_batch13_node_2_evaluate,4dcc3fbe-eb45-4500-9313-e3947212d7f7,5b0fa12a-3dd7-45bb-9766-cc326314d9f1,6.017803674098104,2.135622925479532e-05,3.548841140616972e-06,22.525607576250003,33.40855330758716,20.0,1.8604643205031046e-05,5.4845321642460476e-05,1.6437316359952092e-05,8.988728120744362e-05,0.0,United Kingdom,GBR,england,,,Linux-6.4.0-150700.53.73-default-x86_64-with-glibc2.38,3.12.12,3.3.0,8,AMD EPYC 7543P 32-Core Processor,1,1 x NVIDIA A100-SXM4-40GB,-2.5917,51.4535,64,machine,0.0,7.0,4.75,11.952859878540039,N,1.0,0.0
2026-09-27T06:54:20,efficientnet_lite0_batch13_node_3_local_train,0e34a8c7-27ca-41d9-84df-1d6a55f13277,5b0fa12a-3dd7-45bb-9766-cc326314d9f1,4.357249047141522,1.0390082538807497e-05,2.384550992242154e-06,22.52567629125,39.21804291908058,20.0,8.224077739074534e-06,2.8277522631015017e-05,7.229727842948503e-06,4.373132821303805e-05,0.0,United Kingdom,GBR,england,,,Linux-6.4.0-150700.53.73-default-x86_64-with-glibc2.38,3.12.12,3.3.0,8,AMD EPYC 7543P 32-Core Processor,1,1 x NVIDIA A100-SXM4-40GB,-2.5917,51.4535,64,machine,0.0,22.0,4.8,11.988025665283203,N,1.0,0.0
2026-09-27T06:54:26,efficientnet_lite0_batch13_node_3_evaluate,17e0b908-bb14-4abf-8461-c751df050a58,5b0fa12a-3dd7-45bb-9766-cc326314d9f1,6.036871252115816,2.1479359475225217e-05,3.5580284187271816e-06,22.531222158750005,33.325115074085694,20.0,1.874259839226131e-05,5.5111155191411854e-05,1.6551776450230843e-05,9.0405530033904e-05,0.0,United Kingdom,GBR,england,,,Linux-6.4.0-150700.53.73-default-x86_64-with-glibc2.38,3.12.12,3.3.0,8,AMD EPYC 7543P 32-Core Processor,1,1 x NVIDIA A100-SXM4-40GB,-2.5917,51.4535,64,machine,0.0,10.5,4.8,12.013349533081055,N,1.0,0.0
2026-09-27T06:54:30,efficientnet_lite0_batch13_node_0_knowledge_extraction,f95e6daa-8f37-44c7-b778-2307793c2492,5b0fa12a-3dd7-45bb-9766-cc326314d9f1,3.8074667952023447,5.696981715724045e-06,1.4962656333346391e-06,22.65000633,36.55219004932151,20.0,4.789271128960121e-06,1.5055845395295364e-05,4.133189355747567e-06,2.397830588000305e-05,0.0,United Kingdom,GBR,england,,,Linux-6.4.0-150700.53.73-default-x86_64-with-glibc2.38,3.12.12,3.3.0,8,AMD EPYC 7543P 32-Core Processor,1,1 x NVIDIA A100-SXM4-40GB,-2.5917,51.4535,64,machine,0,0,0,0,N,1.0,0.0
2026-09-27T06:54:33,efficientnet_lite0_batch13_node_2_knowledge_extraction,fc3cc5a2-7987-4bee-9b4f-1a9f01ad5db5,5b0fa12a-3dd7-45bb-9766-cc326314d9f1,3.309142726007849,1.554560238454994e-06,4.6977733122149617e-07,22.548048389999998,24.937669895415386,20.0,1.6606999971423002e-06,3.4747250055033874e-06,1.4076398633834388e-06,6.543064866029126e-06,0.0,United Kingdom,GBR,england,,,Linux-6.4.0-150700.53.73-default-x86_64-with-glibc2.38,3.12.12,3.3.0,8,AMD EPYC 7543P 32-Core Processor,1,1 x NVIDIA A100-SXM4-40GB,-2.5917,51.4535,64,machine,0,0,0,0,N,1.0,0.0
2026-09-27T06:54:41,mobilevit_xxs_batch13_node_0_local_train,57a44f48-4ad5-48d0-b8ea-8408f2fe21fb,5b0fa12a-3dd7-45bb-9766-cc326314d9f1,5.846674335189164,2.2014467512926097e-05,3.7652973726325807e-06,22.520541296250002,38.527903680241614,20.0,1.753163547112134e-05,5.963365882166727e-05,1.54924782174122e-05,9.26577725102008e-05,0.0,United Kingdom,GBR,england,,,Linux-6.4.0-150700.53.73-default-x86_64-with-glibc2.38,3.12.12,3.3.0,8,AMD EPYC 7543P 32-Core Processor,1,1 x NVIDIA A100-SXM4-40GB,-2.5917,51.4535,64,machine,16.65,29.0,4.8,11.998392105102539,N,1.0,0.0
2026-09-27T06:54:47,mobilevit_xxs_batch13_node_0_evaluate,67a6a781-e49d-49b2-94d5-36ad4c020d53,5b0fa12a-3dd7-45bb-9766-cc326314d9f1,6.3029948440380394,2.2956281781857167e-05,3.642122887593881e-06,22.5351831346875,32.32274355674288,20.0,2.0412281405689143e-05,5.8183657642985054e-05,1.8025881750509143e-05,9.662182079918334e-05,0.0,United Kingdom,GBR,england,,,Linux-6.4.0-150700.53.73-default-x86_64-with-glibc2.38,3.12.12,3.3.0,8,AMD EPYC 7543P 32-Core Processor,1,1 x NVIDIA A100-SXM4-40GB,-2.5917,51.4535,64,machine,0.0,14.0,4.8,12.051134745279947,N,1.0,0.0
2026-09-27T06:54:56,mobilevit_xxs_batch13_node_1_local_train,16a04f07-e4b3-48e9-bf84-723097f7dc3d,5b0fa12a-3dd7-45bb-9766-cc326314d9f1,9.019794671330601,4.567239212561294e-05,5.063573372771172e-06,22.534955870624998,36.724746253830816,20.0,3.7466336097684524e-05,0.00012163231951944908,3.313411663079427e-05,0.00019223277224792788,0.0,United Kingdom,GBR,england,,,Linux-6.4.0-150700.53.73-default-x86_64-with-glibc2.38,3.12.12,3.3.0,8,AMD EPYC 7543P 32-Core Processor,1,1 x NVIDIA A100-SXM4-40GB,-2.5917,51.4535,64,machine,0.0,26.8,4.8,12.026802062988281,N,1.0,0.0
2026-09-27T06:55:03,mobilevit_xxs_batch13_node_1_evaluate,d177f04d-cec5-4042-abf6-1a0059c0c0b5,5b0fa12a-3dd7-45bb-9766-cc326314d9f1,6.418849730864167,2.4177506882492874e-05,3.766641671986589e-06,22.538652744375,33.18849887116911,20.0,2.1156789614967655e-05,6.19303273197147e-05,1.8674778113038176e-05,0.00010176189504772054,0.0,United Kingdom,GBR,england,,,Linux-6.4.0-150700.53.73-default-x86_64-with-glibc2.38,3.12.12,3.3.0,8,AMD EPYC 7543P 32-Core Processor,1,1 x NVIDIA A100-SXM4-40GB,-2.5917,51.4535,64,machine,0.0,12.333333333333334,4.8,12.035994211832682,N,1.0,0.0
2026-09-27T06:55:06,mobilevit_xxs_batch13_node_2_local_train,60c09480-0ccc-4849-a967-68b6c5a72cd5,5b0fa12a-3dd7-45bb-9766-cc326314d9f1,3.616307348012924,3.7102266009978196e-06,1.0259710372893228e-06,22.510512180000006,29.153378207464947,20.0,3.5513430515128172e-06,8.972784939942358e-06,3.0920268010555043e-06,1.561615479251068e-05,0.0,United Kingdom,GBR,england,,,Linux-6.4.0-150700.53.73-default-x86_64-with-glibc2.38,3.12.12,3.3.0,8,AMD EPYC 7543P 32-Core Processor,1,1 x NVIDIA A100-SXM4-40GB,-2.5917,51.4535,64,machine,0,0,0,0,N,1.0,0.0
2026-09-27T06:55:12,mobilevit_xxs_batch13_node_2_evaluate,1f169b11-29bf-4046-a08c-28600d3207ad,5b0fa12a-3dd7-45bb-9766-cc326314d9f1,5.9516910864040256,2.087082908498413e-05,3.5067057046460644e-06,22.524923666250004,33.35336741138504,20.0,1.819723397900709e-05,5.357115396975587e-05,1.607586866658595e-05,8.78442566153489e-05,0.0,United Kingdom,GBR,england,,,Linux-6.4.0-150700.53.73-default-x86_64-with-glibc2.38,3.12.12,3.3.0,8,AMD EPYC 7543P 32-Core Processor,1,1 x NVIDIA A100-SXM4-40GB,-2.5917,51.4535,64,machine,0.0,12.5,4.8,12.06097412109375,N,1.0,0.0
2026-09-27T06:55:18,mobilevit_xxs_batch13_node_3_local_train,95c3fb92-5dfa-47b4-83a6-b2ca244632a1,5b0fa12a-3dd7-45bb-9766-cc326314d9f1,5.046511034946889,1.5272700311800092e-05,3.02638797498653e-06,22.523921831250004,36.952062196126654,20.0,1.2513104077326378e-05,4.0731699257889886e-05,1.10372144004537e-05,6.428201773566997e-05,0.0,United Kingdom,GBR,england,,,Linux-6.4.0-150700.53.73-default-x86_64-with-glibc2.38,3.12.12,3.3.0,8,AMD EPYC 7543P 32-Core Processor,1,1 x NVIDIA A100-SXM4-40GB,-2.5917,51.4535,64,machine,33.3,23.0,4.8,12.06756591796875,N,1.0,0.0
2026-09-27T06:55:24,mobilevit_xxs_batch13_node_3_evaluate,3378ae95-f15a-433b-b022-42746814bffa,5b0fa12a-3dd7-45bb-9766-cc326314d9f1,6.031083278823644,2.1536155311754196e-05,3.5708602113607024e-06,22.528377202500003,33.55920261823698,20.0,1.870867060265275e-05,5.5410322104876286e-05,1.65255881095719e-05,9.064458081710094e-05,0.0,United Kingdom,GBR,england,,,Linux-6.4.0-150700.53.73-default-x86_64-with-glibc2.38,3.12.12,3.3.0,8,AMD EPYC 7543P 32-Core Processor,1,1 x NVIDIA A100-SXM4-40GB,-2.5917,51.4535,64,machine,0.0,12.5,4.8,12.075864791870117,N,1.0,0.0
2026-09-27T06:55:27,mobilevit_xxs_batch13_node_0_knowledge_extraction,f3cefed9-8677-48dd-92c3-0457a34c5b52,5b0fa12a-3dd7-45bb-9766-cc326314d9f1,3.8090622960589826,5.20686060757842e-06,1.3669665137705043e-06,22.64224906125,31.268677733056297,20.0,4.809100143818958e-06,1.294723259093189e-05,4.159078364157015e-06,2.191541109890786e-05,0.0,United Kingdom,GBR,england,,,Linux-6.4.0-150700.53.73-default-x86_64-with-glibc2.38,3.12.12,3.3.0,8,AMD EPYC 7543P 32-Core Processor,1,1 x NVIDIA A100-SXM4-40GB,-2.5917,51.4535,64,machine,0,0,0,0,N,1.0,0.0
2026-09-27T06:55:33,mobilevit_xxs_batch13_node_0_distill,170aa073-588d-49b0-9df3-46af9fe0364e,5b0fa12a-3dd7-45bb-9766-cc326314d9f1,4.96532552363351,1.5365243822077125e-05,3.0945088592768026e-06,22.528723612500002,405.1939815606454,20.0,1.2020082771622066e-05,4.2056978074356266e-05,1.0594467810976008e-05,6.467152865695434e-05,0.0,United Kingdom,GBR,england,,,Linux-6.4.0-150700.53.73-default-x86_64-with-glibc2.38,3.12.12,3.3.0,8,AMD EPYC 7543P 32-Core Processor,1,1 x NVIDIA A100-SXM4-40GB,-2.5917,51.4535,64,machine,0.0,38.0,4.8,12.035774230957031,N,1.0,0.0
2026-09-27T06:55:40,mobilevit_xxs_batch13_node_1_distill,acbeb19a-3bca-47fd-b91f-6b471f23bf48,5b0fa12a-3dd7-45bb-9766-cc326314d9f1,7.478731862735003,3.434346453817888e-05,4.5921508042433455e-06,22.5267474555,350.82225878927966,20.0,2.777496485621959e-05,9.221451821872506e-05,2.4560409967994525e-05,0.0001445498930429392,0.0,United Kingdom,GBR,england,,,Linux-6.4.0-150700.53.73-default-x86_64-with-glibc2.38,3.12.12,3.3.0,8,AMD EPYC 7543P 32-Core Processor,1,1 x NVIDIA A100-SXM4-40GB,-2.5917,51.4535,64,machine,0.0,26.5,4.8,12.088834762573242,N,1.0,0.0
2026-09-27T06:55:46,mobilevit_xxs_batch13_node_0_evaluate,f5995943-d1cd-4735-bc07-3b2ba3f3786b,5b0fa12a-3dd7-45bb-9766-cc326314d9f1,6.081114142201841,2.2022697866022826e-05,3.6214906267240167e-06,22.535356702500003,33.865779876709944,20.0,1.9043786616730744e-05,5.6848101039008725e-05,1.6800525991453065e-05,9.269241364719253e-05,0.0,United Kingdom,GBR,england,,,Linux-6.4.0-150700.53.73-default-x86_64-with-glibc2.38,3.12.12,3.3.0,8,AMD EPYC 7543P 32-Core Processor,1,1 x NVIDIA A100-SXM4-40GB,-2.5917,51.4535,64,machine,0.0,8.666666666666666,4.8,12.064215342203775,N,1.0,0.0
2026-09-27T06:55:52,mobilevit_xxs_batch13_node_1_evaluate,13a9a74b-ddd8-4b60-8432-3f3648d7e990,5b0fa12a-3dd7-45bb-9766-cc326314d9f1,6.115185002330691,2.2157816269105905e-05,3.623408982828951e-06,22.535904667500002,33.58401371630448,20.0,1.9252043430844378e-05,5.70172678351355e-05,1.6991808857872256e-05,9.326112012385214e-05,0.0,United Kingdom,GBR,england,,,Linux-6.4.0-150700.53.73-default-x86_64-with-glibc2.38,3.12.12,3.3.0,8,AMD EPYC 7543P 32-Core Processor,1,1 x NVIDIA A100-SXM4-40GB,-2.5917,51.4535,64,machine,11.1,11.666666666666666,4.8,12.076825459798178,N,1.0,0.0
2026-09-27T06:56:08,mobilenet_v3_small_batch14_node_0_local_train,5f417dc1-1d72-4c9c-a26c-c8b51d96960c,5b0fa12a-3dd7-45bb-9766-cc326314d9f1,6.6956004970707,2.522794140518357e-05,3.7678385107087403e-06,22.5378024721875,84.82682255743669,20.0,2.2759270184779186e-05,6.329421728423767e-05,2.0129632983460192e-05,0.00010618312045247705,0.0,United Kingdom,GBR,england,,,Linux-6.4.0-150700.53.73-default-x86_64-with-glibc2.38,3.12.12,3.3.0,8,AMD EPYC 7543P 32-Core Processor,1,1 x NVIDIA A100-SXM4-40GB,-2.5917,51.4535,64,machine,0.0,8.0,4.633333333333333,11.654291788736979,N,1.0,0.0
2026-09-27T06:56:16,mobilenet_v3_small_batch14_node_0_evaluate,ac2aad10-ca71-4833-bb32-381a6f7355e3,5b0fa12a-3dd7-45bb-9766-cc326314d9f1,7.943346081767231,3.3240270191220045e-05,4.184668507333218e-06,22.53392763975,30.354611355601836,20.0,3.0636625234367856e-05,8.218173242369176e-05,2.7088246566967834e-05,0.00013990660422502743,0.0,United Kingdom,GBR,england,,,Linux-6.4.0-150700.53.73-default-x86_64-with-glibc2.38,3.12.12,3.3.0,8,AMD EPYC 7543P 32-Core Processor,1,1 x NVIDIA A100-SXM4-40GB,-2.5917,51.4535,64,machine,0.625,2.5,4.7,11.754460334777832,N,1.0,0.0
2026-09-27T06:56:25,mobilenet_v3_small_batch14_node_1_local_train,b80da083-f655-430d-985b-5cb11d02ed73,5b0fa12a-3dd7-45bb-9766-cc326314d9f1,9.24819869082421,4.313075281417371e-05,4.663692277390922e-06,22.560514622678575,31.447298297328334,20.0,3.898487624252838e-05,0.00010814619761845279,3.440406797712462e-05,0.00018153514183810577,0.0,United Kingdom,GBR,england,,,Linux-6.4.0-150700.53.73-default-x86_64-with-glibc2.38,3.12.12,3.3.0,8,AMD EPYC 7543P 32-Core Processor,1,1 x NVIDIA A100-SXM4-40GB,-2.5917,51.4535,64,machine,0.0,8.833333333333334,4.7,11.913986841837565,N,1.0,0.0
2026-09-27T06:56:32,mobilenet_v3_small_batch14_node_1_evaluate,8a6c7130-8347-43aa-a270-dbb4bfc2f116,5b0fa12a-3dd7-45bb-9766-cc326314d9f1,6.966250632889569,2.66929097816728e-05,3.8317469738525185e-06,22.543479838125002,30.410599975533025,20.0,2.4604261490602446e-05,6.602033060687518e-05,2.17245056371515e-05,0.00011234909773462912,0.0,United Kingdom,GBR,england,,,Linux-6.4.0-150700.53.73-default-x86_64-with-glibc2.38,3.12.12,3.3.0,8,AMD EPYC 7543P 32-Core Processor,1,1 x NVIDIA A100-SXM4-40GB,-2.5917,51.4535,64,machine,0.0,3.3333333333333335,4.7,11.873072306315104,N,1.0,0.0
2026-09-27T06:56:36,mobilenet_v3_small_batch14_node_2_local_train,f20509d1-693e-4440-ab88-e87bb8595610,5b0fa12a-3dd7-45bb-9766-cc326314d9f1,3.6138066621497273,4.0101847334797905e-06,1.1096843601185547e-06,22.53623848875,33.164060952518355,20.0,3.5672633944297097e-06,1.0214452601076118e-05,3.0969472990060848e-06,1.6878663294511913e-05,0.0,United Kingdom,GBR,england,,,Linux-6.4.0-150700.53.73-default-x86_64-with-glibc2.38,3.12.12,3.3.0,8,AMD EPYC 7543P 32-Core Processor,1,1 x NVIDIA A100-SXM4-40GB,-2.5917,51.4535,64,machine,0,0,0,0,N,1.0,0.0
2026-09-27T06:56:42,mobilenet_v3_small_batch14_node_2_evaluate,20c597ff-4c38-43f6-8ab5-7cecab3c691b,5b0fa12a-3dd7-45bb-9766-cc326314d9f1,6.300493331626058,2.1923092550855848e-05,3.47958348607566e-06,22.5313696040625,29.961999981475206,20.0,2.037943212020134e-05,5.38925431072812e-05,1.8001204721319177e-05,9.227317994880171e-05,0.0,United Kingdom,GBR,england,,,Linux-6.4.0-150700.53.73-default-x86_64-with-glibc2.38,3.12.12,3.3.0,8,AMD EPYC 7543P 32-Core Processor,1,1 x NVIDIA A100-SXM4-40GB,-2.5917,51.4535,64,machine,0.0,3.3333333333333335,4.7,11.890525817871094,N,1.0,0.0
2026-09-27T06:56:48,mobilenet_v3_small_batch14_node_3_local_train,4627b7b8-73b5-4304-aced-f3d25afb41f5,5b0fa12a-3dd7-45bb-9766-cc326314d9f1,5.49047423992306,1.6738892063158888e-05,3.048715162243154e-06,22.524303375000002,30.856869622405004,20.0,1.5302832446807257e-05,4.164114442062328e-05,1.350916727290799e-05,7.045314414033852e-05,0.0,United Kingdom,GBR,england,,,Linux-6.4.0-150700.53.73-default-x86_64-with-glibc2.38,3.12.12,3.3.0,8,AMD EPYC 7543P 32-Core Processor,1,1 x NVIDIA A100-SXM4-40GB,-2.5917,51.4535,64,machine,0.0,8.5,4.7,11.824234008789062,N,1.0,0.0
2026-09-27T06:56:54,mobilenet_v3_small_batch14_node_3_evaluate,de293e06-3c67-4349-ab80-f38f78e49c51,5b0fa12a-3dd7-45bb-9766-cc326314d9f1,6.409439789131284,2.2698968020549324e-05,3.5414901718931466e-06,22.53933187875,29.978076675182784,20.0,2.1106670142148412e-05,5.580310021002788e-05,1.8629029931293593e-05,9.553880028346988e-05,0.0,United Kingdom,GBR,england,,,Linux-6.4.0-150700.53.73-default-x86_64-with-glibc2.38,3.12.12,3.3.0,8,AMD EPYC 7543P 32-Core Processor,1,1 x NVIDIA A100-SXM4-40GB,-2.5917,51.4535,64,machine,0.0,1.6666666666666667,4.633333333333333,11.730814615885416,N,1.0,0.0
2026-09-27T06:56:58,mobilenet_v3_small_batch14_node_0_knowledge_extraction,ffaddffc-935b-4664-9694-3ee0f4f43e5e,5b0fa12a-3dd7-45bb-9766-cc326314d9f1,4.287994401995093,8.67998178288599e-06,2.0242521256201777e-06,22.54636085625,31.938761420863422,20.0,7.816146502217534e-06,2.1859184144545907e-05,6.858270584295194e-06,3.6533601231058636e-05,0.0,United Kingdom,GBR,england,,,Linux-6.4.0-150700.53.73-default-x86_64-with-glibc2.38,3.12.12,3.3.0,8,AMD EPYC 7543P 32-Core Processor,1,1 x NVIDIA A100-SXM4-40GB,-2.5917,51.4535,64,machine,0.0,3.0,4.7,11.727043151855469,N,1.0,0.0
2026-09-27T06:57:03,mobilenet_v3_small_batch14_node_1_knowledge_extraction,2013e922-34a1-4df5-b224-6b595b38b393,5b0fa12a-3dd7-45bb-9766-cc326314d9f1,4.6473595523275435,1.0886963338144092e-05,2.342612663289966e-06,22.56738015375,391.64142109752106,20.0,1.0043945436462083e-05,2.6964466030676704e-05,8.81426272292932e-06,4.582267419006811e-05,0.0,United Kingdom,GBR,england,,,Linux-6.4.0-150700.53.73-default-x86_64-with-glibc2.38,3.12.12,3.3.0,8,AMD EPYC 7543P 32-Core Processor,1,1 x NVIDIA A100-SXM4-40GB,-2.5917,51.4535,64,machine,0.0,3.0,4.7,11.735004425048828,N,1.0,0.0
2026-09-27T06:57:06,mobilenet_v3_small_batch14_node_2_knowledge_extraction,98a72b90-754e-4f6b-bee5-d8645399cab7,5b0fa12a-3dd7-45bb-9766-cc326314d9f1,3.287002944853157,1.8506564033332207e-06,5.630224354471629e-07,22.60125,39.98831851422979,20.0,1.5088713495380942e-06,5.012226239387019e-06,1.2682209541607232e-06,7.789318543085836e-06,0.0,United Kingdom,GBR,england,,,Linux-6.4.0-150700.53.73-default-x86_64-with-glibc2.38,3.12.12,3.3.0,8,AMD EPYC 7543P 32-Core Processor,1,1 x NVIDIA A100-SXM4-40GB,-2.5917,51.4535,64,machine,0,0,0,0,N,1.0,0.0
2026-09-27T06:57:12,mobilenet_v3_small_batch14_node_0_distill,84f0f785-c9ee-4e01-9968-a1429a0085d7,5b0fa12a-3dd7-45bb-9766-cc326314d9f1,5.087105308193713,1.433515498929147e-05,2.8179395001322425e-06,22.52437759125,32.26023143982071,20.0,1.2771180730641104e-05,3.629864015408657e-05,1.1266116340023775e-05,6.0335937224751445e-05,0.0,United Kingdom,GBR,england,,,Linux-6.4.0-150700.53.73-default-x86_64-with-glibc2.38,3.12.12,3.3.0,8,AMD EPYC 7543P 32-Core Processor,1,1 x NVIDIA A100-SXM4-40GB,-2.5917,51.4535,64,machine,0.0,11.5,4.8,11.989557266235352,N,1.0,0.0
2026-09-27T06:57:18,mobilenet_v3_small_batch14_node_1_distill,4ad726ac-b7b4-47dd-92ee-a64810902751,5b0fa12a-3dd7-45bb-9766-cc326314d9f1,6.678430234082043,2.565550536882762e-05,3.841547260297763e-06,22.544592980625,32.41374519527667,20.0,2.2778049323880193e-05,6.510060762821013e-05,2.0104058446466094e-05,0.00010798271539855642,0.0,United Kingdom,GBR,england,,,Linux-6.4.0-150700.53.73-default-x86_64-with-glibc2.38,3.12.12,3.3.0,8,AMD EPYC 7543P 32-Core Processor,1,1 x NVIDIA A100-SXM4-40GB,-2.5917,51.4535,64,machine,0.0,13.333333333333334,4.8,11.967367808024088,N,1.0,0.0
2026-09-27T06:57:23,mobilenet_v3_small_batch14_node_3_distill,e1f80cbf-02e9-474b-81a7-bec8e6d175c4,5b0fa12a-3dd7-45bb-9766-cc326314d9f1,4.489914027042687,9.986093518436839e-06,2.224116866891157e-06,22.529945041875,31.98301084977026,20.0,8.969906755718628e-06,2.5175297921009587e-05,7.885754325737556e-06,4.2030959002465766e-05,0.0,United Kingdom,GBR,england,,,Linux-6.4.0-150700.53.73-default-x86_64-with-glibc2.38,3.12.12,3.3.0,8,AMD EPYC 7543P 32-Core Processor,1,1 x NVIDIA A100-SXM4-40GB,-2.5917,51.4535,64,machine,0.0,13.0,4.7,11.941234588623047,N,1.0,0.0
2026-09-27T06:57:29,mobilenet_v3_small_batch14_node_0_evaluate,e24bb114-bec7-4432-bfb3-e96755059c4c,5b0fa12a-3dd7-45bb-9766-cc326314d9f1,6.226432644762099,2.1809527823160634e-05,3.50273247418931e-06,22.5336192525,30.937073194780414,20.0,1.9902271084691932e-05,5.4316154560751784e-05,1.7576766148623492e-05,9.179519179406721e-05,0.0,United Kingdom,GBR,england,,,Linux-6.4.0-150700.53.73-default-x86_64-with-glibc2.38,3.12.12,3.3.0,8,AMD EPYC 7543P 32-Core Processor,1,1 x NVIDIA A100-SXM4-40GB,-2.5917,51.4535,64,machine,0.0,3.3333333333333335,4.766666666666667,11.961181640625,N,1.0,0.0
2026-09-27T06:57:35,mobilenet_v3_small_batch14_node_1_evaluate,ecc02905-d5aa-41ea-b413-48e3fb382d5e,5b0fa12a-3dd7-45bb-9766-cc326314d9f1,6.2793922130949795,2.2336198543554052e-05,3.5570637707538596e-06,22.5326553525,381.14526262572474,20.0,2.024109173520976e-05,5.589615582834995e-05,1.7874674467990795e-05,9.401192203155051e-05,0.0,United Kingdom,GBR,england,,,Linux-6.4.0-150700.53.73-default-x86_64-with-glibc2.38,3.12.12,3.3.0,8,AMD EPYC 7543P 32-Core Processor,1,1 x NVIDIA A100-SXM4-40GB,-2.5917,51.4535,64,machine,0.0,3.6666666666666665,4.766666666666667,11.950370788574219,N,1.0,0.0
2026-09-27T06:57:42,mobilenet_v3_small_batch14_node_3_evaluate,9cfaf5aa-05db-43ee-8e49-5329bdf59cf6,5b0fa12a-3dd7-45bb-9766-cc326314d9f1,6.128121102228761,2.109701700564506e-05,3.4426566730171507e-06,22.533628820625,318.23649302808275,20.0,1.9295489755162353e-05,5.2462819752463474e-05,1.7037960545470318e-05,8.879627005309615e-05,0.0,United Kingdom,GBR,england,,,Linux-6.4.0-150700.53.73-default-x86_64-with-glibc2.38,3.12.12,3.3.0,8,AMD EPYC 7543P 32-Core Processor,1,1 x NVIDIA A100-SXM4-40GB,-2.5917,51.4535,64,machine,0.0,2.3333333333333335,4.7,11.944562276204428,N,1.0,0.0
2026-09-27T06:57:48,efficientnet_lite0_batch14_node_0_local_train,f75328fe-be2a-49d0-ad43-e6cb25f7595d,5b0fa12a-3dd7-45bb-9766-cc326314d9f1,4.885453109163791,1.5002795046374015e-05,3.0709116864171353e-06,22.531343405625,40.929077880795404,20.0,1.1518599373443217e-05,4.147864429171477e-05,1.0148756555281581e-05,6.314600022043956e-05,0.0,United Kingdom,GBR,england,,,Linux-6.4.0-150700.53.73-default-x86_64-with-glibc2.38,3.12.12,3.3.0,8,AMD EPYC 7543P 32-Core Processor,1,1 x NVIDIA A100-SXM4-40GB,-2.5917,51.4535,64,machine,0.0,36.0,4.7,11.950065612792969,N,1.0,0.0
2026-09-27T06:57:55,efficientnet_lite0_batch14_node_0_evaluate,c586654c-ae74-47f3-afc4-eca497fb2767,5b0fa12a-3dd7-45bb-9766-cc326314d9f1,6.521219220943749,2.506404841660307e-05,3.8434604891224325e-06,22.535806125937498,33.62548815703873,20.0,2.1747675613439258e-05,6.453810718198838e-05,1.9207520415592524e-05,0.00010549330321102016,0.0,United Kingdom,GBR,england,,,Linux-6.4.0-150700.53.73-default-x86_64-with-glibc2.38,3.12.12,3.3.0,8,AMD EPYC 7543P 32-Core Processor,1,1 x NVIDIA A100-SXM4-40GB,-2.5917,51.4535,64,machine,0.0,8.666666666666666,4.766666666666667,11.989256540934244,N,1.0,0.0
2026-09-27T06:58:02,efficientnet_lite0_batch14_node_1_local_train,043c7925-f392-417b-b419-c817d47fe97c,5b0fa12a-3dd7-45bb-9766-cc326314d9f1,6.810031733009964,3.077833020385165e-05,4.519557530791115e-06,22.533922243125,40.91446600441835,20.0,2.3568658970813635e-05,8.514979035112447e-05,2.082597488899612e-05,0.00012954442421093422,0.0,United Kingdom,GBR,england,,,Linux-6.4.0-150700.53.73-default-x86_64-with-glibc2.38,3.12.12,3.3.0,8,AMD EPYC 7543P 32-Core Processor,1,1 x NVIDIA A100-SXM4-40GB,-2.5917,51.4535,64,machine,0.0,28.333333333333332,4.8,12.000431060791016,N,1.0,0.0
2026-09-27T06:58:08,efficientnet_lite0_batch14_node_1_evaluate,3b83983e-fd8b-42c0-b723-e118a4bb91f5,5b0fa12a-3dd7-45bb-9766-cc326314d9f1,6.417823395691812,2.4164579386120113e-05,3.7652297198363903e-06,22.53665705625,33.15453961675317,20.0,2.1152276219763005e-05,6.187754949849023e-05,1.8677658155663975e-05,0.0001017074838739172,0.0,United Kingdom,GBR,england,,,Linux-6.4.0-150700.53.73-default-x86_64-with-glibc2.38,3.12.12,3.3.0,8,AMD EPYC 7543P 32-Core Processor,1,1 x NVIDIA A100-SXM4-40GB,-2.5917,51.4535,64,machine,0.0,11.333333333333334,4.8,12.036243438720703,N,1.0,0.0
2026-09-27T06:58:11,efficientnet_lite0_batch14_node_2_local_train,5ea5d3cd-299c-485f-a530-a45b33d6b8cb,5b0fa12a-3dd7-45bb-9766-cc326314d9f1,3.35729646589607,2.2331216823698857e-06,6.651547472957114e-07,22.541029031250005,34.874645883019106,20.0,1.9582903325353973e-06,5.77000461987609e-06,1.6708004702296524e-06,9.399095422641139e-06,0.0,United Kingdom,GBR,england,,,Linux-6.4.0-150700.53.73-default-x86_64-with-glibc2.38,3.12.12,3.3.0,8,AMD EPYC 7543P 32-Core Processor,1,1 x NVIDIA A100-SXM4-40GB,-2.5917,51.4535,64,machine,0,0,0,0,N,1.0,0.0
2026-09-27T06:58:18,efficientnet_lite0_batch14_node_2_evaluate,3259465d-44b1-4aac-86f8-72676c7df6e4,5b0fa12a-3dd7-45bb-9766-cc326314d9f1,6.18055115500465,2.268053864630082e-05,3.669662798266048e-06,22.529423579062502,33.75653650658473,20.0,1.963708237054826e-05,5.848449124812305e-05,1.7339658367240595e-05,9.54612319859119e-05,0.0,United Kingdom,GBR,england,,,Linux-6.4.0-150700.53.73-default-x86_64-with-glibc2.38,3.12.12,3.3.0,8,AMD EPYC 7543P 32-Core Processor,1,1 x NVIDIA A100-SXM4-40GB,-2.5917,51.4535,64,machine,0.0,5.666666666666667,4.8,11.954756418863932,N,1.0,0.0
2026-09-27T06:58:22,efficientnet_lite0_batch14_node_3_local_train,8a0e2c57-618c-45ce-a0bf-40a1d002099b,5b0fa12a-3dd7-45bb-9766-cc326314d9f1,4.316948025953025,1.0164658337542541e-05,2.354593633380276e-06,22.524135418125002,40.013901648778265,20.0,7.945351447835067e-06,2.7854466722487814e-05,6.9827110610074466e-06,4.278252923133033e-05,0.0,United Kingdom,GBR,england,,,Linux-6.4.0-150700.53.73-default-x86_64-with-glibc2.38,3.12.12,3.3.0,8,AMD EPYC 7543P 32-Core Processor,1,1 x NVIDIA A100-SXM4-40GB,-2.5917,51.4535,64,machine,0.0,18.0,4.8,11.973762512207031,N,1.0,0.0
2026-09-27T06:58:28,efficientnet_lite0_batch14_node_3_evaluate,0df485fd-1dcb-4732-91ba-a6f0e1474d31,5b0fa12a-3dd7-45bb-9766-cc326314d9f1,6.230882070027292,2.2719854567573183e-05,3.6463303770205474e-06,22.5324154153125,33.02733650332519,20.0,1.993140732135462e-05,5.809199090833772e-05,1.7603312466397053e-05,9.562671069608939e-05,0.0,United Kingdom,GBR,england,,,Linux-6.4.0-150700.53.73-default-x86_64-with-glibc2.38,3.12.12,3.3.0,8,AMD EPYC 7543P 32-Core Processor,1,1 x NVIDIA A100-SXM4-40GB,-2.5917,51.4535,64,machine,0.0,9.666666666666666,4.766666666666667,11.952743530273438,N,1.0,0.0
2026-09-27T06:58:33,efficientnet_lite0_batch14_node_1_knowledge_extraction,d81c2f5c-02c1-43bc-811c-31289d6fc382,5b0fa12a-3dd7-45bb-9766-cc326314d9f1,4.57312784017995,1.093363650138874e-05,2.390844271906142e-06,22.560424177500003,33.28765427230929,20.0,9.599237731430603e-06,2.799557795185592e-05,8.424303473697768e-06,4.601911915698429e-05,0.0,United Kingdom,GBR,england,,,Linux-6.4.0-150700.53.73-default-x86_64-with-glibc2.38,3.12.12,3.3.0,8,AMD EPYC 7543P 32-Core Processor,1,1 x NVIDIA A100-SXM4-40GB,-2.5917,51.4535,64,machine,0.0,8.0,4.8,11.961723327636719,N,1.0,0.0
2026-09-27T06:58:36,efficientnet_lite0_batch14_node_2_knowledge_extraction,5d8ffe1a-f7bc-4ebd-a528-70ca31959971,5b0fa12a-3dd7-45bb-9766-cc326314d9f1,3.2777015641331673,1.8847121314897868e-06,5.75010291392476e-07,22.58957952,43.5671602829507,20.0,1.4622549790890338e-06,5.250837531889374e-06,1.2195648573752907e-06,7.932657368353699e-06,0.0,United Kingdom,GBR,england,,,Linux-6.4.0-150700.53.73-default-x86_64-with-glibc2.38,3.12.12,3.3.0,8,AMD EPYC 7543P 32-Core Processor,1,1 x NVIDIA A100-SXM4-40GB,-2.5917,51.4535,64,machine,0,0,0,0,N,1.0,0.0
2026-09-27T06:58:40,efficientnet_lite0_batch14_node_3_knowledge_extraction,56d3803a-f46d-4306-9a9e-2a6fded1367f,5b0fa12a-3dd7-45bb-9766-cc326314d9f1,3.710520487744361,4.43668214747142e-06,1.1957034497250534e-06,22.584096629999998,30.066926430544815,20.0,4.19425922290059e-06,1.0855008696353252e-05,3.6245012681724298e-06,1.8673769187426273e-05,0.0,United Kingdom,GBR,england,,,Linux-6.4.0-150700.53.73-default-x86_64-with-glibc2.38,3.12.12,3.3.0,8,AMD EPYC 7543P 32-Core Processor,1,1 x NVIDIA A100-SXM4-40GB,-2.5917,51.4535,64,machine,0,0,0,0,N,1.0,0.0
2026-09-27T06:58:48,mobilevit_xxs_batch14_node_0_local_train,e2288936-c85b-40cd-9dab-48c979002d0d,5b0fa12a-3dd7-45bb-9766-cc326314d9f1,5.829722478054464,2.1211776063436683e-05,3.6385567483335205e-06,22.520153812500006,36.699288873298975,20.0,1.742538590047785e-05,5.645615628679934e-05,1.5397742895099023e-05,8.927928508237621e-05,0.0,United Kingdom,GBR,england,,,Linux-6.4.0-150700.53.73-default-x86_64-with-glibc2.38,3.12.12,3.3.0,8,AMD EPYC 7543P 32-Core Processor,1,1 x NVIDIA A100-SXM4-40GB,-2.5917,51.4535,64,machine,0.0,31.0,4.75,11.961645126342773,N,1.0,0.0
2026-09-27T06:58:54,mobilevit_xxs_batch14_node_0_evaluate,20c5c52b-9e30-44f4-9ca4-c7bcf670f7da,5b0fa12a-3dd7-45bb-9766-cc326314d9f1,6.553292819764465,2.480101173688473e-05,3.7845114538581103e-06,22.53087163125,32.45148692931314,20.0,2.198154851948908e-05,6.29822726097018e-05,1.942237409400857e-05,0.00010438619522319944,0.0,United Kingdom,GBR,england,,,Linux-6.4.0-150700.53.73-default-x86_64-with-glibc2.38,3.12.12,3.3.0,8,AMD EPYC 7543P 32-Core Processor,1,1 x NVIDIA A100-SXM4-40GB,-2.5917,51.4535,64,machine,0.0,10.0,4.766666666666667,12.0023193359375,N,1.0,0.0
2026-09-27T06:59:03,mobilevit_xxs_batch14_node_1_local_train,b787a945-1432-4b89-84de-bafcb8b3977d,5b0fa12a-3dd7-45bb-9766-cc326314d9f1,8.761982268188149,4.426333041424689e-05,5.05174845821731e-06,22.54276803375,37.47621734159658,20.0,3.586675131056097e-05,0.00011873759498826075,3.169775697299176e-05,0.00018630210327181347,0.0,United Kingdom,GBR,england,,,Linux-6.4.0-150700.53.73-default-x86_64-with-glibc2.38,3.12.12,3.3.0,8,AMD EPYC 7543P 32-Core Processor,1,1 x NVIDIA A100-SXM4-40GB,-2.5917,51.4535,64,machine,0.0,23.0,4.8,11.989015197753906,N,1.0,0.0
2026-09-27T06:59:10,mobilevit_xxs_batch14_node_1_evaluate,2eb4ec1f-6ed9-42cc-ac49-870adb7c8993,5b0fa12a-3dd7-45bb-9766-cc326314d9f1,6.724208761937916,2.617239955369436e-05,3.892264574211625e-06,22.5365988121875,385.18069764485824,20.0,2.3074831194010602e-05,6.67019978237704e-05,2.038146767817024e-05,0.00011015829669595124,0.0,United Kingdom,GBR,england,,,Linux-6.4.0-150700.53.73-default-x86_64-with-glibc2.38,3.12.12,3.3.0,8,AMD EPYC 7543P 32-Core Processor,1,1 x NVIDIA A100-SXM4-40GB,-2.5917,51.4535,64,machine,0.0,10.333333333333334,4.766666666666667,11.957600911458334,N,1.0,0.0
2026-09-27T06:59:14,mobilevit_xxs_batch14_node_2_local_train,9feee7a8-3fb2-495e-9994-25ca1378ca0d,5b0fa12a-3dd7-45bb-9766-cc326314d9f1,3.5181615091860294,3.6235367649910002e-06,1.029951795996242e-06,22.539388072500003,38.287798925073645,20.0,2.9596910304567397e-06,9.7347300140882e-06,2.556860643542475e-06,1.5251281688087413e-05,0.0,United Kingdom,GBR,england,,,Linux-6.4.0-150700.53.73-default-x86_64-with-glibc2.38,3.12.12,3.3.0,8,AMD EPYC 7543P 32-Core Processor,1,1 x NVIDIA A100-SXM4-40GB,-2.5917,51.4535,64,machine,0,0,0,0,N,1.0,0.0
2026-09-27T06:59:20,mobilevit_xxs_batch14_node_2_evaluate,f494c1e8-3f39-48e6-ab3b-fe5054532118,5b0fa12a-3dd7-45bb-9766-cc326314d9f1,6.413490238133818,2.3998437033730192e-05,3.7418684901145497e-06,22.52835334125,369.04520893373865,20.0,2.1103805416880228e-05,6.12639379085067e-05,1.8640455849365228e-05,0.00010100819917475216,0.0,United Kingdom,GBR,england,,,Linux-6.4.0-150700.53.73-default-x86_64-with-glibc2.38,3.12.12,3.3.0,8,AMD EPYC 7543P 32-Core Processor,1,1 x NVIDIA A100-SXM4-40GB,-2.5917,51.4535,64,machine,8.333333333333334,12.333333333333334,4.733333333333333,11.950063069661459,N,1.0,0.0
2026-09-27T06:59:25,mobilevit_xxs_batch14_node_3_local_train,104c9ca1-6073-45bd-b0cb-ffbcb567b624,5b0fa12a-3dd7-45bb-9766-cc326314d9f1,4.976381422020495,1.4392257908403192e-05,2.8921131014430344e-06,22.522471981875004,35.60690932902886,20.0,1.2071669246677855e-05,3.785808583245398e-05,1.0646525423766838e-05,6.057628050289867e-05,0.0,United Kingdom,GBR,england,,,Linux-6.4.0-150700.53.73-default-x86_64-with-glibc2.38,3.12.12,3.3.0,8,AMD EPYC 7543P 32-Core Processor,1,1 x NVIDIA A100-SXM4-40GB,-2.5917,51.4535,64,machine,0.0,16.0,4.8,12.011096954345703,N,1.0,0.0
2026-09-27T06:59:31,mobilevit_xxs_batch14_node_3_evaluate,83a3b3ce-9ad1-4e53-942d-07d286bf1896,5b0fa12a-3dd7-45bb-9766-cc326314d9f1,6.301261473912746,2.2889049595160458e-05,3.6324551345665054e-06,22.53121000875,32.31842583055814,20.0,2.0341343581370678e-05,5.8028101989293646e-05,1.7969398379015428e-05,9.633884394967974e-05,0.0,United Kingdom,GBR,england,,,Linux-6.4.0-150700.53.73-default-x86_64-with-glibc2.38,3.12.12,3.3.0,8,AMD EPYC 7543P 32-Core Processor,1,1 x NVIDIA A100-SXM4-40GB,-2.5917,51.4535,64,machine,0.0,11.0,4.8,11.987103780110678,N,1.0,0.0
2026-09-27T06:59:35,mobilevit_xxs_batch14_node_0_knowledge_extraction,8bc0e30c-e433-4732-ba99-33d31147915c,5b0fa12a-3dd7-45bb-9766-cc326314d9f1,3.8632374880835414,5.760979357455167e-06,1.4912309624312144e-06,22.620590370000002,32.698955288236284,20.0,5.166681656671039e-06,1.4601400565084077e-05,4.479586472734809e-06,2.4247668694489924e-05,0.0,United Kingdom,GBR,england,,,Linux-6.4.0-150700.53.73-default-x86_64-with-glibc2.38,3.12.12,3.3.0,8,AMD EPYC 7543P 32-Core Processor,1,1 x NVIDIA A100-SXM4-40GB,-2.5917,51.4535,64,machine,0,0,0,0,N,1.0,0.0
2026-09-27T06:59:40,mobilevit_xxs_batch14_node_1_knowledge_extraction,7622f485-712e-42f0-b2f1-396a41aaddfc,5b0fa12a-3dd7-45bb-9766-cc326314d9f1,4.5924335601739585,1.0836091339140391e-05,2.3595532079357783e-06,22.56166206,32.19074048500111,20.0,9.709140667203896e-06,2.73797441110446e-05,8.519671759050754e-06,4.560855653729925e-05,0.0,United Kingdom,GBR,england,,,Linux-6.4.0-150700.53.73-default-x86_64-with-glibc2.38,3.12.12,3.3.0,8,AMD EPYC 7543P 32-Core Processor,1,1 x NVIDIA A100-SXM4-40GB,-2.5917,51.4535,64,machine,0.0,10.0,4.8,11.996429443359375,N,1.0,0.0
2026-09-27T06:59:43,mobilevit_xxs_batch14_node_2_knowledge_extraction,09fdfd01-4d0a-41fb-9b77-e0e7766f2b1a,5b0fa12a-3dd7-45bb-9766-cc326314d9f1,3.2942979731597006,1.9010558224905925e-06,5.770746416928428e-07,22.601250101250002,40.920039200989216,20.0,1.5277357576274234e-06,5.190837484292388e-06,1.2828738894313571e-06,8.001447131351167e-06,0.0,United Kingdom,GBR,england,,,Linux-6.4.0-150700.53.73-default-x86_64-with-glibc2.38,3.12.12,3.3.0,8,AMD EPYC 7543P 32-Core Processor,1,1 x NVIDIA A100-SXM4-40GB,-2.5917,51.4535,64,machine,0,0,0,0,N,1.0,0.0
2026-09-27T06:59:49,mobilevit_xxs_batch14_node_0_distill,319fa35c-6928-4353-9581-1d4e498f213e,5b0fa12a-3dd7-45bb-9766-cc326314d9f1,5.327490247320384,1.7379158365128697e-05,3.2621661529779524e-06,22.517715105,36.7005274913447,20.0,1.4284235342351712e-05,4.6248092544942665e-05,1.261566450767633e-05,7.314799239497071e-05,0.0,United Kingdom,GBR,england,,,Linux-6.4.0-150700.53.73-default-x86_64-with-glibc2.38,3.12.12,3.3.0,8,AMD EPYC 7543P 32-Core Processor,1,1 x NVIDIA A100-SXM4-40GB,-2.5917,51.4535,64,machine,0.0,22.0,4.8,12.007545471191406,N,1.0,0.0
2026-09-27T06:59:54,mobilevit_xxs_batch14_node_3_distill,c405eb06-a2b7-4581-8171-c779480a56f4,5b0fa12a-3dd7-45bb-9766-cc326314d9f1,4.723212230950594,1.2810469434326209e-05,2.7122366745201226e-06,22.521060961875,36.937306690370725,20.0,1.0507513977660484e-05,3.4151138436300243e-05,9.259960965977774e-06,5.3918613379938503e-05,0.0,United Kingdom,GBR,england,,,Linux-6.4.0-150700.53.73-default-x86_64-with-glibc2.38,3.12.12,3.3.0,8,AMD EPYC 7543P 32-Core Processor,1,1 x NVIDIA A100-SXM4-40GB,-2.5917,51.4535,64,machine,0.0,19.0,4.8,11.972400665283203,N,1.0,0.0
2026-09-27T07:00:00,mobilevit_xxs_batch14_node_0_evaluate,fbf34358-ec3c-4ddd-819c-cfa2ee6eff6d,5b0fa12a-3dd7-45bb-9766-cc326314d9f1,6.2952517392113805,2.2838673569843355e-05,3.6279206163571792e-06,22.531146525,32.18345238624343,20.0,2.0354360559644382e-05,5.779865735178191e-05,1.797379591347029e-05,9.612681382489659e-05,0.0,United Kingdom,GBR,england,,,Linux-6.4.0-150700.53.73-default-x86_64-with-glibc2.38,3.12.12,3.3.0,8,AMD EPYC 7543P 32-Core Processor,1,1 x NVIDIA A100-SXM4-40GB,-2.5917,51.4535,64,machine,0.0,9.333333333333334,4.8,11.992113749186197,N,1.0,0.0
2026-09-27T07:00:06,mobilevit_xxs_batch14_node_3_evaluate,ec21358e-6e5a-4623-b051-3fa82adb4f30,5b0fa12a-3dd7-45bb-9766-cc326314d9f1,6.2430205112323165,2.2734553347807445e-05,3.6415951712642776e-06,22.5316356890625,32.86908837110769,20.0,2.000019783828241e-05,5.8021713073230785e-05,1.7666666201936702e-05,9.568857711344989e-05,0.0,United Kingdom,GBR,england,,,Linux-6.4.0-150700.53.73-default-x86_64-with-glibc2.38,3.12.12,3.3.0,8,AMD EPYC 7543P 32-Core Processor,1,1 x NVIDIA A100-SXM4-40GB,-2.5917,51.4535,64,machine,0.0,11.0,4.8,11.994576772054037,N,1.0,0.0
2026-09-27T07:00:22,mobilenet_v3_small_batch15_node_0_local_train,06948afa-98de-4958-977c-a99840719714,5b0fa12a-3dd7-45bb-9766-cc326314d9f1,6.6532204784452915,2.5124512981238927e-05,3.7762934600823512e-06,22.540946563125,86.51760679425291,20.0,2.2579722943578074e-05,6.319949501687461e-05,1.9968577523508833e-05,0.0001057477954839615,0.0,United Kingdom,GBR,england,,,Linux-6.4.0-150700.53.73-default-x86_64-with-glibc2.38,3.12.12,3.3.0,8,AMD EPYC 7543P 32-Core Processor,1,1 x NVIDIA A100-SXM4-40GB,-2.5917,51.4535,64,machine,0.0,7.333333333333333,4.6,11.633589426676432,N,1.0,0.0
2026-09-27T07:00:30,mobilenet_v3_small_batch15_node_0_evaluate,4fe4a7a3-b93b-45da-8a84-8a9dcd020c13,5b0fa12a-3dd7-45bb-9766-cc326314d9f1,8.605827688239515,3.784820130108465e-05,4.397973405022616e-06,22.548856921875,30.362085772182873,20.0,3.490740802910573e-05,9.356340818555964e-05,3.083033535836472e-05,0.0001593011515730301,0.0,United Kingdom,GBR,england,,,Linux-6.4.0-150700.53.73-default-x86_64-with-glibc2.38,3.12.12,3.3.0,8,AMD EPYC 7543P 32-Core Processor,1,1 x NVIDIA A100-SXM4-40GB,-2.5917,51.4535,64,machine,0.0,2.6,4.6,11.553935241699218,N,1.0,0.0
2026-09-27T07:00:41,mobilenet_v3_small_batch15_node_1_local_train,26c0174d-c2c2-4848-af91-9add46095c07,5b0fa12a-3dd7-45bb-9766-cc326314d9f1,10.406379256863147,5.140917680190499e-05,4.940159832056855e-06,22.5572251078125,387.06392483678934,20.0,4.621596270899215e-05,0.0001293509368025525,4.081170725015303e-05,0.00021637860676169767,0.0,United Kingdom,GBR,england,,,Linux-6.4.0-150700.53.73-default-x86_64-with-glibc2.38,3.12.12,3.3.0,8,AMD EPYC 7543P 32-Core Processor,1,1 x NVIDIA A100-SXM4-40GB,-2.5917,51.4535,64,machine,0.0,7.714285714285714,4.6,11.51695796421596,N,1.0,0.0
2026-09-27T07:00:48,mobilenet_v3_small_batch15_node_1_evaluate,3cd7d2a9-7994-482f-9e31-852d9b265c0e,5b0fa12a-3dd7-45bb-9766-cc326314d9f1,7.088762984145433,2.7355371215690645e-05,3.858976703957101e-06,22.542856006500003,30.110089650799512,20.0,2.5368857428672363e-05,6.737088723696161e-05,2.2397619503964155e-05,0.00011513736416959812,0.0,United Kingdom,GBR,england,,,Linux-6.4.0-150700.53.73-default-x86_64-with-glibc2.38,3.12.12,3.3.0,8,AMD EPYC 7543P 32-Core Processor,1,1 x NVIDIA A100-SXM4-40GB,-2.5917,51.4535,64,machine,0.0,2.75,4.5,11.403804779052734,N,1.0,0.0
2026-09-27T07:00:53,mobilenet_v3_small_batch15_node_2_local_train,88fdc62e-c05d-457b-97dc-79a7ff9c2d1a,5b0fa12a-3dd7-45bb-9766-cc326314d9f1,4.565987549256533,1.0191941848808964e-05,2.2321440299302808e-06,22.51074951,29.95075496309559,20.0,9.498228252953337e-06,2.5028075569366592e-05,8.371060318313539e-06,4.2897364140633465e-05,0.0,United Kingdom,GBR,england,,,Linux-6.4.0-150700.53.73-default-x86_64-with-glibc2.38,3.12.12,3.3.0,8,AMD EPYC 7543P 32-Core Processor,1,1 x NVIDIA A100-SXM4-40GB,-2.5917,51.4535,64,machine,0.0,4.0,4.6,11.451385498046875,N,1.0,0.0
2026-09-27T07:00:59,mobilenet_v3_small_batch15_node_2_evaluate,30e19b68-3285-43c1-a63c-97cd62b91bf8,5b0fa12a-3dd7-45bb-9766-cc326314d9f1,6.641724420711398,2.4464084942832805e-05,3.683393557634607e-06,22.5251459690625,30.41992233259333,20.0,2.252284963361936e-05,6.0531992858159356e-05,1.991324501577765e-05,0.00010296808750755636,0.0,United Kingdom,GBR,england,,,Linux-6.4.0-150700.53.73-default-x86_64-with-glibc2.38,3.12.12,3.3.0,8,AMD EPYC 7543P 32-Core Processor,1,1 x NVIDIA A100-SXM4-40GB,-2.5917,51.4535,64,machine,0.0,3.0,4.5,11.35595448811849,N,1.0,0.0
2026-09-27T07:01:06,mobilenet_v3_small_batch15_node_3_local_train,b2cf0977-571d-460b-a6ae-cbd59a591354,5b0fa12a-3dd7-45bb-9766-cc326314d9f1,6.100255195051432,2.0755172871944563e-05,3.4023450180873253e-06,22.516063312500002,30.463188302290057,20.0,1.9101318974226337e-05,5.1376707759231977e-05,1.687943877186626e-05,8.735746550532459e-05,0.0,United Kingdom,GBR,england,,,Linux-6.4.0-150700.53.73-default-x86_64-with-glibc2.38,3.12.12,3.3.0,8,AMD EPYC 7543P 32-Core Processor,1,1 x NVIDIA A100-SXM4-40GB,-2.5917,51.4535,64,machine,11.1,5.333333333333333,4.5,11.312966664632162,N,1.0,0.0
2026-09-27T07:01:13,mobilenet_v3_small_batch15_node_3_evaluate,dc0e912e-49c6-4094-94a7-91f22dc74d59,5b0fa12a-3dd7-45bb-9766-cc326314d9f1,7.331355861853808,2.9226456089573983e-05,3.986500811076953e-06,22.5686612295,30.531911258037855,20.0,2.6930096771811062e-05,7.236644677277582e-05,2.371612156016959e-05,0.00012301266510475646,0.0,United Kingdom,GBR,england,,,Linux-6.4.0-150700.53.73-default-x86_64-with-glibc2.38,3.12.12,3.3.0,8,AMD EPYC 7543P 32-Core Processor,1,1 x NVIDIA A100-SXM4-40GB,-2.5917,51.4535,64,machine,0.0,3.0,4.5,11.292807579040527,N,1.0,0.0
2026-09-27T07:01:19,mobilenet_v3_small_batch15_node_0_distill,2de0cbbe-d22d-4e54-8c91-eef3f6648eeb,5b0fa12a-3dd7-45bb-9766-cc326314d9f1,5.868736740201712,1.9389659343068065e-05,3.3038897809550805e-06,22.547314023750005,30.96109044683519,20.0,1.7709020322157168e-05,4.8289760854913766e-05,1.561130743422028e-05,8.161008861129121e-05,0.0,United Kingdom,GBR,england,,,Linux-6.4.0-150700.53.73-default-x86_64-with-glibc2.38,3.12.12,3.3.0,8,AMD EPYC 7543P 32-Core Processor,1,1 x NVIDIA A100-SXM4-40GB,-2.5917,51.4535,64,machine,0.0,7.0,4.5,11.32550048828125,N,1.0,0.0
2026-09-27T07:01:26,mobilenet_v3_small_batch15_node_1_distill,d5159e5e-e0b2-4e2f-bb28-73506e4567bb,5b0fa12a-3dd7-45bb-9766-cc326314d9f1,6.76347926678136,2.6123847484096826e-05,3.862486518204229e-06,22.5341508909375,32.21698621368247,20.0,2.329163363957334e-05,6.608505287886146e-05,2.057725698945837e-05,0.00010995394350789316,0.0,United Kingdom,GBR,england,,,Linux-6.4.0-150700.53.73-default-x86_64-with-glibc2.38,3.12.12,3.3.0,8,AMD EPYC 7543P 32-Core Processor,1,1 x NVIDIA A100-SXM4-40GB,-2.5917,51.4535,64,machine,0.0,10.666666666666666,4.5,11.26812489827474,N,1.0,0.0
2026-09-27T07:01:29,mobilenet_v3_small_batch15_node_2_distill,4883ded7-7de2-4a9a-959a-bbfb427ea121,5b0fa12a-3dd7-45bb-9766-cc326314d9f1,3.2073012399487197,1.254389948104937e-06,3.9110450009522426e-07,22.57629906375,42.08083921602699,20.0,1.0123851268960025e-06,3.4363916512347714e-06,8.308866242360738e-07,5.279663402366848e-06,0.0,United Kingdom,GBR,england,,,Linux-6.4.0-150700.53.73-default-x86_64-with-glibc2.38,3.12.12,3.3.0,8,AMD EPYC 7543P 32-Core Processor,1,1 x NVIDIA A100-SXM4-40GB,-2.5917,51.4535,64,machine,0,0,0,0,N,1.0,0.0
2026-09-27T07:01:34,mobilenet_v3_small_batch15_node_3_distill,02b6abd3-fa16-4b63-ba32-66af7cd997a2,5b0fa12a-3dd7-45bb-9766-cc326314d9f1,4.5363288526423275,9.97244554025418e-06,2.1983515446516656e-06,22.51601724375,29.78649047772259,20.0,9.328656700602874e-06,2.4426963975088256e-05,8.217894681729375e-06,4.19735153574205e-05,0.0,United Kingdom,GBR,england,,,Linux-6.4.0-150700.53.73-default-x86_64-with-glibc2.38,3.12.12,3.3.0,8,AMD EPYC 7543P 32-Core Processor,1,1 x NVIDIA A100-SXM4-40GB,-2.5917,51.4535,64,machine,0.0,5.0,4.5,11.276069641113281,N,1.0,0.0
2026-09-27T07:01:40,mobilenet_v3_small_batch15_node_0_evaluate,00ff0a0a-8525-4c1a-bea1-615eb9947483,5b0fa12a-3dd7-45bb-9766-cc326314d9f1,6.118533453904092,2.107128264777954e-05,3.4438452950411587e-06,22.5301531865625,30.92221001949833,20.0,1.9229073714041905e-05,5.247476418901442e-05,1.6984117548498843e-05,8.868795545155517e-05,0.0,United Kingdom,GBR,england,,,Linux-6.4.0-150700.53.73-default-x86_64-with-glibc2.38,3.12.12,3.3.0,8,AMD EPYC 7543P 32-Core Processor,1,1 x NVIDIA A100-SXM4-40GB,-2.5917,51.4535,64,machine,0.0,3.3333333333333335,4.5,11.247694651285807,N,1.0,0.0
2026-09-27T07:01:46,mobilenet_v3_small_batch15_node_1_evaluate,ed7d21a3-3bbe-4101-9b73-2b18c0d1fa15,5b0fa12a-3dd7-45bb-9766-cc326314d9f1,6.245604613330215,2.142054074522953e-05,3.4296984954044177e-06,22.539263914687503,29.707056473272058,20.0,2.0022803911220805e-05,5.2461430854577884e-05,1.767373022933801e-05,9.01579649951367e-05,0.0,United Kingdom,GBR,england,,,Linux-6.4.0-150700.53.73-default-x86_64-with-glibc2.38,3.12.12,3.3.0,8,AMD EPYC 7543P 32-Core Processor,1,1 x NVIDIA A100-SXM4-40GB,-2.5917,51.4535,64,machine,0.0,3.0,4.5,11.274890899658203,N,1.0,0.0
2026-09-27T07:01:53,mobilenet_v3_small_batch15_node_2_evaluate,5fc7c2ba-d57c-4607-ae1f-0f285179891e,5b0fa12a-3dd7-45bb-9766-cc326314d9f1,7.287917573004961,2.862092000000561e-05,3.927173944175745e-06,22.56478450875,29.99653201851679,20.0,2.662953182756577e-05,7.036311184549504e-05,2.34713508721648e-05,0.00012046399454522562,0.0,United Kingdom,GBR,england,,,Linux-6.4.0-150700.53.73-default-x86_64-with-glibc2.38,3.12.12,3.3.0,8,AMD EPYC 7543P 32-Core Processor,1,1 x NVIDIA A100-SXM4-40GB,-2.5917,51.4535,64,machine,0.0,1.75,4.5,11.249662399291992,N,1.0,0.0
2026-09-27T07:02:00,mobilenet_v3_small_batch15_node_3_evaluate,3e4a65b2-92a0-401a-b788-3e8daea72b64,5b0fa12a-3dd7-45bb-9766-cc326314d9f1,6.117280818056315,2.1101065010567618e-05,3.449419053688662e-06,22.5337564209375,30.945228759973926,20.0,1.9253356158347376e-05,5.2558375386979606e-05,1.700157635431323e-05,8.881330789964021e-05,0.0,United Kingdom,GBR,england,,,Linux-6.4.0-150700.53.73-default-x86_64-with-glibc2.38,3.12.12,3.3.0,8,AMD EPYC 7543P 32-Core Processor,1,1 x NVIDIA A100-SXM4-40GB,-2.5917,51.4535,64,machine,0.0,2.6666666666666665,4.5,11.24881362915039,N,1.0,0.0
2026-09-27T07:02:06,efficientnet_lite0_batch15_node_0_local_train,0eff88ab-98d0-4f4f-93f7-b08bc97ad122,5b0fa12a-3dd7-45bb-9766-cc326314d9f1,4.834578146226704,1.4935691254890132e-05,3.0893473645776423e-06,22.534799371875003,42.475793279533164,20.0,1.1199746377953929e-05,4.1806977890246344e-05,9.856839511646993e-06,6.286356377984727e-05,0.0,United Kingdom,GBR,england,,,Linux-6.4.0-150700.53.73-default-x86_64-with-glibc2.38,3.12.12,3.3.0,8,AMD EPYC 7543P 32-Core Processor,1,1 x NVIDIA A100-SXM4-40GB,-2.5917,51.4535,64,machine,0.0,22.0,4.5,11.2847900390625,N,1.0,0.0
2026-09-27T07:02:14,efficientnet_lite0_batch15_node_0_evaluate,42597966-d9c7-4316-a65c-3377c0acf088,5b0fa12a-3dd7-45bb-9766-cc326314d9f1,7.554683283902705,3.159539070765826e-05,4.182225716196572e-06,22.541644287,31.929852834475046,20.0,2.8282887847317084e-05,7.971895266223328e-05,2.498154974697779e-05,0.00013298339025652814,0.0,United Kingdom,GBR,england,,,Linux-6.4.0-150700.53.73-default-x86_64-with-glibc2.38,3.12.12,3.3.0,8,AMD EPYC 7543P 32-Core Processor,1,1 x NVIDIA A100-SXM4-40GB,-2.5917,51.4535,64,machine,16.675,5.25,4.5,11.311501502990723,N,1.0,0.0
2026-09-27T07:02:21,efficientnet_lite0_batch15_node_1_local_train,1d67e17b-c501-4844-9593-4d7c1b1fd144,5b0fa12a-3dd7-45bb-9766-cc326314d9f1,7.186767956241965,3.33040820434821e-05,4.634083394129389e-06,22.53310670475,39.836508757081695,20.0,2.5951833541394198e-05,9.12881285870526e-05,2.293522293265495e-05,0.00014017518506110173,0.0,United Kingdom,GBR,england,,,Linux-6.4.0-150700.53.73-default-x86_64-with-glibc2.38,3.12.12,3.3.0,8,AMD EPYC 7543P 32-Core Processor,1,1 x NVIDIA A100-SXM4-40GB,-2.5917,51.4535,64,machine,0.0,20.25,4.5,11.336512565612793,N,1.0,0.0
2026-09-27T07:02:28,efficientnet_lite0_batch15_node_1_evaluate,4b6bc3c8-0b0c-4391-a445-4d96d939ce8d,5b0fa12a-3dd7-45bb-9766-cc326314d9f1,6.612597292289138,2.581627758484148e-05,3.904105519164988e-06,22.5292085240625,33.71779753587839,20.0,2.235832559188834e-05,6.654171990305713e-05,1.9759351972283586e-05,0.00010865939746722904,0.0,United Kingdom,GBR,england,,,Linux-6.4.0-150700.53.73-default-x86_64-with-glibc2.38,3.12.12,3.3.0,8,AMD EPYC 7543P 32-Core Processor,1,1 x NVIDIA A100-SXM4-40GB,-2.5917,51.4535,64,machine,0.0,7.333333333333333,4.5,11.286542256673178,N,1.0,0.0
2026-09-27T07:02:31,efficientnet_lite0_batch15_node_2_local_train,5563b2c7-4793-4fb1-b5b5-ff1ffcc514af,5b0fa12a-3dd7-45bb-9766-cc326314d9f1,3.2703762063756585,1.5696610018746078e-06,4.799634362598788e-07,22.52531725875,35.152592271596426,20.0,1.3872419623775181e-06,4.0522254636243815e-06,1.1671557841408583e-06,6.606623210142759e-06,0.0,United Kingdom,GBR,england,,,Linux-6.4.0-150700.53.73-default-x86_64-with-glibc2.38,3.12.12,3.3.0,8,AMD EPYC 7543P 32-Core Processor,1,1 x NVIDIA A100-SXM4-40GB,-2.5917,51.4535,64,machine,0,0,0,0,N,1.0,0.0
2026-09-27T07:02:37,efficientnet_lite0_batch15_node_2_evaluate,80527698-343a-495b-9816-e7156c47d17c,5b0fa12a-3dd7-45bb-9766-cc326314d9f1,6.244837548118085,2.2671335062579313e-05,3.6304123026245e-06,22.5280753846875,32.59520802213892,20.0,2.0042422333154097e-05,5.767226836894679e-05,1.7707803868688644e-05,9.542249457078952e-05,0.0,United Kingdom,GBR,england,,,Linux-6.4.0-150700.53.73-default-x86_64-with-glibc2.38,3.12.12,3.3.0,8,AMD EPYC 7543P 32-Core Processor,1,1 x NVIDIA A100-SXM4-40GB,-2.5917,51.4535,64,machine,0.0,10.0,4.5,11.320215861002604,N,1.0,0.0
2026-09-27T07:02:42,efficientnet_lite0_batch15_node_3_local_train,f45b4c56-1693-4475-be3b-16055e993380,5b0fa12a-3dd7-45bb-9766-cc326314d9f1,4.674607377033681,1.2233182916541935e-05,2.6169433986356787e-06,22.515020589375002,36.17220354056187,20.0,1.0174925660563336e-05,3.235502587983774e-05,8.958892288824752e-06,5.148884382922583e-05,0.0,United Kingdom,GBR,england,,,Linux-6.4.0-150700.53.73-default-x86_64-with-glibc2.38,3.12.12,3.3.0,8,AMD EPYC 7543P 32-Core Processor,1,1 x NVIDIA A100-SXM4-40GB,-2.5917,51.4535,64,machine,0.0,24.0,4.5,11.27524185180664,N,1.0,0.0
2026-09-27T07:02:50,efficientnet_lite0_batch15_node_3_evaluate,60a88143-33e8-4d2b-b02e-3f21da5bbc0d,5b0fa12a-3dd7-45bb-9766-cc326314d9f1,7.442468052264303,3.133430032186795e-05,4.210202865746232e-06,22.560367923,32.82490591898529,20.0,2.7620497421604428e-05,7.990645281097386e-05,2.4357523888142575e-05,0.00013188447412072087,0.0,United Kingdom,GBR,england,,,Linux-6.4.0-150700.53.73-default-x86_64-with-glibc2.38,3.12.12,3.3.0,8,AMD EPYC 7543P 32-Core Processor,1,1 x NVIDIA A100-SXM4-40GB,-2.5917,51.4535,64,machine,0.0,6.25,4.5,11.30378532409668,N,1.0,0.0
2026-09-27T07:02:54,efficientnet_lite0_batch15_node_0_knowledge_extraction,ad97f446-4739-4595-87c5-8ed7718461d4,5b0fa12a-3dd7-45bb-9766-cc326314d9f1,4.357378360815346,9.145243259477225e-06,2.09879484915007e-06,22.528697895,31.903924496347525,20.0,8.231491250046628e-06,2.30244628625087e-05,7.235908976549076e-06,3.84918630891044e-05,0.0,United Kingdom,GBR,england,,,Linux-6.4.0-150700.53.73-default-x86_64-with-glibc2.38,3.12.12,3.3.0,8,AMD EPYC 7543P 32-Core Processor,1,1 x NVIDIA A100-SXM4-40GB,-2.5917,51.4535,64,machine,0.0,0.0,4.5,11.254364013671875,N,1.0,0.0
2026-09-27T07:02:59,efficientnet_lite0_batch15_node_1_knowledge_extraction,533bd528-2890-4d7e-ac27-8d347d01f538,5b0fa12a-3dd7-45bb-9766-cc326314d9f1,4.919037968385965,1.3183326060719207e-05,2.6800618627965014e-06,22.540070092500002,32.338173930123645,20.0,1.1753448655476354e-05,3.3393915600754553e-05,1.034058367367834e-05,5.548794792990924e-05,0.0,United Kingdom,GBR,england,,,Linux-6.4.0-150700.53.73-default-x86_64-with-glibc2.38,3.12.12,3.3.0,8,AMD EPYC 7543P 32-Core Processor,1,1 x NVIDIA A100-SXM4-40GB,-2.5917,51.4535,64,machine,0.0,8.0,4.5,11.296276092529297,N,1.0,0.0
2026-09-27T07:03:03,efficientnet_lite0_batch15_node_3_knowledge_extraction,d9b5e12e-2ef7-4ded-a210-0103c1a0e57e,5b0fa12a-3dd7-45bb-9766-cc326314d9f1,3.955913244280964,6.295473502407704e-06,1.5914083837680276e-06,22.54444632,31.927564399768954,20.0,5.692668694664969e-06,1.5828346008106564e-05,4.976312624704506e-06,2.6497327327476038e-05,0.0,United Kingdom,GBR,england,,,Linux-6.4.0-150700.53.73-default-x86_64-with-glibc2.38,3.12.12,3.3.0,8,AMD EPYC 7543P 32-Core Processor,1,1 x NVIDIA A100-SXM4-40GB,-2.5917,51.4535,64,machine,0,0,0,0,N,1.0,0.0
2026-09-27T07:03:11,mobilevit_xxs_batch15_node_0_local_train,e4e1f77f-b5be-4c4a-bb5d-1ffd20e1f1fe,5b0fa12a-3dd7-45bb-9766-cc326314d9f1,5.725613577757031,2.1026566046575818e-05,3.672369041505038e-06,22.522354110000002,38.42961850296949,20.0,1.6781454826083718e-05,5.689810107867288e-05,1.4820189649860065e-05,8.849974555461667e-05,0.0,United Kingdom,GBR,england,,,Linux-6.4.0-150700.53.73-default-x86_64-with-glibc2.38,3.12.12,3.3.0,8,AMD EPYC 7543P 32-Core Processor,1,1 x NVIDIA A100-SXM4-40GB,-2.5917,51.4535,64,machine,0.0,34.5,4.5,11.29635238647461,N,1.0,0.0
2026-09-27T07:03:17,mobilevit_xxs_batch15_node_0_evaluate,381a25b9-2a09-415f-90e3-92a2b93fc616,5b0fa12a-3dd7-45bb-9766-cc326314d9f1,6.46461335895583,2.4313348143513464e-05,3.7609903011184223e-06,22.52867157,32.75688261401505,20.0,2.142564919289943e-05,6.197421623710397e-05,1.893377856661876e-05,0.00010233364399662217,0.0,United Kingdom,GBR,england,,,Linux-6.4.0-150700.53.73-default-x86_64-with-glibc2.38,3.12.12,3.3.0,8,AMD EPYC 7543P 32-Core Processor,1,1 x NVIDIA A100-SXM4-40GB,-2.5917,51.4535,64,machine,0.0,15.0,4.5,11.294124603271484,N,1.0,0.0
2026-09-27T07:03:28,mobilevit_xxs_batch15_node_1_local_train,d140e11f-f64f-4836-980c-91072f8ffa4e,5b0fa12a-3dd7-45bb-9766-cc326314d9f1,10.276150972116739,5.370165364172843e-05,5.225852927564246e-06,22.5433081940625,35.15829746524873,20.0,4.52855723441511e-05,0.0001407067792200678,4.003517345473584e-05,0.00022602752501895473,0.0,United Kingdom,GBR,england,,,Linux-6.4.0-150700.53.73-default-x86_64-with-glibc2.38,3.12.12,3.3.0,8,AMD EPYC 7543P 32-Core Processor,1,1 x NVIDIA A100-SXM4-40GB,-2.5917,51.4535,64,machine,0.0,16.857142857142858,4.5,11.318503243582589,N,1.0,0.0
2026-09-27T07:03:34,mobilevit_xxs_batch15_node_1_evaluate,0a35f2a6-2c33-4ee8-a3fe-22c47614659c,5b0fa12a-3dd7-45bb-9766-cc326314d9f1,6.4585039196535945,2.4225413191089307e-05,3.7509326451548627e-06,22.532169048750003,33.05382329684609,20.0,2.1238121730817428e-05,6.196449403716997e-05,1.8760914492627813e-05,0.00010196353026061521,0.0,United Kingdom,GBR,england,,,Linux-6.4.0-150700.53.73-default-x86_64-with-glibc2.38,3.12.12,3.3.0,8,AMD EPYC 7543P 32-Core Processor,1,1 x NVIDIA A100-SXM4-40GB,-2.5917,51.4535,64,machine,0.0,10.333333333333334,4.5,11.296401977539062,N,1.0,0.0
2026-09-27T07:03:38,mobilevit_xxs_batch15_node_2_local_train,9116ce9a-2bba-4cd4-bf2e-34054ce42707,5b0fa12a-3dd7-45bb-9766-cc326314d9f1,3.3571167322807014,2.21244371920419e-06,6.590309171945705e-07,22.539388072500003,35.002940532393424,20.0,1.943317467217266e-06,5.720282359789053e-06,1.6484631018506155e-06,9.312062928856934e-06,0.0,United Kingdom,GBR,england,,,Linux-6.4.0-150700.53.73-default-x86_64-with-glibc2.38,3.12.12,3.3.0,8,AMD EPYC 7543P 32-Core Processor,1,1 x NVIDIA A100-SXM4-40GB,-2.5917,51.4535,64,machine,0,0,0,0,N,1.0,0.0
2026-09-27T07:03:44,mobilevit_xxs_batch15_node_2_evaluate,f0b38709-7956-4431-85b3-2604d3275af9,5b0fa12a-3dd7-45bb-9766-cc326314d9f1,6.316201733890921,2.3431445964826513e-05,3.709736793095147e-06,22.52571355125,33.17740659261693,20.0,2.0495235901157142e-05,6.002115914327533e-05,1.8105367599572574e-05,9.862176264400504e-05,0.0,United Kingdom,GBR,england,,,Linux-6.4.0-150700.53.73-default-x86_64-with-glibc2.38,3.12.12,3.3.0,8,AMD EPYC 7543P 32-Core Processor,1,1 x NVIDIA A100-SXM4-40GB,-2.5917,51.4535,64,machine,0.0,8.333333333333334,4.5,11.346221923828125,N,1.0,0.0
2026-09-27T07:03:50,mobilevit_xxs_batch15_node_3_local_train,8efc6a3a-7162-4137-9333-ec69e0643d07,5b0fa12a-3dd7-45bb-9766-cc326314d9f1,5.569779860787094,1.841189101650673e-05,3.3056766114100693e-06,22.50984862125,34.33896415987249,20.0,1.576227424016382e-05,4.779781602337607e-05,1.3934621261432768e-05,7.749471152497266e-05,0.0,United Kingdom,GBR,england,,,Linux-6.4.0-150700.53.73-default-x86_64-with-glibc2.38,3.12.12,3.3.0,8,AMD EPYC 7543P 32-Core Processor,1,1 x NVIDIA A100-SXM4-40GB,-2.5917,51.4535,64,machine,0.0,25.0,4.5,11.323888778686523,N,1.0,0.0
2026-09-27T07:03:56,mobilevit_xxs_batch15_node_3_evaluate,84007f1d-6516-428a-9bd5-dc7e12999f06,5b0fa12a-3dd7-45bb-9766-cc326314d9f1,6.263999128714204,2.2811378619909797e-05,3.6416637600318815e-06,22.5287223975,32.69376866902176,20.0,2.0129491759672368e-05,5.809782425103549e-05,1.7784614760118226e-05,9.601193077082608e-05,0.0,United Kingdom,GBR,england,,,Linux-6.4.0-150700.53.73-default-x86_64-with-glibc2.38,3.12.12,3.3.0,8,AMD EPYC 7543P 32-Core Processor,1,1 x NVIDIA A100-SXM4-40GB,-2.5917,51.4535,64,machine,0.0,6.333333333333333,4.5,11.365678151448568,N,1.0,0.0
2026-09-27T07:04:00,mobilevit_xxs_batch15_node_0_knowledge_extraction,c39c2a3f-59bf-43ee-ae52-0cb2aebd2f90,5b0fa12a-3dd7-45bb-9766-cc326314d9f1,4.34033123170957,9.06132830837622e-06,2.0877043305303555e-06,22.571508166875002,32.07983206666851,20.0,8.148942080995072e-06,2.2851962725667363e-05,7.137764527255462e-06,3.81386693339179e-05,0.0,United Kingdom,GBR,england,,,Linux-6.4.0-150700.53.73-default-x86_64-with-glibc2.38,3.12.12,3.3.0,8,AMD EPYC 7543P 32-Core Processor,1,1 x NVIDIA A100-SXM4-40GB,-2.5917,51.4535,64,machine,0.0,10.0,4.5,11.337329864501953,N,1.0,0.0
2026-09-27T07:04:04,mobilevit_xxs_batch15_node_2_knowledge_extraction,90aaccb2-b65e-4c99-b589-eea0c4cb788f,5b0fa12a-3dd7-45bb-9766-cc326314d9f1,3.3399323453195393,2.058974023965775e-06,6.16471775798437e-07,22.55582601,34.21451542665624,20.0,1.8310607974044484e-06,5.277782008761278e-06,1.5572739920268456e-06,8.666116798192572e-06,0.0,United Kingdom,GBR,england,,,Linux-6.4.0-150700.53.73-default-x86_64-with-glibc2.38,3.12.12,3.3.0,8,AMD EPYC 7543P 32-Core Processor,1,1 x NVIDIA A100-SXM4-40GB,-2.5917,51.4535,64,machine,0,0,0,0,N,1.0,0.0
2026-09-27T07:04:10,mobilevit_xxs_batch15_node_0_distill,05f53822-fa28-425a-8a4c-57c30f8c1736,5b0fa12a-3dd7-45bb-9766-cc326314d9f1,6.0251387460157275,2.1949341981053196e-05,3.642960420715248e-06,22.51019577375,34.86304222437437,20.0,1.8613885069502984e-05,5.731532363029146e-05,1.645445376375897e-05,9.238366246355343e-05,0.0,United Kingdom,GBR,england,,,Linux-6.4.0-150700.53.73-default-x86_64-with-glibc2.38,3.12.12,3.3.0,8,AMD EPYC 7543P 32-Core Processor,1,1 x NVIDIA A100-SXM4-40GB,-2.5917,51.4535,64,machine,0.0,24.0,4.6,11.483823776245117,N,1.0,0.0
2026-09-27T07:04:18,mobilevit_xxs_batch15_node_1_distill,3445ac68-cf32-4aca-a7f7-2e6658fb8cc3,5b0fa12a-3dd7-45bb-9766-cc326314d9f1,8.333270870149136,3.9889669876746714e-05,4.7867962650340244e-06,22.524149745000003,36.25646757074272,20.0,3.297101298198509e-05,0.00010574314013922503,2.9179435709698335e-05,0.00016789358883090847,0.0,United Kingdom,GBR,england,,,Linux-6.4.0-150700.53.73-default-x86_64-with-glibc2.38,3.12.12,3.3.0,8,AMD EPYC 7543P 32-Core Processor,1,1 x NVIDIA A100-SXM4-40GB,-2.5917,51.4535,64,machine,0.0,21.6,4.6,11.490126800537109,N,1.0,0.0
2026-09-27T07:04:23,mobilevit_xxs_batch15_node_3_distill,86767091-a632-455f-b8f8-e581c223d063,5b0fa12a-3dd7-45bb-9766-cc326314d9f1,5.305969066917896,1.6424719510720515e-05,3.0955173887323885e-06,22.509977343750002,34.02825169303254,20.0,1.4146702363591722e-05,4.248475620727277e-05,1.2499349297852153e-05,6.913080786871664e-05,0.0,United Kingdom,GBR,england,,,Linux-6.4.0-150700.53.73-default-x86_64-with-glibc2.38,3.12.12,3.3.0,8,AMD EPYC 7543P 32-Core Processor,1,1 x NVIDIA A100-SXM4-40GB,-2.5917,51.4535,64,machine,0.0,23.0,4.6,11.519542694091797,N,1.0,0.0
2026-09-27T07:04:30,mobilevit_xxs_batch15_node_0_evaluate,8a9a2a88-bfe9-40ad-a1f7-bf202b2decd7,5b0fa12a-3dd7-45bb-9766-cc326314d9f1,6.364544386975467,2.352861692845651e-05,3.696826590856362e-06,22.528928542500005,32.60157242143065,20.0,2.0796887832886828e-05,5.9858936779733085e-05,1.837492566814439e-05,9.903075028076431e-05,0.0,United Kingdom,GBR,england,,,Linux-6.4.0-150700.53.73-default-x86_64-with-glibc2.38,3.12.12,3.3.0,8,AMD EPYC 7543P 32-Core Processor,1,1 x NVIDIA A100-SXM4-40GB,-2.5917,51.4535,64,machine,0.0,8.333333333333334,4.533333333333333,11.43874486287435,N,1.0,0.0
2026-09-27T07:04:39,mobilevit_xxs_batch15_node_1_evaluate,c845349c-f256-4df1-863b-1bd4effdc12a,5b0fa12a-3dd7-45bb-9766-cc326314d9f1,9.308081700932235,4.3251431652466385e-05,4.646653633061108e-06,22.594590266785715,31.081444435539773,20.0,3.9457227265271894e-05,0.00010786703073506487,3.471881492166883e-05,0.0001820430729220056,0.0,United Kingdom,GBR,england,,,Linux-6.4.0-150700.53.73-default-x86_64-with-glibc2.38,3.12.12,3.3.0,8,AMD EPYC 7543P 32-Core Processor,1,1 x NVIDIA A100-SXM4-40GB,-2.5917,51.4535,64,machine,10.0,2.3333333333333335,4.6,11.480848948160807,N,1.0,0.0
2026-09-27T07:04:46,mobilevit_xxs_batch15_node_3_evaluate,61c0e30c-55eb-4fb1-9e3c-d8a0a21b75d0,5b0fa12a-3dd7-45bb-9766-cc326314d9f1,6.257091932930052,2.281180386676422e-05,3.6457517503793454e-06,22.534257886875004,32.72367129489817,20.0,2.0127271217832612e-05,5.811337982208897e-05,1.777306957325588e-05,9.601372061317746e-05,0.0,United Kingdom,GBR,england,,,Linux-6.4.0-150700.53.73-default-x86_64-with-glibc2.38,3.12.12,3.3.0,8,AMD EPYC 7543P 32-Core Processor,1,1 x NVIDIA A100-SXM4-40GB,-2.5917,51.4535,64,machine,0.0,11.333333333333334,4.6,11.498915354410807,N,1.0,0.0
2026-09-27T07:05:04,mobilenet_v3_small_batch16_node_0_local_train,2a65d01d-ed10-4309-9638-70a313c7d780,5b0fa12a-3dd7-45bb-9766-cc326314d9f1,7.920984940603375,3.3781937826242826e-05,4.264865806406837e-06,23.263766172000004,30.9586944439777,20.0,3.2465029854459e-05,8.270895504836062e-05,2.7012470809535846e-05,0.00014218645571235548,0.0,United Kingdom,GBR,england,,,Linux-6.4.0-150700.53.73-default-x86_64-with-glibc2.38,3.12.12,3.3.0,8,AMD EPYC 7543P 32-Core Processor,1,1 x NVIDIA A100-SXM4-40GB,-2.5917,51.4535,64,machine,0.0,6.75,4.4,11.104279518127441,N,1.0,0.0
2026-09-27T07:05:17,mobilenet_v3_small_batch16_node_0_evaluate,d843702d-3332-486b-a905-359b483a6023,5b0fa12a-3dd7-45bb-9766-cc326314d9f1,12.925701199099422,6.658633385114793e-05,5.1514678256516735e-06,22.581353028375002,29.79175991360207,20.0,6.218998286933563e-05,0.00016325540839545738,5.481309650672806e-05,0.0002802584877715211,0.0,United Kingdom,GBR,england,,,Linux-6.4.0-150700.53.73-default-x86_64-with-glibc2.38,3.12.12,3.3.0,8,AMD EPYC 7543P 32-Core Processor,1,1 x NVIDIA A100-SXM4-40GB,-2.5917,51.4535,64,machine,7.411111111111111,1.7777777777777777,4.411111111111111,11.139526791042751,N,1.0,0.0
2026-09-27T07:05:29,mobilenet_v3_small_batch16_node_1_local_train,f56a13ef-ef22-470a-abd3-697fae4cba56,5b0fa12a-3dd7-45bb-9766-cc326314d9f1,12.085885874927044,6.248672717720949e-05,5.1702231697257935e-06,22.532154904125,31.167329192104987,20.0,5.663951564904689e-05,0.00015622512496804575,5.0138811467008456e-05,0.0002630034520841011,0.0,United Kingdom,GBR,england,,,Linux-6.4.0-150700.53.73-default-x86_64-with-glibc2.38,3.12.12,3.3.0,8,AMD EPYC 7543P 32-Core Processor,1,1 x NVIDIA A100-SXM4-40GB,-2.5917,51.4535,64,machine,6.666666666666667,4.777777777777778,4.411111111111111,11.067517598470053,N,1.0,0.0
2026-09-27T07:05:39,mobilenet_v3_small_batch16_node_1_evaluate,0c2206df-cab2-4a5c-9334-12a2c072f3a9,5b0fa12a-3dd7-45bb-9766-cc326314d9f1,9.354214063379914,4.278242975360928e-05,4.5735996058818975e-06,22.574583469285717,30.154998689806906,20.0,3.9676049824123286e-05,0.00010541952877929361,3.497348921373487e-05,0.00018006906781715178,0.0,United Kingdom,GBR,england,,,Linux-6.4.0-150700.53.73-default-x86_64-with-glibc2.38,3.12.12,3.3.0,8,AMD EPYC 7543P 32-Core Processor,1,1 x NVIDIA A100-SXM4-40GB,-2.5917,51.4535,64,machine,0.0,2.3333333333333335,4.366666666666667,10.949331283569336,N,1.0,0.0
2026-09-27T07:05:43,mobilenet_v3_small_batch16_node_2_local_train,eabac9cc-af97-46c5-8cdd-c28fdd2aa7ac,5b0fa12a-3dd7-45bb-9766-cc326314d9f1,4.1642676731571555,6.989934595064369e-06,1.6785507425762866e-06,22.566011760000002,27.863951626430445,20.0,6.834187134833024e-06,1.660917996559874e-05,5.976911595401665e-06,2.942027869583343e-05,0.0,United Kingdom,GBR,england,,,Linux-6.4.0-150700.53.73-default-x86_64-with-glibc2.38,3.12.12,3.3.0,8,AMD EPYC 7543P 32-Core Processor,1,1 x NVIDIA A100-SXM4-40GB,-2.5917,51.4535,64,machine,0.0,0.0,4.3,10.929977416992188,N,1.0,0.0
2026-09-27T07:05:54,mobilenet_v3_small_batch16_node_2_evaluate,0b3d4f8d-ccbb-4072-b737-96b20d295ea5,5b0fa12a-3dd7-45bb-9766-cc326314d9f1,10.721985417883843,5.160790205079253e-05,4.81327851506985e-06,22.60482361875,29.69548946193953,20.0,4.838817546791536e-05,0.0001262751010244756,4.2551754720302096e-05,0.00021721503121269306,0.0,United Kingdom,GBR,england,,,Linux-6.4.0-150700.53.73-default-x86_64-with-glibc2.38,3.12.12,3.3.0,8,AMD EPYC 7543P 32-Core Processor,1,1 x NVIDIA A100-SXM4-40GB,-2.5917,51.4535,64,machine,0.0,1.1428571428571428,4.314285714285714,10.87643323625837,N,1.0,0.0
2026-09-27T07:06:02,mobilenet_v3_small_batch16_node_3_local_train,4924580f-b679-4965-9be9-f70bf08b6ac0,5b0fa12a-3dd7-45bb-9766-cc326314d9f1,8.048688407987356,3.379851171757408e-05,4.1992570720010875e-06,22.556142436500004,29.97764962701454,20.0,3.1427480353201574e-05,8.309534425166021e-05,2.7733389771957362e-05,0.00014225621437681914,0.0,United Kingdom,GBR,england,,,Linux-6.4.0-150700.53.73-default-x86_64-with-glibc2.38,3.12.12,3.3.0,8,AMD EPYC 7543P 32-Core Processor,1,1 x NVIDIA A100-SXM4-40GB,-2.5917,51.4535,64,machine,0.0,0.0,4.225,10.709087371826172,N,1.0,0.0
2026-09-27T07:06:10,mobilenet_v3_small_batch16_node_3_evaluate,2018c0c6-69da-4f01-b9bb-46fdb02524f2,5b0fa12a-3dd7-45bb-9766-cc326314d9f1,8.278106356970966,3.534101134314692e-05,4.269214457891855e-06,22.57705776375,29.944132031874535,20.0,3.292508526050732e-05,8.681645833519269e-05,2.900697314180434e-05,0.00014874851673750435,0.0,United Kingdom,GBR,england,,,Linux-6.4.0-150700.53.73-default-x86_64-with-glibc2.38,3.12.12,3.3.0,8,AMD EPYC 7543P 32-Core Processor,1,1 x NVIDIA A100-SXM4-40GB,-2.5917,51.4535,64,machine,0.0,2.8,4.24,10.683527374267578,N,1.0,0.0
2026-09-27T07:06:15,mobilenet_v3_small_batch16_node_0_knowledge_extraction,26e6ec7f-c58a-453c-bda6-622608dacd23,5b0fa12a-3dd7-45bb-9766-cc326314d9f1,4.503294406924397,1.0019752477567275e-05,2.2249827730917637e-06,22.550356181250002,31.15118092078967,20.0,9.151187421537563e-06,2.4986131094806296e-05,8.035309330767227e-06,4.217262784711108e-05,0.0,United Kingdom,GBR,england,,,Linux-6.4.0-150700.53.73-default-x86_64-with-glibc2.38,3.12.12,3.3.0,8,AMD EPYC 7543P 32-Core Processor,1,1 x NVIDIA A100-SXM4-40GB,-2.5917,51.4535,64,machine,0.0,4.0,4.2,10.568004608154297,N,1.0,0.0
2026-09-27T07:06:19,mobilenet_v3_small_batch16_node_1_knowledge_extraction,f6e8d9e3-b2bf-467c-96b8-913408583517,5b0fa12a-3dd7-45bb-9766-cc326314d9f1,4.710470089223236,1.1079766232509421e-05,2.3521572205411227e-06,22.551899281875002,29.567819065788445,20.0,1.0424559113626678e-05,2.704779942064306e-05,9.161813218250043e-06,4.663417175251978e-05,0.0,United Kingdom,GBR,england,,,Linux-6.4.0-150700.53.73-default-x86_64-with-glibc2.38,3.12.12,3.3.0,8,AMD EPYC 7543P 32-Core Processor,1,1 x NVIDIA A100-SXM4-40GB,-2.5917,51.4535,64,machine,0.0,3.0,4.2,10.584590911865234,N,1.0,0.0
2026-09-27T07:06:23,mobilenet_v3_small_batch16_node_3_knowledge_extraction,45e52a62-1ee9-467f-a119-f1d1c4fa74d9,5b0fa12a-3dd7-45bb-9766-cc326314d9f1,3.7665527500212193,4.81170674329699e-06,1.2774829035037097e-06,22.56899914125,29.9914862745677,20.0,4.534719091087121e-06,1.1776676089425564e-05,3.940833429805934e-06,2.0252228610318618e-05,0.0,United Kingdom,GBR,england,,,Linux-6.4.0-150700.53.73-default-x86_64-with-glibc2.38,3.12.12,3.3.0,8,AMD EPYC 7543P 32-Core Processor,1,1 x NVIDIA A100-SXM4-40GB,-2.5917,51.4535,64,machine,0,0,0,0,N,1.0,0.0
2026-09-27T07:06:29,mobilenet_v3_small_batch16_node_0_distill,50ac5a5f-51d8-4f67-a7ab-8065d56e4581,5b0fa12a-3dd7-45bb-9766-cc326314d9f1,5.588711073156446,1.76500228983219e-05,3.1581562666744462e-06,22.518185512499997,31.627848791270903,20.0,1.5892984768760843e-05,4.435225771715068e-05,1.4042804933463535e-05,7.428804741937506e-05,0.0,United Kingdom,GBR,england,,,Linux-6.4.0-150700.53.73-default-x86_64-with-glibc2.38,3.12.12,3.3.0,8,AMD EPYC 7543P 32-Core Processor,1,1 x NVIDIA A100-SXM4-40GB,-2.5917,51.4535,64,machine,0.0,6.0,4.3,10.82540512084961,N,1.0,0.0
2026-09-27T07:06:36,mobilenet_v3_small_batch16_node_1_distill,11bb0de0-be23-42fa-9677-1001a9ce3a5c,5b0fa12a-3dd7-45bb-9766-cc326314d9f1,7.092931185849011,2.882636007268513e-05,4.064096960392922e-06,22.537288593,387.6823062398489,20.0,2.539329016515533e-05,7.349839212622555e-05,2.2436999056177837e-05,0.00012132868134755872,0.0,United Kingdom,GBR,england,,,Linux-6.4.0-150700.53.73-default-x86_64-with-glibc2.38,3.12.12,3.3.0,8,AMD EPYC 7543P 32-Core Processor,1,1 x NVIDIA A100-SXM4-40GB,-2.5917,51.4535,64,machine,0.0,10.25,4.3,10.796608924865723,N,1.0,0.0
2026-09-27T07:06:40,mobilenet_v3_small_batch16_node_2_distill,4989146e-92f7-4461-930b-a5e3254861fc,5b0fa12a-3dd7-45bb-9766-cc326314d9f1,3.7132037370465696,4.374150897321005e-06,1.1779991638164576e-06,22.53779136,29.15260593501991,20.0,4.186379330759584e-06,1.0580564008932924e-05,3.6436350007231036e-06,1.8410578340415612e-05,0.0,United Kingdom,GBR,england,,,Linux-6.4.0-150700.53.73-default-x86_64-with-glibc2.38,3.12.12,3.3.0,8,AMD EPYC 7543P 32-Core Processor,1,1 x NVIDIA A100-SXM4-40GB,-2.5917,51.4535,64,machine,0,0,0,0,N,1.0,0.0
2026-09-27T07:06:46,mobilenet_v3_small_batch16_node_3_distill,574bb90d-031f-4790-9fcd-5b6570ad4535,5b0fa12a-3dd7-45bb-9766-cc326314d9f1,6.213069682009518,2.189439583714119e-05,3.523925685324005e-06,22.53954511125,31.374329283023293,20.0,1.9819385012152684e-05,5.483921053439644e-05,1.7493801395822733e-05,9.215239694237187e-05,0.0,United Kingdom,GBR,england,,,Linux-6.4.0-150700.53.73-default-x86_64-with-glibc2.38,3.12.12,3.3.0,8,AMD EPYC 7543P 32-Core Processor,1,1 x NVIDIA A100-SXM4-40GB,-2.5917,51.4535,64,machine,0.0,4.0,4.3,10.78106435139974,N,1.0,0.0
2026-09-27T07:06:54,mobilenet_v3_small_batch16_node_0_evaluate,db577992-88be-4e13-8e6f-46a0827823cf,5b0fa12a-3dd7-45bb-9766-cc326314d9f1,7.817377315368503,3.251572895910456e-05,4.159416598093654e-06,22.54718810925,356.29594744309685,20.0,2.9924395090871735e-05,8.051173108469811e-05,2.6420920906174513e-05,0.00013685704708174437,0.0,United Kingdom,GBR,england,,,Linux-6.4.0-150700.53.73-default-x86_64-with-glibc2.38,3.12.12,3.3.0,8,AMD EPYC 7543P 32-Core Processor,1,1 x NVIDIA A100-SXM4-40GB,-2.5917,51.4535,64,machine,0.0,2.0,4.3,10.755659103393555,N,1.0,0.0
2026-09-27T07:07:00,mobilenet_v3_small_batch16_node_1_evaluate,8019a711-cd00-4064-b910-f7854783f85c,5b0fa12a-3dd7-45bb-9766-cc326314d9f1,6.283852193970233,2.1971270081248548e-05,3.4964651304706715e-06,22.544452724062502,30.356400771012893,20.0,2.0290706714090013e-05,5.428337676960382e-05,1.7901873236729037e-05,9.247595672042287e-05,0.0,United Kingdom,GBR,england,,,Linux-6.4.0-150700.53.73-default-x86_64-with-glibc2.38,3.12.12,3.3.0,8,AMD EPYC 7543P 32-Core Processor,1,1 x NVIDIA A100-SXM4-40GB,-2.5917,51.4535,64,machine,0.0,2.6666666666666665,4.3,10.758982340494791,N,1.0,0.0
2026-09-27T07:07:06,mobilenet_v3_small_batch16_node_2_evaluate,768337a9-a6d4-4fbf-8b45-6880b09db982,5b0fa12a-3dd7-45bb-9766-cc326314d9f1,6.010814822278917,1.999636576823533e-05,3.3267312934212114e-06,22.531509371250003,30.13146664217155,20.0,1.854464492679797e-05,4.9253094942969255e-05,1.6365945183982453e-05,8.416368505374968e-05,0.0,United Kingdom,GBR,england,,,Linux-6.4.0-150700.53.73-default-x86_64-with-glibc2.38,3.12.12,3.3.0,8,AMD EPYC 7543P 32-Core Processor,1,1 x NVIDIA A100-SXM4-40GB,-2.5917,51.4535,64,machine,0.0,3.5,4.3,10.79217529296875,N,1.0,0.0
2026-09-27T07:07:13,mobilenet_v3_small_batch16_node_3_evaluate,03b06f31-12f4-42be-9ed4-711d9b261ddf,5b0fa12a-3dd7-45bb-9766-cc326314d9f1,6.090124359354377,2.060341290275839e-05,3.383085744564761e-06,22.5334651753125,30.19080686796039,20.0,1.9079048419167972e-05,5.0793929531778303e-05,1.684573757358723e-05,8.671871552453351e-05,0.0,United Kingdom,GBR,england,,,Linux-6.4.0-150700.53.73-default-x86_64-with-glibc2.38,3.12.12,3.3.0,8,AMD EPYC 7543P 32-Core Processor,1,1 x NVIDIA A100-SXM4-40GB,-2.5917,51.4535,64,machine,0.0,3.0,4.3,10.770311991373697,N,1.0,0.0
2026-09-27T07:07:20,efficientnet_lite0_batch16_node_0_local_train,dea34d86-81c1-4a82-b599-12290c085aac,5b0fa12a-3dd7-45bb-9766-cc326314d9f1,5.067322405986488,1.6364146527032286e-05,3.2293478125054436e-06,22.521706380000005,370.7782776765329,20.0,1.2611812422726574e-05,4.513920278270689e-05,1.1124844060072467e-05,6.887585926550592e-05,0.0,United Kingdom,GBR,england,,,Linux-6.4.0-150700.53.73-default-x86_64-with-glibc2.38,3.12.12,3.3.0,8,AMD EPYC 7543P 32-Core Processor,1,1 x NVIDIA A100-SXM4-40GB,-2.5917,51.4535,64,machine,0.0,23.5,4.3,10.846883773803711,N,1.0,0.0
2026-09-27T07:07:27,efficientnet_lite0_batch16_node_0_evaluate,1fd6c041-0e69-478d-9a5a-1522fe04837a,5b0fa12a-3dd7-45bb-9766-cc326314d9f1,6.378779199440032,2.3919118347334563e-05,3.7497956269491704e-06,22.535419047187503,33.42542709579325,20.0,2.0843194641686896e-05,6.143671582492516e-05,1.839444039699932e-05,0.00010067435086361138,0.0,United Kingdom,GBR,england,,,Linux-6.4.0-150700.53.73-default-x86_64-with-glibc2.38,3.12.12,3.3.0,8,AMD EPYC 7543P 32-Core Processor,1,1 x NVIDIA A100-SXM4-40GB,-2.5917,51.4535,64,machine,0.0,10.0,4.3,10.900044759114584,N,1.0,0.0
2026-09-27T07:07:34,efficientnet_lite0_batch16_node_1_local_train,9fbebadd-5b0f-4b76-9881-b761f9f361d1,5b0fa12a-3dd7-45bb-9766-cc326314d9f1,6.977198258973658,3.196857860828903e-05,4.581864728750246e-06,22.530192345000003,40.45576291637572,20.0,2.4653496024663915e-05,8.810757047683637e-05,2.1793052621392737e-05,0.00013455411912289303,0.0,United Kingdom,GBR,england,,,Linux-6.4.0-150700.53.73-default-x86_64-with-glibc2.38,3.12.12,3.3.0,8,AMD EPYC 7543P 32-Core Processor,1,1 x NVIDIA A100-SXM4-40GB,-2.5917,51.4535,64,machine,0.0,23.333333333333332,4.3,10.897898356119791,N,1.0,0.0
2026-09-27T07:07:40,efficientnet_lite0_batch16_node_1_evaluate,44d1d9b1-e726-414d-b5be-0f7f5a43bcbc,5b0fa12a-3dd7-45bb-9766-cc326314d9f1,6.460437141824514,2.4854180512861992e-05,3.847136032321621e-06,22.53806119125,34.06426133520089,20.0,2.1403407057365836e-05,6.431255144434544e-05,1.889402139155815e-05,0.00010460997989326943,0.0,United Kingdom,GBR,england,,,Linux-6.4.0-150700.53.73-default-x86_64-with-glibc2.38,3.12.12,3.3.0,8,AMD EPYC 7543P 32-Core Processor,1,1 x NVIDIA A100-SXM4-40GB,-2.5917,51.4535,64,machine,0.0,10.0,4.3,10.87880833943685,N,1.0,0.0
2026-09-27T07:07:44,efficientnet_lite0_batch16_node_2_local_train,afb0e39e-f9ac-4026-bce3-43a6a1b67a23,5b0fa12a-3dd7-45bb-9766-cc326314d9f1,3.250296726822853,1.4761723749074057e-06,4.5416541902940533e-07,22.541029031250005,36.99288604847562,20.0,1.2830837665996022e-06,3.865003108671772e-06,1.0650474655752382e-06,6.213134340846612e-06,0.0,United Kingdom,GBR,england,,,Linux-6.4.0-150700.53.73-default-x86_64-with-glibc2.38,3.12.12,3.3.0,8,AMD EPYC 7543P 32-Core Processor,1,1 x NVIDIA A100-SXM4-40GB,-2.5917,51.4535,64,machine,0,0,0,0,N,1.0,0.0
2026-09-27T07:07:50,efficientnet_lite0_batch16_node_2_evaluate,a9534c84-0ef4-431c-af71-b76bb3db0f88,5b0fa12a-3dd7-45bb-9766-cc326314d9f1,6.204377564135939,2.2615711991043054e-05,3.6451218123429378e-06,22.531755695625,33.14616860357227,20.0,1.9794875004318056e-05,5.79086574248322e-05,1.748484746656484e-05,9.51883798957151e-05,0.0,United Kingdom,GBR,england,,,Linux-6.4.0-150700.53.73-default-x86_64-with-glibc2.38,3.12.12,3.3.0,8,AMD EPYC 7543P 32-Core Processor,1,1 x NVIDIA A100-SXM4-40GB,-2.5917,51.4535,64,machine,0.0,10.666666666666666,4.3,10.873395284016928,N,1.0,0.0
2026-09-27T07:07:54,efficientnet_lite0_batch16_node_3_local_train,bb326eea-eddb-4c2c-acba-d94e10ba5109,5b0fa12a-3dd7-45bb-9766-cc326314d9f1,4.418664498720318,1.1015111822197302e-05,2.4928599637712638e-06,22.522471981875004,40.286075821858915,20.0,8.55736565559997e-06,3.027502420138717e-05,7.529654775539207e-06,4.636204463252635e-05,0.0,United Kingdom,GBR,england,,,Linux-6.4.0-150700.53.73-default-x86_64-with-glibc2.38,3.12.12,3.3.0,8,AMD EPYC 7543P 32-Core Processor,1,1 x NVIDIA A100-SXM4-40GB,-2.5917,51.4535,64,machine,0.0,29.0,4.4,10.95257568359375,N,1.0,0.0
2026-09-27T07:08:00,efficientnet_lite0_batch16_node_3_evaluate,8ccff82e-bec4-48aa-b4d0-828f8d4108a8,5b0fa12a-3dd7-45bb-9766-cc326314d9f1,6.1104432279244065,2.205514210928415e-05,3.609417727423324e-06,22.533562299375,33.387878325147646,20.0,1.9224554553757753e-05,5.6629211982794914e-05,1.697520327806059e-05,9.282896981461326e-05,0.0,United Kingdom,GBR,england,,,Linux-6.4.0-150700.53.73-default-x86_64-with-glibc2.38,3.12.12,3.3.0,8,AMD EPYC 7543P 32-Core Processor,1,1 x NVIDIA A100-SXM4-40GB,-2.5917,51.4535,64,machine,0.0,5.666666666666667,4.3,10.909764607747396,N,1.0,0.0
2026-09-27T07:08:05,efficientnet_lite0_batch16_node_1_knowledge_extraction,e3708a51-749e-4222-a37c-347a66f0cd5f,5b0fa12a-3dd7-45bb-9766-cc326314d9f1,4.8884302750229836,1.2896250868410674e-05,2.6381169706568107e-06,22.549892203125,32.17430927061916,20.0,1.154078002295329e-05,3.259002606625927e-05,1.0148856977725196e-05,5.4279663066937755e-05,0.0,United Kingdom,GBR,england,,,Linux-6.4.0-150700.53.73-default-x86_64-with-glibc2.38,3.12.12,3.3.0,8,AMD EPYC 7543P 32-Core Processor,1,1 x NVIDIA A100-SXM4-40GB,-2.5917,51.4535,64,machine,0.0,8.0,4.3,10.91946029663086,N,1.0,0.0
2026-09-27T07:08:09,efficientnet_lite0_batch16_node_2_knowledge_extraction,e8f51251-dc2d-4013-b6e2-2cd01fae9710,5b0fa12a-3dd7-45bb-9766-cc326314d9f1,3.329439044930041,2.016541700518367e-06,6.056701063769555e-07,22.595298423750002,34.919798642852996,20.0,1.7896494333035716e-06,5.191670823023742e-06,1.5062010536591212e-06,8.487521309986434e-06,0.0,United Kingdom,GBR,england,,,Linux-6.4.0-150700.53.73-default-x86_64-with-glibc2.38,3.12.12,3.3.0,8,AMD EPYC 7543P 32-Core Processor,1,1 x NVIDIA A100-SXM4-40GB,-2.5917,51.4535,64,machine,0,0,0,0,N,1.0,0.0
2026-09-27T07:08:13,efficientnet_lite0_batch16_node_3_knowledge_extraction,85838993-1e21-43eb-ba5f-391dd79aa017,5b0fa12a-3dd7-45bb-9766-cc326314d9f1,3.7898390400223434,5.126796588154823e-06,1.352774229726811e-06,22.562180966250004,32.17279013699571,20.0,4.630497008263524e-06,1.291834365702016e-05,4.0295850537303425e-06,2.1578425719014026e-05,0.0,United Kingdom,GBR,england,,,Linux-6.4.0-150700.53.73-default-x86_64-with-glibc2.38,3.12.12,3.3.0,8,AMD EPYC 7543P 32-Core Processor,1,1 x NVIDIA A100-SXM4-40GB,-2.5917,51.4535,64,machine,0,0,0,0,N,1.0,0.0
2026-09-27T07:08:21,mobilevit_xxs_batch16_node_0_local_train,d9ff5012-29bc-4599-8e6d-4d331151d3d2,5b0fa12a-3dd7-45bb-9766-cc326314d9f1,6.3129594451747835,2.5223887597787497e-05,3.9955725704949685e-06,22.529954280937503,37.462798427499834,20.0,2.0453332083649325e-05,6.76425541143999e-05,1.807017198556827e-05,0.0001061660581836175,0.0,United Kingdom,GBR,england,,,Linux-6.4.0-150700.53.73-default-x86_64-with-glibc2.38,3.12.12,3.3.0,8,AMD EPYC 7543P 32-Core Processor,1,1 x NVIDIA A100-SXM4-40GB,-2.5917,51.4535,64,machine,0.0,22.333333333333332,4.3,10.787062327067057,N,1.0,0.0
2026-09-27T07:08:27,mobilevit_xxs_batch16_node_0_evaluate,0bb5383e-1c8c-4ae7-8842-d384409c1882,5b0fa12a-3dd7-45bb-9766-cc326314d9f1,6.233655534218997,2.23665689371995e-05,3.5880341501740943e-06,22.5320333484375,32.02929835711777,20.0,1.998644299260537e-05,5.649921187966811e-05,1.7654094599290855e-05,9.413974947156433e-05,0.0,United Kingdom,GBR,england,,,Linux-6.4.0-150700.53.73-default-x86_64-with-glibc2.38,3.12.12,3.3.0,8,AMD EPYC 7543P 32-Core Processor,1,1 x NVIDIA A100-SXM4-40GB,-2.5917,51.4535,64,machine,0.0,8.333333333333334,4.3,10.776692708333334,N,1.0,0.0
2026-09-27T07:08:36,mobilevit_xxs_batch16_node_1_local_train,cd1e9b5b-a603-484d-8ec6-615a8101ef61,5b0fa12a-3dd7-45bb-9766-cc326314d9f1,8.903912660200149,4.481688905346733e-05,5.0333927076571196e-06,22.536633920625,36.804794846317414,20.0,3.673288914675479e-05,0.0001194284288885683,3.247068535484787e-05,0.00018863200339017098,0.0,United Kingdom,GBR,england,,,Linux-6.4.0-150700.53.73-default-x86_64-with-glibc2.38,3.12.12,3.3.0,8,AMD EPYC 7543P 32-Core Processor,1,1 x NVIDIA A100-SXM4-40GB,-2.5917,51.4535,64,machine,0.0,27.4,4.3,10.772081756591797,N,1.0,0.0
2026-09-27T07:08:43,mobilevit_xxs_batch16_node_1_evaluate,fa66fe65-b81a-4f61-b3b7-3243be99f068,5b0fa12a-3dd7-45bb-9766-cc326314d9f1,6.252836650237441,2.284484865054661e-05,3.6535175838439847e-06,22.5370883053125,32.859447461495726,20.0,2.0108927599670785e-05,5.829032441795334e-05,1.775355240744021e-05,9.615280442506433e-05,0.0,United Kingdom,GBR,england,,,Linux-6.4.0-150700.53.73-default-x86_64-with-glibc2.38,3.12.12,3.3.0,8,AMD EPYC 7543P 32-Core Processor,1,1 x NVIDIA A100-SXM4-40GB,-2.5917,51.4535,64,machine,0.0,13.333333333333334,4.3,10.753074645996094,N,1.0,0.0
2026-09-27T07:08:46,mobilevit_xxs_batch16_node_2_local_train,bfa83f97-9778-44a0-b533-518c15c2f37e,5b0fa12a-3dd7-45bb-9766-cc326314d9f1,3.345622351858765,2.179350694878411e-06,6.514036749149541e-07,22.536251145,37.203428654964654,20.0,1.8357859484627806e-06,5.77139351776168e-06,1.5655966087554893e-06,9.17277607497995e-06,0.0,United Kingdom,GBR,england,,,Linux-6.4.0-150700.53.73-default-x86_64-with-glibc2.38,3.12.12,3.3.0,8,AMD EPYC 7543P 32-Core Processor,1,1 x NVIDIA A100-SXM4-40GB,-2.5917,51.4535,64,machine,0,0,0,0,N,1.0,0.0
2026-09-27T07:08:52,mobilevit_xxs_batch16_node_2_evaluate,a1f20482-f8c8-4922-9fa7-bb256255fc0f,5b0fa12a-3dd7-45bb-9766-cc326314d9f1,6.2934937183745205,2.299870490601571e-05,3.6543620976165525e-06,22.534054602187503,32.62167627194264,20.0,2.0328467348492373e-05,5.851893571673372e-05,1.7952974502825074e-05,9.680037756805117e-05,0.0,United Kingdom,GBR,england,,,Linux-6.4.0-150700.53.73-default-x86_64-with-glibc2.38,3.12.12,3.3.0,8,AMD EPYC 7543P 32-Core Processor,1,1 x NVIDIA A100-SXM4-40GB,-2.5917,51.4535,64,machine,0.0,11.666666666666666,4.3,10.752969106038412,N,1.0,0.0
2026-09-27T07:09:00,mobilevit_xxs_batch16_node_3_local_train,26de2d26-628d-465d-8096-7d510b32a9aa,5b0fa12a-3dd7-45bb-9766-cc326314d9f1,7.393383997026831,3.08012595204895e-05,4.166057049502081e-06,22.581537070499998,32.48767267486829,20.0,2.7360992412069334e-05,7.819617367488263e-05,2.408376644986371e-05,0.00012964093253681568,0.0,United Kingdom,GBR,england,,,Linux-6.4.0-150700.53.73-default-x86_64-with-glibc2.38,3.12.12,3.3.0,8,AMD EPYC 7543P 32-Core Processor,1,1 x NVIDIA A100-SXM4-40GB,-2.5917,51.4535,64,machine,0.0,7.75,4.3,10.790228843688965,N,1.0,0.0
2026-09-27T07:09:08,mobilevit_xxs_batch16_node_3_evaluate,331362ef-d3d4-4c64-b60e-ea4be0a953ca,5b0fa12a-3dd7-45bb-9766-cc326314d9f1,8.44478639261797,3.7096406979577614e-05,4.392817681215184e-06,22.588574715,31.012217662451732,20.0,3.388148364717543e-05,9.243507395240158e-05,2.982032996498876e-05,0.00015613688756456576,0.0,United Kingdom,GBR,england,,,Linux-6.4.0-150700.53.73-default-x86_64-with-glibc2.38,3.12.12,3.3.0,8,AMD EPYC 7543P 32-Core Processor,1,1 x NVIDIA A100-SXM4-40GB,-2.5917,51.4535,64,machine,6.659999999999999,4.0,4.3,10.774887084960938,N,1.0,0.0
2026-09-27T07:09:13,mobilevit_xxs_batch16_node_1_knowledge_extraction,fdc621a2-2f0f-4e95-93ce-20058b7199bf,5b0fa12a-3dd7-45bb-9766-cc326314d9f1,4.773493553046137,1.2077609482254201e-05,2.530140524552934e-06,22.554667305000002,32.21750985543137,20.0,1.0805612134851333e-05,3.0533635538176895e-05,9.494795495023331e-06,5.083404316805156e-05,0.0,United Kingdom,GBR,england,,,Linux-6.4.0-150700.53.73-default-x86_64-with-glibc2.38,3.12.12,3.3.0,8,AMD EPYC 7543P 32-Core Processor,1,1 x NVIDIA A100-SXM4-40GB,-2.5917,51.4535,64,machine,0.0,10.0,4.3,10.778533935546875,N,1.0,0.0
2026-09-27T07:09:16,mobilevit_xxs_batch16_node_2_knowledge_extraction,80428d12-0432-413b-b8ef-ed38088f8d53,5b0fa12a-3dd7-45bb-9766-cc326314d9f1,3.3167995582334697,1.5995581034791882e-06,4.822595020879448e-07,22.557893534999998,25.381123780718895,20.0,1.6926048560643905e-06,3.6052806535735726e-06,1.4345730784245663e-06,6.732458588062529e-06,0.0,United Kingdom,GBR,england,,,Linux-6.4.0-150700.53.73-default-x86_64-with-glibc2.38,3.12.12,3.3.0,8,AMD EPYC 7543P 32-Core Processor,1,1 x NVIDIA A100-SXM4-40GB,-2.5917,51.4535,64,machine,0,0,0,0,N,1.0,0.0
2026-09-27T07:09:23,mobilevit_xxs_batch16_node_3_knowledge_extraction,10e22203-a187-463e-902a-21914e1338ad,5b0fa12a-3dd7-45bb-9766-cc326314d9f1,6.048650144133717,2.045579623848627e-05,3.381877898546558e-06,22.5549318375,30.46087622705787,20.0,1.8868448164193303e-05,5.060254046895807e-05,1.6626415869945454e-05,8.609740450309683e-05,0.0,United Kingdom,GBR,england,,,Linux-6.4.0-150700.53.73-default-x86_64-with-glibc2.38,3.12.12,3.3.0,8,AMD EPYC 7543P 32-Core Processor,1,1 x NVIDIA A100-SXM4-40GB,-2.5917,51.4535,64,machine,0.0,0.0,4.3,10.798028945922852,N,1.0,0.0
2026-09-27T07:09:29,mobilevit_xxs_batch16_node_0_distill,19e28f76-aba2-4c2b-b4ab-444319f9f1fb,5b0fa12a-3dd7-45bb-9766-cc326314d9f1,6.282745724078268,2.4183435929040362e-05,3.849182664891038e-06,22.533036001875004,35.47532306540071,20.0,2.0303348611846535e-05,6.355421751891299e-05,1.7929283971898256e-05,0.00010178685010265779,0.0,United Kingdom,GBR,england,,,Linux-6.4.0-150700.53.73-default-x86_64-with-glibc2.38,3.12.12,3.3.0,8,AMD EPYC 7543P 32-Core Processor,1,1 x NVIDIA A100-SXM4-40GB,-2.5917,51.4535,64,machine,0.0,18.666666666666668,4.3,10.80746078491211,N,1.0,0.0
2026-09-27T07:09:37,mobilevit_xxs_batch16_node_1_distill,31e9ee06-f6c9-46f7-b660-46481f968da7,5b0fa12a-3dd7-45bb-9766-cc326314d9f1,7.737663135863841,3.599068545657425e-05,4.651363703048597e-06,22.5300183165,36.98277439344725,20.0,2.9406194127879563e-05,9.607202130723635e-05,2.6004746556282045e-05,0.00015148296199139798,0.0,United Kingdom,GBR,england,,,Linux-6.4.0-150700.53.73-default-x86_64-with-glibc2.38,3.12.12,3.3.0,8,AMD EPYC 7543P 32-Core Processor,1,1 x NVIDIA A100-SXM4-40GB,-2.5917,51.4535,64,machine,8.325,17.75,4.3,10.823444366455078,N,1.0,0.0
2026-09-27T07:09:43,mobilevit_xxs_batch16_node_0_evaluate,5d6bc769-bf42-4ce7-9143-dbbfdedeab8d,5b0fa12a-3dd7-45bb-9766-cc326314d9f1,6.16177244996652,2.2185218827004177e-05,3.60046058291632e-06,22.5388821009375,32.99553049081778,20.0,1.948386974645512e-05,5.669560091803305e-05,1.719698542987721e-05,9.337645609436538e-05,0.0,United Kingdom,GBR,england,,,Linux-6.4.0-150700.53.73-default-x86_64-with-glibc2.38,3.12.12,3.3.0,8,AMD EPYC 7543P 32-Core Processor,1,1 x NVIDIA A100-SXM4-40GB,-2.5917,51.4535,64,machine,0.0,10.0,4.3,10.80930201212565,N,1.0,0.0
2026-09-27T07:09:49,mobilevit_xxs_batch16_node_1_evaluate,6aed8b66-b3e6-47e1-98e3-9912699fb39e,5b0fa12a-3dd7-45bb-9766-cc326314d9f1,6.244367239996791,2.247488928922234e-05,3.5992260585291733e-06,22.5385206890625,32.10107891431663,20.0,2.007150057032792e-05,5.6806156550237574e-05,1.771800719563746e-05,9.459566431620294e-05,0.0,United Kingdom,GBR,england,,,Linux-6.4.0-150700.53.73-default-x86_64-with-glibc2.38,3.12.12,3.3.0,8,AMD EPYC 7543P 32-Core Processor,1,1 x NVIDIA A100-SXM4-40GB,-2.5917,51.4535,64,machine,0.0,8.333333333333334,4.3,10.812466939290365,N,1.0,0.0
2026-09-27T07:10:38,mobilenet_v3_small_batch17_node_0_local_train,014f0f56-da8c-46b1-ae7c-15ae58092ad2,5b0fa12a-3dd7-45bb-9766-cc326314d9f1,8.271858613938093,3.588499024841989e-05,4.3382015969124075e-06,22.53136401,86.43598302393173,20.0,3.265074933051093e-05,8.944673822952609e-05,2.894060868355963e-05,0.00015103809624359666,0.0,United Kingdom,GBR,england,,,Linux-6.4.0-150700.53.73-default-x86_64-with-glibc2.38,3.12.12,3.3.0,8,AMD EPYC 7543P 32-Core Processor,1,1 x NVIDIA A100-SXM4-40GB,-2.5917,51.4535,64,machine,0.0,3.6,4.14,10.360599517822266,N,1.0,0.0
2026-09-27T07:10:52,mobilenet_v3_small_batch17_node_0_evaluate,de992fe0-b0d8-4bc8-be1f-5c0b36e4d8ce,5b0fa12a-3dd7-45bb-9766-cc326314d9f1,14.5342450090684,7.73835324115933e-05,5.324220994163174e-06,22.6007171971875,29.736904429505927,20.0,7.24337770198748e-05,0.0001895198738424142,6.374969572191023e-05,0.0003257033465841992,0.0,United Kingdom,GBR,england,,,Linux-6.4.0-150700.53.73-default-x86_64-with-glibc2.38,3.12.12,3.3.0,8,AMD EPYC 7543P 32-Core Processor,1,1 x NVIDIA A100-SXM4-40GB,-2.5917,51.4535,64,machine,0.8272727272727273,0.9090909090909091,4.2,10.496764096346768,N,1.0,0.0
2026-09-27T07:11:03,mobilenet_v3_small_batch17_node_1_local_train,39bc240b-fd0e-42ce-92dd-81fed6174e0a,5b0fa12a-3dd7-45bb-9766-cc326314d9f1,10.748205146752298,5.368896293795529e-05,4.995156140481564e-06,22.55027825671875,31.680300305112798,20.0,4.82671201877658e-05,0.00013505538581171095,4.265160449366603e-05,0.00022597411049314275,0.0,United Kingdom,GBR,england,,,Linux-6.4.0-150700.53.73-default-x86_64-with-glibc2.38,3.12.12,3.3.0,8,AMD EPYC 7543P 32-Core Processor,1,1 x NVIDIA A100-SXM4-40GB,-2.5917,51.4535,64,machine,0.0,6.857142857142857,4.2,10.54175785609654,N,1.0,0.0
2026-09-27T07:11:10,mobilenet_v3_small_batch17_node_1_evaluate,0a7ffac1-d877-4e38-8c4b-b5b16a890acc,5b0fa12a-3dd7-45bb-9766-cc326314d9f1,6.670321104116738,2.408113264694359e-05,3.6101909145095547e-06,22.5459987609375,29.968727364727695,20.0,2.2399076669719554e-05,5.919171400137202e-05,1.976547012778206e-05,0.00010135626079887364,0.0,United Kingdom,GBR,england,,,Linux-6.4.0-150700.53.73-default-x86_64-with-glibc2.38,3.12.12,3.3.0,8,AMD EPYC 7543P 32-Core Processor,1,1 x NVIDIA A100-SXM4-40GB,-2.5917,51.4535,64,machine,0.0,4.0,4.2,10.485153198242188,N,1.0,0.0
2026-09-27T07:11:14,mobilenet_v3_small_batch17_node_2_local_train,2693cf2f-d62d-487f-886a-c232c88d9df4,5b0fa12a-3dd7-45bb-9766-cc326314d9f1,3.5518616340123117,3.4446233151864506e-06,9.698078557455739e-07,22.53779136,31.468711926681394,20.0,3.1675258170959406e-06,8.587506869162098e-06,2.743211404109995e-06,1.4498244090368034e-05,0.0,United Kingdom,GBR,england,,,Linux-6.4.0-150700.53.73-default-x86_64-with-glibc2.38,3.12.12,3.3.0,8,AMD EPYC 7543P 32-Core Processor,1,1 x NVIDIA A100-SXM4-40GB,-2.5917,51.4535,64,machine,0,0,0,0,N,1.0,0.0
2026-09-27T07:11:20,mobilenet_v3_small_batch17_node_2_evaluate,c36a2b73-01d4-4a07-8fad-ed4def1b6af8,5b0fa12a-3dd7-45bb-9766-cc326314d9f1,6.0209814556874335,2.0388213747590007e-05,3.3861944099381426e-06,22.52609118,377.2878966147091,20.0,1.8597080357293497e-05,5.0785873966674444e-05,1.6429998917091227e-05,8.581295324105916e-05,0.0,United Kingdom,GBR,england,,,Linux-6.4.0-150700.53.73-default-x86_64-with-glibc2.38,3.12.12,3.3.0,8,AMD EPYC 7543P 32-Core Processor,1,1 x NVIDIA A100-SXM4-40GB,-2.5917,51.4535,64,machine,0.0,2.5,4.2,10.50779914855957,N,1.0,0.0
2026-09-27T07:11:28,mobilenet_v3_small_batch17_node_3_local_train,cb424c12-5c00-40c3-8f17-1060e0d1359e,5b0fa12a-3dd7-45bb-9766-cc326314d9f1,8.076892925892025,3.423129951768775e-05,4.238176713715341e-06,22.581844441875,30.348826678564798,20.0,3.165453301699193e-05,8.454978986094375e-05,2.787347330660042e-05,0.0001440777961845361,0.0,United Kingdom,GBR,england,,,Linux-6.4.0-150700.53.73-default-x86_64-with-glibc2.38,3.12.12,3.3.0,8,AMD EPYC 7543P 32-Core Processor,1,1 x NVIDIA A100-SXM4-40GB,-2.5917,51.4535,64,machine,0.0,1.2,4.2,10.508829498291016,N,1.0,0.0
2026-09-27T07:11:34,mobilenet_v3_small_batch17_node_3_evaluate,1842b05a-7ed0-4b89-ae78-9bb693d39410,5b0fa12a-3dd7-45bb-9766-cc326314d9f1,6.488883749116212,2.3325012819546536e-05,3.594610987247754e-06,22.534983469687504,30.205852974077736,20.0,2.1582676151446344e-05,5.7530601580424445e-05,1.9060513224556214e-05,9.8173790956427e-05,0.0,United Kingdom,GBR,england,,,Linux-6.4.0-150700.53.73-default-x86_64-with-glibc2.38,3.12.12,3.3.0,8,AMD EPYC 7543P 32-Core Processor,1,1 x NVIDIA A100-SXM4-40GB,-2.5917,51.4535,64,machine,0.0,4.0,4.2,10.476432800292969,N,1.0,0.0
2026-09-27T07:11:39,mobilenet_v3_small_batch17_node_0_knowledge_extraction,a19aa65f-d1d7-485b-8929-9131cfc306ca,5b0fa12a-3dd7-45bb-9766-cc326314d9f1,4.288048398215324,8.241028049366396e-06,1.9218598495288193e-06,22.553436560625002,29.743066706452762,20.0,7.747801773802102e-06,2.0149460567608912e-05,6.788804982271459e-06,3.4686067323682476e-05,0.0,United Kingdom,GBR,england,,,Linux-6.4.0-150700.53.73-default-x86_64-with-glibc2.38,3.12.12,3.3.0,8,AMD EPYC 7543P 32-Core Processor,1,1 x NVIDIA A100-SXM4-40GB,-2.5917,51.4535,64,machine,0.0,3.0,4.2,10.467796325683594,N,1.0,0.0
2026-09-27T07:11:46,mobilenet_v3_small_batch17_node_1_knowledge_extraction,8d241104-781e-47ca-81c2-ad860c1f2190,5b0fa12a-3dd7-45bb-9766-cc326314d9f1,6.907595368102193,2.5924709430382147e-05,3.7530729651735166e-06,22.5910648575,29.648795534324083,20.0,2.433065326593054e-05,6.339032847790804e-05,2.139479983856695e-05,0.00010911578158240553,0.0,United Kingdom,GBR,england,,,Linux-6.4.0-150700.53.73-default-x86_64-with-glibc2.38,3.12.12,3.3.0,8,AMD EPYC 7543P 32-Core Processor,1,1 x NVIDIA A100-SXM4-40GB,-2.5917,51.4535,64,machine,0.0,0.6666666666666666,4.2,10.48498280843099,N,1.0,0.0
2026-09-27T07:11:49,mobilenet_v3_small_batch17_node_2_knowledge_extraction,a5ba4409-6071-44ba-861f-84498bf42ae9,5b0fa12a-3dd7-45bb-9766-cc326314d9f1,3.2677973080426455,1.784520471552761e-06,5.460927662681925e-07,22.653988695000002,343.83727473350825,20.0,1.3666302875631611e-06,5.005281778380777e-06,1.1390437087458042e-06,7.510955774689742e-06,0.0,United Kingdom,GBR,england,,,Linux-6.4.0-150700.53.73-default-x86_64-with-glibc2.38,3.12.12,3.3.0,8,AMD EPYC 7543P 32-Core Processor,1,1 x NVIDIA A100-SXM4-40GB,-2.5917,51.4535,64,machine,0,0,0,0,N,1.0,0.0
2026-09-27T07:11:55,mobilenet_v3_small_batch17_node_0_distill,5ea8b4a9-f69c-46f6-ab28-567ff56ae8cb,5b0fa12a-3dd7-45bb-9766-cc326314d9f1,5.814156992826611,1.9112701919401918e-05,3.2872696666056287e-06,22.528092926250004,31.2336648719123,20.0,1.734445339133196e-05,4.778614935219139e-05,1.5313786177689004e-05,8.044438892121234e-05,0.0,United Kingdom,GBR,england,,,Linux-6.4.0-150700.53.73-default-x86_64-with-glibc2.38,3.12.12,3.3.0,8,AMD EPYC 7543P 32-Core Processor,1,1 x NVIDIA A100-SXM4-40GB,-2.5917,51.4535,64,machine,25.0,9.0,4.25,10.688074111938477,N,1.0,0.0
2026-09-27T07:12:02,mobilenet_v3_small_batch17_node_1_distill,c4a0fdfb-c6e0-44e4-b5a9-e8f78da86d27,5b0fa12a-3dd7-45bb-9766-cc326314d9f1,6.761714536231011,2.6270566670918344e-05,3.885193101565272e-06,22.5410692021875,32.45542603961947,20.0,2.330650562700891e-05,6.668838668133503e-05,2.0576584784107075e-05,0.00011057147709245102,0.0,United Kingdom,GBR,england,,,Linux-6.4.0-150700.53.73-default-x86_64-with-glibc2.38,3.12.12,3.3.0,8,AMD EPYC 7543P 32-Core Processor,1,1 x NVIDIA A100-SXM4-40GB,-2.5917,51.4535,64,machine,0.0,14.0,4.266666666666667,10.693426767985025,N,1.0,0.0
2026-09-27T07:12:05,mobilenet_v3_small_batch17_node_2_distill,ecaabf1f-2ae0-41e5-918c-fa5113184f85,5b0fa12a-3dd7-45bb-9766-cc326314d9f1,3.5421056947670877,3.505864784262413e-06,9.897685406287522e-07,22.573811250000002,33.93099445234774,20.0,3.0904206337923806e-06,8.999173857660026e-06,2.666411823075679e-06,1.4756006314528084e-05,0.0,United Kingdom,GBR,england,,,Linux-6.4.0-150700.53.73-default-x86_64-with-glibc2.38,3.12.12,3.3.0,8,AMD EPYC 7543P 32-Core Processor,1,1 x NVIDIA A100-SXM4-40GB,-2.5917,51.4535,64,machine,0,0,0,0,N,1.0,0.0
2026-09-27T07:12:10,mobilenet_v3_small_batch17_node_3_distill,76def7dd-a4ff-4123-a31f-f887e306d49c,5b0fa12a-3dd7-45bb-9766-cc326314d9f1,4.591313182841986,1.0608560101865576e-05,2.310572091119901e-06,22.531372515,31.36118935432613,20.0,9.64112353253863e-06,2.6534187895776995e-05,8.475577720027002e-06,4.465088914834263e-05,0.0,United Kingdom,GBR,england,,,Linux-6.4.0-150700.53.73-default-x86_64-with-glibc2.38,3.12.12,3.3.0,8,AMD EPYC 7543P 32-Core Processor,1,1 x NVIDIA A100-SXM4-40GB,-2.5917,51.4535,64,machine,0.0,7.0,4.2,10.65460205078125,N,1.0,0.0
2026-09-27T07:12:18,mobilenet_v3_small_batch17_node_0_evaluate,3a8dd700-cfff-4c00-8a05-8906ab9ce5dc,5b0fa12a-3dd7-45bb-9766-cc326314d9f1,7.621281719300896,3.123982506827076e-05,4.09902510087718e-06,22.54411314675,30.61511765986047,20.0,2.8683114743790857e-05,7.748145087305147e-05,2.5322266973348128e-05,0.00013148683259019047,0.0,United Kingdom,GBR,england,,,Linux-6.4.0-150700.53.73-default-x86_64-with-glibc2.38,3.12.12,3.3.0,8,AMD EPYC 7543P 32-Core Processor,1,1 x NVIDIA A100-SXM4-40GB,-2.5917,51.4535,64,machine,0.0,3.0,4.2,10.655354499816895,N,1.0,0.0
2026-09-27T07:12:25,mobilenet_v3_small_batch17_node_1_evaluate,81558308-638d-4901-9d7d-8a56d82b89b0,5b0fa12a-3dd7-45bb-9766-cc326314d9f1,7.5523158479481936,3.0606689239597394e-05,4.052623043819412e-06,22.545774882000003,30.27206366708264,20.0,2.8284462807685508e-05,7.556228266025755e-05,2.497525066654715e-05,0.0001288219961344902,0.0,United Kingdom,GBR,england,,,Linux-6.4.0-150700.53.73-default-x86_64-with-glibc2.38,3.12.12,3.3.0,8,AMD EPYC 7543P 32-Core Processor,1,1 x NVIDIA A100-SXM4-40GB,-2.5917,51.4535,64,machine,0.0,3.0,4.225,10.671698570251465,N,1.0,0.0
2026-09-27T07:12:31,mobilenet_v3_small_batch17_node_2_evaluate,13699bcc-5f22-4492-8361-bec7881f92e0,5b0fa12a-3dd7-45bb-9766-cc326314d9f1,6.290698818862438,2.190340092839436e-05,3.4818708634909983e-06,22.537287337500004,30.003595798278813,20.0,2.0354477735856783e-05,5.3867820852815385e-05,1.796800032413254e-05,9.219029891280472e-05,0.0,United Kingdom,GBR,england,,,Linux-6.4.0-150700.53.73-default-x86_64-with-glibc2.38,3.12.12,3.3.0,8,AMD EPYC 7543P 32-Core Processor,1,1 x NVIDIA A100-SXM4-40GB,-2.5917,51.4535,64,machine,0.0,3.3333333333333335,4.2,10.653823852539062,N,1.0,0.0
2026-09-27T07:12:38,mobilenet_v3_small_batch17_node_3_evaluate,4d086726-39a6-48cd-a3b5-28f15b2bf984,5b0fa12a-3dd7-45bb-9766-cc326314d9f1,6.4206699333153665,2.3087803389884354e-05,3.5958558265216374e-06,22.5342826171875,30.71364253696806,20.0,2.115404816768584e-05,5.7338379207294565e-05,1.868296117366602e-05,9.717538854864643e-05,0.0,United Kingdom,GBR,england,,,Linux-6.4.0-150700.53.73-default-x86_64-with-glibc2.38,3.12.12,3.3.0,8,AMD EPYC 7543P 32-Core Processor,1,1 x NVIDIA A100-SXM4-40GB,-2.5917,51.4535,64,machine,16.666666666666668,4.666666666666667,4.2,10.66314697265625,N,1.0,0.0
2026-09-27T07:12:49,efficientnet_lite0_batch17_node_0_local_train,18d06ad5-cab2-4b80-bca9-74b9bdbc0a45,5b0fa12a-3dd7-45bb-9766-cc326314d9f1,9.323207784909755,4.475307114703009e-05,4.800179528280596e-06,22.621908153214292,32.78461634471048,20.0,3.96212332957569e-05,0.00011396592449841592,3.4776239278208874e-05,0.0001883633970723817,0.0,United Kingdom,GBR,england,,,Linux-6.4.0-150700.53.73-default-x86_64-with-glibc2.38,3.12.12,3.3.0,8,AMD EPYC 7543P 32-Core Processor,1,1 x NVIDIA A100-SXM4-40GB,-2.5917,51.4535,64,machine,11.116666666666667,4.833333333333333,4.2,10.659098307291666,N,1.0,0.0
2026-09-27T07:12:55,efficientnet_lite0_batch17_node_0_evaluate,44962146-76e6-4815-853d-20e4bc5de973,5b0fa12a-3dd7-45bb-9766-cc326314d9f1,6.355227554682642,2.3896354421774613e-05,3.760109959267684e-06,22.532139433125003,33.61455896713742,20.0,2.074044527427302e-05,6.152171587814337e-05,1.8316377507936622e-05,0.00010057853866035301,0.0,United Kingdom,GBR,england,,,Linux-6.4.0-150700.53.73-default-x86_64-with-glibc2.38,3.12.12,3.3.0,8,AMD EPYC 7543P 32-Core Processor,1,1 x NVIDIA A100-SXM4-40GB,-2.5917,51.4535,64,machine,8.333333333333334,11.333333333333334,4.233333333333333,10.656781514485678,N,1.0,0.0
2026-09-27T07:13:02,efficientnet_lite0_batch17_node_1_local_train,1d845062-acf9-463a-91fe-a173d5157258,5b0fa12a-3dd7-45bb-9766-cc326314d9f1,6.879194017034024,3.140961705300214e-05,4.565886203416669e-06,22.5342964884375,40.99764615747893,20.0,2.403018928786644e-05,8.694423623012426e-05,2.1227052888005145e-05,0.00013220147840599584,0.0,United Kingdom,GBR,england,,,Linux-6.4.0-150700.53.73-default-x86_64-with-glibc2.38,3.12.12,3.3.0,8,AMD EPYC 7543P 32-Core Processor,1,1 x NVIDIA A100-SXM4-40GB,-2.5917,51.4535,64,machine,0.0,26.666666666666668,4.2,10.6217409769694,N,1.0,0.0
2026-09-27T07:13:09,efficientnet_lite0_batch17_node_1_evaluate,e542e5cd-2933-44e7-a52d-d66ef6ea03df,5b0fa12a-3dd7-45bb-9766-cc326314d9f1,6.51103535015136,2.4645024595589317e-05,3.785116079121948e-06,22.5329527996875,32.85691036234804,20.0,2.1690893218778947e-05,6.287977252839028e-05,1.915898754313174e-05,0.00010372965329030097,0.0,United Kingdom,GBR,england,,,Linux-6.4.0-150700.53.73-default-x86_64-with-glibc2.38,3.12.12,3.3.0,8,AMD EPYC 7543P 32-Core Processor,1,1 x NVIDIA A100-SXM4-40GB,-2.5917,51.4535,64,machine,11.1,11.0,4.2,10.63079833984375,N,1.0,0.0
2026-09-27T07:13:12,efficientnet_lite0_batch17_node_2_local_train,082d0577-bcc8-45c6-9fce-7fac07394eee,5b0fa12a-3dd7-45bb-9766-cc326314d9f1,3.2892048354260623,1.6081244877155462e-06,4.889098028786158e-07,22.5499203,32.04659667691667,20.0,1.5048053553694593e-06,3.996947640416693e-06,1.2667610672199063e-06,6.7685140630060575e-06,0.0,United Kingdom,GBR,england,,,Linux-6.4.0-150700.53.73-default-x86_64-with-glibc2.38,3.12.12,3.3.0,8,AMD EPYC 7543P 32-Core Processor,1,1 x NVIDIA A100-SXM4-40GB,-2.5917,51.4535,64,machine,0,0,0,0,N,1.0,0.0
2026-09-27T07:13:19,efficientnet_lite0_batch17_node_2_evaluate,dc9e04e9-903d-452f-901a-470ed46913d2,5b0fa12a-3dd7-45bb-9766-cc326314d9f1,6.310578119941056,2.3770765978549605e-05,3.7668127272579645e-06,22.526297611875002,34.132223468077036,20.0,2.0436585009353066e-05,6.155699369969625e-05,1.8056364590302113e-05,0.00010004994329935142,0.0,United Kingdom,GBR,england,,,Linux-6.4.0-150700.53.73-default-x86_64-with-glibc2.38,3.12.12,3.3.0,8,AMD EPYC 7543P 32-Core Processor,1,1 x NVIDIA A100-SXM4-40GB,-2.5917,51.4535,64,machine,0.0,5.0,4.2,10.637566884358725,N,1.0,0.0
2026-09-27T07:13:27,efficientnet_lite0_batch17_node_3_local_train,9612a9cd-ebb8-4918-b067-1c04d6fc42ba,5b0fa12a-3dd7-45bb-9766-cc326314d9f1,8.277271232102066,3.673855396532286e-05,4.438486179217891e-06,22.599924080625,31.951873580789318,20.0,3.299445497046933e-05,9.26311852111894e-05,2.9005062272254794e-05,0.00015463070245391353,0.0,United Kingdom,GBR,england,,,Linux-6.4.0-150700.53.73-default-x86_64-with-glibc2.38,3.12.12,3.3.0,8,AMD EPYC 7543P 32-Core Processor,1,1 x NVIDIA A100-SXM4-40GB,-2.5917,51.4535,64,machine,10.0,3.6,4.2,10.624362182617187,N,1.0,0.0
2026-09-27T07:13:34,efficientnet_lite0_batch17_node_3_evaluate,f2b03753-16d2-4f9b-9cb5-327a3ebcd6aa,5b0fa12a-3dd7-45bb-9766-cc326314d9f1,6.6012133988551795,2.5923172915063645e-05,3.927031493870413e-06,22.5380542809375,382.30282789222133,20.0,2.229372119033995e-05,6.712783149964707e-05,1.9687761777701476e-05,0.0001091093144676885,0.0,United Kingdom,GBR,england,,,Linux-6.4.0-150700.53.73-default-x86_64-with-glibc2.38,3.12.12,3.3.0,8,AMD EPYC 7543P 32-Core Processor,1,1 x NVIDIA A100-SXM4-40GB,-2.5917,51.4535,64,machine,16.666666666666668,10.666666666666666,4.2,10.620522816975912,N,1.0,0.0
2026-09-27T07:13:38,efficientnet_lite0_batch17_node_1_knowledge_extraction,8ef056d0-d848-4238-8066-0bb16a812c78,5b0fa12a-3dd7-45bb-9766-cc326314d9f1,4.606045913882554,1.1041119999394e-05,2.397092909151476e-06,22.561559443125,32.644186128007036,20.0,9.807603618796132e-06,2.8055300234086644e-05,8.608607872803178e-06,4.647151172568596e-05,0.0,United Kingdom,GBR,england,,,Linux-6.4.0-150700.53.73-default-x86_64-with-glibc2.38,3.12.12,3.3.0,8,AMD EPYC 7543P 32-Core Processor,1,1 x NVIDIA A100-SXM4-40GB,-2.5917,51.4535,64,machine,0.0,8.0,4.2,10.63116455078125,N,1.0,0.0
2026-09-27T07:13:42,efficientnet_lite0_batch17_node_2_knowledge_extraction,04eef59a-f11e-4153-ad9f-560344d29239,5b0fa12a-3dd7-45bb-9766-cc326314d9f1,3.240959060844034,1.3980490109527114e-06,4.3136892034317193e-07,22.65000643125,36.140248363636296,20.0,1.2391653114861008e-06,3.625558449016353e-06,1.0195933204765122e-06,5.884317080978966e-06,0.0,United Kingdom,GBR,england,,,Linux-6.4.0-150700.53.73-default-x86_64-with-glibc2.38,3.12.12,3.3.0,8,AMD EPYC 7543P 32-Core Processor,1,1 x NVIDIA A100-SXM4-40GB,-2.5917,51.4535,64,machine,0,0,0,0,N,1.0,0.0
2026-09-27T07:13:50,mobilevit_xxs_batch17_node_0_local_train,66355951-3637-4b19-8ff5-4ef5e88dd6da,5b0fa12a-3dd7-45bb-9766-cc326314d9f1,5.993162660859525,2.236480927674002e-05,3.7317207194794398e-06,22.516988838750002,36.63748005647737,20.0,1.8391616896662697e-05,5.947810313955415e-05,1.626262311409745e-05,9.413234315031429e-05,0.0,United Kingdom,GBR,england,,,Linux-6.4.0-150700.53.73-default-x86_64-with-glibc2.38,3.12.12,3.3.0,8,AMD EPYC 7543P 32-Core Processor,1,1 x NVIDIA A100-SXM4-40GB,-2.5917,51.4535,64,machine,0.0,27.5,4.25,10.682622909545898,N,1.0,0.0
2026-09-27T07:13:56,mobilevit_xxs_batch17_node_0_evaluate,f6bf1e51-2c5e-4873-9673-4c1fdb3036e0,5b0fa12a-3dd7-45bb-9766-cc326314d9f1,6.492101323790848,2.4241853407457532e-05,3.734053459489493e-06,22.52917670625,32.19792379920945,20.0,2.1586283570878462e-05,6.137143797957378e-05,1.9075004743515618e-05,0.00010203272629396787,0.0,United Kingdom,GBR,england,,,Linux-6.4.0-150700.53.73-default-x86_64-with-glibc2.38,3.12.12,3.3.0,8,AMD EPYC 7543P 32-Core Processor,1,1 x NVIDIA A100-SXM4-40GB,-2.5917,51.4535,64,machine,0.0,15.0,4.233333333333333,10.678415934244791,N,1.0,0.0
2026-09-27T07:14:09,mobilevit_xxs_batch17_node_1_local_train,06330949-f235-4d60-a1f8-c4f62a145f69,5b0fa12a-3dd7-45bb-9766-cc326314d9f1,12.359411410987377,6.856665795512664e-05,5.5477284212880606e-06,22.589642750625,34.49861896327104,20.0,5.867522821213771e-05,0.00017823875369060715,5.167958915957974e-05,0.0002885935710623246,0.0,United Kingdom,GBR,england,,,Linux-6.4.0-150700.53.73-default-x86_64-with-glibc2.38,3.12.12,3.3.0,8,AMD EPYC 7543P 32-Core Processor,1,1 x NVIDIA A100-SXM4-40GB,-2.5917,51.4535,64,machine,0.0,14.0,4.2555555555555555,10.696155971950954,N,1.0,0.0
2026-09-27T07:14:15,mobilevit_xxs_batch17_node_1_evaluate,d78e40f7-7d6a-4db9-a13d-71b4794b364d,5b0fa12a-3dd7-45bb-9766-cc326314d9f1,6.641525230836123,2.5648298440896893e-05,3.861808477639096e-06,22.5366439190625,32.90280232687026,20.0,2.2551073103852173e-05,6.54844968295265e-05,1.9916811872584122e-05,0.0001079523818059628,0.0,United Kingdom,GBR,england,,,Linux-6.4.0-150700.53.73-default-x86_64-with-glibc2.38,3.12.12,3.3.0,8,AMD EPYC 7543P 32-Core Processor,1,1 x NVIDIA A100-SXM4-40GB,-2.5917,51.4535,64,machine,0.0,15.0,4.2,10.649941762288412,N,1.0,0.0
2026-09-27T07:14:19,mobilevit_xxs_batch17_node_2_local_train,d9e364c0-8dbc-4f02-ac87-7a31b7ebb27e,5b0fa12a-3dd7-45bb-9766-cc326314d9f1,3.4036793201230466,2.822016028119547e-06,8.291074930106893e-07,22.54444632,40.030070227614374,20.0,2.256151263920556e-06,7.68695061026392e-06,1.934619855860041e-06,1.1877721730044518e-05,0.0,United Kingdom,GBR,england,,,Linux-6.4.0-150700.53.73-default-x86_64-with-glibc2.38,3.12.12,3.3.0,8,AMD EPYC 7543P 32-Core Processor,1,1 x NVIDIA A100-SXM4-40GB,-2.5917,51.4535,64,machine,0,0,0,0,N,1.0,0.0
2026-09-27T07:14:25,mobilevit_xxs_batch17_node_2_evaluate,4c1809c1-6524-476b-903a-581d3018338c,5b0fa12a-3dd7-45bb-9766-cc326314d9f1,6.514326609205455,2.4232066208218406e-05,3.7198113729784214e-06,22.5291041353125,31.93907016352863,20.0,2.1683698210955404e-05,6.11481044785478e-05,1.915972978135364e-05,0.00010199153247085684,0.0,United Kingdom,GBR,england,,,Linux-6.4.0-150700.53.73-default-x86_64-with-glibc2.38,3.12.12,3.3.0,8,AMD EPYC 7543P 32-Core Processor,1,1 x NVIDIA A100-SXM4-40GB,-2.5917,51.4535,64,machine,0.0,13.0,4.233333333333333,10.661759694417318,N,1.0,0.0
2026-09-27T07:14:30,mobilevit_xxs_batch17_node_3_local_train,f917e360-0e74-4a6e-a57e-c2a285c5ed78,5b0fa12a-3dd7-45bb-9766-cc326314d9f1,4.946846974082291,1.4366817510010289e-05,2.9042373021202123e-06,22.524787468125,36.259174329847944,20.0,1.1917562848805688e-05,3.8044752656674063e-05,1.0506887656326094e-05,6.0469203161805846e-05,0.0,United Kingdom,GBR,england,,,Linux-6.4.0-150700.53.73-default-x86_64-with-glibc2.38,3.12.12,3.3.0,8,AMD EPYC 7543P 32-Core Processor,1,1 x NVIDIA A100-SXM4-40GB,-2.5917,51.4535,64,machine,0.0,17.0,4.2,10.6741943359375,N,1.0,0.0
2026-09-27T07:14:37,mobilevit_xxs_batch17_node_3_evaluate,ead68fec-8110-480b-8460-c68883c26d41,5b0fa12a-3dd7-45bb-9766-cc326314d9f1,6.297650183085352,2.294156405321768e-05,3.6428768487071033e-06,22.5271094090625,32.443989069553446,20.0,2.0337266876856614e-05,5.825337991893775e-05,1.7969227833155957e-05,9.655987462895033e-05,0.0,United Kingdom,GBR,england,,,Linux-6.4.0-150700.53.73-default-x86_64-with-glibc2.38,3.12.12,3.3.0,8,AMD EPYC 7543P 32-Core Processor,1,1 x NVIDIA A100-SXM4-40GB,-2.5917,51.4535,64,machine,0.0,12.666666666666666,4.233333333333333,10.66943613688151,N,1.0,0.0
2026-09-27T07:14:41,mobilevit_xxs_batch17_node_0_knowledge_extraction,8c85a319-d608-4f5f-9f1e-383777d466b4,5b0fa12a-3dd7-45bb-9766-cc326314d9f1,3.9036711058579385,5.844323478129595e-06,1.4971352144291739e-06,22.598344023750002,30.852234505915,20.0,5.417176227048484e-06,1.4469456019128302e-05,4.711827607307997e-06,2.459845985348478e-05,0.0,United Kingdom,GBR,england,,,Linux-6.4.0-150700.53.73-default-x86_64-with-glibc2.38,3.12.12,3.3.0,8,AMD EPYC 7543P 32-Core Processor,1,1 x NVIDIA A100-SXM4-40GB,-2.5917,51.4535,64,machine,0,0,0,0,N,1.0,0.0
2026-09-27T07:14:45,mobilevit_xxs_batch17_node_1_knowledge_extraction,a7b020f1-3d06-4435-899a-3b594e55ae4a,5b0fa12a-3dd7-45bb-9766-cc326314d9f1,4.618139186874032,1.1289280458152473e-05,2.444551799183442e-06,22.555231925625,33.49767106880353,20.0,9.878989756474403e-06,2.896613428049477e-05,8.670882420200442e-06,4.751600645716962e-05,0.0,United Kingdom,GBR,england,,,Linux-6.4.0-150700.53.73-default-x86_64-with-glibc2.38,3.12.12,3.3.0,8,AMD EPYC 7543P 32-Core Processor,1,1 x NVIDIA A100-SXM4-40GB,-2.5917,51.4535,64,machine,0.0,10.0,4.2,10.67569351196289,N,1.0,0.0
2026-09-27T07:14:49,mobilevit_xxs_batch17_node_2_knowledge_extraction,7c41c73e-28ad-45cf-af6b-d9e68a8c5852,5b0fa12a-3dd7-45bb-9766-cc326314d9f1,3.243880999274552,1.4066772780045255e-06,4.3364022241232306e-07,22.610638710000003,35.60708283319852,20.0,1.2456533966038635e-06,3.638891783452891e-06,1.0360878374841477e-06,5.920633017540903e-06,0.0,United Kingdom,GBR,england,,,Linux-6.4.0-150700.53.73-default-x86_64-with-glibc2.38,3.12.12,3.3.0,8,AMD EPYC 7543P 32-Core Processor,1,1 x NVIDIA A100-SXM4-40GB,-2.5917,51.4535,64,machine,0,0,0,0,N,1.0,0.0
2026-09-27T07:14:54,mobilevit_xxs_batch17_node_0_distill,755f0ca8-fbfd-4aa9-a84d-2ad0a56dde56,5b0fa12a-3dd7-45bb-9766-cc326314d9f1,5.469779887702316,1.8521041689657827e-05,3.3860670940888516e-06,22.516538850000003,36.85926657746052,20.0,1.5174980457192806e-05,4.937059506460173e-05,1.340854562715524e-05,7.795412114894978e-05,0.0,United Kingdom,GBR,england,,,Linux-6.4.0-150700.53.73-default-x86_64-with-glibc2.38,3.12.12,3.3.0,8,AMD EPYC 7543P 32-Core Processor,1,1 x NVIDIA A100-SXM4-40GB,-2.5917,51.4535,64,machine,0.0,22.0,4.3,10.695856094360352,N,1.0,0.0
2026-09-27T07:15:02,mobilevit_xxs_batch17_node_1_distill,ccc4bb45-e1ff-4b64-9189-6830822c2edc,5b0fa12a-3dd7-45bb-9766-cc326314d9f1,7.4218644285574555,3.3486832873258145e-05,4.511916540055527e-06,22.52980680525,36.835450385553585,20.0,2.7421468725257474e-05,8.927312696016543e-05,2.4249778310250905e-05,0.0001409443739956738,0.0,United Kingdom,GBR,england,,,Linux-6.4.0-150700.53.73-default-x86_64-with-glibc2.38,3.12.12,3.3.0,8,AMD EPYC 7543P 32-Core Processor,1,1 x NVIDIA A100-SXM4-40GB,-2.5917,51.4535,64,machine,0.0,29.25,4.25,10.692408561706543,N,1.0,0.0
2026-09-27T07:15:06,mobilevit_xxs_batch17_node_3_distill,11347f71-fbff-45c7-adee-6753d552cc7a,5b0fa12a-3dd7-45bb-9766-cc326314d9f1,4.746873501222581,1.2912368026349881e-05,2.720183721564149e-06,22.527513421875,36.53592485969209,20.0,1.0668498830661067e-05,3.428141630479331e-05,9.397584228362474e-06,5.434749936381685e-05,0.0,United Kingdom,GBR,england,,,Linux-6.4.0-150700.53.73-default-x86_64-with-glibc2.38,3.12.12,3.3.0,8,AMD EPYC 7543P 32-Core Processor,1,1 x NVIDIA A100-SXM4-40GB,-2.5917,51.4535,64,machine,0.0,36.0,4.2,10.675472259521484,N,1.0,0.0
2026-09-27T07:15:14,mobilevit_xxs_batch17_node_0_evaluate,aa854fb7-688c-462a-8ba0-f2e20cdb773a,5b0fa12a-3dd7-45bb-9766-cc326314d9f1,7.883489375002682,3.3757730973779365e-05,4.2820798466247546e-06,22.55584733325,31.65924251203072,20.0,3.0395451755729887e-05,8.486812343733163e-05,2.6820995110190576e-05,0.0001420845703032521,0.0,United Kingdom,GBR,england,,,Linux-6.4.0-150700.53.73-default-x86_64-with-glibc2.38,3.12.12,3.3.0,8,AMD EPYC 7543P 32-Core Processor,1,1 x NVIDIA A100-SXM4-40GB,-2.5917,51.4535,64,machine,0.0,7.5,4.2,10.658892631530762,N,1.0,0.0
2026-09-27T07:15:21,mobilevit_xxs_batch17_node_1_evaluate,c69ac53a-7e54-4c42-bfc3-c80ef42969bd,5b0fa12a-3dd7-45bb-9766-cc326314d9f1,6.321955764200538,2.2994975414728165e-05,3.637319885239036e-06,22.530977437500002,32.14782196017573,20.0,2.0499276624346454e-05,5.817504654714867e-05,1.811035715767907e-05,9.678468032917418e-05,0.0,United Kingdom,GBR,england,,,Linux-6.4.0-150700.53.73-default-x86_64-with-glibc2.38,3.12.12,3.3.0,8,AMD EPYC 7543P 32-Core Processor,1,1 x NVIDIA A100-SXM4-40GB,-2.5917,51.4535,64,machine,0.0,10.333333333333334,4.2,10.669292449951172,N,1.0,0.0
2026-09-27T07:15:27,mobilevit_xxs_batch17_node_3_evaluate,aa93c110-bbc6-427c-b532-08b129b47287,5b0fa12a-3dd7-45bb-9766-cc326314d9f1,6.275684759020805,2.287832208911363e-05,3.6455499228554835e-06,22.5285684721875,32.59635065499247,20.0,2.0233968781718456e-05,5.819282434060824e-05,1.7866899300780563e-05,9.629369242310726e-05,0.0,United Kingdom,GBR,england,,,Linux-6.4.0-150700.53.73-default-x86_64-with-glibc2.38,3.12.12,3.3.0,8,AMD EPYC 7543P 32-Core Processor,1,1 x NVIDIA A100-SXM4-40GB,-2.5917,51.4535,64,machine,0.0,8.666666666666666,4.233333333333333,10.685482025146484,N,1.0,0.0
2026-09-27T07:15:58,mobilenet_v3_small_batch18_node_0_local_train,d6e33e3d-724f-47e6-92dd-ae853a1482f3,5b0fa12a-3dd7-45bb-9766-cc326314d9f1,9.16768053593114,4.160339727206517e-05,4.538050503506076e-06,22.539427169464282,30.716420383442216,20.0,3.8215889077652414e-05,0.000103045637985133,3.384505309061044e-05,0.00017510658015339585,0.0,United Kingdom,GBR,england,,,Linux-6.4.0-150700.53.73-default-x86_64-with-glibc2.38,3.12.12,3.3.0,8,AMD EPYC 7543P 32-Core Processor,1,1 x NVIDIA A100-SXM4-40GB,-2.5917,51.4535,64,machine,0.0,6.833333333333333,4.083333333333333,10.313210805257162,N,1.0,0.0
2026-09-27T07:16:13,mobilenet_v3_small_batch18_node_0_evaluate,aef1b7bf-3e33-4f06-b85f-e573cf1c2ac8,5b0fa12a-3dd7-45bb-9766-cc326314d9f1,14.350634617265314,7.633155209467907e-05,5.319036692833377e-06,22.518695972812502,29.940865749089344,20.0,7.076370399317861e-05,0.00018777653910717618,6.273537190993213e-05,0.00032127561501028694,0.0,United Kingdom,GBR,england,,,Linux-6.4.0-150700.53.73-default-x86_64-with-glibc2.38,3.12.12,3.3.0,8,AMD EPYC 7543P 32-Core Processor,1,1 x NVIDIA A100-SXM4-40GB,-2.5917,51.4535,64,machine,3.027272727272727,0.8181818181818182,4.1,10.355048786510121,N,1.0,0.0
2026-09-27T07:16:23,mobilenet_v3_small_batch18_node_1_local_train,d86beb6a-d613-4f22-a775-a5c7aa7fbf37,5b0fa12a-3dd7-45bb-9766-cc326314d9f1,9.74159987270832,4.644682972529527e-05,4.767885186438304e-06,22.55101855875,31.33256017925993,20.0,4.2041392479484296e-05,0.00011631398194822395,3.71369662332452e-05,0.00019549234066095346,0.0,United Kingdom,GBR,england,,,Linux-6.4.0-150700.53.73-default-x86_64-with-glibc2.38,3.12.12,3.3.0,8,AMD EPYC 7543P 32-Core Processor,1,1 x NVIDIA A100-SXM4-40GB,-2.5917,51.4535,64,machine,0.0,7.5,4.1,10.371749877929688,N,1.0,0.0
2026-09-27T07:16:29,mobilenet_v3_small_batch18_node_1_evaluate,6306f995-1a15-4008-b095-aa4047d62fd3,5b0fa12a-3dd7-45bb-9766-cc326314d9f1,6.647567247971892,2.4140052652146883e-05,3.6314115753416074e-06,22.5493561096875,29.647986742127156,20.0,2.259974098027719e-05,5.906726947557672e-05,1.993724164397766e-05,0.00010160425209983157,0.0,United Kingdom,GBR,england,,,Linux-6.4.0-150700.53.73-default-x86_64-with-glibc2.38,3.12.12,3.3.0,8,AMD EPYC 7543P 32-Core Processor,1,1 x NVIDIA A100-SXM4-40GB,-2.5917,51.4535,64,machine,0.0,3.6666666666666665,4.1,10.383238474527994,N,1.0,0.0
2026-09-27T07:16:33,mobilenet_v3_small_batch18_node_2_local_train,bad3c103-be83-40b1-a3a6-94b76a39aeed,5b0fa12a-3dd7-45bb-9766-cc326314d9f1,3.668108059093356,4.151947456390134e-06,1.1319043467373663e-06,22.52654208,30.382321798176367,20.0,3.885771546241817e-06,1.0213619276555619e-05,3.3759445521152685e-06,1.7475335374912704e-05,0.0,United Kingdom,GBR,england,,,Linux-6.4.0-150700.53.73-default-x86_64-with-glibc2.38,3.12.12,3.3.0,8,AMD EPYC 7543P 32-Core Processor,1,1 x NVIDIA A100-SXM4-40GB,-2.5917,51.4535,64,machine,0,0,0,0,N,1.0,0.0
2026-09-27T07:16:39,mobilenet_v3_small_batch18_node_2_evaluate,12c26466-af67-4150-a9e8-0876c593cb0e,5b0fa12a-3dd7-45bb-9766-cc326314d9f1,5.825319259893149,1.905645704193471e-05,3.2713154750396037e-06,22.533782501250002,30.974495918303617,20.0,1.7387587898853895e-05,4.747226022061568e-05,1.534780897717509e-05,8.020765709664466e-05,0.0,United Kingdom,GBR,england,,,Linux-6.4.0-150700.53.73-default-x86_64-with-glibc2.38,3.12.12,3.3.0,8,AMD EPYC 7543P 32-Core Processor,1,1 x NVIDIA A100-SXM4-40GB,-2.5917,51.4535,64,machine,0.0,3.5,4.1,10.372261047363281,N,1.0,0.0
2026-09-27T07:16:45,mobilenet_v3_small_batch18_node_3_local_train,f5f61678-5786-42ff-a382-d6888ee241fa,5b0fa12a-3dd7-45bb-9766-cc326314d9f1,6.02262488566339,2.019031689248443e-05,3.3524114942882536e-06,22.51218186,30.30277580691275,20.0,1.8630140803037466e-05,4.986920656335769e-05,1.6480668090904754e-05,8.498001545729991e-05,0.0,United Kingdom,GBR,england,,,Linux-6.4.0-150700.53.73-default-x86_64-with-glibc2.38,3.12.12,3.3.0,8,AMD EPYC 7543P 32-Core Processor,1,1 x NVIDIA A100-SXM4-40GB,-2.5917,51.4535,64,machine,0.0,1.5,4.1,10.37411880493164,N,1.0,0.0
2026-09-27T07:16:51,mobilenet_v3_small_batch18_node_3_evaluate,e508ef8a-44a3-43bc-a4e8-9607de788e9d,5b0fa12a-3dd7-45bb-9766-cc326314d9f1,6.104642896912992,2.069755885894218e-05,3.390461851488244e-06,22.549513755937504,30.14614311397427,20.0,1.9197407682053107e-05,5.098892968646851e-05,1.692863369050125e-05,8.711497105902286e-05,0.0,United Kingdom,GBR,england,,,Linux-6.4.0-150700.53.73-default-x86_64-with-glibc2.38,3.12.12,3.3.0,8,AMD EPYC 7543P 32-Core Processor,1,1 x NVIDIA A100-SXM4-40GB,-2.5917,51.4535,64,machine,0.0,2.6666666666666665,4.1,10.334251403808594,N,1.0,0.0
2026-09-27T07:16:55,mobilenet_v3_small_batch18_node_2_knowledge_extraction,5c3e401f-e2ff-4df7-a226-a9849c20f1d5,5b0fa12a-3dd7-45bb-9766-cc326314d9f1,3.5789350480772555,3.843714843947173e-06,1.073982844704647e-06,22.55789343375,34.724965597755215,20.0,3.342303749338811e-06,9.943896841946298e-06,2.891799416910443e-06,1.6178000008195552e-05,0.0,United Kingdom,GBR,england,,,Linux-6.4.0-150700.53.73-default-x86_64-with-glibc2.38,3.12.12,3.3.0,8,AMD EPYC 7543P 32-Core Processor,1,1 x NVIDIA A100-SXM4-40GB,-2.5917,51.4535,64,machine,0,0,0,0,N,1.0,0.0
2026-09-27T07:16:59,mobilenet_v3_small_batch18_node_3_knowledge_extraction,8d3cd882-813c-4edf-9385-84b0c01337a6,5b0fa12a-3dd7-45bb-9766-cc326314d9f1,3.7413999307900667,4.733235864539341e-06,1.265097544260613e-06,22.5868119525,362.31309568334206,20.0,4.3946603367531425e-06,1.1714453819422488e-05,3.8128345221694975e-06,1.992194867834513e-05,0.0,United Kingdom,GBR,england,,,Linux-6.4.0-150700.53.73-default-x86_64-with-glibc2.38,3.12.12,3.3.0,8,AMD EPYC 7543P 32-Core Processor,1,1 x NVIDIA A100-SXM4-40GB,-2.5917,51.4535,64,machine,0,0,0,0,N,1.0,0.0
2026-09-27T07:17:05,mobilenet_v3_small_batch18_node_0_distill,5e9fed99-fbfd-4da3-963e-5a09574e942f,5b0fa12a-3dd7-45bb-9766-cc326314d9f1,6.037780338898301,2.092505632374271e-05,3.465686916255197e-06,22.52971164375,31.919684233801323,20.0,1.8737527193183216e-05,5.278420890419966e-05,1.6550760203972457e-05,8.807249630135533e-05,0.0,United Kingdom,GBR,england,,,Linux-6.4.0-150700.53.73-default-x86_64-with-glibc2.38,3.12.12,3.3.0,8,AMD EPYC 7543P 32-Core Processor,1,1 x NVIDIA A100-SXM4-40GB,-2.5917,51.4535,64,machine,0.0,9.5,4.2,10.593461990356445,N,1.0,0.0
2026-09-27T07:17:11,mobilenet_v3_small_batch18_node_1_distill,e6f2b29c-61b8-429b-a5ec-6ca4e0a3cfbb,5b0fa12a-3dd7-45bb-9766-cc326314d9f1,6.450761241838336,2.41867225505243e-05,3.749436949185795e-06,22.5434530321875,32.68329309100644,20.0,2.1371937960322627e-05,6.156782703214958e-05,1.8860918332615663e-05,0.00010180068332508787,0.0,United Kingdom,GBR,england,,,Linux-6.4.0-150700.53.73-default-x86_64-with-glibc2.38,3.12.12,3.3.0,8,AMD EPYC 7543P 32-Core Processor,1,1 x NVIDIA A100-SXM4-40GB,-2.5917,51.4535,64,machine,0.0,12.666666666666666,4.2,10.576568603515625,N,1.0,0.0
2026-09-27T07:17:17,mobilenet_v3_small_batch18_node_3_distill,62b5986d-1558-414e-ac1f-915b4f373c29,5b0fa12a-3dd7-45bb-9766-cc326314d9f1,6.031151442788541,2.0156990924265872e-05,3.342146373785328e-06,22.53857770125,29.995242435338543,20.0,1.8739896663689358e-05,4.956226186436652e-05,1.6537589626386766e-05,8.483974815444263e-05,0.0,United Kingdom,GBR,england,,,Linux-6.4.0-150700.53.73-default-x86_64-with-glibc2.38,3.12.12,3.3.0,8,AMD EPYC 7543P 32-Core Processor,1,1 x NVIDIA A100-SXM4-40GB,-2.5917,51.4535,64,machine,0.0,4.0,4.2,10.546590805053711,N,1.0,0.0
2026-09-27T07:17:23,mobilenet_v3_small_batch18_node_0_evaluate,4bfeea63-198b-48cb-af2a-8a8f47a62663,5b0fa12a-3dd7-45bb-9766-cc326314d9f1,5.907248658593744,1.9677050687168938e-05,3.3310009150441245e-06,22.541119346250003,31.09540980781548,20.0,1.7915266377302906e-05,4.91000392770502e-05,1.580439848670115e-05,8.281970414105426e-05,0.0,United Kingdom,GBR,england,,,Linux-6.4.0-150700.53.73-default-x86_64-with-glibc2.38,3.12.12,3.3.0,8,AMD EPYC 7543P 32-Core Processor,1,1 x NVIDIA A100-SXM4-40GB,-2.5917,51.4535,64,machine,0.0,4.5,4.2,10.557645797729492,N,1.0,0.0
2026-09-27T07:17:29,mobilenet_v3_small_batch18_node_1_evaluate,30456e33-e4d4-4d0d-bde0-d7dda08f5a5e,5b0fa12a-3dd7-45bb-9766-cc326314d9f1,6.023201824165881,1.9992030318865333e-05,3.3191699203328484e-06,22.536698568750005,29.958028541152792,20.0,1.860903984921119e-05,4.912226152953281e-05,1.64141359894226e-05,8.41454373681666e-05,0.0,United Kingdom,GBR,england,,,Linux-6.4.0-150700.53.73-default-x86_64-with-glibc2.38,3.12.12,3.3.0,8,AMD EPYC 7543P 32-Core Processor,1,1 x NVIDIA A100-SXM4-40GB,-2.5917,51.4535,64,machine,0.0,4.5,4.2,10.552288055419922,N,1.0,0.0
2026-09-27T07:17:35,mobilenet_v3_small_batch18_node_3_evaluate,0205ac21-1626-45eb-9b86-71865ac41738,5b0fa12a-3dd7-45bb-9766-cc326314d9f1,5.820318215060979,1.903269944998132e-05,3.2700444798243584e-06,22.536430020000005,30.837668047351766,20.0,1.7410083813370233e-05,4.733392674438619e-05,1.536365204438981e-05,8.010766260214623e-05,0.0,United Kingdom,GBR,england,,,Linux-6.4.0-150700.53.73-default-x86_64-with-glibc2.38,3.12.12,3.3.0,8,AMD EPYC 7543P 32-Core Processor,1,1 x NVIDIA A100-SXM4-40GB,-2.5917,51.4535,64,machine,0.0,5.0,4.2,10.537467956542969,N,1.0,0.0
2026-09-27T07:17:42,efficientnet_lite0_batch18_node_0_local_train,e96dd074-c835-4507-a70b-2e8f0b21de3b,5b0fa12a-3dd7-45bb-9766-cc326314d9f1,5.155282077845186,1.7210891523746614e-05,3.3384965679589843e-06,22.521640567500004,40.870084387548346,20.0,1.3209619282254746e-05,4.757531584687058e-05,1.1654830700717866e-05,7.243976582984319e-05,0.0,United Kingdom,GBR,england,,,Linux-6.4.0-150700.53.73-default-x86_64-with-glibc2.38,3.12.12,3.3.0,8,AMD EPYC 7543P 32-Core Processor,1,1 x NVIDIA A100-SXM4-40GB,-2.5917,51.4535,64,machine,0.0,19.5,4.2,10.58858871459961,N,1.0,0.0
2026-09-27T07:17:48,efficientnet_lite0_batch18_node_0_evaluate,3f2b1cef-86d7-486e-82a4-8b90aec1493e,5b0fa12a-3dd7-45bb-9766-cc326314d9f1,6.143346549011767,2.2543880966357916e-05,3.6696417476211525e-06,22.5452989209375,34.09857041666038,20.0,1.9425924157799316e-05,5.8335879998594464e-05,1.712424261495471e-05,9.488604677134849e-05,0.0,United Kingdom,GBR,england,,,Linux-6.4.0-150700.53.73-default-x86_64-with-glibc2.38,3.12.12,3.3.0,8,AMD EPYC 7543P 32-Core Processor,1,1 x NVIDIA A100-SXM4-40GB,-2.5917,51.4535,64,machine,0.0,10.0,4.2,10.557482401529947,N,1.0,0.0
2026-09-27T07:17:55,efficientnet_lite0_batch18_node_1_local_train,55142c0d-847e-4f94-98e3-d117b27b3276,5b0fa12a-3dd7-45bb-9766-cc326314d9f1,6.522777614183724,2.8653029540404002e-05,4.3927650512104285e-06,22.538572807500003,41.449623027203515,20.0,2.1767285668787535e-05,7.961089701780111e-05,1.922095927875489e-05,0.00012059914196534352,0.0,United Kingdom,GBR,england,,,Linux-6.4.0-150700.53.73-default-x86_64-with-glibc2.38,3.12.12,3.3.0,8,AMD EPYC 7543P 32-Core Processor,1,1 x NVIDIA A100-SXM4-40GB,-2.5917,51.4535,64,machine,0.0,21.333333333333332,4.2,10.579420725504557,N,1.0,0.0
2026-09-27T07:18:01,efficientnet_lite0_batch18_node_1_evaluate,d5ee0b0e-2ac2-43ff-a319-6184b135991b,5b0fa12a-3dd7-45bb-9766-cc326314d9f1,5.898041437845677,2.0635680857925484e-05,3.498734465565723e-06,22.534311937500004,33.83630577737825,20.0,1.7851408199654033e-05,5.324532038741836e-05,1.5757801117272013e-05,8.685452970434441e-05,0.0,United Kingdom,GBR,england,,,Linux-6.4.0-150700.53.73-default-x86_64-with-glibc2.38,3.12.12,3.3.0,8,AMD EPYC 7543P 32-Core Processor,1,1 x NVIDIA A100-SXM4-40GB,-2.5917,51.4535,64,machine,0.0,15.0,4.2,10.564836502075195,N,1.0,0.0
2026-09-27T07:18:04,efficientnet_lite0_batch18_node_2_local_train,c00025f7-1e82-4b68-899d-cc3c053d0ede,5b0fa12a-3dd7-45bb-9766-cc326314d9f1,3.319539797026664,2.1259767475968907e-06,6.404432173101656e-07,22.55184,39.745486332063955,20.0,1.7249753077983858e-06,5.759726846576996e-06,1.4634256949648263e-06,8.948127849340208e-06,0.0,United Kingdom,GBR,england,,,Linux-6.4.0-150700.53.73-default-x86_64-with-glibc2.38,3.12.12,3.3.0,8,AMD EPYC 7543P 32-Core Processor,1,1 x NVIDIA A100-SXM4-40GB,-2.5917,51.4535,64,machine,0,0,0,0,N,1.0,0.0
2026-09-27T07:18:10,efficientnet_lite0_batch18_node_2_evaluate,a5197d52-314b-4e50-80da-f39f75778e7f,5b0fa12a-3dd7-45bb-9766-cc326314d9f1,5.699954102281481,1.9250505090691687e-05,3.3773087897298017e-06,22.53104787375,33.91417364824069,20.0,1.662784511828641e-05,4.9721150901405053e-05,1.467539943082051e-05,8.102439545051197e-05,0.0,United Kingdom,GBR,england,,,Linux-6.4.0-150700.53.73-default-x86_64-with-glibc2.38,3.12.12,3.3.0,8,AMD EPYC 7543P 32-Core Processor,1,1 x NVIDIA A100-SXM4-40GB,-2.5917,51.4535,64,machine,0.0,8.5,4.2,10.577070236206055,N,1.0,0.0
2026-09-27T07:18:14,efficientnet_lite0_batch18_node_3_local_train,702b3e29-6384-407a-ae8c-3f0bca7fd456,5b0fa12a-3dd7-45bb-9766-cc326314d9f1,4.385667586233467,1.0327153088614618e-05,2.3547505335405196e-06,22.522258293750003,37.74836693466603,20.0,8.369327932576753e-06,2.7735577745602313e-05,7.3615556841509215e-06,4.3466461362329986e-05,0.0,United Kingdom,GBR,england,,,Linux-6.4.0-150700.53.73-default-x86_64-with-glibc2.38,3.12.12,3.3.0,8,AMD EPYC 7543P 32-Core Processor,1,1 x NVIDIA A100-SXM4-40GB,-2.5917,51.4535,64,machine,0.0,23.0,4.2,10.5936279296875,N,1.0,0.0
2026-09-27T07:18:20,efficientnet_lite0_batch18_node_3_evaluate,eba02c57-a189-4e97-84df-8bb20090a968,5b0fa12a-3dd7-45bb-9766-cc326314d9f1,5.787328296806663,1.9836752219573144e-05,3.427618272583341e-06,22.533807442500002,33.75763326460543,20.0,1.7196507616739637e-05,5.1129485342471526e-05,1.516588679773526e-05,8.349187975694643e-05,0.0,United Kingdom,GBR,england,,,Linux-6.4.0-150700.53.73-default-x86_64-with-glibc2.38,3.12.12,3.3.0,8,AMD EPYC 7543P 32-Core Processor,1,1 x NVIDIA A100-SXM4-40GB,-2.5917,51.4535,64,machine,0.0,10.5,4.2,10.56979751586914,N,1.0,0.0
2026-09-27T07:18:25,efficientnet_lite0_batch18_node_1_knowledge_extraction,e2ce8bb3-4b9c-4895-9902-80f15d4b8992,5b0fa12a-3dd7-45bb-9766-cc326314d9f1,4.456574517302215,1.0147831860353078e-05,2.277047499364167e-06,22.56418834875,33.75103417238567,20.0,8.847317187764638e-06,2.6108909779054557e-05,7.755480479035113e-06,4.27117074458543e-05,0.0,United Kingdom,GBR,england,,,Linux-6.4.0-150700.53.73-default-x86_64-with-glibc2.38,3.12.12,3.3.0,8,AMD EPYC 7543P 32-Core Processor,1,1 x NVIDIA A100-SXM4-40GB,-2.5917,51.4535,64,machine,0.0,10.0,4.2,10.577442169189453,N,1.0,0.0
2026-09-27T07:18:28,efficientnet_lite0_batch18_node_2_knowledge_extraction,f49b692d-3eb0-45b0-9e12-df8acc200ca9,5b0fa12a-3dd7-45bb-9766-cc326314d9f1,3.2701992969959974,1.4349363662065052e-06,4.387917175337407e-07,22.627552320000003,29.842895392197317,20.0,1.4069711091545934e-06,3.4572250058317877e-06,1.1753779654908512e-06,6.0395740804772325e-06,0.0,United Kingdom,GBR,england,,,Linux-6.4.0-150700.53.73-default-x86_64-with-glibc2.38,3.12.12,3.3.0,8,AMD EPYC 7543P 32-Core Processor,1,1 x NVIDIA A100-SXM4-40GB,-2.5917,51.4535,64,machine,0,0,0,0,N,1.0,0.0
2026-09-27T07:18:36,mobilevit_xxs_batch18_node_0_local_train,220190cf-8e0d-4f45-8c37-8ef4da26b1c8,5b0fa12a-3dd7-45bb-9766-cc326314d9f1,6.2563986498862505,2.462600874611373e-05,3.936131650843807e-06,22.527729945000004,37.025285208745416,20.0,2.0119386243887353e-05,6.575088593763212e-05,1.777934436686337e-05,0.00010364961654838285,0.0,United Kingdom,GBR,england,,,Linux-6.4.0-150700.53.73-default-x86_64-with-glibc2.38,3.12.12,3.3.0,8,AMD EPYC 7543P 32-Core Processor,1,1 x NVIDIA A100-SXM4-40GB,-2.5917,51.4535,64,machine,0.0,27.666666666666668,4.2,10.622790018717447,N,1.0,0.0
2026-09-27T07:18:43,mobilevit_xxs_batch18_node_0_evaluate,e9c19342-6c3c-45f2-bf30-15ccbede0713,5b0fa12a-3dd7-45bb-9766-cc326314d9f1,6.176020961254835,2.2234198304093945e-05,3.600084657027529e-06,22.5445640484375,32.77532488444534,20.0,1.96180730238194e-05,5.6662267553519996e-05,1.730226764144997e-05,9.358260821878937e-05,0.0,United Kingdom,GBR,england,,,Linux-6.4.0-150700.53.73-default-x86_64-with-glibc2.38,3.12.12,3.3.0,8,AMD EPYC 7543P 32-Core Processor,1,1 x NVIDIA A100-SXM4-40GB,-2.5917,51.4535,64,machine,0.0,11.666666666666666,4.2,10.59979502360026,N,1.0,0.0
2026-09-27T07:18:51,mobilevit_xxs_batch18_node_1_local_train,8b40ddda-ae1f-45c8-b9fa-a65ed8733964,5b0fa12a-3dd7-45bb-9766-cc326314d9f1,8.369201292749494,4.150953077907266e-05,4.95979596225433e-06,22.542587150625003,37.94944151382382,20.0,3.3373527026954806e-05,0.00011185008946767994,2.948788437061012e-05,0.00017471150086524487,0.0,United Kingdom,GBR,england,,,Linux-6.4.0-150700.53.73-default-x86_64-with-glibc2.38,3.12.12,3.3.0,8,AMD EPYC 7543P 32-Core Processor,1,1 x NVIDIA A100-SXM4-40GB,-2.5917,51.4535,64,machine,4.0,25.0,4.2,10.641671752929687,N,1.0,0.0
2026-09-27T07:18:57,mobilevit_xxs_batch18_node_1_evaluate,b0778a40-29e3-4d49-a503-37261edffbdc,5b0fa12a-3dd7-45bb-9766-cc326314d9f1,6.137729814276099,2.215338102696295e-05,3.6093770330904963e-06,22.545889183125,342.3308561510139,20.0,1.937802064119348e-05,5.6787267652680384e-05,1.7077164121696518e-05,9.324245241557038e-05,0.0,United Kingdom,GBR,england,,,Linux-6.4.0-150700.53.73-default-x86_64-with-glibc2.38,3.12.12,3.3.0,8,AMD EPYC 7543P 32-Core Processor,1,1 x NVIDIA A100-SXM4-40GB,-2.5917,51.4535,64,machine,19.433333333333334,13.333333333333334,4.2,10.599786122639975,N,1.0,0.0
2026-09-27T07:19:01,mobilevit_xxs_batch18_node_2_local_train,e9ddbeba-8ce0-4898-8fc4-7a6092eda8a6,5b0fa12a-3dd7-45bb-9766-cc326314d9f1,3.470658523030579,2.9721434792596827e-06,8.563629811279754e-07,22.54992667875,34.08501240601359,20.0,2.620949794096165e-06,7.634450540194848e-06,2.2542001912370323e-06,1.2509600525528046e-05,0.0,United Kingdom,GBR,england,,,Linux-6.4.0-150700.53.73-default-x86_64-with-glibc2.38,3.12.12,3.3.0,8,AMD EPYC 7543P 32-Core Processor,1,1 x NVIDIA A100-SXM4-40GB,-2.5917,51.4535,64,machine,0,0,0,0,N,1.0,0.0
2026-09-27T07:19:07,mobilevit_xxs_batch18_node_2_evaluate,0e803e72-0f23-43b3-9b7d-21bba1254b1e,5b0fa12a-3dd7-45bb-9766-cc326314d9f1,5.841340555809438,2.006712993373541e-05,3.435363807675599e-06,22.529519639999997,33.43413761067743,20.0,1.747813319018283e-05,5.15505967939589e-05,1.5432797838002445e-05,8.446152782214418e-05,0.0,United Kingdom,GBR,england,,,Linux-6.4.0-150700.53.73-default-x86_64-with-glibc2.38,3.12.12,3.3.0,8,AMD EPYC 7543P 32-Core Processor,1,1 x NVIDIA A100-SXM4-40GB,-2.5917,51.4535,64,machine,0.0,12.5,4.2,10.626951217651367,N,1.0,0.0
2026-09-27T07:19:13,mobilevit_xxs_batch18_node_3_local_train,bd4a0522-bec6-48d6-b58b-b51336d3362a,5b0fa12a-3dd7-45bb-9766-cc326314d9f1,6.520730718970299,2.454307711114287e-05,3.7638538024184063e-06,22.5474789853125,32.355414744275706,20.0,2.182073549212827e-05,6.222754977613931e-05,1.9252276252437797e-05,0.00010330056152070537,0.0,United Kingdom,GBR,england,,,Linux-6.4.0-150700.53.73-default-x86_64-with-glibc2.38,3.12.12,3.3.0,8,AMD EPYC 7543P 32-Core Processor,1,1 x NVIDIA A100-SXM4-40GB,-2.5917,51.4535,64,machine,22.233333333333334,9.333333333333334,4.2,10.63425064086914,N,1.0,0.0
2026-09-27T07:19:19,mobilevit_xxs_batch18_node_3_evaluate,823878d5-4fdc-46d6-9124-75d42a11e7a4,5b0fa12a-3dd7-45bb-9766-cc326314d9f1,6.116924877744168,2.1994718334568243e-05,3.5957149669426007e-06,22.5487787315625,33.22939061983765,20.0,1.924876411640207e-05,5.6352822852545614e-05,1.697306225541979e-05,9.257464922436747e-05,0.0,United Kingdom,GBR,england,,,Linux-6.4.0-150700.53.73-default-x86_64-with-glibc2.38,3.12.12,3.3.0,8,AMD EPYC 7543P 32-Core Processor,1,1 x NVIDIA A100-SXM4-40GB,-2.5917,51.4535,64,machine,0.0,10.666666666666666,4.2,10.61279296875,N,1.0,0.0
2026-09-27T07:19:24,mobilevit_xxs_batch18_node_1_knowledge_extraction,f049670f-13c6-42ef-9b12-ad8637fb33e1,5b0fa12a-3dd7-45bb-9766-cc326314d9f1,4.673800053074956,1.1716169301333599e-05,2.5067758929108176e-06,22.561873875,354.0389477357902,20.0,1.0199043096433559e-05,3.0163357465085028e-05,8.950359294087523e-06,4.931275985560611e-05,0.0,United Kingdom,GBR,england,,,Linux-6.4.0-150700.53.73-default-x86_64-with-glibc2.38,3.12.12,3.3.0,8,AMD EPYC 7543P 32-Core Processor,1,1 x NVIDIA A100-SXM4-40GB,-2.5917,51.4535,64,machine,0.0,10.0,4.2,10.585155487060547,N,1.0,0.0
2026-09-27T07:19:27,mobilevit_xxs_batch18_node_2_knowledge_extraction,2983377f-d946-4762-8607-d8c4bbe70f72,5b0fa12a-3dd7-45bb-9766-cc326314d9f1,3.292318020015955,1.4847318015610653e-06,4.509685250739751e-07,22.607447309999998,29.021003396370528,20.0,1.473478429564896e-06,3.541113940741525e-06,1.2345681613725092e-06,6.24916053167893e-06,0.0,United Kingdom,GBR,england,,,Linux-6.4.0-150700.53.73-default-x86_64-with-glibc2.38,3.12.12,3.3.0,8,AMD EPYC 7543P 32-Core Processor,1,1 x NVIDIA A100-SXM4-40GB,-2.5917,51.4535,64,machine,0,0,0,0,N,1.0,0.0
2026-09-27T07:19:31,mobilevit_xxs_batch18_node_3_knowledge_extraction,c98a527f-5685-4cdf-bb43-ec3844704f7c,5b0fa12a-3dd7-45bb-9766-cc326314d9f1,3.7637514299713075,4.877070806525713e-06,1.2958004526252396e-06,22.56001138125,30.804466702198088,20.0,4.520248187706919e-06,1.2073065207118816e-05,3.934029228467908e-06,2.0527342623293644e-05,0.0,United Kingdom,GBR,england,,,Linux-6.4.0-150700.53.73-default-x86_64-with-glibc2.38,3.12.12,3.3.0,8,AMD EPYC 7543P 32-Core Processor,1,1 x NVIDIA A100-SXM4-40GB,-2.5917,51.4535,64,machine,0,0,0,0,N,1.0,0.0
2026-09-27T07:19:38,mobilevit_xxs_batch18_node_0_distill,280f34fc-ebbb-4488-b47b-76e31e3a4a8c,5b0fa12a-3dd7-45bb-9766-cc326314d9f1,6.656369416974485,2.6854994942672643e-05,4.034480849904365e-06,22.541112765,35.23050551555853,20.0,2.264823300654189e-05,7.038922298363559e-05,1.9993849931698704e-05,0.00011303130592187619,0.0,United Kingdom,GBR,england,,,Linux-6.4.0-150700.53.73-default-x86_64-with-glibc2.38,3.12.12,3.3.0,8,AMD EPYC 7543P 32-Core Processor,1,1 x NVIDIA A100-SXM4-40GB,-2.5917,51.4535,64,machine,0.0,16.333333333333332,4.2,10.64584986368815,N,1.0,0.0
2026-09-27T07:19:44,mobilevit_xxs_batch18_node_0_evaluate,b0bfb4c7-da93-495d-a136-cfc8b11717bc,5b0fa12a-3dd7-45bb-9766-cc326314d9f1,6.246392116416246,2.2744530809383005e-05,3.641226869124615e-06,22.5461947809375,32.71837582312594,20.0,2.008795859379877e-05,5.79244907754628e-05,1.771812237178286e-05,9.573057174104443e-05,0.0,United Kingdom,GBR,england,,,Linux-6.4.0-150700.53.73-default-x86_64-with-glibc2.38,3.12.12,3.3.0,8,AMD EPYC 7543P 32-Core Processor,1,1 x NVIDIA A100-SXM4-40GB,-2.5917,51.4535,64,machine,0.0,11.666666666666666,4.2,10.605435689290365,N,1.0,0.0
2026-09-27T07:20:11,mobilenet_v3_small_batch19_node_0_local_train,f66e5c72-46bb-4d9f-818e-028fb94e3c56,5b0fa12a-3dd7-45bb-9766-cc326314d9f1,8.913879954256117,3.952433964925291e-05,4.434021980560911e-06,22.544624503125,30.647956299123226,20.0,3.639700689388551e-05,9.776313376619328e-05,3.2195791850487395e-05,0.0001663559325105662,0.0,United Kingdom,GBR,england,,,Linux-6.4.0-150700.53.73-default-x86_64-with-glibc2.38,3.12.12,3.3.0,8,AMD EPYC 7543P 32-Core Processor,1,1 x NVIDIA A100-SXM4-40GB,-2.5917,51.4535,64,machine,0.0,4.6,4.1,10.277265167236328,N,1.0,0.0
2026-09-27T07:20:22,mobilenet_v3_small_batch19_node_0_evaluate,eb0180ea-7759-49d9-b0c5-10cdcdace919,5b0fa12a-3dd7-45bb-9766-cc326314d9f1,11.017688464839011,5.3506797533349236e-05,4.85644495250584e-06,22.52803960546875,29.6570379951307,20.0,4.993109321058846e-05,0.0001310676048547066,4.4208687517998954e-05,0.000225207385583294,0.0,United Kingdom,GBR,england,,,Linux-6.4.0-150700.53.73-default-x86_64-with-glibc2.38,3.12.12,3.3.0,8,AMD EPYC 7543P 32-Core Processor,1,1 x NVIDIA A100-SXM4-40GB,-2.5917,51.4535,64,machine,4.757142857142857,1.7142857142857142,4.1,10.299545288085938,N,1.0,0.0
2026-09-27T07:20:33,mobilenet_v3_small_batch19_node_1_local_train,6dfbebcf-15f5-4dea-a60e-bf5c119dc649,5b0fa12a-3dd7-45bb-9766-cc326314d9f1,10.835573518183082,5.4218438033370204e-05,5.003744189671798e-06,22.5407261671875,31.548847055038376,20.0,4.883835061240417e-05,0.0001361817756162509,4.3182517973602657e-05,0.0002282026442022577,0.0,United Kingdom,GBR,england,,,Linux-6.4.0-150700.53.73-default-x86_64-with-glibc2.38,3.12.12,3.3.0,8,AMD EPYC 7543P 32-Core Processor,1,1 x NVIDIA A100-SXM4-40GB,-2.5917,51.4535,64,machine,8.571428571428571,5.428571428571429,4.1,10.300892421177455,N,1.0,0.0
2026-09-27T07:20:41,mobilenet_v3_small_batch19_node_1_evaluate,e9f948aa-a6e6-4731-a966-78612f3705a5,5b0fa12a-3dd7-45bb-9766-cc326314d9f1,8.416019500698894,3.649227045251361e-05,4.336048704436007e-06,22.55852476125,366.35325976794456,20.0,3.3738621328046326e-05,9.008423872103322e-05,2.9771247643253045e-05,0.0001535941076923326,0.0,United Kingdom,GBR,england,,,Linux-6.4.0-150700.53.73-default-x86_64-with-glibc2.38,3.12.12,3.3.0,8,AMD EPYC 7543P 32-Core Processor,1,1 x NVIDIA A100-SXM4-40GB,-2.5917,51.4535,64,machine,0.0,2.0,4.1,10.291780853271485,N,1.0,0.0
2026-09-27T07:20:45,mobilenet_v3_small_batch19_node_2_local_train,5d242432-a131-4b5e-a553-ddd0ce81e04a,5b0fa12a-3dd7-45bb-9766-cc326314d9f1,3.465825972147286,2.7754728839598844e-06,8.008113812593751e-07,22.533261536250002,30.618951910823178,20.0,2.605046340785889e-06,6.831394344430919e-06,2.2453833216180406e-06,1.1681824006834847e-05,0.0,United Kingdom,GBR,england,,,Linux-6.4.0-150700.53.73-default-x86_64-with-glibc2.38,3.12.12,3.3.0,8,AMD EPYC 7543P 32-Core Processor,1,1 x NVIDIA A100-SXM4-40GB,-2.5917,51.4535,64,machine,0,0,0,0,N,1.0,0.0
2026-09-27T07:20:52,mobilenet_v3_small_batch19_node_2_evaluate,374a5af2-31b0-4563-a774-4d77c89b6d3f,5b0fa12a-3dd7-45bb-9766-cc326314d9f1,7.441515861079097,2.9430088309065414e-05,3.954851250535095e-06,22.549243828500003,29.53477690685927,20.0,2.7598064509051383e-05,7.1909779762791e-05,2.4361898473256995e-05,0.00012386974274509937,0.0,United Kingdom,GBR,england,,,Linux-6.4.0-150700.53.73-default-x86_64-with-glibc2.38,3.12.12,3.3.0,8,AMD EPYC 7543P 32-Core Processor,1,1 x NVIDIA A100-SXM4-40GB,-2.5917,51.4535,64,machine,0.0,2.25,4.1,10.29448413848877,N,1.0,0.0
2026-09-27T07:20:58,mobilenet_v3_small_batch19_node_3_local_train,7e3f45c4-6fb2-4b7a-96b4-b46ae914039c,5b0fa12a-3dd7-45bb-9766-cc326314d9f1,5.604774115141481,1.7845427360921532e-05,3.183969058219764e-06,22.517638796250004,31.883373762023243,20.0,1.5990326116046742e-05,4.499392488810372e-05,1.4126243845870098e-05,7.511049485002056e-05,0.0,United Kingdom,GBR,england,,,Linux-6.4.0-150700.53.73-default-x86_64-with-glibc2.38,3.12.12,3.3.0,8,AMD EPYC 7543P 32-Core Processor,1,1 x NVIDIA A100-SXM4-40GB,-2.5917,51.4535,64,machine,30.0,9.0,4.1,10.296350479125977,N,1.0,0.0
2026-09-27T07:21:04,mobilenet_v3_small_batch19_node_3_evaluate,425d5d18-5817-4856-a152-a916c4f319d8,5b0fa12a-3dd7-45bb-9766-cc326314d9f1,6.435955803375691,2.271369401683104e-05,3.529187382691098e-06,22.5380816690625,29.64645317522988,20.0,2.1255455386416007e-05,5.5577266692807825e-05,1.8768059172564083e-05,9.560078125178792e-05,0.0,United Kingdom,GBR,england,,,Linux-6.4.0-150700.53.73-default-x86_64-with-glibc2.38,3.12.12,3.3.0,8,AMD EPYC 7543P 32-Core Processor,1,1 x NVIDIA A100-SXM4-40GB,-2.5917,51.4535,64,machine,0.0,4.0,4.1,10.28530502319336,N,1.0,0.0
2026-09-27T07:21:09,mobilenet_v3_small_batch19_node_1_knowledge_extraction,d6e8ee4a-9dee-49db-8ea5-a73bba1e9116,5b0fa12a-3dd7-45bb-9766-cc326314d9f1,5.002450370229781,1.344767197854293e-05,2.6882169703415227e-06,22.545033013125,31.03603483815412,20.0,1.2279574395180446e-05,3.350974904492432e-05,1.0811242994128002e-05,5.660056643423277e-05,0.0,United Kingdom,GBR,england,,,Linux-6.4.0-150700.53.73-default-x86_64-with-glibc2.38,3.12.12,3.3.0,8,AMD EPYC 7543P 32-Core Processor,1,1 x NVIDIA A100-SXM4-40GB,-2.5917,51.4535,64,machine,0.0,3.0,4.1,10.287288665771484,N,1.0,0.0
2026-09-27T07:21:13,mobilenet_v3_small_batch19_node_2_knowledge_extraction,58d3094b-44fa-490b-b4ee-09d85afd52a1,5b0fa12a-3dd7-45bb-9766-cc326314d9f1,3.2376118851825595,1.3189031635090496e-06,4.0736913820498914e-07,22.6460934225,34.70918373772132,20.0,1.198258275522007e-06,3.368336024323071e-06,9.846019403388103e-07,5.551196240183888e-06,0.0,United Kingdom,GBR,england,,,Linux-6.4.0-150700.53.73-default-x86_64-with-glibc2.38,3.12.12,3.3.0,8,AMD EPYC 7543P 32-Core Processor,1,1 x NVIDIA A100-SXM4-40GB,-2.5917,51.4535,64,machine,0,0,0,0,N,1.0,0.0
2026-09-27T07:21:16,mobilenet_v3_small_batch19_node_3_knowledge_extraction,c4ad65db-62bd-4c24-8a65-cf868d0d2b00,5b0fa12a-3dd7-45bb-9766-cc326314d9f1,3.542370649985969,3.3938858207712396e-06,9.58083203626555e-07,22.66635699,31.3421423564149,20.0,3.1554936451492585e-06,8.426395623928329e-06,2.7028032914838857e-06,1.4284692560561472e-05,0.0,United Kingdom,GBR,england,,,Linux-6.4.0-150700.53.73-default-x86_64-with-glibc2.38,3.12.12,3.3.0,8,AMD EPYC 7543P 32-Core Processor,1,1 x NVIDIA A100-SXM4-40GB,-2.5917,51.4535,64,machine,0,0,0,0,N,1.0,0.0
2026-09-27T07:21:23,mobilenet_v3_small_batch19_node_0_distill,9a845fe7-2891-4e74-9d5f-73b616c4e3bd,5b0fa12a-3dd7-45bb-9766-cc326314d9f1,6.3108206880278885,2.2376331302251357e-05,3.5457086183261356e-06,22.54174021125,30.895893957253936,20.0,2.047264518344147e-05,5.5670044531552776e-05,1.8038149053851763e-05,9.418083876884601e-05,0.0,United Kingdom,GBR,england,,,Linux-6.4.0-150700.53.73-default-x86_64-with-glibc2.38,3.12.12,3.3.0,8,AMD EPYC 7543P 32-Core Processor,1,1 x NVIDIA A100-SXM4-40GB,-2.5917,51.4535,64,machine,0.0,9.333333333333334,4.2,10.511909484863281,N,1.0,0.0
2026-09-27T07:21:30,mobilenet_v3_small_batch19_node_1_distill,2719540f-ee46-450d-a43a-0fbb5bfcdf88,5b0fa12a-3dd7-45bb-9766-cc326314d9f1,7.636105868965387,3.221807262545224e-05,4.2191757393506974e-06,22.5579450105,31.9730873609027,20.0,2.8844986052933827e-05,8.131312060299933e-05,2.5446120077847608e-05,0.00013560422673378076,0.0,United Kingdom,GBR,england,,,Linux-6.4.0-150700.53.73-default-x86_64-with-glibc2.38,3.12.12,3.3.0,8,AMD EPYC 7543P 32-Core Processor,1,1 x NVIDIA A100-SXM4-40GB,-2.5917,51.4535,64,machine,0.0,11.25,4.2,10.52518081665039,N,1.0,0.0
2026-09-27T07:21:35,mobilenet_v3_small_batch19_node_3_distill,4a1ea992-8d7e-4026-9d1d-35a52808fd5b,5b0fa12a-3dd7-45bb-9766-cc326314d9f1,4.246249453630298,8.530981923355767e-06,2.0090628250919807e-06,22.550522990625,33.163921782971286,20.0,7.5132343932205505e-06,2.180418408670448e-05,6.58904993130515e-06,3.5906468411230184e-05,0.0,United Kingdom,GBR,england,,,Linux-6.4.0-150700.53.73-default-x86_64-with-glibc2.38,3.12.12,3.3.0,8,AMD EPYC 7543P 32-Core Processor,1,1 x NVIDIA A100-SXM4-40GB,-2.5917,51.4535,64,machine,0.0,17.0,4.2,10.520030975341797,N,1.0,0.0
2026-09-27T07:21:41,mobilenet_v3_small_batch19_node_0_evaluate,57ec2b3c-39a2-4315-b020-aeae523a0eaa,5b0fa12a-3dd7-45bb-9766-cc326314d9f1,6.413568458054215,2.3110530411410096e-05,3.603380951268664e-06,22.535213205937502,30.878735645185188,20.0,2.110671447252317e-05,5.7521712690800086e-05,1.8642618261381156e-05,9.727104542470441e-05,0.0,United Kingdom,GBR,england,,,Linux-6.4.0-150700.53.73-default-x86_64-with-glibc2.38,3.12.12,3.3.0,8,AMD EPYC 7543P 32-Core Processor,1,1 x NVIDIA A100-SXM4-40GB,-2.5917,51.4535,64,machine,0.0,5.333333333333333,4.2,10.495113372802734,N,1.0,0.0
2026-09-27T07:21:48,mobilenet_v3_small_batch19_node_1_evaluate,ac54ddab-9ba3-428e-b926-ff23ec225454,5b0fa12a-3dd7-45bb-9766-cc326314d9f1,6.864409361034632,2.591867398631884e-05,3.775805407737553e-06,22.5464439571875,30.256877785211195,20.0,2.3967833814993545e-05,6.396699562571939e-05,2.115554926503036e-05,0.00010909037870574329,0.0,United Kingdom,GBR,england,,,Linux-6.4.0-150700.53.73-default-x86_64-with-glibc2.38,3.12.12,3.3.0,8,AMD EPYC 7543P 32-Core Processor,1,1 x NVIDIA A100-SXM4-40GB,-2.5917,51.4535,64,machine,0.0,2.3333333333333335,4.2,10.493639628092447,N,1.0,0.0
2026-09-27T07:21:54,mobilenet_v3_small_batch19_node_3_evaluate,6cc84481-7a8c-48a1-9c8a-f8c85132dab6,5b0fa12a-3dd7-45bb-9766-cc326314d9f1,6.17183382390067,2.1197483056905827e-05,3.434551814214073e-06,22.539097636875,30.299049856930658,20.0,1.959364004752594e-05,5.233754187372597e-05,1.7287944624614385e-05,8.921912654586629e-05,0.0,United Kingdom,GBR,england,,,Linux-6.4.0-150700.53.73-default-x86_64-with-glibc2.38,3.12.12,3.3.0,8,AMD EPYC 7543P 32-Core Processor,1,1 x NVIDIA A100-SXM4-40GB,-2.5917,51.4535,64,machine,0.0,2.6666666666666665,4.2,10.473871866861979,N,1.0,0.0
2026-09-27T07:22:02,efficientnet_lite0_batch19_node_0_local_train,ddd0fc69-4765-4b9c-b9c1-3928fedddc0e,5b0fa12a-3dd7-45bb-9766-cc326314d9f1,5.33337717410177,1.784468102209598e-05,3.345850188272372e-06,22.518424800000002,38.25812714882183,20.0,1.4286668392113892e-05,4.820392744875335e-05,1.261675770704945e-05,7.510735354791669e-05,0.0,United Kingdom,GBR,england,,,Linux-6.4.0-150700.53.73-default-x86_64-with-glibc2.38,3.12.12,3.3.0,8,AMD EPYC 7543P 32-Core Processor,1,1 x NVIDIA A100-SXM4-40GB,-2.5917,51.4535,64,machine,0.0,20.5,4.2,10.548309326171875,N,1.0,0.0
2026-09-27T07:22:09,efficientnet_lite0_batch19_node_0_evaluate,56978330-9106-4d7a-bafc-66249af5dca3,5b0fa12a-3dd7-45bb-9766-cc326314d9f1,6.455171439796686,2.456673838017721e-05,3.8057453019328282e-06,22.532337376875,33.58849946558227,20.0,2.13280005431352e-05,6.322810614278751e-05,1.884404391102079e-05,0.0001034001505969435,0.0,United Kingdom,GBR,england,,,Linux-6.4.0-150700.53.73-default-x86_64-with-glibc2.38,3.12.12,3.3.0,8,AMD EPYC 7543P 32-Core Processor,1,1 x NVIDIA A100-SXM4-40GB,-2.5917,51.4535,64,machine,0.0,10.0,4.2,10.522235870361328,N,1.0,0.0
2026-09-27T07:22:16,efficientnet_lite0_batch19_node_1_local_train,27152fb8-531b-47ef-adfc-88057f68c49f,5b0fa12a-3dd7-45bb-9766-cc326314d9f1,6.9306470840238035,3.1820920906339904e-05,4.591334765795819e-06,22.5298420453125,40.96279587802104,20.0,2.434071917316999e-05,8.807618156936314e-05,2.151573463343084e-05,0.00013393263537596396,0.0,United Kingdom,GBR,england,,,Linux-6.4.0-150700.53.73-default-x86_64-with-glibc2.38,3.12.12,3.3.0,8,AMD EPYC 7543P 32-Core Processor,1,1 x NVIDIA A100-SXM4-40GB,-2.5917,51.4535,64,machine,0.0,29.333333333333332,4.2,10.527999877929688,N,1.0,0.0
2026-09-27T07:22:22,efficientnet_lite0_batch19_node_1_evaluate,b5eb8c3b-00a7-445d-b141-570774b30b30,5b0fa12a-3dd7-45bb-9766-cc326314d9f1,6.434370179194957,2.4501452328676737e-05,3.807902194980995e-06,22.535800000312502,362.26736759907016,20.0,2.1179509862064913e-05,6.324421725878437e-05,1.8701637810510064e-05,0.00010312536493135935,0.0,United Kingdom,GBR,england,,,Linux-6.4.0-150700.53.73-default-x86_64-with-glibc2.38,3.12.12,3.3.0,8,AMD EPYC 7543P 32-Core Processor,1,1 x NVIDIA A100-SXM4-40GB,-2.5917,51.4535,64,machine,0.0,11.333333333333334,4.2,10.511664072672525,N,1.0,0.0
2026-09-27T07:22:25,efficientnet_lite0_batch19_node_2_local_train,aba21a2a-ab0e-4fc3-8fc3-2cf3fb3a86fb,5b0fa12a-3dd7-45bb-9766-cc326314d9f1,3.2434013397432864,1.4681366250959696e-06,4.526533941717407e-07,22.542714945,37.63193751265212,20.0,1.2523358665999527e-06,3.881391990034899e-06,1.0455844225361943e-06,6.179312279171046e-06,0.0,United Kingdom,GBR,england,,,Linux-6.4.0-150700.53.73-default-x86_64-with-glibc2.38,3.12.12,3.3.0,8,AMD EPYC 7543P 32-Core Processor,1,1 x NVIDIA A100-SXM4-40GB,-2.5917,51.4535,64,machine,0,0,0,0,N,1.0,0.0
2026-09-27T07:22:32,efficientnet_lite0_batch19_node_2_evaluate,ffec6eca-1c4c-4309-9b0c-668554c9454e,5b0fa12a-3dd7-45bb-9766-cc326314d9f1,6.162949207238853,2.2515176035511126e-05,3.653311958025768e-06,22.5293125078125,33.59402226718577,20.0,1.9545526786390998e-05,5.7952546370643176e-05,1.726715602239387e-05,9.476522917942803e-05,0.0,United Kingdom,GBR,england,,,Linux-6.4.0-150700.53.73-default-x86_64-with-glibc2.38,3.12.12,3.3.0,8,AMD EPYC 7543P 32-Core Processor,1,1 x NVIDIA A100-SXM4-40GB,-2.5917,51.4535,64,machine,0.0,7.0,4.2,10.5161501566569,N,1.0,0.0
2026-09-27T07:22:36,efficientnet_lite0_batch19_node_3_local_train,45c0f94d-0f9f-46f2-846c-90c602262700,5b0fa12a-3dd7-45bb-9766-cc326314d9f1,4.124786225147545,8.370070283101356e-06,2.0292131097780603e-06,22.532783636250002,38.17761208152879,20.0,6.752059881104863e-06,2.2555018020398165e-05,5.9221216115272706e-06,3.52291995130303e-05,0.0,United Kingdom,GBR,england,,,Linux-6.4.0-150700.53.73-default-x86_64-with-glibc2.38,3.12.12,3.3.0,8,AMD EPYC 7543P 32-Core Processor,1,1 x NVIDIA A100-SXM4-40GB,-2.5917,51.4535,64,machine,0.0,36.0,4.2,10.535511016845703,N,1.0,0.0
2026-09-27T07:22:45,efficientnet_lite0_batch19_node_3_evaluate,06d0d6ee-d74c-4b19-a290-28631ed7f81d,5b0fa12a-3dd7-45bb-9766-cc326314d9f1,8.975810904055834,4.1402371871840444e-05,4.612660885395018e-06,22.5727889625,31.721568216316243,20.0,3.726551755998616e-05,0.00010414424998828054,3.2850706934308014e-05,0.0001742604744825747,0.0,United Kingdom,GBR,england,,,Linux-6.4.0-150700.53.73-default-x86_64-with-glibc2.38,3.12.12,3.3.0,8,AMD EPYC 7543P 32-Core Processor,1,1 x NVIDIA A100-SXM4-40GB,-2.5917,51.4535,64,machine,13.319999999999999,4.0,4.18,10.488550567626953,N,1.0,0.0
2026-09-27T07:22:49,efficientnet_lite0_batch19_node_0_knowledge_extraction,ec650bf0-6712-4c3a-b2ac-43049f1b91ca,5b0fa12a-3dd7-45bb-9766-cc326314d9f1,3.929632321000099,6.452652088806062e-06,1.6420498310548936e-06,22.61390513625,34.811136268480034,20.0,5.562301465712552e-06,1.6762235631517797e-05,4.834346894899176e-06,2.7158883992129527e-05,0.0,United Kingdom,GBR,england,,,Linux-6.4.0-150700.53.73-default-x86_64-with-glibc2.38,3.12.12,3.3.0,8,AMD EPYC 7543P 32-Core Processor,1,1 x NVIDIA A100-SXM4-40GB,-2.5917,51.4535,64,machine,0,0,0,0,N,1.0,0.0
2026-09-27T07:22:52,efficientnet_lite0_batch19_node_2_knowledge_extraction,da7988a4-c862-4e60-8840-c93ec648d049,5b0fa12a-3dd7-45bb-9766-cc326314d9f1,3.221283006016165,8.872958280281567e-07,2.754479585838985e-07,22.624035603750002,19.180072169458917,20.0,1.1043409111687644e-06,1.7194458195035622e-06,9.10796217309932e-07,3.7345829479822582e-06,0.0,United Kingdom,GBR,england,,,Linux-6.4.0-150700.53.73-default-x86_64-with-glibc2.38,3.12.12,3.3.0,8,AMD EPYC 7543P 32-Core Processor,1,1 x NVIDIA A100-SXM4-40GB,-2.5917,51.4535,64,machine,0,0,0,0,N,1.0,0.0
2026-09-27T07:22:56,efficientnet_lite0_batch19_node_3_knowledge_extraction,8af5b031-d135-4f69-be37-b9bd47aafdc4,5b0fa12a-3dd7-45bb-9766-cc326314d9f1,3.5404993891716003,3.588406688200582e-06,1.0135312264635613e-06,22.634763851250007,34.77474771402303,20.0,3.130578439763266e-06,9.28361853880233e-06,2.6892240055733254e-06,1.5103420984138921e-05,0.0,United Kingdom,GBR,england,,,Linux-6.4.0-150700.53.73-default-x86_64-with-glibc2.38,3.12.12,3.3.0,8,AMD EPYC 7543P 32-Core Processor,1,1 x NVIDIA A100-SXM4-40GB,-2.5917,51.4535,64,machine,0,0,0,0,N,1.0,0.0
2026-09-27T07:23:04,mobilevit_xxs_batch19_node_0_local_train,8db1c204-86a2-4b5d-a581-484e7b963755,5b0fa12a-3dd7-45bb-9766-cc326314d9f1,6.5714152180589736,2.6663274696516705e-05,4.057463090027105e-06,22.524882491250004,36.20645133594262,20.0,2.208332197144005e-05,7.062144537428594e-05,1.9519597824869887e-05,0.00011222436517059588,0.0,United Kingdom,GBR,england,,,Linux-6.4.0-150700.53.73-default-x86_64-with-glibc2.38,3.12.12,3.3.0,8,AMD EPYC 7543P 32-Core Processor,1,1 x NVIDIA A100-SXM4-40GB,-2.5917,51.4535,64,machine,0.0,18.333333333333332,4.2,10.510604858398438,N,1.0,0.0
2026-09-27T07:23:14,mobilevit_xxs_batch19_node_0_evaluate,7f528dfc-454a-43e6-be80-9507a453b0b5,5b0fa12a-3dd7-45bb-9766-cc326314d9f1,9.248771992977709,4.289010427758677e-05,4.637383677546796e-06,22.586416426607144,376.69238005256307,20.0,3.903860218653276e-05,0.00010711175235655901,3.4371909861349396e-05,0.00018052226440444118,0.0,United Kingdom,GBR,england,,,Linux-6.4.0-150700.53.73-default-x86_64-with-glibc2.38,3.12.12,3.3.0,8,AMD EPYC 7543P 32-Core Processor,1,1 x NVIDIA A100-SXM4-40GB,-2.5917,51.4535,64,machine,10.0,5.833333333333333,4.2,10.489014943440756,N,1.0,0.0
2026-09-27T07:23:23,mobilevit_xxs_batch19_node_1_local_train,deda568c-695f-4341-988a-409787fc86c4,5b0fa12a-3dd7-45bb-9766-cc326314d9f1,8.959285298362374,4.5339936498457376e-05,5.060664437903864e-06,22.536527220000004,36.96462925165682,20.0,3.704230488373812e-05,0.00012103259682305634,3.275858173922947e-05,0.00019083348344602392,0.0,United Kingdom,GBR,england,,,Linux-6.4.0-150700.53.73-default-x86_64-with-glibc2.38,3.12.12,3.3.0,8,AMD EPYC 7543P 32-Core Processor,1,1 x NVIDIA A100-SXM4-40GB,-2.5917,51.4535,64,machine,0.0,26.4,4.2,10.479414367675782,N,1.0,0.0
2026-09-27T07:23:29,mobilevit_xxs_batch19_node_1_evaluate,4597f92a-ac85-4679-b903-6d56930ee3b4,5b0fa12a-3dd7-45bb-9766-cc326314d9f1,6.622718610800803,2.5154960082343694e-05,3.7982830859398416e-06,22.5321068559375,32.16229920543249,20.0,2.242032004877979e-05,6.364893980048691e-05,1.9806685932498013e-05,0.00010587594578176471,0.0,United Kingdom,GBR,england,,,Linux-6.4.0-150700.53.73-default-x86_64-with-glibc2.38,3.12.12,3.3.0,8,AMD EPYC 7543P 32-Core Processor,1,1 x NVIDIA A100-SXM4-40GB,-2.5917,51.4535,64,machine,0.0,14.333333333333334,4.2,10.468711853027344,N,1.0,0.0
2026-09-27T07:23:33,mobilevit_xxs_batch19_node_2_local_train,9bf7c563-6c8b-47fa-84d1-7ad910f34790,5b0fa12a-3dd7-45bb-9766-cc326314d9f1,3.354189165867865,2.188397984000798e-06,6.524372585392244e-07,22.537791461250002,36.312009457850706,20.0,1.8793936619426125e-06,5.737226800306416e-06,1.5942351918460595e-06,9.210855654095088e-06,0.0,United Kingdom,GBR,england,,,Linux-6.4.0-150700.53.73-default-x86_64-with-glibc2.38,3.12.12,3.3.0,8,AMD EPYC 7543P 32-Core Processor,1,1 x NVIDIA A100-SXM4-40GB,-2.5917,51.4535,64,machine,0,0,0,0,N,1.0,0.0
2026-09-27T07:23:39,mobilevit_xxs_batch19_node_2_evaluate,955ebdf9-e506-450e-aebc-636452e44652,5b0fa12a-3dd7-45bb-9766-cc326314d9f1,6.350681944284588,2.3423359429240554e-05,3.6883219211317667e-06,22.525401929062504,32.69426688211982,20.0,2.066266442632376e-05,5.966226994758017e-05,1.8262792453687224e-05,9.858772682759115e-05,0.0,United Kingdom,GBR,england,,,Linux-6.4.0-150700.53.73-default-x86_64-with-glibc2.38,3.12.12,3.3.0,8,AMD EPYC 7543P 32-Core Processor,1,1 x NVIDIA A100-SXM4-40GB,-2.5917,51.4535,64,machine,0.0,8.333333333333334,4.2,10.486212412516275,N,1.0,0.0
2026-09-27T07:23:44,mobilevit_xxs_batch19_node_3_local_train,e3626c02-b921-452b-b94e-e5f42661dc3e,5b0fa12a-3dd7-45bb-9766-cc326314d9f1,4.698393600992858,1.2543556347307775e-05,2.66975426338421e-06,22.532569948125,36.665330738396094,20.0,1.0347758749278848e-05,3.33400266612216e-05,9.107404380726317e-06,5.2795189791226767e-05,0.0,United Kingdom,GBR,england,,,Linux-6.4.0-150700.53.73-default-x86_64-with-glibc2.38,3.12.12,3.3.0,8,AMD EPYC 7543P 32-Core Processor,1,1 x NVIDIA A100-SXM4-40GB,-2.5917,51.4535,64,machine,0.0,22.0,4.2,10.528579711914062,N,1.0,0.0
2026-09-27T07:23:50,mobilevit_xxs_batch19_node_3_evaluate,87abecde-eb0b-456c-9157-97b5386af973,5b0fa12a-3dd7-45bb-9766-cc326314d9f1,6.446599257178605,2.4233613556762342e-05,3.759131379196097e-06,22.5289048246875,32.863001656277305,20.0,2.1313724880704053e-05,6.18494939175207e-05,1.883482638384319e-05,0.00010199804518206795,0.0,United Kingdom,GBR,england,,,Linux-6.4.0-150700.53.73-default-x86_64-with-glibc2.38,3.12.12,3.3.0,8,AMD EPYC 7543P 32-Core Processor,1,1 x NVIDIA A100-SXM4-40GB,-2.5917,51.4535,64,machine,0.0,6.666666666666667,4.2,10.50558853149414,N,1.0,0.0
2026-09-27T07:23:55,mobilevit_xxs_batch19_node_1_knowledge_extraction,34c8e890-c318-40ac-b4e1-879f5fa6ba79,5b0fa12a-3dd7-45bb-9766-cc326314d9f1,4.71556974388659,1.1399995900093177e-05,2.417522488109201e-06,22.553189308125,30.915494141872742,20.0,1.0459382901809712e-05,2.8335856001149295e-05,9.186763210325606e-06,4.7982002113284613e-05,0.0,United Kingdom,GBR,england,,,Linux-6.4.0-150700.53.73-default-x86_64-with-glibc2.38,3.12.12,3.3.0,8,AMD EPYC 7543P 32-Core Processor,1,1 x NVIDIA A100-SXM4-40GB,-2.5917,51.4535,64,machine,0.0,10.0,4.2,10.49856185913086,N,1.0,0.0
2026-09-27T07:23:58,mobilevit_xxs_batch19_node_2_knowledge_extraction,1e65da25-e2bd-40ad-9ab7-6614458e77a1,5b0fa12a-3dd7-45bb-9766-cc326314d9f1,3.2358339549973607,1.3398809753551264e-06,4.140759365250617e-07,22.61389258125,35.929302089649745,20.0,1.194133724666811e-06,3.4663916750332646e-06,9.789653820917011e-07,5.639490781791777e-06,0.0,United Kingdom,GBR,england,,,Linux-6.4.0-150700.53.73-default-x86_64-with-glibc2.38,3.12.12,3.3.0,8,AMD EPYC 7543P 32-Core Processor,1,1 x NVIDIA A100-SXM4-40GB,-2.5917,51.4535,64,machine,0,0,0,0,N,1.0,0.0
2026-09-27T07:24:04,mobilevit_xxs_batch19_node_0_distill,79506f56-f4a1-444e-bad4-61e91bd044ba,5b0fa12a-3dd7-45bb-9766-cc326314d9f1,5.594677349086851,1.932449848448085e-05,3.454086317888367e-06,22.51707588,36.461148817338724,20.0,1.5948761352516473e-05,5.1302263273100834e-05,1.4084805250685248e-05,8.133582987630256e-05,0.0,United Kingdom,GBR,england,,,Linux-6.4.0-150700.53.73-default-x86_64-with-glibc2.38,3.12.12,3.3.0,8,AMD EPYC 7543P 32-Core Processor,1,1 x NVIDIA A100-SXM4-40GB,-2.5917,51.4535,64,machine,0.0,28.5,4.2,10.514944076538086,N,1.0,0.0
2026-09-27T07:24:11,mobilevit_xxs_batch19_node_0_evaluate,049b00f2-558e-46be-877b-9e522a8bd15f,5b0fa12a-3dd7-45bb-9766-cc326314d9f1,6.590070930309594,2.4827446330846547e-05,3.7674019890526707e-06,22.528995443437502,31.929746301387237,20.0,2.2220758098103062e-05,6.263921679305895e-05,1.9637482191642953e-05,0.00010449745708280495,0.0,United Kingdom,GBR,england,,,Linux-6.4.0-150700.53.73-default-x86_64-with-glibc2.38,3.12.12,3.3.0,8,AMD EPYC 7543P 32-Core Processor,1,1 x NVIDIA A100-SXM4-40GB,-2.5917,51.4535,64,machine,0.0,13.333333333333334,4.2,10.494379679361979,N,1.0,0.0
2026-09-27T07:24:38,mobilenet_v3_small_batch20_node_0_local_train,914e4bad-bf23-4376-a5fe-fc40b30bb994,5b0fa12a-3dd7-45bb-9766-cc326314d9f1,11.734999736770988,5.9021500628560427e-05,5.029527222196669e-06,22.557219592499997,30.424215264747364,20.0,5.452208208234018e-05,0.00014570706100869302,4.8189346942429744e-05,0.00024841849003346295,0.0,United Kingdom,GBR,england,,,Linux-6.4.0-150700.53.73-default-x86_64-with-glibc2.38,3.12.12,3.3.0,8,AMD EPYC 7543P 32-Core Processor,1,1 x NVIDIA A100-SXM4-40GB,-2.5917,51.4535,64,machine,6.25,2.125,4.0,10.14233112335205,N,1.0,0.0
2026-09-27T07:24:54,mobilenet_v3_small_batch20_node_0_evaluate,b8f79851-b120-42dd-ba88-9cb95935a9b7,5b0fa12a-3dd7-45bb-9766-cc326314d9f1,15.615693069063127,8.470966400413517e-05,5.4246496540045905e-06,22.65304510730769,29.707498109078642,20.0,7.961742266302821e-05,0.00020716377684948384,6.975746180655228e-05,0.00035653866131906434,0.0,United Kingdom,GBR,england,,,Linux-6.4.0-150700.53.73-default-x86_64-with-glibc2.38,3.12.12,3.3.0,8,AMD EPYC 7543P 32-Core Processor,1,1 x NVIDIA A100-SXM4-40GB,-2.5917,51.4535,64,machine,4.166666666666667,0.75,4.016666666666667,10.168119430541992,N,1.0,0.0
2026-09-27T07:25:07,mobilenet_v3_small_batch20_node_1_local_train,ca058d5f-4364-40e6-9837-7375fde0f870,5b0fa12a-3dd7-45bb-9766-cc326314d9f1,13.248459815047681,7.035658438924818e-05,5.310548197409086e-06,22.557347567386365,30.994547784381748,20.0,6.408946711883732e-05,0.00017542486254740197,5.6612950591887865e-05,0.0002961272802581272,0.0,United Kingdom,GBR,england,,,Linux-6.4.0-150700.53.73-default-x86_64-with-glibc2.38,3.12.12,3.3.0,8,AMD EPYC 7543P 32-Core Processor,1,1 x NVIDIA A100-SXM4-40GB,-2.5917,51.4535,64,machine,3.3299999999999996,4.3,4.1,10.215865325927734,N,1.0,0.0
2026-09-27T07:25:15,mobilenet_v3_small_batch20_node_1_evaluate,0cf12a42-3211-4851-b878-7619797b7e9c,5b0fa12a-3dd7-45bb-9766-cc326314d9f1,7.151597722899169,2.7903631208066925e-05,3.901733890696964e-06,22.54175936775,383.8210546416928,20.0,2.5732450094516586e-05,6.898561075274756e-05,2.2726901705997686e-05,0.00011744496255326184,0.0,United Kingdom,GBR,england,,,Linux-6.4.0-150700.53.73-default-x86_64-with-glibc2.38,3.12.12,3.3.0,8,AMD EPYC 7543P 32-Core Processor,1,1 x NVIDIA A100-SXM4-40GB,-2.5917,51.4535,64,machine,25.0,2.75,4.05,10.214823722839355,N,1.0,0.0
2026-09-27T07:25:18,mobilenet_v3_small_batch20_node_2_local_train,5167354c-5fe9-4485-9573-20c28822dc27,5b0fa12a-3dd7-45bb-9766-cc326314d9f1,3.5093373297713697,2.8922052362507035e-06,8.241456903315499e-07,22.516845570000005,26.84527924695891,20.0,2.912697101613086e-06,6.7366720628569965e-06,2.5237753676871457e-06,1.2173144532157229e-05,0.0,United Kingdom,GBR,england,,,Linux-6.4.0-150700.53.73-default-x86_64-with-glibc2.38,3.12.12,3.3.0,8,AMD EPYC 7543P 32-Core Processor,1,1 x NVIDIA A100-SXM4-40GB,-2.5917,51.4535,64,machine,0,0,0,0,N,1.0,0.0
2026-09-27T07:25:24,mobilenet_v3_small_batch20_node_2_evaluate,0d72f7b3-09aa-415c-99b1-5719ffb11c58,5b0fa12a-3dd7-45bb-9766-cc326314d9f1,6.104552487842739,2.101551781831624e-05,3.442597612219536e-06,22.5309025378125,31.015327152504053,20.0,1.9145858033614805e-05,5.239865302542057e-05,1.6908733065550524e-05,8.84532441245859e-05,0.0,United Kingdom,GBR,england,,,Linux-6.4.0-150700.53.73-default-x86_64-with-glibc2.38,3.12.12,3.3.0,8,AMD EPYC 7543P 32-Core Processor,1,1 x NVIDIA A100-SXM4-40GB,-2.5917,51.4535,64,machine,0.0,2.3333333333333335,4.066666666666666,10.235432942708334,N,1.0,0.0
2026-09-27T07:25:31,mobilenet_v3_small_batch20_node_3_local_train,a3777275-5cfb-4cdd-8fe0-3c9e18fca52a,5b0fa12a-3dd7-45bb-9766-cc326314d9f1,6.304990217089653,2.262369516023389e-05,3.5882205017404228e-06,22.535804733750002,325.20627813455343,20.0,2.0451677413775225e-05,5.670921203204671e-05,1.80610912024147e-05,9.522198064823662e-05,0.0,United Kingdom,GBR,england,,,Linux-6.4.0-150700.53.73-default-x86_64-with-glibc2.38,3.12.12,3.3.0,8,AMD EPYC 7543P 32-Core Processor,1,1 x NVIDIA A100-SXM4-40GB,-2.5917,51.4535,64,machine,0.0,4.0,4.1,10.216559092203775,N,1.0,0.0
2026-09-27T07:25:41,mobilenet_v3_small_batch20_node_3_evaluate,6489214a-1cba-40a5-bf05-b76d5e52020d,5b0fa12a-3dd7-45bb-9766-cc326314d9f1,9.891822471283376,4.62269471032826e-05,4.6732487605274485e-06,22.582865458928573,29.925496385689698,20.0,4.3082005937809406e-05,0.00011353231305122335,3.795254691503942e-05,0.00019456686590407218,0.0,United Kingdom,GBR,england,,,Linux-6.4.0-150700.53.73-default-x86_64-with-glibc2.38,3.12.12,3.3.0,8,AMD EPYC 7543P 32-Core Processor,1,1 x NVIDIA A100-SXM4-40GB,-2.5917,51.4535,64,machine,0.0,1.8333333333333333,4.05,10.189239501953125,N,1.0,0.0
2026-09-27T07:25:44,mobilenet_v3_small_batch20_node_2_knowledge_extraction,02621a95-70a6-45f5-bca8-45e009f39151,5b0fa12a-3dd7-45bb-9766-cc326314d9f1,3.6158999260514975,3.5660160538133375e-06,9.862042995496746e-07,22.533261536250002,27.122410331397326,20.0,3.5609707751734074e-06,8.353895580626158e-06,3.0943135886142652e-06,1.5009179944413831e-05,0.0,United Kingdom,GBR,england,,,Linux-6.4.0-150700.53.73-default-x86_64-with-glibc2.38,3.12.12,3.3.0,8,AMD EPYC 7543P 32-Core Processor,1,1 x NVIDIA A100-SXM4-40GB,-2.5917,51.4535,64,machine,0,0,0,0,N,1.0,0.0
2026-09-27T07:25:48,mobilenet_v3_small_batch20_node_3_knowledge_extraction,d50b1c93-ccdc-4e4f-8cae-2a0c69758792,5b0fa12a-3dd7-45bb-9766-cc326314d9f1,3.6227422868832946,3.5922372939429007e-06,9.915795851527056e-07,22.658141970000003,26.837840015681454,20.0,3.6403632572151086e-06,8.352506682740568e-06,3.1266738686503635e-06,1.5119543808606041e-05,0.0,United Kingdom,GBR,england,,,Linux-6.4.0-150700.53.73-default-x86_64-with-glibc2.38,3.12.12,3.3.0,8,AMD EPYC 7543P 32-Core Processor,1,1 x NVIDIA A100-SXM4-40GB,-2.5917,51.4535,64,machine,0,0,0,0,N,1.0,0.0
2026-09-27T07:25:57,mobilenet_v3_small_batch20_node_0_distill,3590d0d0-e786-460c-bde6-4127846d94a1,5b0fa12a-3dd7-45bb-9766-cc326314d9f1,9.264817708171904,4.2124939501613935e-05,4.54676398699763e-06,22.585432160892857,30.090427828076756,20.0,3.9147362763351825e-05,0.0001036817496213871,3.447261244938192e-05,0.00017730172483412083,0.0,United Kingdom,GBR,england,,,Linux-6.4.0-150700.53.73-default-x86_64-with-glibc2.38,3.12.12,3.3.0,8,AMD EPYC 7543P 32-Core Processor,1,1 x NVIDIA A100-SXM4-40GB,-2.5917,51.4535,64,machine,0.0,4.333333333333333,4.1,10.404942830403646,N,1.0,0.0
2026-09-27T07:26:05,mobilenet_v3_small_batch20_node_1_distill,81fed135-dfd6-4b56-b3a2-0087b17145d6,5b0fa12a-3dd7-45bb-9766-cc326314d9f1,7.78481519408524,3.3440511624842296e-05,4.295607640146652e-06,22.5439019595,32.31223180750631,20.0,2.971753667752208e-05,8.478006783718683e-05,2.6251805705639227e-05,0.00014074941022034816,0.0,United Kingdom,GBR,england,,,Linux-6.4.0-150700.53.73-default-x86_64-with-glibc2.38,3.12.12,3.3.0,8,AMD EPYC 7543P 32-Core Processor,1,1 x NVIDIA A100-SXM4-40GB,-2.5917,51.4535,64,machine,0.0,10.25,4.1,10.400182723999023,N,1.0,0.0
2026-09-27T07:26:13,mobilenet_v3_small_batch20_node_0_evaluate,f8dbf446-cdae-401a-996b-647a546cf2cd,5b0fa12a-3dd7-45bb-9766-cc326314d9f1,7.8230410581454635,3.2521388370066354e-05,4.157128682867465e-06,22.549013302500004,30.45236016676767,20.0,2.994941363254908e-05,8.048673106486604e-05,2.6444722556819518e-05,0.00013688086725423463,0.0,United Kingdom,GBR,england,,,Linux-6.4.0-150700.53.73-default-x86_64-with-glibc2.38,3.12.12,3.3.0,8,AMD EPYC 7543P 32-Core Processor,1,1 x NVIDIA A100-SXM4-40GB,-2.5917,51.4535,64,machine,0.0,2.5,4.1,10.396707534790039,N,1.0,0.0
2026-09-27T07:26:21,mobilenet_v3_small_batch20_node_1_evaluate,39e9c7ea-1f5a-480f-b09f-0a1a0d1f76f2,5b0fa12a-3dd7-45bb-9766-cc326314d9f1,7.932703454978764,3.283618749566403e-05,4.1393438796776415e-06,22.553143128000002,29.709416983577118,20.0,3.06878445364509e-05,8.043117547629208e-05,2.708682072762814e-05,0.00013820584074037112,0.0,United Kingdom,GBR,england,,,Linux-6.4.0-150700.53.73-default-x86_64-with-glibc2.38,3.12.12,3.3.0,8,AMD EPYC 7543P 32-Core Processor,1,1 x NVIDIA A100-SXM4-40GB,-2.5917,51.4535,64,machine,0.0,3.5,4.1,10.394247055053711,N,1.0,0.0
2026-09-27T07:26:33,efficientnet_lite0_batch20_node_0_local_train,5b4f09bd-576d-4c45-87df-1922b9f978e2,5b0fa12a-3dd7-45bb-9766-cc326314d9f1,9.614107948727906,4.677910646140693e-05,4.86567310361816e-06,22.58719446053572,32.72456949870327,20.0,4.1357098466112384e-05,0.00011911898418759392,3.6414793865858685e-05,0.000196890876519565,0.0,United Kingdom,GBR,england,,,Linux-6.4.0-150700.53.73-default-x86_64-with-glibc2.38,3.12.12,3.3.0,8,AMD EPYC 7543P 32-Core Processor,1,1 x NVIDIA A100-SXM4-40GB,-2.5917,51.4535,64,machine,0.0,5.5,4.133333333333333,10.436164855957031,N,1.0,0.0
2026-09-27T07:26:41,efficientnet_lite0_batch20_node_0_evaluate,bfa33523-73ca-4f52-bff1-3e2117095368,5b0fa12a-3dd7-45bb-9766-cc326314d9f1,8.42765683028847,3.798676242748457e-05,4.507393121533203e-06,22.5758518425,32.36147569297889,20.0,3.379923456199375e-05,9.631007705479533e-05,2.977503667999473e-05,0.0001598843482967838,0.0,United Kingdom,GBR,england,,,Linux-6.4.0-150700.53.73-default-x86_64-with-glibc2.38,3.12.12,3.3.0,8,AMD EPYC 7543P 32-Core Processor,1,1 x NVIDIA A100-SXM4-40GB,-2.5917,51.4535,64,machine,6.659999999999999,3.6,4.1,10.401078033447266,N,1.0,0.0
2026-09-27T07:26:48,efficientnet_lite0_batch20_node_1_local_train,42ce34d2-de2d-4f55-9f45-6c028cfd05ef,5b0fa12a-3dd7-45bb-9766-cc326314d9f1,7.140436136163771,3.293519380701447e-05,4.612490494832581e-06,22.53004445925,388.97879780170126,20.0,2.566830787462642e-05,9.027590554921971e-05,2.2678339838360745e-05,0.00013862255326220688,0.0,United Kingdom,GBR,england,,,Linux-6.4.0-150700.53.73-default-x86_64-with-glibc2.38,3.12.12,3.3.0,8,AMD EPYC 7543P 32-Core Processor,1,1 x NVIDIA A100-SXM4-40GB,-2.5917,51.4535,64,machine,0.0,21.25,4.15,10.43448257446289,N,1.0,0.0
2026-09-27T07:26:55,efficientnet_lite0_batch20_node_1_evaluate,6242cb0c-3185-49ee-ba51-ba60a0fccc77,5b0fa12a-3dd7-45bb-9766-cc326314d9f1,6.39965895190835,2.402308513953666e-05,3.7538070887938616e-06,22.5273025434375,33.230887897584,20.0,2.0983734707466085e-05,6.158227149910545e-05,1.8545935590130586e-05,0.00010111194179670212,0.0,United Kingdom,GBR,england,,,Linux-6.4.0-150700.53.73-default-x86_64-with-glibc2.38,3.12.12,3.3.0,8,AMD EPYC 7543P 32-Core Processor,1,1 x NVIDIA A100-SXM4-40GB,-2.5917,51.4535,64,machine,0.0,9.666666666666666,4.1,10.407605489095053,N,1.0,0.0
2026-09-27T07:26:58,efficientnet_lite0_batch20_node_2_local_train,271a5692-9e62-4da9-946b-8746fa8e6c11,5b0fa12a-3dd7-45bb-9766-cc326314d9f1,3.2471543471328914,1.4522944608403599e-06,4.472514409802165e-07,22.5332616375,36.69181800305862,20.0,1.2600471422193747e-06,3.80222525109275e-06,1.0503610233879753e-06,6.1126334167001e-06,0.0,United Kingdom,GBR,england,,,Linux-6.4.0-150700.53.73-default-x86_64-with-glibc2.38,3.12.12,3.3.0,8,AMD EPYC 7543P 32-Core Processor,1,1 x NVIDIA A100-SXM4-40GB,-2.5917,51.4535,64,machine,0,0,0,0,N,1.0,0.0
2026-09-27T07:27:04,efficientnet_lite0_batch20_node_2_evaluate,c0a2bd96-8da1-4d89-97ca-aaaf44398643,5b0fa12a-3dd7-45bb-9766-cc326314d9f1,6.189132810104638,2.261492073165441e-05,3.6539724425903962e-06,22.523583656250004,33.498156953530504,20.0,1.9660577272547152e-05,5.814671318660203e-05,1.7377759066099923e-05,9.51850495252491e-05,0.0,United Kingdom,GBR,england,,,Linux-6.4.0-150700.53.73-default-x86_64-with-glibc2.38,3.12.12,3.3.0,8,AMD EPYC 7543P 32-Core Processor,1,1 x NVIDIA A100-SXM4-40GB,-2.5917,51.4535,64,machine,0.0,6.333333333333333,4.133333333333333,10.447697957356771,N,1.0,0.0
2026-09-27T07:27:08,efficientnet_lite0_batch20_node_3_local_train,b293a6b4-529d-41ad-a4ea-38faadb1c2a4,5b0fa12a-3dd7-45bb-9766-cc326314d9f1,4.137338174972683,9.104890201812058e-06,2.2006637641778394e-06,22.534370983125,42.51390643266145,20.0,6.84498622771168e-06,2.5471409273336576e-05,6.005623623625272e-06,3.832201912467353e-05,0.0,United Kingdom,GBR,england,,,Linux-6.4.0-150700.53.73-default-x86_64-with-glibc2.38,3.12.12,3.3.0,8,AMD EPYC 7543P 32-Core Processor,1,1 x NVIDIA A100-SXM4-40GB,-2.5917,51.4535,64,machine,0.0,26.0,4.2,10.441402435302734,N,1.0,0.0
2026-09-27T07:27:18,efficientnet_lite0_batch20_node_3_evaluate,91310686-f442-4cc6-a1e6-bcda74bfea4d,5b0fa12a-3dd7-45bb-9766-cc326314d9f1,9.54459453606978,4.4939087212493945e-05,4.708328577255489e-06,22.598916201964286,31.11852106010306,20.0,4.097898057554354e-05,0.00011212231191848332,3.60450367236303e-05,0.00018914632921765716,0.0,United Kingdom,GBR,england,,,Linux-6.4.0-150700.53.73-default-x86_64-with-glibc2.38,3.12.12,3.3.0,8,AMD EPYC 7543P 32-Core Processor,1,1 x NVIDIA A100-SXM4-40GB,-2.5917,51.4535,64,machine,0.0,4.0,4.133333333333333,10.438294092814127,N,1.0,0.0
2026-09-27T07:27:22,efficientnet_lite0_batch20_node_0_knowledge_extraction,900c8078-5714-425b-bf84-cd89b60d2ba7,5b0fa12a-3dd7-45bb-9766-cc326314d9f1,4.199745268095285,8.411204529129882e-06,2.0027892151050927e-06,22.531518821250003,34.48610845186003,20.0,7.2336807695238855e-06,2.1820017451545937e-05,6.3486332384248575e-06,3.540233145949468e-05,0.0,United Kingdom,GBR,england,,,Linux-6.4.0-150700.53.73-default-x86_64-with-glibc2.38,3.12.12,3.3.0,8,AMD EPYC 7543P 32-Core Processor,1,1 x NVIDIA A100-SXM4-40GB,-2.5917,51.4535,64,machine,33.3,8.0,4.1,10.395225524902344,N,1.0,0.0
2026-09-27T07:27:27,efficientnet_lite0_batch20_node_1_knowledge_extraction,e58fb7ec-b3db-4d72-bfee-4d4fd9d70ea1,5b0fa12a-3dd7-45bb-9766-cc326314d9f1,4.753463910892606,1.2188798339324416e-05,2.564192884980924e-06,22.544639302500002,383.468262594783,20.0,1.0709001183573806e-05,3.1183636053810915e-05,9.409394166949723e-06,5.1302031404334446e-05,0.0,United Kingdom,GBR,england,,,Linux-6.4.0-150700.53.73-default-x86_64-with-glibc2.38,3.12.12,3.3.0,8,AMD EPYC 7543P 32-Core Processor,1,1 x NVIDIA A100-SXM4-40GB,-2.5917,51.4535,64,machine,0.0,8.0,4.1,10.412578582763672,N,1.0,0.0
2026-09-27T07:27:30,efficientnet_lite0_batch20_node_2_knowledge_extraction,0bd229f0-7e51-4f3a-ba11-1516573001e0,5b0fa12a-3dd7-45bb-9766-cc326314d9f1,3.265981297940016,1.8734183277625721e-06,5.736157549169714e-07,22.6621634175,46.75757603790342,20.0,1.3941305718666972e-06,5.335559833952175e-06,1.1554319178685546e-06,7.885122323687427e-06,0.0,United Kingdom,GBR,england,,,Linux-6.4.0-150700.53.73-default-x86_64-with-glibc2.38,3.12.12,3.3.0,8,AMD EPYC 7543P 32-Core Processor,1,1 x NVIDIA A100-SXM4-40GB,-2.5917,51.4535,64,machine,0,0,0,0,N,1.0,0.0
2026-09-27T07:27:42,mobilevit_xxs_batch20_node_0_local_train,fc965d8a-0831-4619-bf64-a6f9c47eed90,5b0fa12a-3dd7-45bb-9766-cc326314d9f1,9.375205582939088,4.555781751187739e-05,4.85939397369409e-06,22.565423974821428,33.29998869448183,20.0,3.980528220257384e-05,0.00011684287123614467,3.510238009556714e-05,0.00019175053353428565,0.0,United Kingdom,GBR,england,,,Linux-6.4.0-150700.53.73-default-x86_64-with-glibc2.38,3.12.12,3.3.0,8,AMD EPYC 7543P 32-Core Processor,1,1 x NVIDIA A100-SXM4-40GB,-2.5917,51.4535,64,machine,0.0,17.666666666666668,4.2,10.497449239095053,N,1.0,0.0
2026-09-27T07:27:48,mobilevit_xxs_batch20_node_0_evaluate,d412e2b1-e094-43b0-84a3-120c156ec72d,5b0fa12a-3dd7-45bb-9766-cc326314d9f1,6.490949267055839,2.4746698219368725e-05,3.812492934580171e-06,22.525695022500003,33.40507135933233,20.0,2.154624736265279e-05,6.356782863292665e-05,1.904351639871796e-05,0.0001041575923942974,0.0,United Kingdom,GBR,england,,,Linux-6.4.0-150700.53.73-default-x86_64-with-glibc2.38,3.12.12,3.3.0,8,AMD EPYC 7543P 32-Core Processor,1,1 x NVIDIA A100-SXM4-40GB,-2.5917,51.4535,64,machine,0.0,13.666666666666666,4.166666666666667,10.444831848144531,N,1.0,0.0
2026-09-27T07:27:58,mobilevit_xxs_batch20_node_1_local_train,71f5fdd9-cfa5-44a2-b1e7-1602ae73d42b,5b0fa12a-3dd7-45bb-9766-cc326314d9f1,9.32733658188954,4.808222370836064e-05,5.1549789466930655e-06,22.534151827500004,36.81673119029786,20.0,3.9372708736491026e-05,0.0001281745469867701,3.482837491772241e-05,0.00020237563064098355,0.0,United Kingdom,GBR,england,,,Linux-6.4.0-150700.53.73-default-x86_64-with-glibc2.38,3.12.12,3.3.0,8,AMD EPYC 7543P 32-Core Processor,1,1 x NVIDIA A100-SXM4-40GB,-2.5917,51.4535,64,machine,0.0,22.5,4.2,10.476765950520834,N,1.0,0.0
2026-09-27T07:28:04,mobilevit_xxs_batch20_node_1_evaluate,b25896ed-7122-444c-a589-5bdf6ed82236,5b0fa12a-3dd7-45bb-9766-cc326314d9f1,6.581915950868279,2.499368282534965e-05,3.797326342651415e-06,22.5304335225,32.4496341746618,20.0,2.2150024975872095e-05,6.347255076377678e-05,1.9574562281680607e-05,0.00010519713802132949,0.0,United Kingdom,GBR,england,,,Linux-6.4.0-150700.53.73-default-x86_64-with-glibc2.38,3.12.12,3.3.0,8,AMD EPYC 7543P 32-Core Processor,1,1 x NVIDIA A100-SXM4-40GB,-2.5917,51.4535,64,machine,0.0,13.333333333333334,4.166666666666667,10.461055755615234,N,1.0,0.0
2026-09-27T07:28:08,mobilevit_xxs_batch20_node_2_local_train,c1886f18-f398-4845-b9e2-d4758da8786e,5b0fa12a-3dd7-45bb-9766-cc326314d9f1,3.3571414439938962,2.1813140320411796e-06,6.497533894330446e-07,22.533261536250002,34.68147785803279,20.0,1.9187044671093657e-06,5.625837843581394e-06,1.636497350409627e-06,9.181039661100387e-06,0.0,United Kingdom,GBR,england,,,Linux-6.4.0-150700.53.73-default-x86_64-with-glibc2.38,3.12.12,3.3.0,8,AMD EPYC 7543P 32-Core Processor,1,1 x NVIDIA A100-SXM4-40GB,-2.5917,51.4535,64,machine,0,0,0,0,N,1.0,0.0
2026-09-27T07:28:17,mobilevit_xxs_batch20_node_2_evaluate,444c4ccd-637c-41af-aefd-3f25bd5c38df,5b0fa12a-3dd7-45bb-9766-cc326314d9f1,8.936482610180974,4.049043176104874e-05,4.530913730522971e-06,22.565333520000003,30.915434874368593,20.0,3.698937969777646e-05,0.00010080619175312222,3.2626593552736775e-05,0.00017042216500363545,0.0,United Kingdom,GBR,england,,,Linux-6.4.0-150700.53.73-default-x86_64-with-glibc2.38,3.12.12,3.3.0,8,AMD EPYC 7543P 32-Core Processor,1,1 x NVIDIA A100-SXM4-40GB,-2.5917,51.4535,64,machine,10.0,4.0,4.2,10.456021118164063,N,1.0,0.0
2026-09-27T07:28:22,mobilevit_xxs_batch20_node_3_local_train,fc8abad3-a819-45bc-9e13-8e38568a2416,5b0fa12a-3dd7-45bb-9766-cc326314d9f1,4.757583681959659,1.316016048500469e-05,2.7661437748130142e-06,22.53570328125,37.42818115186193,20.0,1.0715228022140728e-05,3.524447264169339e-05,9.430744537773232e-06,5.5390445201607354e-05,0.0,United Kingdom,GBR,england,,,Linux-6.4.0-150700.53.73-default-x86_64-with-glibc2.38,3.12.12,3.3.0,8,AMD EPYC 7543P 32-Core Processor,1,1 x NVIDIA A100-SXM4-40GB,-2.5917,51.4535,64,machine,0.0,19.0,4.2,10.457500457763672,N,1.0,0.0
2026-09-27T07:28:28,mobilevit_xxs_batch20_node_3_evaluate,36bf0f79-2529-4d29-a0d1-4fd5b77ea877,5b0fa12a-3dd7-45bb-9766-cc326314d9f1,6.337388215120882,2.304670754678011e-05,3.6366254937311754e-06,22.5260843034375,32.028534505902854,20.0,2.059144546860053e-05,5.821199101774255e-05,1.8198981751791307e-05,9.700241823813438e-05,0.0,United Kingdom,GBR,england,,,Linux-6.4.0-150700.53.73-default-x86_64-with-glibc2.38,3.12.12,3.3.0,8,AMD EPYC 7543P 32-Core Processor,1,1 x NVIDIA A100-SXM4-40GB,-2.5917,51.4535,64,machine,0.0,10.666666666666666,4.166666666666667,10.446184794108072,N,1.0,0.0
2026-09-27T07:28:32,mobilevit_xxs_batch20_node_0_knowledge_extraction,ae5bb083-34db-4da7-90c3-fa7ae2026698,5b0fa12a-3dd7-45bb-9766-cc326314d9f1,4.299744414165616,8.961536508675852e-06,2.0842021398183216e-06,22.530477313125,33.275390054247445,20.0,7.865218476306877e-06,2.294390725410267e-05,6.90952500121461e-06,3.771865073162416e-05,0.0,United Kingdom,GBR,england,,,Linux-6.4.0-150700.53.73-default-x86_64-with-glibc2.38,3.12.12,3.3.0,8,AMD EPYC 7543P 32-Core Processor,1,1 x NVIDIA A100-SXM4-40GB,-2.5917,51.4535,64,machine,0.0,10.0,4.1,10.439453125,N,1.0,0.0
2026-09-27T07:28:36,mobilevit_xxs_batch20_node_2_knowledge_extraction,d967757d-0685-4db0-935f-8d50d23fdc08,5b0fa12a-3dd7-45bb-9766-cc326314d9f1,3.226612219121307,9.119220669059465e-07,2.8262524436676414e-07,22.631121686249998,19.056005289793813,20.0,1.1387556921864334e-06,1.7611125144867401e-06,9.38365326469971e-07,3.838233533143145e-06,0.0,United Kingdom,GBR,england,,,Linux-6.4.0-150700.53.73-default-x86_64-with-glibc2.38,3.12.12,3.3.0,8,AMD EPYC 7543P 32-Core Processor,1,1 x NVIDIA A100-SXM4-40GB,-2.5917,51.4535,64,machine,0,0,0,0,N,1.0,0.0
2026-09-27T07:28:42,mobilevit_xxs_batch20_node_0_distill,9745fa10-0396-467e-b4d6-049d6fc6827d,5b0fa12a-3dd7-45bb-9766-cc326314d9f1,6.152868979144841,2.3261483610567323e-05,3.780591410188021e-06,22.5153096834375,35.62738127722709,20.0,1.945098017562909e-05,6.124949344155084e-05,1.7205926134354542e-05,9.790639975153447e-05,0.0,United Kingdom,GBR,england,,,Linux-6.4.0-150700.53.73-default-x86_64-with-glibc2.38,3.12.12,3.3.0,8,AMD EPYC 7543P 32-Core Processor,1,1 x NVIDIA A100-SXM4-40GB,-2.5917,51.4535,64,machine,0.0,25.0,4.2,10.47375233968099,N,1.0,0.0
2026-09-27T07:28:46,mobilevit_xxs_batch20_node_3_distill,e911cfeb-08ec-4e17-819d-c7524375128d,5b0fa12a-3dd7-45bb-9766-cc326314d9f1,4.5770583362318575,1.1653780761244771e-05,2.5461289555769457e-06,22.52575121625,36.783025515774405,20.0,9.591500907176182e-06,3.101308035979855e-05,8.44558840100136e-06,4.905016966797609e-05,0.0,United Kingdom,GBR,england,,,Linux-6.4.0-150700.53.73-default-x86_64-with-glibc2.38,3.12.12,3.3.0,8,AMD EPYC 7543P 32-Core Processor,1,1 x NVIDIA A100-SXM4-40GB,-2.5917,51.4535,64,machine,0.0,24.0,4.2,10.44417953491211,N,1.0,0.0
2026-09-27T07:28:56,mobilevit_xxs_batch20_node_0_evaluate,aaa61b33-a88a-4ddf-a3b3-1a6504f417b0,5b0fa12a-3dd7-45bb-9766-cc326314d9f1,9.987230831757188,4.782917292775151e-05,4.789032488932298e-06,22.60638003375,30.92814705031203,20.0,4.379041151112821e-05,0.00011902231744898017,3.849782383379837e-05,0.00020131055279390674,0.0,United Kingdom,GBR,england,,,Linux-6.4.0-150700.53.73-default-x86_64-with-glibc2.38,3.12.12,3.3.0,8,AMD EPYC 7543P 32-Core Processor,1,1 x NVIDIA A100-SXM4-40GB,-2.5917,51.4535,64,machine,0.0,5.833333333333333,4.166666666666667,10.440991083780924,N,1.0,0.0
2026-09-27T07:29:03,mobilevit_xxs_batch20_node_3_evaluate,cab94f75-71d0-46fe-b58e-92723a1e9e49,5b0fa12a-3dd7-45bb-9766-cc326314d9f1,6.391403328627348,2.3510603936843478e-05,3.6784728999245835e-06,22.52890323,32.227896385746725,20.0,2.093151393254828e-05,5.953171428529913e-05,1.8491706298664215e-05,9.895493451651162e-05,0.0,United Kingdom,GBR,england,,,Linux-6.4.0-150700.53.73-default-x86_64-with-glibc2.38,3.12.12,3.3.0,8,AMD EPYC 7543P 32-Core Processor,1,1 x NVIDIA A100-SXM4-40GB,-2.5917,51.4535,64,machine,0.0,11.666666666666666,4.166666666666667,10.45004908243815,N,1.0,0.0
2026-09-27T07:29:20,mobilenet_v3_small_batch21_node_0_local_train,ed2916c6-3c4d-471f-bc6a-832027f2b77f,5b0fa12a-3dd7-45bb-9766-cc326314d9f1,7.5479571470059454,3.106441068033087e-05,4.1156050670813904e-06,22.524085593,86.3911085352276,20.0,2.811664793258474e-05,7.772561772867448e-05,2.4906256704384253e-05,0.00013074852236564347,0.0,United Kingdom,GBR,england,,,Linux-6.4.0-150700.53.73-default-x86_64-with-glibc2.38,3.12.12,3.3.0,8,AMD EPYC 7543P 32-Core Processor,1,1 x NVIDIA A100-SXM4-40GB,-2.5917,51.4535,64,machine,0.0,6.75,4.0,10.101719856262207,N,1.0,0.0
2026-09-27T07:29:31,mobilenet_v3_small_batch21_node_0_evaluate,5383f66b-b4ad-44ba-ad86-f63a44b6619d,5b0fa12a-3dd7-45bb-9766-cc326314d9f1,10.649087972007692,5.0994567164437946e-05,4.788632350346135e-06,22.543190630156253,29.605270228455474,20.0,4.769535713180885e-05,0.00012477315536330025,4.216502341959212e-05,0.00021463353591470122,0.0,United Kingdom,GBR,england,,,Linux-6.4.0-150700.53.73-default-x86_64-with-glibc2.38,3.12.12,3.3.0,8,AMD EPYC 7543P 32-Core Processor,1,1 x NVIDIA A100-SXM4-40GB,-2.5917,51.4535,64,machine,0.0,1.4285714285714286,4.014285714285714,10.139322553362165,N,1.0,0.0
2026-09-27T07:29:45,mobilenet_v3_small_batch21_node_1_local_train,c9cd8ae1-a0c2-466e-b3dd-d64f10845813,5b0fa12a-3dd7-45bb-9766-cc326314d9f1,14.675244526006281,7.976975217652342e-05,5.435667667081248e-06,22.5560284171875,30.72792503550285,20.0,7.301665478873847e-05,0.00019821071413161917,6.451945511831177e-05,0.0003357468240386694,0.0,United Kingdom,GBR,england,,,Linux-6.4.0-150700.53.73-default-x86_64-with-glibc2.38,3.12.12,3.3.0,8,AMD EPYC 7543P 32-Core Processor,1,1 x NVIDIA A100-SXM4-40GB,-2.5917,51.4535,64,machine,0.0,4.545454545454546,4.0,10.142452933571555,N,1.0,0.0
2026-09-27T07:29:55,mobilenet_v3_small_batch21_node_1_evaluate,1bd34062-806e-47f7-a18f-e363855ed7ec,5b0fa12a-3dd7-45bb-9766-cc326314d9f1,9.070944232866168,4.062299432827972e-05,4.478364466302531e-06,22.559869141874998,29.93488012460205,20.0,3.781177074806348e-05,9.981119094959467e-05,3.3357152399710486e-05,0.00017098011409736864,0.0,United Kingdom,GBR,england,,,Linux-6.4.0-150700.53.73-default-x86_64-with-glibc2.38,3.12.12,3.3.0,8,AMD EPYC 7543P 32-Core Processor,1,1 x NVIDIA A100-SXM4-40GB,-2.5917,51.4535,64,machine,0.0,1.4,4.0,10.141098785400391,N,1.0,0.0
2026-09-27T07:29:58,mobilenet_v3_small_batch21_node_2_local_train,26c72e07-c4e8-420e-975e-5a9629221a98,5b0fa12a-3dd7-45bb-9766-cc326314d9f1,3.4324028841219842,2.2561909159907845e-06,6.573211223040685e-07,22.539387971250004,24.545701969034653,20.0,2.4025991135210876e-06,5.0300040186357364e-06,2.063589519821107e-06,9.496192651977931e-06,0.0,United Kingdom,GBR,england,,,Linux-6.4.0-150700.53.73-default-x86_64-with-glibc2.38,3.12.12,3.3.0,8,AMD EPYC 7543P 32-Core Processor,1,1 x NVIDIA A100-SXM4-40GB,-2.5917,51.4535,64,machine,0,0,0,0,N,1.0,0.0
2026-09-27T07:30:08,mobilenet_v3_small_batch21_node_2_evaluate,7529ae4c-d168-486b-bb7f-85bb6e55836e,5b0fa12a-3dd7-45bb-9766-cc326314d9f1,10.01017301902175,4.691593824758258e-05,4.686825907847042e-06,22.59211691732143,29.814796171849274,20.0,4.3843052044338396e-05,0.00011502842535549007,3.859531713856591e-05,0.00019746679453839437,0.0,United Kingdom,GBR,england,,,Linux-6.4.0-150700.53.73-default-x86_64-with-glibc2.38,3.12.12,3.3.0,8,AMD EPYC 7543P 32-Core Processor,1,1 x NVIDIA A100-SXM4-40GB,-2.5917,51.4535,64,machine,14.166666666666666,2.0,4.0,10.113368352254232,N,1.0,0.0
2026-09-27T07:30:15,mobilenet_v3_small_batch21_node_3_local_train,d3bee59b-b6be-42b8-a857-d1bda9472144,5b0fa12a-3dd7-45bb-9766-cc326314d9f1,6.49117036210373,2.390572283175579e-05,3.6828062580702565e-06,22.514859981562502,31.475452072202323,20.0,2.1556845653820212e-05,5.9988103544128535e-05,1.9073020622858573e-05,0.00010061796982080732,0.0,United Kingdom,GBR,england,,,Linux-6.4.0-150700.53.73-default-x86_64-with-glibc2.38,3.12.12,3.3.0,8,AMD EPYC 7543P 32-Core Processor,1,1 x NVIDIA A100-SXM4-40GB,-2.5917,51.4535,64,machine,0.0,2.0,4.0,10.13431167602539,N,1.0,0.0
2026-09-27T07:30:25,mobilenet_v3_small_batch21_node_3_evaluate,b16865a3-1dd8-4aa1-a75b-68d8073329b6,5b0fa12a-3dd7-45bb-9766-cc326314d9f1,10.023892553988844,4.732078382330352e-05,4.720799187384844e-06,22.58088697607143,377.76242396150576,20.0,4.386451810097463e-05,0.00011666870445026234,3.863754639557252e-05,0.0001991707689468095,0.0,United Kingdom,GBR,england,,,Linux-6.4.0-150700.53.73-default-x86_64-with-glibc2.38,3.12.12,3.3.0,8,AMD EPYC 7543P 32-Core Processor,1,1 x NVIDIA A100-SXM4-40GB,-2.5917,51.4535,64,machine,10.0,1.5,4.016666666666667,10.146821975708008,N,1.0,0.0
2026-09-27T07:30:29,mobilenet_v3_small_batch21_node_0_knowledge_extraction,546bf1cb-8525-4b79-bfb6-bd90afeef069,5b0fa12a-3dd7-45bb-9766-cc326314d9f1,4.334408354945481,8.358435063306992e-06,1.9283912310131486e-06,22.547374368750003,28.499645255938788,20.0,8.04579656566396e-06,2.0075849391787415e-05,7.058581508075198e-06,3.518022746552657e-05,0.0,United Kingdom,GBR,england,,,Linux-6.4.0-150700.53.73-default-x86_64-with-glibc2.38,3.12.12,3.3.0,8,AMD EPYC 7543P 32-Core Processor,1,1 x NVIDIA A100-SXM4-40GB,-2.5917,51.4535,64,machine,0.0,2.0,4.0,10.15005874633789,N,1.0,0.0
2026-09-27T07:30:35,mobilenet_v3_small_batch21_node_1_knowledge_extraction,c5be6f14-0f9c-4f9c-a492-2a655f5e271c,5b0fa12a-3dd7-45bb-9766-cc326314d9f1,5.432504872325808,1.6235540175767976e-05,2.9885919216519887e-06,22.546546245000002,380.6127745321278,20.0,1.4990135738791274e-05,4.014114323069862e-05,1.3203282713786594e-05,6.833456168327648e-05,0.0,United Kingdom,GBR,england,,,Linux-6.4.0-150700.53.73-default-x86_64-with-glibc2.38,3.12.12,3.3.0,8,AMD EPYC 7543P 32-Core Processor,1,1 x NVIDIA A100-SXM4-40GB,-2.5917,51.4535,64,machine,0.0,3.0,4.0,10.114439010620117,N,1.0,0.0
2026-09-27T07:30:38,mobilenet_v3_small_batch21_node_2_knowledge_extraction,3066fa2f-0469-4ba2-83c9-7c3b5d8d9b7d,5b0fa12a-3dd7-45bb-9766-cc326314d9f1,3.245765957981348,1.3462410850052319e-06,4.1476837899997723e-07,22.670696160000002,32.09793860254626,20.0,1.2778429126313499e-06,3.3350026598100158e-06,1.053414586931467e-06,5.666260159372833e-06,0.0,United Kingdom,GBR,england,,,Linux-6.4.0-150700.53.73-default-x86_64-with-glibc2.38,3.12.12,3.3.0,8,AMD EPYC 7543P 32-Core Processor,1,1 x NVIDIA A100-SXM4-40GB,-2.5917,51.4535,64,machine,0,0,0,0,N,1.0,0.0
2026-09-27T07:30:44,mobilenet_v3_small_batch21_node_0_distill,3b8ccfb5-459b-45ec-91d4-d16beea519b3,5b0fa12a-3dd7-45bb-9766-cc326314d9f1,6.149904950056225,2.1504728232587472e-05,3.4967578210116674e-06,22.54278409875,31.386751111109895,20.0,1.9471587805534438e-05,5.3860598640653734e-05,1.7180119395359523e-05,9.051230584154769e-05,0.0,United Kingdom,GBR,england,,,Linux-6.4.0-150700.53.73-default-x86_64-with-glibc2.38,3.12.12,3.3.0,8,AMD EPYC 7543P 32-Core Processor,1,1 x NVIDIA A100-SXM4-40GB,-2.5917,51.4535,64,machine,0.0,10.333333333333334,4.1,10.349534352620443,N,1.0,0.0
2026-09-27T07:30:52,mobilenet_v3_small_batch21_node_1_distill,fa615786-8aa1-4c94-b9b4-e11717f3c452,5b0fa12a-3dd7-45bb-9766-cc326314d9f1,7.665850254241377,3.240863017961533e-05,4.2276628299234285e-06,22.5565062075,31.96278961511425,20.0,2.901583619328683e-05,8.178784320023169e-05,2.5602594380163486e-05,0.000136406273773682,0.0,United Kingdom,GBR,england,,,Linux-6.4.0-150700.53.73-default-x86_64-with-glibc2.38,3.12.12,3.3.0,8,AMD EPYC 7543P 32-Core Processor,1,1 x NVIDIA A100-SXM4-40GB,-2.5917,51.4535,64,machine,0.0,6.5,4.1,10.343640327453613,N,1.0,0.0
2026-09-27T07:30:56,mobilenet_v3_small_batch21_node_3_distill,19215317-b5f0-456c-830d-b3c3b101c7a0,5b0fa12a-3dd7-45bb-9766-cc326314d9f1,4.485699299257249,9.92613005292025e-06,2.212838933399713e-06,22.54164503625,31.3190058475792,20.0,9.030412788346729e-06,2.4811686529346844e-05,7.936476512501637e-06,4.177857583019521e-05,0.0,United Kingdom,GBR,england,,,Linux-6.4.0-150700.53.73-default-x86_64-with-glibc2.38,3.12.12,3.3.0,8,AMD EPYC 7543P 32-Core Processor,1,1 x NVIDIA A100-SXM4-40GB,-2.5917,51.4535,64,machine,0.0,13.0,4.1,10.34597396850586,N,1.0,0.0
2026-09-27T07:31:03,mobilenet_v3_small_batch21_node_0_evaluate,66a1c518-3907-4271-a07e-c17ad82ba73b,5b0fa12a-3dd7-45bb-9766-cc326314d9f1,6.973047724924982,2.665488038334455e-05,3.822558145997963e-06,22.54782564,30.25023588551682,20.0,2.4656900294286067e-05,6.577449707378946e-05,2.1757636565922036e-05,0.00011218903393399757,0.0,United Kingdom,GBR,england,,,Linux-6.4.0-150700.53.73-default-x86_64-with-glibc2.38,3.12.12,3.3.0,8,AMD EPYC 7543P 32-Core Processor,1,1 x NVIDIA A100-SXM4-40GB,-2.5917,51.4535,64,machine,13.333333333333334,2.3333333333333335,4.1,10.35132090250651,N,1.0,0.0
2026-09-27T07:31:10,mobilenet_v3_small_batch21_node_1_evaluate,980af330-c0bd-4c97-babe-d6dcb98ead12,5b0fa12a-3dd7-45bb-9766-cc326314d9f1,6.150943585205823,2.1202214782397716e-05,3.4469857329521007e-06,22.537566382500003,30.62487554229759,20.0,1.946961514026929e-05,5.2584486496698446e-05,1.7184940500495334e-05,8.923904213746308e-05,0.0,United Kingdom,GBR,england,,,Linux-6.4.0-150700.53.73-default-x86_64-with-glibc2.38,3.12.12,3.3.0,8,AMD EPYC 7543P 32-Core Processor,1,1 x NVIDIA A100-SXM4-40GB,-2.5917,51.4535,64,machine,0.0,2.3333333333333335,4.1,10.30777104695638,N,1.0,0.0
2026-09-27T07:31:16,mobilenet_v3_small_batch21_node_3_evaluate,5f7b8539-1917-4e31-8b5a-ddfde119b1f4,5b0fa12a-3dd7-45bb-9766-cc326314d9f1,6.063844902906567,2.05325900590221e-05,3.3860678146929958e-06,22.536609949687502,30.472619763663253,20.0,1.891054114458362e-05,5.0818929537399526e-05,1.6691155100448266e-05,8.642062578243142e-05,0.0,United Kingdom,GBR,england,,,Linux-6.4.0-150700.53.73-default-x86_64-with-glibc2.38,3.12.12,3.3.0,8,AMD EPYC 7543P 32-Core Processor,1,1 x NVIDIA A100-SXM4-40GB,-2.5917,51.4535,64,machine,0.0,2.6666666666666665,4.1,10.340774536132812,N,1.0,0.0
2026-09-27T07:31:24,efficientnet_lite0_batch21_node_0_local_train,3bbde10b-98ea-41f3-bdaf-4e7c03222392,5b0fa12a-3dd7-45bb-9766-cc326314d9f1,6.278666556812823,2.4622826989364944e-05,3.921665017016604e-06,22.552878774375003,36.673915436921746,20.0,2.0270923264513623e-05,6.549283018841834e-05,1.7872471243350044e-05,0.000103636224696282,0.0,United Kingdom,GBR,england,,,Linux-6.4.0-150700.53.73-default-x86_64-with-glibc2.38,3.12.12,3.3.0,8,AMD EPYC 7543P 32-Core Processor,1,1 x NVIDIA A100-SXM4-40GB,-2.5917,51.4535,64,machine,0.0,18.0,4.1,10.393315633138021,N,1.0,0.0
2026-09-27T07:31:31,efficientnet_lite0_batch21_node_0_evaluate,bdd9a91d-754e-4cba-bfe5-43b383024603,5b0fa12a-3dd7-45bb-9766-cc326314d9f1,7.349233997054398,3.029067135270437e-05,4.121609322120508e-06,22.550097204000004,32.15621963148885,20.0,2.70168797654637e-05,7.662756131310289e-05,2.3847451865569583e-05,0.00012749189294413617,0.0,United Kingdom,GBR,england,,,Linux-6.4.0-150700.53.73-default-x86_64-with-glibc2.38,3.12.12,3.3.0,8,AMD EPYC 7543P 32-Core Processor,1,1 x NVIDIA A100-SXM4-40GB,-2.5917,51.4535,64,machine,8.325,8.25,4.1,10.370409965515137,N,1.0,0.0
2026-09-27T07:31:38,efficientnet_lite0_batch21_node_1_local_train,b4b60f96-e882-4c4a-b4a3-a190778f634d,5b0fa12a-3dd7-45bb-9766-cc326314d9f1,7.038254908286035,3.267001824248786e-05,4.641778206132591e-06,22.529898922500003,40.87359890732353,20.0,2.5028939840178557e-05,9.035396116985339e-05,2.2123541807134946e-05,0.00013750644281716688,0.0,United Kingdom,GBR,england,,,Linux-6.4.0-150700.53.73-default-x86_64-with-glibc2.38,3.12.12,3.3.0,8,AMD EPYC 7543P 32-Core Processor,1,1 x NVIDIA A100-SXM4-40GB,-2.5917,51.4535,64,machine,0.0,28.333333333333332,4.1,10.391602834065756,N,1.0,0.0
2026-09-27T07:31:45,efficientnet_lite0_batch21_node_1_evaluate,a851121a-4c92-4bc8-bb06-96a2b76d6c76,5b0fa12a-3dd7-45bb-9766-cc326314d9f1,6.381125952117145,2.424566691810365e-05,3.7995907148736607e-06,22.5362980996875,33.97598372985166,20.0,2.091361295381413e-05,6.266866124349235e-05,1.8466502968739305e-05,0.00010204877716604579,0.0,United Kingdom,GBR,england,,,Linux-6.4.0-150700.53.73-default-x86_64-with-glibc2.38,3.12.12,3.3.0,8,AMD EPYC 7543P 32-Core Processor,1,1 x NVIDIA A100-SXM4-40GB,-2.5917,51.4535,64,machine,0.0,7.333333333333333,4.1,10.361122131347656,N,1.0,0.0
2026-09-27T07:31:48,efficientnet_lite0_batch21_node_2_local_train,e918f457-0b85-499c-bf65-393993126453,5b0fa12a-3dd7-45bb-9766-cc326314d9f1,3.2249128497205675,1.4963519098733184e-06,4.639976270995895e-07,22.566673530000003,47.8763125842726,20.0,1.10844274089288e-06,4.274725640129873e-06,9.149005947013697e-07,6.298068975724122e-06,0.0,United Kingdom,GBR,england,,,Linux-6.4.0-150700.53.73-default-x86_64-with-glibc2.38,3.12.12,3.3.0,8,AMD EPYC 7543P 32-Core Processor,1,1 x NVIDIA A100-SXM4-40GB,-2.5917,51.4535,64,machine,0,0,0,0,N,1.0,0.0
2026-09-27T07:31:54,efficientnet_lite0_batch21_node_2_evaluate,f2ca40ba-c9ea-437c-8ed7-ad28a9fa3b46,5b0fa12a-3dd7-45bb-9766-cc326314d9f1,6.26553859282285,2.3046029945433316e-05,3.6782200929753197e-06,22.5306353896875,33.347522236681556,20.0,2.010079461540056e-05,5.914171397591872e-05,1.775705765725838e-05,9.699956624857766e-05,0.0,United Kingdom,GBR,england,,,Linux-6.4.0-150700.53.73-default-x86_64-with-glibc2.38,3.12.12,3.3.0,8,AMD EPYC 7543P 32-Core Processor,1,1 x NVIDIA A100-SXM4-40GB,-2.5917,51.4535,64,machine,0.0,7.0,4.1,10.352438608805338,N,1.0,0.0
2026-09-27T07:31:58,efficientnet_lite0_batch21_node_3_local_train,56b7a7b0-38a5-403c-9268-2df88d44b186,5b0fa12a-3dd7-45bb-9766-cc326314d9f1,4.235479566734284,9.559339047151034e-06,2.2569673390070557e-06,22.527738095625,40.26332111438369,20.0,7.446402741511463e-06,2.6253632100292634e-05,6.534736326688693e-06,4.0234771168492794e-05,0.0,United Kingdom,GBR,england,,,Linux-6.4.0-150700.53.73-default-x86_64-with-glibc2.38,3.12.12,3.3.0,8,AMD EPYC 7543P 32-Core Processor,1,1 x NVIDIA A100-SXM4-40GB,-2.5917,51.4535,64,machine,33.3,25.0,4.1,10.395950317382812,N,1.0,0.0
2026-09-27T07:32:05,efficientnet_lite0_batch21_node_3_evaluate,c32ccc42-8c4f-4de7-b002-f0ee0e467287,5b0fa12a-3dd7-45bb-9766-cc326314d9f1,6.172593406867236,2.2664821038231636e-05,3.6718473977268928e-06,22.529016225,33.85004453933813,20.0,1.9583766040529308e-05,5.850865791501292e-05,1.7302653418543436e-05,9.539507737408566e-05,0.0,United Kingdom,GBR,england,,,Linux-6.4.0-150700.53.73-default-x86_64-with-glibc2.38,3.12.12,3.3.0,8,AMD EPYC 7543P 32-Core Processor,1,1 x NVIDIA A100-SXM4-40GB,-2.5917,51.4535,64,machine,0.0,6.0,4.1,10.356313069661459,N,1.0,0.0
2026-09-27T07:32:09,efficientnet_lite0_batch21_node_0_knowledge_extraction,08d4031e-1f5e-4790-a02d-60666601b382,5b0fa12a-3dd7-45bb-9766-cc326314d9f1,4.001341436058283,6.501769851809965e-06,1.6248975389150625e-06,22.59531756,30.82074120082622,20.0,6.020246460989372e-06,1.6101401755008737e-05,5.243969938924743e-06,2.736561815492285e-05,0.0,United Kingdom,GBR,england,,,Linux-6.4.0-150700.53.73-default-x86_64-with-glibc2.38,3.12.12,3.3.0,8,AMD EPYC 7543P 32-Core Processor,1,1 x NVIDIA A100-SXM4-40GB,-2.5917,51.4535,64,machine,0,0,0,0,N,1.0,0.0
2026-09-27T07:32:17,mobilevit_xxs_batch21_node_0_local_train,5633cdc6-7fa5-4aa6-94b8-ad54eb6941b5,5b0fa12a-3dd7-45bb-9766-cc326314d9f1,6.388192914891988,2.5189322017196097e-05,3.943106032141799e-06,22.5300562903125,36.03018220015016,20.0,2.093555506880066e-05,6.658921994073808e-05,1.849579840588073e-05,0.00010602057341541947,0.0,United Kingdom,GBR,england,,,Linux-6.4.0-150700.53.73-default-x86_64-with-glibc2.38,3.12.12,3.3.0,8,AMD EPYC 7543P 32-Core Processor,1,1 x NVIDIA A100-SXM4-40GB,-2.5917,51.4535,64,machine,0.0,24.666666666666668,4.1,10.407798767089844,N,1.0,0.0
2026-09-27T07:32:25,mobilevit_xxs_batch21_node_0_evaluate,f05a7d13-e90b-49e2-b17b-ef71b67f0ef5,5b0fa12a-3dd7-45bb-9766-cc326314d9f1,7.423800481017679,3.0393415792120174e-05,4.094050731809773e-06,22.543187559750002,31.430732991724657,20.0,2.7464339697873177e-05,7.62014498576491e-05,2.425854950108462e-05,0.0001279243390566069,0.0,United Kingdom,GBR,england,,,Linux-6.4.0-150700.53.73-default-x86_64-with-glibc2.38,3.12.12,3.3.0,8,AMD EPYC 7543P 32-Core Processor,1,1 x NVIDIA A100-SXM4-40GB,-2.5917,51.4535,64,machine,0.0,8.75,4.1,10.381120681762695,N,1.0,0.0
2026-09-27T07:32:34,mobilevit_xxs_batch21_node_1_local_train,8663fa9f-f515-4a98-9177-6e0db4df6b84,5b0fa12a-3dd7-45bb-9766-cc326314d9f1,9.583799752872437,4.971319091093491e-05,5.187210938546058e-06,22.540057320535716,36.42639975604837,20.0,4.099704464550335e-05,0.00013199343892722482,3.624980495466541e-05,0.00020924028852739357,0.0,United Kingdom,GBR,england,,,Linux-6.4.0-150700.53.73-default-x86_64-with-glibc2.38,3.12.12,3.3.0,8,AMD EPYC 7543P 32-Core Processor,1,1 x NVIDIA A100-SXM4-40GB,-2.5917,51.4535,64,machine,0.0,26.333333333333332,4.116666666666666,10.432636260986328,N,1.0,0.0
2026-09-27T07:32:41,mobilevit_xxs_batch21_node_1_evaluate,d1800847-dfff-4146-9079-48cd53e07272,5b0fa12a-3dd7-45bb-9766-cc326314d9f1,6.7481396975927055,2.6186422017037628e-05,3.88053940649439e-06,22.539001044375,32.43515408947289,20.0,2.32301406610502e-05,6.647699763107084e-05,2.0510178237843015e-05,0.00011021731652996406,0.0,United Kingdom,GBR,england,,,Linux-6.4.0-150700.53.73-default-x86_64-with-glibc2.38,3.12.12,3.3.0,8,AMD EPYC 7543P 32-Core Processor,1,1 x NVIDIA A100-SXM4-40GB,-2.5917,51.4535,64,machine,0.0,11.666666666666666,4.1,10.396490732828775,N,1.0,0.0
2026-09-27T07:32:44,mobilevit_xxs_batch21_node_2_local_train,da3944af-5f66-4c79-9738-3b0ef243bb53,5b0fa12a-3dd7-45bb-9766-cc326314d9f1,3.3216553749516606,1.6789680610161828e-06,5.054612449193699e-07,22.557893534999998,26.60430624855968,20.0,1.7307707175523313e-06,3.865558653615153e-06,1.470361683621175e-06,7.066691054788659e-06,0.0,United Kingdom,GBR,england,,,Linux-6.4.0-150700.53.73-default-x86_64-with-glibc2.38,3.12.12,3.3.0,8,AMD EPYC 7543P 32-Core Processor,1,1 x NVIDIA A100-SXM4-40GB,-2.5917,51.4535,64,machine,0,0,0,0,N,1.0,0.0
2026-09-27T07:32:51,mobilevit_xxs_batch21_node_2_evaluate,3fe8be4a-9a40-4d90-aee6-61442a710d86,5b0fa12a-3dd7-45bb-9766-cc326314d9f1,6.401257585268468,2.3946423925578476e-05,3.7408936613779726e-06,22.53344621625,32.95011673348436,20.0,2.1032169604211166e-05,6.117643783909443e-05,1.8580671208393243e-05,0.00010078927865169884,0.0,United Kingdom,GBR,england,,,Linux-6.4.0-150700.53.73-default-x86_64-with-glibc2.38,3.12.12,3.3.0,8,AMD EPYC 7543P 32-Core Processor,1,1 x NVIDIA A100-SXM4-40GB,-2.5917,51.4535,64,machine,0.0,12.333333333333334,4.1,10.400999704996744,N,1.0,0.0
2026-09-27T07:32:56,mobilevit_xxs_batch21_node_3_local_train,013241fa-10ae-4415-bac1-1c1f0fd463e0,5b0fa12a-3dd7-45bb-9766-cc326314d9f1,4.891313751693815,1.4231456261002647e-05,2.909536575132689e-06,22.525889878125,389.26388130299324,20.0,1.1565597040212884e-05,3.8146974958408464e-05,1.0186902560397155e-05,5.98994745590185e-05,0.0,United Kingdom,GBR,england,,,Linux-6.4.0-150700.53.73-default-x86_64-with-glibc2.38,3.12.12,3.3.0,8,AMD EPYC 7543P 32-Core Processor,1,1 x NVIDIA A100-SXM4-40GB,-2.5917,51.4535,64,machine,0.0,18.0,4.2,10.451519012451172,N,1.0,0.0
2026-09-27T07:33:02,mobilevit_xxs_batch21_node_3_evaluate,d136f7c8-3b35-48ad-b09b-c038aea16ebd,5b0fa12a-3dd7-45bb-9766-cc326314d9f1,6.474170869216323,2.4151135832115642e-05,3.7303828273903835e-06,22.5317983978125,32.290791138799555,20.0,2.147243294495585e-05,6.120866007108816e-05,1.896980762378209e-05,0.0001016509006398261,0.0,United Kingdom,GBR,england,,,Linux-6.4.0-150700.53.73-default-x86_64-with-glibc2.38,3.12.12,3.3.0,8,AMD EPYC 7543P 32-Core Processor,1,1 x NVIDIA A100-SXM4-40GB,-2.5917,51.4535,64,machine,0.0,11.666666666666666,4.1,10.41241455078125,N,1.0,0.0
2026-09-27T07:33:06,mobilevit_xxs_batch21_node_0_knowledge_extraction,5c5eaa14-90dc-45fe-a076-96c52c4f8217,5b0fa12a-3dd7-45bb-9766-cc326314d9f1,4.005890918895602,6.516115246872147e-06,1.6266332206241397e-06,22.59530834625,30.771233873582794,20.0,6.035458074847771e-06,1.613334625005791e-05,5.257192867187162e-06,2.7425997192092845e-05,0.0,United Kingdom,GBR,england,,,Linux-6.4.0-150700.53.73-default-x86_64-with-glibc2.38,3.12.12,3.3.0,8,AMD EPYC 7543P 32-Core Processor,1,1 x NVIDIA A100-SXM4-40GB,-2.5917,51.4535,64,machine,0,0,0,0,N,1.0,0.0
2026-09-27T07:33:11,mobilevit_xxs_batch21_node_1_knowledge_extraction,961a0223-a9f5-4b8b-bd3e-e648d09a5b83,5b0fa12a-3dd7-45bb-9766-cc326314d9f1,4.836118446197361,1.2640882890952853e-05,2.6138489020864194e-06,22.544639403750004,32.478015613049806,20.0,1.1239914158746262e-05,3.207474787814135e-05,9.890170219457812e-06,5.3204832256345424e-05,0.0,United Kingdom,GBR,england,,,Linux-6.4.0-150700.53.73-default-x86_64-with-glibc2.38,3.12.12,3.3.0,8,AMD EPYC 7543P 32-Core Processor,1,1 x NVIDIA A100-SXM4-40GB,-2.5917,51.4535,64,machine,0.0,10.0,4.2,10.44900894165039,N,1.0,0.0
2026-09-27T07:33:15,mobilevit_xxs_batch21_node_3_knowledge_extraction,c4fea9eb-c65b-40f8-bf9d-d104752a3937,5b0fa12a-3dd7-45bb-9766-cc326314d9f1,3.71568366792053,4.3788495531349315e-06,1.178477487451331e-06,22.58144114625,29.459998911389373,20.0,4.17508750456244e-06,1.063195294648267e-05,3.6233142923770676e-06,1.8430354743422176e-05,0.0,United Kingdom,GBR,england,,,Linux-6.4.0-150700.53.73-default-x86_64-with-glibc2.38,3.12.12,3.3.0,8,AMD EPYC 7543P 32-Core Processor,1,1 x NVIDIA A100-SXM4-40GB,-2.5917,51.4535,64,machine,0,0,0,0,N,1.0,0.0
2026-09-27T07:33:21,mobilevit_xxs_batch21_node_0_distill,aa22b081-3bf3-4b86-91c3-4def0f744cdb,5b0fa12a-3dd7-45bb-9766-cc326314d9f1,5.59699720190838,1.9800244027722942e-05,3.537654801930534e-06,22.517006625,38.05899926887047,20.0,1.5895954623519783e-05,5.3397820508394034e-05,1.404444350498832e-05,8.333821863690214e-05,0.0,United Kingdom,GBR,england,,,Linux-6.4.0-150700.53.73-default-x86_64-with-glibc2.38,3.12.12,3.3.0,8,AMD EPYC 7543P 32-Core Processor,1,1 x NVIDIA A100-SXM4-40GB,-2.5917,51.4535,64,machine,0.0,39.0,4.15,10.43572998046875,N,1.0,0.0
2026-09-27T07:33:25,mobilevit_xxs_batch21_node_3_distill,048d4a23-d1f4-49f4-8c60-e51f35f7588b,5b0fa12a-3dd7-45bb-9766-cc326314d9f1,4.756168483290821,1.3032734811809502e-05,2.740175176214968e-06,22.522022634375002,36.86387048647459,20.0,1.0702687171493627e-05,3.471891665185467e-05,9.432513209887677e-06,5.4854117033235974e-05,0.0,United Kingdom,GBR,england,,,Linux-6.4.0-150700.53.73-default-x86_64-with-glibc2.38,3.12.12,3.3.0,8,AMD EPYC 7543P 32-Core Processor,1,1 x NVIDIA A100-SXM4-40GB,-2.5917,51.4535,64,machine,0.0,19.0,4.1,10.423954010009766,N,1.0,0.0
2026-09-27T07:33:32,mobilevit_xxs_batch21_node_0_evaluate,9c211e56-a343-4a72-873f-2d71cc00373a,5b0fa12a-3dd7-45bb-9766-cc326314d9f1,6.591705091763288,2.5246125075942193e-05,3.8299840063367925e-06,22.534600415625,32.804149011092576,20.0,2.2233976493540774e-05,6.438449594270423e-05,1.9641182160315417e-05,0.00010625965459656041,0.0,United Kingdom,GBR,england,,,Linux-6.4.0-150700.53.73-default-x86_64-with-glibc2.38,3.12.12,3.3.0,8,AMD EPYC 7543P 32-Core Processor,1,1 x NVIDIA A100-SXM4-40GB,-2.5917,51.4535,64,machine,0.0,11.666666666666666,4.1,10.394053141276041,N,1.0,0.0
2026-09-27T07:33:40,mobilevit_xxs_batch21_node_3_evaluate,5bbf240e-ab9e-4b75-a705-89bba0847f50,5b0fa12a-3dd7-45bb-9766-cc326314d9f1,7.52091497881338,3.137434844852948e-05,4.171613232819658e-06,22.54990480875,382.81123060105836,20.0,2.8062038931254582e-05,7.92195078105351e-05,2.477148790429864e-05,0.00013205303464608833,0.0,United Kingdom,GBR,england,,,Linux-6.4.0-150700.53.73-default-x86_64-with-glibc2.38,3.12.12,3.3.0,8,AMD EPYC 7543P 32-Core Processor,1,1 x NVIDIA A100-SXM4-40GB,-2.5917,51.4535,64,machine,16.675,7.5,4.1,10.41859245300293,N,1.0,0.0
2026-09-27T07:34:19,mobilenet_v3_small_batch22_node_0_local_train,641c87e4-bdda-42d3-834c-ba5be4b1aa55,5b0fa12a-3dd7-45bb-9766-cc326314d9f1,8.407621168997139,3.6255271928440266e-05,4.3121914272411015e-06,22.536888750000003,30.58304416476346,20.0,3.342956522315696e-05,8.957840498169389e-05,2.9588622770582637e-05,0.0001525965929754335,0.0,United Kingdom,GBR,england,,,Linux-6.4.0-150700.53.73-default-x86_64-with-glibc2.38,3.12.12,3.3.0,8,AMD EPYC 7543P 32-Core Processor,1,1 x NVIDIA A100-SXM4-40GB,-2.5917,51.4535,64,machine,0.0,2.0,3.96,9.984909820556641,N,1.0,0.0
2026-09-27T07:34:31,mobilenet_v3_small_batch22_node_0_evaluate,ce0b6067-81b5-4aa4-9a3a-6ac1909d7bf8,5b0fa12a-3dd7-45bb-9766-cc326314d9f1,12.130991437938064,6.097636298803463e-05,5.026494602686731e-06,22.538703906000002,29.652986390268282,20.0,5.693811598298664e-05,0.00014933261947192022,5.03756706835702e-05,0.0002566464061384771,0.0,United Kingdom,GBR,england,,,Linux-6.4.0-150700.53.73-default-x86_64-with-glibc2.38,3.12.12,3.3.0,8,AMD EPYC 7543P 32-Core Processor,1,1 x NVIDIA A100-SXM4-40GB,-2.5917,51.4535,64,machine,27.4,1.1111111111111112,4.0,10.097408294677734,N,1.0,0.0
2026-09-27T07:34:44,mobilenet_v3_small_batch22_node_1_local_train,6552fa63-499c-4acb-aa3a-4f1d1d050c1d,5b0fa12a-3dd7-45bb-9766-cc326314d9f1,12.966675797011703,6.769348256899623e-05,5.220573385863233e-06,22.5879949575,30.426573813186174,20.0,6.24802233302179e-05,0.00016740402280390754,5.503417420097523e-05,0.00028491842033510065,0.0,United Kingdom,GBR,england,,,Linux-6.4.0-150700.53.73-default-x86_64-with-glibc2.38,3.12.12,3.3.0,8,AMD EPYC 7543P 32-Core Processor,1,1 x NVIDIA A100-SXM4-40GB,-2.5917,51.4535,64,machine,0.0,3.5555555555555554,4.0,10.107919057210287,N,1.0,0.0
2026-09-27T07:34:56,mobilenet_v3_small_batch22_node_1_evaluate,1ed7e798-4710-4924-b262-092c780d4ea3,5b0fa12a-3dd7-45bb-9766-cc326314d9f1,11.978661008179188,6.016565130681231e-05,5.02273595235147e-06,22.60233316125,29.767362987245818,20.0,5.630710139157337e-05,0.00014739261791874014,4.95344426534656e-05,0.0002532341619637791,0.0,United Kingdom,GBR,england,,,Linux-6.4.0-150700.53.73-default-x86_64-with-glibc2.38,3.12.12,3.3.0,8,AMD EPYC 7543P 32-Core Processor,1,1 x NVIDIA A100-SXM4-40GB,-2.5917,51.4535,64,machine,0.0,1.5,4.0125,10.130828380584717,N,1.0,0.0
2026-09-27T07:35:00,mobilenet_v3_small_batch22_node_2_local_train,dc004604-526d-44bd-8139-66ca27e97ec7,5b0fa12a-3dd7-45bb-9766-cc326314d9f1,3.448571096174419,2.5453393965746515e-06,7.380852317060409e-07,22.51604448,36.36370585154834,20.0,2.160586908170472e-06,6.696672031125672e-06,1.8559449404064152e-06,1.071320387970256e-05,0.0,United Kingdom,GBR,england,,,Linux-6.4.0-150700.53.73-default-x86_64-with-glibc2.38,3.12.12,3.3.0,8,AMD EPYC 7543P 32-Core Processor,1,1 x NVIDIA A100-SXM4-40GB,-2.5917,51.4535,64,machine,0,0,0,0,N,1.0,0.0
2026-09-27T07:35:08,mobilenet_v3_small_batch22_node_2_evaluate,30e93580-548b-4908-bed2-4f384aa5d070,5b0fa12a-3dd7-45bb-9766-cc326314d9f1,8.362903385888785,3.590159170155808e-05,4.292957845493818e-06,22.559918197500004,29.940286456077487,20.0,3.340761262516159e-05,8.822062613944581e-05,2.9479732149694533e-05,0.00015110797091430193,0.0,United Kingdom,GBR,england,,,Linux-6.4.0-150700.53.73-default-x86_64-with-glibc2.38,3.12.12,3.3.0,8,AMD EPYC 7543P 32-Core Processor,1,1 x NVIDIA A100-SXM4-40GB,-2.5917,51.4535,64,machine,0.0,2.0,4.0,10.098728942871094,N,1.0,0.0
2026-09-27T07:35:13,mobilenet_v3_small_batch22_node_3_local_train,877b50a3-1e3f-4d68-9aa2-1d9c35a78241,5b0fa12a-3dd7-45bb-9766-cc326314d9f1,4.737187996972352,1.1670508106266483e-05,2.4635940380084934e-06,22.524300303750003,31.383735056763896,20.0,1.0586043788557124e-05,2.9212245593157604e-05,9.32228482949237e-06,4.91205742112071e-05,0.0,United Kingdom,GBR,england,,,Linux-6.4.0-150700.53.73-default-x86_64-with-glibc2.38,3.12.12,3.3.0,8,AMD EPYC 7543P 32-Core Processor,1,1 x NVIDIA A100-SXM4-40GB,-2.5917,51.4535,64,machine,0.0,6.0,4.0,10.124568939208984,N,1.0,0.0
2026-09-27T07:35:23,mobilenet_v3_small_batch22_node_3_evaluate,9161842a-40da-460a-bd87-4c8acfb6b2ed,5b0fa12a-3dd7-45bb-9766-cc326314d9f1,10.148939453065395,4.751421455687264e-05,4.68169258242263e-06,22.5851704875,29.478932257260464,20.0,4.46750886455672e-05,0.00011595925943197471,3.935056097495059e-05,0.00019998490905249252,0.0,United Kingdom,GBR,england,,,Linux-6.4.0-150700.53.73-default-x86_64-with-glibc2.38,3.12.12,3.3.0,8,AMD EPYC 7543P 32-Core Processor,1,1 x NVIDIA A100-SXM4-40GB,-2.5917,51.4535,64,machine,0.0,1.2857142857142858,4.0,10.10703877040318,N,1.0,0.0
2026-09-27T07:35:27,mobilenet_v3_small_batch22_node_0_knowledge_extraction,ea06f676-125c-48c0-81a5-5b4f23b1f883,5b0fa12a-3dd7-45bb-9766-cc326314d9f1,3.849696261342615,5.410273714877114e-06,1.4053767745796741e-06,22.5668081925,30.218488888629032,20.0,5.066234629928843e-06,1.3292232864614562e-05,4.413099012648065e-06,2.277156650719147e-05,0.0,United Kingdom,GBR,england,,,Linux-6.4.0-150700.53.73-default-x86_64-with-glibc2.38,3.12.12,3.3.0,8,AMD EPYC 7543P 32-Core Processor,1,1 x NVIDIA A100-SXM4-40GB,-2.5917,51.4535,64,machine,0,0,0,0,N,1.0,0.0
2026-09-27T07:35:31,mobilenet_v3_small_batch22_node_1_knowledge_extraction,37193202-957f-4bf8-a1c9-510d06b032d6,5b0fa12a-3dd7-45bb-9766-cc326314d9f1,3.973831558134407,6.16989756780523e-06,1.552631881231979e-06,22.61389248,29.68976901861513,20.0,5.8439491955001525e-06,1.5043623136534734e-05,5.081212282594708e-06,2.5968784614629594e-05,0.0,United Kingdom,GBR,england,,,Linux-6.4.0-150700.53.73-default-x86_64-with-glibc2.38,3.12.12,3.3.0,8,AMD EPYC 7543P 32-Core Processor,1,1 x NVIDIA A100-SXM4-40GB,-2.5917,51.4535,64,machine,0,0,0,0,N,1.0,0.0
2026-09-27T07:35:34,mobilenet_v3_small_batch22_node_2_knowledge_extraction,80afcf73-ea7d-4ada-bf3b-687209daf319,5b0fa12a-3dd7-45bb-9766-cc326314d9f1,3.176499507855624,7.285942200106577e-07,2.2937016618728003e-07,22.65000643125,26.791742968930745,20.0,7.908791628641343e-07,1.646945761990537e-06,6.287910380504199e-07,3.0666159629050912e-06,0.0,United Kingdom,GBR,england,,,Linux-6.4.0-150700.53.73-default-x86_64-with-glibc2.38,3.12.12,3.3.0,8,AMD EPYC 7543P 32-Core Processor,1,1 x NVIDIA A100-SXM4-40GB,-2.5917,51.4535,64,machine,0,0,0,0,N,1.0,0.0
2026-09-27T07:35:38,mobilenet_v3_small_batch22_node_3_knowledge_extraction,cde24493-ab98-465d-bc4d-fcfab12ebe3b,5b0fa12a-3dd7-45bb-9766-cc326314d9f1,3.382621376775205,2.513897564850562e-06,7.431802986023715e-07,22.638472638750002,37.132250401011795,20.0,2.1277944164285053e-06,6.644172003689164e-06,1.8089003912690613e-06,1.058086681138673e-05,0.0,United Kingdom,GBR,england,,,Linux-6.4.0-150700.53.73-default-x86_64-with-glibc2.38,3.12.12,3.3.0,8,AMD EPYC 7543P 32-Core Processor,1,1 x NVIDIA A100-SXM4-40GB,-2.5917,51.4535,64,machine,0,0,0,0,N,1.0,0.0
2026-09-27T07:35:43,mobilenet_v3_small_batch22_node_0_distill,7b9f3cb1-dc7d-4271-ad2d-d0ea6dcacf47,5b0fa12a-3dd7-45bb-9766-cc326314d9f1,5.4559698309749365,1.6599456233263596e-05,3.0424391533516617e-06,22.531845116250004,31.086119857806853,20.0,1.5116279332558404e-05,4.1413644254362225e-05,1.3336342247202992e-05,6.986626583412362e-05,0.0,United Kingdom,GBR,england,,,Linux-6.4.0-150700.53.73-default-x86_64-with-glibc2.38,3.12.12,3.3.0,8,AMD EPYC 7543P 32-Core Processor,1,1 x NVIDIA A100-SXM4-40GB,-2.5917,51.4535,64,machine,0.0,7.0,4.1,10.280326843261719,N,1.0,0.0
2026-09-27T07:35:50,mobilenet_v3_small_batch22_node_1_distill,dbc58bda-da6a-4487-a06d-049b7ce21baa,5b0fa12a-3dd7-45bb-9766-cc326314d9f1,6.139296707231551,2.153331829441014e-05,3.507456850724577e-06,22.55185103625,327.19689952678567,20.0,1.941936600475788e-05,5.4094209929189674e-05,1.7119064021648632e-05,9.063263995559619e-05,0.0,United Kingdom,GBR,england,,,Linux-6.4.0-150700.53.73-default-x86_64-with-glibc2.38,3.12.12,3.3.0,8,AMD EPYC 7543P 32-Core Processor,1,1 x NVIDIA A100-SXM4-40GB,-2.5917,51.4535,64,machine,0.0,9.333333333333334,4.1,10.330121358235678,N,1.0,0.0
2026-09-27T07:35:55,mobilenet_v3_small_batch22_node_3_distill,be50d7d9-64b0-495d-9b87-37b83ee532a9,5b0fa12a-3dd7-45bb-9766-cc326314d9f1,5.495078521315008,1.6484577139386016e-05,2.9998801792264742e-06,22.558347202500002,29.944863765895697,20.0,1.5381366460485845e-05,4.046447681105292e-05,1.353690230753273e-05,6.938274557907148e-05,0.0,United Kingdom,GBR,england,,,Linux-6.4.0-150700.53.73-default-x86_64-with-glibc2.38,3.12.12,3.3.0,8,AMD EPYC 7543P 32-Core Processor,1,1 x NVIDIA A100-SXM4-40GB,-2.5917,51.4535,64,machine,0.0,3.5,4.1,10.301750183105469,N,1.0,0.0
2026-09-27T07:36:04,mobilenet_v3_small_batch22_node_0_evaluate,d323ca8e-6a2d-44a0-babd-a6b2f139c9d7,5b0fa12a-3dd7-45bb-9766-cc326314d9f1,8.466718644835055,3.656938480311058e-05,4.319192161348006e-06,22.564889977500002,29.964101594614924,20.0,3.403084194245244e-05,8.987729412979206e-05,3.0010541994124652e-05,0.00015391867806636915,0.0,United Kingdom,GBR,england,,,Linux-6.4.0-150700.53.73-default-x86_64-with-glibc2.38,3.12.12,3.3.0,8,AMD EPYC 7543P 32-Core Processor,1,1 x NVIDIA A100-SXM4-40GB,-2.5917,51.4535,64,machine,0.0,2.4,4.1,10.304228973388671,N,1.0,0.0
2026-09-27T07:36:10,mobilenet_v3_small_batch22_node_1_evaluate,f0d0d0b4-f130-45ab-8fd8-9fb0fdfbf472,5b0fa12a-3dd7-45bb-9766-cc326314d9f1,6.567689081188291,2.3867036457081695e-05,3.6340082732362588e-06,22.5303444478125,30.183810267017105,20.0,2.2082105673457753e-05,5.885865820687286e-05,1.9514376959866947e-05,0.00010045514084019755,0.0,United Kingdom,GBR,england,,,Linux-6.4.0-150700.53.73-default-x86_64-with-glibc2.38,3.12.12,3.3.0,8,AMD EPYC 7543P 32-Core Processor,1,1 x NVIDIA A100-SXM4-40GB,-2.5917,51.4535,64,machine,0.0,3.6666666666666665,4.1,10.293322245279947,N,1.0,0.0
2026-09-27T07:36:17,mobilenet_v3_small_batch22_node_3_evaluate,eeeadfd4-8ea9-4055-aa40-7e9bfbff18ed,5b0fa12a-3dd7-45bb-9766-cc326314d9f1,6.523065946996212,2.332123941497015e-05,3.575196020470908e-06,22.524586259062502,29.78140584680675,20.0,2.1741384003736128e-05,5.719671241877222e-05,1.921981246624556e-05,9.815790888875391e-05,0.0,United Kingdom,GBR,england,,,Linux-6.4.0-150700.53.73-default-x86_64-with-glibc2.38,3.12.12,3.3.0,8,AMD EPYC 7543P 32-Core Processor,1,1 x NVIDIA A100-SXM4-40GB,-2.5917,51.4535,64,machine,0.0,3.6666666666666665,4.1,10.294137318929037,N,1.0,0.0
2026-09-27T07:36:24,efficientnet_lite0_batch22_node_0_local_train,0159883c-a999-4da2-9ef3-e5eb425ec757,5b0fa12a-3dd7-45bb-9766-cc326314d9f1,4.380298533011228,1.0608606035565775e-05,2.4218911007129256e-06,22.531846820625002,39.878056241069885,20.0,8.306297537294861e-06,2.9046689903111655e-05,7.298095040540728e-06,4.4651082480947246e-05,0.0,United Kingdom,GBR,england,,,Linux-6.4.0-150700.53.73-default-x86_64-with-glibc2.38,3.12.12,3.3.0,8,AMD EPYC 7543P 32-Core Processor,1,1 x NVIDIA A100-SXM4-40GB,-2.5917,51.4535,64,machine,0.0,28.0,4.1,10.359569549560547,N,1.0,0.0
2026-09-27T07:36:32,efficientnet_lite0_batch22_node_0_evaluate,573c68b8-e80c-438b-991f-6a4d4600c9a1,5b0fa12a-3dd7-45bb-9766-cc326314d9f1,8.527947269380093,3.85833958784058e-05,4.524347379226991e-06,22.56149206125,32.12930282627894,20.0,3.444106027694336e-05,9.757174473179475e-05,3.0382743094944293e-05,0.00016239554810368241,0.0,United Kingdom,GBR,england,,,Linux-6.4.0-150700.53.73-default-x86_64-with-glibc2.38,3.12.12,3.3.0,8,AMD EPYC 7543P 32-Core Processor,1,1 x NVIDIA A100-SXM4-40GB,-2.5917,51.4535,64,machine,0.0,4.4,4.1,10.365254974365234,N,1.0,0.0
2026-09-27T07:36:38,efficientnet_lite0_batch22_node_1_local_train,f1cbda7e-b7e6-4664-9279-4abe4f53c0b0,5b0fa12a-3dd7-45bb-9766-cc326314d9f1,5.349909719079733,1.8810970912156802e-05,3.516128663829598e-06,22.519968693750002,40.866683811517035,20.0,1.4428778636782063e-05,5.200559716911357e-05,1.2740042673734328e-05,7.917441847962996e-05,0.0,United Kingdom,GBR,england,,,Linux-6.4.0-150700.53.73-default-x86_64-with-glibc2.38,3.12.12,3.3.0,8,AMD EPYC 7543P 32-Core Processor,1,1 x NVIDIA A100-SXM4-40GB,-2.5917,51.4535,64,machine,0.0,27.0,4.1,10.372236251831055,N,1.0,0.0
2026-09-27T07:36:46,efficientnet_lite0_batch22_node_1_evaluate,b8edaf86-a889-45ee-a1a9-1498d214e0f9,5b0fa12a-3dd7-45bb-9766-cc326314d9f1,8.806184032000601,4.0634957132124965e-05,4.614366107324407e-06,22.582483633125,32.19595697243901,20.0,3.62727126504669e-05,0.00010281063781292232,3.194711446606864e-05,0.00017103046492945788,0.0,United Kingdom,GBR,england,,,Linux-6.4.0-150700.53.73-default-x86_64-with-glibc2.38,3.12.12,3.3.0,8,AMD EPYC 7543P 32-Core Processor,1,1 x NVIDIA A100-SXM4-40GB,-2.5917,51.4535,64,machine,0.0,2.6,4.1,10.342293548583985,N,1.0,0.0
2026-09-27T07:36:50,efficientnet_lite0_batch22_node_2_local_train,9009bd4c-699b-4ca8-86d3-6d9d6be6192c,5b0fa12a-3dd7-45bb-9766-cc326314d9f1,3.199208282865584,1.2744178865448937e-06,3.983541469839458e-07,22.52413071,365.5998111188664,20.0,9.69584923806242e-07,3.5975028964685407e-06,7.968721549130148e-07,5.363959975187797e-06,0.0,United Kingdom,GBR,england,,,Linux-6.4.0-150700.53.73-default-x86_64-with-glibc2.38,3.12.12,3.3.0,8,AMD EPYC 7543P 32-Core Processor,1,1 x NVIDIA A100-SXM4-40GB,-2.5917,51.4535,64,machine,0,0,0,0,N,1.0,0.0
2026-09-27T07:36:56,efficientnet_lite0_batch22_node_2_evaluate,ab555786-c835-4168-a182-7bff04f2b4c5,5b0fa12a-3dd7-45bb-9766-cc326314d9f1,6.529944700188935,2.4793246168013648e-05,3.796853925469888e-06,22.5212045090625,32.9814994516869,20.0,2.175578835938871e-05,6.336755069469291e-05,1.9230171285259228e-05,0.00010435351033934084,0.0,United Kingdom,GBR,england,,,Linux-6.4.0-150700.53.73-default-x86_64-with-glibc2.38,3.12.12,3.3.0,8,AMD EPYC 7543P 32-Core Processor,1,1 x NVIDIA A100-SXM4-40GB,-2.5917,51.4535,64,machine,0.0,5.666666666666667,4.1,10.34267552693685,N,1.0,0.0
2026-09-27T07:37:00,efficientnet_lite0_batch22_node_3_local_train,abfde74f-d517-4dc5-bd56-93e315e965c6,5b0fa12a-3dd7-45bb-9766-cc326314d9f1,3.742882404010743,5.5987459622316745e-06,1.4958380621929913e-06,22.56218015625,41.53036728769046,20.0,4.31047468506794e-06,1.5506401297216144e-05,3.7479606146613756e-06,2.356483659694546e-05,0.0,United Kingdom,GBR,england,,,Linux-6.4.0-150700.53.73-default-x86_64-with-glibc2.38,3.12.12,3.3.0,8,AMD EPYC 7543P 32-Core Processor,1,1 x NVIDIA A100-SXM4-40GB,-2.5917,51.4535,64,machine,0,0,0,0,N,1.0,0.0
2026-09-27T07:37:07,efficientnet_lite0_batch22_node_3_evaluate,d1cdcb02-56eb-4639-aed3-f86305b200c6,5b0fa12a-3dd7-45bb-9766-cc326314d9f1,6.6284455810673535,2.5726528381812927e-05,3.881230986537009e-06,22.5222467259375,33.27535040664884,20.0,2.244005020135643e-05,6.599449723410089e-05,1.9847100207375158e-05,0.00010828164764283249,0.0,United Kingdom,GBR,england,,,Linux-6.4.0-150700.53.73-default-x86_64-with-glibc2.38,3.12.12,3.3.0,8,AMD EPYC 7543P 32-Core Processor,1,1 x NVIDIA A100-SXM4-40GB,-2.5917,51.4535,64,machine,0.0,4.333333333333333,4.1,10.325684865315756,N,1.0,0.0
2026-09-27T07:37:10,efficientnet_lite0_batch22_node_0_knowledge_extraction,b15ed0d4-be41-444e-9d34-f1004b1cddbc,5b0fa12a-3dd7-45bb-9766-cc326314d9f1,3.5693549034185708,4.107736103174267e-06,1.1508343144135255e-06,22.627545840000003,39.60932281818136,20.0,3.298741124258224e-06,1.1156397803802065e-05,2.8341131129612526e-06,1.728925204102154e-05,0.0,United Kingdom,GBR,england,,,Linux-6.4.0-150700.53.73-default-x86_64-with-glibc2.38,3.12.12,3.3.0,8,AMD EPYC 7543P 32-Core Processor,1,1 x NVIDIA A100-SXM4-40GB,-2.5917,51.4535,64,machine,0,0,0,0,N,1.0,0.0
2026-09-27T07:37:14,efficientnet_lite0_batch22_node_1_knowledge_extraction,26fb0b0b-0b88-4702-82e4-38cc46513034,5b0fa12a-3dd7-45bb-9766-cc326314d9f1,4.061299754306674,7.5349670669303e-06,1.8553092661875274e-06,22.55461344,386.1583172474648,20.0,6.388029105521945e-06,1.9740571346460456e-05,5.585692158072359e-06,3.171429261005476e-05,0.0,United Kingdom,GBR,england,,,Linux-6.4.0-150700.53.73-default-x86_64-with-glibc2.38,3.12.12,3.3.0,8,AMD EPYC 7543P 32-Core Processor,1,1 x NVIDIA A100-SXM4-40GB,-2.5917,51.4535,64,machine,0.0,8.0,4.1,10.33652114868164,N,1.0,0.0
2026-09-27T07:37:19,efficientnet_lite0_batch22_node_2_knowledge_extraction,cc6d9c87-f01d-4235-89fb-d43bc78048a0,5b0fa12a-3dd7-45bb-9766-cc326314d9f1,4.734868002124131,1.1417098662149345e-05,2.4112812980272035e-06,22.59930346875,378.79407229096574,20.0,1.0652309260353799e-05,2.808113357843922e-05,9.320543928899699e-06,4.805398676769272e-05,0.0,United Kingdom,GBR,england,,,Linux-6.4.0-150700.53.73-default-x86_64-with-glibc2.38,3.12.12,3.3.0,8,AMD EPYC 7543P 32-Core Processor,1,1 x NVIDIA A100-SXM4-40GB,-2.5917,51.4535,64,machine,0.0,0.0,4.1,10.340885162353516,N,1.0,0.0
2026-09-27T07:37:26,mobilevit_xxs_batch22_node_0_local_train,4cfea39d-305c-4f54-94cf-76313fe9408a,5b0fa12a-3dd7-45bb-9766-cc326314d9f1,5.006989076733589,1.4724022934971701e-05,2.940694039735596e-06,22.526106148125002,36.28707507376833,20.0,1.2212109580396648e-05,3.8998920103949786e-05,1.0761632917759319e-05,6.197266260210575e-05,0.0,United Kingdom,GBR,england,,,Linux-6.4.0-150700.53.73-default-x86_64-with-glibc2.38,3.12.12,3.3.0,8,AMD EPYC 7543P 32-Core Processor,1,1 x NVIDIA A100-SXM4-40GB,-2.5917,51.4535,64,machine,50.0,21.0,4.1,10.377017974853516,N,1.0,0.0
2026-09-27T07:37:33,mobilevit_xxs_batch22_node_0_evaluate,0225f2fc-29b4-49f5-b9da-f5638899abb8,5b0fa12a-3dd7-45bb-9766-cc326314d9f1,6.673284457065165,2.5573496745744013e-05,3.832220387169131e-06,22.5234665859375,32.33352992882868,20.0,2.270183748638206e-05,6.486144077655354e-05,2.0074267017965516e-05,0.0001076375452809011,0.0,United Kingdom,GBR,england,,,Linux-6.4.0-150700.53.73-default-x86_64-with-glibc2.38,3.12.12,3.3.0,8,AMD EPYC 7543P 32-Core Processor,1,1 x NVIDIA A100-SXM4-40GB,-2.5917,51.4535,64,machine,0.0,10.0,4.1,10.350903828938803,N,1.0,0.0
2026-09-27T07:37:40,mobilevit_xxs_batch22_node_1_local_train,421801d6-f7cf-4753-8962-f163f8e7a896,5b0fa12a-3dd7-45bb-9766-cc326314d9f1,6.583963576238602,2.6854277658378573e-05,4.078740313098806e-06,22.52564834625,36.425279094769586,20.0,2.215911119132121e-05,7.128477923856735e-05,1.958439647892697e-05,0.00011302828690881553,0.0,United Kingdom,GBR,england,,,Linux-6.4.0-150700.53.73-default-x86_64-with-glibc2.38,3.12.12,3.3.0,8,AMD EPYC 7543P 32-Core Processor,1,1 x NVIDIA A100-SXM4-40GB,-2.5917,51.4535,64,machine,0.0,20.666666666666668,4.1,10.387617746988932,N,1.0,0.0
2026-09-27T07:37:48,mobilevit_xxs_batch22_node_1_evaluate,a52c6dea-1666-4c35-8d30-2158af7ab934,5b0fa12a-3dd7-45bb-9766-cc326314d9f1,8.503133514896035,3.7807558341166594e-05,4.446308913641568e-06,22.558438040625,31.318949816914078,20.0,3.426935679647773e-05,9.462368680601685e-05,3.023704382228769e-05,0.00015913008742478226,0.0,United Kingdom,GBR,england,,,Linux-6.4.0-150700.53.73-default-x86_64-with-glibc2.38,3.12.12,3.3.0,8,AMD EPYC 7543P 32-Core Processor,1,1 x NVIDIA A100-SXM4-40GB,-2.5917,51.4535,64,machine,0.0,5.0,4.1,10.391299438476562,N,1.0,0.0
2026-09-27T07:37:51,mobilevit_xxs_batch22_node_2_local_train,5ae4cc6f-69fc-4a04-95a9-a1b48b3266fb,5b0fa12a-3dd7-45bb-9766-cc326314d9f1,3.285565654747188,1.4893595287574082e-06,4.533038402703929e-07,22.522981826250003,28.286120466004714,20.0,1.4934427893853016e-06,3.516947273851656e-06,1.2582483365096981e-06,6.268638399746656e-06,0.0,United Kingdom,GBR,england,,,Linux-6.4.0-150700.53.73-default-x86_64-with-glibc2.38,3.12.12,3.3.0,8,AMD EPYC 7543P 32-Core Processor,1,1 x NVIDIA A100-SXM4-40GB,-2.5917,51.4535,64,machine,0,0,0,0,N,1.0,0.0
2026-09-27T07:37:58,mobilevit_xxs_batch22_node_2_evaluate,655c4a0a-f01e-4225-b3a5-71144b601bf1,5b0fa12a-3dd7-45bb-9766-cc326314d9f1,6.659220980945975,2.541007407703889e-05,3.81577276827796e-06,22.52230426125,32.156402282924766,20.0,2.262913775309867e-05,6.4307829234167e-05,2.0012740604579448e-05,0.00010694970759184512,0.0,United Kingdom,GBR,england,,,Linux-6.4.0-150700.53.73-default-x86_64-with-glibc2.38,3.12.12,3.3.0,8,AMD EPYC 7543P 32-Core Processor,1,1 x NVIDIA A100-SXM4-40GB,-2.5917,51.4535,64,machine,0.0,9.0,4.1,10.362983703613281,N,1.0,0.0
2026-09-27T07:38:02,mobilevit_xxs_batch22_node_3_local_train,c031e735-4d94-4fb1-8624-ac52f0bfa914,5b0fa12a-3dd7-45bb-9766-cc326314d9f1,4.107747060712427,8.318131203198719e-06,2.024986222436993e-06,22.53166371,38.73013733683355,20.0,6.649773037821682e-06,2.252946246983356e-05,5.831355063451662e-06,3.501059057110691e-05,0.0,United Kingdom,GBR,england,,,Linux-6.4.0-150700.53.73-default-x86_64-with-glibc2.38,3.12.12,3.3.0,8,AMD EPYC 7543P 32-Core Processor,1,1 x NVIDIA A100-SXM4-40GB,-2.5917,51.4535,64,machine,0.0,37.0,4.1,10.392040252685547,N,1.0,0.0
2026-09-27T07:38:09,mobilevit_xxs_batch22_node_3_evaluate,14471003-8cc6-483d-8ee2-2686b30c5e41,5b0fa12a-3dd7-45bb-9766-cc326314d9f1,6.605347658973187,2.525944860357197e-05,3.824090707664371e-06,22.522496383125002,385.6061163460751,20.0,2.2299444747361414e-05,6.431227366476833e-05,1.9704014233623943e-05,0.00010631573264575368,0.0,United Kingdom,GBR,england,,,Linux-6.4.0-150700.53.73-default-x86_64-with-glibc2.38,3.12.12,3.3.0,8,AMD EPYC 7543P 32-Core Processor,1,1 x NVIDIA A100-SXM4-40GB,-2.5917,51.4535,64,machine,0.0,13.666666666666666,4.1,10.36484400431315,N,1.0,0.0
2026-09-27T07:38:12,mobilevit_xxs_batch22_node_2_knowledge_extraction,6aeac111-01cd-48fa-83c1-af873977a72f,5b0fa12a-3dd7-45bb-9766-cc326314d9f1,3.1892877579666674,7.807347562270624e-07,2.447990948063026e-07,22.59529569,25.050861971995232,20.0,8.709650420354957e-07,1.7158346992118823e-06,6.99273082945082e-07,3.28607282419246e-06,0.0,United Kingdom,GBR,england,,,Linux-6.4.0-150700.53.73-default-x86_64-with-glibc2.38,3.12.12,3.3.0,8,AMD EPYC 7543P 32-Core Processor,1,1 x NVIDIA A100-SXM4-40GB,-2.5917,51.4535,64,machine,0,0,0,0,N,1.0,0.0
2026-09-27T07:38:17,mobilevit_xxs_batch22_node_0_distill,b9d8f370-0397-4612-ac51-f1cef13a2082,5b0fa12a-3dd7-45bb-9766-cc326314d9f1,4.551410565152764,1.1588690763263812e-05,2.546175652003578e-06,22.525365099375,37.46685075601465,20.0,9.43295857750619e-06,3.1043358177385016e-05,8.299892426778873e-06,4.877620918167008e-05,0.0,United Kingdom,GBR,england,,,Linux-6.4.0-150700.53.73-default-x86_64-with-glibc2.38,3.12.12,3.3.0,8,AMD EPYC 7543P 32-Core Processor,1,1 x NVIDIA A100-SXM4-40GB,-2.5917,51.4535,64,machine,0.0,28.0,4.1,10.370487213134766,N,1.0,0.0
2026-09-27T07:38:24,mobilevit_xxs_batch22_node_1_distill,d681edd1-7191-48a5-9461-3a14299e1c3d,5b0fa12a-3dd7-45bb-9766-cc326314d9f1,7.187480472959578,3.0049027000712497e-05,4.180745549676499e-06,22.551951496500003,33.94876249913931,20.0,2.5943315696624264e-05,7.764311767743948e-05,2.2888390800087815e-05,0.00012647482417415157,0.0,United Kingdom,GBR,england,,,Linux-6.4.0-150700.53.73-default-x86_64-with-glibc2.38,3.12.12,3.3.0,8,AMD EPYC 7543P 32-Core Processor,1,1 x NVIDIA A100-SXM4-40GB,-2.5917,51.4535,64,machine,0.0,16.0,4.1,10.403016090393066,N,1.0,0.0
2026-09-27T07:38:28,mobilevit_xxs_batch22_node_3_distill,6235b147-6a37-48c4-8e30-6308abf47f0a,5b0fa12a-3dd7-45bb-9766-cc326314d9f1,4.012234617955983,7.025938030038061e-06,1.751128410735212e-06,22.5538085025,34.769756025446895,20.0,6.03013627771577e-06,1.8272236843586143e-05,5.269442198591099e-06,2.9571815319893012e-05,0.0,United Kingdom,GBR,england,,,Linux-6.4.0-150700.53.73-default-x86_64-with-glibc2.38,3.12.12,3.3.0,8,AMD EPYC 7543P 32-Core Processor,1,1 x NVIDIA A100-SXM4-40GB,-2.5917,51.4535,64,machine,0,0,0,0,N,1.0,0.0
2026-09-27T07:38:35,mobilevit_xxs_batch22_node_0_evaluate,37fc1fde-ddd0-4472-ab26-ea4800f68d6a,5b0fa12a-3dd7-45bb-9766-cc326314d9f1,6.5609417469240725,2.4809164663136515e-05,3.7813420115744283e-06,22.520085139687502,32.39377880566426,20.0,2.1996776014364713e-05,6.296949482020864e-05,1.9454239639970994e-05,0.00010442051047454434,0.0,United Kingdom,GBR,england,,,Linux-6.4.0-150700.53.73-default-x86_64-with-glibc2.38,3.12.12,3.3.0,8,AMD EPYC 7543P 32-Core Processor,1,1 x NVIDIA A100-SXM4-40GB,-2.5917,51.4535,64,machine,0.0,10.0,4.1,10.39410654703776,N,1.0,0.0
2026-09-27T07:38:41,mobilevit_xxs_batch22_node_1_evaluate,ed478c57-0cdd-4ffc-a2c0-b98ad687eaca,5b0fa12a-3dd7-45bb-9766-cc326314d9f1,6.638417846057564,2.5483251337377753e-05,3.8387537404732355e-06,22.522028886562502,32.6370621633812,20.0,2.2492517196417167e-05,6.48728296681611e-05,1.9892360088932845e-05,0.00010725770695351112,0.0,United Kingdom,GBR,england,,,Linux-6.4.0-150700.53.73-default-x86_64-with-glibc2.38,3.12.12,3.3.0,8,AMD EPYC 7543P 32-Core Processor,1,1 x NVIDIA A100-SXM4-40GB,-2.5917,51.4535,64,machine,0.0,10.0,4.1,10.367013295491537,N,1.0,0.0
2026-09-27T07:38:48,mobilevit_xxs_batch22_node_3_evaluate,8efd2ca5-a165-4eab-b4a6-b4e652986579,5b0fa12a-3dd7-45bb-9766-cc326314d9f1,6.68243592698127,2.567517075621854e-05,3.84218734556832e-06,22.5243206296875,32.373458197905926,20.0,2.2775897516067256e-05,6.515060766787428e-05,2.0138980828536052e-05,0.0001080654860124776,0.0,United Kingdom,GBR,england,,,Linux-6.4.0-150700.53.73-default-x86_64-with-glibc2.38,3.12.12,3.3.0,8,AMD EPYC 7543P 32-Core Processor,1,1 x NVIDIA A100-SXM4-40GB,-2.5917,51.4535,64,machine,0.0,7.333333333333333,4.1,10.382560729980469,N,1.0,0.0
