timestamp,project_name,run_id,experiment_id,duration,emissions,emissions_rate,cpu_power,gpu_power,ram_power,cpu_energy,gpu_energy,ram_energy,energy_consumed,water_consumed,country_name,country_iso_code,region,cloud_provider,cloud_region,os,python_version,codecarbon_version,cpu_count,cpu_model,gpu_count,gpu_model,longitude,latitude,ram_total_size,tracking_mode,cpu_utilization_percent,gpu_utilization_percent,ram_utilization_percent,ram_used_gb,on_cloud,pue,wue
2026-09-27T05:50:34,mobilenet_v3_small_batch0_node_0_local_train,cde12bc6-02ae-43c7-8cf9-be77ce7c4846,5b0fa12a-3dd7-45bb-9766-cc326314d9f1,41.38004226679914,0.0006555673356053618,1.5842597051461922e-05,115.20003087180002,157.9528491879655,6.0,0.00122470854820505,0.0014708417322424339,6.369924543697076e-05,0.002759249525884455,0.0,United Kingdom,GBR,england,,,Linux-6.4.0-150600.23.73_15.0.14-cray_shasta_c_64k-aarch64-with-glibc2.38,3.11.7,3.3.0,72,Neoverse-V2,1,1 x NVIDIA GH200 120GB,-2.5917,51.4535,64,machine,0.7710526315789474,6.526315789473684,13.397368421052624,114.46443899054276,N,1.0,0.0
2026-09-27T05:50:45,mobilenet_v3_small_batch0_node_0_evaluate,56d5a640-98a3-498a-82fa-24976b6e8a33,5b0fa12a-3dd7-45bb-9766-cc326314d9f1,9.963043297175318,0.0001139716923046178,1.1439445649797648e-05,115.20000155520003,64.47455123100738,6.0,0.00022118911162838001,0.00024701325317266765,1.1498683246706304e-05,0.00047970104804775395,0.0,United Kingdom,GBR,england,,,Linux-6.4.0-150600.23.73_15.0.14-cray_shasta_c_64k-aarch64-with-glibc2.38,3.11.7,3.3.0,72,Neoverse-V2,1,1 x NVIDIA GH200 120GB,-2.5917,51.4535,64,machine,0.0,1.0,13.4,114.5006103515625,N,1.0,0.0
2026-09-27T05:51:23,mobilenet_v3_small_batch0_node_1_local_train,cb40dcb4-6a2f-460b-987a-26f6296fd890,5b0fa12a-3dd7-45bb-9766-cc326314d9f1,27.985284981084988,0.0004262409587317673,1.5230895773255834e-05,115.20020189520004,92.01046624961901,6.0,0.000797934712310582,0.0009545704858737736,4.152128760314857e-05,0.0017940264857875042,0.0,United Kingdom,GBR,england,,,Linux-6.4.0-150600.23.73_15.0.14-cray_shasta_c_64k-aarch64-with-glibc2.38,3.11.7,3.3.0,72,Neoverse-V2,1,1 x NVIDIA GH200 120GB,-2.5917,51.4535,64,machine,0.6708333333333334,6.708333333333333,16.508333333333336,141.30233001708984,N,1.0,0.0
2026-09-27T05:51:29,mobilenet_v3_small_batch0_node_1_evaluate,558db20e-a517-44ff-b0c6-fca5eb99bee0,5b0fa12a-3dd7-45bb-9766-cc326314d9f1,4.421214703004807,2.3083538487429708e-05,5.221085162804094e-06,115.20052591680002,68.2623093630951,6.0,4.377560546198305e-05,5.1129485342471526e-05,2.2523469869823507e-06,9.715743779143692e-05,0.0,United Kingdom,GBR,england,,,Linux-6.4.0-150600.23.73_15.0.14-cray_shasta_c_64k-aarch64-with-glibc2.38,3.11.7,3.3.0,72,Neoverse-V2,1,1 x NVIDIA GH200 120GB,-2.5917,51.4535,64,machine,0.0,3.0,17.0,145.2347412109375,N,1.0,0.0
2026-09-27T05:52:41,mobilenet_v3_small_batch0_node_0_exchange,43a0e10f-a7a5-4e96-abb6-9ffdcd3ab488,5b0fa12a-3dd7-45bb-9766-cc326314d9f1,25.593757779104635,0.00037865730585152755,1.4794908552298348e-05,115.20010491840002,135.33567484812056,6.0,0.0007211289995239963,0.0008471215110290586,2.549880381557159e-05,0.0015937493143686264,0.0,United Kingdom,GBR,england,,,Linux-6.4.0-150600.23.73_15.0.14-cray_shasta_c_64k-aarch64-with-glibc2.38,3.11.7,3.3.0,72,Neoverse-V2,1,1 x NVIDIA GH200 120GB,-2.5917,51.4535,64,machine,1.3727272727272728,4.909090909090909,17.0,145.49269797585228,N,1.0,0.0
2026-09-27T05:53:18,mobilenet_v3_small_batch0_node_1_exchange,721ef525-7a73-4e2c-a36a-14f136ce41bc,5b0fa12a-3dd7-45bb-9766-cc326314d9f1,20.50746884988621,0.00028355158715671116,1.3826747183296808e-05,115.20000756205717,135.7685567067244,6.0,0.0005585086159770845,0.0006288921697716887,6.053402604690442e-06,0.001193454188353464,0.0,United Kingdom,GBR,england,,,Linux-6.4.0-150600.23.73_15.0.14-cray_shasta_c_64k-aarch64-with-glibc2.38,3.11.7,3.3.0,72,Neoverse-V2,1,1 x NVIDIA GH200 120GB,-2.5917,51.4535,64,machine,1.3058823529411765,1.0588235294117647,17.0,145.49787095013787,N,1.0,0.0
2026-09-27T05:53:25,mobilenet_v3_small_batch0_node_0_evaluate,7481d04c-f020-454b-b15c-7c07446c4ecf,5b0fa12a-3dd7-45bb-9766-cc326314d9f1,5.068863493157551,3.346223650710589e-05,6.6015264668848355e-06,115.20001261440002,65.2195735532414,6.0,6.476226941669032e-05,7.272728041129994e-05,3.351299315302943e-06,0.0001408408491432932,0.0,United Kingdom,GBR,england,,,Linux-6.4.0-150600.23.73_15.0.14-cray_shasta_c_64k-aarch64-with-glibc2.38,3.11.7,3.3.0,72,Neoverse-V2,1,1 x NVIDIA GH200 120GB,-2.5917,51.4535,64,machine,0.0,1.5,17.0,145.48165893554688,N,1.0,0.0
2026-09-27T05:53:32,mobilenet_v3_small_batch0_node_1_evaluate,084dc221-10a6-4387-ae09-8a7cdc2f13fc,5b0fa12a-3dd7-45bb-9766-cc326314d9f1,5.422463400987908,3.820122337986276e-05,7.044994231386228e-06,115.20001710720003,125.8750855664261,6.0,7.59065032476597e-05,8.262173277273632e-05,2.2587675019167366e-06,0.00016078700352231275,0.0,United Kingdom,GBR,england,,,Linux-6.4.0-150600.23.73_15.0.14-cray_shasta_c_64k-aarch64-with-glibc2.38,3.11.7,3.3.0,72,Neoverse-V2,1,1 x NVIDIA GH200 120GB,-2.5917,51.4535,64,machine,0.0,1.5,17.0,145.48263549804688,N,1.0,0.0
2026-09-27T05:55:01,efficientnet_lite0_batch0_node_0_local_train,0e15e3ce-af1a-4763-8073-765a5d3032fd,5b0fa12a-3dd7-45bb-9766-cc326314d9f1,77.08530719997361,0.0013471705827912382,1.74763600448063e-05,115.20017164401291,153.0660514637175,6.0,0.002369173956378883,0.003162634752314375,0.00013836365951923655,0.005670172368212494,0.0,United Kingdom,GBR,england,,,Linux-6.4.0-150600.23.73_15.0.14-cray_shasta_c_64k-aarch64-with-glibc2.38,3.11.7,3.3.0,72,Neoverse-V2,1,1 x NVIDIA GH200 120GB,-2.5917,51.4535,64,machine,0.5594594594594594,9.81081081081081,17.36486486486485,148.93036713471284,N,1.0,0.0
2026-09-27T05:57:44,efficientnet_lite0_batch0_node_0_evaluate,ba31569c-8fe4-448b-8a1e-a3b7b2888bba,5b0fa12a-3dd7-45bb-9766-cc326314d9f1,7.08102761185728,6.725860383381686e-05,9.498424172388678e-06,115.20002401920001,134.6682352130223,6.0,0.00012908687475734923,0.0001506387316112523,3.362431519587214e-06,0.0002830880378881887,0.0,United Kingdom,GBR,england,,,Linux-6.4.0-150600.23.73_15.0.14-cray_shasta_c_64k-aarch64-with-glibc2.38,3.11.7,3.3.0,72,Neoverse-V2,1,1 x NVIDIA GH200 120GB,-2.5917,51.4535,64,machine,0.0,1.5,17.6,150.86859130859375,N,1.0,0.0
2026-09-27T05:58:18,efficientnet_lite0_batch0_node_1_local_train,6f0b4b93-2aa2-4735-a885-58fb4ec5f3a8,5b0fa12a-3dd7-45bb-9766-cc326314d9f1,33.13573770481162,0.0005733598106847642,1.7303366407367084e-05,115.20009953280001,190.42702713006872,6.0,0.0009626962415240627,0.001407124181255881,4.342181774787605e-05,0.00241324224052782,0.0,United Kingdom,GBR,england,,,Linux-6.4.0-150600.23.73_15.0.14-cray_shasta_c_64k-aarch64-with-glibc2.38,3.11.7,3.3.0,72,Neoverse-V2,1,1 x NVIDIA GH200 120GB,-2.5917,51.4535,64,machine,0.20666666666666667,14.766666666666667,17.60000000000001,150.87461954752604,N,1.0,0.0
2026-09-27T05:58:49,efficientnet_lite0_batch0_node_1_evaluate,e8df2ff6-d5c1-415c-be39-88080c4508f3,5b0fa12a-3dd7-45bb-9766-cc326314d9f1,5.412685715127736,4.020118609800949e-05,7.4272160280159114e-06,115.200007776,137.81363457634617,6.0,7.563815510820235e-05,9.132035083325718e-05,2.2462387984463327e-06,0.00016920474473990584,0.0,United Kingdom,GBR,england,,,Linux-6.4.0-150600.23.73_15.0.14-cray_shasta_c_64k-aarch64-with-glibc2.38,3.11.7,3.3.0,72,Neoverse-V2,1,1 x NVIDIA GH200 120GB,-2.5917,51.4535,64,machine,0.0,2.0,17.6,150.86703491210938,N,1.0,0.0
2026-09-27T05:59:29,efficientnet_lite0_batch0_node_0_exchange,44aa8e48-6506-46a7-b540-237a39861e38,5b0fa12a-3dd7-45bb-9766-cc326314d9f1,19.710376080824062,0.0003239902535886133,1.6437548033587178e-05,115.20002669184002,160.0239178994242,6.0,0.0005329598054643633,0.000804645088152256,2.6053582106639322e-05,0.0013636584757232585,0.0,United Kingdom,GBR,england,,,Linux-6.4.0-150600.23.73_15.0.14-cray_shasta_c_64k-aarch64-with-glibc2.38,3.11.7,3.3.0,72,Neoverse-V2,1,1 x NVIDIA GH200 120GB,-2.5917,51.4535,64,machine,0.89375,17.0625,17.599999999999998,150.88739395141602,N,1.0,0.0
2026-09-27T05:59:59,efficientnet_lite0_batch0_node_1_exchange,d9299778-044a-4227-beca-15ef4733d2b2,5b0fa12a-3dd7-45bb-9766-cc326314d9f1,6.836670126998797,7.332130687846976e-05,1.0724710351156988e-05,115.20001192320002,86.53425617822275,6.0,0.00012117573941446374,0.0001811401449032246,6.289761896866063e-06,0.0003086056462145544,0.0,United Kingdom,GBR,england,,,Linux-6.4.0-150600.23.73_15.0.14-cray_shasta_c_64k-aarch64-with-glibc2.38,3.11.7,3.3.0,72,Neoverse-V2,1,1 x NVIDIA GH200 120GB,-2.5917,51.4535,64,machine,0.0,19.0,17.6,150.869140625,N,1.0,0.0
2026-09-27T06:00:08,efficientnet_lite0_batch0_node_0_evaluate,d60c0992-e4fb-4c1b-b58c-865e2467cd6b,5b0fa12a-3dd7-45bb-9766-cc326314d9f1,8.058638748014346,8.337806523416994e-05,1.0346420511120983e-05,115.20000933120002,136.6768372833283,6.0,0.00016023364450775215,0.00018738098324888597,3.3194021612871438e-06,0.00035093402991792525,0.0,United Kingdom,GBR,england,,,Linux-6.4.0-150600.23.73_15.0.14-cray_shasta_c_64k-aarch64-with-glibc2.38,3.11.7,3.3.0,72,Neoverse-V2,1,1 x NVIDIA GH200 120GB,-2.5917,51.4535,64,machine,1.675,2.5,17.6,150.86619567871094,N,1.0,0.0
2026-09-27T06:00:49,efficientnet_lite0_batch0_node_1_evaluate,5b0cb4d7-5279-4ec5-822f-a5b2fad66b9b,5b0fa12a-3dd7-45bb-9766-cc326314d9f1,32.42335201706737,0.00047970287352908173,1.4794980891444237e-05,115.20002082830312,137.23016864190322,6.0,0.0009400329519174341,0.0010517641747469497,2.724783555643323e-05,0.002019044962220817,0.0,United Kingdom,GBR,england,,,Linux-6.4.0-150600.23.73_15.0.14-cray_shasta_c_64k-aarch64-with-glibc2.38,3.11.7,3.3.0,72,Neoverse-V2,1,1 x NVIDIA GH200 120GB,-2.5917,51.4535,64,machine,0.5103448275862069,0.3793103448275862,17.60000000000001,150.68465028960128,N,1.0,0.0
2026-09-27T06:02:00,mobilevit_xxs_batch0_node_0_local_train,de0346c5-a80e-4b24-a366-338f532fa267,5b0fa12a-3dd7-45bb-9766-cc326314d9f1,48.18430187413469,0.0008251441467967575,1.712475048309654e-05,115.200051712992,146.5458358032691,6.0,0.001444334060845651,0.001955154064120279,7.350156225341683e-05,0.003472989687219347,0.0,United Kingdom,GBR,england,,,Linux-6.4.0-150600.23.73_15.0.14-cray_shasta_c_64k-aarch64-with-glibc2.38,3.11.7,3.3.0,72,Neoverse-V2,1,1 x NVIDIA GH200 120GB,-2.5917,51.4535,64,machine,0.8844444444444446,16.377777777777776,17.602222222222235,150.80863037109376,N,1.0,0.0
2026-09-27T06:04:56,mobilevit_xxs_batch0_node_0_evaluate,e498f2de-af2c-44c7-8703-72d7844043a5,5b0fa12a-3dd7-45bb-9766-cc326314d9f1,141.29106797091663,0.0023346451521003113,1.6523657055100433e-05,115.20063963268612,129.27579683934593,6.0,0.004521244603844972,0.0050258020762044,0.0002793558558437508,0.009826402535893123,0.0,United Kingdom,GBR,england,,,Linux-6.4.0-150600.23.73_15.0.14-cray_shasta_c_64k-aarch64-with-glibc2.38,3.11.7,3.3.0,72,Neoverse-V2,1,1 x NVIDIA GH200 120GB,-2.5917,51.4535,64,machine,0.48936170212765956,0.0851063829787234,17.63120567375882,151.15436310463764,N,1.0,0.0
2026-09-27T06:05:31,mobilevit_xxs_batch0_node_1_local_train,88d1d78d-e807-4af5-970a-bca595723498,5b0fa12a-3dd7-45bb-9766-cc326314d9f1,33.973657868104056,0.0005623567086027058,1.6552727727639556e-05,115.20004226580004,148.22231497270982,6.0,0.0009896049072608167,0.0013275002286690096,4.9825608350026114e-05,0.0023669307442798523,0.0,United Kingdom,GBR,england,,,Linux-6.4.0-150600.23.73_15.0.14-cray_shasta_c_64k-aarch64-with-glibc2.38,3.11.7,3.3.0,72,Neoverse-V2,1,1 x NVIDIA GH200 120GB,-2.5917,51.4535,64,machine,0.27666666666666667,15.233333333333333,17.699999999999996,151.32394612630208,N,1.0,0.0
2026-09-27T06:05:36,mobilevit_xxs_batch0_node_1_evaluate,40858942-9a52-4e78-8dbe-75c561aec61b,5b0fa12a-3dd7-45bb-9766-cc326314d9f1,4.58719968306832,2.6108673100543406e-05,5.691636489449625e-06,115.20000907200003,69.22510039013781,6.0,4.909804745126283e-05,5.826171326361873e-05,2.5303145855044327e-06,0.00010989007530038598,0.0,United Kingdom,GBR,england,,,Linux-6.4.0-150600.23.73_15.0.14-cray_shasta_c_64k-aarch64-with-glibc2.38,3.11.7,3.3.0,72,Neoverse-V2,1,1 x NVIDIA GH200 120GB,-2.5917,51.4535,64,machine,0.0,9.0,17.7,151.35260009765625,N,1.0,0.0
2026-09-27T06:06:12,mobilevit_xxs_batch0_node_0_exchange,b71a00e7-e8bc-4aa3-8809-9ba79da7fc04,5b0fa12a-3dd7-45bb-9766-cc326314d9f1,20.950846001971513,0.00032812364918771074,1.5661594245732782e-05,115.20002255040004,104.95070967820622,6.0,0.0005726651493955172,0.0007785981228920491,2.979245498815241e-05,0.0013810557272757188,0.0,United Kingdom,GBR,england,,,Linux-6.4.0-150600.23.73_15.0.14-cray_shasta_c_64k-aarch64-with-glibc2.38,3.11.7,3.3.0,72,Neoverse-V2,1,1 x NVIDIA GH200 120GB,-2.5917,51.4535,64,machine,0.0,18.0,17.66470588235294,151.19994040096506,N,1.0,0.0
2026-09-27T06:07:18,mobilevit_xxs_batch0_node_1_exchange,15f66f8d-1032-4c79-af3f-947ed4dee7de,5b0fa12a-3dd7-45bb-9766-cc326314d9f1,14.63550813891925,0.00019519645163785235,1.3337183088216747e-05,115.20010574064003,142.4385586222774,6.0,0.0003707889516048567,0.0004441045219323314,6.678449564691012e-06,0.0008215719231018791,0.0,United Kingdom,GBR,england,,,Linux-6.4.0-150600.23.73_15.0.14-cray_shasta_c_64k-aarch64-with-glibc2.38,3.11.7,3.3.0,72,Neoverse-V2,1,1 x NVIDIA GH200 120GB,-2.5917,51.4535,64,machine,0.6454545454545454,6.909090909090909,17.609090909090906,151.15546764026988,N,1.0,0.0
2026-09-27T06:07:45,mobilevit_xxs_batch0_node_0_evaluate,e2db6d0c-bcf7-4cc7-ab90-5380c92cead8,5b0fa12a-3dd7-45bb-9766-cc326314d9f1,6.1241382281295955,5.224337669246341e-05,8.530731140668477e-06,115.20002280960003,135.15218203738766,6.0,9.855549338609384e-05,0.000117895372085286,3.438846141798422e-06,0.00021988971161317826,0.0,United Kingdom,GBR,england,,,Linux-6.4.0-150600.23.73_15.0.14-cray_shasta_c_64k-aarch64-with-glibc2.38,3.11.7,3.3.0,72,Neoverse-V2,1,1 x NVIDIA GH200 120GB,-2.5917,51.4535,64,machine,5.2,4.333333333333333,17.7,151.667724609375,N,1.0,0.0
2026-09-27T06:08:13,mobilevit_xxs_batch0_node_1_evaluate,c7c88a8b-a0ae-4f1c-9a49-dd93ade4acdf,5b0fa12a-3dd7-45bb-9766-cc326314d9f1,10.464654946001247,0.00012052667476018695,1.151750109125601e-05,115.2000392873143,134.1011926954772,6.0,0.0002374209531489614,0.00026753688069902637,2.3328014936608574e-06,0.0005072906353416486,0.0,United Kingdom,GBR,england,,,Linux-6.4.0-150600.23.73_15.0.14-cray_shasta_c_64k-aarch64-with-glibc2.38,3.11.7,3.3.0,72,Neoverse-V2,1,1 x NVIDIA GH200 120GB,-2.5917,51.4535,64,machine,0.0,1.2857142857142858,18.099999999999998,154.97364153180803,N,1.0,0.0
2026-09-27T06:09:00,mobilenet_v3_small_batch1_node_0_local_train,5f933632-d57a-4a3b-ac64-14c7a8c16aaf,5b0fa12a-3dd7-45bb-9766-cc326314d9f1,9.94394064298831,0.00011667601324398778,1.1733377886387384e-05,115.20001821805715,68.8336460340016,6.0,0.00021958584013264832,0.0002600724302794788,1.1425126731628552e-05,0.0004910833971437557,0.0,United Kingdom,GBR,england,,,Linux-6.4.0-150600.23.73_15.0.14-cray_shasta_c_64k-aarch64-with-glibc2.38,3.11.7,3.3.0,72,Neoverse-V2,1,1 x NVIDIA GH200 120GB,-2.5917,51.4535,64,machine,0.0,6.666666666666667,17.8,152.40530395507812,N,1.0,0.0
2026-09-27T06:11:24,mobilenet_v3_small_batch1_node_0_evaluate,78e665d0-061a-4450-abb6-c16b70097388,5b0fa12a-3dd7-45bb-9766-cc326314d9f1,8.85862589487806,9.540994106150484e-05,1.07702867457886e-05,115.20000222912,131.28977114802902,6.0,0.00018585328897358796,0.0002077948884533498,7.927405034812788e-06,0.00040157558246175053,0.0,United Kingdom,GBR,england,,,Linux-6.4.0-150600.23.73_15.0.14-cray_shasta_c_64k-aarch64-with-glibc2.38,3.11.7,3.3.0,72,Neoverse-V2,1,1 x NVIDIA GH200 120GB,-2.5917,51.4535,64,machine,0.0,0.8,17.8,152.470654296875,N,1.0,0.0
2026-09-27T06:11:31,mobilenet_v3_small_batch1_node_1_local_train,c532130e-10be-469c-b587-2683fbc645b4,5b0fa12a-3dd7-45bb-9766-cc326314d9f1,5.711807311978191,4.456670129534087e-05,7.802556854794515e-06,115.20001710720003,133.90927670750426,6.0,8.51583894507824e-05,9.968980198493682e-05,2.73078442318365e-06,0.00018757897585890287,0.0,United Kingdom,GBR,england,,,Linux-6.4.0-150600.23.73_15.0.14-cray_shasta_c_64k-aarch64-with-glibc2.38,3.11.7,3.3.0,72,Neoverse-V2,1,1 x NVIDIA GH200 120GB,-2.5917,51.4535,64,machine,0.0,3.5,17.8,152.55279541015625,N,1.0,0.0
2026-09-27T06:11:57,mobilenet_v3_small_batch1_node_1_evaluate,b1d42288-aeaa-4f29-a182-925a7dd4a45d,5b0fa12a-3dd7-45bb-9766-cc326314d9f1,10.2699548820965,0.0001167373797520205,1.1366883408176165e-05,115.20000622080002,129.2271379870981,6.0,0.00023105360539871174,0.00025759048385509686,2.6975963967076192e-06,0.0004913416856505162,0.0,United Kingdom,GBR,england,,,Linux-6.4.0-150600.23.73_15.0.14-cray_shasta_c_64k-aarch64-with-glibc2.38,3.11.7,3.3.0,72,Neoverse-V2,1,1 x NVIDIA GH200 120GB,-2.5917,51.4535,64,machine,0.0,0.2857142857142857,17.8,152.04576764787947,N,1.0,0.0
2026-09-27T06:12:18,mobilenet_v3_small_batch1_node_0_exchange,cb273ea5-03a5-4edc-a2cb-ebc7df983d4a,5b0fa12a-3dd7-45bb-9766-cc326314d9f1,8.730202418053523,9.562488107367411e-05,1.095334065518661e-05,115.20001119744002,131.70548647729967,6.0,0.00018184465874766063,0.0002135996153214137,7.035979956466084e-06,0.0004024802540255404,0.0,United Kingdom,GBR,england,,,Linux-6.4.0-150600.23.73_15.0.14-cray_shasta_c_64k-aarch64-with-glibc2.38,3.11.7,3.3.0,72,Neoverse-V2,1,1 x NVIDIA GH200 120GB,-2.5917,51.4535,64,machine,0.0,6.0,17.8,152.0576171875,N,1.0,0.0
2026-09-27T06:12:24,mobilenet_v3_small_batch1_node_0_evaluate,599084a4-1530-4c21-ab25-64507db8d7f7,5b0fa12a-3dd7-45bb-9766-cc326314d9f1,4.845234782900661,2.9095317965112625e-05,6.004934594251869e-06,115.20001684800003,63.33686907035351,6.0,5.7450743380684775e-05,6.204060520076382e-05,2.96936283664157e-06,0.00012246071141809017,0.0,United Kingdom,GBR,england,,,Linux-6.4.0-150600.23.73_15.0.14-cray_shasta_c_64k-aarch64-with-glibc2.38,3.11.7,3.3.0,72,Neoverse-V2,1,1 x NVIDIA GH200 120GB,-2.5917,51.4535,64,machine,0.0,4.0,17.8,152.06475830078125,N,1.0,0.0
2026-09-27T06:14:53,efficientnet_lite0_batch1_node_0_local_train,bade3978-7176-46ee-bc5e-ecaef36d84cf,5b0fa12a-3dd7-45bb-9766-cc326314d9f1,8.995806110091507,0.0001086632122143255,1.2079319060959635e-05,115.20012970368,147.2745626477229,6.0,0.0001903163372749897,0.00025926298518186286,7.778603264984364e-06,0.0004573579257218369,0.0,United Kingdom,GBR,england,,,Linux-6.4.0-150600.23.73_15.0.14-cray_shasta_c_64k-aarch64-with-glibc2.38,3.11.7,3.3.0,72,Neoverse-V2,1,1 x NVIDIA GH200 120GB,-2.5917,51.4535,64,machine,0.0,15.0,18.339999999999996,156.7862548828125,N,1.0,0.0
2026-09-27T06:15:31,efficientnet_lite0_batch1_node_0_evaluate,fadb4228-e9b4-4bd5-bd59-cfb06caeb7d3,5b0fa12a-3dd7-45bb-9766-cc326314d9f1,25.902602283051237,0.0003743062987293011,1.4450528739894975e-05,115.20008308594288,132.11794052959104,6.0,0.0007312795471839974,0.0008160973195430188,2.8059280271797134e-05,0.0015754361469988134,0.0,United Kingdom,GBR,england,,,Linux-6.4.0-150600.23.73_15.0.14-cray_shasta_c_64k-aarch64-with-glibc2.38,3.11.7,3.3.0,72,Neoverse-V2,1,1 x NVIDIA GH200 120GB,-2.5917,51.4535,64,machine,0.30454545454545456,0.3181818181818182,18.39999999999999,157.27119307084516,N,1.0,0.0
2026-09-27T06:15:59,efficientnet_lite0_batch1_node_1_local_train,9fdda857-3cdb-4dba-8c39-c1f23f5984a5,5b0fa12a-3dd7-45bb-9766-cc326314d9f1,4.249755311990157,2.230734494107892e-05,5.249089254184004e-06,115.20001736640003,81.26516120532273,6.0,3.849753441844706e-05,5.341115384283057e-05,1.98179042704093e-06,9.389047868831857e-05,0.0,United Kingdom,GBR,england,,,Linux-6.4.0-150600.23.73_15.0.14-cray_shasta_c_64k-aarch64-with-glibc2.38,3.11.7,3.3.0,72,Neoverse-V2,1,1 x NVIDIA GH200 120GB,-2.5917,51.4535,64,machine,0.0,18.0,18.4,157.3480224609375,N,1.0,0.0
2026-09-27T06:16:07,efficientnet_lite0_batch1_node_1_evaluate,eaba7e9a-7e05-4c04-82b5-0a91825a893b,5b0fa12a-3dd7-45bb-9766-cc326314d9f1,4.619383723009378,2.7794994023813587e-05,6.017035104783643e-06,115.20001736640003,74.53659808612606,6.0,5.0299635120282125e-05,6.409838461252093e-05,2.5896944450990605e-06,0.00011698771417790213,0.0,United Kingdom,GBR,england,,,Linux-6.4.0-150600.23.73_15.0.14-cray_shasta_c_64k-aarch64-with-glibc2.38,3.11.7,3.3.0,72,Neoverse-V2,1,1 x NVIDIA GH200 120GB,-2.5917,51.4535,64,machine,0.0,7.0,18.4,157.408203125,N,1.0,0.0
2026-09-27T06:16:24,mobilevit_xxs_batch1_node_0_local_train,8acadadb-e5e7-4fbf-8dbd-a19017197b69,5b0fa12a-3dd7-45bb-9766-cc326314d9f1,11.516498058103025,0.00015049753918232436,1.3067995012288832e-05,115.2000224208,139.3267815052635,6.0,0.00027095476018982386,0.00035006305783724656,1.2418659176522245e-05,0.0006334364772035926,0.0,United Kingdom,GBR,england,,,Linux-6.4.0-150600.23.73_15.0.14-cray_shasta_c_64k-aarch64-with-glibc2.38,3.11.7,3.3.0,72,Neoverse-V2,1,1 x NVIDIA GH200 120GB,-2.5917,51.4535,64,machine,0.0,15.375,18.400000000000002,157.4533462524414,N,1.0,0.0
2026-09-27T06:16:31,mobilevit_xxs_batch1_node_0_evaluate,5ccd8b97-e160-4dbd-a97d-6670909445dd,5b0fa12a-3dd7-45bb-9766-cc326314d9f1,4.913889622781426,3.237648704305583e-05,6.58876969742142e-06,115.20001866240003,71.91259598823066,6.0,5.954464868580565e-05,7.364867005321685e-05,3.077666210010648e-06,0.00013627098494903314,0.0,United Kingdom,GBR,england,,,Linux-6.4.0-150600.23.73_15.0.14-cray_shasta_c_64k-aarch64-with-glibc2.38,3.11.7,3.3.0,72,Neoverse-V2,1,1 x NVIDIA GH200 120GB,-2.5917,51.4535,64,machine,0.0,9.0,18.4,157.41705322265625,N,1.0,0.0
2026-09-27T06:16:37,mobilevit_xxs_batch1_node_1_local_train,bb76678b-c4db-41e1-8132-157d8ac8ab4d,5b0fa12a-3dd7-45bb-9766-cc326314d9f1,4.929592253174633,3.25977435424626e-05,6.612665281082794e-06,115.20000725760002,71.56800506506315,6.0,6.008631789039012e-05,7.400811476543367e-05,3.1078096300673985e-06,0.00013720224228589117,0.0,United Kingdom,GBR,england,,,Linux-6.4.0-150600.23.73_15.0.14-cray_shasta_c_64k-aarch64-with-glibc2.38,3.11.7,3.3.0,72,Neoverse-V2,1,1 x NVIDIA GH200 120GB,-2.5917,51.4535,64,machine,0.0,19.0,18.4,157.4608154296875,N,1.0,0.0
2026-09-27T06:16:46,mobilevit_xxs_batch1_node_1_evaluate,6e7e84f0-666d-4bab-aebc-90a523f2a2fd,5b0fa12a-3dd7-45bb-9766-cc326314d9f1,4.7261762788984925,2.9033988882286947e-05,6.143230207455098e-06,115.20000725760002,71.25835922622905,6.0,5.374171444682764e-05,6.569005253709292e-05,2.7708134481993817e-06,0.00012220258043211995,0.0,United Kingdom,GBR,england,,,Linux-6.4.0-150600.23.73_15.0.14-cray_shasta_c_64k-aarch64-with-glibc2.38,3.11.7,3.3.0,72,Neoverse-V2,1,1 x NVIDIA GH200 120GB,-2.5917,51.4535,64,machine,0.0,11.0,18.4,157.4984130859375,N,1.0,0.0
2026-09-27T06:16:56,mobilevit_xxs_batch1_node_0_exchange,1d906e4a-1e73-4d4c-8b93-0e8e02b6aff3,5b0fa12a-3dd7-45bb-9766-cc326314d9f1,7.946960080880672,8.891971416768562e-05,1.118914821047291e-05,115.20001627776003,77.42282880002955,6.0,0.00015655484898352096,0.00020957100099394665,8.132698051631451e-06,0.0003742585480290991,0.0,United Kingdom,GBR,england,,,Linux-6.4.0-150600.23.73_15.0.14-cray_shasta_c_64k-aarch64-with-glibc2.38,3.11.7,3.3.0,72,Neoverse-V2,1,1 x NVIDIA GH200 120GB,-2.5917,51.4535,64,machine,0.0,17.25,18.4,157.51060485839844,N,1.0,0.0
2026-09-27T06:19:59,mobilevit_xxs_batch1_node_0_evaluate,1221cfdb-5c69-4333-a2db-b47dd06ec0a9,5b0fa12a-3dd7-45bb-9766-cc326314d9f1,23.232336829882115,0.00033166150190615967,1.4275856291803023e-05,115.2000159157895,89.5925851861528,6.0,0.0006458775439309657,0.0007220916887717976,2.7977136473249022e-05,0.0013959463691760126,0.0,United Kingdom,GBR,england,,,Linux-6.4.0-150600.23.73_15.0.14-cray_shasta_c_64k-aarch64-with-glibc2.38,3.11.7,3.3.0,72,Neoverse-V2,1,1 x NVIDIA GH200 120GB,-2.5917,51.4535,64,machine,0.355,0.55,18.800000000000004,160.95914611816406,N,1.0,0.0
2026-09-27T06:21:00,mobilenet_v3_small_batch2_node_0_local_train,5d246255-a050-45f7-9154-16287de04a44,5b0fa12a-3dd7-45bb-9766-cc326314d9f1,10.393083295086399,0.00012426926833635204,1.1956920271687189e-05,115.20720524160001,186.8891753357821,6.0,0.00023420223882712637,0.000276671610208723,1.2169172048258283e-05,0.0005230430210841076,0.0,United Kingdom,GBR,england,,,Linux-6.4.0-150600.23.73_15.0.14-cray_shasta_c_64k-aarch64-with-glibc2.38,3.11.7,3.3.0,72,Neoverse-V2,1,1 x NVIDIA GH200 120GB,-2.5917,51.4535,64,machine,0.0,6.428571428571429,18.542857142857144,158.9654541015625,N,1.0,0.0
2026-09-27T06:21:18,mobilenet_v3_small_batch2_node_0_evaluate,36e6bb06-2401-4a6c-b0e3-4974d65ef495,5b0fa12a-3dd7-45bb-9766-cc326314d9f1,14.248773799045011,0.00018187945103406882,1.2764568628793787e-05,115.20000412251431,128.6698780200123,6.0,0.00035807412846558263,0.0003993019861212588,8.145231241748358e-06,0.0007655213458285897,0.0,United Kingdom,GBR,england,,,Linux-6.4.0-150600.23.73_15.0.14-cray_shasta_c_64k-aarch64-with-glibc2.38,3.11.7,3.3.0,72,Neoverse-V2,1,1 x NVIDIA GH200 120GB,-2.5917,51.4535,64,machine,0.9090909090909091,0.36363636363636365,18.599999999999998,159.28886829723012,N,1.0,0.0
2026-09-27T06:22:34,mobilenet_v3_small_batch2_node_1_local_train,ba6e0a6f-471b-4be0-b54e-d1137e0579e6,5b0fa12a-3dd7-45bb-9766-cc326314d9f1,7.697304063010961,7.658988442116454e-05,9.950222025035192e-06,115.20001892160002,133.39560704710846,6.0,0.00014870642170337268,0.00017094819231999736,2.7083085915849854e-06,0.000322362922614955,0.0,United Kingdom,GBR,england,,,Linux-6.4.0-150600.23.73_15.0.14-cray_shasta_c_64k-aarch64-with-glibc2.38,3.11.7,3.3.0,72,Neoverse-V2,1,1 x NVIDIA GH200 120GB,-2.5917,51.4535,64,machine,0.0,0.0,18.6,159.12786865234375,N,1.0,0.0
2026-09-27T06:27:46,mobilenet_v3_small_batch2_node_1_evaluate,07937d97-055e-44ba-9689-c05056521f2d,5b0fa12a-3dd7-45bb-9766-cc326314d9f1,5.918033538153395,4.663911034427636e-05,7.880845899840771e-06,115.200007776,127.29630595789433,6.0,9.190545881650615e-05,0.00010130674772312886,3.089433453278616e-06,0.00019630163999291363,0.0,United Kingdom,GBR,england,,,Linux-6.4.0-150600.23.73_15.0.14-cray_shasta_c_64k-aarch64-with-glibc2.38,3.11.7,3.3.0,72,Neoverse-V2,1,1 x NVIDIA GH200 120GB,-2.5917,51.4535,64,machine,0.0,1.5,18.7,159.7957763671875,N,1.0,0.0
2026-09-27T06:28:11,mobilenet_v3_small_batch2_node_0_exchange,8362c014-13dc-4f15-b712-05149ef501d1,5b0fa12a-3dd7-45bb-9766-cc326314d9f1,7.782329740934074,8.037219823357895e-05,1.0327524135970661e-05,115.20001244160001,68.17550412359633,6.0,0.00015159041284079096,0.00017881764304661374,7.874432921331999e-06,0.00033828248880873673,0.0,United Kingdom,GBR,england,,,Linux-6.4.0-150600.23.73_15.0.14-cray_shasta_c_64k-aarch64-with-glibc2.38,3.11.7,3.3.0,72,Neoverse-V2,1,1 x NVIDIA GH200 120GB,-2.5917,51.4535,64,machine,6.025,6.25,18.7,159.93515014648438,N,1.0,0.0
2026-09-27T06:28:31,mobilenet_v3_small_batch2_node_0_evaluate,87e2f303-19c3-42fe-8cd2-879ba8cfe493,5b0fa12a-3dd7-45bb-9766-cc326314d9f1,5.084803173085675,3.364040888854513e-05,6.61587238353824e-06,115.20001797120001,65.25364684420218,6.0,6.513727930730977e-05,7.30878362560361e-05,3.365652058661605e-06,0.00014159076762200747,0.0,United Kingdom,GBR,england,,,Linux-6.4.0-150600.23.73_15.0.14-cray_shasta_c_64k-aarch64-with-glibc2.38,3.11.7,3.3.0,72,Neoverse-V2,1,1 x NVIDIA GH200 120GB,-2.5917,51.4535,64,machine,0.0,1.5,18.7,160.47750854492188,N,1.0,0.0
2026-09-27T06:29:14,efficientnet_lite0_batch2_node_0_local_train,3f110e5f-9200-4c38-830c-052d43766e61,5b0fa12a-3dd7-45bb-9766-cc326314d9f1,14.829473245190457,0.0002037577605456852,1.374005382232768e-05,115.20002141485716,146.8350355746117,6.0,0.0003768378471723069,0.00047223426666676005,8.533922407077626e-06,0.0008576060362461444,0.0,United Kingdom,GBR,england,,,Linux-6.4.0-150600.23.73_15.0.14-cray_shasta_c_64k-aarch64-with-glibc2.38,3.11.7,3.3.0,72,Neoverse-V2,1,1 x NVIDIA GH200 120GB,-2.5917,51.4535,64,machine,0.0,5.909090909090909,18.836363636363636,161.13073175603694,N,1.0,0.0
2026-09-27T06:31:05,efficientnet_lite0_batch2_node_0_evaluate,aae23bae-1abc-4c78-bfbe-f554b814eac5,5b0fa12a-3dd7-45bb-9766-cc326314d9f1,6.4703262120019644,5.700468021990247e-05,8.81017097934925e-06,115.20001572480002,133.52759292393506,6.0,0.00010950431983208749,0.00012722176842316912,3.2037073998556784e-06,0.00023992979565511227,0.0,United Kingdom,GBR,england,,,Linux-6.4.0-150600.23.73_15.0.14-cray_shasta_c_64k-aarch64-with-glibc2.38,3.11.7,3.3.0,72,Neoverse-V2,1,1 x NVIDIA GH200 120GB,-2.5917,51.4535,64,machine,0.0,2.3333333333333335,18.9,161.5743408203125,N,1.0,0.0
2026-09-27T06:31:23,efficientnet_lite0_batch2_node_1_local_train,e907f84b-929c-47e5-bbe7-c9fd79f1f639,5b0fa12a-3dd7-45bb-9766-cc326314d9f1,4.17138478695415,2.196160838901329e-05,5.264824395413581e-06,115.20001710720001,748.6222968568021,6.0,3.6034317905531355e-05,5.456532143455206e-05,1.8356518098153173e-06,9.243529114989874e-05,0.0,United Kingdom,GBR,england,,,Linux-6.4.0-150600.23.73_15.0.14-cray_shasta_c_64k-aarch64-with-glibc2.38,3.11.7,3.3.0,72,Neoverse-V2,1,1 x NVIDIA GH200 120GB,-2.5917,51.4535,64,machine,0.0,18.0,18.9,161.58050537109375,N,1.0,0.0
2026-09-27T06:31:30,efficientnet_lite0_batch2_node_1_evaluate,7b910f72-2ebc-401c-9807-8784c3b4f3c4,5b0fa12a-3dd7-45bb-9766-cc326314d9f1,4.83088459004648,3.181849756063901e-05,6.586474374941106e-06,115.20001684800003,75.43326704721812,6.0,5.713327377368132e-05,7.384005907340452e-05,2.9491027902501322e-06,0.00013392243563733596,0.0,United Kingdom,GBR,england,,,Linux-6.4.0-150600.23.73_15.0.14-cray_shasta_c_64k-aarch64-with-glibc2.38,3.11.7,3.3.0,72,Neoverse-V2,1,1 x NVIDIA GH200 120GB,-2.5917,51.4535,64,machine,0.0,11.0,18.9,161.5819091796875,N,1.0,0.0
2026-09-27T06:32:08,mobilevit_xxs_batch2_node_0_local_train,454a29c7-d7b7-4a29-ba9b-0b64b61a17e1,5b0fa12a-3dd7-45bb-9766-cc326314d9f1,15.18195932591334,0.00021015570564367154,1.384246269748379e-05,115.20006331392003,139.26302773992478,6.0,0.0003882863522992699,0.00048272621951639394,1.3522089484613389e-05,0.0008845346613002772,0.0,United Kingdom,GBR,england,,,Linux-6.4.0-150600.23.73_15.0.14-cray_shasta_c_64k-aarch64-with-glibc2.38,3.11.7,3.3.0,72,Neoverse-V2,1,1 x NVIDIA GH200 120GB,-2.5917,51.4535,64,machine,0.0,12.0,18.900000000000002,161.7329864501953,N,1.0,0.0
2026-09-27T06:32:26,mobilevit_xxs_batch2_node_0_evaluate,04323e77-2802-4cd6-abbc-5d6a9ea32671,5b0fa12a-3dd7-45bb-9766-cc326314d9f1,13.80517249321565,0.00017456974859353692,1.2645242113369221e-05,115.20003957120002,133.0151760892222,6.0,0.00034430904384347724,0.0003870561429692998,3.389993744979923e-06,0.000734755180557757,0.0,United Kingdom,GBR,england,,,Linux-6.4.0-150600.23.73_15.0.14-cray_shasta_c_64k-aarch64-with-glibc2.38,3.11.7,3.3.0,72,Neoverse-V2,1,1 x NVIDIA GH200 120GB,-2.5917,51.4535,64,machine,0.0,1.3,18.900000000000002,161.75706176757814,N,1.0,0.0
2026-09-27T06:32:33,mobilevit_xxs_batch2_node_1_local_train,bb858660-0181-4791-b37e-73d0177d2450,5b0fa12a-3dd7-45bb-9766-cc326314d9f1,4.874085454037413,3.311582414365611e-05,6.794264166260126e-06,115.20001918080001,766.4942502592235,6.0,5.8477731436118287e-05,7.7900895661287e-05,3.0041900517729425e-06,0.00013938281714917823,0.0,United Kingdom,GBR,england,,,Linux-6.4.0-150600.23.73_15.0.14-cray_shasta_c_64k-aarch64-with-glibc2.38,3.11.7,3.3.0,72,Neoverse-V2,1,1 x NVIDIA GH200 120GB,-2.5917,51.4535,64,machine,0.0,19.0,18.9,161.8255615234375,N,1.0,0.0
2026-09-27T06:33:03,mobilevit_xxs_batch2_node_1_evaluate,9e5bcc07-62ce-4ae2-92f6-632127e7ef96,5b0fa12a-3dd7-45bb-9766-cc326314d9f1,4.920273729134351,3.2538000416746545e-05,6.6130467953601276e-06,115.20001684800003,71.64574797618188,6.0,5.993077479528992e-05,7.391950356350208e-05,3.1005081538266195e-06,0.00013695078651261862,0.0,United Kingdom,GBR,england,,,Linux-6.4.0-150600.23.73_15.0.14-cray_shasta_c_64k-aarch64-with-glibc2.38,3.11.7,3.3.0,72,Neoverse-V2,1,1 x NVIDIA GH200 120GB,-2.5917,51.4535,64,machine,0.0,9.0,19.0,162.34014892578125,N,1.0,0.0
2026-09-27T06:33:54,mobilenet_v3_small_batch3_node_0_local_train,a870faf1-ca40-4d7b-a5ac-f03340c6e561,5b0fa12a-3dd7-45bb-9766-cc326314d9f1,9.492097955197096,0.00010978774766933893,1.1566225737191022e-05,115.20039065142858,69.76395287219252,6.0,0.00020522023917712514,0.00024619353028754176,1.0677268711927658e-05,0.00046209103817659457,0.0,United Kingdom,GBR,england,,,Linux-6.4.0-150600.23.73_15.0.14-cray_shasta_c_64k-aarch64-with-glibc2.38,3.11.7,3.3.0,72,Neoverse-V2,1,1 x NVIDIA GH200 120GB,-2.5917,51.4535,64,machine,0.0,6.5,18.599999999999998,159.23884073893228,N,1.0,0.0
2026-09-27T06:34:09,mobilenet_v3_small_batch3_node_0_evaluate,1a723ad0-90e2-4ad3-ac84-a0645d79264e,5b0fa12a-3dd7-45bb-9766-cc326314d9f1,9.2478804779239,0.00010207859624884493,1.1038053150937893e-05,115.20000388800003,128.16414223536412,6.0,0.00019846401754241235,0.00022253767804158997,8.641916910031189e-06,0.0004296436124940335,0.0,United Kingdom,GBR,england,,,Linux-6.4.0-150600.23.73_15.0.14-cray_shasta_c_64k-aarch64-with-glibc2.38,3.11.7,3.3.0,72,Neoverse-V2,1,1 x NVIDIA GH200 120GB,-2.5917,51.4535,64,machine,3.9333333333333336,0.5,18.900000000000002,161.58951822916666,N,1.0,0.0
2026-09-27T06:35:04,mobilenet_v3_small_batch3_node_1_local_train,e29cb514-d7c4-4916-ad0d-a5d04d4f52b8,5b0fa12a-3dd7-45bb-9766-cc326314d9f1,11.595082652987912,0.00013894615387696592,1.1983196501075496e-05,115.20002021760001,133.72131369012973,6.0,0.00027354271309618333,0.00030895219161664045,2.3223800813624014e-06,0.0005848172847941862,0.0,United Kingdom,GBR,england,,,Linux-6.4.0-150600.23.73_15.0.14-cray_shasta_c_64k-aarch64-with-glibc2.38,3.11.7,3.3.0,72,Neoverse-V2,1,1 x NVIDIA GH200 120GB,-2.5917,51.4535,64,machine,0.0,0.875,18.900000000000002,161.67786407470703,N,1.0,0.0
2026-09-27T06:35:19,mobilenet_v3_small_batch3_node_1_evaluate,349aa26b-aa90-4de9-be16-52abcebcd0ba,5b0fa12a-3dd7-45bb-9766-cc326314d9f1,6.251253725960851,5.2752085757537565e-05,8.438640962286215e-06,115.20001157760001,129.3813349974814,6.0,0.00010254273247468248,0.00011583898155720362,3.6491281263685475e-06,0.00022203084215825466,0.0,United Kingdom,GBR,england,,,Linux-6.4.0-150600.23.73_15.0.14-cray_shasta_c_64k-aarch64-with-glibc2.38,3.11.7,3.3.0,72,Neoverse-V2,1,1 x NVIDIA GH200 120GB,-2.5917,51.4535,64,machine,0.0,1.0,18.9,161.7779541015625,N,1.0,0.0
2026-09-27T06:37:28,mobilenet_v3_small_batch3_node_0_exchange,b356bdbb-4748-4527-8072-e502e5faee78,5b0fa12a-3dd7-45bb-9766-cc326314d9f1,7.197838062886149,7.14317560962559e-05,9.924057122731878e-06,115.20001223424002,70.26140735532934,6.0,0.00013270246032473526,0.00016106762885215176,6.882534034860632e-06,0.0003006526232117476,0.0,United Kingdom,GBR,england,,,Linux-6.4.0-150600.23.73_15.0.14-cray_shasta_c_64k-aarch64-with-glibc2.38,3.11.7,3.3.0,72,Neoverse-V2,1,1 x NVIDIA GH200 120GB,-2.5917,51.4535,64,machine,0.0,5.5,18.9,161.77694702148438,N,1.0,0.0
2026-09-27T06:41:32,mobilenet_v3_small_batch3_node_0_evaluate,a43940c6-900f-4f68-b4c3-2c5468077a23,5b0fa12a-3dd7-45bb-9766-cc326314d9f1,12.908722711028531,0.0001600754441135022,1.2400564153163053e-05,115.20002181600003,129.4867536481624,6.0,0.0003155087647659963,0.0003540169498847945,4.2236765815565984e-06,0.0006737493912323474,0.0,United Kingdom,GBR,england,,,Linux-6.4.0-150600.23.73_15.0.14-cray_shasta_c_64k-aarch64-with-glibc2.38,3.11.7,3.3.0,72,Neoverse-V2,1,1 x NVIDIA GH200 120GB,-2.5917,51.4535,64,machine,0.0,0.6666666666666666,18.900000000000002,161.78050401475696,N,1.0,0.0
2026-09-27T06:41:56,efficientnet_lite0_batch3_node_0_local_train,b7a2e4db-0fb6-4eae-abb8-5326d73f4a58,5b0fa12a-3dd7-45bb-9766-cc326314d9f1,15.17032402404584,0.00020974524716907948,1.382602288762067e-05,115.20005613840003,150.25011584029957,6.0,0.0003879303167001525,0.00048727983427454546,7.5969115116943925e-06,0.0008828070624863924,0.0,United Kingdom,GBR,england,,,Linux-6.4.0-150600.23.73_15.0.14-cray_shasta_c_64k-aarch64-with-glibc2.38,3.11.7,3.3.0,72,Neoverse-V2,1,1 x NVIDIA GH200 120GB,-2.5917,51.4535,64,machine,1.0416666666666667,7.416666666666667,19.024999999999995,162.77457173665366,N,1.0,0.0
2026-09-27T06:43:12,efficientnet_lite0_batch3_node_0_evaluate,31213472-2601-41b5-8d80-92c7b8b2c8c0,5b0fa12a-3dd7-45bb-9766-cc326314d9f1,17.73040296579711,0.00023801770560216346,1.3424269378497052e-05,115.20000950400004,135.10930964099057,6.0,0.00046973915392300536,0.0005279379223566139,4.127323764842004e-06,0.0010018044000444611,0.0,United Kingdom,GBR,england,,,Linux-6.4.0-150600.23.73_15.0.14-cray_shasta_c_64k-aarch64-with-glibc2.38,3.11.7,3.3.0,72,Neoverse-V2,1,1 x NVIDIA GH200 120GB,-2.5917,51.4535,64,machine,0.5071428571428571,0.8571428571428571,19.199999999999996,164.19605364118303,N,1.0,0.0
2026-09-27T06:43:27,efficientnet_lite0_batch3_node_1_local_train,db14f2a3-1713-4d1a-bfa5-41ba6a416b0e,5b0fa12a-3dd7-45bb-9766-cc326314d9f1,5.055092229042202,3.49440962229348e-05,6.912652556995132e-06,115.20001399680001,146.92673751958841,6.0,6.409645632924669e-05,8.133312063307585e-05,1.6483442500854533e-06,0.000147077921212408,0.0,United Kingdom,GBR,england,,,Linux-6.4.0-150600.23.73_15.0.14-cray_shasta_c_64k-aarch64-with-glibc2.38,3.11.7,3.3.0,72,Neoverse-V2,1,1 x NVIDIA GH200 120GB,-2.5917,51.4535,64,machine,0.0,0.0,19.2,164.2039794921875,N,1.0,0.0
2026-09-27T06:43:49,efficientnet_lite0_batch3_node_1_evaluate,13388831-6498-4404-83fa-dc21a947e886,5b0fa12a-3dd7-45bb-9766-cc326314d9f1,12.701036385959014,0.0001574120410022002,1.2393637512622126e-05,115.20001589760003,134.98266554069443,6.0,0.0003089604195003407,0.00034990694661019006,3.6718970801060404e-06,0.0006625392631906368,0.0,United Kingdom,GBR,england,,,Linux-6.4.0-150600.23.73_15.0.14-cray_shasta_c_64k-aarch64-with-glibc2.38,3.11.7,3.3.0,72,Neoverse-V2,1,1 x NVIDIA GH200 120GB,-2.5917,51.4535,64,machine,0.7444444444444445,1.6666666666666667,19.2,164.21187337239584,N,1.0,0.0
2026-09-27T06:44:22,mobilevit_xxs_batch3_node_0_local_train,8c1a7393-93f9-44c0-852b-706f4084ad70,5b0fa12a-3dd7-45bb-9766-cc326314d9f1,17.479632009053603,0.0002463148409242132,1.4091534695732385e-05,115.20003026160002,140.95250272255117,6.0,0.0004616671052575231,0.0005633315617785684,1.1727952985092998e-05,0.0010367266200211845,0.0,United Kingdom,GBR,england,,,Linux-6.4.0-150600.23.73_15.0.14-cray_shasta_c_64k-aarch64-with-glibc2.38,3.11.7,3.3.0,72,Neoverse-V2,1,1 x NVIDIA GH200 120GB,-2.5917,51.4535,64,machine,1.2357142857142858,7.714285714285714,19.199999999999996,164.22484479631697,N,1.0,0.0
2026-09-27T06:44:39,mobilevit_xxs_batch3_node_0_evaluate,3664e3ad-2ead-4cd5-adb8-c75fc8e1f89c,5b0fa12a-3dd7-45bb-9766-cc326314d9f1,8.025840047979727,8.309866349563491e-05,1.035388981076848e-05,115.20000967680002,134.92313429854548,6.0,0.00015937018491564946,0.00018625876012379194,4.129097191616893e-06,0.0003497580422310583,0.0,United Kingdom,GBR,england,,,Linux-6.4.0-150600.23.73_15.0.14-cray_shasta_c_64k-aarch64-with-glibc2.38,3.11.7,3.3.0,72,Neoverse-V2,1,1 x NVIDIA GH200 120GB,-2.5917,51.4535,64,machine,0.0,4.0,19.2,164.27056884765625,N,1.0,0.0
2026-09-27T06:45:03,mobilevit_xxs_batch3_node_1_local_train,6dc364e3-60f4-487f-8267-155bf078e883,5b0fa12a-3dd7-45bb-9766-cc326314d9f1,4.618886282900348,2.8788396734698763e-05,6.232757199777085e-06,115.20001658880003,79.20686357618634,6.0,5.0355984074145476e-05,6.821644345222921e-05,2.5964680651668457e-06,0.00012116889559154154,0.0,United Kingdom,GBR,england,,,Linux-6.4.0-150600.23.73_15.0.14-cray_shasta_c_64k-aarch64-with-glibc2.38,3.11.7,3.3.0,72,Neoverse-V2,1,1 x NVIDIA GH200 120GB,-2.5917,51.4535,64,machine,0.0,17.0,19.2,164.2744140625,N,1.0,0.0
2026-09-27T06:45:09,mobilevit_xxs_batch3_node_1_evaluate,d2d66f2a-257a-43c0-a13c-1a5750b8f6e9,5b0fa12a-3dd7-45bb-9766-cc326314d9f1,5.296752218157053,3.923693688200693e-05,7.40773501684755e-06,115.20000501120002,72.22041458107054,6.0,7.192308417589501e-05,8.949868271201922e-05,3.7245020134529717e-06,0.0001651462689013672,0.0,United Kingdom,GBR,england,,,Linux-6.4.0-150600.23.73_15.0.14-cray_shasta_c_64k-aarch64-with-glibc2.38,3.11.7,3.3.0,72,Neoverse-V2,1,1 x NVIDIA GH200 120GB,-2.5917,51.4535,64,machine,0.0,6.5,19.2,164.27853393554688,N,1.0,0.0
2026-09-27T06:46:11,mobilenet_v3_small_batch4_node_0_local_train,eb450b4e-8b86-4573-8553-8bbb3f1df31e,5b0fa12a-3dd7-45bb-9766-cc326314d9f1,10.413908435963094,0.0001245903472533102,1.1963841243605853e-05,115.2003980016,68.66201523284889,6.0,0.00023472375181282325,0.00027745688863944906,1.2213785439962523e-05,0.0005243944258922349,0.0,United Kingdom,GBR,england,,,Linux-6.4.0-150600.23.73_15.0.14-cray_shasta_c_64k-aarch64-with-glibc2.38,3.11.7,3.3.0,72,Neoverse-V2,1,1 x NVIDIA GH200 120GB,-2.5917,51.4535,64,machine,2.6999999999999997,5.571428571428571,18.900000000000002,161.88878522600447,N,1.0,0.0
2026-09-27T06:46:36,mobilenet_v3_small_batch4_node_0_evaluate,8b3cf69c-9f0d-4abd-8a07-da59193139f3,5b0fa12a-3dd7-45bb-9766-cc326314d9f1,8.350856266915798,8.769052493134784e-05,1.0500782450149196e-05,115.20000380160002,624.9715846494222,6.0,0.00016951770092780549,0.00019078404152139683,8.783210689822833e-06,0.00036908495313902516,0.0,United Kingdom,GBR,england,,,Linux-6.4.0-150600.23.73_15.0.14-cray_shasta_c_64k-aarch64-with-glibc2.38,3.11.7,3.3.0,72,Neoverse-V2,1,1 x NVIDIA GH200 120GB,-2.5917,51.4535,64,machine,0.0,1.0,19.0,162.3543701171875,N,1.0,0.0
2026-09-27T06:47:43,mobilenet_v3_small_batch4_node_1_local_train,993d2c6a-7920-4b98-b7b7-1c9ef0bf7b94,5b0fa12a-3dd7-45bb-9766-cc326314d9f1,5.6977792689576745,4.358374578838032e-05,7.649251354089981e-06,115.20001658880003,129.97903817487702,6.0,8.475269030515134e-05,9.596813232803925e-05,2.72094356128946e-06,0.00018344176619448005,0.0,United Kingdom,GBR,england,,,Linux-6.4.0-150600.23.73_15.0.14-cray_shasta_c_64k-aarch64-with-glibc2.38,3.11.7,3.3.0,72,Neoverse-V2,1,1 x NVIDIA GH200 120GB,-2.5917,51.4535,64,machine,0.0,3.5,19.1,163.19906616210938,N,1.0,0.0
2026-09-27T06:48:07,mobilenet_v3_small_batch4_node_1_evaluate,a84a8bff-48dd-4159-a8e3-3295d26eef9b,5b0fa12a-3dd7-45bb-9766-cc326314d9f1,6.279529916821048,5.388135523418733e-05,8.580475919042083e-06,115.20001572480002,131.59444536551592,6.0,0.00010349744556763196,0.00011959342899103831,3.693005310293908e-06,0.0002267838798689642,0.0,United Kingdom,GBR,england,,,Linux-6.4.0-150600.23.73_15.0.14-cray_shasta_c_64k-aarch64-with-glibc2.38,3.11.7,3.3.0,72,Neoverse-V2,1,1 x NVIDIA GH200 120GB,-2.5917,51.4535,64,machine,3.4666666666666663,1.0,19.1,163.2158203125,N,1.0,0.0
2026-09-27T06:48:19,mobilenet_v3_small_batch4_node_0_exchange,fcffcc6c-2ea3-4522-8fb9-ca657cdaaddc,5b0fa12a-3dd7-45bb-9766-cc326314d9f1,7.735759254079312,7.891044775549029e-05,1.0200737272670204e-05,115.20001244160001,67.53906807312902,6.0,0.00014993230775780597,0.00017442152842761516,7.776219311635941e-06,0.00033213005549705707,0.0,United Kingdom,GBR,england,,,Linux-6.4.0-150600.23.73_15.0.14-cray_shasta_c_64k-aarch64-with-glibc2.38,3.11.7,3.3.0,72,Neoverse-V2,1,1 x NVIDIA GH200 120GB,-2.5917,51.4535,64,machine,1.575,7.0,19.0,162.72821044921875,N,1.0,0.0
2026-09-27T06:48:31,mobilenet_v3_small_batch4_node_0_evaluate,5c091e1b-753e-4960-982f-f735d8771961,5b0fa12a-3dd7-45bb-9766-cc326314d9f1,5.431239468045533,3.9873295522572e-05,7.341472560207452e-06,115.20001140480002,66.82023057713093,6.0,7.615512795388188e-05,8.772562573255982e-05,3.943916321732103e-06,0.0001678246700081738,0.0,United Kingdom,GBR,england,,,Linux-6.4.0-150600.23.73_15.0.14-cray_shasta_c_64k-aarch64-with-glibc2.38,3.11.7,3.3.0,72,Neoverse-V2,1,1 x NVIDIA GH200 120GB,-2.5917,51.4535,64,machine,0.0,1.5,19.0,162.74176025390625,N,1.0,0.0
2026-09-27T06:48:49,efficientnet_lite0_batch4_node_0_local_train,7a3bb78b-55a5-481a-a2ea-9b7b13df8677,5b0fa12a-3dd7-45bb-9766-cc326314d9f1,8.093405924970284,9.565499993721683e-05,1.1818880805433967e-05,115.20001270080002,83.45834429015699,6.0,0.00016142400158596236,0.00023280240846190736,8.380612740293145e-06,0.0004026070227881629,0.0,United Kingdom,GBR,england,,,Linux-6.4.0-150600.23.73_15.0.14-cray_shasta_c_64k-aarch64-with-glibc2.38,3.11.7,3.3.0,72,Neoverse-V2,1,1 x NVIDIA GH200 120GB,-2.5917,51.4535,64,machine,0.0,20.2,19.3,165.22713623046874,N,1.0,0.0
2026-09-27T06:49:02,efficientnet_lite0_batch4_node_0_evaluate,57e6ffab-ee46-4545-8eaa-caf597e70bd4,5b0fa12a-3dd7-45bb-9766-cc326314d9f1,11.560961975017563,0.0001399184752751426,1.2102667198239792e-05,115.20001078765716,137.2222797703581,6.0,0.0002723903402670025,0.00031246136107654365,4.058034692813332e-06,0.0005889097360363594,0.0,United Kingdom,GBR,england,,,Linux-6.4.0-150600.23.73_15.0.14-cray_shasta_c_64k-aarch64-with-glibc2.38,3.11.7,3.3.0,72,Neoverse-V2,1,1 x NVIDIA GH200 120GB,-2.5917,51.4535,64,machine,0.0,0.875,19.3,165.2279815673828,N,1.0,0.0
2026-09-27T06:49:10,efficientnet_lite0_batch4_node_1_local_train,2b0476a9-2e6f-40f4-81e0-b140f4b4bde3,5b0fa12a-3dd7-45bb-9766-cc326314d9f1,4.22279588598758,2.1285552766275922e-05,5.04063026984263e-06,115.20000725760002,78.58416512457181,6.0,3.7651577909271215e-05,4.999837332775314e-05,1.939856229970853e-06,8.95898074669952e-05,0.0,United Kingdom,GBR,england,,,Linux-6.4.0-150600.23.73_15.0.14-cray_shasta_c_64k-aarch64-with-glibc2.38,3.11.7,3.3.0,72,Neoverse-V2,1,1 x NVIDIA GH200 120GB,-2.5917,51.4535,64,machine,0.0,18.0,19.3,165.2890625,N,1.0,0.0
2026-09-27T06:49:42,efficientnet_lite0_batch4_node_1_evaluate,2272d16e-5578-4827-b77e-c0208a70510f,5b0fa12a-3dd7-45bb-9766-cc326314d9f1,5.268764385953546,3.853493382921121e-05,7.313846474506399e-06,115.20000466560003,71.47193666638341,6.0,7.111361845803554e-05,8.740395881545737e-05,3.6739965334224203e-06,0.00016219157380691535,0.0,United Kingdom,GBR,england,,,Linux-6.4.0-150600.23.73_15.0.14-cray_shasta_c_64k-aarch64-with-glibc2.38,3.11.7,3.3.0,72,Neoverse-V2,1,1 x NVIDIA GH200 120GB,-2.5917,51.4535,64,machine,0.0,6.5,19.3,165.54019165039062,N,1.0,0.0
2026-09-27T06:50:09,mobilevit_xxs_batch4_node_0_local_train,fa0caa72-fdc8-4b17-b294-6242683ac6cf,5b0fa12a-3dd7-45bb-9766-cc326314d9f1,18.28382942220196,0.00025970426365310155,1.4204041049395482e-05,115.20003535488001,143.19517160692615,6.0,0.00048712072525385584,0.000592276584924889,1.3684708151655892e-05,0.0010930820183304006,0.0,United Kingdom,GBR,england,,,Linux-6.4.0-150600.23.73_15.0.14-cray_shasta_c_64k-aarch64-with-glibc2.38,3.11.7,3.3.0,72,Neoverse-V2,1,1 x NVIDIA GH200 120GB,-2.5917,51.4535,64,machine,0.47333333333333333,7.333333333333333,19.300000000000004,165.58108317057292,N,1.0,0.0
2026-09-27T06:50:17,mobilevit_xxs_batch4_node_0_evaluate,0d5a0ea1-1c93-41cc-ae19-9dce9caefe23,5b0fa12a-3dd7-45bb-9766-cc326314d9f1,6.9823760450817645,6.574853911384369e-05,9.41635607840909e-06,115.20000976320001,132.93441045057284,6.0,0.00012595731909805302,0.0001465412283465639,4.233704948564992e-06,0.0002767322523931819,0.0,United Kingdom,GBR,england,,,Linux-6.4.0-150600.23.73_15.0.14-cray_shasta_c_64k-aarch64-with-glibc2.38,3.11.7,3.3.0,72,Neoverse-V2,1,1 x NVIDIA GH200 120GB,-2.5917,51.4535,64,machine,0.0,6.333333333333333,19.3,165.67041015625,N,1.0,0.0
2026-09-27T06:50:23,mobilevit_xxs_batch4_node_1_local_train,2bf1951d-7470-4b90-a8c9-50b786388e58,5b0fa12a-3dd7-45bb-9766-cc326314d9f1,5.0197898470796645,3.538387245990542e-05,7.048875259288095e-06,115.20001658880003,76.87473711813365,6.0,6.287653485693382e-05,8.281534402954094e-05,3.2370381084426e-06,0.00014892891699491736,0.0,United Kingdom,GBR,england,,,Linux-6.4.0-150600.23.73_15.0.14-cray_shasta_c_64k-aarch64-with-glibc2.38,3.11.7,3.3.0,72,Neoverse-V2,1,1 x NVIDIA GH200 120GB,-2.5917,51.4535,64,machine,0.0,8.0,19.3,165.69830322265625,N,1.0,0.0
2026-09-27T06:50:39,mobilevit_xxs_batch4_node_1_evaluate,8010688e-501c-4df4-9191-3bb144f4788e,5b0fa12a-3dd7-45bb-9766-cc326314d9f1,14.41489686188288,0.00018430646425019945,1.278583301817154e-05,115.20001081728003,132.85469542324654,6.0,0.0003634795949223322,0.00040836060446736155,3.896321451757103e-06,0.0007757365208414508,0.0,United Kingdom,GBR,england,,,Linux-6.4.0-150600.23.73_15.0.14-cray_shasta_c_64k-aarch64-with-glibc2.38,3.11.7,3.3.0,72,Neoverse-V2,1,1 x NVIDIA GH200 120GB,-2.5917,51.4535,64,machine,0.0,0.9090909090909091,19.300000000000004,165.68407648259944,N,1.0,0.0
2026-09-27T06:51:20,mobilevit_xxs_batch4_node_0_exchange,6b29c489-e98e-436f-ac7a-4cff08eeefce,5b0fa12a-3dd7-45bb-9766-cc326314d9f1,23.471039621159434,0.000337451759021575,1.4377367362856736e-05,115.20002460240003,138.71636826798712,6.0,0.0006533121768345836,0.0007580272730791648,8.977816548819343e-06,0.0014203172664625677,0.0,United Kingdom,GBR,england,,,Linux-6.4.0-150600.23.73_15.0.14-cray_shasta_c_64k-aarch64-with-glibc2.38,3.11.7,3.3.0,72,Neoverse-V2,1,1 x NVIDIA GH200 120GB,-2.5917,51.4535,64,machine,0.475,2.35,19.300000000000004,165.67615966796876,N,1.0,0.0
2026-09-27T06:52:05,mobilevit_xxs_batch4_node_0_evaluate,15a711f8-6fcf-43aa-9f82-bd982d7090e8,5b0fa12a-3dd7-45bb-9766-cc326314d9f1,14.132536664837971,0.00018075780090178763,1.2790188002944765e-05,115.20001553760002,135.63053307940936,6.0,0.0003547739043621262,0.00040184809925847276,4.178373929656421e-06,0.0007608003775502554,0.0,United Kingdom,GBR,england,,,Linux-6.4.0-150600.23.73_15.0.14-cray_shasta_c_64k-aarch64-with-glibc2.38,3.11.7,3.3.0,72,Neoverse-V2,1,1 x NVIDIA GH200 120GB,-2.5917,51.4535,64,machine,0.0,1.1818181818181819,19.300000000000004,165.70300847833806,N,1.0,0.0
2026-09-27T06:54:42,mobilenet_v3_small_batch5_node_0_local_train,b52527cc-68dc-4078-83e7-ce82c54e82dd,5b0fa12a-3dd7-45bb-9766-cc326314d9f1,9.814837698126212,0.00011470080425762131,1.1686469790480517e-05,115.20590901942859,68.96408110005112,6.0,0.00021568141284301228,0.00025586742690109077,1.1221003378353391e-05,0.0004827698431224565,0.0,United Kingdom,GBR,england,,,Linux-6.4.0-150600.23.73_15.0.14-cray_shasta_c_64k-aarch64-with-glibc2.38,3.11.7,3.3.0,72,Neoverse-V2,1,1 x NVIDIA GH200 120GB,-2.5917,51.4535,64,machine,0.0,7.333333333333333,18.7,160.51793416341147,N,1.0,0.0
2026-09-27T06:55:21,mobilenet_v3_small_batch5_node_0_evaluate,e75fc93e-0119-4526-8232-88f281713010,5b0fa12a-3dd7-45bb-9766-cc326314d9f1,8.819990822812542,9.530059703210632e-05,1.0805067595491739e-05,115.20000456192004,128.40814285067182,6.0,0.000184782689512494,0.00020841322228193349,7.919447216748571e-06,0.0004011153590111761,0.0,United Kingdom,GBR,england,,,Linux-6.4.0-150600.23.73_15.0.14-cray_shasta_c_64k-aarch64-with-glibc2.38,3.11.7,3.3.0,72,Neoverse-V2,1,1 x NVIDIA GH200 120GB,-2.5917,51.4535,64,machine,2.2199999999999998,1.0,18.8,160.6261474609375,N,1.0,0.0
2026-09-27T06:55:30,mobilenet_v3_small_batch5_node_1_local_train,622fa9ab-6324-49b8-b7a7-583b63ca7790,5b0fa12a-3dd7-45bb-9766-cc326314d9f1,6.0051724629011005,4.864343094551067e-05,8.100255445787981e-06,115.20001710720003,129.537668271757,6.0,9.43971556585853e-05,0.00010711591902179407,3.224648638085152e-06,0.00020473772331846453,0.0,United Kingdom,GBR,england,,,Linux-6.4.0-150600.23.73_15.0.14-cray_shasta_c_64k-aarch64-with-glibc2.38,3.11.7,3.3.0,72,Neoverse-V2,1,1 x NVIDIA GH200 120GB,-2.5917,51.4535,64,machine,0.0,3.5,18.8,160.6827392578125,N,1.0,0.0
2026-09-27T06:55:39,mobilenet_v3_small_batch5_node_1_evaluate,36485bde-9cbd-4511-9689-dcc179522fc0,5b0fa12a-3dd7-45bb-9766-cc326314d9f1,6.272377813933417,5.291115871464923e-05,8.435582212077968e-06,115.20000976320001,128.6993026577939,6.0,0.00010316155627964105,0.00011586064823632114,3.678167616793265e-06,0.00022270037213275543,0.0,United Kingdom,GBR,england,,,Linux-6.4.0-150600.23.73_15.0.14-cray_shasta_c_64k-aarch64-with-glibc2.38,3.11.7,3.3.0,72,Neoverse-V2,1,1 x NVIDIA GH200 120GB,-2.5917,51.4535,64,machine,0.0,1.3333333333333333,18.8,160.69952392578125,N,1.0,0.0
2026-09-27T06:56:06,mobilenet_v3_small_batch5_node_0_exchange,6d811de9-6e9e-469a-85a2-73b53e5a7f2e,5b0fa12a-3dd7-45bb-9766-cc326314d9f1,14.796712342882529,0.00019320024457228615,1.305697104162593e-05,115.20001903824003,133.5705498663625,6.0,0.0003759229874621342,0.00043030339978145093,6.943601991127555e-06,0.0008131699892347127,0.0,United Kingdom,GBR,england,,,Linux-6.4.0-150600.23.73_15.0.14-cray_shasta_c_64k-aarch64-with-glibc2.38,3.11.7,3.3.0,72,Neoverse-V2,1,1 x NVIDIA GH200 120GB,-2.5917,51.4535,64,machine,0.0,2.0,18.800000000000004,160.68243408203125,N,1.0,0.0
2026-09-27T07:03:56,mobilenet_v3_small_batch5_node_0_evaluate,d24fa544-f6fe-4119-b664-858012c3ab78,5b0fa12a-3dd7-45bb-9766-cc326314d9f1,167.65194453392178,0.002786481333145582,1.6620632351698016e-05,115.20000843103891,132.45968426381964,6.0,0.005364655872494397,0.005949583648558132,0.00041391848771716466,0.011728158008769689,0.0,United Kingdom,GBR,england,,,Linux-6.4.0-150600.23.73_15.0.14-cray_shasta_c_64k-aarch64-with-glibc2.38,3.11.7,3.3.0,72,Neoverse-V2,1,1 x NVIDIA GH200 120GB,-2.5917,51.4535,64,machine,0.24910179640718563,0.023952095808383235,18.92395209580833,162.09628825844405,N,1.0,0.0
2026-09-27T07:04:06,efficientnet_lite0_batch5_node_0_local_train,aa067f87-b6c2-481c-8892-967a6bd874d3,5b0fa12a-3dd7-45bb-9766-cc326314d9f1,7.219791047973558,8.037664152897398e-05,1.1132821018626846e-05,115.20006386688001,85.7143294114957,6.0,0.0001334895861787031,0.00019788043607604777,6.931168157995369e-06,0.0003383011904127463,0.0,United Kingdom,GBR,england,,,Linux-6.4.0-150600.23.73_15.0.14-cray_shasta_c_64k-aarch64-with-glibc2.38,3.11.7,3.3.0,72,Neoverse-V2,1,1 x NVIDIA GH200 120GB,-2.5917,51.4535,64,machine,0.0,18.0,19.4,165.74545288085938,N,1.0,0.0
2026-09-27T07:04:33,efficientnet_lite0_batch5_node_0_evaluate,3f19d56c-859a-429b-9339-902d79f347ec,5b0fa12a-3dd7-45bb-9766-cc326314d9f1,6.250434769084677,5.496845612450824e-05,8.7943412186922e-06,115.20002237760002,137.10451458925695,6.0,0.00010241175585113874,0.0001253148224833467,3.6328538130813584e-06,0.00023135943214756677,0.0,United Kingdom,GBR,england,,,Linux-6.4.0-150600.23.73_15.0.14-cray_shasta_c_64k-aarch64-with-glibc2.38,3.11.7,3.3.0,72,Neoverse-V2,1,1 x NVIDIA GH200 120GB,-2.5917,51.4535,64,machine,0.0,3.6666666666666665,19.333333333333332,165.71280924479166,N,1.0,0.0
2026-09-27T07:04:41,efficientnet_lite0_batch5_node_1_local_train,5e5f8440-b8c8-4f61-960e-ae06180b7f5f,5b0fa12a-3dd7-45bb-9766-cc326314d9f1,4.300083454931155,2.3612869210452455e-05,5.491258357642852e-06,115.20000725760002,756.7095929596101,6.0,4.0071449944243827e-05,5.725032357872806e-05,2.0635903215346234e-06,9.938536384450651e-05,0.0,United Kingdom,GBR,england,,,Linux-6.4.0-150600.23.73_15.0.14-cray_shasta_c_64k-aarch64-with-glibc2.38,3.11.7,3.3.0,72,Neoverse-V2,1,1 x NVIDIA GH200 120GB,-2.5917,51.4535,64,machine,0.0,5.0,19.4,165.7540283203125,N,1.0,0.0
2026-09-27T07:05:20,efficientnet_lite0_batch5_node_1_evaluate,02a96709-ef41-48f6-a05a-44ff9456f545,5b0fa12a-3dd7-45bb-9766-cc326314d9f1,6.224643796915188,5.453880328633643e-05,8.761754899672298e-06,115.20002237760002,137.724523366295,6.0,0.00010166471525762173,0.00012429315498252436,3.5931749948455645e-06,0.00022955104523499163,0.0,United Kingdom,GBR,england,,,Linux-6.4.0-150600.23.73_15.0.14-cray_shasta_c_64k-aarch64-with-glibc2.38,3.11.7,3.3.0,72,Neoverse-V2,1,1 x NVIDIA GH200 120GB,-2.5917,51.4535,64,machine,0.0,3.6666666666666665,19.4,165.9105021158854,N,1.0,0.0
2026-09-27T07:06:10,mobilevit_xxs_batch5_node_0_local_train,7dece509-409e-4601-83f8-afc79f90f5e0,5b0fa12a-3dd7-45bb-9766-cc326314d9f1,11.204637764021754,0.0001463070345550337,1.3057721064827959e-05,115.2000242352,144.23976827644472,6.0,0.0002609869932677408,0.00034298805216792516,1.1823811224506549e-05,0.0006157988566601725,0.0,United Kingdom,GBR,england,,,Linux-6.4.0-150600.23.73_15.0.14-cray_shasta_c_64k-aarch64-with-glibc2.38,3.11.7,3.3.0,72,Neoverse-V2,1,1 x NVIDIA GH200 120GB,-2.5917,51.4535,64,machine,2.6875,11.5,19.400000000000002,165.9590301513672,N,1.0,0.0
2026-09-27T07:06:35,mobilevit_xxs_batch5_node_0_evaluate,142c5c36-b7d5-4c1d-a25a-9e267417c0d1,5b0fa12a-3dd7-45bb-9766-cc326314d9f1,5.455260573886335,4.1453581800289265e-05,7.598827084213445e-06,115.20000501120002,70.81705537395261,6.0,7.684409678578818e-05,9.365896380586491e-05,3.972953871513406e-06,0.0001744760144631665,0.0,United Kingdom,GBR,england,,,Linux-6.4.0-150600.23.73_15.0.14-cray_shasta_c_64k-aarch64-with-glibc2.38,3.11.7,3.3.0,72,Neoverse-V2,1,1 x NVIDIA GH200 120GB,-2.5917,51.4535,64,machine,0.0,4.5,19.4,165.97601318359375,N,1.0,0.0
2026-09-27T07:06:53,mobilevit_xxs_batch5_node_1_local_train,d360bd3a-0afb-40a3-b9db-bb24a600730f,5b0fa12a-3dd7-45bb-9766-cc326314d9f1,9.672548890812322,0.00010931406784052975,1.1301474830937692e-05,115.20001600128002,135.96443435137743,6.0,0.00021173303280807513,0.00024490325148462944,3.4610596101265404e-06,0.00046009734390283115,0.0,United Kingdom,GBR,england,,,Linux-6.4.0-150600.23.73_15.0.14-cray_shasta_c_64k-aarch64-with-glibc2.38,3.11.7,3.3.0,72,Neoverse-V2,1,1 x NVIDIA GH200 120GB,-2.5917,51.4535,64,machine,0.0,4.666666666666667,19.400000000000002,165.95978800455728,N,1.0,0.0
2026-09-27T07:07:05,mobilevit_xxs_batch5_node_1_evaluate,db9c4254-cb28-47dc-9c97-801b5aa6f532,5b0fa12a-3dd7-45bb-9766-cc326314d9f1,11.14664675295353,0.00013250396372653368,1.1887338556900449e-05,115.20001771200002,133.49699972600763,6.0,0.00025917412507539794,0.000294815791420433,3.712518071988597e-06,0.0005577024345678195,0.0,United Kingdom,GBR,england,,,Linux-6.4.0-150600.23.73_15.0.14-cray_shasta_c_64k-aarch64-with-glibc2.38,3.11.7,3.3.0,72,Neoverse-V2,1,1 x NVIDIA GH200 120GB,-2.5917,51.4535,64,machine,0.0,2.0,19.400000000000002,166.00254821777344,N,1.0,0.0
2026-09-27T07:07:21,mobilevit_xxs_batch5_node_0_exchange,bc263bdc-c8d3-4227-b8af-6f202335d7c0,5b0fa12a-3dd7-45bb-9766-cc326314d9f1,7.809209289029241,8.620377616725612e-05,1.1038732985215213e-05,115.20001627776003,77.06766276871234,6.0,0.00015212879054381958,0.0002027987733441705,7.89973942679353e-06,0.0003628273033147836,0.0,United Kingdom,GBR,england,,,Linux-6.4.0-150600.23.73_15.0.14-cray_shasta_c_64k-aarch64-with-glibc2.38,3.11.7,3.3.0,72,Neoverse-V2,1,1 x NVIDIA GH200 120GB,-2.5917,51.4535,64,machine,0.0,17.0,19.4,165.9613494873047,N,1.0,0.0
2026-09-27T07:07:34,mobilevit_xxs_batch5_node_0_evaluate,63eae9f7-b6d2-4250-adca-c4ea69a73e7a,5b0fa12a-3dd7-45bb-9766-cc326314d9f1,6.550919656874612,5.8998022576340476e-05,9.006067188509518e-06,115.20001615680002,134.20484317321163,6.0,0.00011197091015119708,0.0001323545503311152,3.994211625152578e-06,0.0002483196721074649,0.0,United Kingdom,GBR,england,,,Linux-6.4.0-150600.23.73_15.0.14-cray_shasta_c_64k-aarch64-with-glibc2.38,3.11.7,3.3.0,72,Neoverse-V2,1,1 x NVIDIA GH200 120GB,-2.5917,51.4535,64,machine,0.0,3.0,19.4,165.9520263671875,N,1.0,0.0
2026-09-27T07:10:11,mobilenet_v3_small_batch6_node_0_local_train,88a8278c-50e1-4217-9b4e-afbc9c318eae,5b0fa12a-3dd7-45bb-9766-cc326314d9f1,9.797821909887716,0.00011549960289877333,1.1788293761720044e-05,115.20001273782859,187.5113497558023,6.0,0.00021524604039252889,0.00025969854108609525,1.1187364439635227e-05,0.0004861319459182594,0.0,United Kingdom,GBR,england,,,Linux-6.4.0-150600.23.73_15.0.14-cray_shasta_c_64k-aarch64-with-glibc2.38,3.11.7,3.3.0,72,Neoverse-V2,1,1 x NVIDIA GH200 120GB,-2.5917,51.4535,64,machine,0.0,5.333333333333333,18.8,161.07771809895834,N,1.0,0.0
2026-09-27T07:11:47,mobilenet_v3_small_batch6_node_0_evaluate,c24d8c3f-25b5-4cc5-a10e-83d1a98ff14e,5b0fa12a-3dd7-45bb-9766-cc326314d9f1,8.816101014846936,9.442114081029102e-05,1.0710079280089821e-05,115.20000528768003,125.94575536736043,6.0,0.00018442985870248337,0.00020513266409238895,7.851249771580722e-06,0.0003974137725664531,0.0,United Kingdom,GBR,england,,,Linux-6.4.0-150600.23.73_15.0.14-cray_shasta_c_64k-aarch64-with-glibc2.38,3.11.7,3.3.0,72,Neoverse-V2,1,1 x NVIDIA GH200 120GB,-2.5917,51.4535,64,machine,0.0,1.0,18.8,161.15010986328124,N,1.0,0.0
2026-09-27T07:11:59,mobilenet_v3_small_batch6_node_1_local_train,9d9dbeb6-9396-42c1-8ff6-7e5a951d1e5a,5b0fa12a-3dd7-45bb-9766-cc326314d9f1,5.552405834197998,4.162597651660524e-05,7.496926154105194e-06,115.20001684800003,133.02077005091576,6.0,7.99274070313977e-05,9.280868535199716e-05,2.4655226602529486e-06,0.0001752016150436478,0.0,United Kingdom,GBR,england,,,Linux-6.4.0-150600.23.73_15.0.14-cray_shasta_c_64k-aarch64-with-glibc2.38,3.11.7,3.3.0,72,Neoverse-V2,1,1 x NVIDIA GH200 120GB,-2.5917,51.4535,64,machine,0.0,3.5,18.8,161.0687255859375,N,1.0,0.0
2026-09-27T07:12:22,mobilenet_v3_small_batch6_node_1_evaluate,11d61cbf-b3df-4d68-93ff-fe9c8a508655,5b0fa12a-3dd7-45bb-9766-cc326314d9f1,12.894488106947392,0.00015984315397282525,1.239623881514953e-05,115.20001596240002,130.01324566711656,6.0,0.000315059232623637,0.0003540072276422279,3.7052335954892146e-06,0.0006727716938613541,0.0,United Kingdom,GBR,england,,,Linux-6.4.0-150600.23.73_15.0.14-cray_shasta_c_64k-aarch64-with-glibc2.38,3.11.7,3.3.0,72,Neoverse-V2,1,1 x NVIDIA GH200 120GB,-2.5917,51.4535,64,machine,0.0,0.5555555555555556,18.8,161.33110894097223,N,1.0,0.0
2026-09-27T07:19:46,mobilenet_v3_small_batch6_node_0_exchange,f8acbd4c-aa53-4c1f-bdfa-dcc2dcd774d1,5b0fa12a-3dd7-45bb-9766-cc326314d9f1,7.741789121879265,7.955279383275974e-05,1.0275763467637422e-05,115.20002008800003,133.30187596609275,6.0,0.00015017070879200017,0.00017853486504293414,6.1280835850629946e-06,0.00033483365741999733,0.0,United Kingdom,GBR,england,,,Linux-6.4.0-150600.23.73_15.0.14-cray_shasta_c_64k-aarch64-with-glibc2.38,3.11.7,3.3.0,72,Neoverse-V2,1,1 x NVIDIA GH200 120GB,-2.5917,51.4535,64,machine,2.275,4.25,18.5,158.164794921875,N,1.0,0.0
2026-09-27T07:22:03,mobilenet_v3_small_batch6_node_0_evaluate,329b950f-d77c-41a0-a145-7112ae0f9bc7,5b0fa12a-3dd7-45bb-9766-cc326314d9f1,10.892080920981243,0.0001267688402709838,1.1638624537464736e-05,115.20001261440004,128.97993339807581,6.0,0.0002508864564849263,0.00027913661219258756,3.5405233700294053e-06,0.0005335635920475434,0.0,United Kingdom,GBR,england,,,Linux-6.4.0-150600.23.73_15.0.14-cray_shasta_c_64k-aarch64-with-glibc2.38,3.11.7,3.3.0,72,Neoverse-V2,1,1 x NVIDIA GH200 120GB,-2.5917,51.4535,64,machine,0.0,0.8571428571428571,18.5,158.16602434430803,N,1.0,0.0
2026-09-27T07:22:37,efficientnet_lite0_batch6_node_0_local_train,c45a416b-a3e8-489c-904d-0cbe8678a70f,5b0fa12a-3dd7-45bb-9766-cc326314d9f1,14.184611214092001,0.00019354753088629897,1.3644895017920202e-05,115.20002353536003,152.53708973522555,6.0,0.0003562516616538794,0.0004515759168128852,6.804121175470451e-06,0.000814631699642235,0.0,United Kingdom,GBR,england,,,Linux-6.4.0-150600.23.73_15.0.14-cray_shasta_c_64k-aarch64-with-glibc2.38,3.11.7,3.3.0,72,Neoverse-V2,1,1 x NVIDIA GH200 120GB,-2.5917,51.4535,64,machine,0.9181818181818181,4.909090909090909,18.609090909090913,159.45857377485797,N,1.0,0.0
2026-09-27T07:23:27,efficientnet_lite0_batch6_node_0_evaluate,988c7048-debc-4a64-89c6-d5495e1766fb,5b0fa12a-3dd7-45bb-9766-cc326314d9f1,12.167293062899262,0.0001500039988597192,1.2328461070532953e-05,115.20003551040003,137.9018170545573,6.0,0.0002918204503793898,0.00033589249092358386,3.6462498200125994e-06,0.0006313591911229863,0.0,United Kingdom,GBR,england,,,Linux-6.4.0-150600.23.73_15.0.14-cray_shasta_c_64k-aarch64-with-glibc2.38,3.11.7,3.3.0,72,Neoverse-V2,1,1 x NVIDIA GH200 120GB,-2.5917,51.4535,64,machine,1.3888888888888888,1.0,18.8,161.12274848090277,N,1.0,0.0
2026-09-27T07:30:54,efficientnet_lite0_batch6_node_1_local_train,69d1d1c0-84ae-4118-98aa-6940dde404d3,5b0fa12a-3dd7-45bb-9766-cc326314d9f1,256.2453156840056,0.004209255635606075,1.6426663739667376e-05,115.20000390446802,132.39348022792015,6.0,0.00819956599148169,0.009099928113286637,0.0004170484776158507,0.01771654258238418,0.0,United Kingdom,GBR,england,,,Linux-6.4.0-150600.23.73_15.0.14-cray_shasta_c_64k-aarch64-with-glibc2.38,3.11.7,3.3.0,72,Neoverse-V2,1,1 x NVIDIA GH200 120GB,-2.5917,51.4535,64,machine,0.35898437499999997,0.0625,19.0,162.84498572349548,N,1.0,0.0
2026-09-27T07:31:05,efficientnet_lite0_batch6_node_1_evaluate,5212211a-d1db-4d3c-b4a2-6f0906aefa40,5b0fa12a-3dd7-45bb-9766-cc326314d9f1,5.251482802210376,3.844740100408944e-05,7.3212466749213635e-06,115.2000343872,74.6139098726246,6.0,6.955695714791244e-05,8.869479317752393e-05,3.5714022788063934e-06,0.00016182315260424279,0.0,United Kingdom,GBR,england,,,Linux-6.4.0-150600.23.73_15.0.14-cray_shasta_c_64k-aarch64-with-glibc2.38,3.11.7,3.3.0,72,Neoverse-V2,1,1 x NVIDIA GH200 120GB,-2.5917,51.4535,64,machine,0.0,5.0,19.0,163.135986328125,N,1.0,0.0
2026-09-27T07:32:50,mobilevit_xxs_batch6_node_0_local_train,0c22a694-a4ff-4b57-80b0-50d4dec671aa,5b0fa12a-3dd7-45bb-9766-cc326314d9f1,11.165243480820209,0.00014494117371185563,1.2981461081510434e-05,115.20001944,145.13976488329973,6.0,0.0002595489830550013,0.0003386949931751815,1.180604170775041e-05,0.0006100500179379333,0.0,United Kingdom,GBR,england,,,Linux-6.4.0-150600.23.73_15.0.14-cray_shasta_c_64k-aarch64-with-glibc2.38,3.11.7,3.3.0,72,Neoverse-V2,1,1 x NVIDIA GH200 120GB,-2.5917,51.4535,64,machine,0.8875,14.0,19.0125,163.10640716552734,N,1.0,0.0
2026-09-27T07:33:08,mobilevit_xxs_batch6_node_0_evaluate,9a2cbad9-3b82-43a5-94ae-06cef322be34,5b0fa12a-3dd7-45bb-9766-cc326314d9f1,12.987177259055898,0.0001618429313433296,1.2461748085441529e-05,115.20001589760003,133.40160195290053,6.0,0.00031787509494335495,0.0003592833429735265,4.03021704327936e-06,0.0006811886549601606,0.0,United Kingdom,GBR,england,,,Linux-6.4.0-150600.23.73_15.0.14-cray_shasta_c_64k-aarch64-with-glibc2.38,3.11.7,3.3.0,72,Neoverse-V2,1,1 x NVIDIA GH200 120GB,-2.5917,51.4535,64,machine,0.0,2.2222222222222223,19.099999999999998,163.5998738606771,N,1.0,0.0
2026-09-27T07:33:29,mobilevit_xxs_batch6_node_1_local_train,94ce7b2d-82f7-4697-9360-ab9cd4dd3c18,5b0fa12a-3dd7-45bb-9766-cc326314d9f1,11.638099265983328,0.0001411312990245824,1.2126662249487e-05,115.20002305645717,141.69745869308952,6.0,0.00027502135406749594,0.00031623803076286094,2.7550645952578636e-06,0.0005940144494256148,0.0,United Kingdom,GBR,england,,,Linux-6.4.0-150600.23.73_15.0.14-cray_shasta_c_64k-aarch64-with-glibc2.38,3.11.7,3.3.0,72,Neoverse-V2,1,1 x NVIDIA GH200 120GB,-2.5917,51.4535,64,machine,0.9625,2.375,19.0,163.08641815185547,N,1.0,0.0
2026-09-27T07:33:51,mobilevit_xxs_batch6_node_1_evaluate,a322a938-5af2-465d-b8b4-33b28add6c49,5b0fa12a-3dd7-45bb-9766-cc326314d9f1,5.371575867990032,3.975532993717916e-05,7.40105527952918e-06,115.20000501120002,70.55107652790704,6.0,7.412823828681638e-05,8.936951591920206e-05,3.830404661518211e-06,0.00016732815886753665,0.0,United Kingdom,GBR,england,,,Linux-6.4.0-150600.23.73_15.0.14-cray_shasta_c_64k-aarch64-with-glibc2.38,3.11.7,3.3.0,72,Neoverse-V2,1,1 x NVIDIA GH200 120GB,-2.5917,51.4535,64,machine,0.0,6.5,19.1,163.53375244140625,N,1.0,0.0
2026-09-27T07:38:19,mobilenet_v3_small_batch7_node_0_local_train,7d3bf50f-866e-486c-957c-2a9d03aa6618,5b0fa12a-3dd7-45bb-9766-cc326314d9f1,9.612908835988492,0.00011144292121351885,1.1593048796666261e-05,115.20001547794288,69.13989831173923,6.0,0.0002093139508159623,0.0002488554768689255,1.0888151637045666e-05,0.00046905757932193346,0.0,United Kingdom,GBR,england,,,Linux-6.4.0-150600.23.73_15.0.14-cray_shasta_c_64k-aarch64-with-glibc2.38,3.11.7,3.3.0,72,Neoverse-V2,1,1 x NVIDIA GH200 120GB,-2.5917,51.4535,64,machine,0.0,7.166666666666667,18.2,156.1828409830729,N,1.0,0.0
2026-09-27T07:38:42,mobilenet_v3_small_batch7_node_0_evaluate,b372af12-f323-43dd-b39f-862d873e3b9a,5b0fa12a-3dd7-45bb-9766-cc326314d9f1,13.97967263800092,0.00017757421719543222,1.2702315840553557e-05,115.20001081234288,128.4464273284423,6.0,0.00034982821135387857,0.0003895319782856177,8.040646238562962e-06,0.0007474008358780592,0.0,United Kingdom,GBR,england,,,Linux-6.4.0-150600.23.73_15.0.14-cray_shasta_c_64k-aarch64-with-glibc2.38,3.11.7,3.3.0,72,Neoverse-V2,1,1 x NVIDIA GH200 120GB,-2.5917,51.4535,64,machine,2.4200000000000004,0.6,18.549999999999997,158.64014282226563,N,1.0,0.0
2026-09-27T07:38:53,mobilenet_v3_small_batch7_node_1_local_train,667a8412-d547-42d2-909c-06bef96727ab,5b0fa12a-3dd7-45bb-9766-cc326314d9f1,9.221986460965127,0.00010058289673837936,1.0906857992486454e-05,115.20001783296001,132.90268828244783,6.0,0.00019740926810330427,0.0002235862899908625,2.3527313400215156e-06,0.0004233482894341883,0.0,United Kingdom,GBR,england,,,Linux-6.4.0-150600.23.73_15.0.14-cray_shasta_c_64k-aarch64-with-glibc2.38,3.11.7,3.3.0,72,Neoverse-V2,1,1 x NVIDIA GH200 120GB,-2.5917,51.4535,64,machine,0.0,2.0,18.5,158.47868855794272,N,1.0,0.0
2026-09-27T07:39:02,mobilenet_v3_small_batch7_node_1_evaluate,3782b643-65f4-4823-9785-4bb1eb8ec6b3,5b0fa12a-3dd7-45bb-9766-cc326314d9f1,5.175420650048181,3.5244590177876686e-05,6.809995275948936e-06,115.20001797120001,65.31066180271499,6.0,6.814119414087982e-05,7.667422799784163e-05,3.5272628251307953e-06,0.00014834268496385222,0.0,United Kingdom,GBR,england,,,Linux-6.4.0-150600.23.73_15.0.14-cray_shasta_c_64k-aarch64-with-glibc2.38,3.11.7,3.3.0,72,Neoverse-V2,1,1 x NVIDIA GH200 120GB,-2.5917,51.4535,64,machine,0.0,1.5,18.5,158.557861328125,N,1.0,0.0
2026-09-27T07:39:20,mobilenet_v3_small_batch7_node_0_exchange,df53dbab-ecf9-4511-a1ca-366b40d61328,5b0fa12a-3dd7-45bb-9766-cc326314d9f1,7.739159310935065,7.855631827906089e-05,1.015049763455115e-05,115.20008903520001,130.61946292167102,6.0,0.00015014381150782927,0.00017436625060440747,6.129480455225956e-06,0.00033063954256746267,0.0,United Kingdom,GBR,england,,,Linux-6.4.0-150600.23.73_15.0.14-cray_shasta_c_64k-aarch64-with-glibc2.38,3.11.7,3.3.0,72,Neoverse-V2,1,1 x NVIDIA GH200 120GB,-2.5917,51.4535,64,machine,0.0,5.5,18.575000000000003,158.96412658691406,N,1.0,0.0
2026-09-27T07:39:41,mobilenet_v3_small_batch7_node_0_evaluate,04202ca4-4dea-4013-b2d0-88b85ec30139,5b0fa12a-3dd7-45bb-9766-cc326314d9f1,6.4292616380844265,5.588386165489108e-05,8.692111909687574e-06,115.20001641600001,128.69282437474251,6.0,0.00010815010931561626,0.00012319843189345647,3.863786191989978e-06,0.0002352123274010627,0.0,United Kingdom,GBR,england,,,Linux-6.4.0-150600.23.73_15.0.14-cray_shasta_c_64k-aarch64-with-glibc2.38,3.11.7,3.3.0,72,Neoverse-V2,1,1 x NVIDIA GH200 120GB,-2.5917,51.4535,64,machine,1.5,1.3333333333333333,18.933333333333334,162.2533162434896,N,1.0,0.0
2026-09-27T07:40:05,efficientnet_lite0_batch7_node_0_local_train,f844c2fa-2335-4571-ab44-cda75ae5af18,5b0fa12a-3dd7-45bb-9766-cc326314d9f1,14.55459025199525,0.00019800802177856916,1.3604506781042822e-05,115.20002287440002,150.54690322002028,6.0,0.000368220202406751,0.00045859897798550264,6.586498231627047e-06,0.0008334056786238806,0.0,United Kingdom,GBR,england,,,Linux-6.4.0-150600.23.73_15.0.14-cray_shasta_c_64k-aarch64-with-glibc2.38,3.11.7,3.3.0,72,Neoverse-V2,1,1 x NVIDIA GH200 120GB,-2.5917,51.4535,64,machine,1.2090909090909092,7.0,18.99090909090909,162.610595703125,N,1.0,0.0
2026-09-27T07:41:14,efficientnet_lite0_batch7_node_0_evaluate,1096b9b2-acd4-4dc4-b743-e67728a8a590,5b0fa12a-3dd7-45bb-9766-cc326314d9f1,12.155986685073003,0.000148715611530522,1.2233939982275398e-05,115.20002893782859,135.89285745128964,6.0,0.0002912643859523013,0.0003307549868196702,3.917061703202004e-06,0.0006259364344751735,0.0,United Kingdom,GBR,england,,,Linux-6.4.0-150600.23.73_15.0.14-cray_shasta_c_64k-aarch64-with-glibc2.38,3.11.7,3.3.0,72,Neoverse-V2,1,1 x NVIDIA GH200 120GB,-2.5917,51.4535,64,machine,0.7444444444444445,1.2222222222222223,19.266666666666666,165.02623155381946,N,1.0,0.0
2026-09-27T07:41:43,efficientnet_lite0_batch7_node_1_local_train,4e96b888-8d22-4bb9-b6b0-d146c3218b0f,5b0fa12a-3dd7-45bb-9766-cc326314d9f1,12.164245170075446,0.00014901145656009117,1.2249955050779937e-05,115.20001866240003,151.77969548625146,6.0,0.00029174801117119606,0.0003338427670769306,1.590852888378625e-06,0.0006271816311365053,0.0,United Kingdom,GBR,england,,,Linux-6.4.0-150600.23.73_15.0.14-cray_shasta_c_64k-aarch64-with-glibc2.38,3.11.7,3.3.0,72,Neoverse-V2,1,1 x NVIDIA GH200 120GB,-2.5917,51.4535,64,machine,0.0,2.0,19.2,164.57301161024304,N,1.0,0.0
2026-09-27T07:42:59,efficientnet_lite0_batch7_node_1_evaluate,9c1ec875-fffe-4910-b885-953cd0c1e979,5b0fa12a-3dd7-45bb-9766-cc326314d9f1,6.233799731824547,5.3986525515529247e-05,8.660291930765659e-06,115.20002237760002,138.67218092183137,6.0,0.00010153769997274932,0.00012209259769235814,3.5962385614402598e-06,0.00022722653622654773,0.0,United Kingdom,GBR,england,,,Linux-6.4.0-150600.23.73_15.0.14-cray_shasta_c_64k-aarch64-with-glibc2.38,3.11.7,3.3.0,72,Neoverse-V2,1,1 x NVIDIA GH200 120GB,-2.5917,51.4535,64,machine,0.0,3.6666666666666665,19.2,164.22416178385416,N,1.0,0.0
2026-09-27T07:45:30,mobilevit_xxs_batch7_node_0_local_train,f488a21e-fb86-497f-8f7f-5521a035268a,5b0fa12a-3dd7-45bb-9766-cc326314d9f1,14.047763598849997,0.0001913176984587836,1.3619085850394406e-05,115.20002029165715,141.59296111509855,6.0,0.00035200824616597997,0.00044214313150803264,1.109507085173391e-05,0.0008052464485257466,0.0,United Kingdom,GBR,england,,,Linux-6.4.0-150600.23.73_15.0.14-cray_shasta_c_64k-aarch64-with-glibc2.38,3.11.7,3.3.0,72,Neoverse-V2,1,1 x NVIDIA GH200 120GB,-2.5917,51.4535,64,machine,0.0,11.0,19.199999999999996,164.23342895507812,N,1.0,0.0
2026-09-27T07:45:58,mobilevit_xxs_batch7_node_0_evaluate,3583891f-f609-46c8-aae1-7cd1f7feb5b5,5b0fa12a-3dd7-45bb-9766-cc326314d9f1,5.606368181062862,4.440459577800245e-05,7.92038523762886e-06,115.20001105920002,71.53327778771283,6.0,8.184007963474277e-05,0.00010082285842827332,4.233743929847454e-06,0.00018689668199286353,0.0,United Kingdom,GBR,england,,,Linux-6.4.0-150600.23.73_15.0.14-cray_shasta_c_64k-aarch64-with-glibc2.38,3.11.7,3.3.0,72,Neoverse-V2,1,1 x NVIDIA GH200 120GB,-2.5917,51.4535,64,machine,0.0,5.0,19.2,164.72161865234375,N,1.0,0.0
2026-09-27T07:46:49,mobilevit_xxs_batch7_node_1_local_train,74ff9aab-d37a-4e4e-81b4-8f11626ab390,5b0fa12a-3dd7-45bb-9766-cc326314d9f1,4.635906878160313,2.901550054548668e-05,6.2588618166983176e-06,115.20000699840003,79.25546658076122,6.0,5.069247835133609e-05,6.882172172595347e-05,2.610563886895155e-06,0.0001221247639641847,0.0,United Kingdom,GBR,england,,,Linux-6.4.0-150600.23.73_15.0.14-cray_shasta_c_64k-aarch64-with-glibc2.38,3.11.7,3.3.0,72,Neoverse-V2,1,1 x NVIDIA GH200 120GB,-2.5917,51.4535,64,machine,0.0,10.0,19.2,164.3258056640625,N,1.0,0.0
2026-09-27T07:47:21,mobilevit_xxs_batch7_node_1_evaluate,29584cd1-f559-4e32-9bc9-1df0091844d1,5b0fa12a-3dd7-45bb-9766-cc326314d9f1,5.328468038933352,3.859849261563588e-05,7.243825492357179e-06,115.20002177280003,68.55146548719297,6.0,7.298408076797748e-05,8.570062411195067e-05,3.7743846218412124e-06,0.00016245908950176936,0.0,United Kingdom,GBR,england,,,Linux-6.4.0-150600.23.73_15.0.14-cray_shasta_c_64k-aarch64-with-glibc2.38,3.11.7,3.3.0,72,Neoverse-V2,1,1 x NVIDIA GH200 120GB,-2.5917,51.4535,64,machine,0.0,6.5,19.2,164.36138916015625,N,1.0,0.0
2026-09-27T07:47:52,mobilenet_v3_small_batch8_node_0_local_train,27590f60-4b3c-46d2-b70d-c9eceb13dd90,5b0fa12a-3dd7-45bb-9766-cc326314d9f1,9.865398258902133,0.000116075752690232,1.1765946963721407e-05,115.20117617554286,182.42321470751523,6.0,0.00021732518177928028,0.00025992659683993224,1.1305152426551408e-05,0.0004885569310457639,0.0,United Kingdom,GBR,england,,,Linux-6.4.0-150600.23.73_15.0.14-cray_shasta_c_64k-aarch64-with-glibc2.38,3.11.7,3.3.0,72,Neoverse-V2,1,1 x NVIDIA GH200 120GB,-2.5917,51.4535,64,machine,0.0,5.833333333333333,18.8,160.67301432291666,N,1.0,0.0
2026-09-27T07:48:11,mobilenet_v3_small_batch8_node_0_evaluate,038ee642-c78c-4ebb-9e9e-ed7261295d51,5b0fa12a-3dd7-45bb-9766-cc326314d9f1,8.162770395865664,8.450672837114728e-05,1.0352701873612522e-05,115.20006531840002,64.88358600248569,6.0,0.00016356114360628187,0.00018362764690493805,8.49572506461603e-06,0.0003556845155758359,0.0,United Kingdom,GBR,england,,,Linux-6.4.0-150600.23.73_15.0.14-cray_shasta_c_64k-aarch64-with-glibc2.38,3.11.7,3.3.0,72,Neoverse-V2,1,1 x NVIDIA GH200 120GB,-2.5917,51.4535,64,machine,0.0,0.8,18.060000000000002,154.5283935546875,N,1.0,0.0
2026-09-27T07:48:42,mobilenet_v3_small_batch8_node_1_local_train,cbef31b7-e6c6-4378-b173-03906907fd5a,5b0fa12a-3dd7-45bb-9766-cc326314d9f1,6.041169628035277,4.958575634909029e-05,8.207972859920618e-06,115.20000751680001,133.153761752097,6.0,9.582001256361965e-05,0.00011032619936202082,2.5577110215090216e-06,0.00020870392294714948,0.0,United Kingdom,GBR,england,,,Linux-6.4.0-150600.23.73_15.0.14-cray_shasta_c_64k-aarch64-with-glibc2.38,3.11.7,3.3.0,72,Neoverse-V2,1,1 x NVIDIA GH200 120GB,-2.5917,51.4535,64,machine,0.0,2.5,18.2,155.6846923828125,N,1.0,0.0
2026-09-27T07:51:30,mobilenet_v3_small_batch8_node_1_evaluate,ea0a6b36-14a8-40cf-9c5e-38720c6ddf7a,5b0fa12a-3dd7-45bb-9766-cc326314d9f1,95.16791993612424,0.0015260971202847578,1.603583561886252e-05,115.2000068788286,113.6345553334716,6.0,0.0029478017966620973,0.0032682926146208047,0.00020717064006525715,0.006423265051348159,0.0,United Kingdom,GBR,england,,,Linux-6.4.0-150600.23.73_15.0.14-cray_shasta_c_64k-aarch64-with-glibc2.38,3.11.7,3.3.0,72,Neoverse-V2,1,1 x NVIDIA GH200 120GB,-2.5917,51.4535,64,machine,0.3065217391304348,0.03260869565217391,18.47717391304348,158.17824123216712,N,1.0,0.0
2026-09-27T07:51:53,mobilenet_v3_small_batch8_node_0_exchange,02bb0906-0608-4996-bb88-6dd350ddfbc4,5b0fa12a-3dd7-45bb-9766-cc326314d9f1,13.598955006105825,0.00017295492770671853,1.2718251338361154e-05,115.20001904749716,131.85822379507454,6.0,0.0003376776627429355,0.0003833805844806193,6.90023446843649e-06,0.0007279584816919913,0.0,United Kingdom,GBR,england,,,Linux-6.4.0-150600.23.73_15.0.14-cray_shasta_c_64k-aarch64-with-glibc2.38,3.11.7,3.3.0,72,Neoverse-V2,1,1 x NVIDIA GH200 120GB,-2.5917,51.4535,64,machine,0.9099999999999999,3.9,18.5,158.3598388671875,N,1.0,0.0
2026-09-27T08:07:56,mobilenet_v3_small_batch8_node_1_exchange,7b63c91c-2c05-4269-ab05-bfadff32822e,5b0fa12a-3dd7-45bb-9766-cc326314d9f1,4.130981103051454,1.858451784743504e-05,4.498814539167732e-06,115.20000699840003,70.81190944795816,6.0,3.471063621898272e-05,4.173003338792114e-05,1.7806194571312519e-06,7.822128906403511e-05,0.0,United Kingdom,GBR,england,,,Linux-6.4.0-150600.23.73_15.0.14-cray_shasta_c_64k-aarch64-with-glibc2.38,3.11.7,3.3.0,72,Neoverse-V2,1,1 x NVIDIA GH200 120GB,-2.5917,51.4535,64,machine,0.0,7.0,18.0,154.23138427734375,N,1.0,0.0
2026-09-27T08:08:06,mobilenet_v3_small_batch8_node_0_evaluate,73b0dfac-a7fe-4e14-9c3f-0f7395dccdf3,5b0fa12a-3dd7-45bb-9766-cc326314d9f1,5.208678673952818,3.637078793597593e-05,6.982728291122339e-06,115.20000483840002,68.0592256390533,6.0,6.893075668712459e-05,8.058728668913773e-05,3.564750591370588e-06,0.0001530827939676329,0.0,United Kingdom,GBR,england,,,Linux-6.4.0-150600.23.73_15.0.14-cray_shasta_c_64k-aarch64-with-glibc2.38,3.11.7,3.3.0,72,Neoverse-V2,1,1 x NVIDIA GH200 120GB,-2.5917,51.4535,64,machine,0.0,2.0,18.1,155.22958374023438,N,1.0,0.0
2026-09-27T08:08:13,mobilenet_v3_small_batch8_node_1_evaluate,a10f9e7f-44e9-4e99-b6a2-9543fd77efff,5b0fa12a-3dd7-45bb-9766-cc326314d9f1,6.480861888965592,5.610818853708927e-05,8.65751955501781e-06,115.20001589760003,129.36618867337506,6.0,0.00010972708236396637,0.00012305259845390992,3.3768270048312846e-06,0.00023615650782270758,0.0,United Kingdom,GBR,england,,,Linux-6.4.0-150600.23.73_15.0.14-cray_shasta_c_64k-aarch64-with-glibc2.38,3.11.7,3.3.0,72,Neoverse-V2,1,1 x NVIDIA GH200 120GB,-2.5917,51.4535,64,machine,0.0,1.0,18.1,155.21502685546875,N,1.0,0.0
2026-09-27T08:08:23,efficientnet_lite0_batch8_node_0_local_train,a7b39116-34b2-4a61-9bff-9f9e53be0e21,5b0fa12a-3dd7-45bb-9766-cc326314d9f1,7.8646892758551985,9.185637573303432e-05,1.167959375267829e-05,115.20001368576001,84.68363628946268,6.0,0.00015400075848983992,0.00022463017970153487,7.98786879478333e-06,0.00038661880698615816,0.0,United Kingdom,GBR,england,,,Linux-6.4.0-150600.23.73_15.0.14-cray_shasta_c_64k-aarch64-with-glibc2.38,3.11.7,3.3.0,72,Neoverse-V2,1,1 x NVIDIA GH200 120GB,-2.5917,51.4535,64,machine,0.0,16.25,18.4,157.73321533203125,N,1.0,0.0
2026-09-27T08:08:39,efficientnet_lite0_batch8_node_0_evaluate,6db14d6e-9be2-4fa6-9d7d-853df4dd858a,5b0fa12a-3dd7-45bb-9766-cc326314d9f1,10.672906287014484,0.00012566352514084886,1.1774068071200175e-05,115.20001684800002,139.266040658718,6.0,0.00024382938457203257,0.00028166355868108894,3.418433708138764e-06,0.0005289113769612602,0.0,United Kingdom,GBR,england,,,Linux-6.4.0-150600.23.73_15.0.14-cray_shasta_c_64k-aarch64-with-glibc2.38,3.11.7,3.3.0,72,Neoverse-V2,1,1 x NVIDIA GH200 120GB,-2.5917,51.4535,64,machine,0.0,1.5714285714285714,18.599999999999998,159.39386858258928,N,1.0,0.0
2026-09-27T08:08:54,efficientnet_lite0_batch8_node_1_local_train,2ff074b8-90ff-4916-a9fd-6c341e28eefa,5b0fa12a-3dd7-45bb-9766-cc326314d9f1,10.68914777901955,0.00012510792840446933,1.170420046488914e-05,115.20001692205717,148.32834147517315,6.0,0.0002439619088800055,0.00028082661354744687,1.7843761683131258e-06,0.0005265728985957655,0.0,United Kingdom,GBR,england,,,Linux-6.4.0-150600.23.73_15.0.14-cray_shasta_c_64k-aarch64-with-glibc2.38,3.11.7,3.3.0,72,Neoverse-V2,1,1 x NVIDIA GH200 120GB,-2.5917,51.4535,64,machine,0.9571428571428572,2.5714285714285716,18.599999999999998,159.381103515625,N,1.0,0.0
2026-09-27T08:09:07,efficientnet_lite0_batch8_node_1_evaluate,1218e669-8980-494c-80e9-cacd0748cfc5,5b0fa12a-3dd7-45bb-9766-cc326314d9f1,5.9754125229083,4.9507967882875205e-05,8.285280337227517e-06,115.20000725760002,135.15452613244585,6.0,9.353235895967585e-05,0.00011166508933513342,3.1790669600013643e-06,0.00020837651525481063,0.0,United Kingdom,GBR,england,,,Linux-6.4.0-150600.23.73_15.0.14-cray_shasta_c_64k-aarch64-with-glibc2.38,3.11.7,3.3.0,72,Neoverse-V2,1,1 x NVIDIA GH200 120GB,-2.5917,51.4535,64,machine,2.5,5.0,18.6,159.38677978515625,N,1.0,0.0
2026-09-27T08:09:21,mobilevit_xxs_batch8_node_0_local_train,fed17099-57fa-4887-ae5d-5f5487079540,5b0fa12a-3dd7-45bb-9766-cc326314d9f1,10.496378439012915,0.00013520933167988726,1.2881522180768705e-05,115.2000130248,77.26879623673503,6.0,0.00023826327199814515,0.0003184563658891193,1.2369552605086937e-05,0.0005690891904923513,0.0,United Kingdom,GBR,england,,,Linux-6.4.0-150600.23.73_15.0.14-cray_shasta_c_64k-aarch64-with-glibc2.38,3.11.7,3.3.0,72,Neoverse-V2,1,1 x NVIDIA GH200 120GB,-2.5917,51.4535,64,machine,4.314285714285715,14.142857142857142,18.599999999999998,159.46287318638392,N,1.0,0.0
2026-09-27T08:10:00,mobilevit_xxs_batch8_node_0_evaluate,814e094f-5bab-491b-9bff-6b2719e767b7,5b0fa12a-3dd7-45bb-9766-cc326314d9f1,33.69709994690493,0.0004992410457049234,1.4815549305179262e-05,115.20002221373794,101.61217942643995,6.0,0.0009807905050532003,0.001091848651256555,2.8640977471368386e-05,0.002101280133781124,0.0,United Kingdom,GBR,england,,,Linux-6.4.0-150600.23.73_15.0.14-cray_shasta_c_64k-aarch64-with-glibc2.38,3.11.7,3.3.0,72,Neoverse-V2,1,1 x NVIDIA GH200 120GB,-2.5917,51.4535,64,machine,0.22333333333333333,0.3,18.600000000000012,159.46742553710936,N,1.0,0.0
2026-09-27T08:10:25,mobilevit_xxs_batch8_node_1_local_train,eb48c5de-86e9-40b7-a311-e2d735462010,5b0fa12a-3dd7-45bb-9766-cc326314d9f1,4.829258289188147,3.2013739218881115e-05,6.629121347796659e-06,115.20000699840003,77.01906322612693,6.0,5.6783979864848564e-05,7.503200447445124e-05,2.92821349343285e-06,0.00013474419783273265,0.0,United Kingdom,GBR,england,,,Linux-6.4.0-150600.23.73_15.0.14-cray_shasta_c_64k-aarch64-with-glibc2.38,3.11.7,3.3.0,72,Neoverse-V2,1,1 x NVIDIA GH200 120GB,-2.5917,51.4535,64,machine,0.0,12.0,18.6,159.44342041015625,N,1.0,0.0
2026-09-27T08:10:35,mobilevit_xxs_batch8_node_1_evaluate,d179c2cf-8041-4003-93e0-16e836e3be57,5b0fa12a-3dd7-45bb-9766-cc326314d9f1,6.489009376149625,5.746972046058115e-05,8.856470553396223e-06,115.20000950400002,133.43475189490326,6.0,0.00011015286493973995,0.0001283576026622768,3.3766587404534223e-06,0.0002418871263424702,0.0,United Kingdom,GBR,england,,,Linux-6.4.0-150600.23.73_15.0.14-cray_shasta_c_64k-aarch64-with-glibc2.38,3.11.7,3.3.0,72,Neoverse-V2,1,1 x NVIDIA GH200 120GB,-2.5917,51.4535,64,machine,0.0,4.333333333333333,18.6,159.4448445638021,N,1.0,0.0
2026-09-27T08:11:43,mobilenet_v3_small_batch9_node_0_local_train,a6f1e98c-cf2c-4084-b4bc-d48f932dd098,5b0fa12a-3dd7-45bb-9766-cc326314d9f1,9.888856860110536,0.00011603976660064377,1.173439642641836e-05,115.20053661805713,69.10417656835877,6.0,0.00021803146919883767,0.0002590349294422367,1.1339068786473946e-05,0.0004884054674275483,0.0,United Kingdom,GBR,england,,,Linux-6.4.0-150600.23.73_15.0.14-cray_shasta_c_64k-aarch64-with-glibc2.38,3.11.7,3.3.0,72,Neoverse-V2,1,1 x NVIDIA GH200 120GB,-2.5917,51.4535,64,machine,0.0,6.833333333333333,18.383333333333336,157.18379720052084,N,1.0,0.0
2026-09-27T08:12:06,mobilenet_v3_small_batch9_node_0_evaluate,d5cc9e87-0317-4aeb-b062-71bd7b7596bb,5b0fa12a-3dd7-45bb-9766-cc326314d9f1,11.459100624080747,0.0001379919440943854,1.2042126919140754e-05,115.20000348068572,128.24289533290255,6.0,0.00026908355248936376,0.0003010616297416391,1.0655882188584657e-05,0.0005808010644195875,0.0,United Kingdom,GBR,england,,,Linux-6.4.0-150600.23.73_15.0.14-cray_shasta_c_64k-aarch64-with-glibc2.38,3.11.7,3.3.0,72,Neoverse-V2,1,1 x NVIDIA GH200 120GB,-2.5917,51.4535,64,machine,0.0,0.5,18.3,156.69269561767578,N,1.0,0.0
2026-09-27T08:12:24,mobilenet_v3_small_batch9_node_1_local_train,61435b63-ce91-4a06-88fb-67afaceb2706,5b0fa12a-3dd7-45bb-9766-cc326314d9f1,15.63176870206371,0.00020341855219935349,1.3013150084065543e-05,115.20001870560003,135.79809345634825,6.0,0.00040270938500526406,0.0004509381385275901,2.5308020603066935e-06,0.0008561783255931608,0.0,United Kingdom,GBR,england,,,Linux-6.4.0-150600.23.73_15.0.14-cray_shasta_c_64k-aarch64-with-glibc2.38,3.11.7,3.3.0,72,Neoverse-V2,1,1 x NVIDIA GH200 120GB,-2.5917,51.4535,64,machine,0.0,0.5833333333333334,18.300000000000004,156.76526896158853,N,1.0,0.0
2026-09-27T08:13:01,mobilenet_v3_small_batch9_node_1_evaluate,83c10cf0-76b0-4538-82ad-ca608901dce2,5b0fa12a-3dd7-45bb-9766-cc326314d9f1,12.450420981040224,0.0001521105926279359,1.2217305170610157e-05,115.20001071360002,130.1542271395947,6.0,0.0003005906497420307,0.00033583387977387247,3.801207483435671e-06,0.0006402257369993389,0.0,United Kingdom,GBR,england,,,Linux-6.4.0-150600.23.73_15.0.14-cray_shasta_c_64k-aarch64-with-glibc2.38,3.11.7,3.3.0,72,Neoverse-V2,1,1 x NVIDIA GH200 120GB,-2.5917,51.4535,64,machine,2.2222222222222223,0.4444444444444444,18.3,156.83512369791666,N,1.0,0.0
2026-09-27T08:13:17,mobilenet_v3_small_batch9_node_0_exchange,c6915f5b-ad36-42ab-a5c6-354d65941457,5b0fa12a-3dd7-45bb-9766-cc326314d9f1,8.324720880016685,8.932256357119756e-05,1.0729796813442054e-05,115.20002296512001,133.0241478131217,6.0,0.0001687438249982156,0.00020010460453079304,7.1056911213478695e-06,0.0003759541206503565,0.0,United Kingdom,GBR,england,,,Linux-6.4.0-150600.23.73_15.0.14-cray_shasta_c_64k-aarch64-with-glibc2.38,3.11.7,3.3.0,72,Neoverse-V2,1,1 x NVIDIA GH200 120GB,-2.5917,51.4535,64,machine,1.34,5.2,18.3,156.83677978515624,N,1.0,0.0
2026-09-27T08:13:41,mobilenet_v3_small_batch9_node_1_exchange,717d0155-82da-44fc-947c-a90563616650,5b0fa12a-3dd7-45bb-9766-cc326314d9f1,4.05419438611716,1.686339962771353e-05,4.159494592923104e-06,115.20001399680001,70.73313385525859,6.0,3.142581205270372e-05,3.793697479181901e-05,1.6144032935456683e-06,7.09771901380684e-05,0.0,United Kingdom,GBR,england,,,Linux-6.4.0-150600.23.73_15.0.14-cray_shasta_c_64k-aarch64-with-glibc2.38,3.11.7,3.3.0,72,Neoverse-V2,1,1 x NVIDIA GH200 120GB,-2.5917,51.4535,64,machine,0,0,0,0,N,1.0,0.0
2026-09-27T08:14:50,mobilenet_v3_small_batch9_node_0_evaluate,11a9e9a9-9233-4562-a5fe-1a3849a0e710,5b0fa12a-3dd7-45bb-9766-cc326314d9f1,8.1052102339454,8.294856283211102e-05,1.023398041974463e-05,115.20001062720002,131.6259707271456,6.0,0.0001613265471330543,0.00018365598026548469,4.143748784748217e-06,0.0003491262761832872,0.0,United Kingdom,GBR,england,,,Linux-6.4.0-150600.23.73_15.0.14-cray_shasta_c_64k-aarch64-with-glibc2.38,3.11.7,3.3.0,72,Neoverse-V2,1,1 x NVIDIA GH200 120GB,-2.5917,51.4535,64,machine,0.0,1.6,18.3,156.8629150390625,N,1.0,0.0
2026-09-27T08:14:58,mobilenet_v3_small_batch9_node_1_evaluate,e7d984f5-5bba-406d-ba88-6d2eb8a27ea1,5b0fa12a-3dd7-45bb-9766-cc326314d9f1,6.3571759418118745,5.447061471900517e-05,8.568366711505607e-06,115.20001615680002,129.45297553340274,6.0,0.0001057629053976313,0.0001196834290908555,3.817708539621284e-06,0.0002292640430281081,0.0,United Kingdom,GBR,england,,,Linux-6.4.0-150600.23.73_15.0.14-cray_shasta_c_64k-aarch64-with-glibc2.38,3.11.7,3.3.0,72,Neoverse-V2,1,1 x NVIDIA GH200 120GB,-2.5917,51.4535,64,machine,0.0,1.6666666666666667,18.3,156.85894775390625,N,1.0,0.0
2026-09-27T08:15:07,efficientnet_lite0_batch9_node_0_local_train,cbc22de2-7f8e-4870-b17f-9116a29bfdbb,5b0fa12a-3dd7-45bb-9766-cc326314d9f1,7.765720264054835,8.954993424837193e-05,1.1531439609390958e-05,115.20002135808002,83.61964394350214,6.0,0.0001509235913086084,0.00021814850785517592,7.839013086243844e-06,0.00037691111225002813,0.0,United Kingdom,GBR,england,,,Linux-6.4.0-150600.23.73_15.0.14-cray_shasta_c_64k-aarch64-with-glibc2.38,3.11.7,3.3.0,72,Neoverse-V2,1,1 x NVIDIA GH200 120GB,-2.5917,51.4535,64,machine,4.425000000000001,13.5,18.6,159.36581420898438,N,1.0,0.0
2026-09-27T08:16:04,efficientnet_lite0_batch9_node_0_evaluate,8426fdfd-be94-40f8-beda-79964ccbad32,5b0fa12a-3dd7-45bb-9766-cc326314d9f1,5.60576057410799,4.388905450777733e-05,7.829277388423092e-06,115.20001140480002,70.84310681892948,6.0,8.135299429073582e-05,9.916896820527654e-05,4.2048325482755905e-06,0.00018472679504428797,0.0,United Kingdom,GBR,england,,,Linux-6.4.0-150600.23.73_15.0.14-cray_shasta_c_64k-aarch64-with-glibc2.38,3.11.7,3.3.0,72,Neoverse-V2,1,1 x NVIDIA GH200 120GB,-2.5917,51.4535,64,machine,2.5,3.5,18.6,159.35028076171875,N,1.0,0.0
2026-09-27T08:16:18,efficientnet_lite0_batch9_node_1_local_train,6ba05de4-4cbc-4dfb-b9e8-47de5ea4cebf,5b0fa12a-3dd7-45bb-9766-cc326314d9f1,5.161782382056117,3.683307835050459e-05,7.135728634850487e-06,115.20000725760002,146.66252754288547,6.0,6.743781397694354e-05,8.577729083469876e-05,1.8134459651385744e-06,0.00015502855077678088,0.0,United Kingdom,GBR,england,,,Linux-6.4.0-150600.23.73_15.0.14-cray_shasta_c_64k-aarch64-with-glibc2.38,3.11.7,3.3.0,72,Neoverse-V2,1,1 x NVIDIA GH200 120GB,-2.5917,51.4535,64,machine,0.0,2.0,18.6,159.36529541015625,N,1.0,0.0
2026-09-27T08:16:35,efficientnet_lite0_batch9_node_1_evaluate,7a47f75a-2e98-4228-ae45-bb1ee7db4209,5b0fa12a-3dd7-45bb-9766-cc326314d9f1,5.375657625030726,4.018103008879699e-05,7.474625969797941e-06,115.20000501120002,71.2988558519877,6.0,7.419722836859886e-05,9.10845173081043e-05,3.838163447023059e-06,0.00016911990912372622,0.0,United Kingdom,GBR,england,,,Linux-6.4.0-150600.23.73_15.0.14-cray_shasta_c_64k-aarch64-with-glibc2.38,3.11.7,3.3.0,72,Neoverse-V2,1,1 x NVIDIA GH200 120GB,-2.5917,51.4535,64,machine,0.0,5.5,18.6,159.36367797851562,N,1.0,0.0
2026-09-27T08:17:10,mobilevit_xxs_batch9_node_0_local_train,81559ad2-0326-4d04-a2cc-939e3a5b7464,5b0fa12a-3dd7-45bb-9766-cc326314d9f1,26.627057042904198,0.00039755855277925705,1.4930623092843893e-05,115.21487640651429,145.20781127177074,6.0,0.0007545526709970515,0.0008894871004798688,2.9263928522899127e-05,0.0016733036999998193,0.0,United Kingdom,GBR,england,,,Linux-6.4.0-150600.23.73_15.0.14-cray_shasta_c_64k-aarch64-with-glibc2.38,3.11.7,3.3.0,72,Neoverse-V2,1,1 x NVIDIA GH200 120GB,-2.5917,51.4535,64,machine,0.29130434782608694,5.130434782608695,18.60000000000001,159.3701118800951,N,1.0,0.0
2026-09-27T08:17:17,mobilevit_xxs_batch9_node_0_evaluate,18d127cb-d731-4bac-b59f-46c68a91057a,5b0fa12a-3dd7-45bb-9766-cc326314d9f1,5.708359667798504,4.508156579757728e-05,7.897464144014512e-06,115.20000743040003,68.57628124288999,6.0,8.503424957580939e-05,0.0001003178580418762,4.393906707797821e-06,0.00018974601432548342,0.0,United Kingdom,GBR,england,,,Linux-6.4.0-150600.23.73_15.0.14-cray_shasta_c_64k-aarch64-with-glibc2.38,3.11.7,3.3.0,72,Neoverse-V2,1,1 x NVIDIA GH200 120GB,-2.5917,51.4535,64,machine,0.0,5.0,18.6,159.44613647460938,N,1.0,0.0
2026-09-27T08:17:25,mobilevit_xxs_batch9_node_1_local_train,f12f79be-74f4-484b-9bad-a1ff9073b50a,5b0fa12a-3dd7-45bb-9766-cc326314d9f1,4.833181025926024,3.221821102753546e-05,6.66604682396777e-06,115.20000907200003,76.66170262928907,6.0,5.720846113264326e-05,7.543894923855987e-05,2.9573988898967707e-06,0.0001356048092610999,0.0,United Kingdom,GBR,england,,,Linux-6.4.0-150600.23.73_15.0.14-cray_shasta_c_64k-aarch64-with-glibc2.38,3.11.7,3.3.0,72,Neoverse-V2,1,1 x NVIDIA GH200 120GB,-2.5917,51.4535,64,machine,0.0,19.0,18.6,158.96429443359375,N,1.0,0.0
2026-09-27T08:17:39,mobilevit_xxs_batch9_node_1_evaluate,a98fda2e-a828-46b5-b9d1-44d2d1d5e07d,5b0fa12a-3dd7-45bb-9766-cc326314d9f1,5.490859913872555,4.162256972385462e-05,7.580337210697359e-06,115.20001140480002,69.04279382337727,6.0,7.81199894051088e-05,9.30200744164722e-05,4.047212204895914e-06,0.00017518727602647692,0.0,United Kingdom,GBR,england,,,Linux-6.4.0-150600.23.73_15.0.14-cray_shasta_c_64k-aarch64-with-glibc2.38,3.11.7,3.3.0,72,Neoverse-V2,1,1 x NVIDIA GH200 120GB,-2.5917,51.4535,64,machine,0.0,6.5,18.6,158.95645141601562,N,1.0,0.0
2026-09-27T08:18:32,mobilenet_v3_small_batch10_node_0_local_train,8e7e137d-f496-4745-9fc1-b8808d135f82,5b0fa12a-3dd7-45bb-9766-cc326314d9f1,9.898054744116962,0.00011601007566877884,1.1720492426830731e-05,115.20054387565715,187.6815254212293,6.0,0.00021810827792456285,0.0002588288181613052,1.1343403721693905e-05,0.000488280499807562,0.0,United Kingdom,GBR,england,,,Linux-6.4.0-150600.23.73_15.0.14-cray_shasta_c_64k-aarch64-with-glibc2.38,3.11.7,3.3.0,72,Neoverse-V2,1,1 x NVIDIA GH200 120GB,-2.5917,51.4535,64,machine,0.0,7.166666666666667,18.2,156.20748901367188,N,1.0,0.0
2026-09-27T08:18:53,mobilenet_v3_small_batch10_node_0_evaluate,2b999da9-7165-410b-8a63-1364cc7b6213,5b0fa12a-3dd7-45bb-9766-cc326314d9f1,9.63250526599586,0.00010745508445007433,1.1155465943985139e-05,115.20001632960002,127.32147015819999,6.0,0.000209676772878472,0.00023340879783972923,9.187406776860976e-06,0.0004522729774950622,0.0,United Kingdom,GBR,england,,,Linux-6.4.0-150600.23.73_15.0.14-cray_shasta_c_64k-aarch64-with-glibc2.38,3.11.7,3.3.0,72,Neoverse-V2,1,1 x NVIDIA GH200 120GB,-2.5917,51.4535,64,machine,0.2333333333333333,0.5,18.2,156.26079305013022,N,1.0,0.0
2026-09-27T08:19:23,mobilenet_v3_small_batch10_node_1_local_train,d6451ca1-530a-402e-b4c3-743bf20dcb38,5b0fa12a-3dd7-45bb-9766-cc326314d9f1,4.980055145919323,3.2392965576419464e-05,6.504539533656046e-06,115.20001684800003,66.91385501701349,6.0,6.188678869399383e-05,7.125366809646039e-05,3.199885466213649e-06,0.00013634034225666787,0.0,United Kingdom,GBR,england,,,Linux-6.4.0-150600.23.73_15.0.14-cray_shasta_c_64k-aarch64-with-glibc2.38,3.11.7,3.3.0,72,Neoverse-V2,1,1 x NVIDIA GH200 120GB,-2.5917,51.4535,64,machine,0.0,7.0,18.3,156.35882568359375,N,1.0,0.0
2026-09-27T08:20:02,mobilenet_v3_small_batch10_node_1_evaluate,2b365a65-62a0-4f18-b88b-92e7794404e4,5b0fa12a-3dd7-45bb-9766-cc326314d9f1,6.446930468082428,5.5977881008688315e-05,8.682873390030272e-06,115.20009659520002,133.2699673333576,6.0,0.00010866453139754365,0.0001229928761716792,3.9506425033323466e-06,0.0002356080500725552,0.0,United Kingdom,GBR,england,,,Linux-6.4.0-150600.23.73_15.0.14-cray_shasta_c_64k-aarch64-with-glibc2.38,3.11.7,3.3.0,72,Neoverse-V2,1,1 x NVIDIA GH200 120GB,-2.5917,51.4535,64,machine,0.0,1.3333333333333333,18.566666666666666,158.8712158203125,N,1.0,0.0
2026-09-27T08:33:18,mobilenet_v3_small_batch10_node_0_exchange,12413965-dcb3-4af0-9012-f11a39ea0024,5b0fa12a-3dd7-45bb-9766-cc326314d9f1,599.1888444749638,0.00988192887764992,1.6492177664470555e-05,115.20000079275871,127.83482682265367,6.0,0.019173441731740425,0.021236906433969693,0.0011821871690483145,0.04159253533475843,0.0,United Kingdom,GBR,england,,,Linux-6.4.0-150600.23.73_15.0.14-cray_shasta_c_64k-aarch64-with-glibc2.38,3.11.7,3.3.0,72,Neoverse-V2,1,1 x NVIDIA GH200 120GB,-2.5917,51.4535,64,machine,0.30500834724540893,0.041736227045075125,18.508013355592684,158.44885101063622,N,1.0,0.0
2026-09-27T08:33:23,mobilenet_v3_small_batch10_node_1_exchange,72a1f865-0127-4636-8368-6bf7c59c5d36,5b0fa12a-3dd7-45bb-9766-cc326314d9f1,4.330469470936805,2.176195667517114e-05,5.025311186517476e-06,115.20001684800003,68.972094095025,6.0,4.100995235654772e-05,4.847142767516743e-05,2.113587223381425e-06,9.159496725509658e-05,0.0,United Kingdom,GBR,england,,,Linux-6.4.0-150600.23.73_15.0.14-cray_shasta_c_64k-aarch64-with-glibc2.38,3.11.7,3.3.0,72,Neoverse-V2,1,1 x NVIDIA GH200 120GB,-2.5917,51.4535,64,machine,0.0,6.0,18.6,158.87744140625,N,1.0,0.0
2026-09-27T08:33:34,mobilenet_v3_small_batch10_node_0_evaluate,e8d8b5f6-4047-4477-9a9d-c1f95896a9e3,5b0fa12a-3dd7-45bb-9766-cc326314d9f1,6.541235643904656,5.763862794066326e-05,8.81158103429172e-06,115.20002280960003,129.73714687595046,6.0,0.00011170303738179254,0.00012677371252323155,4.121299418232714e-06,0.0002425980493232568,0.0,United Kingdom,GBR,england,,,Linux-6.4.0-150600.23.73_15.0.14-cray_shasta_c_64k-aarch64-with-glibc2.38,3.11.7,3.3.0,72,Neoverse-V2,1,1 x NVIDIA GH200 120GB,-2.5917,51.4535,64,machine,0.0,1.0,18.633333333333336,159.501708984375,N,1.0,0.0
2026-09-27T08:34:10,mobilenet_v3_small_batch10_node_1_evaluate,cb550b94-c231-4b1a-ac7b-a83203a8f48b,5b0fa12a-3dd7-45bb-9766-cc326314d9f1,12.545318248914555,0.00015353741105822303,1.2238622250297028e-05,115.20035685360003,130.5001762031922,6.0,0.00030379385856909143,0.000338834715506664,3.602569025242701e-06,0.0006462311431009981,0.0,United Kingdom,GBR,england,,,Linux-6.4.0-150600.23.73_15.0.14-cray_shasta_c_64k-aarch64-with-glibc2.38,3.11.7,3.3.0,72,Neoverse-V2,1,1 x NVIDIA GH200 120GB,-2.5917,51.4535,64,machine,0.0,0.4444444444444444,18.7,160.30098470052084,N,1.0,0.0
2026-09-27T08:36:23,efficientnet_lite0_batch10_node_0_local_train,2954c2af-f43d-4b97-ac7c-c6397199ff29,5b0fa12a-3dd7-45bb-9766-cc326314d9f1,8.426859203958884,9.992968567925502e-05,1.1858473395676137e-05,115.20002332800001,146.95573100461735,6.0,0.0001720931820114149,0.00024129547082907266,7.210304515513902e-06,0.00042059895735600144,0.0,United Kingdom,GBR,england,,,Linux-6.4.0-150600.23.73_15.0.14-cray_shasta_c_64k-aarch64-with-glibc2.38,3.11.7,3.3.0,72,Neoverse-V2,1,1 x NVIDIA GH200 120GB,-2.5917,51.4535,64,machine,0.8,14.8,19.48,166.86708984375,N,1.0,0.0
2026-09-27T08:36:42,efficientnet_lite0_batch10_node_0_evaluate,297e9bbe-6ca6-40fe-89bf-24732f50f085,5b0fa12a-3dd7-45bb-9766-cc326314d9f1,12.757750425022095,0.0001594101083182536,1.249515808097316e-05,115.20031008960001,135.81720704226657,6.0,0.0003108087457460875,0.00035625139611283885,3.888884898430357e-06,0.0006709490267573566,0.0,United Kingdom,GBR,england,,,Linux-6.4.0-150600.23.73_15.0.14-cray_shasta_c_64k-aarch64-with-glibc2.38,3.11.7,3.3.0,72,Neoverse-V2,1,1 x NVIDIA GH200 120GB,-2.5917,51.4535,64,machine,1.7555555555555555,1.2222222222222223,19.51111111111111,167.0375501844618,N,1.0,0.0
2026-09-27T08:36:57,efficientnet_lite0_batch10_node_1_local_train,5581966b-7fc0-4e8b-8d98-c94038c3dab0,5b0fa12a-3dd7-45bb-9766-cc326314d9f1,5.3232426138129085,3.9762678055435634e-05,7.469634758381715e-06,115.200007776,147.08325886321563,6.0,7.272148568556166e-05,9.256479627595127e-05,2.072804761507238e-06,0.00016735908672302016,0.0,United Kingdom,GBR,england,,,Linux-6.4.0-150600.23.73_15.0.14-cray_shasta_c_64k-aarch64-with-glibc2.38,3.11.7,3.3.0,72,Neoverse-V2,1,1 x NVIDIA GH200 120GB,-2.5917,51.4535,64,machine,0.0,9.0,19.6,167.663330078125,N,1.0,0.0
2026-09-27T08:37:50,efficientnet_lite0_batch10_node_1_evaluate,8558a825-4196-48d3-9acd-8bbf03a269b2,5b0fa12a-3dd7-45bb-9766-cc326314d9f1,6.275097228819504,5.542767632574094e-05,8.832958965349482e-06,115.20002280960003,140.90101973288853,6.0,0.00010320719027900753,0.00012641176779482066,3.6733085114974524e-06,0.00023329226658532566,0.0,United Kingdom,GBR,england,,,Linux-6.4.0-150600.23.73_15.0.14-cray_shasta_c_64k-aarch64-with-glibc2.38,3.11.7,3.3.0,72,Neoverse-V2,1,1 x NVIDIA GH200 120GB,-2.5917,51.4535,64,machine,0.0,3.0,19.6,168.11844889322916,N,1.0,0.0
2026-09-27T08:44:39,mobilevit_xxs_batch10_node_0_local_train,ce42be5c-eb75-47e9-935c-ff57389424b6,5b0fa12a-3dd7-45bb-9766-cc326314d9f1,366.8665371967945,0.0062041536017994735,1.691120059410445e-05,115.20000725847522,143.02640442285528,6.0,0.011739362072588964,0.013034980983547939,0.0013386234608292582,0.026112966516966166,0.0,United Kingdom,GBR,england,,,Linux-6.4.0-150600.23.73_15.0.14-cray_shasta_c_64k-aarch64-with-glibc2.38,3.11.7,3.3.0,72,Neoverse-V2,1,1 x NVIDIA GH200 120GB,-2.5917,51.4535,64,machine,0.32295081967213113,0.30327868852459017,19.62131147540992,168.05039486077314,N,1.0,0.0
2026-09-27T08:45:13,mobilevit_xxs_batch10_node_0_evaluate,b2e47f16-9ab9-4d79-8122-535fc4540c79,5b0fa12a-3dd7-45bb-9766-cc326314d9f1,20.210467759054154,0.0002771896442631526,1.371515234420903e-05,115.20001610496003,133.61069626111,6.0,0.0005490963602564663,0.0006134999352411796,4.080799246439711e-06,0.0011666770947440857,0.0,United Kingdom,GBR,england,,,Linux-6.4.0-150600.23.73_15.0.14-cray_shasta_c_64k-aarch64-with-glibc2.38,3.11.7,3.3.0,72,Neoverse-V2,1,1 x NVIDIA GH200 120GB,-2.5917,51.4535,64,machine,0.45294117647058824,1.2941176470588236,19.6,167.77618408203125,N,1.0,0.0
2026-09-27T08:45:28,mobilevit_xxs_batch10_node_1_local_train,e4cc7866-c178-4cd0-a5e9-b75525aacd15,5b0fa12a-3dd7-45bb-9766-cc326314d9f1,5.117057413095608,3.695859825085781e-05,7.222627238121877e-06,115.20001140480002,75.94230858156571,6.0,6.610042853702384e-05,8.605173549369738e-05,3.404693613604953e-06,0.00015555685764432616,0.0,United Kingdom,GBR,england,,,Linux-6.4.0-150600.23.73_15.0.14-cray_shasta_c_64k-aarch64-with-glibc2.38,3.11.7,3.3.0,72,Neoverse-V2,1,1 x NVIDIA GH200 120GB,-2.5917,51.4535,64,machine,6.6,17.0,19.6,167.51107788085938,N,1.0,0.0
2026-09-27T08:45:50,mobilevit_xxs_batch10_node_1_evaluate,f0bca0f2-482a-42ae-8a91-6046bbcef276,5b0fa12a-3dd7-45bb-9766-cc326314d9f1,6.422024857951328,5.6139635735255155e-05,8.741734418194716e-06,115.20001572480002,131.62158166151127,6.0,0.00010768455147366595,0.00012468648863261933,3.917827371818324e-06,0.0002362888674781036,0.0,United Kingdom,GBR,england,,,Linux-6.4.0-150600.23.73_15.0.14-cray_shasta_c_64k-aarch64-with-glibc2.38,3.11.7,3.3.0,72,Neoverse-V2,1,1 x NVIDIA GH200 120GB,-2.5917,51.4535,64,machine,0.0,3.0,19.6,168.0059814453125,N,1.0,0.0
2026-09-27T08:47:29,mobilenet_v3_small_batch11_node_0_local_train,e9d577b1-c5ce-4153-8110-9870c3a99f6f,5b0fa12a-3dd7-45bb-9766-cc326314d9f1,9.775411810958758,0.00011414423761031289,1.1676667931508637e-05,115.20018780891428,69.1922078714641,6.0,0.00021434282294990583,0.0002549343706164109,1.1150088884945338e-05,0.00048042728245126205,0.0,United Kingdom,GBR,england,,,Linux-6.4.0-150600.23.73_15.0.14-cray_shasta_c_64k-aarch64-with-glibc2.38,3.11.7,3.3.0,72,Neoverse-V2,1,1 x NVIDIA GH200 120GB,-2.5917,51.4535,64,machine,1.9666666666666668,7.166666666666667,19.2,164.30047607421875,N,1.0,0.0
2026-09-27T08:47:57,mobilenet_v3_small_batch11_node_0_evaluate,faa64c7e-4f1f-486d-be0a-1876ef103018,5b0fa12a-3dd7-45bb-9766-cc326314d9f1,15.965566138038412,0.00020954769704671237,1.3124977544483003e-05,115.20000457920003,128.3012594578862,6.0,0.00041314076975624084,0.0004593614786188027,9.473335708025844e-06,0.0008819755840830694,0.0,United Kingdom,GBR,england,,,Linux-6.4.0-150600.23.73_15.0.14-cray_shasta_c_64k-aarch64-with-glibc2.38,3.11.7,3.3.0,72,Neoverse-V2,1,1 x NVIDIA GH200 120GB,-2.5917,51.4535,64,machine,0.0,0.4166666666666667,19.224999999999998,164.95196533203125,N,1.0,0.0
2026-09-27T08:48:11,mobilenet_v3_small_batch11_node_1_local_train,0a240331-c320-4be8-848b-ba4242b4e126,5b0fa12a-3dd7-45bb-9766-cc326314d9f1,7.946925697848201,8.01637438928331e-05,1.0087390638940935e-05,115.20000656640002,131.91580050721356,6.0,0.00015676067323575407,0.00017739347525491667,3.2509666149659705e-06,0.00033740511510563665,0.0,United Kingdom,GBR,england,,,Linux-6.4.0-150600.23.73_15.0.14-cray_shasta_c_64k-aarch64-with-glibc2.38,3.11.7,3.3.0,72,Neoverse-V2,1,1 x NVIDIA GH200 120GB,-2.5917,51.4535,64,machine,0.0,0.5,19.3,165.47508239746094,N,1.0,0.0
2026-09-27T08:48:44,mobilenet_v3_small_batch11_node_1_evaluate,eb89d0e5-1c38-4e35-8bd6-d8ead1df8463,5b0fa12a-3dd7-45bb-9766-cc326314d9f1,19.61990012601018,0.00026718164625773614,1.3617890230925915e-05,115.200042624,130.03368563371728,6.0,0.0005302106009374294,0.0005903674167342388,3.975923199905083e-06,0.001124553940871573,0.0,United Kingdom,GBR,england,,,Linux-6.4.0-150600.23.73_15.0.14-cray_shasta_c_64k-aarch64-with-glibc2.38,3.11.7,3.3.0,72,Neoverse-V2,1,1 x NVIDIA GH200 120GB,-2.5917,51.4535,64,machine,0.48125,0.25,19.4,165.99652481079102,N,1.0,0.0
2026-09-27T08:48:55,mobilenet_v3_small_batch11_node_0_exchange,62596207-e9bc-47eb-bedf-503ca003fb09,5b0fa12a-3dd7-45bb-9766-cc326314d9f1,8.637816620059311,9.40284271844194e-05,1.0885670687435104e-05,115.2000248832,133.132664633892,6.0,0.00017866149173848144,0.000210304612693335,6.7947564852268746e-06,0.0003957608609170433,0.0,United Kingdom,GBR,england,,,Linux-6.4.0-150600.23.73_15.0.14-cray_shasta_c_64k-aarch64-with-glibc2.38,3.11.7,3.3.0,72,Neoverse-V2,1,1 x NVIDIA GH200 120GB,-2.5917,51.4535,64,machine,0.0,5.4,19.3,165.5005615234375,N,1.0,0.0
2026-09-27T08:49:17,mobilenet_v3_small_batch11_node_0_evaluate,eeba6c03-1bcb-4701-b912-63354f84b469,5b0fa12a-3dd7-45bb-9766-cc326314d9f1,13.523052375065163,0.00016895347169072734,1.2493737878458317e-05,115.20001548720003,128.71277600023052,6.0,0.00033525360650787537,0.00037104196348991536,4.820987127022818e-06,0.0007111165571248136,0.0,United Kingdom,GBR,england,,,Linux-6.4.0-150600.23.73_15.0.14-cray_shasta_c_64k-aarch64-with-glibc2.38,3.11.7,3.3.0,72,Neoverse-V2,1,1 x NVIDIA GH200 120GB,-2.5917,51.4535,64,machine,0.77,0.4,19.300000000000004,165.4750732421875,N,1.0,0.0
2026-09-27T08:49:27,efficientnet_lite0_batch11_node_0_local_train,71f4022b-fa59-446d-822e-75d25d2f526b,5b0fa12a-3dd7-45bb-9766-cc326314d9f1,7.512558966875076,8.519054343737692e-05,1.1339750385055915e-05,115.20001627776003,84.45304346770784,6.0,0.00014275337184520368,0.0002084010000373837,7.4082864786032596e-06,0.00035856265836119064,0.0,United Kingdom,GBR,england,,,Linux-6.4.0-150600.23.73_15.0.14-cray_shasta_c_64k-aarch64-with-glibc2.38,3.11.7,3.3.0,72,Neoverse-V2,1,1 x NVIDIA GH200 120GB,-2.5917,51.4535,64,machine,2.8499999999999996,20.75,19.6,167.94320678710938,N,1.0,0.0
2026-09-27T08:49:53,efficientnet_lite0_batch11_node_0_evaluate,eaa51946-f5bd-4838-aa4e-35069a4488f9,5b0fa12a-3dd7-45bb-9766-cc326314d9f1,5.985276432940736,5.1497300814701916e-05,8.603997057058204e-06,115.20001123200002,72.58562193401787,6.0,9.407653250824672e-05,0.00011779898312624937,4.87400060868822e-06,0.00021674951624318432,0.0,United Kingdom,GBR,england,,,Linux-6.4.0-150600.23.73_15.0.14-cray_shasta_c_64k-aarch64-with-glibc2.38,3.11.7,3.3.0,72,Neoverse-V2,1,1 x NVIDIA GH200 120GB,-2.5917,51.4535,64,machine,0.0,5.5,19.6,167.94961547851562,N,1.0,0.0
2026-09-27T08:50:08,efficientnet_lite0_batch11_node_1_local_train,cd46adb9-257b-4a3e-b841-f5729ea29a93,5b0fa12a-3dd7-45bb-9766-cc326314d9f1,4.433615450048819,2.5862208543331882e-05,5.8332096761001475e-06,115.20001684800003,82.83453612763974,6.0,4.4190943833950146e-05,6.239671658647694e-05,2.2650581117098533e-06,0.00010885271853213694,0.0,United Kingdom,GBR,england,,,Linux-6.4.0-150600.23.73_15.0.14-cray_shasta_c_64k-aarch64-with-glibc2.38,3.11.7,3.3.0,72,Neoverse-V2,1,1 x NVIDIA GH200 120GB,-2.5917,51.4535,64,machine,4.5,10.0,19.6,167.95831298828125,N,1.0,0.0
2026-09-27T08:50:38,efficientnet_lite0_batch11_node_1_evaluate,4b39a6fd-51e4-45c7-b14f-643c41385fe4,5b0fa12a-3dd7-45bb-9766-cc326314d9f1,11.258025148883462,0.00013472454972114132,1.1966978927427864e-05,115.20001296000004,135.925468118379,6.0,0.0002627045605381005,0.0003002938513532172,4.050356027825425e-06,0.0005670487679191432,0.0,United Kingdom,GBR,england,,,Linux-6.4.0-150600.23.73_15.0.14-cray_shasta_c_64k-aarch64-with-glibc2.38,3.11.7,3.3.0,72,Neoverse-V2,1,1 x NVIDIA GH200 120GB,-2.5917,51.4535,64,machine,0.7375,1.75,19.599999999999998,167.9579315185547,N,1.0,0.0
2026-09-27T08:52:42,mobilevit_xxs_batch11_node_0_local_train,530a6c8a-9e64-4cb0-ab5c-0df74fc20ec7,5b0fa12a-3dd7-45bb-9766-cc326314d9f1,114.15237024310045,0.0019173605732866084,1.6796502509789076e-05,115.20000580575486,102.4370163869237,6.0,0.0036527364655081526,0.0040962774436792415,0.00032105908782260184,0.008070072997009998,0.0,United Kingdom,GBR,england,,,Linux-6.4.0-150600.23.73_15.0.14-cray_shasta_c_64k-aarch64-with-glibc2.38,3.11.7,3.3.0,72,Neoverse-V2,1,1 x NVIDIA GH200 120GB,-2.5917,51.4535,64,machine,0.35964912280701755,0.9473684210526315,19.464912280701803,166.857406883909,N,1.0,0.0
2026-09-27T08:52:49,mobilevit_xxs_batch11_node_0_evaluate,6802d85d-61ec-4459-945b-c2e9ecf1ac4b,5b0fa12a-3dd7-45bb-9766-cc326314d9f1,6.083424892975017,5.2482475828367834e-05,8.627126454536037e-06,115.20001386720003,70.74967267987834,6.0,9.716812425846196e-05,0.00011868981718521354,5.038126254609476e-06,0.000220896067698285,0.0,United Kingdom,GBR,england,,,Linux-6.4.0-150600.23.73_15.0.14-cray_shasta_c_64k-aarch64-with-glibc2.38,3.11.7,3.3.0,72,Neoverse-V2,1,1 x NVIDIA GH200 120GB,-2.5917,51.4535,64,machine,0.0,3.6666666666666665,19.5,167.00736490885416,N,1.0,0.0
2026-09-27T08:53:12,mobilevit_xxs_batch11_node_1_local_train,e22f53c6-f695-48b4-a0e4-7009b8417870,5b0fa12a-3dd7-45bb-9766-cc326314d9f1,6.2615155971143395,5.4859034840707404e-05,8.761302912986362e-06,115.20001572480002,139.3762093395356,6.0,0.00010244062802351476,0.00012490565546841026,3.5526000452227893e-06,0.0002308988835371478,0.0,United Kingdom,GBR,england,,,Linux-6.4.0-150600.23.73_15.0.14-cray_shasta_c_64k-aarch64-with-glibc2.38,3.11.7,3.3.0,72,Neoverse-V2,1,1 x NVIDIA GH200 120GB,-2.5917,51.4535,64,machine,0.0,1.3333333333333333,19.5,167.01810709635416,N,1.0,0.0
2026-09-27T08:53:35,mobilevit_xxs_batch11_node_1_evaluate,3bb42ff0-ef4b-453f-bbd5-3d5c79e17b01,5b0fa12a-3dd7-45bb-9766-cc326314d9f1,6.5675117338541895,5.909867515095455e-05,8.998640207418721e-06,115.20002237760002,132.7998558217605,6.0,0.00011251534012846392,0.00013205927231751957,4.168701221545537e-06,0.000248743313667529,0.0,United Kingdom,GBR,england,,,Linux-6.4.0-150600.23.73_15.0.14-cray_shasta_c_64k-aarch64-with-glibc2.38,3.11.7,3.3.0,72,Neoverse-V2,1,1 x NVIDIA GH200 120GB,-2.5917,51.4535,64,machine,0.0,4.333333333333333,19.5,167.0333251953125,N,1.0,0.0
2026-09-27T08:54:43,mobilenet_v3_small_batch12_node_0_local_train,d5bf7ecf-51cf-41a0-9979-c731238a686c,5b0fa12a-3dd7-45bb-9766-cc326314d9f1,9.729484628187492,0.00011298055890824227,1.16121832990952e-05,115.20001273782859,68.62849757351303,6.0,0.00021299685588676204,0.00025145020117633976,1.1082361000201976e-05,0.00047552941806330374,0.0,United Kingdom,GBR,england,,,Linux-6.4.0-150600.23.73_15.0.14-cray_shasta_c_64k-aarch64-with-glibc2.38,3.11.7,3.3.0,72,Neoverse-V2,1,1 x NVIDIA GH200 120GB,-2.5917,51.4535,64,machine,0.0,7.5,19.2,164.81084187825522,N,1.0,0.0
2026-09-27T08:56:11,mobilenet_v3_small_batch12_node_0_evaluate,dc66f033-5839-4c0c-b854-a6dd3e35d94d,5b0fa12a-3dd7-45bb-9766-cc326314d9f1,8.50056004198268,9.065949515567203e-05,1.066512026359695e-05,115.200006048,65.57533280618128,6.0,0.00017449395731183962,0.00019802099174626164,9.066248538050181e-06,0.00038158119759615144,0.0,United Kingdom,GBR,england,,,Linux-6.4.0-150600.23.73_15.0.14-cray_shasta_c_64k-aarch64-with-glibc2.38,3.11.7,3.3.0,72,Neoverse-V2,1,1 x NVIDIA GH200 120GB,-2.5917,51.4535,64,machine,3.5400000000000005,0.6,18.1,154.98763427734374,N,1.0,0.0
2026-09-27T08:58:04,mobilenet_v3_small_batch12_node_1_local_train,b40e43d2-a82b-40f2-8c91-917d6c623d74,5b0fa12a-3dd7-45bb-9766-cc326314d9f1,4.260774272959679,2.0524722930346112e-05,4.8171345430343434e-06,115.2000331776,71.15956050900992,6.0,3.8051557857048044e-05,4.637531486650914e-05,1.9606407149694864e-06,8.638751343852666e-05,0.0,United Kingdom,GBR,england,,,Linux-6.4.0-150600.23.73_15.0.14-cray_shasta_c_64k-aarch64-with-glibc2.38,3.11.7,3.3.0,72,Neoverse-V2,1,1 x NVIDIA GH200 120GB,-2.5917,51.4535,64,machine,0.0,9.0,18.4,157.8594970703125,N,1.0,0.0
2026-09-27T08:58:21,mobilenet_v3_small_batch12_node_1_evaluate,0d62b226-3f3d-45ba-b655-cc601bb0940b,5b0fa12a-3dd7-45bb-9766-cc326314d9f1,5.170285680098459,3.6123010922942936e-05,6.986656668119552e-06,115.20001192320001,68.88205480141322,6.0,6.79687483636119e-05,8.055728667955009e-05,3.5138780965159342e-06,0.0001520399131396779,0.0,United Kingdom,GBR,england,,,Linux-6.4.0-150600.23.73_15.0.14-cray_shasta_c_64k-aarch64-with-glibc2.38,3.11.7,3.3.0,72,Neoverse-V2,1,1 x NVIDIA GH200 120GB,-2.5917,51.4535,64,machine,0.0,1.5,18.4,157.84613037109375,N,1.0,0.0
2026-09-27T08:58:39,mobilenet_v3_small_batch12_node_0_exchange,81fc6533-22a8-46d1-a84b-94244a044438,5b0fa12a-3dd7-45bb-9766-cc326314d9f1,8.110341883962974,8.49079462784391e-05,1.0469095815348088e-05,115.20001156032001,131.49637538331382,6.0,0.0001618829188535909,0.00018875570657428398,6.73459588472421e-06,0.0003573732213125991,0.0,United Kingdom,GBR,england,,,Linux-6.4.0-150600.23.73_15.0.14-cray_shasta_c_64k-aarch64-with-glibc2.38,3.11.7,3.3.0,72,Neoverse-V2,1,1 x NVIDIA GH200 120GB,-2.5917,51.4535,64,machine,0.0,6.8,18.4,157.858984375,N,1.0,0.0
2026-09-27T08:59:00,mobilenet_v3_small_batch12_node_0_evaluate,284fcdb0-f081-4d24-9441-a9e57b202aef,5b0fa12a-3dd7-45bb-9766-cc326314d9f1,7.104452783009037,6.604740586150779e-05,9.29662113026725e-06,115.20000868320001,128.21589240695386,6.0,0.00012973763802103053,0.00014435455993577762,3.897969355263436e-06,0.0002779901673120716,0.0,United Kingdom,GBR,england,,,Linux-6.4.0-150600.23.73_15.0.14-cray_shasta_c_64k-aarch64-with-glibc2.38,3.11.7,3.3.0,72,Neoverse-V2,1,1 x NVIDIA GH200 120GB,-2.5917,51.4535,64,machine,0.0,1.5,18.4,157.82366943359375,N,1.0,0.0
2026-09-27T08:59:25,efficientnet_lite0_batch12_node_0_local_train,898228cb-b522-4a6a-b2a7-00bb58c9aa6d,5b0fa12a-3dd7-45bb-9766-cc326314d9f1,7.618423833977431,8.681774698127977e-05,1.139576228275474e-05,115.20001607040001,83.80638467475168,6.0,0.00014624851858385031,0.0002115826692659084,7.5802873501864575e-06,0.0003654114751999452,0.0,United Kingdom,GBR,england,,,Linux-6.4.0-150600.23.73_15.0.14-cray_shasta_c_64k-aarch64-with-glibc2.38,3.11.7,3.3.0,72,Neoverse-V2,1,1 x NVIDIA GH200 120GB,-2.5917,51.4535,64,machine,0.0,15.0,18.7,160.34275817871094,N,1.0,0.0
2026-09-27T08:59:57,efficientnet_lite0_batch12_node_0_evaluate,d1b11f2b-5e6a-4daa-8c19-f6b3596c0ac1,5b0fa12a-3dd7-45bb-9766-cc326314d9f1,16.88010748103261,0.0002248819053470312,1.3322302929630069e-05,115.2000163296,135.53781142286667,6.0,0.0004424291718209645,0.0005001048445336664,3.982469455028574e-06,0.0009465164858096595,0.0,United Kingdom,GBR,england,,,Linux-6.4.0-150600.23.73_15.0.14-cray_shasta_c_64k-aarch64-with-glibc2.38,3.11.7,3.3.0,72,Neoverse-V2,1,1 x NVIDIA GH200 120GB,-2.5917,51.4535,64,machine,0.0,0.6923076923076923,18.699999999999996,160.3500694861779,N,1.0,0.0
2026-09-27T09:00:43,efficientnet_lite0_batch12_node_1_local_train,acda6f56-4fe3-4d7b-9643-f02cb65e3527,5b0fa12a-3dd7-45bb-9766-cc326314d9f1,3.9423429970629513,1.7345390224249324e-05,4.3997668993214576e-06,115.20001399680001,88.77390260541888,6.0,2.8590147927342483e-05,4.295864549419548e-05,1.4570705883670598e-06,7.300586400990503e-05,0.0,United Kingdom,GBR,england,,,Linux-6.4.0-150600.23.73_15.0.14-cray_shasta_c_64k-aarch64-with-glibc2.38,3.11.7,3.3.0,72,Neoverse-V2,1,1 x NVIDIA GH200 120GB,-2.5917,51.4535,64,machine,0,0,0,0,N,1.0,0.0
2026-09-27T09:01:04,efficientnet_lite0_batch12_node_1_evaluate,0411627a-2743-4f7a-bd02-c1106ea3c52e,5b0fa12a-3dd7-45bb-9766-cc326314d9f1,6.668845498003066,6.123767609289643e-05,9.18265029700172e-06,115.20001572480002,136.61414966424036,6.0,0.0001157711347747978,0.0001384453885293624,3.529736383352429e-06,0.0002577462596875126,0.0,United Kingdom,GBR,england,,,Linux-6.4.0-150600.23.73_15.0.14-cray_shasta_c_64k-aarch64-with-glibc2.38,3.11.7,3.3.0,72,Neoverse-V2,1,1 x NVIDIA GH200 120GB,-2.5917,51.4535,64,machine,0.0,3.6666666666666665,18.7,160.35982259114584,N,1.0,0.0
2026-09-27T09:02:51,mobilevit_xxs_batch12_node_0_local_train,6654b6a8-a17c-4263-9d01-0a7b8faca157,5b0fa12a-3dd7-45bb-9766-cc326314d9f1,11.95181463798508,0.0001585818582440122,1.326843354313827e-05,115.20001224720002,138.2184988800031,6.0,0.00028485806782620356,0.00036950307338656785,1.3101823166944089e-05,0.0006674629643797155,0.0,United Kingdom,GBR,england,,,Linux-6.4.0-150600.23.73_15.0.14-cray_shasta_c_64k-aarch64-with-glibc2.38,3.11.7,3.3.0,72,Neoverse-V2,1,1 x NVIDIA GH200 120GB,-2.5917,51.4535,64,machine,0.0,10.375,18.0,154.4970245361328,N,1.0,0.0
2026-09-27T09:25:19,mobilevit_xxs_batch12_node_0_evaluate,6c070368-b8e0-4377-a51b-9b9d953f19e8,5b0fa12a-3dd7-45bb-9766-cc326314d9f1,12.724781705066562,0.00015725537606347216,1.2358198333638886e-05,115.20012333600002,131.40179205890885,6.0,0.00030966144953766835,0.00034793777834352113,4.280640561676895e-06,0.0006618798684428663,0.0,United Kingdom,GBR,england,,,Linux-6.4.0-150600.23.73_15.0.14-cray_shasta_c_64k-aarch64-with-glibc2.38,3.11.7,3.3.0,72,Neoverse-V2,1,1 x NVIDIA GH200 120GB,-2.5917,51.4535,64,machine,0.7,1.8888888888888888,19.3,165.16238064236111,N,1.0,0.0
2026-09-27T09:25:33,mobilevit_xxs_batch12_node_1_local_train,239348de-b42a-4b70-9663-1100936f8ed5,5b0fa12a-3dd7-45bb-9766-cc326314d9f1,4.523372664116323,2.7206771748507812e-05,6.014709326148982e-06,115.20001658880003,80.38153148220147,6.0,4.7091004777891435e-05,6.49900519960056e-05,2.4308598068698e-06,0.00011451191658076684,0.0,United Kingdom,GBR,england,,,Linux-6.4.0-150600.23.73_15.0.14-cray_shasta_c_64k-aarch64-with-glibc2.38,3.11.7,3.3.0,72,Neoverse-V2,1,1 x NVIDIA GH200 120GB,-2.5917,51.4535,64,machine,0.0,19.0,19.3,165.068603515625,N,1.0,0.0
2026-09-27T09:25:45,mobilevit_xxs_batch12_node_1_evaluate,bf328314-6a61-404d-ad0b-00f2e32965f1,5b0fa12a-3dd7-45bb-9766-cc326314d9f1,10.87277793395333,0.0001287638447007081,1.1842773344851135e-05,115.20001676160001,134.8823927060227,6.0,0.0002504590409328766,0.0002878232858023466,3.678137346481284e-06,0.0005419604640817045,0.0,United Kingdom,GBR,england,,,Linux-6.4.0-150600.23.73_15.0.14-cray_shasta_c_64k-aarch64-with-glibc2.38,3.11.7,3.3.0,72,Neoverse-V2,1,1 x NVIDIA GH200 120GB,-2.5917,51.4535,64,machine,0.0,2.857142857142857,19.3,165.05081612723214,N,1.0,0.0
2026-09-27T09:27:01,mobilenet_v3_small_batch13_node_0_local_train,976c9304-53da-4cfa-acaa-b29f187c33c6,5b0fa12a-3dd7-45bb-9766-cc326314d9f1,9.460106716956943,0.00010848611847885878,1.1467747851554447e-05,115.20005065508573,68.8341954350061,6.0,0.0002042592046055409,0.00024172602671512777,1.0627315888414161e-05,0.00045661254720908285,0.0,United Kingdom,GBR,england,,,Linux-6.4.0-150600.23.73_15.0.14-cray_shasta_c_64k-aarch64-with-glibc2.38,3.11.7,3.3.0,72,Neoverse-V2,1,1 x NVIDIA GH200 120GB,-2.5917,51.4535,64,machine,0.0,6.333333333333333,19.0,162.93353271484375,N,1.0,0.0
2026-09-27T09:27:27,mobilenet_v3_small_batch13_node_0_evaluate,fd22d3b4-5564-42e9-bb60-cf6ff5e75807,5b0fa12a-3dd7-45bb-9766-cc326314d9f1,8.332508576102555,8.78341483350393e-05,1.0541141066082506e-05,115.20000924480001,65.54151383123165,6.0,0.00016919143988687366,0.00019170932003476082,8.788696808430058e-06,0.00036968945673006455,0.0,United Kingdom,GBR,england,,,Linux-6.4.0-150600.23.73_15.0.14-cray_shasta_c_64k-aarch64-with-glibc2.38,3.11.7,3.3.0,72,Neoverse-V2,1,1 x NVIDIA GH200 120GB,-2.5917,51.4535,64,machine,0.0,0.8,19.0,162.9619384765625,N,1.0,0.0
2026-09-27T09:27:33,mobilenet_v3_small_batch13_node_1_local_train,92d8d1d2-b8fe-4eff-8772-57dcdbf174a6,5b0fa12a-3dd7-45bb-9766-cc326314d9f1,4.5288760520052165,2.4584057241179696e-05,5.428291028255188e-06,115.20002099520002,65.64086636959442,6.0,4.74963816421127e-05,5.3524765050383394e-05,2.451898108314102e-06,0.0001034730448008102,0.0,United Kingdom,GBR,england,,,Linux-6.4.0-150600.23.73_15.0.14-cray_shasta_c_64k-aarch64-with-glibc2.38,3.11.7,3.3.0,72,Neoverse-V2,1,1 x NVIDIA GH200 120GB,-2.5917,51.4535,64,machine,0.0,7.0,19.0,163.02703857421875,N,1.0,0.0
2026-09-27T09:27:39,mobilenet_v3_small_batch13_node_1_evaluate,0799b5cb-54e8-4981-a1d4-b82d6a7a4ed6,5b0fa12a-3dd7-45bb-9766-cc326314d9f1,5.420192412100732,3.9892742216625715e-05,7.360023258134534e-06,115.20000622080002,67.2216875525348,6.0,7.59957437092366e-05,8.797451482678298e-05,3.936261616957685e-06,0.00016790652015297728,0.0,United Kingdom,GBR,england,,,Linux-6.4.0-150600.23.73_15.0.14-cray_shasta_c_64k-aarch64-with-glibc2.38,3.11.7,3.3.0,72,Neoverse-V2,1,1 x NVIDIA GH200 120GB,-2.5917,51.4535,64,machine,0.0,2.0,19.0,163.04022216796875,N,1.0,0.0
2026-09-27T09:28:01,mobilenet_v3_small_batch13_node_0_exchange,c8b254ec-1755-4898-924c-3dfb006aa40c,5b0fa12a-3dd7-45bb-9766-cc326314d9f1,7.9785742880776525,8.306586828892461e-05,1.0411116734608785e-05,115.20001594080001,132.3939710790153,6.0,0.00015775653633064737,0.00018534042605722334,6.523046488485609e-06,0.0003496200088763563,0.0,United Kingdom,GBR,england,,,Linux-6.4.0-150600.23.73_15.0.14-cray_shasta_c_64k-aarch64-with-glibc2.38,3.11.7,3.3.0,72,Neoverse-V2,1,1 x NVIDIA GH200 120GB,-2.5917,51.4535,64,machine,0.0,6.0,19.0,163.0697479248047,N,1.0,0.0
2026-09-27T09:28:21,mobilenet_v3_small_batch13_node_0_evaluate,749bdc03-4f9c-43f0-813d-08356e9ef7ac,5b0fa12a-3dd7-45bb-9766-cc326314d9f1,12.641662994865328,0.0001557188362641105,1.2317907567015426e-05,115.20010132560003,130.36171302621943,6.0,0.00030686198141344613,0.0003445474978605034,4.003171413205564e-06,0.0006554126506871552,0.0,United Kingdom,GBR,england,,,Linux-6.4.0-150600.23.73_15.0.14-cray_shasta_c_64k-aarch64-with-glibc2.38,3.11.7,3.3.0,72,Neoverse-V2,1,1 x NVIDIA GH200 120GB,-2.5917,51.4535,64,machine,0.0,0.4444444444444444,19.0,163.0869140625,N,1.0,0.0
2026-09-27T09:29:55,efficientnet_lite0_batch13_node_0_local_train,10860bdd-9fd5-4f71-9863-a728fa623307,5b0fa12a-3dd7-45bb-9766-cc326314d9f1,72.57791762403212,0.0011508468144587729,1.585670755146745e-05,115.20001178422469,137.7359468866722,6.0,0.0022249199362339668,0.0025133861773696253,0.00010554951295644666,0.0048438556265600384,0.0,United Kingdom,GBR,england,,,Linux-6.4.0-150600.23.73_15.0.14-cray_shasta_c_64k-aarch64-with-glibc2.38,3.11.7,3.3.0,72,Neoverse-V2,1,1 x NVIDIA GH200 120GB,-2.5917,51.4535,64,machine,0.2971014492753623,1.0,19.017391304347825,163.24370011039403,N,1.0,0.0
2026-09-27T09:31:07,efficientnet_lite0_batch13_node_0_evaluate,a8d7e372-105c-4128-ada9-8f151d80f951,5b0fa12a-3dd7-45bb-9766-cc326314d9f1,5.535011957865208,4.360958931638975e-05,7.878860903709677e-06,115.20001105920002,73.24461343418143,6.0,7.931038979552742e-05,0.00010013146899723324,4.108681494835764e-06,0.00018355054028759644,0.0,United Kingdom,GBR,england,,,Linux-6.4.0-150600.23.73_15.0.14-cray_shasta_c_64k-aarch64-with-glibc2.38,3.11.7,3.3.0,72,Neoverse-V2,1,1 x NVIDIA GH200 120GB,-2.5917,51.4535,64,machine,0.0,6.5,19.3,165.57672119140625,N,1.0,0.0
2026-09-27T09:31:22,efficientnet_lite0_batch13_node_1_local_train,3c8b55f4-e76c-495d-bc84-51d12059c888,5b0fa12a-3dd7-45bb-9766-cc326314d9f1,4.102168119046837,1.9481388612200984e-05,4.749046856891765e-06,115.20000699840003,80.66268991563507,6.0,3.3728520181692005e-05,4.653170390156447e-05,1.735948349814862e-06,8.199617243307133e-05,0.0,United Kingdom,GBR,england,,,Linux-6.4.0-150600.23.73_15.0.14-cray_shasta_c_64k-aarch64-with-glibc2.38,3.11.7,3.3.0,72,Neoverse-V2,1,1 x NVIDIA GH200 120GB,-2.5917,51.4535,64,machine,0.0,18.0,19.3,165.5711669921875,N,1.0,0.0
2026-09-27T09:32:47,efficientnet_lite0_batch13_node_1_evaluate,1cb8ab2d-2a2c-4265-b168-29ccbfd9d411,5b0fa12a-3dd7-45bb-9766-cc326314d9f1,26.87645500502549,0.00039044063886345913,1.4527237271078073e-05,115.20001059840001,133.95582423704607,6.0,0.0007624475221225074,0.0008518995703923338,2.8997670346482967e-05,0.0016433447628613242,0.0,United Kingdom,GBR,england,,,Linux-6.4.0-150600.23.73_15.0.14-cray_shasta_c_64k-aarch64-with-glibc2.38,3.11.7,3.3.0,72,Neoverse-V2,1,1 x NVIDIA GH200 120GB,-2.5917,51.4535,64,machine,0.2434782608695652,0.4782608695652174,19.300000000000008,165.5651271654212,N,1.0,0.0
2026-09-27T09:33:19,mobilevit_xxs_batch13_node_0_local_train,79c1d3c7-43f8-42df-b676-15d3bb4492bf,5b0fa12a-3dd7-45bb-9766-cc326314d9f1,12.513706027995795,0.00016714981466618025,1.3357339088215029e-05,115.2000271512,141.88217897627774,6.0,0.0003027000904831924,0.00038849725525835765,1.2327710831693065e-05,0.0007035250565732431,0.0,United Kingdom,GBR,england,,,Linux-6.4.0-150600.23.73_15.0.14-cray_shasta_c_64k-aarch64-with-glibc2.38,3.11.7,3.3.0,72,Neoverse-V2,1,1 x NVIDIA GH200 120GB,-2.5917,51.4535,64,machine,0.0,11.222222222222221,19.3,165.61126708984375,N,1.0,0.0
2026-09-27T09:33:35,mobilevit_xxs_batch13_node_0_evaluate,9e1012a8-0c1f-4474-9179-03e34fceb71b,5b0fa12a-3dd7-45bb-9766-cc326314d9f1,12.148663865868002,0.00014899391767145409,1.22642225776002e-05,115.20001564457145,133.98619123511514,6.0,0.0002912480915828287,0.00033153415412812137,4.325565136581039e-06,0.0006271078108475312,0.0,United Kingdom,GBR,england,,,Linux-6.4.0-150600.23.73_15.0.14-cray_shasta_c_64k-aarch64-with-glibc2.38,3.11.7,3.3.0,72,Neoverse-V2,1,1 x NVIDIA GH200 120GB,-2.5917,51.4535,64,machine,0.7444444444444445,1.4444444444444444,19.3,165.55809868706598,N,1.0,0.0
2026-09-27T09:34:09,mobilevit_xxs_batch13_node_1_local_train,37dcb2ad-0ddb-4409-8675-e54aed865f44,5b0fa12a-3dd7-45bb-9766-cc326314d9f1,14.406989559996873,0.0001848051705851186,1.2827466127847928e-05,115.20008109504002,138.51850598200113,6.0,0.0003632877067634307,0.0004117986627676373,2.7491808737007277e-06,0.0007778355504047688,0.0,United Kingdom,GBR,england,,,Linux-6.4.0-150600.23.73_15.0.14-cray_shasta_c_64k-aarch64-with-glibc2.38,3.11.7,3.3.0,72,Neoverse-V2,1,1 x NVIDIA GH200 120GB,-2.5917,51.4535,64,machine,0.0,3.1818181818181817,19.300000000000004,165.15587824041194,N,1.0,0.0
2026-09-27T09:42:44,mobilevit_xxs_batch13_node_1_evaluate,b665bc72-b28d-4e1f-9829-169431b5ffc5,5b0fa12a-3dd7-45bb-9766-cc326314d9f1,13.294788755010813,0.0001664821057734175,1.2522358108974864e-05,115.20009732960003,132.25436189171973,6.0,0.00032788012250452395,0.0003687675172301397,4.067064117019376e-06,0.000700714703851683,0.0,United Kingdom,GBR,england,,,Linux-6.4.0-150600.23.73_15.0.14-cray_shasta_c_64k-aarch64-with-glibc2.38,3.11.7,3.3.0,72,Neoverse-V2,1,1 x NVIDIA GH200 120GB,-2.5917,51.4535,64,machine,0.0,1.5,19.300000000000004,165.3496887207031,N,1.0,0.0
2026-09-27T09:43:18,mobilenet_v3_small_batch14_node_0_local_train,a5b6c34f-31ba-437c-842e-994c3a39a68a,5b0fa12a-3dd7-45bb-9766-cc326314d9f1,9.939027164131403,0.00011750758345999736,1.1822845588355593e-05,115.24237986651428,188.1629761809242,6.0,0.00021988122029782185,0.000263292155082695,1.14100584484792e-05,0.0004945834338289961,0.0,United Kingdom,GBR,england,,,Linux-6.4.0-150600.23.73_15.0.14-cray_shasta_c_64k-aarch64-with-glibc2.38,3.11.7,3.3.0,72,Neoverse-V2,1,1 x NVIDIA GH200 120GB,-2.5917,51.4535,64,machine,0.8833333333333333,7.166666666666667,19.0,162.68038940429688,N,1.0,0.0
2026-09-27T09:43:33,mobilenet_v3_small_batch14_node_0_evaluate,4321242f-fb88-4fb7-b977-0fc60fabe697,5b0fa12a-3dd7-45bb-9766-cc326314d9f1,9.213579342933372,0.0001018430119502576,1.1053577351387235e-05,115.20000898560002,133.9706857543656,6.0,0.00019716342605603942,0.00022291573388599772,8.572890238137916e-06,0.000428652050180175,0.0,United Kingdom,GBR,england,,,Linux-6.4.0-150600.23.73_15.0.14-cray_shasta_c_64k-aarch64-with-glibc2.38,3.11.7,3.3.0,72,Neoverse-V2,1,1 x NVIDIA GH200 120GB,-2.5917,51.4535,64,machine,0.0,0.8333333333333334,19.0,162.696044921875,N,1.0,0.0
2026-09-27T09:43:44,mobilenet_v3_small_batch14_node_1_local_train,e55f8057-6b20-4442-a6c8-58515eb2fab7,5b0fa12a-3dd7-45bb-9766-cc326314d9f1,9.628774787066504,0.00010729992547858174,1.114367381639338e-05,115.20001866240003,134.47995258788646,6.0,0.0002105806862346752,0.000238430468513684,2.608766538323835e-06,0.00045161992128668306,0.0,United Kingdom,GBR,england,,,Linux-6.4.0-150600.23.73_15.0.14-cray_shasta_c_64k-aarch64-with-glibc2.38,3.11.7,3.3.0,72,Neoverse-V2,1,1 x NVIDIA GH200 120GB,-2.5917,51.4535,64,machine,0.0,1.1666666666666667,19.0,162.75584920247397,N,1.0,0.0
2026-09-27T09:44:56,mobilenet_v3_small_batch14_node_1_evaluate,6b84e32e-d806-4e81-8d1c-d3e90994c31a,5b0fa12a-3dd7-45bb-9766-cc326314d9f1,66.55311810900457,0.0010420054002570458,1.5656748021187957e-05,115.20000358200004,128.07366185654826,6.0,0.0020318526687686154,0.0022503059669105596,0.00010358902207032467,0.0043857476577495,0.0,United Kingdom,GBR,england,,,Linux-6.4.0-150600.23.73_15.0.14-cray_shasta_c_64k-aarch64-with-glibc2.38,3.11.7,3.3.0,72,Neoverse-V2,1,1 x NVIDIA GH200 120GB,-2.5917,51.4535,64,machine,0.3190476190476191,0.047619047619047616,19.0,162.75019182477678,N,1.0,0.0
2026-09-27T09:47:42,mobilenet_v3_small_batch14_node_0_exchange,01d33350-ef19-4412-8e2b-ec75527455f7,5b0fa12a-3dd7-45bb-9766-cc326314d9f1,8.492922478821129,9.133664407543058e-05,1.0754442219765639e-05,115.20001119744002,129.00733719337052,6.0,0.00017411639646116268,0.0002030237735226592,7.291112926711017e-06,0.00038443128291053286,0.0,United Kingdom,GBR,england,,,Linux-6.4.0-150600.23.73_15.0.14-cray_shasta_c_64k-aarch64-with-glibc2.38,3.11.7,3.3.0,72,Neoverse-V2,1,1 x NVIDIA GH200 120GB,-2.5917,51.4535,64,machine,0.0,5.6,19.0,162.75413818359374,N,1.0,0.0
2026-09-27T09:48:05,mobilenet_v3_small_batch14_node_0_evaluate,ecdfce7a-4d35-42ac-87fa-a0f7aa7a8864,5b0fa12a-3dd7-45bb-9766-cc326314d9f1,6.653794276993722,5.931539739927462e-05,8.91452229059209e-06,115.20002211840003,129.43908841222137,6.0,0.0001151202290012101,0.0001302412153165733,4.294042254720504e-06,0.00024965548657250385,0.0,United Kingdom,GBR,england,,,Linux-6.4.0-150600.23.73_15.0.14-cray_shasta_c_64k-aarch64-with-glibc2.38,3.11.7,3.3.0,72,Neoverse-V2,1,1 x NVIDIA GH200 120GB,-2.5917,51.4535,64,machine,0.0,1.3333333333333333,19.0,162.73323567708334,N,1.0,0.0
2026-09-27T09:48:30,efficientnet_lite0_batch14_node_0_local_train,5b16b1bf-5ff2-4efd-ba6c-458122f8c133,5b0fa12a-3dd7-45bb-9766-cc326314d9f1,8.824416972929612,0.00010628930869548333,1.2044910051456512e-05,115.20001181952001,146.44599144901406,6.0,0.0001844849634668173,0.0002549715928665819,7.909730386454612e-06,0.00044736628671985374,0.0,United Kingdom,GBR,england,,,Linux-6.4.0-150600.23.73_15.0.14-cray_shasta_c_64k-aarch64-with-glibc2.38,3.11.7,3.3.0,72,Neoverse-V2,1,1 x NVIDIA GH200 120GB,-2.5917,51.4535,64,machine,0.0,14.6,19.24,164.672119140625,N,1.0,0.0
2026-09-27T09:48:37,efficientnet_lite0_batch14_node_0_evaluate,e24df3ea-e2f6-482c-909b-5773c2a89b38,5b0fa12a-3dd7-45bb-9766-cc326314d9f1,5.619459073990583,4.498197162511836e-05,8.004679993723135e-06,115.20001676160001,73.30875069748231,6.0,8.196527484117704e-05,0.00010313563805652848,4.225914628477768e-06,0.0001893268275261833,0.0,United Kingdom,GBR,england,,,Linux-6.4.0-150600.23.73_15.0.14-cray_shasta_c_64k-aarch64-with-glibc2.38,3.11.7,3.3.0,72,Neoverse-V2,1,1 x NVIDIA GH200 120GB,-2.5917,51.4535,64,machine,0.0,5.5,19.3,165.218017578125,N,1.0,0.0
2026-09-27T09:49:49,efficientnet_lite0_batch14_node_1_local_train,373611f8-e4e0-4a69-9b07-6ed9d90c35d4,5b0fa12a-3dd7-45bb-9766-cc326314d9f1,4.181014268891886,2.0871339687046592e-05,4.991932183139433e-06,115.20001684800003,80.8632182953366,6.0,3.627670209109412e-05,4.971976198930861e-05,1.8499416330208383e-06,8.784640571342356e-05,0.0,United Kingdom,GBR,england,,,Linux-6.4.0-150600.23.73_15.0.14-cray_shasta_c_64k-aarch64-with-glibc2.38,3.11.7,3.3.0,72,Neoverse-V2,1,1 x NVIDIA GH200 120GB,-2.5917,51.4535,64,machine,0.0,19.0,19.4,165.81939697265625,N,1.0,0.0
2026-09-27T09:50:55,efficientnet_lite0_batch14_node_1_evaluate,8a8f21c8-8c6c-409a-98b8-2eaff7ac5c38,5b0fa12a-3dd7-45bb-9766-cc326314d9f1,5.411368623841554,4.118776205849692e-05,7.611339186362349e-06,115.20001105920002,73.50227583420202,6.0,7.485561371003682e-05,9.463368681394968e-05,3.867892184838032e-06,0.00017335719270882455,0.0,United Kingdom,GBR,england,,,Linux-6.4.0-150600.23.73_15.0.14-cray_shasta_c_64k-aarch64-with-glibc2.38,3.11.7,3.3.0,72,Neoverse-V2,1,1 x NVIDIA GH200 120GB,-2.5917,51.4535,64,machine,0.0,5.0,19.3,165.32443237304688,N,1.0,0.0
2026-09-27T09:51:17,mobilevit_xxs_batch14_node_0_local_train,82f5c61e-fd4d-4ca4-ab08-fbd2b8bcacaa,5b0fa12a-3dd7-45bb-9766-cc326314d9f1,18.450692297890782,0.00026195500615401086,1.4197570580262542e-05,115.20003593760002,149.38474105400596,6.0,0.0004926537438162484,0.0005978346449495575,1.2066890114995962e-05,0.001102555278880802,0.0,United Kingdom,GBR,england,,,Linux-6.4.0-150600.23.73_15.0.14-cray_shasta_c_64k-aarch64-with-glibc2.38,3.11.7,3.3.0,72,Neoverse-V2,1,1 x NVIDIA GH200 120GB,-2.5917,51.4535,64,machine,0.0,7.2,19.300000000000004,165.32055257161457,N,1.0,0.0
2026-09-27T09:51:42,mobilevit_xxs_batch14_node_0_evaluate,9e5e2870-46ae-441e-bc1e-847c74510fb0,5b0fa12a-3dd7-45bb-9766-cc326314d9f1,13.039973400067538,0.00016287955035187122,1.2490788543405129e-05,115.20000950400004,133.66308367222,6.0,0.00031954962086575277,0.00036155806702709015,4.444043676679333e-06,0.0006855517315695223,0.0,United Kingdom,GBR,england,,,Linux-6.4.0-150600.23.73_15.0.14-cray_shasta_c_64k-aarch64-with-glibc2.38,3.11.7,3.3.0,72,Neoverse-V2,1,1 x NVIDIA GH200 120GB,-2.5917,51.4535,64,machine,0.0,1.0,19.3,165.40127224392361,N,1.0,0.0
2026-09-27T09:52:11,mobilevit_xxs_batch14_node_1_local_train,bc327446-447b-4fd3-a778-e662e49734e5,5b0fa12a-3dd7-45bb-9766-cc326314d9f1,4.809157426934689,3.1009340263132e-05,6.447977787014774e-06,115.20001658880003,73.81515826325288,6.0,5.638396330774461e-05,7.123033476830187e-05,2.9024357084805767e-06,0.00013051673378452707,0.0,United Kingdom,GBR,england,,,Linux-6.4.0-150600.23.73_15.0.14-cray_shasta_c_64k-aarch64-with-glibc2.38,3.11.7,3.3.0,72,Neoverse-V2,1,1 x NVIDIA GH200 120GB,-2.5917,51.4535,64,machine,0.0,6.0,19.3,165.4046630859375,N,1.0,0.0
2026-09-27T09:52:27,mobilevit_xxs_batch14_node_1_evaluate,e80a7f56-ecf3-4ba9-affc-0297f252b773,5b0fa12a-3dd7-45bb-9766-cc326314d9f1,6.4868575180880725,5.7349071847026425e-05,8.840809542542475e-06,115.20000933120002,131.27193451903906,6.0,0.0001099612290479319,0.00012738954634983202,4.028547075189029e-06,0.00024137932247295297,0.0,United Kingdom,GBR,england,,,Linux-6.4.0-150600.23.73_15.0.14-cray_shasta_c_64k-aarch64-with-glibc2.38,3.11.7,3.3.0,72,Neoverse-V2,1,1 x NVIDIA GH200 120GB,-2.5917,51.4535,64,machine,0.0,4.333333333333333,19.3,165.40460205078125,N,1.0,0.0
2026-09-27T09:55:21,mobilenet_v3_small_batch15_node_0_local_train,e68321f0-5bfb-4fd2-957f-7e33e362f732,5b0fa12a-3dd7-45bb-9766-cc326314d9f1,9.888232030905783,0.0001158838243540783,1.1719367425024217e-05,115.20002821577144,68.87150105651477,6.0,0.00021803560084952066,0.000258368817796395,1.1344695808365942e-05,0.00048774911445428155,0.0,United Kingdom,GBR,england,,,Linux-6.4.0-150600.23.73_15.0.14-cray_shasta_c_64k-aarch64-with-glibc2.38,3.11.7,3.3.0,72,Neoverse-V2,1,1 x NVIDIA GH200 120GB,-2.5917,51.4535,64,machine,0.0,7.833333333333333,19.0,162.61236572265625,N,1.0,0.0
2026-09-27T09:56:07,mobilenet_v3_small_batch15_node_0_evaluate,f92535c1-cac7-40f2-b44e-b7172b1745a8,5b0fa12a-3dd7-45bb-9766-cc326314d9f1,9.954773735953495,0.00011336000856103323,1.1387502274573325e-05,115.20000449280002,127.29675937954973,6.0,0.00022098404613838822,0.0002463324192945038,9.81003689269225e-06,0.00047712650232558426,0.0,United Kingdom,GBR,england,,,Linux-6.4.0-150600.23.73_15.0.14-cray_shasta_c_64k-aarch64-with-glibc2.38,3.11.7,3.3.0,72,Neoverse-V2,1,1 x NVIDIA GH200 120GB,-2.5917,51.4535,64,machine,0.0,0.5,19.083333333333332,163.18352254231772,N,1.0,0.0
2026-09-27T09:56:24,mobilenet_v3_small_batch15_node_1_local_train,99ee0aac-fdb5-4e21-8276-0bff8838b761,5b0fa12a-3dd7-45bb-9766-cc326314d9f1,4.437595786061138,2.3707592911684138e-05,5.342440829367939e-06,115.20001684800003,70.26178202124224,6.0,4.4215313423362665e-05,5.3288098186499155e-05,2.280639468614633e-06,9.978405107847644e-05,0.0,United Kingdom,GBR,england,,,Linux-6.4.0-150600.23.73_15.0.14-cray_shasta_c_64k-aarch64-with-glibc2.38,3.11.7,3.3.0,72,Neoverse-V2,1,1 x NVIDIA GH200 120GB,-2.5917,51.4535,64,machine,0.0,7.0,19.1,163.24444580078125,N,1.0,0.0
2026-09-27T09:57:02,mobilenet_v3_small_batch15_node_1_evaluate,57166c3f-61a2-48f6-9fe4-dd900457f62b,5b0fa12a-3dd7-45bb-9766-cc326314d9f1,5.747353448998183,4.47676265796981e-05,7.789259348144234e-06,115.20001105920002,65.90995797933762,6.0,8.617725253646893e-05,9.77839671207903e-05,4.463440489877636e-06,0.00018842466014713688,0.0,United Kingdom,GBR,england,,,Linux-6.4.0-150600.23.73_15.0.14-cray_shasta_c_64k-aarch64-with-glibc2.38,3.11.7,3.3.0,72,Neoverse-V2,1,1 x NVIDIA GH200 120GB,-2.5917,51.4535,64,machine,0.0,2.5,19.1,163.24749755859375,N,1.0,0.0
2026-09-27T09:57:51,efficientnet_lite0_batch15_node_0_local_train,06c9902b-8a57-4601-8e3b-0a576bf439e5,5b0fa12a-3dd7-45bb-9766-cc326314d9f1,31.160899717127904,0.00046963944011146045,1.5071433892305696e-05,115.20001635840002,98.48297984136492,6.0,0.0008992962318534745,0.0010445883356595687,3.280391600875494e-05,0.001976688483521798,0.0,United Kingdom,GBR,england,,,Linux-6.4.0-150600.23.73_15.0.14-cray_shasta_c_64k-aarch64-with-glibc2.38,3.11.7,3.3.0,72,Neoverse-V2,1,1 x NVIDIA GH200 120GB,-2.5917,51.4535,64,machine,0.25357142857142856,2.7142857142857144,19.135714285714293,163.67097691127233,N,1.0,0.0
2026-09-27T10:00:09,efficientnet_lite0_batch15_node_0_evaluate,d83424cf-10a5-4318-b6ad-09443b3f336b,5b0fa12a-3dd7-45bb-9766-cc326314d9f1,12.268994190962985,0.00015096335836168207,1.2304460823111129e-05,115.20001062720003,134.58058796178796,6.0,0.0002948187781223726,0.00033568082412216427,4.897484159640347e-06,0.0006353970864041772,0.0,United Kingdom,GBR,england,,,Linux-6.4.0-150600.23.73_15.0.14-cray_shasta_c_64k-aarch64-with-glibc2.38,3.11.7,3.3.0,72,Neoverse-V2,1,1 x NVIDIA GH200 120GB,-2.5917,51.4535,64,machine,0.0,1.1111111111111112,19.3,165.682373046875,N,1.0,0.0
2026-09-27T10:00:34,efficientnet_lite0_batch15_node_1_local_train,d8f7cd10-dc85-47d8-8e02-2b7dfbb9d387,5b0fa12a-3dd7-45bb-9766-cc326314d9f1,13.401499668834731,0.00016892397317166402,1.260485597477555e-05,115.20000725760002,151.37021276600453,6.0,0.0003308994280143124,0.00037847891388764765,1.6140574585491168e-06,0.0007109923993605092,0.0,United Kingdom,GBR,england,,,Linux-6.4.0-150600.23.73_15.0.14-cray_shasta_c_64k-aarch64-with-glibc2.38,3.11.7,3.3.0,72,Neoverse-V2,1,1 x NVIDIA GH200 120GB,-2.5917,51.4535,64,machine,0.0,1.1,19.300000000000004,165.6683349609375,N,1.0,0.0
2026-09-27T10:01:53,efficientnet_lite0_batch15_node_1_evaluate,1885a50a-183d-4b09-a295-33e4ef8a208a,5b0fa12a-3dd7-45bb-9766-cc326314d9f1,72.07820019195788,0.0011301501006633391,1.5679499455501605e-05,115.20207265248003,130.33995742492462,6.0,0.0022089675056376316,0.0024530083512814826,9.476835541116697e-05,0.004756744212330281,0.0,United Kingdom,GBR,england,,,Linux-6.4.0-150600.23.73_15.0.14-cray_shasta_c_64k-aarch64-with-glibc2.38,3.11.7,3.3.0,72,Neoverse-V2,1,1 x NVIDIA GH200 120GB,-2.5917,51.4535,64,machine,0.5855072463768117,0.21739130434782608,18.734782608695667,160.53514828889266,N,1.0,0.0
2026-09-27T10:02:13,mobilevit_xxs_batch15_node_0_local_train,5a4b6183-b624-42e3-a510-1a3b9fc49da4,5b0fa12a-3dd7-45bb-9766-cc326314d9f1,16.539401669986546,0.00023071594959484594,1.3949473759592998e-05,115.20003425142858,140.0459221409975,6.0,0.00043147365425688167,0.0005275718109345462,1.2026215714868158e-05,0.000971071680906296,0.0,United Kingdom,GBR,england,,,Linux-6.4.0-150600.23.73_15.0.14-cray_shasta_c_64k-aarch64-with-glibc2.38,3.11.7,3.3.0,72,Neoverse-V2,1,1 x NVIDIA GH200 120GB,-2.5917,51.4535,64,machine,0.0,8.615384615384615,19.0,162.46317232572116,N,1.0,0.0
2026-09-27T10:17:53,mobilevit_xxs_batch15_node_0_evaluate,1d783ad1-56bc-42a1-8b3e-3218ce712016,5b0fa12a-3dd7-45bb-9766-cc326314d9f1,7.0217851649504155,6.706338643470198e-05,9.550760221126125e-06,115.20001572480002,133.01486786786836,6.0,0.0001271950899801924,0.00015015150901831475,4.919778799715763e-06,0.0002822663777982229,0.0,United Kingdom,GBR,england,,,Linux-6.4.0-150600.23.73_15.0.14-cray_shasta_c_64k-aarch64-with-glibc2.38,3.11.7,3.3.0,72,Neoverse-V2,1,1 x NVIDIA GH200 120GB,-2.5917,51.4535,64,machine,1.5999999999999999,4.666666666666667,18.5,158.490234375,N,1.0,0.0
2026-09-27T10:18:21,mobilevit_xxs_batch15_node_1_local_train,f6ba7540-f23a-4c94-8d55-5736678448c8,5b0fa12a-3dd7-45bb-9766-cc326314d9f1,5.614211853127927,4.37105500856272e-05,7.78569659092471e-06,115.20001658880003,137.3708749369297,6.0,8.200099205383103e-05,9.943174620730133e-05,2.5427407620009034e-06,0.00018397547902313324,0.0,United Kingdom,GBR,england,,,Linux-6.4.0-150600.23.73_15.0.14-cray_shasta_c_64k-aarch64-with-glibc2.38,3.11.7,3.3.0,72,Neoverse-V2,1,1 x NVIDIA GH200 120GB,-2.5917,51.4535,64,machine,0.0,9.5,18.5,158.46188354492188,N,1.0,0.0
2026-09-27T10:21:46,mobilevit_xxs_batch15_node_1_evaluate,5f1dae32-724b-4e33-9b85-b99f311edeb3,5b0fa12a-3dd7-45bb-9766-cc326314d9f1,5.760400551138446,4.618692069183452e-05,8.018005047011262e-06,115.20001105920002,69.14017202969713,6.0,8.672611097237769e-05,0.00010318952699606143,4.482758808492993e-06,0.0001943983967769321,0.0,United Kingdom,GBR,england,,,Linux-6.4.0-150600.23.73_15.0.14-cray_shasta_c_64k-aarch64-with-glibc2.38,3.11.7,3.3.0,72,Neoverse-V2,1,1 x NVIDIA GH200 120GB,-2.5917,51.4535,64,machine,0.0,4.5,18.5,158.5003662109375,N,1.0,0.0
2026-09-27T10:22:25,mobilenet_v3_small_batch16_node_0_local_train,1c4643b0-bc16-44a7-b5fb-dc3ee96ddac9,5b0fa12a-3dd7-45bb-9766-cc326314d9f1,9.773364848922938,0.00011384837199342765,1.1648840880628146e-05,115.2004313088,181.45952708388558,6.0,0.0002139593436700732,0.0002540943699358422,1.1128285533050075e-05,0.00047918199913896543,0.0,United Kingdom,GBR,england,,,Linux-6.4.0-150600.23.73_15.0.14-cray_shasta_c_64k-aarch64-with-glibc2.38,3.11.7,3.3.0,72,Neoverse-V2,1,1 x NVIDIA GH200 120GB,-2.5917,51.4535,64,machine,0.0,6.5,18.2,156.28071085611978,N,1.0,0.0
2026-09-27T10:22:46,mobilenet_v3_small_batch16_node_0_evaluate,52441332-564c-40ef-89b3-3349823523bc,5b0fa12a-3dd7-45bb-9766-cc326314d9f1,16.051876788027585,0.00021068465914477258,1.3125235256098736e-05,115.20002341440002,128.13171090929367,6.0,0.00041621759520589583,0.00046186536951609014,8.678034923505039e-06,0.0008867609996454911,0.0,United Kingdom,GBR,england,,,Linux-6.4.0-150600.23.73_15.0.14-cray_shasta_c_64k-aarch64-with-glibc2.38,3.11.7,3.3.0,72,Neoverse-V2,1,1 x NVIDIA GH200 120GB,-2.5917,51.4535,64,machine,0.15833333333333333,0.5,18.199999999999996,156.25003051757812,N,1.0,0.0
2026-09-27T10:22:57,mobilenet_v3_small_batch16_node_1_local_train,4e65b5ba-aa2e-44b6-ba5d-e04d5fec4d9e,5b0fa12a-3dd7-45bb-9766-cc326314d9f1,5.630356678972021,4.303003736104897e-05,7.642506472415049e-06,115.200007776,132.33383620087181,6.0,8.275110457137835e-05,9.574340992912767e-05,2.6167211250867694e-06,0.0001811112356255928,0.0,United Kingdom,GBR,england,,,Linux-6.4.0-150600.23.73_15.0.14-cray_shasta_c_64k-aarch64-with-glibc2.38,3.11.7,3.3.0,72,Neoverse-V2,1,1 x NVIDIA GH200 120GB,-2.5917,51.4535,64,machine,0.0,3.5,18.3,156.376220703125,N,1.0,0.0
2026-09-27T10:23:12,mobilenet_v3_small_batch16_node_1_evaluate,901bfd95-430c-4ffc-8e59-ccb85e0ed132,5b0fa12a-3dd7-45bb-9766-cc326314d9f1,6.38894026610069,5.543267484656378e-05,8.676348899470233e-06,115.20000959040001,132.45137698555638,6.0,0.00010690299436786415,0.00012261176475192315,3.798545985094582e-06,0.00023331330510488186,0.0,United Kingdom,GBR,england,,,Linux-6.4.0-150600.23.73_15.0.14-cray_shasta_c_64k-aarch64-with-glibc2.38,3.11.7,3.3.0,72,Neoverse-V2,1,1 x NVIDIA GH200 120GB,-2.5917,51.4535,64,machine,0.0,1.3333333333333333,18.3,156.37493896484375,N,1.0,0.0
2026-09-27T10:23:23,mobilenet_v3_small_batch16_node_0_exchange,0ccb6e41-db30-4006-afbd-7738a7f10964,5b0fa12a-3dd7-45bb-9766-cc326314d9f1,8.797762085916474,9.606499851736742e-05,1.0919253962453589e-05,115.20001923264002,130.43099623206936,6.0,0.00018376942132393827,0.00021340905962574652,7.154204980082188e-06,0.000404332685929767,0.0,United Kingdom,GBR,england,,,Linux-6.4.0-150600.23.73_15.0.14-cray_shasta_c_64k-aarch64-with-glibc2.38,3.11.7,3.3.0,72,Neoverse-V2,1,1 x NVIDIA GH200 120GB,-2.5917,51.4535,64,machine,0.0,5.6,18.3,156.39652099609376,N,1.0,0.0
2026-09-27T10:23:53,mobilenet_v3_small_batch16_node_0_evaluate,cf921cbc-ec5b-471e-847a-20aa03863866,5b0fa12a-3dd7-45bb-9766-cc326314d9f1,5.471785726025701,4.01884310390559e-05,7.344664621625415e-06,115.20001123200002,65.41462943616396,6.0,7.760285789540578e-05,8.75286811492515e-05,4.019520301759864e-06,0.00016915105934641714,0.0,United Kingdom,GBR,england,,,Linux-6.4.0-150600.23.73_15.0.14-cray_shasta_c_64k-aarch64-with-glibc2.38,3.11.7,3.3.0,72,Neoverse-V2,1,1 x NVIDIA GH200 120GB,-2.5917,51.4535,64,machine,0.0,2.0,18.3,156.39797973632812,N,1.0,0.0
2026-09-27T10:24:12,efficientnet_lite0_batch16_node_0_local_train,1db5d7d0-327f-42f3-93ed-11394ff79208,5b0fa12a-3dd7-45bb-9766-cc326314d9f1,13.610880250111222,0.00018307481999605524,1.3450623077413323e-05,115.20001321920003,147.29953626434315,6.0,0.00033803826472395487,0.0004247686731559952,7.745655026519671e-06,0.0007705525929064698,0.0,United Kingdom,GBR,england,,,Linux-6.4.0-150600.23.73_15.0.14-cray_shasta_c_64k-aarch64-with-glibc2.38,3.11.7,3.3.0,72,Neoverse-V2,1,1 x NVIDIA GH200 120GB,-2.5917,51.4535,64,machine,0.0,7.4,18.380000000000003,157.40130004882812,N,1.0,0.0
2026-09-27T10:24:24,efficientnet_lite0_batch16_node_0_evaluate,68a5fa2e-6cbe-4437-b6f6-eff31b0b9ee6,5b0fa12a-3dd7-45bb-9766-cc326314d9f1,5.495399581035599,4.236321880264465e-05,7.708851408883604e-06,115.20001140480002,71.39613883451123,6.0,7.810844017875116e-05,9.615063248702427e-05,4.045557610224932e-06,0.00017830463027600037,0.0,United Kingdom,GBR,england,,,Linux-6.4.0-150600.23.73_15.0.14-cray_shasta_c_64k-aarch64-with-glibc2.38,3.11.7,3.3.0,72,Neoverse-V2,1,1 x NVIDIA GH200 120GB,-2.5917,51.4535,64,machine,0.0,7.0,18.5,158.8515625,N,1.0,0.0
2026-09-27T10:24:38,efficientnet_lite0_batch16_node_1_local_train,f36e50ee-703a-4f87-b656-f868cb55cff6,5b0fa12a-3dd7-45bb-9766-cc326314d9f1,4.185824831947684,2.209588967561464e-05,5.278742078973553e-06,115.20000725760002,88.70557539038585,6.0,3.640659263468019e-05,5.4737265998028306e-05,1.8566156132146717e-06,9.300047424592317e-05,0.0,United Kingdom,GBR,england,,,Linux-6.4.0-150600.23.73_15.0.14-cray_shasta_c_64k-aarch64-with-glibc2.38,3.11.7,3.3.0,72,Neoverse-V2,1,1 x NVIDIA GH200 120GB,-2.5917,51.4535,64,machine,0.0,18.0,18.5,158.85321044921875,N,1.0,0.0
2026-09-27T10:25:06,efficientnet_lite0_batch16_node_1_evaluate,38df5b21-b934-4a08-b3ee-4b04d0fe4367,5b0fa12a-3dd7-45bb-9766-cc326314d9f1,12.504051060881466,0.00015388766280987812,1.2307024504347306e-05,115.20001710720004,135.1828022570724,6.0,0.0003019636528480842,0.0003419316624331259,3.810019603309532e-06,0.0006477053348845196,0.0,United Kingdom,GBR,england,,,Linux-6.4.0-150600.23.73_15.0.14-cray_shasta_c_64k-aarch64-with-glibc2.38,3.11.7,3.3.0,72,Neoverse-V2,1,1 x NVIDIA GH200 120GB,-2.5917,51.4535,64,machine,0.0,0.7777777777777778,18.5,158.83467610677084,N,1.0,0.0
2026-09-27T10:26:03,mobilevit_xxs_batch16_node_0_local_train,016a7d9b-304c-4db1-b09f-ae3ba36dd941,5b0fa12a-3dd7-45bb-9766-cc326314d9f1,17.773057252867147,0.0002507293655533878,1.4107272709817e-05,115.20001762560003,139.47697391767718,6.0,0.00047114683473784447,0.0005715154572101255,1.2644837394667168e-05,0.001055307129342637,0.0,United Kingdom,GBR,england,,,Linux-6.4.0-150600.23.73_15.0.14-cray_shasta_c_64k-aarch64-with-glibc2.38,3.11.7,3.3.0,72,Neoverse-V2,1,1 x NVIDIA GH200 120GB,-2.5917,51.4535,64,machine,0.0,7.642857142857143,18.821428571428577,161.34978812081474,N,1.0,0.0
2026-09-27T10:26:30,mobilevit_xxs_batch16_node_0_evaluate,1802a0a7-13a6-40d4-a0ec-f7a996456f06,5b0fa12a-3dd7-45bb-9766-cc326314d9f1,12.608034984907135,0.00015541274452960679,1.2326484239268748e-05,115.20001717200003,132.57439658361335,6.0,0.00030583409012845944,0.00034408666415686184,4.203571881322811e-06,0.000654124326166644,0.0,United Kingdom,GBR,england,,,Linux-6.4.0-150600.23.73_15.0.14-cray_shasta_c_64k-aarch64-with-glibc2.38,3.11.7,3.3.0,72,Neoverse-V2,1,1 x NVIDIA GH200 120GB,-2.5917,51.4535,64,machine,0.7888888888888889,1.0,18.888888888888893,161.44310167100696,N,1.0,0.0
2026-09-27T10:26:38,mobilevit_xxs_batch16_node_1_local_train,1ae154aa-0e85-41f1-96d8-e70de1151fab,5b0fa12a-3dd7-45bb-9766-cc326314d9f1,5.896012658951804,4.982958188038005e-05,8.451403475995721e-06,115.20000751680001,142.10323564754492,6.0,9.111974879203236e-05,0.00011556148135127842,3.048942046395193e-06,0.00020973017218970595,0.0,United Kingdom,GBR,england,,,Linux-6.4.0-150600.23.73_15.0.14-cray_shasta_c_64k-aarch64-with-glibc2.38,3.11.7,3.3.0,72,Neoverse-V2,1,1 x NVIDIA GH200 120GB,-2.5917,51.4535,64,machine,0.0,8.5,18.85,161.44107055664062,N,1.0,0.0
2026-09-27T10:26:52,mobilevit_xxs_batch16_node_1_evaluate,cf582689-4658-4076-9168-40964def7aac,5b0fa12a-3dd7-45bb-9766-cc326314d9f1,12.115466072922572,0.00014724936953820756,1.2153834499797093e-05,115.20000823885715,131.99039622731527,6.0,0.0002900537668635718,0.0003258077606318466,3.903569113463163e-06,0.0006197650966088816,0.0,United Kingdom,GBR,england,,,Linux-6.4.0-150600.23.73_15.0.14-cray_shasta_c_64k-aarch64-with-glibc2.38,3.11.7,3.3.0,72,Neoverse-V2,1,1 x NVIDIA GH200 120GB,-2.5917,51.4535,64,machine,0.0,2.3333333333333335,18.900000000000002,161.92163764105902,N,1.0,0.0
2026-09-27T10:27:28,mobilenet_v3_small_batch17_node_0_local_train,93df7a89-fb0f-4895-ba12-e1c5c01bbf42,5b0fa12a-3dd7-45bb-9766-cc326314d9f1,9.604476346168667,0.00011220919814165712,1.1683010514822978e-05,115.20012471222859,187.19541473183716,6.0,0.00020904861544744055,0.00025236131298811415,1.0872871448518709e-05,0.0004722827998840734,0.0,United Kingdom,GBR,england,,,Linux-6.4.0-150600.23.73_15.0.14-cray_shasta_c_64k-aarch64-with-glibc2.38,3.11.7,3.3.0,72,Neoverse-V2,1,1 x NVIDIA GH200 120GB,-2.5917,51.4535,64,machine,0.0,7.0,18.5,158.21731567382812,N,1.0,0.0
2026-09-27T10:27:48,mobilenet_v3_small_batch17_node_0_evaluate,f1e68ca1-9e44-486e-8478-1f2e0db14ab8,5b0fa12a-3dd7-45bb-9766-cc326314d9f1,14.98520084307529,0.00019348376305867548,1.291165631244008e-05,115.22229498925716,127.97628012181401,6.0,0.00038196511946263884,0.0004235406166088751,8.857568032108248e-06,0.0008143633041036222,0.0,United Kingdom,GBR,england,,,Linux-6.4.0-150600.23.73_15.0.14-cray_shasta_c_64k-aarch64-with-glibc2.38,3.11.7,3.3.0,72,Neoverse-V2,1,1 x NVIDIA GH200 120GB,-2.5917,51.4535,64,machine,0.0,0.36363636363636365,18.490909090909092,158.23225541548297,N,1.0,0.0
2026-09-27T10:27:56,mobilenet_v3_small_batch17_node_1_local_train,e3ea1937-0376-439d-94e5-b8127c455bc2,5b0fa12a-3dd7-45bb-9766-cc326314d9f1,4.488848643144593,2.5060432368309992e-05,5.582819640529091e-06,115.200007776,71.84302233593269,6.0,4.6164628239394115e-05,5.6930878869820845e-05,2.382576338713989e-06,0.00010547808344792896,0.0,United Kingdom,GBR,england,,,Linux-6.4.0-150600.23.73_15.0.14-cray_shasta_c_64k-aarch64-with-glibc2.38,3.11.7,3.3.0,72,Neoverse-V2,1,1 x NVIDIA GH200 120GB,-2.5917,51.4535,64,machine,0.0,7.0,18.4,157.98138427734375,N,1.0,0.0
2026-09-27T10:28:12,mobilenet_v3_small_batch17_node_1_evaluate,46c8412e-a090-415c-897f-eb777326a830,5b0fa12a-3dd7-45bb-9766-cc326314d9f1,5.433243385050446,3.9752558614876044e-05,7.316542955586179e-06,115.20000501120002,66.34092384748232,6.0,7.627122438212206e-05,8.710118079591211e-05,3.944089335078994e-06,0.00016731649451311317,0.0,United Kingdom,GBR,england,,,Linux-6.4.0-150600.23.73_15.0.14-cray_shasta_c_64k-aarch64-with-glibc2.38,3.11.7,3.3.0,72,Neoverse-V2,1,1 x NVIDIA GH200 120GB,-2.5917,51.4535,64,machine,0.0,2.0,18.4,157.99685668945312,N,1.0,0.0
2026-09-27T10:32:00,efficientnet_lite0_batch17_node_0_local_train,a3838bb0-32fb-4ea8-837e-ba1786d8f43b,5b0fa12a-3dd7-45bb-9766-cc326314d9f1,8.110114174894989,9.535133563823547e-05,1.1757089182960868e-05,115.20002332800001,150.78407798148794,6.0,0.00016186316775494686,0.00023272740838820027,6.738339076982812e-06,0.00040132891522013,0.0,United Kingdom,GBR,england,,,Linux-6.4.0-150600.23.73_15.0.14-cray_shasta_c_64k-aarch64-with-glibc2.38,3.11.7,3.3.0,72,Neoverse-V2,1,1 x NVIDIA GH200 120GB,-2.5917,51.4535,64,machine,0.0,17.2,19.24,165.12288818359374,N,1.0,0.0
2026-09-27T10:34:40,efficientnet_lite0_batch17_node_0_evaluate,8b4cf2e1-a8ab-42d8-9d42-89536fc3dac8,5b0fa12a-3dd7-45bb-9766-cc326314d9f1,12.652601270005107,0.0001570406151700851,1.2411725606367877e-05,115.20012320640004,133.9969125326267,6.0,0.00030725887031082507,0.00034947694625486747,4.240134215215221e-06,0.0006609759507809077,0.0,United Kingdom,GBR,england,,,Linux-6.4.0-150600.23.73_15.0.14-cray_shasta_c_64k-aarch64-with-glibc2.38,3.11.7,3.3.0,72,Neoverse-V2,1,1 x NVIDIA GH200 120GB,-2.5917,51.4535,64,machine,1.5333333333333334,1.6666666666666667,19.322222222222223,165.70062255859375,N,1.0,0.0
2026-09-27T10:34:54,efficientnet_lite0_batch17_node_1_local_train,1b4f11d4-397a-470f-9186-d503c1776ae9,5b0fa12a-3dd7-45bb-9766-cc326314d9f1,5.095964537002146,3.634153884139935e-05,7.1314348005212675e-06,115.20008916480003,151.61069393242548,6.0,6.554904681064292e-05,8.574423526397368e-05,1.666403943672776e-06,0.00015295968601828939,0.0,United Kingdom,GBR,england,,,Linux-6.4.0-150600.23.73_15.0.14-cray_shasta_c_64k-aarch64-with-glibc2.38,3.11.7,3.3.0,72,Neoverse-V2,1,1 x NVIDIA GH200 120GB,-2.5917,51.4535,64,machine,0.0,9.0,19.4,165.81649780273438,N,1.0,0.0
2026-09-27T10:37:45,efficientnet_lite0_batch17_node_1_evaluate,cdb02eba-2f72-4edb-8d30-982855099c5f,5b0fa12a-3dd7-45bb-9766-cc326314d9f1,6.454953867942095,5.76857521428925e-05,8.93666373502423e-06,115.20001002240002,138.06556965094788,6.0,0.00010899308396847382,0.00012983565942192854,3.9676492998842144e-06,0.00024279639269028658,0.0,United Kingdom,GBR,england,,,Linux-6.4.0-150600.23.73_15.0.14-cray_shasta_c_64k-aarch64-with-glibc2.38,3.11.7,3.3.0,72,Neoverse-V2,1,1 x NVIDIA GH200 120GB,-2.5917,51.4535,64,machine,0.0,2.3333333333333335,19.4,165.90777587890625,N,1.0,0.0
2026-09-27T10:38:41,mobilevit_xxs_batch17_node_0_local_train,491bdb32-f87d-4fc0-921f-4f694768d45d,5b0fa12a-3dd7-45bb-9766-cc326314d9f1,9.766348976176232,0.00012250542842899196,1.2543625947406588e-05,115.20001288594287,77.80909893613462,6.0,0.0002149512595848612,0.00028950050936771277,1.1167339798218261e-05,0.0005156191087507922,0.0,United Kingdom,GBR,england,,,Linux-6.4.0-150600.23.73_15.0.14-cray_shasta_c_64k-aarch64-with-glibc2.38,3.11.7,3.3.0,72,Neoverse-V2,1,1 x NVIDIA GH200 120GB,-2.5917,51.4535,64,machine,0.0,17.833333333333332,19.400000000000002,165.86093139648438,N,1.0,0.0
2026-09-27T10:38:54,mobilevit_xxs_batch17_node_0_evaluate,63b2d915-b154-43d2-81b6-792ebb655d3d,5b0fa12a-3dd7-45bb-9766-cc326314d9f1,6.738076166948304,6.227501295034804e-05,9.242254229155232e-06,115.20002255040004,133.16555530059955,6.0,0.00011807286056696512,0.00013958761168453293,4.451885434876506e-06,0.00026211235768637455,0.0,United Kingdom,GBR,england,,,Linux-6.4.0-150600.23.73_15.0.14-cray_shasta_c_64k-aarch64-with-glibc2.38,3.11.7,3.3.0,72,Neoverse-V2,1,1 x NVIDIA GH200 120GB,-2.5917,51.4535,64,machine,0.0,4.333333333333333,19.4,165.89434814453125,N,1.0,0.0
2026-09-27T10:41:04,mobilevit_xxs_batch17_node_1_local_train,aadf7a07-8cbd-4a0c-9b8c-2d4b996e40a6,5b0fa12a-3dd7-45bb-9766-cc326314d9f1,12.686160244978964,0.00015704752699242523,1.23794374310054e-05,115.20001321920002,136.89951708043301,6.0,0.000308350985005545,0.0003498875021250569,2.7665551584990075e-06,0.000661005042289101,0.0,United Kingdom,GBR,england,,,Linux-6.4.0-150600.23.73_15.0.14-cray_shasta_c_64k-aarch64-with-glibc2.38,3.11.7,3.3.0,72,Neoverse-V2,1,1 x NVIDIA GH200 120GB,-2.5917,51.4535,64,machine,0.0,1.4444444444444444,19.400000000000002,166.03898111979166,N,1.0,0.0
2026-09-27T10:41:22,mobilevit_xxs_batch17_node_1_evaluate,fb94c493-5551-4bee-880f-a00f4e86508b,5b0fa12a-3dd7-45bb-9766-cc326314d9f1,6.619620630983263,6.0170148934874993e-05,9.08966726178347e-06,115.20000959040001,135.29425509977705,6.0,0.00011416491909098771,0.00013491871905557673,4.169454104655112e-06,0.0002532530922512195,0.0,United Kingdom,GBR,england,,,Linux-6.4.0-150600.23.73_15.0.14-cray_shasta_c_64k-aarch64-with-glibc2.38,3.11.7,3.3.0,72,Neoverse-V2,1,1 x NVIDIA GH200 120GB,-2.5917,51.4535,64,machine,0.0,4.333333333333333,19.4,166.0405476888021,N,1.0,0.0
2026-09-27T10:42:23,mobilenet_v3_small_batch18_node_0_local_train,c9590aa4-c7e7-4926-b577-c1f3a3f636a9,5b0fa12a-3dd7-45bb-9766-cc326314d9f1,9.511519896099344,0.00010944882428959245,1.1506975276840581e-05,115.20591479588572,186.2134822418933,6.0,0.00020576182478509344,0.00024420880647824106,1.0693895670119675e-05,0.0004606645269334542,0.0,United Kingdom,GBR,england,,,Linux-6.4.0-150600.23.73_15.0.14-cray_shasta_c_64k-aarch64-with-glibc2.38,3.11.7,3.3.0,72,Neoverse-V2,1,1 x NVIDIA GH200 120GB,-2.5917,51.4535,64,machine,0.0,8.0,19.099999999999998,163.80326334635416,N,1.0,0.0
2026-09-27T10:42:39,mobilenet_v3_small_batch18_node_0_evaluate,0fc0fed0-ca6e-4d40-b24d-c2afff83699e,5b0fa12a-3dd7-45bb-9766-cc326314d9f1,9.426653574919328,0.00010407844286647677,1.1040868537207008e-05,115.20000388800003,126.7602788899708,6.0,0.00020388910865655935,0.0002252493468688499,8.922409525063509e-06,0.00043806086505047276,0.0,United Kingdom,GBR,england,,,Linux-6.4.0-150600.23.73_15.0.14-cray_shasta_c_64k-aarch64-with-glibc2.38,3.11.7,3.3.0,72,Neoverse-V2,1,1 x NVIDIA GH200 120GB,-2.5917,51.4535,64,machine,0.0,0.6666666666666666,19.099999999999998,163.32342529296875,N,1.0,0.0
2026-09-27T10:42:58,mobilenet_v3_small_batch18_node_1_local_train,033e96a8-4cd4-4ad1-9e39-7d7ab57d34c2,5b0fa12a-3dd7-45bb-9766-cc326314d9f1,4.892554213060066,3.0975483784964726e-05,6.331147788261501e-06,115.20001684800003,67.24049535165832,6.0,5.904831167584597e-05,6.827449907120808e-05,3.0514228452617924e-06,0.00013037423359231584,0.0,United Kingdom,GBR,england,,,Linux-6.4.0-150600.23.73_15.0.14-cray_shasta_c_64k-aarch64-with-glibc2.38,3.11.7,3.3.0,72,Neoverse-V2,1,1 x NVIDIA GH200 120GB,-2.5917,51.4535,64,machine,0.0,3.0,19.1,163.36041259765625,N,1.0,0.0
2026-09-27T10:47:47,mobilenet_v3_small_batch18_node_1_evaluate,83d4fa03-1077-4da2-ab41-9bc0935e7b66,5b0fa12a-3dd7-45bb-9766-cc326314d9f1,161.58285763906315,0.0026596101384672613,1.6459729561214866e-05,115.20000304103027,127.70201349869264,6.0,0.0051704796972830295,0.005703662896266337,0.0003200210186854626,0.01119416361223483,0.0,United Kingdom,GBR,england,,,Linux-6.4.0-150600.23.73_15.0.14-cray_shasta_c_64k-aarch64-with-glibc2.38,3.11.7,3.3.0,72,Neoverse-V2,1,1 x NVIDIA GH200 120GB,-2.5917,51.4535,64,machine,0.293167701863354,0.024844720496894408,19.099999999999945,163.85883326560074,N,1.0,0.0
2026-09-27T10:48:12,efficientnet_lite0_batch18_node_0_local_train,29a55896-f22c-4b19-b192-4c1b29ea6dee,5b0fa12a-3dd7-45bb-9766-cc326314d9f1,12.19233967596665,0.00016091023750169962,1.319765047383673e-05,115.20001033344002,150.07538870616486,6.0,0.0002925803834452421,0.00037752502424837076,7.157586391549557e-06,0.0006772629940851624,0.0,United Kingdom,GBR,england,,,Linux-6.4.0-150600.23.73_15.0.14-cray_shasta_c_64k-aarch64-with-glibc2.38,3.11.7,3.3.0,72,Neoverse-V2,1,1 x NVIDIA GH200 120GB,-2.5917,51.4535,64,machine,0.7,6.111111111111111,19.26666666666667,165.13968234592014,N,1.0,0.0
2026-09-27T10:48:26,efficientnet_lite0_batch18_node_0_evaluate,694d47ee-d943-4d36-8c9d-ea3589ed078a,5b0fa12a-3dd7-45bb-9766-cc326314d9f1,5.4544664840213954,4.176281857213449e-05,7.656627590338435e-06,115.20000501120002,71.72348567219488,6.0,7.697700092128782e-05,9.482452028919397e-05,3.9760550751816485e-06,0.00017577757628566346,0.0,United Kingdom,GBR,england,,,Linux-6.4.0-150600.23.73_15.0.14-cray_shasta_c_64k-aarch64-with-glibc2.38,3.11.7,3.3.0,72,Neoverse-V2,1,1 x NVIDIA GH200 120GB,-2.5917,51.4535,64,machine,0.0,3.5,19.4,166.26751708984375,N,1.0,0.0
2026-09-27T10:48:53,efficientnet_lite0_batch18_node_1_local_train,ae9cb133-7fd3-4853-9d4b-35ae58c0a4ec,5b0fa12a-3dd7-45bb-9766-cc326314d9f1,13.738059583120048,0.0001746897639390352,1.2715752387162194e-05,115.20001684800003,145.29784148189773,6.0,0.000342121958247619,0.0003910075350148645,2.130825771794965e-06,0.0007352603190342785,0.0,United Kingdom,GBR,england,,,Linux-6.4.0-150600.23.73_15.0.14-cray_shasta_c_64k-aarch64-with-glibc2.38,3.11.7,3.3.0,72,Neoverse-V2,1,1 x NVIDIA GH200 120GB,-2.5917,51.4535,64,machine,0.0,1.8,19.5,166.76768188476564,N,1.0,0.0
2026-09-27T10:49:07,efficientnet_lite0_batch18_node_1_evaluate,69575dd0-ad7e-419f-840a-2f524a0c6590,5b0fa12a-3dd7-45bb-9766-cc326314d9f1,6.343093017116189,5.6188284982651536e-05,8.85818398548361e-06,115.20000933120002,136.44341753961913,6.0,0.00010505081588627281,0.00012766371325767523,3.7791005386194835e-06,0.00023649362968256754,0.0,United Kingdom,GBR,england,,,Linux-6.4.0-150600.23.73_15.0.14-cray_shasta_c_64k-aarch64-with-glibc2.38,3.11.7,3.3.0,72,Neoverse-V2,1,1 x NVIDIA GH200 120GB,-2.5917,51.4535,64,machine,0.0,3.0,19.4,166.28875732421875,N,1.0,0.0
2026-09-27T10:49:39,mobilevit_xxs_batch18_node_0_local_train,94f1d3a5-dc43-46ca-a958-814427d6b5cd,5b0fa12a-3dd7-45bb-9766-cc326314d9f1,15.937855778960511,0.00022268561483765152,1.3972118829912977e-05,115.20001341360003,142.29427614845088,6.0,0.00041230158747349954,0.0005132426328202655,1.1728190624465545e-05,0.0009372724109182307,0.0,United Kingdom,GBR,england,,,Linux-6.4.0-150600.23.73_15.0.14-cray_shasta_c_64k-aarch64-with-glibc2.38,3.11.7,3.3.0,72,Neoverse-V2,1,1 x NVIDIA GH200 120GB,-2.5917,51.4535,64,machine,0.0,9.333333333333334,19.400000000000002,166.30217997233072,N,1.0,0.0
2026-09-27T10:50:00,mobilevit_xxs_batch18_node_0_evaluate,0738ae55-0889-4760-9307-48fa01bf4c75,5b0fa12a-3dd7-45bb-9766-cc326314d9f1,6.602675635833293,5.9329819810939465e-05,8.985723831252802e-06,115.20002237760002,131.6079380637134,6.0,0.0001136794110921609,0.00013181649435978215,4.220284316688775e-06,0.00024971618976863183,0.0,United Kingdom,GBR,england,,,Linux-6.4.0-150600.23.73_15.0.14-cray_shasta_c_64k-aarch64-with-glibc2.38,3.11.7,3.3.0,72,Neoverse-V2,1,1 x NVIDIA GH200 120GB,-2.5917,51.4535,64,machine,0.0,4.333333333333333,19.4,166.26253255208334,N,1.0,0.0
2026-09-27T10:55:17,mobilevit_xxs_batch18_node_1_local_train,066e586d-81ff-44ca-b5c1-20a12dda1f28,5b0fa12a-3dd7-45bb-9766-cc326314d9f1,12.9843391450122,0.00016227526605937709,1.249776860008416e-05,115.20002272320002,135.5762743901343,6.0,0.00031803989507887267,0.00036151862255451306,3.449812126733984e-06,0.0006830083297601197,0.0,United Kingdom,GBR,england,,,Linux-6.4.0-150600.23.73_15.0.14-cray_shasta_c_64k-aarch64-with-glibc2.38,3.11.7,3.3.0,72,Neoverse-V2,1,1 x NVIDIA GH200 120GB,-2.5917,51.4535,64,machine,1.4444444444444444,1.4444444444444444,19.244444444444444,164.99146864149304,N,1.0,0.0
2026-09-27T10:55:28,mobilevit_xxs_batch18_node_1_evaluate,329f6367-a4ce-400e-9320-0bbb144043e5,5b0fa12a-3dd7-45bb-9766-cc326314d9f1,6.571875952882692,5.890384554679154e-05,8.963018469780142e-06,115.20004665600001,135.83342435378404,6.0,0.00011228825544365586,0.00013153732744797253,4.097702895135929e-06,0.0002479232857867643,0.0,United Kingdom,GBR,england,,,Linux-6.4.0-150600.23.73_15.0.14-cray_shasta_c_64k-aarch64-with-glibc2.38,3.11.7,3.3.0,72,Neoverse-V2,1,1 x NVIDIA GH200 120GB,-2.5917,51.4535,64,machine,0.0,3.0,18.9,161.8996378580729,N,1.0,0.0
2026-09-27T10:55:58,mobilenet_v3_small_batch19_node_0_local_train,9cc70dd4-ef28-4899-a1a2-500e844906ff,5b0fa12a-3dd7-45bb-9766-cc326314d9f1,9.694717584177852,0.00011273312269252313,1.162830394115945e-05,115.38015259062857,186.68178170940786,6.0,0.00021267658313169294,0.00025079075618350544,1.1020632318686694e-05,0.0004744879716338851,0.0,United Kingdom,GBR,england,,,Linux-6.4.0-150600.23.73_15.0.14-cray_shasta_c_64k-aarch64-with-glibc2.38,3.11.7,3.3.0,72,Neoverse-V2,1,1 x NVIDIA GH200 120GB,-2.5917,51.4535,64,machine,0.0,7.0,18.8,160.75200398763022,N,1.0,0.0
2026-09-27T10:57:19,mobilenet_v3_small_batch19_node_0_evaluate,77c29ed7-2284-4eb5-965c-cbc99c290e10,5b0fa12a-3dd7-45bb-9766-cc326314d9f1,10.253306672908366,0.00011787425128500802,1.1496218248934206e-05,115.2000080722286,131.23845884189478,6.0,0.000229172701843094,0.00025740631703286,9.547701153205707e-06,0.0004961267200291597,0.0,United Kingdom,GBR,england,,,Linux-6.4.0-150600.23.73_15.0.14-cray_shasta_c_64k-aarch64-with-glibc2.38,3.11.7,3.3.0,72,Neoverse-V2,1,1 x NVIDIA GH200 120GB,-2.5917,51.4535,64,machine,0.7999999999999999,0.7142857142857143,18.8,161.2843017578125,N,1.0,0.0
2026-09-27T10:58:26,mobilenet_v3_small_batch19_node_1_local_train,4d174e7d-c119-424f-84a8-a4c4f8281b47,5b0fa12a-3dd7-45bb-9766-cc326314d9f1,12.733870997093618,0.0001551439086296615,1.2183562144227125e-05,115.20001684800003,129.79873467913342,6.0,0.000307942549523979,0.0003426258296457263,2.4244303865513455e-06,0.0006529928095562568,0.0,United Kingdom,GBR,england,,,Linux-6.4.0-150600.23.73_15.0.14-cray_shasta_c_64k-aarch64-with-glibc2.38,3.11.7,3.3.0,72,Neoverse-V2,1,1 x NVIDIA GH200 120GB,-2.5917,51.4535,64,machine,0.0,0.7777777777777778,18.900000000000002,161.9986097547743,N,1.0,0.0
2026-09-27T10:58:50,mobilenet_v3_small_batch19_node_1_evaluate,494e170b-fdfd-48d4-84da-93dbaaf71de5,5b0fa12a-3dd7-45bb-9766-cc326314d9f1,13.234103415859863,0.00016314265116054794,1.2327442670958457e-05,115.20010542960003,128.70818161962762,6.0,0.00032341135534913126,0.00035906862058254774,4.179133541183546e-06,0.0006866591094728626,0.0,United Kingdom,GBR,england,,,Linux-6.4.0-150600.23.73_15.0.14-cray_shasta_c_64k-aarch64-with-glibc2.38,3.11.7,3.3.0,72,Neoverse-V2,1,1 x NVIDIA GH200 120GB,-2.5917,51.4535,64,machine,0.0,0.4,18.900000000000002,161.61123046875,N,1.0,0.0
2026-09-27T11:00:05,mobilenet_v3_small_batch19_node_0_exchange,f38dbea7-8bb4-4188-bf4f-1a44b68b59cb,5b0fa12a-3dd7-45bb-9766-cc326314d9f1,19.076377355959266,0.00026116782587538986,1.369064057614711e-05,115.20001912098462,137.87516284928526,6.0,0.0005127661059946314,0.0005803324087167994,6.1435624697090446e-06,0.00109924207718114,0.0,United Kingdom,GBR,england,,,Linux-6.4.0-150600.23.73_15.0.14-cray_shasta_c_64k-aarch64-with-glibc2.38,3.11.7,3.3.0,72,Neoverse-V2,1,1 x NVIDIA GH200 120GB,-2.5917,51.4535,64,machine,0.0,2.0625,18.9,161.62117767333984,N,1.0,0.0
2026-09-27T11:04:00,mobilenet_v3_small_batch19_node_0_evaluate,fa83a123-ae1b-4ec5-91ca-16817c89339c,5b0fa12a-3dd7-45bb-9766-cc326314d9f1,14.78719879197888,0.00018909220665973563,1.2787561005963225e-05,115.20002396736002,128.32623801891265,6.0,0.00037563256447214723,0.00041570311033467533,4.543792086575801e-06,0.0007958794668933984,0.0,United Kingdom,GBR,england,,,Linux-6.4.0-150600.23.73_15.0.14-cray_shasta_c_64k-aarch64-with-glibc2.38,3.11.7,3.3.0,72,Neoverse-V2,1,1 x NVIDIA GH200 120GB,-2.5917,51.4535,64,machine,0.0,0.36363636363636365,18.300000000000004,156.6892755681818,N,1.0,0.0
2026-09-27T11:05:09,efficientnet_lite0_batch19_node_0_local_train,0e180263-68d4-4a10-be33-aad42a935c8c,5b0fa12a-3dd7-45bb-9766-cc326314d9f1,7.328743789810687,8.268942722325241e-05,1.1282892347555843e-05,115.20001990656002,714.7022632397885,6.0,0.0001369762365030391,0.00020396155204593924,7.09779905504547e-06,0.0003480355876040238,0.0,United Kingdom,GBR,england,,,Linux-6.4.0-150600.23.73_15.0.14-cray_shasta_c_64k-aarch64-with-glibc2.38,3.11.7,3.3.0,72,Neoverse-V2,1,1 x NVIDIA GH200 120GB,-2.5917,51.4535,64,machine,0.0,21.25,18.525,158.83128356933594,N,1.0,0.0
2026-09-27T11:06:57,efficientnet_lite0_batch19_node_0_evaluate,443ae368-60c4-4fac-aed6-0c9a0d08057c,5b0fa12a-3dd7-45bb-9766-cc326314d9f1,65.35563822300173,0.0010187342056607593,1.5587548884224938e-05,115.20000833760001,112.1143254951157,6.0,0.001993599466028708,0.0022099234346057983,8.427748431917279e-05,0.004287800384953678,0.0,United Kingdom,GBR,england,,,Linux-6.4.0-150600.23.73_15.0.14-cray_shasta_c_64k-aarch64-with-glibc2.38,3.11.7,3.3.0,72,Neoverse-V2,1,1 x NVIDIA GH200 120GB,-2.5917,51.4535,64,machine,0.4241935483870967,0.1935483870967742,18.5,158.73088910502773,N,1.0,0.0
2026-09-27T11:07:23,efficientnet_lite0_batch19_node_1_local_train,a92226ab-7102-47b3-94ba-bb7ccf7e8dfd,5b0fa12a-3dd7-45bb-9766-cc326314d9f1,10.471580772893503,0.0001215076983620684,1.1603567885051364e-05,115.20001692205717,149.06287329011485,6.0,0.00023681718144793126,0.00027282021825669744,1.78231401136145e-06,0.0005114197137159902,0.0,United Kingdom,GBR,england,,,Linux-6.4.0-150600.23.73_15.0.14-cray_shasta_c_64k-aarch64-with-glibc2.38,3.11.7,3.3.0,72,Neoverse-V2,1,1 x NVIDIA GH200 120GB,-2.5917,51.4535,64,machine,1.0142857142857142,2.5714285714285716,18.5,158.7692609514509,N,1.0,0.0
2026-09-27T11:07:42,efficientnet_lite0_batch19_node_1_evaluate,611722da-8b1b-4fd8-9b09-f7b7caa8d3c7,5b0fa12a-3dd7-45bb-9766-cc326314d9f1,14.373122058808804,0.0001852869721551824,1.2891212597866045e-05,115.20000816480001,134.85395179792124,6.0,0.0003624977906457957,0.0004130311637595696,4.334474268446987e-06,0.0007798634286738124,0.0,United Kingdom,GBR,england,,,Linux-6.4.0-150600.23.73_15.0.14-cray_shasta_c_64k-aarch64-with-glibc2.38,3.11.7,3.3.0,72,Neoverse-V2,1,1 x NVIDIA GH200 120GB,-2.5917,51.4535,64,machine,0.0,1.2727272727272727,18.5,158.77465265447444,N,1.0,0.0
2026-09-27T11:08:12,mobilevit_xxs_batch19_node_0_local_train,7e1cde09-36d7-4978-aa24-f754555f53eb,5b0fa12a-3dd7-45bb-9766-cc326314d9f1,16.218047549948096,0.0002253524491706475,1.3895165153302853e-05,115.20007545497145,140.16160295704523,6.0,0.0004215042068997025,0.0005153643011794884,1.1628472718099753e-05,0.0009484969807972907,0.0,United Kingdom,GBR,england,,,Linux-6.4.0-150600.23.73_15.0.14-cray_shasta_c_64k-aarch64-with-glibc2.38,3.11.7,3.3.0,72,Neoverse-V2,1,1 x NVIDIA GH200 120GB,-2.5917,51.4535,64,machine,0.0,8.538461538461538,18.800000000000004,160.82094163161057,N,1.0,0.0
2026-09-27T11:08:34,mobilevit_xxs_batch19_node_0_evaluate,a31a7fc0-8e5e-43ce-8660-e60d486a408f,5b0fa12a-3dd7-45bb-9766-cc326314d9f1,15.121310700196773,0.0001964417666310699,1.2991054183452074e-05,115.20008753184001,134.3948041030131,6.0,0.0003859389381000508,0.0004361659045031274,4.708547878156727e-06,0.000826813390481335,0.0,United Kingdom,GBR,england,,,Linux-6.4.0-150600.23.73_15.0.14-cray_shasta_c_64k-aarch64-with-glibc2.38,3.11.7,3.3.0,72,Neoverse-V2,1,1 x NVIDIA GH200 120GB,-2.5917,51.4535,64,machine,0.0,0.75,18.800000000000004,160.98026021321616,N,1.0,0.0
2026-09-27T11:08:42,mobilevit_xxs_batch19_node_1_local_train,368ffdc0-af2f-43b2-afa7-057222dde53c,5b0fa12a-3dd7-45bb-9766-cc326314d9f1,4.723953836131841,3.016479955877697e-05,6.385498378086839e-06,115.200007776,77.35179097621636,6.0,5.339351943316996e-05,7.081672332276412e-05,2.751862218525882e-06,0.00012696210497445997,0.0,United Kingdom,GBR,england,,,Linux-6.4.0-150600.23.73_15.0.14-cray_shasta_c_64k-aarch64-with-glibc2.38,3.11.7,3.3.0,72,Neoverse-V2,1,1 x NVIDIA GH200 120GB,-2.5917,51.4535,64,machine,0.0,19.0,18.8,161.0111083984375,N,1.0,0.0
2026-09-27T11:09:01,mobilevit_xxs_batch19_node_1_evaluate,06c1d5b2-4113-462b-baa2-cd5787568616,5b0fa12a-3dd7-45bb-9766-cc326314d9f1,6.649806397035718,6.032713771363305e-05,9.072014147738957e-06,115.20001304640002,132.0978734784916,6.0,0.00011511883809968766,0.00013449066315729397,4.304348768200725e-06,0.0002539138500251824,0.0,United Kingdom,GBR,england,,,Linux-6.4.0-150600.23.73_15.0.14-cray_shasta_c_64k-aarch64-with-glibc2.38,3.11.7,3.3.0,72,Neoverse-V2,1,1 x NVIDIA GH200 120GB,-2.5917,51.4535,64,machine,0.0,4.333333333333333,18.8,161.0361328125,N,1.0,0.0
2026-09-27T11:09:36,mobilenet_v3_small_batch20_node_0_local_train,9f0f8ba5-3517-4d3b-b7de-f0f5194805b6,5b0fa12a-3dd7-45bb-9766-cc326314d9f1,9.773906883783638,0.00011395553844546157,1.1659159412960105e-05,115.20028911908574,68.99881709119448,6.0,0.00021435568948944276,0.0002541318699798012,1.1145497808077684e-05,0.00047963305727732165,0.0,United Kingdom,GBR,england,,,Linux-6.4.0-150600.23.73_15.0.14-cray_shasta_c_64k-aarch64-with-glibc2.38,3.11.7,3.3.0,72,Neoverse-V2,1,1 x NVIDIA GH200 120GB,-2.5917,51.4535,64,machine,0.0,7.333333333333333,18.516666666666666,158.50643920898438,N,1.0,0.0
2026-09-27T11:15:08,mobilenet_v3_small_batch20_node_0_evaluate,73d302d0-48cc-4c1a-854c-4b100d1e4985,5b0fa12a-3dd7-45bb-9766-cc326314d9f1,309.36602003197186,0.005066313664666503,1.6376438705656547e-05,115.20000138584713,127.32335459744453,6.0,0.009899403512509833,0.010927216241768178,0.000497236420319726,0.02132385617459774,0.0,United Kingdom,GBR,england,,,Linux-6.4.0-150600.23.73_15.0.14-cray_shasta_c_64k-aarch64-with-glibc2.38,3.11.7,3.3.0,72,Neoverse-V2,1,1 x NVIDIA GH200 120GB,-2.5917,51.4535,64,machine,0.22524271844660196,0.012944983818770227,18.799029126213696,161.34529089078933,N,1.0,0.0
2026-09-27T11:15:24,mobilenet_v3_small_batch20_node_1_local_train,6041d096-08c1-438c-9ba4-7612fe033722,5b0fa12a-3dd7-45bb-9766-cc326314d9f1,4.486706745112315,2.419411598306812e-05,5.3923996725269535e-06,115.20001684800003,68.31961578764651,6.0,4.58697686183128e-05,5.360282067101707e-05,2.359212616768976e-06,0.00010183180190609885,0.0,United Kingdom,GBR,england,,,Linux-6.4.0-150600.23.73_15.0.14-cray_shasta_c_64k-aarch64-with-glibc2.38,3.11.7,3.3.0,72,Neoverse-V2,1,1 x NVIDIA GH200 120GB,-2.5917,51.4535,64,machine,0.0,7.0,18.8,161.4410400390625,N,1.0,0.0
2026-09-27T11:15:41,mobilenet_v3_small_batch20_node_1_evaluate,fca93f77-a16f-4046-b432-c98996d2df50,5b0fa12a-3dd7-45bb-9766-cc326314d9f1,6.083415332017466,4.9616430393254e-05,8.156015607239415e-06,115.20000933120002,127.8155659911634,6.0,9.727545086488253e-05,0.00010818703098891547,3.370546582931032e-06,0.000208833028436729,0.0,United Kingdom,GBR,england,,,Linux-6.4.0-150600.23.73_15.0.14-cray_shasta_c_64k-aarch64-with-glibc2.38,3.11.7,3.3.0,72,Neoverse-V2,1,1 x NVIDIA GH200 120GB,-2.5917,51.4535,64,machine,0.0,1.3333333333333333,18.8,160.9420166015625,N,1.0,0.0
2026-09-27T11:16:02,mobilenet_v3_small_batch20_node_0_exchange,ee6eec73-34d5-4218-b730-2e13e6780c53,5b0fa12a-3dd7-45bb-9766-cc326314d9f1,9.777757124975324,0.00011185849856603454,1.1440097880966423e-05,115.20001130112001,131.7576772440533,6.0,0.00021497563733500309,0.00024889547690065683,6.9356089966216436e-06,0.00047080672323228156,0.0,United Kingdom,GBR,england,,,Linux-6.4.0-150600.23.73_15.0.14-cray_shasta_c_64k-aarch64-with-glibc2.38,3.11.7,3.3.0,72,Neoverse-V2,1,1 x NVIDIA GH200 120GB,-2.5917,51.4535,64,machine,0.0,3.5,18.8,160.94341023763022,N,1.0,0.0
2026-09-27T11:16:15,mobilenet_v3_small_batch20_node_0_evaluate,6cb7d713-9250-4ba5-b91f-664a0f03e34e,5b0fa12a-3dd7-45bb-9766-cc326314d9f1,5.274193349992856,3.656215357464299e-05,6.932274027210723e-06,115.20001140480002,756.3311651113956,6.0,7.00598005391941e-05,8.02175641752001e-05,3.6108774796593933e-06,0.00015388824219405358,0.0,United Kingdom,GBR,england,,,Linux-6.4.0-150600.23.73_15.0.14-cray_shasta_c_64k-aarch64-with-glibc2.38,3.11.7,3.3.0,72,Neoverse-V2,1,1 x NVIDIA GH200 120GB,-2.5917,51.4535,64,machine,0.0,1.5,18.9,161.45022583007812,N,1.0,0.0
2026-09-27T11:17:11,efficientnet_lite0_batch20_node_0_local_train,a0182d81-1eb7-4ab4-a8c4-dfda804095fd,5b0fa12a-3dd7-45bb-9766-cc326314d9f1,7.561085968045518,8.59064475821244e-05,1.1361654654527165e-05,115.20000850176001,84.07705332889445,6.0,0.00014430709685326796,0.00020977822336476493,7.490542225617295e-06,0.0003615758624436502,0.0,United Kingdom,GBR,england,,,Linux-6.4.0-150600.23.73_15.0.14-cray_shasta_c_64k-aarch64-with-glibc2.38,3.11.7,3.3.0,72,Neoverse-V2,1,1 x NVIDIA GH200 120GB,-2.5917,51.4535,64,machine,0.0,16.75,19.1,163.96974182128906,N,1.0,0.0
2026-09-27T11:18:00,efficientnet_lite0_batch20_node_0_evaluate,f9f6a526-69cb-4dff-bf16-005680d9a307,5b0fa12a-3dd7-45bb-9766-cc326314d9f1,13.666273860959336,0.00017331263329144376,1.2681776690173666e-05,115.20001589760003,137.05573700152823,6.0,0.000339785437897682,0.00038606669774310376,3.611910638477033e-06,0.0007294640462792628,0.0,United Kingdom,GBR,england,,,Linux-6.4.0-150600.23.73_15.0.14-cray_shasta_c_64k-aarch64-with-glibc2.38,3.11.7,3.3.0,72,Neoverse-V2,1,1 x NVIDIA GH200 120GB,-2.5917,51.4535,64,machine,0.0,1.1,19.099999999999998,163.92031860351562,N,1.0,0.0
2026-09-27T11:18:18,efficientnet_lite0_batch20_node_1_local_train,d1682409-2a64-4e85-b2f7-1ffd94559235,5b0fa12a-3dd7-45bb-9766-cc326314d9f1,4.048980599967763,1.889482774097084e-05,4.666564157190893e-06,115.20001399680001,222.75405190148598,6.0,3.202187174401129e-05,4.592198119723889e-05,1.5835146598207456e-06,7.952736760107093e-05,0.0,United Kingdom,GBR,england,,,Linux-6.4.0-150600.23.73_15.0.14-cray_shasta_c_64k-aarch64-with-glibc2.38,3.11.7,3.3.0,72,Neoverse-V2,1,1 x NVIDIA GH200 120GB,-2.5917,51.4535,64,machine,0,0,0,0,N,1.0,0.0
2026-09-27T11:18:34,efficientnet_lite0_batch20_node_1_evaluate,b6bcee6d-0da2-4a37-ac0c-1ed298c22f17,5b0fa12a-3dd7-45bb-9766-cc326314d9f1,6.072351400973275,5.1319347019085255e-05,8.451313771278092e-06,115.20002211840003,135.77319224681838,6.0,9.669397981806622e-05,0.00011597398166429684,3.3325562987010927e-06,0.00021600051778106416,0.0,United Kingdom,GBR,england,,,Linux-6.4.0-150600.23.73_15.0.14-cray_shasta_c_64k-aarch64-with-glibc2.38,3.11.7,3.3.0,72,Neoverse-V2,1,1 x NVIDIA GH200 120GB,-2.5917,51.4535,64,machine,0.0,5.0,19.233333333333334,164.62931315104166,N,1.0,0.0
2026-09-27T11:18:56,mobilevit_xxs_batch20_node_0_local_train,0334da27-07bb-4227-ac4d-9a991ce6a321,5b0fa12a-3dd7-45bb-9766-cc326314d9f1,11.383719777222723,0.00014841385040281389,1.3037377351801108e-05,115.20002183760002,139.62318008781523,6.0,0.00026646072389218545,0.00034602138794070925,1.2184225425201779e-05,0.0006246663372580965,0.0,United Kingdom,GBR,england,,,Linux-6.4.0-150600.23.73_15.0.14-cray_shasta_c_64k-aarch64-with-glibc2.38,3.11.7,3.3.0,72,Neoverse-V2,1,1 x NVIDIA GH200 120GB,-2.5917,51.4535,64,machine,0.6,13.125,19.2,164.55325317382812,N,1.0,0.0
2026-09-27T11:21:34,mobilevit_xxs_batch20_node_0_evaluate,411f0135-599f-4f66-bc13-2bd0509080ba,5b0fa12a-3dd7-45bb-9766-cc326314d9f1,33.719379239948466,0.0004991549103173504,1.4803205799411189e-05,115.20001292112002,130.11545276516293,6.0,0.0009814985009340726,0.0010906655947593435,2.8753498628502712e-05,0.002100917594321919,0.0,United Kingdom,GBR,england,,,Linux-6.4.0-150600.23.73_15.0.14-cray_shasta_c_64k-aarch64-with-glibc2.38,3.11.7,3.3.0,72,Neoverse-V2,1,1 x NVIDIA GH200 120GB,-2.5917,51.4535,64,machine,0.22333333333333333,0.7333333333333333,18.863333333333326,161.6352762858073,N,1.0,0.0
2026-09-27T11:23:20,mobilevit_xxs_batch20_node_1_local_train,6550f628-70b6-4a97-82a2-63da9ae5d79d,5b0fa12a-3dd7-45bb-9766-cc326314d9f1,5.5952929658815265,4.3493882889695304e-05,7.773298584168583e-06,115.20001658880003,138.76814417415483,6.0,8.124616613638696e-05,9.928369053113784e-05,2.533681163331494e-06,0.00018306353783085626,0.0,United Kingdom,GBR,england,,,Linux-6.4.0-150600.23.73_15.0.14-cray_shasta_c_64k-aarch64-with-glibc2.38,3.11.7,3.3.0,72,Neoverse-V2,1,1 x NVIDIA GH200 120GB,-2.5917,51.4535,64,machine,0.0,9.5,18.9,161.82015991210938,N,1.0,0.0
2026-09-27T11:25:58,mobilevit_xxs_batch20_node_1_evaluate,84627389-a49e-42ef-bc97-8accb66a7a60,5b0fa12a-3dd7-45bb-9766-cc326314d9f1,148.1620389749296,0.0024279706535661983,1.6387265391083297e-05,115.20000228305459,128.71939161941407,6.0,0.004741017038811632,0.005254383647951499,0.00022380413149949163,0.010219204818262623,0.0,United Kingdom,GBR,england,,,Linux-6.4.0-150600.23.73_15.0.14-cray_shasta_c_64k-aarch64-with-glibc2.38,3.11.7,3.3.0,72,Neoverse-V2,1,1 x NVIDIA GH200 120GB,-2.5917,51.4535,64,machine,0.6824324324324325,0.07432432432432433,18.900000000000052,162.0434013572899,N,1.0,0.0
2026-09-27T11:29:42,mobilenet_v3_small_batch21_node_0_local_train,e2bdf2f5-df38-4f0f-876a-69315c8061c1,5b0fa12a-3dd7-45bb-9766-cc326314d9f1,10.34262620494701,0.00012292741455462096,1.1885512646277714e-05,115.20003868560002,68.28706882745601,6.0,0.00023226364913088343,0.0002730457739943404,1.2085803735535592e-05,0.0005173952268607594,0.0,United Kingdom,GBR,england,,,Linux-6.4.0-150600.23.73_15.0.14-cray_shasta_c_64k-aarch64-with-glibc2.38,3.11.7,3.3.0,72,Neoverse-V2,1,1 x NVIDIA GH200 120GB,-2.5917,51.4535,64,machine,1.4714285714285715,6.857142857142857,18.585714285714285,158.90101841517858,N,1.0,0.0
2026-09-27T11:30:15,mobilenet_v3_small_batch21_node_0_evaluate,3918a97a-9717-42c9-bab9-dcdcf649c44e,5b0fa12a-3dd7-45bb-9766-cc326314d9f1,9.331287296954542,0.00010340212344885579,1.1081228147653668e-05,115.20001192320001,128.15902494202697,6.0,0.00020101345401018437,0.00022543212479320118,8.76869226495425e-06,0.0004352142710683398,0.0,United Kingdom,GBR,england,,,Linux-6.4.0-150600.23.73_15.0.14-cray_shasta_c_64k-aarch64-with-glibc2.38,3.11.7,3.3.0,72,Neoverse-V2,1,1 x NVIDIA GH200 120GB,-2.5917,51.4535,64,machine,0.0,0.6666666666666666,18.599999999999998,158.97840372721353,N,1.0,0.0
2026-09-27T11:30:27,mobilenet_v3_small_batch21_node_1_local_train,a29279d9-9d82-4b1a-9abe-b1dcb9ce1335,5b0fa12a-3dd7-45bb-9766-cc326314d9f1,5.259894374059513,3.647753390773265e-05,6.9350316401087346e-06,115.20008942400003,132.7687606687316,6.0,7.064455593508332e-05,8.096895368225887e-05,1.918572708576297e-06,0.0001535320823259185,0.0,United Kingdom,GBR,england,,,Linux-6.4.0-150600.23.73_15.0.14-cray_shasta_c_64k-aarch64-with-glibc2.38,3.11.7,3.3.0,72,Neoverse-V2,1,1 x NVIDIA GH200 120GB,-2.5917,51.4535,64,machine,0.0,3.5,18.6,159.0118408203125,N,1.0,0.0
2026-09-27T11:31:36,mobilenet_v3_small_batch21_node_1_evaluate,3361f45a-e731-4d4f-9802-de658ee0c964,5b0fa12a-3dd7-45bb-9766-cc326314d9f1,6.121589653892443,4.994390396922487e-05,8.158649434704889e-06,115.20001641600001,126.80907708291457,6.0,9.83306792830771e-05,0.00010847953122095078,3.4011375349170215e-06,0.00021021134803894488,0.0,United Kingdom,GBR,england,,,Linux-6.4.0-150600.23.73_15.0.14-cray_shasta_c_64k-aarch64-with-glibc2.38,3.11.7,3.3.0,72,Neoverse-V2,1,1 x NVIDIA GH200 120GB,-2.5917,51.4535,64,machine,0.0,1.3333333333333333,18.6,159.08258056640625,N,1.0,0.0
2026-09-27T11:38:33,mobilenet_v3_small_batch21_node_0_exchange,ea6167f6-20f5-43fd-9382-37c48262a59e,5b0fa12a-3dd7-45bb-9766-cc326314d9f1,7.549502779962495,7.683719521230884e-05,1.0177782226433005e-05,115.20002001024002,69.26847446811131,6.0,0.00014385421955686686,0.00017209097102011128,7.458650561748072e-06,0.00032340384113872626,0.0,United Kingdom,GBR,england,,,Linux-6.4.0-150600.23.73_15.0.14-cray_shasta_c_64k-aarch64-with-glibc2.38,3.11.7,3.3.0,72,Neoverse-V2,1,1 x NVIDIA GH200 120GB,-2.5917,51.4535,64,machine,1.05,8.0,19.1,163.2005157470703,N,1.0,0.0
2026-09-27T11:38:47,mobilenet_v3_small_batch21_node_0_evaluate,2bb7372d-3a3d-44ad-8d94-7abf95e747f2,5b0fa12a-3dd7-45bb-9766-cc326314d9f1,5.290491416119039,3.6901056142226255e-05,6.974977037066222e-06,115.20003939840001,65.87709579157317,6.0,7.122823355155454e-05,8.040006431997426e-05,3.68636796833016e-06,0.00015531466583985898,0.0,United Kingdom,GBR,england,,,Linux-6.4.0-150600.23.73_15.0.14-cray_shasta_c_64k-aarch64-with-glibc2.38,3.11.7,3.3.0,72,Neoverse-V2,1,1 x NVIDIA GH200 120GB,-2.5917,51.4535,64,machine,0.0,2.0,19.1,163.19491577148438,N,1.0,0.0
2026-09-27T11:39:11,efficientnet_lite0_batch21_node_0_local_train,0bb319ec-7ca8-4337-85ba-8a1b1ae7c358,5b0fa12a-3dd7-45bb-9766-cc326314d9f1,7.99873289396055,9.404068362497733e-05,1.1756947615538309e-05,115.20004344192002,83.59337970469296,6.0,0.00015841302899084235,0.00022916962777230765,8.22979088795061e-06,0.0003958124476511006,0.0,United Kingdom,GBR,england,,,Linux-6.4.0-150600.23.73_15.0.14-cray_shasta_c_64k-aarch64-with-glibc2.38,3.11.7,3.3.0,72,Neoverse-V2,1,1 x NVIDIA GH200 120GB,-2.5917,51.4535,64,machine,0.0,18.25,19.375,165.7400665283203,N,1.0,0.0
2026-09-27T11:39:29,efficientnet_lite0_batch21_node_0_evaluate,e5c4aa0c-1fd8-4a36-829c-4c9805d017e9,5b0fa12a-3dd7-45bb-9766-cc326314d9f1,6.366284163901582,5.67124872646356e-05,8.90825571158283e-06,115.2000801792,136.07298453072477,6.0,0.00010621929144122359,0.00012863343624758272,3.847242699703201e-06,0.00023869997038850955,0.0,United Kingdom,GBR,england,,,Linux-6.4.0-150600.23.73_15.0.14-cray_shasta_c_64k-aarch64-with-glibc2.38,3.11.7,3.3.0,72,Neoverse-V2,1,1 x NVIDIA GH200 120GB,-2.5917,51.4535,64,machine,0.0,2.3333333333333335,18.733333333333334,160.2468465169271,N,1.0,0.0
2026-09-27T11:39:52,efficientnet_lite0_batch21_node_1_local_train,0d92e2f0-e37a-4865-9fb8-83091df832c8,5b0fa12a-3dd7-45bb-9766-cc326314d9f1,12.085079995915294,0.00014730669806449487,1.2189137193488493e-05,115.20000783360001,149.17919492132123,6.0,0.0002890761968047744,0.0003295402636211975,1.3899290301681806e-06,0.0006200063894561401,0.0,United Kingdom,GBR,england,,,Linux-6.4.0-150600.23.73_15.0.14-cray_shasta_c_64k-aarch64-with-glibc2.38,3.11.7,3.3.0,72,Neoverse-V2,1,1 x NVIDIA GH200 120GB,-2.5917,51.4535,64,machine,0.7444444444444445,2.5555555555555554,18.8,160.85504828559027,N,1.0,0.0
2026-09-27T11:40:19,efficientnet_lite0_batch21_node_1_evaluate,23daeb57-279a-42f0-83d9-d92f03c8c9a8,5b0fa12a-3dd7-45bb-9766-cc326314d9f1,13.130668648984283,0.000163530010134476,1.2454050475725453e-05,115.20001128960001,134.97740906775104,6.0,0.00032266467291930384,0.0003622205675526402,3.4042431930235274e-06,0.0006882894836649677,0.0,United Kingdom,GBR,england,,,Linux-6.4.0-150600.23.73_15.0.14-cray_shasta_c_64k-aarch64-with-glibc2.38,3.11.7,3.3.0,72,Neoverse-V2,1,1 x NVIDIA GH200 120GB,-2.5917,51.4535,64,machine,0.0,1.1,18.800000000000004,160.85167846679687,N,1.0,0.0
2026-09-27T11:41:38,mobilevit_xxs_batch21_node_0_local_train,1024351f-dd2e-4d1c-91cb-50a1770418ea,5b0fa12a-3dd7-45bb-9766-cc326314d9f1,16.9851405529771,0.00023824151881644088,1.4026467315554989e-05,115.2000225504,138.9980261238685,6.0,0.0004457327041828972,0.0005437426572143522,1.3271057066740467e-05,0.00100274641846399,0.0,United Kingdom,GBR,england,,,Linux-6.4.0-150600.23.73_15.0.14-cray_shasta_c_64k-aarch64-with-glibc2.38,3.11.7,3.3.0,72,Neoverse-V2,1,1 x NVIDIA GH200 120GB,-2.5917,51.4535,64,machine,0.5461538461538461,9.23076923076923,19.099999999999998,163.6174034705529,N,1.0,0.0
2026-09-27T11:41:58,mobilevit_xxs_batch21_node_0_evaluate,3984fb89-72a0-4220-9f0b-4e969096114e,5b0fa12a-3dd7-45bb-9766-cc326314d9f1,5.467225739965215,4.138006773789378e-05,7.5687505338232215e-06,115.20001192320001,69.70490860062365,6.0,7.727852151655928e-05,9.288507430937898e-05,4.0030016928600775e-06,0.00017416659751879834,0.0,United Kingdom,GBR,england,,,Linux-6.4.0-150600.23.73_15.0.14-cray_shasta_c_64k-aarch64-with-glibc2.38,3.11.7,3.3.0,72,Neoverse-V2,1,1 x NVIDIA GH200 120GB,-2.5917,51.4535,64,machine,0.0,4.5,19.1,163.725341796875,N,1.0,0.0
2026-09-27T11:42:23,mobilevit_xxs_batch21_node_1_local_train,46c252a5-ea40-415c-a9db-b7056d5a2dee,5b0fa12a-3dd7-45bb-9766-cc326314d9f1,4.450288828928024,2.559569575215711e-05,5.75146844082984e-06,115.20001684800003,78.64152621830864,6.0,4.4991515725527554e-05,6.04289372176936e-05,2.310526825021952e-06,0.00010773097976824311,0.0,United Kingdom,GBR,england,,,Linux-6.4.0-150600.23.73_15.0.14-cray_shasta_c_64k-aarch64-with-glibc2.38,3.11.7,3.3.0,72,Neoverse-V2,1,1 x NVIDIA GH200 120GB,-2.5917,51.4535,64,machine,0.0,19.0,19.1,163.71783447265625,N,1.0,0.0
2026-09-27T11:42:51,mobilevit_xxs_batch21_node_1_evaluate,19041139-ceb9-4c68-8103-7f868587bb82,5b0fa12a-3dd7-45bb-9766-cc326314d9f1,13.674762062029913,0.00017236164416918072,1.2604361479002945e-05,115.20013046400003,134.00338108154492,6.0,0.00033992079712349114,0.0003820547501049987,3.4858342714142055e-06,0.0007254613814999041,0.0,United Kingdom,GBR,england,,,Linux-6.4.0-150600.23.73_15.0.14-cray_shasta_c_64k-aarch64-with-glibc2.38,3.11.7,3.3.0,72,Neoverse-V2,1,1 x NVIDIA GH200 120GB,-2.5917,51.4535,64,machine,0.0,0.9,19.099999999999998,163.68605346679686,N,1.0,0.0
2026-09-27T11:43:54,mobilenet_v3_small_batch22_node_0_local_train,8a0f3ce9-3df3-4c8b-814d-17b0c827bc49,5b0fa12a-3dd7-45bb-9766-cc326314d9f1,7.900110061978921,8.140902874873227e-05,1.0304796782583038e-05,115.21147841280003,68.07889078979078,6.0,0.00015443380809976342,0.00018018208859871265,8.030558940178405e-06,0.00034264645563865446,0.0,United Kingdom,GBR,england,,,Linux-6.4.0-150600.23.73_15.0.14-cray_shasta_c_64k-aarch64-with-glibc2.38,3.11.7,3.3.0,72,Neoverse-V2,1,1 x NVIDIA GH200 120GB,-2.5917,51.4535,64,machine,0.0,4.75,18.8,161.14410400390625,N,1.0,0.0
2026-09-27T11:44:20,mobilenet_v3_small_batch22_node_0_evaluate,919ef29e-9f4a-486f-847e-d0d8c0ba9917,5b0fa12a-3dd7-45bb-9766-cc326314d9f1,9.130295744165778,0.00010002922512335664,1.095574863358341e-05,115.20000708480003,126.93131660054775,6.0,0.0001946754770216121,0.00021794878547609642,8.393651308724656e-06,0.0004210179138064332,0.0,United Kingdom,GBR,england,,,Linux-6.4.0-150600.23.73_15.0.14-cray_shasta_c_64k-aarch64-with-glibc2.38,3.11.7,3.3.0,72,Neoverse-V2,1,1 x NVIDIA GH200 120GB,-2.5917,51.4535,64,machine,0.0,0.6666666666666666,18.8,161.21096801757812,N,1.0,0.0
2026-09-27T11:44:40,mobilenet_v3_small_batch22_node_1_local_train,d78b109f-bc5c-4e6d-b57a-23d856e6ee4c,5b0fa12a-3dd7-45bb-9766-cc326314d9f1,11.139122808817774,0.00012953172068093033,1.1628538701305323e-05,115.20001872720002,126.6775663265779,6.0,0.00025862547432550824,0.0002849377279687815,1.6292126783325026e-06,0.0005451924149726221,0.0,United Kingdom,GBR,england,,,Linux-6.4.0-150600.23.73_15.0.14-cray_shasta_c_64k-aarch64-with-glibc2.38,3.11.7,3.3.0,72,Neoverse-V2,1,1 x NVIDIA GH200 120GB,-2.5917,51.4535,64,machine,0.0,0.875,18.8,161.27333068847656,N,1.0,0.0
2026-09-27T11:45:13,mobilenet_v3_small_batch22_node_1_evaluate,b4bb10d7-7af5-4558-9779-b6ba986dddf5,5b0fa12a-3dd7-45bb-9766-cc326314d9f1,15.750856641214341,0.0002042883392599803,1.2969982770678707e-05,115.20001589760003,129.38043821776407,6.0,0.0004060818174778121,0.00045027897134275463,3.478426210349426e-06,0.0008598392150309161,0.0,United Kingdom,GBR,england,,,Linux-6.4.0-150600.23.73_15.0.14-cray_shasta_c_64k-aarch64-with-glibc2.38,3.11.7,3.3.0,72,Neoverse-V2,1,1 x NVIDIA GH200 120GB,-2.5917,51.4535,64,machine,0.4666666666666666,0.4166666666666667,18.800000000000004,161.27371215820312,N,1.0,0.0
2026-09-27T11:45:31,mobilenet_v3_small_batch22_node_0_exchange,51e8f7dd-9701-4981-bc08-dadecafdc38a,5b0fa12a-3dd7-45bb-9766-cc326314d9f1,5.904565562028438,4.895065385202557e-05,8.29030575370717e-06,115.20001313280002,69.71649051766938,6.0,9.148390637462614e-05,0.00010981592117786931,4.7309813318618885e-06,0.00020603080888435734,0.0,United Kingdom,GBR,england,,,Linux-6.4.0-150600.23.73_15.0.14-cray_shasta_c_64k-aarch64-with-glibc2.38,3.11.7,3.3.0,72,Neoverse-V2,1,1 x NVIDIA GH200 120GB,-2.5917,51.4535,64,machine,0.0,8.0,18.1,155.37448120117188,N,1.0,0.0
2026-09-27T11:45:48,mobilenet_v3_small_batch22_node_0_evaluate,4c127d79-af6d-4f3f-b049-3d1a5c6110ab,5b0fa12a-3dd7-45bb-9766-cc326314d9f1,5.2708052361849695,3.683465930128328e-05,6.988431112651842e-06,115.20001313280002,65.41754598343321,6.0,7.114628346617442e-05,8.020534194486117e-05,3.6835795070510363e-06,0.0001550352049180866,0.0,United Kingdom,GBR,england,,,Linux-6.4.0-150600.23.73_15.0.14-cray_shasta_c_64k-aarch64-with-glibc2.38,3.11.7,3.3.0,72,Neoverse-V2,1,1 x NVIDIA GH200 120GB,-2.5917,51.4535,64,machine,0.0,2.0,18.2,156.24185180664062,N,1.0,0.0
2026-09-27T11:46:08,efficientnet_lite0_batch22_node_0_local_train,4c2470ac-06f9-455f-b50f-d8cbbb381979,5b0fa12a-3dd7-45bb-9766-cc326314d9f1,7.232004281133413,7.44487622518107e-05,1.0294347093520104e-05,115.20006078240002,141.34370484728947,6.0,0.0001335675150360639,0.00017456513963054476,5.2183937902251875e-06,0.0003133510484568339,0.0,United Kingdom,GBR,england,,,Linux-6.4.0-150600.23.73_15.0.14-cray_shasta_c_64k-aarch64-with-glibc2.38,3.11.7,3.3.0,72,Neoverse-V2,1,1 x NVIDIA GH200 120GB,-2.5917,51.4535,64,machine,2.8499999999999996,8.75,18.724999999999998,160.66070556640625,N,1.0,0.0
2026-09-27T11:46:25,efficientnet_lite0_batch22_node_0_evaluate,7e9facba-2994-4521-aa9e-0cd03831b75f,5b0fa12a-3dd7-45bb-9766-cc326314d9f1,6.25141694303602,5.4052479646502485e-05,8.646436502162298e-06,115.20002237760002,133.73407763730162,6.0,0.0001024917333709673,0.00012136537485218923,3.64702558144927e-06,0.0002275041338046058,0.0,United Kingdom,GBR,england,,,Linux-6.4.0-150600.23.73_15.0.14-cray_shasta_c_64k-aarch64-with-glibc2.38,3.11.7,3.3.0,72,Neoverse-V2,1,1 x NVIDIA GH200 120GB,-2.5917,51.4535,64,machine,0.0,5.0,18.8,161.30938720703125,N,1.0,0.0
2026-09-27T11:47:20,efficientnet_lite0_batch22_node_1_local_train,b9fcd2ed-4488-4752-8db9-4447998776c7,5b0fa12a-3dd7-45bb-9766-cc326314d9f1,45.75545087293722,0.0006958731023212903,1.5208529017749783e-05,115.20001981167432,136.74853775465613,6.0,0.001366636259922701,0.0015127673213299886,4.9490863865939905e-05,0.0029288944451186304,0.0,United Kingdom,GBR,england,,,Linux-6.4.0-150600.23.73_15.0.14-cray_shasta_c_64k-aarch64-with-glibc2.38,3.11.7,3.3.0,72,Neoverse-V2,1,1 x NVIDIA GH200 120GB,-2.5917,51.4535,64,machine,0.45714285714285713,0.0,18.88333333333332,161.48398117792038,N,1.0,0.0
2026-09-27T11:47:32,efficientnet_lite0_batch22_node_1_evaluate,6bdaadde-42b3-47b2-add1-974e09e5580e,5b0fa12a-3dd7-45bb-9766-cc326314d9f1,6.114335241029039,5.239074189993723e-05,8.568509876327928e-06,115.20000950400002,136.60968988844826,6.0,9.811977598944675e-05,0.0001189728729542594,3.4173153220520665e-06,0.00022050996426575822,0.0,United Kingdom,GBR,england,,,Linux-6.4.0-150600.23.73_15.0.14-cray_shasta_c_64k-aarch64-with-glibc2.38,3.11.7,3.3.0,72,Neoverse-V2,1,1 x NVIDIA GH200 120GB,-2.5917,51.4535,64,machine,0.0,4.333333333333333,18.9,161.48075358072916,N,1.0,0.0
2026-09-27T11:48:00,mobilevit_xxs_batch22_node_0_local_train,bc4d1c8c-ec0c-4165-8381-1f01f6ad0889,5b0fa12a-3dd7-45bb-9766-cc326314d9f1,7.950634388020262,8.766373964361886e-05,1.1026005644997022e-05,115.20001233792001,75.29663030260387,6.0,0.00015679089543699514,0.00020404599656842493,8.135323221795262e-06,0.0003689722152272153,0.0,United Kingdom,GBR,england,,,Linux-6.4.0-150600.23.73_15.0.14-cray_shasta_c_64k-aarch64-with-glibc2.38,3.11.7,3.3.0,72,Neoverse-V2,1,1 x NVIDIA GH200 120GB,-2.5917,51.4535,64,machine,0.0,14.25,18.8,161.01785278320312,N,1.0,0.0
2026-09-27T11:48:16,mobilevit_xxs_batch22_node_0_evaluate,d5a4afac-f4af-42c5-8c27-af3772a545fb,5b0fa12a-3dd7-45bb-9766-cc326314d9f1,6.690195658011362,6.0674589553349826e-05,9.069180133871472e-06,115.20000976320001,131.54609288050042,6.0,0.0001165093880444017,0.00013505399694224707,3.812872135313228e-06,0.000255376257121962,0.0,United Kingdom,GBR,england,,,Linux-6.4.0-150600.23.73_15.0.14-cray_shasta_c_64k-aarch64-with-glibc2.38,3.11.7,3.3.0,72,Neoverse-V2,1,1 x NVIDIA GH200 120GB,-2.5917,51.4535,64,machine,0.0,4.0,18.8,161.02823893229166,N,1.0,0.0
2026-09-27T11:49:09,mobilevit_xxs_batch22_node_1_local_train,e36f1ee0-8e81-4d8c-ac0e-736d4102e2f7,5b0fa12a-3dd7-45bb-9766-cc326314d9f1,13.985351854003966,0.00017638501523651993,1.2612125678198179e-05,115.20000699840003,139.03083713215815,6.0,0.0003498231484809004,0.00039075114594311344,1.8212509780035665e-06,0.0007423955454020175,0.0,United Kingdom,GBR,england,,,Linux-6.4.0-150600.23.73_15.0.14-cray_shasta_c_64k-aarch64-with-glibc2.38,3.11.7,3.3.0,72,Neoverse-V2,1,1 x NVIDIA GH200 120GB,-2.5917,51.4535,64,machine,0.53,0.0,18.800000000000004,161.004931640625,N,1.0,0.0
2026-09-27T11:49:27,mobilevit_xxs_batch22_node_1_evaluate,af1eeb18-ca5e-484e-93da-5e9357674860,5b0fa12a-3dd7-45bb-9766-cc326314d9f1,5.26680165505968,3.77643625198433e-05,7.170264800757031e-06,115.20000483840002,70.10302418141136,6.0,7.041431809698458e-05,8.489562345914692e-05,3.638336856771881e-06,0.00015894827841290336,0.0,United Kingdom,GBR,england,,,Linux-6.4.0-150600.23.73_15.0.14-cray_shasta_c_64k-aarch64-with-glibc2.38,3.11.7,3.3.0,72,Neoverse-V2,1,1 x NVIDIA GH200 120GB,-2.5917,51.4535,64,machine,0.0,6.5,18.8,161.00341796875,N,1.0,0.0
