timestamp,project_name,run_id,experiment_id,duration,emissions,emissions_rate,cpu_power,gpu_power,ram_power,cpu_energy,gpu_energy,ram_energy,energy_consumed,water_consumed,country_name,country_iso_code,region,cloud_provider,cloud_region,os,python_version,codecarbon_version,cpu_count,cpu_model,gpu_count,gpu_model,longitude,latitude,ram_total_size,tracking_mode,cpu_utilization_percent,gpu_utilization_percent,ram_utilization_percent,ram_used_gb,on_cloud,pue,wue
2026-09-26T20:12:01,mobilenet_v3_small_batch0_node_0_local_train,1ee6e423-e3f0-4c25-b77a-770cea975c01,5b0fa12a-3dd7-45bb-9766-cc326314d9f1,89.53161771106534,0.001538240567288547,1.7180975912361222e-05,118.73958315226025,160.38275645696922,6.0,0.0028623138178240554,0.0034681613856548665,0.0001439009978121612,0.006474376201291083,0.0,United Kingdom,GBR,england,,,Linux-6.4.0-150600.23.73_15.0.14-cray_shasta_c_64k-aarch64-with-glibc2.38,3.11.7,3.3.0,72,Neoverse-V2,1,1 x NVIDIA GH200 120GB,-2.5917,51.4535,64,machine,4.0779069767441865,2.2906976744186047,16.700000000000024,142.86670773528343,N,1.0,0.0
2026-09-26T20:12:21,mobilenet_v3_small_batch0_node_0_evaluate,27044abc-2091-4f62-8257-1644837c047e,5b0fa12a-3dd7-45bb-9766-cc326314d9f1,15.650433619040996,0.00021980117292078985,1.4044414248904274e-05,116.56245429415384,70.3232763827252,6.0,0.0004125105577776926,0.0004916423377494539,2.0979046274830275e-05,0.0009251319418019767,0.0,United Kingdom,GBR,england,,,Linux-6.4.0-150600.23.73_15.0.14-cray_shasta_c_64k-aarch64-with-glibc2.38,3.11.7,3.3.0,72,Neoverse-V2,1,1 x NVIDIA GH200 120GB,-2.5917,51.4535,64,machine,0.725,0.3333333333333333,16.691666666666663,142.6501668294271,N,1.0,0.0
2026-09-26T20:14:14,mobilenet_v3_small_batch0_node_1_local_train,eb557148-0f28-4b81-a1a5-755b2ffadb71,5b0fa12a-3dd7-45bb-9766-cc326314d9f1,108.77455676812679,0.0037693599468475907,3.465295615851309e-05,119.06035363007999,144.88079089260194,6.0,0.003510073447808771,0.004247910342741079,0.0001745382261419824,0.007932522016691831,0.0,United Kingdom,GBR,england,,,Linux-6.4.0-150600.23.73_15.0.14-cray_shasta_c_64k-aarch64-with-glibc2.38,3.11.7,3.3.0,72,Neoverse-V2,1,1 x NVIDIA GH200 120GB,-2.5917,51.4535,64,machine,6.565714285714287,2.914285714285714,16.677142857142858,142.7772705078125,N,1.0,0.0
2026-09-26T20:14:32,mobilenet_v3_small_batch0_node_1_evaluate,b8a01275-51ef-4667-8811-c659d53e6547,5b0fa12a-3dd7-45bb-9766-cc326314d9f1,11.797825483838096,0.0001540346858547298,1.3056192945534136e-05,117.8149264128,70.38025131492898,6.0,0.0002924688103985322,0.00034130166193335754,1.4553675060160457e-05,0.0006483241473920502,0.0,United Kingdom,GBR,england,,,Linux-6.4.0-150600.23.73_15.0.14-cray_shasta_c_64k-aarch64-with-glibc2.38,3.11.7,3.3.0,72,Neoverse-V2,1,1 x NVIDIA GH200 120GB,-2.5917,51.4535,64,machine,0.0,0.5,16.599999999999998,142.1477508544922,N,1.0,0.0
2026-09-26T20:17:27,mobilenet_v3_small_batch0_node_2_local_train,286fe54c-fad7-4edf-bff3-151f75070402,5b0fa12a-3dd7-45bb-9766-cc326314d9f1,172.9955021359492,0.0052436528644097,3.031092022432441e-05,117.53259671933863,132.2402267503494,6.0,0.005624123658456003,0.006810560726250969,0.0004934365309608014,0.012928120915667776,0.0,United Kingdom,GBR,england,,,Linux-6.4.0-150600.23.73_15.0.14-cray_shasta_c_64k-aarch64-with-glibc2.38,3.11.7,3.3.0,72,Neoverse-V2,1,1 x NVIDIA GH200 120GB,-2.5917,51.4535,64,machine,4.190116279069768,1.25,13.778488372092982,118.08351348167243,N,1.0,0.0
2026-09-26T20:26:29,mobilenet_v3_small_batch0_node_2_evaluate,143d075d-698a-404b-b131-57d4049ab946,5b0fa12a-3dd7-45bb-9766-cc326314d9f1,472.31840971810743,0.008157842140390366,1.727191227896281e-05,115.44007904676842,146.12030253671492,6.0,0.015137680357150617,0.018268323225754557,0.000929938486762888,0.03433594206966807,0.0,United Kingdom,GBR,england,,,Linux-6.4.0-150600.23.73_15.0.14-cray_shasta_c_64k-aarch64-with-glibc2.38,3.11.7,3.3.0,72,Neoverse-V2,1,1 x NVIDIA GH200 120GB,-2.5917,51.4535,64,machine,2.922457627118644,0.00847457627118644,23.78538135593227,203.70967683953754,N,1.0,0.0
2026-09-26T20:28:02,mobilenet_v3_small_batch0_node_3_local_train,96d3a912-91aa-454a-adba-c242bba6d674,5b0fa12a-3dd7-45bb-9766-cc326314d9f1,91.85899046505801,0.0015795801813272643,1.719570586755051e-05,118.88509655600706,143.96605022734255,6.0,0.002941777029715516,0.0035642922958913914,0.0001423032056435477,0.006648372531250455,0.0,United Kingdom,GBR,england,,,Linux-6.4.0-150600.23.73_15.0.14-cray_shasta_c_64k-aarch64-with-glibc2.38,3.11.7,3.3.0,72,Neoverse-V2,1,1 x NVIDIA GH200 120GB,-2.5917,51.4535,64,machine,4.493181818181818,2.340909090909091,25.744318181818187,220.47810502485797,N,1.0,0.0
2026-09-26T20:28:17,mobilenet_v3_small_batch0_node_3_evaluate,ca5db360-6bf9-4d4c-9d82-5a63a355fbd3,5b0fa12a-3dd7-45bb-9766-cc326314d9f1,12.25883486890234,0.00016199024534820485,1.3214163261072583e-05,118.45068151680002,142.96014335358478,6.0,0.00030750514816581644,0.00036073084416443635,1.3572699773358181e-05,0.0006818086921036111,0.0,United Kingdom,GBR,england,,,Linux-6.4.0-150600.23.73_15.0.14-cray_shasta_c_64k-aarch64-with-glibc2.38,3.11.7,3.3.0,72,Neoverse-V2,1,1 x NVIDIA GH200 120GB,-2.5917,51.4535,64,machine,13.144444444444444,0.5555555555555556,25.900000000000002,221.9613037109375,N,1.0,0.0
2026-09-26T20:30:52,mobilenet_v3_small_batch0_node_4_local_train,5fdcbee5-b2ac-4f51-acb9-12ef4f56b0a0,5b0fa12a-3dd7-45bb-9766-cc326314d9f1,96.52281833905727,0.0016604669121826426,1.7202843231844863e-05,118.77401632608003,144.2573382389291,6.0,0.0030923199484654915,0.0037491118881689545,0.00014738882502346923,0.006988820661657916,0.0,United Kingdom,GBR,england,,,Linux-6.4.0-150600.23.73_15.0.14-cray_shasta_c_64k-aarch64-with-glibc2.38,3.11.7,3.3.0,72,Neoverse-V2,1,1 x NVIDIA GH200 120GB,-2.5917,51.4535,64,machine,6.167741935483871,3.118279569892473,25.994623655913973,222.6860161237819,N,1.0,0.0
2026-09-26T20:41:01,mobilenet_v3_small_batch0_node_4_evaluate,2df08ba7-2fb0-498e-aab6-dafb82a3b387,5b0fa12a-3dd7-45bb-9766-cc326314d9f1,11.241390143055469,0.00014464706374870174,1.2867364436956184e-05,117.7046570304,70.89170481504623,6.0,0.0002732985087040192,0.00032188581306513697,1.3627802313615879e-05,0.0006088121240827721,0.0,United Kingdom,GBR,england,,,Linux-6.4.0-150600.23.73_15.0.14-cray_shasta_c_64k-aarch64-with-glibc2.38,3.11.7,3.3.0,72,Neoverse-V2,1,1 x NVIDIA GH200 120GB,-2.5917,51.4535,64,machine,0.0,0.875,26.262500000000006,224.83822631835938,N,1.0,0.0
2026-09-26T20:42:42,mobilenet_v3_small_batch0_node_5_local_train,cae55945-65f5-4092-a74f-deec6d7b8e1b,5b0fa12a-3dd7-45bb-9766-cc326314d9f1,99.45356790302321,0.0017166016809424076,1.726033280793163e-05,118.87430051016003,143.88862949197772,6.0,0.00319535646877406,0.0038708250411048084,0.00015890753440520104,0.007225089044284069,0.0,United Kingdom,GBR,england,,,Linux-6.4.0-150600.23.73_15.0.14-cray_shasta_c_64k-aarch64-with-glibc2.38,3.11.7,3.3.0,72,Neoverse-V2,1,1 x NVIDIA GH200 120GB,-2.5917,51.4535,64,machine,5.266666666666667,3.2291666666666665,26.302083333333343,225.35769844055176,N,1.0,0.0
2026-09-26T20:44:02,mobilenet_v3_small_batch0_node_5_evaluate,e88eb520-2e4c-4618-8aef-a8bd11791477,5b0fa12a-3dd7-45bb-9766-cc326314d9f1,33.44914060807787,0.0005233389111738403,1.564581037539289e-05,117.9750645234,141.8094700054693,6.0,0.000984866863346321,0.001178891498682333,3.8948460146784784e-05,0.002202706822175439,0.0,United Kingdom,GBR,england,,,Linux-6.4.0-150600.23.73_15.0.14-cray_shasta_c_64k-aarch64-with-glibc2.38,3.11.7,3.3.0,72,Neoverse-V2,1,1 x NVIDIA GH200 120GB,-2.5917,51.4535,64,machine,3.79,0.23333333333333334,26.399999999999984,226.03877970377604,N,1.0,0.0
2026-09-26T20:44:42,mobilenet_v3_small_batch0_node_0_exchange,3a1d387b-4c9e-4fca-baeb-dd941f335d78,5b0fa12a-3dd7-45bb-9766-cc326314d9f1,37.16627089492977,0.0006062458593255621,1.6311721481001915e-05,118.06237974420002,108.27970840514176,6.0,0.0011272268005697776,0.001367603038517018,5.682810520171188e-05,0.0025516579442885073,0.0,United Kingdom,GBR,england,,,Linux-6.4.0-150600.23.73_15.0.14-cray_shasta_c_64k-aarch64-with-glibc2.38,3.11.7,3.3.0,72,Neoverse-V2,1,1 x NVIDIA GH200 120GB,-2.5917,51.4535,64,machine,3.929411764705882,2.6470588235294117,26.399999999999984,226.20443366555605,N,1.0,0.0
2026-09-26T20:45:44,mobilenet_v3_small_batch0_node_1_exchange,33c69cc9-7fe0-4126-8860-a91e2c1da028,5b0fa12a-3dd7-45bb-9766-cc326314d9f1,45.49079821095802,0.0007540464802499009,1.6575802357942863e-05,118.17918258953146,108.15833101529472,6.0,0.001404088487105936,0.0016989716369266716,7.068310587240073e-05,0.003173743229905008,0.0,United Kingdom,GBR,england,,,Linux-6.4.0-150600.23.73_15.0.14-cray_shasta_c_64k-aarch64-with-glibc2.38,3.11.7,3.3.0,72,Neoverse-V2,1,1 x NVIDIA GH200 120GB,-2.5917,51.4535,64,machine,6.447619047619047,2.9523809523809526,26.411904761904754,226.38972981770834,N,1.0,0.0
2026-09-26T20:46:17,mobilenet_v3_small_batch0_node_2_exchange,833692b0-2b2b-4fd4-afc9-d97afc1d1bd9,5b0fa12a-3dd7-45bb-9766-cc326314d9f1,27.604493679013103,0.0004346541093908552,1.574577365718213e-05,118.00769695488002,141.42480535395876,6.0,0.000811092352372137,0.000979126616641679,3.921803939505481e-05,0.0018294370084088708,0.0,United Kingdom,GBR,england,,,Linux-6.4.0-150600.23.73_15.0.14-cray_shasta_c_64k-aarch64-with-glibc2.38,3.11.7,3.3.0,72,Neoverse-V2,1,1 x NVIDIA GH200 120GB,-2.5917,51.4535,64,machine,4.520833333333333,2.7916666666666665,26.424999999999994,226.4515838623047,N,1.0,0.0
2026-09-26T20:48:38,mobilenet_v3_small_batch0_node_3_exchange,d370d615-1fba-4d34-9f59-79802ca131e4,5b0fa12a-3dd7-45bb-9766-cc326314d9f1,39.14977731392719,0.0006398684117440642,1.634411369988653e-05,118.1496967010743,142.9355836007462,6.0,0.0011915205779384572,0.001444871155911187,5.678182108793408e-05,0.002693173554937578,0.0,United Kingdom,GBR,england,,,Linux-6.4.0-150600.23.73_15.0.14-cray_shasta_c_64k-aarch64-with-glibc2.38,3.11.7,3.3.0,72,Neoverse-V2,1,1 x NVIDIA GH200 120GB,-2.5917,51.4535,64,machine,2.316666666666667,2.7777777777777777,26.491666666666667,226.67588636610242,N,1.0,0.0
2026-09-26T20:53:20,mobilenet_v3_small_batch0_node_4_exchange,bc108d0d-d2f0-4caa-b728-ae2e83b06fee,5b0fa12a-3dd7-45bb-9766-cc326314d9f1,44.02669185306877,0.0007229153390649176,1.641993319592393e-05,118.00924311534547,143.12144914424084,6.0,0.0013483371069761487,0.0016352368637342352,5.913987153364967e-05,0.0030427138422440335,0.0,United Kingdom,GBR,england,,,Linux-6.4.0-150600.23.73_15.0.14-cray_shasta_c_64k-aarch64-with-glibc2.38,3.11.7,3.3.0,72,Neoverse-V2,1,1 x NVIDIA GH200 120GB,-2.5917,51.4535,64,machine,6.035,2.775,25.100000000000016,215.15970458984376,N,1.0,0.0
2026-09-26T20:54:03,mobilenet_v3_small_batch0_node_5_exchange,1727d708-97e7-4038-ae1f-584d4e906bc8,5b0fa12a-3dd7-45bb-9766-cc326314d9f1,42.38417672296055,0.0006985020232577341,1.6480254596506967e-05,118.46737127258183,142.61754282993707,6.0,0.0013016798551131637,0.0015744307039824434,6.384888034701968e-05,0.002939959439442626,0.0,United Kingdom,GBR,england,,,Linux-6.4.0-150600.23.73_15.0.14-cray_shasta_c_64k-aarch64-with-glibc2.38,3.11.7,3.3.0,72,Neoverse-V2,1,1 x NVIDIA GH200 120GB,-2.5917,51.4535,64,machine,5.964102564102565,3.1025641025641026,25.102564102564116,215.30067639473157,N,1.0,0.0
2026-09-26T20:54:39,mobilenet_v3_small_batch0_node_0_evaluate,4854e428-97d9-45eb-88a5-2c20236c0462,5b0fa12a-3dd7-45bb-9766-cc326314d9f1,17.035002458142117,0.00024164280265925265,1.41850758902448e-05,117.84512367360001,140.43871904487634,6.0,0.0004588808542407449,0.0005447843247168294,1.3397069964945938e-05,0.0010170622489225202,0.0,United Kingdom,GBR,england,,,Linux-6.4.0-150600.23.73_15.0.14-cray_shasta_c_64k-aarch64-with-glibc2.38,3.11.7,3.3.0,72,Neoverse-V2,1,1 x NVIDIA GH200 120GB,-2.5917,51.4535,64,machine,1.2846153846153845,0.38461538461538464,25.153846153846153,215.40421236478366,N,1.0,0.0
2026-09-26T20:54:57,mobilenet_v3_small_batch0_node_1_evaluate,8717bdf8-dd7b-4547-a548-3e8177033e10,5b0fa12a-3dd7-45bb-9766-cc326314d9f1,16.534893189091235,0.0002337392542511911,1.4136121206116936e-05,117.63226120896003,140.07655236222234,6.0,0.00044308648107024146,0.0005262790321296507,1.4431103020518397e-05,0.0009837966162204105,0.0,United Kingdom,GBR,england,,,Linux-6.4.0-150600.23.73_15.0.14-cray_shasta_c_64k-aarch64-with-glibc2.38,3.11.7,3.3.0,72,Neoverse-V2,1,1 x NVIDIA GH200 120GB,-2.5917,51.4535,64,machine,7.415384615384616,0.46153846153846156,25.199999999999992,215.4640831580529,N,1.0,0.0
2026-09-26T20:55:22,mobilenet_v3_small_batch0_node_2_evaluate,9a45de39-2786-4db3-b750-d4eb5b34fe9a,5b0fa12a-3dd7-45bb-9766-cc326314d9f1,16.571645678952336,0.00022950708025725765,1.3849383742783907e-05,117.88717642560002,140.1906100071069,6.0,0.0004360826727345734,0.0005177840253338672,1.2116913366674757e-05,0.0009659836114351154,0.0,United Kingdom,GBR,england,,,Linux-6.4.0-150600.23.73_15.0.14-cray_shasta_c_64k-aarch64-with-glibc2.38,3.11.7,3.3.0,72,Neoverse-V2,1,1 x NVIDIA GH200 120GB,-2.5917,51.4535,64,machine,4.653846153846154,0.46153846153846156,25.169230769230765,215.5481473482572,N,1.0,0.0
2026-09-26T20:55:49,mobilenet_v3_small_batch0_node_3_evaluate,df63b8ad-84e1-4f76-a008-50cb2ddaeede,5b0fa12a-3dd7-45bb-9766-cc326314d9f1,15.973464429145679,0.0002245068299380517,1.4054986689575592e-05,117.7946672256,140.82914798420848,6.0,0.00042502309733777923,0.0005065498496890086,1.3364865490002557e-05,0.0009449378125167904,0.0,United Kingdom,GBR,england,,,Linux-6.4.0-150600.23.73_15.0.14-cray_shasta_c_64k-aarch64-with-glibc2.38,3.11.7,3.3.0,72,Neoverse-V2,1,1 x NVIDIA GH200 120GB,-2.5917,51.4535,64,machine,0.0,0.16666666666666666,25.199999999999992,215.74207560221353,N,1.0,0.0
2026-09-26T20:56:04,mobilenet_v3_small_batch0_node_4_evaluate,a99e7d28-ef88-44b8-9c0d-22b2a48f93f3,5b0fa12a-3dd7-45bb-9766-cc326314d9f1,11.222342637134716,0.00014438586223350204,1.2865928879744717e-05,117.82330853760001,71.01060414701982,6.0,0.0002728936202533769,0.0003212422014655658,1.3576918489998207e-05,0.0006077127402089409,0.0,United Kingdom,GBR,england,,,Linux-6.4.0-150600.23.73_15.0.14-cray_shasta_c_64k-aarch64-with-glibc2.38,3.11.7,3.3.0,72,Neoverse-V2,1,1 x NVIDIA GH200 120GB,-2.5917,51.4535,64,machine,0.0,0.625,25.199999999999996,215.45404815673828,N,1.0,0.0
2026-09-26T20:56:38,mobilenet_v3_small_batch0_node_5_evaluate,a7a08d2e-dfd2-4683-aa83-cd05d9e8ec37,5b0fa12a-3dd7-45bb-9766-cc326314d9f1,25.453635412966833,0.00038299998668635065,1.5046966002005324e-05,117.23736174624001,143.56605189828147,6.0,0.0007284947296528777,0.0008696593068293623,1.3873400336597114e-05,0.001612027436818837,0.0,United Kingdom,GBR,england,,,Linux-6.4.0-150600.23.73_15.0.14-cray_shasta_c_64k-aarch64-with-glibc2.38,3.11.7,3.3.0,72,Neoverse-V2,1,1 x NVIDIA GH200 120GB,-2.5917,51.4535,64,machine,3.377272727272727,0.2727272727272727,25.181818181818183,215.4531582919034,N,1.0,0.0
2026-09-26T20:58:21,efficientnet_lite0_batch0_node_0_local_train,fe949a46-7963-44d6-b0a1-ed23b9f45b55,5b0fa12a-3dd7-45bb-9766-cc326314d9f1,91.11771587491967,0.0016658602391942101,1.8282506570741875e-05,118.77347045088004,138.53506895542847,6.0,0.0029144834561090067,0.003950392882529741,0.00014664456171526886,0.0070115209003540156,0.0,United Kingdom,GBR,england,,,Linux-6.4.0-150600.23.73_15.0.14-cray_shasta_c_64k-aarch64-with-glibc2.38,3.11.7,3.3.0,72,Neoverse-V2,1,1 x NVIDIA GH200 120GB,-2.5917,51.4535,64,machine,6.127272727272728,8.181818181818182,25.578409090909055,218.90435444224966,N,1.0,0.0
2026-09-26T20:58:38,efficientnet_lite0_batch0_node_0_evaluate,fc1303c8-d417-450d-8b78-cb66d0abec20,5b0fa12a-3dd7-45bb-9766-cc326314d9f1,11.263324697967619,0.00014745172807992873,1.3091314690282813e-05,117.79697652480002,72.95052237621007,6.0,0.0002746559218952914,0.00033229054361072485,1.367034789834482e-05,0.0006206168134043611,0.0,United Kingdom,GBR,england,,,Linux-6.4.0-150600.23.73_15.0.14-cray_shasta_c_64k-aarch64-with-glibc2.38,3.11.7,3.3.0,72,Neoverse-V2,1,1 x NVIDIA GH200 120GB,-2.5917,51.4535,64,machine,13.1375,2.5,25.599999999999998,219.13162231445312,N,1.0,0.0
2026-09-26T21:01:03,efficientnet_lite0_batch0_node_1_local_train,ce164913-ac98-4b37-bbb5-eb9f0424f5cb,5b0fa12a-3dd7-45bb-9766-cc326314d9f1,113.18556755385362,0.0021401294493139014,1.890814788109473e-05,118.82284803744002,159.77428833852227,6.0,0.0037449464312225254,0.005081649065317606,0.000181100353494597,0.00900769585003473,0.0,United Kingdom,GBR,england,,,Linux-6.4.0-150600.23.73_15.0.14-cray_shasta_c_64k-aarch64-with-glibc2.38,3.11.7,3.3.0,72,Neoverse-V2,1,1 x NVIDIA GH200 120GB,-2.5917,51.4535,64,machine,2.9504424778761056,7.946902654867257,25.608849557522063,219.48490109063883,N,1.0,0.0
2026-09-26T21:01:29,efficientnet_lite0_batch0_node_1_evaluate,5bcb6af2-280f-4a04-9a7e-666ab736a3bb,5b0fa12a-3dd7-45bb-9766-cc326314d9f1,18.357375130057335,0.0002682006572248527,1.4609967673739803e-05,119.1680245884343,144.69434383692794,6.0,0.0005029243868189862,0.0006111835444926328,1.4734974819778775e-05,0.001128842906131398,0.0,United Kingdom,GBR,england,,,Linux-6.4.0-150600.23.73_15.0.14-cray_shasta_c_64k-aarch64-with-glibc2.38,3.11.7,3.3.0,72,Neoverse-V2,1,1 x NVIDIA GH200 120GB,-2.5917,51.4535,64,machine,0.0,1.3333333333333333,25.65333333333333,219.67511393229168,N,1.0,0.0
2026-09-26T21:05:22,efficientnet_lite0_batch0_node_2_local_train,be978b3b-0bdc-4eb2-89f0-a8541a5c1666,5b0fa12a-3dd7-45bb-9766-cc326314d9f1,94.69440416200086,0.0017256361313980032,1.8223211251700017e-05,118.60746777738002,160.69356475476027,6.0,0.0030249297206806,0.0040980291117591605,0.00014015575366482758,0.007263114586104589,0.0,United Kingdom,GBR,england,,,Linux-6.4.0-150600.23.73_15.0.14-cray_shasta_c_64k-aarch64-with-glibc2.38,3.11.7,3.3.0,72,Neoverse-V2,1,1 x NVIDIA GH200 120GB,-2.5917,51.4535,64,machine,4.063736263736264,7.956043956043956,25.700000000000003,220.2793250450721,N,1.0,0.0
2026-09-26T21:05:40,efficientnet_lite0_batch0_node_2_evaluate,39868baf-2ff7-4f08-9fc3-b47cc5ff46c5,5b0fa12a-3dd7-45bb-9766-cc326314d9f1,10.456002245889977,0.00013326849703957036,1.2745645410697503e-05,117.6813461592,730.2539257392533,6.0,0.0002470379188677709,0.0003015691301584411,1.2313267316591618e-05,0.0005609203163428036,0.0,United Kingdom,GBR,england,,,Linux-6.4.0-150600.23.73_15.0.14-cray_shasta_c_64k-aarch64-with-glibc2.38,3.11.7,3.3.0,72,Neoverse-V2,1,1 x NVIDIA GH200 120GB,-2.5917,51.4535,64,machine,17.45714285714286,2.4285714285714284,25.699999999999996,220.36097935267858,N,1.0,0.0
2026-09-26T21:07:30,efficientnet_lite0_batch0_node_3_local_train,2ba9c7c7-72a5-4aeb-baae-e2fbf2668e63,5b0fa12a-3dd7-45bb-9766-cc326314d9f1,90.33980474900454,0.0016582392178196095,1.835557672973476e-05,118.51062506631185,139.62200997228632,6.0,0.0028863297755403676,0.003947694269271551,0.00014542036473401822,0.006979444409545937,0.0,United Kingdom,GBR,england,,,Linux-6.4.0-150600.23.73_15.0.14-cray_shasta_c_64k-aarch64-with-glibc2.38,3.11.7,3.3.0,72,Neoverse-V2,1,1 x NVIDIA GH200 120GB,-2.5917,51.4535,64,machine,5.6080459770114945,8.954022988505747,25.701149425287365,220.3812985475036,N,1.0,0.0
2026-09-26T21:07:51,efficientnet_lite0_batch0_node_3_evaluate,4db38c37-8eaf-43f1-8903-83ac878c80d0,5b0fa12a-3dd7-45bb-9766-cc326314d9f1,12.277996770106256,0.0001660148399987422,1.3521329505717526e-05,118.36055116800003,145.67486381631272,6.0,0.0003086477519655111,0.0003765075234412052,1.3592730598368994e-05,0.0006987480060050852,0.0,United Kingdom,GBR,england,,,Linux-6.4.0-150600.23.73_15.0.14-cray_shasta_c_64k-aarch64-with-glibc2.38,3.11.7,3.3.0,72,Neoverse-V2,1,1 x NVIDIA GH200 120GB,-2.5917,51.4535,64,machine,7.588888888888889,2.111111111111111,25.711111111111105,220.46607801649304,N,1.0,0.0
2026-09-26T21:09:34,efficientnet_lite0_batch0_node_4_local_train,04aa1b7b-fa4f-4a5d-9d11-67fbe9c1de65,5b0fa12a-3dd7-45bb-9766-cc326314d9f1,99.06734810792841,0.0018132876861880797,1.8303585599289513e-05,118.66894176248886,159.97631322843822,6.0,0.0031722090593617725,0.004308330113332204,0.0001514963432098739,0.00763203551590385,0.0,United Kingdom,GBR,england,,,Linux-6.4.0-150600.23.73_15.0.14-cray_shasta_c_64k-aarch64-with-glibc2.38,3.11.7,3.3.0,72,Neoverse-V2,1,1 x NVIDIA GH200 120GB,-2.5917,51.4535,64,machine,3.771578947368422,8.136842105263158,25.784210526315803,220.64755281147205,N,1.0,0.0
2026-09-26T21:09:51,efficientnet_lite0_batch0_node_4_evaluate,fc76299a-40c4-4200-ac69-5c0c0ad70c45,5b0fa12a-3dd7-45bb-9766-cc326314d9f1,14.547736972104758,0.00020347314197949424,1.3986583780670036e-05,118.06808467680001,142.81151056827352,6.0,0.0003803697499137567,0.0004623012031572671,1.3737138126355906e-05,0.0008564080911973796,0.0,United Kingdom,GBR,england,,,Linux-6.4.0-150600.23.73_15.0.14-cray_shasta_c_64k-aarch64-with-glibc2.38,3.11.7,3.3.0,72,Neoverse-V2,1,1 x NVIDIA GH200 120GB,-2.5917,51.4535,64,machine,1.0727272727272728,1.8181818181818181,25.800000000000008,220.71631414240056,N,1.0,0.0
2026-09-26T21:11:36,efficientnet_lite0_batch0_node_5_local_train,39791acd-07be-41b2-9b30-6752de698a60,5b0fa12a-3dd7-45bb-9766-cc326314d9f1,102.35440919501707,0.0018862564076065889,1.8428677596220426e-05,118.81140659239092,159.86128195484116,6.0,0.003288488933308378,0.004486897478386709,0.0001637707361804011,0.007939157147875487,0.0,United Kingdom,GBR,england,,,Linux-6.4.0-150600.23.73_15.0.14-cray_shasta_c_64k-aarch64-with-glibc2.38,3.11.7,3.3.0,72,Neoverse-V2,1,1 x NVIDIA GH200 120GB,-2.5917,51.4535,64,machine,4.568686868686869,8.121212121212121,25.80000000000001,220.85844159367107,N,1.0,0.0
2026-09-26T21:11:48,efficientnet_lite0_batch0_node_5_evaluate,bb5f1bde-c196-48dc-a7b3-23ed2e3fa986,5b0fa12a-3dd7-45bb-9766-cc326314d9f1,11.60947088478133,0.00015341112145394152,1.3214307781678982e-05,117.78242688,72.95035229048875,6.0,0.00028568299664837027,0.0003457908321706782,1.422576776977318e-05,0.0006456995965888215,0.0,United Kingdom,GBR,england,,,Linux-6.4.0-150600.23.73_15.0.14-cray_shasta_c_64k-aarch64-with-glibc2.38,3.11.7,3.3.0,72,Neoverse-V2,1,1 x NVIDIA GH200 120GB,-2.5917,51.4535,64,machine,0.0,2.5,25.800000000000004,220.96546173095703,N,1.0,0.0
2026-09-26T21:13:46,efficientnet_lite0_batch0_node_0_exchange,2b165490-a53c-43ba-93d5-0279f202694a,5b0fa12a-3dd7-45bb-9766-cc326314d9f1,39.14976062113419,0.000682475116926383,1.7432421197435442e-05,118.04450371272003,156.56965887861753,6.0,0.0011913886975632342,0.0016226576870224108,5.845662239861364e-05,0.0028725030069842584,0.0,United Kingdom,GBR,england,,,Linux-6.4.0-150600.23.73_15.0.14-cray_shasta_c_64k-aarch64-with-glibc2.38,3.11.7,3.3.0,72,Neoverse-V2,1,1 x NVIDIA GH200 120GB,-2.5917,51.4535,64,machine,9.408333333333333,8.694444444444445,25.799999999999983,221.07831488715277,N,1.0,0.0
2026-09-26T21:14:38,efficientnet_lite0_batch0_node_1_exchange,bfbae868-5040-4b0b-9ee9-8d7d6dde056a,5b0fa12a-3dd7-45bb-9766-cc326314d9f1,46.667800310999155,0.0008283660533642983,1.7750269947243694e-05,118.20197449620002,122.10071258807943,6.0,0.0014433323183011607,0.001970586854241674,7.26313553195602e-05,0.003486550527862394,0.0,United Kingdom,GBR,england,,,Linux-6.4.0-150600.23.73_15.0.14-cray_shasta_c_64k-aarch64-with-glibc2.38,3.11.7,3.3.0,72,Neoverse-V2,1,1 x NVIDIA GH200 120GB,-2.5917,51.4535,64,machine,4.690697674418605,8.13953488372093,25.79999999999998,221.0681961414426,N,1.0,0.0
2026-09-26T21:15:07,efficientnet_lite0_batch0_node_2_exchange,d3b0e661-627f-496a-a4df-fe363714ded4,5b0fa12a-3dd7-45bb-9766-cc326314d9f1,28.17875095992349,0.00047554104396951266,1.687587376196478e-05,118.03418398917819,159.42626310500313,6.0,0.0008290335358494964,0.0011323322947589531,4.016220296849497e-05,0.0020015280335769444,0.0,United Kingdom,GBR,england,,,Linux-6.4.0-150600.23.73_15.0.14-cray_shasta_c_64k-aarch64-with-glibc2.38,3.11.7,3.3.0,72,Neoverse-V2,1,1 x NVIDIA GH200 120GB,-2.5917,51.4535,64,machine,9.983999999999998,6.68,25.799999999999997,221.12487548828125,N,1.0,0.0
2026-09-26T21:15:56,efficientnet_lite0_batch0_node_3_exchange,b3158c7d-5cfb-476c-b4d4-1c87ed80e49e,5b0fa12a-3dd7-45bb-9766-cc326314d9f1,39.212155893910676,0.000684946845713335,1.7467717091773105e-05,118.30570831800001,156.9914583399121,6.0,0.001195389593627244,0.001628972414295049,5.8544379634937894e-05,0.0028829063875572313,0.0,United Kingdom,GBR,england,,,Linux-6.4.0-150600.23.73_15.0.14-cray_shasta_c_64k-aarch64-with-glibc2.38,3.11.7,3.3.0,72,Neoverse-V2,1,1 x NVIDIA GH200 120GB,-2.5917,51.4535,64,machine,3.9916666666666663,8.25,25.799999999999983,221.22389390733508,N,1.0,0.0
2026-09-26T21:16:37,efficientnet_lite0_batch0_node_4_exchange,cfb9a0cd-338c-4175-9a5a-734f1821d17e,5b0fa12a-3dd7-45bb-9766-cc326314d9f1,39.80620759003796,0.0006973723760273909,1.751918653516538e-05,118.17720474696,122.01280338944109,6.0,0.0012153872272242404,0.0016586418824715565,6.117570209006468e-05,0.002935204811785861,0.0,United Kingdom,GBR,england,,,Linux-6.4.0-150600.23.73_15.0.14-cray_shasta_c_64k-aarch64-with-glibc2.38,3.11.7,3.3.0,72,Neoverse-V2,1,1 x NVIDIA GH200 120GB,-2.5917,51.4535,64,machine,7.3805555555555555,8.722222222222221,25.81944444444443,221.30987887912326,N,1.0,0.0
2026-09-26T21:30:21,efficientnet_lite0_batch0_node_5_exchange,065faed4-ebf2-4e45-ab48-a03d30dc204f,5b0fa12a-3dd7-45bb-9766-cc326314d9f1,42.702134588966146,0.0007529083299738208,1.7631632170640144e-05,118.01220322225093,122.36800133553965,6.0,0.0013090254454084754,0.001793888935111454,6.603843284188769e-05,0.003168952813361817,0.0,United Kingdom,GBR,england,,,Linux-6.4.0-150600.23.73_15.0.14-cray_shasta_c_64k-aarch64-with-glibc2.38,3.11.7,3.3.0,72,Neoverse-V2,1,1 x NVIDIA GH200 120GB,-2.5917,51.4535,64,machine,4.335897435897436,9.0,25.50769230769231,218.7013236803886,N,1.0,0.0
2026-09-26T21:32:34,efficientnet_lite0_batch0_node_0_evaluate,eb657f5b-c2aa-42ba-a869-08baf2cb8646,5b0fa12a-3dd7-45bb-9766-cc326314d9f1,12.152037475025281,0.000163237198968669,1.3432907798725283e-05,118.05451401600001,142.77878669070293,6.0,0.00030389313284432995,0.0003696897401823662,1.3474183354992419e-05,0.0006870570563816886,0.0,United Kingdom,GBR,england,,,Linux-6.4.0-150600.23.73_15.0.14-cray_shasta_c_64k-aarch64-with-glibc2.38,3.11.7,3.3.0,72,Neoverse-V2,1,1 x NVIDIA GH200 120GB,-2.5917,51.4535,64,machine,0.0,1.7777777777777777,25.599999999999998,219.06302897135416,N,1.0,0.0
2026-09-26T21:32:49,efficientnet_lite0_batch0_node_1_evaluate,d10bef4e-23ac-4ace-8ae9-54f9c6670bca,5b0fa12a-3dd7-45bb-9766-cc326314d9f1,11.784614146919921,0.00015720160328006074,1.333956303704247e-05,117.76581457920001,73.33212025781242,6.0,0.00029186734023931927,0.0003552475064338978,1.453869486305242e-05,0.0006616535415362695,0.0,United Kingdom,GBR,england,,,Linux-6.4.0-150600.23.73_15.0.14-cray_shasta_c_64k-aarch64-with-glibc2.38,3.11.7,3.3.0,72,Neoverse-V2,1,1 x NVIDIA GH200 120GB,-2.5917,51.4535,64,machine,0.0,2.0,25.599999999999998,219.1229248046875,N,1.0,0.0
2026-09-26T21:33:01,efficientnet_lite0_batch0_node_2_evaluate,73545c71-15d3-4071-ab05-e330e745c5c7,5b0fa12a-3dd7-45bb-9766-cc326314d9f1,11.346361745148897,0.000148684902201563,1.3104191946386054e-05,118.27167921360001,142.8395129207122,6.0,0.00027688723070920187,0.00033677943608267924,1.2140513681806625e-05,0.0006258071804736878,0.0,United Kingdom,GBR,england,,,Linux-6.4.0-150600.23.73_15.0.14-cray_shasta_c_64k-aarch64-with-glibc2.38,3.11.7,3.3.0,72,Neoverse-V2,1,1 x NVIDIA GH200 120GB,-2.5917,51.4535,64,machine,0.0,1.125,25.599999999999998,219.187744140625,N,1.0,0.0
2026-09-26T21:33:15,efficientnet_lite0_batch0_node_3_evaluate,cadfbc6d-b8d9-465e-8027-a841599f8a8c,5b0fa12a-3dd7-45bb-9766-cc326314d9f1,11.184041045838967,0.00014637082372062545,1.3087471971956223e-05,117.783713664,73.25995228313283,6.0,0.000271976539675449,0.0003305494311121038,1.3541371221654119e-05,0.0006160673420092069,0.0,United Kingdom,GBR,england,,,Linux-6.4.0-150600.23.73_15.0.14-cray_shasta_c_64k-aarch64-with-glibc2.38,3.11.7,3.3.0,72,Neoverse-V2,1,1 x NVIDIA GH200 120GB,-2.5917,51.4535,64,machine,16.375,2.75,25.599999999999998,219.18263244628906,N,1.0,0.0
2026-09-26T21:33:39,efficientnet_lite0_batch0_node_4_evaluate,127284ca-16b7-4dc3-b1fc-59d64f805a51,5b0fa12a-3dd7-45bb-9766-cc326314d9f1,13.197324668988585,0.00018037422105905522,1.3667483795628914e-05,118.08579500928,141.7617630675657,6.0,0.0003371624905168483,0.0004083694933854076,1.3653925626616304e-05,0.0007591859095288723,0.0,United Kingdom,GBR,england,,,Linux-6.4.0-150600.23.73_15.0.14-cray_shasta_c_64k-aarch64-with-glibc2.38,3.11.7,3.3.0,72,Neoverse-V2,1,1 x NVIDIA GH200 120GB,-2.5917,51.4535,64,machine,16.01,1.6,25.599999999999998,219.288671875,N,1.0,0.0
2026-09-26T21:35:43,efficientnet_lite0_batch0_node_5_evaluate,80e7f637-9009-4618-92e2-ac817eede986,5b0fa12a-3dd7-45bb-9766-cc326314d9f1,21.524483289103955,0.00032015783056118754,1.4874123864485827e-05,118.32592687854547,143.8225600148733,6.0,0.0006021147552525637,0.0007313347517481361,1.4078495394981777e-05,0.0013475280023956815,0.0,United Kingdom,GBR,england,,,Linux-6.4.0-150600.23.73_15.0.14-cray_shasta_c_64k-aarch64-with-glibc2.38,3.11.7,3.3.0,72,Neoverse-V2,1,1 x NVIDIA GH200 120GB,-2.5917,51.4535,64,machine,7.833333333333333,0.8888888888888888,25.60555555555556,219.54837714301215,N,1.0,0.0
2026-09-26T21:37:32,mobilevit_xxs_batch0_node_0_local_train,0e73ee57-8ea3-4114-85f8-3fd629b67f8f,5b0fa12a-3dd7-45bb-9766-cc326314d9f1,99.3278050669469,0.0017958687319662456,1.8080221653502068e-05,122.04472654388572,152.97057239132465,6.0,0.003294849933943019,0.004113509679683602,0.0001503604111482855,0.007558720024774908,0.0,United Kingdom,GBR,england,,,Linux-6.4.0-150600.23.73_15.0.14-cray_shasta_c_64k-aarch64-with-glibc2.38,3.11.7,3.3.0,72,Neoverse-V2,1,1 x NVIDIA GH200 120GB,-2.5917,51.4535,64,machine,3.630208333333334,7.84375,25.704166666666676,220.3141244252523,N,1.0,0.0
2026-09-26T21:49:30,mobilevit_xxs_batch0_node_0_evaluate,bcc37e98-f3bd-4c7e-9be8-151fab421b76,5b0fa12a-3dd7-45bb-9766-cc326314d9f1,11.214108106913045,0.00014542473571427513,1.2968016210279501e-05,117.44412445440003,72.4642046399266,6.0,0.00027111181608640607,0.0003273977619357993,1.3575727754893405e-05,0.0006120853057770988,0.0,United Kingdom,GBR,england,,,Linux-6.4.0-150600.23.73_15.0.14-cray_shasta_c_64k-aarch64-with-glibc2.38,3.11.7,3.3.0,72,Neoverse-V2,1,1 x NVIDIA GH200 120GB,-2.5917,51.4535,64,machine,11.825000000000001,2.5,25.900000000000002,221.8492431640625,N,1.0,0.0
2026-09-26T21:53:12,mobilevit_xxs_batch0_node_1_local_train,2da3a5b9-93eb-49c7-9b64-afbf13a82fdd,5b0fa12a-3dd7-45bb-9766-cc326314d9f1,157.21694579417817,0.0028418383565731,1.8075903600706732e-05,117.71009864892001,209.10892548920467,6.0,0.005147175396527098,0.006558740246958905,0.0002552372574189212,0.011961152900904925,0.0,United Kingdom,GBR,england,,,Linux-6.4.0-150600.23.73_15.0.14-cray_shasta_c_64k-aarch64-with-glibc2.38,3.11.7,3.3.0,72,Neoverse-V2,1,1 x NVIDIA GH200 120GB,-2.5917,51.4535,64,machine,4.964331210191084,5.67515923566879,24.994904458598704,213.98898373743532,N,1.0,0.0
2026-09-26T22:01:42,mobilevit_xxs_batch0_node_1_evaluate,1a417edb-a852-45b7-9ac3-85128739c998,5b0fa12a-3dd7-45bb-9766-cc326314d9f1,12.817758721997961,0.00017351245956793589,1.3536879834549555e-05,117.92409883200001,141.3629893075497,6.0,0.00032556631869865325,0.00039015475655901355,1.458402964170091e-05,0.0007303051048993677,0.0,United Kingdom,GBR,england,,,Linux-6.4.0-150600.23.73_15.0.14-cray_shasta_c_64k-aarch64-with-glibc2.38,3.11.7,3.3.0,72,Neoverse-V2,1,1 x NVIDIA GH200 120GB,-2.5917,51.4535,64,machine,0.0,2.111111111111111,25.300000000000004,216.73736572265625,N,1.0,0.0
2026-09-26T22:04:44,mobilevit_xxs_batch0_node_2_local_train,3f11d598-3797-4688-8036-a06d6f1336d2,5b0fa12a-3dd7-45bb-9766-cc326314d9f1,89.49881637701765,0.0015927481887582696,1.779630450137741e-05,118.2985929869697,132.44892099734935,6.0,0.002852127282469346,0.0037076965772371295,0.00014397214414163805,0.006703796003848114,0.0,United Kingdom,GBR,england,,,Linux-6.4.0-150600.23.73_15.0.14-cray_shasta_c_64k-aarch64-with-glibc2.38,3.11.7,3.3.0,72,Neoverse-V2,1,1 x NVIDIA GH200 120GB,-2.5917,51.4535,64,machine,4.497674418604652,8.86046511627907,25.370930232558184,217.29821635401527,N,1.0,0.0
2026-09-26T22:06:02,mobilevit_xxs_batch0_node_2_evaluate,1ca9aaef-1355-4ad0-b4d7-9d63dd7b7dc0,5b0fa12a-3dd7-45bb-9766-cc326314d9f1,11.454919849988073,0.00014973627003246436,1.3071786794965682e-05,117.99291123360001,141.85800614548143,6.0,0.00028013469059295297,0.0003377883257940084,1.2309317738205816e-05,0.0006302323341251672,0.0,United Kingdom,GBR,england,,,Linux-6.4.0-150600.23.73_15.0.14-cray_shasta_c_64k-aarch64-with-glibc2.38,3.11.7,3.3.0,72,Neoverse-V2,1,1 x NVIDIA GH200 120GB,-2.5917,51.4535,64,machine,0.0,2.25,25.4125,217.8979721069336,N,1.0,0.0
2026-09-26T22:07:52,mobilevit_xxs_batch0_node_3_local_train,9ee1db58-2aaa-4e96-9b7c-2b68e4262af7,5b0fa12a-3dd7-45bb-9766-cc326314d9f1,103.02576079801656,0.0018283361678112287,1.774639812071572e-05,118.37256869448001,152.6912687824849,6.0,0.003291160034148584,0.004254394236852477,0.00014981953759794124,0.007695373808599004,0.0,United Kingdom,GBR,england,,,Linux-6.4.0-150600.23.73_15.0.14-cray_shasta_c_64k-aarch64-with-glibc2.38,3.11.7,3.3.0,72,Neoverse-V2,1,1 x NVIDIA GH200 120GB,-2.5917,51.4535,64,machine,3.923232323232324,7.484848484848484,25.480808080808078,218.14987829959753,N,1.0,0.0
2026-09-26T22:08:10,mobilevit_xxs_batch0_node_3_evaluate,1e241a03-e1ca-4eb0-a5d7-4e8b5a630c7b,5b0fa12a-3dd7-45bb-9766-cc326314d9f1,13.927651385078207,0.0001922021143113452,1.380003770896122e-05,117.90823029120003,142.95567712530874,6.0,0.0003596148655869797,0.00043572812637648894,1.3625917840205753e-05,0.0008089689098036744,0.0,United Kingdom,GBR,england,,,Linux-6.4.0-150600.23.73_15.0.14-cray_shasta_c_64k-aarch64-with-glibc2.38,3.11.7,3.3.0,72,Neoverse-V2,1,1 x NVIDIA GH200 120GB,-2.5917,51.4535,64,machine,1.4300000000000002,2.1,25.5,218.46143798828126,N,1.0,0.0
2026-09-26T22:09:50,mobilevit_xxs_batch0_node_4_local_train,a39ab67b-b9de-486c-acd8-15a888eda6b6,5b0fa12a-3dd7-45bb-9766-cc326314d9f1,98.38494324986823,0.0017566091702203893,1.7854451221861554e-05,118.47364730904857,152.62068811901298,6.0,0.003146798260158537,0.004089524104955444,0.00015715616385995722,0.0073934785289739395,0.0,United Kingdom,GBR,england,,,Linux-6.4.0-150600.23.73_15.0.14-cray_shasta_c_64k-aarch64-with-glibc2.38,3.11.7,3.3.0,72,Neoverse-V2,1,1 x NVIDIA GH200 120GB,-2.5917,51.4535,64,machine,3.665263157894737,7.810526315789474,25.57263157894732,218.89988820929275,N,1.0,0.0
2026-09-26T22:11:22,mobilevit_xxs_batch0_node_4_evaluate,9b4f37cb-a19a-497f-adf1-fa7cfb82bac2,5b0fa12a-3dd7-45bb-9766-cc326314d9f1,13.33235546387732,0.00018228032783392594,1.3672027296886601e-05,117.7567117632,145.1327943585656,6.0,0.0003405801639406492,0.0004128611636247115,1.3767288296173015e-05,0.0007672086158615338,0.0,United Kingdom,GBR,england,,,Linux-6.4.0-150600.23.73_15.0.14-cray_shasta_c_64k-aarch64-with-glibc2.38,3.11.7,3.3.0,72,Neoverse-V2,1,1 x NVIDIA GH200 120GB,-2.5917,51.4535,64,machine,5.48,1.8,25.599999999999998,219.23516235351562,N,1.0,0.0
2026-09-26T22:23:49,mobilevit_xxs_batch0_node_5_local_train,08795a0c-3bda-42db-b350-48a4286ea66c,5b0fa12a-3dd7-45bb-9766-cc326314d9f1,127.80374891799875,0.0023132347110667623,1.809989715208571e-05,118.315503264,152.57619852556886,6.0,0.004193449997318709,0.005373458187648339,0.0001693788951030001,0.009736287080070048,0.0,United Kingdom,GBR,england,,,Linux-6.4.0-150600.23.73_15.0.14-cray_shasta_c_64k-aarch64-with-glibc2.38,3.11.7,3.3.0,72,Neoverse-V2,1,1 x NVIDIA GH200 120GB,-2.5917,51.4535,64,machine,6.524409448818897,6.543307086614173,25.49055118110236,218.18242831492987,N,1.0,0.0
2026-09-26T22:24:04,mobilevit_xxs_batch0_node_5_evaluate,039e7f6e-1600-4953-909c-a5a7f6bbbebd,5b0fa12a-3dd7-45bb-9766-cc326314d9f1,13.717294628964737,0.00018824423526926995,1.3723131299650228e-05,118.37017825920002,141.37354667166582,6.0,0.00035395937407724297,0.0004239800614129763,1.4370963010005654e-05,0.000792310398500225,0.0,United Kingdom,GBR,england,,,Linux-6.4.0-150600.23.73_15.0.14-cray_shasta_c_64k-aarch64-with-glibc2.38,3.11.7,3.3.0,72,Neoverse-V2,1,1 x NVIDIA GH200 120GB,-2.5917,51.4535,64,machine,0.0,2.0,25.5,218.48145751953126,N,1.0,0.0
2026-09-26T22:24:44,mobilevit_xxs_batch0_node_0_exchange,c8f31069-766f-4d83-8b18-cddc34a68ab8,5b0fa12a-3dd7-45bb-9766-cc326314d9f1,39.35156576288864,0.0006690915450555404,1.7002920521311046e-05,117.97342629048002,116.02619517016616,6.0,0.0011980820688714537,0.0015576323572190631,6.045780854804131e-05,0.002816172234638558,0.0,United Kingdom,GBR,england,,,Linux-6.4.0-150600.23.73_15.0.14-cray_shasta_c_64k-aarch64-with-glibc2.38,3.11.7,3.3.0,72,Neoverse-V2,1,1 x NVIDIA GH200 120GB,-2.5917,51.4535,64,machine,9.983333333333333,9.0,25.5,218.49564785427518,N,1.0,0.0
2026-09-26T22:31:07,mobilevit_xxs_batch0_node_1_exchange,8134cb28-ce84-4bf4-802a-21970eaef603,5b0fa12a-3dd7-45bb-9766-cc326314d9f1,49.31174379400909,0.0008508791496396771,1.725510160812952e-05,118.14414560006404,153.25723434987557,6.0,0.0015247129742569524,0.0019820224189572855,7.457161022311388e-05,0.003581307003437352,0.0,United Kingdom,GBR,england,,,Linux-6.4.0-150600.23.73_15.0.14-cray_shasta_c_64k-aarch64-with-glibc2.38,3.11.7,3.3.0,72,Neoverse-V2,1,1 x NVIDIA GH200 120GB,-2.5917,51.4535,64,machine,4.445652173913044,8.391304347826088,25.60217391304348,219.06736423658288,N,1.0,0.0
2026-09-26T22:31:46,mobilevit_xxs_batch0_node_2_exchange,fe2bbbd9-0ef8-4ac0-af99-77a4c9519ecf,5b0fa12a-3dd7-45bb-9766-cc326314d9f1,28.09437461406924,0.00046047014105456244,1.6390118925230175e-05,117.47341699527276,102.9488572148939,6.0,0.0008240818991369148,0.0010723380800925497,4.167539157710659e-05,0.0019380953708065711,0.0,United Kingdom,GBR,england,,,Linux-6.4.0-150600.23.73_15.0.14-cray_shasta_c_64k-aarch64-with-glibc2.38,3.11.7,3.3.0,72,Neoverse-V2,1,1 x NVIDIA GH200 120GB,-2.5917,51.4535,64,machine,1.212,8.64,25.60000000000001,219.25259033203125,N,1.0,0.0
2026-09-26T22:33:14,mobilevit_xxs_batch0_node_3_exchange,bd39d275-7edb-43de-807c-291f82e6fb43,5b0fa12a-3dd7-45bb-9766-cc326314d9f1,46.43116799695417,0.0007877476712145203,1.6965924080699318e-05,117.7975988136,150.7217559263048,6.0,0.0014237090720977943,0.0018313856317604404,6.049512233119459e-05,0.0033155898261894292,0.0,United Kingdom,GBR,england,,,Linux-6.4.0-150600.23.73_15.0.14-cray_shasta_c_64k-aarch64-with-glibc2.38,3.11.7,3.3.0,72,Neoverse-V2,1,1 x NVIDIA GH200 120GB,-2.5917,51.4535,64,machine,6.92093023255814,7.046511627906977,25.604651162790702,219.55276276344478,N,1.0,0.0
2026-09-26T22:34:00,mobilevit_xxs_batch0_node_4_exchange,9b8c71ec-aac8-421c-af22-5b4893ac9491,5b0fa12a-3dd7-45bb-9766-cc326314d9f1,43.67157541913912,0.0007435925460818635,1.7026922865621724e-05,118.04459715880618,150.5857490407726,6.0,0.0013383758096323175,0.0017287063829485305,6.266096085581619e-05,0.003129743153436664,0.0,United Kingdom,GBR,england,,,Linux-6.4.0-150600.23.73_15.0.14-cray_shasta_c_64k-aarch64-with-glibc2.38,3.11.7,3.3.0,72,Neoverse-V2,1,1 x NVIDIA GH200 120GB,-2.5917,51.4535,64,machine,3.91,7.975,25.602500000000013,219.51133422851564,N,1.0,0.0
2026-09-26T22:34:50,mobilevit_xxs_batch0_node_5_exchange,f53b0fa3-cba2-439f-acb4-d3a55216159f,5b0fa12a-3dd7-45bb-9766-cc326314d9f1,43.936121915932745,0.0007524967500644128,1.7127063501513357e-05,117.89436141072002,115.62172456773462,6.0,0.0013484717185721672,0.0017506514005276586,6.809737538608412e-05,0.00316722049448591,0.0,United Kingdom,GBR,england,,,Linux-6.4.0-150600.23.73_15.0.14-cray_shasta_c_64k-aarch64-with-glibc2.38,3.11.7,3.3.0,72,Neoverse-V2,1,1 x NVIDIA GH200 120GB,-2.5917,51.4535,64,machine,7.5075,9.25,25.602500000000013,219.53289337158202,N,1.0,0.0
2026-09-26T22:35:07,mobilevit_xxs_batch0_node_0_evaluate,5d2bb44f-b51b-432c-816c-10a462634d78,5b0fa12a-3dd7-45bb-9766-cc326314d9f1,14.107312066014856,0.00019462009728591525,1.3795689524354093e-05,118.07158753152,141.4093992637521,6.0,0.0003660440512246806,0.0004394167404200289,1.3685285345030326e-05,0.0008191460769897397,0.0,United Kingdom,GBR,england,,,Linux-6.4.0-150600.23.73_15.0.14-cray_shasta_c_64k-aarch64-with-glibc2.38,3.11.7,3.3.0,72,Neoverse-V2,1,1 x NVIDIA GH200 120GB,-2.5917,51.4535,64,machine,13.32727272727273,1.4545454545454546,25.599999999999998,219.4406072443182,N,1.0,0.0
2026-09-26T22:35:20,mobilevit_xxs_batch0_node_1_evaluate,8fe35901-62ca-41d3-a2c9-16c88a7e5860,5b0fa12a-3dd7-45bb-9766-cc326314d9f1,11.946621647104621,0.00015945928139351237,1.3347646397771278e-05,117.7897810176,72.74745990720352,6.0,0.00029740673553110743,0.0003589416760405584,1.4807582154947643e-05,0.0006711559937266135,0.0,United Kingdom,GBR,england,,,Linux-6.4.0-150600.23.73_15.0.14-cray_shasta_c_64k-aarch64-with-glibc2.38,3.11.7,3.3.0,72,Neoverse-V2,1,1 x NVIDIA GH200 120GB,-2.5917,51.4535,64,machine,17.0375,2.0,25.599999999999998,219.36648559570312,N,1.0,0.0
2026-09-26T22:35:37,mobilevit_xxs_batch0_node_2_evaluate,32c5481b-f6be-48e8-99fb-a8926ea4989c,5b0fa12a-3dd7-45bb-9766-cc326314d9f1,16.523521081078798,0.00023524291668711378,1.423685154833567e-05,118.06555605120002,143.01998447656317,6.0,0.00044226562068196455,0.0005354765395111372,1.238329463483145e-05,0.000990125454827933,0.0,United Kingdom,GBR,england,,,Linux-6.4.0-150600.23.73_15.0.14-cray_shasta_c_64k-aarch64-with-glibc2.38,3.11.7,3.3.0,72,Neoverse-V2,1,1 x NVIDIA GH200 120GB,-2.5917,51.4535,64,machine,0.0,1.3846153846153846,25.6,219.42940110426682,N,1.0,0.0
2026-09-26T22:40:54,mobilevit_xxs_batch0_node_3_evaluate,0289f694-645d-453b-af98-1355010b7f16,5b0fa12a-3dd7-45bb-9766-cc326314d9f1,14.178984891157597,0.00019634644093180427,1.384770788875382e-05,118.08467485920002,142.1977603834017,6.0,0.00036899842582211725,0.00044389563291247214,1.3518110733712093e-05,0.0008264121694683015,0.0,United Kingdom,GBR,england,,,Linux-6.4.0-150600.23.73_15.0.14-cray_shasta_c_64k-aarch64-with-glibc2.38,3.11.7,3.3.0,72,Neoverse-V2,1,1 x NVIDIA GH200 120GB,-2.5917,51.4535,64,machine,0.43636363636363634,2.1818181818181817,25.75454545454546,220.51964777166194,N,1.0,0.0
2026-09-26T22:41:12,mobilevit_xxs_batch0_node_4_evaluate,43bd2eb7-4f03-4563-b533-5ec563790f99,5b0fa12a-3dd7-45bb-9766-cc326314d9f1,13.335581598104909,0.00018231586133260732,1.3671384333062447e-05,117.8521992,142.33377792572855,6.0,0.0003411770157866731,0.00041240644102913393,1.3774717731866987e-05,0.000767358174547674,0.0,United Kingdom,GBR,england,,,Linux-6.4.0-150600.23.73_15.0.14-cray_shasta_c_64k-aarch64-with-glibc2.38,3.11.7,3.3.0,72,Neoverse-V2,1,1 x NVIDIA GH200 120GB,-2.5917,51.4535,64,machine,0.0,2.1,25.800000000000004,220.59442749023438,N,1.0,0.0
2026-09-26T22:54:30,mobilevit_xxs_batch0_node_5_evaluate,a3d89415-a8a5-472e-889e-95a13c5044a0,5b0fa12a-3dd7-45bb-9766-cc326314d9f1,12.568723111180589,0.00016938360899269755,1.3476596428639698e-05,117.96488936640002,141.84680266730925,6.0,0.000316616239433205,0.0003821819724123543,1.4128771275281905e-05,0.0007129269831208413,0.0,United Kingdom,GBR,england,,,Linux-6.4.0-150600.23.73_15.0.14-cray_shasta_c_64k-aarch64-with-glibc2.38,3.11.7,3.3.0,72,Neoverse-V2,1,1 x NVIDIA GH200 120GB,-2.5917,51.4535,64,machine,0.0,2.2222222222222223,25.699999999999996,220.02838812934027,N,1.0,0.0
2026-09-26T22:57:13,mobilenet_v3_small_batch1_node_0_local_train,8f80174e-3451-481a-bba7-7b8e2636fe0b,5b0fa12a-3dd7-45bb-9766-cc326314d9f1,10.79109380603768,0.00013659104539645833,1.2657757207154928e-05,116.57378170800001,72.7999200033715,6.0,0.0002526820384219701,0.00030938274750269557,1.2839967226609586e-05,0.0005749047531512753,0.0,United Kingdom,GBR,england,,,Linux-6.4.0-150600.23.73_15.0.14-cray_shasta_c_64k-aarch64-with-glibc2.38,3.11.7,3.3.0,72,Neoverse-V2,1,1 x NVIDIA GH200 120GB,-2.5917,51.4535,64,machine,16.414285714285715,3.0,25.400000000000002,217.45213971819197,N,1.0,0.0
2026-09-26T22:57:52,mobilenet_v3_small_batch1_node_0_evaluate,4141d85d-965b-439d-aedb-e55b99924010,5b0fa12a-3dd7-45bb-9766-cc326314d9f1,14.460186880780384,0.00019839166099674027,1.3719854565671665e-05,117.12127569408001,140.6290039941731,6.0,0.0003744544816550996,0.00044604257902847166,1.4523335869889706e-05,0.0008350203965534611,0.0,United Kingdom,GBR,england,,,Linux-6.4.0-150600.23.73_15.0.14-cray_shasta_c_64k-aarch64-with-glibc2.38,3.11.7,3.3.0,72,Neoverse-V2,1,1 x NVIDIA GH200 120GB,-2.5917,51.4535,64,machine,10.663636363636364,0.2727272727272727,25.400000000000002,217.6144353693182,N,1.0,0.0
2026-09-26T22:58:12,mobilenet_v3_small_batch1_node_1_local_train,a8c3b74a-b5c4-41f9-bb9b-f584885d8217,5b0fa12a-3dd7-45bb-9766-cc326314d9f1,13.154089869000018,0.0001797170509934861,1.3662446644599997e-05,116.92547206167274,72.61916291879272,6.0,0.0003328554823764007,0.0004067500476025998,1.681438421520094e-05,0.0007564199141942014,0.0,United Kingdom,GBR,england,,,Linux-6.4.0-150600.23.73_15.0.14-cray_shasta_c_64k-aarch64-with-glibc2.38,3.11.7,3.3.0,72,Neoverse-V2,1,1 x NVIDIA GH200 120GB,-2.5917,51.4535,64,machine,0.0,3.8,25.400000000000002,217.6020263671875,N,1.0,0.0
2026-09-26T23:00:50,mobilenet_v3_small_batch1_node_1_evaluate,2376952d-d844-423f-99f3-3b279065cbff,5b0fa12a-3dd7-45bb-9766-cc326314d9f1,9.251781194005162,0.00010977144071776758,1.1864898057564928e-05,117.75715004160001,71.16615802568965,6.0,0.0002071639089743153,0.000244544362317356,1.0314131756313145e-05,0.00046202240304798445,0.0,United Kingdom,GBR,england,,,Linux-6.4.0-150600.23.73_15.0.14-cray_shasta_c_64k-aarch64-with-glibc2.38,3.11.7,3.3.0,72,Neoverse-V2,1,1 x NVIDIA GH200 120GB,-2.5917,51.4535,64,machine,0.0,0.6666666666666666,25.400000000000002,217.7774454752604,N,1.0,0.0
2026-09-26T23:02:34,mobilenet_v3_small_batch1_node_2_local_train,f00c07aa-8985-40cf-9e0f-5762e7500acb,5b0fa12a-3dd7-45bb-9766-cc326314d9f1,9.662940923124552,0.00011643423518653532,1.204956504576102e-05,116.64036980845715,142.73194658647475,6.0,0.0002160682365015854,0.0002646466006126502,9.350928500061854e-06,0.0004900657656142975,0.0,United Kingdom,GBR,england,,,Linux-6.4.0-150600.23.73_15.0.14-cray_shasta_c_64k-aarch64-with-glibc2.38,3.11.7,3.3.0,72,Neoverse-V2,1,1 x NVIDIA GH200 120GB,-2.5917,51.4535,64,machine,0.0,3.1666666666666665,25.400000000000002,217.84394327799478,N,1.0,0.0
2026-09-26T23:03:56,mobilenet_v3_small_batch1_node_2_evaluate,f29f0a43-adac-4ba8-9282-0a70a8e30fc5,5b0fa12a-3dd7-45bb-9766-cc326314d9f1,76.03709289780818,0.0012520412073479448,1.646618985066479e-05,116.01173691154285,140.2539287183073,6.0,0.002344195265854153,0.002836913380633632,8.866902566010444e-05,0.005269777672147889,0.0,United Kingdom,GBR,england,,,Linux-6.4.0-150600.23.73_15.0.14-cray_shasta_c_64k-aarch64-with-glibc2.38,3.11.7,3.3.0,72,Neoverse-V2,1,1 x NVIDIA GH200 120GB,-2.5917,51.4535,64,machine,2.9527777777777775,0.06944444444444445,25.40000000000003,217.78959231906467,N,1.0,0.0
2026-09-26T23:04:15,mobilenet_v3_small_batch1_node_3_local_train,f0addcf6-a748-44a3-a440-d4f4399607df,5b0fa12a-3dd7-45bb-9766-cc326314d9f1,15.272373517043889,0.00021446128685675525,1.404243332691003e-05,117.09177305472002,143.95709954221874,6.0,0.00039959232032835373,0.0004895401138469424,1.352419915686672e-05,0.0009026566333321629,0.0,United Kingdom,GBR,england,,,Linux-6.4.0-150600.23.73_15.0.14-cray_shasta_c_64k-aarch64-with-glibc2.38,3.11.7,3.3.0,72,Neoverse-V2,1,1 x NVIDIA GH200 120GB,-2.5917,51.4535,64,machine,0.0,0.8333333333333334,25.425,217.89301045735678,N,1.0,0.0
2026-09-26T23:07:30,mobilenet_v3_small_batch1_node_3_evaluate,72123de0-dd22-4203-a0e8-97e3e3028adf,5b0fa12a-3dd7-45bb-9766-cc326314d9f1,22.85205303807743,0.000338355694774841,1.4806358720201328e-05,117.35144478720001,141.21475300534033,6.0,0.0006413219051420032,0.0007724781179945239,1.0321862871836248e-05,0.0014241218860083632,0.0,United Kingdom,GBR,england,,,Linux-6.4.0-150600.23.73_15.0.14-cray_shasta_c_64k-aarch64-with-glibc2.38,3.11.7,3.3.0,72,Neoverse-V2,1,1 x NVIDIA GH200 120GB,-2.5917,51.4535,64,machine,1.236842105263158,0.15789473684210525,25.50526315789474,218.28712864925987,N,1.0,0.0
2026-09-26T23:07:50,mobilenet_v3_small_batch1_node_4_local_train,2085fb57-5f07-49f7-8f07-bd2586bf63ca,5b0fa12a-3dd7-45bb-9766-cc326314d9f1,12.39603132987395,0.00016509177533242787,1.331811536604971e-05,117.2152809792,141.48980575416743,6.0,0.0003076748865383066,0.0003732991875153857,1.3888799784860264e-05,0.0006948628738385526,0.0,United Kingdom,GBR,england,,,Linux-6.4.0-150600.23.73_15.0.14-cray_shasta_c_64k-aarch64-with-glibc2.38,3.11.7,3.3.0,72,Neoverse-V2,1,1 x NVIDIA GH200 120GB,-2.5917,51.4535,64,machine,2.966666666666667,3.0,25.5,218.24085150824652,N,1.0,0.0
2026-09-26T23:08:13,mobilenet_v3_small_batch1_node_4_evaluate,84bb2983-5bca-47a6-859a-7a0b22614415,5b0fa12a-3dd7-45bb-9766-cc326314d9f1,15.210996981943026,0.0002104350088025914,1.3834399484294079e-05,117.76750339680001,141.4458315681344,6.0,0.00039793082930085374,0.00047742760415303565,1.0351800616675368e-05,0.0008857102340705646,0.0,United Kingdom,GBR,england,,,Linux-6.4.0-150600.23.73_15.0.14-cray_shasta_c_64k-aarch64-with-glibc2.38,3.11.7,3.3.0,72,Neoverse-V2,1,1 x NVIDIA GH200 120GB,-2.5917,51.4535,64,machine,12.049999999999999,0.25,25.5,218.2263387044271,N,1.0,0.0
2026-09-26T23:08:37,mobilenet_v3_small_batch1_node_5_local_train,7ee45691-2f12-4f75-bd5f-1eb2a246c827,5b0fa12a-3dd7-45bb-9766-cc326314d9f1,13.779513836139813,0.00018994564505670397,1.3784640540693796e-05,117.20121907392002,141.23183010190067,6.0,0.0003535440194108599,0.00042975145490231625,1.6176071325317027e-05,0.0007994715456384932,0.0,United Kingdom,GBR,england,,,Linux-6.4.0-150600.23.73_15.0.14-cray_shasta_c_64k-aarch64-with-glibc2.38,3.11.7,3.3.0,72,Neoverse-V2,1,1 x NVIDIA GH200 120GB,-2.5917,51.4535,64,machine,0.0,3.2,25.5,218.2553466796875,N,1.0,0.0
2026-09-26T23:21:50,mobilenet_v3_small_batch1_node_5_evaluate,132f0f28-4e4d-4623-bab4-71f118bc062c,5b0fa12a-3dd7-45bb-9766-cc326314d9f1,789.7152916830964,0.01361564149455153,1.7241202795418743e-05,115.34949037658434,139.80360261604403,6.0,0.025291739285351285,0.030651913132629716,0.001363889154025819,0.057307541572006813,0.0,United Kingdom,GBR,england,,,Linux-6.4.0-150600.23.73_15.0.14-cray_shasta_c_64k-aarch64-with-glibc2.38,3.11.7,3.3.0,72,Neoverse-V2,1,1 x NVIDIA GH200 120GB,-2.5917,51.4535,64,machine,2.8201520912547515,0.0038022813688212928,25.621926489227004,219.44782097530003,N,1.0,0.0
2026-09-26T23:22:16,mobilenet_v3_small_batch1_node_0_exchange,8a6bdf82-2b69-4cb6-b1b3-08b746917dfb,5b0fa12a-3dd7-45bb-9766-cc326314d9f1,8.892053131945431,0.00010366081241371187,1.1657691522478862e-05,117.08874897984,148.4991550900542,6.0,0.00019172861259137458,0.00023654241144299704,8.032055711373686e-06,0.0004363030797457453,0.0,United Kingdom,GBR,england,,,Linux-6.4.0-150600.23.73_15.0.14-cray_shasta_c_64k-aarch64-with-glibc2.38,3.11.7,3.3.0,72,Neoverse-V2,1,1 x NVIDIA GH200 120GB,-2.5917,51.4535,64,machine,12.9,3.2,25.2,216.06026611328124,N,1.0,0.0
2026-09-26T23:22:44,mobilenet_v3_small_batch1_node_1_exchange,f17e3eaf-fdef-4c17-8303-bc5742b58752,5b0fa12a-3dd7-45bb-9766-cc326314d9f1,16.17708453699015,0.00022724828032700048,1.4047542361998528e-05,116.99685561291429,142.30551829186805,6.0,0.00042660979494362665,0.0005186715260663277,1.1195116565019512e-05,0.0009564764375749739,0.0,United Kingdom,GBR,england,,,Linux-6.4.0-150600.23.73_15.0.14-cray_shasta_c_64k-aarch64-with-glibc2.38,3.11.7,3.3.0,72,Neoverse-V2,1,1 x NVIDIA GH200 120GB,-2.5917,51.4535,64,machine,0.0,2.1538461538461537,25.199999999999992,215.99468524639423,N,1.0,0.0
2026-09-26T23:31:19,mobilenet_v3_small_batch1_node_2_exchange,702eebec-7e11-4f47-b4c8-e8d4c9026012,5b0fa12a-3dd7-45bb-9766-cc326314d9f1,14.150227339938283,0.0001901078600290466,1.3434968602410862e-05,116.75991654576002,141.51812533542187,6.0,0.0003584201029881856,0.0004356120151669529,6.122182039932037e-06,0.0008001543001950706,0.0,United Kingdom,GBR,england,,,Linux-6.4.0-150600.23.73_15.0.14-cray_shasta_c_64k-aarch64-with-glibc2.38,3.11.7,3.3.0,72,Neoverse-V2,1,1 x NVIDIA GH200 120GB,-2.5917,51.4535,64,machine,0.0,1.7272727272727273,25.300000000000008,216.75156471946022,N,1.0,0.0
2026-09-26T23:31:42,mobilenet_v3_small_batch1_node_3_exchange,0c582905-b715-42e7-9cd6-c1bb19da859a,5b0fa12a-3dd7-45bb-9766-cc326314d9f1,15.603249348001555,0.0002161172620773667,1.3850785644532864e-05,116.98453916640003,141.9121249316632,6.0,0.0004071992068987795,0.0004935117837021608,8.915558091830462e-06,0.0009096265486927707,0.0,United Kingdom,GBR,england,,,Linux-6.4.0-150600.23.73_15.0.14-cray_shasta_c_64k-aarch64-with-glibc2.38,3.11.7,3.3.0,72,Neoverse-V2,1,1 x NVIDIA GH200 120GB,-2.5917,51.4535,64,machine,0.0,1.6666666666666667,25.316666666666674,216.96746826171875,N,1.0,0.0
2026-09-26T23:32:07,mobilenet_v3_small_batch1_node_4_exchange,2d25c867-27f1-4944-b652-4f72a4bd0d6b,5b0fa12a-3dd7-45bb-9766-cc326314d9f1,8.552095481893048,9.749763337405053e-05,1.1400437890395133e-05,116.53883400960001,72.86099044572863,6.0,0.00017970326742701366,0.0002215321216851862,9.127183961682021e-06,0.0004103625730738819,0.0,United Kingdom,GBR,england,,,Linux-6.4.0-150600.23.73_15.0.14-cray_shasta_c_64k-aarch64-with-glibc2.38,3.11.7,3.3.0,72,Neoverse-V2,1,1 x NVIDIA GH200 120GB,-2.5917,51.4535,64,machine,0.0,2.0,25.3,216.96104736328124,N,1.0,0.0
2026-09-26T23:32:40,mobilenet_v3_small_batch1_node_5_exchange,e99a3f9e-4558-409d-bccc-7ad43b07e5d8,5b0fa12a-3dd7-45bb-9766-cc326314d9f1,10.463836972834542,0.00013088970596122082,1.2508767701659269e-05,116.97923896457144,141.59025993593724,6.0,0.0002432367860656184,0.00029701495984113535,1.065635994503585e-05,0.0005509081058517896,0.0,United Kingdom,GBR,england,,,Linux-6.4.0-150600.23.73_15.0.14-cray_shasta_c_64k-aarch64-with-glibc2.38,3.11.7,3.3.0,72,Neoverse-V2,1,1 x NVIDIA GH200 120GB,-2.5917,51.4535,64,machine,0.0,1.7142857142857142,25.314285714285717,217.06544712611608,N,1.0,0.0
2026-09-26T23:36:03,mobilenet_v3_small_batch1_node_0_evaluate,3c847984-b2ce-4e5a-a99c-7bb3abad21c9,5b0fa12a-3dd7-45bb-9766-cc326314d9f1,198.9972243621014,0.0034243984520500254,1.720827244212656e-05,115.88507324114153,140.5362698570951,6.0,0.006378328054869521,0.007730570351100141,0.0003042202655598521,0.014413118671529513,0.0,United Kingdom,GBR,england,,,Linux-6.4.0-150600.23.73_15.0.14-cray_shasta_c_64k-aarch64-with-glibc2.38,3.11.7,3.3.0,72,Neoverse-V2,1,1 x NVIDIA GH200 120GB,-2.5917,51.4535,64,machine,2.403535353535354,0.015151515151515152,25.394949494949486,217.25208752564708,N,1.0,0.0
2026-09-26T23:37:20,mobilenet_v3_small_batch1_node_1_evaluate,f049cbb6-4739-4076-a7f2-49b4661621e8,5b0fa12a-3dd7-45bb-9766-cc326314d9f1,47.830372299067676,0.0007712860127643134,1.6125444475776065e-05,117.09420900994287,140.51174053115463,6.0,0.0014432627129393964,0.0017427350053083046,6.030582595810605e-05,0.0032463035442058066,0.0,United Kingdom,GBR,england,,,Linux-6.4.0-150600.23.73_15.0.14-cray_shasta_c_64k-aarch64-with-glibc2.38,3.11.7,3.3.0,72,Neoverse-V2,1,1 x NVIDIA GH200 120GB,-2.5917,51.4535,64,machine,1.7500000000000002,0.09090909090909091,25.39999999999999,217.41940168900922,N,1.0,0.0
2026-09-26T23:38:00,mobilenet_v3_small_batch1_node_2_evaluate,3dfc11ff-6da9-495f-ad61-dfac7f8d21c7,5b0fa12a-3dd7-45bb-9766-cc326314d9f1,11.60364190605469,0.00014948424249955388,1.2882528064017053e-05,117.78663576960001,141.64911488885485,6.0,0.0002821326458195816,0.0003370944363325634,9.9444809233925e-06,0.0006291715630755375,0.0,United Kingdom,GBR,england,,,Linux-6.4.0-150600.23.73_15.0.14-cray_shasta_c_64k-aarch64-with-glibc2.38,3.11.7,3.3.0,72,Neoverse-V2,1,1 x NVIDIA GH200 120GB,-2.5917,51.4535,64,machine,0.0,0.5,25.400000000000002,217.54883575439453,N,1.0,0.0
2026-09-26T23:39:16,mobilenet_v3_small_batch1_node_3_evaluate,92346405-3626-4964-96c6-474acfd79956,5b0fa12a-3dd7-45bb-9766-cc326314d9f1,15.421643825015053,0.00021387482813017792,1.3868484485632916e-05,117.9782791158857,141.20631641309228,6.0,0.00040524151330923505,0.00048476872115088554,1.0178023961683113e-05,0.0009001882584218037,0.0,United Kingdom,GBR,england,,,Linux-6.4.0-150600.23.73_15.0.14-cray_shasta_c_64k-aarch64-with-glibc2.38,3.11.7,3.3.0,72,Neoverse-V2,1,1 x NVIDIA GH200 120GB,-2.5917,51.4535,64,machine,10.575000000000001,0.25,25.400000000000002,217.6247355143229,N,1.0,0.0
2026-09-26T23:39:37,mobilenet_v3_small_batch1_node_4_evaluate,0cf417ae-8d3f-4cb7-96fe-730212932fdd,5b0fa12a-3dd7-45bb-9766-cc326314d9f1,10.213682185159996,0.00012545654013803136,1.2283184248704532e-05,118.0816583328,136.66132820476733,6.0,0.00023885654008894011,0.00027901105656269465,1.0172590975028773e-05,0.0005280401876266636,0.0,United Kingdom,GBR,england,,,Linux-6.4.0-150600.23.73_15.0.14-cray_shasta_c_64k-aarch64-with-glibc2.38,3.11.7,3.3.0,72,Neoverse-V2,1,1 x NVIDIA GH200 120GB,-2.5917,51.4535,64,machine,0.0,0.5714285714285714,25.400000000000002,217.79150390625,N,1.0,0.0
2026-09-26T23:40:12,mobilenet_v3_small_batch1_node_5_evaluate,80a659f3-8eed-4d9b-91b6-db2f1326b01b,5b0fa12a-3dd7-45bb-9766-cc326314d9f1,16.595415928866714,0.00023302778894004235,1.4041696209295045e-05,117.91266249702858,140.4622411079119,6.0,0.00044263074039160394,0.0005279229223447146,1.0248432226168613e-05,0.0009808020949624871,0.0,United Kingdom,GBR,england,,,Linux-6.4.0-150600.23.73_15.0.14-cray_shasta_c_64k-aarch64-with-glibc2.38,3.11.7,3.3.0,72,Neoverse-V2,1,1 x NVIDIA GH200 120GB,-2.5917,51.4535,64,machine,0.0,0.3076923076923077,25.4,217.76130558894232,N,1.0,0.0
2026-09-26T23:40:42,efficientnet_lite0_batch1_node_0_local_train,1c8504bf-5bc6-4b47-8afd-9a8e1259cacb,5b0fa12a-3dd7-45bb-9766-cc326314d9f1,10.193553243065253,0.00013125411032804837,1.2876188233709525e-05,116.9589861504,151.22725625944145,6.0,0.00023340480733086667,0.00031049691506268573,8.540142878191547e-06,0.000552441865271744,0.0,United Kingdom,GBR,england,,,Linux-6.4.0-150600.23.73_15.0.14-cray_shasta_c_64k-aarch64-with-glibc2.38,3.11.7,3.3.0,72,Neoverse-V2,1,1 x NVIDIA GH200 120GB,-2.5917,51.4535,64,machine,0.0,5.571428571428571,25.71428571428572,219.94112723214286,N,1.0,0.0
2026-09-26T23:41:02,efficientnet_lite0_batch1_node_0_evaluate,bb53da2e-43be-43b2-96ef-4f4910d71943,5b0fa12a-3dd7-45bb-9766-cc326314d9f1,14.661278699990362,0.00020254869139270157,1.381521322508075e-05,117.94463627657143,142.93753205098272,6.0,0.0003809092013461817,0.0004614431469462943,1.0164777469666054e-05,0.000852517125762142,0.0,United Kingdom,GBR,england,,,Linux-6.4.0-150600.23.73_15.0.14-cray_shasta_c_64k-aarch64-with-glibc2.38,3.11.7,3.3.0,72,Neoverse-V2,1,1 x NVIDIA GH200 120GB,-2.5917,51.4535,64,machine,0.0,1.0909090909090908,25.736363636363638,220.553466796875,N,1.0,0.0
2026-09-26T23:41:24,efficientnet_lite0_batch1_node_1_local_train,5ca9aab3-c391-44a6-99aa-7d3371f2b4e6,5b0fa12a-3dd7-45bb-9766-cc326314d9f1,10.961771010188386,0.00014696260964286036,1.340683084022339e-05,117.06737151908573,149.4962614949692,6.0,0.00025992749429835205,0.0003471494443942902,1.1481200122119238e-05,0.0006185581388147615,0.0,United Kingdom,GBR,england,,,Linux-6.4.0-150600.23.73_15.0.14-cray_shasta_c_64k-aarch64-with-glibc2.38,3.11.7,3.3.0,72,Neoverse-V2,1,1 x NVIDIA GH200 120GB,-2.5917,51.4535,64,machine,0.0,10.285714285714286,25.728571428571424,220.50581577845983,N,1.0,0.0
2026-09-26T23:41:47,efficientnet_lite0_batch1_node_1_evaluate,8780a540-b448-47e5-a69e-751663a52c33,5b0fa12a-3dd7-45bb-9766-cc326314d9f1,10.607006926089525,0.00013520999424173523,1.2747233520623613e-05,118.03382908251429,144.3919527538634,6.0,0.0002515240479660428,0.0003071324679240206,1.0435463291360066e-05,0.0005690919791814235,0.0,United Kingdom,GBR,england,,,Linux-6.4.0-150600.23.73_15.0.14-cray_shasta_c_64k-aarch64-with-glibc2.38,3.11.7,3.3.0,72,Neoverse-V2,1,1 x NVIDIA GH200 120GB,-2.5917,51.4535,64,machine,0.0,2.142857142857143,25.757142857142856,220.54963030133928,N,1.0,0.0
2026-09-26T23:42:03,efficientnet_lite0_batch1_node_2_local_train,ad395851-1da6-48ac-978e-05c88496ed12,5b0fa12a-3dd7-45bb-9766-cc326314d9f1,6.882402458926663,7.146933590613655e-05,1.038435870797397e-05,116.36699304960001,79.83771623083017,6.0,0.00012512108564482577,0.00016932152433923875,6.368184733437375e-06,0.00030081079471750186,0.0,United Kingdom,GBR,england,,,Linux-6.4.0-150600.23.73_15.0.14-cray_shasta_c_64k-aarch64-with-glibc2.38,3.11.7,3.3.0,72,Neoverse-V2,1,1 x NVIDIA GH200 120GB,-2.5917,51.4535,64,machine,0.0,10.333333333333334,25.8,220.60176595052084,N,1.0,0.0
2026-09-26T23:42:13,efficientnet_lite0_batch1_node_2_evaluate,9a0e91da-53c3-4ac4-8741-b97954054b45,5b0fa12a-3dd7-45bb-9766-cc326314d9f1,9.075034064939246,0.00010832109222901861,1.1936163705160019e-05,117.60481205485715,73.45600861719915,6.0,0.0002007953672605781,0.00024510686273515603,1.0015730132969717e-05,0.00045591796012870383,0.0,United Kingdom,GBR,england,,,Linux-6.4.0-150600.23.73_15.0.14-cray_shasta_c_64k-aarch64-with-glibc2.38,3.11.7,3.3.0,72,Neoverse-V2,1,1 x NVIDIA GH200 120GB,-2.5917,51.4535,64,machine,0.0,2.0,25.783333333333335,220.575927734375,N,1.0,0.0
2026-09-26T23:42:41,efficientnet_lite0_batch1_node_3_local_train,c408bedc-590c-4072-9c89-e40a0baf3fce,5b0fa12a-3dd7-45bb-9766-cc326314d9f1,8.591783721931279,0.00010347137726655801,1.2043061210030029e-05,116.63149654080001,79.78281057933427,6.0,0.00018155973280656126,0.0002447376957945835,9.208328258634234e-06,0.00043550575685977894,0.0,United Kingdom,GBR,england,,,Linux-6.4.0-150600.23.73_15.0.14-cray_shasta_c_64k-aarch64-with-glibc2.38,3.11.7,3.3.0,72,Neoverse-V2,1,1 x NVIDIA GH200 120GB,-2.5917,51.4535,64,machine,31.28,7.0,25.8,220.64232177734374,N,1.0,0.0
2026-09-26T23:43:00,efficientnet_lite0_batch1_node_3_evaluate,ca2df749-c74c-4065-92e9-dc8b74617ed4,5b0fa12a-3dd7-45bb-9766-cc326314d9f1,10.228505412116647,0.00012855730331522519,1.2568532560283608e-05,118.04140931245715,142.88477266545604,6.0,0.00023933717310775207,0.00029148245542387485,1.0271513378247618e-05,0.0005410911419098745,0.0,United Kingdom,GBR,england,,,Linux-6.4.0-150600.23.73_15.0.14-cray_shasta_c_64k-aarch64-with-glibc2.38,3.11.7,3.3.0,72,Neoverse-V2,1,1 x NVIDIA GH200 120GB,-2.5917,51.4535,64,machine,10.257142857142856,1.7142857142857142,25.800000000000004,220.75706263950892,N,1.0,0.0
2026-09-26T23:43:24,efficientnet_lite0_batch1_node_4_local_train,2597c28e-f7ef-4348-9e27-67b88a7800b1,5b0fa12a-3dd7-45bb-9766-cc326314d9f1,14.970925644040108,0.00021195042274320305,1.415746947000435e-05,116.88453868937144,150.3892841794585,6.0,0.00038677477022253527,0.0004958598411235471,9.453922816707444e-06,0.0008920885341627897,0.0,United Kingdom,GBR,england,,,Linux-6.4.0-150600.23.73_15.0.14-cray_shasta_c_64k-aarch64-with-glibc2.38,3.11.7,3.3.0,72,Neoverse-V2,1,1 x NVIDIA GH200 120GB,-2.5917,51.4535,64,machine,0.0,3.090909090909091,25.781818181818185,220.64424272017047,N,1.0,0.0
2026-09-26T23:43:50,efficientnet_lite0_batch1_node_4_evaluate,5e37c92c-084c-4ae8-a69f-4ad6770724b6,5b0fa12a-3dd7-45bb-9766-cc326314d9f1,10.244807557901368,0.00012877633023910143,1.2569912076072326e-05,118.06442549485715,142.8450454274119,6.0,0.00023977754959767845,0.00029194273352572964,1.0292731953474382e-05,0.0005420130150768825,0.0,United Kingdom,GBR,england,,,Linux-6.4.0-150600.23.73_15.0.14-cray_shasta_c_64k-aarch64-with-glibc2.38,3.11.7,3.3.0,72,Neoverse-V2,1,1 x NVIDIA GH200 120GB,-2.5917,51.4535,64,machine,22.5,3.0,25.800000000000004,220.630859375,N,1.0,0.0
2026-09-26T23:47:17,efficientnet_lite0_batch1_node_5_local_train,c3d537bc-1905-491a-8db3-c10bac578d6b,5b0fa12a-3dd7-45bb-9766-cc326314d9f1,197.75394299719483,0.0034215554130380974,1.7302084404388502e-05,115.67732937439101,142.06649908788276,6.0,0.00633671269653658,0.007718366174685798,0.00034607359390899844,0.014401152465131373,0.0,United Kingdom,GBR,england,,,Linux-6.4.0-150600.23.73_15.0.14-cray_shasta_c_64k-aarch64-with-glibc2.38,3.11.7,3.3.0,72,Neoverse-V2,1,1 x NVIDIA GH200 120GB,-2.5917,51.4535,64,machine,2.7558375634517764,0.233502538071066,25.800000000000093,220.8974169426158,N,1.0,0.0
2026-09-26T23:49:44,efficientnet_lite0_batch1_node_5_evaluate,c99671e7-6f37-4a60-b947-8dd1edc98a16,5b0fa12a-3dd7-45bb-9766-cc326314d9f1,9.308830784168094,0.00011308384692852909,1.214801832265072e-05,117.77845420800001,74.0300815847061,6.0,0.00020910635773958633,0.0002564596496199556,1.0398144720432659e-05,0.0004759641520799746,0.0,United Kingdom,GBR,england,,,Linux-6.4.0-150600.23.73_15.0.14-cray_shasta_c_64k-aarch64-with-glibc2.38,3.11.7,3.3.0,72,Neoverse-V2,1,1 x NVIDIA GH200 120GB,-2.5917,51.4535,64,machine,0.0,1.3333333333333333,25.8,221.15503946940103,N,1.0,0.0
2026-09-26T23:50:12,mobilevit_xxs_batch1_node_0_local_train,572eb7bb-eeda-48fa-a055-0de4ac063389,5b0fa12a-3dd7-45bb-9766-cc326314d9f1,11.888281467137858,0.0001601581176514654,1.3471931842645376e-05,117.06271974,145.57122825560776,6.0,0.0002902440482512465,0.00037082140778466055,1.3031903906958178e-05,0.0006740973599428652,0.0,United Kingdom,GBR,england,,,Linux-6.4.0-150600.23.73_15.0.14-cray_shasta_c_64k-aarch64-with-glibc2.38,3.11.7,3.3.0,72,Neoverse-V2,1,1 x NVIDIA GH200 120GB,-2.5917,51.4535,64,machine,12.375,7.125,33.325,285.39862060546875,N,1.0,0.0
2026-09-26T23:50:40,mobilevit_xxs_batch1_node_0_evaluate,ce15252f-b916-49da-a050-ffb51d3110c3,5b0fa12a-3dd7-45bb-9766-cc326314d9f1,14.898980434052646,0.00020579289941932873,1.3812549142555746e-05,117.91113810788573,141.9839565817893,6.0,0.0003884487245196653,0.0004673389850040621,1.038412258688671e-05,0.0008661718321106142,0.0,United Kingdom,GBR,england,,,Linux-6.4.0-150600.23.73_15.0.14-cray_shasta_c_64k-aarch64-with-glibc2.38,3.11.7,3.3.0,72,Neoverse-V2,1,1 x NVIDIA GH200 120GB,-2.5917,51.4535,64,machine,12.481818181818182,0.7272727272727273,25.5,218.6436212713068,N,1.0,0.0
2026-09-26T23:51:07,mobilevit_xxs_batch1_node_1_local_train,d5c786ff-fb9e-4f21-bdc2-e84781a7fc1e,5b0fa12a-3dd7-45bb-9766-cc326314d9f1,19.9041108940728,0.00029922540302638334,1.5033346860797935e-05,116.83808787456,148.10419839168557,6.0,0.0005478522348030454,0.000693525554822827,1.804669141652994e-05,0.0012594244810424024,0.0,United Kingdom,GBR,england,,,Linux-6.4.0-150600.23.73_15.0.14-cray_shasta_c_64k-aarch64-with-glibc2.38,3.11.7,3.3.0,72,Neoverse-V2,1,1 x NVIDIA GH200 120GB,-2.5917,51.4535,64,machine,1.0999999999999999,4.5625,25.5,218.6677017211914,N,1.0,0.0
2026-09-26T23:51:34,mobilevit_xxs_batch1_node_1_evaluate,b483e083-cfe2-48a2-beb5-498aec2061f4,5b0fa12a-3dd7-45bb-9766-cc326314d9f1,9.39580430299975,0.00011319340480440591,1.2047228864512135e-05,117.64042220982857,72.34325716659237,6.0,0.00021158163450783402,0.00025429298122503496,1.0550659866615509e-05,0.00047642527559948447,0.0,United Kingdom,GBR,england,,,Linux-6.4.0-150600.23.73_15.0.14-cray_shasta_c_64k-aarch64-with-glibc2.38,3.11.7,3.3.0,72,Neoverse-V2,1,1 x NVIDIA GH200 120GB,-2.5917,51.4535,64,machine,0.0,2.6666666666666665,25.5,218.63703409830728,N,1.0,0.0
2026-09-26T23:51:51,mobilevit_xxs_batch1_node_2_local_train,52a4df0b-d541-4a2f-b71a-847053076f17,5b0fa12a-3dd7-45bb-9766-cc326314d9f1,9.057604686822742,0.00010945318279476547,1.208412009347251e-05,116.5143415968,664.0215621261016,6.0,0.00019603122050930374,0.00025470214819733883,9.949502953095363e-06,0.00046068287165973795,0.0,United Kingdom,GBR,england,,,Linux-6.4.0-150600.23.73_15.0.14-cray_shasta_c_64k-aarch64-with-glibc2.38,3.11.7,3.3.0,72,Neoverse-V2,1,1 x NVIDIA GH200 120GB,-2.5917,51.4535,64,machine,0.0,1.4,25.5,218.69921875,N,1.0,0.0
2026-09-26T23:53:17,mobilevit_xxs_batch1_node_2_evaluate,7b4bf4ef-c83c-44b5-a350-50216bf91276,5b0fa12a-3dd7-45bb-9766-cc326314d9f1,75.2305949749425,0.001241676142671078,1.6504935832086005e-05,116.2142698987068,140.56909488862263,6.0,0.002320210637688501,0.0028124166943825912,9.352431077044457e-05,0.005226151642841537,0.0,United Kingdom,GBR,england,,,Linux-6.4.0-150600.23.73_15.0.14-cray_shasta_c_64k-aarch64-with-glibc2.38,3.11.7,3.3.0,72,Neoverse-V2,1,1 x NVIDIA GH200 120GB,-2.5917,51.4535,64,machine,0.8569444444444445,0.2222222222222222,25.504166666666666,218.70563337537976,N,1.0,0.0
2026-09-26T23:53:34,mobilevit_xxs_batch1_node_3_local_train,d1d5f59c-dbe5-48fe-8734-528cfdd44aca,5b0fa12a-3dd7-45bb-9766-cc326314d9f1,11.787327907048166,0.00015976416072573454,1.3553891262344918e-05,116.74040411520001,76.53691652386735,6.0,0.00028706411936256835,0.00037083418555994285,1.4540910385161018e-05,0.0006724392153076722,0.0,United Kingdom,GBR,england,,,Linux-6.4.0-150600.23.73_15.0.14-cray_shasta_c_64k-aarch64-with-glibc2.38,3.11.7,3.3.0,72,Neoverse-V2,1,1 x NVIDIA GH200 120GB,-2.5917,51.4535,64,machine,7.1,8.75,25.5,218.71900939941406,N,1.0,0.0
2026-09-26T23:53:52,mobilevit_xxs_batch1_node_3_evaluate,70cb9643-68d7-4c7e-b87d-fb6e6a583bd1,5b0fa12a-3dd7-45bb-9766-cc326314d9f1,9.35418164706789,0.00011282206989317404,1.2061137376837088e-05,117.63329657965716,72.78749075195422,6.0,0.00021023647837771394,0.00025413742554292185,1.0488441950486353e-05,0.00047486234587112216,0.0,United Kingdom,GBR,england,,,Linux-6.4.0-150600.23.73_15.0.14-cray_shasta_c_64k-aarch64-with-glibc2.38,3.11.7,3.3.0,72,Neoverse-V2,1,1 x NVIDIA GH200 120GB,-2.5917,51.4535,64,machine,0.0,1.8333333333333333,25.549999999999997,218.7958780924479,N,1.0,0.0
2026-09-26T23:54:10,mobilevit_xxs_batch1_node_4_local_train,385c5572-459c-4b4d-9e26-08357d16d3fc,5b0fa12a-3dd7-45bb-9766-cc326314d9f1,13.418765989830717,0.00018812669122785612,1.4019671508574344e-05,116.92325807424001,148.32578348460578,6.0,0.00033974734201420304,0.0004372245164461219,1.4843803156400099e-05,0.0007918156616167251,0.0,United Kingdom,GBR,england,,,Linux-6.4.0-150600.23.73_15.0.14-cray_shasta_c_64k-aarch64-with-glibc2.38,3.11.7,3.3.0,72,Neoverse-V2,1,1 x NVIDIA GH200 120GB,-2.5917,51.4535,64,machine,0.0,7.6,25.53,218.77264404296875,N,1.0,0.0
2026-09-26T23:54:26,mobilevit_xxs_batch1_node_4_evaluate,9f36969f-25b9-4e13-806c-0ed02c83afb6,5b0fa12a-3dd7-45bb-9766-cc326314d9f1,9.333799372892827,0.00011171063632609105,1.1968399133424756e-05,117.77127273874287,71.99178675258065,6.0,0.00020977236089410843,0.00024997631106771223,1.0435706633531178e-05,0.00047018437859535186,0.0,United Kingdom,GBR,england,,,Linux-6.4.0-150600.23.73_15.0.14-cray_shasta_c_64k-aarch64-with-glibc2.38,3.11.7,3.3.0,72,Neoverse-V2,1,1 x NVIDIA GH200 120GB,-2.5917,51.4535,64,machine,0.0,2.6666666666666665,25.5,218.80394490559897,N,1.0,0.0
2026-09-26T23:54:47,mobilevit_xxs_batch1_node_5_local_train,69fc5d05-abe5-48a3-a8ca-c9b51936dfda,5b0fa12a-3dd7-45bb-9766-cc326314d9f1,17.910254700109363,0.00026609351934892835,1.4857048311395791e-05,116.92082927127275,147.68680792788894,6.0,0.000484851076906081,0.0006179196610105464,1.7203332216789327e-05,0.0011199740701334168,0.0,United Kingdom,GBR,england,,,Linux-6.4.0-150600.23.73_15.0.14-cray_shasta_c_64k-aarch64-with-glibc2.38,3.11.7,3.3.0,72,Neoverse-V2,1,1 x NVIDIA GH200 120GB,-2.5917,51.4535,64,machine,0.7999999999999999,7.142857142857143,25.564285714285717,218.84264264787947,N,1.0,0.0
2026-09-26T23:55:04,mobilevit_xxs_batch1_node_5_evaluate,1abe9081-58bc-46fb-9812-86186f609a54,5b0fa12a-3dd7-45bb-9766-cc326314d9f1,11.94750091782771,0.00015665917989524165,1.3112296954209011e-05,117.94262729142858,143.51372508078998,6.0,0.0002937706135641275,0.00035507167297055275,1.052822260186076e-05,0.000659370509136541,0.0,United Kingdom,GBR,england,,,Linux-6.4.0-150600.23.73_15.0.14-cray_shasta_c_64k-aarch64-with-glibc2.38,3.11.7,3.3.0,72,Neoverse-V2,1,1 x NVIDIA GH200 120GB,-2.5917,51.4535,64,machine,8.65,2.0,25.5625,218.86682891845703,N,1.0,0.0
2026-09-26T23:55:19,mobilevit_xxs_batch1_node_0_exchange,3454752a-8a30-4821-baec-5ef3027e7208,5b0fa12a-3dd7-45bb-9766-cc326314d9f1,8.24303871113807,9.484912221645302e-05,1.1506572459533888e-05,116.45479601280002,752.2076161141796,6.0,0.0001696863857719735,0.00022090156562626362,8.62717310859201e-06,0.00039921512450682913,0.0,United Kingdom,GBR,england,,,Linux-6.4.0-150600.23.73_15.0.14-cray_shasta_c_64k-aarch64-with-glibc2.38,3.11.7,3.3.0,72,Neoverse-V2,1,1 x NVIDIA GH200 120GB,-2.5917,51.4535,64,machine,21.18,11.2,25.6,218.97857666015625,N,1.0,0.0
2026-09-26T23:55:40,mobilevit_xxs_batch1_node_1_exchange,946ca7a0-7080-4e7a-b519-02c6d77d3471,5b0fa12a-3dd7-45bb-9766-cc326314d9f1,11.283680140972137,0.00015016244706092874,1.3307931914488991e-05,116.93439195840001,146.64615333719354,6.0,0.0002701509768654004,0.00034984361320766766,1.203150145864735e-05,0.0006320260915317154,0.0,United Kingdom,GBR,england,,,Linux-6.4.0-150600.23.73_15.0.14-cray_shasta_c_64k-aarch64-with-glibc2.38,3.11.7,3.3.0,72,Neoverse-V2,1,1 x NVIDIA GH200 120GB,-2.5917,51.4535,64,machine,0.0,8.875,25.599999999999998,219.04644012451172,N,1.0,0.0
2026-09-26T23:55:57,mobilevit_xxs_batch1_node_2_exchange,b2694ddf-1fdc-4e43-854c-f2e803d2083c,5b0fa12a-3dd7-45bb-9766-cc326314d9f1,12.68658337299712,0.0001676912177233658,1.3217996744520655e-05,116.52469150464,146.16679911443055,6.0,0.0003113812280039338,0.0003877572546286956,6.665311833300317e-06,0.0007058037944659297,0.0,United Kingdom,GBR,england,,,Linux-6.4.0-150600.23.73_15.0.14-cray_shasta_c_64k-aarch64-with-glibc2.38,3.11.7,3.3.0,72,Neoverse-V2,1,1 x NVIDIA GH200 120GB,-2.5917,51.4535,64,machine,0.0,7.111111111111111,25.599999999999998,219.07210286458334,N,1.0,0.0
2026-09-26T23:56:58,mobilevit_xxs_batch1_node_3_exchange,6087984a-c4c2-4bb1-9077-6254aa6da2dc,5b0fa12a-3dd7-45bb-9766-cc326314d9f1,55.70953445020132,0.0009093259798250254,1.6322627514287895e-05,115.83339158250831,143.25350365010462,6.0,0.001690772266459126,0.0020685991548532456,6.793531353236175e-05,0.0038273067348447336,0.0,United Kingdom,GBR,england,,,Linux-6.4.0-150600.23.73_15.0.14-cray_shasta_c_64k-aarch64-with-glibc2.38,3.11.7,3.3.0,72,Neoverse-V2,1,1 x NVIDIA GH200 120GB,-2.5917,51.4535,64,machine,1.8134615384615385,0.4230769230769231,25.599999999999987,219.16506840632513,N,1.0,0.0
2026-09-26T23:57:24,mobilevit_xxs_batch1_node_4_exchange,56a2a982-89d9-44a8-80de-44d94f79a5ba,5b0fa12a-3dd7-45bb-9766-cc326314d9f1,15.220792960841209,0.00021432919221960533,1.4081342067460852e-05,116.86784180297145,147.26632683053708,6.0,0.00039514726982007567,0.0004969765086855205,9.976875226711854e-06,0.0009021006537323081,0.0,United Kingdom,GBR,england,,,Linux-6.4.0-150600.23.73_15.0.14-cray_shasta_c_64k-aarch64-with-glibc2.38,3.11.7,3.3.0,72,Neoverse-V2,1,1 x NVIDIA GH200 120GB,-2.5917,51.4535,64,machine,0.0,5.583333333333333,25.599999999999998,219.21478780110678,N,1.0,0.0
2026-09-26T23:57:42,mobilevit_xxs_batch1_node_5_exchange,d0495546-10a6-494a-9bf2-e46a2b3ff1c6,5b0fa12a-3dd7-45bb-9766-cc326314d9f1,14.496473053004593,0.00020374505981284638,1.4054802093438681e-05,116.89821371664002,147.33072357402986,6.0,0.00037286129878822506,0.0004730956562468691,1.159562447341159e-05,0.0008575525795085058,0.0,United Kingdom,GBR,england,,,Linux-6.4.0-150600.23.73_15.0.14-cray_shasta_c_64k-aarch64-with-glibc2.38,3.11.7,3.3.0,72,Neoverse-V2,1,1 x NVIDIA GH200 120GB,-2.5917,51.4535,64,machine,1.9090909090909092,6.0,25.599999999999998,219.16838489879262,N,1.0,0.0
2026-09-26T23:57:55,mobilevit_xxs_batch1_node_0_evaluate,1cc74e68-7107-4389-af26-6f0a5e991cb2,5b0fa12a-3dd7-45bb-9766-cc326314d9f1,10.825649032834917,0.0001370551523285773,1.2660224981696695e-05,118.00720161462857,141.901648862878,6.0,0.00025814244684667164,0.000308249135485994,1.0466573257775357e-05,0.000576858155590441,0.0,United Kingdom,GBR,england,,,Linux-6.4.0-150600.23.73_15.0.14-cray_shasta_c_64k-aarch64-with-glibc2.38,3.11.7,3.3.0,72,Neoverse-V2,1,1 x NVIDIA GH200 120GB,-2.5917,51.4535,64,machine,18.071428571428573,1.7142857142857142,25.599999999999998,219.25360979352678,N,1.0,0.0
2026-09-26T23:58:17,mobilevit_xxs_batch1_node_1_evaluate,a4d68d62-1ca7-48e5-acea-94e20b6541c5,5b0fa12a-3dd7-45bb-9766-cc326314d9f1,14.513126055942848,0.00019956049622197656,1.3750345408201036e-05,118.08801162102857,142.03632415327735,6.0,0.0003770034855011449,0.0004523053618470385,1.0631117136605705e-05,0.0008399399644847892,0.0,United Kingdom,GBR,england,,,Linux-6.4.0-150600.23.73_15.0.14-cray_shasta_c_64k-aarch64-with-glibc2.38,3.11.7,3.3.0,72,Neoverse-V2,1,1 x NVIDIA GH200 120GB,-2.5917,51.4535,64,machine,16.427272727272726,1.4545454545454546,25.599999999999998,219.21544300426137,N,1.0,0.0
2026-09-26T23:58:33,mobilevit_xxs_batch1_node_2_evaluate,2b9afb2b-f243-4cff-bc37-0398f1c24f46,5b0fa12a-3dd7-45bb-9766-cc326314d9f1,9.21719457092695,0.00010960501494795159,1.1891363918221907e-05,117.57949132525715,71.97648900185169,6.0,0.00020527011511544142,0.000245801029990389,1.0250780353477846e-05,0.00046132192545930825,0.0,United Kingdom,GBR,england,,,Linux-6.4.0-150600.23.73_15.0.14-cray_shasta_c_64k-aarch64-with-glibc2.38,3.11.7,3.3.0,72,Neoverse-V2,1,1 x NVIDIA GH200 120GB,-2.5917,51.4535,64,machine,0.0,2.0,25.599999999999998,219.28001912434897,N,1.0,0.0
2026-09-26T23:58:54,mobilevit_xxs_batch1_node_3_evaluate,7ff38df0-dd1b-43c0-a5f4-265e4112d8c8,5b0fa12a-3dd7-45bb-9766-cc326314d9f1,11.326883931877092,0.00014580179428911021,1.2872189312259328e-05,118.2440639561143,141.1268850481324,6.0,0.00027534504260509163,0.00032788748453072003,1.0439798978234952e-05,0.0006136723261140466,0.0,United Kingdom,GBR,england,,,Linux-6.4.0-150600.23.73_15.0.14-cray_shasta_c_64k-aarch64-with-glibc2.38,3.11.7,3.3.0,72,Neoverse-V2,1,1 x NVIDIA GH200 120GB,-2.5917,51.4535,64,machine,0.0,1.0,25.599999999999998,219.48326110839844,N,1.0,0.0
2026-09-27T00:00:16,mobilevit_xxs_batch1_node_4_evaluate,535f0cc6-dd85-4f70-95e3-6282debd2f6c,5b0fa12a-3dd7-45bb-9766-cc326314d9f1,15.27384965098463,0.00021273761870649682,1.392822527179863e-05,118.0943302134857,142.5768098999988,6.0,0.0004010962642215548,0.00048398066496702086,1.0324872689864908e-05,0.0008954018018784406,0.0,United Kingdom,GBR,england,,,Linux-6.4.0-150600.23.73_15.0.14-cray_shasta_c_64k-aarch64-with-glibc2.38,3.11.7,3.3.0,72,Neoverse-V2,1,1 x NVIDIA GH200 120GB,-2.5917,51.4535,64,machine,6.591666666666666,0.9166666666666666,25.683333333333326,219.71387227376303,N,1.0,0.0
2026-09-27T00:00:32,mobilevit_xxs_batch1_node_5_evaluate,448df268-948d-465a-aaf9-92a63619e0a4,5b0fa12a-3dd7-45bb-9766-cc326314d9f1,10.360875092912465,0.00013001101283292315,1.254826563075347e-05,117.99425931428571,141.82145032643768,6.0,0.00024352289854782873,0.00029320106787622535,1.0485764804761856e-05,0.0005472097312288159,0.0,United Kingdom,GBR,england,,,Linux-6.4.0-150600.23.73_15.0.14-cray_shasta_c_64k-aarch64-with-glibc2.38,3.11.7,3.3.0,72,Neoverse-V2,1,1 x NVIDIA GH200 120GB,-2.5917,51.4535,64,machine,0.0,1.7142857142857142,25.699999999999996,219.77815464564733,N,1.0,0.0
2026-09-27T00:02:06,mobilenet_v3_small_batch2_node_0_local_train,9d3952ea-9c22-4ff3-bd1c-846e521dcc1f,5b0fa12a-3dd7-45bb-9766-cc326314d9f1,11.050441472092643,0.0001436209390290309,1.2996850794761335e-05,118.32537605760001,202.0310493595062,6.0,0.00026904716200469526,0.0003221685910830274,1.3277464313044523e-05,0.0006044932174007673,0.0,United Kingdom,GBR,england,,,Linux-6.4.0-150600.23.73_15.0.14-cray_shasta_c_64k-aarch64-with-glibc2.38,3.11.7,3.3.0,72,Neoverse-V2,1,1 x NVIDIA GH200 120GB,-2.5917,51.4535,64,machine,37.642857142857146,2.5714285714285716,24.199999999999996,206.97273472377233,N,1.0,0.0
2026-09-27T00:02:22,mobilenet_v3_small_batch2_node_0_evaluate,0922f8f4-b6f0-4085-b16b-e5db73ef106c,5b0fa12a-3dd7-45bb-9766-cc326314d9f1,14.757447893032804,0.00020310983409570414,1.3763208623057047e-05,116.7535818864,140.44931823243496,6.0,0.000381998915889371,0.00045839953338600026,1.4480497543311989e-05,0.0008548789468186832,0.0,United Kingdom,GBR,england,,,Linux-6.4.0-150600.23.73_15.0.14-cray_shasta_c_64k-aarch64-with-glibc2.38,3.11.7,3.3.0,72,Neoverse-V2,1,1 x NVIDIA GH200 120GB,-2.5917,51.4535,64,machine,12.48181818181818,0.18181818181818182,24.199999999999992,206.89788818359375,N,1.0,0.0
2026-09-27T00:02:37,mobilenet_v3_small_batch2_node_1_local_train,88a6d348-b5e9-4dbc-a7f6-9cdf34458220,5b0fa12a-3dd7-45bb-9766-cc326314d9f1,12.93498863489367,0.00017624887498429324,1.3625746412241982e-05,116.97879074112002,72.96298838153432,6.0,0.0003256859721640044,0.00039969698642039475,1.6439579429958637e-05,0.0007418225380143577,0.0,United Kingdom,GBR,england,,,Linux-6.4.0-150600.23.73_15.0.14-cray_shasta_c_64k-aarch64-with-glibc2.38,3.11.7,3.3.0,72,Neoverse-V2,1,1 x NVIDIA GH200 120GB,-2.5917,51.4535,64,machine,0.0,2.6666666666666665,24.199999999999996,206.95632595486111,N,1.0,0.0
2026-09-27T00:02:54,mobilenet_v3_small_batch2_node_1_evaluate,41af4d8c-cb13-4ada-9c7d-b8c0c10e143c,5b0fa12a-3dd7-45bb-9766-cc326314d9f1,10.10911689302884,0.00012466034345215744,1.233147709847159e-05,118.14397327131428,146.5460990007794,6.0,0.00023532732700699762,0.0002792860567524258,1.007565256867868e-05,0.000524689036328102,0.0,United Kingdom,GBR,england,,,Linux-6.4.0-150600.23.73_15.0.14-cray_shasta_c_64k-aarch64-with-glibc2.38,3.11.7,3.3.0,72,Neoverse-V2,1,1 x NVIDIA GH200 120GB,-2.5917,51.4535,64,machine,0.0,0.42857142857142855,24.199999999999996,207.01420375279017,N,1.0,0.0
2026-09-27T00:03:03,mobilenet_v3_small_batch2_node_2_local_train,e7198f5b-1e26-459c-b905-41937cb25ceb,5b0fa12a-3dd7-45bb-9766-cc326314d9f1,8.388840447878465,9.457699685904076e-05,1.1274144197480744e-05,116.61903601920001,72.38977056149083,6.0,0.00017505385507326726,0.000214136282409072,8.87962525516438e-06,0.00039806976273750366,0.0,United Kingdom,GBR,england,,,Linux-6.4.0-150600.23.73_15.0.14-cray_shasta_c_64k-aarch64-with-glibc2.38,3.11.7,3.3.0,72,Neoverse-V2,1,1 x NVIDIA GH200 120GB,-2.5917,51.4535,64,machine,11.92,1.2,24.2,207.02178955078125,N,1.0,0.0
2026-09-27T00:03:23,mobilenet_v3_small_batch2_node_2_evaluate,64afe687-cf1f-4a11-bc2a-49c6a742e275,5b0fa12a-3dd7-45bb-9766-cc326314d9f1,15.410003321012482,0.00021251744665346024,1.3790876109914896e-05,117.81368911542859,140.50753490405265,6.0,0.00040353383652252885,0.00048127038499501396,9.670887403578189e-06,0.0008944751089211211,0.0,United Kingdom,GBR,england,,,Linux-6.4.0-150600.23.73_15.0.14-cray_shasta_c_64k-aarch64-with-glibc2.38,3.11.7,3.3.0,72,Neoverse-V2,1,1 x NVIDIA GH200 120GB,-2.5917,51.4535,64,machine,12.266666666666666,0.4166666666666667,24.199999999999992,207.03895568847656,N,1.0,0.0
2026-09-27T00:04:48,mobilenet_v3_small_batch2_node_3_local_train,21869ffa-a7d5-48b7-a2de-5723f2fbb14a,5b0fa12a-3dd7-45bb-9766-cc326314d9f1,12.276119980029762,0.0001630385065648141,1.328094763085061e-05,117.1005019776,145.3731438488516,6.0,0.00030346647761147105,0.00036914640642748964,1.3607886134802053e-05,0.0006862207701737627,0.0,United Kingdom,GBR,england,,,Linux-6.4.0-150600.23.73_15.0.14-cray_shasta_c_64k-aarch64-with-glibc2.38,3.11.7,3.3.0,72,Neoverse-V2,1,1 x NVIDIA GH200 120GB,-2.5917,51.4535,64,machine,5.911111111111111,2.111111111111111,24.199999999999996,206.99716525607639,N,1.0,0.0
2026-09-27T00:05:04,mobilenet_v3_small_batch2_node_3_evaluate,6724d3c5-b72c-4aef-b513-93bf9c12e7e0,5b0fa12a-3dd7-45bb-9766-cc326314d9f1,13.015143802855164,0.00017318332587432076,1.3306293691225225e-05,117.6383703641143,141.5097218524956,6.0,0.0003269592242607461,0.0003919861469228181,9.974426762976994e-06,0.0007289197979465412,0.0,United Kingdom,GBR,england,,,Linux-6.4.0-150600.23.73_15.0.14-cray_shasta_c_64k-aarch64-with-glibc2.38,3.11.7,3.3.0,72,Neoverse-V2,1,1 x NVIDIA GH200 120GB,-2.5917,51.4535,64,machine,0.7888888888888889,0.3333333333333333,24.199999999999996,206.98392062717014,N,1.0,0.0
2026-09-27T00:08:00,mobilenet_v3_small_batch2_node_4_local_train,15e2c1ed-8d1f-47a4-a2a2-0f631954162e,5b0fa12a-3dd7-45bb-9766-cc326314d9f1,13.806711685843766,0.0001884168604585765,1.3646758529169781e-05,117.15628303440002,141.92296836939408,6.0,0.0003525716003618485,0.0004275670086997252,1.2898360068211332e-05,0.000793036969129785,0.0,United Kingdom,GBR,england,,,Linux-6.4.0-150600.23.73_15.0.14-cray_shasta_c_64k-aarch64-with-glibc2.38,3.11.7,3.3.0,72,Neoverse-V2,1,1 x NVIDIA GH200 120GB,-2.5917,51.4535,64,machine,10.819999999999999,3.2,24.199999999999996,207.34990234375,N,1.0,0.0
2026-09-27T00:08:17,mobilenet_v3_small_batch2_node_4_evaluate,5ce2b64a-8ab4-4c55-8503-42182171ee7e,5b0fa12a-3dd7-45bb-9766-cc326314d9f1,9.018457842990756,0.00010475235905231337,1.1615329458320642e-05,117.33989290560001,70.46846539877114,6.0,0.00019801755801238466,0.0002329512974768022,9.928488463240986e-06,0.00044089734395242784,0.0,United Kingdom,GBR,england,,,Linux-6.4.0-150600.23.73_15.0.14-cray_shasta_c_64k-aarch64-with-glibc2.38,3.11.7,3.3.0,72,Neoverse-V2,1,1 x NVIDIA GH200 120GB,-2.5917,51.4535,64,machine,0.0,0.6,24.2,207.2508056640625,N,1.0,0.0
2026-09-27T00:08:30,mobilenet_v3_small_batch2_node_5_local_train,4916c5ca-0733-44b4-bcbd-864d274d7546,5b0fa12a-3dd7-45bb-9766-cc326314d9f1,12.073224872117862,0.00016051654503679565,1.3295250170275189e-05,116.89302166848,72.56848087405557,6.0,0.0002972476507438685,0.0003633327906698014,1.5025521138450132e-05,0.0006756059625521201,0.0,United Kingdom,GBR,england,,,Linux-6.4.0-150600.23.73_15.0.14-cray_shasta_c_64k-aarch64-with-glibc2.38,3.11.7,3.3.0,72,Neoverse-V2,1,1 x NVIDIA GH200 120GB,-2.5917,51.4535,64,machine,0.0,3.111111111111111,24.199999999999996,207.31929524739584,N,1.0,0.0
2026-09-27T00:08:53,mobilenet_v3_small_batch2_node_5_evaluate,1d02c7a4-8ce9-4493-aafb-a98ce58912cf,5b0fa12a-3dd7-45bb-9766-cc326314d9f1,15.24922483600676,0.0002109821142506463,1.3835596006983339e-05,118.10546389028572,141.2309864715204,6.0,0.0004000065198074991,0.0004781131602555888,9.893292972895627e-06,0.0008880129730359836,0.0,United Kingdom,GBR,england,,,Linux-6.4.0-150600.23.73_15.0.14-cray_shasta_c_64k-aarch64-with-glibc2.38,3.11.7,3.3.0,72,Neoverse-V2,1,1 x NVIDIA GH200 120GB,-2.5917,51.4535,64,machine,3.525,0.16666666666666666,24.199999999999992,207.29401143391928,N,1.0,0.0
2026-09-27T00:09:11,mobilenet_v3_small_batch2_node_0_exchange,1d1c6581-a68a-4b1e-9142-e553a05c3a9c,5b0fa12a-3dd7-45bb-9766-cc326314d9f1,9.060868659988046,0.00010609247453841502,1.1708863522866138e-05,117.08702723520001,141.93511037969483,6.0,0.00019751965234064283,0.0002406893592308279,8.328810206536824e-06,0.0004465378217780075,0.0,United Kingdom,GBR,england,,,Linux-6.4.0-150600.23.73_15.0.14-cray_shasta_c_64k-aarch64-with-glibc2.38,3.11.7,3.3.0,72,Neoverse-V2,1,1 x NVIDIA GH200 120GB,-2.5917,51.4535,64,machine,0.0,2.6666666666666665,24.2,207.29509480794272,N,1.0,0.0
2026-09-27T00:09:26,mobilenet_v3_small_batch2_node_1_exchange,cc0ff8ff-a3b6-46d5-b799-d8c50728595b,5b0fa12a-3dd7-45bb-9766-cc326314d9f1,10.582801619078964,0.0001330652451080793,1.2573725738956085e-05,117.06969195154286,141.48114678755275,6.0,0.00024767823933594617,0.00030151496343933104,1.0871636540008088e-05,0.0005600648393152852,0.0,United Kingdom,GBR,england,,,Linux-6.4.0-150600.23.73_15.0.14-cray_shasta_c_64k-aarch64-with-glibc2.38,3.11.7,3.3.0,72,Neoverse-V2,1,1 x NVIDIA GH200 120GB,-2.5917,51.4535,64,machine,0.0,3.0,24.199999999999996,207.2906755719866,N,1.0,0.0
2026-09-27T00:09:40,mobilenet_v3_small_batch2_node_2_exchange,c770e859-5ef2-49ec-9fa9-ebeb8ecf44c2,5b0fa12a-3dd7-45bb-9766-cc326314d9f1,11.805973254144192,0.00015016096014201796,1.2719066603789544e-05,116.7755570064,141.84025769637609,6.0,0.0002831682268431502,0.00034298944106581075,5.862165256791438e-06,0.0006320198331657525,0.0,United Kingdom,GBR,england,,,Linux-6.4.0-150600.23.73_15.0.14-cray_shasta_c_64k-aarch64-with-glibc2.38,3.11.7,3.3.0,72,Neoverse-V2,1,1 x NVIDIA GH200 120GB,-2.5917,51.4535,64,machine,7.2875,2.125,24.199999999999996,207.48937225341797,N,1.0,0.0
2026-09-27T00:10:02,mobilenet_v3_small_batch2_node_3_exchange,1948431f-57cc-4393-8a56-0b0c4cb7169b,5b0fa12a-3dd7-45bb-9766-cc326314d9f1,8.459319884190336,9.607716475902653e-05,1.1357551916033534e-05,116.63536078080001,72.91880043494324,6.0,0.00017718669512708764,0.00021821406346589356,8.983134428272023e-06,0.0004043838930212532,0.0,United Kingdom,GBR,england,,,Linux-6.4.0-150600.23.73_15.0.14-cray_shasta_c_64k-aarch64-with-glibc2.38,3.11.7,3.3.0,72,Neoverse-V2,1,1 x NVIDIA GH200 120GB,-2.5917,51.4535,64,machine,0.0,4.0,24.22,207.63720703125,N,1.0,0.0
2026-09-27T00:10:41,mobilenet_v3_small_batch2_node_4_exchange,26bd9903-639d-437b-abb5-dfdc7ee0907b,5b0fa12a-3dd7-45bb-9766-cc326314d9f1,9.22963213804178,0.00010920241230510244,1.1831718823874118e-05,116.889462144,142.60195118151964,6.0,0.00020213178395250687,0.00024891381025327064,8.581797235334914e-06,0.0004596273914411124,0.0,United Kingdom,GBR,england,,,Linux-6.4.0-150600.23.73_15.0.14-cray_shasta_c_64k-aarch64-with-glibc2.38,3.11.7,3.3.0,72,Neoverse-V2,1,1 x NVIDIA GH200 120GB,-2.5917,51.4535,64,machine,7.533333333333334,0.3333333333333333,24.2,207.6063028971354,N,1.0,0.0
2026-09-27T00:13:05,mobilenet_v3_small_batch2_node_5_exchange,44d1519c-b88c-4068-9ec0-287c6b66b27d,5b0fa12a-3dd7-45bb-9766-cc326314d9f1,121.08198336395435,0.0020449376248969763,1.6888867923068286e-05,115.74342702291166,140.49674572351205,6.0,0.003784306905814958,0.004592896174330008,0.00022983522927582577,0.008607038309420792,0.0,United Kingdom,GBR,england,,,Linux-6.4.0-150600.23.73_15.0.14-cray_shasta_c_64k-aarch64-with-glibc2.38,3.11.7,3.3.0,72,Neoverse-V2,1,1 x NVIDIA GH200 120GB,-2.5917,51.4535,64,machine,1.0213675213675213,0.02564102564102564,24.295726495726523,207.83920262002536,N,1.0,0.0
2026-09-27T00:14:03,mobilenet_v3_small_batch2_node_0_evaluate,7690a535-fa72-449e-83b8-6f9dbbc20c47,5b0fa12a-3dd7-45bb-9766-cc326314d9f1,8.939033750910312,0.00010390060145487786,1.1623247472837551e-05,117.19398870720002,71.4625933635253,6.0,0.00019465282175721964,0.00023287796409476869,9.781553754971052e-06,0.00043731233960695934,0.0,United Kingdom,GBR,england,,,Linux-6.4.0-150600.23.73_15.0.14-cray_shasta_c_64k-aarch64-with-glibc2.38,3.11.7,3.3.0,72,Neoverse-V2,1,1 x NVIDIA GH200 120GB,-2.5917,51.4535,64,machine,0.0,0.6,24.3,207.9598388671875,N,1.0,0.0
2026-09-27T00:14:20,mobilenet_v3_small_batch2_node_1_evaluate,5e165cc3-4587-40ce-b41f-5ea80eacd3d2,5b0fa12a-3dd7-45bb-9766-cc326314d9f1,15.2301403619349,0.0002104690610789098,1.381924631534853e-05,117.85721575680002,141.32171473333946,6.0,0.0003984407257013804,0.0004774795486639505,9.93328400189057e-06,0.0008858535583672215,0.0,United Kingdom,GBR,england,,,Linux-6.4.0-150600.23.73_15.0.14-cray_shasta_c_64k-aarch64-with-glibc2.38,3.11.7,3.3.0,72,Neoverse-V2,1,1 x NVIDIA GH200 120GB,-2.5917,51.4535,64,machine,5.266666666666667,0.25,24.300000000000008,208.01029459635416,N,1.0,0.0
2026-09-27T00:14:51,mobilenet_v3_small_batch2_node_2_evaluate,1769e833-7bae-44a1-9095-8fb65276f8d7,5b0fa12a-3dd7-45bb-9766-cc326314d9f1,9.791323648998514,0.00011914321716125226,1.2168244195812952e-05,117.87020383680002,146.9811473006633,6.0,0.00022406254008986557,0.0002678599365140144,9.545256166796511e-06,0.0005014677327706765,0.0,United Kingdom,GBR,england,,,Linux-6.4.0-150600.23.73_15.0.14-cray_shasta_c_64k-aarch64-with-glibc2.38,3.11.7,3.3.0,72,Neoverse-V2,1,1 x NVIDIA GH200 120GB,-2.5917,51.4535,64,machine,0.0,0.3333333333333333,24.3,208.08699544270834,N,1.0,0.0
2026-09-27T00:15:16,mobilenet_v3_small_batch2_node_3_evaluate,0908cc64-13e7-4128-81fb-815eac2b178e,5b0fa12a-3dd7-45bb-9766-cc326314d9f1,9.956246784888208,0.00012125088110316732,1.2178372405071794e-05,117.80657066879999,140.43960976504576,6.0,0.0002291135644702592,0.0002714213282501987,9.803890233160927e-06,0.0005103387829536188,0.0,United Kingdom,GBR,england,,,Linux-6.4.0-150600.23.73_15.0.14-cray_shasta_c_64k-aarch64-with-glibc2.38,3.11.7,3.3.0,72,Neoverse-V2,1,1 x NVIDIA GH200 120GB,-2.5917,51.4535,64,machine,0.0,0.5,24.3,208.10163370768228,N,1.0,0.0
2026-09-27T00:15:35,mobilenet_v3_small_batch2_node_4_evaluate,fa73a105-bc48-48d8-9fc8-ead32ade1354,5b0fa12a-3dd7-45bb-9766-cc326314d9f1,16.776188348187134,0.00023580301610053847,1.4055815970021568e-05,117.54414164777144,140.80195380520178,6.0,0.00044699205969609253,0.0005356895952104423,9.801229825243353e-06,0.0009924828847317783,0.0,United Kingdom,GBR,england,,,Linux-6.4.0-150600.23.73_15.0.14-cray_shasta_c_64k-aarch64-with-glibc2.38,3.11.7,3.3.0,72,Neoverse-V2,1,1 x NVIDIA GH200 120GB,-2.5917,51.4535,64,machine,11.946153846153846,0.15384615384615385,24.300000000000008,208.06282395582932,N,1.0,0.0
2026-09-27T00:15:45,mobilenet_v3_small_batch2_node_5_evaluate,c2a75f9b-8dcc-49ab-b540-6b3653f45102,5b0fa12a-3dd7-45bb-9766-cc326314d9f1,8.983394685899839,0.00010447453269288097,1.1629738684070305e-05,117.40261688640001,70.79545691686303,6.0,0.00019711326307674518,0.00023274657507954544,9.868148799675207e-06,0.00043972798695596585,0.0,United Kingdom,GBR,england,,,Linux-6.4.0-150600.23.73_15.0.14-cray_shasta_c_64k-aarch64-with-glibc2.38,3.11.7,3.3.0,72,Neoverse-V2,1,1 x NVIDIA GH200 120GB,-2.5917,51.4535,64,machine,0.0,0.8,24.3,208.08173828125,N,1.0,0.0
2026-09-27T00:17:34,efficientnet_lite0_batch2_node_0_local_train,bde6082f-26e3-4445-b942-e3cbc01eb5df,5b0fa12a-3dd7-45bb-9766-cc326314d9f1,8.297894893912598,9.821416706926534e-05,1.1836034117679176e-05,116.60923609920002,80.14833415616756,6.0,0.00017179898827371303,0.00023285796407890302,8.721474549577883e-06,0.0004133784269021939,0.0,United Kingdom,GBR,england,,,Linux-6.4.0-150600.23.73_15.0.14-cray_shasta_c_64k-aarch64-with-glibc2.38,3.11.7,3.3.0,72,Neoverse-V2,1,1 x NVIDIA GH200 120GB,-2.5917,51.4535,64,machine,0.0,12.2,24.6,211.039794921875,N,1.0,0.0
2026-09-27T00:17:47,efficientnet_lite0_batch2_node_0_evaluate,b21a5436-6866-4619-94b2-8e7afdcbad19,5b0fa12a-3dd7-45bb-9766-cc326314d9f1,9.934653986012563,0.0001228681224001159,1.2367629770811077e-05,117.69314336640001,142.67815095153873,6.0,0.00022847406124146106,0.0002788830008739751,9.788607086908693e-06,0.0005171456692023449,0.0,United Kingdom,GBR,england,,,Linux-6.4.0-150600.23.73_15.0.14-cray_shasta_c_64k-aarch64-with-glibc2.38,3.11.7,3.3.0,72,Neoverse-V2,1,1 x NVIDIA GH200 120GB,-2.5917,51.4535,64,machine,0.0,2.0,24.599999999999998,210.961669921875,N,1.0,0.0
2026-09-27T00:17:58,efficientnet_lite0_batch2_node_1_local_train,1206bb99-0df5-4c48-b0b1-7313a585b52c,5b0fa12a-3dd7-45bb-9766-cc326314d9f1,10.734035359928384,0.00014346677234638818,1.33655952804077e-05,116.96431896822858,150.5750249038999,6.0,0.00025198553299634165,0.00034073499480768987,1.112380988158596e-05,0.0006038443376856175,0.0,United Kingdom,GBR,england,,,Linux-6.4.0-150600.23.73_15.0.14-cray_shasta_c_64k-aarch64-with-glibc2.38,3.11.7,3.3.0,72,Neoverse-V2,1,1 x NVIDIA GH200 120GB,-2.5917,51.4535,64,machine,0.0,7.0,24.599999999999998,211.04234095982142,N,1.0,0.0
2026-09-27T00:18:41,efficientnet_lite0_batch2_node_1_evaluate,f4a437ac-2eb8-44e8-b7fb-5d8b149ddb6c,5b0fa12a-3dd7-45bb-9766-cc326314d9f1,15.040967965032905,0.00020918208774166994,1.3907488416169385e-05,117.80257744594287,143.70172065836692,6.0,0.00039226685269346266,0.0004782228825774837,9.947017868592715e-06,0.0008804367531395391,0.0,United Kingdom,GBR,england,,,Linux-6.4.0-150600.23.73_15.0.14-cray_shasta_c_64k-aarch64-with-glibc2.38,3.11.7,3.3.0,72,Neoverse-V2,1,1 x NVIDIA GH200 120GB,-2.5917,51.4535,64,machine,2.118181818181818,0.7272727272727273,24.599999999999998,210.97150767933238,N,1.0,0.0
2026-09-27T00:18:56,efficientnet_lite0_batch2_node_2_local_train,ba3c7f80-a2e6-4023-9b3a-77d71b7f3545,5b0fa12a-3dd7-45bb-9766-cc326314d9f1,6.665094759082422,6.77739298464122e-05,1.0168487065252556e-05,116.1574618608,81.0666084490627,6.0,0.00011739650089696055,0.00016186512948479503,5.9953884466085585e-06,0.00028525701882836413,0.0,United Kingdom,GBR,england,,,Linux-6.4.0-150600.23.73_15.0.14-cray_shasta_c_64k-aarch64-with-glibc2.38,3.11.7,3.3.0,72,Neoverse-V2,1,1 x NVIDIA GH200 120GB,-2.5917,51.4535,64,machine,20.466666666666665,6.0,24.600000000000005,210.99348958333334,N,1.0,0.0
2026-09-27T00:19:07,efficientnet_lite0_batch2_node_2_evaluate,4b847e43-08d0-42cf-a9bd-b5a693824888,5b0fa12a-3dd7-45bb-9766-cc326314d9f1,9.794662630883977,0.0001200011530159965,1.2251688244740115e-05,117.8599750272,142.3235096530042,6.0,0.00022404799943842482,0.00027148271720989214,9.54802443816637e-06,0.0005050787410864834,0.0,United Kingdom,GBR,england,,,Linux-6.4.0-150600.23.73_15.0.14-cray_shasta_c_64k-aarch64-with-glibc2.38,3.11.7,3.3.0,72,Neoverse-V2,1,1 x NVIDIA GH200 120GB,-2.5917,51.4535,64,machine,0.0,2.0,24.599999999999998,210.97909545898438,N,1.0,0.0
2026-09-27T00:19:21,efficientnet_lite0_batch2_node_3_local_train,1ca7dd7b-ab27-4bb2-ae4c-7457f6f0ce8a,5b0fa12a-3dd7-45bb-9766-cc326314d9f1,8.566115851979703,0.00010389112085673365,1.2128148002192094e-05,116.59640094720001,80.9020300443954,6.0,0.00018078386401379723,0.0002473124200719212,9.17615216652242e-06,0.00043727243625224087,0.0,United Kingdom,GBR,england,,,Linux-6.4.0-150600.23.73_15.0.14-cray_shasta_c_64k-aarch64-with-glibc2.38,3.11.7,3.3.0,72,Neoverse-V2,1,1 x NVIDIA GH200 120GB,-2.5917,51.4535,64,machine,0.0,10.2,24.6,210.951708984375,N,1.0,0.0
2026-09-27T00:19:36,efficientnet_lite0_batch2_node_3_evaluate,36a00322-e9a2-4a47-a2bc-7c8efd8216a1,5b0fa12a-3dd7-45bb-9766-cc326314d9f1,10.410141853848472,0.0001302570555136527,1.2512514943828419e-05,117.73331515748573,140.39722388416794,6.0,0.0002433784238890969,0.00029504718048656287,9.819707964779808e-06,0.0005482453123404396,0.0,United Kingdom,GBR,england,,,Linux-6.4.0-150600.23.73_15.0.14-cray_shasta_c_64k-aarch64-with-glibc2.38,3.11.7,3.3.0,72,Neoverse-V2,1,1 x NVIDIA GH200 120GB,-2.5917,51.4535,64,machine,17.8,1.7142857142857142,24.657142857142855,211.13289969308036,N,1.0,0.0
2026-09-27T00:19:51,efficientnet_lite0_batch2_node_4_local_train,a779dcc8-e7bb-4b76-8b2d-da4954ce3bac,5b0fa12a-3dd7-45bb-9766-cc326314d9f1,13.298221668926999,0.00018303056266193198,1.3763536750903046e-05,116.9555818176,150.56926084298118,6.0,0.00033284309608945447,0.0004287970096754634,8.726210276363417e-06,0.0007703663160412813,0.0,United Kingdom,GBR,england,,,Linux-6.4.0-150600.23.73_15.0.14-cray_shasta_c_64k-aarch64-with-glibc2.38,3.11.7,3.3.0,72,Neoverse-V2,1,1 x NVIDIA GH200 120GB,-2.5917,51.4535,64,machine,6.83,4.2,24.779999999999998,211.97991943359375,N,1.0,0.0
2026-09-27T00:20:31,efficientnet_lite0_batch2_node_4_evaluate,eb9f142b-69ca-4c6f-96c1-cfc744430e06,5b0fa12a-3dd7-45bb-9766-cc326314d9f1,9.95390479103662,0.00012322324499529138,1.2379387545102153e-05,117.76181374080002,140.57525549065923,6.0,0.000229113034213495,0.00027978522382454685,9.742104080117618e-06,0.0005186403621181595,0.0,United Kingdom,GBR,england,,,Linux-6.4.0-150600.23.73_15.0.14-cray_shasta_c_64k-aarch64-with-glibc2.38,3.11.7,3.3.0,72,Neoverse-V2,1,1 x NVIDIA GH200 120GB,-2.5917,51.4535,64,machine,0.0,2.0,25.8,220.7147216796875,N,1.0,0.0
2026-09-27T00:20:50,efficientnet_lite0_batch2_node_5_local_train,a535ceb5-0c36-4662-a667-5219cef830ca,5b0fa12a-3dd7-45bb-9766-cc326314d9f1,10.151391566963866,0.00013195339295094533,1.299855217686285e-05,116.84260557257143,155.57961630518727,6.0,0.00023261368184947573,0.0003126316389909789,1.0139789374855658e-05,0.0005553851102153102,0.0,United Kingdom,GBR,england,,,Linux-6.4.0-150600.23.73_15.0.14-cray_shasta_c_64k-aarch64-with-glibc2.38,3.11.7,3.3.0,72,Neoverse-V2,1,1 x NVIDIA GH200 120GB,-2.5917,51.4535,64,machine,14.785714285714286,9.142857142857142,25.800000000000004,220.73048618861608,N,1.0,0.0
2026-09-27T00:21:03,efficientnet_lite0_batch2_node_5_evaluate,22b6cfbe-a17c-4863-9893-8c39ec93efce,5b0fa12a-3dd7-45bb-9766-cc326314d9f1,12.312726746080443,0.00016348640351496752,1.3277839010518996e-05,117.82950927634288,144.0381111684374,6.0,0.0003048132109917695,0.00037337946537263633,9.913269260044521e-06,0.0006881059456244503,0.0,United Kingdom,GBR,england,,,Linux-6.4.0-150600.23.73_15.0.14-cray_shasta_c_64k-aarch64-with-glibc2.38,3.11.7,3.3.0,72,Neoverse-V2,1,1 x NVIDIA GH200 120GB,-2.5917,51.4535,64,machine,15.02222222222222,1.7777777777777777,25.800000000000004,220.64198133680554,N,1.0,0.0
2026-09-27T00:21:32,mobilevit_xxs_batch2_node_0_local_train,6140b3c8-d096-4355-8f1e-ffbfdf4fc950,5b0fa12a-3dd7-45bb-9766-cc326314d9f1,11.172747930977494,0.00014966066331948774,1.339515258413192e-05,116.85823418880001,739.2041152625279,6.0,0.0002658094012940796,0.000350591947153589,1.3512760873418302e-05,0.000629914109321087,0.0,United Kingdom,GBR,england,,,Linux-6.4.0-150600.23.73_15.0.14-cray_shasta_c_64k-aarch64-with-glibc2.38,3.11.7,3.3.0,72,Neoverse-V2,1,1 x NVIDIA GH200 120GB,-2.5917,51.4535,64,machine,8.2375,8.625,25.800000000000004,220.94642639160156,N,1.0,0.0
2026-09-27T00:22:03,mobilevit_xxs_batch2_node_0_evaluate,9453d7eb-2071-40d2-a916-bacf20c26ab7,5b0fa12a-3dd7-45bb-9766-cc326314d9f1,10.025196525035426,0.00012399319050548956,1.2368155596336443e-05,117.5880918528,147.86285745334817,6.0,0.00023105599480109022,0.00028089828026622854,9.926748488020773e-06,0.0005218810235553395,0.0,United Kingdom,GBR,england,,,Linux-6.4.0-150600.23.73_15.0.14-cray_shasta_c_64k-aarch64-with-glibc2.38,3.11.7,3.3.0,72,Neoverse-V2,1,1 x NVIDIA GH200 120GB,-2.5917,51.4535,64,machine,0.0,2.0,25.8,221.03216552734375,N,1.0,0.0
2026-09-27T00:22:45,mobilevit_xxs_batch2_node_1_local_train,be0d32ec-8331-4785-aef6-7b0955c37fb8,5b0fa12a-3dd7-45bb-9766-cc326314d9f1,15.527490339009091,0.00022631452954040556,1.4575087448088416e-05,116.74463989352728,149.51572828327883,6.0,0.00040800856269592475,0.0005271020883412803,1.7435677035246044e-05,0.000952546328072451,0.0,United Kingdom,GBR,england,,,Linux-6.4.0-150600.23.73_15.0.14-cray_shasta_c_64k-aarch64-with-glibc2.38,3.11.7,3.3.0,72,Neoverse-V2,1,1 x NVIDIA GH200 120GB,-2.5917,51.4535,64,machine,0.0,6.333333333333333,25.800000000000008,220.9709014892578,N,1.0,0.0
2026-09-27T00:23:04,mobilevit_xxs_batch2_node_1_evaluate,c16988d8-19a7-405a-90f5-a56cdbdac3e7,5b0fa12a-3dd7-45bb-9766-cc326314d9f1,12.135442659957334,0.00015984552834247907,1.3171792148127627e-05,117.98885214308572,142.64805658439508,6.0,0.0002999906866812684,0.0003626819568296469,1.0109043951379136e-05,0.0006727816874622945,0.0,United Kingdom,GBR,england,,,Linux-6.4.0-150600.23.73_15.0.14-cray_shasta_c_64k-aarch64-with-glibc2.38,3.11.7,3.3.0,72,Neoverse-V2,1,1 x NVIDIA GH200 120GB,-2.5917,51.4535,64,machine,7.6000000000000005,1.3333333333333333,25.800000000000004,220.92528618706598,N,1.0,0.0
2026-09-27T00:23:15,mobilevit_xxs_batch2_node_2_local_train,79a4d753-d84c-44ab-b197-bbafed5f0a10,5b0fa12a-3dd7-45bb-9766-cc326314d9f1,9.69935370888561,0.00011974988398067537,1.2346171464081376e-05,116.61791973120002,145.12653272515746,6.0,0.0002169870498282964,0.0002776368887964509,9.397223889827728e-06,0.000504021162514575,0.0,United Kingdom,GBR,england,,,Linux-6.4.0-150600.23.73_15.0.14-cray_shasta_c_64k-aarch64-with-glibc2.38,3.11.7,3.3.0,72,Neoverse-V2,1,1 x NVIDIA GH200 120GB,-2.5917,51.4535,64,machine,18.516666666666666,7.5,25.8,220.98233032226562,N,1.0,0.0
2026-09-27T00:23:38,mobilevit_xxs_batch2_node_2_evaluate,cbdd20b1-0020-4fe7-9339-4d6af2142dad,5b0fa12a-3dd7-45bb-9766-cc326314d9f1,10.870606635930017,0.00013785304177101266,1.268126484453725e-05,117.82096274880001,142.2122846142974,6.0,0.0002585794985877686,0.0003119649717859829,9.671961241401732e-06,0.0005802164316151533,0.0,United Kingdom,GBR,england,,,Linux-6.4.0-150600.23.73_15.0.14-cray_shasta_c_64k-aarch64-with-glibc2.38,3.11.7,3.3.0,72,Neoverse-V2,1,1 x NVIDIA GH200 120GB,-2.5917,51.4535,64,machine,0.0,2.2857142857142856,25.800000000000004,221.04478236607142,N,1.0,0.0
2026-09-27T00:24:02,mobilevit_xxs_batch2_node_3_local_train,655b3d6b-7061-4bdd-a373-cba80d0c57bb,5b0fa12a-3dd7-45bb-9766-cc326314d9f1,12.71762393694371,0.0001754335786173726,1.3794524786013814e-05,116.75639376,145.53721134429895,6.0,0.00031656962080784165,0.00040739754814467233,1.442382817855105e-05,0.000738390997131065,0.0,United Kingdom,GBR,england,,,Linux-6.4.0-150600.23.73_15.0.14-cray_shasta_c_64k-aarch64-with-glibc2.38,3.11.7,3.3.0,72,Neoverse-V2,1,1 x NVIDIA GH200 120GB,-2.5917,51.4535,64,machine,5.566666666666666,7.888888888888889,25.800000000000004,221.0143025716146,N,1.0,0.0
2026-09-27T00:26:47,mobilevit_xxs_batch2_node_3_evaluate,e646cb2a-3f57-4e27-a6b0-4b014abfd501,5b0fa12a-3dd7-45bb-9766-cc326314d9f1,38.310431755846366,0.0006051689020196024,1.579645214850001e-05,116.53875519185455,145.8511849997339,6.0,0.0011357885848531407,0.0013763861011284462,3.495039985825618e-05,0.0025471250858398425,0.0,United Kingdom,GBR,england,,,Linux-6.4.0-150600.23.73_15.0.14-cray_shasta_c_64k-aarch64-with-glibc2.38,3.11.7,3.3.0,72,Neoverse-V2,1,1 x NVIDIA GH200 120GB,-2.5917,51.4535,64,machine,3.202857142857143,0.45714285714285713,25.799999999999983,221.25063999720982,N,1.0,0.0
2026-09-27T00:27:07,mobilevit_xxs_batch2_node_4_local_train,eea1ff76-2f7f-49fb-8dce-604c194d8a45,5b0fa12a-3dd7-45bb-9766-cc326314d9f1,16.512357203057036,0.00024001459241520582,1.4535453022465528e-05,116.82441869760002,147.5786486102554,6.0,0.0004379170839132272,0.0005585943357573342,1.369777526357211e-05,0.0010102091949341335,0.0,United Kingdom,GBR,england,,,Linux-6.4.0-150600.23.73_15.0.14-cray_shasta_c_64k-aarch64-with-glibc2.38,3.11.7,3.3.0,72,Neoverse-V2,1,1 x NVIDIA GH200 120GB,-2.5917,51.4535,64,machine,4.392307692307693,3.923076923076923,25.800000000000008,221.25443678635818,N,1.0,0.0
2026-09-27T00:29:08,mobilevit_xxs_batch2_node_4_evaluate,e4695191-6496-4018-b8d0-c761cca5af0e,5b0fa12a-3dd7-45bb-9766-cc326314d9f1,9.033843614859506,0.00010699290274729336,1.1843563748580266e-05,117.1883784096,73.1595672551181,6.0,0.00019803004695422181,0.00024235380499249004,9.943826301411415e-06,0.0004503276782481233,0.0,United Kingdom,GBR,england,,,Linux-6.4.0-150600.23.73_15.0.14-cray_shasta_c_64k-aarch64-with-glibc2.38,3.11.7,3.3.0,72,Neoverse-V2,1,1 x NVIDIA GH200 120GB,-2.5917,51.4535,64,machine,0.0,2.4,25.9,221.465771484375,N,1.0,0.0
2026-09-27T00:29:23,mobilevit_xxs_batch2_node_5_local_train,040b4789-2980-4fdb-ab89-2a06161e05e8,5b0fa12a-3dd7-45bb-9766-cc326314d9f1,14.046366525115445,0.0001998791235523699,1.4229952151325277e-05,116.71866876672001,147.88880830493946,6.0,0.00035993461532488475,0.0004653225944650785,1.6023840899967275e-05,0.0008412810506899305,0.0,United Kingdom,GBR,england,,,Linux-6.4.0-150600.23.73_15.0.14-cray_shasta_c_64k-aarch64-with-glibc2.38,3.11.7,3.3.0,72,Neoverse-V2,1,1 x NVIDIA GH200 120GB,-2.5917,51.4535,64,machine,0.0,4.8,25.860000000000003,221.43182983398438,N,1.0,0.0
2026-09-27T00:29:33,mobilevit_xxs_batch2_node_5_evaluate,e41cc80c-46fe-4cb4-a356-cf55a203f3f0,5b0fa12a-3dd7-45bb-9766-cc326314d9f1,9.079583995975554,0.00010770598320905192,1.1862435906401841e-05,117.4660981385143,72.65061589586936,6.0,0.00020053628020076598,0.0002427621386402734,1.0030578751660263e-05,0.00045332899759269966,0.0,United Kingdom,GBR,england,,,Linux-6.4.0-150600.23.73_15.0.14-cray_shasta_c_64k-aarch64-with-glibc2.38,3.11.7,3.3.0,72,Neoverse-V2,1,1 x NVIDIA GH200 120GB,-2.5917,51.4535,64,machine,0.0,2.0,25.83333333333334,221.37410481770834,N,1.0,0.0
2026-09-27T00:29:52,mobilevit_xxs_batch2_node_0_exchange,211f34c4-0baa-44c0-8402-e39e9adcde05,5b0fa12a-3dd7-45bb-9766-cc326314d9f1,8.400710041867569,9.831857426443478e-05,1.1703602882903157e-05,116.4522387456,77.66379412543581,6.0,0.00017489880123823615,0.00023002823957085639,8.890830659850809e-06,0.00041381787146894337,0.0,United Kingdom,GBR,england,,,Linux-6.4.0-150600.23.73_15.0.14-cray_shasta_c_64k-aarch64-with-glibc2.38,3.11.7,3.3.0,72,Neoverse-V2,1,1 x NVIDIA GH200 120GB,-2.5917,51.4535,64,machine,0.0,11.4,25.9,221.538134765625,N,1.0,0.0
2026-09-27T00:30:27,mobilevit_xxs_batch2_node_1_exchange,290799ac-41d9-48ad-b8ae-2f224ea3bba1,5b0fa12a-3dd7-45bb-9766-cc326314d9f1,11.061526424949989,0.00014515976178776501,1.3122941284156569e-05,116.77742976960002,145.97569542062678,6.0,0.0002621924184123663,0.0003371272141521331,1.1650411451701076e-05,0.0006109700440162004,0.0,United Kingdom,GBR,england,,,Linux-6.4.0-150600.23.73_15.0.14-cray_shasta_c_64k-aarch64-with-glibc2.38,3.11.7,3.3.0,72,Neoverse-V2,1,1 x NVIDIA GH200 120GB,-2.5917,51.4535,64,machine,12.442857142857141,6.0,25.900000000000002,221.65979875837053,N,1.0,0.0
2026-09-27T00:30:39,mobilevit_xxs_batch2_node_2_exchange,e1697cd3-32d7-457b-9e7b-7891b4280f0e,5b0fa12a-3dd7-45bb-9766-cc326314d9f1,7.820493842009455,8.598865670012958e-05,1.0995297539680056e-05,116.5336929936,146.7153624307177,6.0,0.00015528104472166472,0.00020039071588939805,6.25011582315589e-06,0.0003619218764342187,0.0,United Kingdom,GBR,england,,,Linux-6.4.0-150600.23.73_15.0.14-cray_shasta_c_64k-aarch64-with-glibc2.38,3.11.7,3.3.0,72,Neoverse-V2,1,1 x NVIDIA GH200 120GB,-2.5917,51.4535,64,machine,26.475,6.5,25.9,221.68641662597656,N,1.0,0.0
2026-09-27T00:31:17,mobilevit_xxs_batch2_node_3_exchange,e1ac1162-f9c7-4f20-98ad-f911574001d2,5b0fa12a-3dd7-45bb-9766-cc326314d9f1,36.84798323106952,0.0005776118503719403,1.567553498789342e-05,116.44688353536002,150.04022801562692,6.0,0.0010856919856120496,0.0013358319019971532,9.61497139496108e-06,0.002431138859004164,0.0,United Kingdom,GBR,england,,,Linux-6.4.0-150600.23.73_15.0.14-cray_shasta_c_64k-aarch64-with-glibc2.38,3.11.7,3.3.0,72,Neoverse-V2,1,1 x NVIDIA GH200 120GB,-2.5917,51.4535,64,machine,2.0515151515151517,1.5454545454545454,25.899999999999984,221.6544170957623,N,1.0,0.0
2026-09-27T00:31:45,mobilevit_xxs_batch2_node_5_exchange,e72617f9-8f57-4d65-977b-0f99ceffb0d5,5b0fa12a-3dd7-45bb-9766-cc326314d9f1,10.481154785957187,0.00013543110889180864,1.2921391932238356e-05,116.63437736365714,152.91290290189903,6.0,0.00024268989043169103,0.00031665025329630225,1.0682495753668869e-05,0.0005700226394816622,0.0,United Kingdom,GBR,england,,,Linux-6.4.0-150600.23.73_15.0.14-cray_shasta_c_64k-aarch64-with-glibc2.38,3.11.7,3.3.0,72,Neoverse-V2,1,1 x NVIDIA GH200 120GB,-2.5917,51.4535,64,machine,21.185714285714287,8.142857142857142,25.900000000000002,221.93021065848214,N,1.0,0.0
2026-09-27T00:33:49,mobilevit_xxs_batch2_node_0_evaluate,c1bdd499-f19f-4ebd-bb24-9dff98f2849d,5b0fa12a-3dd7-45bb-9766-cc326314d9f1,114.02741808700375,0.0019036051898674025,1.669427600662621e-05,117.19177253723078,114.42909305997173,6.0,0.003560550043858685,0.004319684289072256,0.00013194295586358448,0.008012177288794525,0.0,United Kingdom,GBR,england,,,Linux-6.4.0-150600.23.73_15.0.14-cray_shasta_c_64k-aarch64-with-glibc2.38,3.11.7,3.3.0,72,Neoverse-V2,1,1 x NVIDIA GH200 120GB,-2.5917,51.4535,64,machine,3.340909090909091,0.10909090909090909,25.90000000000005,221.9805897105824,N,1.0,0.0
2026-09-27T00:34:05,mobilevit_xxs_batch2_node_1_evaluate,cd649154-82ad-4a06-94d4-237469d69a41,5b0fa12a-3dd7-45bb-9766-cc326314d9f1,14.438471674919128,0.00019828991823874747,1.3733442340936553e-05,117.65712086125716,142.69985889738152,6.0,0.00037262446639975015,0.00045187647259581354,1.009122747151802e-05,0.0008345921664670818,0.0,United Kingdom,GBR,england,,,Linux-6.4.0-150600.23.73_15.0.14-cray_shasta_c_64k-aarch64-with-glibc2.38,3.11.7,3.3.0,72,Neoverse-V2,1,1 x NVIDIA GH200 120GB,-2.5917,51.4535,64,machine,0.0,1.4545454545454546,25.9,221.94997336647728,N,1.0,0.0
2026-09-27T00:34:17,mobilevit_xxs_batch2_node_2_evaluate,1faf0af9-172e-4c4e-897a-11af3aaed44a,5b0fa12a-3dd7-45bb-9766-cc326314d9f1,9.89536963403225,0.00012101102753273653,1.2229055811776273e-05,117.74653770240002,141.44463861672205,6.0,0.00022678352268404035,0.0002728363293726943,9.709399435281132e-06,0.0005093292514920158,0.0,United Kingdom,GBR,england,,,Linux-6.4.0-150600.23.73_15.0.14-cray_shasta_c_64k-aarch64-with-glibc2.38,3.11.7,3.3.0,72,Neoverse-V2,1,1 x NVIDIA GH200 120GB,-2.5917,51.4535,64,machine,0.0,2.0,25.900000000000002,222.07766723632812,N,1.0,0.0
2026-09-27T00:34:33,mobilevit_xxs_batch2_node_3_evaluate,eb233968-e25b-40e8-9b29-cb4f0fba1162,5b0fa12a-3dd7-45bb-9766-cc326314d9f1,13.68116818415001,0.00018583907316332968,1.3583567620974727e-05,117.48340615186288,143.6105899540385,6.0,0.00034750771626065446,0.00042478978426174763,9.889693174821634e-06,0.0007821871936972237,0.0,United Kingdom,GBR,england,,,Linux-6.4.0-150600.23.73_15.0.14-cray_shasta_c_64k-aarch64-with-glibc2.38,3.11.7,3.3.0,72,Neoverse-V2,1,1 x NVIDIA GH200 120GB,-2.5917,51.4535,64,machine,6.3,1.2,25.910000000000004,222.1473876953125,N,1.0,0.0
2026-09-27T00:34:52,mobilevit_xxs_batch2_node_5_evaluate,7ce2df3d-4557-46a8-875c-a82cbec3a788,5b0fa12a-3dd7-45bb-9766-cc326314d9f1,9.062256200006232,0.00010733244405442025,1.18438986589616e-05,117.33195806537142,72.76780661468433,6.0,0.00019938635082077018,0.0002423729716838352,9.997467811529836e-06,0.0004517567903161352,0.0,United Kingdom,GBR,england,,,Linux-6.4.0-150600.23.73_15.0.14-cray_shasta_c_64k-aarch64-with-glibc2.38,3.11.7,3.3.0,72,Neoverse-V2,1,1 x NVIDIA GH200 120GB,-2.5917,51.4535,64,machine,17.3,1.5,25.950000000000003,222.23404947916666,N,1.0,0.0
2026-09-27T00:36:55,mobilenet_v3_small_batch3_node_0_local_train,8b8353fa-4361-43d1-8d91-e147cd9791d2,5b0fa12a-3dd7-45bb-9766-cc326314d9f1,11.558193608885631,0.00015079467867360857,1.3046561061036532e-05,116.67552180480001,196.14289902383763,6.0,0.0002784217733485797,0.00034213832927321164,1.4127019566561405e-05,0.0006346871221883529,0.0,United Kingdom,GBR,england,,,Linux-6.4.0-150600.23.73_15.0.14-cray_shasta_c_64k-aarch64-with-glibc2.38,3.11.7,3.3.0,72,Neoverse-V2,1,1 x NVIDIA GH200 120GB,-2.5917,51.4535,64,machine,0.0,4.25,25.599999999999998,219.19052124023438,N,1.0,0.0
2026-09-27T00:37:15,mobilenet_v3_small_batch3_node_0_evaluate,da4cfb30-6201-4a07-946d-7f6f90cb5058,5b0fa12a-3dd7-45bb-9766-cc326314d9f1,17.683647256111726,0.0002517492258242284,1.4236272765349365e-05,116.82990893622858,139.95973262810762,6.0,0.000476024473332902,0.0005692179553591359,1.4357240586541593e-05,0.0010595996692785794,0.0,United Kingdom,GBR,england,,,Linux-6.4.0-150600.23.73_15.0.14-cray_shasta_c_64k-aarch64-with-glibc2.38,3.11.7,3.3.0,72,Neoverse-V2,1,1 x NVIDIA GH200 120GB,-2.5917,51.4535,64,machine,0.7928571428571428,0.21428571428571427,25.6,219.2588631766183,N,1.0,0.0
2026-09-27T00:37:31,mobilenet_v3_small_batch3_node_1_local_train,78f953ed-6c63-4138-853d-9f70929bee04,5b0fa12a-3dd7-45bb-9766-cc326314d9f1,14.261133934138343,0.00019787662291579757,1.3875237679531215e-05,117.11295066763637,143.01052698921904,6.0,0.0003685510557888634,0.0004479253583440368,1.637621337004627e-05,0.0008328526275029466,0.0,United Kingdom,GBR,england,,,Linux-6.4.0-150600.23.73_15.0.14-cray_shasta_c_64k-aarch64-with-glibc2.38,3.11.7,3.3.0,72,Neoverse-V2,1,1 x NVIDIA GH200 120GB,-2.5917,51.4535,64,machine,13.127272727272725,4.545454545454546,25.599999999999998,219.16568825461647,N,1.0,0.0
2026-09-27T00:37:47,mobilenet_v3_small_batch3_node_1_evaluate,a8d5b6cb-3624-4225-bfbe-f50bc09aa3b4,5b0fa12a-3dd7-45bb-9766-cc326314d9f1,9.104104969184846,0.00010633498088204604,1.1679893986499911e-05,117.5975642304,70.36082832209121,6.0,0.00020171539343851608,0.00023578463307671882,1.0058492111663024e-05,0.0004475585186268979,0.0,United Kingdom,GBR,england,,,Linux-6.4.0-150600.23.73_15.0.14-cray_shasta_c_64k-aarch64-with-glibc2.38,3.11.7,3.3.0,72,Neoverse-V2,1,1 x NVIDIA GH200 120GB,-2.5917,51.4535,64,machine,0.0,0.5,25.599999999999998,219.30254109700522,N,1.0,0.0
2026-09-27T00:38:04,mobilenet_v3_small_batch3_node_2_local_train,b62d7598-2cb1-46f8-801d-61496a588c9d,5b0fa12a-3dd7-45bb-9766-cc326314d9f1,12.900275096995756,0.00016975515047639922,1.315903336944591e-05,116.57110708800002,141.54137889372748,6.0,0.000319031445143038,0.00038682253168076386,8.636805478405829e-06,0.0007144907823022077,0.0,United Kingdom,GBR,england,,,Linux-6.4.0-150600.23.73_15.0.14-cray_shasta_c_64k-aarch64-with-glibc2.38,3.11.7,3.3.0,72,Neoverse-V2,1,1 x NVIDIA GH200 120GB,-2.5917,51.4535,64,machine,0.0,1.5555555555555556,25.599999999999998,219.22525363498264,N,1.0,0.0
2026-09-27T00:38:18,mobilenet_v3_small_batch3_node_2_evaluate,69933d13-7f25-4d86-83d4-64e5c58277f0,5b0fa12a-3dd7-45bb-9766-cc326314d9f1,8.889778533019125,0.00010245423070500521,1.1524947480351904e-05,117.30516079680001,70.47873521962316,6.0,0.00019362369925259292,0.00022789434896708372,9.706590568336348e-06,0.00043122463878801295,0.0,United Kingdom,GBR,england,,,Linux-6.4.0-150600.23.73_15.0.14-cray_shasta_c_64k-aarch64-with-glibc2.38,3.11.7,3.3.0,72,Neoverse-V2,1,1 x NVIDIA GH200 120GB,-2.5917,51.4535,64,machine,0.0,0.6,25.6,219.31243896484375,N,1.0,0.0
2026-09-27T00:38:39,mobilenet_v3_small_batch3_node_3_local_train,f31605a9-b806-49d9-b31b-5bd822b16404,5b0fa12a-3dd7-45bb-9766-cc326314d9f1,11.854478229070082,0.0001553670797487417,1.3106193013855607e-05,117.0831264912,141.4286904050432,6.0,0.0002890859669467862,0.0003518802814994615,1.2965876983556276e-05,0.000653932125429804,0.0,United Kingdom,GBR,england,,,Linux-6.4.0-150600.23.73_15.0.14-cray_shasta_c_64k-aarch64-with-glibc2.38,3.11.7,3.3.0,72,Neoverse-V2,1,1 x NVIDIA GH200 120GB,-2.5917,51.4535,64,machine,0.0,3.5,25.599999999999998,219.27603149414062,N,1.0,0.0
2026-09-27T00:38:51,mobilenet_v3_small_batch3_node_3_evaluate,5d051591-4590-4a81-a61d-78cf55df0ded,5b0fa12a-3dd7-45bb-9766-cc326314d9f1,9.954862443031743,0.00012124364209767138,1.2179338769521636e-05,118.0370678976,140.00280598789948,6.0,0.0002297504470067345,0.00027074604994936635,9.81181739208599e-06,0.0005103083143481869,0.0,United Kingdom,GBR,england,,,Linux-6.4.0-150600.23.73_15.0.14-cray_shasta_c_64k-aarch64-with-glibc2.38,3.11.7,3.3.0,72,Neoverse-V2,1,1 x NVIDIA GH200 120GB,-2.5917,51.4535,64,machine,0.0,0.5,25.599999999999998,219.19430541992188,N,1.0,0.0
2026-09-27T00:39:12,mobilenet_v3_small_batch3_node_4_local_train,501319ed-65e5-4c89-b374-b089c76c5465,5b0fa12a-3dd7-45bb-9766-cc326314d9f1,10.94775203987956,0.0001402436429101323,1.2810268482448673e-05,116.80502569200002,72.52768047997448,6.0,0.00025964129272329934,0.0003174944206705277,1.3142636656605948e-05,0.0005902783500504329,0.0,United Kingdom,GBR,england,,,Linux-6.4.0-150600.23.73_15.0.14-cray_shasta_c_64k-aarch64-with-glibc2.38,3.11.7,3.3.0,72,Neoverse-V2,1,1 x NVIDIA GH200 120GB,-2.5917,51.4535,64,machine,0.0,4.0,25.599999999999998,219.24549211774553,N,1.0,0.0
2026-09-27T00:39:35,mobilenet_v3_small_batch3_node_4_evaluate,8ff93e46-d266-4356-b9c1-9d373846970e,5b0fa12a-3dd7-45bb-9766-cc326314d9f1,8.942137683974579,0.00010390799792463302,1.1620040039290499e-05,117.4160791296,71.08927247251252,6.0,0.00019570956727178642,0.00023184462992276167,9.789273776890089e-06,0.00043734347097143815,0.0,United Kingdom,GBR,england,,,Linux-6.4.0-150600.23.73_15.0.14-cray_shasta_c_64k-aarch64-with-glibc2.38,3.11.7,3.3.0,72,Neoverse-V2,1,1 x NVIDIA GH200 120GB,-2.5917,51.4535,64,machine,0.0,0.6,25.6,219.349267578125,N,1.0,0.0
2026-09-27T00:39:55,mobilenet_v3_small_batch3_node_5_local_train,81d191ac-e972-457f-93ba-4c8f741deaf6,5b0fa12a-3dd7-45bb-9766-cc326314d9f1,11.878465238027275,0.0001564410911794691,1.3170143452425522e-05,116.84500260480002,72.1874479832722,6.0,0.00029042403204419185,0.0003533388937739801,1.4689659021484356e-05,0.0006584525848396562,0.0,United Kingdom,GBR,england,,,Linux-6.4.0-150600.23.73_15.0.14-cray_shasta_c_64k-aarch64-with-glibc2.38,3.11.7,3.3.0,72,Neoverse-V2,1,1 x NVIDIA GH200 120GB,-2.5917,51.4535,64,machine,0.0,3.5,25.599999999999998,219.24600219726562,N,1.0,0.0
2026-09-27T00:40:04,mobilenet_v3_small_batch3_node_5_evaluate,7fa78d22-1b46-45e2-9b00-ec71162c2ed2,5b0fa12a-3dd7-45bb-9766-cc326314d9f1,8.98312930087559,0.00010443681119976638,1.1625883108416004e-05,117.63082321920001,70.525377690924,6.0,0.00019786091954667958,0.0002318365743576578,9.87172520835884e-06,0.0004395692191126962,0.0,United Kingdom,GBR,england,,,Linux-6.4.0-150600.23.73_15.0.14-cray_shasta_c_64k-aarch64-with-glibc2.38,3.11.7,3.3.0,72,Neoverse-V2,1,1 x NVIDIA GH200 120GB,-2.5917,51.4535,64,machine,22.68,0.8,25.6,219.378271484375,N,1.0,0.0
2026-09-27T00:40:34,mobilenet_v3_small_batch3_node_0_exchange,6d3deb90-5c0d-4836-9adc-324c089e0581,5b0fa12a-3dd7-45bb-9766-cc326314d9f1,15.367498536827043,0.00021206554467493707,1.3799613786637956e-05,116.89451252022859,142.01112207029507,6.0,0.00039928155354135135,0.00048443066532399826,8.86085764466164e-06,0.0008925730765100112,0.0,United Kingdom,GBR,england,,,Linux-6.4.0-150600.23.73_15.0.14-cray_shasta_c_64k-aarch64-with-glibc2.38,3.11.7,3.3.0,72,Neoverse-V2,1,1 x NVIDIA GH200 120GB,-2.5917,51.4535,64,machine,5.05,0.4166666666666667,25.599999999999998,219.3652598063151,N,1.0,0.0
2026-09-27T00:40:50,mobilenet_v3_small_batch3_node_1_exchange,53bb1d0d-2477-474b-b2d2-1d9d41802d35,5b0fa12a-3dd7-45bb-9766-cc326314d9f1,10.603857801062986,0.00013282172381694215,1.252579262272146e-05,117.04973021897143,140.9996956692048,6.0,0.00024806841180828154,0.0003000799622725481,1.0891496523205812e-05,0.0005590398706040354,0.0,United Kingdom,GBR,england,,,Linux-6.4.0-150600.23.73_15.0.14-cray_shasta_c_64k-aarch64-with-glibc2.38,3.11.7,3.3.0,72,Neoverse-V2,1,1 x NVIDIA GH200 120GB,-2.5917,51.4535,64,machine,0.0,1.1428571428571428,25.599999999999998,219.38630894252233,N,1.0,0.0
2026-09-27T00:41:25,mobilenet_v3_small_batch3_node_2_exchange,9a3b7600-6e2c-4dbe-9390-d8e8b4024739,5b0fa12a-3dd7-45bb-9766-cc326314d9f1,7.467879710020497,7.721563399401598e-05,1.0339699753118284e-05,116.6661379728,141.17684801080452,6.0,0.000144104716960638,0.0001752256957274767,5.666258007986471e-06,0.00032499667069610117,0.0,United Kingdom,GBR,england,,,Linux-6.4.0-150600.23.73_15.0.14-cray_shasta_c_64k-aarch64-with-glibc2.38,3.11.7,3.3.0,72,Neoverse-V2,1,1 x NVIDIA GH200 120GB,-2.5917,51.4535,64,machine,34.099999999999994,3.5,25.6,219.37802124023438,N,1.0,0.0
2026-09-27T00:42:00,mobilenet_v3_small_batch3_node_3_exchange,411291ea-cb1f-4516-b7f2-0230318fda41,5b0fa12a-3dd7-45bb-9766-cc326314d9f1,29.938818224938586,0.00046284837571691534,1.5459807806687894e-05,116.21557266896842,141.60622590575767,6.0,0.0008650367772538331,0.001049481117348705,3.358734476845711e-05,0.0019481052393709951,0.0,United Kingdom,GBR,england,,,Linux-6.4.0-150600.23.73_15.0.14-cray_shasta_c_64k-aarch64-with-glibc2.38,3.11.7,3.3.0,72,Neoverse-V2,1,1 x NVIDIA GH200 120GB,-2.5917,51.4535,64,machine,5.792307692307693,0.2692307692307692,25.60000000000001,219.4759263258714,N,1.0,0.0
2026-09-27T00:42:12,mobilenet_v3_small_batch3_node_4_exchange,9ca9d0a3-9264-44dc-bf1c-53595610c0c6,5b0fa12a-3dd7-45bb-9766-cc326314d9f1,8.344745873939246,9.38962501258343e-05,1.125214015433035e-05,116.57899074240001,72.59654657560168,6.0,0.0001734871801790187,0.00021291350364549544,8.803850585051502e-06,0.00039520453440956566,0.0,United Kingdom,GBR,england,,,Linux-6.4.0-150600.23.73_15.0.14-cray_shasta_c_64k-aarch64-with-glibc2.38,3.11.7,3.3.0,72,Neoverse-V2,1,1 x NVIDIA GH200 120GB,-2.5917,51.4535,64,machine,0.0,0.4,25.6,219.5588623046875,N,1.0,0.0
2026-09-27T00:42:23,mobilenet_v3_small_batch3_node_5_exchange,e9fdaad0-50dd-43db-a522-13afe5c4f39f,5b0fa12a-3dd7-45bb-9766-cc326314d9f1,8.97452636808157,0.00010471054700920055,1.1667529038814769e-05,116.62547964480001,72.23946519881568,6.0,0.000194133717626431,0.000236749911636025,9.837729930101584e-06,0.00044072135919255757,0.0,United Kingdom,GBR,england,,,Linux-6.4.0-150600.23.73_15.0.14-cray_shasta_c_64k-aarch64-with-glibc2.38,3.11.7,3.3.0,72,Neoverse-V2,1,1 x NVIDIA GH200 120GB,-2.5917,51.4535,64,machine,27.639999999999997,4.2,25.6,219.50816650390624,N,1.0,0.0
2026-09-27T00:42:41,mobilenet_v3_small_batch3_node_0_evaluate,67d60930-d88e-4d3e-8d40-4f72e5905a5b,5b0fa12a-3dd7-45bb-9766-cc326314d9f1,8.95511225797236,0.00010394519797959235,1.1607358454613935e-05,117.34753947840001,70.95670739571226,6.0,0.0001957825066387398,0.00023190712997234186,9.810407496988775e-06,0.00043750004410807045,0.0,United Kingdom,GBR,england,,,Linux-6.4.0-150600.23.73_15.0.14-cray_shasta_c_64k-aarch64-with-glibc2.38,3.11.7,3.3.0,72,Neoverse-V2,1,1 x NVIDIA GH200 120GB,-2.5917,51.4535,64,machine,2.66,0.8,25.6,219.459326171875,N,1.0,0.0
2026-09-27T00:43:00,mobilenet_v3_small_batch3_node_1_evaluate,dcc6dd43-cd34-4083-a4db-a7a0730ee7fe,5b0fa12a-3dd7-45bb-9766-cc326314d9f1,13.938237376045436,0.00018711098403160809,1.342429311421982e-05,117.53399017234287,139.44912466118953,6.0,0.0003560393092001895,0.00042158644836831627,9.914844191710775e-06,0.0007875406017602165,0.0,United Kingdom,GBR,england,,,Linux-6.4.0-150600.23.73_15.0.14-cray_shasta_c_64k-aarch64-with-glibc2.38,3.11.7,3.3.0,72,Neoverse-V2,1,1 x NVIDIA GH200 120GB,-2.5917,51.4535,64,machine,0.0,0.3,25.599999999999998,219.59722290039062,N,1.0,0.0
2026-09-27T00:43:09,mobilenet_v3_small_batch3_node_2_evaluate,d3bba2e9-95db-4697-b0fe-dd04683d1320,5b0fa12a-3dd7-45bb-9766-cc326314d9f1,8.785769736161456,0.00010161665531464628,1.1566050370794611e-05,117.33104131200002,71.71541934982423,6.0,0.00019031034120691213,0.00022784796004771124,9.541025375171256e-06,0.00042769932662979464,0.0,United Kingdom,GBR,england,,,Linux-6.4.0-150600.23.73_15.0.14-cray_shasta_c_64k-aarch64-with-glibc2.38,3.11.7,3.3.0,72,Neoverse-V2,1,1 x NVIDIA GH200 120GB,-2.5917,51.4535,64,machine,19.619999999999997,0.8,25.6,219.58671875,N,1.0,0.0
2026-09-27T00:43:35,mobilenet_v3_small_batch3_node_3_evaluate,e67e1abb-9e4f-473f-9216-3d0c394a472d,5b0fa12a-3dd7-45bb-9766-cc326314d9f1,23.437067724065855,0.0003476605436342065,1.4833790119453326e-05,116.99701695360001,145.39780261141047,6.0,0.0006604346941077172,0.0007931298011953913,9.72102563517789e-06,0.0014632855209382864,0.0,United Kingdom,GBR,england,,,Linux-6.4.0-150600.23.73_15.0.14-cray_shasta_c_64k-aarch64-with-glibc2.38,3.11.7,3.3.0,72,Neoverse-V2,1,1 x NVIDIA GH200 120GB,-2.5917,51.4535,64,machine,3.7699999999999996,0.25,25.684999999999995,219.787255859375,N,1.0,0.0
2026-09-27T00:44:45,mobilenet_v3_small_batch3_node_4_evaluate,5018b85a-1523-4677-a8fb-9177007b486a,5b0fa12a-3dd7-45bb-9766-cc326314d9f1,54.22020252794027,0.0008817656233659462,1.6262676682396428e-05,116.32611688543167,140.93401959098142,6.0,0.0016468256064332157,0.0019864110335845453,7.806995820836166e-05,0.0037113065982261224,0.0,United Kingdom,GBR,england,,,Linux-6.4.0-150600.23.73_15.0.14-cray_shasta_c_64k-aarch64-with-glibc2.38,3.11.7,3.3.0,72,Neoverse-V2,1,1 x NVIDIA GH200 120GB,-2.5917,51.4535,64,machine,1.696078431372549,0.0392156862745098,25.68823529411767,219.7776788449755,N,1.0,0.0
2026-09-27T00:45:04,mobilenet_v3_small_batch3_node_5_evaluate,26d7d446-9129-4af3-b8e2-07d79266cab4,5b0fa12a-3dd7-45bb-9766-cc326314d9f1,14.12727624294348,0.0001915848916976414,1.3561346745331559e-05,117.91183854034287,140.63904135513428,6.0,0.0003634353703681034,0.0004330839575743539,9.851723316824065e-06,0.0008063710512592814,0.0,United Kingdom,GBR,england,,,Linux-6.4.0-150600.23.73_15.0.14-cray_shasta_c_64k-aarch64-with-glibc2.38,3.11.7,3.3.0,72,Neoverse-V2,1,1 x NVIDIA GH200 120GB,-2.5917,51.4535,64,machine,5.572727272727272,0.45454545454545453,25.699999999999992,219.83374578302556,N,1.0,0.0
2026-09-27T00:45:30,efficientnet_lite0_batch3_node_0_local_train,3c131844-8083-4c62-a6d3-6a5aec3828fb,5b0fa12a-3dd7-45bb-9766-cc326314d9f1,14.882901714881882,0.00021066611432299476,1.4154908656847682e-05,116.7405975730286,151.1259824838336,6.0,0.0003834092271472219,0.0004940156729844603,9.258045303480079e-06,0.0008866829454351623,0.0,United Kingdom,GBR,england,,,Linux-6.4.0-150600.23.73_15.0.14-cray_shasta_c_64k-aarch64-with-glibc2.38,3.11.7,3.3.0,72,Neoverse-V2,1,1 x NVIDIA GH200 120GB,-2.5917,51.4535,64,machine,0.0,4.545454545454546,25.836363636363636,221.12809614701703,N,1.0,0.0
2026-09-27T00:45:55,efficientnet_lite0_batch3_node_0_evaluate,49b91e25-3b78-43e0-a8e7-3d002298e96e,5b0fa12a-3dd7-45bb-9766-cc326314d9f1,21.385990835959092,0.0003141671102525911,1.4690322868947481e-05,117.54663349735387,144.6679114084687,6.0,0.0005926644522447966,0.000719892520379517,9.756393114803357e-06,0.001322313365739117,0.0,United Kingdom,GBR,england,,,Linux-6.4.0-150600.23.73_15.0.14-cray_shasta_c_64k-aarch64-with-glibc2.38,3.11.7,3.3.0,72,Neoverse-V2,1,1 x NVIDIA GH200 120GB,-2.5917,51.4535,64,machine,7.177777777777777,0.8888888888888888,26.0,222.43142700195312,N,1.0,0.0
2026-09-27T00:47:40,efficientnet_lite0_batch3_node_1_local_train,4bc4abe2-55f4-442f-bcbe-80435880de19,5b0fa12a-3dd7-45bb-9766-cc326314d9f1,100.71695628901944,0.0016889512580957635,1.6769284143666083e-05,115.67042874915428,141.94844156315065,6.0,0.0031330413766096233,0.003822231113332464,0.00015343733288541747,0.007108709822827503,0.0,United Kingdom,GBR,england,,,Linux-6.4.0-150600.23.73_15.0.14-cray_shasta_c_64k-aarch64-with-glibc2.38,3.11.7,3.3.0,72,Neoverse-V2,1,1 x NVIDIA GH200 120GB,-2.5917,51.4535,64,machine,2.821649484536082,0.5463917525773195,26.0,222.4650079786163,N,1.0,0.0
2026-09-27T00:48:04,efficientnet_lite0_batch3_node_1_evaluate,3043e810-7d9a-404f-b8cf-b16c79b614fd,5b0fa12a-3dd7-45bb-9766-cc326314d9f1,10.00942036206834,0.00012470501277336734,1.2458764669925241e-05,117.62347360320001,143.50825570047692,6.0,0.00023058886727580388,0.00028438189417556714,9.906285774583618e-06,0.0005248770472259547,0.0,United Kingdom,GBR,england,,,Linux-6.4.0-150600.23.73_15.0.14-cray_shasta_c_64k-aarch64-with-glibc2.38,3.11.7,3.3.0,72,Neoverse-V2,1,1 x NVIDIA GH200 120GB,-2.5917,51.4535,64,machine,0.0,2.6666666666666665,26.0,222.4808349609375,N,1.0,0.0
2026-09-27T00:48:51,efficientnet_lite0_batch3_node_2_local_train,6844693f-7ddc-4ed2-92de-e7e09b78b2e9,5b0fa12a-3dd7-45bb-9766-cc326314d9f1,17.514494250994176,0.00025093907231817217,1.4327508903314643e-05,116.31887174958547,151.47415947776886,6.0,0.00046521676599912,0.0005851518570239023,5.821151411704099e-06,0.0010561897744347263,0.0,United Kingdom,GBR,england,,,Linux-6.4.0-150600.23.73_15.0.14-cray_shasta_c_64k-aarch64-with-glibc2.38,3.11.7,3.3.0,72,Neoverse-V2,1,1 x NVIDIA GH200 120GB,-2.5917,51.4535,64,machine,4.914285714285714,1.1428571428571428,26.0,222.56862095424108,N,1.0,0.0
2026-09-27T00:49:22,efficientnet_lite0_batch3_node_2_evaluate,b738cf98-d2c8-4bb3-96ae-59c58e44495b,5b0fa12a-3dd7-45bb-9766-cc326314d9f1,9.746508456999436,0.00011952773006377622,1.2263646062702342e-05,117.73948996800002,142.99818534767633,6.0,0.00022209023010184647,0.00027153382831102135,9.462069580331445e-06,0.0005030861279931993,0.0,United Kingdom,GBR,england,,,Linux-6.4.0-150600.23.73_15.0.14-cray_shasta_c_64k-aarch64-with-glibc2.38,3.11.7,3.3.0,72,Neoverse-V2,1,1 x NVIDIA GH200 120GB,-2.5917,51.4535,64,machine,32.050000000000004,2.0,26.0,222.70174153645834,N,1.0,0.0
2026-09-27T00:52:10,efficientnet_lite0_batch3_node_3_local_train,0f64efca-ab36-4bc9-b0cd-2bb55252a37e,5b0fa12a-3dd7-45bb-9766-cc326314d9f1,8.301713092019781,9.943317946356697e-05,1.1977429039212336e-05,116.37399214080001,782.2141960956586,6.0,0.00017088889730867212,0.00023891741335546612,8.702877318331351e-06,0.0004185091879824696,0.0,United Kingdom,GBR,england,,,Linux-6.4.0-150600.23.73_15.0.14-cray_shasta_c_64k-aarch64-with-glibc2.38,3.11.7,3.3.0,72,Neoverse-V2,1,1 x NVIDIA GH200 120GB,-2.5917,51.4535,64,machine,22.28,14.4,25.7,220.1400390625,N,1.0,0.0
2026-09-27T00:52:50,efficientnet_lite0_batch3_node_3_evaluate,a08a4160-b9b6-494c-803e-a991f183754c,5b0fa12a-3dd7-45bb-9766-cc326314d9f1,29.857128981035203,0.0004646172194972397,1.556134951194931e-05,117.01490445257143,142.60284761132493,6.0,0.0008667245859613452,0.0010541700100077378,3.4655616781674324e-05,0.0019555502127507575,0.0,United Kingdom,GBR,england,,,Linux-6.4.0-150600.23.73_15.0.14-cray_shasta_c_64k-aarch64-with-glibc2.38,3.11.7,3.3.0,72,Neoverse-V2,1,1 x NVIDIA GH200 120GB,-2.5917,51.4535,64,machine,9.86923076923077,0.3076923076923077,25.700000000000006,220.20429171048679,N,1.0,0.0
2026-09-27T00:53:00,efficientnet_lite0_batch3_node_4_local_train,8e54282e-36d3-4cf8-866c-bb808be90a2b,5b0fa12a-3dd7-45bb-9766-cc326314d9f1,8.395043462980539,0.00010055529597963608,1.1977936317191546e-05,116.6108105664,80.74351384253093,6.0,0.00017532286817351938,0.00023901491346123294,8.894337611660984e-06,0.00042323211924641326,0.0,United Kingdom,GBR,england,,,Linux-6.4.0-150600.23.73_15.0.14-cray_shasta_c_64k-aarch64-with-glibc2.38,3.11.7,3.3.0,72,Neoverse-V2,1,1 x NVIDIA GH200 120GB,-2.5917,51.4535,64,machine,0.0,6.4,25.7,220.27591552734376,N,1.0,0.0
2026-09-27T00:53:14,efficientnet_lite0_batch3_node_4_evaluate,628ce63d-6f05-44e3-ad62-a225ede1b52a,5b0fa12a-3dd7-45bb-9766-cc326314d9f1,9.934139539021999,0.00012298039970091344,1.237957240461922e-05,117.72094489920002,141.3063024117773,6.0,0.0002278474909093563,0.0002800757796137532,9.69496811972931e-06,0.0005176182386428389,0.0,United Kingdom,GBR,england,,,Linux-6.4.0-150600.23.73_15.0.14-cray_shasta_c_64k-aarch64-with-glibc2.38,3.11.7,3.3.0,72,Neoverse-V2,1,1 x NVIDIA GH200 120GB,-2.5917,51.4535,64,machine,0.0,1.8333333333333333,25.7,220.22958374023438,N,1.0,0.0
2026-09-27T00:53:24,efficientnet_lite0_batch3_node_5_local_train,c204b3cb-738c-431c-82b9-cf6aff8e7902,5b0fa12a-3dd7-45bb-9766-cc326314d9f1,9.041413858998567,0.0001121392150042048,1.240284061243331e-05,116.55047891520002,80.24001351347017,6.0,0.00019610532684392952,0.00026591910162210297,9.963815956919765e-06,0.00047198824442295226,0.0,United Kingdom,GBR,england,,,Linux-6.4.0-150600.23.73_15.0.14-cray_shasta_c_64k-aarch64-with-glibc2.38,3.11.7,3.3.0,72,Neoverse-V2,1,1 x NVIDIA GH200 120GB,-2.5917,51.4535,64,machine,0.0,7.2,25.7,220.1576904296875,N,1.0,0.0
2026-09-27T00:53:39,efficientnet_lite0_batch3_node_5_evaluate,77cefe5e-a0e1-484b-b478-e42b9d8208e9,5b0fa12a-3dd7-45bb-9766-cc326314d9f1,9.962019366910681,0.00012334073312686365,1.2381097504843821e-05,117.85265521920002,142.96097691467108,6.0,0.0002293402496441839,0.00027997327953244167,9.82133450335823e-06,0.0005191348636799837,0.0,United Kingdom,GBR,england,,,Linux-6.4.0-150600.23.73_15.0.14-cray_shasta_c_64k-aarch64-with-glibc2.38,3.11.7,3.3.0,72,Neoverse-V2,1,1 x NVIDIA GH200 120GB,-2.5917,51.4535,64,machine,3.1333333333333333,1.6666666666666667,25.7,220.10429890950522,N,1.0,0.0
2026-09-27T00:54:23,mobilevit_xxs_batch3_node_0_local_train,8fb702f8-b6f1-4f46-8e2a-9dcd5dd33b76,5b0fa12a-3dd7-45bb-9766-cc326314d9f1,34.11079114396125,0.0005426814997529563,1.5909378866723502e-05,116.9487482636348,114.44784904269267,6.0,0.0010014628634729442,0.0012429296054676797,3.9726323398062967e-05,0.002284118792338687,0.0,United Kingdom,GBR,england,,,Linux-6.4.0-150600.23.73_15.0.14-cray_shasta_c_64k-aarch64-with-glibc2.38,3.11.7,3.3.0,72,Neoverse-V2,1,1 x NVIDIA GH200 120GB,-2.5917,51.4535,64,machine,2.0064516129032257,2.129032258064516,25.700000000000014,220.02594978578628,N,1.0,0.0
2026-09-27T00:54:41,mobilevit_xxs_batch3_node_0_evaluate,b0cc51a5-89dc-45f0-a250-b8609d440d19,5b0fa12a-3dd7-45bb-9766-cc326314d9f1,9.260920042870566,0.00011106140377824357,1.1992480581207821e-05,117.65601094217143,72.71085990201445,6.0,0.00020707611766676465,0.00025005325559845915,1.0322418603270005e-05,0.0004674517918684938,0.0,United Kingdom,GBR,england,,,Linux-6.4.0-150600.23.73_15.0.14-cray_shasta_c_64k-aarch64-with-glibc2.38,3.11.7,3.3.0,72,Neoverse-V2,1,1 x NVIDIA GH200 120GB,-2.5917,51.4535,64,machine,0.0,2.8333333333333335,25.7,220.05477905273438,N,1.0,0.0
2026-09-27T00:55:15,mobilevit_xxs_batch3_node_1_local_train,d1d3e8cd-5cb7-42c4-8293-11aa8fc1fec1,5b0fa12a-3dd7-45bb-9766-cc326314d9f1,19.749796371906996,0.0002974521403194412,1.506102314768929e-05,116.93780591122288,149.80354055851063,6.0,0.0005432017302817411,0.0006909566638455544,1.7802514498277258e-05,0.0012519609086255727,0.0,United Kingdom,GBR,england,,,Linux-6.4.0-150600.23.73_15.0.14-cray_shasta_c_64k-aarch64-with-glibc2.38,3.11.7,3.3.0,72,Neoverse-V2,1,1 x NVIDIA GH200 120GB,-2.5917,51.4535,64,machine,0.0,5.75,25.699999999999992,219.9972152709961,N,1.0,0.0
2026-09-27T00:55:32,mobilevit_xxs_batch3_node_1_evaluate,e7b899dd-d10f-4459-88a1-f2f7b474cb21,5b0fa12a-3dd7-45bb-9766-cc326314d9f1,10.388838233891875,0.0001302608189130548,1.2538535684201945e-05,117.93064237714287,142.16977580553652,6.0,0.0002435224493733083,0.00029423356872371187,1.0505134199823563e-05,0.0005482611522968437,0.0,United Kingdom,GBR,england,,,Linux-6.4.0-150600.23.73_15.0.14-cray_shasta_c_64k-aarch64-with-glibc2.38,3.11.7,3.3.0,72,Neoverse-V2,1,1 x NVIDIA GH200 120GB,-2.5917,51.4535,64,machine,11.757142857142856,2.142857142857143,25.699999999999996,220.0345197405134,N,1.0,0.0
2026-09-27T00:55:50,mobilevit_xxs_batch3_node_2_local_train,fde32dd1-141d-4620-8d6d-26128041ba56,5b0fa12a-3dd7-45bb-9766-cc326314d9f1,8.76989807211794,0.00010446389961847778,1.191164352874282e-05,116.48394400320001,76.72884600258166,6.0,0.0001871521814199498,0.00024302380555241143,9.507245915010573e-06,0.00043968323288737183,0.0,United Kingdom,GBR,england,,,Linux-6.4.0-150600.23.73_15.0.14-cray_shasta_c_64k-aarch64-with-glibc2.38,3.11.7,3.3.0,72,Neoverse-V2,1,1 x NVIDIA GH200 120GB,-2.5917,51.4535,64,machine,0.0,12.8,25.7,220.17659912109374,N,1.0,0.0
2026-09-27T00:56:16,mobilevit_xxs_batch3_node_2_evaluate,476f4189-39ed-4923-8622-a6933b4a55b3,5b0fa12a-3dd7-45bb-9766-cc326314d9f1,9.115798628190532,0.00010878418703986804,1.1933588210631797e-05,117.50566161188573,73.12725306660042,6.0,0.0002019147738845628,0.000245860752244198,1.0091576472235223e-05,0.00045786710260099604,0.0,United Kingdom,GBR,england,,,Linux-6.4.0-150600.23.73_15.0.14-cray_shasta_c_64k-aarch64-with-glibc2.38,3.11.7,3.3.0,72,Neoverse-V2,1,1 x NVIDIA GH200 120GB,-2.5917,51.4535,64,machine,2.0833333333333335,2.0,25.7,220.0260213216146,N,1.0,0.0
2026-09-27T00:56:43,mobilevit_xxs_batch3_node_3_local_train,4dc0ee74-5b61-4d34-82ef-83cd301f4057,5b0fa12a-3dd7-45bb-9766-cc326314d9f1,11.640903196064755,0.00015722873062230068,1.3506574874314938e-05,116.69778017280001,792.9749643592124,6.0,0.00028137917597583227,0.00036613140400731936,1.4257139154942705e-05,0.0006617677191380943,0.0,United Kingdom,GBR,england,,,Linux-6.4.0-150600.23.73_15.0.14-cray_shasta_c_64k-aarch64-with-glibc2.38,3.11.7,3.3.0,72,Neoverse-V2,1,1 x NVIDIA GH200 120GB,-2.5917,51.4535,64,machine,17.075,7.25,25.699999999999996,220.12647247314453,N,1.0,0.0
2026-09-27T00:57:00,mobilevit_xxs_batch3_node_3_evaluate,f825caad-e770-452e-a3f1-3cddafd0b6ca,5b0fa12a-3dd7-45bb-9766-cc326314d9f1,9.234999707899988,0.00011077668423744737,1.1995309988227132e-05,117.58285751862857,72.93595475735266,6.0,0.00020611375487214698,0.0002498571443538822,1.02825225967293e-05,0.0004662534218227585,0.0,United Kingdom,GBR,england,,,Linux-6.4.0-150600.23.73_15.0.14-cray_shasta_c_64k-aarch64-with-glibc2.38,3.11.7,3.3.0,72,Neoverse-V2,1,1 x NVIDIA GH200 120GB,-2.5917,51.4535,64,machine,11.5,2.0,25.7,220.16143798828125,N,1.0,0.0
2026-09-27T00:57:46,mobilevit_xxs_batch3_node_4_local_train,74d8d5e9-a438-4867-93be-ba17a7558002,5b0fa12a-3dd7-45bb-9766-cc326314d9f1,35.92004942591302,0.0005724082771025634,1.5935620530901144e-05,116.54144327057143,147.64727923328624,6.0,0.001058207698903699,0.0013116749382504622,3.935464699015332e-05,0.002409237284144314,0.0,United Kingdom,GBR,england,,,Linux-6.4.0-150600.23.73_15.0.14-cray_shasta_c_64k-aarch64-with-glibc2.38,3.11.7,3.3.0,72,Neoverse-V2,1,1 x NVIDIA GH200 120GB,-2.5917,51.4535,64,machine,3.7625,2.375,25.703125000000014,220.3164939880371,N,1.0,0.0
2026-09-27T00:59:54,mobilevit_xxs_batch3_node_4_evaluate,0d604be0-26e1-4600-b475-ba14dc00d69b,5b0fa12a-3dd7-45bb-9766-cc326314d9f1,17.82919435785152,0.0002557359870752848,1.4343664774884525e-05,117.80065259794287,143.00524760929108,6.0,0.0004816204388075888,0.0005845963010244759,1.016300449652287e-05,0.0010763797443285876,0.0,United Kingdom,GBR,england,,,Linux-6.4.0-150600.23.73_15.0.14-cray_shasta_c_64k-aarch64-with-glibc2.38,3.11.7,3.3.0,72,Neoverse-V2,1,1 x NVIDIA GH200 120GB,-2.5917,51.4535,64,machine,4.878571428571428,0.8571428571428571,25.757142857142856,220.53963361467635,N,1.0,0.0
2026-09-27T01:00:15,mobilevit_xxs_batch3_node_5_local_train,47e29f02-8e8a-4c67-85dd-223c19219464,5b0fa12a-3dd7-45bb-9766-cc326314d9f1,13.780199775006622,0.0001949347209786263,1.4146001085715944e-05,116.74217203776001,147.872189453685,6.0,0.0003515527990363325,0.0004528256400533337,1.6091872998125232e-05,0.0008204703120877915,0.0,United Kingdom,GBR,england,,,Linux-6.4.0-150600.23.73_15.0.14-cray_shasta_c_64k-aarch64-with-glibc2.38,3.11.7,3.3.0,72,Neoverse-V2,1,1 x NVIDIA GH200 120GB,-2.5917,51.4535,64,machine,1.73,6.3,25.770000000000003,220.5641845703125,N,1.0,0.0
2026-09-27T01:03:44,mobilevit_xxs_batch3_node_5_evaluate,949e8692-230a-4475-b251-dc8ca236c146,5b0fa12a-3dd7-45bb-9766-cc326314d9f1,9.192671879893169,0.000110403627262369,1.2009960619159186e-05,117.5452790729143,73.62881806339402,6.0,0.0002042668733727237,0.0002502160335211556,1.0200337121495976e-05,0.0004646832440153753,0.0,United Kingdom,GBR,england,,,Linux-6.4.0-150600.23.73_15.0.14-cray_shasta_c_64k-aarch64-with-glibc2.38,3.11.7,3.3.0,72,Neoverse-V2,1,1 x NVIDIA GH200 120GB,-2.5917,51.4535,64,machine,0.0,2.6666666666666665,25.8,221.1688435872396,N,1.0,0.0
2026-09-27T01:03:59,mobilevit_xxs_batch3_node_0_exchange,46c8db71-56cc-48ed-90f8-bf87bcc479e4,5b0fa12a-3dd7-45bb-9766-cc326314d9f1,10.080557016888633,0.00012678321335458874,1.2577004737156917e-05,116.71165614034285,143.5385985449038,6.0,0.0002298749029735832,0.00029414134641569945,9.607838235097005e-06,0.0005336240876243797,0.0,United Kingdom,GBR,england,,,Linux-6.4.0-150600.23.73_15.0.14-cray_shasta_c_64k-aarch64-with-glibc2.38,3.11.7,3.3.0,72,Neoverse-V2,1,1 x NVIDIA GH200 120GB,-2.5917,51.4535,64,machine,0.0,8.142857142857142,25.814285714285717,221.33802141462053,N,1.0,0.0
2026-09-27T01:04:14,mobilevit_xxs_batch3_node_1_exchange,ae14edf2-b9d2-4ef7-b0d2-497b3e3ddb0f,5b0fa12a-3dd7-45bb-9766-cc326314d9f1,11.18510143714957,0.00014746521709047515,1.3184075076931572e-05,116.84210088240002,145.97760248260758,6.0,0.0002665759708115724,0.00034222360707758526,1.1874010073564324e-05,0.000620673587962722,0.0,United Kingdom,GBR,england,,,Linux-6.4.0-150600.23.73_15.0.14-cray_shasta_c_64k-aarch64-with-glibc2.38,3.11.7,3.3.0,72,Neoverse-V2,1,1 x NVIDIA GH200 120GB,-2.5917,51.4535,64,machine,7.8125,9.875,25.875,221.46349334716797,N,1.0,0.0
2026-09-27T01:05:07,mobilevit_xxs_batch3_node_2_exchange,92472bef-13c6-41d1-a9c6-26aac575a8d1,5b0fa12a-3dd7-45bb-9766-cc326314d9f1,7.824511740123853,8.62487343303129e-05,1.1022890270332405e-05,116.711408808,146.86042374837967,6.0,0.0001556921008688931,0.00020107821640635848,6.246212658006699e-06,0.00036301652993325827,0.0,United Kingdom,GBR,england,,,Linux-6.4.0-150600.23.73_15.0.14-cray_shasta_c_64k-aarch64-with-glibc2.38,3.11.7,3.3.0,72,Neoverse-V2,1,1 x NVIDIA GH200 120GB,-2.5917,51.4535,64,machine,1.25,4.75,25.825,221.35797119140625,N,1.0,0.0
2026-09-27T01:05:22,mobilevit_xxs_batch3_node_3_exchange,705bad9a-4f04-4fe1-9a1a-8d47e696ef6a,5b0fa12a-3dd7-45bb-9766-cc326314d9f1,14.034439131151885,0.0001927245071687987,1.3732255729479995e-05,116.74559128320001,145.7694575997299,6.0,0.0003564737936843054,0.0004452545228730287,9.439318176591769e-06,0.0008111676347339258,0.0,United Kingdom,GBR,england,,,Linux-6.4.0-150600.23.73_15.0.14-cray_shasta_c_64k-aarch64-with-glibc2.38,3.11.7,3.3.0,72,Neoverse-V2,1,1 x NVIDIA GH200 120GB,-2.5917,51.4535,64,machine,13.669999999999998,4.2,25.880000000000003,221.4971496582031,N,1.0,0.0
2026-09-27T01:05:39,mobilevit_xxs_batch3_node_5_exchange,42c0f08f-ef5e-49ae-8a3b-e39a5d125b2e,5b0fa12a-3dd7-45bb-9766-cc326314d9f1,11.054989075055346,0.00014424444340194447,1.3047904653964782e-05,116.73742943314286,148.55789278551742,6.0,0.0002614125613646803,0.00033494415683321677,1.076079735183157e-05,0.0006071175155497287,0.0,United Kingdom,GBR,england,,,Linux-6.4.0-150600.23.73_15.0.14-cray_shasta_c_64k-aarch64-with-glibc2.38,3.11.7,3.3.0,72,Neoverse-V2,1,1 x NVIDIA GH200 120GB,-2.5917,51.4535,64,machine,0.0,7.428571428571429,25.900000000000002,221.52071707589286,N,1.0,0.0
2026-09-27T01:05:57,mobilevit_xxs_batch3_node_0_evaluate,204f5719-2b4a-45ea-8ced-f51a59684a68,5b0fa12a-3dd7-45bb-9766-cc326314d9f1,10.187492349883541,0.0001264074134889866,1.2408098985265165e-05,117.95695843474286,141.13063728739547,6.0,0.00023752759833686618,0.00028431661633021577,1.0198150463402272e-05,0.0005320423651304842,0.0,United Kingdom,GBR,england,,,Linux-6.4.0-150600.23.73_15.0.14-cray_shasta_c_64k-aarch64-with-glibc2.38,3.11.7,3.3.0,72,Neoverse-V2,1,1 x NVIDIA GH200 120GB,-2.5917,51.4535,64,machine,0.0,2.2857142857142856,25.900000000000002,221.71940394810267,N,1.0,0.0
2026-09-27T01:06:28,mobilevit_xxs_batch3_node_1_evaluate,f4278d71-ea52-4773-8c2c-c784fa4b4d78,5b0fa12a-3dd7-45bb-9766-cc326314d9f1,11.285333361942321,0.00014523717456500413,1.286955111621154e-05,118.19070706834286,141.6518459216075,6.0,0.0002736792265275469,0.00032725359514529373,1.0363048779933403e-05,0.0006112958704527741,0.0,United Kingdom,GBR,england,,,Linux-6.4.0-150600.23.73_15.0.14-cray_shasta_c_64k-aarch64-with-glibc2.38,3.11.7,3.3.0,72,Neoverse-V2,1,1 x NVIDIA GH200 120GB,-2.5917,51.4535,64,machine,8.2875,1.75,25.900000000000002,221.8056869506836,N,1.0,0.0
2026-09-27T01:06:50,mobilevit_xxs_batch3_node_2_evaluate,f524223b-576e-4377-9ac8-1801a8955275,5b0fa12a-3dd7-45bb-9766-cc326314d9f1,11.028835023986176,0.0001410129335771673,1.2785841230781298e-05,117.9952830432,142.31003129422584,6.0,0.0002645318548688952,0.00031905358858352884,9.93081183366788e-06,0.000593516255286092,0.0,United Kingdom,GBR,england,,,Linux-6.4.0-150600.23.73_15.0.14-cray_shasta_c_64k-aarch64-with-glibc2.38,3.11.7,3.3.0,72,Neoverse-V2,1,1 x NVIDIA GH200 120GB,-2.5917,51.4535,64,machine,24.32857142857143,1.1428571428571428,25.900000000000002,222.01055908203125,N,1.0,0.0
2026-09-27T01:07:07,mobilevit_xxs_batch3_node_3_evaluate,4d4eb9fc-9c54-418e-8c79-29e9625bfb9d,5b0fa12a-3dd7-45bb-9766-cc326314d9f1,10.558263320941478,0.00013290875747987266,1.2588126800764542e-05,117.94607981074287,141.03297743289338,6.0,0.0002492532292983618,0.0002998660732487224,1.0286888311384247e-05,0.0005594061908584685,0.0,United Kingdom,GBR,england,,,Linux-6.4.0-150600.23.73_15.0.14-cray_shasta_c_64k-aarch64-with-glibc2.38,3.11.7,3.3.0,72,Neoverse-V2,1,1 x NVIDIA GH200 120GB,-2.5917,51.4535,64,machine,0.0,2.857142857142857,25.900000000000002,222.10586983816964,N,1.0,0.0
2026-09-27T01:07:31,mobilevit_xxs_batch3_node_5_evaluate,759f9e7f-c3af-4fc0-ad52-c76f53c2f883,5b0fa12a-3dd7-45bb-9766-cc326314d9f1,10.266847903840244,0.00012912210760469698,1.257660664831703e-05,118.01883999085715,147.6203014890953,6.0,0.0002403808141845063,0.00029278106754304645,1.0306492669818301e-05,0.000543468374397371,0.0,United Kingdom,GBR,england,,,Linux-6.4.0-150600.23.73_15.0.14-cray_shasta_c_64k-aarch64-with-glibc2.38,3.11.7,3.3.0,72,Neoverse-V2,1,1 x NVIDIA GH200 120GB,-2.5917,51.4535,64,machine,0.0,1.7142857142857142,25.900000000000002,222.11247907366072,N,1.0,0.0
2026-09-27T01:13:11,mobilenet_v3_small_batch4_node_0_local_train,2b3b6e16-926e-485e-a765-9fd97f015031,5b0fa12a-3dd7-45bb-9766-cc326314d9f1,10.963487623026595,0.00015098844596463673,1.3771935642770823e-05,127.5088450176,73.28842070392923,6.0,0.0003040262201950221,0.0003183541435589632,1.312231509325405e-05,0.0006355026788472393,0.0,United Kingdom,GBR,england,,,Linux-6.4.0-150600.23.73_15.0.14-cray_shasta_c_64k-aarch64-with-glibc2.38,3.11.7,3.3.0,72,Neoverse-V2,1,1 x NVIDIA GH200 120GB,-2.5917,51.4535,64,machine,0.0,1.8571428571428572,25.599999999999998,219.44579206194197,N,1.0,0.0
2026-09-27T01:14:49,mobilenet_v3_small_batch4_node_0_evaluate,695f05a8-10f2-4384-9286-f62560f45a2b,5b0fa12a-3dd7-45bb-9766-cc326314d9f1,70.28108240198344,0.0011536228555702618,1.6414415033791577e-05,116.54687571976679,145.9442374028757,6.0,0.002157771112141473,0.002617071538111304,8.069719195482322e-05,0.004855539842207601,0.0,United Kingdom,GBR,england,,,Linux-6.4.0-150600.23.73_15.0.14-cray_shasta_c_64k-aarch64-with-glibc2.38,3.11.7,3.3.0,72,Neoverse-V2,1,1 x NVIDIA GH200 120GB,-2.5917,51.4535,64,machine,1.5656716417910448,0.05970149253731343,25.59999999999997,219.45546164441464,N,1.0,0.0
2026-09-27T01:15:09,mobilenet_v3_small_batch4_node_1_local_train,1c466da9-a3e2-41ab-872b-179cdec8256c,5b0fa12a-3dd7-45bb-9766-cc326314d9f1,13.325512441108003,0.00018246107829218556,1.3692612505415521e-05,117.07739000640004,142.23475558664143,6.0,0.0003383382740945417,0.00041419922024488187,1.543189099485365e-05,0.0007679693853342771,0.0,United Kingdom,GBR,england,,,Linux-6.4.0-150600.23.73_15.0.14-cray_shasta_c_64k-aarch64-with-glibc2.38,3.11.7,3.3.0,72,Neoverse-V2,1,1 x NVIDIA GH200 120GB,-2.5917,51.4535,64,machine,0.0,3.7,25.609999999999996,219.56370239257814,N,1.0,0.0
2026-09-27T01:15:32,mobilenet_v3_small_batch4_node_1_evaluate,c203af82-c5ae-4a03-a9bb-175c616c5784,5b0fa12a-3dd7-45bb-9766-cc326314d9f1,14.973579528043047,0.00020519033908789275,1.3703492788989103e-05,117.53567651520002,140.49234491808306,6.0,0.00038905768841267723,0.00046470787177099737,9.870126181825375e-06,0.0008636356863654999,0.0,United Kingdom,GBR,england,,,Linux-6.4.0-150600.23.73_15.0.14-cray_shasta_c_64k-aarch64-with-glibc2.38,3.11.7,3.3.0,72,Neoverse-V2,1,1 x NVIDIA GH200 120GB,-2.5917,51.4535,64,machine,0.0,0.18181818181818182,25.60909090909091,219.57878528941762,N,1.0,0.0
2026-09-27T01:18:41,mobilenet_v3_small_batch4_node_2_local_train,f94fb67a-5aff-48d6-83cf-59654e88d216,5b0fa12a-3dd7-45bb-9766-cc326314d9f1,179.82058554003015,0.003091753544078115,1.71935461937969e-05,115.52617556960132,140.0144121374218,6.0,0.0057616685991622885,0.006975095024500888,0.00027626957264690043,0.013013033196310078,0.0,United Kingdom,GBR,england,,,Linux-6.4.0-150600.23.73_15.0.14-cray_shasta_c_64k-aarch64-with-glibc2.38,3.11.7,3.3.0,72,Neoverse-V2,1,1 x NVIDIA GH200 120GB,-2.5917,51.4535,64,machine,2.2463687150837988,0.15083798882681565,25.662011173184286,219.6947249939988,N,1.0,0.0
2026-09-27T01:19:02,mobilenet_v3_small_batch4_node_2_evaluate,dddb3e58-04b5-47ab-ae12-fd5803870d70,5b0fa12a-3dd7-45bb-9766-cc326314d9f1,9.803161865100265,0.00011799734257546697,1.2036661660718189e-05,117.8105880096,139.3279777041468,6.0,0.0002242016173662621,0.0002628824325086043,9.560755126488706e-06,0.0004966448050013552,0.0,United Kingdom,GBR,england,,,Linux-6.4.0-150600.23.73_15.0.14-cray_shasta_c_64k-aarch64-with-glibc2.38,3.11.7,3.3.0,72,Neoverse-V2,1,1 x NVIDIA GH200 120GB,-2.5917,51.4535,64,machine,0.0,0.5,25.7,219.75991821289062,N,1.0,0.0
2026-09-27T01:19:22,mobilenet_v3_small_batch4_node_3_local_train,a4c8893f-b37b-4788-8838-a8fcf48e8720,5b0fa12a-3dd7-45bb-9766-cc326314d9f1,15.27846071915701,0.00021227979363279954,1.3894056314628014e-05,116.87174932608002,142.01129684944772,6.0,0.0003977462344337625,0.0004835542757177791,1.2174329309879493e-05,0.000893474839461421,0.0,United Kingdom,GBR,england,,,Linux-6.4.0-150600.23.73_15.0.14-cray_shasta_c_64k-aarch64-with-glibc2.38,3.11.7,3.3.0,72,Neoverse-V2,1,1 x NVIDIA GH200 120GB,-2.5917,51.4535,64,machine,5.25,0.9166666666666666,25.699999999999992,219.91265869140625,N,1.0,0.0
2026-09-27T01:19:47,mobilenet_v3_small_batch4_node_3_evaluate,0f081dda-210d-42ac-92fe-b3c274351d70,5b0fa12a-3dd7-45bb-9766-cc326314d9f1,15.660870684077963,0.00021667104208101132,1.3835184930126245e-05,117.40655626971429,140.40965314322125,6.0,0.0004108880500808094,0.0004912820596985057,9.787270743399859e-06,0.0009119573805227149,0.0,United Kingdom,GBR,england,,,Linux-6.4.0-150600.23.73_15.0.14-cray_shasta_c_64k-aarch64-with-glibc2.38,3.11.7,3.3.0,72,Neoverse-V2,1,1 x NVIDIA GH200 120GB,-2.5917,51.4535,64,machine,12.675000000000002,0.25,25.699999999999992,219.86038716634116,N,1.0,0.0
2026-09-27T01:20:10,mobilenet_v3_small_batch4_node_4_local_train,678bb943-ab6e-41dc-a476-cea3b176bad6,5b0fa12a-3dd7-45bb-9766-cc326314d9f1,10.966939259087667,0.000140491965638139,1.281049911183938e-05,116.8097107968,72.33623667268587,6.0,0.00026044516236973126,0.0003176971985965338,1.3181166798652459e-05,0.0005913235277649175,0.0,United Kingdom,GBR,england,,,Linux-6.4.0-150600.23.73_15.0.14-cray_shasta_c_64k-aarch64-with-glibc2.38,3.11.7,3.3.0,72,Neoverse-V2,1,1 x NVIDIA GH200 120GB,-2.5917,51.4535,64,machine,0.0,4.0,31.82857142857143,272.5054408482143,N,1.0,0.0
2026-09-27T01:23:48,mobilenet_v3_small_batch4_node_4_evaluate,5c08f33b-c26b-41aa-a6f3-371d027bb524,5b0fa12a-3dd7-45bb-9766-cc326314d9f1,205.78929312108085,0.0035457215547912554,1.722986410524793e-05,115.54880391816388,139.89982798479178,6.0,0.006595611274373506,0.007977096937224815,0.0003510532200809878,0.01492376143167931,0.0,United Kingdom,GBR,england,,,Linux-6.4.0-150600.23.73_15.0.14-cray_shasta_c_64k-aarch64-with-glibc2.38,3.11.7,3.3.0,72,Neoverse-V2,1,1 x NVIDIA GH200 120GB,-2.5917,51.4535,64,machine,1.870243902439024,0.01951219512195122,25.399024390243877,217.29573200504953,N,1.0,0.0
2026-09-27T01:25:23,mobilenet_v3_small_batch4_node_5_local_train,e7af07e6-6c06-4920-b83b-b358fe53c4b9,5b0fa12a-3dd7-45bb-9766-cc326314d9f1,13.512464565224946,0.00018447132857648784,1.3651938007758757e-05,116.97145688448,140.79358943697196,6.0,0.00034394464783662115,0.00041674533338209585,1.5740445175130542e-05,0.0007764304263938476,0.0,United Kingdom,GBR,england,,,Linux-6.4.0-150600.23.73_15.0.14-cray_shasta_c_64k-aarch64-with-glibc2.38,3.11.7,3.3.0,72,Neoverse-V2,1,1 x NVIDIA GH200 120GB,-2.5917,51.4535,64,machine,1.7700000000000002,2.9,25.400000000000002,217.5551513671875,N,1.0,0.0
2026-09-27T01:26:09,mobilenet_v3_small_batch4_node_5_evaluate,f5733658-f66f-4798-925b-570f112fea36,5b0fa12a-3dd7-45bb-9766-cc326314d9f1,9.950143822003156,0.0001210389188074129,1.216453962602577e-05,117.80756340480002,139.61422871434468,6.0,0.00022919680058161042,0.000270442716356456,9.807127508490038e-06,0.0005094466444465564,0.0,United Kingdom,GBR,england,,,Linux-6.4.0-150600.23.73_15.0.14-cray_shasta_c_64k-aarch64-with-glibc2.38,3.11.7,3.3.0,72,Neoverse-V2,1,1 x NVIDIA GH200 120GB,-2.5917,51.4535,64,machine,0.0,0.3333333333333333,25.400000000000002,217.75926717122397,N,1.0,0.0
2026-09-27T01:26:26,mobilenet_v3_small_batch4_node_0_exchange,ad2e14ea-9fe2-4c44-a4d0-92f89db1a57d,5b0fa12a-3dd7-45bb-9766-cc326314d9f1,7.986730508040637,8.793351174397897e-05,1.1009951025072393e-05,116.40258400896,73.55396856673033,6.0,0.00016106020472225183,0.00020085016069515405,8.197306840059659e-06,0.0003701076722574655,0.0,United Kingdom,GBR,england,,,Linux-6.4.0-150600.23.73_15.0.14-cray_shasta_c_64k-aarch64-with-glibc2.38,3.11.7,3.3.0,72,Neoverse-V2,1,1 x NVIDIA GH200 120GB,-2.5917,51.4535,64,machine,43.8,5.0,25.4,217.78167724609375,N,1.0,0.0
2026-09-27T01:26:59,mobilenet_v3_small_batch4_node_1_exchange,d56b71e0-d04d-4f78-a80c-6ee5b282110f,5b0fa12a-3dd7-45bb-9766-cc326314d9f1,16.559585051145405,0.00023302972971631382,1.4072196193116291e-05,116.97994967245717,142.04458044848522,6.0,0.0004384704592151772,0.0005319943144854733,1.034548989031464e-05,0.0009808102635909652,0.0,United Kingdom,GBR,england,,,Linux-6.4.0-150600.23.73_15.0.14-cray_shasta_c_64k-aarch64-with-glibc2.38,3.11.7,3.3.0,72,Neoverse-V2,1,1 x NVIDIA GH200 120GB,-2.5917,51.4535,64,machine,9.907692307692308,3.230769230769231,25.4,217.84126164362982,N,1.0,0.0
2026-09-27T01:29:19,mobilenet_v3_small_batch4_node_2_exchange,ddc248f7-ab80-49f9-92bc-7e6288510fe3,5b0fa12a-3dd7-45bb-9766-cc326314d9f1,129.23499054508284,0.0022427212421668574,1.7353823702911927e-05,115.63909078368407,142.71579511111835,6.0,0.004140604213766305,0.005015242901095007,0.0002836523660357731,0.009439499480897085,0.0,United Kingdom,GBR,england,,,Linux-6.4.0-150600.23.73_15.0.14-cray_shasta_c_64k-aarch64-with-glibc2.38,3.11.7,3.3.0,72,Neoverse-V2,1,1 x NVIDIA GH200 120GB,-2.5917,51.4535,64,machine,4.018604651162791,0.09302325581395349,25.405426356589203,217.85012982982073,N,1.0,0.0
2026-09-27T01:29:48,mobilenet_v3_small_batch4_node_3_exchange,80b436a2-9fc2-40b6-a8ad-a8c2e4068b7b,5b0fa12a-3dd7-45bb-9766-cc326314d9f1,12.325351507868618,0.00016075050835612765,1.3042265630599098e-05,116.82720842111999,142.60749836542738,6.0,0.0003010780052891108,0.00036739418280262726,8.118514155115311e-06,0.0006765907022468534,0.0,United Kingdom,GBR,england,,,Linux-6.4.0-150600.23.73_15.0.14-cray_shasta_c_64k-aarch64-with-glibc2.38,3.11.7,3.3.0,72,Neoverse-V2,1,1 x NVIDIA GH200 120GB,-2.5917,51.4535,64,machine,4.977777777777778,1.4444444444444444,25.400000000000002,217.8349812825521,N,1.0,0.0
2026-09-27T01:31:18,mobilenet_v3_small_batch4_node_4_exchange,940f7510-678a-4879-9f98-54345c22e137,5b0fa12a-3dd7-45bb-9766-cc326314d9f1,87.67047342401929,0.001455161297988292,1.6598077336144713e-05,115.79160472161881,140.38897832199748,6.0,0.002714010503241422,0.0032904337434445097,0.00012025554155465215,0.006124699788240584,0.0,United Kingdom,GBR,england,,,Linux-6.4.0-150600.23.73_15.0.14-cray_shasta_c_64k-aarch64-with-glibc2.38,3.11.7,3.3.0,72,Neoverse-V2,1,1 x NVIDIA GH200 120GB,-2.5917,51.4535,64,machine,3.2738095238095246,0.32142857142857145,25.471428571428575,217.9981442406064,N,1.0,0.0
2026-09-27T01:31:51,mobilenet_v3_small_batch4_node_5_exchange,6e538923-16d9-4b64-85cb-ab6759080fb8,5b0fa12a-3dd7-45bb-9766-cc326314d9f1,30.375941772013903,0.00047144149054572884,1.5520226305545508e-05,116.42187755026288,140.13934609331193,6.0,0.0008809820938127429,0.001067781965332415,3.550916287155511e-05,0.001984273222016713,0.0,United Kingdom,GBR,england,,,Linux-6.4.0-150600.23.73_15.0.14-cray_shasta_c_64k-aarch64-with-glibc2.38,3.11.7,3.3.0,72,Neoverse-V2,1,1 x NVIDIA GH200 120GB,-2.5917,51.4535,64,machine,2.488888888888889,0.7037037037037037,25.5,218.3375289351852,N,1.0,0.0
2026-09-27T01:32:02,mobilenet_v3_small_batch4_node_0_evaluate,b53bc263-b538-431a-93fa-6d9eb287e1e9,5b0fa12a-3dd7-45bb-9766-cc326314d9f1,8.872507259016857,0.00010334680531622063,1.1647982052783609e-05,117.37843240320001,71.9032395492641,6.0,0.00019341138151508845,0.0002318896299584594,9.680428392020985e-06,0.00043498143986556886,0.0,United Kingdom,GBR,england,,,Linux-6.4.0-150600.23.73_15.0.14-cray_shasta_c_64k-aarch64-with-glibc2.38,3.11.7,3.3.0,72,Neoverse-V2,1,1 x NVIDIA GH200 120GB,-2.5917,51.4535,64,machine,0.0,0.6,25.5,218.27095947265624,N,1.0,0.0
2026-09-27T01:32:21,mobilenet_v3_small_batch4_node_1_evaluate,36ac9370-8140-4509-b460-f28923f06056,5b0fa12a-3dd7-45bb-9766-cc326314d9f1,8.9504756659735,0.0001039705667464621,1.1616205733257387e-05,117.37740908160002,71.05610683791582,6.0,0.00019578616872359004,0.00023201907450243198,9.801576729708663e-06,0.0004376068199557307,0.0,United Kingdom,GBR,england,,,Linux-6.4.0-150600.23.73_15.0.14-cray_shasta_c_64k-aarch64-with-glibc2.38,3.11.7,3.3.0,72,Neoverse-V2,1,1 x NVIDIA GH200 120GB,-2.5917,51.4535,64,machine,16.34,0.6,25.5,218.40142822265625,N,1.0,0.0
2026-09-27T01:32:40,mobilenet_v3_small_batch4_node_2_evaluate,d47b5221-637c-4a9b-ba5e-8e6ef336cf78,5b0fa12a-3dd7-45bb-9766-cc326314d9f1,8.741510517895222,0.00010036033486699272,1.1480891621824353e-05,117.26875036800001,71.17652146640123,6.0,0.00018863777168207899,0.00022431379053955425,9.459975631519531e-06,0.0004224115378531528,0.0,United Kingdom,GBR,england,,,Linux-6.4.0-150600.23.73_15.0.14-cray_shasta_c_64k-aarch64-with-glibc2.38,3.11.7,3.3.0,72,Neoverse-V2,1,1 x NVIDIA GH200 120GB,-2.5917,51.4535,64,machine,35.64,0.6,25.5,218.47569580078124,N,1.0,0.0
2026-09-27T01:36:56,mobilenet_v3_small_batch4_node_3_evaluate,6bbc9327-2a5e-4b8e-a148-a93c63e0cdab,5b0fa12a-3dd7-45bb-9766-cc326314d9f1,11.910161909181625,0.00015432996114712874,1.2957839055752444e-05,117.792716256,142.14200065003848,6.0,0.00029167539568319517,0.00034818333409702973,9.708216278425729e-06,0.0006495669460586507,0.0,United Kingdom,GBR,england,,,Linux-6.4.0-150600.23.73_15.0.14-cray_shasta_c_64k-aarch64-with-glibc2.38,3.11.7,3.3.0,72,Neoverse-V2,1,1 x NVIDIA GH200 120GB,-2.5917,51.4535,64,machine,0.0,0.5,25.5125,218.7409210205078,N,1.0,0.0
2026-09-27T01:37:44,mobilenet_v3_small_batch4_node_4_evaluate,14950031-66aa-4a1e-8e3e-8eac311807a6,5b0fa12a-3dd7-45bb-9766-cc326314d9f1,8.883796030888334,0.0001022791252477469,1.1512997922524288e-05,117.140843808,70.51964483145063,6.0,0.00019287073348563737,0.00022791546010125785,9.701435250074913e-06,0.00043048762883697014,0.0,United Kingdom,GBR,england,,,Linux-6.4.0-150600.23.73_15.0.14-cray_shasta_c_64k-aarch64-with-glibc2.38,3.11.7,3.3.0,72,Neoverse-V2,1,1 x NVIDIA GH200 120GB,-2.5917,51.4535,64,machine,0.0,0.8,25.5,218.70972900390626,N,1.0,0.0
2026-09-27T01:38:09,mobilenet_v3_small_batch4_node_5_evaluate,48bf24c7-8d4d-4122-9d39-b4baa77f7967,5b0fa12a-3dd7-45bb-9766-cc326314d9f1,9.938252268824726,0.0001209000843158446,1.2165125320384119e-05,117.73083597120001,139.9911473390003,6.0,0.00022849124688886153,0.0002705838275574024,9.787222696468233e-06,0.0005088622971427322,0.0,United Kingdom,GBR,england,,,Linux-6.4.0-150600.23.73_15.0.14-cray_shasta_c_64k-aarch64-with-glibc2.38,3.11.7,3.3.0,72,Neoverse-V2,1,1 x NVIDIA GH200 120GB,-2.5917,51.4535,64,machine,18.2,0.3333333333333333,25.55,218.80107625325522,N,1.0,0.0
2026-09-27T01:38:27,efficientnet_lite0_batch4_node_0_local_train,e6d4879a-1a82-48e1-bfcc-6c7fa9eb5824,5b0fa12a-3dd7-45bb-9766-cc326314d9f1,9.31462509301491,0.00011621647440446715,1.2476774238784826e-05,117.25973487360001,155.57385133854547,6.0,0.00020539703333635593,0.00027501077556735254,8.741412669963515e-06,0.000489149221573672,0.0,United Kingdom,GBR,england,,,Linux-6.4.0-150600.23.73_15.0.14-cray_shasta_c_64k-aarch64-with-glibc2.38,3.11.7,3.3.0,72,Neoverse-V2,1,1 x NVIDIA GH200 120GB,-2.5917,51.4535,64,machine,0.0,6.5,25.783333333333335,220.9341023763021,N,1.0,0.0
2026-09-27T01:39:42,efficientnet_lite0_batch4_node_0_evaluate,9689de38-0440-49f3-b2dc-a6402c0e870a,5b0fa12a-3dd7-45bb-9766-cc326314d9f1,9.92002678499557,0.00012309990501675313,1.2409231112454914e-05,117.86300593920004,143.3522045730936,6.0,0.00022841814635498063,0.00027995105727995906,9.75202679556484e-06,0.0005181212304305045,0.0,United Kingdom,GBR,england,,,Linux-6.4.0-150600.23.73_15.0.14-cray_shasta_c_64k-aarch64-with-glibc2.38,3.11.7,3.3.0,72,Neoverse-V2,1,1 x NVIDIA GH200 120GB,-2.5917,51.4535,64,machine,0.0,3.3333333333333335,25.816666666666666,221.31936645507812,N,1.0,0.0
2026-09-27T01:40:02,efficientnet_lite0_batch4_node_1_local_train,7e84497e-bf17-41de-9f99-76daa3e80b71,5b0fa12a-3dd7-45bb-9766-cc326314d9f1,12.45948104094714,0.0001718510038433465,1.3792789866493734e-05,117.07982894880001,150.89835689958161,6.0,0.0003076800848205705,0.000404978379521026,1.0653658035056045e-05,0.0007233121223766526,0.0,United Kingdom,GBR,england,,,Linux-6.4.0-150600.23.73_15.0.14-cray_shasta_c_64k-aarch64-with-glibc2.38,3.11.7,3.3.0,72,Neoverse-V2,1,1 x NVIDIA GH200 120GB,-2.5917,51.4535,64,machine,0.0,6.777777777777778,25.888888888888893,221.46154106987848,N,1.0,0.0
2026-09-27T01:40:21,efficientnet_lite0_batch4_node_1_evaluate,eaca8b3d-3e57-424f-b190-b0f7561880b9,5b0fa12a-3dd7-45bb-9766-cc326314d9f1,15.789156267885119,0.00022201066831698126,1.4060958327998011e-05,117.58412870948574,144.13534418544538,6.0,0.00041553270538682765,0.0005089304071645984,9.968482838012277e-06,0.0009344315953894384,0.0,United Kingdom,GBR,england,,,Linux-6.4.0-150600.23.73_15.0.14-cray_shasta_c_64k-aarch64-with-glibc2.38,3.11.7,3.3.0,72,Neoverse-V2,1,1 x NVIDIA GH200 120GB,-2.5917,51.4535,64,machine,2.9,1.0,25.866666666666664,221.44778951009116,N,1.0,0.0
2026-09-27T01:41:50,efficientnet_lite0_batch4_node_2_local_train,6cce7295-1fc0-44a3-b3f1-bc6a5937c848,5b0fa12a-3dd7-45bb-9766-cc326314d9f1,7.89605399616994,8.988623142697074e-05,1.138369006475525e-05,116.72082437760001,154.4128530349612,6.0,0.00015809096727523593,0.00021393767116251183,6.297931508549179e-06,0.00037832656994629693,0.0,United Kingdom,GBR,england,,,Linux-6.4.0-150600.23.73_15.0.14-cray_shasta_c_64k-aarch64-with-glibc2.38,3.11.7,3.3.0,72,Neoverse-V2,1,1 x NVIDIA GH200 120GB,-2.5917,51.4535,64,machine,6.25,5.75,25.9,221.47064208984375,N,1.0,0.0
2026-09-27T01:42:42,efficientnet_lite0_batch4_node_2_evaluate,4a2e610b-523d-4c63-84d9-9911651331cf,5b0fa12a-3dd7-45bb-9766-cc326314d9f1,22.312603764003143,0.0003304423360282884,1.4809671678093887e-05,117.31465975844571,144.02634550384536,6.0,0.0006231483682321856,0.0007580597730907357,9.606820768288647e-06,0.0013908149620912096,0.0,United Kingdom,GBR,england,,,Linux-6.4.0-150600.23.73_15.0.14-cray_shasta_c_64k-aarch64-with-glibc2.38,3.11.7,3.3.0,72,Neoverse-V2,1,1 x NVIDIA GH200 120GB,-2.5917,51.4535,64,machine,0.631578947368421,0.42105263157894735,25.889473684210518,221.43401135896383,N,1.0,0.0
2026-09-27T01:42:51,efficientnet_lite0_batch4_node_3_local_train,223d2204-958e-4a6d-9207-c304c7b32e09,5b0fa12a-3dd7-45bb-9766-cc326314d9f1,8.08509440603666,9.479220921568165e-05,1.172431692880493e-05,116.71143736320002,80.95469348554411,6.0,0.0001653097201296517,0.00022529962467388032,8.366235781771443e-06,0.00039897558058530345,0.0,United Kingdom,GBR,england,,,Linux-6.4.0-150600.23.73_15.0.14-cray_shasta_c_64k-aarch64-with-glibc2.38,3.11.7,3.3.0,72,Neoverse-V2,1,1 x NVIDIA GH200 120GB,-2.5917,51.4535,64,machine,7.58,9.4,25.9,221.49871826171875,N,1.0,0.0
2026-09-27T01:43:01,efficientnet_lite0_batch4_node_3_evaluate,f2968af0-ae1f-49d6-a132-99b27d444fbf,5b0fa12a-3dd7-45bb-9766-cc326314d9f1,8.943304802058265,0.0001062498516241087,1.1880379118875131e-05,117.48752458560003,73.98292820205575,6.0,0.00019598894999499854,0.0002414165820141534,9.794681906932965e-06,0.0004472002139160849,0.0,United Kingdom,GBR,england,,,Linux-6.4.0-150600.23.73_15.0.14-cray_shasta_c_64k-aarch64-with-glibc2.38,3.11.7,3.3.0,72,Neoverse-V2,1,1 x NVIDIA GH200 120GB,-2.5917,51.4535,64,machine,18.34,2.2,25.9,221.54100341796874,N,1.0,0.0
2026-09-27T01:43:37,efficientnet_lite0_batch4_node_4_local_train,6b2edeee-5cad-4c13-993d-7db6726f6d72,5b0fa12a-3dd7-45bb-9766-cc326314d9f1,9.560737040825188,0.00012076615599103602,1.2631469255492951e-05,116.8802409312,147.81174925191434,6.0,0.00021330236882244203,0.00028590633982616964,9.08989099630465e-06,0.0005082985996449163,0.0,United Kingdom,GBR,england,,,Linux-6.4.0-150600.23.73_15.0.14-cray_shasta_c_64k-aarch64-with-glibc2.38,3.11.7,3.3.0,72,Neoverse-V2,1,1 x NVIDIA GH200 120GB,-2.5917,51.4535,64,machine,0.0,6.666666666666667,25.900000000000002,221.6252237955729,N,1.0,0.0
2026-09-27T01:44:12,efficientnet_lite0_batch4_node_4_evaluate,3f4fac7d-c1b4-4bb2-a12e-1d6de5b25f42,5b0fa12a-3dd7-45bb-9766-cc326314d9f1,9.960854762000963,0.00012336987074299492,1.2385470292532611e-05,117.950164272,142.56870106512037,6.0,0.00022994951867020516,0.0002794924458271453,9.8155379248783e-06,0.0005192575024222288,0.0,United Kingdom,GBR,england,,,Linux-6.4.0-150600.23.73_15.0.14-cray_shasta_c_64k-aarch64-with-glibc2.38,3.11.7,3.3.0,72,Neoverse-V2,1,1 x NVIDIA GH200 120GB,-2.5917,51.4535,64,machine,10.616666666666667,2.0,25.900000000000002,221.60261027018228,N,1.0,0.0
2026-09-27T01:44:27,efficientnet_lite0_batch4_node_5_local_train,8147de7c-fb81-4b87-8a4f-39af9b41a1ae,5b0fa12a-3dd7-45bb-9766-cc326314d9f1,11.041239702142775,0.00014792870728786366,1.3397834960430676e-05,116.79462398674288,151.66392629854442,6.0,0.0002611003914823279,0.000350698891651291,1.0825111463200302e-05,0.0006226243945968192,0.0,United Kingdom,GBR,england,,,Linux-6.4.0-150600.23.73_15.0.14-cray_shasta_c_64k-aarch64-with-glibc2.38,3.11.7,3.3.0,72,Neoverse-V2,1,1 x NVIDIA GH200 120GB,-2.5917,51.4535,64,machine,0.0,5.428571428571429,25.900000000000002,221.62474714006697,N,1.0,0.0
2026-09-27T01:44:50,efficientnet_lite0_batch4_node_5_evaluate,91841436-6611-47df-bafb-151774b96bb4,5b0fa12a-3dd7-45bb-9766-cc326314d9f1,15.111472909804434,0.00021030795835863677,1.3917105209657454e-05,117.98886728777143,143.503490000515,6.0,0.0003951813564429229,0.00048013927298029557,9.854855799737077e-06,0.0008851754852229555,0.0,United Kingdom,GBR,england,,,Linux-6.4.0-150600.23.73_15.0.14-cray_shasta_c_64k-aarch64-with-glibc2.38,3.11.7,3.3.0,72,Neoverse-V2,1,1 x NVIDIA GH200 120GB,-2.5917,51.4535,64,machine,0.0,0.6666666666666666,25.899999999999995,221.6465810139974,N,1.0,0.0
2026-09-27T01:45:08,efficientnet_lite0_batch4_node_2_exchange,72624cc1-b96d-4fad-89a5-8848b88a7f63,5b0fa12a-3dd7-45bb-9766-cc326314d9f1,13.396847335854545,0.00018097339557347447,1.3508655509503923e-05,116.63951567780572,149.42236680675455,6.0,0.0003341338493506069,0.00042132755928037113,6.246395911633348e-06,0.0007617078045426113,0.0,United Kingdom,GBR,england,,,Linux-6.4.0-150600.23.73_15.0.14-cray_shasta_c_64k-aarch64-with-glibc2.38,3.11.7,3.3.0,72,Neoverse-V2,1,1 x NVIDIA GH200 120GB,-2.5917,51.4535,64,machine,13.780000000000001,1.9,25.9,221.65624389648437,N,1.0,0.0
2026-09-27T01:45:21,efficientnet_lite0_batch4_node_2_evaluate,58f96b18-50fe-4f8e-9f18-df84cce29b03,5b0fa12a-3dd7-45bb-9766-cc326314d9f1,8.828629470895976,0.00010400911819990795,1.1780890628922562e-05,117.5769704448,73.63808453291112,6.0,0.0001924940190333473,0.00023566463298152485,9.610429044890528e-06,0.00043776908105976265,0.0,United Kingdom,GBR,england,,,Linux-6.4.0-150600.23.73_15.0.14-cray_shasta_c_64k-aarch64-with-glibc2.38,3.11.7,3.3.0,72,Neoverse-V2,1,1 x NVIDIA GH200 120GB,-2.5917,51.4535,64,machine,20.94,2.4,25.9,221.78797607421876,N,1.0,0.0
2026-09-27T01:45:56,mobilevit_xxs_batch4_node_0_local_train,1629520e-4461-471b-a9cd-9498278a315f,5b0fa12a-3dd7-45bb-9766-cc326314d9f1,12.146848677890375,0.00016496428782689605,1.3580830073825084e-05,116.78709119040002,145.68825976131967,6.0,0.0002976582913878023,0.00038320419545812,1.3463798575103285e-05,0.0006943262854210257,0.0,United Kingdom,GBR,england,,,Linux-6.4.0-150600.23.73_15.0.14-cray_shasta_c_64k-aarch64-with-glibc2.38,3.11.7,3.3.0,72,Neoverse-V2,1,1 x NVIDIA GH200 120GB,-2.5917,51.4535,64,machine,0.0,6.222222222222222,25.900000000000002,221.6490953233507,N,1.0,0.0
2026-09-27T01:46:19,mobilevit_xxs_batch4_node_0_evaluate,ed056661-b2cc-4808-9df8-a673ba8e2c38,5b0fa12a-3dd7-45bb-9766-cc326314d9f1,8.998284731060266,0.00010550334664350185,1.172482865310158e-05,117.17201433599999,72.0575072851128,6.0,0.00019683007486528888,0.00023733741210207882,9.89072550670244e-06,0.0004440582124740701,0.0,United Kingdom,GBR,england,,,Linux-6.4.0-150600.23.73_15.0.14-cray_shasta_c_64k-aarch64-with-glibc2.38,3.11.7,3.3.0,72,Neoverse-V2,1,1 x NVIDIA GH200 120GB,-2.5917,51.4535,64,machine,0.0,2.4,25.9,221.7310302734375,N,1.0,0.0
2026-09-27T01:46:42,mobilevit_xxs_batch4_node_1_local_train,3722389d-4b08-4c2a-8f5f-c52b5d47226d,5b0fa12a-3dd7-45bb-9766-cc326314d9f1,14.050235762028024,0.00020001052936124722,1.4235385992724262e-05,116.85624118848003,145.4250395832118,6.0,0.0003607291840875784,0.0004644678715806094,1.663707537848192e-05,0.0008418341310466698,0.0,United Kingdom,GBR,england,,,Linux-6.4.0-150600.23.73_15.0.14-cray_shasta_c_64k-aarch64-with-glibc2.38,3.11.7,3.3.0,72,Neoverse-V2,1,1 x NVIDIA GH200 120GB,-2.5917,51.4535,64,machine,0.0,7.6,25.9,221.89309692382812,N,1.0,0.0
2026-09-27T01:46:52,mobilevit_xxs_batch4_node_1_evaluate,3757c1c4-295f-4e73-aff0-d19b7512ba7c,5b0fa12a-3dd7-45bb-9766-cc326314d9f1,9.109413380967453,0.00010857806960210299,1.1919326202602477e-05,117.3871406345143,73.15981050511871,6.0,0.00020136281609714338,0.00024556186312452155,1.0074885581852867e-05,0.0004569995648035178,0.0,United Kingdom,GBR,england,,,Linux-6.4.0-150600.23.73_15.0.14-cray_shasta_c_64k-aarch64-with-glibc2.38,3.11.7,3.3.0,72,Neoverse-V2,1,1 x NVIDIA GH200 120GB,-2.5917,51.4535,64,machine,0.0,1.5,25.900000000000002,221.9900105794271,N,1.0,0.0
2026-09-27T01:47:08,mobilevit_xxs_batch4_node_2_local_train,9f04cf95-c574-429a-9126-f79763c010b4,5b0fa12a-3dd7-45bb-9766-cc326314d9f1,9.976971301948652,0.00012477867033477613,1.250666826218143e-05,116.8555243104,144.79224684308235,6.0,0.00022671486425474715,0.00028861495312071384,9.857250774900119e-06,0.0005251870681503611,0.0,United Kingdom,GBR,england,,,Linux-6.4.0-150600.23.73_15.0.14-cray_shasta_c_64k-aarch64-with-glibc2.38,3.11.7,3.3.0,72,Neoverse-V2,1,1 x NVIDIA GH200 120GB,-2.5917,51.4535,64,machine,0.0,8.5,25.900000000000002,222.0243937174479,N,1.0,0.0
2026-09-27T01:47:30,mobilevit_xxs_batch4_node_2_evaluate,9e65212d-54e0-43ba-a157-16f25e0820d0,5b0fa12a-3dd7-45bb-9766-cc326314d9f1,18.07618218380958,0.00025819381169688623,1.428364734717846e-05,117.28440592210285,142.03786562396434,6.0,0.00048715995916054675,0.0005898449163339592,9.719727483267585e-06,0.0010867246029777735,0.0,United Kingdom,GBR,england,,,Linux-6.4.0-150600.23.73_15.0.14-cray_shasta_c_64k-aarch64-with-glibc2.38,3.11.7,3.3.0,72,Neoverse-V2,1,1 x NVIDIA GH200 120GB,-2.5917,51.4535,64,machine,6.953333333333334,1.0666666666666667,25.89999999999999,222.05475667317708,N,1.0,0.0
2026-09-27T01:47:58,mobilevit_xxs_batch4_node_3_local_train,ff8456e6-3f9b-45b5-b762-eea5d3b55ab1,5b0fa12a-3dd7-45bb-9766-cc326314d9f1,16.068206867203116,0.00023053887162285348,1.4347517027143043e-05,116.6919271488,146.15125879438546,6.0,0.00042307077459838576,0.0005341409828645283,1.3114611278288067e-05,0.0009703263687412022,0.0,United Kingdom,GBR,england,,,Linux-6.4.0-150600.23.73_15.0.14-cray_shasta_c_64k-aarch64-with-glibc2.38,3.11.7,3.3.0,72,Neoverse-V2,1,1 x NVIDIA GH200 120GB,-2.5917,51.4535,64,machine,0.0,5.384615384615385,25.899999999999995,222.09957650991586,N,1.0,0.0
2026-09-27T01:48:47,mobilevit_xxs_batch4_node_3_evaluate,896fde7b-8cc2-4556-9413-bbc124232722,5b0fa12a-3dd7-45bb-9766-cc326314d9f1,37.951724875951186,0.0005990936342403042,1.5785676044988696e-05,116.82711435177933,106.6750516431562,6.0,0.0011257589081139748,0.0013609449776481597,3.4850707423174754e-05,0.0025215545931853087,0.0,United Kingdom,GBR,england,,,Linux-6.4.0-150600.23.73_15.0.14-cray_shasta_c_64k-aarch64-with-glibc2.38,3.11.7,3.3.0,72,Neoverse-V2,1,1 x NVIDIA GH200 120GB,-2.5917,51.4535,64,machine,5.829411764705882,0.2647058823529412,25.902941176470573,222.1284843893612,N,1.0,0.0
2026-09-27T01:50:09,mobilevit_xxs_batch4_node_4_local_train,0d69cd18-63ff-464f-aee3-3f5898e0bec1,5b0fa12a-3dd7-45bb-9766-cc326314d9f1,11.4767174590379,0.00015483739955928158,1.3491436041003809e-05,116.53548243840001,77.55014885378831,6.0,0.00027562194798568174,0.00036206890075618503,1.4011879748431966e-05,0.0006517027284902988,0.0,United Kingdom,GBR,england,,,Linux-6.4.0-150600.23.73_15.0.14-cray_shasta_c_64k-aarch64-with-glibc2.38,3.11.7,3.3.0,72,Neoverse-V2,1,1 x NVIDIA GH200 120GB,-2.5917,51.4535,64,machine,17.7375,7.0,31.575000000000003,270.55736541748047,N,1.0,0.0
2026-09-27T01:50:27,mobilevit_xxs_batch4_node_4_evaluate,8b69c874-0a4b-472c-80d3-e2b19133b1e4,5b0fa12a-3dd7-45bb-9766-cc326314d9f1,8.986230612033978,0.00010541137556164016,1.1730321656833258e-05,117.1716943104,72.2593578538318,6.0,0.0001964273781260557,0.00023737046768701475,9.873265061760322e-06,0.0004436711108748308,0.0,United Kingdom,GBR,england,,,Linux-6.4.0-150600.23.73_15.0.14-cray_shasta_c_64k-aarch64-with-glibc2.38,3.11.7,3.3.0,72,Neoverse-V2,1,1 x NVIDIA GH200 120GB,-2.5917,51.4535,64,machine,0.0,1.6,25.6,219.5668701171875,N,1.0,0.0
2026-09-27T01:51:12,mobilevit_xxs_batch4_node_5_local_train,6d79e11d-9b11-4fb2-b583-359c95d42034,5b0fa12a-3dd7-45bb-9766-cc326314d9f1,30.90990356495604,0.0004894826748664639,1.583578783537237e-05,116.2688453620364,97.7126401026125,6.0,0.0009003578822855639,0.0011179889499430828,4.1860815711552275e-05,0.002060207647940199,0.0,United Kingdom,GBR,england,,,Linux-6.4.0-150600.23.73_15.0.14-cray_shasta_c_64k-aarch64-with-glibc2.38,3.11.7,3.3.0,72,Neoverse-V2,1,1 x NVIDIA GH200 120GB,-2.5917,51.4535,64,machine,2.466666666666667,3.740740740740741,25.60740740740742,219.62175835503473,N,1.0,0.0
2026-09-27T01:51:58,mobilevit_xxs_batch4_node_5_evaluate,b95e9aab-86c9-47e9-909a-1f73418e2fcd,5b0fa12a-3dd7-45bb-9766-cc326314d9f1,15.038968296023086,0.000208009930794706,1.3831396323224664e-05,117.59866508982861,142.4722801513347,6.0,0.00039151969884951087,0.00047403565702097694,9.94784838015524e-06,0.000875503204250643,0.0,United Kingdom,GBR,england,,,Linux-6.4.0-150600.23.73_15.0.14-cray_shasta_c_64k-aarch64-with-glibc2.38,3.11.7,3.3.0,72,Neoverse-V2,1,1 x NVIDIA GH200 120GB,-2.5917,51.4535,64,machine,6.454545454545454,1.4545454545454546,25.663636363636364,219.68174050071022,N,1.0,0.0
2026-09-27T01:52:22,mobilevit_xxs_batch4_node_0_exchange,1b5c6e9c-3575-4f22-a9a2-fcbcd0ba8acc,5b0fa12a-3dd7-45bb-9766-cc326314d9f1,9.367523032007739,0.00011386572652648074,1.2155371931023257e-05,116.6915440224,143.358274893854,6.0,0.0002063436394876899,0.0002641496557771461,8.76174821984023e-06,0.0004792550434846762,0.0,United Kingdom,GBR,england,,,Linux-6.4.0-150600.23.73_15.0.14-cray_shasta_c_64k-aarch64-with-glibc2.38,3.11.7,3.3.0,72,Neoverse-V2,1,1 x NVIDIA GH200 120GB,-2.5917,51.4535,64,machine,0.0,7.0,25.7,219.73471069335938,N,1.0,0.0
2026-09-27T01:52:44,mobilevit_xxs_batch4_node_1_exchange,76297cd3-c4dc-4e8b-9528-ba34b5bb279e,5b0fa12a-3dd7-45bb-9766-cc326314d9f1,9.750191451050341,0.0001222308946818136,1.2536255856662822e-05,116.43451065051428,792.7494631790776,6.0,0.00021888100099297318,0.00028444328313526057,1.1139326063372816e-05,0.0005144636101916066,0.0,United Kingdom,GBR,england,,,Linux-6.4.0-150600.23.73_15.0.14-cray_shasta_c_64k-aarch64-with-glibc2.38,3.11.7,3.3.0,72,Neoverse-V2,1,1 x NVIDIA GH200 120GB,-2.5917,51.4535,64,machine,0.0,9.5,25.7,219.7479044596354,N,1.0,0.0
2026-09-27T01:56:52,mobilevit_xxs_batch4_node_2_exchange,c425da9d-8105-41c5-97fe-412d87dd8ddc,5b0fa12a-3dd7-45bb-9766-cc326314d9f1,237.95766366296448,0.0040894995709606944,1.718582838648529e-05,115.4204573713086,140.24767485110092,6.0,0.007621371368166817,0.009227092937209136,0.00036403110039071187,0.01721249540576666,0.0,United Kingdom,GBR,england,,,Linux-6.4.0-150600.23.73_15.0.14-cray_shasta_c_64k-aarch64-with-glibc2.38,3.11.7,3.3.0,72,Neoverse-V2,1,1 x NVIDIA GH200 120GB,-2.5917,51.4535,64,machine,2.512236286919831,0.16033755274261605,25.69873417721508,219.86577287504946,N,1.0,0.0
2026-09-27T01:57:20,mobilevit_xxs_batch4_node_3_exchange,334b5560-4d96-43a2-baf3-35bb28c6db8a,5b0fa12a-3dd7-45bb-9766-cc326314d9f1,9.301097434014082,0.0001121803392760454,1.2060978833078586e-05,116.6092368768,145.11177425909955,6.0,0.00020383212698066224,0.000259615763269494,8.713444138411432e-06,0.00047216133438856764,0.0,United Kingdom,GBR,england,,,Linux-6.4.0-150600.23.73_15.0.14-cray_shasta_c_64k-aarch64-with-glibc2.38,3.11.7,3.3.0,72,Neoverse-V2,1,1 x NVIDIA GH200 120GB,-2.5917,51.4535,64,machine,0.0,6.0,25.7,219.91806030273438,N,1.0,0.0
2026-09-27T01:57:40,mobilevit_xxs_batch4_node_5_exchange,d815c0a5-d029-4094-ae14-817450790625,5b0fa12a-3dd7-45bb-9766-cc326314d9f1,17.25817250786349,0.0002485219750164177,1.4400248630217449e-05,116.59386212640003,146.00197875913005,6.0,0.0004599533835499044,0.0005747887931590867,1.1274158291441079e-05,0.0010460163350004322,0.0,United Kingdom,GBR,england,,,Linux-6.4.0-150600.23.73_15.0.14-cray_shasta_c_64k-aarch64-with-glibc2.38,3.11.7,3.3.0,72,Neoverse-V2,1,1 x NVIDIA GH200 120GB,-2.5917,51.4535,64,machine,6.214285714285714,4.857142857142857,25.699999999999992,220.0016348702567,N,1.0,0.0
2026-09-27T01:58:43,mobilevit_xxs_batch4_node_0_evaluate,58796164-a756-4d0f-9264-9ea9be6a93a1,5b0fa12a-3dd7-45bb-9766-cc326314d9f1,19.213800218887627,0.0002778015564475218,1.4458438897185794e-05,117.2887882298182,145.53844124972503,6.0,0.0005227191352664762,0.0006367649538674414,9.768512827965122e-06,0.0011692526019618829,0.0,United Kingdom,GBR,england,,,Linux-6.4.0-150600.23.73_15.0.14-cray_shasta_c_64k-aarch64-with-glibc2.38,3.11.7,3.3.0,72,Neoverse-V2,1,1 x NVIDIA GH200 120GB,-2.5917,51.4535,64,machine,2.66875,0.875,25.699999999999992,220.02136993408203,N,1.0,0.0
2026-09-27T01:59:01,mobilevit_xxs_batch4_node_1_evaluate,f9268270-d023-4384-8931-4dfcfef768e5,5b0fa12a-3dd7-45bb-9766-cc326314d9f1,11.044367358088493,0.0001410842687517443,1.2774318725320135e-05,117.90411462720002,141.97568790635995,6.0,0.0002648242125612261,0.00031902692188623405,9.965366955148056e-06,0.0005938165014026083,0.0,United Kingdom,GBR,england,,,Linux-6.4.0-150600.23.73_15.0.14-cray_shasta_c_64k-aarch64-with-glibc2.38,3.11.7,3.3.0,72,Neoverse-V2,1,1 x NVIDIA GH200 120GB,-2.5917,51.4535,64,machine,0.0,1.7142857142857142,25.699999999999996,220.07175990513392,N,1.0,0.0
2026-09-27T01:59:20,mobilevit_xxs_batch4_node_2_evaluate,aa4144ea-8a0a-4338-8f1f-289892a1b966,5b0fa12a-3dd7-45bb-9766-cc326314d9f1,14.531825246987864,0.00019922806175854007,1.370977550117703e-05,117.47218222902859,142.62527804787658,6.0,0.00037459738207273153,0.0004542825856219679,9.660797065201526e-06,0.0008385407647599008,0.0,United Kingdom,GBR,england,,,Linux-6.4.0-150600.23.73_15.0.14-cray_shasta_c_64k-aarch64-with-glibc2.38,3.11.7,3.3.0,72,Neoverse-V2,1,1 x NVIDIA GH200 120GB,-2.5917,51.4535,64,machine,2.681818181818182,0.7272727272727273,25.699999999999992,220.14915882457387,N,1.0,0.0
2026-09-27T01:59:30,mobilevit_xxs_batch4_node_3_evaluate,eac259fc-884d-4bde-906d-d99998d05b4f,5b0fa12a-3dd7-45bb-9766-cc326314d9f1,8.949182983953506,0.000105100126815048,1.1744103009570783e-05,117.09998611200001,72.67616979785592,6.0,0.0001949453434392128,0.00023760213454693258,9.81360276695341e-06,0.0004423610807530988,0.0,United Kingdom,GBR,england,,,Linux-6.4.0-150600.23.73_15.0.14-cray_shasta_c_64k-aarch64-with-glibc2.38,3.11.7,3.3.0,72,Neoverse-V2,1,1 x NVIDIA GH200 120GB,-2.5917,51.4535,64,machine,0.0,2.4,25.7,220.15633544921874,N,1.0,0.0
2026-09-27T01:59:40,mobilevit_xxs_batch4_node_5_evaluate,c792bf4a-2e95-4b67-a618-c2fe304bf436,5b0fa12a-3dd7-45bb-9766-cc326314d9f1,9.047561718150973,0.00010708175413980376,1.183542676752116e-05,117.3829018752,72.70155881908993,6.0,0.0001991737699208785,0.00024155491544775032,9.972963865147905e-06,0.0004507016492337767,0.0,United Kingdom,GBR,england,,,Linux-6.4.0-150600.23.73_15.0.14-cray_shasta_c_64k-aarch64-with-glibc2.38,3.11.7,3.3.0,72,Neoverse-V2,1,1 x NVIDIA GH200 120GB,-2.5917,51.4535,64,machine,0.0,2.4,25.7,220.25728759765624,N,1.0,0.0
2026-09-27T02:01:09,mobilenet_v3_small_batch5_node_0_local_train,bcd92a00-2bb2-4486-9907-328d6cd9b65d,5b0fa12a-3dd7-45bb-9766-cc326314d9f1,11.089987043989822,0.00014174588178460373,1.2781428979344245e-05,116.725105908,199.8353494080083,6.0,0.00026254541929861264,0.000320714423253321,1.3341354408379024e-05,0.0005966011969603126,0.0,United Kingdom,GBR,england,,,Linux-6.4.0-150600.23.73_15.0.14-cray_shasta_c_64k-aarch64-with-glibc2.38,3.11.7,3.3.0,72,Neoverse-V2,1,1 x NVIDIA GH200 120GB,-2.5917,51.4535,64,machine,0.0,3.7142857142857144,25.5,218.30794852120536,N,1.0,0.0
2026-09-27T02:01:29,mobilenet_v3_small_batch5_node_0_evaluate,3508b283-b8af-4574-a69a-9a8a0f35db12,5b0fa12a-3dd7-45bb-9766-cc326314d9f1,11.707454378949478,0.00015093681185213503,1.2892368141406223e-05,116.75879049600002,70.09706915591921,6.0,0.00028442370779332006,0.0003364566580614792,1.440498764277436e-05,0.0006352853534975736,0.0,United Kingdom,GBR,england,,,Linux-6.4.0-150600.23.73_15.0.14-cray_shasta_c_64k-aarch64-with-glibc2.38,3.11.7,3.3.0,72,Neoverse-V2,1,1 x NVIDIA GH200 120GB,-2.5917,51.4535,64,machine,0.0,0.375,25.5,218.2396240234375,N,1.0,0.0
2026-09-27T02:01:53,mobilenet_v3_small_batch5_node_1_local_train,c14cfa4a-9f4e-408f-80ea-5968b739231a,5b0fa12a-3dd7-45bb-9766-cc326314d9f1,22.724843838019297,0.0003400102729427571,1.496205102073839e-05,117.14056615400727,143.0800083461872,6.0,0.0006375466546977179,0.0007774995108889016,1.603975565871224e-05,0.0014310859212453317,0.0,United Kingdom,GBR,england,,,Linux-6.4.0-150600.23.73_15.0.14-cray_shasta_c_64k-aarch64-with-glibc2.38,3.11.7,3.3.0,72,Neoverse-V2,1,1 x NVIDIA GH200 120GB,-2.5917,51.4535,64,machine,4.578947368421052,0.8421052631578947,25.5,218.51578883120888,N,1.0,0.0
2026-09-27T02:02:18,mobilenet_v3_small_batch5_node_1_evaluate,2dd5d475-7a1a-4ad8-a9fd-0104b2290354,5b0fa12a-3dd7-45bb-9766-cc326314d9f1,10.180417469935492,0.00012491540174426537,1.2270164962602158e-05,117.9966464352,138.6330416084948,6.0,0.00023735476214183549,0.00027823327815212906,1.0174523394865295e-05,0.0005257625636888298,0.0,United Kingdom,GBR,england,,,Linux-6.4.0-150600.23.73_15.0.14-cray_shasta_c_64k-aarch64-with-glibc2.38,3.11.7,3.3.0,72,Neoverse-V2,1,1 x NVIDIA GH200 120GB,-2.5917,51.4535,64,machine,11.142857142857142,0.5714285714285714,25.5,218.52500697544642,N,1.0,0.0
2026-09-27T02:02:42,mobilenet_v3_small_batch5_node_2_local_train,867d6352-dc25-4b19-9311-0139493237bc,5b0fa12a-3dd7-45bb-9766-cc326314d9f1,14.759639682946727,0.00020134715200638556,1.3641738980865628e-05,116.58185687725715,141.94520911934853,6.0,0.0003787086875880521,0.00046025453488596213,8.496685208519922e-06,0.000847459907682534,0.0,United Kingdom,GBR,england,,,Linux-6.4.0-150600.23.73_15.0.14-cray_shasta_c_64k-aarch64-with-glibc2.38,3.11.7,3.3.0,72,Neoverse-V2,1,1 x NVIDIA GH200 120GB,-2.5917,51.4535,64,machine,0.0,1.9090909090909092,25.5,218.60640092329547,N,1.0,0.0
2026-09-27T02:02:52,mobilenet_v3_small_batch5_node_2_evaluate,c1f48880-eb64-4541-9877-19b0d60dd1a5,5b0fa12a-3dd7-45bb-9766-cc326314d9f1,8.922966611105949,0.00010365423578928296,1.1616566586752659e-05,117.35076392639999,71.23885046266913,6.0,0.0001948044657021065,0.00023170768537283948,9.763247993541882e-06,0.00043627539906848786,0.0,United Kingdom,GBR,england,,,Linux-6.4.0-150600.23.73_15.0.14-cray_shasta_c_64k-aarch64-with-glibc2.38,3.11.7,3.3.0,72,Neoverse-V2,1,1 x NVIDIA GH200 120GB,-2.5917,51.4535,64,machine,0.0,0.6,25.5,218.5942626953125,N,1.0,0.0
2026-09-27T02:03:06,mobilenet_v3_small_batch5_node_3_local_train,84f670ad-87d1-400d-a96e-51216bae9c05,5b0fa12a-3dd7-45bb-9766-cc326314d9f1,12.741033012978733,0.00017135428674676736,1.344901049798837e-05,117.17810844480002,147.48435066438032,6.0,0.0003185546441461078,0.0003882216994668397,1.4445121803243337e-05,0.0007212214654161908,0.0,United Kingdom,GBR,england,,,Linux-6.4.0-150600.23.73_15.0.14-cray_shasta_c_64k-aarch64-with-glibc2.38,3.11.7,3.3.0,72,Neoverse-V2,1,1 x NVIDIA GH200 120GB,-2.5917,51.4535,64,machine,14.200000000000001,1.8888888888888888,25.5,218.63060167100696,N,1.0,0.0
2026-09-27T02:08:29,mobilenet_v3_small_batch5_node_3_evaluate,86fe229e-d5e0-42ce-9800-a7e60d54989b,5b0fa12a-3dd7-45bb-9766-cc326314d9f1,130.05670426483266,0.004326587110870104,3.326692872410433e-05,115.56703918234575,139.3456249542488,6.0,0.004171521208238667,0.005042755978649893,0.0002225702750364629,0.009436847461925022,0.0,United Kingdom,GBR,england,,,Linux-6.4.0-150600.23.73_15.0.14-cray_shasta_c_64k-aarch64-with-glibc2.38,3.11.7,3.3.0,72,Neoverse-V2,1,1 x NVIDIA GH200 120GB,-2.5917,51.4535,64,machine,3.3315384615384613,0.015384615384615385,25.59615384615379,219.4181396484375,N,1.0,0.0
2026-09-27T02:09:02,mobilenet_v3_small_batch5_node_4_local_train,39e402a2-21be-427e-a514-575024cf0c1b,5b0fa12a-3dd7-45bb-9766-cc326314d9f1,11.903298737946898,0.00015683016676721983,1.317535333858807e-05,116.98467960960001,148.10585526972187,6.0,0.0002905750673362241,0.00035646695184254895,1.30481649931365e-05,0.0006600901841719096,0.0,United Kingdom,GBR,england,,,Linux-6.4.0-150600.23.73_15.0.14-cray_shasta_c_64k-aarch64-with-glibc2.38,3.11.7,3.3.0,72,Neoverse-V2,1,1 x NVIDIA GH200 120GB,-2.5917,51.4535,64,machine,0.0,2.625,25.5625,218.8519744873047,N,1.0,0.0
2026-09-27T02:09:12,mobilenet_v3_small_batch5_node_4_evaluate,a9c38a0b-56aa-4cbe-877d-a12b26b54b51,5b0fa12a-3dd7-45bb-9766-cc326314d9f1,10.052471970906481,0.00012294348748632822,1.2230174611990667e-05,117.8551609056,140.14750548572908,6.0,0.00023264036535268603,0.0002748452198773066,9.97729178168811e-06,0.0005174628770116807,0.0,United Kingdom,GBR,england,,,Linux-6.4.0-150600.23.73_15.0.14-cray_shasta_c_64k-aarch64-with-glibc2.38,3.11.7,3.3.0,72,Neoverse-V2,1,1 x NVIDIA GH200 120GB,-2.5917,51.4535,64,machine,0.0,0.5,25.583333333333332,218.9090372721354,N,1.0,0.0
2026-09-27T02:09:50,mobilenet_v3_small_batch5_node_5_local_train,9ae4ae3e-6fe6-45db-a4c7-2550c1bcab88,5b0fa12a-3dd7-45bb-9766-cc326314d9f1,18.10527359205298,0.0002607315711468213,1.4400863362885896e-05,116.78095128301715,141.97848394092256,6.0,0.0004882750138721585,0.0005941451975388645,1.498569183711273e-05,0.0010974059032481357,0.0,United Kingdom,GBR,england,,,Linux-6.4.0-150600.23.73_15.0.14-cray_shasta_c_64k-aarch64-with-glibc2.38,3.11.7,3.3.0,72,Neoverse-V2,1,1 x NVIDIA GH200 120GB,-2.5917,51.4535,64,machine,9.053333333333335,1.4666666666666666,25.600000000000005,218.96259358723958,N,1.0,0.0
2026-09-27T02:10:11,mobilenet_v3_small_batch5_node_5_evaluate,5cbf3903-afb3-460d-a957-d61e9bc163f9,5b0fa12a-3dd7-45bb-9766-cc326314d9f1,15.1018542482052,0.00020740689707151553,1.3733869607181852e-05,117.93352171885715,139.97316920494396,6.0,0.0003947553132777567,0.0004681895412090853,1.0020211536902934e-05,0.0008729650660237449,0.0,United Kingdom,GBR,england,,,Linux-6.4.0-150600.23.73_15.0.14-cray_shasta_c_64k-aarch64-with-glibc2.38,3.11.7,3.3.0,72,Neoverse-V2,1,1 x NVIDIA GH200 120GB,-2.5917,51.4535,64,machine,6.266666666666667,0.3333333333333333,25.599999999999998,219.00576782226562,N,1.0,0.0
2026-09-27T02:11:46,mobilenet_v3_small_batch5_node_0_exchange,8c751b75-c96c-429c-bef3-714cf6f3d98c,5b0fa12a-3dd7-45bb-9766-cc326314d9f1,9.09394851187244,0.00010698103177275287,1.1763980369262671e-05,116.95291594560001,142.59341971925787,6.0,0.0001979838089598151,0.00024392019514607455,8.373709815011048e-06,0.0004502777139209007,0.0,United Kingdom,GBR,england,,,Linux-6.4.0-150600.23.73_15.0.14-cray_shasta_c_64k-aarch64-with-glibc2.38,3.11.7,3.3.0,72,Neoverse-V2,1,1 x NVIDIA GH200 120GB,-2.5917,51.4535,64,machine,0.0,2.3333333333333335,25.599999999999998,219.2661336263021,N,1.0,0.0
2026-09-27T02:12:19,mobilenet_v3_small_batch5_node_1_exchange,14cea8bd-e05c-4067-8b2f-7e61cc46a422,5b0fa12a-3dd7-45bb-9766-cc326314d9f1,14.408601310104132,0.000196393895571655,1.3630323398144998e-05,116.74009038960001,141.6837129854498,6.0,0.0003688219845272799,0.00044718702443447,1.0602894668700172e-05,0.0008266119036304501,0.0,United Kingdom,GBR,england,,,Linux-6.4.0-150600.23.73_15.0.14-cray_shasta_c_64k-aarch64-with-glibc2.38,3.11.7,3.3.0,72,Neoverse-V2,1,1 x NVIDIA GH200 120GB,-2.5917,51.4535,64,machine,0.0,1.2727272727272727,25.599999999999998,219.43353271484375,N,1.0,0.0
2026-09-27T02:12:27,mobilenet_v3_small_batch5_node_2_exchange,d61729d9-8855-47a5-88ab-08fd0640ab9e,5b0fa12a-3dd7-45bb-9766-cc326314d9f1,6.413207264151424,5.977349512345366e-05,9.320374761248685e-06,116.2492745184,73.40025299958846,6.0,0.00010950898412558789,0.00013649066474386018,5.583947692066432e-06,0.0002515835965615145,0.0,United Kingdom,GBR,england,,,Linux-6.4.0-150600.23.73_15.0.14-cray_shasta_c_64k-aarch64-with-glibc2.38,3.11.7,3.3.0,72,Neoverse-V2,1,1 x NVIDIA GH200 120GB,-2.5917,51.4535,64,machine,0.0,6.666666666666667,25.600000000000005,219.52445475260416,N,1.0,0.0
2026-09-27T02:12:52,mobilenet_v3_small_batch5_node_3_exchange,cea83502-2fb8-4804-b9f8-0a334881dee8,5b0fa12a-3dd7-45bb-9766-cc326314d9f1,15.15111428196542,0.00020889955514622708,1.3787735427148293e-05,116.82955514880003,142.3572427021118,6.0,0.00039237531437400256,0.0004773089929699381,9.563280491468807e-06,0.0008792475878354094,0.0,United Kingdom,GBR,england,,,Linux-6.4.0-150600.23.73_15.0.14-cray_shasta_c_64k-aarch64-with-glibc2.38,3.11.7,3.3.0,72,Neoverse-V2,1,1 x NVIDIA GH200 120GB,-2.5917,51.4535,64,machine,4.741666666666666,2.25,25.599999999999998,219.50139363606772,N,1.0,0.0
2026-09-27T02:13:07,mobilenet_v3_small_batch5_node_4_exchange,ea4c0a69-d169-4f65-8de9-b41cfac3e626,5b0fa12a-3dd7-45bb-9766-cc326314d9f1,9.296809402992949,0.00011047323805601111,1.1882919533710796e-05,116.85576286080001,142.2011178921042,6.0,0.0002046845177741468,0.00025158131239777504,8.71040212844188e-06,0.0004649762323003637,0.0,United Kingdom,GBR,england,,,Linux-6.4.0-150600.23.73_15.0.14-cray_shasta_c_64k-aarch64-with-glibc2.38,3.11.7,3.3.0,72,Neoverse-V2,1,1 x NVIDIA GH200 120GB,-2.5917,51.4535,64,machine,31.25,1.8333333333333333,25.599999999999998,219.56659952799478,N,1.0,0.0
2026-09-27T02:13:18,mobilenet_v3_small_batch5_node_5_exchange,5a470876-bdeb-4430-b19a-751091dc2166,5b0fa12a-3dd7-45bb-9766-cc326314d9f1,10.09199603786692,0.00012472417470482262,1.2358722123634995e-05,116.96784816137145,147.88575191747577,6.0,0.0002310832260959812,0.000283826893735295,1.0047578988208747e-05,0.000524957698819485,0.0,United Kingdom,GBR,england,,,Linux-6.4.0-150600.23.73_15.0.14-cray_shasta_c_64k-aarch64-with-glibc2.38,3.11.7,3.3.0,72,Neoverse-V2,1,1 x NVIDIA GH200 120GB,-2.5917,51.4535,64,machine,0.0,2.0,25.61428571428571,219.58097621372767,N,1.0,0.0
2026-09-27T02:13:38,mobilenet_v3_small_batch5_node_0_evaluate,e5b70fda-3981-499f-8313-fb4a89a041da,5b0fa12a-3dd7-45bb-9766-cc326314d9f1,15.029200478922576,0.00020677248960882796,1.3758049864250078e-05,117.82478887405715,140.92424379550528,6.0,0.00039199269247663563,0.00046840648582247013,9.895699026140695e-06,0.0008702948773252464,0.0,United Kingdom,GBR,england,,,Linux-6.4.0-150600.23.73_15.0.14-cray_shasta_c_64k-aarch64-with-glibc2.38,3.11.7,3.3.0,72,Neoverse-V2,1,1 x NVIDIA GH200 120GB,-2.5917,51.4535,64,machine,0.0,0.36363636363636365,25.64545454545454,219.64792702414772,N,1.0,0.0
2026-09-27T02:13:52,mobilenet_v3_small_batch5_node_1_evaluate,b1ef8652-f757-4682-a2f7-1fab0b49427d,5b0fa12a-3dd7-45bb-9766-cc326314d9f1,9.087674451991916,0.00010611386411032093,1.1676679734831606e-05,117.45555003154288,70.483034463837,6.0,0.00020071348588288727,0.00023586963314414788,1.004473036970012e-05,0.00044662784939673524,0.0,United Kingdom,GBR,england,,,Linux-6.4.0-150600.23.73_15.0.14-cray_shasta_c_64k-aarch64-with-glibc2.38,3.11.7,3.3.0,72,Neoverse-V2,1,1 x NVIDIA GH200 120GB,-2.5917,51.4535,64,machine,0.0,0.8333333333333334,25.649999999999995,219.62776692708334,N,1.0,0.0
2026-09-27T02:14:13,mobilenet_v3_small_batch5_node_2_evaluate,8d1b10e3-9e6e-4af0-98a2-4f006a8cc29b,5b0fa12a-3dd7-45bb-9766-cc326314d9f1,12.866558483801782,0.00016983031612679297,1.3199358347502097e-05,117.755861904,140.269661336258,6.0,0.0003222115989262678,0.0003829339174501456,9.661634319927543e-06,0.0007148071506963411,0.0,United Kingdom,GBR,england,,,Linux-6.4.0-150600.23.73_15.0.14-cray_shasta_c_64k-aarch64-with-glibc2.38,3.11.7,3.3.0,72,Neoverse-V2,1,1 x NVIDIA GH200 120GB,-2.5917,51.4535,64,machine,16.211111111111112,0.1111111111111111,25.688888888888883,219.72711181640625,N,1.0,0.0
2026-09-27T02:14:58,mobilenet_v3_small_batch5_node_3_evaluate,2799b52e-f207-4618-aa54-5b76163463ea,5b0fa12a-3dd7-45bb-9766-cc326314d9f1,10.391436167061329,0.0001279107571065323,1.230924725419404e-05,117.50800518720001,139.7960117607135,6.0,0.00024229496341503126,0.0002862007845010339,9.874113931631049e-06,0.0005383698618476962,0.0,United Kingdom,GBR,england,,,Linux-6.4.0-150600.23.73_15.0.14-cray_shasta_c_64k-aarch64-with-glibc2.38,3.11.7,3.3.0,72,Neoverse-V2,1,1 x NVIDIA GH200 120GB,-2.5917,51.4535,64,machine,20.842857142857145,0.2857142857142857,25.699999999999996,219.81703404017858,N,1.0,0.0
2026-09-27T02:15:29,mobilenet_v3_small_batch5_node_4_evaluate,8cc24dbd-294a-4589-bb1d-f1274f0f35cb,5b0fa12a-3dd7-45bb-9766-cc326314d9f1,8.995164109161124,0.00010427916305862203,1.1592802731905573e-05,117.31671144,70.56092559442234,6.0,0.00019689988972686567,0.0002321310190609438,9.87477732822299e-06,0.00043890568611603244,0.0,United Kingdom,GBR,england,,,Linux-6.4.0-150600.23.73_15.0.14-cray_shasta_c_64k-aarch64-with-glibc2.38,3.11.7,3.3.0,72,Neoverse-V2,1,1 x NVIDIA GH200 120GB,-2.5917,51.4535,64,machine,0.0,0.6,25.7,219.83402099609376,N,1.0,0.0
2026-09-27T02:15:49,mobilenet_v3_small_batch5_node_5_evaluate,1f52fd4c-acb6-4062-bb74-0516c95c492d,5b0fa12a-3dd7-45bb-9766-cc326314d9f1,12.102994564920664,0.00015714102760866372,1.2983648531423907e-05,118.02984019817143,139.8714670482291,6.0,0.0002991366298672187,0.00035220055954710006,1.0061392206310605e-05,0.0006613985816206294,0.0,United Kingdom,GBR,england,,,Linux-6.4.0-150600.23.73_15.0.14-cray_shasta_c_64k-aarch64-with-glibc2.38,3.11.7,3.3.0,72,Neoverse-V2,1,1 x NVIDIA GH200 120GB,-2.5917,51.4535,64,machine,0.5888888888888889,0.4444444444444444,25.688888888888883,219.8369615342882,N,1.0,0.0
2026-09-27T02:16:13,efficientnet_lite0_batch5_node_0_local_train,371683c4-792b-48bb-9f43-da62a1ae0dc4,5b0fa12a-3dd7-45bb-9766-cc326314d9f1,12.379251207923517,0.00016829337889540138,1.3594794714859877e-05,116.93020297536,151.59512690569696,6.0,0.00030373707240532045,0.0003957508721725844,8.850315591553226e-06,0.0007083382601694581,0.0,United Kingdom,GBR,england,,,Linux-6.4.0-150600.23.73_15.0.14-cray_shasta_c_64k-aarch64-with-glibc2.38,3.11.7,3.3.0,72,Neoverse-V2,1,1 x NVIDIA GH200 120GB,-2.5917,51.4535,64,machine,0.0,6.0,25.866666666666667,221.46326361762152,N,1.0,0.0
2026-09-27T02:16:52,efficientnet_lite0_batch5_node_0_evaluate,610b9485-84eb-4b36-b38e-93878bf8ac35,5b0fa12a-3dd7-45bb-9766-cc326314d9f1,9.974770199973136,0.00012333452502100108,1.2364648262406409e-05,117.93229277760003,142.18866078840426,6.0,0.00023046547030392778,0.00027879883415948825,9.844429615186527e-06,0.0005191087340786025,0.0,United Kingdom,GBR,england,,,Linux-6.4.0-150600.23.73_15.0.14-cray_shasta_c_64k-aarch64-with-glibc2.38,3.11.7,3.3.0,72,Neoverse-V2,1,1 x NVIDIA GH200 120GB,-2.5917,51.4535,64,machine,0.0,2.1666666666666665,26.0,222.4945068359375,N,1.0,0.0
2026-09-27T02:17:09,efficientnet_lite0_batch5_node_1_local_train,a7aaab1a-555e-49bf-bdae-9b6cdba07e90,5b0fa12a-3dd7-45bb-9766-cc326314d9f1,10.554828843101859,0.00013950494245757093,1.3217167661486507e-05,116.92866982217144,149.55497649444402,6.0,0.00024630475277488055,0.0003300444306830741,1.0820014011502887e-05,0.0005871691974694575,0.0,United Kingdom,GBR,england,,,Linux-6.4.0-150600.23.73_15.0.14-cray_shasta_c_64k-aarch64-with-glibc2.38,3.11.7,3.3.0,72,Neoverse-V2,1,1 x NVIDIA GH200 120GB,-2.5917,51.4535,64,machine,0.0,5.571428571428571,26.0,222.56569126674108,N,1.0,0.0
2026-09-27T02:18:10,efficientnet_lite0_batch5_node_1_evaluate,916ca38e-fed9-4d6b-aebb-5b604896078b,5b0fa12a-3dd7-45bb-9766-cc326314d9f1,10.029933146899566,0.00012370954070532863,1.233403442410476e-05,117.8162820288,141.33331430471205,6.0,0.00023197642386097703,0.00027876800078274755,9.942731349729001e-06,0.0005206871559934535,0.0,United Kingdom,GBR,england,,,Linux-6.4.0-150600.23.73_15.0.14-cray_shasta_c_64k-aarch64-with-glibc2.38,3.11.7,3.3.0,72,Neoverse-V2,1,1 x NVIDIA GH200 120GB,-2.5917,51.4535,64,machine,0.0,2.0,26.0,222.62120564778647,N,1.0,0.0
2026-09-27T02:18:21,efficientnet_lite0_batch5_node_2_local_train,0640ddc1-c295-4681-9e8c-f96f60d9d684,5b0fa12a-3dd7-45bb-9766-cc326314d9f1,7.476615682942793,8.217271155129015e-05,1.0990629321600626e-05,116.7182738496,151.75929674272314,6.0,0.00014459862030463384,0.0001955737675700675,5.6883697836504635e-06,0.00034586075765835183,0.0,United Kingdom,GBR,england,,,Linux-6.4.0-150600.23.73_15.0.14-cray_shasta_c_64k-aarch64-with-glibc2.38,3.11.7,3.3.0,72,Neoverse-V2,1,1 x NVIDIA GH200 120GB,-2.5917,51.4535,64,machine,0.0,5.5,26.0,222.49887084960938,N,1.0,0.0
2026-09-27T02:18:34,efficientnet_lite0_batch5_node_2_evaluate,b0b67266-9e06-47af-b47b-ffdea3595ecc,5b0fa12a-3dd7-45bb-9766-cc326314d9f1,9.799014766002074,0.00012112248337372967,1.2360679748536266e-05,117.8758227744,143.77031151850912,6.0,0.00022422512941632308,0.00027601966525026,9.553568783449008e-06,0.0005097983634500321,0.0,United Kingdom,GBR,england,,,Linux-6.4.0-150600.23.73_15.0.14-cray_shasta_c_64k-aarch64-with-glibc2.38,3.11.7,3.3.0,72,Neoverse-V2,1,1 x NVIDIA GH200 120GB,-2.5917,51.4535,64,machine,14.25,0.5,26.0,222.5816853841146,N,1.0,0.0
2026-09-27T02:18:48,efficientnet_lite0_batch5_node_3_local_train,3d744b2a-9015-456d-beea-462e3d5523a5,5b0fa12a-3dd7-45bb-9766-cc326314d9f1,8.916002885904163,0.00011038545678719858,1.23805990419444e-05,116.6764491648,80.70873155067108,6.0,0.00019250634790903844,0.00026234354322696163,9.756874274850513e-06,0.0004646067654108506,0.0,United Kingdom,GBR,england,,,Linux-6.4.0-150600.23.73_15.0.14-cray_shasta_c_64k-aarch64-with-glibc2.38,3.11.7,3.3.0,72,Neoverse-V2,1,1 x NVIDIA GH200 120GB,-2.5917,51.4535,64,machine,0.0,7.4,26.0,222.64757080078124,N,1.0,0.0
2026-09-27T02:20:26,efficientnet_lite0_batch5_node_3_evaluate,2705ca08-44b4-4798-95c6-d4ad79a37366,5b0fa12a-3dd7-45bb-9766-cc326314d9f1,15.593497275840491,0.00021775183562424671,1.3964271886693222e-05,117.6108037961143,143.0772827028344,6.0,0.00040926036913247935,0.0004974598424212218,9.786173944982388e-06,0.0009165063854986835,0.0,United Kingdom,GBR,england,,,Linux-6.4.0-150600.23.73_15.0.14-cray_shasta_c_64k-aarch64-with-glibc2.38,3.11.7,3.3.0,72,Neoverse-V2,1,1 x NVIDIA GH200 120GB,-2.5917,51.4535,64,machine,3.3333333333333335,0.9166666666666666,25.73333333333333,220.26979064941406,N,1.0,0.0
2026-09-27T02:24:13,efficientnet_lite0_batch5_node_4_local_train,01c0dc7e-e91a-40c5-a0d0-85c754abd3bf,5b0fa12a-3dd7-45bb-9766-cc326314d9f1,9.414091238053516,0.00011838476619581599,1.2575272875759122e-05,116.68900567680001,154.4269108155413,6.0,0.00020778385278064212,0.0002816585586629117,8.8330398433997e-06,0.0004982754512869535,0.0,United Kingdom,GBR,england,,,Linux-6.4.0-150600.23.73_15.0.14-cray_shasta_c_64k-aarch64-with-glibc2.38,3.11.7,3.3.0,72,Neoverse-V2,1,1 x NVIDIA GH200 120GB,-2.5917,51.4535,64,machine,0.0,3.6666666666666665,25.7,220.28303019205728,N,1.0,0.0
2026-09-27T02:24:36,efficientnet_lite0_batch5_node_4_evaluate,562ac33e-778e-412a-8fd7-388a721068a9,5b0fa12a-3dd7-45bb-9766-cc326314d9f1,11.931759090162814,0.0001558425382857136,1.3061153607618395e-05,117.713034072,142.35249241369286,6.0,0.0002924838306772783,0.0003536658385030478,9.783637015304219e-06,0.0006559333061956303,0.0,United Kingdom,GBR,england,,,Linux-6.4.0-150600.23.73_15.0.14-cray_shasta_c_64k-aarch64-with-glibc2.38,3.11.7,3.3.0,72,Neoverse-V2,1,1 x NVIDIA GH200 120GB,-2.5917,51.4535,64,machine,0.0,1.5,25.699999999999996,220.4592514038086,N,1.0,0.0
2026-09-27T02:25:03,efficientnet_lite0_batch5_node_5_local_train,56f56562-6062-4f05-9ac1-c71352e2575d,5b0fa12a-3dd7-45bb-9766-cc326314d9f1,19.452423902926967,0.00028854614014075614,1.4833428552692562e-05,116.62236376494548,155.20753990984502,6.0,0.0005289104486376259,0.0006754802626005585,1.0085296240091945e-05,0.0012144760074782762,0.0,United Kingdom,GBR,england,,,Linux-6.4.0-150600.23.73_15.0.14-cray_shasta_c_64k-aarch64-with-glibc2.38,3.11.7,3.3.0,72,Neoverse-V2,1,1 x NVIDIA GH200 120GB,-2.5917,51.4535,64,machine,12.7375,1.375,25.781250000000004,220.6232681274414,N,1.0,0.0
2026-09-27T02:26:15,efficientnet_lite0_batch5_node_5_evaluate,92c19055-a38f-4d43-a700-64d1725315ac,5b0fa12a-3dd7-45bb-9766-cc326314d9f1,8.955072948010638,0.0001060531584421009,1.1842802292935037e-05,117.15759434880002,73.89691738214367,6.0,0.0001950783813706651,0.0002414849154206422,9.809045539780831e-06,0.0004463723423310882,0.0,United Kingdom,GBR,england,,,Linux-6.4.0-150600.23.73_15.0.14-cray_shasta_c_64k-aarch64-with-glibc2.38,3.11.7,3.3.0,72,Neoverse-V2,1,1 x NVIDIA GH200 120GB,-2.5917,51.4535,64,machine,13.86,2.4,25.8,220.79072265625,N,1.0,0.0
2026-09-27T02:26:35,mobilevit_xxs_batch5_node_0_local_train,8f27616b-90a3-42a4-b8b7-ddfcc59a9bfe,5b0fa12a-3dd7-45bb-9766-cc326314d9f1,11.223458596970886,0.0001500591250277326,1.3370132186190115e-05,117.40378383360003,789.9836605328643,6.0,0.00026737084886095094,0.00035062750274050813,1.3592862754982585e-05,0.0006315912143564416,0.0,United Kingdom,GBR,england,,,Linux-6.4.0-150600.23.73_15.0.14-cray_shasta_c_64k-aarch64-with-glibc2.38,3.11.7,3.3.0,72,Neoverse-V2,1,1 x NVIDIA GH200 120GB,-2.5917,51.4535,64,machine,0.0,8.0,25.800000000000004,220.77963256835938,N,1.0,0.0
2026-09-27T02:26:59,mobilevit_xxs_batch5_node_0_evaluate,7421a1a2-d615-44ad-86d3-8c655d65122d,5b0fa12a-3dd7-45bb-9766-cc326314d9f1,12.051688226871192,0.00015818712746104187,1.3125723507212709e-05,117.66443951520003,142.83020086053273,6.0,0.00029619726799300105,0.0003596291765859405,9.97511803987436e-06,0.000665801562618816,0.0,United Kingdom,GBR,england,,,Linux-6.4.0-150600.23.73_15.0.14-cray_shasta_c_64k-aarch64-with-glibc2.38,3.11.7,3.3.0,72,Neoverse-V2,1,1 x NVIDIA GH200 120GB,-2.5917,51.4535,64,machine,0.0,1.625,25.800000000000004,220.72071075439453,N,1.0,0.0
2026-09-27T02:27:20,mobilevit_xxs_batch5_node_1_local_train,88372d58-05bd-4c6a-8064-7dc1b5a76f37,5b0fa12a-3dd7-45bb-9766-cc326314d9f1,13.288124782033265,0.0001875763639953218,1.4116089897721449e-05,116.52274887447274,77.07397663912111,6.0,0.0003349576745991486,0.0004375070166702244,1.703467105515301e-05,0.000789499362324526,0.0,United Kingdom,GBR,england,,,Linux-6.4.0-150600.23.73_15.0.14-cray_shasta_c_64k-aarch64-with-glibc2.38,3.11.7,3.3.0,72,Neoverse-V2,1,1 x NVIDIA GH200 120GB,-2.5917,51.4535,64,machine,13.41,8.0,25.800000000000004,220.67852172851562,N,1.0,0.0
2026-09-27T02:27:54,mobilevit_xxs_batch5_node_1_evaluate,8bfb7214-8ede-486a-8278-6f994409880f,5b0fa12a-3dd7-45bb-9766-cc326314d9f1,15.551245765993372,0.00021704482649715655,1.3956748530833364e-05,117.44571287314287,142.84605659066,6.0,0.00040772921636631946,0.0004956220631413544,1.0179340584824481e-05,0.0009135306200924983,0.0,United Kingdom,GBR,england,,,Linux-6.4.0-150600.23.73_15.0.14-cray_shasta_c_64k-aarch64-with-glibc2.38,3.11.7,3.3.0,72,Neoverse-V2,1,1 x NVIDIA GH200 120GB,-2.5917,51.4535,64,machine,2.2,1.3333333333333333,25.800000000000008,220.8278605143229,N,1.0,0.0
2026-09-27T02:28:15,mobilevit_xxs_batch5_node_2_local_train,a2c1609e-1910-4880-8df8-8023d8a2ac1e,5b0fa12a-3dd7-45bb-9766-cc326314d9f1,16.555413599824533,0.00023552017943907218,1.4226173089482247e-05,116.6248316448,147.1234238306663,6.0,0.0004365385501527946,0.0005456834921062637,9.070397370184461e-06,0.000991292439629243,0.0,United Kingdom,GBR,england,,,Linux-6.4.0-150600.23.73_15.0.14-cray_shasta_c_64k-aarch64-with-glibc2.38,3.11.7,3.3.0,72,Neoverse-V2,1,1 x NVIDIA GH200 120GB,-2.5917,51.4535,64,machine,5.2153846153846155,1.6923076923076923,25.800000000000008,220.87704233022836,N,1.0,0.0
2026-09-27T02:28:27,mobilevit_xxs_batch5_node_2_evaluate,b62d1291-783b-49a5-8cf5-bb58f9c371e4,5b0fa12a-3dd7-45bb-9766-cc326314d9f1,9.005835429066792,0.00010587981058135272,1.1756800511768209e-05,117.2376644256,72.37409339502773,6.0,0.0001972932590280152,0.00023845102410291474,9.89844688330777e-06,0.0004456427300142377,0.0,United Kingdom,GBR,england,,,Linux-6.4.0-150600.23.73_15.0.14-cray_shasta_c_64k-aarch64-with-glibc2.38,3.11.7,3.3.0,72,Neoverse-V2,1,1 x NVIDIA GH200 120GB,-2.5917,51.4535,64,machine,0.0,2.2,25.8,220.879541015625,N,1.0,0.0
2026-09-27T02:33:02,mobilevit_xxs_batch5_node_3_local_train,89c81c3e-6bc4-4fcb-a41a-61a43828b227,5b0fa12a-3dd7-45bb-9766-cc326314d9f1,13.346873224014416,0.00018768626562921335,1.4062189883658898e-05,116.86493802240003,149.72819048981677,6.0,0.0003378718828609021,0.00043670062714795677,1.538942269515246e-05,0.0007899619327040113,0.0,United Kingdom,GBR,england,,,Linux-6.4.0-150600.23.73_15.0.14-cray_shasta_c_64k-aarch64-with-glibc2.38,3.11.7,3.3.0,72,Neoverse-V2,1,1 x NVIDIA GH200 120GB,-2.5917,51.4535,64,machine,14.35,9.5,25.890000000000004,221.48455810546875,N,1.0,0.0
2026-09-27T02:36:38,mobilevit_xxs_batch5_node_3_evaluate,c8242900-59f6-452b-af9e-6ab39295352d,5b0fa12a-3dd7-45bb-9766-cc326314d9f1,89.37069917982444,0.0015017670442152545,1.680379652388666e-05,115.93639256007465,120.79415532078646,6.0,0.002771456306139818,0.003364571858327281,0.00018483283589594066,0.006320861000363041,0.0,United Kingdom,GBR,england,,,Linux-6.4.0-150600.23.73_15.0.14-cray_shasta_c_64k-aarch64-with-glibc2.38,3.11.7,3.3.0,72,Neoverse-V2,1,1 x NVIDIA GH200 120GB,-2.5917,51.4535,64,machine,2.665116279069767,0.13953488372093023,25.900000000000038,222.01420628747275,N,1.0,0.0
2026-09-27T02:37:15,mobilevit_xxs_batch5_node_4_local_train,fd69bdbd-8e36-4170-896e-6b3cb2fc5fa7,5b0fa12a-3dd7-45bb-9766-cc326314d9f1,11.418719480047002,0.00015400339275229734,1.3486923207230188e-05,116.58421923840001,749.3501932328467,6.0,0.0002741153626677242,0.00036016278812667224,1.3914285523351282e-05,0.0006481924363177477,0.0,United Kingdom,GBR,england,,,Linux-6.4.0-150600.23.73_15.0.14-cray_shasta_c_64k-aarch64-with-glibc2.38,3.11.7,3.3.0,72,Neoverse-V2,1,1 x NVIDIA GH200 120GB,-2.5917,51.4535,64,machine,0.0,8.625,25.900000000000002,221.64869689941406,N,1.0,0.0
2026-09-27T02:37:33,mobilevit_xxs_batch5_node_4_evaluate,68843bfd-5884-4586-a2ec-e4b347ee34de,5b0fa12a-3dd7-45bb-9766-cc326314d9f1,14.918118929024786,0.00020656981163158654,1.3846907416033734e-05,117.4415825952,143.3474430986653,6.0,0.00038737366126222027,0.0004720598220728789,1.0008332706832636e-05,0.0008694418160419318,0.0,United Kingdom,GBR,england,,,Linux-6.4.0-150600.23.73_15.0.14-cray_shasta_c_64k-aarch64-with-glibc2.38,3.11.7,3.3.0,72,Neoverse-V2,1,1 x NVIDIA GH200 120GB,-2.5917,51.4535,64,machine,12.654545454545454,1.0909090909090908,25.9,221.69434703480113,N,1.0,0.0
2026-09-27T02:41:39,mobilevit_xxs_batch5_node_5_local_train,3eb4a20e-6c42-4695-8aa0-86bf2bd9011f,5b0fa12a-3dd7-45bb-9766-cc326314d9f1,152.14580644783564,0.0026338351764753055,1.731125712872235e-05,115.81512535767273,143.54959585188723,6.0,0.004878706875604421,0.005953381429378624,0.00025358980501070624,0.011085678109993752,0.0,United Kingdom,GBR,england,,,Linux-6.4.0-150600.23.73_15.0.14-cray_shasta_c_64k-aarch64-with-glibc2.38,3.11.7,3.3.0,72,Neoverse-V2,1,1 x NVIDIA GH200 120GB,-2.5917,51.4535,64,machine,2.982894736842106,0.3618421052631579,25.903289473684268,222.1080362420333,N,1.0,0.0
2026-09-27T02:41:52,mobilevit_xxs_batch5_node_5_evaluate,fd152dc3-37c7-4c2c-9d02-516296e47c9b,5b0fa12a-3dd7-45bb-9766-cc326314d9f1,9.159635419026017,0.00010915464529084886,1.1916920302757611e-05,117.39750108068571,72.83287370385003,6.0,0.00020284884451269775,0.0002464218637783233,1.0155634219991044e-05,0.00045942634251101215,0.0,United Kingdom,GBR,england,,,Linux-6.4.0-150600.23.73_15.0.14-cray_shasta_c_64k-aarch64-with-glibc2.38,3.11.7,3.3.0,72,Neoverse-V2,1,1 x NVIDIA GH200 120GB,-2.5917,51.4535,64,machine,0.0,2.5,26.016666666666666,222.47161865234375,N,1.0,0.0
2026-09-27T02:42:13,mobilevit_xxs_batch5_node_0_exchange,1f3f5dbf-4537-4ab0-a17c-574440447c8c,5b0fa12a-3dd7-45bb-9766-cc326314d9f1,8.446540219010785,9.870041745319545e-05,1.1685307225679053e-05,116.3952276192,76.98436300682353,6.0,0.000176259542017168,0.0002301899063752444,8.975581609799216e-06,0.0004154250300022116,0.0,United Kingdom,GBR,england,,,Linux-6.4.0-150600.23.73_15.0.14-cray_shasta_c_64k-aarch64-with-glibc2.38,3.11.7,3.3.0,72,Neoverse-V2,1,1 x NVIDIA GH200 120GB,-2.5917,51.4535,64,machine,25.639999999999997,7.6,25.96,222.30760498046874,N,1.0,0.0
2026-09-27T02:42:51,mobilevit_xxs_batch5_node_2_exchange,9dbd5038-4190-42e1-8b8a-cb031cdffdbc,5b0fa12a-3dd7-45bb-9766-cc326314d9f1,34.68346006097272,0.0005376298836574003,1.5501045244974386e-05,116.53260463911727,149.08474988884166,6.0,0.0010146178414361963,0.001242232104885943,6.006851161752517e-06,0.0022628567974838916,0.0,United Kingdom,GBR,england,,,Linux-6.4.0-150600.23.73_15.0.14-cray_shasta_c_64k-aarch64-with-glibc2.38,3.11.7,3.3.0,72,Neoverse-V2,1,1 x NVIDIA GH200 120GB,-2.5917,51.4535,64,machine,0.9225806451612903,1.0,25.996774193548386,222.4344718686996,N,1.0,0.0
2026-09-27T02:43:05,mobilevit_xxs_batch5_node_3_exchange,26dfdf1d-f040-4c8b-90c3-6b7582afa3b9,5b0fa12a-3dd7-45bb-9766-cc326314d9f1,9.23055077297613,0.00011335384168753835,1.2280290144700716e-05,116.36397203657143,77.47867908073644,6.0,0.00020166178132448838,0.0002651652121414827,1.0273552803167454e-05,0.00047710054626913854,0.0,United Kingdom,GBR,england,,,Linux-6.4.0-150600.23.73_15.0.14-cray_shasta_c_64k-aarch64-with-glibc2.38,3.11.7,3.3.0,72,Neoverse-V2,1,1 x NVIDIA GH200 120GB,-2.5917,51.4535,64,machine,0.0,6.333333333333333,26.0,222.55404663085938,N,1.0,0.0
2026-09-27T02:43:15,mobilevit_xxs_batch5_node_5_exchange,0659c4fa-9d28-4a08-adac-cafcab2a6645,5b0fa12a-3dd7-45bb-9766-cc326314d9f1,9.5151170080062,0.00011797571517872948,1.2398766623622438e-05,116.6160982464,76.52972587444361,6.0,0.0002118453386433207,0.0002739554969366509,1.0752940810052677e-05,0.0004965537763900243,0.0,United Kingdom,GBR,england,,,Linux-6.4.0-150600.23.73_15.0.14-cray_shasta_c_64k-aarch64-with-glibc2.38,3.11.7,3.3.0,72,Neoverse-V2,1,1 x NVIDIA GH200 120GB,-2.5917,51.4535,64,machine,0.0,6.0,26.0,222.53303019205728,N,1.0,0.0
2026-09-27T02:43:37,mobilevit_xxs_batch5_node_0_evaluate,d94bde06-da08-46d0-8c62-3f5f428dfe94,5b0fa12a-3dd7-45bb-9766-cc326314d9f1,10.069883540971205,0.00012466875945769867,1.238035762285239e-05,117.9319045824,141.66832038044157,6.0,0.00023312102327690878,0.000281624391988089,9.979043601779268e-06,0.000524724458866777,0.0,United Kingdom,GBR,england,,,Linux-6.4.0-150600.23.73_15.0.14-cray_shasta_c_64k-aarch64-with-glibc2.38,3.11.7,3.3.0,72,Neoverse-V2,1,1 x NVIDIA GH200 120GB,-2.5917,51.4535,64,machine,0.0,2.0,26.0,222.66180419921875,N,1.0,0.0
2026-09-27T02:43:57,mobilevit_xxs_batch5_node_2_evaluate,e73dbe21-a8e8-45bc-8b7f-ceae681fa6ea,5b0fa12a-3dd7-45bb-9766-cc326314d9f1,9.898747184081003,0.00012121032509162189,1.2245016751872427e-05,117.87241973760001,141.48956490096776,6.0,0.0002274725347172222,0.00027298216284066257,9.713387208757923e-06,0.0005101680847666428,0.0,United Kingdom,GBR,england,,,Linux-6.4.0-150600.23.73_15.0.14-cray_shasta_c_64k-aarch64-with-glibc2.38,3.11.7,3.3.0,72,Neoverse-V2,1,1 x NVIDIA GH200 120GB,-2.5917,51.4535,64,machine,0.0,2.0,26.0,222.65434773763022,N,1.0,0.0
2026-09-27T02:44:07,mobilevit_xxs_batch5_node_3_evaluate,9ae3c5b8-2578-484f-861d-c08d774d2881,5b0fa12a-3dd7-45bb-9766-cc326314d9f1,9.045345064019784,0.00010744968294831968,1.1879003198642888e-05,117.35869872960001,73.18762718073486,6.0,0.00019907642891182106,0.00024319963901575647,9.974174921711286e-06,0.0004522502428492888,0.0,United Kingdom,GBR,england,,,Linux-6.4.0-150600.23.73_15.0.14-cray_shasta_c_64k-aarch64-with-glibc2.38,3.11.7,3.3.0,72,Neoverse-V2,1,1 x NVIDIA GH200 120GB,-2.5917,51.4535,64,machine,0.0,2.4,26.0,222.64522705078124,N,1.0,0.0
2026-09-27T02:44:19,mobilevit_xxs_batch5_node_5_evaluate,5bd1b467-934d-4bab-8e45-cd9bdc739008,5b0fa12a-3dd7-45bb-9766-cc326314d9f1,10.103898868896067,0.00012484189925586706,1.2355814411423048e-05,117.85476809417145,141.2004187579671,6.0,0.00023403301192802674,0.0002813477250640517,1.0072458466747776e-05,0.0005254531954588263,0.0,United Kingdom,GBR,england,,,Linux-6.4.0-150600.23.73_15.0.14-cray_shasta_c_64k-aarch64-with-glibc2.38,3.11.7,3.3.0,72,Neoverse-V2,1,1 x NVIDIA GH200 120GB,-2.5917,51.4535,64,machine,6.871428571428572,1.7142857142857142,26.0,222.74379185267858,N,1.0,0.0
2026-09-27T02:45:00,mobilenet_v3_small_batch6_node_0_local_train,632f375f-9f2d-41ad-9848-423a570f203d,5b0fa12a-3dd7-45bb-9766-cc326314d9f1,11.062304998049513,0.00014223593892414595,1.2857712651135975e-05,116.8900043472,201.52938923265793,6.0,0.0002628817197283533,0.0003224888691022443,1.3293233670216675e-05,0.0005986638225008142,0.0,United Kingdom,GBR,england,,,Linux-6.4.0-150600.23.73_15.0.14-cray_shasta_c_64k-aarch64-with-glibc2.38,3.11.7,3.3.0,72,Neoverse-V2,1,1 x NVIDIA GH200 120GB,-2.5917,51.4535,64,machine,18.800000000000004,2.857142857142857,25.61428571428571,219.4297834123884,N,1.0,0.0
2026-09-27T02:45:31,mobilenet_v3_small_batch6_node_0_evaluate,68429cef-41da-42fb-8444-1c18dbe30664,5b0fa12a-3dd7-45bb-9766-cc326314d9f1,25.076633860124275,0.00037758399361416774,1.5057204077720523e-05,117.1025066016,140.36894272137303,6.0,0.0007155985092253901,0.0008592481873961333,1.4385101206523056e-05,0.0015892317978280464,0.0,United Kingdom,GBR,england,,,Linux-6.4.0-150600.23.73_15.0.14-cray_shasta_c_64k-aarch64-with-glibc2.38,3.11.7,3.3.0,72,Neoverse-V2,1,1 x NVIDIA GH200 120GB,-2.5917,51.4535,64,machine,0.7863636363636364,0.18181818181818182,25.60000000000001,219.39272238991478,N,1.0,0.0
2026-09-27T02:46:56,mobilenet_v3_small_batch6_node_1_local_train,5de1efc4-b157-421a-bb5e-413329dbd2f2,5b0fa12a-3dd7-45bb-9766-cc326314d9f1,23.425070262979716,0.00035292104023659245,1.5065954393073405e-05,117.16159254283637,143.8215598177347,6.0,0.0006602532036916844,0.0008083689800173488,1.6804499498490865e-05,0.0014854266832075242,0.0,United Kingdom,GBR,england,,,Linux-6.4.0-150600.23.73_15.0.14-cray_shasta_c_64k-aarch64-with-glibc2.38,3.11.7,3.3.0,72,Neoverse-V2,1,1 x NVIDIA GH200 120GB,-2.5917,51.4535,64,machine,1.6300000000000001,1.95,25.660000000000004,219.70413208007812,N,1.0,0.0
2026-09-27T02:48:26,mobilenet_v3_small_batch6_node_1_evaluate,b9a66069-5214-4039-8100-fd8106873402,5b0fa12a-3dd7-45bb-9766-cc326314d9f1,9.242650998057798,0.00010952927582309623,1.1850417790968428e-05,117.55168901485715,623.986133162886,6.0,0.00020616320760705195,0.00024455075120499714,1.0289184528325374e-05,0.0004610031433403745,0.0,United Kingdom,GBR,england,,,Linux-6.4.0-150600.23.73_15.0.14-cray_shasta_c_64k-aarch64-with-glibc2.38,3.11.7,3.3.0,72,Neoverse-V2,1,1 x NVIDIA GH200 120GB,-2.5917,51.4535,64,machine,0.0,0.5,25.7,219.8271687825521,N,1.0,0.0
2026-09-27T02:48:37,mobilenet_v3_small_batch6_node_2_local_train,698c6002-d033-436c-ad9a-eee47b3da8aa,5b0fa12a-3dd7-45bb-9766-cc326314d9f1,9.602016554912552,0.00011611703585102382,1.2092984342087643e-05,116.83674000000002,142.61804276324014,6.0,0.0002147860725172227,0.00026470632286645923,9.238294383200507e-06,0.0004887306897668824,0.0,United Kingdom,GBR,england,,,Linux-6.4.0-150600.23.73_15.0.14-cray_shasta_c_64k-aarch64-with-glibc2.38,3.11.7,3.3.0,72,Neoverse-V2,1,1 x NVIDIA GH200 120GB,-2.5917,51.4535,64,machine,0.0,3.3333333333333335,25.7,219.92469278971353,N,1.0,0.0
2026-09-27T02:49:00,mobilenet_v3_small_batch6_node_2_evaluate,c7118018-d73b-48a0-a116-5f8045171430,5b0fa12a-3dd7-45bb-9766-cc326314d9f1,10.03187867300585,0.00012187757800659883,1.2149028310574722e-05,117.64246259520002,139.38949627308165,6.0,0.00023131655360249785,0.0002717182729270462,9.941691771382467e-06,0.0005129765183009265,0.0,United Kingdom,GBR,england,,,Linux-6.4.0-150600.23.73_15.0.14-cray_shasta_c_64k-aarch64-with-glibc2.38,3.11.7,3.3.0,72,Neoverse-V2,1,1 x NVIDIA GH200 120GB,-2.5917,51.4535,64,machine,0.0,0.5,25.7,220.1597696940104,N,1.0,0.0
2026-09-27T02:49:14,mobilenet_v3_small_batch6_node_3_local_train,93179e00-c1ac-4833-a830-ac5d1eb6227c,5b0fa12a-3dd7-45bb-9766-cc326314d9f1,10.891220893943682,0.0001392559674815165,1.2786075026625621e-05,116.8329134736,72.4999536657033,6.0,0.0002579007822334948,0.00031517275215264817,1.3047740090017518e-05,0.0005861212744761605,0.0,United Kingdom,GBR,england,,,Linux-6.4.0-150600.23.73_15.0.14-cray_shasta_c_64k-aarch64-with-glibc2.38,3.11.7,3.3.0,72,Neoverse-V2,1,1 x NVIDIA GH200 120GB,-2.5917,51.4535,64,machine,4.571428571428571,2.2857142857142856,25.699999999999996,219.98600551060267,N,1.0,0.0
2026-09-27T02:49:37,mobilenet_v3_small_batch6_node_3_evaluate,15d2b9bd-f50a-434b-8157-563b851ad3a0,5b0fa12a-3dd7-45bb-9766-cc326314d9f1,13.10559732816182,0.0001750115424654062,1.3353953893374593e-05,118.08512288146287,141.34777484072242,6.0,0.0003312403566288587,0.00039532031624389674,1.0053995590036114e-05,0.0007366146684627916,0.0,United Kingdom,GBR,england,,,Linux-6.4.0-150600.23.73_15.0.14-cray_shasta_c_64k-aarch64-with-glibc2.38,3.11.7,3.3.0,72,Neoverse-V2,1,1 x NVIDIA GH200 120GB,-2.5917,51.4535,64,machine,0.0,0.3,25.699999999999996,220.0012939453125,N,1.0,0.0
2026-09-27T02:49:59,mobilenet_v3_small_batch6_node_4_local_train,c477c95b-b55e-40fe-b65b-4fda5c9f2fa9,5b0fa12a-3dd7-45bb-9766-cc326314d9f1,12.0077002691105,0.0001587091893358053,1.3217284390757204e-05,116.97661311120001,141.9670109061573,6.0,0.0002941600983580101,0.0003606077884796832,1.3231007622089237e-05,0.0006679988944597827,0.0,United Kingdom,GBR,england,,,Linux-6.4.0-150600.23.73_15.0.14-cray_shasta_c_64k-aarch64-with-glibc2.38,3.11.7,3.3.0,72,Neoverse-V2,1,1 x NVIDIA GH200 120GB,-2.5917,51.4535,64,machine,0.0,4.0,27.0,231.16482543945312,N,1.0,0.0
2026-09-27T02:50:16,mobilenet_v3_small_batch6_node_4_evaluate,a71e2f2f-0233-49ba-8f8f-1237d1972476,5b0fa12a-3dd7-45bb-9766-cc326314d9f1,10.108750798972324,0.0001245447608985362,1.2320489779132518e-05,118.21947534308572,146.254530125789,6.0,0.00023569729565754995,0.00027844133387588954,1.0063925713378316e-05,0.0005242025552468178,0.0,United Kingdom,GBR,england,,,Linux-6.4.0-150600.23.73_15.0.14-cray_shasta_c_64k-aarch64-with-glibc2.38,3.11.7,3.3.0,72,Neoverse-V2,1,1 x NVIDIA GH200 120GB,-2.5917,51.4535,64,machine,23.514285714285712,0.5714285714285714,31.28571428571429,267.94423130580356,N,1.0,0.0
2026-09-27T02:50:37,mobilenet_v3_small_batch6_node_5_local_train,882d7261-76f2-4fc0-9ae0-079bcd74a4d0,5b0fa12a-3dd7-45bb-9766-cc326314d9f1,12.9266115820501,0.0001747160585397902,1.3515998174061408e-05,116.97127767360001,144.51613623862795,6.0,0.0003241801028871827,0.0003965055949777252,1.4685293804698936e-05,0.0007353709916696068,0.0,United Kingdom,GBR,england,,,Linux-6.4.0-150600.23.73_15.0.14-cray_shasta_c_64k-aarch64-with-glibc2.38,3.11.7,3.3.0,72,Neoverse-V2,1,1 x NVIDIA GH200 120GB,-2.5917,51.4535,64,machine,0.0,2.5555555555555554,25.800000000000004,221.08480495876736,N,1.0,0.0
2026-09-27T02:51:00,mobilenet_v3_small_batch6_node_5_evaluate,0e1ae194-239a-4088-bb03-9dedfa1f1c21,5b0fa12a-3dd7-45bb-9766-cc326314d9f1,15.531490223947912,0.000215337938383543,1.3864602512611102e-05,117.82810507885716,140.76424306263442,6.0,0.00040837066119289435,0.0004879181681189948,1.0057585646475976e-05,0.0009063464149583651,0.0,United Kingdom,GBR,england,,,Linux-6.4.0-150600.23.73_15.0.14-cray_shasta_c_64k-aarch64-with-glibc2.38,3.11.7,3.3.0,72,Neoverse-V2,1,1 x NVIDIA GH200 120GB,-2.5917,51.4535,64,machine,9.1,0.3333333333333333,25.800000000000008,221.14119466145834,N,1.0,0.0
2026-09-27T02:51:14,mobilenet_v3_small_batch6_node_0_exchange,b4548720-e1a3-4f68-95ae-59480cf0f974,5b0fa12a-3dd7-45bb-9766-cc326314d9f1,9.14667934901081,0.00010740805987966804,1.1742847407380027e-05,116.9700922656,141.60604452475852,6.0,0.00020003242981389216,0.0002435629726562638,8.479651003144681e-06,0.0004520750534733007,0.0,United Kingdom,GBR,england,,,Linux-6.4.0-150600.23.73_15.0.14-cray_shasta_c_64k-aarch64-with-glibc2.38,3.11.7,3.3.0,72,Neoverse-V2,1,1 x NVIDIA GH200 120GB,-2.5917,51.4535,64,machine,0.0,3.1666666666666665,25.8,221.1088663736979,N,1.0,0.0
2026-09-27T02:51:44,mobilenet_v3_small_batch6_node_1_exchange,0d91c6dd-6d1a-4838-8881-781a2c827866,5b0fa12a-3dd7-45bb-9766-cc326314d9f1,16.9238216530066,0.00023921970370081703,1.413508772460495e-05,117.0250727729143,141.5910699643569,6.0,0.00045068513820575005,0.0005449582137373454,1.1220196877839043e-05,0.0010068635488209346,0.0,United Kingdom,GBR,england,,,Linux-6.4.0-150600.23.73_15.0.14-cray_shasta_c_64k-aarch64-with-glibc2.38,3.11.7,3.3.0,72,Neoverse-V2,1,1 x NVIDIA GH200 120GB,-2.5917,51.4535,64,machine,3.076923076923077,1.6153846153846154,25.800000000000008,221.13822115384616,N,1.0,0.0
2026-09-27T02:51:55,mobilenet_v3_small_batch6_node_2_exchange,360f904a-8079-4a9b-b1e7-a3bbfd0e2997,5b0fa12a-3dd7-45bb-9766-cc326314d9f1,7.740899505093694,8.218869136190022e-05,1.0617460064921154e-05,116.69663700000001,141.98529601171816,6.0,0.0001526687261765923,0.00018715514974587677,6.104139944848916e-06,0.000345928015867318,0.0,United Kingdom,GBR,england,,,Linux-6.4.0-150600.23.73_15.0.14-cray_shasta_c_64k-aarch64-with-glibc2.38,3.11.7,3.3.0,72,Neoverse-V2,1,1 x NVIDIA GH200 120GB,-2.5917,51.4535,64,machine,0.0,4.5,25.8,221.07437133789062,N,1.0,0.0
2026-09-27T02:52:15,mobilenet_v3_small_batch6_node_3_exchange,b2f9f31b-dcac-41ab-bdb3-698f0b8f3d01,5b0fa12a-3dd7-45bb-9766-cc326314d9f1,14.974317062878981,0.00020512124260282016,1.3698203513488534e-05,116.69743416960002,142.19048969846432,6.0,0.0003855529240809511,0.00046910537528788154,8.686563410252952e-06,0.0008633448627790856,0.0,United Kingdom,GBR,england,,,Linux-6.4.0-150600.23.73_15.0.14-cray_shasta_c_64k-aarch64-with-glibc2.38,3.11.7,3.3.0,72,Neoverse-V2,1,1 x NVIDIA GH200 120GB,-2.5917,51.4535,64,machine,0.0,1.3636363636363635,25.800000000000008,220.96370072798297,N,1.0,0.0
2026-09-27T02:52:50,mobilenet_v3_small_batch6_node_4_exchange,3733edb7-1f63-4fbc-ae90-43f2c8328960,5b0fa12a-3dd7-45bb-9766-cc326314d9f1,8.401492834091187,9.539593544633162e-05,1.1354641053699223e-05,116.65864376640002,73.22355401443443,6.0,0.00017552571316383492,0.0002170912847816453,8.899635595347111e-06,0.0004015166335408273,0.0,United Kingdom,GBR,england,,,Linux-6.4.0-150600.23.73_15.0.14-cray_shasta_c_64k-aarch64-with-glibc2.38,3.11.7,3.3.0,72,Neoverse-V2,1,1 x NVIDIA GH200 120GB,-2.5917,51.4535,64,machine,0.0,4.2,25.8,220.9971435546875,N,1.0,0.0
2026-09-27T02:53:01,mobilenet_v3_small_batch6_node_5_exchange,c65deab4-29c3-4ba9-8603-8051e6ea93de,5b0fa12a-3dd7-45bb-9766-cc326314d9f1,10.307908196002245,0.00012804159189052616,1.2421685317316371e-05,116.95624481417146,143.0381231352253,6.0,0.00023788267659406774,0.00029126356633923933,9.774295856477694e-06,0.0005389205387897847,0.0,United Kingdom,GBR,england,,,Linux-6.4.0-150600.23.73_15.0.14-cray_shasta_c_64k-aarch64-with-glibc2.38,3.11.7,3.3.0,72,Neoverse-V2,1,1 x NVIDIA GH200 120GB,-2.5917,51.4535,64,machine,1.5,2.4285714285714284,25.800000000000004,220.99797712053572,N,1.0,0.0
2026-09-27T02:53:27,mobilenet_v3_small_batch6_node_0_evaluate,4e10d4a2-7b3b-4805-b80b-1fbb7501e93e,5b0fa12a-3dd7-45bb-9766-cc326314d9f1,9.042261562077329,0.0001057502939600853,1.1695115567503081e-05,117.3806683488,71.06910083977895,6.0,0.00019907554582897498,0.00023605241105428831,9.969644268664222e-06,0.0004450976011519275,0.0,United Kingdom,GBR,england,,,Linux-6.4.0-150600.23.73_15.0.14-cray_shasta_c_64k-aarch64-with-glibc2.38,3.11.7,3.3.0,72,Neoverse-V2,1,1 x NVIDIA GH200 120GB,-2.5917,51.4535,64,machine,0.0,0.6,25.8,221.0260498046875,N,1.0,0.0
2026-09-27T02:53:40,mobilenet_v3_small_batch6_node_1_evaluate,8cd5acc6-7f78-448b-8929-4907cbd7e59c,5b0fa12a-3dd7-45bb-9766-cc326314d9f1,10.225827891146764,0.0001261917238585889,1.234048970918454e-05,117.9788150304,140.65146622471298,6.0,0.0002382995662785173,0.0002826038372063522,1.0231134976881245e-05,0.0005311345384617507,0.0,United Kingdom,GBR,england,,,Linux-6.4.0-150600.23.73_15.0.14-cray_shasta_c_64k-aarch64-with-glibc2.38,3.11.7,3.3.0,72,Neoverse-V2,1,1 x NVIDIA GH200 120GB,-2.5917,51.4535,64,machine,14.0,0.42857142857142855,25.800000000000004,221.0920148577009,N,1.0,0.0
2026-09-27T02:53:52,mobilenet_v3_small_batch6_node_2_evaluate,0943fb61-2522-4065-a48e-fcf07fd7aa20,5b0fa12a-3dd7-45bb-9766-cc326314d9f1,11.479597485158592,0.0001466992904448375,1.2779131902011182e-05,117.98755287222858,139.44973545893652,6.0,0.0002784618716419072,0.0003292077633716417,9.78020670823753e-06,0.0006174498417217864,0.0,United Kingdom,GBR,england,,,Linux-6.4.0-150600.23.73_15.0.14-cray_shasta_c_64k-aarch64-with-glibc2.38,3.11.7,3.3.0,72,Neoverse-V2,1,1 x NVIDIA GH200 120GB,-2.5917,51.4535,64,machine,0.0,0.375,25.800000000000004,221.07349395751953,N,1.0,0.0
2026-09-27T02:54:02,mobilenet_v3_small_batch6_node_3_evaluate,285e33e8-60e4-4115-9b6d-235112c0e187,5b0fa12a-3dd7-45bb-9766-cc326314d9f1,10.05225370801054,0.00012296721772927128,1.2232800852537171e-05,117.9643077792,140.04278391483624,6.0,0.00023261734295077624,0.0002749657755032331,9.979637941578404e-06,0.0005175627563955877,0.0,United Kingdom,GBR,england,,,Linux-6.4.0-150600.23.73_15.0.14-cray_shasta_c_64k-aarch64-with-glibc2.38,3.11.7,3.3.0,72,Neoverse-V2,1,1 x NVIDIA GH200 120GB,-2.5917,51.4535,64,machine,0.0,0.5,25.8,221.07089233398438,N,1.0,0.0
2026-09-27T02:54:15,mobilenet_v3_small_batch6_node_4_evaluate,b8fd65a2-ac78-41c5-8665-540ead720240,5b0fa12a-3dd7-45bb-9766-cc326314d9f1,9.064825748093426,0.00010614631568988895,1.1709691795478181e-05,117.69080854217142,70.86492805422547,6.0,0.00020064859149900946,0.00023611463331008054,1.0001211633207276e-05,0.0004467644364422972,0.0,United Kingdom,GBR,england,,,Linux-6.4.0-150600.23.73_15.0.14-cray_shasta_c_64k-aarch64-with-glibc2.38,3.11.7,3.3.0,72,Neoverse-V2,1,1 x NVIDIA GH200 120GB,-2.5917,51.4535,64,machine,0.0,0.6666666666666666,25.8,221.06109619140625,N,1.0,0.0
2026-09-27T02:54:40,mobilenet_v3_small_batch6_node_5_evaluate,dcea29db-b3b9-457d-a654-9d0d736b4ed3,5b0fa12a-3dd7-45bb-9766-cc326314d9f1,22.05779082607478,0.0003242605276380852,1.4700498803115538e-05,117.45898255827694,140.41312837846272,6.0,0.0006146606461009283,0.0007400950364910841,1.0040362839742252e-05,0.0013647960454317549,0.0,United Kingdom,GBR,england,,,Linux-6.4.0-150600.23.73_15.0.14-cray_shasta_c_64k-aarch64-with-glibc2.38,3.11.7,3.3.0,72,Neoverse-V2,1,1 x NVIDIA GH200 120GB,-2.5917,51.4535,64,machine,0.911111111111111,0.1111111111111111,25.800000000000008,221.03988986545139,N,1.0,0.0
2026-09-27T02:54:58,efficientnet_lite0_batch6_node_0_local_train,b6232c72-d541-41d6-8404-f253ad2985fb,5b0fa12a-3dd7-45bb-9766-cc326314d9f1,8.34826951683499,9.94039516571091e-05,1.1907132544852877e-05,117.40340459520002,80.6027370568861,6.0,0.0001731055829549908,0.0002364735225057757,8.807064172967029e-06,0.00041838616963373347,0.0,United Kingdom,GBR,england,,,Linux-6.4.0-150600.23.73_15.0.14-cray_shasta_c_64k-aarch64-with-glibc2.38,3.11.7,3.3.0,72,Neoverse-V2,1,1 x NVIDIA GH200 120GB,-2.5917,51.4535,64,machine,0.0,4.8,26.1,223.3035888671875,N,1.0,0.0
2026-09-27T02:55:19,efficientnet_lite0_batch6_node_0_evaluate,e2000375-5131-4de4-b2ec-1173e95ef2e4,5b0fa12a-3dd7-45bb-9766-cc326314d9f1,8.980244415113702,0.00010650330467737227,1.1859733405265429e-05,117.2258448192,73.72061557999324,6.0,0.0001962967011431171,0.00024211241591842736,9.857867846731096e-06,0.00044826698490827555,0.0,United Kingdom,GBR,england,,,Linux-6.4.0-150600.23.73_15.0.14-cray_shasta_c_64k-aarch64-with-glibc2.38,3.11.7,3.3.0,72,Neoverse-V2,1,1 x NVIDIA GH200 120GB,-2.5917,51.4535,64,machine,47.64,1.8,26.1,223.3169189453125,N,1.0,0.0
2026-09-27T02:55:39,efficientnet_lite0_batch6_node_1_local_train,3d239f05-ddf5-47ad-b864-34292a2f4caa,5b0fa12a-3dd7-45bb-9766-cc326314d9f1,10.818120194831863,0.00014547376778517956,1.344723160449601e-05,116.8683697193143,151.69704586086044,6.0,0.00025439684181368744,0.00034664722173261,1.1247615719912575e-05,0.00061229167926621,0.0,United Kingdom,GBR,england,,,Linux-6.4.0-150600.23.73_15.0.14-cray_shasta_c_64k-aarch64-with-glibc2.38,3.11.7,3.3.0,72,Neoverse-V2,1,1 x NVIDIA GH200 120GB,-2.5917,51.4535,64,machine,9.757142857142856,7.571428571428571,26.099999999999998,223.22394670758928,N,1.0,0.0
2026-09-27T02:55:59,efficientnet_lite0_batch6_node_1_evaluate,3c881b61-b8f9-4d6a-8bd2-e2df35041e73,5b0fa12a-3dd7-45bb-9766-cc326314d9f1,10.067318117013201,0.00012523540170199138,1.2439797793848452e-05,117.91426726902857,142.58051427109183,6.0,0.00023332758940468386,0.0002837885603526047,9.993277455214412e-06,0.000527109427212503,0.0,United Kingdom,GBR,england,,,Linux-6.4.0-150600.23.73_15.0.14-cray_shasta_c_64k-aarch64-with-glibc2.38,3.11.7,3.3.0,72,Neoverse-V2,1,1 x NVIDIA GH200 120GB,-2.5917,51.4535,64,machine,0.0,1.7142857142857142,26.099999999999998,223.24067034040178,N,1.0,0.0
2026-09-27T02:56:12,efficientnet_lite0_batch6_node_2_local_train,d08b6f7e-8f8d-4324-a6b6-6a3d4b374733,5b0fa12a-3dd7-45bb-9766-cc326314d9f1,7.811879762914032,8.796566970100695e-05,1.1260499696707248e-05,116.6571960912,150.89784480430927,6.0,0.00015523090585395748,0.00020877183368384067,6.2402839229131745e-06,0.00037024302346071137,0.0,United Kingdom,GBR,england,,,Linux-6.4.0-150600.23.73_15.0.14-cray_shasta_c_64k-aarch64-with-glibc2.38,3.11.7,3.3.0,72,Neoverse-V2,1,1 x NVIDIA GH200 120GB,-2.5917,51.4535,64,machine,0.0,7.75,26.1,223.3373565673828,N,1.0,0.0
2026-09-27T02:56:26,efficientnet_lite0_batch6_node_2_evaluate,c8a5ed6d-0795-4f03-967a-6b779255edab,5b0fa12a-3dd7-45bb-9766-cc326314d9f1,8.858361690072343,0.00010310407143071831,1.1639180588693743e-05,117.24304308480001,72.54554537289157,6.0,0.000191800363331339,0.0002325296304661606,9.629791507031768e-06,0.0004339597853045314,0.0,United Kingdom,GBR,england,,,Linux-6.4.0-150600.23.73_15.0.14-cray_shasta_c_64k-aarch64-with-glibc2.38,3.11.7,3.3.0,72,Neoverse-V2,1,1 x NVIDIA GH200 120GB,-2.5917,51.4535,64,machine,0.0,2.4,26.1,223.43505859375,N,1.0,0.0
2026-09-27T02:57:25,efficientnet_lite0_batch6_node_3_local_train,075b8390-cf77-4ed5-a90a-41092e966276,5b0fa12a-3dd7-45bb-9766-cc326314d9f1,53.338550745043904,0.0008919372950591236,1.672218840970291e-05,116.00370343662546,116.58263002617221,6.0,0.0016450951339430748,0.002021917173095744,8.710633927529368e-05,0.0037541186463141123,0.0,United Kingdom,GBR,england,,,Linux-6.4.0-150600.23.73_15.0.14-cray_shasta_c_64k-aarch64-with-glibc2.38,3.11.7,3.3.0,72,Neoverse-V2,1,1 x NVIDIA GH200 120GB,-2.5917,51.4535,64,machine,2.6460000000000004,0.52,26.099999999999994,223.4808056640625,N,1.0,0.0
2026-09-27T02:57:43,efficientnet_lite0_batch6_node_3_evaluate,1526c361-5425-4f28-b57f-033a6bb29df4,5b0fa12a-3dd7-45bb-9766-cc326314d9f1,12.937357551883906,0.00017360298436931812,1.3418735910567648e-05,117.80190864576002,144.05244535743827,6.0,0.00032496697650314944,0.00039594059455794195,9.778548116640498e-06,0.0007306861191777318,0.0,United Kingdom,GBR,england,,,Linux-6.4.0-150600.23.73_15.0.14-cray_shasta_c_64k-aarch64-with-glibc2.38,3.11.7,3.3.0,72,Neoverse-V2,1,1 x NVIDIA GH200 120GB,-2.5917,51.4535,64,machine,4.655555555555555,1.3333333333333333,26.099999999999998,223.4331529405382,N,1.0,0.0
2026-09-27T02:57:56,efficientnet_lite0_batch6_node_4_local_train,13f69857-420c-4b6f-9fd3-b7a13aa4c5d7,5b0fa12a-3dd7-45bb-9766-cc326314d9f1,9.404548177029938,0.0001175222414498796,1.2496319784603884e-05,116.89268304960001,149.66170735782362,6.0,0.00020813622680907455,0.00027760716653801865,8.901735214749351e-06,0.0004946451285618425,0.0,United Kingdom,GBR,england,,,Linux-6.4.0-150600.23.73_15.0.14-cray_shasta_c_64k-aarch64-with-glibc2.38,3.11.7,3.3.0,72,Neoverse-V2,1,1 x NVIDIA GH200 120GB,-2.5917,51.4535,64,machine,9.0,6.0,26.099999999999998,223.40048217773438,N,1.0,0.0
2026-09-27T03:01:54,efficientnet_lite0_batch6_node_4_evaluate,283c6c56-c761-4aff-b731-f3532e7f0ab4,5b0fa12a-3dd7-45bb-9766-cc326314d9f1,180.4739708211273,0.00311320862307853,1.725018078182652e-05,115.90108263615346,142.12627855616407,6.0,0.005783633218336898,0.007024399786189406,0.0002953035265358631,0.01310333653106217,0.0,United Kingdom,GBR,england,,,Linux-6.4.0-150600.23.73_15.0.14-cray_shasta_c_64k-aarch64-with-glibc2.38,3.11.7,3.3.0,72,Neoverse-V2,1,1 x NVIDIA GH200 120GB,-2.5917,51.4535,64,machine,2.875,0.08888888888888889,26.099999999999994,223.55983445909288,N,1.0,0.0
2026-09-27T03:02:04,efficientnet_lite0_batch6_node_5_local_train,c8fa3b00-58f3-4420-8fdb-7be98e7febe3,5b0fa12a-3dd7-45bb-9766-cc326314d9f1,8.953015564009547,0.0001113955554111602,1.2442238552445056e-05,116.8304467968,81.2319950011437,6.0,0.00019383264996755174,0.0002652243788645592,9.801190240153422e-06,0.00046885821907226435,0.0,United Kingdom,GBR,england,,,Linux-6.4.0-150600.23.73_15.0.14-cray_shasta_c_64k-aarch64-with-glibc2.38,3.11.7,3.3.0,72,Neoverse-V2,1,1 x NVIDIA GH200 120GB,-2.5917,51.4535,64,machine,0.0,8.8,26.1,223.71646728515626,N,1.0,0.0
2026-09-27T03:02:15,efficientnet_lite0_batch6_node_5_evaluate,bb7d4598-d7a3-4733-875e-1f416f3939f9,5b0fa12a-3dd7-45bb-9766-cc326314d9f1,9.932751677930355,0.0001233151177194669,1.241500056761326e-05,117.96320747520002,143.3339912569816,6.0,0.00022872135461924053,0.00028052022443603164,9.785470679635182e-06,0.0005190270497349074,0.0,United Kingdom,GBR,england,,,Linux-6.4.0-150600.23.73_15.0.14-cray_shasta_c_64k-aarch64-with-glibc2.38,3.11.7,3.3.0,72,Neoverse-V2,1,1 x NVIDIA GH200 120GB,-2.5917,51.4535,64,machine,19.683333333333334,2.0,26.099999999999998,223.73727416992188,N,1.0,0.0
2026-09-27T03:03:17,mobilevit_xxs_batch6_node_0_local_train,0d38d93d-8042-46b5-990e-6c22ded412bb,5b0fa12a-3dd7-45bb-9766-cc326314d9f1,11.276565599953756,0.0001504630429239823,1.3342984758107499e-05,116.70984604800002,76.85400505467575,6.0,0.0002694334484493478,0.0003501786134734175,1.367922228644602e-05,0.0006332912842092113,0.0,United Kingdom,GBR,england,,,Linux-6.4.0-150600.23.73_15.0.14-cray_shasta_c_64k-aarch64-with-glibc2.38,3.11.7,3.3.0,72,Neoverse-V2,1,1 x NVIDIA GH200 120GB,-2.5917,51.4535,64,machine,0.0,8.125,26.174999999999997,224.2160873413086,N,1.0,0.0
2026-09-27T03:03:27,mobilevit_xxs_batch6_node_0_evaluate,0b3bc8c3-6f7c-4ea0-9e73-e8dc4e88ffd2,5b0fa12a-3dd7-45bb-9766-cc326314d9f1,9.17155162896961,0.00010936465019980875,1.192433457544582e-05,117.42577046948571,72.79075442824521,6.0,0.00020334670358353006,0.0002467871418616596,1.017639703156116e-05,0.0004603102424767508,0.0,United Kingdom,GBR,england,,,Linux-6.4.0-150600.23.73_15.0.14-cray_shasta_c_64k-aarch64-with-glibc2.38,3.11.7,3.3.0,72,Neoverse-V2,1,1 x NVIDIA GH200 120GB,-2.5917,51.4535,64,machine,0.0,2.3333333333333335,26.099999999999998,223.82011922200522,N,1.0,0.0
2026-09-27T03:03:57,mobilevit_xxs_batch6_node_1_local_train,fee54892-83a2-490b-a0da-fa682806e159,5b0fa12a-3dd7-45bb-9766-cc326314d9f1,25.468201676849276,0.000394526047940534,1.5490926801445904e-05,116.80128288288002,149.90724058359908,6.0,0.000725528962465154,0.000917036289195039,1.797478992647181e-05,0.0016605400415866645,0.0,United Kingdom,GBR,england,,,Linux-6.4.0-150600.23.73_15.0.14-cray_shasta_c_64k-aarch64-with-glibc2.38,3.11.7,3.3.0,72,Neoverse-V2,1,1 x NVIDIA GH200 120GB,-2.5917,51.4535,64,machine,4.754545454545454,4.409090909090909,26.100000000000012,223.7444735440341,N,1.0,0.0
2026-09-27T03:04:10,mobilevit_xxs_batch6_node_1_evaluate,d078a0a2-2bcd-4433-9448-4e31e469f482,5b0fa12a-3dd7-45bb-9766-cc326314d9f1,9.333091180073097,0.00011157627208705379,1.1954910750821565e-05,117.4292274569143,72.29421916900615,6.0,0.00020826133115206514,0.0002509304785576205,1.0427036647063992e-05,0.00046961884635674965,0.0,United Kingdom,GBR,england,,,Linux-6.4.0-150600.23.73_15.0.14-cray_shasta_c_64k-aarch64-with-glibc2.38,3.11.7,3.3.0,72,Neoverse-V2,1,1 x NVIDIA GH200 120GB,-2.5917,51.4535,64,machine,11.0,2.3333333333333335,26.099999999999998,223.75849405924478,N,1.0,0.0
2026-09-27T03:04:31,mobilevit_xxs_batch6_node_2_local_train,b5f3ddf6-82b2-4df1-82b4-9029125a5acb,5b0fa12a-3dd7-45bb-9766-cc326314d9f1,10.022869814187288,0.00012654585845310425,1.2625711078675256e-05,116.73807517440001,150.18336477035905,6.0,0.00022788170202759454,0.0002948730136722588,9.87035723325486e-06,0.0005326250729331082,0.0,United Kingdom,GBR,england,,,Linux-6.4.0-150600.23.73_15.0.14-cray_shasta_c_64k-aarch64-with-glibc2.38,3.11.7,3.3.0,72,Neoverse-V2,1,1 x NVIDIA GH200 120GB,-2.5917,51.4535,64,machine,0.0,2.3333333333333335,26.13333333333333,223.97679646809897,N,1.0,0.0
2026-09-27T03:07:25,mobilevit_xxs_batch6_node_2_evaluate,726bb4ad-d50f-45ea-ab85-abc756c0aeb2,5b0fa12a-3dd7-45bb-9766-cc326314d9f1,162.73799051297829,0.0028218946908877707,1.7340110210238376e-05,115.65130291091212,128.47118222495985,6.0,0.005217989897753473,0.00633133978729461,0.0003278813427678931,0.011877211027815979,0.0,United Kingdom,GBR,england,,,Linux-6.4.0-150600.23.73_15.0.14-cray_shasta_c_64k-aarch64-with-glibc2.38,3.11.7,3.3.0,72,Neoverse-V2,1,1 x NVIDIA GH200 120GB,-2.5917,51.4535,64,machine,2.9555555555555553,0.07407407407407407,26.204320987654256,224.5310262044271,N,1.0,0.0
2026-09-27T03:09:00,mobilevit_xxs_batch6_node_3_local_train,ed219eaf-363f-4cde-bb6a-4cafce14fb99,5b0fa12a-3dd7-45bb-9766-cc326314d9f1,48.29886620491743,0.0007847630104625587,1.6248062783359086e-05,116.44471358255127,155.1768340290094,6.0,0.0014545525416784569,0.0017925378228937916,5.5937176528386774e-05,0.003303027541100635,0.0,United Kingdom,GBR,england,,,Linux-6.4.0-150600.23.73_15.0.14-cray_shasta_c_64k-aarch64-with-glibc2.38,3.11.7,3.3.0,72,Neoverse-V2,1,1 x NVIDIA GH200 120GB,-2.5917,51.4535,64,machine,2.193333333333333,0.9333333333333333,26.20000000000002,224.22581244574653,N,1.0,0.0
2026-09-27T03:09:37,mobilevit_xxs_batch6_node_3_evaluate,2cd63a99-78cf-4555-a398-b0014f3b3a84,5b0fa12a-3dd7-45bb-9766-cc326314d9f1,10.172672169981524,0.00012603900800262015,1.2389960660931144e-05,117.71374900114287,141.44229854441485,6.0,0.00023636945960931044,0.00028394189379810086,1.0180411794766163e-05,0.0005304917652021775,0.0,United Kingdom,GBR,england,,,Linux-6.4.0-150600.23.73_15.0.14-cray_shasta_c_64k-aarch64-with-glibc2.38,3.11.7,3.3.0,72,Neoverse-V2,1,1 x NVIDIA GH200 120GB,-2.5917,51.4535,64,machine,18.74285714285714,1.7142857142857142,26.199999999999996,224.25769914899553,N,1.0,0.0
2026-09-27T03:10:00,mobilevit_xxs_batch6_node_4_local_train,20b7016b-691e-42c0-8dfe-0403897e9b63,5b0fa12a-3dd7-45bb-9766-cc326314d9f1,11.647026685997844,0.0001576237527274485,1.353338984935487e-05,116.55811296,77.1957943444008,6.0,0.00028130497289687094,0.00036782557205583544,1.4299802106494705e-05,0.000663430347059201,0.0,United Kingdom,GBR,england,,,Linux-6.4.0-150600.23.73_15.0.14-cray_shasta_c_64k-aarch64-with-glibc2.38,3.11.7,3.3.0,72,Neoverse-V2,1,1 x NVIDIA GH200 120GB,-2.5917,51.4535,64,machine,0.0,7.625,26.199999999999996,224.35997772216797,N,1.0,0.0
2026-09-27T03:11:11,mobilevit_xxs_batch6_node_4_evaluate,d1e597a6-f585-42e9-adc2-bc8144bd3346,5b0fa12a-3dd7-45bb-9766-cc326314d9f1,15.721820425009355,0.00021906450487317638,1.3933787497324504e-05,117.66682846902859,141.60848126494852,6.0,0.00041390623168426993,0.0004978703983056221,1.0254713520019628e-05,0.0009220313435099116,0.0,United Kingdom,GBR,england,,,Linux-6.4.0-150600.23.73_15.0.14-cray_shasta_c_64k-aarch64-with-glibc2.38,3.11.7,3.3.0,72,Neoverse-V2,1,1 x NVIDIA GH200 120GB,-2.5917,51.4535,64,machine,5.308333333333333,1.3333333333333333,26.300000000000008,225.08745829264322,N,1.0,0.0
2026-09-27T03:11:47,mobilevit_xxs_batch6_node_5_local_train,bcb7910e-6064-489f-9a75-1c8c197f1117,5b0fa12a-3dd7-45bb-9766-cc326314d9f1,12.487877622013912,0.00017351934968537085,1.3895023232729878e-05,116.56365037056001,77.62863504536632,6.0,0.00030873101639647014,0.0004059111580829722,1.5691930573278418e-05,0.0007303341050527207,0.0,United Kingdom,GBR,england,,,Linux-6.4.0-150600.23.73_15.0.14-cray_shasta_c_64k-aarch64-with-glibc2.38,3.11.7,3.3.0,72,Neoverse-V2,1,1 x NVIDIA GH200 120GB,-2.5917,51.4535,64,machine,7.911111111111111,9.222222222222221,26.199999999999996,224.66522894965277,N,1.0,0.0
2026-09-27T03:13:04,mobilevit_xxs_batch6_node_5_evaluate,38bbed00-69a8-4309-b0da-20ffee74cde1,5b0fa12a-3dd7-45bb-9766-cc326314d9f1,11.708365705097094,0.00015264418988845607,1.30371901367929e-05,117.60779038628573,143.92407366771118,6.0,0.000284945190992447,0.0003473766667809741,1.014976291800849e-05,0.0006424716206914296,0.0,United Kingdom,GBR,england,,,Linux-6.4.0-150600.23.73_15.0.14-cray_shasta_c_64k-aarch64-with-glibc2.38,3.11.7,3.3.0,72,Neoverse-V2,1,1 x NVIDIA GH200 120GB,-2.5917,51.4535,64,machine,20.450000000000003,1.75,26.199999999999996,224.582763671875,N,1.0,0.0
2026-09-27T03:13:20,mobilevit_xxs_batch6_node_0_exchange,7b16dcc1-e878-4a29-9028-66cc814079c2,5b0fa12a-3dd7-45bb-9766-cc326314d9f1,13.599931981880218,0.0001852512744379741,1.3621485363661557e-05,116.71802294400001,146.12790070278479,6.0,0.00034219023980808667,0.00042853589837932304,8.987040612846613e-06,0.0007797131788002563,0.0,United Kingdom,GBR,england,,,Linux-6.4.0-150600.23.73_15.0.14-cray_shasta_c_64k-aarch64-with-glibc2.38,3.11.7,3.3.0,72,Neoverse-V2,1,1 x NVIDIA GH200 120GB,-2.5917,51.4535,64,machine,0.0,3.8,26.199999999999996,224.4863708496094,N,1.0,0.0
2026-09-27T03:14:30,mobilevit_xxs_batch6_node_2_exchange,ae4c711f-83b0-4196-bf78-c495d09618d6,5b0fa12a-3dd7-45bb-9766-cc326314d9f1,11.895396564854309,0.0001550107012374999,1.3031150360761295e-05,116.31429001728002,147.51333560104618,6.0,0.00028545946555919125,0.0003604402883468083,6.532392521233609e-06,0.0006524321464272332,0.0,United Kingdom,GBR,england,,,Linux-6.4.0-150600.23.73_15.0.14-cray_shasta_c_64k-aarch64-with-glibc2.38,3.11.7,3.3.0,72,Neoverse-V2,1,1 x NVIDIA GH200 120GB,-2.5917,51.4535,64,machine,0.0,2.125,26.199999999999996,224.4568862915039,N,1.0,0.0
2026-09-27T03:14:54,mobilevit_xxs_batch6_node_3_exchange,ab8c1d61-ede7-4a0f-8163-c9e3cbb46397,5b0fa12a-3dd7-45bb-9766-cc326314d9f1,8.770599667914212,0.00010428350049157088,1.1890122048675282e-05,116.3428731072,76.57257252171371,6.0,0.0001866607218369241,0.00024274741642216213,9.51580389131171e-06,0.00043892394215039787,0.0,United Kingdom,GBR,england,,,Linux-6.4.0-150600.23.73_15.0.14-cray_shasta_c_64k-aarch64-with-glibc2.38,3.11.7,3.3.0,72,Neoverse-V2,1,1 x NVIDIA GH200 120GB,-2.5917,51.4535,64,machine,23.7,7.8,26.2,224.61435546875,N,1.0,0.0
2026-09-27T03:15:20,mobilevit_xxs_batch6_node_5_exchange,315fe61a-9e21-4f4d-944c-d92749fee98b,5b0fa12a-3dd7-45bb-9766-cc326314d9f1,9.329354237066582,0.00011513531635968124,1.2341188193094391e-05,116.44608763337143,77.35775475206813,6.0,0.00020514028414179639,0.00026901965966885655,1.0438738618589316e-05,0.0004845986824292423,0.0,United Kingdom,GBR,england,,,Linux-6.4.0-150600.23.73_15.0.14-cray_shasta_c_64k-aarch64-with-glibc2.38,3.11.7,3.3.0,72,Neoverse-V2,1,1 x NVIDIA GH200 120GB,-2.5917,51.4535,64,machine,16.3,7.833333333333333,26.2,224.72364298502603,N,1.0,0.0
2026-09-27T03:15:32,mobilevit_xxs_batch6_node_0_evaluate,f17985ad-04f6-446c-b491-b864a9b61823,5b0fa12a-3dd7-45bb-9766-cc326314d9f1,10.47767153615132,0.00013155885749630963,1.2556115835697794e-05,117.76348881462859,143.35920440982778,6.0,0.0002460583431545379,0.0002975952380950275,1.0070949331857264e-05,0.0005537245305814227,0.0,United Kingdom,GBR,england,,,Linux-6.4.0-150600.23.73_15.0.14-cray_shasta_c_64k-aarch64-with-glibc2.38,3.11.7,3.3.0,72,Neoverse-V2,1,1 x NVIDIA GH200 120GB,-2.5917,51.4535,64,machine,0.0,1.4285714285714286,26.25714285714286,224.79671805245536,N,1.0,0.0
2026-09-27T03:15:51,mobilevit_xxs_batch6_node_2_evaluate,8e79ecac-32b9-48c4-9ed0-60087f09d3db,5b0fa12a-3dd7-45bb-9766-cc326314d9f1,9.99786104587838,0.00012306870321500722,1.2309503267775691e-05,117.885630816,141.21580079180046,6.0,0.00023094053082808438,0.0002771552217382123,9.894151069844763e-06,0.0005179899036361414,0.0,United Kingdom,GBR,england,,,Linux-6.4.0-150600.23.73_15.0.14-cray_shasta_c_64k-aarch64-with-glibc2.38,3.11.7,3.3.0,72,Neoverse-V2,1,1 x NVIDIA GH200 120GB,-2.5917,51.4535,64,machine,0.0,2.0,26.26666666666667,224.82511393229166,N,1.0,0.0
2026-09-27T03:16:01,mobilevit_xxs_batch6_node_3_evaluate,83349d9e-160d-41b4-b1de-1cf75d36ce6d,5b0fa12a-3dd7-45bb-9766-cc326314d9f1,9.129928677110001,0.00010884934349351918,1.1922255621385038e-05,117.53642776320001,72.85017505186867,6.0,0.0002024672609332618,0.00024555602979603464,1.0118052066536621e-05,0.0004581413427958331,0.0,United Kingdom,GBR,england,,,Linux-6.4.0-150600.23.73_15.0.14-cray_shasta_c_64k-aarch64-with-glibc2.38,3.11.7,3.3.0,72,Neoverse-V2,1,1 x NVIDIA GH200 120GB,-2.5917,51.4535,64,machine,32.199999999999996,2.6666666666666665,26.25,224.87138875325522,N,1.0,0.0
2026-09-27T03:16:15,mobilevit_xxs_batch6_node_5_evaluate,ba32cf65-0e04-4645-abd3-196d67ecd47d,5b0fa12a-3dd7-45bb-9766-cc326314d9f1,10.682738516945392,0.00013511156137729338,1.264765220668595e-05,117.90826127177144,142.3921330298162,6.0,0.00025288566810563283,0.000305581355604545,1.0210656558241075e-05,0.0005686776802684189,0.0,United Kingdom,GBR,england,,,Linux-6.4.0-150600.23.73_15.0.14-cray_shasta_c_64k-aarch64-with-glibc2.38,3.11.7,3.3.0,72,Neoverse-V2,1,1 x NVIDIA GH200 120GB,-2.5917,51.4535,64,machine,7.1000000000000005,1.8571428571428572,26.300000000000004,224.878173828125,N,1.0,0.0
2026-09-27T03:17:10,mobilenet_v3_small_batch7_node_0_local_train,83d39864-1547-4f73-8588-ad47941a0239,5b0fa12a-3dd7-45bb-9766-cc326314d9f1,11.597647530958056,0.00015099889177296334,1.3019786242847618e-05,116.7867928512,200.70401890579632,6.0,0.0002794192958941448,0.0003419727735831657,1.4154575245144467e-05,0.000635546644722455,0.0,United Kingdom,GBR,england,,,Linux-6.4.0-150600.23.73_15.0.14-cray_shasta_c_64k-aarch64-with-glibc2.38,3.11.7,3.3.0,72,Neoverse-V2,1,1 x NVIDIA GH200 120GB,-2.5917,51.4535,64,machine,0.0,3.125,25.9375,222.23367309570312,N,1.0,0.0
2026-09-27T03:17:47,mobilenet_v3_small_batch7_node_0_evaluate,d7863e1d-1372-4939-ae3d-e1f1a26abae4,5b0fa12a-3dd7-45bb-9766-cc326314d9f1,11.75958218704909,0.00015278166991432662,1.299210018554793e-05,117.0040444416,70.80753418002217,6.0,0.00028710764569343816,0.00034146332870932383,1.4479292715356375e-05,0.0006430502671181184,0.0,United Kingdom,GBR,england,,,Linux-6.4.0-150600.23.73_15.0.14-cray_shasta_c_64k-aarch64-with-glibc2.38,3.11.7,3.3.0,72,Neoverse-V2,1,1 x NVIDIA GH200 120GB,-2.5917,51.4535,64,machine,0.0,0.375,26.0,222.5583724975586,N,1.0,0.0
2026-09-27T03:18:08,mobilenet_v3_small_batch7_node_1_local_train,80275e0f-191b-4918-8d8d-1389acf602a5,5b0fa12a-3dd7-45bb-9766-cc326314d9f1,18.1275507400278,0.0002632198607987356,1.4520431611178153e-05,117.72619655563638,164.85810094174465,6.0,0.0004914231656707436,0.0006007213139014311,1.573450808607352e-05,0.0011078789876582484,0.0,United Kingdom,GBR,england,,,Linux-6.4.0-150600.23.73_15.0.14-cray_shasta_c_64k-aarch64-with-glibc2.38,3.11.7,3.3.0,72,Neoverse-V2,1,1 x NVIDIA GH200 120GB,-2.5917,51.4535,64,machine,3.2066666666666666,2.2,26.0,222.70128173828124,N,1.0,0.0
2026-09-27T03:18:20,mobilenet_v3_small_batch7_node_1_evaluate,cbc9ddea-ab34-43f4-b856-9bdbe7e598e8,5b0fa12a-3dd7-45bb-9766-cc326314d9f1,10.600421944167465,0.00013213888918264306,1.24654367419165e-05,118.00412757668573,140.81348633472106,6.0,0.0002509249970098836,0.0002949799581983825,1.0260899198474362e-05,0.0005561658544067404,0.0,United Kingdom,GBR,england,,,Linux-6.4.0-150600.23.73_15.0.14-cray_shasta_c_64k-aarch64-with-glibc2.38,3.11.7,3.3.0,72,Neoverse-V2,1,1 x NVIDIA GH200 120GB,-2.5917,51.4535,64,machine,16.02857142857143,0.2857142857142857,26.0,222.6839599609375,N,1.0,0.0
2026-09-27T03:18:37,mobilenet_v3_small_batch7_node_2_local_train,51e0df1b-b4dc-41e9-bee3-3d1d97845f80,5b0fa12a-3dd7-45bb-9766-cc326314d9f1,12.472216846887022,0.0001635887385248004,1.3116251948877154e-05,116.87085794304002,142.15126335608267,6.0,0.0003065872239497609,0.0003729375205807628,9.011923938135927e-06,0.0006885366684686597,0.0,United Kingdom,GBR,england,,,Linux-6.4.0-150600.23.73_15.0.14-cray_shasta_c_64k-aarch64-with-glibc2.38,3.11.7,3.3.0,72,Neoverse-V2,1,1 x NVIDIA GH200 120GB,-2.5917,51.4535,64,machine,0.0,1.7777777777777777,26.0,222.696044921875,N,1.0,0.0
2026-09-27T03:19:58,mobilenet_v3_small_batch7_node_2_evaluate,8e310cfa-2ed9-450f-8627-7ba4c52e1a6c,5b0fa12a-3dd7-45bb-9766-cc326314d9f1,8.928990528918803,0.00010397414888754532,1.1644558088710996e-05,117.4996829664,617.1776844571195,6.0,0.00019526149553337872,0.0002326168527702066,9.743548701517285e-06,0.0004376218970051026,0.0,United Kingdom,GBR,england,,,Linux-6.4.0-150600.23.73_15.0.14-cray_shasta_c_64k-aarch64-with-glibc2.38,3.11.7,3.3.0,72,Neoverse-V2,1,1 x NVIDIA GH200 120GB,-2.5917,51.4535,64,machine,0.0,0.4,27.119999999999997,232.2437744140625,N,1.0,0.0
2026-09-27T03:20:17,mobilenet_v3_small_batch7_node_3_local_train,fb868f11-1418-4b5d-9b5c-275fa50e6df2,5b0fa12a-3dd7-45bb-9766-cc326314d9f1,12.042109135072678,0.0001593694744156183,1.3234348952332132e-05,117.0284861592,141.9861329618995,6.0,0.0002958337085540206,0.0003616433448598855,1.3300947316844636e-05,0.0006707780007307507,0.0,United Kingdom,GBR,england,,,Linux-6.4.0-150600.23.73_15.0.14-cray_shasta_c_64k-aarch64-with-glibc2.38,3.11.7,3.3.0,72,Neoverse-V2,1,1 x NVIDIA GH200 120GB,-2.5917,51.4535,64,machine,0.0,2.375,33.56250000000001,287.51090240478516,N,1.0,0.0
2026-09-27T03:22:01,mobilenet_v3_small_batch7_node_3_evaluate,af5ea629-0bfe-4c83-be80-64c9571cea5e,5b0fa12a-3dd7-45bb-9766-cc326314d9f1,55.72204377898015,0.0009073344949617038,1.628322354005211e-05,116.19349414208416,140.36027267860777,6.0,0.0016939982647270313,0.0020498941399011983,7.50322718580719e-05,0.003818924676486301,0.0,United Kingdom,GBR,england,,,Linux-6.4.0-150600.23.73_15.0.14-cray_shasta_c_64k-aarch64-with-glibc2.38,3.11.7,3.3.0,72,Neoverse-V2,1,1 x NVIDIA GH200 120GB,-2.5917,51.4535,64,machine,3.882692307692307,0.057692307692307696,25.700000000000024,220.24714543269232,N,1.0,0.0
2026-09-27T03:22:17,mobilenet_v3_small_batch7_node_4_local_train,b02e0cd1-96ae-4028-ae61-ab2eced284a6,5b0fa12a-3dd7-45bb-9766-cc326314d9f1,12.527789555955678,0.0001679852356334063,1.340900841948982e-05,117.08724470400001,142.2687714679334,6.0,0.0003113103985648741,0.00038163641642086077,1.4094485888490454e-05,0.0007070413008742253,0.0,United Kingdom,GBR,england,,,Linux-6.4.0-150600.23.73_15.0.14-cray_shasta_c_64k-aarch64-with-glibc2.38,3.11.7,3.3.0,72,Neoverse-V2,1,1 x NVIDIA GH200 120GB,-2.5917,51.4535,64,machine,0.0,3.0,25.722222222222214,220.34586588541666,N,1.0,0.0
2026-09-27T03:23:05,mobilenet_v3_small_batch7_node_4_evaluate,00101b12-f120-4309-98f0-6f2d4ec16d2c,5b0fa12a-3dd7-45bb-9766-cc326314d9f1,9.119534534169361,0.00010641652235270066,1.1669073893407155e-05,117.43695206125716,70.36704843299381,6.0,0.0002014657231689954,0.00023635407794131424,1.0081921413463231e-05,0.00044790172252377286,0.0,United Kingdom,GBR,england,,,Linux-6.4.0-150600.23.73_15.0.14-cray_shasta_c_64k-aarch64-with-glibc2.38,3.11.7,3.3.0,72,Neoverse-V2,1,1 x NVIDIA GH200 120GB,-2.5917,51.4535,64,machine,20.150000000000002,0.6666666666666666,25.7,220.3140665690104,N,1.0,0.0
2026-09-27T03:23:37,mobilenet_v3_small_batch7_node_5_local_train,5fb99238-921f-447a-a734-1874da7cd37d,5b0fa12a-3dd7-45bb-9766-cc326314d9f1,19.48088980000466,0.000284636017326053,1.4611037804134844e-05,116.95831953600002,142.88434841586505,6.0,0.0005328859009765329,0.0006502532979766329,1.4879300750326366e-05,0.001198018499703492,0.0,United Kingdom,GBR,england,,,Linux-6.4.0-150600.23.73_15.0.14-cray_shasta_c_64k-aarch64-with-glibc2.38,3.11.7,3.3.0,72,Neoverse-V2,1,1 x NVIDIA GH200 120GB,-2.5917,51.4535,64,machine,8.8375,1.6875,25.475000000000005,218.13526153564453,N,1.0,0.0
2026-09-27T03:24:36,mobilenet_v3_small_batch7_node_5_evaluate,20f620fb-7a4f-408b-b687-3a83764e4860,5b0fa12a-3dd7-45bb-9766-cc326314d9f1,10.224546294892207,0.0001264734595002899,1.2369591359126733e-05,118.05767085394285,139.80517607990726,6.0,0.00023881590803555638,0.0002832888377497511,1.0215603642864154e-05,0.0005323203494281717,0.0,United Kingdom,GBR,england,,,Linux-6.4.0-150600.23.73_15.0.14-cray_shasta_c_64k-aarch64-with-glibc2.38,3.11.7,3.3.0,72,Neoverse-V2,1,1 x NVIDIA GH200 120GB,-2.5917,51.4535,64,machine,18.17142857142857,0.5714285714285714,25.300000000000004,216.38270786830358,N,1.0,0.0
2026-09-27T03:26:33,mobilenet_v3_small_batch7_node_0_exchange,0a2e87a9-1637-4474-bbdf-e34b0e0101b6,5b0fa12a-3dd7-45bb-9766-cc326314d9f1,9.41034854692407,0.00011157871083020201,1.185702211494317e-05,116.77721420160003,139.06717866412401,6.0,0.000208061230174736,0.0002527229799511588,8.844900776554521e-06,0.0004696291109024493,0.0,United Kingdom,GBR,england,,,Linux-6.4.0-150600.23.73_15.0.14-cray_shasta_c_64k-aarch64-with-glibc2.38,3.11.7,3.3.0,72,Neoverse-V2,1,1 x NVIDIA GH200 120GB,-2.5917,51.4535,64,machine,0.0,3.5,25.3,216.36644490559897,N,1.0,0.0
2026-09-27T03:26:43,mobilenet_v3_small_batch7_node_1_exchange,f52d6acb-b27f-4239-bed2-a6cf472f7136,5b0fa12a-3dd7-45bb-9766-cc326314d9f1,9.308736956911162,0.00011165678415684843,1.1994837180778878e-05,116.65815885257143,73.25991341638104,6.0,0.00020539329066918558,0.0002541515922018789,1.0412834686770415e-05,0.0004699577175578349,0.0,United Kingdom,GBR,england,,,Linux-6.4.0-150600.23.73_15.0.14-cray_shasta_c_64k-aarch64-with-glibc2.38,3.11.7,3.3.0,72,Neoverse-V2,1,1 x NVIDIA GH200 120GB,-2.5917,51.4535,64,machine,19.71666666666667,2.5,25.3,216.31585693359375,N,1.0,0.0
2026-09-27T03:29:33,mobilenet_v3_small_batch7_node_2_exchange,19cdd883-fb79-4aaf-b120-6f44b52f6ebd,5b0fa12a-3dd7-45bb-9766-cc326314d9f1,158.063382047927,0.0027215769637497075,1.7218263512319936e-05,115.48355809650546,140.13975498197092,6.0,0.005063241897043197,0.006142533802886874,0.00024920312379370443,0.011454978823723774,0.0,United Kingdom,GBR,england,,,Linux-6.4.0-150600.23.73_15.0.14-cray_shasta_c_64k-aarch64-with-glibc2.38,3.11.7,3.3.0,72,Neoverse-V2,1,1 x NVIDIA GH200 120GB,-2.5917,51.4535,64,machine,4.417088607594937,0.05063291139240506,25.35379746835447,217.18700128869165,N,1.0,0.0
2026-09-27T03:30:05,mobilenet_v3_small_batch7_node_3_exchange,5ae9cac6-6fd2-4f09-a636-8698cba7e689,5b0fa12a-3dd7-45bb-9766-cc326314d9f1,9.447141295066103,0.00011296994021885027,1.1958108457407146e-05,116.98637693760001,141.02804877647884,6.0,0.00020995906820514345,0.00025658659416194496,8.939062173400695e-06,0.0004754847245404891,0.0,United Kingdom,GBR,england,,,Linux-6.4.0-150600.23.73_15.0.14-cray_shasta_c_64k-aarch64-with-glibc2.38,3.11.7,3.3.0,72,Neoverse-V2,1,1 x NVIDIA GH200 120GB,-2.5917,51.4535,64,machine,0.0,2.3333333333333335,25.3,216.7862345377604,N,1.0,0.0
2026-09-27T03:30:33,mobilenet_v3_small_batch7_node_4_exchange,a4d6aaac-15a2-4750-914e-cfd06c793e74,5b0fa12a-3dd7-45bb-9766-cc326314d9f1,9.767808587057516,0.0001183386048189356,1.2115164191048534e-05,116.88111901440001,143.53466055491094,6.0,0.0002200941077404368,0.00026859604818696425,9.39100447537688e-06,0.0004980811604027779,0.0,United Kingdom,GBR,england,,,Linux-6.4.0-150600.23.73_15.0.14-cray_shasta_c_64k-aarch64-with-glibc2.38,3.11.7,3.3.0,72,Neoverse-V2,1,1 x NVIDIA GH200 120GB,-2.5917,51.4535,64,machine,0.0,2.5,25.3,216.63252766927084,N,1.0,0.0
2026-09-27T03:31:00,mobilenet_v3_small_batch7_node_5_exchange,dfceea52-10ed-41f6-af98-9979afa50664,5b0fa12a-3dd7-45bb-9766-cc326314d9f1,15.615560961188748,0.0002176510270414846,1.3938085707099422e-05,116.96561878217143,143.19670079709766,6.0,0.00040784497613626804,0.0004983712320267841,9.865879145218058e-06,0.0009160820873082702,0.0,United Kingdom,GBR,england,,,Linux-6.4.0-150600.23.73_15.0.14-cray_shasta_c_64k-aarch64-with-glibc2.38,3.11.7,3.3.0,72,Neoverse-V2,1,1 x NVIDIA GH200 120GB,-2.5917,51.4535,64,machine,6.258333333333334,1.5833333333333333,25.300000000000008,216.8229726155599,N,1.0,0.0
2026-09-27T03:31:15,mobilenet_v3_small_batch7_node_0_evaluate,f6765c88-b795-43cd-af2b-9ef3f7cf52f2,5b0fa12a-3dd7-45bb-9766-cc326314d9f1,10.049957564100623,0.00012303808596893353,1.2242647313102789e-05,117.82366335360001,138.45344175578686,6.0,0.00023243707751622374,0.00027550938708031936,9.914572610286996e-06,0.0005178610372068301,0.0,United Kingdom,GBR,england,,,Linux-6.4.0-150600.23.73_15.0.14-cray_shasta_c_64k-aarch64-with-glibc2.38,3.11.7,3.3.0,72,Neoverse-V2,1,1 x NVIDIA GH200 120GB,-2.5917,51.4535,64,machine,0.0,0.3333333333333333,25.3,216.84162394205728,N,1.0,0.0
2026-09-27T03:31:32,mobilenet_v3_small_batch7_node_1_evaluate,15db247c-8782-474a-8e29-3d1564f3b8ba,5b0fa12a-3dd7-45bb-9766-cc326314d9f1,9.217783317901194,0.00010838384843466695,1.1758124995646456e-05,117.5384422656,70.39479060475009,6.0,0.0002053898787348437,0.00024053602578533173,1.0256193281772236e-05,0.0004561820978019477,0.0,United Kingdom,GBR,england,,,Linux-6.4.0-150600.23.73_15.0.14-cray_shasta_c_64k-aarch64-with-glibc2.38,3.11.7,3.3.0,72,Neoverse-V2,1,1 x NVIDIA GH200 120GB,-2.5917,51.4535,64,machine,11.25,0.5,25.383333333333336,217.20881144205728,N,1.0,0.0
2026-09-27T03:31:57,mobilenet_v3_small_batch7_node_2_evaluate,77ad6b59-9b69-4064-9e8f-4ee7e867518c,5b0fa12a-3dd7-45bb-9766-cc326314d9f1,16.178785568801686,0.00022594498049623773,1.3965509310657907e-05,117.97039690868573,140.50143583637163,6.0,0.000429146968983359,0.0005120640207678662,9.779925216377402e-06,0.0009509909149676026,0.0,United Kingdom,GBR,england,,,Linux-6.4.0-150600.23.73_15.0.14-cray_shasta_c_64k-aarch64-with-glibc2.38,3.11.7,3.3.0,72,Neoverse-V2,1,1 x NVIDIA GH200 120GB,-2.5917,51.4535,64,machine,15.253846153846155,0.23076923076923078,25.4,217.6450430063101,N,1.0,0.0
2026-09-27T03:32:21,mobilenet_v3_small_batch7_node_3_evaluate,f5e38003-d0aa-4cde-a063-2b2edbeb2594,5b0fa12a-3dd7-45bb-9766-cc326314d9f1,19.048825768986717,0.0002743540132136308,1.4402673243004038e-05,118.66547234094547,142.13729930125297,6.0,0.0005198665946150363,0.0006249232777122415,9.952195755128438e-06,0.0011547420680824063,0.0,United Kingdom,GBR,england,,,Linux-6.4.0-150600.23.73_15.0.14-cray_shasta_c_64k-aarch64-with-glibc2.38,3.11.7,3.3.0,72,Neoverse-V2,1,1 x NVIDIA GH200 120GB,-2.5917,51.4535,64,machine,5.446666666666667,0.26666666666666666,25.399999999999995,217.56397298177083,N,1.0,0.0
2026-09-27T03:35:03,mobilenet_v3_small_batch7_node_4_evaluate,0054b2fb-b59f-49ce-936c-47737f63f46f,5b0fa12a-3dd7-45bb-9766-cc326314d9f1,10.059406296815723,0.00012323814816489798,1.2251035948702924e-05,117.8796607488,140.32847288068592,6.0,0.00023306824603838285,0.00027564716495476205,9.98767780683314e-06,0.000518703088799978,0.0,United Kingdom,GBR,england,,,Linux-6.4.0-150600.23.73_15.0.14-cray_shasta_c_64k-aarch64-with-glibc2.38,3.11.7,3.3.0,72,Neoverse-V2,1,1 x NVIDIA GH200 120GB,-2.5917,51.4535,64,machine,0.0,0.5,25.316666666666666,217.07991536458334,N,1.0,0.0
2026-09-27T03:35:17,mobilenet_v3_small_batch7_node_5_evaluate,d2419a84-0b76-4dd3-be84-91975dee5653,5b0fa12a-3dd7-45bb-9766-cc326314d9f1,10.512858856935054,0.00013041820603002302,1.2405588984388351e-05,117.84010418742858,141.14218371837376,6.0,0.00024737198632198787,0.00029143023314759375,1.0121367186463127e-05,0.0005489235866560448,0.0,United Kingdom,GBR,england,,,Linux-6.4.0-150600.23.73_15.0.14-cray_shasta_c_64k-aarch64-with-glibc2.38,3.11.7,3.3.0,72,Neoverse-V2,1,1 x NVIDIA GH200 120GB,-2.5917,51.4535,64,machine,0.0,0.5714285714285714,25.300000000000004,216.93251255580358,N,1.0,0.0
2026-09-27T03:35:55,efficientnet_lite0_batch7_node_0_local_train,47503a19-0a7e-4222-9643-7d68ca770068,5b0fa12a-3dd7-45bb-9766-cc326314d9f1,17.184109538095072,0.0002497366472026225,1.4532999027327362e-05,116.70649725805717,151.71871215101254,6.0,0.00045680260362082246,0.0005852085237449955,9.117701000068335e-06,0.0010511288283658862,0.0,United Kingdom,GBR,england,,,Linux-6.4.0-150600.23.73_15.0.14-cray_shasta_c_64k-aarch64-with-glibc2.38,3.11.7,3.3.0,72,Neoverse-V2,1,1 x NVIDIA GH200 120GB,-2.5917,51.4535,64,machine,0.0,2.357142857142857,25.464285714285722,218.19478062220983,N,1.0,0.0
2026-09-27T03:36:45,efficientnet_lite0_batch7_node_0_evaluate,b09aba28-23fb-424b-9423-0b9d8aa15dbc,5b0fa12a-3dd7-45bb-9766-cc326314d9f1,8.8741839309223,0.0001043301663800278,1.1756592740487034e-05,117.28803648960002,73.39374216918395,6.0,0.0001929135323993463,0.00023653268922885218,9.674134869904569e-06,0.00043912035649810305,0.0,United Kingdom,GBR,england,,,Linux-6.4.0-150600.23.73_15.0.14-cray_shasta_c_64k-aarch64-with-glibc2.38,3.11.7,3.3.0,72,Neoverse-V2,1,1 x NVIDIA GH200 120GB,-2.5917,51.4535,64,machine,0.0,2.4,25.7,220.06959228515626,N,1.0,0.0
2026-09-27T03:37:05,efficientnet_lite0_batch7_node_1_local_train,c0fa9197-0027-4a4e-9b0d-aa277d2b125c,5b0fa12a-3dd7-45bb-9766-cc326314d9f1,10.746198592940345,0.00014258081136506203,1.3268023118308058e-05,116.79796300114288,150.72949778420494,6.0,0.00025180919299036227,0.0003378294369156265,1.0476743133428196e-05,0.000600115373039417,0.0,United Kingdom,GBR,england,,,Linux-6.4.0-150600.23.73_15.0.14-cray_shasta_c_64k-aarch64-with-glibc2.38,3.11.7,3.3.0,72,Neoverse-V2,1,1 x NVIDIA GH200 120GB,-2.5917,51.4535,64,machine,0.0,7.285714285714286,25.657142857142855,219.79054478236608,N,1.0,0.0
2026-09-27T03:37:22,efficientnet_lite0_batch7_node_1_evaluate,543d7806-6143-47bd-a22d-cd5caeb06695,5b0fa12a-3dd7-45bb-9766-cc326314d9f1,14.303247326053679,0.0001970722987850501,1.37781508137721e-05,117.88857364937144,144.04947874668107,6.0,0.0003689441913584343,0.00045060952717790315,9.913549666525796e-06,0.0008294672682028633,0.0,United Kingdom,GBR,england,,,Linux-6.4.0-150600.23.73_15.0.14-cray_shasta_c_64k-aarch64-with-glibc2.38,3.11.7,3.3.0,72,Neoverse-V2,1,1 x NVIDIA GH200 120GB,-2.5917,51.4535,64,machine,4.218181818181818,1.4545454545454546,25.63636363636363,219.58915016867897,N,1.0,0.0
2026-09-27T03:38:22,efficientnet_lite0_batch7_node_2_local_train,974082b7-ace9-437f-b767-366ddcfba0a7,5b0fa12a-3dd7-45bb-9766-cc326314d9f1,20.57010736502707,0.0003017253964430778,1.4668148837962116e-05,116.06501180160002,155.55931832631845,6.0,0.0005624774046029358,0.0007015002834123152,5.9691379871219406e-06,0.001269946826002373,0.0,United Kingdom,GBR,england,,,Linux-6.4.0-150600.23.73_15.0.14-cray_shasta_c_64k-aarch64-with-glibc2.38,3.11.7,3.3.0,72,Neoverse-V2,1,1 x NVIDIA GH200 120GB,-2.5917,51.4535,64,machine,0.7882352941176469,0.0,25.63529411764706,219.64792408662683,N,1.0,0.0
2026-09-27T03:38:32,efficientnet_lite0_batch7_node_2_evaluate,8512143d-e6d1-40d0-a603-3232ac084c02,5b0fa12a-3dd7-45bb-9766-cc326314d9f1,8.770847202045843,0.00010267561339754915,1.1706464727101797e-05,117.3677905152,73.48906530311358,6.0,0.00018989525932193614,0.00023274574175502494,9.51542618839691e-06,0.000432156427265358,0.0,United Kingdom,GBR,england,,,Linux-6.4.0-150600.23.73_15.0.14-cray_shasta_c_64k-aarch64-with-glibc2.38,3.11.7,3.3.0,72,Neoverse-V2,1,1 x NVIDIA GH200 120GB,-2.5917,51.4535,64,machine,0.0,3.0,25.6,219.52896728515626,N,1.0,0.0
2026-09-27T03:39:14,efficientnet_lite0_batch7_node_3_local_train,e91f87f6-ae91-43b9-8ab8-d75de5ebedd5,5b0fa12a-3dd7-45bb-9766-cc326314d9f1,39.05187280103564,0.0006255164903631688,1.6017579836698135e-05,115.98976148657144,148.42613834449674,6.0,0.001157231345319581,0.0014312875339328457,4.4248169572092595e-05,0.0026327670488245198,0.0,United Kingdom,GBR,england,,,Linux-6.4.0-150600.23.73_15.0.14-cray_shasta_c_64k-aarch64-with-glibc2.38,3.11.7,3.3.0,72,Neoverse-V2,1,1 x NVIDIA GH200 120GB,-2.5917,51.4535,64,machine,4.002857142857143,1.0285714285714285,25.700000000000017,220.2353009905134,N,1.0,0.0
2026-09-27T03:39:37,efficientnet_lite0_batch7_node_3_evaluate,adad03f5-56d0-4e97-b6cd-0ea9c15495f7,5b0fa12a-3dd7-45bb-9766-cc326314d9f1,18.879114921903238,0.0002731919268842431,1.447058975033254e-05,118.61033478807275,144.09946775236767,6.0,0.0005140218809303912,0.0006261543898062882,9.674635173287243e-06,0.0011498509059099668,0.0,United Kingdom,GBR,england,,,Linux-6.4.0-150600.23.73_15.0.14-cray_shasta_c_64k-aarch64-with-glibc2.38,3.11.7,3.3.0,72,Neoverse-V2,1,1 x NVIDIA GH200 120GB,-2.5917,51.4535,64,machine,0.7466666666666666,0.5333333333333333,25.699999999999992,219.7894490559896,N,1.0,0.0
2026-09-27T03:43:45,efficientnet_lite0_batch7_node_4_local_train,3d91e5a4-e279-4b56-9099-ecd384ce95a3,5b0fa12a-3dd7-45bb-9766-cc326314d9f1,8.680711995111778,0.00010561384038417126,1.216649514966558e-05,116.3294760096,80.60377113684203,6.0,0.00018367276754540406,0.0002514849234103167,9.365584045105304e-06,0.0004445232750008261,0.0,United Kingdom,GBR,england,,,Linux-6.4.0-150600.23.73_15.0.14-cray_shasta_c_64k-aarch64-with-glibc2.38,3.11.7,3.3.0,72,Neoverse-V2,1,1 x NVIDIA GH200 120GB,-2.5917,51.4535,64,machine,0.0,1.0,25.7,220.0724609375,N,1.0,0.0
2026-09-27T03:43:58,efficientnet_lite0_batch7_node_4_evaluate,e0130b90-7fe1-4d3f-83fc-3be77f420de8,5b0fa12a-3dd7-45bb-9766-cc326314d9f1,8.880711873993278,0.00010443978690619616,1.1760294488558162e-05,117.2298380544,73.35378988032446,6.0,0.00019321913026041666,0.00023666074488915,9.701868559932338e-06,0.000439581743709499,0.0,United Kingdom,GBR,england,,,Linux-6.4.0-150600.23.73_15.0.14-cray_shasta_c_64k-aarch64-with-glibc2.38,3.11.7,3.3.0,72,Neoverse-V2,1,1 x NVIDIA GH200 120GB,-2.5917,51.4535,64,machine,0.0,2.0,25.7,219.94825439453126,N,1.0,0.0
2026-09-27T03:44:16,efficientnet_lite0_batch7_node_5_local_train,863117a3-ec01-4e4b-a52a-8de762269c1d,5b0fa12a-3dd7-45bb-9766-cc326314d9f1,14.211432114942,0.00020052341288745361,1.4110007440884293e-05,116.70665664137147,151.70706664032463,6.0,0.000362132709346481,0.0004719981553762409,9.861966963314142e-06,0.000843992831686036,0.0,United Kingdom,GBR,england,,,Linux-6.4.0-150600.23.73_15.0.14-cray_shasta_c_64k-aarch64-with-glibc2.38,3.11.7,3.3.0,72,Neoverse-V2,1,1 x NVIDIA GH200 120GB,-2.5917,51.4535,64,machine,16.963636363636365,5.0,25.699999999999992,219.93122447620738,N,1.0,0.0
2026-09-27T03:44:26,efficientnet_lite0_batch7_node_5_evaluate,5ca78d57-8a3c-47e2-baf7-9310124d497e,5b0fa12a-3dd7-45bb-9766-cc326314d9f1,8.928609526949003,0.00010587825486012846,1.1858313944691916e-05,117.23781104640001,74.01028777584422,6.0,0.0001948483442739266,0.00024100658168890732,9.781256100007642e-06,0.00044563618206284154,0.0,United Kingdom,GBR,england,,,Linux-6.4.0-150600.23.73_15.0.14-cray_shasta_c_64k-aarch64-with-glibc2.38,3.11.7,3.3.0,72,Neoverse-V2,1,1 x NVIDIA GH200 120GB,-2.5917,51.4535,64,machine,0.0,1.6,25.7,220.002783203125,N,1.0,0.0
2026-09-27T03:44:47,mobilevit_xxs_batch7_node_0_local_train,66231ebe-2d90-472a-bf05-c762de449a76,5b0fa12a-3dd7-45bb-9766-cc326314d9f1,11.565545920981094,0.00015581158228275183,1.347204735057889e-05,117.2308447872,76.98442075693363,6.0,0.00027867005480312597,0.00036297640147608945,1.4156557676615194e-05,0.0006558030139558306,0.0,United Kingdom,GBR,england,,,Linux-6.4.0-150600.23.73_15.0.14-cray_shasta_c_64k-aarch64-with-glibc2.38,3.11.7,3.3.0,72,Neoverse-V2,1,1 x NVIDIA GH200 120GB,-2.5917,51.4535,64,machine,26.9125,7.375,25.699999999999996,220.05899047851562,N,1.0,0.0
2026-09-27T03:45:38,mobilevit_xxs_batch7_node_0_evaluate,2e55876f-4e89-43f5-a470-458165b6ebd4,5b0fa12a-3dd7-45bb-9766-cc326314d9f1,8.967612980864942,0.00012992781698643895,1.4488562035814706e-05,148.63785347520002,73.12249447210573,6.0,0.0002980509979290557,0.00023899769121271675,9.810875006563341e-06,0.0005468595641483358,0.0,United Kingdom,GBR,england,,,Linux-6.4.0-150600.23.73_15.0.14-cray_shasta_c_64k-aarch64-with-glibc2.38,3.11.7,3.3.0,72,Neoverse-V2,1,1 x NVIDIA GH200 120GB,-2.5917,51.4535,64,machine,14.520000000000001,1.6,25.7,220.17008056640626,N,1.0,0.0
2026-09-27T03:46:42,mobilevit_xxs_batch7_node_1_local_train,ffa24db3-1cbb-4fcf-bb06-1263bd0fd7b0,5b0fa12a-3dd7-45bb-9766-cc326314d9f1,19.697138833114877,0.00029401597857505276,1.4926836890683453e-05,116.61124218130287,148.69053740825245,6.0,0.0005389346051373159,0.0006821763790583191,1.638729466008954e-05,0.0012374982788557246,0.0,United Kingdom,GBR,england,,,Linux-6.4.0-150600.23.73_15.0.14-cray_shasta_c_64k-aarch64-with-glibc2.38,3.11.7,3.3.0,72,Neoverse-V2,1,1 x NVIDIA GH200 120GB,-2.5917,51.4535,64,machine,9.74375,4.875,25.7625,220.54188919067383,N,1.0,0.0
2026-09-27T03:46:52,mobilevit_xxs_batch7_node_1_evaluate,21f2434c-e64b-4d43-8f1d-d081e86e49b3,5b0fa12a-3dd7-45bb-9766-cc326314d9f1,9.09553629392758,0.00010739863192930233,1.1807839412504406e-05,117.14635035154288,72.53689510295365,6.0,0.00019959217049968624,0.00024241213836262432,1.0031062848089882e-05,0.00045203537171040046,0.0,United Kingdom,GBR,england,,,Linux-6.4.0-150600.23.73_15.0.14-cray_shasta_c_64k-aarch64-with-glibc2.38,3.11.7,3.3.0,72,Neoverse-V2,1,1 x NVIDIA GH200 120GB,-2.5917,51.4535,64,machine,0.0,2.0,25.7,220.40737915039062,N,1.0,0.0
2026-09-27T03:47:08,mobilevit_xxs_batch7_node_2_local_train,e3f09b41-a302-4304-8e8e-e96a799f1a18,5b0fa12a-3dd7-45bb-9766-cc326314d9f1,13.20916695217602,0.00017973385543182632,1.3606751741616664e-05,116.61099362084573,147.37208433866448,6.0,0.00032949662854664076,0.00041751950067236976,9.474514000273e-06,0.0007564906432192835,0.0,United Kingdom,GBR,england,,,Linux-6.4.0-150600.23.73_15.0.14-cray_shasta_c_64k-aarch64-with-glibc2.38,3.11.7,3.3.0,72,Neoverse-V2,1,1 x NVIDIA GH200 120GB,-2.5917,51.4535,64,machine,0.0,5.6,25.699999999999996,220.0477294921875,N,1.0,0.0
2026-09-27T03:47:25,mobilevit_xxs_batch7_node_2_evaluate,5cb310bc-f63d-46c0-bada-08a8c2f06195,5b0fa12a-3dd7-45bb-9766-cc326314d9f1,8.924282224150375,0.0001049674552038532,1.1762005343107188e-05,117.05444493120001,73.21667043303246,6.0,0.0001939472189364353,0.00023809435714383653,9.761096618603916e-06,0.00044180267269887575,0.0,United Kingdom,GBR,england,,,Linux-6.4.0-150600.23.73_15.0.14-cray_shasta_c_64k-aarch64-with-glibc2.38,3.11.7,3.3.0,72,Neoverse-V2,1,1 x NVIDIA GH200 120GB,-2.5917,51.4535,64,machine,12.5,2.4,25.7,220.0665283203125,N,1.0,0.0
2026-09-27T03:47:38,mobilevit_xxs_batch7_node_3_local_train,19988378-8672-43be-8f4f-59b84b0b29b4,5b0fa12a-3dd7-45bb-9766-cc326314d9f1,11.487914422061294,0.00015543661767858244,1.3530447039201761e-05,116.49033607679999,77.81008640656755,6.0,0.0002760084929552726,0.000364170291334176,1.4046022745314986e-05,0.0006542248070347636,0.0,United Kingdom,GBR,england,,,Linux-6.4.0-150600.23.73_15.0.14-cray_shasta_c_64k-aarch64-with-glibc2.38,3.11.7,3.3.0,72,Neoverse-V2,1,1 x NVIDIA GH200 120GB,-2.5917,51.4535,64,machine,0.0,10.0,25.699999999999996,220.05306243896484,N,1.0,0.0
2026-09-27T03:48:05,mobilevit_xxs_batch7_node_3_evaluate,dd0b9fc8-daa1-48e4-b8f0-cf8fd963146f,5b0fa12a-3dd7-45bb-9766-cc326314d9f1,9.998294055927545,0.00012376180050848275,1.2378291718186651e-05,117.66124586880001,142.79960387100942,6.0,0.00022995597081430905,0.00028108383597214015,9.867308056758095e-06,0.0005209071148432072,0.0,United Kingdom,GBR,england,,,Linux-6.4.0-150600.23.73_15.0.14-cray_shasta_c_64k-aarch64-with-glibc2.38,3.11.7,3.3.0,72,Neoverse-V2,1,1 x NVIDIA GH200 120GB,-2.5917,51.4535,64,machine,0.0,2.6666666666666665,25.7,220.10687255859375,N,1.0,0.0
2026-09-27T03:48:29,mobilevit_xxs_batch7_node_4_local_train,4863bab8-fcc1-4e6e-b1ea-20fb3941d719,5b0fa12a-3dd7-45bb-9766-cc326314d9f1,18.281651854049414,0.00026847541721481706,1.4685511974419825e-05,117.1421817045943,142.46836395284342,6.0,0.0004938585706783698,0.0006214718860633184,1.46689001932585e-05,0.0011299993569349467,0.0,United Kingdom,GBR,england,,,Linux-6.4.0-150600.23.73_15.0.14-cray_shasta_c_64k-aarch64-with-glibc2.38,3.11.7,3.3.0,72,Neoverse-V2,1,1 x NVIDIA GH200 120GB,-2.5917,51.4535,64,machine,0.7266666666666667,4.133333333333334,25.75333333333333,220.3900594075521,N,1.0,0.0
2026-09-27T03:49:03,mobilevit_xxs_batch7_node_4_evaluate,544462d8-d1e7-498d-9a93-cfa6f060eeca,5b0fa12a-3dd7-45bb-9766-cc326314d9f1,9.966512457001954,0.00012263920740558396,1.2305127589483322e-05,117.58022400960002,141.74147465427353,6.0,0.0002289904223120754,0.000277363555227339,9.828200110156711e-06,0.0005161821776495712,0.0,United Kingdom,GBR,england,,,Linux-6.4.0-150600.23.73_15.0.14-cray_shasta_c_64k-aarch64-with-glibc2.38,3.11.7,3.3.0,72,Neoverse-V2,1,1 x NVIDIA GH200 120GB,-2.5917,51.4535,64,machine,0.0,1.3333333333333333,25.7,220.1922607421875,N,1.0,0.0
2026-09-27T03:49:25,mobilevit_xxs_batch7_node_5_local_train,3bdfa29a-8b0e-4d70-a168-ffa629920b6c,5b0fa12a-3dd7-45bb-9766-cc326314d9f1,13.327292325906456,0.0001879342794993573,1.4101459989291184e-05,116.73447244992002,146.9573877309336,6.0,0.0003362416071661123,0.00043932701811399966,1.5437185171370704e-05,0.0007910058104514826,0.0,United Kingdom,GBR,england,,,Linux-6.4.0-150600.23.73_15.0.14-cray_shasta_c_64k-aarch64-with-glibc2.38,3.11.7,3.3.0,72,Neoverse-V2,1,1 x NVIDIA GH200 120GB,-2.5917,51.4535,64,machine,0.0,6.7,25.699999999999996,220.26229858398438,N,1.0,0.0
2026-09-27T03:50:15,mobilevit_xxs_batch7_node_5_evaluate,0a5ca99b-f32d-479e-8e2d-e40b40a9b47b,5b0fa12a-3dd7-45bb-9766-cc326314d9f1,19.204042264958844,0.00027696270349063457,1.4422104454331564e-05,116.69132064174546,141.97020468893996,6.0,0.0005209326254139649,0.0006348893967924596,9.89989038479204e-06,0.0011657219125912166,0.0,United Kingdom,GBR,england,,,Linux-6.4.0-150600.23.73_15.0.14-cray_shasta_c_64k-aarch64-with-glibc2.38,3.11.7,3.3.0,72,Neoverse-V2,1,1 x NVIDIA GH200 120GB,-2.5917,51.4535,64,machine,8.787500000000001,1.0,31.268749999999997,267.77394104003906,N,1.0,0.0
2026-09-27T03:50:41,mobilevit_xxs_batch7_node_0_exchange,6914a3aa-b603-4390-95e3-981ae3926781,5b0fa12a-3dd7-45bb-9766-cc326314d9f1,10.615098504116759,0.00013579153501381647,1.2792300981583322e-05,115.8711892416,149.84858413858078,6.0,0.00024406435683021178,0.0003182374767902729,9.237821051307644e-06,0.0005715396546717923,0.0,United Kingdom,GBR,england,,,Linux-6.4.0-150600.23.73_15.0.14-cray_shasta_c_64k-aarch64-with-glibc2.38,3.11.7,3.3.0,72,Neoverse-V2,1,1 x NVIDIA GH200 120GB,-2.5917,51.4535,64,machine,0.0,7.0,26.0,222.7121320452009,N,1.0,0.0
2026-09-27T03:54:37,mobilevit_xxs_batch7_node_2_exchange,1868aac5-28fa-4fe7-8bdd-cefe6e4cdf2f,5b0fa12a-3dd7-45bb-9766-cc326314d9f1,71.85575574403629,0.0011867927059067032,1.6516320698571204e-05,115.38027170593246,142.48803091281633,6.0,0.0022025418274893103,0.0026878410391475427,0.00010476718621367277,0.004995150052850525,0.0,United Kingdom,GBR,england,,,Linux-6.4.0-150600.23.73_15.0.14-cray_shasta_c_64k-aarch64-with-glibc2.38,3.11.7,3.3.0,72,Neoverse-V2,1,1 x NVIDIA GH200 120GB,-2.5917,51.4535,64,machine,1.0073529411764708,0.7058823529411765,26.095588235294095,223.23581919950598,N,1.0,0.0
2026-09-27T03:56:44,mobilevit_xxs_batch7_node_3_exchange,e44fe910-1503-4c6f-b827-e0908676ee7d,5b0fa12a-3dd7-45bb-9766-cc326314d9f1,11.593010233016685,0.0001512244402100652,1.304444981678535e-05,115.83735387840001,146.21872216415886,6.0,0.0002752878647431721,0.000352026670526584,9.181431336716438e-06,0.0006364959666064725,0.0,United Kingdom,GBR,england,,,Linux-6.4.0-150600.23.73_15.0.14-cray_shasta_c_64k-aarch64-with-glibc2.38,3.11.7,3.3.0,72,Neoverse-V2,1,1 x NVIDIA GH200 120GB,-2.5917,51.4535,64,machine,0.0,5.75,26.0,222.54690551757812,N,1.0,0.0
2026-09-27T03:57:20,mobilevit_xxs_batch7_node_5_exchange,d81ebf9a-9603-42a5-b7ba-837d036355f8,5b0fa12a-3dd7-45bb-9766-cc326314d9f1,9.240377790061757,0.00011264215036019265,1.2190210499979982e-05,115.79431345920001,76.82829915746349,6.0,0.00020024522204144279,0.0002635585441908006,1.0301307488310462e-05,0.0004741050737205538,0.0,United Kingdom,GBR,england,,,Linux-6.4.0-150600.23.73_15.0.14-cray_shasta_c_64k-aarch64-with-glibc2.38,3.11.7,3.3.0,72,Neoverse-V2,1,1 x NVIDIA GH200 120GB,-2.5917,51.4535,64,machine,0.0,8.5,26.0,222.61031087239584,N,1.0,0.0
2026-09-27T03:57:39,mobilevit_xxs_batch7_node_0_evaluate,c6d85325-a9ec-429d-b43d-ed8e088f2722,5b0fa12a-3dd7-45bb-9766-cc326314d9f1,9.951566221890971,0.00012152665191799187,1.2211811609178005e-05,116.29931895360002,142.1581651925417,6.0,0.00022446854596168032,0.00027722216623260465,9.808776073235396e-06,0.0005114994882675203,0.0,United Kingdom,GBR,england,,,Linux-6.4.0-150600.23.73_15.0.14-cray_shasta_c_64k-aarch64-with-glibc2.38,3.11.7,3.3.0,72,Neoverse-V2,1,1 x NVIDIA GH200 120GB,-2.5917,51.4535,64,machine,2.6333333333333333,2.0,26.016666666666666,222.9781290690104,N,1.0,0.0
2026-09-27T03:58:09,mobilevit_xxs_batch7_node_2_evaluate,43957ce9-420f-411c-a804-c0b8979e4e56,5b0fa12a-3dd7-45bb-9766-cc326314d9f1,18.966644515981898,0.00027305837334015557,1.4396767604837424e-05,116.92204032698184,143.93538482598083,6.0,0.0005128404763449371,0.0006270066127171958,9.441696782984462e-06,0.0011492887858451173,0.0,United Kingdom,GBR,england,,,Linux-6.4.0-150600.23.73_15.0.14-cray_shasta_c_64k-aarch64-with-glibc2.38,3.11.7,3.3.0,72,Neoverse-V2,1,1 x NVIDIA GH200 120GB,-2.5917,51.4535,64,machine,1.2466666666666666,1.0666666666666667,26.013333333333335,223.06643473307292,N,1.0,0.0
2026-09-27T04:01:31,mobilevit_xxs_batch7_node_3_evaluate,9510498f-8b80-4431-99a0-cdb2f20976df,5b0fa12a-3dd7-45bb-9766-cc326314d9f1,165.71352453017607,0.0028488352665498296,1.719132626396503e-05,115.60150853486772,140.7266366840742,6.0,0.005305920027938921,0.006445300989582847,0.00023938152110514543,0.011990602538626913,0.0,United Kingdom,GBR,england,,,Linux-6.4.0-150600.23.73_15.0.14-cray_shasta_c_64k-aarch64-with-glibc2.38,3.11.7,3.3.0,72,Neoverse-V2,1,1 x NVIDIA GH200 120GB,-2.5917,51.4535,64,machine,0.9278787878787879,0.08484848484848485,26.0381818181818,222.96515891335227,N,1.0,0.0
2026-09-27T04:01:53,mobilevit_xxs_batch7_node_5_evaluate,ebe5cb1c-cbd4-4ff9-b47e-8d7fb225a313,5b0fa12a-3dd7-45bb-9766-cc326314d9f1,12.600428306963295,0.00016575826139662685,1.3154970399301816e-05,116.39277604388573,142.2694356179221,6.0,0.0003095495674712931,0.0003783450248988629,9.773487366813545e-06,0.0006976680797369696,0.0,United Kingdom,GBR,england,,,Linux-6.4.0-150600.23.73_15.0.14-cray_shasta_c_64k-aarch64-with-glibc2.38,3.11.7,3.3.0,72,Neoverse-V2,1,1 x NVIDIA GH200 120GB,-2.5917,51.4535,64,machine,0.0,1.6666666666666667,26.0,223.07438151041666,N,1.0,0.0
2026-09-27T04:03:11,mobilenet_v3_small_batch8_node_0_local_train,98ebf195-5fd6-4279-ad8c-76bcdb709a75,5b0fa12a-3dd7-45bb-9766-cc326314d9f1,11.041233800118789,0.0001411876443799182,1.278730682964065e-05,115.81592510160002,73.70642589030011,6.0,0.00025760566914096155,0.0003233894253753533,1.3256509640098858e-05,0.0005942516041564138,0.0,United Kingdom,GBR,england,,,Linux-6.4.0-150600.23.73_15.0.14-cray_shasta_c_64k-aarch64-with-glibc2.38,3.11.7,3.3.0,72,Neoverse-V2,1,1 x NVIDIA GH200 120GB,-2.5917,51.4535,64,machine,2.585714285714286,4.142857142857143,25.599999999999998,219.65960693359375,N,1.0,0.0
2026-09-27T04:04:31,mobilenet_v3_small_batch8_node_0_evaluate,7241b1e3-716c-4c1d-8151-0014595405cf,5b0fa12a-3dd7-45bb-9766-cc326314d9f1,12.807434038026258,0.00016971440332716998,1.325124164788004e-05,115.97932535040002,142.29394746475805,6.0,0.00031579224688607676,0.0003845594742983849,1.3967558441994092e-05,0.0007143192796264557,0.0,United Kingdom,GBR,england,,,Linux-6.4.0-150600.23.73_15.0.14-cray_shasta_c_64k-aarch64-with-glibc2.38,3.11.7,3.3.0,72,Neoverse-V2,1,1 x NVIDIA GH200 120GB,-2.5917,51.4535,64,machine,8.288888888888888,0.3333333333333333,25.699999999999996,219.7939249674479,N,1.0,0.0
2026-09-27T04:05:43,mobilenet_v3_small_batch8_node_1_local_train,71f0223b-5e74-45b9-ac08-d58bfff6937f,5b0fa12a-3dd7-45bb-9766-cc326314d9f1,14.190771490102634,0.00019608972668005243,1.381811600706948e-05,116.08897055825454,141.5597463074957,6.0,0.00036156456911804895,0.00044689146864129725,1.6875634498428553e-05,0.0008253316722577747,0.0,United Kingdom,GBR,england,,,Linux-6.4.0-150600.23.73_15.0.14-cray_shasta_c_64k-aarch64-with-glibc2.38,3.11.7,3.3.0,72,Neoverse-V2,1,1 x NVIDIA GH200 120GB,-2.5917,51.4535,64,machine,3.6,2.0,25.699999999999992,219.94096235795453,N,1.0,0.0
2026-09-27T04:05:55,mobilenet_v3_small_batch8_node_1_evaluate,b8f8a60f-ca86-4916-a32a-6a2708842a2f,5b0fa12a-3dd7-45bb-9766-cc326314d9f1,10.41966445907019,0.00012763752846597898,1.2249677421701624e-05,116.50206668708573,136.6908018178322,6.0,0.00024025752001340204,0.0002869838407093539,9.97849569306709e-06,0.000537219856415823,0.0,United Kingdom,GBR,england,,,Linux-6.4.0-150600.23.73_15.0.14-cray_shasta_c_64k-aarch64-with-glibc2.38,3.11.7,3.3.0,72,Neoverse-V2,1,1 x NVIDIA GH200 120GB,-2.5917,51.4535,64,machine,2.2285714285714286,0.42857142857142855,25.699999999999996,219.972412109375,N,1.0,0.0
2026-09-27T04:06:10,mobilenet_v3_small_batch8_node_2_local_train,1d1b9ab7-b06d-4f7e-8cd5-4356d034d258,5b0fa12a-3dd7-45bb-9766-cc326314d9f1,8.388044307008386,9.493873304753685e-05,1.1318339480898254e-05,115.87226284800002,811.2652425267681,6.0,0.00017280943430046766,0.00021791100766677118,8.871849963519101e-06,0.00039959229193075793,0.0,United Kingdom,GBR,england,,,Linux-6.4.0-150600.23.73_15.0.14-cray_shasta_c_64k-aarch64-with-glibc2.38,3.11.7,3.3.0,72,Neoverse-V2,1,1 x NVIDIA GH200 120GB,-2.5917,51.4535,64,machine,0.0,2.0,25.7,219.92432861328126,N,1.0,0.0
2026-09-27T04:06:30,mobilenet_v3_small_batch8_node_2_evaluate,6ac7aeb4-3975-4b22-8205-d613d49276d0,5b0fa12a-3dd7-45bb-9766-cc326314d9f1,8.771551901008934,9.989256961641394e-05,1.1388243579214753e-05,116.22036663360001,70.85354971979181,6.0,0.0001863411388423552,0.0002245871241086661,9.514474786895638e-06,0.0004204427377379169,0.0,United Kingdom,GBR,england,,,Linux-6.4.0-150600.23.73_15.0.14-cray_shasta_c_64k-aarch64-with-glibc2.38,3.11.7,3.3.0,72,Neoverse-V2,1,1 x NVIDIA GH200 120GB,-2.5917,51.4535,64,machine,0.0,0.4,25.7,219.8293212890625,N,1.0,0.0
2026-09-27T04:06:47,mobilenet_v3_small_batch8_node_3_local_train,228ceb10-7c59-4268-b0ed-e24c93475601,5b0fa12a-3dd7-45bb-9766-cc326314d9f1,11.46366848400794,0.00014789567956428423,1.2901252314702037e-05,116.02898730720003,140.47769465682023,6.0,0.000272455447929624,0.0003377405479909612,1.2289386669872328e-05,0.0006224853825904576,0.0,United Kingdom,GBR,england,,,Linux-6.4.0-150600.23.73_15.0.14-cray_shasta_c_64k-aarch64-with-glibc2.38,3.11.7,3.3.0,72,Neoverse-V2,1,1 x NVIDIA GH200 120GB,-2.5917,51.4535,64,machine,0.0,2.25,25.699999999999996,219.8638916015625,N,1.0,0.0
2026-09-27T04:06:58,mobilenet_v3_small_batch8_node_3_evaluate,48a2c0a0-2ba0-47b7-a678-527c2bb37322,5b0fa12a-3dd7-45bb-9766-cc326314d9f1,8.885506990132853,0.00010184089763507932,1.1461461653023427e-05,116.3040869376,70.91284688514278,6.0,0.0001902969633627184,0.00022864462735583402,9.701560416724534e-06,0.00042864315113527696,0.0,United Kingdom,GBR,england,,,Linux-6.4.0-150600.23.73_15.0.14-cray_shasta_c_64k-aarch64-with-glibc2.38,3.11.7,3.3.0,72,Neoverse-V2,1,1 x NVIDIA GH200 120GB,-2.5917,51.4535,64,machine,0.0,0.6,25.7,219.859423828125,N,1.0,0.0
2026-09-27T04:07:23,mobilenet_v3_small_batch8_node_4_local_train,766c7958-8696-4eb1-ae54-d89d398cb262,5b0fa12a-3dd7-45bb-9766-cc326314d9f1,15.77657888783142,0.00022004216627830514,1.3947394288886365e-05,116.06819484960002,142.59293798685286,6.0,0.00041045779778588036,0.0005038906809033961,1.1797791880089788e-05,0.0009261462705693662,0.0,United Kingdom,GBR,england,,,Linux-6.4.0-150600.23.73_15.0.14-cray_shasta_c_64k-aarch64-with-glibc2.38,3.11.7,3.3.0,72,Neoverse-V2,1,1 x NVIDIA GH200 120GB,-2.5917,51.4535,64,machine,0.9249999999999999,1.4166666666666667,25.699999999999992,219.96032206217447,N,1.0,0.0
2026-09-27T04:07:57,mobilenet_v3_small_batch8_node_4_evaluate,4a0b045f-d5ac-4d91-b138-91ce0e84aaca,5b0fa12a-3dd7-45bb-9766-cc326314d9f1,9.814478226006031,0.00011730350725612037,1.1952087982150084e-05,116.4650848704,139.34098077657848,6.0,0.0002205688679674119,0.00026356743308042496,9.588186433150742e-06,0.0004937244874809876,0.0,United Kingdom,GBR,england,,,Linux-6.4.0-150600.23.73_15.0.14-cray_shasta_c_64k-aarch64-with-glibc2.38,3.11.7,3.3.0,72,Neoverse-V2,1,1 x NVIDIA GH200 120GB,-2.5917,51.4535,64,machine,0.9833333333333334,0.3333333333333333,25.7,220.0322469075521,N,1.0,0.0
