timestamp,project_name,run_id,experiment_id,duration,emissions,emissions_rate,cpu_power,gpu_power,ram_power,cpu_energy,gpu_energy,ram_energy,energy_consumed,water_consumed,country_name,country_iso_code,region,cloud_provider,cloud_region,os,python_version,codecarbon_version,cpu_count,cpu_model,gpu_count,gpu_model,longitude,latitude,ram_total_size,tracking_mode,cpu_utilization_percent,gpu_utilization_percent,ram_utilization_percent,ram_used_gb,on_cloud,pue,wue
2026-09-26T20:12:04,mobilenet_v3_small_batch0_node_0_local_train,5b93a91c-a73c-462f-9a5f-e75bef6cc635,5b0fa12a-3dd7-45bb-9766-cc326314d9f1,92.41718823206611,0.0016233708633899364,1.756568117300363e-05,119.98259160418286,165.10829539280948,6.0,0.002995184821754131,0.0036887476732090363,0.000148752786720482,0.006832685281683649,0.0,United Kingdom,GBR,england,,,Linux-6.4.0-150600.23.73_15.0.14-cray_shasta_c_64k-aarch64-with-glibc2.38,3.11.7,3.3.0,72,Neoverse-V2,1,1 x NVIDIA GH200 120GB,-2.5917,51.4535,64,machine,5.56067415730337,3.0112359550561796,27.511235955056165,235.68723048520891,N,1.0,0.0
2026-09-26T20:13:05,mobilenet_v3_small_batch0_node_0_evaluate,d8b566c2-4ab8-40fd-90e2-710fe80efcdd,5b0fa12a-3dd7-45bb-9766-cc326314d9f1,14.554390494013205,0.00020459467842529638,1.40572481210707e-05,118.21424163840001,72.5293996602221,6.0,0.000380131668983296,0.00046188675838720883,1.9110153604609272e-05,0.0008611285809751141,0.0,United Kingdom,GBR,england,,,Linux-6.4.0-150600.23.73_15.0.14-cray_shasta_c_64k-aarch64-with-glibc2.38,3.11.7,3.3.0,72,Neoverse-V2,1,1 x NVIDIA GH200 120GB,-2.5917,51.4535,64,machine,0.6090909090909091,0.2727272727272727,27.663636363636364,237.05588600852272,N,1.0,0.0
2026-09-26T20:15:30,mobilenet_v3_small_batch0_node_1_local_train,2869dfa1-fd50-4578-9b96-0fa94e51f890,5b0fa12a-3dd7-45bb-9766-cc326314d9f1,136.98802565806545,0.0025335977397811333,1.8495030697830652e-05,124.86902306295273,265.7713549461046,6.0,0.0047819033144945585,0.005653782578590949,0.00022809795120498166,0.01066378384429049,0.0,United Kingdom,GBR,england,,,Linux-6.4.0-150600.23.73_15.0.14-cray_shasta_c_64k-aarch64-with-glibc2.38,3.11.7,3.3.0,72,Neoverse-V2,1,1 x NVIDIA GH200 120GB,-2.5917,51.4535,64,machine,6.4558823529411775,2.7279411764705883,27.599999999999937,236.6453628540039,N,1.0,0.0
2026-09-26T20:15:50,mobilenet_v3_small_batch0_node_1_evaluate,35841b07-c442-4035-8bee-53dcafd38b80,5b0fa12a-3dd7-45bb-9766-cc326314d9f1,17.210388321895152,0.0002580880663491055,1.4996062931407794e-05,124.82128351976728,144.36279734363603,6.0,0.0004999893037778147,0.0005703929563054544,1.589726611156948e-05,0.0010862795261948385,0.0,United Kingdom,GBR,england,,,Linux-6.4.0-150600.23.73_15.0.14-cray_shasta_c_64k-aarch64-with-glibc2.38,3.11.7,3.3.0,72,Neoverse-V2,1,1 x NVIDIA GH200 120GB,-2.5917,51.4535,64,machine,13.849999999999998,0.5714285714285714,27.600000000000005,236.4348624093192,N,1.0,0.0
2026-09-26T20:17:20,mobilenet_v3_small_batch0_node_2_local_train,16fcefd9-ab5c-47f2-ae77-e4b05b2b3665,5b0fa12a-3dd7-45bb-9766-cc326314d9f1,86.23185847396962,0.0015257077161870208,1.7693086327805152e-05,123.72932854964571,148.09415454229185,6.0,0.0028611870517041282,0.003429264687852651,0.0001311743297773258,0.006421626069334106,0.0,United Kingdom,GBR,england,,,Linux-6.4.0-150600.23.73_15.0.14-cray_shasta_c_64k-aarch64-with-glibc2.38,3.11.7,3.3.0,72,Neoverse-V2,1,1 x NVIDIA GH200 120GB,-2.5917,51.4535,64,machine,5.5602409638554215,2.6626506024096384,27.59999999999996,236.31090499694088,N,1.0,0.0
2026-09-26T20:17:34,mobilenet_v3_small_batch0_node_2_evaluate,abca8f4d-0be2-4e6e-a730-6f4c5f18927b,5b0fa12a-3dd7-45bb-9766-cc326314d9f1,12.337540794163942,0.00017185238635035655,1.392922537947338e-05,125.9476475328,145.19779753451417,6.0,0.00033529807013074614,0.0003748583554425977,1.3161515704899406e-05,0.0007233179412782433,0.0,United Kingdom,GBR,england,,,Linux-6.4.0-150600.23.73_15.0.14-cray_shasta_c_64k-aarch64-with-glibc2.38,3.11.7,3.3.0,72,Neoverse-V2,1,1 x NVIDIA GH200 120GB,-2.5917,51.4535,64,machine,0.7,0.3333333333333333,27.599999999999998,236.22880045572916,N,1.0,0.0
2026-09-26T20:26:17,mobilenet_v3_small_batch0_node_3_local_train,bf469af3-e49f-40be-926f-96132b88b448,5b0fa12a-3dd7-45bb-9766-cc326314d9f1,81.27310304902494,0.0014030861901107902,1.726384421749507e-05,116.72924901942856,128.1293674239178,6.0,0.002541264786962121,0.0032339536982703976,0.0001302998262667097,0.0059055183114992285,0.0,United Kingdom,GBR,england,,,Linux-6.4.0-150600.23.73_15.0.14-cray_shasta_c_64k-aarch64-with-glibc2.38,3.11.7,3.3.0,72,Neoverse-V2,1,1 x NVIDIA GH200 120GB,-2.5917,51.4535,64,machine,4.27051282051282,3.051282051282051,27.599999999999962,236.30141038161057,N,1.0,0.0
2026-09-26T20:26:28,mobilenet_v3_small_batch0_node_3_evaluate,cfdfebdb-061a-4a50-af4f-09ecfaee69e4,5b0fa12a-3dd7-45bb-9766-cc326314d9f1,10.461955786915496,0.00013158610844532162,1.2577582158193886e-05,116.4601627488,72.86979824013322,6.0,0.00024235098902279054,0.0002991632948834422,1.2324944531622655e-05,0.0005538392284378554,0.0,United Kingdom,GBR,england,,,Linux-6.4.0-150600.23.73_15.0.14-cray_shasta_c_64k-aarch64-with-glibc2.38,3.11.7,3.3.0,72,Neoverse-V2,1,1 x NVIDIA GH200 120GB,-2.5917,51.4535,64,machine,0.0,0.5714285714285714,27.599999999999998,236.31253487723214,N,1.0,0.0
2026-09-26T20:32:05,mobilenet_v3_small_batch0_node_4_local_train,60ba377b-f61f-4a55-a294-95fa17bb969f,5b0fa12a-3dd7-45bb-9766-cc326314d9f1,300.47659729607403,0.005279626376927738,1.7570840539456284e-05,117.40256737890445,135.9474107303779,6.0,0.009709478474501055,0.012081006609236056,0.00043119343222002503,0.02222167851595713,0.0,United Kingdom,GBR,england,,,Linux-6.4.0-150600.23.73_15.0.14-cray_shasta_c_64k-aarch64-with-glibc2.38,3.11.7,3.3.0,72,Neoverse-V2,1,1 x NVIDIA GH200 120GB,-2.5917,51.4535,64,machine,2.440666666666667,0.85,27.60000000000015,236.25374918619792,N,1.0,0.0
2026-09-26T20:32:19,mobilenet_v3_small_batch0_node_4_evaluate,9f27984c-758c-4ea8-b636-302006172e86,5b0fa12a-3dd7-45bb-9766-cc326314d9f1,12.40478544915095,0.00016535687210012415,1.3330087229476595e-05,118.8761218848,139.80161839362273,6.0,0.0003077067280958375,0.00037463807747428746,1.3633847061622267e-05,0.0006959786526317471,0.0,United Kingdom,GBR,england,,,Linux-6.4.0-150600.23.73_15.0.14-cray_shasta_c_64k-aarch64-with-glibc2.38,3.11.7,3.3.0,72,Neoverse-V2,1,1 x NVIDIA GH200 120GB,-2.5917,51.4535,64,machine,15.955555555555556,0.6666666666666666,27.599999999999998,236.19049072265625,N,1.0,0.0
2026-09-26T20:34:04,mobilenet_v3_small_batch0_node_5_local_train,ca1d7a9c-243c-4ef2-ac96-5aa7533d16c5,5b0fa12a-3dd7-45bb-9766-cc326314d9f1,99.95357006113045,0.0017982048605483304,1.7990401537919748e-05,124.83155827944,130.15761728541796,6.0,0.0034061703805070595,0.0040009643118850136,0.000161417978599978,0.007568552670992051,0.0,United Kingdom,GBR,england,,,Linux-6.4.0-150600.23.73_15.0.14-cray_shasta_c_64k-aarch64-with-glibc2.38,3.11.7,3.3.0,72,Neoverse-V2,1,1 x NVIDIA GH200 120GB,-2.5917,51.4535,64,machine,6.742708333333333,2.78125,27.551041666666663,235.9930305480957,N,1.0,0.0
2026-09-26T20:34:30,mobilenet_v3_small_batch0_node_5_evaluate,a259f0aa-180d-4f15-89a5-9035f33a51ad,5b0fa12a-3dd7-45bb-9766-cc326314d9f1,21.484017794020474,0.00032111012296396555,1.4946465137137352e-05,117.46137854749092,144.52713326816865,6.0,0.0006009637437049244,0.0007365736448150528,1.3998764096371208e-05,0.0013515361526163483,0.0,United Kingdom,GBR,england,,,Linux-6.4.0-150600.23.73_15.0.14-cray_shasta_c_64k-aarch64-with-glibc2.38,3.11.7,3.3.0,72,Neoverse-V2,1,1 x NVIDIA GH200 120GB,-2.5917,51.4535,64,machine,10.594444444444443,0.2777777777777778,27.5,235.83769056532117,N,1.0,0.0
2026-09-26T20:34:56,mobilenet_v3_small_batch0_node_0_upload,27ff8f67-03fb-4f19-bfd0-b8f8069a746d,5b0fa12a-3dd7-45bb-9766-cc326314d9f1,24.087056535994634,0.0003654627109948825,1.517257662632008e-05,116.57127789571763,142.91899229612847,6.0,0.0006790780083755041,0.0008341245561780397,2.5011372097069396e-05,0.001538213936650613,0.0,United Kingdom,GBR,england,,,Linux-6.4.0-150600.23.73_15.0.14-cray_shasta_c_64k-aarch64-with-glibc2.38,3.11.7,3.3.0,72,Neoverse-V2,1,1 x NVIDIA GH200 120GB,-2.5917,51.4535,64,machine,9.723809523809523,0.0,27.5,235.82398042224702,N,1.0,0.0
2026-09-26T20:35:29,mobilenet_v3_small_batch0_node_1_upload,e97798de-0437-4f35-a1a3-10d3d28e0d76,5b0fa12a-3dd7-45bb-9766-cc326314d9f1,9.079447323922068,0.00010320935382825136,1.1367360825622126e-05,117.31710442422859,142.6112149205813,6.0,0.000196118640985059,0.00023827852395186255,5.7486165314912805e-09,0.00043440291355345307,0.0,United Kingdom,GBR,england,,,Linux-6.4.0-150600.23.73_15.0.14-cray_shasta_c_64k-aarch64-with-glibc2.38,3.11.7,3.3.0,72,Neoverse-V2,1,1 x NVIDIA GH200 120GB,-2.5917,51.4535,64,machine,0.0,0.0,27.5,235.92584228515625,N,1.0,0.0
2026-09-26T20:35:40,mobilenet_v3_small_batch0_node_2_upload,df02e191-b6c2-44f2-8da8-f9e003fc5e0f,5b0fa12a-3dd7-45bb-9766-cc326314d9f1,4.075932729057968,1.7321200797793404e-05,4.2496287228461424e-06,117.2988766656,141.40924277087265,6.0,3.3173343797539336e-05,3.972530954854392e-05,5.398599896579981e-09,7.290405194597984e-05,0.0,United Kingdom,GBR,england,,,Linux-6.4.0-150600.23.73_15.0.14-cray_shasta_c_64k-aarch64-with-glibc2.38,3.11.7,3.3.0,72,Neoverse-V2,1,1 x NVIDIA GH200 120GB,-2.5917,51.4535,64,machine,0.0,0.0,27.5,235.87554931640625,N,1.0,0.0
2026-09-26T20:51:09,mobilenet_v3_small_batch0_node_3_upload,4a03cb5c-77ee-4c1b-b5e2-d25883a6676f,5b0fa12a-3dd7-45bb-9766-cc326314d9f1,904.0770078839269,0.01618773198978416,1.790525790239152e-05,115.20353987997377,142.56568624839846,6.0,0.028942566859116652,0.035870207307254987,0.0033205652970890506,0.06813333946346069,0.0,United Kingdom,GBR,england,,,Linux-6.4.0-150600.23.73_15.0.14-cray_shasta_c_64k-aarch64-with-glibc2.38,3.11.7,3.3.0,72,Neoverse-V2,1,1 x NVIDIA GH200 120GB,-2.5917,51.4535,64,machine,0.6580287929125143,0.0,27.5,235.6125497744065,N,1.0,0.0
2026-09-26T20:51:19,mobilenet_v3_small_batch0_node_4_upload,4e85b05b-0c16-4054-b197-9aba152f5f96,5b0fa12a-3dd7-45bb-9766-cc326314d9f1,3.076064008055255,1.2405824365092184e-07,4.033018926981099e-08,115.20006635520001,0.0,6.0,5.168793719978405e-07,0.0,5.275456933304667e-09,5.221548289311451e-07,0.0,United Kingdom,GBR,england,,,Linux-6.4.0-150600.23.73_15.0.14-cray_shasta_c_64k-aarch64-with-glibc2.38,3.11.7,3.3.0,72,Neoverse-V2,1,1 x NVIDIA GH200 120GB,-2.5917,51.4535,64,machine,0,0,0,0,N,1.0,0.0
2026-09-26T21:03:11,mobilenet_v3_small_batch0_node_5_upload,111869f0-2feb-42fd-a95d-7339d36bcfd3,5b0fa12a-3dd7-45bb-9766-cc326314d9f1,518.0556497510988,0.009028485327233427,1.742763606877212e-05,115.20005367210729,138.52150073327707,6.0,0.016576850082961118,0.02052139669488895,0.0009021881212127237,0.03800043489906279,0.0,United Kingdom,GBR,england,,,Linux-6.4.0-150600.23.73_15.0.14-cray_shasta_c_64k-aarch64-with-glibc2.38,3.11.7,3.3.0,72,Neoverse-V2,1,1 x NVIDIA GH200 120GB,-2.5917,51.4535,64,machine,0.5688588007736941,0.0,27.5,235.41379581060355,N,1.0,0.0
2026-09-26T21:03:29,mobilenet_v3_small_batch0_node_0_exchange,cb16ecb2-3657-4a3e-b729-c0426050b1af,5b0fa12a-3dd7-45bb-9766-cc326314d9f1,10.794663009000942,0.00013142129867366563,1.2174655064644656e-05,115.52976221039998,71.44963381426987,6.0,0.00024788773933588854,0.0003051655219223903,9.229124484894178e-08,0.0005531455525031278,0.0,United Kingdom,GBR,england,,,Linux-6.4.0-150600.23.73_15.0.14-cray_shasta_c_64k-aarch64-with-glibc2.38,3.11.7,3.3.0,72,Neoverse-V2,1,1 x NVIDIA GH200 120GB,-2.5917,51.4535,64,machine,0.0,0.0,27.5,235.3664812360491,N,1.0,0.0
2026-09-26T21:03:43,mobilenet_v3_small_batch0_node_1_exchange,f048a843-2ac9-49b8-941f-a96a9fdf3aeb,5b0fa12a-3dd7-45bb-9766-cc326314d9f1,3.115467138122767,5.510275542210735e-07,1.7686835706862776e-07,116.47549157760002,0.0,6.0,2.2281704537231904e-06,0.0,9.10764567864438e-08,2.319246910509634e-06,0.0,United Kingdom,GBR,england,,,Linux-6.4.0-150600.23.73_15.0.14-cray_shasta_c_64k-aarch64-with-glibc2.38,3.11.7,3.3.0,72,Neoverse-V2,1,1 x NVIDIA GH200 120GB,-2.5917,51.4535,64,machine,0,0,0,0,N,1.0,0.0
2026-09-26T21:04:20,mobilenet_v3_small_batch0_node_2_exchange,6c3b5671-3c09-46ca-a535-68ecae875eb0,5b0fa12a-3dd7-45bb-9766-cc326314d9f1,11.267456828150898,0.00013968805900876089,1.2397478964353403e-05,116.8467320448,204.25703763511632,6.0,0.00026280901472700496,0.0003250344266945149,9.648428531363607e-08,0.0005879399257068336,0.0,United Kingdom,GBR,england,,,Linux-6.4.0-150600.23.73_15.0.14-cray_shasta_c_64k-aarch64-with-glibc2.38,3.11.7,3.3.0,72,Neoverse-V2,1,1 x NVIDIA GH200 120GB,-2.5917,51.4535,64,machine,0.0,0.0,27.5,235.36485290527344,N,1.0,0.0
2026-09-26T21:06:36,mobilenet_v3_small_batch0_node_3_exchange,65ab650a-19d5-4878-9c93-385228f78811,5b0fa12a-3dd7-45bb-9766-cc326314d9f1,98.05871638515964,0.0016351310378435748,1.667501980569509e-05,115.47705179042529,176.98514042196706,6.0,0.0030448842215832646,0.003763348566238278,7.395046916247036e-05,0.006882183256984014,0.0,United Kingdom,GBR,england,,,Linux-6.4.0-150600.23.73_15.0.14-cray_shasta_c_64k-aarch64-with-glibc2.38,3.11.7,3.3.0,72,Neoverse-V2,1,1 x NVIDIA GH200 120GB,-2.5917,51.4535,64,machine,0.4095744680851064,0.0,27.5,235.40522733647774,N,1.0,0.0
2026-09-26T21:06:53,mobilenet_v3_small_batch0_node_4_exchange,b0165f63-c402-43f4-bb20-613c5edafbfb,5b0fa12a-3dd7-45bb-9766-cc326314d9f1,6.121548084076494,5.2588071780899914e-05,8.590649139503317e-06,116.0303093568,211.55428962330762,6.0,9.83752905166883e-05,0.00012287509829889132,9.012686864783366e-08,0.00022134051568422746,0.0,United Kingdom,GBR,england,,,Linux-6.4.0-150600.23.73_15.0.14-cray_shasta_c_64k-aarch64-with-glibc2.38,3.11.7,3.3.0,72,Neoverse-V2,1,1 x NVIDIA GH200 120GB,-2.5917,51.4535,64,machine,0.0,0.0,27.5,235.38043212890625,N,1.0,0.0
2026-09-26T21:07:05,mobilenet_v3_small_batch0_node_5_exchange,80b4a884-483c-41df-91e0-17b38890c0c5,5b0fa12a-3dd7-45bb-9766-cc326314d9f1,3.1241124880034477,1.2013597244073916e-07,3.845443238745716e-08,115.20006635520001,0.0,6.0,4.965987458209291e-07,0.0,9.04744335760673e-09,5.056461891785358e-07,0.0,United Kingdom,GBR,england,,,Linux-6.4.0-150600.23.73_15.0.14-cray_shasta_c_64k-aarch64-with-glibc2.38,3.11.7,3.3.0,72,Neoverse-V2,1,1 x NVIDIA GH200 120GB,-2.5917,51.4535,64,machine,0,0,0,0,N,1.0,0.0
2026-09-26T21:14:13,mobilenet_v3_small_batch0_node_0_evaluate,13ffacdf-5dfc-49a0-ac61-4ee2b5711b00,5b0fa12a-3dd7-45bb-9766-cc326314d9f1,305.53758126706816,0.005336055430209648,1.7464481482379222e-05,116.27331187681473,142.98714978684606,6.0,0.009861889198003744,0.012113117468274481,0.0004841788608701124,0.02245918552714835,0.0,United Kingdom,GBR,england,,,Linux-6.4.0-150600.23.73_15.0.14-cray_shasta_c_64k-aarch64-with-glibc2.38,3.11.7,3.3.0,72,Neoverse-V2,1,1 x NVIDIA GH200 120GB,-2.5917,51.4535,64,machine,2.782622950819672,0.013114754098360656,27.621967213114804,236.40557321016905,N,1.0,0.0
2026-09-26T21:14:30,mobilenet_v3_small_batch0_node_1_evaluate,0a36d095-fcef-41cb-a431-c8291439c1c6,5b0fa12a-3dd7-45bb-9766-cc326314d9f1,15.715471185045317,0.00022297201205577906,1.4188057706342077e-05,116.70011979264001,145.79891835805896,6.0,0.00041259276816635673,0.0005098279078623591,1.605716619368953e-05,0.0009384778422224054,0.0,United Kingdom,GBR,england,,,Linux-6.4.0-150600.23.73_15.0.14-cray_shasta_c_64k-aarch64-with-glibc2.38,3.11.7,3.3.0,72,Neoverse-V2,1,1 x NVIDIA GH200 120GB,-2.5917,51.4535,64,machine,17.033333333333335,0.5,27.800000000000008,237.84794108072916,N,1.0,0.0
2026-09-26T21:22:38,mobilenet_v3_small_batch0_node_2_evaluate,5d20001f-2540-456d-b0ff-4d52f57b8b8b,5b0fa12a-3dd7-45bb-9766-cc326314d9f1,12.209143984830007,0.0001620045341003651,1.326911487829593e-05,116.57149966080001,149.23414320287247,6.0,0.0002986143947741501,0.0003700216849011895,1.3232753058352196e-05,0.0006818688327336919,0.0,United Kingdom,GBR,england,,,Linux-6.4.0-150600.23.73_15.0.14-cray_shasta_c_64k-aarch64-with-glibc2.38,3.11.7,3.3.0,72,Neoverse-V2,1,1 x NVIDIA GH200 120GB,-2.5917,51.4535,64,machine,8.588888888888889,0.6666666666666666,27.800000000000004,237.87164306640625,N,1.0,0.0
2026-09-26T21:22:53,mobilenet_v3_small_batch0_node_3_evaluate,70acbdb3-3759-4690-be90-7dc069fe8feb,5b0fa12a-3dd7-45bb-9766-cc326314d9f1,10.60808842512779,0.0001343589778153046,1.2665710581469445e-05,116.32455578880001,769.9718351064447,6.0,0.0002465666257823745,0.0003063849673310415,1.2558501273548851e-05,0.0005655100943869648,0.0,United Kingdom,GBR,england,,,Linux-6.4.0-150600.23.73_15.0.14-cray_shasta_c_64k-aarch64-with-glibc2.38,3.11.7,3.3.0,72,Neoverse-V2,1,1 x NVIDIA GH200 120GB,-2.5917,51.4535,64,machine,0.0,0.5714285714285714,27.800000000000004,237.84660121372767,N,1.0,0.0
2026-09-26T21:23:06,mobilenet_v3_small_batch0_node_4_evaluate,da1a868f-9d4b-4239-9729-0659f0abf6cc,5b0fa12a-3dd7-45bb-9766-cc326314d9f1,12.32514162804,0.00016425614269548146,1.3326917260065774e-05,116.64015356160002,143.58791491179915,6.0,0.0003031660343716751,0.000374426410658657,1.3753293600166218e-05,0.0006913457386304983,0.0,United Kingdom,GBR,england,,,Linux-6.4.0-150600.23.73_15.0.14-cray_shasta_c_64k-aarch64-with-glibc2.38,3.11.7,3.3.0,72,Neoverse-V2,1,1 x NVIDIA GH200 120GB,-2.5917,51.4535,64,machine,26.544444444444444,0.5555555555555556,27.800000000000004,237.8377888997396,N,1.0,0.0
2026-09-26T21:23:29,mobilenet_v3_small_batch0_node_5_evaluate,83392519-f5d5-4349-ab99-9bd33393a812,5b0fa12a-3dd7-45bb-9766-cc326314d9f1,11.530552768846974,0.0001497108810416398,1.298384249592316e-05,116.46469134720002,72.06022718706281,6.0,0.00027727707447065895,0.0003387391599005696,1.4109238784682624e-05,0.0006301254731559112,0.0,United Kingdom,GBR,england,,,Linux-6.4.0-150600.23.73_15.0.14-cray_shasta_c_64k-aarch64-with-glibc2.38,3.11.7,3.3.0,72,Neoverse-V2,1,1 x NVIDIA GH200 120GB,-2.5917,51.4535,64,machine,8.175,0.75,27.800000000000004,237.82077026367188,N,1.0,0.0
2026-09-26T21:27:09,efficientnet_lite0_batch0_node_0_local_train,78d1f197-6df7-4b65-b275-50de14219775,5b0fa12a-3dd7-45bb-9766-cc326314d9f1,99.97075842693448,0.0018825272029044215,1.883077844488198e-05,122.61648465514287,162.2456520301526,6.0,0.003336405423358648,0.004428941598717984,0.00015811409314512277,0.007923461115221755,0.0,United Kingdom,GBR,england,,,Linux-6.4.0-150600.23.73_15.0.14-cray_shasta_c_64k-aarch64-with-glibc2.38,3.11.7,3.3.0,72,Neoverse-V2,1,1 x NVIDIA GH200 120GB,-2.5917,51.4535,64,machine,8.785416666666668,8.208333333333334,28.093749999999954,240.51632118225098,N,1.0,0.0
2026-09-26T21:27:27,efficientnet_lite0_batch0_node_0_evaluate,0739d4da-2228-4682-a0f6-05b142a578ca,5b0fa12a-3dd7-45bb-9766-cc326314d9f1,11.75205476093106,0.00015613919222104883,1.3286118504154983e-05,116.713200528,145.89752796742567,6.0,0.00028462826583809745,0.00035976584337049644,1.2787798291537913e-05,0.0006571819075001319,0.0,United Kingdom,GBR,england,,,Linux-6.4.0-150600.23.73_15.0.14-cray_shasta_c_64k-aarch64-with-glibc2.38,3.11.7,3.3.0,72,Neoverse-V2,1,1 x NVIDIA GH200 120GB,-2.5917,51.4535,64,machine,0.0,2.0,28.099999999999998,240.56346130371094,N,1.0,0.0
2026-09-26T21:29:51,efficientnet_lite0_batch0_node_1_local_train,d3e36ad4-bbbc-45f6-bf73-d38fdff5d765,5b0fa12a-3dd7-45bb-9766-cc326314d9f1,142.33742683706805,0.002782750351499259,1.9550376969260797e-05,123.82697738238545,150.2049973269802,6.0,0.004944789540619814,0.006530523002197697,0.00023714195423099832,0.011712454497048512,0.0,United Kingdom,GBR,england,,,Linux-6.4.0-150600.23.73_15.0.14-cray_shasta_c_64k-aarch64-with-glibc2.38,3.11.7,3.3.0,72,Neoverse-V2,1,1 x NVIDIA GH200 120GB,-2.5917,51.4535,64,machine,7.1605633802816895,7.71830985915493,28.067605633802785,240.34850472463688,N,1.0,0.0
2026-09-26T21:30:11,efficientnet_lite0_batch0_node_1_evaluate,6145dbe3-beaa-435b-b68b-c2b2faface23,5b0fa12a-3dd7-45bb-9766-cc326314d9f1,15.080039071850479,0.0002148891212769054,1.4249904808140279e-05,116.76049031912729,145.08487437798857,6.0,0.0003933905488542564,0.0004945798401081447,1.6486977653500312e-05,0.0009044573666159015,0.0,United Kingdom,GBR,england,,,Linux-6.4.0-150600.23.73_15.0.14-cray_shasta_c_64k-aarch64-with-glibc2.38,3.11.7,3.3.0,72,Neoverse-V2,1,1 x NVIDIA GH200 120GB,-2.5917,51.4535,64,machine,12.275,2.25,28.0,240.0560048421224,N,1.0,0.0
2026-09-26T21:32:05,efficientnet_lite0_batch0_node_2_local_train,847e7629-f0c0-4e55-8f12-4b0c642f6fb6,5b0fa12a-3dd7-45bb-9766-cc326314d9f1,88.13033652096055,0.0016111673761316824,1.8281643299393155e-05,116.71232488313142,162.35940112201357,6.0,0.0027625701234658996,0.0038824119948088764,0.0001363393070929063,0.006781321425367683,0.0,United Kingdom,GBR,england,,,Linux-6.4.0-150600.23.73_15.0.14-cray_shasta_c_64k-aarch64-with-glibc2.38,3.11.7,3.3.0,72,Neoverse-V2,1,1 x NVIDIA GH200 120GB,-2.5917,51.4535,64,machine,4.482352941176471,7.5058823529411764,28.0,240.08502987132354,N,1.0,0.0
2026-09-26T21:36:20,efficientnet_lite0_batch0_node_2_evaluate,62ccdc26-7733-40ce-a7cc-86ba86a64900,5b0fa12a-3dd7-45bb-9766-cc326314d9f1,11.136577161028981,0.0001476052371334741,1.3254093694963982e-05,117.47604458880001,75.72581594617621,6.0,0.000268713111915525,0.00033910971572481685,1.3440097551792861e-05,0.0006212629251921347,0.0,United Kingdom,GBR,england,,,Linux-6.4.0-150600.23.73_15.0.14-cray_shasta_c_64k-aarch64-with-glibc2.38,3.11.7,3.3.0,72,Neoverse-V2,1,1 x NVIDIA GH200 120GB,-2.5917,51.4535,64,machine,0.0,2.0,28.0,239.9642333984375,N,1.0,0.0
2026-09-26T21:37:47,efficientnet_lite0_batch0_node_3_local_train,af021b38-a361-4ac2-a72d-4301e71d425a,5b0fa12a-3dd7-45bb-9766-cc326314d9f1,84.62859576684423,0.0015584108504683475,1.8414707656993896e-05,117.79080554468571,141.583870650674,6.0,0.0026817546661806733,0.0037416243821866146,0.00013589284750477722,0.006559271895872063,0.0,United Kingdom,GBR,england,,,Linux-6.4.0-150600.23.73_15.0.14-cray_shasta_c_64k-aarch64-with-glibc2.38,3.11.7,3.3.0,72,Neoverse-V2,1,1 x NVIDIA GH200 120GB,-2.5917,51.4535,64,machine,4.653086419753087,7.864197530864198,28.0,240.08191822193288,N,1.0,0.0
2026-09-26T21:51:05,efficientnet_lite0_batch0_node_3_evaluate,e9beb51e-2f00-4c8c-8500-925f9ca0bef4,5b0fa12a-3dd7-45bb-9766-cc326314d9f1,11.736647673882544,0.00015627745746282627,1.3315340274769352e-05,116.6584742712,146.1150383803897,6.0,0.0002840468848519314,0.00036094639986572474,1.277057414292358e-05,0.0006577638588605797,0.0,United Kingdom,GBR,england,,,Linux-6.4.0-150600.23.73_15.0.14-cray_shasta_c_64k-aarch64-with-glibc2.38,3.11.7,3.3.0,72,Neoverse-V2,1,1 x NVIDIA GH200 120GB,-2.5917,51.4535,64,machine,1.2875,1.5,28.0,239.9525146484375,N,1.0,0.0
2026-09-26T21:52:56,efficientnet_lite0_batch0_node_4_local_train,b1d70aed-7a84-4ec9-bca8-3d1356495a41,5b0fa12a-3dd7-45bb-9766-cc326314d9f1,101.92709431401454,0.00186999680947125,1.8346415367342945e-05,116.76099918026571,162.61661337388108,6.0,0.0032103263852676757,0.0045056844378734695,0.0001547105043245635,0.007870721327465708,0.0,United Kingdom,GBR,england,,,Linux-6.4.0-150600.23.73_15.0.14-cray_shasta_c_64k-aarch64-with-glibc2.38,3.11.7,3.3.0,72,Neoverse-V2,1,1 x NVIDIA GH200 120GB,-2.5917,51.4535,64,machine,2.6244897959183673,7.469387755102041,28.0,239.9781830456792,N,1.0,0.0
2026-09-26T21:53:32,efficientnet_lite0_batch0_node_4_evaluate,cb820573-cc22-4877-83de-fead697e1e64,5b0fa12a-3dd7-45bb-9766-cc326314d9f1,11.448430844116956,0.00015211510689020722,1.328698307754334e-05,116.53337295360002,75.43023426264587,6.0,0.0002750215375564542,0.0003512477809977099,1.3975418745152032e-05,0.0006402447372993161,0.0,United Kingdom,GBR,england,,,Linux-6.4.0-150600.23.73_15.0.14-cray_shasta_c_64k-aarch64-with-glibc2.38,3.11.7,3.3.0,72,Neoverse-V2,1,1 x NVIDIA GH200 120GB,-2.5917,51.4535,64,machine,8.9625,1.75,28.0,239.95711517333984,N,1.0,0.0
2026-09-26T21:55:22,efficientnet_lite0_batch0_node_5_local_train,fa9e0d99-075b-479c-8c1b-7f1eb1d3428d,5b0fa12a-3dd7-45bb-9766-cc326314d9f1,102.57063228799962,0.0018948194471464,1.847331350971975e-05,116.83663537175998,144.8335230726939,6.0,0.0032360151865177345,0.0045733936587168955,0.00016578969992697243,0.007975198545161603,0.0,United Kingdom,GBR,england,,,Linux-6.4.0-150600.23.73_15.0.14-cray_shasta_c_64k-aarch64-with-glibc2.38,3.11.7,3.3.0,72,Neoverse-V2,1,1 x NVIDIA GH200 120GB,-2.5917,51.4535,64,machine,2.867676767676768,7.8686868686868685,28.0,239.93455058396464,N,1.0,0.0
2026-09-26T21:55:45,efficientnet_lite0_batch0_node_5_evaluate,80cc7460-f8b0-4e51-ba21-4b82989513f7,5b0fa12a-3dd7-45bb-9766-cc326314d9f1,11.682327160146087,0.00015588989566795987,1.3344078926309617e-05,116.52368515200001,75.0766855612334,6.0,0.00028260006453386695,0.00035917334288626535,1.4359223585342988e-05,0.0006561326310054753,0.0,United Kingdom,GBR,england,,,Linux-6.4.0-150600.23.73_15.0.14-cray_shasta_c_64k-aarch64-with-glibc2.38,3.11.7,3.3.0,72,Neoverse-V2,1,1 x NVIDIA GH200 120GB,-2.5917,51.4535,64,machine,0.0,3.0,28.0,239.8314666748047,N,1.0,0.0
2026-09-26T21:55:52,efficientnet_lite0_batch0_node_0_upload,a88d409a-f931-4c47-b9f9-bdf78c520388,5b0fa12a-3dd7-45bb-9766-cc326314d9f1,3.0807897460181266,9.965712378342075e-08,3.23479146579951e-08,115.20006635520001,0.0,6.0,4.139748663018256e-07,0.0,5.476891916866104e-09,4.194517582186917e-07,0.0,United Kingdom,GBR,england,,,Linux-6.4.0-150600.23.73_15.0.14-cray_shasta_c_64k-aarch64-with-glibc2.38,3.11.7,3.3.0,72,Neoverse-V2,1,1 x NVIDIA GH200 120GB,-2.5917,51.4535,64,machine,0,0,0,0,N,1.0,0.0
2026-09-26T21:57:23,efficientnet_lite0_batch0_node_1_upload,2040e8b6-157a-4d81-959a-0c83b8f27745,5b0fa12a-3dd7-45bb-9766-cc326314d9f1,82.10853408416733,0.0013703721928807586,1.6689765664017647e-05,115.20396592587694,142.68060018001037,6.0,0.0025290876378408836,0.0031316069497222543,0.00010713217580031292,0.00576782676336345,0.0,United Kingdom,GBR,england,,,Linux-6.4.0-150600.23.73_15.0.14-cray_shasta_c_64k-aarch64-with-glibc2.38,3.11.7,3.3.0,72,Neoverse-V2,1,1 x NVIDIA GH200 120GB,-2.5917,51.4535,64,machine,0.6556962025316456,0.0,28.0,239.86076721964002,N,1.0,0.0
2026-09-26T22:01:53,efficientnet_lite0_batch0_node_2_upload,a3bc97e3-e52c-4a56-8a88-c102997f1bbe,5b0fa12a-3dd7-45bb-9766-cc326314d9f1,254.0769862451125,0.004431206384805071,1.7440408319902726e-05,115.2029249481015,142.78230659863473,6.0,0.008130152001763242,0.010072185002172773,0.00044838497732183893,0.018650721981257848,0.0,United Kingdom,GBR,england,,,Linux-6.4.0-150600.23.73_15.0.14-cray_shasta_c_64k-aarch64-with-glibc2.38,3.11.7,3.3.0,72,Neoverse-V2,1,1 x NVIDIA GH200 120GB,-2.5917,51.4535,64,machine,0.5232283464566929,0.0,28.0,239.78826135350025,N,1.0,0.0
2026-09-26T22:02:34,efficientnet_lite0_batch0_node_3_upload,a55bcf1c-099c-45ac-b567-5bda4285b5ae,5b0fa12a-3dd7-45bb-9766-cc326314d9f1,3.091427014907822,1.0892240148928767e-06,3.523369659514198e-07,115.20006635520001,1377.9679383638447,6.0,6.018952245424591e-07,3.9772254041281485e-06,5.367773119360209e-09,4.584488401789968e-06,0.0,United Kingdom,GBR,england,,,Linux-6.4.0-150600.23.73_15.0.14-cray_shasta_c_64k-aarch64-with-glibc2.38,3.11.7,3.3.0,72,Neoverse-V2,1,1 x NVIDIA GH200 120GB,-2.5917,51.4535,64,machine,0,0,0,0,N,1.0,0.0
2026-09-26T22:02:38,efficientnet_lite0_batch0_node_4_upload,9526cc01-bf0a-461f-a680-8afdcb604b84,5b0fa12a-3dd7-45bb-9766-cc326314d9f1,3.087147793965414,1.596922588390943e-07,5.172808997070108e-08,115.20006635520001,0.0,6.0,6.543326272520504e-07,0.0,1.7803956676895422e-08,6.721365839289458e-07,0.0,United Kingdom,GBR,england,,,Linux-6.4.0-150600.23.73_15.0.14-cray_shasta_c_64k-aarch64-with-glibc2.38,3.11.7,3.3.0,72,Neoverse-V2,1,1 x NVIDIA GH200 120GB,-2.5917,51.4535,64,machine,0,0,0,0,N,1.0,0.0
2026-09-26T22:02:42,efficientnet_lite0_batch0_node_5_upload,938767f9-4020-4671-b7c1-82fd0ca09b37,5b0fa12a-3dd7-45bb-9766-cc326314d9f1,3.082280526868999,1.0691468880780244e-07,3.4686878068300646e-08,115.20006635520001,0.0,6.0,4.432222713919964e-07,0.0,6.776208368440469e-09,4.4999847976043687e-07,0.0,United Kingdom,GBR,england,,,Linux-6.4.0-150600.23.73_15.0.14-cray_shasta_c_64k-aarch64-with-glibc2.38,3.11.7,3.3.0,72,Neoverse-V2,1,1 x NVIDIA GH200 120GB,-2.5917,51.4535,64,machine,0,0,0,0,N,1.0,0.0
2026-09-26T22:02:48,efficientnet_lite0_batch0_node_0_exchange,e8387f52-8344-4962-8ce5-57489d1b9700,5b0fa12a-3dd7-45bb-9766-cc326314d9f1,4.648416543146595,2.726040393245673e-05,5.864449469927168e-06,116.653222944,143.14055520339156,6.0,5.111862723220344e-05,6.344560630111573e-05,1.7341817806785307e-07,0.00011473765171138703,0.0,United Kingdom,GBR,england,,,Linux-6.4.0-150600.23.73_15.0.14-cray_shasta_c_64k-aarch64-with-glibc2.38,3.11.7,3.3.0,72,Neoverse-V2,1,1 x NVIDIA GH200 120GB,-2.5917,51.4535,64,machine,0.0,0.0,28.0,239.7786865234375,N,1.0,0.0
2026-09-26T22:02:52,efficientnet_lite0_batch0_node_1_exchange,5b2e3c48-0b64-455c-9a41-abb602964f26,5b0fa12a-3dd7-45bb-9766-cc326314d9f1,3.166555465897545,1.9036428243903174e-06,6.011714763539564e-07,117.28383477120002,73.0224259752887,6.0,3.820517835999884e-06,4.020836556151153e-06,1.7098129843361677e-07,8.012335690584654e-06,0.0,United Kingdom,GBR,england,,,Linux-6.4.0-150600.23.73_15.0.14-cray_shasta_c_64k-aarch64-with-glibc2.38,3.11.7,3.3.0,72,Neoverse-V2,1,1 x NVIDIA GH200 120GB,-2.5917,51.4535,64,machine,0,0,0,0,N,1.0,0.0
2026-09-26T22:15:22,efficientnet_lite0_batch0_node_2_exchange,5a9013c0-a79c-4f6a-b45f-24faecbb1b01,5b0fa12a-3dd7-45bb-9766-cc326314d9f1,5.923508609179407,4.931453237830464e-05,8.325223382284618e-06,122.19109712640002,144.6408243402007,6.0,9.227045144071457e-05,0.00011512120319423502,1.707004332759728e-07,0.00020756235506822556,0.0,United Kingdom,GBR,england,,,Linux-6.4.0-150600.23.73_15.0.14-cray_shasta_c_64k-aarch64-with-glibc2.38,3.11.7,3.3.0,72,Neoverse-V2,1,1 x NVIDIA GH200 120GB,-2.5917,51.4535,64,machine,0.0,0.0,28.0,239.93026733398438,N,1.0,0.0
2026-09-26T22:15:34,efficientnet_lite0_batch0_node_3_exchange,6f4ad917-5d08-4b26-a762-ef48d51e0568,5b0fa12a-3dd7-45bb-9766-cc326314d9f1,5.150948234135285,3.599747372725505e-05,6.988513976649995e-06,119.78186855040002,144.5725434324977,6.0,6.791282833256062e-05,8.342812230921481e-05,1.705828351744761e-07,0.0001515115334769499,0.0,United Kingdom,GBR,england,,,Linux-6.4.0-150600.23.73_15.0.14-cray_shasta_c_64k-aarch64-with-glibc2.38,3.11.7,3.3.0,72,Neoverse-V2,1,1 x NVIDIA GH200 120GB,-2.5917,51.4535,64,machine,0.0,0.0,28.0,239.94979858398438,N,1.0,0.0
2026-09-26T22:15:39,efficientnet_lite0_batch0_node_4_exchange,d0392aa6-e30c-478a-ba36-5965c8cfe6a4,5b0fa12a-3dd7-45bb-9766-cc326314d9f1,3.184443401172757,2.138396342995005e-06,6.715133772537716e-07,127.82321936640001,71.5171095488233,6.0,4.847128704525398e-06,3.958892065725195e-06,1.9438052355932695e-07,9.00040129380992e-06,0.0,United Kingdom,GBR,england,,,Linux-6.4.0-150600.23.73_15.0.14-cray_shasta_c_64k-aarch64-with-glibc2.38,3.11.7,3.3.0,72,Neoverse-V2,1,1 x NVIDIA GH200 120GB,-2.5917,51.4535,64,machine,0,0,0,0,N,1.0,0.0
2026-09-26T22:15:43,efficientnet_lite0_batch0_node_5_exchange,75608283-063b-49dc-bb8b-bc87f3217882,5b0fa12a-3dd7-45bb-9766-cc326314d9f1,3.158454060088843,2.0087820795359457e-06,6.36001677187428e-07,127.04047580160002,74.53692735254161,6.0,4.260341705258134e-06,4.026947650004331e-06,1.675721052257965e-07,8.454861460488262e-06,0.0,United Kingdom,GBR,england,,,Linux-6.4.0-150600.23.73_15.0.14-cray_shasta_c_64k-aarch64-with-glibc2.38,3.11.7,3.3.0,72,Neoverse-V2,1,1 x NVIDIA GH200 120GB,-2.5917,51.4535,64,machine,0,0,0,0,N,1.0,0.0
2026-09-26T22:20:52,efficientnet_lite0_batch0_node_0_evaluate,6531dca1-7583-497d-84cd-170d30cafeee,5b0fa12a-3dd7-45bb-9766-cc326314d9f1,181.751093741972,0.0030505158611180477,1.678403028181386e-05,116.7312541485768,145.94677392201112,6.0,0.00572496037328044,0.007101742070275918,1.2763445512779679e-05,0.012839465889069139,0.0,United Kingdom,GBR,england,,,Linux-6.4.0-150600.23.73_15.0.14-cray_shasta_c_64k-aarch64-with-glibc2.38,3.11.7,3.3.0,72,Neoverse-V2,1,1 x NVIDIA GH200 120GB,-2.5917,51.4535,64,machine,0.79438202247191,0.07865168539325842,28.0,240.08811830670646,N,1.0,0.0
2026-09-26T22:22:28,efficientnet_lite0_batch0_node_1_evaluate,33678ddb-1de1-48f4-ac94-43862758278e,5b0fa12a-3dd7-45bb-9766-cc326314d9f1,16.478988148039207,0.00023971080342298504,1.4546451594572426e-05,116.67021799287275,147.5334378381322,6.0,0.0004376033298143486,0.0005548832216959454,1.6444011028312768e-05,0.0010089305625386067,0.0,United Kingdom,GBR,england,,,Linux-6.4.0-150600.23.73_15.0.14-cray_shasta_c_64k-aarch64-with-glibc2.38,3.11.7,3.3.0,72,Neoverse-V2,1,1 x NVIDIA GH200 120GB,-2.5917,51.4535,64,machine,1.4923076923076921,2.076923076923077,28.0,240.06238262469952,N,1.0,0.0
2026-09-26T22:22:42,efficientnet_lite0_batch0_node_2_evaluate,177ec866-3ed1-453f-a3c2-9f11e96de136,5b0fa12a-3dd7-45bb-9766-cc326314d9f1,12.186270569916815,0.00016378522016775607,1.3440143087917183e-05,116.852031936,145.327965326279,6.0,0.0002990784348853968,0.00037676502363126474,1.3520191179898876e-05,0.0006893636496965604,0.0,United Kingdom,GBR,england,,,Linux-6.4.0-150600.23.73_15.0.14-cray_shasta_c_64k-aarch64-with-glibc2.38,3.11.7,3.3.0,72,Neoverse-V2,1,1 x NVIDIA GH200 120GB,-2.5917,51.4535,64,machine,0.0,2.5555555555555554,28.0,240.05704752604166,N,1.0,0.0
2026-09-26T22:22:58,efficientnet_lite0_batch0_node_3_evaluate,e99b2b43-6159-41f1-94b8-044cf6aa1982,5b0fa12a-3dd7-45bb-9766-cc326314d9f1,13.762869703117758,0.0001901813926313706,1.381844024784221e-05,116.6555458944,145.82214447144278,6.0,0.00034893073279550386,0.0004387136843178041,1.2819378059745457e-05,0.0008004637951730534,0.0,United Kingdom,GBR,england,,,Linux-6.4.0-150600.23.73_15.0.14-cray_shasta_c_64k-aarch64-with-glibc2.38,3.11.7,3.3.0,72,Neoverse-V2,1,1 x NVIDIA GH200 120GB,-2.5917,51.4535,64,machine,15.35,1.2,28.0,240.0398376464844,N,1.0,0.0
2026-09-26T22:57:57,efficientnet_lite0_batch0_node_4_evaluate,7b2ecdee-e079-4da2-8945-2a45e78836cd,5b0fa12a-3dd7-45bb-9766-cc326314d9f1,12.567490092944354,0.00017061747650417398,1.3576097951329368e-05,116.67373908480002,145.27934475360541,6.0,0.0003113908582316228,0.0003925722584909863,1.4157151910088335e-05,0.0007181202686326975,0.0,United Kingdom,GBR,england,,,Linux-6.4.0-150600.23.73_15.0.14-cray_shasta_c_64k-aarch64-with-glibc2.38,3.11.7,3.3.0,72,Neoverse-V2,1,1 x NVIDIA GH200 120GB,-2.5917,51.4535,64,machine,7.688888888888889,2.111111111111111,28.099999999999998,240.2886962890625,N,1.0,0.0
2026-09-26T23:00:36,efficientnet_lite0_batch0_node_5_evaluate,0b448382-eb97-40d3-a00d-23e002296dea,5b0fa12a-3dd7-45bb-9766-cc326314d9f1,16.957763614133,0.0002457170858165237,1.4489946399048593e-05,116.696534688,146.01707550340404,6.0,0.00045224314620405327,0.0005676832319210234,1.4284321093000471e-05,0.0010342106992180771,0.0,United Kingdom,GBR,england,,,Linux-6.4.0-150600.23.73_15.0.14-cray_shasta_c_64k-aarch64-with-glibc2.38,3.11.7,3.3.0,72,Neoverse-V2,1,1 x NVIDIA GH200 120GB,-2.5917,51.4535,64,machine,4.015384615384615,1.3076923076923077,28.100000000000005,240.25487342247595,N,1.0,0.0
2026-09-26T23:02:37,mobilevit_xxs_batch0_node_0_local_train,77f3364e-b61f-4e8a-9b7e-230e61a85058,5b0fa12a-3dd7-45bb-9766-cc326314d9f1,102.19861525506712,0.0018289006997575677,1.789555264709801e-05,116.56251636093822,155.0597955256219,6.0,0.0032146614329092806,0.004319600122329348,0.00016348833956949724,0.007697749894808125,0.0,United Kingdom,GBR,england,,,Linux-6.4.0-150600.23.73_15.0.14-cray_shasta_c_64k-aarch64-with-glibc2.38,3.11.7,3.3.0,72,Neoverse-V2,1,1 x NVIDIA GH200 120GB,-2.5917,51.4535,64,machine,5.819191919191919,8.313131313131313,28.09999999999995,240.70315274325284,N,1.0,0.0
2026-09-26T23:03:58,mobilevit_xxs_batch0_node_0_evaluate,8bf5937a-563f-4f04-984d-26c1f781d2db,5b0fa12a-3dd7-45bb-9766-cc326314d9f1,22.8301970558241,0.00034368655443958723,1.5054033637958067e-05,116.58243662163693,146.79494154301983,6.0,0.0006376132720012476,0.0007960342479407245,1.2911682881337281e-05,0.0014465592028233094,0.0,United Kingdom,GBR,england,,,Linux-6.4.0-150600.23.73_15.0.14-cray_shasta_c_64k-aarch64-with-glibc2.38,3.11.7,3.3.0,72,Neoverse-V2,1,1 x NVIDIA GH200 120GB,-2.5917,51.4535,64,machine,3.7999999999999994,0.631578947368421,28.100000000000012,240.69251130756578,N,1.0,0.0
2026-09-26T23:06:30,mobilevit_xxs_batch0_node_1_local_train,fb8ba539-ff76-446c-a3b9-a840a12489a8,5b0fa12a-3dd7-45bb-9766-cc326314d9f1,145.79901785380207,0.002694107264200557,1.8478226423322245e-05,116.68939250845092,142.92722934613784,6.0,0.004731677892341597,0.006364767314025244,0.00024291505105483033,0.01133936025742167,0.0,United Kingdom,GBR,england,,,Linux-6.4.0-150600.23.73_15.0.14-cray_shasta_c_64k-aarch64-with-glibc2.38,3.11.7,3.3.0,72,Neoverse-V2,1,1 x NVIDIA GH200 120GB,-2.5917,51.4535,64,machine,5.137241379310344,7.910344827586207,28.099999999999937,240.75622642780172,N,1.0,0.0
2026-09-26T23:06:52,mobilevit_xxs_batch0_node_1_evaluate,88acd156-1c68-4db4-9465-eb244da82a25,5b0fa12a-3dd7-45bb-9766-cc326314d9f1,14.981690488057211,0.0002122063980978852,1.4164382735516223e-05,116.67529249344001,144.98140653264915,6.0,0.0003896516275114411,0.0004869937229301513,1.6520570951591555e-05,0.000893165921393184,0.0,United Kingdom,GBR,england,,,Linux-6.4.0-150600.23.73_15.0.14-cray_shasta_c_64k-aarch64-with-glibc2.38,3.11.7,3.3.0,72,Neoverse-V2,1,1 x NVIDIA GH200 120GB,-2.5917,51.4535,64,machine,2.7,1.4545454545454546,28.1,240.8114346590909,N,1.0,0.0
2026-09-26T23:08:40,mobilevit_xxs_batch0_node_2_local_train,ea24fe5a-cdcd-4647-9f92-c6bbf89ab487,5b0fa12a-3dd7-45bb-9766-cc326314d9f1,103.24657803587615,0.0018339822647681838,1.776312880927551e-05,116.4415913359185,135.8380774311759,6.0,0.0032446579333349334,0.004310152337012596,0.00016432767277350653,0.007719137943121036,0.0,United Kingdom,GBR,england,,,Linux-6.4.0-150600.23.73_15.0.14-cray_shasta_c_64k-aarch64-with-glibc2.38,3.11.7,3.3.0,72,Neoverse-V2,1,1 x NVIDIA GH200 120GB,-2.5917,51.4535,64,machine,2.73,6.77,28.09999999999995,240.7750372314453,N,1.0,0.0
2026-09-26T23:08:58,mobilevit_xxs_batch0_node_2_evaluate,e0906f34-67fc-464b-b879-14bfe7292b32,5b0fa12a-3dd7-45bb-9766-cc326314d9f1,16.125179667957127,0.0002306609855420497,1.4304397860471825e-05,116.56231295039998,146.45401027999606,6.0,0.00042435562210262046,0.0005331234820715736,1.3361235833338773e-05,0.0009708403400075328,0.0,United Kingdom,GBR,england,,,Linux-6.4.0-150600.23.73_15.0.14-cray_shasta_c_64k-aarch64-with-glibc2.38,3.11.7,3.3.0,72,Neoverse-V2,1,1 x NVIDIA GH200 120GB,-2.5917,51.4535,64,machine,0.0,1.2307692307692308,28.100000000000005,240.72708834134616,N,1.0,0.0
2026-09-26T23:10:35,mobilevit_xxs_batch0_node_3_local_train,2383c9ba-1c7e-4aa4-9a9a-2d68a9a5ac53,5b0fa12a-3dd7-45bb-9766-cc326314d9f1,86.21489920793101,0.0015374593379072765,1.78328728796547e-05,116.57001875410286,134.98521800745002,6.0,0.0026978069620591173,0.003634739296686007,0.00013854178787015069,0.006471088046615275,0.0,United Kingdom,GBR,england,,,Linux-6.4.0-150600.23.73_15.0.14-cray_shasta_c_64k-aarch64-with-glibc2.38,3.11.7,3.3.0,72,Neoverse-V2,1,1 x NVIDIA GH200 120GB,-2.5917,51.4535,64,machine,4.612048192771084,7.096385542168675,28.09999999999996,240.74552678487387,N,1.0,0.0
2026-09-26T23:11:34,mobilevit_xxs_batch0_node_3_evaluate,3ca4c1f0-6b1b-41f0-86f9-f67a13fed627,5b0fa12a-3dd7-45bb-9766-cc326314d9f1,10.705730070127174,0.00013620699882376606,1.272281273033704e-05,116.3229481008,73.60022238168725,6.0,0.00024911468222755503,0.00031147247140950185,1.2701167050205794e-05,0.0005732883206872627,0.0,United Kingdom,GBR,england,,,Linux-6.4.0-150600.23.73_15.0.14-cray_shasta_c_64k-aarch64-with-glibc2.38,3.11.7,3.3.0,72,Neoverse-V2,1,1 x NVIDIA GH200 120GB,-2.5917,51.4535,64,machine,2.2857142857142856,2.2857142857142856,28.099999999999998,240.76564243861608,N,1.0,0.0
2026-09-26T23:13:23,mobilevit_xxs_batch0_node_4_local_train,2a0dd598-b4d0-44dc-9625-48153ce707d9,5b0fa12a-3dd7-45bb-9766-cc326314d9f1,99.35019914014265,0.0017797632919798188,1.7914038495980243e-05,116.6087820213,155.57249269550817,6.0,0.003123594686440407,0.0042086039224216165,0.000158734439300218,0.0074909330481622415,0.0,United Kingdom,GBR,england,,,Linux-6.4.0-150600.23.73_15.0.14-cray_shasta_c_64k-aarch64-with-glibc2.38,3.11.7,3.3.0,72,Neoverse-V2,1,1 x NVIDIA GH200 120GB,-2.5917,51.4535,64,machine,3.0364583333333335,8.208333333333334,28.09999999999995,240.8564599355062,N,1.0,0.0
2026-09-26T23:13:54,mobilevit_xxs_batch0_node_4_evaluate,c0ce4913-3f66-426b-a3d6-8ed5965fe5df,5b0fa12a-3dd7-45bb-9766-cc326314d9f1,17.26902503380552,0.00024959546351019564,1.4453361612574667e-05,116.36683253568003,145.2622864495553,6.0,0.00046059825023109306,0.000575745738359501,1.4190604804704588e-05,0.0010505345933952987,0.0,United Kingdom,GBR,england,,,Linux-6.4.0-150600.23.73_15.0.14-cray_shasta_c_64k-aarch64-with-glibc2.38,3.11.7,3.3.0,72,Neoverse-V2,1,1 x NVIDIA GH200 120GB,-2.5917,51.4535,64,machine,0.5071428571428571,1.4285714285714286,28.100000000000005,240.877201625279,N,1.0,0.0
2026-09-26T23:29:54,mobilevit_xxs_batch0_node_5_local_train,d2ab863f-bc80-42e7-9859-e0183d90b024,5b0fa12a-3dd7-45bb-9766-cc326314d9f1,432.2344918169547,0.014400016675982218,3.331528822572638e-05,117.82015744215794,146.479430401969,6.0,0.013936873644540514,0.01754263597852912,0.0015668753933029563,0.03304638501637258,0.0,United Kingdom,GBR,england,,,Linux-6.4.0-150600.23.73_15.0.14-cray_shasta_c_64k-aarch64-with-glibc2.38,3.11.7,3.3.0,72,Neoverse-V2,1,1 x NVIDIA GH200 120GB,-2.5917,51.4535,64,machine,1.3706018518518517,1.962962962962963,28.35879629629608,243.0137858920627,N,1.0,0.0
2026-09-26T23:30:14,mobilevit_xxs_batch0_node_5_evaluate,019c505b-0f67-4a67-97a6-3afe2ad8f617,5b0fa12a-3dd7-45bb-9766-cc326314d9f1,11.511253817006946,0.0001584126855875393,1.3761549185328308e-05,122.8709865024,74.1247116267658,6.0,0.00030663974061231284,0.00034606055461949836,1.4050630053194861e-05,0.0006667509252850061,0.0,United Kingdom,GBR,england,,,Linux-6.4.0-150600.23.73_15.0.14-cray_shasta_c_64k-aarch64-with-glibc2.38,3.11.7,3.3.0,72,Neoverse-V2,1,1 x NVIDIA GH200 120GB,-2.5917,51.4535,64,machine,0.0,2.625,27.787500000000005,238.30487060546875,N,1.0,0.0
2026-09-26T23:30:28,mobilevit_xxs_batch0_node_0_upload,975f0903-80d5-41d4-9577-1c620daf679b,5b0fa12a-3dd7-45bb-9766-cc326314d9f1,4.1194949119817466,1.8404406192033373e-05,4.467636587801889e-06,115.20258007680002,149.03453366834418,6.0,3.3823736877176124e-05,4.362725712780957e-05,1.2214274999375145e-08,7.746320827998507e-05,0.0,United Kingdom,GBR,england,,,Linux-6.4.0-150600.23.73_15.0.14-cray_shasta_c_64k-aarch64-with-glibc2.38,3.11.7,3.3.0,72,Neoverse-V2,1,1 x NVIDIA GH200 120GB,-2.5917,51.4535,64,machine,12.5,0.0,27.9,238.98516845703125,N,1.0,0.0
2026-09-26T23:30:48,mobilevit_xxs_batch0_node_1_upload,8b1a78f5-155f-4467-97c1-bd3c2351d2bb,5b0fa12a-3dd7-45bb-9766-cc326314d9f1,9.680648108944297,0.00011254353923534839,1.1625620306492227e-05,115.4146485558857,142.14337915821724,6.0,0.0002123190066847049,0.00026136548686395145,5.530969938263297e-09,0.00047369002451859465,0.0,United Kingdom,GBR,england,,,Linux-6.4.0-150600.23.73_15.0.14-cray_shasta_c_64k-aarch64-with-glibc2.38,3.11.7,3.3.0,72,Neoverse-V2,1,1 x NVIDIA GH200 120GB,-2.5917,51.4535,64,machine,0.0,0.0,28.099999999999998,240.40469360351562,N,1.0,0.0
2026-09-26T23:31:02,mobilevit_xxs_batch0_node_2_upload,1e4c9131-31ff-4533-8500-d26fce16ee49,5b0fa12a-3dd7-45bb-9766-cc326314d9f1,10.259083544835448,0.00012303668080359637,1.1992950468322736e-05,116.37424974240001,142.71192440565048,6.0,0.00023265955580793483,0.0002851902281548746,5.338974685097734e-09,0.0005178551229374945,0.0,United Kingdom,GBR,england,,,Linux-6.4.0-150600.23.73_15.0.14-cray_shasta_c_64k-aarch64-with-glibc2.38,3.11.7,3.3.0,72,Neoverse-V2,1,1 x NVIDIA GH200 120GB,-2.5917,51.4535,64,machine,19.75714285714286,0.0,28.099999999999998,240.43270438058036,N,1.0,0.0
2026-09-26T23:31:30,mobilevit_xxs_batch0_node_3_upload,103d0250-bb34-49bd-a43e-051f161d6986,5b0fa12a-3dd7-45bb-9766-cc326314d9f1,17.342024338897318,0.00024459318994467493,1.4104073732387994e-05,116.61032876544002,142.9016392651029,6.0,0.0004626939075575759,0.0005667735089787129,1.286219999504586e-08,0.0010294802787362838,0.0,United Kingdom,GBR,england,,,Linux-6.4.0-150600.23.73_15.0.14-cray_shasta_c_64k-aarch64-with-glibc2.38,3.11.7,3.3.0,72,Neoverse-V2,1,1 x NVIDIA GH200 120GB,-2.5917,51.4535,64,machine,3.7142857142857144,0.0,28.100000000000005,240.3630153111049,N,1.0,0.0
2026-09-26T23:38:00,mobilevit_xxs_batch0_node_4_upload,f6afe782-38d5-46f9-bee9-1d062f7ff609,5b0fa12a-3dd7-45bb-9766-cc326314d9f1,380.06797441397794,0.0100512650880187,2.6445966944509388e-05,115.20007564002273,142.99980130301586,6.0,0.01216142029302638,0.015069561222290417,0.0012519899267148386,0.02848297144203163,0.0,United Kingdom,GBR,england,,,Linux-6.4.0-150600.23.73_15.0.14-cray_shasta_c_64k-aarch64-with-glibc2.38,3.11.7,3.3.0,72,Neoverse-V2,1,1 x NVIDIA GH200 120GB,-2.5917,51.4535,64,machine,0.5560526315789471,0.0,28.1000000000002,240.44688367341695,N,1.0,0.0
2026-09-26T23:38:20,mobilevit_xxs_batch0_node_5_upload,c7531c28-58c8-4d24-a200-5ec5a65458a0,5b0fa12a-3dd7-45bb-9766-cc326314d9f1,8.136672507040203,8.664042245556362e-05,1.0648139319924523e-05,115.306313472,143.32986251731327,6.0,0.00016263360336649712,0.00020202599496599305,5.526970295856396e-09,0.000364665125302786,0.0,United Kingdom,GBR,england,,,Linux-6.4.0-150600.23.73_15.0.14-cray_shasta_c_64k-aarch64-with-glibc2.38,3.11.7,3.3.0,72,Neoverse-V2,1,1 x NVIDIA GH200 120GB,-2.5917,51.4535,64,machine,0.0,0.0,28.1,240.51600341796876,N,1.0,0.0
2026-09-26T23:38:35,mobilevit_xxs_batch0_node_0_exchange,772e44af-4e29-40c7-8481-e7f8dfccbe24,5b0fa12a-3dd7-45bb-9766-cc326314d9f1,3.1025001062080264,1.2910129777525877e-07,4.161202042086324e-08,115.44709847040001,0.0,6.0,5.320884017149258e-07,0.0,1.129238517023623e-08,5.433807868851621e-07,0.0,United Kingdom,GBR,england,,,Linux-6.4.0-150600.23.73_15.0.14-cray_shasta_c_64k-aarch64-with-glibc2.38,3.11.7,3.3.0,72,Neoverse-V2,1,1 x NVIDIA GH200 120GB,-2.5917,51.4535,64,machine,0,0,0,0,N,1.0,0.0
2026-09-26T23:38:50,mobilevit_xxs_batch0_node_1_exchange,9d1abc4f-ce92-405e-920b-537d915b7e47,5b0fa12a-3dd7-45bb-9766-cc326314d9f1,3.102190130855888,1.012403124085086e-07,3.263510879024575e-08,115.4592487296,0.0,6.0,4.206522951463666e-07,0.0,5.463023359576861e-09,4.261153185059435e-07,0.0,United Kingdom,GBR,england,,,Linux-6.4.0-150600.23.73_15.0.14-cray_shasta_c_64k-aarch64-with-glibc2.38,3.11.7,3.3.0,72,Neoverse-V2,1,1 x NVIDIA GH200 120GB,-2.5917,51.4535,64,machine,0,0,0,0,N,1.0,0.0
2026-09-26T23:39:38,mobilevit_xxs_batch0_node_2_exchange,55510afd-bb71-4874-8ac0-4cdc8aa6c5f2,5b0fa12a-3dd7-45bb-9766-cc326314d9f1,31.381623727967963,0.00048736858805026046,1.5530381482966647e-05,115.2038160905143,142.4287256956887,6.0,0.0009055767281325902,0.0011207217299187278,2.501110615519186e-05,0.00205130956420651,0.0,United Kingdom,GBR,england,,,Linux-6.4.0-150600.23.73_15.0.14-cray_shasta_c_64k-aarch64-with-glibc2.38,3.11.7,3.3.0,72,Neoverse-V2,1,1 x NVIDIA GH200 120GB,-2.5917,51.4535,64,machine,0.5285714285714286,0.0,28.100000000000016,240.5115465436663,N,1.0,0.0
2026-09-26T23:39:52,mobilevit_xxs_batch0_node_3_exchange,3244bddf-6f65-4d16-a594-dfe59b7b7af4,5b0fa12a-3dd7-45bb-9766-cc326314d9f1,8.668892433866858,9.519119935843107e-05,1.0980779849862545e-05,115.29020643839999,143.12562251198457,6.0,0.00017885875924772247,0.00022179073299355423,5.417533296470841e-09,0.0004006549097745732,0.0,United Kingdom,GBR,england,,,Linux-6.4.0-150600.23.73_15.0.14-cray_shasta_c_64k-aarch64-with-glibc2.38,3.11.7,3.3.0,72,Neoverse-V2,1,1 x NVIDIA GH200 120GB,-2.5917,51.4535,64,machine,0.0,0.0,28.1,240.3997802734375,N,1.0,0.0
2026-09-26T23:40:14,mobilevit_xxs_batch0_node_4_exchange,a53c09f6-f942-48d4-854c-a317e98aea05,5b0fa12a-3dd7-45bb-9766-cc326314d9f1,4.102136356057599,1.8127025006603445e-05,4.418923076468528e-06,115.31115273600003,155.00008454216422,6.0,3.270112763243486e-05,4.358920153890722e-05,5.3958268836140635e-09,7.62957249982257e-05,0.0,United Kingdom,GBR,england,,,Linux-6.4.0-150600.23.73_15.0.14-cray_shasta_c_64k-aarch64-with-glibc2.38,3.11.7,3.3.0,72,Neoverse-V2,1,1 x NVIDIA GH200 120GB,-2.5917,51.4535,64,machine,0.0,0.0,28.1,240.4681396484375,N,1.0,0.0
2026-09-26T23:40:35,mobilevit_xxs_batch0_node_5_exchange,69b74c27-8793-48a2-93f7-05114b7053bf,5b0fa12a-3dd7-45bb-9766-cc326314d9f1,16.380810152972117,0.00022537804284368916,1.3758662773025106e-05,115.28191986377145,141.7510767489664,6.0,0.00042558583577321417,0.0005230118072887535,7.060201605781913e-09,0.0009486047032635735,0.0,United Kingdom,GBR,england,,,Linux-6.4.0-150600.23.73_15.0.14-cray_shasta_c_64k-aarch64-with-glibc2.38,3.11.7,3.3.0,72,Neoverse-V2,1,1 x NVIDIA GH200 120GB,-2.5917,51.4535,64,machine,2.1153846153846154,0.0,28.100000000000005,240.44104473407452,N,1.0,0.0
2026-09-26T23:41:03,mobilevit_xxs_batch0_node_0_evaluate,07a735ba-d644-4c58-8ff6-a964cd9c2200,5b0fa12a-3dd7-45bb-9766-cc326314d9f1,26.353416315978393,0.0004166996766972318,1.581197942995276e-05,120.47283516960003,97.02559575433501,6.0,0.0007804720816799172,0.0009353921371939578,3.800349679154655e-05,0.0017538677156654216,0.0,United Kingdom,GBR,england,,,Linux-6.4.0-150600.23.73_15.0.14-cray_shasta_c_64k-aarch64-with-glibc2.38,3.11.7,3.3.0,72,Neoverse-V2,1,1 x NVIDIA GH200 120GB,-2.5917,51.4535,64,machine,0.8217391304347825,0.7391304347826086,28.100000000000012,240.48746125594428,N,1.0,0.0
2026-09-26T23:41:29,mobilevit_xxs_batch0_node_1_evaluate,5e1cd5a1-e6ef-41b2-bdcb-7404d65a741b,5b0fa12a-3dd7-45bb-9766-cc326314d9f1,14.076010511023924,0.00019707346759955768,1.4000662151055901e-05,117.1772695453091,144.4691618245119,6.0,0.00036121714519978876,0.0004515723057068044,1.668273677700199e-05,0.0008294721876835952,0.0,United Kingdom,GBR,england,,,Linux-6.4.0-150600.23.73_15.0.14-cray_shasta_c_64k-aarch64-with-glibc2.38,3.11.7,3.3.0,72,Neoverse-V2,1,1 x NVIDIA GH200 120GB,-2.5917,51.4535,64,machine,12.554545454545455,1.6363636363636365,28.1,240.56397039240056,N,1.0,0.0
2026-09-26T23:41:56,mobilevit_xxs_batch0_node_2_evaluate,7ccbbf96-281d-4370-84c9-cd800677b256,5b0fa12a-3dd7-45bb-9766-cc326314d9f1,11.235860771965235,0.00014694039930544786,1.307780527790813e-05,116.47190966400001,74.35556089303145,6.0,0.0002675787978285769,0.0003372727698121025,1.3613088995140667e-05,0.0006184646566358201,0.0,United Kingdom,GBR,england,,,Linux-6.4.0-150600.23.73_15.0.14-cray_shasta_c_64k-aarch64-with-glibc2.38,3.11.7,3.3.0,72,Neoverse-V2,1,1 x NVIDIA GH200 120GB,-2.5917,51.4535,64,machine,1.5,2.5,28.099999999999998,240.58834075927734,N,1.0,0.0
2026-09-26T23:42:21,mobilevit_xxs_batch0_node_3_evaluate,eb3a6ffc-aee6-4ea0-8de1-c547898f4624,5b0fa12a-3dd7-45bb-9766-cc326314d9f1,11.765939213801175,0.00015538449951988997,1.3206298001066293e-05,116.568587664,144.3913666447311,6.0,0.0002847863242435036,0.00035638139621596565,1.2837723899865523e-05,0.0006540054443593347,0.0,United Kingdom,GBR,england,,,Linux-6.4.0-150600.23.73_15.0.14-cray_shasta_c_64k-aarch64-with-glibc2.38,3.11.7,3.3.0,72,Neoverse-V2,1,1 x NVIDIA GH200 120GB,-2.5917,51.4535,64,machine,0.0,1.5,28.099999999999998,240.56377410888672,N,1.0,0.0
2026-09-26T23:42:33,mobilevit_xxs_batch0_node_4_evaluate,8374c2f7-29de-49d0-90c8-d96ef0893b64,5b0fa12a-3dd7-45bb-9766-cc326314d9f1,11.480900850147009,0.00015080696506800998,1.3135464458442645e-05,116.3712138624,73.95164252407041,6.0,0.00027526671237154736,0.00034545277635800176,1.401934626706255e-05,0.0006347388349966117,0.0,United Kingdom,GBR,england,,,Linux-6.4.0-150600.23.73_15.0.14-cray_shasta_c_64k-aarch64-with-glibc2.38,3.11.7,3.3.0,72,Neoverse-V2,1,1 x NVIDIA GH200 120GB,-2.5917,51.4535,64,machine,9.774999999999999,2.625,28.099999999999998,240.56117248535156,N,1.0,0.0
2026-09-26T23:44:11,mobilevit_xxs_batch0_node_5_evaluate,c7bb339f-f46a-4077-9d99-1960af3bb909,5b0fa12a-3dd7-45bb-9766-cc326314d9f1,73.90937773394398,0.0012538538574205986,1.6964746502590936e-05,116.36078892396523,120.14594847555573,6.0,0.002283032999060809,0.002817988921052006,0.00017638510386808773,0.005277407023980902,0.0,United Kingdom,GBR,england,,,Linux-6.4.0-150600.23.73_15.0.14-cray_shasta_c_64k-aarch64-with-glibc2.38,3.11.7,3.3.0,72,Neoverse-V2,1,1 x NVIDIA GH200 120GB,-2.5917,51.4535,64,machine,2.164285714285714,0.22857142857142856,28.099999999999966,240.54176635742186,N,1.0,0.0
2026-09-26T23:45:43,mobilenet_v3_small_batch1_node_0_local_train,08b59307-0971-49ab-8894-92173b80db1d,5b0fa12a-3dd7-45bb-9766-cc326314d9f1,9.229133488144726,0.00011007304875263797,1.192669375668173e-05,115.77031679725717,206.37555936463133,6.0,0.00019840673522244828,0.0002546715926143861,1.0213528068270535e-05,0.00046329185590510494,0.0,United Kingdom,GBR,england,,,Linux-6.4.0-150600.23.73_15.0.14-cray_shasta_c_64k-aarch64-with-glibc2.38,3.11.7,3.3.0,72,Neoverse-V2,1,1 x NVIDIA GH200 120GB,-2.5917,51.4535,64,machine,0.0,2.5,27.7,237.46365356445312,N,1.0,0.0
2026-09-26T23:46:03,mobilenet_v3_small_batch1_node_0_evaluate,d4e483d8-0385-4f3c-af2c-21e0cab23bc5,5b0fa12a-3dd7-45bb-9766-cc326314d9f1,16.418176904087886,0.00023222242781339045,1.4144227411483821e-05,115.89249484224001,142.77919030870737,6.0,0.00043124984604967864,0.0005312757027979842,1.4886822151796273e-05,0.000977412370999459,0.0,United Kingdom,GBR,england,,,Linux-6.4.0-150600.23.73_15.0.14-cray_shasta_c_64k-aarch64-with-glibc2.38,3.11.7,3.3.0,72,Neoverse-V2,1,1 x NVIDIA GH200 120GB,-2.5917,51.4535,64,machine,1.0307692307692307,0.23076923076923078,27.699999999999992,237.51083139272836,N,1.0,0.0
2026-09-26T23:46:27,mobilenet_v3_small_batch1_node_1_local_train,7ff69dd8-09d6-4beb-a866-284e1fe0ebab,5b0fa12a-3dd7-45bb-9766-cc326314d9f1,14.94315801979974,0.00021272883567108485,1.4235868709225879e-05,115.9737061248,74.37134043008902,6.0,0.000385328084150008,0.0004902553922079278,1.9781358171797667e-05,0.0008953648345297335,0.0,United Kingdom,GBR,england,,,Linux-6.4.0-150600.23.73_15.0.14-cray_shasta_c_64k-aarch64-with-glibc2.38,3.11.7,3.3.0,72,Neoverse-V2,1,1 x NVIDIA GH200 120GB,-2.5917,51.4535,64,machine,12.363636363636363,4.636363636363637,27.718181818181815,237.63583651455966,N,1.0,0.0
2026-09-26T23:46:41,mobilenet_v3_small_batch1_node_1_evaluate,3e550438-ffd9-4e5c-b5c3-e7b2ae70ac01,5b0fa12a-3dd7-45bb-9766-cc326314d9f1,10.234289389103651,0.00012764204468959815,1.2471998771648709e-05,117.50934921325717,143.7083894697074,6.0,0.00023727922361983306,0.0002896866206327786,1.0273020718401919e-05,0.0005372388649710136,0.0,United Kingdom,GBR,england,,,Linux-6.4.0-150600.23.73_15.0.14-cray_shasta_c_64k-aarch64-with-glibc2.38,3.11.7,3.3.0,72,Neoverse-V2,1,1 x NVIDIA GH200 120GB,-2.5917,51.4535,64,machine,9.0,0.5714285714285714,28.099999999999998,240.66382707868303,N,1.0,0.0
2026-09-26T23:46:58,mobilenet_v3_small_batch1_node_2_local_train,6cb9eeaa-d9d6-4502-8e1d-ee2b5e8d9f43,5b0fa12a-3dd7-45bb-9766-cc326314d9f1,10.40832194685936,0.00013084987398454196,1.257165897179276e-05,116.02892620080002,73.62982507775551,6.0,0.00023818451412999038,0.0003003144069140262,1.2241534046673527e-05,0.00055074045509069,0.0,United Kingdom,GBR,england,,,Linux-6.4.0-150600.23.73_15.0.14-cray_shasta_c_64k-aarch64-with-glibc2.38,3.11.7,3.3.0,72,Neoverse-V2,1,1 x NVIDIA GH200 120GB,-2.5917,51.4535,64,machine,2.2142857142857144,4.571428571428571,28.11428571428571,241.07544817243303,N,1.0,0.0
2026-09-26T23:48:01,mobilenet_v3_small_batch1_node_2_evaluate,9813580f-6cde-4692-9ff5-7c046c9975f4,5b0fa12a-3dd7-45bb-9766-cc326314d9f1,21.647912103217095,0.0003242113691253708,1.497656529551364e-05,121.39408153107694,144.89955937346318,6.0,0.0006131493761951236,0.0007415047598868796,9.935003673502555e-06,0.0013645891397555056,0.0,United Kingdom,GBR,england,,,Linux-6.4.0-150600.23.73_15.0.14-cray_shasta_c_64k-aarch64-with-glibc2.38,3.11.7,3.3.0,72,Neoverse-V2,1,1 x NVIDIA GH200 120GB,-2.5917,51.4535,64,machine,3.7055555555555557,0.16666666666666666,28.199999999999992,241.15189276801215,N,1.0,0.0
2026-09-26T23:49:30,mobilenet_v3_small_batch1_node_3_local_train,31c1d939-a79f-4bec-be7f-e053088ef0a5,5b0fa12a-3dd7-45bb-9766-cc326314d9f1,15.044830105965957,0.00020831043555353556,1.3845981249793644e-05,115.8551808768,144.44469937117486,6.0,0.000385825023537029,0.00048063260670971886,1.0310383228352292e-05,0.0008767680134751002,0.0,United Kingdom,GBR,england,,,Linux-6.4.0-150600.23.73_15.0.14-cray_shasta_c_64k-aarch64-with-glibc2.38,3.11.7,3.3.0,72,Neoverse-V2,1,1 x NVIDIA GH200 120GB,-2.5917,51.4535,64,machine,0.0,1.4545454545454546,28.14545454545454,241.10132390802556,N,1.0,0.0
2026-09-26T23:49:44,mobilenet_v3_small_batch1_node_3_evaluate,dc84ef67-e677-4992-a645-44cb63a98539,5b0fa12a-3dd7-45bb-9766-cc326314d9f1,10.890719732036814,0.00013708929902896306,1.2587717102451247e-05,116.32327515565714,142.26326942414155,6.0,0.00025437968492639175,0.0003128074724685348,9.814719918261592e-06,0.0005770018773131882,0.0,United Kingdom,GBR,england,,,Linux-6.4.0-150600.23.73_15.0.14-cray_shasta_c_64k-aarch64-with-glibc2.38,3.11.7,3.3.0,72,Neoverse-V2,1,1 x NVIDIA GH200 120GB,-2.5917,51.4535,64,machine,11.014285714285714,0.42857142857142855,28.199999999999996,241.1124005998884,N,1.0,0.0
2026-09-26T23:50:12,mobilenet_v3_small_batch1_node_4_local_train,beb58897-38fc-40de-9368-535a6e3a376b,5b0fa12a-3dd7-45bb-9766-cc326314d9f1,23.523173616966233,0.00035560761446702785,1.5117331541120952e-05,115.98286485710771,147.00379499436102,6.0,0.0006580081473076682,0.0008247462153434526,1.3979974658383677e-05,0.0014967343373095045,0.0,United Kingdom,GBR,england,,,Linux-6.4.0-150600.23.73_15.0.14-cray_shasta_c_64k-aarch64-with-glibc2.38,3.11.7,3.3.0,72,Neoverse-V2,1,1 x NVIDIA GH200 120GB,-2.5917,51.4535,64,machine,0.335,1.05,28.199999999999996,241.14578857421876,N,1.0,0.0
2026-09-26T23:50:29,mobilenet_v3_small_batch1_node_4_evaluate,5605d40f-e54f-41ca-8708-3df7b4113a70,5b0fa12a-3dd7-45bb-9766-cc326314d9f1,10.13139870413579,0.00012493129091293364,1.233110003477948e-05,116.41516451794288,141.61408340361456,6.0,0.00023065125773676388,0.0002851449503253889,1.0033232328326752e-05,0.0005258294403904795,0.0,United Kingdom,GBR,england,,,Linux-6.4.0-150600.23.73_15.0.14-cray_shasta_c_64k-aarch64-with-glibc2.38,3.11.7,3.3.0,72,Neoverse-V2,1,1 x NVIDIA GH200 120GB,-2.5917,51.4535,64,machine,6.3999999999999995,0.42857142857142855,28.199999999999996,241.17498779296875,N,1.0,0.0
2026-09-26T23:51:43,mobilenet_v3_small_batch1_node_5_local_train,449710ec-24df-4725-996f-b2b6aeec020b,5b0fa12a-3dd7-45bb-9766-cc326314d9f1,12.287444056943059,0.0001644911454108677,1.3386929344180532e-05,115.90630952832002,73.92875003344115,6.0,0.0002988614069261944,0.0003781197469407971,1.535369922329361e-05,0.000692334853090285,0.0,United Kingdom,GBR,england,,,Linux-6.4.0-150600.23.73_15.0.14-cray_shasta_c_64k-aarch64-with-glibc2.38,3.11.7,3.3.0,72,Neoverse-V2,1,1 x NVIDIA GH200 120GB,-2.5917,51.4535,64,machine,0.5555555555555556,3.2222222222222223,28.12222222222222,240.7765367296007,N,1.0,0.0
2026-09-26T23:51:53,mobilenet_v3_small_batch1_node_5_evaluate,86e34ae1-ad6f-4781-b891-5bcd63699800,5b0fa12a-3dd7-45bb-9766-cc326314d9f1,9.049510491080582,0.00010633987512634833,1.1750898043729491e-05,116.3243652768,72.80962457985716,6.0,0.00019572046935303891,0.00024188213797060598,9.976510928245261e-06,0.00044757911825189014,0.0,United Kingdom,GBR,england,,,Linux-6.4.0-150600.23.73_15.0.14-cray_shasta_c_64k-aarch64-with-glibc2.38,3.11.7,3.3.0,72,Neoverse-V2,1,1 x NVIDIA GH200 120GB,-2.5917,51.4535,64,machine,0.0,0.6,28.1,240.6896240234375,N,1.0,0.0
2026-09-26T23:52:20,mobilenet_v3_small_batch1_node_0_upload,032b68ed-1510-46da-aaa1-3b8f36fe5573,5b0fa12a-3dd7-45bb-9766-cc326314d9f1,4.095433488022536,1.7150795573448493e-05,4.187785157201927e-06,115.21141309440002,141.12939415032665,6.0,3.24973967014659e-05,3.9683642867771596e-05,5.785466637462378e-09,7.218682503587495e-05,0.0,United Kingdom,GBR,england,,,Linux-6.4.0-150600.23.73_15.0.14-cray_shasta_c_64k-aarch64-with-glibc2.38,3.11.7,3.3.0,72,Neoverse-V2,1,1 x NVIDIA GH200 120GB,-2.5917,51.4535,64,machine,0.0,0.0,28.1,240.699462890625,N,1.0,0.0
2026-09-26T23:52:31,mobilenet_v3_small_batch1_node_1_upload,d65bd60c-b282-454c-af06-cabde3f33c13,5b0fa12a-3dd7-45bb-9766-cc326314d9f1,6.076785436831415,5.1193364790612637e-05,8.424415395733655e-06,115.20039476160002,142.0024763362635,6.0,9.656168522329316e-05,0.00011890203955999823,6.5402147204925625e-09,0.00021547026499801186,0.0,United Kingdom,GBR,england,,,Linux-6.4.0-150600.23.73_15.0.14-cray_shasta_c_64k-aarch64-with-glibc2.38,3.11.7,3.3.0,72,Neoverse-V2,1,1 x NVIDIA GH200 120GB,-2.5917,51.4535,64,machine,0.0,0.0,28.100000000000005,240.69891357421875,N,1.0,0.0
2026-09-26T23:52:35,mobilenet_v3_small_batch1_node_2_upload,0d2fa6f2-542a-4f55-9f86-504e2d02f817,5b0fa12a-3dd7-45bb-9766-cc326314d9f1,3.0728815209586173,1.0560050484755068e-07,3.4365303096556585e-08,115.20006635520001,0.0,6.0,4.389676446937819e-07,0.0,5.499501712620259e-09,4.4446714640640215e-07,0.0,United Kingdom,GBR,england,,,Linux-6.4.0-150600.23.73_15.0.14-cray_shasta_c_64k-aarch64-with-glibc2.38,3.11.7,3.3.0,72,Neoverse-V2,1,1 x NVIDIA GH200 120GB,-2.5917,51.4535,64,machine,0,0,0,0,N,1.0,0.0
2026-09-26T23:52:43,mobilenet_v3_small_batch1_node_3_upload,89d62940-f151-4d20-9e2f-0db881b99ba5,5b0fa12a-3dd7-45bb-9766-cc326314d9f1,4.093034845078364,1.813746781503601e-05,4.431300612269465e-06,115.20006635520001,155.10934957529363,6.0,3.273972304975434e-05,4.359447932245075e-05,5.475874835004409e-09,7.63396782470401e-05,0.0,United Kingdom,GBR,england,,,Linux-6.4.0-150600.23.73_15.0.14-cray_shasta_c_64k-aarch64-with-glibc2.38,3.11.7,3.3.0,72,Neoverse-V2,1,1 x NVIDIA GH200 120GB,-2.5917,51.4535,64,machine,5.9,0.0,28.1,240.70166015625,N,1.0,0.0
2026-09-26T23:52:52,mobilenet_v3_small_batch1_node_4_upload,9dd20e7f-d937-4d39-bc5e-fda714cdaef9,5b0fa12a-3dd7-45bb-9766-cc326314d9f1,4.080258165020496,1.8115140003050062e-05,4.439704369284454e-06,115.20014515200002,154.68981603221098,6.0,3.260335925734451e-05,4.363031267473616e-05,1.2029691521699229e-08,7.624570162360237e-05,0.0,United Kingdom,GBR,england,,,Linux-6.4.0-150600.23.73_15.0.14-cray_shasta_c_64k-aarch64-with-glibc2.38,3.11.7,3.3.0,72,Neoverse-V2,1,1 x NVIDIA GH200 120GB,-2.5917,51.4535,64,machine,0.0,0.0,28.1,240.700439453125,N,1.0,0.0
2026-09-26T23:53:15,mobilenet_v3_small_batch1_node_5_upload,e2142e9b-307d-4d95-8df5-071c44e990ff,5b0fa12a-3dd7-45bb-9766-cc326314d9f1,4.115394309163094,1.839036336113912e-05,4.468675898246791e-06,115.20006635520001,149.09637081877298,6.0,3.3810024275120864e-05,4.358864597975298e-05,5.4324651136994365e-09,7.740410271998754e-05,0.0,United Kingdom,GBR,england,,,Linux-6.4.0-150600.23.73_15.0.14-cray_shasta_c_64k-aarch64-with-glibc2.38,3.11.7,3.3.0,72,Neoverse-V2,1,1 x NVIDIA GH200 120GB,-2.5917,51.4535,64,machine,0.0,0.0,28.1,240.69744873046875,N,1.0,0.0
2026-09-26T23:53:26,mobilenet_v3_small_batch1_node_0_exchange,3b9e3cf7-78e4-41d0-968e-fafa5e305ec6,5b0fa12a-3dd7-45bb-9766-cc326314d9f1,3.119258922059089,1.524769688286462e-06,4.888243414175855e-07,116.44735749120001,138.35046117963057,6.0,2.327921644264875e-06,3.9977809933589015e-06,9.19753200529764e-08,6.417677957676753e-06,0.0,United Kingdom,GBR,england,,,Linux-6.4.0-150600.23.73_15.0.14-cray_shasta_c_64k-aarch64-with-glibc2.38,3.11.7,3.3.0,72,Neoverse-V2,1,1 x NVIDIA GH200 120GB,-2.5917,51.4535,64,machine,0,0,0,0,N,1.0,0.0
2026-09-26T23:53:54,mobilenet_v3_small_batch1_node_1_exchange,5ed9b819-3800-454c-84c1-b94a371d5a0a,5b0fa12a-3dd7-45bb-9766-cc326314d9f1,4.131566951982677,1.8605346604558055e-05,4.50321798503825e-06,116.15279664960002,77.48981354104772,6.0,3.463180868038938e-05,4.3584757108305894e-05,9.239045321010052e-08,7.830895624190537e-05,0.0,United Kingdom,GBR,england,,,Linux-6.4.0-150600.23.73_15.0.14-cray_shasta_c_64k-aarch64-with-glibc2.38,3.11.7,3.3.0,72,Neoverse-V2,1,1 x NVIDIA GH200 120GB,-2.5917,51.4535,64,machine,0.0,0.0,28.2,241.20880126953125,N,1.0,0.0
2026-09-26T23:54:05,mobilenet_v3_small_batch1_node_2_exchange,5a622369-51b6-4bea-83d9-24a0844207b2,5b0fa12a-3dd7-45bb-9766-cc326314d9f1,3.125848924042657,1.5729147651401284e-06,5.031960287786012e-07,116.68436167680001,667.9390952073046,6.0,2.5447228325688608e-06,3.982225408094564e-06,9.336989334163566e-08,6.620318134005061e-06,0.0,United Kingdom,GBR,england,,,Linux-6.4.0-150600.23.73_15.0.14-cray_shasta_c_64k-aarch64-with-glibc2.38,3.11.7,3.3.0,72,Neoverse-V2,1,1 x NVIDIA GH200 120GB,-2.5917,51.4535,64,machine,0,0,0,0,N,1.0,0.0
2026-09-26T23:54:25,mobilenet_v3_small_batch1_node_3_exchange,149206a5-50c6-4ea5-a260-ba1ab937c92f,5b0fa12a-3dd7-45bb-9766-cc326314d9f1,3.118415051838383,1.5050069697718255e-06,4.826191974941202e-07,116.6773762368,139.93318995840553,6.0,2.2405140031304897e-06,4.0027809689036076e-06,9.120270997906724e-08,6.334497682013164e-06,0.0,United Kingdom,GBR,england,,,Linux-6.4.0-150600.23.73_15.0.14-cray_shasta_c_64k-aarch64-with-glibc2.38,3.11.7,3.3.0,72,Neoverse-V2,1,1 x NVIDIA GH200 120GB,-2.5917,51.4535,64,machine,0,0,0,0,N,1.0,0.0
2026-09-26T23:54:42,mobilenet_v3_small_batch1_node_4_exchange,e9fa2933-00be-4282-8d6a-38f4930cc5af,5b0fa12a-3dd7-45bb-9766-cc326314d9f1,3.1175848389975727,5.422123994595857e-07,1.739206557194859e-07,115.95097964160001,0.0,6.0,2.190993981327053e-06,0.0,9.1150391769285e-08,2.2821443730963378e-06,0.0,United Kingdom,GBR,england,,,Linux-6.4.0-150600.23.73_15.0.14-cray_shasta_c_64k-aarch64-with-glibc2.38,3.11.7,3.3.0,72,Neoverse-V2,1,1 x NVIDIA GH200 120GB,-2.5917,51.4535,64,machine,0,0,0,0,N,1.0,0.0
2026-09-26T23:55:02,mobilenet_v3_small_batch1_node_5_exchange,f46d175a-8859-4a34-af96-d690ea533a35,5b0fa12a-3dd7-45bb-9766-cc326314d9f1,9.697930749040097,0.00011269715673250093,1.1620742573734682e-05,122.54964199405715,211.73361073043998,6.0,0.0002128129120811222,0.00026142604247070267,9.763818816281855e-08,0.0004743365927399877,0.0,United Kingdom,GBR,england,,,Linux-6.4.0-150600.23.73_15.0.14-cray_shasta_c_64k-aarch64-with-glibc2.38,3.11.7,3.3.0,72,Neoverse-V2,1,1 x NVIDIA GH200 120GB,-2.5917,51.4535,64,machine,0.0,0.0,28.099999999999998,240.71188354492188,N,1.0,0.0
2026-09-26T23:55:21,mobilenet_v3_small_batch1_node_0_evaluate,d2d280ee-0d4e-4856-99f0-5894e258280a,5b0fa12a-3dd7-45bb-9766-cc326314d9f1,9.95985182421282,0.00012177651170778774,1.2226739298645378e-05,116.90188585920002,142.74105472888803,6.0,0.00022580263728513175,0.00027692744374974154,9.821054361915837e-06,0.0005125511353967891,0.0,United Kingdom,GBR,england,,,Linux-6.4.0-150600.23.73_15.0.14-cray_shasta_c_64k-aarch64-with-glibc2.38,3.11.7,3.3.0,72,Neoverse-V2,1,1 x NVIDIA GH200 120GB,-2.5917,51.4535,64,machine,11.516666666666666,0.3333333333333333,28.099999999999998,240.74132283528647,N,1.0,0.0
2026-09-26T23:55:48,mobilenet_v3_small_batch1_node_1_evaluate,b633aa42-29bb-48d6-a3d8-331e0448e71b,5b0fa12a-3dd7-45bb-9766-cc326314d9f1,19.516641012160107,0.0002888979710979049,1.4802648207645113e-05,124.31406979898183,142.6081134097649,6.0,0.0005519835939392072,0.0006536510784798111,1.0322173638269304e-05,0.0012159568460572876,0.0,United Kingdom,GBR,england,,,Linux-6.4.0-150600.23.73_15.0.14-cray_shasta_c_64k-aarch64-with-glibc2.38,3.11.7,3.3.0,72,Neoverse-V2,1,1 x NVIDIA GH200 120GB,-2.5917,51.4535,64,machine,0.3875,0.1875,28.10000000000001,240.74647521972656,N,1.0,0.0
2026-09-26T23:56:06,mobilenet_v3_small_batch1_node_2_evaluate,d118bb4d-d08e-4fc5-b9f8-d656c800d6ca,5b0fa12a-3dd7-45bb-9766-cc326314d9f1,10.02253788500093,0.0001273722930511103,1.2708586838242565e-05,121.89389832,143.52060130787896,6.0,0.00024523624255049425,0.0002809424469631949,9.92480455005231e-06,0.0005361034940637415,0.0,United Kingdom,GBR,england,,,Linux-6.4.0-150600.23.73_15.0.14-cray_shasta_c_64k-aarch64-with-glibc2.38,3.11.7,3.3.0,72,Neoverse-V2,1,1 x NVIDIA GH200 120GB,-2.5917,51.4535,64,machine,34.23333333333333,0.3333333333333333,28.2,241.23607381184897,N,1.0,0.0
2026-09-26T23:56:19,mobilenet_v3_small_batch1_node_3_evaluate,eb8afe86-8dea-47fd-86f2-443512ef68d8,5b0fa12a-3dd7-45bb-9766-cc326314d9f1,9.934921484906226,0.00012793707339119902,1.287751227682768e-05,124.93887684480002,143.33362974452353,6.0,0.00025175300014423116,0.0002769482771185494,9.779348486724e-06,0.0005384806257495045,0.0,United Kingdom,GBR,england,,,Linux-6.4.0-150600.23.73_15.0.14-cray_shasta_c_64k-aarch64-with-glibc2.38,3.11.7,3.3.0,72,Neoverse-V2,1,1 x NVIDIA GH200 120GB,-2.5917,51.4535,64,machine,9.516666666666667,0.5,28.2,241.2219441731771,N,1.0,0.0
2026-09-26T23:57:46,mobilenet_v3_small_batch1_node_4_evaluate,c143c7b6-4dc1-42a4-9e57-503ec9eb1ad4,5b0fa12a-3dd7-45bb-9766-cc326314d9f1,12.899951783940196,0.00017234434836804348,1.3360076940954438e-05,116.32014918514287,145.08856169342158,6.0,0.00031889718899593013,0.0003964983727513527,9.99302260655289e-06,0.0007253885843538357,0.0,United Kingdom,GBR,england,,,Linux-6.4.0-150600.23.73_15.0.14-cray_shasta_c_64k-aarch64-with-glibc2.38,3.11.7,3.3.0,72,Neoverse-V2,1,1 x NVIDIA GH200 120GB,-2.5917,51.4535,64,machine,0.0,0.3333333333333333,28.199999999999996,241.21108669704861,N,1.0,0.0
2026-09-27T00:05:07,mobilenet_v3_small_batch1_node_5_evaluate,b1631de1-91a7-434c-99ab-80f51f165d99,5b0fa12a-3dd7-45bb-9766-cc326314d9f1,265.8898099428043,0.00817192250975235,3.073424480430527e-05,115.98770432324557,143.377038249941,6.0,0.00856305263423227,0.010542652878555714,0.0006833966811886058,0.01978910219397659,0.0,United Kingdom,GBR,england,,,Linux-6.4.0-150600.23.73_15.0.14-cray_shasta_c_64k-aarch64-with-glibc2.38,3.11.7,3.3.0,72,Neoverse-V2,1,1 x NVIDIA GH200 120GB,-2.5917,51.4535,64,machine,2.263773584905661,0.007547169811320755,24.896981132075584,213.18174634249706,N,1.0,0.0
2026-09-27T00:06:47,efficientnet_lite0_batch1_node_0_local_train,7a6f99fb-efe6-4624-804b-c8586072ae9e,5b0fa12a-3dd7-45bb-9766-cc326314d9f1,38.178452966036275,0.0006177865500194204,1.618155011595169e-05,115.70972768640002,150.7946767704347,6.0,0.001129716337524433,0.0014187166905230697,5.179909557530967e-05,0.0026002321236228126,0.0,United Kingdom,GBR,england,,,Linux-6.4.0-150600.23.73_15.0.14-cray_shasta_c_64k-aarch64-with-glibc2.38,3.11.7,3.3.0,72,Neoverse-V2,1,1 x NVIDIA GH200 120GB,-2.5917,51.4535,64,machine,4.677142857142857,0.4,16.93428571428571,144.92724783761162,N,1.0,0.0
2026-09-27T00:07:03,efficientnet_lite0_batch1_node_0_evaluate,4a5dd921-1091-45ed-908e-97afe4f85626,5b0fa12a-3dd7-45bb-9766-cc326314d9f1,9.922969609964639,0.0001233446642627197,1.2430216871656755e-05,116.4436560288,151.9038552004439,6.0,0.0002241165512268328,0.0002852799504609038,9.754907942842693e-06,0.0005191514096305793,0.0,United Kingdom,GBR,england,,,Linux-6.4.0-150600.23.73_15.0.14-cray_shasta_c_64k-aarch64-with-glibc2.38,3.11.7,3.3.0,72,Neoverse-V2,1,1 x NVIDIA GH200 120GB,-2.5917,51.4535,64,machine,1.2833333333333334,2.0,17.2,146.96514892578125,N,1.0,0.0
2026-09-27T00:07:19,efficientnet_lite0_batch1_node_1_local_train,a2f48682-ea70-4871-9127-369e32461d32,5b0fa12a-3dd7-45bb-9766-cc326314d9f1,11.31261929194443,0.00015606201078109948,1.379539139023526e-05,115.85802234240002,82.13258618591111,6.0,0.0002672650676981819,0.00037585113402371917,1.374085302852715e-05,0.0006568570547504282,0.0,United Kingdom,GBR,england,,,Linux-6.4.0-150600.23.73_15.0.14-cray_shasta_c_64k-aarch64-with-glibc2.38,3.11.7,3.3.0,72,Neoverse-V2,1,1 x NVIDIA GH200 120GB,-2.5917,51.4535,64,machine,0.0,9.25,17.2,146.9558563232422,N,1.0,0.0
2026-09-27T00:07:41,efficientnet_lite0_batch1_node_1_evaluate,fbbddc14-9287-460c-a7a5-60d245432514,5b0fa12a-3dd7-45bb-9766-cc326314d9f1,13.368838259018958,0.0001818012019570198,1.3598878110023667e-05,116.47621742646858,145.974790069228,6.0,0.0003346355813675316,0.000420412002981152,1.0144415100027498e-05,0.0007651919994487111,0.0,United Kingdom,GBR,england,,,Linux-6.4.0-150600.23.73_15.0.14-cray_shasta_c_64k-aarch64-with-glibc2.38,3.11.7,3.3.0,72,Neoverse-V2,1,1 x NVIDIA GH200 120GB,-2.5917,51.4535,64,machine,0.0,1.0,17.199999999999996,146.9292236328125,N,1.0,0.0
2026-09-27T00:10:21,efficientnet_lite0_batch1_node_2_local_train,a81e23f7-6676-483e-a9c4-7b135d755308,5b0fa12a-3dd7-45bb-9766-cc326314d9f1,8.95762784103863,0.00011000580080583323,1.2280684435431753e-05,115.78047337152002,153.4292865580052,6.0,0.00019049928033111242,0.0002643607670478332,8.148765343163784e-06,0.00046300881272210933,0.0,United Kingdom,GBR,england,,,Linux-6.4.0-150600.23.73_15.0.14-cray_shasta_c_64k-aarch64-with-glibc2.38,3.11.7,3.3.0,72,Neoverse-V2,1,1 x NVIDIA GH200 120GB,-2.5917,51.4535,64,machine,0.0,10.0,17.2,146.8941162109375,N,1.0,0.0
2026-09-27T00:10:32,efficientnet_lite0_batch1_node_2_evaluate,800be4ce-d04b-4c17-a666-eeb7e484f52a,5b0fa12a-3dd7-45bb-9766-cc326314d9f1,10.277023159898818,0.0001288298118210519,1.2535712902131895e-05,116.4397169417143,143.7395433521679,6.0,0.0002353264456010547,0.0002971391266015644,9.77254412874269e-06,0.0005422381163313618,0.0,United Kingdom,GBR,england,,,Linux-6.4.0-150600.23.73_15.0.14-cray_shasta_c_64k-aarch64-with-glibc2.38,3.11.7,3.3.0,72,Neoverse-V2,1,1 x NVIDIA GH200 120GB,-2.5917,51.4535,64,machine,0.0,1.8571428571428572,17.2,146.89739990234375,N,1.0,0.0
2026-09-27T00:11:25,efficientnet_lite0_batch1_node_3_local_train,915ba0fe-986e-428e-b372-f3d2028263cd,5b0fa12a-3dd7-45bb-9766-cc326314d9f1,7.198578277835622,7.786310623078897e-05,1.0816456142531503e-05,115.67475351936001,81.50166581361978,6.0,0.00013378084588646188,0.00018705042741373745,6.89057506310443e-06,0.00032772184836330376,0.0,United Kingdom,GBR,england,,,Linux-6.4.0-150600.23.73_15.0.14-cray_shasta_c_64k-aarch64-with-glibc2.38,3.11.7,3.3.0,72,Neoverse-V2,1,1 x NVIDIA GH200 120GB,-2.5917,51.4535,64,machine,0.0,3.0,17.2,146.92034912109375,N,1.0,0.0
2026-09-27T00:12:01,efficientnet_lite0_batch1_node_3_evaluate,3eeda8fb-d99a-4de3-b3ae-53984ed1a583,5b0fa12a-3dd7-45bb-9766-cc326314d9f1,12.934839475201443,0.00017491995876249447,1.3523164249378544e-05,117.25751399616001,146.82649562121514,6.0,0.0003222292563354645,0.000404332823464415,9.667117521942904e-06,0.0007362291973218224,0.0,United Kingdom,GBR,england,,,Linux-6.4.0-150600.23.73_15.0.14-cray_shasta_c_64k-aarch64-with-glibc2.38,3.11.7,3.3.0,72,Neoverse-V2,1,1 x NVIDIA GH200 120GB,-2.5917,51.4535,64,machine,6.344444444444445,0.4444444444444444,17.188888888888886,146.89253743489584,N,1.0,0.0
2026-09-27T00:13:04,efficientnet_lite0_batch1_node_4_local_train,54823123-066b-4767-868d-dfe54ea4cd7b,5b0fa12a-3dd7-45bb-9766-cc326314d9f1,37.79862923803739,0.0006047880322583196,1.600026361934076e-05,117.57430567296001,157.4312594474461,6.0,0.001124737932205783,0.001411266962364266,9.517129843200865e-06,0.0025455220244132498,0.0,United Kingdom,GBR,england,,,Linux-6.4.0-150600.23.73_15.0.14-cray_shasta_c_64k-aarch64-with-glibc2.38,3.11.7,3.3.0,72,Neoverse-V2,1,1 x NVIDIA GH200 120GB,-2.5917,51.4535,64,machine,4.341176470588236,0.6764705882352942,17.208823529411767,147.3740234375,N,1.0,0.0
2026-09-27T00:13:30,efficientnet_lite0_batch1_node_4_evaluate,0a37fb2d-0920-4331-9a4f-11f2af55031f,5b0fa12a-3dd7-45bb-9766-cc326314d9f1,10.017462739022449,0.0001255413139194026,1.2532246656667228e-05,116.99021482560002,146.2872811277943,6.0,0.00022881790967411354,0.00028965939839054045,9.919688090061147e-06,0.0005283969961547151,0.0,United Kingdom,GBR,england,,,Linux-6.4.0-150600.23.73_15.0.14-cray_shasta_c_64k-aarch64-with-glibc2.38,3.11.7,3.3.0,72,Neoverse-V2,1,1 x NVIDIA GH200 120GB,-2.5917,51.4535,64,machine,1.6666666666666667,1.5,17.400000000000002,149.3834431966146,N,1.0,0.0
2026-09-27T00:13:42,efficientnet_lite0_batch1_node_5_local_train,125d32b0-6c3f-470f-a704-169b788c79d0,5b0fa12a-3dd7-45bb-9766-cc326314d9f1,10.41283232299611,0.00013775726043335345,1.3229566765338656e-05,117.7389192096,152.40560992891818,6.0,0.00024146010193192534,0.00032778304000657954,1.0570150904823096e-05,0.000579813292843328,0.0,United Kingdom,GBR,england,,,Linux-6.4.0-150600.23.73_15.0.14-cray_shasta_c_64k-aarch64-with-glibc2.38,3.11.7,3.3.0,72,Neoverse-V2,1,1 x NVIDIA GH200 120GB,-2.5917,51.4535,64,machine,0.0,9.142857142857142,17.400000000000002,149.43194580078125,N,1.0,0.0
2026-09-27T00:14:20,efficientnet_lite0_batch1_node_5_evaluate,ce16db46-c843-4f28-aab0-9e215b8b520d,5b0fa12a-3dd7-45bb-9766-cc326314d9f1,19.283481075894088,0.00028341301890548985,1.4697191746140641e-05,116.68175339694547,150.55854165186645,6.0,0.0005246770148114438,0.0006582180265723991,9.97592025785707e-06,0.0011928709616417,0.0,United Kingdom,GBR,england,,,Linux-6.4.0-150600.23.73_15.0.14-cray_shasta_c_64k-aarch64-with-glibc2.38,3.11.7,3.3.0,72,Neoverse-V2,1,1 x NVIDIA GH200 120GB,-2.5917,51.4535,64,machine,8.39375,0.9375,17.431250000000002,149.44674682617188,N,1.0,0.0
2026-09-27T00:14:46,efficientnet_lite0_batch1_node_0_upload,e0567f34-da4f-46ed-bc6b-2b259a4b2914,5b0fa12a-3dd7-45bb-9766-cc326314d9f1,4.074217070825398,1.710920436260731e-05,4.1993845848623735e-06,115.3793596608,142.2449111708285,6.0,3.230382638697369e-05,3.970253175111793e-05,5.411609696845214e-09,7.201176974778846e-05,0.0,United Kingdom,GBR,england,,,Linux-6.4.0-150600.23.73_15.0.14-cray_shasta_c_64k-aarch64-with-glibc2.38,3.11.7,3.3.0,72,Neoverse-V2,1,1 x NVIDIA GH200 120GB,-2.5917,51.4535,64,machine,0.0,0.0,17.5,149.49609375,N,1.0,0.0
2026-09-27T00:14:56,efficientnet_lite0_batch1_node_1_upload,ac5c01fe-adde-4553-a371-7eabba7d6e54,5b0fa12a-3dd7-45bb-9766-cc326314d9f1,4.091775438981131,1.7190714130280372e-05,4.201284842396173e-06,115.23572864640002,140.6297007143489,6.0,3.263805921872989e-05,3.9703920663214376e-05,1.2860326484466593e-08,7.235484020842873e-05,0.0,United Kingdom,GBR,england,,,Linux-6.4.0-150600.23.73_15.0.14-cray_shasta_c_64k-aarch64-with-glibc2.38,3.11.7,3.3.0,72,Neoverse-V2,1,1 x NVIDIA GH200 120GB,-2.5917,51.4535,64,machine,0.0,0.0,17.5,149.48760986328125,N,1.0,0.0
2026-09-27T00:15:00,efficientnet_lite0_batch1_node_2_upload,d6d579d7-6780-494d-a118-a8a3d9df9551,5b0fa12a-3dd7-45bb-9766-cc326314d9f1,3.0875615109689534,1.0327923083935915e-07,3.345009661263318e-08,115.20000103680002,0.0,6.0,4.2928669242978814e-07,0.0,5.410329904407262e-09,4.346970223341954e-07,0.0,United Kingdom,GBR,england,,,Linux-6.4.0-150600.23.73_15.0.14-cray_shasta_c_64k-aarch64-with-glibc2.38,3.11.7,3.3.0,72,Neoverse-V2,1,1 x NVIDIA GH200 120GB,-2.5917,51.4535,64,machine,0,0,0,0,N,1.0,0.0
2026-09-27T00:15:19,efficientnet_lite0_batch1_node_3_upload,acdd32b5-ed25-4e32-beb0-b36a7e29bfa9,5b0fa12a-3dd7-45bb-9766-cc326314d9f1,4.087563158012927,1.814708270509552e-05,4.439584662935777e-06,115.20000000000003,154.5877095852248,6.0,3.2674845665693294e-05,4.3699757185322596e-05,5.543978574375312e-09,7.638014682959026e-05,0.0,United Kingdom,GBR,england,,,Linux-6.4.0-150600.23.73_15.0.14-cray_shasta_c_64k-aarch64-with-glibc2.38,3.11.7,3.3.0,72,Neoverse-V2,1,1 x NVIDIA GH200 120GB,-2.5917,51.4535,64,machine,0.0,0.0,17.5,149.49163818359375,N,1.0,0.0
2026-09-27T00:15:49,efficientnet_lite0_batch1_node_4_upload,c170b224-8a83-465d-b008-5ec8603335cd,5b0fa12a-3dd7-45bb-9766-cc326314d9f1,3.0863051877822727,1.348257118869477e-07,4.3685152207461853e-08,115.3632586752,0.0,6.0,5.562429228163467e-07,0.0,1.1231631506234408e-08,5.67474554322581e-07,0.0,United Kingdom,GBR,england,,,Linux-6.4.0-150600.23.73_15.0.14-cray_shasta_c_64k-aarch64-with-glibc2.38,3.11.7,3.3.0,72,Neoverse-V2,1,1 x NVIDIA GH200 120GB,-2.5917,51.4535,64,machine,0,0,0,0,N,1.0,0.0
2026-09-27T00:16:08,efficientnet_lite0_batch1_node_5_upload,f8692a0b-34eb-452f-9c05-6e38cb3d3167,5b0fa12a-3dd7-45bb-9766-cc326314d9f1,9.09487088304013,0.00010242642333500378,1.1261998620123987e-05,115.25051882057146,142.3932576753909,6.0,0.0001928924748608998,0.00023819713500472517,1.7989118350669742e-08,0.0004311075989839756,0.0,United Kingdom,GBR,england,,,Linux-6.4.0-150600.23.73_15.0.14-cray_shasta_c_64k-aarch64-with-glibc2.38,3.11.7,3.3.0,72,Neoverse-V2,1,1 x NVIDIA GH200 120GB,-2.5917,51.4535,64,machine,0.0,0.0,17.5,149.492431640625,N,1.0,0.0
2026-09-27T00:16:16,efficientnet_lite0_batch1_node_0_exchange,affd5edc-cfe2-4779-b011-1a7af271971c,5b0fa12a-3dd7-45bb-9766-cc326314d9f1,3.1604711799882352,1.8700688318873352e-06,5.917057063289837e-07,116.81333130240003,74.93797241735555,6.0,3.6885330534318e-06,4.016392097128119e-06,1.660993155868103e-07,7.871024466146729e-06,0.0,United Kingdom,GBR,england,,,Linux-6.4.0-150600.23.73_15.0.14-cray_shasta_c_64k-aarch64-with-glibc2.38,3.11.7,3.3.0,72,Neoverse-V2,1,1 x NVIDIA GH200 120GB,-2.5917,51.4535,64,machine,0,0,0,0,N,1.0,0.0
2026-09-27T00:16:36,efficientnet_lite0_batch1_node_1_exchange,e71ae689-527b-44b5-b74a-3e569fe7e20a,5b0fa12a-3dd7-45bb-9766-cc326314d9f1,4.171211428008974,1.8949262515215543e-05,4.54286790354823e-06,116.36541063360002,143.70694247891942,6.0,3.59134454616316e-05,4.366809049827225e-05,1.7494483346429967e-07,7.975648079336814e-05,0.0,United Kingdom,GBR,england,,,Linux-6.4.0-150600.23.73_15.0.14-cray_shasta_c_64k-aarch64-with-glibc2.38,3.11.7,3.3.0,72,Neoverse-V2,1,1 x NVIDIA GH200 120GB,-2.5917,51.4535,64,machine,0.0,0.0,17.5,149.4986572265625,N,1.0,0.0
2026-09-27T00:17:54,efficientnet_lite0_batch1_node_2_exchange,cccc3c64-7208-488c-8c42-7d544da6770c,5b0fa12a-3dd7-45bb-9766-cc326314d9f1,4.1728102180641145,1.893449248540631e-05,4.53758773965775e-06,116.60008668480002,143.5257061373545,6.0,3.584716515230592e-05,4.367781271241711e-05,1.6933662545246382e-07,7.96943144901755e-05,0.0,United Kingdom,GBR,england,,,Linux-6.4.0-150600.23.73_15.0.14-cray_shasta_c_64k-aarch64-with-glibc2.38,3.11.7,3.3.0,72,Neoverse-V2,1,1 x NVIDIA GH200 120GB,-2.5917,51.4535,64,machine,0.0,0.0,17.4,148.93621826171875,N,1.0,0.0
2026-09-27T00:17:58,efficientnet_lite0_batch1_node_3_exchange,fd0bee79-e711-498c-a9e8-ffc104518ce0,5b0fa12a-3dd7-45bb-9766-cc326314d9f1,3.161932860966772,1.8615425185357877e-06,5.887356248186164e-07,116.68432849920002,75.62046183558208,6.0,3.6497488869537604e-06,4.02055876236318e-06,1.6482999819951755e-07,7.835137647516458e-06,0.0,United Kingdom,GBR,england,,,Linux-6.4.0-150600.23.73_15.0.14-cray_shasta_c_64k-aarch64-with-glibc2.38,3.11.7,3.3.0,72,Neoverse-V2,1,1 x NVIDIA GH200 120GB,-2.5917,51.4535,64,machine,0,0,0,0,N,1.0,0.0
2026-09-27T00:18:09,efficientnet_lite0_batch1_node_4_exchange,a3085c6d-e4f5-4ab0-877d-1762c0265c06,5b0fa12a-3dd7-45bb-9766-cc326314d9f1,4.1689365529455245,1.992547030175214e-05,4.779509126296004e-06,117.09511151040002,216.70285531900578,6.0,3.60079420011813e-05,4.76875381281161e-05,1.6980951690735916e-07,8.386528964620475e-05,0.0,United Kingdom,GBR,england,,,Linux-6.4.0-150600.23.73_15.0.14-cray_shasta_c_64k-aarch64-with-glibc2.38,3.11.7,3.3.0,72,Neoverse-V2,1,1 x NVIDIA GH200 120GB,-2.5917,51.4535,64,machine,6.7,0.0,17.4,148.9102783203125,N,1.0,0.0
2026-09-27T00:18:52,efficientnet_lite0_batch1_node_5_exchange,889d3a05-a203-48f1-aa37-409980213563,5b0fa12a-3dd7-45bb-9766-cc326314d9f1,34.5939427879639,0.0005490979728649881,1.5872662339490054e-05,116.13915818279999,97.17484747655499,6.0,0.0010115526630415379,0.0012494001662020082,5.017257161671296e-05,0.0023111254008602593,0.0,United Kingdom,GBR,england,,,Linux-6.4.0-150600.23.73_15.0.14-cray_shasta_c_64k-aarch64-with-glibc2.38,3.11.7,3.3.0,72,Neoverse-V2,1,1 x NVIDIA GH200 120GB,-2.5917,51.4535,64,machine,0.2161290322580645,0.0,17.43870967741935,149.40784675844253,N,1.0,0.0
2026-09-27T00:19:09,efficientnet_lite0_batch1_node_0_evaluate,8f837d22-4447-4aa9-ae55-572a9bb0cf91,5b0fa12a-3dd7-45bb-9766-cc326314d9f1,9.910987403942272,0.00012707315319645735,1.2821442306133063e-05,121.42132539840003,145.9630036396818,6.0,0.00023988098150739222,0.00028521745039711277,9.745997746940702e-06,0.0005348444296514457,0.0,United Kingdom,GBR,england,,,Linux-6.4.0-150600.23.73_15.0.14-cray_shasta_c_64k-aarch64-with-glibc2.38,3.11.7,3.3.0,72,Neoverse-V2,1,1 x NVIDIA GH200 120GB,-2.5917,51.4535,64,machine,0.0,1.3333333333333333,17.5,149.95709228515625,N,1.0,0.0
2026-09-27T00:19:28,efficientnet_lite0_batch1_node_1_evaluate,4023be5b-4197-41dc-9e2e-98f6b0c5faf6,5b0fa12a-3dd7-45bb-9766-cc326314d9f1,14.60016286605969,0.00020716970758920286,1.418954771188207e-05,120.59592367268573,146.73484167160672,6.0,0.0003889624454951009,0.0004722978778346487,1.0706424243592968e-05,0.0008719667475733425,0.0,United Kingdom,GBR,england,,,Linux-6.4.0-150600.23.73_15.0.14-cray_shasta_c_64k-aarch64-with-glibc2.38,3.11.7,3.3.0,72,Neoverse-V2,1,1 x NVIDIA GH200 120GB,-2.5917,51.4535,64,machine,0.0,1.4545454545454546,17.5,149.93408203125,N,1.0,0.0
2026-09-27T00:19:41,efficientnet_lite0_batch1_node_2_evaluate,dc3d1fdb-23bf-484a-9394-0e594f9ce384,5b0fa12a-3dd7-45bb-9766-cc326314d9f1,9.142394661903381,0.00011012262019900436,1.2045270880493538e-05,117.52122464640001,75.35222766259673,6.0,0.00019941503158944334,0.0002539688142775276,1.011665373109281e-05,0.00046350049959806376,0.0,United Kingdom,GBR,england,,,Linux-6.4.0-150600.23.73_15.0.14-cray_shasta_c_64k-aarch64-with-glibc2.38,3.11.7,3.3.0,72,Neoverse-V2,1,1 x NVIDIA GH200 120GB,-2.5917,51.4535,64,machine,0.0,2.1666666666666665,17.599999999999998,150.57081095377603,N,1.0,0.0
2026-09-27T00:20:24,efficientnet_lite0_batch1_node_3_evaluate,55ce2bb0-e0fa-4916-8444-63d9cd65e19b,5b0fa12a-3dd7-45bb-9766-cc326314d9f1,12.512166652129963,0.0001672197278050659,1.3364570058423883e-05,116.31053623474287,146.90952428941324,6.0,0.0003062065597911599,0.00038805392155438767,9.558836068414772e-06,0.0007038193174139624,0.0,United Kingdom,GBR,england,,,Linux-6.4.0-150600.23.73_15.0.14-cray_shasta_c_64k-aarch64-with-glibc2.38,3.11.7,3.3.0,72,Neoverse-V2,1,1 x NVIDIA GH200 120GB,-2.5917,51.4535,64,machine,0.0,1.4444444444444444,26.5,226.68423122829861,N,1.0,0.0
2026-09-27T00:20:39,efficientnet_lite0_batch1_node_4_evaluate,5b31c2a7-0a6c-4d84-b3e4-946334626729,5b0fa12a-3dd7-45bb-9766-cc326314d9f1,8.941587295848876,0.00010632167201714186,1.1890693285128648e-05,116.28459095040002,75.26622292849906,6.0,0.00019214188524910704,0.00024556741867343135,9.793198369831467e-06,0.0004475025022923699,0.0,United Kingdom,GBR,england,,,Linux-6.4.0-150600.23.73_15.0.14-cray_shasta_c_64k-aarch64-with-glibc2.38,3.11.7,3.3.0,72,Neoverse-V2,1,1 x NVIDIA GH200 120GB,-2.5917,51.4535,64,machine,0.0,1.6,26.5,226.579052734375,N,1.0,0.0
2026-09-27T00:21:11,efficientnet_lite0_batch1_node_5_evaluate,792d7f5c-ed9d-4683-a527-6fdb43ff376e,5b0fa12a-3dd7-45bb-9766-cc326314d9f1,8.94335861201398,0.00010662174748495548,1.1921891104950896e-05,116.51015059200002,75.56058115716891,6.0,0.00019275542969086283,0.00024622853031530667,9.781544646636273e-06,0.0004487655046528058,0.0,United Kingdom,GBR,england,,,Linux-6.4.0-150600.23.73_15.0.14-cray_shasta_c_64k-aarch64-with-glibc2.38,3.11.7,3.3.0,72,Neoverse-V2,1,1 x NVIDIA GH200 120GB,-2.5917,51.4535,64,machine,0.0,3.2,27.2,232.9295166015625,N,1.0,0.0
2026-09-27T00:21:31,mobilevit_xxs_batch1_node_0_local_train,c696fbcd-6f39-45e2-b421-2ed238d2e203,5b0fa12a-3dd7-45bb-9766-cc326314d9f1,10.163071901071817,0.00012992583284438796,1.278411036634364e-05,116.63265857142859,148.83838009896544,6.0,0.00023222677492941587,0.0003044669102507669,1.0157527815317734e-05,0.0005468512129955005,0.0,United Kingdom,GBR,england,,,Linux-6.4.0-150600.23.73_15.0.14-cray_shasta_c_64k-aarch64-with-glibc2.38,3.11.7,3.3.0,72,Neoverse-V2,1,1 x NVIDIA GH200 120GB,-2.5917,51.4535,64,machine,0.0,7.0,39.72857142857142,340.37637765066967,N,1.0,0.0
2026-09-27T00:22:04,mobilevit_xxs_batch1_node_0_evaluate,802cb256-c021-4005-88a8-16edcc1012e0,5b0fa12a-3dd7-45bb-9766-cc326314d9f1,9.968062072992325,0.00012379971309322502,1.241963705549653e-05,117.37255357440002,144.7005739435902,6.0,0.00022842323734592243,0.00028282050402594905,9.822945609533539e-06,0.000521066686981405,0.0,United Kingdom,GBR,england,,,Linux-6.4.0-150600.23.73_15.0.14-cray_shasta_c_64k-aarch64-with-glibc2.38,3.11.7,3.3.0,72,Neoverse-V2,1,1 x NVIDIA GH200 120GB,-2.5917,51.4535,64,machine,12.666666666666666,1.5,39.41666666666667,337.6793721516927,N,1.0,0.0
2026-09-27T00:22:46,mobilevit_xxs_batch1_node_1_local_train,ef5bb441-5af8-4a5c-ae11-cc3c666bbf16,5b0fa12a-3dd7-45bb-9766-cc326314d9f1,16.664517666911706,0.0002502336915565078,1.5015957650749185e-05,116.25275595323077,149.0070226427333,6.0,0.0004430058359950548,0.0005892190824710042,2.0995944269622365e-05,0.0010532208627356814,0.0,United Kingdom,GBR,england,,,Linux-6.4.0-150600.23.73_15.0.14-cray_shasta_c_64k-aarch64-with-glibc2.38,3.11.7,3.3.0,72,Neoverse-V2,1,1 x NVIDIA GH200 120GB,-2.5917,51.4535,64,machine,7.200000000000001,7.461538461538462,42.76153846153846,366.1973830003005,N,1.0,0.0
2026-09-27T00:24:09,mobilevit_xxs_batch1_node_1_evaluate,0b84f120-3bed-40a3-a58a-5606611b2a0d,5b0fa12a-3dd7-45bb-9766-cc326314d9f1,10.238000652054325,0.00012892071125725267,1.2592371854497182e-05,117.25265682514285,144.9560701975737,6.0,0.0002370197966916796,0.00029532745848825925,1.0273452248657123e-05,0.0005426207074285959,0.0,United Kingdom,GBR,england,,,Linux-6.4.0-150600.23.73_15.0.14-cray_shasta_c_64k-aarch64-with-glibc2.38,3.11.7,3.3.0,72,Neoverse-V2,1,1 x NVIDIA GH200 120GB,-2.5917,51.4535,64,machine,0.0,2.0,42.08571428571429,360.5177437918527,N,1.0,0.0
2026-09-27T00:24:21,mobilevit_xxs_batch1_node_2_local_train,2e6e8482-650c-4abd-84a1-906b922fa6f8,5b0fa12a-3dd7-45bb-9766-cc326314d9f1,11.650290202116594,0.0001577924228684142,1.3544076596456531e-05,116.43580306800001,149.336132996956,6.0,0.00028030879020346587,0.0003711972414066622,1.2634239481606834e-05,0.0006641402710917349,0.0,United Kingdom,GBR,england,,,Linux-6.4.0-150600.23.73_15.0.14-cray_shasta_c_64k-aarch64-with-glibc2.38,3.11.7,3.3.0,72,Neoverse-V2,1,1 x NVIDIA GH200 120GB,-2.5917,51.4535,64,machine,6.3375,8.5,38.91250000000001,333.26145935058594,N,1.0,0.0
2026-09-27T00:24:34,mobilevit_xxs_batch1_node_2_evaluate,949ad82a-2c22-4cab-b0e7-1c2b6cb7afe3,5b0fa12a-3dd7-45bb-9766-cc326314d9f1,9.024567071115598,0.00010689504748775479,1.1844894790564247e-05,116.9598031488,73.52500793373243,6.0,0.00019688846724727547,0.00024309852780390884,9.928815393553425e-06,0.00044991581044473775,0.0,United Kingdom,GBR,england,,,Linux-6.4.0-150600.23.73_15.0.14-cray_shasta_c_64k-aarch64-with-glibc2.38,3.11.7,3.3.0,72,Neoverse-V2,1,1 x NVIDIA GH200 120GB,-2.5917,51.4535,64,machine,0.0,2.0,41.32000000000001,353.96202392578124,N,1.0,0.0
2026-09-27T00:24:54,mobilevit_xxs_batch1_node_3_local_train,714a8ced-09e0-4951-98d9-b0c7d3818b52,5b0fa12a-3dd7-45bb-9766-cc326314d9f1,15.405386060941964,0.00022015996181239767,1.429110318569556e-05,116.29924261302858,150.63706262213157,6.0,0.0003992415970747753,0.0005168515245799199,1.0548944318046173e-05,0.0009266420659727415,0.0,United Kingdom,GBR,england,,,Linux-6.4.0-150600.23.73_15.0.14-cray_shasta_c_64k-aarch64-with-glibc2.38,3.11.7,3.3.0,72,Neoverse-V2,1,1 x NVIDIA GH200 120GB,-2.5917,51.4535,64,machine,0.0,3.9166666666666665,38.93333333333333,333.4823404947917,N,1.0,0.0
2026-09-27T00:25:31,mobilevit_xxs_batch1_node_3_evaluate,23f126fd-5ea0-47ef-972a-2dfca3303a5a,5b0fa12a-3dd7-45bb-9766-cc326314d9f1,19.932811558013782,0.00029307285315304134,1.4703036362936689e-05,116.9054213498182,147.75143640236965,6.0,0.0005439683802506431,0.0006797877660460472,9.772565693516905e-06,0.0012335287119902073,0.0,United Kingdom,GBR,england,,,Linux-6.4.0-150600.23.73_15.0.14-cray_shasta_c_64k-aarch64-with-glibc2.38,3.11.7,3.3.0,72,Neoverse-V2,1,1 x NVIDIA GH200 120GB,-2.5917,51.4535,64,machine,5.40625,1.0,40.60625,347.71382904052734,N,1.0,0.0
2026-09-27T00:25:57,mobilevit_xxs_batch1_node_4_local_train,6f040420-ac4f-4023-b122-83a3454a7004,5b0fa12a-3dd7-45bb-9766-cc326314d9f1,13.110760231036693,0.0001848194193230703,1.4096773647461957e-05,116.65453667328,153.1236076704883,6.0,0.00032779597210667833,0.0004350831258506105,1.5016424659794818e-05,0.0007778955226170836,0.0,United Kingdom,GBR,england,,,Linux-6.4.0-150600.23.73_15.0.14-cray_shasta_c_64k-aarch64-with-glibc2.38,3.11.7,3.3.0,72,Neoverse-V2,1,1 x NVIDIA GH200 120GB,-2.5917,51.4535,64,machine,3.0,6.6,40.309999999999995,345.3336242675781,N,1.0,0.0
2026-09-27T00:26:18,mobilevit_xxs_batch1_node_4_evaluate,03a8b6d5-e653-479d-9b20-ce94e00d8272,5b0fa12a-3dd7-45bb-9766-cc326314d9f1,13.611305559054017,0.00019206010092490662,1.4110336447274258e-05,125.20162211821716,145.166419854012,6.0,0.00037177644482074267,0.0004263589521826816,1.0235785689825813e-05,0.0008083711826932502,0.0,United Kingdom,GBR,england,,,Linux-6.4.0-150600.23.73_15.0.14-cray_shasta_c_64k-aarch64-with-glibc2.38,3.11.7,3.3.0,72,Neoverse-V2,1,1 x NVIDIA GH200 120GB,-2.5917,51.4535,64,machine,15.52,1.4,39.669999999999995,339.65185546875,N,1.0,0.0
2026-09-27T00:26:43,mobilevit_xxs_batch1_node_5_local_train,c84151e9-7c07-4570-b8c5-7f120da69c17,5b0fa12a-3dd7-45bb-9766-cc326314d9f1,16.868181545985863,0.00024951915079169556,1.479229697116189e-05,116.27691601876366,149.93595985025053,6.0,0.00044795042142417346,0.0005855363017559512,1.6726673869804167e-05,0.0010502133970499289,0.0,United Kingdom,GBR,england,,,Linux-6.4.0-150600.23.73_15.0.14-cray_shasta_c_64k-aarch64-with-glibc2.38,3.11.7,3.3.0,72,Neoverse-V2,1,1 x NVIDIA GH200 120GB,-2.5917,51.4535,64,machine,2.2153846153846155,5.384615384615385,41.29230769230769,353.6285212590144,N,1.0,0.0
2026-09-27T00:27:19,mobilevit_xxs_batch1_node_5_evaluate,d005e95b-073d-417a-a587-5ff823558e44,5b0fa12a-3dd7-45bb-9766-cc326314d9f1,13.106910012895241,0.00017705880044650534,1.3508813310864721e-05,117.72096073200001,145.13569040575015,6.0,0.0003290264499857487,0.00040586893580041306,1.0336087247123941e-05,0.0007452314730332858,0.0,United Kingdom,GBR,england,,,Linux-6.4.0-150600.23.73_15.0.14-cray_shasta_c_64k-aarch64-with-glibc2.38,3.11.7,3.3.0,72,Neoverse-V2,1,1 x NVIDIA GH200 120GB,-2.5917,51.4535,64,machine,15.15,1.2,41.21,352.9417297363281,N,1.0,0.0
2026-09-27T00:27:29,mobilevit_xxs_batch1_node_0_upload,4493f586-41df-4df1-853e-2ef252132757,5b0fa12a-3dd7-45bb-9766-cc326314d9f1,3.0770866270177066,1.125729866681415e-07,3.658427607455645e-08,115.57108212480003,0.0,6.0,4.6840102383500745e-07,0.0,5.412943428382277e-09,4.7381396726338974e-07,0.0,United Kingdom,GBR,england,,,Linux-6.4.0-150600.23.73_15.0.14-cray_shasta_c_64k-aarch64-with-glibc2.38,3.11.7,3.3.0,72,Neoverse-V2,1,1 x NVIDIA GH200 120GB,-2.5917,51.4535,64,machine,0,0,0,0,N,1.0,0.0
2026-09-27T00:27:37,mobilevit_xxs_batch1_node_1_upload,a4662e5d-7366-4f85-a90c-1ece2f83dc7c,5b0fa12a-3dd7-45bb-9766-cc326314d9f1,4.08007094101049,1.7210532016506817e-05,4.218194307240249e-06,115.67357291520001,140.94861298128617,6.0,3.2704184367831885e-05,3.972864288925848e-05,5.425425091137489e-09,7.24382526821815e-05,0.0,United Kingdom,GBR,england,,,Linux-6.4.0-150600.23.73_15.0.14-cray_shasta_c_64k-aarch64-with-glibc2.38,3.11.7,3.3.0,72,Neoverse-V2,1,1 x NVIDIA GH200 120GB,-2.5917,51.4535,64,machine,0.0,0.0,40.3,344.87225341796875,N,1.0,0.0
2026-09-27T00:29:35,mobilevit_xxs_batch1_node_2_upload,1b4dafe6-33de-41f3-a78c-f16183237a9e,5b0fa12a-3dd7-45bb-9766-cc326314d9f1,3.0806813649833202,1.1837699289512157e-07,3.842558800162136e-08,115.4239488,0.0,6.0,4.928555488740206e-07,0.0,5.3871849862237775e-09,4.982427338602443e-07,0.0,United Kingdom,GBR,england,,,Linux-6.4.0-150600.23.73_15.0.14-cray_shasta_c_64k-aarch64-with-glibc2.38,3.11.7,3.3.0,72,Neoverse-V2,1,1 x NVIDIA GH200 120GB,-2.5917,51.4535,64,machine,0,0,0,0,N,1.0,0.0
2026-09-27T00:29:54,mobilevit_xxs_batch1_node_3_upload,8fe042cd-77ae-482c-871d-6ee0052df39c,5b0fa12a-3dd7-45bb-9766-cc326314d9f1,3.081036872928962,1.450255340571489e-07,4.7070366256046004e-08,115.22040733440001,0.0,6.0,5.980666598272015e-07,0.0,1.233842650738855e-08,6.1040508633459e-07,0.0,United Kingdom,GBR,england,,,Linux-6.4.0-150600.23.73_15.0.14-cray_shasta_c_64k-aarch64-with-glibc2.38,3.11.7,3.3.0,72,Neoverse-V2,1,1 x NVIDIA GH200 120GB,-2.5917,51.4535,64,machine,0,0,0,0,N,1.0,0.0
2026-09-27T00:30:07,mobilevit_xxs_batch1_node_4_upload,417d93be-c280-49ea-8192-49ff1b18a0a3,5b0fa12a-3dd7-45bb-9766-cc326314d9f1,3.088446999900043,1.1148410534612336e-07,3.609714052069908e-08,115.22040733440001,0.0,6.0,4.6360934486716307e-07,0.0,5.621576371292273e-09,4.692309212384553e-07,0.0,United Kingdom,GBR,england,,,Linux-6.4.0-150600.23.73_15.0.14-cray_shasta_c_64k-aarch64-with-glibc2.38,3.11.7,3.3.0,72,Neoverse-V2,1,1 x NVIDIA GH200 120GB,-2.5917,51.4535,64,machine,0,0,0,0,N,1.0,0.0
2026-09-27T00:30:26,mobilevit_xxs_batch1_node_5_upload,8c993ae3-1b77-44f6-b31a-13467627ccc2,5b0fa12a-3dd7-45bb-9766-cc326314d9f1,9.835765867028385,0.00011565288224718138,1.1758401309131896e-05,115.26451428754287,143.43677252498992,6.0,0.00021693935354443895,0.0002698321602991882,5.577045182387035e-09,0.0004867770908888096,0.0,United Kingdom,GBR,england,,,Linux-6.4.0-150600.23.73_15.0.14-cray_shasta_c_64k-aarch64-with-glibc2.38,3.11.7,3.3.0,72,Neoverse-V2,1,1 x NVIDIA GH200 120GB,-2.5917,51.4535,64,machine,0.0,0.0,41.516666666666666,355.7367451985677,N,1.0,0.0
2026-09-27T00:30:45,mobilevit_xxs_batch1_node_0_exchange,2dd47433-6e8d-4500-84cf-6444f4d76134,5b0fa12a-3dd7-45bb-9766-cc326314d9f1,7.160452711163089,6.867425969236932e-05,9.590770648524318e-06,115.24258573056,140.48660363845207,6.0,0.00013030520367821285,0.00015872512699388608,1.6130621855457625e-08,0.00028904646129395437,0.0,United Kingdom,GBR,england,,,Linux-6.4.0-150600.23.73_15.0.14-cray_shasta_c_64k-aarch64-with-glibc2.38,3.11.7,3.3.0,72,Neoverse-V2,1,1 x NVIDIA GH200 120GB,-2.5917,51.4535,64,machine,0.0,0.0,39.85000000000001,341.3392639160156,N,1.0,0.0
2026-09-27T00:30:55,mobilevit_xxs_batch1_node_1_exchange,27f7023c-45ee-4932-8b18-fca42954d576,5b0fa12a-3dd7-45bb-9766-cc326314d9f1,4.105239005992189,1.7175422532963134e-05,4.183781384687499e-06,115.23127299840003,141.21088138592773,6.0,3.253661386702296e-05,3.9748365125547025e-05,5.499661589662234e-09,7.229047865415964e-05,0.0,United Kingdom,GBR,england,,,Linux-6.4.0-150600.23.73_15.0.14-cray_shasta_c_64k-aarch64-with-glibc2.38,3.11.7,3.3.0,72,Neoverse-V2,1,1 x NVIDIA GH200 120GB,-2.5917,51.4535,64,machine,0.0,0.0,39.5,338.185546875,N,1.0,0.0
2026-09-27T00:31:10,mobilevit_xxs_batch1_node_2_exchange,02e19e0d-b276-4202-aadc-e99a58842772,5b0fa12a-3dd7-45bb-9766-cc326314d9f1,4.108853928977624,1.8190314436490914e-05,4.427101754142201e-06,115.22537671680001,155.2354249313872,6.0,3.287550624266824e-05,4.3681146038920815e-05,5.454703544576963e-09,7.656210698513363e-05,0.0,United Kingdom,GBR,england,,,Linux-6.4.0-150600.23.73_15.0.14-cray_shasta_c_64k-aarch64-with-glibc2.38,3.11.7,3.3.0,72,Neoverse-V2,1,1 x NVIDIA GH200 120GB,-2.5917,51.4535,64,machine,9.1,0.0,42.3,362.41845703125,N,1.0,0.0
2026-09-27T00:31:25,mobilevit_xxs_batch1_node_3_exchange,f905b303-b62f-45cc-8dda-dbd350d9ecdd,5b0fa12a-3dd7-45bb-9766-cc326314d9f1,9.709064960014075,0.00011350983686000424,1.1691119312465666e-05,115.22278190262857,144.6628855186919,6.0,0.00021187988816268434,0.0002658716015986329,5.632243507231275e-09,0.00047775712200482447,0.0,United Kingdom,GBR,england,,,Linux-6.4.0-150600.23.73_15.0.14-cray_shasta_c_64k-aarch64-with-glibc2.38,3.11.7,3.3.0,72,Neoverse-V2,1,1 x NVIDIA GH200 120GB,-2.5917,51.4535,64,machine,0.0,0.0,39.46666666666667,337.8927307128906,N,1.0,0.0
2026-09-27T00:31:34,mobilevit_xxs_batch1_node_4_exchange,9fe7fa9b-dc6a-44a6-b225-c0f59df4d8a1,5b0fa12a-3dd7-45bb-9766-cc326314d9f1,4.538530620979145,2.524275985243458e-05,5.56187937473664e-06,115.21375937280001,147.4285287860712,6.0,4.665742635728594e-05,5.957532545153299e-05,1.273873339717587e-08,0.0001062454905422161,0.0,United Kingdom,GBR,england,,,Linux-6.4.0-150600.23.73_15.0.14-cray_shasta_c_64k-aarch64-with-glibc2.38,3.11.7,3.3.0,72,Neoverse-V2,1,1 x NVIDIA GH200 120GB,-2.5917,51.4535,64,machine,0.0,0.0,35.9,307.89447021484375,N,1.0,0.0
2026-09-27T00:31:45,mobilevit_xxs_batch1_node_5_exchange,b3479bc1-a49e-44e1-ad78-3ef3e6ce701b,5b0fa12a-3dd7-45bb-9766-cc326314d9f1,4.115754469996318,1.7227901330943275e-05,4.185842828218732e-06,115.229486592,139.96844909135595,6.0,3.278829175122336e-05,3.9705587312255375e-05,1.748017850331962e-08,7.251135924198205e-05,0.0,United Kingdom,GBR,england,,,Linux-6.4.0-150600.23.73_15.0.14-cray_shasta_c_64k-aarch64-with-glibc2.38,3.11.7,3.3.0,72,Neoverse-V2,1,1 x NVIDIA GH200 120GB,-2.5917,51.4535,64,machine,0.0,0.0,42.1,360.251708984375,N,1.0,0.0
2026-09-27T00:33:35,mobilevit_xxs_batch1_node_0_evaluate,e1651b33-8656-4285-8da7-c156b5f21508,5b0fa12a-3dd7-45bb-9766-cc326314d9f1,100.3911192510277,0.0016777635945690816,1.6712271036383592e-05,116.19471567000593,144.07402737224672,6.0,0.0031241184028516795,0.003870860874457094,6.664223955051663e-05,0.007061621516859289,0.0,United Kingdom,GBR,england,,,Linux-6.4.0-150600.23.73_15.0.14-cray_shasta_c_64k-aarch64-with-glibc2.38,3.11.7,3.3.0,72,Neoverse-V2,1,1 x NVIDIA GH200 120GB,-2.5917,51.4535,64,machine,2.6525773195876288,0.12371134020618557,39.86185567010309,341.39225658927995,N,1.0,0.0
2026-09-27T00:33:59,mobilevit_xxs_batch1_node_1_evaluate,cb4761fe-f688-45f8-9736-c46fce3cfa54,5b0fa12a-3dd7-45bb-9766-cc326314d9f1,20.119683150900528,0.0002972847136116553,1.4775814876505611e-05,117.28483677032729,147.46293234169258,6.0,0.0005517536131843683,0.0006890202734268769,1.0482331528716412e-05,0.0012512562181399615,0.0,United Kingdom,GBR,england,,,Linux-6.4.0-150600.23.73_15.0.14-cray_shasta_c_64k-aarch64-with-glibc2.38,3.11.7,3.3.0,72,Neoverse-V2,1,1 x NVIDIA GH200 120GB,-2.5917,51.4535,64,machine,10.335294117647058,1.0,38.1,326.33742747587314,N,1.0,0.0
2026-09-27T00:34:29,mobilevit_xxs_batch1_node_2_evaluate,1ea394dd-f48a-477c-a7a7-a23f21e7a35d,5b0fa12a-3dd7-45bb-9766-cc326314d9f1,10.165044418070465,0.00012726587630625493,1.2519952798239973e-05,117.4153899538286,142.94501972438346,6.0,0.00023496180333325468,0.00029059023248123594,1.0103555590224761e-05,0.0005356555914047155,0.0,United Kingdom,GBR,england,,,Linux-6.4.0-150600.23.73_15.0.14-cray_shasta_c_64k-aarch64-with-glibc2.38,3.11.7,3.3.0,72,Neoverse-V2,1,1 x NVIDIA GH200 120GB,-2.5917,51.4535,64,machine,2.2,2.2857142857142856,38.77142857142858,331.9507359095982,N,1.0,0.0
2026-09-27T00:34:47,mobilevit_xxs_batch1_node_3_evaluate,07bef41c-3167-4304-83fb-d5ac99cd7ae5,5b0fa12a-3dd7-45bb-9766-cc326314d9f1,9.994313421892002,0.00012434309624103607,1.244138451458499e-05,117.98265602880002,144.2407380907698,6.0,0.00023132076698582693,0.00028214800349246616,9.88498849639048e-06,0.0005233537589746835,0.0,United Kingdom,GBR,england,,,Linux-6.4.0-150600.23.73_15.0.14-cray_shasta_c_64k-aarch64-with-glibc2.38,3.11.7,3.3.0,72,Neoverse-V2,1,1 x NVIDIA GH200 120GB,-2.5917,51.4535,64,machine,0.0,1.3333333333333333,39.6,339.13939412434894,N,1.0,0.0
2026-09-27T00:35:12,mobilevit_xxs_batch1_node_4_evaluate,cbb65da8-63f6-433f-bde5-ad7bcddd2ce6,5b0fa12a-3dd7-45bb-9766-cc326314d9f1,13.290759518975392,0.00018049310571757797,1.3580345461813946e-05,117.41111784905144,145.08585415269516,6.0,0.00033503794005924415,0.0004145214427353494,1.0126906206908947e-05,0.0007596862890015025,0.0,United Kingdom,GBR,england,,,Linux-6.4.0-150600.23.73_15.0.14-cray_shasta_c_64k-aarch64-with-glibc2.38,3.11.7,3.3.0,72,Neoverse-V2,1,1 x NVIDIA GH200 120GB,-2.5917,51.4535,64,machine,0.0,1.2,40.8,349.4603332519531,N,1.0,0.0
2026-09-27T00:35:27,mobilevit_xxs_batch1_node_5_evaluate,faa79e4e-b488-43ef-8eb9-b38cafb9c2b9,5b0fa12a-3dd7-45bb-9766-cc326314d9f1,10.166818236932158,0.0001276286003053756,1.2553445663241008e-05,117.37716450788572,145.1138612400553,6.0,0.00023505300743640207,0.0002919535668866047,1.0175703919570272e-05,0.000537182278242577,0.0,United Kingdom,GBR,england,,,Linux-6.4.0-150600.23.73_15.0.14-cray_shasta_c_64k-aarch64-with-glibc2.38,3.11.7,3.3.0,72,Neoverse-V2,1,1 x NVIDIA GH200 120GB,-2.5917,51.4535,64,machine,0.0,1.7142857142857142,38.6,330.640380859375,N,1.0,0.0
2026-09-27T00:36:23,mobilenet_v3_small_batch2_node_0_local_train,60ca1624-229b-4ff1-81bc-a118bc9533e2,5b0fa12a-3dd7-45bb-9766-cc326314d9f1,9.847023954847828,0.0001217118903657559,1.2360271582952272e-05,116.70998093074286,205.90342952406965,6.0,0.0002220823527055426,0.00027894300093578295,1.1253793818177655e-05,0.0005122791474595032,0.0,United Kingdom,GBR,england,,,Linux-6.4.0-150600.23.73_15.0.14-cray_shasta_c_64k-aarch64-with-glibc2.38,3.11.7,3.3.0,72,Neoverse-V2,1,1 x NVIDIA GH200 120GB,-2.5917,51.4535,64,machine,0.0,4.333333333333333,37.35,319.66661580403644,N,1.0,0.0
2026-09-27T00:36:45,mobilenet_v3_small_batch2_node_0_evaluate,9321cd2c-b0ee-40dd-969c-04a8fcbe9fbd,5b0fa12a-3dd7-45bb-9766-cc326314d9f1,13.580449299886823,0.00018627099603265475,1.3716114387629804e-05,116.46334116288001,146.32421579458278,6.0,0.00034350363118264396,0.000424745339799415,1.57561640732456e-05,0.0007840051350553046,0.0,United Kingdom,GBR,england,,,Linux-6.4.0-150600.23.73_15.0.14-cray_shasta_c_64k-aarch64-with-glibc2.38,3.11.7,3.3.0,72,Neoverse-V2,1,1 x NVIDIA GH200 120GB,-2.5917,51.4535,64,machine,0.0,0.3,42.13,360.8237731933594,N,1.0,0.0
2026-09-27T00:37:02,mobilenet_v3_small_batch2_node_1_local_train,ac3e69c4-4821-4f4c-86d9-51930bdc2d91,5b0fa12a-3dd7-45bb-9766-cc326314d9f1,15.968714802991599,0.0002319269357107963,1.452383229158472e-05,116.61018593427693,74.15134392956516,6.0,0.00042333297840845224,0.0005313334806231751,2.1502200758162266e-05,0.0009761686597897896,0.0,United Kingdom,GBR,england,,,Linux-6.4.0-150600.23.73_15.0.14-cray_shasta_c_64k-aarch64-with-glibc2.38,3.11.7,3.3.0,72,Neoverse-V2,1,1 x NVIDIA GH200 120GB,-2.5917,51.4535,64,machine,10.483333333333334,3.9166666666666665,38.18333333333334,327.0996398925781,N,1.0,0.0
2026-09-27T00:37:54,mobilenet_v3_small_batch2_node_1_evaluate,b0b0eb7f-080e-41dc-9e7c-d3f28eb38e76,5b0fa12a-3dd7-45bb-9766-cc326314d9f1,21.653182998066768,0.0003219017751735889,1.486625662390277e-05,117.40986929575386,144.10567568966613,6.0,0.0006015929214160027,0.0007423989272581366,1.0876327771693468e-05,0.0013548681764458327,0.0,United Kingdom,GBR,england,,,Linux-6.4.0-150600.23.73_15.0.14-cray_shasta_c_64k-aarch64-with-glibc2.38,3.11.7,3.3.0,72,Neoverse-V2,1,1 x NVIDIA GH200 120GB,-2.5917,51.4535,64,machine,3.1666666666666665,0.1111111111111111,40.28333333333333,345.0426296657986,N,1.0,0.0
2026-09-27T00:38:20,mobilenet_v3_small_batch2_node_2_local_train,6bcdbd05-2b7f-4b6d-9184-857ff6e1ce73,5b0fa12a-3dd7-45bb-9766-cc326314d9f1,10.938763643847778,0.00014079450741109247,1.2871153632639157e-05,116.58795749485715,149.05994662659822,6.0,0.00025746819086748404,0.0003237333145307275,1.139540527986052e-05,0.000592596910678072,0.0,United Kingdom,GBR,england,,,Linux-6.4.0-150600.23.73_15.0.14-cray_shasta_c_64k-aarch64-with-glibc2.38,3.11.7,3.3.0,72,Neoverse-V2,1,1 x NVIDIA GH200 120GB,-2.5917,51.4535,64,machine,0.0,1.7142857142857142,39.442857142857136,337.78460693359375,N,1.0,0.0
2026-09-27T00:38:42,mobilenet_v3_small_batch2_node_2_evaluate,1d92a4a3-3e13-471c-b5fc-680bcb4861b4,5b0fa12a-3dd7-45bb-9766-cc326314d9f1,14.87375158094801,0.00020635337288960745,1.3873660035705335e-05,117.41432925805715,143.77603980902398,6.0,0.00038596264044544256,0.0004723001000570548,1.026809589820914e-05,0.0008685308364007065,0.0,United Kingdom,GBR,england,,,Linux-6.4.0-150600.23.73_15.0.14-cray_shasta_c_64k-aarch64-with-glibc2.38,3.11.7,3.3.0,72,Neoverse-V2,1,1 x NVIDIA GH200 120GB,-2.5917,51.4535,64,machine,0.0,0.36363636363636365,40.34545454545455,345.47489790482956,N,1.0,0.0
2026-09-27T00:38:56,mobilenet_v3_small_batch2_node_3_local_train,9d84fd18-d80e-4563-94eb-abd857105974,5b0fa12a-3dd7-45bb-9766-cc326314d9f1,9.96593355992809,0.00012322889808739256,1.2365013006195651e-05,116.81346893760002,144.88050563318743,6.0,0.0002265627914078188,0.0002822591146838249,9.842249603243544e-06,0.0005186641556948873,0.0,United Kingdom,GBR,england,,,Linux-6.4.0-150600.23.73_15.0.14-cray_shasta_c_64k-aarch64-with-glibc2.38,3.11.7,3.3.0,72,Neoverse-V2,1,1 x NVIDIA GH200 120GB,-2.5917,51.4535,64,machine,0.0,2.0,40.75,349.0669352213542,N,1.0,0.0
2026-09-27T00:39:16,mobilenet_v3_small_batch2_node_3_evaluate,df389c33-f040-479a-87cb-6856c443e9ab,5b0fa12a-3dd7-45bb-9766-cc326314d9f1,9.173406834015623,0.00010897932090986411,1.1879917993581327e-05,117.23619255222857,72.58757017318511,6.0,0.00020269919184360486,0.0002458240855389704,1.016513373857985e-05,0.0004586884111211551,0.0,United Kingdom,GBR,england,,,Linux-6.4.0-150600.23.73_15.0.14-cray_shasta_c_64k-aarch64-with-glibc2.38,3.11.7,3.3.0,72,Neoverse-V2,1,1 x NVIDIA GH200 120GB,-2.5917,51.4535,64,machine,4.6000000000000005,0.5,38.550000000000004,330.2038981119792,N,1.0,0.0
2026-09-27T00:39:56,mobilenet_v3_small_batch2_node_4_local_train,93a6279f-0f9b-4713-b824-533fef4a3f64,5b0fa12a-3dd7-45bb-9766-cc326314d9f1,13.2529896160122,0.00018205578542826965,1.3736959788175696e-05,116.84301473088001,145.27552315616197,6.0,0.0003341863641730077,0.00041743700062113476,1.4640163518488408e-05,0.0007662635283126309,0.0,United Kingdom,GBR,england,,,Linux-6.4.0-150600.23.73_15.0.14-cray_shasta_c_64k-aarch64-with-glibc2.38,3.11.7,3.3.0,72,Neoverse-V2,1,1 x NVIDIA GH200 120GB,-2.5917,51.4535,64,machine,8.72,2.1,40.02,342.6631652832031,N,1.0,0.0
2026-09-27T00:43:51,mobilenet_v3_small_batch2_node_4_evaluate,1c96fd12-d663-40f0-839c-745bb3ca0d23,5b0fa12a-3dd7-45bb-9766-cc326314d9f1,12.38681498193182,0.00016611646137622982,1.3410748575686134e-05,118.96435041737143,144.50982157244886,6.0,0.0003120427734069678,0.0003766055790634937,1.0527372736639033e-05,0.0006991757252071005,0.0,United Kingdom,GBR,england,,,Linux-6.4.0-150600.23.73_15.0.14-cray_shasta_c_64k-aarch64-with-glibc2.38,3.11.7,3.3.0,72,Neoverse-V2,1,1 x NVIDIA GH200 120GB,-2.5917,51.4535,64,machine,7.144444444444444,0.4444444444444444,26.300000000000004,225.62578667534723,N,1.0,0.0
2026-09-27T00:44:04,mobilenet_v3_small_batch2_node_5_local_train,6cd12961-6b5e-41d8-ac33-03079a895f94,5b0fa12a-3dd7-45bb-9766-cc326314d9f1,12.218158975010738,0.00016315905015562788,1.335381627373894e-05,117.20462827968001,73.78551104892674,6.0,0.00029719409247340375,0.00037429779943920494,1.5236240095303703e-05,0.0006867281320079124,0.0,United Kingdom,GBR,england,,,Linux-6.4.0-150600.23.73_15.0.14-cray_shasta_c_64k-aarch64-with-glibc2.38,3.11.7,3.3.0,72,Neoverse-V2,1,1 x NVIDIA GH200 120GB,-2.5917,51.4535,64,machine,1.322222222222222,3.0,26.400000000000002,226.0850830078125,N,1.0,0.0
2026-09-27T00:45:43,mobilenet_v3_small_batch2_node_5_evaluate,534efc98-74b9-4a84-8655-fe6b70cf5a78,5b0fa12a-3dd7-45bb-9766-cc326314d9f1,88.62250550207682,0.0014962312736263193,1.6883197616109556e-05,115.76885100203077,119.06185064994365,6.0,0.002746697854193765,0.003393774659457449,0.0001570887102535926,0.006297561223904807,0.0,United Kingdom,GBR,england,,,Linux-6.4.0-150600.23.73_15.0.14-cray_shasta_c_64k-aarch64-with-glibc2.38,3.11.7,3.3.0,72,Neoverse-V2,1,1 x NVIDIA GH200 120GB,-2.5917,51.4535,64,machine,1.0588235294117647,0.047058823529411764,27.09411764705884,231.94426125919117,N,1.0,0.0
2026-09-27T00:46:10,mobilenet_v3_small_batch2_node_0_upload,54f14c88-eb57-41c8-8417-4d0a6b84d047,5b0fa12a-3dd7-45bb-9766-cc326314d9f1,22.378100483911112,0.00033564422709492003,1.4998780943728167e-05,115.85331129311999,71.19401588351808,6.0,0.000623664251820141,0.0007640345001220794,2.5010704703163356e-05,0.0014127094566453837,0.0,United Kingdom,GBR,england,,,Linux-6.4.0-150600.23.73_15.0.14-cray_shasta_c_64k-aarch64-with-glibc2.38,3.11.7,3.3.0,72,Neoverse-V2,1,1 x NVIDIA GH200 120GB,-2.5917,51.4535,64,machine,1.2473684210526315,0.0,27.999999999999993,239.77052708675987,N,1.0,0.0
2026-09-27T00:46:22,mobilenet_v3_small_batch2_node_1_upload,de44d734-4886-4d21-8c8a-41e57b842813,5b0fa12a-3dd7-45bb-9766-cc326314d9f1,9.063449000008404,0.00010229396785762697,1.1286428362705204e-05,115.779407904,142.5311473924764,6.0,0.00019303610530149086,0.00023750852334103456,5.471983458846808e-09,0.00043055010062598425,0.0,United Kingdom,GBR,england,,,Linux-6.4.0-150600.23.73_15.0.14-cray_shasta_c_64k-aarch64-with-glibc2.38,3.11.7,3.3.0,72,Neoverse-V2,1,1 x NVIDIA GH200 120GB,-2.5917,51.4535,64,machine,14.133333333333333,0.0,35.4,303.47613525390625,N,1.0,0.0
2026-09-27T00:46:34,mobilenet_v3_small_batch2_node_2_upload,dd9fe969-0cae-4429-b551-d7ac3eccf791,5b0fa12a-3dd7-45bb-9766-cc326314d9f1,4.079419436864555,1.7140749940187517e-05,4.2017620902845705e-06,115.39282458240001,140.8462995773532,6.0,3.2542235895406623e-05,3.9596142769937615e-05,6.164811784401536e-09,7.214454347712865e-05,0.0,United Kingdom,GBR,england,,,Linux-6.4.0-150600.23.73_15.0.14-cray_shasta_c_64k-aarch64-with-glibc2.38,3.11.7,3.3.0,72,Neoverse-V2,1,1 x NVIDIA GH200 120GB,-2.5917,51.4535,64,machine,0.0,0.0,45.0,385.25360107421875,N,1.0,0.0
2026-09-27T00:47:05,mobilenet_v3_small_batch2_node_3_upload,e859feb7-2d99-452c-8215-be62cb52e0aa,5b0fa12a-3dd7-45bb-9766-cc326314d9f1,8.755910173989832,9.69150689825773e-05,1.1068531661102653e-05,115.29014284800002,142.82892281540006,6.0,0.00018233008339948125,0.00022557295822878132,7.54759336511294e-09,0.0004079105892216277,0.0,United Kingdom,GBR,england,,,Linux-6.4.0-150600.23.73_15.0.14-cray_shasta_c_64k-aarch64-with-glibc2.38,3.11.7,3.3.0,72,Neoverse-V2,1,1 x NVIDIA GH200 120GB,-2.5917,51.4535,64,machine,0.0,0.0,41.8,358.1173828125,N,1.0,0.0
2026-09-27T00:47:12,mobilenet_v3_small_batch2_node_4_upload,633ec40c-b7d4-4500-a5c5-115607ebfe13,5b0fa12a-3dd7-45bb-9766-cc326314d9f1,4.0784845349844545,1.7137683290313404e-05,4.201973341644343e-06,115.24741701120001,140.64666968810022,6.0,3.2538466783012903e-05,3.958614277621564e-05,7.0265447720885284e-09,7.213163610400063e-05,0.0,United Kingdom,GBR,england,,,Linux-6.4.0-150600.23.73_15.0.14-cray_shasta_c_64k-aarch64-with-glibc2.38,3.11.7,3.3.0,72,Neoverse-V2,1,1 x NVIDIA GH200 120GB,-2.5917,51.4535,64,machine,0.0,0.0,41.5,355.82940673828125,N,1.0,0.0
2026-09-27T00:47:24,mobilenet_v3_small_batch2_node_5_upload,e67732c8-0c50-4720-883d-1c9d94a9d5e5,5b0fa12a-3dd7-45bb-9766-cc326314d9f1,6.076468019047752,5.11616683558365e-05,8.419639204133273e-06,115.20035562240001,141.88399812303058,6.0,9.654613391197009e-05,0.00011878537281972967,5.349586717784404e-09,0.00021533685631841754,0.0,United Kingdom,GBR,england,,,Linux-6.4.0-150600.23.73_15.0.14-cray_shasta_c_64k-aarch64-with-glibc2.38,3.11.7,3.3.0,72,Neoverse-V2,1,1 x NVIDIA GH200 120GB,-2.5917,51.4535,64,machine,5.8,0.0,41.6,355.92388916015625,N,1.0,0.0
2026-09-27T00:48:54,mobilenet_v3_small_batch2_node_0_exchange,6773b1ef-9213-4a6f-9954-4cd954cbe5c7,5b0fa12a-3dd7-45bb-9766-cc326314d9f1,10.19810343417339,0.00012217872610591237,1.19805341154412e-05,116.1885716928,204.08966154458585,6.0,0.00022873307959155007,0.00028541467277420907,9.628294695479174e-08,0.0005142440353127139,0.0,United Kingdom,GBR,england,,,Linux-6.4.0-150600.23.73_15.0.14-cray_shasta_c_64k-aarch64-with-glibc2.38,3.11.7,3.3.0,72,Neoverse-V2,1,1 x NVIDIA GH200 120GB,-2.5917,51.4535,64,machine,0.0,0.0,41.5,355.073974609375,N,1.0,0.0
2026-09-27T00:49:07,mobilenet_v3_small_batch2_node_1_exchange,299efebf-6426-4833-9f8b-ee44dc946317,5b0fa12a-3dd7-45bb-9766-cc326314d9f1,3.1286795791238546,1.6723586645802098e-06,5.345253875593524e-07,129.6209719872,715.1802249029599,6.0,2.9317204605356487e-06,4.011947666526794e-06,9.520431476024289e-08,7.038872441822685e-06,0.0,United Kingdom,GBR,england,,,Linux-6.4.0-150600.23.73_15.0.14-cray_shasta_c_64k-aarch64-with-glibc2.38,3.11.7,3.3.0,72,Neoverse-V2,1,1 x NVIDIA GH200 120GB,-2.5917,51.4535,64,machine,0,0,0,0,N,1.0,0.0
2026-09-27T00:49:24,mobilenet_v3_small_batch2_node_2_exchange,bcb942d9-59a4-45ff-b152-dc8c9e075593,5b0fa12a-3dd7-45bb-9766-cc326314d9f1,4.120229451917112,1.8553881673495822e-05,4.503118549590203e-06,115.7280598656,202.2490473342612,6.0,3.4366776110166344e-05,4.362864601148431e-05,9.69208466509978e-08,7.809234296830165e-05,0.0,United Kingdom,GBR,england,,,Linux-6.4.0-150600.23.73_15.0.14-cray_shasta_c_64k-aarch64-with-glibc2.38,3.11.7,3.3.0,72,Neoverse-V2,1,1 x NVIDIA GH200 120GB,-2.5917,51.4535,64,machine,0.0,0.0,41.5,355.24639892578125,N,1.0,0.0
2026-09-27T00:49:31,mobilenet_v3_small_batch2_node_3_exchange,439964a7-a3c2-4adb-bfaf-91d90f2969c9,5b0fa12a-3dd7-45bb-9766-cc326314d9f1,3.1157252811826766,5.64712166548695e-07,1.8124581456499265e-07,116.62266741120001,0.0,6.0,2.282272251756931e-06,0.0,9.457249504824479e-08,2.376844746805176e-06,0.0,United Kingdom,GBR,england,,,Linux-6.4.0-150600.23.73_15.0.14-cray_shasta_c_64k-aarch64-with-glibc2.38,3.11.7,3.3.0,72,Neoverse-V2,1,1 x NVIDIA GH200 120GB,-2.5917,51.4535,64,machine,0,0,0,0,N,1.0,0.0
2026-09-27T00:52:10,mobilenet_v3_small_batch2_node_4_exchange,7edf6242-180f-42cf-b55f-dc8785e44af9,5b0fa12a-3dd7-45bb-9766-cc326314d9f1,139.15477225906216,0.002343331933977389,1.683975257143784e-05,118.17666989206435,71.38322094752907,6.0,0.004468099600037784,0.00539475987136484,1.0528697166591884e-07,0.009862964758374289,0.0,United Kingdom,GBR,england,,,Linux-6.4.0-150600.23.73_15.0.14-cray_shasta_c_64k-aarch64-with-glibc2.38,3.11.7,3.3.0,72,Neoverse-V2,1,1 x NVIDIA GH200 120GB,-2.5917,51.4535,64,machine,1.3963235294117646,0.0,41.5,355.19010162353516,N,1.0,0.0
2026-09-27T00:52:18,mobilenet_v3_small_batch2_node_5_exchange,6285af19-2500-41d1-af44-dcca968236e4,5b0fa12a-3dd7-45bb-9766-cc326314d9f1,5.128188862930983,3.560657622341521e-05,6.943304385842081e-06,116.44756053120003,204.72218302227458,6.0,6.657744212667705e-05,8.319395544731378e-05,9.486821868146459e-08,0.0001498662657926723,0.0,United Kingdom,GBR,england,,,Linux-6.4.0-150600.23.73_15.0.14-cray_shasta_c_64k-aarch64-with-glibc2.38,3.11.7,3.3.0,72,Neoverse-V2,1,1 x NVIDIA GH200 120GB,-2.5917,51.4535,64,machine,0.0,0.0,41.5,355.24822998046875,N,1.0,0.0
2026-09-27T00:52:56,mobilenet_v3_small_batch2_node_0_evaluate,aa8b073d-5a72-4ff2-b2b1-8e56e98ed3fb,5b0fa12a-3dd7-45bb-9766-cc326314d9f1,10.269408501917496,0.00012722597471988872,1.2388831810141078e-05,116.77173636754287,142.9161633525135,6.0,0.00023618594153689823,0.0002889732867430439,1.0328419380045185e-05,0.0005354876476599873,0.0,United Kingdom,GBR,england,,,Linux-6.4.0-150600.23.73_15.0.14-cray_shasta_c_64k-aarch64-with-glibc2.38,3.11.7,3.3.0,72,Neoverse-V2,1,1 x NVIDIA GH200 120GB,-2.5917,51.4535,64,machine,0.0,0.42857142857142855,41.5,355.18975830078125,N,1.0,0.0
2026-09-27T00:53:39,mobilenet_v3_small_batch2_node_1_evaluate,2a7e710a-5f1f-40fd-84e0-a374ebfc9a65,5b0fa12a-3dd7-45bb-9766-cc326314d9f1,18.9298032829538,0.0002741534377397443,1.4482635325989796e-05,117.28630687268571,140.3116091578488,6.0,0.0005131553739437381,0.0006298399483029016,1.0902533881987135e-05,0.0011538978561286268,0.0,United Kingdom,GBR,england,,,Linux-6.4.0-150600.23.73_15.0.14-cray_shasta_c_64k-aarch64-with-glibc2.38,3.11.7,3.3.0,72,Neoverse-V2,1,1 x NVIDIA GH200 120GB,-2.5917,51.4535,64,machine,0.8333333333333334,0.26666666666666666,41.5,355.2953247070312,N,1.0,0.0
2026-09-27T00:54:25,mobilenet_v3_small_batch2_node_2_evaluate,4fb351eb-2502-4b58-99b8-c5c29b6c6592,5b0fa12a-3dd7-45bb-9766-cc326314d9f1,12.344200283056125,0.0001628961680189037,1.3196170208166336e-05,116.75011403314286,143.76023562646182,6.0,0.0003027243568871495,0.00037243863128821886,1.0458686308314403e-05,0.0006856216744836827,0.0,United Kingdom,GBR,england,,,Linux-6.4.0-150600.23.73_15.0.14-cray_shasta_c_64k-aarch64-with-glibc2.38,3.11.7,3.3.0,72,Neoverse-V2,1,1 x NVIDIA GH200 120GB,-2.5917,51.4535,64,machine,0.0,0.3333333333333333,41.5,355.1624348958333,N,1.0,0.0
2026-09-27T00:54:57,mobilenet_v3_small_batch2_node_3_evaluate,66e301c1-bd68-4890-91f9-133e9259b120,5b0fa12a-3dd7-45bb-9766-cc326314d9f1,9.277829213999212,0.00011009404685458901,1.1866358424497548e-05,116.46615178697144,72.32203058756751,6.0,0.00020362409083431228,0.0002494051995256541,1.0350945486764735e-05,0.00046338023584673114,0.0,United Kingdom,GBR,england,,,Linux-6.4.0-150600.23.73_15.0.14-cray_shasta_c_64k-aarch64-with-glibc2.38,3.11.7,3.3.0,72,Neoverse-V2,1,1 x NVIDIA GH200 120GB,-2.5917,51.4535,64,machine,12.049999999999999,0.3333333333333333,41.43333333333333,355.1600341796875,N,1.0,0.0
2026-09-27T00:55:19,mobilenet_v3_small_batch2_node_4_evaluate,3436f2eb-96cd-45a4-aa52-87fad18a1d40,5b0fa12a-3dd7-45bb-9766-cc326314d9f1,10.899623070145026,0.00013757989686655908,1.2622445380097762e-05,116.5404700553143,143.0806301759336,6.0,0.0002558829193095839,0.0003126233056462979,1.05605536683773e-05,0.0005790667786242591,0.0,United Kingdom,GBR,england,,,Linux-6.4.0-150600.23.73_15.0.14-cray_shasta_c_64k-aarch64-with-glibc2.38,3.11.7,3.3.0,72,Neoverse-V2,1,1 x NVIDIA GH200 120GB,-2.5917,51.4535,64,machine,2.042857142857143,0.42857142857142855,41.5,355.531973702567,N,1.0,0.0
2026-09-27T00:56:48,mobilenet_v3_small_batch2_node_5_evaluate,706f9c98-619c-48d0-bec7-6951b5a892cc,5b0fa12a-3dd7-45bb-9766-cc326314d9f1,28.653027571039274,0.0004472075152202135,1.5607688022197817e-05,116.58776984701713,143.21791295233794,6.0,0.0008292230835362872,0.0010174569250551713,3.559364557693092e-05,0.0018822736541683894,0.0,United Kingdom,GBR,england,,,Linux-6.4.0-150600.23.73_15.0.14-cray_shasta_c_64k-aarch64-with-glibc2.38,3.11.7,3.3.0,72,Neoverse-V2,1,1 x NVIDIA GH200 120GB,-2.5917,51.4535,64,machine,2.364,0.08,41.5,355.53000732421873,N,1.0,0.0
2026-09-27T00:57:12,efficientnet_lite0_batch2_node_0_local_train,409281fe-fe5b-49d9-96bd-18ce3305ad48,5b0fa12a-3dd7-45bb-9766-cc326314d9f1,8.63315107813105,0.00010649501437431016,1.2335590262526109e-05,122.85096565248,150.09399711902864,6.0,0.00019781666620164508,0.00024281074979626283,7.604675447025026e-06,0.0004482320914449329,0.0,United Kingdom,GBR,england,,,Linux-6.4.0-150600.23.73_15.0.14-cray_shasta_c_64k-aarch64-with-glibc2.38,3.11.7,3.3.0,72,Neoverse-V2,1,1 x NVIDIA GH200 120GB,-2.5917,51.4535,64,machine,0.0,7.2,41.739999999999995,357.68201904296876,N,1.0,0.0
2026-09-27T00:57:37,efficientnet_lite0_batch2_node_0_evaluate,bf5141a6-480f-4feb-9e8c-4e2e6988ab8d,5b0fa12a-3dd7-45bb-9766-cc326314d9f1,9.22765499399975,0.00011045456493155359,1.1969949570435424e-05,116.69749074925716,74.03487770558225,6.0,0.00020192346900726958,0.0002527279799551252,1.0246189108196025e-05,0.00046489763807059075,0.0,United Kingdom,GBR,england,,,Linux-6.4.0-150600.23.73_15.0.14-cray_shasta_c_64k-aarch64-with-glibc2.38,3.11.7,3.3.0,72,Neoverse-V2,1,1 x NVIDIA GH200 120GB,-2.5917,51.4535,64,machine,0.0,1.8333333333333333,41.800000000000004,358.01593017578125,N,1.0,0.0
2026-09-27T00:58:05,efficientnet_lite0_batch2_node_1_local_train,2050bf03-531e-4479-85dc-51a0c11b6549,5b0fa12a-3dd7-45bb-9766-cc326314d9f1,13.1139088741038,0.00018762651046134863,1.4307443513799082e-05,116.15821584768001,151.75489827530902,6.0,0.00032647087985485524,0.0004481603585304583,1.50791878606348e-05,0.0007897104262459484,0.0,United Kingdom,GBR,england,,,Linux-6.4.0-150600.23.73_15.0.14-cray_shasta_c_64k-aarch64-with-glibc2.38,3.11.7,3.3.0,72,Neoverse-V2,1,1 x NVIDIA GH200 120GB,-2.5917,51.4535,64,machine,1.1099999999999999,5.6,42.0,360.09446411132814,N,1.0,0.0
2026-09-27T00:58:39,efficientnet_lite0_batch2_node_1_evaluate,3ab0c466-763b-452a-b04c-5d87df3be9d7,5b0fa12a-3dd7-45bb-9766-cc326314d9f1,9.58248515590094,0.00011747271917481938,1.2259107868534408e-05,116.46491643977143,74.6825141987291,6.0,0.0002134644008216133,0.00027011604943538714,1.0856241571406522e-05,0.000494436691828407,0.0,United Kingdom,GBR,england,,,Linux-6.4.0-150600.23.73_15.0.14-cray_shasta_c_64k-aarch64-with-glibc2.38,3.11.7,3.3.0,72,Neoverse-V2,1,1 x NVIDIA GH200 120GB,-2.5917,51.4535,64,machine,0.0,2.0,42.1,360.5185546875,N,1.0,0.0
2026-09-27T00:58:57,efficientnet_lite0_batch2_node_2_local_train,bef22e66-626f-4bc4-8877-5dfe5c586497,5b0fa12a-3dd7-45bb-9766-cc326314d9f1,12.682567561045289,0.00017230301750968292,1.3585815070988812e-05,115.91248540032001,152.45674876881912,6.0,0.0003099280651767258,0.00040728727027783407,7.999289421519885e-06,0.0007252146248760798,0.0,United Kingdom,GBR,england,,,Linux-6.4.0-150600.23.73_15.0.14-cray_shasta_c_64k-aarch64-with-glibc2.38,3.11.7,3.3.0,72,Neoverse-V2,1,1 x NVIDIA GH200 120GB,-2.5917,51.4535,64,machine,8.977777777777778,4.0,42.0,360.0032212999132,N,1.0,0.0
2026-09-27T00:59:12,efficientnet_lite0_batch2_node_2_evaluate,f2f0663f-a288-489f-9706-d5f179d2fb2c,5b0fa12a-3dd7-45bb-9766-cc326314d9f1,10.290289212949574,0.00013029763665791983,1.266219383746278e-05,116.77282334125715,152.40519102723286,6.0,0.00023671822858719157,0.00030135829663890945,1.03395910836601e-05,0.0005484161163097611,0.0,United Kingdom,GBR,england,,,Linux-6.4.0-150600.23.73_15.0.14-cray_shasta_c_64k-aarch64-with-glibc2.38,3.11.7,3.3.0,72,Neoverse-V2,1,1 x NVIDIA GH200 120GB,-2.5917,51.4535,64,machine,0.0,1.8571428571428572,42.0,359.89650181361606,N,1.0,0.0
2026-09-27T00:59:56,efficientnet_lite0_batch2_node_3_local_train,39573325-f713-4f3a-a862-6fb2ed3ba0f1,5b0fa12a-3dd7-45bb-9766-cc326314d9f1,11.179872926790267,0.00014677010408853662,1.3128065502142895e-05,116.00476187904002,154.85065545921177,6.0,0.00026180972298200814,0.0003491144459530915,6.823723806301133e-06,0.0006177478927414006,0.0,United Kingdom,GBR,england,,,Linux-6.4.0-150600.23.73_15.0.14-cray_shasta_c_64k-aarch64-with-glibc2.38,3.11.7,3.3.0,72,Neoverse-V2,1,1 x NVIDIA GH200 120GB,-2.5917,51.4535,64,machine,0.0,5.0,42.0,359.9064636230469,N,1.0,0.0
2026-09-27T01:04:43,efficientnet_lite0_batch2_node_3_evaluate,7db30355-0742-4cc7-963f-101ef18fc467,5b0fa12a-3dd7-45bb-9766-cc326314d9f1,10.244504956062883,0.0001349128726983139,1.316929156430053e-05,124.04740316297143,145.56509886878868,6.0,0.00026052659415369317,0.00029702079316962227,1.029402241498853e-05,0.000567841409738304,0.0,United Kingdom,GBR,england,,,Linux-6.4.0-150600.23.73_15.0.14-cray_shasta_c_64k-aarch64-with-glibc2.38,3.11.7,3.3.0,72,Neoverse-V2,1,1 x NVIDIA GH200 120GB,-2.5917,51.4535,64,machine,0.0,2.2857142857142856,42.1,360.5040980747768,N,1.0,0.0
2026-09-27T01:05:02,efficientnet_lite0_batch2_node_4_local_train,046f4832-fc04-4458-a942-57e7f198cc3a,5b0fa12a-3dd7-45bb-9766-cc326314d9f1,9.400937633123249,0.00012266079167977178,1.3047718904930178e-05,120.00760249782857,81.25605947012265,6.0,0.0002197821255767596,0.0002859282842848643,1.0562614898663013e-05,0.0005162730247602868,0.0,United Kingdom,GBR,england,,,Linux-6.4.0-150600.23.73_15.0.14-cray_shasta_c_64k-aarch64-with-glibc2.38,3.11.7,3.3.0,72,Neoverse-V2,1,1 x NVIDIA GH200 120GB,-2.5917,51.4535,64,machine,0.0,9.166666666666666,42.1,360.50365193684894,N,1.0,0.0
2026-09-27T01:05:31,efficientnet_lite0_batch2_node_4_evaluate,eeeb6359-426b-44eb-b6d3-67cc1e773176,5b0fa12a-3dd7-45bb-9766-cc326314d9f1,10.409684997051954,0.00013725759514614515,1.3185566631941006e-05,122.64495024137145,152.03585993888163,6.0,0.00026155581698647696,0.00030559163336363326,1.0562776748556645e-05,0.0005777102270986669,0.0,United Kingdom,GBR,england,,,Linux-6.4.0-150600.23.73_15.0.14-cray_shasta_c_64k-aarch64-with-glibc2.38,3.11.7,3.3.0,72,Neoverse-V2,1,1 x NVIDIA GH200 120GB,-2.5917,51.4535,64,machine,0.0,1.5714285714285714,42.1,360.51217215401783,N,1.0,0.0
2026-09-27T01:05:47,efficientnet_lite0_batch2_node_5_local_train,fb829f15-4c50-4337-b22d-905580931bf2,5b0fa12a-3dd7-45bb-9766-cc326314d9f1,14.145459740888327,0.00020356122893854385,1.4390570025104063e-05,119.59399336608001,153.09183983380717,6.0,0.000370241714231935,0.000476134269774775,1.0402860714821145e-05,0.0008567788447215311,0.0,United Kingdom,GBR,england,,,Linux-6.4.0-150600.23.73_15.0.14-cray_shasta_c_64k-aarch64-with-glibc2.38,3.11.7,3.3.0,72,Neoverse-V2,1,1 x NVIDIA GH200 120GB,-2.5917,51.4535,64,machine,5.3090909090909095,4.090909090909091,42.10000000000001,360.53049538352275,N,1.0,0.0
2026-09-27T01:05:59,efficientnet_lite0_batch2_node_5_evaluate,17d7595c-9233-443d-86d2-6de3e65fcadc,5b0fa12a-3dd7-45bb-9766-cc326314d9f1,10.389892673119903,0.00013600725268570033,1.3090342409173293e-05,122.72210667565714,145.38792957965302,6.0,0.00026026362054158963,0.0003016460746607663,1.053790416335687e-05,0.0005724475993657128,0.0,United Kingdom,GBR,england,,,Linux-6.4.0-150600.23.73_15.0.14-cray_shasta_c_64k-aarch64-with-glibc2.38,3.11.7,3.3.0,72,Neoverse-V2,1,1 x NVIDIA GH200 120GB,-2.5917,51.4535,64,machine,10.87142857142857,1.8571428571428572,42.128571428571426,360.6591012137277,N,1.0,0.0
2026-09-27T01:06:20,efficientnet_lite0_batch2_node_0_upload,f6fbb8c9-3f2f-4f65-9569-72ccf4c189ef,5b0fa12a-3dd7-45bb-9766-cc326314d9f1,10.26392466085963,0.00012290365593179046,1.1974333404888513e-05,116.0604812736,142.96994354506867,6.0,0.00023183110139582422,0.00028545856169159833,5.564939929172397e-09,0.0005172952280273517,0.0,United Kingdom,GBR,england,,,Linux-6.4.0-150600.23.73_15.0.14-cray_shasta_c_64k-aarch64-with-glibc2.38,3.11.7,3.3.0,72,Neoverse-V2,1,1 x NVIDIA GH200 120GB,-2.5917,51.4535,64,machine,12.5,0.0,42.1,360.985116141183,N,1.0,0.0
2026-09-27T01:06:32,efficientnet_lite0_batch2_node_1_upload,fd2be4cf-1e3c-4f63-b4a6-92ccf10415ff,5b0fa12a-3dd7-45bb-9766-cc326314d9f1,6.091023459099233,5.2191406202631504e-05,8.56857744073601e-06,115.23233960640002,146.89909155513064,6.0,9.672568055540312e-05,0.00012293954279130048,5.747121758759021e-09,0.00021967097046846236,0.0,United Kingdom,GBR,england,,,Linux-6.4.0-150600.23.73_15.0.14-cray_shasta_c_64k-aarch64-with-glibc2.38,3.11.7,3.3.0,72,Neoverse-V2,1,1 x NVIDIA GH200 120GB,-2.5917,51.4535,64,machine,0.0,0.0,42.13333333333333,361.1058756510417,N,1.0,0.0
2026-09-27T01:06:46,efficientnet_lite0_batch2_node_2_upload,4ffa0ff1-e608-4dc8-b2d8-b5cf6ebd390e,5b0fa12a-3dd7-45bb-9766-cc326314d9f1,3.0870696411002427,1.0819118539836114e-06,3.504656453419088e-07,115.20035562240001,1349.1634175659558,6.0,5.738810656628045e-07,3.974447636778677e-06,5.3831865079700945e-09,4.553711888949452e-06,0.0,United Kingdom,GBR,england,,,Linux-6.4.0-150600.23.73_15.0.14-cray_shasta_c_64k-aarch64-with-glibc2.38,3.11.7,3.3.0,72,Neoverse-V2,1,1 x NVIDIA GH200 120GB,-2.5917,51.4535,64,machine,0,0,0,0,N,1.0,0.0
2026-09-27T01:06:56,efficientnet_lite0_batch2_node_3_upload,f75cc2a7-1384-4c99-86a4-3560507171c6,5b0fa12a-3dd7-45bb-9766-cc326314d9f1,9.162135757040232,0.00010283374852740488,1.1223774811280972e-05,115.20035562240001,140.64195292911134,6.0,0.0001949380259621709,0.0002378665791837875,1.7404826746011775e-08,0.00043282200997270444,0.0,United Kingdom,GBR,england,,,Linux-6.4.0-150600.23.73_15.0.14-cray_shasta_c_64k-aarch64-with-glibc2.38,3.11.7,3.3.0,72,Neoverse-V2,1,1 x NVIDIA GH200 120GB,-2.5917,51.4535,64,machine,0.0,0.0,42.199999999999996,361.4043273925781,N,1.0,0.0
2026-09-27T01:07:12,efficientnet_lite0_batch2_node_4_upload,1ca27fe9-3de5-4b1f-b4c0-4a3da8f09e42,5b0fa12a-3dd7-45bb-9766-cc326314d9f1,4.089478894835338,1.715864701484257e-05,4.195802804242974e-06,115.2010736064,141.09397445079858,6.0,3.256694257798592e-05,3.9647531721698215e-05,5.397053125003974e-09,7.221987135280913e-05,0.0,United Kingdom,GBR,england,,,Linux-6.4.0-150600.23.73_15.0.14-cray_shasta_c_64k-aarch64-with-glibc2.38,3.11.7,3.3.0,72,Neoverse-V2,1,1 x NVIDIA GH200 120GB,-2.5917,51.4535,64,machine,0.0,0.0,42.1,360.85498046875,N,1.0,0.0
2026-09-27T01:09:24,efficientnet_lite0_batch2_node_5_upload,f55d6d63-ccad-441d-9308-48d76e41412d,5b0fa12a-3dd7-45bb-9766-cc326314d9f1,3.0886149629950523,1.0989036722743591e-07,3.557917336542151e-08,115.20711141120002,0.0,6.0,4.5658133717640674e-07,0.0,5.941621493548155e-09,4.625229586699549e-07,0.0,United Kingdom,GBR,england,,,Linux-6.4.0-150600.23.73_15.0.14-cray_shasta_c_64k-aarch64-with-glibc2.38,3.11.7,3.3.0,72,Neoverse-V2,1,1 x NVIDIA GH200 120GB,-2.5917,51.4535,64,machine,0,0,0,0,N,1.0,0.0
2026-09-27T01:10:10,efficientnet_lite0_batch2_node_0_exchange,7ac5a031-750d-4294-9ac4-ce74866544f8,5b0fa12a-3dd7-45bb-9766-cc326314d9f1,24.185368643840775,0.00036112643626389277,1.4931607683220487e-05,117.50678312989092,142.99052337086013,6.0,0.0006805559805376099,0.0008392328936110971,1.7390301645112535e-07,0.001519962777165158,0.0,United Kingdom,GBR,england,,,Linux-6.4.0-150600.23.73_15.0.14-cray_shasta_c_64k-aarch64-with-glibc2.38,3.11.7,3.3.0,72,Neoverse-V2,1,1 x NVIDIA GH200 120GB,-2.5917,51.4535,64,machine,1.3095238095238095,0.0,42.10000000000001,360.9107404436384,N,1.0,0.0
2026-09-27T01:10:47,efficientnet_lite0_batch2_node_1_exchange,4bcacb7a-9c05-4f2c-8ffe-dfba14ea4fc4,5b0fa12a-3dd7-45bb-9766-cc326314d9f1,4.176982013043016,1.8962342948392574e-05,4.539723390998785e-06,117.62987247360002,141.237119121405,6.0,3.604624966627771e-05,4.3591145995947045e-05,1.741400081664324e-07,7.98115356703912e-05,0.0,United Kingdom,GBR,england,,,Linux-6.4.0-150600.23.73_15.0.14-cray_shasta_c_64k-aarch64-with-glibc2.38,3.11.7,3.3.0,72,Neoverse-V2,1,1 x NVIDIA GH200 120GB,-2.5917,51.4535,64,machine,0.0,0.0,42.2,361.4151611328125,N,1.0,0.0
2026-09-27T01:12:17,efficientnet_lite0_batch2_node_2_exchange,6e6b2905-3093-444e-ad36-bb4d35ef537a,5b0fa12a-3dd7-45bb-9766-cc326314d9f1,4.172292889095843,1.9910288068598215e-05,4.7720255020046966e-06,117.6146066304,148.6989669680524,6.0,3.602569061866035e-05,4.760114919122316e-05,1.7454859024534625e-07,8.380138840012886e-05,0.0,United Kingdom,GBR,england,,,Linux-6.4.0-150600.23.73_15.0.14-cray_shasta_c_64k-aarch64-with-glibc2.38,3.11.7,3.3.0,72,Neoverse-V2,1,1 x NVIDIA GH200 120GB,-2.5917,51.4535,64,machine,0.0,0.0,42.1,360.7716064453125,N,1.0,0.0
2026-09-27T01:12:41,efficientnet_lite0_batch2_node_3_exchange,217d4f96-d524-4477-991f-89665b0241fa,5b0fa12a-3dd7-45bb-9766-cc326314d9f1,12.176495656836778,0.00015621176082281598,1.2828958776419982e-05,134.75124324864,142.03699712134934,6.0,0.0002968455523372558,0.00036046612170537173,1.7567100624243418e-07,0.00065748734504887,0.0,United Kingdom,GBR,england,,,Linux-6.4.0-150600.23.73_15.0.14-cray_shasta_c_64k-aarch64-with-glibc2.38,3.11.7,3.3.0,72,Neoverse-V2,1,1 x NVIDIA GH200 120GB,-2.5917,51.4535,64,machine,4.1000000000000005,0.0,42.1,360.736334906684,N,1.0,0.0
2026-09-27T01:13:31,efficientnet_lite0_batch2_node_4_exchange,6c485ecd-e33a-4336-af6e-e0947881df4b,5b0fa12a-3dd7-45bb-9766-cc326314d9f1,3.1711643310263753,1.9242032912677686e-06,6.067813239577475e-07,117.37363253760003,71.6171223942008,6.0,3.897123586867885e-06,4.027503223369422e-06,1.7424683823871118e-07,8.098873648476018e-06,0.0,United Kingdom,GBR,england,,,Linux-6.4.0-150600.23.73_15.0.14-cray_shasta_c_64k-aarch64-with-glibc2.38,3.11.7,3.3.0,72,Neoverse-V2,1,1 x NVIDIA GH200 120GB,-2.5917,51.4535,64,machine,0,0,0,0,N,1.0,0.0
2026-09-27T01:13:43,efficientnet_lite0_batch2_node_5_exchange,1f6bf955-2790-4546-99b4-531e61cb563c,5b0fa12a-3dd7-45bb-9766-cc326314d9f1,4.178261399967596,1.9966175625570468e-05,4.7785846107486985e-06,116.42425162560002,213.41556078165672,6.0,3.6171642098115796e-05,4.768753815653781e-05,1.774360262788832e-07,8.403661628093249e-05,0.0,United Kingdom,GBR,england,,,Linux-6.4.0-150600.23.73_15.0.14-cray_shasta_c_64k-aarch64-with-glibc2.38,3.11.7,3.3.0,72,Neoverse-V2,1,1 x NVIDIA GH200 120GB,-2.5917,51.4535,64,machine,0.0,0.0,42.1,360.76849365234375,N,1.0,0.0
2026-09-27T01:13:58,efficientnet_lite0_batch2_node_0_evaluate,1d3eec45-1bb7-4ad1-8f2c-eb883d009d85,5b0fa12a-3dd7-45bb-9766-cc326314d9f1,12.263854953227565,0.00016321962608449424,1.3308998410939178e-05,116.9104305106286,145.65623403756325,6.0,0.0003007756356414634,0.0003758741896007223,1.0333267765042062e-05,0.0006869830930072277,0.0,United Kingdom,GBR,england,,,Linux-6.4.0-150600.23.73_15.0.14-cray_shasta_c_64k-aarch64-with-glibc2.38,3.11.7,3.3.0,72,Neoverse-V2,1,1 x NVIDIA GH200 120GB,-2.5917,51.4535,64,machine,15.211111111111112,0.4444444444444444,42.111111111111114,360.85280354817706,N,1.0,0.0
2026-09-27T01:14:21,efficientnet_lite0_batch2_node_1_evaluate,778ce8c3-3ea4-4169-ab01-f9b7bcfda8e9,5b0fa12a-3dd7-45bb-9766-cc326314d9f1,10.605513472110033,0.00013586218840370919,1.2810524333498258e-05,116.79847110720002,146.7147965316372,6.0,0.00024730329402270444,0.00031364886204698905,1.088487512160403e-05,0.0005718370311912975,0.0,United Kingdom,GBR,england,,,Linux-6.4.0-150600.23.73_15.0.14-cray_shasta_c_64k-aarch64-with-glibc2.38,3.11.7,3.3.0,72,Neoverse-V2,1,1 x NVIDIA GH200 120GB,-2.5917,51.4535,64,machine,4.071428571428571,1.1428571428571428,42.1,360.7755388532366,N,1.0,0.0
2026-09-27T01:14:40,efficientnet_lite0_batch2_node_2_evaluate,7f702952-70d8-4a04-a2f6-f29c6f40abb3,5b0fa12a-3dd7-45bb-9766-cc326314d9f1,9.316724354866892,0.00011340505575559803,1.2172202529138606e-05,116.51286984685716,75.51074504339564,6.0,0.00020521030800257803,0.00026170298714589535,1.0402808524668218e-05,0.00047731610367314156,0.0,United Kingdom,GBR,england,,,Linux-6.4.0-150600.23.73_15.0.14-cray_shasta_c_64k-aarch64-with-glibc2.38,3.11.7,3.3.0,72,Neoverse-V2,1,1 x NVIDIA GH200 120GB,-2.5917,51.4535,64,machine,0.0,1.3333333333333333,42.1,360.8027038574219,N,1.0,0.0
2026-09-27T01:15:19,efficientnet_lite0_batch2_node_3_evaluate,5b4cdecd-afe6-41e4-84ec-2a57e123671a,5b0fa12a-3dd7-45bb-9766-cc326314d9f1,15.879624826135114,0.00022530488961781646,1.4188300547693268e-05,116.50602504137144,147.14246004400786,6.0,0.0004148979052690203,0.0005231223629493797,1.0276536843351399e-05,0.0009482968050617515,0.0,United Kingdom,GBR,england,,,Linux-6.4.0-150600.23.73_15.0.14-cray_shasta_c_64k-aarch64-with-glibc2.38,3.11.7,3.3.0,72,Neoverse-V2,1,1 x NVIDIA GH200 120GB,-2.5917,51.4535,64,machine,2.1333333333333333,1.25,42.10000000000001,360.8010508219401,N,1.0,0.0
2026-09-27T01:15:38,efficientnet_lite0_batch2_node_4_evaluate,2b2e9113-5c4d-4a34-bf42-9e582b39acc1,5b0fa12a-3dd7-45bb-9766-cc326314d9f1,14.282037683064118,0.00019824221894300067,1.3880527648941835e-05,116.63999992080001,146.99378744593827,6.0,0.00036427558101307587,0.0004595753676710501,1.054045387660153e-05,0.0008343914025607275,0.0,United Kingdom,GBR,england,,,Linux-6.4.0-150600.23.73_15.0.14-cray_shasta_c_64k-aarch64-with-glibc2.38,3.11.7,3.3.0,72,Neoverse-V2,1,1 x NVIDIA GH200 120GB,-2.5917,51.4535,64,machine,0.0,0.7272727272727273,42.13636363636363,360.9003184925426,N,1.0,0.0
2026-09-27T01:15:55,efficientnet_lite0_batch2_node_5_evaluate,5143cdcc-da7f-4a06-9657-80b465b86b43,5b0fa12a-3dd7-45bb-9766-cc326314d9f1,9.387482601916417,0.00011394534922801443,1.2138009097854726e-05,116.43097968000001,74.50798469876968,6.0,0.00020725100248274433,0.00026179298721729083,1.0546181680013738e-05,0.0004795901713800489,0.0,United Kingdom,GBR,england,,,Linux-6.4.0-150600.23.73_15.0.14-cray_shasta_c_64k-aarch64-with-glibc2.38,3.11.7,3.3.0,72,Neoverse-V2,1,1 x NVIDIA GH200 120GB,-2.5917,51.4535,64,machine,1.75,2.0,42.11666666666667,360.81203206380206,N,1.0,0.0
2026-09-27T01:16:18,mobilevit_xxs_batch2_node_0_local_train,f1de85be-9ba2-47c1-a8e3-21a7732f2390,5b0fa12a-3dd7-45bb-9766-cc326314d9f1,11.201885147951543,0.0001487289571435798,1.3277136408667556e-05,115.91931492720002,149.2438065789247,6.0,0.0002634812312793471,0.00035062805827124066,1.1883315930220608e-05,0.0006259926054808084,0.0,United Kingdom,GBR,england,,,Linux-6.4.0-150600.23.73_15.0.14-cray_shasta_c_64k-aarch64-with-glibc2.38,3.11.7,3.3.0,72,Neoverse-V2,1,1 x NVIDIA GH200 120GB,-2.5917,51.4535,64,machine,0.0,7.75,42.199999999999996,361.17725372314453,N,1.0,0.0
2026-09-27T01:16:43,mobilevit_xxs_batch2_node_0_evaluate,b355fad9-bbd1-4e0c-9094-def03d4f4c37,5b0fa12a-3dd7-45bb-9766-cc326314d9f1,18.59379514399916,0.0002731098094604243,1.4688222998335334e-05,121.19126596333717,152.27769236073732,6.0,0.000511209063309046,0.0006279449467996301,1.0351267746882514e-05,0.0011495052778555585,0.0,United Kingdom,GBR,england,,,Linux-6.4.0-150600.23.73_15.0.14-cray_shasta_c_64k-aarch64-with-glibc2.38,3.11.7,3.3.0,72,Neoverse-V2,1,1 x NVIDIA GH200 120GB,-2.5917,51.4535,64,machine,0.86,0.8666666666666667,41.41333333333333,354.6087239583333,N,1.0,0.0
2026-09-27T01:17:10,mobilevit_xxs_batch2_node_1_local_train,a51fed7e-bf03-4b5e-afbd-3e830bd7af67,5b0fa12a-3dd7-45bb-9766-cc326314d9f1,16.806479891063645,0.0002528047833190639,1.5042101912934513e-05,116.04131417417143,77.95988506559114,6.0,0.00044624280219144984,0.0005949015870356789,2.2898067785038928e-05,0.0010640424570121675,0.0,United Kingdom,GBR,england,,,Linux-6.4.0-150600.23.73_15.0.14-cray_shasta_c_64k-aarch64-with-glibc2.38,3.11.7,3.3.0,72,Neoverse-V2,1,1 x NVIDIA GH200 120GB,-2.5917,51.4535,64,machine,0.0,8.76923076923077,41.5,355.30394099308893,N,1.0,0.0
2026-09-27T01:17:50,mobilevit_xxs_batch2_node_1_evaluate,82268792-b39f-45ef-a031-c89781139312,5b0fa12a-3dd7-45bb-9766-cc326314d9f1,10.676769785117358,0.0001358712066977537,1.272587209730309e-05,116.75287230994286,144.4757141245101,6.0,0.00024974976686500104,0.0003111113599914006,1.101386187520499e-05,0.0005718749887316067,0.0,United Kingdom,GBR,england,,,Linux-6.4.0-150600.23.73_15.0.14-cray_shasta_c_64k-aarch64-with-glibc2.38,3.11.7,3.3.0,72,Neoverse-V2,1,1 x NVIDIA GH200 120GB,-2.5917,51.4535,64,machine,0.0,1.8571428571428572,41.72857142857142,357.34055873325894,N,1.0,0.0
2026-09-27T01:18:33,mobilevit_xxs_batch2_node_2_local_train,ac5be1d5-8aff-4b18-95df-01482638e4d6,5b0fa12a-3dd7-45bb-9766-cc326314d9f1,26.61650909599848,0.0004172867196373528,1.567774038782898e-05,115.70578634964706,99.82190877056827,6.0,0.0007569948372322965,0.0009617813249747087,3.756238729382555e-05,0.0017563385495008306,0.0,United Kingdom,GBR,england,,,Linux-6.4.0-150600.23.73_15.0.14-cray_shasta_c_64k-aarch64-with-glibc2.38,3.11.7,3.3.0,72,Neoverse-V2,1,1 x NVIDIA GH200 120GB,-2.5917,51.4535,64,machine,1.3608695652173914,3.3043478260869565,41.70000000000002,357.18040665336275,N,1.0,0.0
2026-09-27T01:18:51,mobilevit_xxs_batch2_node_2_evaluate,3228503c-2536-497b-9737-eb1dde04864b,5b0fa12a-3dd7-45bb-9766-cc326314d9f1,16.89084555604495,0.00024109798114998186,1.4273884652488395e-05,116.55858212742858,145.04964420487724,6.0,0.0004476943742285788,0.0005564148895871313,1.0659859123406933e-05,0.001014769122939117,0.0,United Kingdom,GBR,england,,,Linux-6.4.0-150600.23.73_15.0.14-cray_shasta_c_64k-aarch64-with-glibc2.38,3.11.7,3.3.0,72,Neoverse-V2,1,1 x NVIDIA GH200 120GB,-2.5917,51.4535,64,machine,0.9076923076923078,0.6153846153846154,41.699999999999996,357.274174616887,N,1.0,0.0
2026-09-27T01:19:41,mobilevit_xxs_batch2_node_3_local_train,14ad7284-9162-434d-85fc-bf19663d550f,5b0fa12a-3dd7-45bb-9766-cc326314d9f1,9.553880902938545,0.00011959115226605826,1.251754689858808e-05,115.82616343680002,78.39936885889706,6.0,0.00021024825204580256,0.0002822971702869381,1.0807646479612837e-05,0.0005033530688123535,0.0,United Kingdom,GBR,england,,,Linux-6.4.0-150600.23.73_15.0.14-cray_shasta_c_64k-aarch64-with-glibc2.38,3.11.7,3.3.0,72,Neoverse-V2,1,1 x NVIDIA GH200 120GB,-2.5917,51.4535,64,machine,0.0,8.666666666666666,41.699999999999996,357.23858642578125,N,1.0,0.0
2026-09-27T01:20:43,mobilevit_xxs_batch2_node_3_evaluate,ec1c6373-156d-48d5-a869-7e263276d66f,5b0fa12a-3dd7-45bb-9766-cc326314d9f1,10.36911947815679,0.000130348346526704,1.2570821158083007e-05,116.68551345051429,144.25695401072034,6.0,0.0002393999614840276,0.0002987232945343976,1.0506295546268422e-05,0.0005486295515646937,0.0,United Kingdom,GBR,england,,,Linux-6.4.0-150600.23.73_15.0.14-cray_shasta_c_64k-aarch64-with-glibc2.38,3.11.7,3.3.0,72,Neoverse-V2,1,1 x NVIDIA GH200 120GB,-2.5917,51.4535,64,machine,11.1,1.7142857142857142,41.699999999999996,357.10928780691967,N,1.0,0.0
2026-09-27T01:23:54,mobilevit_xxs_batch2_node_4_local_train,232abaca-1e8d-477a-9827-423ced5ddcc6,5b0fa12a-3dd7-45bb-9766-cc326314d9f1,15.975820391904563,0.00023293894923076872,1.4580719081494306e-05,115.91764952832003,149.33327076231262,6.0,0.00041756685697494177,0.000546445992711142,1.6415323464898392e-05,0.0009804281731509823,0.0,United Kingdom,GBR,england,,,Linux-6.4.0-150600.23.73_15.0.14-cray_shasta_c_64k-aarch64-with-glibc2.38,3.11.7,3.3.0,72,Neoverse-V2,1,1 x NVIDIA GH200 120GB,-2.5917,51.4535,64,machine,7.483333333333333,9.083333333333334,41.699999999999996,357.45461018880206,N,1.0,0.0
2026-09-27T01:24:07,mobilevit_xxs_batch2_node_4_evaluate,d1f7d4ad-efc5-4886-899e-4fbfd104fe31,5b0fa12a-3dd7-45bb-9766-cc326314d9f1,10.60874380194582,0.00013510831396337772,1.2735561955845951e-05,116.60224759817143,151.04795748120597,6.0,0.0002469925528108347,0.0003107763597114399,1.0895099546372271e-05,0.0005686640120686468,0.0,United Kingdom,GBR,england,,,Linux-6.4.0-150600.23.73_15.0.14-cray_shasta_c_64k-aarch64-with-glibc2.38,3.11.7,3.3.0,72,Neoverse-V2,1,1 x NVIDIA GH200 120GB,-2.5917,51.4535,64,machine,0.0,1.5714285714285714,41.785714285714285,357.85470145089283,N,1.0,0.0
2026-09-27T01:24:30,mobilevit_xxs_batch2_node_5_local_train,55998637-cf0a-4566-9fde-91aee05f9841,5b0fa12a-3dd7-45bb-9766-cc326314d9f1,12.763784302864224,0.00017853303468925397,1.398746879866896e-05,115.93980241919999,78.06522947061418,6.0,0.0003147811273558719,0.00042049061417515077,1.6164708343567327e-05,0.00075143644987459,0.0,United Kingdom,GBR,england,,,Linux-6.4.0-150600.23.73_15.0.14-cray_shasta_c_64k-aarch64-with-glibc2.38,3.11.7,3.3.0,72,Neoverse-V2,1,1 x NVIDIA GH200 120GB,-2.5917,51.4535,64,machine,0.0,2.3333333333333335,41.74444444444445,357.6103040907118,N,1.0,0.0
2026-09-27T01:24:53,mobilevit_xxs_batch2_node_5_evaluate,c5f3f06a-d92e-4384-bd78-b12569fbcacd,5b0fa12a-3dd7-45bb-9766-cc326314d9f1,10.457139340927824,0.00013205885556902034,1.2628583330831204e-05,116.67820186285715,150.68854612653135,6.0,0.0002422398644219054,0.00030294746458991995,1.0641667991488551e-05,0.0005558289970033139,0.0,United Kingdom,GBR,england,,,Linux-6.4.0-150600.23.73_15.0.14-cray_shasta_c_64k-aarch64-with-glibc2.38,3.11.7,3.3.0,72,Neoverse-V2,1,1 x NVIDIA GH200 120GB,-2.5917,51.4535,64,machine,0.0,1.1428571428571428,41.800000000000004,357.6316702706473,N,1.0,0.0
2026-09-27T01:26:08,mobilevit_xxs_batch2_node_0_upload,39c51807-955a-4d8b-986e-0168a782f4df,5b0fa12a-3dd7-45bb-9766-cc326314d9f1,31.990121339913458,0.0004984180112507969,1.5580372639253804e-05,115.64725823228571,142.3870327574772,6.0,0.0009287760525742239,0.001144028693005339,2.5011278103338557e-05,0.0020978160236829017,0.0,United Kingdom,GBR,england,,,Linux-6.4.0-150600.23.73_15.0.14-cray_shasta_c_64k-aarch64-with-glibc2.38,3.11.7,3.3.0,72,Neoverse-V2,1,1 x NVIDIA GH200 120GB,-2.5917,51.4535,64,machine,0.9392857142857143,0.0,41.810714285714276,358.06909833635603,N,1.0,0.0
2026-09-27T01:26:33,mobilevit_xxs_batch2_node_1_upload,8e03cb9d-4b28-468c-b77f-d820a28aa3ad,5b0fa12a-3dd7-45bb-9766-cc326314d9f1,9.35128403105773,0.00010698700400224913,1.1440889149224971e-05,115.20658693851429,143.02572048209294,6.0,0.00020097919767670077,0.00024931797723581894,5.675818150242169e-09,0.0004503028507306699,0.0,United Kingdom,GBR,england,,,Linux-6.4.0-150600.23.73_15.0.14-cray_shasta_c_64k-aarch64-with-glibc2.38,3.11.7,3.3.0,72,Neoverse-V2,1,1 x NVIDIA GH200 120GB,-2.5917,51.4535,64,machine,0.0,0.0,41.9,359.17176310221356,N,1.0,0.0
2026-09-27T01:26:48,mobilevit_xxs_batch2_node_2_upload,ccc5f7a0-d514-4648-94df-0b9a5438bbf1,5b0fa12a-3dd7-45bb-9766-cc326314d9f1,4.451017419109121,2.3767342063614533e-05,5.339754897740123e-06,115.4632938048,143.92696193660413,6.0,4.458485809632336e-05,5.5445322132641195e-05,5.351986813669403e-09,0.00010003553221577823,0.0,United Kingdom,GBR,england,,,Linux-6.4.0-150600.23.73_15.0.14-cray_shasta_c_64k-aarch64-with-glibc2.38,3.11.7,3.3.0,72,Neoverse-V2,1,1 x NVIDIA GH200 120GB,-2.5917,51.4535,64,machine,0.0,0.0,42.0,359.34173583984375,N,1.0,0.0
2026-09-27T01:26:59,mobilevit_xxs_batch2_node_3_upload,fada6459-eb1e-4bcf-9d56-32178f68fb0a,5b0fa12a-3dd7-45bb-9766-cc326314d9f1,8.588891939027235,9.471409574445207e-05,1.102751046547446e-05,115.22321844480003,144.6900137251956,6.0,0.00017694837501910048,0.00022169239957747777,6.0303668336321905e-09,0.0003986468049634119,0.0,United Kingdom,GBR,england,,,Linux-6.4.0-150600.23.73_15.0.14-cray_shasta_c_64k-aarch64-with-glibc2.38,3.11.7,3.3.0,72,Neoverse-V2,1,1 x NVIDIA GH200 120GB,-2.5917,51.4535,64,machine,0.0,0.0,42.0,359.30487060546875,N,1.0,0.0
2026-09-27T01:27:13,mobilevit_xxs_batch2_node_4_upload,f210e264-0e34-4d67-876f-eb180b03e684,5b0fa12a-3dd7-45bb-9766-cc326314d9f1,8.626451659947634,9.496973729953781e-05,1.1009131105490285e-05,115.20835850880003,143.58722260454104,6.0,0.0001779983587999912,0.00022171906627477256,5.362173542380333e-09,0.00039972278724830613,0.0,United Kingdom,GBR,england,,,Linux-6.4.0-150600.23.73_15.0.14-cray_shasta_c_64k-aarch64-with-glibc2.38,3.11.7,3.3.0,72,Neoverse-V2,1,1 x NVIDIA GH200 120GB,-2.5917,51.4535,64,machine,5.340000000000001,0.0,42.0,359.8201049804687,N,1.0,0.0
2026-09-27T01:27:25,mobilevit_xxs_batch2_node_5_upload,d30f41c6-41e3-44ed-bdb5-7f82c18d0991,5b0fa12a-3dd7-45bb-9766-cc326314d9f1,3.08489519613795,1.1059558252045274e-06,3.585067741001699e-07,115.20035562240001,1515.9454356423028,6.0,6.428577628323128e-07,4.00666988298326e-06,5.384093383327126e-09,4.6549117391989e-06,0.0,United Kingdom,GBR,england,,,Linux-6.4.0-150600.23.73_15.0.14-cray_shasta_c_64k-aarch64-with-glibc2.38,3.11.7,3.3.0,72,Neoverse-V2,1,1 x NVIDIA GH200 120GB,-2.5917,51.4535,64,machine,0,0,0,0,N,1.0,0.0
2026-09-27T01:27:39,mobilevit_xxs_batch2_node_0_exchange,c405bd72-c328-48f7-afb8-2c603bcbd673,5b0fa12a-3dd7-45bb-9766-cc326314d9f1,4.110561094013974,1.7162744994229223e-05,4.175280357521643e-06,115.20035562240001,140.52427921943678,6.0,3.2592120549498046e-05,3.963253170979897e-05,1.246728003025055e-08,7.223711953932726e-05,0.0,United Kingdom,GBR,england,,,Linux-6.4.0-150600.23.73_15.0.14-cray_shasta_c_64k-aarch64-with-glibc2.38,3.11.7,3.3.0,72,Neoverse-V2,1,1 x NVIDIA GH200 120GB,-2.5917,51.4535,64,machine,6.3,0.0,42.0,359.92987060546875,N,1.0,0.0
2026-09-27T01:27:55,mobilevit_xxs_batch2_node_1_exchange,6dc5148d-3922-4725-bb22-f1b9ae51a867,5b0fa12a-3dd7-45bb-9766-cc326314d9f1,8.58216585079208,9.351546345991463e-05,1.089648756336767e-05,115.20035562240001,142.92477988754987,6.0,0.00017571535961287025,0.00021788017430424134,6.288810012241204e-09,0.00039360182272712383,0.0,United Kingdom,GBR,england,,,Linux-6.4.0-150600.23.73_15.0.14-cray_shasta_c_64k-aarch64-with-glibc2.38,3.11.7,3.3.0,72,Neoverse-V2,1,1 x NVIDIA GH200 120GB,-2.5917,51.4535,64,machine,0.0,0.0,42.08,360.44390869140625,N,1.0,0.0
2026-09-27T01:28:07,mobilevit_xxs_batch2_node_2_exchange,be92db9d-0535-4c4d-b83a-896365ba02cb,5b0fa12a-3dd7-45bb-9766-cc326314d9f1,8.554007651982829,9.330734461131495e-05,1.0908026787851447e-05,115.20035562240001,143.51670640752468,6.0,0.0001749246897127111,0.0002177957297959665,5.441584701960286e-09,0.00039272586109337956,0.0,United Kingdom,GBR,england,,,Linux-6.4.0-150600.23.73_15.0.14-cray_shasta_c_64k-aarch64-with-glibc2.38,3.11.7,3.3.0,72,Neoverse-V2,1,1 x NVIDIA GH200 120GB,-2.5917,51.4535,64,machine,8.98,0.0,42.1,360.45667724609376,N,1.0,0.0
2026-09-27T01:28:57,mobilevit_xxs_batch2_node_3_exchange,8d263174-70c5-4366-996f-6940c613a843,5b0fa12a-3dd7-45bb-9766-cc326314d9f1,3.1060967328958213,1.0221770328984012e-07,3.290873146585564e-08,115.20035562240001,0.0,6.0,4.248422386079655e-07,0.0,5.386868336548408e-09,4.3022910694451394e-07,0.0,United Kingdom,GBR,england,,,Linux-6.4.0-150600.23.73_15.0.14-cray_shasta_c_64k-aarch64-with-glibc2.38,3.11.7,3.3.0,72,Neoverse-V2,1,1 x NVIDIA GH200 120GB,-2.5917,51.4535,64,machine,0,0,0,0,N,1.0,0.0
2026-09-27T01:29:25,mobilevit_xxs_batch2_node_4_exchange,73cc8368-cf9c-46be-afe6-9f832ac0a12c,5b0fa12a-3dd7-45bb-9766-cc326314d9f1,24.88430420611985,0.0003768491685701897,1.5144050862290551e-05,115.20044405672726,71.32720297558524,6.0,0.0006975530904879448,0.0008635609686393764,2.502489751709315e-05,0.0015861389566444143,0.0,United Kingdom,GBR,england,,,Linux-6.4.0-150600.23.73_15.0.14-cray_shasta_c_64k-aarch64-with-glibc2.38,3.11.7,3.3.0,72,Neoverse-V2,1,1 x NVIDIA GH200 120GB,-2.5917,51.4535,64,machine,0.9333333333333333,0.0,42.10000000000001,360.363516671317,N,1.0,0.0
2026-09-27T01:29:33,mobilevit_xxs_batch2_node_5_exchange,edccf9a7-5b1e-47b2-a06c-cc1866b35315,5b0fa12a-3dd7-45bb-9766-cc326314d9f1,4.101590127917007,1.7172105584701485e-05,4.186694684049852e-06,115.20044323200003,140.80686475602317,6.0,3.257270532524985e-05,3.9692531757395955e-05,1.1280705220997334e-08,7.22765177878668e-05,0.0,United Kingdom,GBR,england,,,Linux-6.4.0-150600.23.73_15.0.14-cray_shasta_c_64k-aarch64-with-glibc2.38,3.11.7,3.3.0,72,Neoverse-V2,1,1 x NVIDIA GH200 120GB,-2.5917,51.4535,64,machine,0.0,0.0,42.1,360.40228271484375,N,1.0,0.0
2026-09-27T01:29:59,mobilevit_xxs_batch2_node_0_evaluate,c35fda97-6c24-4904-94eb-21c0bec7c1fa,5b0fa12a-3dd7-45bb-9766-cc326314d9f1,14.965349382953718,0.00020841306800892232,1.3926375033135894e-05,116.49255649097144,145.36173957258973,6.0,0.00038567187740539647,0.00048101482926199424,1.0513281585105384e-05,0.0008771999882524962,0.0,United Kingdom,GBR,england,,,Linux-6.4.0-150600.23.73_15.0.14-cray_shasta_c_64k-aarch64-with-glibc2.38,3.11.7,3.3.0,72,Neoverse-V2,1,1 x NVIDIA GH200 120GB,-2.5917,51.4535,64,machine,0.0,1.0909090909090908,42.06363636363636,360.5441062233665,N,1.0,0.0
2026-09-27T01:30:13,mobilevit_xxs_batch2_node_1_evaluate,d83fa81b-24a9-44a4-9435-9936e88ab3ac,5b0fa12a-3dd7-45bb-9766-cc326314d9f1,9.733357709133998,0.00011999084179697698,1.2327795338742655e-05,116.42144378605715,74.38251358265576,6.0,0.0002184149997106444,0.00027550299817846735,1.1117343801694611e-05,0.0005050353416908063,0.0,United Kingdom,GBR,england,,,Linux-6.4.0-150600.23.73_15.0.14-cray_shasta_c_64k-aarch64-with-glibc2.38,3.11.7,3.3.0,72,Neoverse-V2,1,1 x NVIDIA GH200 120GB,-2.5917,51.4535,64,machine,0.0,1.8333333333333333,42.0,359.88402303059894,N,1.0,0.0
2026-09-27T01:31:42,mobilevit_xxs_batch2_node_2_evaluate,5734e668-e0ca-4101-8db2-69e2bf4269f3,5b0fa12a-3dd7-45bb-9766-cc326314d9f1,16.110200257971883,0.00022769622049658914,1.413366791538902e-05,116.66989293840001,144.79643787723325,6.0,0.0004230487339909005,0.0005247290309000618,1.0584030043100939e-05,0.0009583617949340633,0.0,United Kingdom,GBR,england,,,Linux-6.4.0-150600.23.73_15.0.14-cray_shasta_c_64k-aarch64-with-glibc2.38,3.11.7,3.3.0,72,Neoverse-V2,1,1 x NVIDIA GH200 120GB,-2.5917,51.4535,64,machine,3.5,1.1538461538461537,42.04615384615386,360.0392503004808,N,1.0,0.0
2026-09-27T01:32:49,mobilevit_xxs_batch2_node_3_evaluate,56f92233-fb51-4140-9a60-3d779c606920,5b0fa12a-3dd7-45bb-9766-cc326314d9f1,10.41251189308241,0.00013169753951421137,1.2648008556101155e-05,116.75884279680001,148.40289628592387,6.0,0.0002410239975037387,0.0003027796866774679,1.050455195014365e-05,0.0005543082361313503,0.0,United Kingdom,GBR,england,,,Linux-6.4.0-150600.23.73_15.0.14-cray_shasta_c_64k-aarch64-with-glibc2.38,3.11.7,3.3.0,72,Neoverse-V2,1,1 x NVIDIA GH200 120GB,-2.5917,51.4535,64,machine,0.6428571428571429,2.2857142857142856,42.0,359.910391671317,N,1.0,0.0
2026-09-27T01:35:19,mobilevit_xxs_batch2_node_4_evaluate,3e396b66-4484-4604-914b-e5a97f1c1a15,5b0fa12a-3dd7-45bb-9766-cc326314d9f1,10.44305489398539,0.00013193251280687007,1.2633517121781649e-05,116.76781348662858,150.73570950175028,6.0,0.0002419850161796915,0.0003026971865978112,1.0615023974872505e-05,0.0005552972267523752,0.0,United Kingdom,GBR,england,,,Linux-6.4.0-150600.23.73_15.0.14-cray_shasta_c_64k-aarch64-with-glibc2.38,3.11.7,3.3.0,72,Neoverse-V2,1,1 x NVIDIA GH200 120GB,-2.5917,51.4535,64,machine,17.285714285714285,2.2857142857142856,42.0,359.5687255859375,N,1.0,0.0
2026-09-27T01:35:30,mobilevit_xxs_batch2_node_5_evaluate,2a21be12-cac8-46a9-bf1b-a53e1c850b2d,5b0fa12a-3dd7-45bb-9766-cc326314d9f1,9.461189161986113,0.00011500855600141092,1.2155824604321523e-05,116.6032142290286,74.14050482113984,6.0,0.00021017806451029917,0.00026323048834342444,1.065660168377993e-05,0.0004840651545375035,0.0,United Kingdom,GBR,england,,,Linux-6.4.0-150600.23.73_15.0.14-cray_shasta_c_64k-aarch64-with-glibc2.38,3.11.7,3.3.0,72,Neoverse-V2,1,1 x NVIDIA GH200 120GB,-2.5917,51.4535,64,machine,0.0,1.8333333333333333,42.0,359.5897623697917,N,1.0,0.0
2026-09-27T01:36:15,mobilenet_v3_small_batch3_node_0_local_train,94ea5ba4-fee0-4e18-8852-ab76c77b250b,5b0fa12a-3dd7-45bb-9766-cc326314d9f1,9.751270327949896,0.00011791920383666045,1.2092701757910524e-05,115.86925099337145,73.46853455389537,6.0,0.00021591811749343192,0.00026929021542798637,1.1107590108100946e-05,0.0004963159230295192,0.0,United Kingdom,GBR,england,,,Linux-6.4.0-150600.23.73_15.0.14-cray_shasta_c_64k-aarch64-with-glibc2.38,3.11.7,3.3.0,72,Neoverse-V2,1,1 x NVIDIA GH200 120GB,-2.5917,51.4535,64,machine,0.0,2.8333333333333335,41.61666666666667,356.6886494954427,N,1.0,0.0
2026-09-27T01:36:52,mobilenet_v3_small_batch3_node_0_evaluate,159b8ae2-9228-475b-bd80-befd508598c8,5b0fa12a-3dd7-45bb-9766-cc326314d9f1,19.44913811213337,0.0002839474297411282,1.4599486522438095e-05,116.08563844800001,143.7288217812487,6.0,0.0005278837746837069,0.0006516105212881484,1.5625973658170552e-05,0.0011951202696300258,0.0,United Kingdom,GBR,england,,,Linux-6.4.0-150600.23.73_15.0.14-cray_shasta_c_64k-aarch64-with-glibc2.38,3.11.7,3.3.0,72,Neoverse-V2,1,1 x NVIDIA GH200 120GB,-2.5917,51.4535,64,machine,1.2,0.1875,41.64375000000001,356.70067596435547,N,1.0,0.0
2026-09-27T01:37:08,mobilenet_v3_small_batch3_node_1_local_train,1374eeef-a73d-4f87-833a-c99313ea042d,5b0fa12a-3dd7-45bb-9766-cc326314d9f1,15.555238377070054,0.00022285232810536086,1.4326513210743657e-05,115.99822446424616,73.7207521652522,6.0,0.00040569433437440686,0.000511460964716548,2.0818799479942148e-05,0.000937974098570897,0.0,United Kingdom,GBR,england,,,Linux-6.4.0-150600.23.73_15.0.14-cray_shasta_c_64k-aarch64-with-glibc2.38,3.11.7,3.3.0,72,Neoverse-V2,1,1 x NVIDIA GH200 120GB,-2.5917,51.4535,64,machine,0.0,2.6666666666666665,41.699999999999996,356.79613240559894,N,1.0,0.0
2026-09-27T01:40:50,mobilenet_v3_small_batch3_node_1_evaluate,4355394f-f959-49ca-ad14-0be58643d7f0,5b0fa12a-3dd7-45bb-9766-cc326314d9f1,10.319501250982285,0.00012748478593694983,1.2353773969920775e-05,116.66737467154286,142.14036921649142,6.0,0.0002375518864757767,0.00028861023089632454,1.041485351859592e-05,0.0005365769708906971,0.0,United Kingdom,GBR,england,,,Linux-6.4.0-150600.23.73_15.0.14-cray_shasta_c_64k-aarch64-with-glibc2.38,3.11.7,3.3.0,72,Neoverse-V2,1,1 x NVIDIA GH200 120GB,-2.5917,51.4535,64,machine,11.957142857142856,0.42857142857142855,41.699999999999996,356.83140345982144,N,1.0,0.0
2026-09-27T01:41:20,mobilenet_v3_small_batch3_node_2_local_train,afa80cd4-8352-4b7c-bb82-dec5dac7feea,5b0fa12a-3dd7-45bb-9766-cc326314d9f1,20.389358068117872,0.00030664367566610065,1.5039398231256171e-05,122.63184484887275,147.81755505842352,6.0,0.0005793253925629396,0.0006991430593075165,1.2179160881399487e-05,0.0012906476127518558,0.0,United Kingdom,GBR,england,,,Linux-6.4.0-150600.23.73_15.0.14-cray_shasta_c_64k-aarch64-with-glibc2.38,3.11.7,3.3.0,72,Neoverse-V2,1,1 x NVIDIA GH200 120GB,-2.5917,51.4535,64,machine,5.800000000000001,1.4705882352941178,41.7,356.8769100413603,N,1.0,0.0
2026-09-27T01:41:38,mobilenet_v3_small_batch3_node_2_evaluate,b95906ce-d8b9-4619-94d0-602e85131bc6,5b0fa12a-3dd7-45bb-9766-cc326314d9f1,8.984375084983185,0.00010475598308273168,1.165979626761406e-05,116.44066762560001,72.13097783206959,6.0,0.0001940586858861781,0.0002369918562692419,9.862055156457548e-06,0.0004409125973118776,0.0,United Kingdom,GBR,england,,,Linux-6.4.0-150600.23.73_15.0.14-cray_shasta_c_64k-aarch64-with-glibc2.38,3.11.7,3.3.0,72,Neoverse-V2,1,1 x NVIDIA GH200 120GB,-2.5917,51.4535,64,machine,0.0,0.6,41.7,357.04981689453126,N,1.0,0.0
2026-09-27T01:42:03,mobilenet_v3_small_batch3_node_3_local_train,abefa719-33fc-470b-9217-5a85f43d405a,5b0fa12a-3dd7-45bb-9766-cc326314d9f1,11.806120537919924,0.0001554456911059382,1.3166534307918018e-05,119.15050780800003,144.42095614176358,6.0,0.00029221220913187726,0.0003525027819932802,9.548005503214276e-06,0.0006542629966283717,0.0,United Kingdom,GBR,england,,,Linux-6.4.0-150600.23.73_15.0.14-cray_shasta_c_64k-aarch64-with-glibc2.38,3.11.7,3.3.0,72,Neoverse-V2,1,1 x NVIDIA GH200 120GB,-2.5917,51.4535,64,machine,0.0,2.0,42.0,359.49171447753906,N,1.0,0.0
2026-09-27T01:42:22,mobilenet_v3_small_batch3_node_3_evaluate,8fe36a4f-53fc-444f-82e1-245b8f03964f,5b0fa12a-3dd7-45bb-9766-cc326314d9f1,10.0019344848115,0.00012202441389797489,1.2200081302599595e-05,116.81211729600001,142.0997692566117,6.0,0.0002274062077340769,0.00027628799881540544,9.900336539528021e-06,0.0005135945430890104,0.0,United Kingdom,GBR,england,,,Linux-6.4.0-150600.23.73_15.0.14-cray_shasta_c_64k-aarch64-with-glibc2.38,3.11.7,3.3.0,72,Neoverse-V2,1,1 x NVIDIA GH200 120GB,-2.5917,51.4535,64,machine,11.966666666666669,0.5,42.0,359.4764709472656,N,1.0,0.0
2026-09-27T01:42:40,mobilenet_v3_small_batch3_node_4_local_train,7ab7d0ea-6a85-4035-b93f-491057cf2be3,5b0fa12a-3dd7-45bb-9766-cc326314d9f1,13.233826227951795,0.00018068950344213218,1.3653610099586261e-05,116.14046432832001,144.07207645454423,6.0,0.0003301262194940136,0.0004158222771053488,1.4564420421763012e-05,0.0007605129170211255,0.0,United Kingdom,GBR,england,,,Linux-6.4.0-150600.23.73_15.0.14-cray_shasta_c_64k-aarch64-with-glibc2.38,3.11.7,3.3.0,72,Neoverse-V2,1,1 x NVIDIA GH200 120GB,-2.5917,51.4535,64,machine,8.18,3.3,42.0,359.5139526367187,N,1.0,0.0
2026-09-27T01:43:59,mobilenet_v3_small_batch3_node_4_evaluate,3aaf7cde-0adf-4b23-8fa8-a52427dcefcf,5b0fa12a-3dd7-45bb-9766-cc326314d9f1,10.18332418706268,0.00012949032761362862,1.2715919206239012e-05,120.43665518400002,143.85114693312343,6.0,0.000246164095134151,0.0002886632864829153,1.0190812043535214e-05,0.0005450181936606014,0.0,United Kingdom,GBR,england,,,Linux-6.4.0-150600.23.73_15.0.14-cray_shasta_c_64k-aarch64-with-glibc2.38,3.11.7,3.3.0,72,Neoverse-V2,1,1 x NVIDIA GH200 120GB,-2.5917,51.4535,64,machine,0.0,0.5714285714285714,42.0,359.51075962611606,N,1.0,0.0
2026-09-27T01:45:02,mobilenet_v3_small_batch3_node_5_local_train,4a493f66-0db8-4d1e-9c97-099057f5f7f4,5b0fa12a-3dd7-45bb-9766-cc326314d9f1,13.41676119202748,0.00018461907430637167,1.3760330952009208e-05,116.08441777152,144.77941193369253,6.0,0.0003361024972233031,0.00042537200697267963,1.5577776449887706e-05,0.0007770522806458703,0.0,United Kingdom,GBR,england,,,Linux-6.4.0-150600.23.73_15.0.14-cray_shasta_c_64k-aarch64-with-glibc2.38,3.11.7,3.3.0,72,Neoverse-V2,1,1 x NVIDIA GH200 120GB,-2.5917,51.4535,64,machine,0.5599999999999999,3.5,42.0,359.57142944335936,N,1.0,0.0
2026-09-27T01:45:33,mobilenet_v3_small_batch3_node_5_evaluate,cf2e872d-bbaf-48ca-a835-7795c32f0ccc,5b0fa12a-3dd7-45bb-9766-cc326314d9f1,24.166773399105296,0.00036929407199610037,1.5281066524576773e-05,116.21653932342856,95.5056637091036,6.0,0.0006808306557277436,0.000838433448521414,3.507583571481518e-05,0.001554339939963973,0.0,United Kingdom,GBR,england,,,Linux-6.4.0-150600.23.73_15.0.14-cray_shasta_c_64k-aarch64-with-glibc2.38,3.11.7,3.3.0,72,Neoverse-V2,1,1 x NVIDIA GH200 120GB,-2.5917,51.4535,64,machine,1.7857142857142858,0.19047619047619047,42.0,359.59922281901044,N,1.0,0.0
2026-09-27T01:45:54,mobilenet_v3_small_batch3_node_0_upload,46226769-cf7a-4d1e-9500-4ccebc2a261b,5b0fa12a-3dd7-45bb-9766-cc326314d9f1,4.12555917003192,1.8435800893966152e-05,4.468679307252188e-06,115.34841792,148.4191410426952,6.0,3.3991858311687776e-05,4.359809044274243e-05,5.3982269794990616e-09,7.759534698140971e-05,0.0,United Kingdom,GBR,england,,,Linux-6.4.0-150600.23.73_15.0.14-cray_shasta_c_64k-aarch64-with-glibc2.38,3.11.7,3.3.0,72,Neoverse-V2,1,1 x NVIDIA GH200 120GB,-2.5917,51.4535,64,machine,0.0,0.0,42.0,359.65521240234375,N,1.0,0.0
2026-09-27T01:46:43,mobilenet_v3_small_batch3_node_1_upload,3954379e-0890-49ce-8a38-da415e53b0af,5b0fa12a-3dd7-45bb-9766-cc326314d9f1,9.194535178132355,0.00010401026273407456,1.1312182804134063e-05,115.23173881782859,141.79065018996343,6.0,0.0001963217237013662,0.00024144630427258562,5.870371824130417e-09,0.00043777389834577594,0.0,United Kingdom,GBR,england,,,Linux-6.4.0-150600.23.73_15.0.14-cray_shasta_c_64k-aarch64-with-glibc2.38,3.11.7,3.3.0,72,Neoverse-V2,1,1 x NVIDIA GH200 120GB,-2.5917,51.4535,64,machine,0.0,0.0,42.0,359.64500935872394,N,1.0,0.0
2026-09-27T01:47:04,mobilenet_v3_small_batch3_node_2_upload,fb7cecb7-4bd5-4032-b969-08e0fe061519,5b0fa12a-3dd7-45bb-9766-cc326314d9f1,4.079604519996792,1.7151215052760656e-05,4.204136692341478e-06,115.2171647424,140.89961126530736,6.0,3.258730907826825e-05,3.959586500457135e-05,5.416520095119874e-09,7.218859060293472e-05,0.0,United Kingdom,GBR,england,,,Linux-6.4.0-150600.23.73_15.0.14-cray_shasta_c_64k-aarch64-with-glibc2.38,3.11.7,3.3.0,72,Neoverse-V2,1,1 x NVIDIA GH200 120GB,-2.5917,51.4535,64,machine,0.0,0.0,42.0,359.75347900390625,N,1.0,0.0
2026-09-27T01:47:22,mobilenet_v3_small_batch3_node_3_upload,d17ccc72-15a9-4aa2-8176-f4ed212e437e,5b0fa12a-3dd7-45bb-9766-cc326314d9f1,9.676706043072045,0.00011233221175029759,1.1608517531719472e-05,115.20035562240001,142.34963844131585,6.0,0.00021157138861067272,0.00026122298676511946,6.1825216592599945e-09,0.00047280055789745143,0.0,United Kingdom,GBR,england,,,Linux-6.4.0-150600.23.73_15.0.14-cray_shasta_c_64k-aarch64-with-glibc2.38,3.11.7,3.3.0,72,Neoverse-V2,1,1 x NVIDIA GH200 120GB,-2.5917,51.4535,64,machine,0.0,0.0,42.0,359.837158203125,N,1.0,0.0
2026-09-27T01:47:33,mobilenet_v3_small_batch3_node_4_upload,2733d7f6-8ade-4bb8-b557-34f4b6b078bb,5b0fa12a-3dd7-45bb-9766-cc326314d9f1,3.0809170759748667,1.083801633125543e-06,3.517789042675241e-07,115.20035562240001,1347.1131949291407,6.0,5.837531601322737e-07,3.972503179738851e-06,5.409533235554894e-09,4.56166587310668e-06,0.0,United Kingdom,GBR,england,,,Linux-6.4.0-150600.23.73_15.0.14-cray_shasta_c_64k-aarch64-with-glibc2.38,3.11.7,3.3.0,72,Neoverse-V2,1,1 x NVIDIA GH200 120GB,-2.5917,51.4535,64,machine,0,0,0,0,N,1.0,0.0
2026-09-27T01:48:06,mobilenet_v3_small_batch3_node_5_upload,d7211ae8-2b6d-432c-96b0-c5c7e657df4f,5b0fa12a-3dd7-45bb-9766-cc326314d9f1,12.10124418581836,0.00015420690839504996,1.2743062285757979e-05,115.2003556224,143.38079504588507,6.0,0.0002892635014296555,0.0003597794544845101,6.067378368849556e-09,0.0006490490232925344,0.0,United Kingdom,GBR,england,,,Linux-6.4.0-150600.23.73_15.0.14-cray_shasta_c_64k-aarch64-with-glibc2.38,3.11.7,3.3.0,72,Neoverse-V2,1,1 x NVIDIA GH200 120GB,-2.5917,51.4535,64,machine,0.0,0.0,42.0,359.8249918619792,N,1.0,0.0
2026-09-27T01:48:14,mobilenet_v3_small_batch3_node_0_exchange,1df63f1b-33f4-479e-9b84-aa2800c30ce9,5b0fa12a-3dd7-45bb-9766-cc326314d9f1,3.128067863173783,1.5710831485416496e-06,5.022535370916173e-07,116.00934629760002,139.8063961195084,6.0,2.5076002335782637e-06,4.00750320750376e-06,9.750551194883884e-08,6.612608953030862e-06,0.0,United Kingdom,GBR,england,,,Linux-6.4.0-150600.23.73_15.0.14-cray_shasta_c_64k-aarch64-with-glibc2.38,3.11.7,3.3.0,72,Neoverse-V2,1,1 x NVIDIA GH200 120GB,-2.5917,51.4535,64,machine,0,0,0,0,N,1.0,0.0
2026-09-27T01:48:35,mobilenet_v3_small_batch3_node_1_exchange,0dd47cc2-2dc8-4a76-89c9-f0909f3dcd47,5b0fa12a-3dd7-45bb-9766-cc326314d9f1,10.533141874941066,0.00012648775151178726,1.2008549112274725e-05,116.7805850112,70.99951061466119,6.0,0.00023950581560481295,0.00029278356757345136,9.112059837207198e-08,0.0005323805037766363,0.0,United Kingdom,GBR,england,,,Linux-6.4.0-150600.23.73_15.0.14-cray_shasta_c_64k-aarch64-with-glibc2.38,3.11.7,3.3.0,72,Neoverse-V2,1,1 x NVIDIA GH200 120GB,-2.5917,51.4535,64,machine,0.0,0.0,42.0,359.82020786830356,N,1.0,0.0
2026-09-27T01:49:02,mobilenet_v3_small_batch3_node_2_exchange,5e139790-672c-4813-a217-86f6789d5e71,5b0fa12a-3dd7-45bb-9766-cc326314d9f1,4.121119915973395,1.8536418312131675e-05,4.497908017741685e-06,115.76664748800002,208.54164667686712,6.0,3.437748360267817e-05,4.354947927254216e-05,9.187769455214342e-08,7.801884056977249e-05,0.0,United Kingdom,GBR,england,,,Linux-6.4.0-150600.23.73_15.0.14-cray_shasta_c_64k-aarch64-with-glibc2.38,3.11.7,3.3.0,72,Neoverse-V2,1,1 x NVIDIA GH200 120GB,-2.5917,51.4535,64,machine,0.0,0.0,42.0,359.8095703125,N,1.0,0.0
2026-09-27T01:49:08,mobilenet_v3_small_batch3_node_3_exchange,e8946161-a678-43da-9f17-2d24d9526a21,5b0fa12a-3dd7-45bb-9766-cc326314d9f1,4.525567072909325,2.4386419908730376e-05,5.388588770390982e-06,115.81760050560001,70.70581896552012,6.0,4.7123166150533994e-05,5.5427822104547886e-05,9.021107961113255e-08,0.00010264119933469301,0.0,United Kingdom,GBR,england,,,Linux-6.4.0-150600.23.73_15.0.14-cray_shasta_c_64k-aarch64-with-glibc2.38,3.11.7,3.3.0,72,Neoverse-V2,1,1 x NVIDIA GH200 120GB,-2.5917,51.4535,64,machine,0.0,0.0,42.0,359.8077392578125,N,1.0,0.0
2026-09-27T01:49:39,mobilenet_v3_small_batch3_node_4_exchange,385b2c57-4028-448d-85b1-4ea50738e937,5b0fa12a-3dd7-45bb-9766-cc326314d9f1,16.928907586960122,0.00023611369489819525,1.3947367465108454e-05,116.2620595584,71.62393654125862,6.0,0.0004441100280165294,0.0005495890507773993,9.143717354163529e-08,0.0009937905159674702,0.0,United Kingdom,GBR,england,,,Linux-6.4.0-150600.23.73_15.0.14-cray_shasta_c_64k-aarch64-with-glibc2.38,3.11.7,3.3.0,72,Neoverse-V2,1,1 x NVIDIA GH200 120GB,-2.5917,51.4535,64,machine,0.0,0.0,42.0,359.79622708834137,N,1.0,0.0
2026-09-27T01:49:55,mobilenet_v3_small_batch3_node_5_exchange,856b927c-dfee-4586-bb0f-ec27b405cd78,5b0fa12a-3dd7-45bb-9766-cc326314d9f1,4.157806834904477,1.8807471406074056e-05,4.5234115371081555e-06,116.14151341440001,202.4564867883095,6.0,3.554192616895533e-05,4.352364592818958e-05,9.411713962132733e-08,7.915968923676624e-05,0.0,United Kingdom,GBR,england,,,Linux-6.4.0-150600.23.73_15.0.14-cray_shasta_c_64k-aarch64-with-glibc2.38,3.11.7,3.3.0,72,Neoverse-V2,1,1 x NVIDIA GH200 120GB,-2.5917,51.4535,64,machine,0.0,0.0,42.0,359.78875732421875,N,1.0,0.0
2026-09-27T01:50:14,mobilenet_v3_small_batch3_node_0_evaluate,e0f3c1c0-c735-4b9f-8986-12a71c4cfb52,5b0fa12a-3dd7-45bb-9766-cc326314d9f1,10.011380370007828,0.00012300939337411083,1.2286956326484542e-05,116.63091550080003,143.44019324424858,6.0,0.0002273669121028184,0.0002804810577288208,9.892301704967397e-06,0.0005177402715366066,0.0,United Kingdom,GBR,england,,,Linux-6.4.0-150600.23.73_15.0.14-cray_shasta_c_64k-aarch64-with-glibc2.38,3.11.7,3.3.0,72,Neoverse-V2,1,1 x NVIDIA GH200 120GB,-2.5917,51.4535,64,machine,13.066666666666668,0.5,42.0,359.78624471028644,N,1.0,0.0
2026-09-27T01:50:25,mobilenet_v3_small_batch3_node_1_evaluate,56b1f59a-5545-44e1-8fad-d8ded1519ee7,5b0fa12a-3dd7-45bb-9766-cc326314d9f1,10.299390907865018,0.0001273078101190309,1.2360712517651278e-05,116.66292520731429,142.29635476677998,6.0,0.00023684061988223022,0.00028861356422282824,1.0377904581837357e-05,0.0005358320886868958,0.0,United Kingdom,GBR,england,,,Linux-6.4.0-150600.23.73_15.0.14-cray_shasta_c_64k-aarch64-with-glibc2.38,3.11.7,3.3.0,72,Neoverse-V2,1,1 x NVIDIA GH200 120GB,-2.5917,51.4535,64,machine,0.0,0.42857142857142855,42.0,359.78173828125,N,1.0,0.0
2026-09-27T01:51:17,mobilenet_v3_small_batch3_node_2_evaluate,19a8bd37-c84f-4137-9f16-8d1548b470bc,5b0fa12a-3dd7-45bb-9766-cc326314d9f1,9.079174621030688,0.00010734068462492955,1.182273599808173e-05,116.44724810880001,611.1581407744469,6.0,0.0001969414285405042,0.00024484908476551936,1.0000961151672526e-05,0.0004517914744576961,0.0,United Kingdom,GBR,england,,,Linux-6.4.0-150600.23.73_15.0.14-cray_shasta_c_64k-aarch64-with-glibc2.38,3.11.7,3.3.0,72,Neoverse-V2,1,1 x NVIDIA GH200 120GB,-2.5917,51.4535,64,machine,0.0,0.6666666666666666,42.0,359.7425944010417,N,1.0,0.0
2026-09-27T01:51:28,mobilenet_v3_small_batch3_node_3_evaluate,44276e14-461e-4451-a08e-4e7773dbd36f,5b0fa12a-3dd7-45bb-9766-cc326314d9f1,10.335421975934878,0.00012830268933079287,1.2413880113413309e-05,116.62404617005717,144.43751259762524,6.0,0.00023787218976523665,0.0002923227338555989,9.824560996688281e-06,0.0005400194846175238,0.0,United Kingdom,GBR,england,,,Linux-6.4.0-150600.23.73_15.0.14-cray_shasta_c_64k-aarch64-with-glibc2.38,3.11.7,3.3.0,72,Neoverse-V2,1,1 x NVIDIA GH200 120GB,-2.5917,51.4535,64,machine,0.0,0.42857142857142855,42.0,359.7372610909598,N,1.0,0.0
2026-09-27T01:51:44,mobilenet_v3_small_batch3_node_4_evaluate,0f17324d-9476-4ae2-9093-3cd0ed8f2d91,5b0fa12a-3dd7-45bb-9766-cc326314d9f1,14.635001193033531,0.00020143128065295342,1.3763666841984104e-05,116.57000533988574,143.78578707001583,6.0,0.00037534151680849835,0.00046238120324915144,1.0091280813406532e-05,0.0008478140008710564,0.0,United Kingdom,GBR,england,,,Linux-6.4.0-150600.23.73_15.0.14-cray_shasta_c_64k-aarch64-with-glibc2.38,3.11.7,3.3.0,72,Neoverse-V2,1,1 x NVIDIA GH200 120GB,-2.5917,51.4535,64,machine,7.009090909090909,0.45454545454545453,42.0,359.71736283735794,N,1.0,0.0
2026-09-27T01:51:56,mobilenet_v3_small_batch3_node_5_evaluate,30ebbd19-da76-4577-9cd9-e9f0e7ad8599,5b0fa12a-3dd7-45bb-9766-cc326314d9f1,9.121843267930672,0.00010779063739744121,1.181676051992658e-05,116.42803709348573,72.91528103227145,6.0,0.00019843227418132563,0.00024515658499524307,1.0096443583412717e-05,0.00045368530275998137,0.0,United Kingdom,GBR,england,,,Linux-6.4.0-150600.23.73_15.0.14-cray_shasta_c_64k-aarch64-with-glibc2.38,3.11.7,3.3.0,72,Neoverse-V2,1,1 x NVIDIA GH200 120GB,-2.5917,51.4535,64,machine,11.950000000000001,0.6666666666666666,42.0,359.7023213704427,N,1.0,0.0
2026-09-27T01:52:13,efficientnet_lite0_batch3_node_0_local_train,1195b0a9-ca17-4355-b22b-d7e8d493f2a4,5b0fa12a-3dd7-45bb-9766-cc326314d9f1,8.81167468894273,0.00010482642572574042,1.1896311362615455e-05,115.84233824256002,148.7183323225055,6.0,0.00018552560945217752,0.0002483663098047373,7.317167551567157e-06,0.000441209086808482,0.0,United Kingdom,GBR,england,,,Linux-6.4.0-150600.23.73_15.0.14-cray_shasta_c_64k-aarch64-with-glibc2.38,3.11.7,3.3.0,72,Neoverse-V2,1,1 x NVIDIA GH200 120GB,-2.5917,51.4535,64,machine,0.0,3.6,42.239999999999995,361.47130126953124,N,1.0,0.0
2026-09-27T01:52:30,efficientnet_lite0_batch3_node_0_evaluate,f090e04e-4ff2-4661-b9a2-33550db8548c,5b0fa12a-3dd7-45bb-9766-cc326314d9f1,9.004645491018891,0.0001079990776850991,1.199370678088503e-05,116.37016574400002,75.93296279148664,6.0,0.00019440784721750176,0.00025025520019994474,9.89956989690351e-06,0.00045456261731434996,0.0,United Kingdom,GBR,england,,,Linux-6.4.0-150600.23.73_15.0.14-cray_shasta_c_64k-aarch64-with-glibc2.38,3.11.7,3.3.0,72,Neoverse-V2,1,1 x NVIDIA GH200 120GB,-2.5917,51.4535,64,machine,0.0,2.4,42.3,361.95408935546874,N,1.0,0.0
2026-09-27T01:52:59,efficientnet_lite0_batch3_node_1_local_train,ef37e028-3324-43f6-86a9-d331f9a818f7,5b0fa12a-3dd7-45bb-9766-cc326314d9f1,18.254829731071368,0.0002762314421524278,1.5131964867481449e-05,116.98962514066288,161.098879129847,6.0,0.00049385421578599,0.0006545877458989935,1.420210917868341e-05,0.001162644070863667,0.0,United Kingdom,GBR,england,,,Linux-6.4.0-150600.23.73_15.0.14-cray_shasta_c_64k-aarch64-with-glibc2.38,3.11.7,3.3.0,72,Neoverse-V2,1,1 x NVIDIA GH200 120GB,-2.5917,51.4535,64,machine,0.47333333333333333,5.666666666666667,42.3,361.97743326822916,N,1.0,0.0
2026-09-27T01:53:14,efficientnet_lite0_batch3_node_1_evaluate,1b5ce5bc-75f9-4a14-83d6-c3c8a7dce0dd,5b0fa12a-3dd7-45bb-9766-cc326314d9f1,9.29474869882688,0.00011328392916908977,1.2187949651977971e-05,116.4354228864,75.97000695966636,6.0,0.00020395499570608457,0.0002624807655422501,1.037052679147261e-05,0.00047680628803980726,0.0,United Kingdom,GBR,england,,,Linux-6.4.0-150600.23.73_15.0.14-cray_shasta_c_64k-aarch64-with-glibc2.38,3.11.7,3.3.0,72,Neoverse-V2,1,1 x NVIDIA GH200 120GB,-2.5917,51.4535,64,machine,0.0,2.5,42.300000000000004,361.9622497558594,N,1.0,0.0
2026-09-27T01:53:34,efficientnet_lite0_batch3_node_2_local_train,8b07d907-6f67-4aab-ab10-b6458f3ffcda,5b0fa12a-3dd7-45bb-9766-cc326314d9f1,12.727322923019528,0.00017382697090989783,1.3657779563014166e-05,115.90383933504,152.7714855897666,6.0,0.0003116596106706799,0.00041152282922496397,8.446427223195011e-06,0.000731628867118839,0.0,United Kingdom,GBR,england,,,Linux-6.4.0-150600.23.73_15.0.14-cray_shasta_c_64k-aarch64-with-glibc2.38,3.11.7,3.3.0,72,Neoverse-V2,1,1 x NVIDIA GH200 120GB,-2.5917,51.4535,64,machine,0.0,5.888888888888889,42.300000000000004,361.97958034939234,N,1.0,0.0
2026-09-27T01:53:54,efficientnet_lite0_batch3_node_2_evaluate,fa8bb73f-2965-45eb-81aa-a2f9cc5bc23a,5b0fa12a-3dd7-45bb-9766-cc326314d9f1,10.06186588597484,0.00012563533078048663,1.2486285566140252e-05,116.5084285536,145.73330521889292,6.0,0.00022869359826906257,0.00029011023210046005,9.988877964982143e-06,0.0005287927083345047,0.0,United Kingdom,GBR,england,,,Linux-6.4.0-150600.23.73_15.0.14-cray_shasta_c_64k-aarch64-with-glibc2.38,3.11.7,3.3.0,72,Neoverse-V2,1,1 x NVIDIA GH200 120GB,-2.5917,51.4535,64,machine,0.0,2.3333333333333335,42.300000000000004,361.96117146809894,N,1.0,0.0
2026-09-27T01:54:08,efficientnet_lite0_batch3_node_3_local_train,251b53ae-1ee5-4ee1-a2e2-f408c16c8394,5b0fa12a-3dd7-45bb-9766-cc326314d9f1,7.9514254161622375,9.104359982294818e-05,1.1449972182080839e-05,115.85225088000001,153.6036547897582,6.0,0.0001582769915194619,0.00021844628587075476,6.474597187091907e-06,0.00038319787457730863,0.0,United Kingdom,GBR,england,,,Linux-6.4.0-150600.23.73_15.0.14-cray_shasta_c_64k-aarch64-with-glibc2.38,3.11.7,3.3.0,72,Neoverse-V2,1,1 x NVIDIA GH200 120GB,-2.5917,51.4535,64,machine,0.0,2.75,42.3,361.9764404296875,N,1.0,0.0
2026-09-27T01:54:19,efficientnet_lite0_batch3_node_3_evaluate,ae64e767-3528-4b3d-b1e1-008d1702a3c6,5b0fa12a-3dd7-45bb-9766-cc326314d9f1,9.99384275591001,0.00012398814271178294,1.2406453227259423e-05,116.64852157440001,145.24234516520596,6.0,0.00022694618357851847,0.0002850324502503554,9.88114381985118e-06,0.0005218597776487251,0.0,United Kingdom,GBR,england,,,Linux-6.4.0-150600.23.73_15.0.14-cray_shasta_c_64k-aarch64-with-glibc2.38,3.11.7,3.3.0,72,Neoverse-V2,1,1 x NVIDIA GH200 120GB,-2.5917,51.4535,64,machine,12.383333333333333,1.8333333333333333,42.300000000000004,361.9779968261719,N,1.0,0.0
2026-09-27T01:59:40,efficientnet_lite0_batch3_node_4_local_train,c5bb8d98-6fab-4115-b391-86e356d65072,5b0fa12a-3dd7-45bb-9766-cc326314d9f1,259.0168725911062,0.004576514861761399,1.7668790515381048e-05,116.90528173977911,144.9433992506672,6.0,0.008338086773961662,0.010314821307417787,0.0006094098784646487,0.019262317959844094,0.0,United Kingdom,GBR,england,,,Linux-6.4.0-150600.23.73_15.0.14-cray_shasta_c_64k-aarch64-with-glibc2.38,3.11.7,3.3.0,72,Neoverse-V2,1,1 x NVIDIA GH200 120GB,-2.5917,51.4535,64,machine,1.576744186046512,0.15503875968992248,42.23720930232572,361.8374655080396,N,1.0,0.0
2026-09-27T02:00:03,efficientnet_lite0_batch3_node_4_evaluate,df3aaf8a-bdba-42a4-af78-bdb29794ddbf,5b0fa12a-3dd7-45bb-9766-cc326314d9f1,9.15837003593333,0.00011011853209894191,1.2023813371471807e-05,116.50080386468574,74.91493871709415,6.0,0.00019989258222779326,0.00025343631385510434,1.0154396910220385e-05,0.000463483292993118,0.0,United Kingdom,GBR,england,,,Linux-6.4.0-150600.23.73_15.0.14-cray_shasta_c_64k-aarch64-with-glibc2.38,3.11.7,3.3.0,72,Neoverse-V2,1,1 x NVIDIA GH200 120GB,-2.5917,51.4535,64,machine,0.0,2.6666666666666665,42.199999999999996,361.7990315755208,N,1.0,0.0
2026-09-27T02:00:16,efficientnet_lite0_batch3_node_5_local_train,f88fb378-3819-4929-97c4-ce90052904d3,5b0fa12a-3dd7-45bb-9766-cc326314d9f1,9.464093320071697,0.0001231429983057939,1.3011600175647993e-05,118.01279626148573,82.35387891076623,6.0,0.000215226435365833,0.0002924185672696922,1.065760525370327e-05,0.0005183026078892284,0.0,United Kingdom,GBR,england,,,Linux-6.4.0-150600.23.73_15.0.14-cray_shasta_c_64k-aarch64-with-glibc2.38,3.11.7,3.3.0,72,Neoverse-V2,1,1 x NVIDIA GH200 120GB,-2.5917,51.4535,64,machine,4.716666666666667,6.166666666666667,42.199999999999996,361.83282470703125,N,1.0,0.0
2026-09-27T02:00:48,efficientnet_lite0_batch3_node_5_evaluate,f4c2d8ed-e22f-4afb-beff-616b2787c241,5b0fa12a-3dd7-45bb-9766-cc326314d9f1,9.141955939121544,0.00011017767338602027,1.2051870969376746e-05,116.9302892297143,75.30906984424972,6.0,0.00019960033882578316,0.00025400798097052757,1.0123895861906932e-05,0.00046373221565821764,0.0,United Kingdom,GBR,england,,,Linux-6.4.0-150600.23.73_15.0.14-cray_shasta_c_64k-aarch64-with-glibc2.38,3.11.7,3.3.0,72,Neoverse-V2,1,1 x NVIDIA GH200 120GB,-2.5917,51.4535,64,machine,0.0,2.0,42.199999999999996,361.83400472005206,N,1.0,0.0
2026-09-27T02:01:08,efficientnet_lite0_batch3_node_0_upload,6d10c7fb-948f-42e5-9171-58fe009c4f6d,5b0fa12a-3dd7-45bb-9766-cc326314d9f1,4.089598382823169,1.7165127612765254e-05,4.197264867098188e-06,115.37047687680003,141.291542607315,6.0,3.2527560227376156e-05,3.971336511199297e-05,6.222520023584366e-09,7.224714785939271e-05,0.0,United Kingdom,GBR,england,,,Linux-6.4.0-150600.23.73_15.0.14-cray_shasta_c_64k-aarch64-with-glibc2.38,3.11.7,3.3.0,72,Neoverse-V2,1,1 x NVIDIA GH200 120GB,-2.5917,51.4535,64,machine,0.0,0.0,42.3,361.85906982421875,N,1.0,0.0
2026-09-27T02:01:21,efficientnet_lite0_batch3_node_1_upload,5faf69b1-462a-4d9f-9f39-7798e2a38733,5b0fa12a-3dd7-45bb-9766-cc326314d9f1,4.1314165310468525,1.8437706014533254e-05,4.462804918356018e-06,115.2008678016,149.12896438135806,6.0,3.392666017788215e-05,4.367086826562172e-05,5.8370933402329685e-09,7.76033655368441e-05,0.0,United Kingdom,GBR,england,,,Linux-6.4.0-150600.23.73_15.0.14-cray_shasta_c_64k-aarch64-with-glibc2.38,3.11.7,3.3.0,72,Neoverse-V2,1,1 x NVIDIA GH200 120GB,-2.5917,51.4535,64,machine,5.3,0.0,42.3,361.8599853515625,N,1.0,0.0
2026-09-27T02:01:31,efficientnet_lite0_batch3_node_2_upload,6bfa2b7b-e297-4d49-83f4-7daa29666527,5b0fa12a-3dd7-45bb-9766-cc326314d9f1,3.0940803249832243,1.6523268657303736e-07,5.340284324193595e-08,115.20035562240001,0.0,6.0,6.778970053217173e-07,0.0,1.755895675159991e-08,6.954559620733172e-07,0.0,United Kingdom,GBR,england,,,Linux-6.4.0-150600.23.73_15.0.14-cray_shasta_c_64k-aarch64-with-glibc2.38,3.11.7,3.3.0,72,Neoverse-V2,1,1 x NVIDIA GH200 120GB,-2.5917,51.4535,64,machine,0,0,0,0,N,1.0,0.0
2026-09-27T02:01:35,efficientnet_lite0_batch3_node_3_upload,51e6d6aa-42fc-448b-bc19-0336adcdf55d,5b0fa12a-3dd7-45bb-9766-cc326314d9f1,3.088502553058788,1.2710502015254753e-07,4.115425451944839e-08,115.20053084160004,0.0,6.0,5.295952077212984e-07,0.0,5.383348325267434e-09,5.349785560465658e-07,0.0,United Kingdom,GBR,england,,,Linux-6.4.0-150600.23.73_15.0.14-cray_shasta_c_64k-aarch64-with-glibc2.38,3.11.7,3.3.0,72,Neoverse-V2,1,1 x NVIDIA GH200 120GB,-2.5917,51.4535,64,machine,0,0,0,0,N,1.0,0.0
2026-09-27T02:01:43,efficientnet_lite0_batch3_node_4_upload,6ed582a5-f1d2-4441-9fc0-b6e4eede984b,5b0fa12a-3dd7-45bb-9766-cc326314d9f1,3.0906458110548556,1.2449865818051872e-07,4.028240885293375e-08,115.20035562240001,0.0,6.0,5.186348176402313e-07,0.0,5.373693614577254e-09,5.240085112548086e-07,0.0,United Kingdom,GBR,england,,,Linux-6.4.0-150600.23.73_15.0.14-cray_shasta_c_64k-aarch64-with-glibc2.38,3.11.7,3.3.0,72,Neoverse-V2,1,1 x NVIDIA GH200 120GB,-2.5917,51.4535,64,machine,0,0,0,0,N,1.0,0.0
2026-09-27T02:01:58,efficientnet_lite0_batch3_node_5_upload,283a29b2-8b3c-422b-8883-5f67ae4a2590,5b0fa12a-3dd7-45bb-9766-cc326314d9f1,3.092789966147393,1.263700969411873e-07,4.085957931976971e-08,115.20035562240001,0.0,6.0,5.264999281176056e-07,0.0,5.3853735638161495e-09,5.318853016814217e-07,0.0,United Kingdom,GBR,england,,,Linux-6.4.0-150600.23.73_15.0.14-cray_shasta_c_64k-aarch64-with-glibc2.38,3.11.7,3.3.0,72,Neoverse-V2,1,1 x NVIDIA GH200 120GB,-2.5917,51.4535,64,machine,0,0,0,0,N,1.0,0.0
2026-09-27T02:02:09,efficientnet_lite0_batch3_node_0_exchange,65d6e092-517a-4f11-b6c1-fc2dc6867097,5b0fa12a-3dd7-45bb-9766-cc326314d9f1,4.56348091410473,2.5761663431664422e-05,5.645178300634655e-06,117.44523705600001,145.03213858445838,6.0,4.859562012289046e-05,5.966504774335135e-05,1.688614118999491e-07,0.00010842952927814176,0.0,United Kingdom,GBR,england,,,Linux-6.4.0-150600.23.73_15.0.14-cray_shasta_c_64k-aarch64-with-glibc2.38,3.11.7,3.3.0,72,Neoverse-V2,1,1 x NVIDIA GH200 120GB,-2.5917,51.4535,64,machine,0.0,0.0,42.2,361.83099365234375,N,1.0,0.0
2026-09-27T02:02:37,efficientnet_lite0_batch3_node_1_exchange,6a79ab4f-d0d3-4d8b-b7de-0fabf06f782b,5b0fa12a-3dd7-45bb-9766-cc326314d9f1,9.760944279842079,0.0001142996118159996,1.1709892868874038e-05,116.00935881325717,146.20225151782563,6.0,0.0002148757145821008,0.0002660402128356054,1.6531715169548987e-07,0.00048108124456940174,0.0,United Kingdom,GBR,england,,,Linux-6.4.0-150600.23.73_15.0.14-cray_shasta_c_64k-aarch64-with-glibc2.38,3.11.7,3.3.0,72,Neoverse-V2,1,1 x NVIDIA GH200 120GB,-2.5917,51.4535,64,machine,0.0,0.0,42.199999999999996,361.8315734863281,N,1.0,0.0
2026-09-27T02:02:41,efficientnet_lite0_batch3_node_2_exchange,9a10c711-c5e5-47da-9f86-e3c1ba6313ff,5b0fa12a-3dd7-45bb-9766-cc326314d9f1,3.1636450379155576,1.8805708744378826e-06,5.944316925254488e-07,117.13063461120001,74.9433331354323,6.0,3.739424815610155e-06,4.0100032094869675e-06,1.6579900324965518e-07,7.915227028346778e-06,0.0,United Kingdom,GBR,england,,,Linux-6.4.0-150600.23.73_15.0.14-cray_shasta_c_64k-aarch64-with-glibc2.38,3.11.7,3.3.0,72,Neoverse-V2,1,1 x NVIDIA GH200 120GB,-2.5917,51.4535,64,machine,0,0,0,0,N,1.0,0.0
2026-09-27T02:04:33,efficientnet_lite0_batch3_node_3_exchange,9ee6fb02-7235-4e5e-9c7b-eb7f91eea1cc,5b0fa12a-3dd7-45bb-9766-cc326314d9f1,60.36358328489587,0.0009939149116881655,1.64654723527134e-05,116.21251449924924,143.6734270245462,6.0,0.0018392576167589826,0.0022774587664144974,6.662085755805797e-05,0.0041833372407315385,0.0,United Kingdom,GBR,england,,,Linux-6.4.0-150600.23.73_15.0.14-cray_shasta_c_64k-aarch64-with-glibc2.38,3.11.7,3.3.0,72,Neoverse-V2,1,1 x NVIDIA GH200 120GB,-2.5917,51.4535,64,machine,1.012280701754386,0.0,42.22105263157894,361.84582305372805,N,1.0,0.0
2026-09-27T02:05:01,efficientnet_lite0_batch3_node_4_exchange,9d4ff3fc-c0a0-40f3-989c-fb812cc640c3,5b0fa12a-3dd7-45bb-9766-cc326314d9f1,10.38288363092579,0.00012463688714168796,1.2004072430365351e-05,116.98501456080001,144.2523215354929,6.0,0.00023492239776299614,0.00028949856493909465,1.6934720993352433e-07,0.0005245903099120243,0.0,United Kingdom,GBR,england,,,Linux-6.4.0-150600.23.73_15.0.14-cray_shasta_c_64k-aarch64-with-glibc2.38,3.11.7,3.3.0,72,Neoverse-V2,1,1 x NVIDIA GH200 120GB,-2.5917,51.4535,64,machine,0.0,0.0,42.300000000000004,361.8598894391741,N,1.0,0.0
2026-09-27T02:05:14,efficientnet_lite0_batch3_node_5_exchange,2e4cb349-9b44-4ac3-8317-74aad71cac1e,5b0fa12a-3dd7-45bb-9766-cc326314d9f1,3.164982116082683,1.9298129078881865e-06,6.097389612667787e-07,118.2234866112,75.18387321518536,6.0,3.908078803737496e-06,4.043336574000023e-06,1.7106886138208212e-07,8.1224842391196e-06,0.0,United Kingdom,GBR,england,,,Linux-6.4.0-150600.23.73_15.0.14-cray_shasta_c_64k-aarch64-with-glibc2.38,3.11.7,3.3.0,72,Neoverse-V2,1,1 x NVIDIA GH200 120GB,-2.5917,51.4535,64,machine,0,0,0,0,N,1.0,0.0
2026-09-27T02:05:34,efficientnet_lite0_batch3_node_0_evaluate,a0135d53-faae-4590-81ec-473c83e5fce3,5b0fa12a-3dd7-45bb-9766-cc326314d9f1,9.007852956885472,0.00010683720944276136,1.1860452202552501e-05,116.36758255680002,74.44510564432912,6.0,0.0001943605446779901,0.0002454124185646833,9.899409816522771e-06,0.0004496723730591962,0.0,United Kingdom,GBR,england,,,Linux-6.4.0-150600.23.73_15.0.14-cray_shasta_c_64k-aarch64-with-glibc2.38,3.11.7,3.3.0,72,Neoverse-V2,1,1 x NVIDIA GH200 120GB,-2.5917,51.4535,64,machine,0.0,2.4,42.3,361.86427001953126,N,1.0,0.0
2026-09-27T02:05:52,efficientnet_lite0_batch3_node_1_evaluate,c367a9bc-70dd-4da3-977e-a736b7f353fe,5b0fa12a-3dd7-45bb-9766-cc326314d9f1,9.29082704312168,0.00011319442299976473,1.2183460360890742e-05,116.38326903222858,780.3597077367137,6.0,0.0002038149165561498,0.00026224632090077193,1.0368323674968753e-05,0.0004764295611318905,0.0,United Kingdom,GBR,england,,,Linux-6.4.0-150600.23.73_15.0.14-cray_shasta_c_64k-aarch64-with-glibc2.38,3.11.7,3.3.0,72,Neoverse-V2,1,1 x NVIDIA GH200 120GB,-2.5917,51.4535,64,machine,0.0,1.6666666666666667,42.300000000000004,361.88405354817706,N,1.0,0.0
2026-09-27T02:06:11,efficientnet_lite0_batch3_node_2_evaluate,6c2f59db-cb50-4cd1-b12b-9ec0228a5c9b,5b0fa12a-3dd7-45bb-9766-cc326314d9f1,12.068153740139678,0.0001599114793545885,1.3250699551722619e-05,116.70539653440002,146.33562975486512,6.0,0.0002935454201763334,0.0003695136289536549,1.0000222783225277e-05,0.0006730592719132136,0.0,United Kingdom,GBR,england,,,Linux-6.4.0-150600.23.73_15.0.14-cray_shasta_c_64k-aarch64-with-glibc2.38,3.11.7,3.3.0,72,Neoverse-V2,1,1 x NVIDIA GH200 120GB,-2.5917,51.4535,64,machine,0.0,1.7777777777777777,42.300000000000004,361.88783772786456,N,1.0,0.0
2026-09-27T02:08:40,efficientnet_lite0_batch3_node_3_evaluate,e021724e-a405-454a-8a80-e76a8408e7fc,5b0fa12a-3dd7-45bb-9766-cc326314d9f1,10.484263051999733,0.0001389736344398405,1.325545093160679e-05,124.98245190720002,145.86293530118016,6.0,0.00027022250122727277,0.0003048327438648357,9.87770399156337e-06,0.0005849329490836718,0.0,United Kingdom,GBR,england,,,Linux-6.4.0-150600.23.73_15.0.14-cray_shasta_c_64k-aarch64-with-glibc2.38,3.11.7,3.3.0,72,Neoverse-V2,1,1 x NVIDIA GH200 120GB,-2.5917,51.4535,64,machine,29.985714285714284,2.142857142857143,42.199999999999996,361.7653372628348,N,1.0,0.0
2026-09-27T02:09:19,efficientnet_lite0_batch3_node_4_evaluate,e387bd5a-1e0b-496f-82a7-e083f9d34c57,5b0fa12a-3dd7-45bb-9766-cc326314d9f1,14.17610471509397,0.00019738288149695297,1.3923633146331803e-05,119.11030638171431,146.5442650573849,6.0,0.000368113069249538,0.00045269313993401283,9.968285834960019e-06,0.0008307744950185108,0.0,United Kingdom,GBR,england,,,Linux-6.4.0-150600.23.73_15.0.14-cray_shasta_c_64k-aarch64-with-glibc2.38,3.11.7,3.3.0,72,Neoverse-V2,1,1 x NVIDIA GH200 120GB,-2.5917,51.4535,64,machine,9.399999999999999,1.0909090909090908,41.69090909090909,356.91443425958806,N,1.0,0.0
2026-09-27T02:10:01,efficientnet_lite0_batch3_node_5_evaluate,156ffb18-7823-4cbd-a795-3f50958084b8,5b0fa12a-3dd7-45bb-9766-cc326314d9f1,9.128958728862926,0.0001146842793604193,1.2562690090582105e-05,122.36530102765718,701.789473767855,6.0,0.00021834988648535754,0.0002542649256298546,1.0085478556575253e-05,0.0004827002906717874,0.0,United Kingdom,GBR,england,,,Linux-6.4.0-150600.23.73_15.0.14-cray_shasta_c_64k-aarch64-with-glibc2.38,3.11.7,3.3.0,72,Neoverse-V2,1,1 x NVIDIA GH200 120GB,-2.5917,51.4535,64,machine,0.0,2.0,41.9,358.7908528645833,N,1.0,0.0
2026-09-27T02:10:21,mobilevit_xxs_batch3_node_0_local_train,16954109-7682-425f-9214-abcdf0f796bd,5b0fa12a-3dd7-45bb-9766-cc326314d9f1,9.923120786901563,0.0001262465979817127,1.272246913978485e-05,116.49829243885716,747.0046675358453,6.0,0.0002214406899850814,0.00029853496106113653,1.1389849804885065e-05,0.000531365500851103,0.0,United Kingdom,GBR,england,,,Linux-6.4.0-150600.23.73_15.0.14-cray_shasta_c_64k-aarch64-with-glibc2.38,3.11.7,3.3.0,72,Neoverse-V2,1,1 x NVIDIA GH200 120GB,-2.5917,51.4535,64,machine,0.0,14.0,41.9,358.5604960123698,N,1.0,0.0
2026-09-27T02:10:32,mobilevit_xxs_batch3_node_0_evaluate,cd927b2e-4d37-4552-8cf1-1835f1c534c4,5b0fa12a-3dd7-45bb-9766-cc326314d9f1,10.178659666096792,0.00012812841082855922,1.258794527292537e-05,118.7028526464,144.79750267716912,6.0,0.00023799740555083734,0.00029110328844694777,1.0185261280275881e-05,0.000539285955278061,0.0,United Kingdom,GBR,england,,,Linux-6.4.0-150600.23.73_15.0.14-cray_shasta_c_64k-aarch64-with-glibc2.38,3.11.7,3.3.0,72,Neoverse-V2,1,1 x NVIDIA GH200 120GB,-2.5917,51.4535,64,machine,0.0,1.7142857142857142,41.9,358.61397879464283,N,1.0,0.0
2026-09-27T02:11:07,mobilevit_xxs_batch3_node_1_local_train,3a09d6be-9357-4c04-bac3-64f140a73389,5b0fa12a-3dd7-45bb-9766-cc326314d9f1,16.76764152897522,0.00025596485885210214,1.5265406193815847e-05,118.22728148434288,77.8485570253043,6.0,0.0004620264368749959,0.0005924793628651059,2.2837254240099962e-05,0.0010773430539802017,0.0,United Kingdom,GBR,england,,,Linux-6.4.0-150600.23.73_15.0.14-cray_shasta_c_64k-aarch64-with-glibc2.38,3.11.7,3.3.0,72,Neoverse-V2,1,1 x NVIDIA GH200 120GB,-2.5917,51.4535,64,machine,7.515384615384614,6.769230769230769,41.89999999999999,358.616948054387,N,1.0,0.0
2026-09-27T02:13:01,mobilevit_xxs_batch3_node_1_evaluate,94839651-fc81-4d46-b097-e14ddd420695,5b0fa12a-3dd7-45bb-9766-cc326314d9f1,9.425762172788382,0.00011451429034745336,1.214907487036426e-05,116.47179079405714,74.49215964394803,6.0,0.00020833431541430656,0.0002630510437882094,1.0599456371661896e-05,0.00048198481557417793,0.0,United Kingdom,GBR,england,,,Linux-6.4.0-150600.23.73_15.0.14-cray_shasta_c_64k-aarch64-with-glibc2.38,3.11.7,3.3.0,72,Neoverse-V2,1,1 x NVIDIA GH200 120GB,-2.5917,51.4535,64,machine,0.0,2.0,41.9,359.1993103027344,N,1.0,0.0
2026-09-27T02:13:14,mobilevit_xxs_batch3_node_2_local_train,fb0d1cdf-ff38-430e-b18f-c75b8c3bd772,5b0fa12a-3dd7-45bb-9766-cc326314d9f1,12.330705674132332,0.00016892676486340394,1.3699683483467033e-05,115.82507142720002,149.05425553933057,6.0,0.000299242804393362,0.00039819226299186994,1.3569082063622773e-05,0.0007110041494488547,0.0,United Kingdom,GBR,england,,,Linux-6.4.0-150600.23.73_15.0.14-cray_shasta_c_64k-aarch64-with-glibc2.38,3.11.7,3.3.0,72,Neoverse-V2,1,1 x NVIDIA GH200 120GB,-2.5917,51.4535,64,machine,0.0,8.666666666666666,41.9,359.1946546766493,N,1.0,0.0
2026-09-27T02:13:24,mobilevit_xxs_batch3_node_2_evaluate,30999d87-0766-4d4e-bf24-ad5c744ec33c,5b0fa12a-3dd7-45bb-9766-cc326314d9f1,9.199427158106118,0.0001117163432661987,1.2143836930950567e-05,119.44346769462857,73.55622594569566,6.0,0.00020937318643423882,0.0002506085338183084,1.0226678563049065e-05,0.0004702083988155963,0.0,United Kingdom,GBR,england,,,Linux-6.4.0-150600.23.73_15.0.14-cray_shasta_c_64k-aarch64-with-glibc2.38,3.11.7,3.3.0,72,Neoverse-V2,1,1 x NVIDIA GH200 120GB,-2.5917,51.4535,64,machine,0.0,2.3333333333333335,41.9,358.7264404296875,N,1.0,0.0
2026-09-27T02:13:46,mobilevit_xxs_batch3_node_3_local_train,e68d1931-7b65-4f26-ac3d-c56324c2006f,5b0fa12a-3dd7-45bb-9766-cc326314d9f1,10.438786396989599,0.00013420015074288655,1.2855915011498656e-05,116.49370759817145,149.36360687520067,6.0,0.00023983763483842804,0.00031467330728673915,1.0330657203448937e-05,0.0005648415993286161,0.0,United Kingdom,GBR,england,,,Linux-6.4.0-150600.23.73_15.0.14-cray_shasta_c_64k-aarch64-with-glibc2.38,3.11.7,3.3.0,72,Neoverse-V2,1,1 x NVIDIA GH200 120GB,-2.5917,51.4535,64,machine,0.0,6.0,41.9,358.77029854910717,N,1.0,0.0
2026-09-27T02:14:19,mobilevit_xxs_batch3_node_3_evaluate,c83c23af-a672-49f7-aaad-d29c98d1d98b,5b0fa12a-3dd7-45bb-9766-cc326314d9f1,13.121309851994738,0.00017702960714046165,1.34917633328771e-05,116.66292475556574,145.98844786609308,6.0,0.0003269719967737732,0.00040806560423334304,1.007099888791951e-05,0.0007451085998950357,0.0,United Kingdom,GBR,england,,,Linux-6.4.0-150600.23.73_15.0.14-cray_shasta_c_64k-aarch64-with-glibc2.38,3.11.7,3.3.0,72,Neoverse-V2,1,1 x NVIDIA GH200 120GB,-2.5917,51.4535,64,machine,1.1800000000000002,1.2,41.89999999999999,358.8176513671875,N,1.0,0.0
2026-09-27T02:14:44,mobilevit_xxs_batch3_node_4_local_train,31d3cf37-67c2-4b3d-8063-da344c538ec2,5b0fa12a-3dd7-45bb-9766-cc326314d9f1,19.60549654602073,0.00029351605460641283,1.4971110469833364e-05,115.87610756160002,149.54039766415133,6.0,0.0005329001005185849,0.000686901105083848,1.5592918731660274e-05,0.001235394124334093,0.0,United Kingdom,GBR,england,,,Linux-6.4.0-150600.23.73_15.0.14-cray_shasta_c_64k-aarch64-with-glibc2.38,3.11.7,3.3.0,72,Neoverse-V2,1,1 x NVIDIA GH200 120GB,-2.5917,51.4535,64,machine,0.8625,3.5,41.89999999999999,358.84742736816406,N,1.0,0.0
2026-09-27T02:15:11,mobilevit_xxs_batch3_node_4_evaluate,4238f811-a160-4542-ae74-f16c04a5ed63,5b0fa12a-3dd7-45bb-9766-cc326314d9f1,17.302964666159824,0.0002485969371480093,1.4367303057273263e-05,116.57255653028574,145.6185251211803,6.0,0.00046089416339027884,0.000575102126745719,1.0335556658295295e-05,0.001046331846794293,0.0,United Kingdom,GBR,england,,,Linux-6.4.0-150600.23.73_15.0.14-cray_shasta_c_64k-aarch64-with-glibc2.38,3.11.7,3.3.0,72,Neoverse-V2,1,1 x NVIDIA GH200 120GB,-2.5917,51.4535,64,machine,2.3,1.2857142857142858,41.89999999999999,358.8912091936384,N,1.0,0.0
2026-09-27T02:15:50,mobilevit_xxs_batch3_node_5_local_train,0280682c-2827-47bc-a7ed-4882188ef581,5b0fa12a-3dd7-45bb-9766-cc326314d9f1,14.087226983858272,0.0002020227029279044,1.4340842463842628e-05,115.92883646836364,152.88769794834093,6.0,0.0003570576444089307,0.0004766098257249496,1.6635796969834097e-05,0.0008503032671037144,0.0,United Kingdom,GBR,england,,,Linux-6.4.0-150600.23.73_15.0.14-cray_shasta_c_64k-aarch64-with-glibc2.38,3.11.7,3.3.0,72,Neoverse-V2,1,1 x NVIDIA GH200 120GB,-2.5917,51.4535,64,machine,0.0,6.090909090909091,41.89999999999999,358.9062777432528,N,1.0,0.0
2026-09-27T02:16:00,mobilevit_xxs_batch3_node_5_evaluate,013a4c29-2b11-4f7d-8c75-94f7c0af5e83,5b0fa12a-3dd7-45bb-9766-cc326314d9f1,9.223574256990105,0.00010980342599091764,1.1904650294076928e-05,116.34950882468571,73.25127533912188,6.0,0.00020142513278113722,0.00025046853370724875,1.0263360945197443e-05,0.0004621570274335834,0.0,United Kingdom,GBR,england,,,Linux-6.4.0-150600.23.73_15.0.14-cray_shasta_c_64k-aarch64-with-glibc2.38,3.11.7,3.3.0,72,Neoverse-V2,1,1 x NVIDIA GH200 120GB,-2.5917,51.4535,64,machine,13.916666666666666,2.0,41.9,358.9383544921875,N,1.0,0.0
2026-09-27T02:16:45,mobilevit_xxs_batch3_node_0_upload,cfac1791-22d0-40c9-b1de-af19eb2f9be6,5b0fa12a-3dd7-45bb-9766-cc326314d9f1,31.8541036141105,0.000495231012137419,1.55468512985575e-05,115.2040760449714,142.32639390485477,6.0,0.0009214316619876937,0.0011379595214719984,2.50109232768106e-05,0.002084402106736503,0.0,United Kingdom,GBR,england,,,Linux-6.4.0-150600.23.73_15.0.14-cray_shasta_c_64k-aarch64-with-glibc2.38,3.11.7,3.3.0,72,Neoverse-V2,1,1 x NVIDIA GH200 120GB,-2.5917,51.4535,64,machine,0.9214285714285715,0.0,41.9,358.94236537388394,N,1.0,0.0
2026-09-27T02:16:57,mobilevit_xxs_batch3_node_1_upload,fc7f0ee7-3c35-40c2-be45-8e6f0e270f7e,5b0fa12a-3dd7-45bb-9766-cc326314d9f1,10.918424536008388,0.00013386591307090086,1.2260552118065948e-05,115.20035562240001,143.2437168801734,6.0,0.0002512044891958419,0.0003122249720064474,5.3487884967277455e-09,0.0005634348099907861,0.0,United Kingdom,GBR,england,,,Linux-6.4.0-150600.23.73_15.0.14-cray_shasta_c_64k-aarch64-with-glibc2.38,3.11.7,3.3.0,72,Neoverse-V2,1,1 x NVIDIA GH200 120GB,-2.5917,51.4535,64,machine,3.0428571428571423,0.0,41.9,358.9391653878348,N,1.0,0.0
2026-09-27T02:17:09,mobilevit_xxs_batch3_node_2_upload,18e02b95-5f5e-4dbf-8057-eff1de81b222,5b0fa12a-3dd7-45bb-9766-cc326314d9f1,3.088162182131782,1.115243218212324e-06,3.6113492505839284e-07,115.20035562240001,1431.1692096832576,6.0,7.282303178819134e-07,3.9602809351890755e-06,5.490650267650684e-09,4.69400190333864e-06,0.0,United Kingdom,GBR,england,,,Linux-6.4.0-150600.23.73_15.0.14-cray_shasta_c_64k-aarch64-with-glibc2.38,3.11.7,3.3.0,72,Neoverse-V2,1,1 x NVIDIA GH200 120GB,-2.5917,51.4535,64,machine,0,0,0,0,N,1.0,0.0
2026-09-27T02:17:13,mobilevit_xxs_batch3_node_3_upload,7f0c89e0-9b49-4eba-a841-d0187bbc6644,5b0fa12a-3dd7-45bb-9766-cc326314d9f1,3.0831176068168133,1.004132897399088e-07,3.256875103236208e-08,115.20053084160004,0.0,6.0,4.173883508383638e-07,0.0,5.246071377769113e-09,4.226344222161329e-07,0.0,United Kingdom,GBR,england,,,Linux-6.4.0-150600.23.73_15.0.14-cray_shasta_c_64k-aarch64-with-glibc2.38,3.11.7,3.3.0,72,Neoverse-V2,1,1 x NVIDIA GH200 120GB,-2.5917,51.4535,64,machine,0,0,0,0,N,1.0,0.0
2026-09-27T02:17:29,mobilevit_xxs_batch3_node_4_upload,cb6d421f-6c77-468f-ae45-bd3feddc73ac,5b0fa12a-3dd7-45bb-9766-cc326314d9f1,3.0847934898920357,1.3976157033514032e-07,4.530662126754936e-08,115.20035562240001,0.0,6.0,5.75613681177445e-07,0.0,1.2635649958004554e-08,5.882493311354495e-07,0.0,United Kingdom,GBR,england,,,Linux-6.4.0-150600.23.73_15.0.14-cray_shasta_c_64k-aarch64-with-glibc2.38,3.11.7,3.3.0,72,Neoverse-V2,1,1 x NVIDIA GH200 120GB,-2.5917,51.4535,64,machine,0,0,0,0,N,1.0,0.0
2026-09-27T02:17:57,mobilevit_xxs_batch3_node_5_upload,74768dd0-2952-4032-8926-9a9a18921659,5b0fa12a-3dd7-45bb-9766-cc326314d9f1,3.081857872195542,1.3976259476660438e-07,4.535011040825069e-08,115.20053084160004,0.0,6.0,5.829083212668612e-07,0.0,5.345321648443738e-09,5.882536429153049e-07,0.0,United Kingdom,GBR,england,,,Linux-6.4.0-150600.23.73_15.0.14-cray_shasta_c_64k-aarch64-with-glibc2.38,3.11.7,3.3.0,72,Neoverse-V2,1,1 x NVIDIA GH200 120GB,-2.5917,51.4535,64,machine,0,0,0,0,N,1.0,0.0
2026-09-27T02:18:14,mobilevit_xxs_batch3_node_0_exchange,1d496de0-777a-4fbc-a0ef-d0d2b9d68d6b,5b0fa12a-3dd7-45bb-9766-cc326314d9f1,13.128694985993207,0.00017110630291940242,1.3033001612266336e-05,115.2003556224,143.38782861378334,6.0,0.00032107660594061046,0.0003990886526281656,1.2455548470218976e-08,0.0007201777141172463,0.0,United Kingdom,GBR,england,,,Linux-6.4.0-150600.23.73_15.0.14-cray_shasta_c_64k-aarch64-with-glibc2.38,3.11.7,3.3.0,72,Neoverse-V2,1,1 x NVIDIA GH200 120GB,-2.5917,51.4535,64,machine,2.71,0.0,41.89999999999999,358.9071960449219,N,1.0,0.0
2026-09-27T02:19:02,mobilevit_xxs_batch3_node_1_exchange,5319f8d7-05cd-40c6-87cd-532487131c53,5b0fa12a-3dd7-45bb-9766-cc326314d9f1,10.302206185879186,0.0001225444889676516,1.1894975382614486e-05,115.20035562240001,142.13659167446392,6.0,0.0002310198264358818,0.0002847582833709339,5.402761744335294e-09,0.00051578351256856,0.0,United Kingdom,GBR,england,,,Linux-6.4.0-150600.23.73_15.0.14-cray_shasta_c_64k-aarch64-with-glibc2.38,3.11.7,3.3.0,72,Neoverse-V2,1,1 x NVIDIA GH200 120GB,-2.5917,51.4535,64,machine,0.0,0.0,41.9,358.8939732142857,N,1.0,0.0
2026-09-27T02:19:59,mobilevit_xxs_batch3_node_2_exchange,0fc8be21-cca1-46b6-8318-0e04f9e5382e,5b0fa12a-3dd7-45bb-9766-cc326314d9f1,31.109999533975497,0.0004821401671988433,1.5497916246263323e-05,115.20035562239997,142.01608552665007,6.0,0.0008967155805016517,0.0011075769971711225,2.5010829466627913e-05,0.0020293034071394017,0.0,United Kingdom,GBR,england,,,Linux-6.4.0-150600.23.73_15.0.14-cray_shasta_c_64k-aarch64-with-glibc2.38,3.11.7,3.3.0,72,Neoverse-V2,1,1 x NVIDIA GH200 120GB,-2.5917,51.4535,64,machine,0.9392857142857142,0.0,41.9,358.89839608328685,N,1.0,0.0
2026-09-27T02:20:14,mobilevit_xxs_batch3_node_3_exchange,347a25ad-f6bb-459c-a957-5fb759a9bce8,5b0fa12a-3dd7-45bb-9766-cc326314d9f1,8.635393087984994,9.478186332044569e-05,1.0975975540977063e-05,115.20035562240001,143.77466197012393,6.0,0.00017761073781737886,0.00022131545483716764,5.842584650963544e-09,0.0003989320352391975,0.0,United Kingdom,GBR,england,,,Linux-6.4.0-150600.23.73_15.0.14-cray_shasta_c_64k-aarch64-with-glibc2.38,3.11.7,3.3.0,72,Neoverse-V2,1,1 x NVIDIA GH200 120GB,-2.5917,51.4535,64,machine,2.4200000000000004,0.0,41.9,358.90087890625,N,1.0,0.0
2026-09-27T02:20:23,mobilevit_xxs_batch3_node_4_exchange,d5e3baf0-b6a0-4c03-b86a-90c05379eb80,5b0fa12a-3dd7-45bb-9766-cc326314d9f1,4.10126014589332,1.7125714843668403e-05,4.175720201708431e-06,115.20035562240001,140.32022133525018,6.0,3.254991504079684e-05,3.9521420504229354e-05,9.925976628437639e-09,7.208126152165464e-05,0.0,United Kingdom,GBR,england,,,Linux-6.4.0-150600.23.73_15.0.14-cray_shasta_c_64k-aarch64-with-glibc2.38,3.11.7,3.3.0,72,Neoverse-V2,1,1 x NVIDIA GH200 120GB,-2.5917,51.4535,64,machine,0.0,0.0,41.9,358.88702392578125,N,1.0,0.0
2026-09-27T02:20:42,mobilevit_xxs_batch3_node_5_exchange,64a6f779-d9a2-4eff-9219-3e3a4c24651a,5b0fa12a-3dd7-45bb-9766-cc326314d9f1,8.538459359202534,9.311215806225251e-05,1.0905030304079224e-05,115.20035562240001,143.8110934007643,6.0,0.0001743639325351058,0.00021753489625098155,5.502063625802596e-09,0.0003919043308497132,0.0,United Kingdom,GBR,england,,,Linux-6.4.0-150600.23.73_15.0.14-cray_shasta_c_64k-aarch64-with-glibc2.38,3.11.7,3.3.0,72,Neoverse-V2,1,1 x NVIDIA GH200 120GB,-2.5917,51.4535,64,machine,0.0,0.0,41.9,358.877978515625,N,1.0,0.0
2026-09-27T02:21:07,mobilevit_xxs_batch3_node_0_evaluate,42b489aa-f390-41a8-9ed7-6c2e224d05ca,5b0fa12a-3dd7-45bb-9766-cc326314d9f1,9.060533269075677,0.00010718218353661245,1.1829566798505537e-05,116.362704672,608.372931898175,6.0,0.00019581435688937988,0.0002453638074086939,9.946187151751171e-06,0.00045112435144982493,0.0,United Kingdom,GBR,england,,,Linux-6.4.0-150600.23.73_15.0.14-cray_shasta_c_64k-aarch64-with-glibc2.38,3.11.7,3.3.0,72,Neoverse-V2,1,1 x NVIDIA GH200 120GB,-2.5917,51.4535,64,machine,30.620000000000005,2.4,41.9,358.8900390625,N,1.0,0.0
2026-09-27T02:21:31,mobilevit_xxs_batch3_node_1_evaluate,5cf73b44-ae01-49c2-8193-58b0c6a8f93d,5b0fa12a-3dd7-45bb-9766-cc326314d9f1,10.339038030942902,0.00012887132709536758,1.2464537484984445e-05,116.55697194925716,143.07455597611778,6.0,0.0002378694381166186,0.00029409106859645817,1.0452345293403293e-05,0.00054241285200648,0.0,United Kingdom,GBR,england,,,Linux-6.4.0-150600.23.73_15.0.14-cray_shasta_c_64k-aarch64-with-glibc2.38,3.11.7,3.3.0,72,Neoverse-V2,1,1 x NVIDIA GH200 120GB,-2.5917,51.4535,64,machine,11.214285714285714,2.4285714285714284,41.9,358.90740966796875,N,1.0,0.0
2026-09-27T02:21:57,mobilevit_xxs_batch3_node_2_evaluate,2c2d20f3-43ee-4fd0-bccc-822205f83bce,5b0fa12a-3dd7-45bb-9766-cc326314d9f1,10.952909064013511,0.00013996477044301528,1.2778775905560886e-05,116.42920264182857,146.62482345142595,6.0,0.00025697528197459314,0.00032205636875914934,1.0072939306264743e-05,0.0005891045900400072,0.0,United Kingdom,GBR,england,,,Linux-6.4.0-150600.23.73_15.0.14-cray_shasta_c_64k-aarch64-with-glibc2.38,3.11.7,3.3.0,72,Neoverse-V2,1,1 x NVIDIA GH200 120GB,-2.5917,51.4535,64,machine,0.0,1.1428571428571428,41.9,358.9144287109375,N,1.0,0.0
2026-09-27T02:23:39,mobilevit_xxs_batch3_node_3_evaluate,02ca8b63-2d70-4fd5-a333-2b4c786c13de,5b0fa12a-3dd7-45bb-9766-cc326314d9f1,9.075162691064179,0.00010847275598807044,1.1952706489204617e-05,116.49642175542857,729.6889858407382,6.0,0.00019686679244471653,0.00024970881086971985,9.980701851503303e-06,0.0004565563051659397,0.0,United Kingdom,GBR,england,,,Linux-6.4.0-150600.23.73_15.0.14-cray_shasta_c_64k-aarch64-with-glibc2.38,3.11.7,3.3.0,72,Neoverse-V2,1,1 x NVIDIA GH200 120GB,-2.5917,51.4535,64,machine,0.0,2.0,41.9,358.9251708984375,N,1.0,0.0
2026-09-27T02:23:51,mobilevit_xxs_batch3_node_4_evaluate,b576ff24-d230-4b70-8d82-881cd601fd3a,5b0fa12a-3dd7-45bb-9766-cc326314d9f1,9.24948227009736,0.00011380466513323194,1.2303895700319455e-05,119.96716159542859,74.12803212108274,6.0,0.00021443533281280446,0.00025426687007268356,1.0295836305012928e-05,0.000478998039190501,0.0,United Kingdom,GBR,england,,,Linux-6.4.0-150600.23.73_15.0.14-cray_shasta_c_64k-aarch64-with-glibc2.38,3.11.7,3.3.0,72,Neoverse-V2,1,1 x NVIDIA GH200 120GB,-2.5917,51.4535,64,machine,0.0,2.6666666666666665,41.916666666666664,359.0928039550781,N,1.0,0.0
2026-09-27T02:24:13,mobilevit_xxs_batch3_node_5_evaluate,1c0869d6-4b0e-434e-a064-8f7f4036c945,5b0fa12a-3dd7-45bb-9766-cc326314d9f1,20.625593377044424,0.000304071679509877,1.4742445172428267e-05,116.73777501504001,144.9184639413978,6.0,0.0005679554022942392,0.0007015983390630254,1.0268470571221164e-05,0.001279822211928486,0.0,United Kingdom,GBR,england,,,Linux-6.4.0-150600.23.73_15.0.14-cray_shasta_c_64k-aarch64-with-glibc2.38,3.11.7,3.3.0,72,Neoverse-V2,1,1 x NVIDIA GH200 120GB,-2.5917,51.4535,64,machine,2.4529411764705884,0.6470588235294118,41.89999999999999,358.9191930434283,N,1.0,0.0
2026-09-27T02:25:03,mobilenet_v3_small_batch4_node_0_local_train,2c255f95-e18a-4ba5-ab02-fb7f5397ad3e,5b0fa12a-3dd7-45bb-9766-cc326314d9f1,9.712422552984208,0.00011850748855630202,1.220164051860468e-05,115.80986582948572,205.82269492264032,6.0,0.00021448636914542634,0.0002732627186077252,1.1042895698531843e-05,0.0004987919834516834,0.0,United Kingdom,GBR,england,,,Linux-6.4.0-150600.23.73_15.0.14-cray_shasta_c_64k-aarch64-with-glibc2.38,3.11.7,3.3.0,72,Neoverse-V2,1,1 x NVIDIA GH200 120GB,-2.5917,51.4535,64,machine,0.0,2.8333333333333335,41.91666666666667,359.12042236328125,N,1.0,0.0
2026-09-27T02:26:18,mobilenet_v3_small_batch4_node_0_evaluate,1e93b473-b41d-48a7-9367-81d2aad9fc36,5b0fa12a-3dd7-45bb-9766-cc326314d9f1,12.448731015902013,0.00016557424109389727,1.3300491502498743e-05,116.10837562752,72.16294132210895,6.0,0.0003053826053316968,0.00037587918959047784,1.5631752733218797e-05,0.0006968935476553934,0.0,United Kingdom,GBR,england,,,Linux-6.4.0-150600.23.73_15.0.14-cray_shasta_c_64k-aarch64-with-glibc2.38,3.11.7,3.3.0,72,Neoverse-V2,1,1 x NVIDIA GH200 120GB,-2.5917,51.4535,64,machine,1.911111111111111,0.3333333333333333,41.9,359.0962320963542,N,1.0,0.0
2026-09-27T02:27:54,mobilenet_v3_small_batch4_node_1_local_train,8e55d8ea-4c3d-46a7-9b6f-6fc62fafa569,5b0fa12a-3dd7-45bb-9766-cc326314d9f1,23.898373268079013,0.0003646370494341929,1.5257818820716034e-05,116.21785896480002,145.67766934015174,6.0,0.0006723433137116536,0.000841215672963358,2.117978251966027e-05,0.001534738769194672,0.0,United Kingdom,GBR,england,,,Linux-6.4.0-150600.23.73_15.0.14-cray_shasta_c_64k-aarch64-with-glibc2.38,3.11.7,3.3.0,72,Neoverse-V2,1,1 x NVIDIA GH200 120GB,-2.5917,51.4535,64,machine,6.534999999999999,1.85,41.89999999999999,359.11033020019534,N,1.0,0.0
2026-09-27T02:28:17,mobilenet_v3_small_batch4_node_1_evaluate,601d27e9-b6b9-4893-9890-6e60d41054df,5b0fa12a-3dd7-45bb-9766-cc326314d9f1,10.54384807497263,0.00013225737831681913,1.2543558800961048e-05,116.67933823268572,143.07608832464575,6.0,0.0002451529096766016,0.0003007169072475335,1.0794752213405446e-05,0.0005566645691375406,0.0,United Kingdom,GBR,england,,,Linux-6.4.0-150600.23.73_15.0.14-cray_shasta_c_64k-aarch64-with-glibc2.38,3.11.7,3.3.0,72,Neoverse-V2,1,1 x NVIDIA GH200 120GB,-2.5917,51.4535,64,machine,0.0,0.5714285714285714,41.91428571428571,359.2109810965402,N,1.0,0.0
2026-09-27T02:29:05,mobilenet_v3_small_batch4_node_2_local_train,6cedaca6-8a55-4eef-be57-9194b9b9ac4d,5b0fa12a-3dd7-45bb-9766-cc326314d9f1,10.851556180976331,0.00014280408597985164,1.3159779445292733e-05,119.65725815040003,73.87704897482426,6.0,0.0002687606288900526,0.0003193219221060417,1.297257352503948e-05,0.0006010551245211337,0.0,United Kingdom,GBR,england,,,Linux-6.4.0-150600.23.73_15.0.14-cray_shasta_c_64k-aarch64-with-glibc2.38,3.11.7,3.3.0,72,Neoverse-V2,1,1 x NVIDIA GH200 120GB,-2.5917,51.4535,64,machine,4.071428571428571,1.1428571428571428,41.9,359.155029296875,N,1.0,0.0
2026-09-27T02:29:38,mobilenet_v3_small_batch4_node_2_evaluate,9d9c15df-9bc0-4bb2-bfde-53410cde9da2,5b0fa12a-3dd7-45bb-9766-cc326314d9f1,10.639602982904762,0.00013372470474500072,1.256858032765542e-05,116.65251114377143,144.18752379903964,6.0,0.0002477526632867502,0.00030459857701714554,1.0489231035268556e-05,0.0005628404713391643,0.0,United Kingdom,GBR,england,,,Linux-6.4.0-150600.23.73_15.0.14-cray_shasta_c_64k-aarch64-with-glibc2.38,3.11.7,3.3.0,72,Neoverse-V2,1,1 x NVIDIA GH200 120GB,-2.5917,51.4535,64,machine,0.0,0.5714285714285714,42.0,359.70352608816967,N,1.0,0.0
2026-09-27T02:29:49,mobilenet_v3_small_batch4_node_3_local_train,e8d3b9a8-d53f-4f39-aada-f7b2830dc07a,5b0fa12a-3dd7-45bb-9766-cc326314d9f1,10.169357359176502,0.00012591465990443088,1.2381771576825308e-05,116.02592243382858,144.22430654179863,6.0,0.0002305389066642938,0.00028926273141394176,1.0166752312021951e-05,0.0005299683903902575,0.0,United Kingdom,GBR,england,,,Linux-6.4.0-150600.23.73_15.0.14-cray_shasta_c_64k-aarch64-with-glibc2.38,3.11.7,3.3.0,72,Neoverse-V2,1,1 x NVIDIA GH200 120GB,-2.5917,51.4535,64,machine,0.0,2.2857142857142856,41.971428571428575,359.2920706612723,N,1.0,0.0
2026-09-27T02:30:18,mobilenet_v3_small_batch4_node_3_evaluate,35a9e737-2bce-4681-b914-69ab15219bc4,5b0fa12a-3dd7-45bb-9766-cc326314d9f1,9.156155124073848,0.00010804131748157604,1.1799856601108481e-05,116.46067363200004,72.41260850236617,6.0,0.00019963717467672042,0.00024494436263466923,1.0158865154953674e-05,0.0004547404024663433,0.0,United Kingdom,GBR,england,,,Linux-6.4.0-150600.23.73_15.0.14-cray_shasta_c_64k-aarch64-with-glibc2.38,3.11.7,3.3.0,72,Neoverse-V2,1,1 x NVIDIA GH200 120GB,-2.5917,51.4535,64,machine,0.0,0.5,42.0,359.86278279622394,N,1.0,0.0
2026-09-27T02:36:59,mobilenet_v3_small_batch4_node_4_local_train,82be6e32-cc54-4444-9c69-67fa4919a556,5b0fa12a-3dd7-45bb-9766-cc326314d9f1,317.495015836088,0.005532837607277542,1.7426533744813052e-05,115.54464255359456,143.503145745778,6.0,0.010183085087345447,0.01257807422911128,0.0005262723713635934,0.02328743168782032,0.0,United Kingdom,GBR,england,,,Linux-6.4.0-150600.23.73_15.0.14-cray_shasta_c_64k-aarch64-with-glibc2.38,3.11.7,3.3.0,72,Neoverse-V2,1,1 x NVIDIA GH200 120GB,-2.5917,51.4535,64,machine,2.5908517350157734,0.10725552050473186,42.009779179810764,359.871823668856,N,1.0,0.0
2026-09-27T02:37:46,mobilenet_v3_small_batch4_node_4_evaluate,54383704-2996-435f-ad3c-12de3f5de5e9,5b0fa12a-3dd7-45bb-9766-cc326314d9f1,10.354313819902018,0.00013154321840870074,1.2704194666754413e-05,120.31131324754287,145.94749025697695,6.0,0.0002510190611248097,0.00029226523380998515,1.0374411523419743e-05,0.0005536587064582146,0.0,United Kingdom,GBR,england,,,Linux-6.4.0-150600.23.73_15.0.14-cray_shasta_c_64k-aarch64-with-glibc2.38,3.11.7,3.3.0,72,Neoverse-V2,1,1 x NVIDIA GH200 120GB,-2.5917,51.4535,64,machine,0.0,0.42857142857142855,42.01428571428572,359.90040806361606,N,1.0,0.0
2026-09-27T02:38:02,mobilenet_v3_small_batch4_node_5_local_train,54bf2a33-a6aa-4494-a368-498327cda3b3,5b0fa12a-3dd7-45bb-9766-cc326314d9f1,15.260259188944474,0.00022019529686893914,1.4429328764511612e-05,120.38465015136,144.5538084620763,6.0,0.00041665728961409016,0.0004948115069538517,1.5321992858080196e-05,0.000926790789426022,0.0,United Kingdom,GBR,england,,,Linux-6.4.0-150600.23.73_15.0.14-cray_shasta_c_64k-aarch64-with-glibc2.38,3.11.7,3.3.0,72,Neoverse-V2,1,1 x NVIDIA GH200 120GB,-2.5917,51.4535,64,machine,0.0,2.9166666666666665,42.0,359.8406982421875,N,1.0,0.0
2026-09-27T02:38:25,mobilenet_v3_small_batch4_node_5_evaluate,e8ef0036-f0b4-494a-a6bc-dff78772c381,5b0fa12a-3dd7-45bb-9766-cc326314d9f1,11.89861098001711,0.00016058905803606325,1.3496454191649882e-05,124.17305279451429,143.03483250106817,6.0,0.00031402388593325533,0.0003514727811761986,1.0414498963315663e-05,0.0006759111660727695,0.0,United Kingdom,GBR,england,,,Linux-6.4.0-150600.23.73_15.0.14-cray_shasta_c_64k-aarch64-with-glibc2.38,3.11.7,3.3.0,72,Neoverse-V2,1,1 x NVIDIA GH200 120GB,-2.5917,51.4535,64,machine,12.075,0.25,42.0,359.9013671875,N,1.0,0.0
2026-09-27T02:40:42,mobilenet_v3_small_batch4_node_0_upload,a48ae184-7389-4579-8dae-e293b661f7db,5b0fa12a-3dd7-45bb-9766-cc326314d9f1,95.91735386592336,0.0016159522076788025,1.6847339324410858e-05,115.41931202155479,146.49576787762763,6.0,0.0029797805130411517,0.0036715546039118863,0.00015012542069307527,0.006801460537646114,0.0,United Kingdom,GBR,england,,,Linux-6.4.0-150600.23.73_15.0.14-cray_shasta_c_64k-aarch64-with-glibc2.38,3.11.7,3.3.0,72,Neoverse-V2,1,1 x NVIDIA GH200 120GB,-2.5917,51.4535,64,machine,0.5815217391304348,0.0,42.00108695652174,359.94684634001356,N,1.0,0.0
2026-09-27T02:43:24,mobilenet_v3_small_batch4_node_1_upload,f7297e82-b62a-4890-b7e2-dc65d075394d,5b0fa12a-3dd7-45bb-9766-cc326314d9f1,4.560053349006921,2.547690881446366e-05,5.58697604272809e-06,115.20604661760001,143.15781351158478,6.0,4.7870678459242116e-05,5.935449193827935e-05,5.841200084735949e-09,0.00010723101159760621,0.0,United Kingdom,GBR,england,,,Linux-6.4.0-150600.23.73_15.0.14-cray_shasta_c_64k-aarch64-with-glibc2.38,3.11.7,3.3.0,72,Neoverse-V2,1,1 x NVIDIA GH200 120GB,-2.5917,51.4535,64,machine,0.0,0.0,42.0,359.92254638671875,N,1.0,0.0
2026-09-27T02:43:39,mobilenet_v3_small_batch4_node_2_upload,0c810a89-604c-470f-a228-764a44afa879,5b0fa12a-3dd7-45bb-9766-cc326314d9f1,4.079118277877569,1.716728813198586e-05,4.208578168740495e-06,115.368521472,140.44358824513475,6.0,3.267789386714446e-05,3.9568920556121157e-05,9.426951485996446e-09,7.225624137475161e-05,0.0,United Kingdom,GBR,england,,,Linux-6.4.0-150600.23.73_15.0.14-cray_shasta_c_64k-aarch64-with-glibc2.38,3.11.7,3.3.0,72,Neoverse-V2,1,1 x NVIDIA GH200 120GB,-2.5917,51.4535,64,machine,0.0,0.0,42.0,359.84173583984375,N,1.0,0.0
2026-09-27T02:43:49,mobilenet_v3_small_batch4_node_3_upload,cf8103a3-104e-4b61-8573-f9e2b356c94e,5b0fa12a-3dd7-45bb-9766-cc326314d9f1,6.07515874505043,5.116388700436848e-05,8.421818943587748e-06,115.20302667840004,141.91839697012244,6.0,9.658100462792957e-05,0.00011875981724074336,5.372628414382538e-09,0.00021534619449708732,0.0,United Kingdom,GBR,england,,,Linux-6.4.0-150600.23.73_15.0.14-cray_shasta_c_64k-aarch64-with-glibc2.38,3.11.7,3.3.0,72,Neoverse-V2,1,1 x NVIDIA GH200 120GB,-2.5917,51.4535,64,machine,4.3,0.0,42.0,359.83892822265625,N,1.0,0.0
2026-09-27T02:45:23,mobilenet_v3_small_batch4_node_4_upload,1276b3cc-5de9-4a0a-8bae-6f583f8ee40e,5b0fa12a-3dd7-45bb-9766-cc326314d9f1,81.30764741403982,0.001358369000981918,1.6706534307464923e-05,115.81558591896,142.51955549554873,6.0,0.002515077506702376,0.003098306089739822,0.00010392234357151512,0.0057173059400137125,0.0,United Kingdom,GBR,england,,,Linux-6.4.0-150600.23.73_15.0.14-cray_shasta_c_64k-aarch64-with-glibc2.38,3.11.7,3.3.0,72,Neoverse-V2,1,1 x NVIDIA GH200 120GB,-2.5917,51.4535,64,machine,1.223076923076923,0.0,41.508974358974406,355.4047632461939,N,1.0,0.0
2026-09-27T02:45:49,mobilenet_v3_small_batch4_node_5_upload,912c65df-35ea-40aa-90b5-189d6e11eccb,5b0fa12a-3dd7-45bb-9766-cc326314d9f1,4.077829587040469,1.8137407554148974e-05,4.447809102123957e-06,115.487966016,154.95229929451048,6.0,3.274418023494737e-05,4.35897570838506e-05,5.487293237820267e-09,7.63394246120358e-05,0.0,United Kingdom,GBR,england,,,Linux-6.4.0-150600.23.73_15.0.14-cray_shasta_c_64k-aarch64-with-glibc2.38,3.11.7,3.3.0,72,Neoverse-V2,1,1 x NVIDIA GH200 120GB,-2.5917,51.4535,64,machine,68.3,0.0,41.6,356.372314453125,N,1.0,0.0
2026-09-27T02:46:14,mobilenet_v3_small_batch4_node_0_exchange,e8aeb619-9153-4ac5-922d-b47e39dd8f4e,5b0fa12a-3dd7-45bb-9766-cc326314d9f1,7.651604072889313,7.829923442834734e-05,1.0233048349400658e-05,116.19703975680002,72.2487844853227,6.0,0.0001474501971602118,0.00018201097893211227,9.631364140659571e-08,0.0003295574897337307,0.0,United Kingdom,GBR,england,,,Linux-6.4.0-150600.23.73_15.0.14-cray_shasta_c_64k-aarch64-with-glibc2.38,3.11.7,3.3.0,72,Neoverse-V2,1,1 x NVIDIA GH200 120GB,-2.5917,51.4535,64,machine,0.0,0.0,41.7,356.92478942871094,N,1.0,0.0
2026-09-27T02:46:31,mobilenet_v3_small_batch4_node_1_exchange,c16b0ba5-ca78-4a1d-b894-641d9e4a775c,5b0fa12a-3dd7-45bb-9766-cc326314d9f1,4.124681030865759,1.7636773245230803e-05,4.2759120313186726e-06,115.88361822720002,70.04767936516738,6.0,3.4508264184981185e-05,3.962142059776852e-05,1.0259552160277963e-07,7.423228030435249e-05,0.0,United Kingdom,GBR,england,,,Linux-6.4.0-150600.23.73_15.0.14-cray_shasta_c_64k-aarch64-with-glibc2.38,3.11.7,3.3.0,72,Neoverse-V2,1,1 x NVIDIA GH200 120GB,-2.5917,51.4535,64,machine,6.7,0.0,41.7,356.9453125,N,1.0,0.0
2026-09-27T02:46:47,mobilenet_v3_small_batch4_node_2_exchange,d787f3b1-e134-4d12-81f4-f12b01ce2b45,5b0fa12a-3dd7-45bb-9766-cc326314d9f1,3.12638122192584,1.5806231081878526e-06,5.055759345989784e-07,116.8599085056,136.61034362302144,6.0,2.544361318275838e-06,4.015003199242528e-06,9.33976397694399e-08,6.6527621572878065e-06,0.0,United Kingdom,GBR,england,,,Linux-6.4.0-150600.23.73_15.0.14-cray_shasta_c_64k-aarch64-with-glibc2.38,3.11.7,3.3.0,72,Neoverse-V2,1,1 x NVIDIA GH200 120GB,-2.5917,51.4535,64,machine,0,0,0,0,N,1.0,0.0
2026-09-27T02:46:51,mobilenet_v3_small_batch4_node_3_exchange,a8e454b7-235f-471d-83cc-4a4099129133,5b0fa12a-3dd7-45bb-9766-cc326314d9f1,3.1231227959506214,1.6418911642982422e-06,5.257209759498044e-07,127.51281233280002,691.7202141331016,6.0,2.8237872721854036e-06,3.993614299702131e-06,9.323471303408345e-08,6.910636284921618e-06,0.0,United Kingdom,GBR,england,,,Linux-6.4.0-150600.23.73_15.0.14-cray_shasta_c_64k-aarch64-with-glibc2.38,3.11.7,3.3.0,72,Neoverse-V2,1,1 x NVIDIA GH200 120GB,-2.5917,51.4535,64,machine,0,0,0,0,N,1.0,0.0
2026-09-27T02:46:56,mobilenet_v3_small_batch4_node_4_exchange,dc67eb51-e89c-45ad-94f2-dca51bfccef0,5b0fa12a-3dd7-45bb-9766-cc326314d9f1,4.508491717977449,2.4331712336871206e-05,5.39686304398639e-06,116.75193796800002,71.5420905014525,6.0,4.6880983130863325e-05,5.5437544347114454e-05,9.241047315299511e-08,0.00010241093795113076,0.0,United Kingdom,GBR,england,,,Linux-6.4.0-150600.23.73_15.0.14-cray_shasta_c_64k-aarch64-with-glibc2.38,3.11.7,3.3.0,72,Neoverse-V2,1,1 x NVIDIA GH200 120GB,-2.5917,51.4535,64,machine,0.0,0.0,41.6,356.57061767578125,N,1.0,0.0
2026-09-27T02:47:26,mobilenet_v3_small_batch4_node_5_exchange,a195e1f1-c5e4-4c89-a056-97c15d4ed1c1,5b0fa12a-3dd7-45bb-9766-cc326314d9f1,6.131483003031462,5.262409587733738e-05,8.582604869216719e-06,116.12237149440001,203.94139243680365,6.0,9.860334526755634e-05,0.00012279343157217681,9.536243160255254e-08,0.0002214921392713357,0.0,United Kingdom,GBR,england,,,Linux-6.4.0-150600.23.73_15.0.14-cray_shasta_c_64k-aarch64-with-glibc2.38,3.11.7,3.3.0,72,Neoverse-V2,1,1 x NVIDIA GH200 120GB,-2.5917,51.4535,64,machine,6.266666666666667,0.0,41.6,356.491455078125,N,1.0,0.0
2026-09-27T02:47:52,mobilenet_v3_small_batch4_node_0_evaluate,e3698b63-fbec-4492-8030-940857666af3,5b0fa12a-3dd7-45bb-9766-cc326314d9f1,10.21900718496181,0.00012669314798654694,1.2397794197951766e-05,116.75291156022858,146.90371786628532,6.0,0.00023445138811234602,0.0002886116197799993,1.0181999185200162e-05,0.0005332450070775455,0.0,United Kingdom,GBR,england,,,Linux-6.4.0-150600.23.73_15.0.14-cray_shasta_c_64k-aarch64-with-glibc2.38,3.11.7,3.3.0,72,Neoverse-V2,1,1 x NVIDIA GH200 120GB,-2.5917,51.4535,64,machine,0.0,0.42857142857142855,41.6,356.50240652901783,N,1.0,0.0
2026-09-27T02:48:22,mobilenet_v3_small_batch4_node_1_evaluate,6ce555e2-7780-4fa9-855a-15fa846968f5,5b0fa12a-3dd7-45bb-9766-cc326314d9f1,21.500029850983992,0.00031973044854251623,1.4871163005751972e-05,117.3739587972923,143.8105216763487,6.0,0.0005993444104900642,0.0007356966996781011,1.0688063078559935e-05,0.0013457291732467253,0.0,United Kingdom,GBR,england,,,Linux-6.4.0-150600.23.73_15.0.14-cray_shasta_c_64k-aarch64-with-glibc2.38,3.11.7,3.3.0,72,Neoverse-V2,1,1 x NVIDIA GH200 120GB,-2.5917,51.4535,64,machine,8.005555555555556,0.16666666666666666,41.622222222222234,356.6141526963976,N,1.0,0.0
2026-09-27T02:48:32,mobilenet_v3_small_batch4_node_2_evaluate,981adcf7-fbd0-4ddb-8970-3c10c8c17047,5b0fa12a-3dd7-45bb-9766-cc326314d9f1,9.24383995309472,0.00010966743511525785,1.1863839667468774e-05,116.4622440137143,72.67068206937748,6.0,0.00020236356338110108,0.0002489354769181773,1.0285608465007197e-05,0.0004615846487642856,0.0,United Kingdom,GBR,england,,,Linux-6.4.0-150600.23.73_15.0.14-cray_shasta_c_64k-aarch64-with-glibc2.38,3.11.7,3.3.0,72,Neoverse-V2,1,1 x NVIDIA GH200 120GB,-2.5917,51.4535,64,machine,2.8666666666666667,0.6666666666666666,41.6,356.4810791015625,N,1.0,0.0
2026-09-27T02:48:49,mobilenet_v3_small_batch4_node_3_evaluate,a0616318-733a-477e-ad26-e54f70132a90,5b0fa12a-3dd7-45bb-9766-cc326314d9f1,13.250504601048306,0.00017789007732297842,1.3425154941563866e-05,116.65988402852574,143.41327170803595,6.0,0.00033140771088065104,0.00040701754784322475,1.0305016343481837e-05,0.0007487302750673575,0.0,United Kingdom,GBR,england,,,Linux-6.4.0-150600.23.73_15.0.14-cray_shasta_c_64k-aarch64-with-glibc2.38,3.11.7,3.3.0,72,Neoverse-V2,1,1 x NVIDIA GH200 120GB,-2.5917,51.4535,64,machine,0.0,0.2,41.60000000000001,356.46519165039064,N,1.0,0.0
2026-09-27T02:50:12,mobilenet_v3_small_batch4_node_4_evaluate,c65d8591-60c3-400b-8cf2-58a4a66540ef,5b0fa12a-3dd7-45bb-9766-cc326314d9f1,10.319030737970024,0.00012834867963278448,1.2438055752708557e-05,116.71707541988573,143.0094121556216,6.0,0.0002378104304431184,0.0002919880113694262,1.0414613643661142e-05,0.0005402130554562058,0.0,United Kingdom,GBR,england,,,Linux-6.4.0-150600.23.73_15.0.14-cray_shasta_c_64k-aarch64-with-glibc2.38,3.11.7,3.3.0,72,Neoverse-V2,1,1 x NVIDIA GH200 120GB,-2.5917,51.4535,64,machine,0.0,0.5714285714285714,41.6,356.3741891043527,N,1.0,0.0
2026-09-27T02:50:40,mobilenet_v3_small_batch4_node_5_evaluate,f9d3ae2e-1626-4566-b8a9-dde3ce63ae5e,5b0fa12a-3dd7-45bb-9766-cc326314d9f1,13.94842028990388,0.00018971871762284308,1.3601448313122952e-05,116.42034288219429,143.73002772164784,6.0,0.00035305905901688277,0.00043498257021212794,1.0474790398341913e-05,0.0007985164196273526,0.0,United Kingdom,GBR,england,,,Linux-6.4.0-150600.23.73_15.0.14-cray_shasta_c_64k-aarch64-with-glibc2.38,3.11.7,3.3.0,72,Neoverse-V2,1,1 x NVIDIA GH200 120GB,-2.5917,51.4535,64,machine,3.3400000000000007,0.2,41.660000000000004,356.713330078125,N,1.0,0.0
2026-09-27T02:51:27,efficientnet_lite0_batch4_node_0_local_train,95c4d605-512f-45c8-a742-03796d0b6297,5b0fa12a-3dd7-45bb-9766-cc326314d9f1,30.167089074850082,0.00047511093673399056,1.5749313284922955e-05,116.0254141416,148.78622619599113,6.0,0.0008716640392010549,0.0010958817100430451,3.217198488496554e-05,0.0019997177341290655,0.0,United Kingdom,GBR,england,,,Linux-6.4.0-150600.23.73_15.0.14-cray_shasta_c_64k-aarch64-with-glibc2.38,3.11.7,3.3.0,72,Neoverse-V2,1,1 x NVIDIA GH200 120GB,-2.5917,51.4535,64,machine,5.325925925925926,1.3333333333333333,41.74444444444446,357.5247486255787,N,1.0,0.0
2026-09-27T02:51:52,efficientnet_lite0_batch4_node_0_evaluate,53398dc6-5f36-4f2d-b237-484b43191dc1,5b0fa12a-3dd7-45bb-9766-cc326314d9f1,10.225604106904939,0.00012868137255144644,1.2584231817125903e-05,116.89583540297144,145.51661172502716,6.0,0.00023500616358773625,0.00029634468153005855,1.0262497888179496e-05,0.0005416133430059744,0.0,United Kingdom,GBR,england,,,Linux-6.4.0-150600.23.73_15.0.14-cray_shasta_c_64k-aarch64-with-glibc2.38,3.11.7,3.3.0,72,Neoverse-V2,1,1 x NVIDIA GH200 120GB,-2.5917,51.4535,64,machine,0.0,1.8571428571428572,42.0,359.6142142159598,N,1.0,0.0
2026-09-27T02:54:25,efficientnet_lite0_batch4_node_1_local_train,63879d5b-06df-4504-a798-acc16e50dbfa,5b0fa12a-3dd7-45bb-9766-cc326314d9f1,144.86195221892558,0.0025335785072610347,1.7489606266192744e-05,115.35215156770906,144.9361174069327,6.0,0.004639556476151273,0.005781579347498678,0.00024256707194300056,0.010663702895592955,0.0,United Kingdom,GBR,england,,,Linux-6.4.0-150600.23.73_15.0.14-cray_shasta_c_64k-aarch64-with-glibc2.38,3.11.7,3.3.0,72,Neoverse-V2,1,1 x NVIDIA GH200 120GB,-2.5917,51.4535,64,machine,0.7840277777777778,0.5555555555555556,42.0,359.50501293606226,N,1.0,0.0
2026-09-27T02:54:56,efficientnet_lite0_batch4_node_1_evaluate,a682e5d0-e5e8-4dbd-b33d-e52d1d65b79f,5b0fa12a-3dd7-45bb-9766-cc326314d9f1,16.0581696939189,0.00022760550005918078,1.4173813354667261e-05,116.44697335680003,145.81094149155902,6.0,0.00042066642429272854,0.0005264748656088614,1.0838667332039526e-05,0.0009579799572336295,0.0,United Kingdom,GBR,england,,,Linux-6.4.0-150600.23.73_15.0.14-cray_shasta_c_64k-aarch64-with-glibc2.38,3.11.7,3.3.0,72,Neoverse-V2,1,1 x NVIDIA GH200 120GB,-2.5917,51.4535,64,machine,0.0,1.0,42.0,359.94175720214844,N,1.0,0.0
2026-09-27T02:55:31,efficientnet_lite0_batch4_node_2_local_train,76ba9462-ad5f-4378-9c95-5acb4e5ced1b,5b0fa12a-3dd7-45bb-9766-cc326314d9f1,9.34656386403367,0.00011701095689102348,1.2519141643196926e-05,116.26168104000001,152.21376800911608,6.0,0.00020453243090615895,0.0002791646677735571,8.796059214898074e-06,0.0004924931578946141,0.0,United Kingdom,GBR,england,,,Linux-6.4.0-150600.23.73_15.0.14-cray_shasta_c_64k-aarch64-with-glibc2.38,3.11.7,3.3.0,72,Neoverse-V2,1,1 x NVIDIA GH200 120GB,-2.5917,51.4535,64,machine,11.666666666666666,7.0,42.0,359.9304504394531,N,1.0,0.0
2026-09-27T02:55:51,efficientnet_lite0_batch4_node_2_evaluate,4019e746-e748-418f-9332-660caf945608,5b0fa12a-3dd7-45bb-9766-cc326314d9f1,9.23160971980542,0.0001165470704095921,1.2624783103596004e-05,124.09088940617144,73.70322830590692,6.0,0.0002281167457009297,0.0002521510350703693,1.0272902549865344e-05,0.0004905406833211643,0.0,United Kingdom,GBR,england,,,Linux-6.4.0-150600.23.73_15.0.14-cray_shasta_c_64k-aarch64-with-glibc2.38,3.11.7,3.3.0,72,Neoverse-V2,1,1 x NVIDIA GH200 120GB,-2.5917,51.4535,64,machine,13.166666666666666,2.0,42.1,360.4179992675781,N,1.0,0.0
2026-09-27T02:56:11,efficientnet_lite0_batch4_node_3_local_train,93a6dc3b-1b84-47ff-b23d-596e8d87e037,5b0fa12a-3dd7-45bb-9766-cc326314d9f1,13.93259474914521,0.00019378150088000449,1.3908500488890867e-05,119.71934623707429,151.64857616930584,6.0,0.00035824697991255,0.00045048536037484155,6.88412714167498e-06,0.0008156164674290665,0.0,United Kingdom,GBR,england,,,Linux-6.4.0-150600.23.73_15.0.14-cray_shasta_c_64k-aarch64-with-glibc2.38,3.11.7,3.3.0,72,Neoverse-V2,1,1 x NVIDIA GH200 120GB,-2.5917,51.4535,64,machine,0.0,4.7,42.10000000000001,360.4220397949219,N,1.0,0.0
2026-09-27T02:56:41,efficientnet_lite0_batch4_node_3_evaluate,724e6c36-7f31-4239-ad93-eb7b4dd55e6f,5b0fa12a-3dd7-45bb-9766-cc326314d9f1,16.29018145799637,0.00023194697682671413,1.4238452617902437e-05,117.54478288080003,145.46637454742302,6.0,0.00043215292960196094,0.0005338576493159053,1.0242432908077414e-05,0.0009762530118259437,0.0,United Kingdom,GBR,england,,,Linux-6.4.0-150600.23.73_15.0.14-cray_shasta_c_64k-aarch64-with-glibc2.38,3.11.7,3.3.0,72,Neoverse-V2,1,1 x NVIDIA GH200 120GB,-2.5917,51.4535,64,machine,2.0923076923076924,1.3076923076923077,42.06153846153846,360.23806527944714,N,1.0,0.0
2026-09-27T02:57:02,efficientnet_lite0_batch4_node_4_local_train,45fbf2e4-2e61-447e-bd5f-6aac6e4590f0,5b0fa12a-3dd7-45bb-9766-cc326314d9f1,16.44444413506426,0.00023929945827137422,1.4551994357846327e-05,116.02949725542858,153.18225196912178,6.0,0.00043146967719544227,0.0005655990636057595,1.0130490945108856e-05,0.0010071992317463108,0.0,United Kingdom,GBR,england,,,Linux-6.4.0-150600.23.73_15.0.14-cray_shasta_c_64k-aarch64-with-glibc2.38,3.11.7,3.3.0,72,Neoverse-V2,1,1 x NVIDIA GH200 120GB,-2.5917,51.4535,64,machine,1.8769230769230771,3.5384615384615383,42.0,359.6621281550481,N,1.0,0.0
2026-09-27T02:59:28,efficientnet_lite0_batch4_node_4_evaluate,9e78388d-f8d6-43b0-8691-8aef761ff4b4,5b0fa12a-3dd7-45bb-9766-cc326314d9f1,10.24467178597115,0.00012781648781718776,1.2476386797692936e-05,116.76754588114287,143.60850075542876,6.0,0.0002356291156087068,0.00029204412253136525,1.0299849070142956e-05,0.0005379730872102149,0.0,United Kingdom,GBR,england,,,Linux-6.4.0-150600.23.73_15.0.14-cray_shasta_c_64k-aarch64-with-glibc2.38,3.11.7,3.3.0,72,Neoverse-V2,1,1 x NVIDIA GH200 120GB,-2.5917,51.4535,64,machine,11.257142857142856,1.7142857142857142,42.0,359.4024745396205,N,1.0,0.0
2026-09-27T03:00:03,efficientnet_lite0_batch4_node_5_local_train,cdc2e2c9-d12e-46c2-a3c5-2697ea7fbe82,5b0fa12a-3dd7-45bb-9766-cc326314d9f1,10.364823865005746,0.00013598623809288026,1.3119975781933354e-05,115.97564977920001,151.83140870626272,6.0,0.0002369177164285611,0.0003249341488213986,1.0507284764898942e-05,0.0005723591500148586,0.0,United Kingdom,GBR,england,,,Linux-6.4.0-150600.23.73_15.0.14-cray_shasta_c_64k-aarch64-with-glibc2.38,3.11.7,3.3.0,72,Neoverse-V2,1,1 x NVIDIA GH200 120GB,-2.5917,51.4535,64,machine,0.0,7.714285714285714,41.9,358.8982195172991,N,1.0,0.0
2026-09-27T03:00:31,efficientnet_lite0_batch4_node_5_evaluate,a1fbc718-c150-4c2b-9d71-19e4bf084e24,5b0fa12a-3dd7-45bb-9766-cc326314d9f1,9.241770878899843,0.00011168803089866773,1.2085133072673976e-05,116.46237709440001,75.1049965159339,6.0,0.00020237953726361097,0.00025742187260391347,1.0287823635153472e-05,0.0004700892335026779,0.0,United Kingdom,GBR,england,,,Linux-6.4.0-150600.23.73_15.0.14-cray_shasta_c_64k-aarch64-with-glibc2.38,3.11.7,3.3.0,72,Neoverse-V2,1,1 x NVIDIA GH200 120GB,-2.5917,51.4535,64,machine,0.0,2.1666666666666665,41.9,358.8097229003906,N,1.0,0.0
2026-09-27T03:00:45,efficientnet_lite0_batch4_node_0_upload,95ff40a4-b1cd-4e5d-8f4d-5af9eabe8a15,5b0fa12a-3dd7-45bb-9766-cc326314d9f1,4.091198569862172,1.7138038659261265e-05,4.189001918779666e-06,115.21417461120001,140.89443024771091,6.0,3.2556003390598706e-05,3.957169832347063e-05,5.430119733015696e-09,7.213313183380235e-05,0.0,United Kingdom,GBR,england,,,Linux-6.4.0-150600.23.73_15.0.14-cray_shasta_c_64k-aarch64-with-glibc2.38,3.11.7,3.3.0,72,Neoverse-V2,1,1 x NVIDIA GH200 120GB,-2.5917,51.4535,64,machine,0.0,0.0,41.9,358.797607421875,N,1.0,0.0
2026-09-27T03:01:30,efficientnet_lite0_batch4_node_1_upload,00d3be77-8208-4d70-b886-f16148e9bc34,5b0fa12a-3dd7-45bb-9766-cc326314d9f1,4.0891460929997265,1.7218860944039493e-05,4.210869592924727e-06,115.20069621120001,140.04855209516765,6.0,3.280936983220414e-05,3.964586505844636e-05,1.8073823302984238e-08,7.247330871395348e-05,0.0,United Kingdom,GBR,england,,,Linux-6.4.0-150600.23.73_15.0.14-cray_shasta_c_64k-aarch64-with-glibc2.38,3.11.7,3.3.0,72,Neoverse-V2,1,1 x NVIDIA GH200 120GB,-2.5917,51.4535,64,machine,9.5,0.0,41.9,358.7906494140625,N,1.0,0.0
2026-09-27T03:01:56,efficientnet_lite0_batch4_node_2_upload,3c55d617-5700-43a4-a569-3acee682acd8,5b0fa12a-3dd7-45bb-9766-cc326314d9f1,3.0920545489061624,1.5191264499136704e-07,4.913000161821443e-08,115.20035562240001,0.0,6.0,6.287229023727434e-07,0.0,1.0669683106243611e-08,6.39392585478987e-07,0.0,United Kingdom,GBR,england,,,Linux-6.4.0-150600.23.73_15.0.14-cray_shasta_c_64k-aarch64-with-glibc2.38,3.11.7,3.3.0,72,Neoverse-V2,1,1 x NVIDIA GH200 120GB,-2.5917,51.4535,64,machine,0,0,0,0,N,1.0,0.0
2026-09-27T03:04:46,efficientnet_lite0_batch4_node_3_upload,67fd44cb-55ba-4724-a09f-1e2d3db33e9f,5b0fa12a-3dd7-45bb-9766-cc326314d9f1,9.775181734003127,0.00011392551359452198,1.165456732105862e-05,115.20035562240001,142.48210100035544,6.0,0.00021442997384461682,0.0002650702120661208,6.498298219715556e-09,0.0004795066842089574,0.0,United Kingdom,GBR,england,,,Linux-6.4.0-150600.23.73_15.0.14-cray_shasta_c_64k-aarch64-with-glibc2.38,3.11.7,3.3.0,72,Neoverse-V2,1,1 x NVIDIA GH200 120GB,-2.5917,51.4535,64,machine,0.0,0.0,41.9,358.654541015625,N,1.0,0.0
2026-09-27T03:04:59,efficientnet_lite0_batch4_node_4_upload,88eac777-21f4-4ece-b84c-a2960ecd9369,5b0fa12a-3dd7-45bb-9766-cc326314d9f1,9.125966164981946,0.0001024252313289634,1.1223494529487555e-05,115.20035562240001,141.15827185813794,6.0,0.00019377752849176536,0.00023731935651483127,5.696884666879972e-09,0.0004311025818912635,0.0,United Kingdom,GBR,england,,,Linux-6.4.0-150600.23.73_15.0.14-cray_shasta_c_64k-aarch64-with-glibc2.38,3.11.7,3.3.0,72,Neoverse-V2,1,1 x NVIDIA GH200 120GB,-2.5917,51.4535,64,machine,0.0,0.0,41.9,358.65228271484375,N,1.0,0.0
2026-09-27T03:05:10,efficientnet_lite0_batch4_node_5_upload,42fc2b75-4f78-4620-b236-b23c10b94ef2,5b0fa12a-3dd7-45bb-9766-cc326314d9f1,8.44942782400176,9.166130344126082e-05,1.084822609891812e-05,115.20038482560001,143.25265731216686,6.0,0.0001720455527984293,0.00021374683765884583,5.367188326393565e-09,0.00038579775764560154,0.0,United Kingdom,GBR,england,,,Linux-6.4.0-150600.23.73_15.0.14-cray_shasta_c_64k-aarch64-with-glibc2.38,3.11.7,3.3.0,72,Neoverse-V2,1,1 x NVIDIA GH200 120GB,-2.5917,51.4535,64,machine,0.0,0.0,41.9,358.6575439453125,N,1.0,0.0
2026-09-27T03:05:20,efficientnet_lite0_batch4_node_0_exchange,8da34d9f-a4ce-447c-8869-51d7f99b2044,5b0fa12a-3dd7-45bb-9766-cc326314d9f1,4.182035821955651,1.9037993122526352e-05,4.552326649756814e-06,117.28397940480002,141.32381855404816,6.0,3.6363097265158205e-05,4.356975708219579e-05,1.9708905291433138e-07,8.012994340026834e-05,0.0,United Kingdom,GBR,england,,,Linux-6.4.0-150600.23.73_15.0.14-cray_shasta_c_64k-aarch64-with-glibc2.38,3.11.7,3.3.0,72,Neoverse-V2,1,1 x NVIDIA GH200 120GB,-2.5917,51.4535,64,machine,0.0,0.0,41.9,358.70172119140625,N,1.0,0.0
2026-09-27T03:06:42,efficientnet_lite0_batch4_node_1_exchange,63446487-37f6-4e15-a52e-f8c35fd312eb,5b0fa12a-3dd7-45bb-9766-cc326314d9f1,72.02466997294687,0.0011940055303547405,1.6577729975065767e-05,115.66657353764569,141.95006475076477,6.0,0.002207145296151679,0.00272554495820998,9.281820922352684e-05,0.005025508463585186,0.0,United Kingdom,GBR,england,,,Linux-6.4.0-150600.23.73_15.0.14-cray_shasta_c_64k-aarch64-with-glibc2.38,3.11.7,3.3.0,72,Neoverse-V2,1,1 x NVIDIA GH200 120GB,-2.5917,51.4535,64,machine,0.8705882352941177,0.0,41.90000000000005,358.66666277717144,N,1.0,0.0
2026-09-27T03:06:48,efficientnet_lite0_batch4_node_2_exchange,1deae3e4-b11c-4e73-a961-e4ed3da817b8,5b0fa12a-3dd7-45bb-9766-cc326314d9f1,4.5555413730908185,2.556120622775574e-05,5.6110139573626816e-06,116.71613052480001,143.5592768904986,6.0,4.8032634566534386e-05,5.938254750503802e-05,1.7063304510278006e-07,0.00010758581511667519,0.0,United Kingdom,GBR,england,,,Linux-6.4.0-150600.23.73_15.0.14-cray_shasta_c_64k-aarch64-with-glibc2.38,3.11.7,3.3.0,72,Neoverse-V2,1,1 x NVIDIA GH200 120GB,-2.5917,51.4535,64,machine,0.0,0.0,41.9,358.65032958984375,N,1.0,0.0
2026-09-27T03:06:55,efficientnet_lite0_batch4_node_3_exchange,c66f1b87-a867-4c46-8121-0bc2d3e43e7b,5b0fa12a-3dd7-45bb-9766-cc326314d9f1,4.167040690081194,1.8940204366079874e-05,4.545241041481366e-06,117.40426997760001,143.11344358133312,6.0,3.595906209758564e-05,4.359003487763857e-05,1.6925852978602053e-07,7.971835550501022e-05,0.0,United Kingdom,GBR,england,,,Linux-6.4.0-150600.23.73_15.0.14-cray_shasta_c_64k-aarch64-with-glibc2.38,3.11.7,3.3.0,72,Neoverse-V2,1,1 x NVIDIA GH200 120GB,-2.5917,51.4535,64,machine,0.0,0.0,41.9,358.6505126953125,N,1.0,0.0
2026-09-27T03:07:10,efficientnet_lite0_batch4_node_4_exchange,197871e6-aa89-4606-bf0e-fb80db2ece00,5b0fa12a-3dd7-45bb-9766-cc326314d9f1,10.174564538989216,0.00012096902724043548,1.188935671663183e-05,116.94982783680001,142.15789954353323,6.0,0.00022816122427615662,0.00028081272463964524,1.7852548509836197e-07,0.0005091524744009002,0.0,United Kingdom,GBR,england,,,Linux-6.4.0-150600.23.73_15.0.14-cray_shasta_c_64k-aarch64-with-glibc2.38,3.11.7,3.3.0,72,Neoverse-V2,1,1 x NVIDIA GH200 120GB,-2.5917,51.4535,64,machine,0.0,0.0,41.9,358.6458478655134,N,1.0,0.0
2026-09-27T03:07:25,efficientnet_lite0_batch4_node_5_exchange,ceac3b7b-076c-4f2e-8a32-e86ef5492888,5b0fa12a-3dd7-45bb-9766-cc326314d9f1,6.178763129981235,5.3921709854260985e-05,8.726942386351805e-06,116.14155721920002,143.7832024860076,6.0,0.000100169604534781,0.00012660926795149408,1.7485792321773866e-07,0.0002269537304094928,0.0,United Kingdom,GBR,england,,,Linux-6.4.0-150600.23.73_15.0.14-cray_shasta_c_64k-aarch64-with-glibc2.38,3.11.7,3.3.0,72,Neoverse-V2,1,1 x NVIDIA GH200 120GB,-2.5917,51.4535,64,machine,4.433333333333334,0.0,41.9,358.62078857421875,N,1.0,0.0
2026-09-27T03:08:04,efficientnet_lite0_batch4_node_0_evaluate,dafab90d-d7be-4f56-bddf-e242a9749297,5b0fa12a-3dd7-45bb-9766-cc326314d9f1,14.246794877108186,0.00019695273127286417,1.3824353685987905e-05,116.70100595794287,146.45634014799657,6.0,0.00036331237445677816,0.00045553119775831874,1.0120442418847232e-05,0.0008289640146339442,0.0,United Kingdom,GBR,england,,,Linux-6.4.0-150600.23.73_15.0.14-cray_shasta_c_64k-aarch64-with-glibc2.38,3.11.7,3.3.0,72,Neoverse-V2,1,1 x NVIDIA GH200 120GB,-2.5917,51.4535,64,machine,3.5999999999999996,1.6363636363636365,41.89999999999999,358.6065118963068,N,1.0,0.0
2026-09-27T03:08:28,efficientnet_lite0_batch4_node_1_evaluate,f25247de-6a0c-48d2-b4e5-d9cb8515a85a,5b0fa12a-3dd7-45bb-9766-cc326314d9f1,9.364290616009384,0.00011351310185303808,1.2121911472821416e-05,116.5349764224,74.58744059382558,6.0,0.00020660504859164888,0.0002606757640961632,1.0490051506397627e-05,0.0004777708641942097,0.0,United Kingdom,GBR,england,,,Linux-6.4.0-150600.23.73_15.0.14-cray_shasta_c_64k-aarch64-with-glibc2.38,3.11.7,3.3.0,72,Neoverse-V2,1,1 x NVIDIA GH200 120GB,-2.5917,51.4535,64,machine,0.0,1.3333333333333333,41.9,359.0906982421875,N,1.0,0.0
2026-09-27T03:09:11,efficientnet_lite0_batch4_node_2_evaluate,ff051398-6002-4c16-b806-a7f23d2e9c8d,5b0fa12a-3dd7-45bb-9766-cc326314d9f1,12.098719613160938,0.00015996586153328165,1.3221718218783369e-05,116.81685829234289,145.4797241864581,6.0,0.0002949028659158882,0.0003683380724339713,1.0047225383653617e-05,0.0006732881637335132,0.0,United Kingdom,GBR,england,,,Linux-6.4.0-150600.23.73_15.0.14-cray_shasta_c_64k-aarch64-with-glibc2.38,3.11.7,3.3.0,72,Neoverse-V2,1,1 x NVIDIA GH200 120GB,-2.5917,51.4535,64,machine,0.0,1.5555555555555556,41.9,358.605712890625,N,1.0,0.0
2026-09-27T03:09:23,efficientnet_lite0_batch4_node_3_evaluate,39c7e119-02ac-4f7e-9eea-93ce02330c3a,5b0fa12a-3dd7-45bb-9766-cc326314d9f1,10.03691527293995,0.00012494689735668727,1.2448734891042734e-05,116.81204368320002,144.8809419548843,6.0,0.00022895729798716913,0.00028698189625231407,9.955932877880212e-06,0.0005258951271173635,0.0,United Kingdom,GBR,england,,,Linux-6.4.0-150600.23.73_15.0.14-cray_shasta_c_64k-aarch64-with-glibc2.38,3.11.7,3.3.0,72,Neoverse-V2,1,1 x NVIDIA GH200 120GB,-2.5917,51.4535,64,machine,0.0,1.3333333333333333,41.9,358.5871887207031,N,1.0,0.0
2026-09-27T03:09:37,efficientnet_lite0_batch4_node_4_evaluate,426a45b4-4300-41bc-ae6a-77579f21cdf9,5b0fa12a-3dd7-45bb-9766-cc326314d9f1,10.248964881058782,0.00012859274783015882,1.2546901011224304e-05,116.82893417965715,145.06461065561643,6.0,0.00023569541942157626,0.0002952455139677568,1.0299392678619673e-05,0.0005412403260679527,0.0,United Kingdom,GBR,england,,,Linux-6.4.0-150600.23.73_15.0.14-cray_shasta_c_64k-aarch64-with-glibc2.38,3.11.7,3.3.0,72,Neoverse-V2,1,1 x NVIDIA GH200 120GB,-2.5917,51.4535,64,machine,20.842857142857138,1.1428571428571428,41.9,358.5929652622768,N,1.0,0.0
2026-09-27T03:10:05,efficientnet_lite0_batch4_node_5_evaluate,0856367e-c342-41cf-9ff5-1ff649403575,5b0fa12a-3dd7-45bb-9766-cc326314d9f1,16.41514488705434,0.0002342978343995503,1.4273272396415291e-05,116.86309757280002,146.50331837778216,6.0,0.00043336499412548863,0.0005426037674141071,1.0178890075379362e-05,0.000986147651614975,0.0,United Kingdom,GBR,england,,,Linux-6.4.0-150600.23.73_15.0.14-cray_shasta_c_64k-aarch64-with-glibc2.38,3.11.7,3.3.0,72,Neoverse-V2,1,1 x NVIDIA GH200 120GB,-2.5917,51.4535,64,machine,0.0,0.9230769230769231,41.89999999999999,358.56644381009613,N,1.0,0.0
2026-09-27T03:10:24,mobilevit_xxs_batch4_node_0_local_train,b3db8349-d365-47c8-98d4-1cdb8155d11b,5b0fa12a-3dd7-45bb-9766-cc326314d9f1,9.42379010701552,0.00011608833182919517,1.2318645737108837e-05,116.0400138048,77.21292870948179,6.0,0.0002058626078286695,0.0002721554955087413,1.0591772663562249e-05,0.000488609876000973,0.0,United Kingdom,GBR,england,,,Linux-6.4.0-150600.23.73_15.0.14-cray_shasta_c_64k-aarch64-with-glibc2.38,3.11.7,3.3.0,72,Neoverse-V2,1,1 x NVIDIA GH200 120GB,-2.5917,51.4535,64,machine,0.0,5.666666666666667,41.983333333333334,359.2922770182292,N,1.0,0.0
2026-09-27T03:10:48,mobilevit_xxs_batch4_node_0_evaluate,4e71d366-b3ca-410f-b2b0-844af69c13be,5b0fa12a-3dd7-45bb-9766-cc326314d9f1,11.205103361047804,0.00014491103451275852,1.2932592395043082e-05,116.69285578422858,145.37920237622336,6.0,0.00026611588333039823,0.0003335730446423213,1.0234235611278564e-05,0.0006099231635839981,0.0,United Kingdom,GBR,england,,,Linux-6.4.0-150600.23.73_15.0.14-cray_shasta_c_64k-aarch64-with-glibc2.38,3.11.7,3.3.0,72,Neoverse-V2,1,1 x NVIDIA GH200 120GB,-2.5917,51.4535,64,machine,0.0,1.5,41.925,358.92259216308594,N,1.0,0.0
2026-09-27T03:11:39,mobilevit_xxs_batch4_node_1_local_train,3ee0ecc5-a2ac-4c8e-8bf3-ecc24471eba9,5b0fa12a-3dd7-45bb-9766-cc326314d9f1,17.242625914979726,0.0002588239405243271,1.5010703230502197e-05,115.97889870308572,147.11659687749102,6.0,0.0004599483205436766,0.0006074610415396364,2.1967421035127093e-05,0.00108937678311844,0.0,United Kingdom,GBR,england,,,Linux-6.4.0-150600.23.73_15.0.14-cray_shasta_c_64k-aarch64-with-glibc2.38,3.11.7,3.3.0,72,Neoverse-V2,1,1 x NVIDIA GH200 120GB,-2.5917,51.4535,64,machine,9.957142857142857,7.714285714285714,41.971428571428575,359.5328674316406,N,1.0,0.0
2026-09-27T03:12:23,mobilevit_xxs_batch4_node_1_evaluate,76c72e69-1942-4f6a-8c75-4210d6090638,5b0fa12a-3dd7-45bb-9766-cc326314d9f1,14.066443885909393,0.0001930023922993117,1.372076651815642e-05,116.51169729456001,144.8949854296677,6.0,0.00035717861124961645,0.0004443309110087057,1.0827716836550584e-05,0.0008123372390948727,0.0,United Kingdom,GBR,england,,,Linux-6.4.0-150600.23.73_15.0.14-cray_shasta_c_64k-aarch64-with-glibc2.38,3.11.7,3.3.0,72,Neoverse-V2,1,1 x NVIDIA GH200 120GB,-2.5917,51.4535,64,machine,0.0,1.2727272727272727,41.89999999999999,358.7125133167614,N,1.0,0.0
2026-09-27T03:12:45,mobilevit_xxs_batch4_node_2_local_train,6ade87f8-3c85-4150-9695-c54e21eba308,5b0fa12a-3dd7-45bb-9766-cc326314d9f1,11.17117765196599,0.00014996610572415284,1.3424377482508358e-05,115.82002869120001,78.88992553821274,6.0,0.0002626804602463462,0.00035501306179241965,1.350617880661351e-05,0.0006311997008453794,0.0,United Kingdom,GBR,england,,,Linux-6.4.0-150600.23.73_15.0.14-cray_shasta_c_64k-aarch64-with-glibc2.38,3.11.7,3.3.0,72,Neoverse-V2,1,1 x NVIDIA GH200 120GB,-2.5917,51.4535,64,machine,10.4,8.125,41.9,358.7030792236328,N,1.0,0.0
2026-09-27T03:13:15,mobilevit_xxs_batch4_node_2_evaluate,7c885d31-89dd-4d3c-a858-7983a5eba45d,5b0fa12a-3dd7-45bb-9766-cc326314d9f1,16.19192805280909,0.0002287282259533592,1.4126064864380238e-05,116.49690280285716,144.93548492391852,6.0,0.0004247638495788445,0.0005276726443668167,1.0268959393336748e-05,0.000962705453338998,0.0,United Kingdom,GBR,england,,,Linux-6.4.0-150600.23.73_15.0.14-cray_shasta_c_64k-aarch64-with-glibc2.38,3.11.7,3.3.0,72,Neoverse-V2,1,1 x NVIDIA GH200 120GB,-2.5917,51.4535,64,machine,0.0,0.9230769230769231,41.89999999999999,359.22372671274036,N,1.0,0.0
2026-09-27T03:14:55,mobilevit_xxs_batch4_node_3_local_train,5227064b-0d05-4690-9c57-862c7f87192e,5b0fa12a-3dd7-45bb-9766-cc326314d9f1,89.30707210418768,0.0014985765748484507,1.678004372487071e-05,115.37203461198028,144.55513703507413,6.0,0.0027622604979484137,0.003431359689543001,0.00011381228980530675,0.006307432477296721,0.0,United Kingdom,GBR,england,,,Linux-6.4.0-150600.23.73_15.0.14-cray_shasta_c_64k-aarch64-with-glibc2.38,3.11.7,3.3.0,72,Neoverse-V2,1,1 x NVIDIA GH200 120GB,-2.5917,51.4535,64,machine,0.8988372093023256,0.5930232558139535,41.90000000000006,358.69473337572674,N,1.0,0.0
2026-09-27T03:15:11,mobilevit_xxs_batch4_node_3_evaluate,d82804db-4d2a-44ac-96f6-1f813fbb8cb5,5b0fa12a-3dd7-45bb-9766-cc326314d9f1,12.155890073860064,0.00016048392025173072,1.3202152970832975e-05,116.75574100594287,144.95166051573395,6.0,0.000296459021328861,0.00036887112842975966,1.0138496734822792e-05,0.0006754686464934434,0.0,United Kingdom,GBR,england,,,Linux-6.4.0-150600.23.73_15.0.14-cray_shasta_c_64k-aarch64-with-glibc2.38,3.11.7,3.3.0,72,Neoverse-V2,1,1 x NVIDIA GH200 120GB,-2.5917,51.4535,64,machine,6.222222222222222,1.2222222222222223,41.9,358.62587483723956,N,1.0,0.0
2026-09-27T03:18:33,mobilevit_xxs_batch4_node_4_local_train,0da31e69-f6cf-482f-a87d-8a47dc81af6b,5b0fa12a-3dd7-45bb-9766-cc326314d9f1,194.57416026107967,0.005770796276017438,2.965859530512264e-05,115.76104523806305,143.01591755126614,6.0,0.00624828741664433,0.007724180623796428,0.0003227572824957315,0.01429522532293649,0.0,United Kingdom,GBR,england,,,Linux-6.4.0-150600.23.73_15.0.14-cray_shasta_c_64k-aarch64-with-glibc2.38,3.11.7,3.3.0,72,Neoverse-V2,1,1 x NVIDIA GH200 120GB,-2.5917,51.4535,64,machine,1.6969072164948455,0.35051546391752575,41.89999999999985,358.5642391873389,N,1.0,0.0
2026-09-27T03:18:52,mobilevit_xxs_batch4_node_4_evaluate,09efa5ae-f7eb-42b2-b992-6a3113d64824,5b0fa12a-3dd7-45bb-9766-cc326314d9f1,9.381029170006514,0.00011322653845830689,1.2069735250405182e-05,116.98435101805715,73.71022699722708,6.0,0.00020762022636634152,0.0002584129845217831,1.053152257304949e-05,0.0004765647334611741,0.0,United Kingdom,GBR,england,,,Linux-6.4.0-150600.23.73_15.0.14-cray_shasta_c_64k-aarch64-with-glibc2.38,3.11.7,3.3.0,72,Neoverse-V2,1,1 x NVIDIA GH200 120GB,-2.5917,51.4535,64,machine,12.133333333333333,2.0,41.9,358.9719645182292,N,1.0,0.0
2026-09-27T03:20:58,mobilevit_xxs_batch4_node_5_local_train,4b1c1ccb-8051-45c6-97a7-ceb37898cb9a,5b0fa12a-3dd7-45bb-9766-cc326314d9f1,39.6919163139537,0.0006430040199471322,1.6199873416569814e-05,115.9518007513895,148.84876028844602,6.0,0.0011805385001681693,0.0014842717429672803,4.15609270244992e-05,0.0027063711701599494,0.0,United Kingdom,GBR,england,,,Linux-6.4.0-150600.23.73_15.0.14-cray_shasta_c_64k-aarch64-with-glibc2.38,3.11.7,3.3.0,72,Neoverse-V2,1,1 x NVIDIA GH200 120GB,-2.5917,51.4535,64,machine,0.18611111111111112,1.5833333333333333,42.202777777777804,361.33938768174914,N,1.0,0.0
2026-09-27T03:21:25,mobilevit_xxs_batch4_node_5_evaluate,43e05be5-cf06-430d-bc63-b44a531076c2,5b0fa12a-3dd7-45bb-9766-cc326314d9f1,10.453434453113005,0.00013174688141536314,1.2603214953543739e-05,116.6757156905143,144.3686599544523,6.0,0.00024196652999059756,0.00030190968597310075,1.0639697716493782e-05,0.000554515913680192,0.0,United Kingdom,GBR,england,,,Linux-6.4.0-150600.23.73_15.0.14-cray_shasta_c_64k-aarch64-with-glibc2.38,3.11.7,3.3.0,72,Neoverse-V2,1,1 x NVIDIA GH200 120GB,-2.5917,51.4535,64,machine,0.0,2.4285714285714284,42.199999999999996,361.3110787527902,N,1.0,0.0
2026-09-27T03:21:49,mobilevit_xxs_batch4_node_0_upload,cf3b581d-55cd-46c6-9359-ce3946dea740,5b0fa12a-3dd7-45bb-9766-cc326314d9f1,9.548386898823082,0.00011036959322829632,1.1558977908813089e-05,115.20440121600002,142.68550258272128,6.0,0.00020761860216085798,0.0002569102055218764,1.118881666722397e-08,0.0004645399964994016,0.0,United Kingdom,GBR,england,,,Linux-6.4.0-150600.23.73_15.0.14-cray_shasta_c_64k-aarch64-with-glibc2.38,3.11.7,3.3.0,72,Neoverse-V2,1,1 x NVIDIA GH200 120GB,-2.5917,51.4535,64,machine,0.0,0.0,42.199999999999996,361.3001708984375,N,1.0,0.0
2026-09-27T03:22:21,mobilevit_xxs_batch4_node_1_upload,fb8123d9-d073-47dc-ac8e-f5fa2761730f,5b0fa12a-3dd7-45bb-9766-cc326314d9f1,29.208059397991747,0.0004508394687868342,1.543544754698193e-05,115.20096592058181,143.4446893672647,6.0,0.0008367406751128308,0.001035807495313179,2.5012191319838167e-05,0.0018975603617458476,0.0,United Kingdom,GBR,england,,,Linux-6.4.0-150600.23.73_15.0.14-cray_shasta_c_64k-aarch64-with-glibc2.38,3.11.7,3.3.0,72,Neoverse-V2,1,1 x NVIDIA GH200 120GB,-2.5917,51.4535,64,machine,1.25,0.0,42.20000000000002,361.3016873873197,N,1.0,0.0
2026-09-27T03:23:21,mobilevit_xxs_batch4_node_2_upload,7720b4bb-6860-4490-90e8-08f088c83a18,5b0fa12a-3dd7-45bb-9766-cc326314d9f1,4.077849236084148,1.7130573991346858e-05,4.2008845839030815e-06,115.21045457280002,140.8831997310495,6.0,3.248919140838745e-05,3.96069761166018e-05,5.5459017554918926e-09,7.210171342674474e-05,0.0,United Kingdom,GBR,england,,,Linux-6.4.0-150600.23.73_15.0.14-cray_shasta_c_64k-aarch64-with-glibc2.38,3.11.7,3.3.0,72,Neoverse-V2,1,1 x NVIDIA GH200 120GB,-2.5917,51.4535,64,machine,0.0,0.0,42.2,361.27325439453125,N,1.0,0.0
2026-09-27T03:23:32,mobilevit_xxs_batch4_node_3_upload,102f75ed-fe2e-4f88-b064-4742803313bd,5b0fa12a-3dd7-45bb-9766-cc326314d9f1,4.418128312099725,2.2559401357579918e-05,5.1060991813654486e-06,115.3062077184,137.1710054027397,6.0,4.344036871011215e-05,5.150559674405031e-05,5.4058533472319444e-09,9.495137130750969e-05,0.0,United Kingdom,GBR,england,,,Linux-6.4.0-150600.23.73_15.0.14-cray_shasta_c_64k-aarch64-with-glibc2.38,3.11.7,3.3.0,72,Neoverse-V2,1,1 x NVIDIA GH200 120GB,-2.5917,51.4535,64,machine,0.0,0.0,42.2,361.29736328125,N,1.0,0.0
2026-09-27T03:23:58,mobilevit_xxs_batch4_node_4_upload,c3c03e79-43ce-4000-9ad6-dfc811373cb5,5b0fa12a-3dd7-45bb-9766-cc326314d9f1,16.68601559684612,0.0002325358146092922,1.3935970109799286e-05,116.55684623725715,142.12174681367424,6.0,0.0004410566796143613,0.0005376676523525248,7.068094952652852e-09,0.0009787314000618387,0.0,United Kingdom,GBR,england,,,Linux-6.4.0-150600.23.73_15.0.14-cray_shasta_c_64k-aarch64-with-glibc2.38,3.11.7,3.3.0,72,Neoverse-V2,1,1 x NVIDIA GH200 120GB,-2.5917,51.4535,64,machine,2.4384615384615382,0.0,42.199999999999996,361.2793438251202,N,1.0,0.0
2026-09-27T03:24:05,mobilevit_xxs_batch4_node_5_upload,cd1cabf3-a016-49f4-b1f3-8d8a8bd0671c,5b0fa12a-3dd7-45bb-9766-cc326314d9f1,4.077713561011478,1.7117846514987832e-05,4.197903128522285e-06,115.24741701120001,140.7170134398026,6.0,3.2518829232400854e-05,3.952392050621256e-05,5.394388378287355e-09,7.204814412699171e-05,0.0,United Kingdom,GBR,england,,,Linux-6.4.0-150600.23.73_15.0.14-cray_shasta_c_64k-aarch64-with-glibc2.38,3.11.7,3.3.0,72,Neoverse-V2,1,1 x NVIDIA GH200 120GB,-2.5917,51.4535,64,machine,5.6,0.0,42.2,361.30914306640625,N,1.0,0.0
2026-09-27T03:24:17,mobilevit_xxs_batch4_node_0_exchange,861cff0c-03f7-4ee3-a54d-5f2cf7667d1a,5b0fa12a-3dd7-45bb-9766-cc326314d9f1,3.1007178709842265,1.0462021207911482e-07,3.37406421455256e-08,115.20035562240001,0.0,6.0,4.349058508428922e-07,0.0,5.4352932299176855e-09,4.4034114407280985e-07,0.0,United Kingdom,GBR,england,,,Linux-6.4.0-150600.23.73_15.0.14-cray_shasta_c_64k-aarch64-with-glibc2.38,3.11.7,3.3.0,72,Neoverse-V2,1,1 x NVIDIA GH200 120GB,-2.5917,51.4535,64,machine,0,0,0,0,N,1.0,0.0
2026-09-27T03:25:09,mobilevit_xxs_batch4_node_1_exchange,7e90fa59-d87f-42e9-9e54-84d2baf64bbc,5b0fa12a-3dd7-45bb-9766-cc326314d9f1,18.10679960809648,0.0002615790162670649,1.444645226813575e-05,115.4552184936,71.14038990010343,6.0,0.00048267201972846513,0.0005932896413014532,2.501109556683029e-05,0.0011009727565967486,0.0,United Kingdom,GBR,england,,,Linux-6.4.0-150600.23.73_15.0.14-cray_shasta_c_64k-aarch64-with-glibc2.38,3.11.7,3.3.0,72,Neoverse-V2,1,1 x NVIDIA GH200 120GB,-2.5917,51.4535,64,machine,4.466666666666667,0.0,42.2,361.27764892578125,N,1.0,0.0
2026-09-27T03:26:01,mobilevit_xxs_batch4_node_2_exchange,39e49e54-6692-480c-82ed-dfd82bcb61a1,5b0fa12a-3dd7-45bb-9766-cc326314d9f1,4.105707464972511,1.712899421160586e-05,4.171995778496251e-06,115.33356627840001,140.73490909439192,6.0,3.25259117659167e-05,3.956364275836677e-05,5.509689993535479e-09,7.209506421427701e-05,0.0,United Kingdom,GBR,england,,,Linux-6.4.0-150600.23.73_15.0.14-cray_shasta_c_64k-aarch64-with-glibc2.38,3.11.7,3.3.0,72,Neoverse-V2,1,1 x NVIDIA GH200 120GB,-2.5917,51.4535,64,machine,0.0,0.0,42.2,361.22174072265625,N,1.0,0.0
2026-09-27T03:26:14,mobilevit_xxs_batch4_node_3_exchange,60c97c29-fe4e-4476-a9c7-0d8601639508,5b0fa12a-3dd7-45bb-9766-cc326314d9f1,4.102055356837809,1.714728433133388e-05,4.180168925012356e-06,115.21417461120001,140.65487152315444,6.0,3.254914206674878e-05,3.961392056339719e-05,8.983766504873832e-09,7.217204639665084e-05,0.0,United Kingdom,GBR,england,,,Linux-6.4.0-150600.23.73_15.0.14-cray_shasta_c_64k-aarch64-with-glibc2.38,3.11.7,3.3.0,72,Neoverse-V2,1,1 x NVIDIA GH200 120GB,-2.5917,51.4535,64,machine,0.0,0.0,42.2,361.23492431640625,N,1.0,0.0
2026-09-27T03:27:52,mobilevit_xxs_batch4_node_4_exchange,9704d47f-71a3-4d05-9ce6-9774ade6fc43,5b0fa12a-3dd7-45bb-9766-cc326314d9f1,4.593057763995603,2.555786335831229e-05,5.564455025725377e-06,115.20497871360001,142.3610401475801,6.0,4.8212663146387065e-05,5.9347547491483965e-05,1.1534511577337981e-08,0.00010757174514944837,0.0,United Kingdom,GBR,england,,,Linux-6.4.0-150600.23.73_15.0.14-cray_shasta_c_64k-aarch64-with-glibc2.38,3.11.7,3.3.0,72,Neoverse-V2,1,1 x NVIDIA GH200 120GB,-2.5917,51.4535,64,machine,0.0,0.0,42.2,361.7347412109375,N,1.0,0.0
2026-09-27T03:28:19,mobilevit_xxs_batch4_node_5_exchange,7ca85ec7-549a-4bd2-8c6d-358df5c57c67,5b0fa12a-3dd7-45bb-9766-cc326314d9f1,3.107666906900704,1.2418519874143118e-07,3.996091037481294e-08,115.20035562240001,0.0,6.0,5.172361232775952e-07,0.0,5.45305316336453e-09,5.226891764409597e-07,0.0,United Kingdom,GBR,england,,,Linux-6.4.0-150600.23.73_15.0.14-cray_shasta_c_64k-aarch64-with-glibc2.38,3.11.7,3.3.0,72,Neoverse-V2,1,1 x NVIDIA GH200 120GB,-2.5917,51.4535,64,machine,0,0,0,0,N,1.0,0.0
2026-09-27T03:28:37,mobilevit_xxs_batch4_node_0_evaluate,e7c2f34b-c7d4-4f84-a470-e7931429cbfd,5b0fa12a-3dd7-45bb-9766-cc326314d9f1,14.373992110136896,0.00019797001710111664,1.3772792943270316e-05,116.54661405805716,144.92791159555554,6.0,0.000367036795003095,0.00045591230916386394,1.0296614705196893e-05,0.0008332457188721558,0.0,United Kingdom,GBR,england,,,Linux-6.4.0-150600.23.73_15.0.14-cray_shasta_c_64k-aarch64-with-glibc2.38,3.11.7,3.3.0,72,Neoverse-V2,1,1 x NVIDIA GH200 120GB,-2.5917,51.4535,64,machine,3.290909090909091,0.8181818181818182,42.25454545454546,362.01373291015625,N,1.0,0.0
2026-09-27T03:29:05,mobilevit_xxs_batch4_node_1_evaluate,3bd16246-a331-4b53-a515-148c34c30a5f,5b0fa12a-3dd7-45bb-9766-cc326314d9f1,13.627939970931038,0.00018604646503548344,1.3651840662075727e-05,116.58125616768001,145.92375789658212,6.0,0.0003435631410449913,0.00042857950953134605,1.0917444947796565e-05,0.0007830600955241339,0.0,United Kingdom,GBR,england,,,Linux-6.4.0-150600.23.73_15.0.14-cray_shasta_c_64k-aarch64-with-glibc2.38,3.11.7,3.3.0,72,Neoverse-V2,1,1 x NVIDIA GH200 120GB,-2.5917,51.4535,64,machine,0.0,1.3,42.199999999999996,361.7585388183594,N,1.0,0.0
2026-09-27T03:29:19,mobilevit_xxs_batch4_node_2_evaluate,6bd512d8-709e-489d-a44a-a48a2372251a,5b0fa12a-3dd7-45bb-9766-cc326314d9f1,10.253227954963222,0.0001283237787676323,1.2515451653985253e-05,116.75580478765717,144.28323425723966,6.0,0.00023586744143810797,0.00029392745736345205,1.0313350181483353e-05,0.0005401082489830434,0.0,United Kingdom,GBR,england,,,Linux-6.4.0-150600.23.73_15.0.14-cray_shasta_c_64k-aarch64-with-glibc2.38,3.11.7,3.3.0,72,Neoverse-V2,1,1 x NVIDIA GH200 120GB,-2.5917,51.4535,64,machine,0.8428571428571429,2.2857142857142856,42.199999999999996,361.71751185825894,N,1.0,0.0
2026-09-27T03:29:39,mobilevit_xxs_batch4_node_3_evaluate,43477670-cfdf-4835-bf71-bf40e18aa3eb,5b0fa12a-3dd7-45bb-9766-cc326314d9f1,9.185125364921987,0.0001106510891001245,1.2046769608904986e-05,116.51001383314286,332.8568012599584,6.0,0.00020087104584604675,0.0002546799259590671,1.0173826481526096e-05,0.00046572479828663996,0.0,United Kingdom,GBR,england,,,Linux-6.4.0-150600.23.73_15.0.14-cray_shasta_c_64k-aarch64-with-glibc2.38,3.11.7,3.3.0,72,Neoverse-V2,1,1 x NVIDIA GH200 120GB,-2.5917,51.4535,64,machine,4.783333333333333,2.6666666666666665,42.199999999999996,361.7164001464844,N,1.0,0.0
2026-09-27T03:30:11,mobilevit_xxs_batch4_node_4_evaluate,0a092269-06fe-4e6d-a4f5-d5dea1bbcbf5,5b0fa12a-3dd7-45bb-9766-cc326314d9f1,9.336349586956203,0.00011173646865385336,1.1967896833036348e-05,116.54501627520001,73.3028098283996,6.0,0.00020557836142048663,0.0002543015923350822,1.0413151791629691e-05,0.0004702931055471986,0.0,United Kingdom,GBR,england,,,Linux-6.4.0-150600.23.73_15.0.14-cray_shasta_c_64k-aarch64-with-glibc2.38,3.11.7,3.3.0,72,Neoverse-V2,1,1 x NVIDIA GH200 120GB,-2.5917,51.4535,64,machine,0.0,2.3333333333333335,42.199999999999996,361.7220153808594,N,1.0,0.0
2026-09-27T03:30:34,mobilevit_xxs_batch4_node_5_evaluate,bf44febb-c26c-47c4-abd9-5d943f833ed1,5b0fa12a-3dd7-45bb-9766-cc326314d9f1,10.396479663904756,0.0001303633259474108,1.253917962250391e-05,116.68855842102857,140.73150728815443,6.0,0.00024002004247106898,0.00029823690526598057,1.0435651446459815e-05,0.0005486925991835094,0.0,United Kingdom,GBR,england,,,Linux-6.4.0-150600.23.73_15.0.14-cray_shasta_c_64k-aarch64-with-glibc2.38,3.11.7,3.3.0,72,Neoverse-V2,1,1 x NVIDIA GH200 120GB,-2.5917,51.4535,64,machine,0.0,1.5714285714285714,42.199999999999996,361.7135445731027,N,1.0,0.0
2026-09-27T03:33:06,mobilenet_v3_small_batch5_node_0_local_train,6442d283-2c73-4efb-832f-6b33b1fe3700,5b0fa12a-3dd7-45bb-9766-cc326314d9f1,9.524526512017474,0.00011716130147828824,1.2301010588868767e-05,123.07771370880002,205.69721187400367,6.0,0.00021596100566266457,0.0002664324353673919,1.0732509574930495e-05,0.0004931259506049869,0.0,United Kingdom,GBR,england,,,Linux-6.4.0-150600.23.73_15.0.14-cray_shasta_c_64k-aarch64-with-glibc2.38,3.11.7,3.3.0,72,Neoverse-V2,1,1 x NVIDIA GH200 120GB,-2.5917,51.4535,64,machine,0.0,2.6666666666666665,41.81666666666666,358.3724873860677,N,1.0,0.0
2026-09-27T03:33:33,mobilenet_v3_small_batch5_node_0_evaluate,aeac45a6-ce57-45b7-a699-5bffefdfc81b,5b0fa12a-3dd7-45bb-9766-cc326314d9f1,20.114200548967347,0.0002979426257771945,1.4812551214842626e-05,119.6530375968,145.16974948739326,6.0,0.0005553529468746641,0.0006824399903990752,1.6232399661870052e-05,0.0012540253369356094,0.0,United Kingdom,GBR,england,,,Linux-6.4.0-150600.23.73_15.0.14-cray_shasta_c_64k-aarch64-with-glibc2.38,3.11.7,3.3.0,72,Neoverse-V2,1,1 x NVIDIA GH200 120GB,-2.5917,51.4535,64,machine,1.1588235294117648,0.29411764705882354,41.89999999999999,358.8243300494026,N,1.0,0.0
2026-09-27T03:33:59,mobilenet_v3_small_batch5_node_1_local_train,dd603d5a-567b-4b91-89c2-5bd8102ed02d,5b0fa12a-3dd7-45bb-9766-cc326314d9f1,18.0400724359788,0.00026667759574122913,1.4782512469815368e-05,116.33424868578462,146.54750331005596,6.0,0.0004870248501899831,0.0006138777133202211,2.152985440993992e-05,0.0011224324179201443,0.0,United Kingdom,GBR,england,,,Linux-6.4.0-150600.23.73_15.0.14-cray_shasta_c_64k-aarch64-with-glibc2.38,3.11.7,3.3.0,72,Neoverse-V2,1,1 x NVIDIA GH200 120GB,-2.5917,51.4535,64,machine,0.4785714285714286,2.5714285714285716,41.89999999999999,358.76705496651783,N,1.0,0.0
2026-09-27T03:34:32,mobilenet_v3_small_batch5_node_1_evaluate,91883d19-ffbe-4f37-992a-4e5e35c099de,5b0fa12a-3dd7-45bb-9766-cc326314d9f1,10.748918959870934,0.0001362434515498297,1.2675084076684267e-05,116.88563732708573,146.7932129648197,6.0,0.00025237342131428095,0.0003100166369023327,1.1051690138022725e-05,0.0005734417483546363,0.0,United Kingdom,GBR,england,,,Linux-6.4.0-150600.23.73_15.0.14-cray_shasta_c_64k-aarch64-with-glibc2.38,3.11.7,3.3.0,72,Neoverse-V2,1,1 x NVIDIA GH200 120GB,-2.5917,51.4535,64,machine,20.628571428571426,0.5714285714285714,41.957142857142856,359.1656232561384,N,1.0,0.0
2026-09-27T03:35:50,mobilenet_v3_small_batch5_node_2_local_train,341934b4-5c05-4f34-afa1-7a881a63ffc3,5b0fa12a-3dd7-45bb-9766-cc326314d9f1,11.26692475611344,0.00014652234426524064,1.3004643896795134e-05,115.99352121600002,74.01479700684968,6.0,0.00026635879050744245,0.0003366938804703068,1.3652413286423932e-05,0.0006167050842641732,0.0,United Kingdom,GBR,england,,,Linux-6.4.0-150600.23.73_15.0.14-cray_shasta_c_64k-aarch64-with-glibc2.38,3.11.7,3.3.0,72,Neoverse-V2,1,1 x NVIDIA GH200 120GB,-2.5917,51.4535,64,machine,0.0,3.0,41.800000000000004,358.3804702758789,N,1.0,0.0
2026-09-27T03:36:18,mobilenet_v3_small_batch5_node_2_evaluate,222849aa-c152-4edd-920e-8a0b323800fa,5b0fa12a-3dd7-45bb-9766-cc326314d9f1,17.32155250897631,0.00024781130325105634,1.4306529574796282e-05,117.52281302400002,143.23894637854602,6.0,0.00046536804307485626,0.000567047120313191,1.0609990348263333e-05,0.0010430251537363107,0.0,United Kingdom,GBR,england,,,Linux-6.4.0-150600.23.73_15.0.14-cray_shasta_c_64k-aarch64-with-glibc2.38,3.11.7,3.3.0,72,Neoverse-V2,1,1 x NVIDIA GH200 120GB,-2.5917,51.4535,64,machine,5.55,0.21428571428571427,41.800000000000004,358.35194178989957,N,1.0,0.0
2026-09-27T03:36:46,mobilenet_v3_small_batch5_node_3_local_train,92972833-37ee-4493-89bb-d78f39a7924c,5b0fa12a-3dd7-45bb-9766-cc326314d9f1,10.144815020030364,0.00012601203481700542,1.2421324052553129e-05,116.12969274651431,144.85698205021612,6.0,0.00023001783053124654,0.00029023717662823856,1.0123229278251529e-05,0.0005303782364377367,0.0,United Kingdom,GBR,england,,,Linux-6.4.0-150600.23.73_15.0.14-cray_shasta_c_64k-aarch64-with-glibc2.38,3.11.7,3.3.0,72,Neoverse-V2,1,1 x NVIDIA GH200 120GB,-2.5917,51.4535,64,machine,0.0,3.142857142857143,41.800000000000004,358.3121076311384,N,1.0,0.0
2026-09-27T03:37:10,mobilenet_v3_small_batch5_node_3_evaluate,144f1cca-5adb-490a-a2a0-08c66eea7f7a,5b0fa12a-3dd7-45bb-9766-cc326314d9f1,15.769626110093668,0.00022426801808317552,1.4221517778384628e-05,120.57944168777145,143.8409443534112,6.0,0.00042571765652712595,0.0005077879062440616,1.0427102811712152e-05,0.0009439326655828995,0.0,United Kingdom,GBR,england,,,Linux-6.4.0-150600.23.73_15.0.14-cray_shasta_c_64k-aarch64-with-glibc2.38,3.11.7,3.3.0,72,Neoverse-V2,1,1 x NVIDIA GH200 120GB,-2.5917,51.4535,64,machine,7.583333333333333,0.25,41.85,358.5697886149089,N,1.0,0.0
2026-09-27T03:37:32,mobilenet_v3_small_batch5_node_4_local_train,5d8d9289-ee65-48d9-92cb-0af540da8753,5b0fa12a-3dd7-45bb-9766-cc326314d9f1,12.347237214911729,0.00017079279640813656,1.383247065196662e-05,119.85646423680001,762.096912268524,6.0,0.00032129336670509446,0.0003821030834672001,1.5461731006701785e-05,0.0007188581811789963,0.0,United Kingdom,GBR,england,,,Linux-6.4.0-150600.23.73_15.0.14-cray_shasta_c_64k-aarch64-with-glibc2.38,3.11.7,3.3.0,72,Neoverse-V2,1,1 x NVIDIA GH200 120GB,-2.5917,51.4535,64,machine,17.22222222222222,2.5555555555555554,41.800000000000004,358.3033447265625,N,1.0,0.0
2026-09-27T03:37:57,mobilenet_v3_small_batch5_node_4_evaluate,33f8cd50-08ef-41c8-814a-2afd9101d86a,5b0fa12a-3dd7-45bb-9766-cc326314d9f1,16.47381385997869,0.00023302092244317655,1.414492869858601e-05,116.60678925428573,143.9253052156619,6.0,0.0004343563656496447,0.0005356754285372745,1.074140003998764e-05,0.0009807731942269068,0.0,United Kingdom,GBR,england,,,Linux-6.4.0-150600.23.73_15.0.14-cray_shasta_c_64k-aarch64-with-glibc2.38,3.11.7,3.3.0,72,Neoverse-V2,1,1 x NVIDIA GH200 120GB,-2.5917,51.4535,64,machine,0.0,0.23076923076923078,41.88461538461539,358.75623497596155,N,1.0,0.0
2026-09-27T03:38:16,mobilenet_v3_small_batch5_node_5_local_train,fb2244c8-c89b-4c4f-9d6b-1b54b51e8627,5b0fa12a-3dd7-45bb-9766-cc326314d9f1,14.05538962292485,0.00019582984231055153,1.3932722433474628e-05,116.12150467776002,144.8505373479145,6.0,0.0003570432366584976,0.0004505570271078341,1.663756841677241e-05,0.0008242378321831041,0.0,United Kingdom,GBR,england,,,Linux-6.4.0-150600.23.73_15.0.14-cray_shasta_c_64k-aarch64-with-glibc2.38,3.11.7,3.3.0,72,Neoverse-V2,1,1 x NVIDIA GH200 120GB,-2.5917,51.4535,64,machine,8.39,2.7,41.89999999999999,358.8624633789062,N,1.0,0.0
2026-09-27T03:38:26,mobilenet_v3_small_batch5_node_5_evaluate,aad49fc6-3ad1-43ac-9358-7b8ca98199a1,5b0fa12a-3dd7-45bb-9766-cc326314d9f1,9.569609944941476,0.00011555769885236938,1.2075486829372134e-05,116.58322102217144,72.57176596768731,6.0,0.00021354518203859063,0.0002619943762596222,1.0836910529760645e-05,0.00048637646882797347,0.0,United Kingdom,GBR,england,,,Linux-6.4.0-150600.23.73_15.0.14-cray_shasta_c_64k-aarch64-with-glibc2.38,3.11.7,3.3.0,72,Neoverse-V2,1,1 x NVIDIA GH200 120GB,-2.5917,51.4535,64,machine,0.0,0.6666666666666666,41.9,358.8862609863281,N,1.0,0.0
2026-09-27T03:38:36,mobilenet_v3_small_batch5_node_0_upload,84f03414-5358-498f-a166-7ffb2d53ebda,5b0fa12a-3dd7-45bb-9766-cc326314d9f1,7.476047566859052,7.50874316575454e-05,1.0043733802658542e-05,115.26342893568001,142.72936485857426,6.0,0.00014130087862933624,0.00017473291758562937,5.379241580764453e-09,0.0003160391754565464,0.0,United Kingdom,GBR,england,,,Linux-6.4.0-150600.23.73_15.0.14-cray_shasta_c_64k-aarch64-with-glibc2.38,3.11.7,3.3.0,72,Neoverse-V2,1,1 x NVIDIA GH200 120GB,-2.5917,51.4535,64,machine,0.0,0.0,41.9,358.8743133544922,N,1.0,0.0
2026-09-27T03:38:42,mobilenet_v3_small_batch5_node_1_upload,dc9000cd-5946-4b2f-883a-d0637569cb2c,5b0fa12a-3dd7-45bb-9766-cc326314d9f1,4.093850460834801,1.8129653570591546e-05,4.42850899026112e-06,115.20432501120001,155.5276587656146,6.0,3.260999522137349e-05,4.369142384064162e-05,5.369428157185515e-09,7.63067884901723e-05,0.0,United Kingdom,GBR,england,,,Linux-6.4.0-150600.23.73_15.0.14-cray_shasta_c_64k-aarch64-with-glibc2.38,3.11.7,3.3.0,72,Neoverse-V2,1,1 x NVIDIA GH200 120GB,-2.5917,51.4535,64,machine,11.1,0.0,41.9,358.8572998046875,N,1.0,0.0
2026-09-27T03:38:46,mobilenet_v3_small_batch5_node_2_upload,8126303b-38b6-46af-9d4d-023c4d2d158e,5b0fa12a-3dd7-45bb-9766-cc326314d9f1,4.090796574018896,1.7219194982028653e-05,4.2092523229802426e-06,115.20035562240001,140.2107460552334,6.0,3.280709388051474e-05,3.965142060735616e-05,1.6200174965585272e-08,7.247471466283648e-05,0.0,United Kingdom,GBR,england,,,Linux-6.4.0-150600.23.73_15.0.14-cray_shasta_c_64k-aarch64-with-glibc2.38,3.11.7,3.3.0,72,Neoverse-V2,1,1 x NVIDIA GH200 120GB,-2.5917,51.4535,64,machine,0.0,0.0,41.9,358.8524169921875,N,1.0,0.0
2026-09-27T03:38:50,mobilenet_v3_small_batch5_node_3_upload,d8ecf0cf-44fa-4f44-ad35-2d4af7067054,5b0fa12a-3dd7-45bb-9766-cc326314d9f1,3.077253553085029,1.1132780942064712e-07,3.6177652409902334e-08,115.20035562240001,0.0,6.0,4.6165602115845015e-07,0.0,6.917058490216732e-09,4.685730796486669e-07,0.0,United Kingdom,GBR,england,,,Linux-6.4.0-150600.23.73_15.0.14-cray_shasta_c_64k-aarch64-with-glibc2.38,3.11.7,3.3.0,72,Neoverse-V2,1,1 x NVIDIA GH200 120GB,-2.5917,51.4535,64,machine,0,0,0,0,N,1.0,0.0
2026-09-27T03:39:01,mobilenet_v3_small_batch5_node_4_upload,a37c2ea2-c487-417e-878e-c6cb87c03f66,5b0fa12a-3dd7-45bb-9766-cc326314d9f1,8.377305540954694,9.036138517557888e-05,1.0786449740172795e-05,115.20035562240001,142.57068765665085,6.0,0.00017002425135636387,0.0002102960015690769,6.21494798300167e-09,0.00038032646787342376,0.0,United Kingdom,GBR,england,,,Linux-6.4.0-150600.23.73_15.0.14-cray_shasta_c_64k-aarch64-with-glibc2.38,3.11.7,3.3.0,72,Neoverse-V2,1,1 x NVIDIA GH200 120GB,-2.5917,51.4535,64,machine,0.0,0.0,41.9,358.85279541015626,N,1.0,0.0
2026-09-27T03:40:18,mobilenet_v3_small_batch5_node_5_upload,5b8ec87e-e2bb-4aaf-8fe7-0e380714d766,5b0fa12a-3dd7-45bb-9766-cc326314d9f1,66.32591049210168,0.0011098266161382374,1.673292696480057e-05,115.21581863745305,143.7419454354626,6.0,0.0020249944592630772,0.002514553678324205,0.00013165556350257248,0.004671203701089854,0.0,United Kingdom,GBR,england,,,Linux-6.4.0-150600.23.73_15.0.14-cray_shasta_c_64k-aarch64-with-glibc2.38,3.11.7,3.3.0,72,Neoverse-V2,1,1 x NVIDIA GH200 120GB,-2.5917,51.4535,64,machine,0.853968253968254,0.0,41.90000000000005,358.84526909722223,N,1.0,0.0
2026-09-27T03:42:17,mobilenet_v3_small_batch5_node_0_exchange,0b03d49d-0903-43f4-8518-01d5f2b9c1af,5b0fa12a-3dd7-45bb-9766-cc326314d9f1,108.2463303480763,0.0018335319211726672,1.6938513437608204e-05,115.45893890675998,154.8399277955661,6.0,0.003371179495289699,0.00417800778684807,0.000168055187726859,0.007717242469864629,0.0,United Kingdom,GBR,england,,,Linux-6.4.0-150600.23.73_15.0.14-cray_shasta_c_64k-aarch64-with-glibc2.38,3.11.7,3.3.0,72,Neoverse-V2,1,1 x NVIDIA GH200 120GB,-2.5917,51.4535,64,machine,1.301904761904762,0.0,41.87047619047628,358.67837611607143,N,1.0,0.0
2026-09-27T03:42:31,mobilenet_v3_small_batch5_node_1_exchange,aad4a29c-d33f-4445-93a5-bfdfcde7f100,5b0fa12a-3dd7-45bb-9766-cc326314d9f1,3.1220672300551087,1.5472077963295224e-06,4.955715820066476e-07,116.94977781120001,133.83319827686375,6.0,2.4029198129280324e-06,4.01389212356662e-06,9.530687510656813e-08,6.512118811601221e-06,0.0,United Kingdom,GBR,england,,,Linux-6.4.0-150600.23.73_15.0.14-cray_shasta_c_64k-aarch64-with-glibc2.38,3.11.7,3.3.0,72,Neoverse-V2,1,1 x NVIDIA GH200 120GB,-2.5917,51.4535,64,machine,0,0,0,0,N,1.0,0.0
2026-09-27T03:42:42,mobilenet_v3_small_batch5_node_2_exchange,18ff6371-fff9-4e12-aa4f-7696a0527e09,5b0fa12a-3dd7-45bb-9766-cc326314d9f1,4.133836644003168,1.8656414344891855e-05,4.513099077573894e-06,116.21272161600001,202.78049752546661,6.0,3.4684305349980125e-05,4.374392389649984e-05,9.566851348305741e-08,7.852389775996303e-05,0.0,United Kingdom,GBR,england,,,Linux-6.4.0-150600.23.73_15.0.14-cray_shasta_c_64k-aarch64-with-glibc2.38,3.11.7,3.3.0,72,Neoverse-V2,1,1 x NVIDIA GH200 120GB,-2.5917,51.4535,64,machine,0.0,0.0,41.9,358.789306640625,N,1.0,0.0
2026-09-27T03:43:00,mobilenet_v3_small_batch5_node_3_exchange,f5a553cf-1304-42c4-8fda-4f2d702ae1d3,5b0fa12a-3dd7-45bb-9766-cc326314d9f1,12.130886457161978,0.00015490386050267223,1.2769376834058011e-05,116.39249874432002,198.8253835202503,6.0,0.000290626400475906,0.0003612564001116425,9.965862846001981e-08,0.0006519824592160085,0.0,United Kingdom,GBR,england,,,Linux-6.4.0-150600.23.73_15.0.14-cray_shasta_c_64k-aarch64-with-glibc2.38,3.11.7,3.3.0,72,Neoverse-V2,1,1 x NVIDIA GH200 120GB,-2.5917,51.4535,64,machine,0.0,0.0,41.9,358.80301242404516,N,1.0,0.0
2026-09-27T03:46:44,mobilenet_v3_small_batch5_node_4_exchange,13d0a629-5257-4a91-8471-7bed062793c4,5b0fa12a-3dd7-45bb-9766-cc326314d9f1,4.133464096812531,1.8610532072849077e-05,4.5024056425699585e-06,116.31613308480001,203.07485334180095,6.0,3.455288460525547e-05,4.3682257185651e-05,9.563982292699318e-08,7.833078161383346e-05,0.0,United Kingdom,GBR,england,,,Linux-6.4.0-150600.23.73_15.0.14-cray_shasta_c_64k-aarch64-with-glibc2.38,3.11.7,3.3.0,72,Neoverse-V2,1,1 x NVIDIA GH200 120GB,-2.5917,51.4535,64,machine,0.0,0.0,41.3,353.47857666015625,N,1.0,0.0
2026-09-27T03:46:53,mobilenet_v3_small_batch5_node_5_exchange,bae0daca-9488-42d4-b7fe-3a0a45103f04,5b0fa12a-3dd7-45bb-9766-cc326314d9f1,6.138864696957171,5.275347507002285e-05,8.593360120181665e-06,116.18859359520002,73.41642130152546,6.0,9.880720470718185e-05,0.00012312870960329292,1.0077539326933523e-07,0.0002220366897037441,0.0,United Kingdom,GBR,england,,,Linux-6.4.0-150600.23.73_15.0.14-cray_shasta_c_64k-aarch64-with-glibc2.38,3.11.7,3.3.0,72,Neoverse-V2,1,1 x NVIDIA GH200 120GB,-2.5917,51.4535,64,machine,0.0,0.0,41.3,353.4849853515625,N,1.0,0.0
2026-09-27T03:48:19,mobilenet_v3_small_batch5_node_0_evaluate,eecbb57e-0423-4cf6-9add-48e4227cca85,5b0fa12a-3dd7-45bb-9766-cc326314d9f1,16.286068432964385,0.00022976586662761022,1.4108123613342101e-05,116.78675952548573,143.7492337081281,6.0,0.0004289095384087197,0.0005279540334868216,1.020925819175318e-05,0.0009670728300872945,0.0,United Kingdom,GBR,england,,,Linux-6.4.0-150600.23.73_15.0.14-cray_shasta_c_64k-aarch64-with-glibc2.38,3.11.7,3.3.0,72,Neoverse-V2,1,1 x NVIDIA GH200 120GB,-2.5917,51.4535,64,machine,2.8615384615384616,0.23076923076923078,41.300000000000004,353.48933762770434,N,1.0,0.0
2026-09-27T03:48:42,mobilenet_v3_small_batch5_node_1_evaluate,7be5f86f-6422-48cf-9d03-4918eca307b1,5b0fa12a-3dd7-45bb-9766-cc326314d9f1,10.665703873848543,0.00013463394696950398,1.2623071909920141e-05,116.89539257828572,142.61521312376004,6.0,0.0002500083117084929,0.00030565330008869296,1.1005813754939784e-05,0.0005666674255521256,0.0,United Kingdom,GBR,england,,,Linux-6.4.0-150600.23.73_15.0.14-cray_shasta_c_64k-aarch64-with-glibc2.38,3.11.7,3.3.0,72,Neoverse-V2,1,1 x NVIDIA GH200 120GB,-2.5917,51.4535,64,machine,0.0,0.2857142857142857,41.300000000000004,353.5015781947545,N,1.0,0.0
2026-09-27T03:48:54,mobilenet_v3_small_batch5_node_2_evaluate,274658ff-3f49-4fa5-ad83-403b0e02873d,5b0fa12a-3dd7-45bb-9766-cc326314d9f1,9.415010425029323,0.00011234175884234737,1.1932196967482115e-05,116.50833229165715,72.0303672552642,6.0,0.00020825275624632364,0.00025400353653992624,1.0584448335381846e-05,0.00047284074112163176,0.0,United Kingdom,GBR,england,,,Linux-6.4.0-150600.23.73_15.0.14-cray_shasta_c_64k-aarch64-with-glibc2.38,3.11.7,3.3.0,72,Neoverse-V2,1,1 x NVIDIA GH200 120GB,-2.5917,51.4535,64,machine,0.0,0.5,41.300000000000004,353.48870849609375,N,1.0,0.0
2026-09-27T03:49:21,mobilenet_v3_small_batch5_node_3_evaluate,c2495ee6-0080-4ffa-997a-5e26fb60a465,5b0fa12a-3dd7-45bb-9766-cc326314d9f1,24.805365012027323,0.0003819714151396088,1.5398741963861573e-05,116.42736968742857,96.31208806381183,6.0,0.0007026211968550972,0.000869756251361764,3.5320783349452545e-05,0.0016076982315663135,0.0,United Kingdom,GBR,england,,,Linux-6.4.0-150600.23.73_15.0.14-cray_shasta_c_64k-aarch64-with-glibc2.38,3.11.7,3.3.0,72,Neoverse-V2,1,1 x NVIDIA GH200 120GB,-2.5917,51.4535,64,machine,1.5095238095238095,0.19047619047619047,41.29999999999999,353.4180879138765,N,1.0,0.0
2026-09-27T03:49:45,mobilenet_v3_small_batch5_node_4_evaluate,5a8bf486-28ac-485f-9ea4-a75e41f55f71,5b0fa12a-3dd7-45bb-9766-cc326314d9f1,16.427435053046793,0.00023294194346163403,1.4180055663554752e-05,116.90193464742859,144.37786591526134,6.0,0.00043423601334383077,0.0005356209840385873,1.0583778333772594e-05,0.0009804407757161907,0.0,United Kingdom,GBR,england,,,Linux-6.4.0-150600.23.73_15.0.14-cray_shasta_c_64k-aarch64-with-glibc2.38,3.11.7,3.3.0,72,Neoverse-V2,1,1 x NVIDIA GH200 120GB,-2.5917,51.4535,64,machine,0.0,0.15384615384615385,41.300000000000004,353.31542029747595,N,1.0,0.0
2026-09-27T03:50:11,mobilenet_v3_small_batch5_node_5_evaluate,f0e70a41-c975-45c4-8701-6f0f14faac17,5b0fa12a-3dd7-45bb-9766-cc326314d9f1,10.368858605856076,0.0001303314733461501,1.256951013610525e-05,116.98425241097145,150.3173619902268,6.0,0.00024047505634233914,0.00029759551584618293,1.0487961018613229e-05,0.0005485585332071353,0.0,United Kingdom,GBR,england,,,Linux-6.4.0-150600.23.73_15.0.14-cray_shasta_c_64k-aarch64-with-glibc2.38,3.11.7,3.3.0,72,Neoverse-V2,1,1 x NVIDIA GH200 120GB,-2.5917,51.4535,64,machine,0.0,0.42857142857142855,41.199999999999996,353.2465297154018,N,1.0,0.0
2026-09-27T03:50:30,efficientnet_lite0_batch5_node_0_local_train,5e2087c6-f205-451e-9be8-46f86c370b3e,5b0fa12a-3dd7-45bb-9766-cc326314d9f1,10.010407947003841,0.00012634490429720582,1.2621354191166746e-05,115.89952857120001,154.41256352963347,6.0,0.00022414929692097195,0.0003010702408516863,6.559729353369525e-06,0.0005317792671260278,0.0,United Kingdom,GBR,england,,,Linux-6.4.0-150600.23.73_15.0.14-cray_shasta_c_64k-aarch64-with-glibc2.38,3.11.7,3.3.0,72,Neoverse-V2,1,1 x NVIDIA GH200 120GB,-2.5917,51.4535,64,machine,0.0,5.666666666666667,41.4,354.5550944010417,N,1.0,0.0
2026-09-27T03:50:43,efficientnet_lite0_batch5_node_0_evaluate,41108e0b-74ba-48bc-a461-7778dbca7f1b,5b0fa12a-3dd7-45bb-9766-cc326314d9f1,10.07592249289155,0.00012559170463773104,1.2464536594672555e-05,116.88033690925715,144.88375376476716,6.0,0.00023043688326815958,0.0002881591194352495,1.0013085418225575e-05,0.0005286090881216346,0.0,United Kingdom,GBR,england,,,Linux-6.4.0-150600.23.73_15.0.14-cray_shasta_c_64k-aarch64-with-glibc2.38,3.11.7,3.3.0,72,Neoverse-V2,1,1 x NVIDIA GH200 120GB,-2.5917,51.4535,64,machine,0.0,2.2857142857142856,41.51428571428572,355.82986886160717,N,1.0,0.0
2026-09-27T03:51:00,efficientnet_lite0_batch5_node_1_local_train,06d4f797-2f20-481d-9784-c97a97bcc5ab,5b0fa12a-3dd7-45bb-9766-cc326314d9f1,12.433127084979787,0.00017668010467283872,1.4210431813753631e-05,116.17377557760003,159.8383844031243,6.0,0.0003047204713298328,0.00042497506221650383,1.394202826350617e-05,0.0007436375618098428,0.0,United Kingdom,GBR,england,,,Linux-6.4.0-150600.23.73_15.0.14-cray_shasta_c_64k-aarch64-with-glibc2.38,3.11.7,3.3.0,72,Neoverse-V2,1,1 x NVIDIA GH200 120GB,-2.5917,51.4535,64,machine,14.066666666666666,6.666666666666667,41.5,355.79356553819446,N,1.0,0.0
2026-09-27T03:51:23,efficientnet_lite0_batch5_node_1_evaluate,774f56d4-653b-4bac-8c99-d7bbc1b4913d,5b0fa12a-3dd7-45bb-9766-cc326314d9f1,15.879349268041551,0.00022605220118147897,1.423560861126891e-05,116.7103578816,147.7174651821092,6.0,0.000415599629962335,0.0005252418090861966,1.0600762322234611e-05,0.0009514422013707662,0.0,United Kingdom,GBR,england,,,Linux-6.4.0-150600.23.73_15.0.14-cray_shasta_c_64k-aarch64-with-glibc2.38,3.11.7,3.3.0,72,Neoverse-V2,1,1 x NVIDIA GH200 120GB,-2.5917,51.4535,64,machine,0.0,1.3333333333333333,41.5,355.8337656656901,N,1.0,0.0
2026-09-27T03:53:27,efficientnet_lite0_batch5_node_2_local_train,60ea4918-ce4c-4ba4-87ce-adcf41f334de,5b0fa12a-3dd7-45bb-9766-cc326314d9f1,8.456469082040712,0.00010185589830666674,1.2044731355191913e-05,115.82294711040001,81.76208849230377,6.0,0.00017495393645021838,0.0002447654735959759,8.986878151772544e-06,0.00042870628819796685,0.0,United Kingdom,GBR,england,,,Linux-6.4.0-150600.23.73_15.0.14-cray_shasta_c_64k-aarch64-with-glibc2.38,3.11.7,3.3.0,72,Neoverse-V2,1,1 x NVIDIA GH200 120GB,-2.5917,51.4535,64,machine,1.34,7.2,41.82,358.25059814453124,N,1.0,0.0
2026-09-27T03:53:40,efficientnet_lite0_batch5_node_2_evaluate,3f51d7c9-73e7-4af8-b2d1-efa2d8861ca8,5b0fa12a-3dd7-45bb-9766-cc326314d9f1,11.886490982025862,0.00015765190772517237,1.3263115915669768e-05,116.66774006948575,147.5374535610474,6.0,0.00028788845948136976,0.00036541557011560144,1.0244820413645357e-05,0.0006635488500106165,0.0,United Kingdom,GBR,england,,,Linux-6.4.0-150600.23.73_15.0.14-cray_shasta_c_64k-aarch64-with-glibc2.38,3.11.7,3.3.0,72,Neoverse-V2,1,1 x NVIDIA GH200 120GB,-2.5917,51.4535,64,machine,17.5,1.0,41.9,358.851318359375,N,1.0,0.0
2026-09-27T03:53:52,efficientnet_lite0_batch5_node_3_local_train,e18f9003-aae9-4447-b3ce-9ca026a6f544,5b0fa12a-3dd7-45bb-9766-cc326314d9f1,8.061779995914549,9.676457060120982e-05,1.2002879097450811e-05,123.73784281728001,157.9684179560815,6.0,0.0001791532797262137,0.00022147378828663022,6.650081186865767e-06,0.00040727714919970966,0.0,United Kingdom,GBR,england,,,Linux-6.4.0-150600.23.73_15.0.14-cray_shasta_c_64k-aarch64-with-glibc2.38,3.11.7,3.3.0,72,Neoverse-V2,1,1 x NVIDIA GH200 120GB,-2.5917,51.4535,64,machine,0.0,3.2,41.9,359.2536987304687,N,1.0,0.0
2026-09-27T03:54:03,efficientnet_lite0_batch5_node_3_evaluate,6664d208-d716-4886-9ce9-a22a5ce902ca,5b0fa12a-3dd7-45bb-9766-cc326314d9f1,9.2438198949676,0.00011178935319740796,1.2093415326954483e-05,116.6315664137143,203.63075900922712,6.0,0.0002029846610431306,0.0002573924281392692,1.0138604715078449e-05,0.0004705156938974783,0.0,United Kingdom,GBR,england,,,Linux-6.4.0-150600.23.73_15.0.14-cray_shasta_c_64k-aarch64-with-glibc2.38,3.11.7,3.3.0,72,Neoverse-V2,1,1 x NVIDIA GH200 120GB,-2.5917,51.4535,64,machine,0.0,1.6666666666666667,41.9,359.24658203125,N,1.0,0.0
2026-09-27T03:54:23,efficientnet_lite0_batch5_node_4_local_train,aa5f1142-0a84-4cdc-98aa-53abda224746,5b0fa12a-3dd7-45bb-9766-cc326314d9f1,9.220444951904938,0.00011629206128228799,1.2612413163234832e-05,117.06239310171429,81.4185461903292,6.0,0.00020072892356481407,0.00027847216722420853,1.026627210356916e-05,0.0004894673628925918,0.0,United Kingdom,GBR,england,,,Linux-6.4.0-150600.23.73_15.0.14-cray_shasta_c_64k-aarch64-with-glibc2.38,3.11.7,3.3.0,72,Neoverse-V2,1,1 x NVIDIA GH200 120GB,-2.5917,51.4535,64,machine,0.0,8.5,42.0,359.3380533854167,N,1.0,0.0
2026-09-27T03:54:40,efficientnet_lite0_batch5_node_4_evaluate,b889cd9b-146d-4cbd-a972-79914a1fc84e,5b0fa12a-3dd7-45bb-9766-cc326314d9f1,9.30087213893421,0.00011350416888134893,1.2203604907781842e-05,117.12927262628574,75.64179294259213,6.0,0.00020545075628025322,0.00026189020950084796,1.0392299990247314e-05,0.00047773326577134855,0.0,United Kingdom,GBR,england,,,Linux-6.4.0-150600.23.73_15.0.14-cray_shasta_c_64k-aarch64-with-glibc2.38,3.11.7,3.3.0,72,Neoverse-V2,1,1 x NVIDIA GH200 120GB,-2.5917,51.4535,64,machine,0.0,2.0,42.0,359.4880879720052,N,1.0,0.0
2026-09-27T03:54:53,efficientnet_lite0_batch5_node_5_local_train,12ee5f4e-2b6d-4d43-bcf2-74ee7868c8a1,5b0fa12a-3dd7-45bb-9766-cc326314d9f1,10.654670158168301,0.0001433699317032395,1.3456064765489368e-05,118.07051506560003,153.19211782704042,6.0,0.00025130325990161876,0.0003411588840407376,1.0974596408583844e-05,0.0006034367403509401,0.0,United Kingdom,GBR,england,,,Linux-6.4.0-150600.23.73_15.0.14-cray_shasta_c_64k-aarch64-with-glibc2.38,3.11.7,3.3.0,72,Neoverse-V2,1,1 x NVIDIA GH200 120GB,-2.5917,51.4535,64,machine,0.0,5.285714285714286,42.0,359.42279052734375,N,1.0,0.0
2026-09-27T03:58:01,efficientnet_lite0_batch5_node_5_evaluate,7c215af9-7c95-4266-b89a-f98038f798a6,5b0fa12a-3dd7-45bb-9766-cc326314d9f1,180.38493899302557,0.003098449825834564,1.7176876534877243e-05,115.91819524044,143.62414851085677,6.0,0.005710547065286899,0.007045220636172189,0.00028544980370556,0.01304121750516465,0.0,United Kingdom,GBR,england,,,Linux-6.4.0-150600.23.73_15.0.14-cray_shasta_c_64k-aarch64-with-glibc2.38,3.11.7,3.3.0,72,Neoverse-V2,1,1 x NVIDIA GH200 120GB,-2.5917,51.4535,64,machine,2.1638418079096042,0.062146892655367235,41.97175141242928,359.19315799346754,N,1.0,0.0
2026-09-27T03:58:12,efficientnet_lite0_batch5_node_0_upload,ad094f50-f6db-4edf-8cd8-ccb64944c350,5b0fa12a-3dd7-45bb-9766-cc326314d9f1,8.19662924297154,8.704441490623151e-05,1.0619537901006137e-05,115.22396805120003,142.018378037034,6.0,0.00016414910836606999,0.0002021990506335669,1.734995166771114e-08,0.0003663655089513046,0.0,United Kingdom,GBR,england,,,Linux-6.4.0-150600.23.73_15.0.14-cray_shasta_c_64k-aarch64-with-glibc2.38,3.11.7,3.3.0,72,Neoverse-V2,1,1 x NVIDIA GH200 120GB,-2.5917,51.4535,64,machine,0.0,0.0,41.9,358.46361083984374,N,1.0,0.0
2026-09-27T03:58:23,efficientnet_lite0_batch5_node_1_upload,80b3bfc2-0593-4e74-b811-3fbe0669353d,5b0fa12a-3dd7-45bb-9766-cc326314d9f1,5.093716661911458,3.5159087774743555e-05,6.902442775753025e-06,115.20035562240001,149.0183483363323,6.0,6.466913729376429e-05,8.330839999359796e-05,5.2724165531496205e-09,0.00014798280970391541,0.0,United Kingdom,GBR,england,,,Linux-6.4.0-150600.23.73_15.0.14-cray_shasta_c_64k-aarch64-with-glibc2.38,3.11.7,3.3.0,72,Neoverse-V2,1,1 x NVIDIA GH200 120GB,-2.5917,51.4535,64,machine,0.0,0.0,41.9,358.4732666015625,N,1.0,0.0
2026-09-27T03:58:41,efficientnet_lite0_batch5_node_2_upload,351a456b-1324-4550-9622-aab14875ddd0,5b0fa12a-3dd7-45bb-9766-cc326314d9f1,3.0906451970804483,1.2365013671359372e-07,4.0007871764251284e-08,115.20035562240001,0.0,6.0,5.148695210016903e-07,0.0,5.5676066161443794e-09,5.204371276178346e-07,0.0,United Kingdom,GBR,england,,,Linux-6.4.0-150600.23.73_15.0.14-cray_shasta_c_64k-aarch64-with-glibc2.38,3.11.7,3.3.0,72,Neoverse-V2,1,1 x NVIDIA GH200 120GB,-2.5917,51.4535,64,machine,0,0,0,0,N,1.0,0.0
2026-09-27T03:59:15,efficientnet_lite0_batch5_node_3_upload,b29badbc-b426-4178-baf6-a733579e2e7f,5b0fa12a-3dd7-45bb-9766-cc326314d9f1,14.075449564028531,0.0001872831661225552,1.3305661412135594e-05,115.2003556224,142.84826192323968,6.0,0.00035197391361702914,0.00043628590458411054,5.489210210119685e-09,0.0007882653074113499,0.0,United Kingdom,GBR,england,,,Linux-6.4.0-150600.23.73_15.0.14-cray_shasta_c_64k-aarch64-with-glibc2.38,3.11.7,3.3.0,72,Neoverse-V2,1,1 x NVIDIA GH200 120GB,-2.5917,51.4535,64,machine,1.6181818181818182,0.0,41.89999999999999,358.472412109375,N,1.0,0.0
2026-09-27T04:03:09,efficientnet_lite0_batch5_node_4_upload,c3713bf8-a2fa-41ee-9309-f0cae68b912c,5b0fa12a-3dd7-45bb-9766-cc326314d9f1,3.0906344479881227,1.1330713612659323e-07,3.6661448655097846e-08,115.20035562240001,0.0,6.0,4.7132638308493055e-07,0.0,5.577581857020657e-09,4.769039649419512e-07,0.0,United Kingdom,GBR,england,,,Linux-6.4.0-150600.23.73_15.0.14-cray_shasta_c_64k-aarch64-with-glibc2.38,3.11.7,3.3.0,72,Neoverse-V2,1,1 x NVIDIA GH200 120GB,-2.5917,51.4535,64,machine,0,0,0,0,N,1.0,0.0
2026-09-27T04:04:02,efficientnet_lite0_batch5_node_5_upload,040d15f8-cac0-4b14-8a14-af5c62779257,5b0fa12a-3dd7-45bb-9766-cc326314d9f1,9.675952427089214,0.00011241444067524834,1.1617919943521841e-05,115.20035562240001,142.64841119936472,6.0,0.00021144316418470808,0.0002616974315827747,6.05948696223398e-09,0.000473146655254445,0.0,United Kingdom,GBR,england,,,Linux-6.4.0-150600.23.73_15.0.14-cray_shasta_c_64k-aarch64-with-glibc2.38,3.11.7,3.3.0,72,Neoverse-V2,1,1 x NVIDIA GH200 120GB,-2.5917,51.4535,64,machine,0.0,0.0,42.0,359.3998209635417,N,1.0,0.0
2026-09-27T04:04:11,efficientnet_lite0_batch5_node_0_exchange,03a33adb-dcab-4472-9d7b-3a00d8fffb88,5b0fa12a-3dd7-45bb-9766-cc326314d9f1,4.175966043025255,1.896989548037323e-05,4.542636430690561e-06,116.53316720640001,140.20370957072623,6.0,3.598657216304696e-05,4.36800349348232e-05,1.7671679495833813e-07,7.98433238928285e-05,0.0,United Kingdom,GBR,england,,,Linux-6.4.0-150600.23.73_15.0.14-cray_shasta_c_64k-aarch64-with-glibc2.38,3.11.7,3.3.0,72,Neoverse-V2,1,1 x NVIDIA GH200 120GB,-2.5917,51.4535,64,machine,0.0,0.0,41.9,358.77508544921875,N,1.0,0.0
2026-09-27T04:04:16,efficientnet_lite0_batch5_node_1_exchange,66deb8b5-a745-42aa-a646-cf140e205443,5b0fa12a-3dd7-45bb-9766-cc326314d9f1,3.172761162975803,1.954590675964704e-06,6.160535179179546e-07,117.70239559680002,71.17180096078128,6.0,4.016228661220102e-06,4.0350032151081905e-06,1.755407266318798e-07,8.226772602960172e-06,0.0,United Kingdom,GBR,england,,,Linux-6.4.0-150600.23.73_15.0.14-cray_shasta_c_64k-aarch64-with-glibc2.38,3.11.7,3.3.0,72,Neoverse-V2,1,1 x NVIDIA GH200 120GB,-2.5917,51.4535,64,machine,0,0,0,0,N,1.0,0.0
2026-09-27T04:04:30,efficientnet_lite0_batch5_node_2_exchange,66d477e1-5b12-4709-bb10-fa15aa39635b,5b0fa12a-3dd7-45bb-9766-cc326314d9f1,9.174681175034493,0.00010516489003034371,1.1462511669235017e-05,117.5289365129143,143.26098195570364,6.0,0.00019627863356624394,0.0002461801969531052,1.748353083773206e-07,0.0004426336658277265,0.0,United Kingdom,GBR,england,,,Linux-6.4.0-150600.23.73_15.0.14-cray_shasta_c_64k-aarch64-with-glibc2.38,3.11.7,3.3.0,72,Neoverse-V2,1,1 x NVIDIA GH200 120GB,-2.5917,51.4535,64,machine,1.9666666666666668,0.0,41.9,358.7455342610677,N,1.0,0.0
2026-09-27T04:05:46,efficientnet_lite0_batch5_node_3_exchange,dade5efa-43e9-4ddc-a9eb-2302c20cb178,5b0fa12a-3dd7-45bb-9766-cc326314d9f1,5.719887983985245,4.483976661855662e-05,7.8392735564229e-06,116.9439064128,142.62851986666806,6.0,8.546911897612258e-05,0.00010307786024554844,1.8131467474934955e-07,0.0001887282938964204,0.0,United Kingdom,GBR,england,,,Linux-6.4.0-150600.23.73_15.0.14-cray_shasta_c_64k-aarch64-with-glibc2.38,3.11.7,3.3.0,72,Neoverse-V2,1,1 x NVIDIA GH200 120GB,-2.5917,51.4535,64,machine,0.0,0.0,41.8,358.2441101074219,N,1.0,0.0
2026-09-27T04:05:52,efficientnet_lite0_batch5_node_4_exchange,49bc7d48-8734-482f-92ce-409958b3e419,5b0fa12a-3dd7-45bb-9766-cc326314d9f1,3.1699049349408597,1.94254475091148e-06,6.128085197443695e-07,116.68450631040001,71.9677863274487,6.0,3.936411321323861e-06,4.065003253117538e-06,1.7465734349874158e-07,8.17607191794014e-06,0.0,United Kingdom,GBR,england,,,Linux-6.4.0-150600.23.73_15.0.14-cray_shasta_c_64k-aarch64-with-glibc2.38,3.11.7,3.3.0,72,Neoverse-V2,1,1 x NVIDIA GH200 120GB,-2.5917,51.4535,64,machine,0,0,0,0,N,1.0,0.0
2026-09-27T04:06:11,efficientnet_lite0_batch5_node_5_exchange,56786035-6414-4dec-bc24-6a5f47d29e3c,5b0fa12a-3dd7-45bb-9766-cc326314d9f1,9.631404219893739,0.00011232525173042693,1.1662396174632382e-05,117.4452620873143,141.76000250101168,6.0,0.00021070740329828824,0.0002618868761885551,1.7698404146358373e-07,0.000472771263528307,0.0,United Kingdom,GBR,england,,,Linux-6.4.0-150600.23.73_15.0.14-cray_shasta_c_64k-aarch64-with-glibc2.38,3.11.7,3.3.0,72,Neoverse-V2,1,1 x NVIDIA GH200 120GB,-2.5917,51.4535,64,machine,0.0,0.0,41.800000000000004,358.25218709309894,N,1.0,0.0
2026-09-27T04:06:32,efficientnet_lite0_batch5_node_0_evaluate,9716d60e-8f39-4848-a070-fbd59eda9be7,5b0fa12a-3dd7-45bb-9766-cc326314d9f1,10.189826153917238,0.00012871890793755847,1.2632100488591312e-05,116.8590301138286,146.41604774574836,6.0,0.00023413037527702572,0.0002974469046392869,1.019404761803647e-05,0.0005417713275343491,0.0,United Kingdom,GBR,england,,,Linux-6.4.0-150600.23.73_15.0.14-cray_shasta_c_64k-aarch64-with-glibc2.38,3.11.7,3.3.0,72,Neoverse-V2,1,1 x NVIDIA GH200 120GB,-2.5917,51.4535,64,machine,0.8428571428571429,1.7142857142857142,41.82857142857143,358.35011509486606,N,1.0,0.0
2026-09-27T04:06:49,efficientnet_lite0_batch5_node_1_evaluate,48b81479-c67f-4693-a4a8-f38b9f7d1caa,5b0fa12a-3dd7-45bb-9766-cc326314d9f1,9.559334719087929,0.0001174273521170691,1.2284050675889821e-05,116.55087108480001,74.9045256445087,6.0,0.00021319727521426586,0.0002702204939737385,1.0827975004989033e-05,0.0004942457441929934,0.0,United Kingdom,GBR,england,,,Linux-6.4.0-150600.23.73_15.0.14-cray_shasta_c_64k-aarch64-with-glibc2.38,3.11.7,3.3.0,72,Neoverse-V2,1,1 x NVIDIA GH200 120GB,-2.5917,51.4535,64,machine,0.0,2.3333333333333335,41.800000000000004,358.1964619954427,N,1.0,0.0
2026-09-27T04:07:08,efficientnet_lite0_batch5_node_2_evaluate,05bda597-d438-4b8d-b854-24fbd6900c04,5b0fa12a-3dd7-45bb-9766-cc326314d9f1,9.347338272957131,0.00011378530442249261,1.2173016649208674e-05,116.58313119085716,75.127720417103,6.0,0.00020635838741251225,0.000262087154112578,1.0471009419998154e-05,0.0004789165509450884,0.0,United Kingdom,GBR,england,,,Linux-6.4.0-150600.23.73_15.0.14-cray_shasta_c_64k-aarch64-with-glibc2.38,3.11.7,3.3.0,72,Neoverse-V2,1,1 x NVIDIA GH200 120GB,-2.5917,51.4535,64,machine,0.0,2.6666666666666665,41.800000000000004,358.2212829589844,N,1.0,0.0
2026-09-27T04:07:31,efficientnet_lite0_batch5_node_3_evaluate,958e5033-9851-4115-96ad-a4efb9766580,5b0fa12a-3dd7-45bb-9766-cc326314d9f1,10.171438873978332,0.00012754266223080382,1.2539293979055134e-05,116.76110053988572,145.9527010193669,6.0,0.00023311880301734661,0.0002935163459198975,1.018542032650051e-05,0.0005368205692637447,0.0,United Kingdom,GBR,england,,,Linux-6.4.0-150600.23.73_15.0.14-cray_shasta_c_64k-aarch64-with-glibc2.38,3.11.7,3.3.0,72,Neoverse-V2,1,1 x NVIDIA GH200 120GB,-2.5917,51.4535,64,machine,2.8428571428571425,2.2857142857142856,41.871428571428574,358.5894339425223,N,1.0,0.0
2026-09-27T04:07:57,efficientnet_lite0_batch5_node_4_evaluate,52fdbef0-e291-4924-95a7-4373f11bd8bc,5b0fa12a-3dd7-45bb-9766-cc326314d9f1,12.293481106171384,0.00016339742885467716,1.3291388130303539e-05,116.77341266948574,145.77674973210566,6.0,0.0003008086654321908,0.0003765703012419408,1.0352489136857911e-05,0.0006877314558109894,0.0,United Kingdom,GBR,england,,,Linux-6.4.0-150600.23.73_15.0.14-cray_shasta_c_64k-aarch64-with-glibc2.38,3.11.7,3.3.0,72,Neoverse-V2,1,1 x NVIDIA GH200 120GB,-2.5917,51.4535,64,machine,23.27777777777778,1.2222222222222223,41.800000000000004,358.24236382378473,N,1.0,0.0
